instance_id,repo_or_image,data_source,n_f2p,n_p2p,p_hat,difficulty_band,subset,has_gold_patch,has_buggy_files,prompt_len_chars,harness_kind,language
pdfminer__pdfminer.six.1a8bd2f7.combine_file__cgrkaq6d,swesmith/pdfminer__pdfminer.six.1a8bd2f7,t15_repo_patch,2,167,0.4,learnable,core,True,True,109842,swe_smith,en
jd__tenacity.0d40e76f.combine_file__h5lb5rzo,swesmith/jd__tenacity.0d40e76f,t15_repo_patch,19,104,0.75,learnable,core,True,True,159154,swe_smith,ko
Knio__dominate.9082227e.func_basic__rj7spm7s,swesmith/Knio__dominate.9082227e,t15_repo_patch,2,63,0.6,learnable,core,True,True,91442,swe_smith,en
luozhouyang__python-string-similarity.115acaac.func_pm_ctrl_shuffle__ni1hji13,swesmith/luozhouyang__python-string-similarity.115acaac,t15_repo_patch,1,17,0.75,learnable,core,True,True,78618,swe_smith,en
cantools__cantools.0c6a7871.combine_file__446ox3s6,swesmith/cantools__cantools.0c6a7871,t15_repo_patch,7,365,0.75,learnable,core,True,True,215081,swe_smith,ko
agronholm__typeguard.b6a7e438.combine_module__4fxfvib9,swesmith/agronholm__typeguard.b6a7e438,t15_repo_patch,8,448,0.4,learnable,core,True,True,285919,swe_smith,en
Knio__dominate.9082227e.combine_file__zliilddk,swesmith/Knio__dominate.9082227e,t15_repo_patch,7,58,0.4,learnable,core,True,True,91098,swe_smith,ko
Cog-Creators__Red-DiscordBot.33e0eac7.combine_module__1o97qyc1,swesmith/Cog-Creators__Red-DiscordBot.33e0eac7,t15_repo_patch,2,266,0.6,learnable,core,True,True,268324,swe_smith,ko
PyCQA__flake8.cf1542ce.func_basic__fmtax6ji,swesmith/PyCQA__flake8.cf1542ce,t15_repo_patch,1,418,0.75,learnable,core,True,True,248002,swe_smith,en
luozhouyang__python-string-similarity.115acaac.func_pm_class_rm_funcs__05aaiis6,swesmith/luozhouyang__python-string-similarity.115acaac,t15_repo_patch,1,17,0.4,learnable,core,True,True,77189,swe_smith,en
Knio__dominate.9082227e.lm_rewrite__i11w5427,swesmith/Knio__dominate.9082227e,t15_repo_patch,7,58,0.4,learnable,core,True,True,91176,swe_smith,ko
pdfminer__pdfminer.six.1a8bd2f7.func_basic__1922wei6,swesmith/pdfminer__pdfminer.six.1a8bd2f7,t15_repo_patch,13,156,0.6,learnable,core,True,True,443715,swe_smith,ko
bottlepy__bottle.a8dfef30.func_basic__4ns7r09f,swesmith/bottlepy__bottle.a8dfef30,t15_repo_patch,9,356,0.4,learnable,core,True,True,249165,swe_smith,en
PyCQA__flake8.cf1542ce.combine_module__r6vjxuov,swesmith/PyCQA__flake8.cf1542ce,t15_repo_patch,2,417,0.4,learnable,core,True,True,119868,swe_smith,ko
luozhouyang__python-string-similarity.115acaac.combine_file__7iakunhx,swesmith/luozhouyang__python-string-similarity.115acaac,t15_repo_patch,1,17,0.25,learnable,core,True,True,79250,swe_smith,en
pudo__dataset.5c2dc8d3.func_pm_ctrl_shuffle__gfu7q6ma,swesmith/pudo__dataset.5c2dc8d3,t15_repo_patch,1,58,0.4,learnable,core,True,True,79921,swe_smith,ko
pygments__pygments.27649ebb.combine_file__0bvd1xox,swesmith/pygments__pygments.27649ebb,t15_repo_patch,9,5051,0.4,learnable,core,True,True,232626,swe_smith,en
pdfminer__pdfminer.six.1a8bd2f7.combine_file__rlllt3i9,swesmith/pdfminer__pdfminer.six.1a8bd2f7,t15_repo_patch,60,109,0.25,learnable,core,True,True,431826,swe_smith,en
joke2k__faker.8b401a7d.func_pm_ctrl_shuffle__nreuzr4i,swesmith/joke2k__faker.8b401a7d,t15_repo_patch,3,2100,0.6,learnable,core,True,True,89572,swe_smith,en
PyCQA__flake8.cf1542ce.combine_file__cs06l9g7,swesmith/PyCQA__flake8.cf1542ce,t15_repo_patch,3,416,0.75,learnable,core,True,True,323080,swe_smith,ko
mahmoud__boltons.3bfcfdd0.func_basic__pjctmraz,swesmith/mahmoud__boltons.3bfcfdd0,t15_repo_patch,2,410,0.25,learnable,core,True,True,467166,swe_smith,en
pyupio__safety.7654596b.combine_file__2gn66224,swesmith/pyupio__safety.7654596b,t15_repo_patch,23,95,0.4,learnable,core,True,True,125188,swe_smith,en
agronholm__exceptiongroup.0b4f4937.combine_file__e14uhohy,swesmith/agronholm__exceptiongroup.0b4f4937,t15_repo_patch,28,61,0.25,learnable,core,True,True,110456,swe_smith,en
luozhouyang__python-string-similarity.115acaac.func_pm_class_rm_funcs__81k3t0m0,swesmith/luozhouyang__python-string-similarity.115acaac,t15_repo_patch,1,17,0.6,learnable,core,True,True,77693,swe_smith,ko
agronholm__typeguard.b6a7e438.combine_module__4gos0hbz,swesmith/agronholm__typeguard.b6a7e438,t15_repo_patch,130,234,0.25,learnable,core,True,True,136637,swe_smith,en
cknd__stackprinter.219fcc52.func_basic__2zzkhjzo,swesmith/cknd__stackprinter.219fcc52,t15_repo_patch,1,6,0.6,learnable,core,True,True,91506,swe_smith,en
pyupio__safety.7654596b.combine_file__ufd9gojl,swesmith/pyupio__safety.7654596b,t15_repo_patch,1,117,0.75,learnable,core,True,True,549675,swe_smith,en
Cog-Creators__Red-DiscordBot.33e0eac7.combine_module__4tphefy7,swesmith/Cog-Creators__Red-DiscordBot.33e0eac7,t15_repo_patch,5,263,0.6,learnable,core,True,True,532441,swe_smith,ko
jd__tenacity.0d40e76f.combine_file__8pa1fxvj,swesmith/jd__tenacity.0d40e76f,t15_repo_patch,9,114,0.6,learnable,core,True,True,159699,swe_smith,ko
agronholm__exceptiongroup.0b4f4937.combine_module__kxbg804z,swesmith/agronholm__exceptiongroup.0b4f4937,t15_repo_patch,32,57,0.25,learnable,core,True,True,109061,swe_smith,en
agronholm__exceptiongroup.0b4f4937.combine_module__qehwklvp,swesmith/agronholm__exceptiongroup.0b4f4937,t15_repo_patch,23,66,0.25,learnable,core,True,True,110192,swe_smith,en
agronholm__typeguard.b6a7e438.combine_file__o3wq34zr,swesmith/agronholm__typeguard.b6a7e438,t15_repo_patch,52,404,0.4,learnable,core,True,True,124069,swe_smith,en
pdfminer__pdfminer.six.1a8bd2f7.combine_file__g2xn154m,swesmith/pdfminer__pdfminer.six.1a8bd2f7,t15_repo_patch,58,111,0.75,learnable,core,True,True,98463,swe_smith,ko
PyCQA__flake8.cf1542ce.combine_file__gmmz46mc,swesmith/PyCQA__flake8.cf1542ce,t15_repo_patch,24,395,0.4,learnable,core,True,True,323384,swe_smith,ko
luozhouyang__python-string-similarity.115acaac.func_basic__ujspq4ne,swesmith/luozhouyang__python-string-similarity.115acaac,t15_repo_patch,1,17,0.4,learnable,core,True,True,78416,swe_smith,ko
bottlepy__bottle.a8dfef30.func_basic__3giqa6tg,swesmith/bottlepy__bottle.a8dfef30,t15_repo_patch,2,363,0.6,learnable,core,True,True,361568,swe_smith,en
pygments__pygments.27649ebb.combine_file__40k5bixh,swesmith/pygments__pygments.27649ebb,t15_repo_patch,12,5048,0.25,learnable,core,True,True,446600,swe_smith,ko
jd__tenacity.0d40e76f.combine_file__y0lnsv2r,swesmith/jd__tenacity.0d40e76f,t15_repo_patch,56,67,0.75,learnable,core,True,True,159156,swe_smith,en
Cog-Creators__Red-DiscordBot.33e0eac7.combine_module__hrxknpoa,swesmith/Cog-Creators__Red-DiscordBot.33e0eac7,t15_repo_patch,2,266,0.4,learnable,core,True,True,556504,swe_smith,en
bottlepy__bottle.a8dfef30.func_basic__0yaqi7l2,swesmith/bottlepy__bottle.a8dfef30,t15_repo_patch,13,352,0.6,learnable,core,True,True,252254,swe_smith,ko
joke2k__faker.8b401a7d.combine_module__tsjlsxv2,swesmith/joke2k__faker.8b401a7d,t15_repo_patch,20,2083,0.4,learnable,core,True,True,87022,swe_smith,ko
joke2k__faker.8b401a7d.combine_module__l4ifkoed,swesmith/joke2k__faker.8b401a7d,t15_repo_patch,5,2098,0.6,learnable,core,True,True,167336,swe_smith,en
pudo__dataset.5c2dc8d3.func_pm_op_change__fq79104s,swesmith/pudo__dataset.5c2dc8d3,t15_repo_patch,2,57,0.75,learnable,core,True,True,80467,swe_smith,en
bottlepy__bottle.a8dfef30.func_basic__0wprhjy0,swesmith/bottlepy__bottle.a8dfef30,t15_repo_patch,2,363,0.75,learnable,core,True,True,247916,swe_smith,en
agronholm__typeguard.b6a7e438.combine_file__5py5l9eu,swesmith/agronholm__typeguard.b6a7e438,t15_repo_patch,1,455,0.6,learnable,core,True,True,126783,swe_smith,ko
pyupio__safety.7654596b.combine_file__e5r40nb1,swesmith/pyupio__safety.7654596b,t15_repo_patch,26,92,0.4,learnable,core,True,True,265705,swe_smith,ko
Knio__dominate.9082227e.func_basic__vk3b9n0c,swesmith/Knio__dominate.9082227e,t15_repo_patch,1,64,0.75,learnable,core,True,True,91559,swe_smith,en
cknd__stackprinter.219fcc52.combine_file__tla0a4bg,swesmith/cknd__stackprinter.219fcc52,t15_repo_patch,2,5,0.4,learnable,core,True,True,90561,swe_smith,ko
pyupio__safety.7654596b.combine_module__7gp14oar,swesmith/pyupio__safety.7654596b,t15_repo_patch,2,116,0.25,learnable,core,True,True,130711,swe_smith,en
Knio__dominate.9082227e.func_basic__o8ou3kcn,swesmith/Knio__dominate.9082227e,t15_repo_patch,1,64,0.75,learnable,core,True,True,91186,swe_smith,ko
mahmoud__boltons.3bfcfdd0.combine_file__zbreonqj,swesmith/mahmoud__boltons.3bfcfdd0,t15_repo_patch,3,409,0.6,learnable,core,True,True,465386,swe_smith,en
jd__tenacity.0d40e76f.combine_file__ktykmrgz,swesmith/jd__tenacity.0d40e76f,t15_repo_patch,5,118,0.6,learnable,core,True,True,99636,swe_smith,en
pyupio__safety.7654596b.combine_file__ve70248y,swesmith/pyupio__safety.7654596b,t15_repo_patch,13,105,0.4,learnable,core,True,True,272341,swe_smith,en
cantools__cantools.0c6a7871.combine_file__1n52hkra,swesmith/cantools__cantools.0c6a7871,t15_repo_patch,2,370,0.75,learnable,core,True,True,254588,swe_smith,en
cknd__stackprinter.219fcc52.func_basic__3j9zhzsn,swesmith/cknd__stackprinter.219fcc52,t15_repo_patch,1,6,0.75,learnable,core,True,True,91920,swe_smith,en
jaraco__inflect.c079a96a.func_basic__cey00xv0,swesmith/jaraco__inflect.c079a96a,t15_repo_patch,8,142,0.25,learnable,core,True,True,187376,swe_smith,en
luozhouyang__python-string-similarity.115acaac.func_basic__rkija2xk,swesmith/luozhouyang__python-string-similarity.115acaac,t15_repo_patch,1,17,0.4,learnable,core,True,True,78383,swe_smith,ko
pyupio__safety.7654596b.combine_file__sbf8hcsg,swesmith/pyupio__safety.7654596b,t15_repo_patch,13,105,0.25,learnable,core,True,True,130164,swe_smith,en
PyCQA__flake8.cf1542ce.combine_file__4w2x9qv4,swesmith/PyCQA__flake8.cf1542ce,t15_repo_patch,46,366,0.4,learnable,core,True,True,321954,swe_smith,en
jaraco__inflect.c079a96a.func_basic__dbo4i67m,swesmith/jaraco__inflect.c079a96a,t15_repo_patch,7,143,0.75,learnable,core,True,True,187754,swe_smith,en
oauthlib__oauthlib.1fd52536.combine_file__5u9sk9ee,swesmith/oauthlib__oauthlib.1fd52536,t15_repo_patch,5,668,0.4,learnable,core,True,True,129095,swe_smith,en
pdfminer__pdfminer.six.1a8bd2f7.combine_file__s1ljna0u,swesmith/pdfminer__pdfminer.six.1a8bd2f7,t15_repo_patch,53,116,0.4,learnable,core,True,True,116183,swe_smith,en
cantools__cantools.0c6a7871.combine_file__38ex0or2,swesmith/cantools__cantools.0c6a7871,t15_repo_patch,2,370,0.6,learnable,core,True,True,132457,swe_smith,ko
bottlepy__bottle.a8dfef30.func_basic__3o4hv5ws,swesmith/bottlepy__bottle.a8dfef30,t15_repo_patch,1,364,0.75,learnable,core,True,True,251936,swe_smith,ko
Suor__funcy.207a7810.combine_file__kf50a2ph,swesmith/Suor__funcy.207a7810,t15_repo_patch,2,201,0.6,learnable,core,True,True,136484,swe_smith,ko
pygments__pygments.27649ebb.combine_file__1uoyde1x,swesmith/pygments__pygments.27649ebb,t15_repo_patch,9,5051,0.4,learnable,core,True,True,229736,swe_smith,ko
pyupio__safety.7654596b.combine_module__9rn6emo5,swesmith/pyupio__safety.7654596b,t15_repo_patch,2,116,0.4,learnable,core,True,True,549251,swe_smith,en
cknd__stackprinter.219fcc52.combine_file__wvbrr8iz,swesmith/cknd__stackprinter.219fcc52,t15_repo_patch,2,4,0.4,learnable,core,True,True,90728,swe_smith,ko
Suor__funcy.207a7810.combine_file__b3usvi20,swesmith/Suor__funcy.207a7810,t15_repo_patch,2,201,0.6,learnable,core,True,True,100864,swe_smith,en
cknd__stackprinter.219fcc52.combine_file__tn5q5tqx,swesmith/cknd__stackprinter.219fcc52,t15_repo_patch,2,5,0.25,learnable,core,True,True,90461,swe_smith,ko
agronholm__exceptiongroup.0b4f4937.combine_file__t8u2uac6,swesmith/agronholm__exceptiongroup.0b4f4937,t15_repo_patch,10,79,0.4,learnable,core,True,True,112110,swe_smith,en
pyupio__safety.7654596b.combine_file__rof0dnio,swesmith/pyupio__safety.7654596b,t15_repo_patch,8,110,0.4,learnable,core,True,True,548399,swe_smith,ko
mahmoud__boltons.3bfcfdd0.func_basic__cgc05xp5,swesmith/mahmoud__boltons.3bfcfdd0,t15_repo_patch,1,411,0.75,learnable,core,True,True,484285,swe_smith,en
Cog-Creators__Red-DiscordBot.33e0eac7.combine_file__eq2t7cw0,swesmith/Cog-Creators__Red-DiscordBot.33e0eac7,t15_repo_patch,4,262,0.6,learnable,core,True,True,562282,swe_smith,en
joke2k__faker.8b401a7d.combine_module__dk371i7h,swesmith/joke2k__faker.8b401a7d,t15_repo_patch,5,2098,0.4,learnable,core,True,True,202918,swe_smith,ko
mahmoud__boltons.3bfcfdd0.combine_file__ol79yd75,swesmith/mahmoud__boltons.3bfcfdd0,t15_repo_patch,2,410,0.4,learnable,core,True,True,106996,swe_smith,en
Suor__funcy.207a7810.combine_file__5pn9f8oq,swesmith/Suor__funcy.207a7810,t15_repo_patch,4,199,0.4,learnable,core,True,True,138791,swe_smith,en
Suor__funcy.207a7810.combine_file__kgrqkjkr,swesmith/Suor__funcy.207a7810,t15_repo_patch,15,188,0.4,learnable,core,True,True,136477,swe_smith,ko
oauthlib__oauthlib.1fd52536.combine_file__39khb9no,swesmith/oauthlib__oauthlib.1fd52536,t15_repo_patch,1,672,0.6,learnable,core,True,True,132241,swe_smith,en
Cog-Creators__Red-DiscordBot.33e0eac7.combine_module__1qhrm4tp,swesmith/Cog-Creators__Red-DiscordBot.33e0eac7,t15_repo_patch,3,265,0.6,learnable,core,True,True,544686,swe_smith,ko
cknd__stackprinter.219fcc52.combine_file__rmvmrjvl,swesmith/cknd__stackprinter.219fcc52,t15_repo_patch,1,6,0.4,learnable,core,True,True,92229,swe_smith,en
agronholm__typeguard.b6a7e438.combine_file__l6xpw0sc,swesmith/agronholm__typeguard.b6a7e438,t15_repo_patch,50,406,0.4,learnable,core,True,True,124092,swe_smith,en
bottlepy__bottle.a8dfef30.func_basic__6b8t5a7k,swesmith/bottlepy__bottle.a8dfef30,t15_repo_patch,8,357,0.75,learnable,core,True,True,361329,swe_smith,ko
jaraco__inflect.c079a96a.func_basic__e6bhg47n,swesmith/jaraco__inflect.c079a96a,t15_repo_patch,8,142,0.4,learnable,core,True,True,187203,swe_smith,en
joke2k__faker.8b401a7d.combine_file__30sjljt6,swesmith/joke2k__faker.8b401a7d,t15_repo_patch,3,2100,0.4,learnable,core,True,True,306545,swe_smith,ko
jaraco__inflect.c079a96a.func_basic__eyxpbrah,swesmith/jaraco__inflect.c079a96a,t15_repo_patch,7,143,0.6,learnable,core,True,True,187119,swe_smith,en
PyCQA__flake8.cf1542ce.combine_file__v8lc596p,swesmith/PyCQA__flake8.cf1542ce,t15_repo_patch,5,414,0.4,learnable,core,True,True,117237,swe_smith,en
Cog-Creators__Red-DiscordBot.33e0eac7.combine_module__k8yyxz57,swesmith/Cog-Creators__Red-DiscordBot.33e0eac7,t15_repo_patch,5,263,0.6,learnable,core,True,True,550264,swe_smith,ko
pdfminer__pdfminer.six.1a8bd2f7.func_basic__1ageli1n,swesmith/pdfminer__pdfminer.six.1a8bd2f7,t15_repo_patch,2,167,0.4,learnable,core,True,True,114812,swe_smith,en
pygments__pygments.27649ebb.combine_file__1av74s7e,swesmith/pygments__pygments.27649ebb,t15_repo_patch,29,5031,0.25,learnable,core,True,True,447987,swe_smith,en
cantools__cantools.0c6a7871.combine_file__2brlcts5,swesmith/cantools__cantools.0c6a7871,t15_repo_patch,7,365,0.6,learnable,core,True,True,113659,swe_smith,en
luozhouyang__python-string-similarity.115acaac.func_basic__1ouyfaee,swesmith/luozhouyang__python-string-similarity.115acaac,t15_repo_patch,2,16,0.6,learnable,core,True,True,78741,swe_smith,en
pyupio__safety.7654596b.combine_module__6gxvy2xw,swesmith/pyupio__safety.7654596b,t15_repo_patch,1,117,0.6,learnable,core,True,True,270828,swe_smith,ko
cknd__stackprinter.219fcc52.combine_file__eusfx4hz,swesmith/cknd__stackprinter.219fcc52,t15_repo_patch,1,6,0.6,learnable,core,True,True,91525,swe_smith,en
pyupio__safety.7654596b.combine_module__5bh42ayv,swesmith/pyupio__safety.7654596b,t15_repo_patch,4,114,0.4,learnable,core,True,True,550154,swe_smith,ko
jaraco__inflect.c079a96a.func_basic__5cucjnbf,swesmith/jaraco__inflect.c079a96a,t15_repo_patch,1,149,0.75,learnable,core,True,True,187132,swe_smith,en
pdfminer__pdfminer.six.1a8bd2f7.func_basic__06convwo,swesmith/pdfminer__pdfminer.six.1a8bd2f7,t15_repo_patch,1,168,0.6,learnable,core,True,True,156750,swe_smith,en
Knio__dominate.9082227e.combine_file__goh3sa64,swesmith/Knio__dominate.9082227e,t15_repo_patch,5,60,0.6,learnable,core,True,True,91770,swe_smith,ko
jaraco__inflect.c079a96a.func_basic__f3ammn7c,swesmith/jaraco__inflect.c079a96a,t15_repo_patch,13,137,0.75,learnable,core,True,True,187133,swe_smith,en
Knio__dominate.9082227e.func_pm_ctrl_shuffle__p7q9mdxe,swesmith/Knio__dominate.9082227e,t15_repo_patch,1,64,0.75,learnable,core,True,True,91893,swe_smith,ko
cantools__cantools.0c6a7871.combine_file__1n4yyvlw,swesmith/cantools__cantools.0c6a7871,t15_repo_patch,4,368,0.75,learnable,core,True,True,106271,swe_smith,en
luozhouyang__python-string-similarity.115acaac.func_pm_class_rm_base__9yoz5qo5,swesmith/luozhouyang__python-string-similarity.115acaac,t15_repo_patch,1,17,0.75,learnable,core,True,True,78505,swe_smith,en
PyCQA__flake8.cf1542ce.combine_file__ddyvctvg,swesmith/PyCQA__flake8.cf1542ce,t15_repo_patch,3,416,0.6,learnable,core,True,True,120015,swe_smith,ko
agronholm__typeguard.b6a7e438.combine_file__z8bzaj2a,swesmith/agronholm__typeguard.b6a7e438,t15_repo_patch,122,334,0.25,learnable,core,True,True,284172,swe_smith,ko
oauthlib__oauthlib.1fd52536.combine_file__519420f6,swesmith/oauthlib__oauthlib.1fd52536,t15_repo_patch,71,602,0.4,learnable,core,True,True,528496,swe_smith,en
agronholm__exceptiongroup.0b4f4937.combine_module__3hhws1dx,swesmith/agronholm__exceptiongroup.0b4f4937,t15_repo_patch,28,61,0.4,learnable,core,True,True,110256,swe_smith,ko
Knio__dominate.9082227e.func_basic__n967oo4y,swesmith/Knio__dominate.9082227e,t15_repo_patch,4,61,0.75,learnable,core,True,True,91045,swe_smith,ko
agronholm__typeguard.b6a7e438.combine_module__1knoriqb,swesmith/agronholm__typeguard.b6a7e438,t15_repo_patch,109,301,0.25,learnable,core,True,True,285645,swe_smith,ko
pygments__pygments.27649ebb.combine_file__2u34qh2v,swesmith/pygments__pygments.27649ebb,t15_repo_patch,208,4852,0.6,learnable,core,True,True,242676,swe_smith,en
pyupio__safety.7654596b.combine_file__m92kensw,swesmith/pyupio__safety.7654596b,t15_repo_patch,4,114,0.4,learnable,core,True,True,267246,swe_smith,en
mahmoud__boltons.3bfcfdd0.combine_file__ihyco1e8,swesmith/mahmoud__boltons.3bfcfdd0,t15_repo_patch,2,410,0.6,learnable,core,True,True,475488,swe_smith,ko
jd__tenacity.0d40e76f.combine_file__hmo3b7hp,swesmith/jd__tenacity.0d40e76f,t15_repo_patch,26,97,0.4,learnable,core,True,True,122292,swe_smith,en
pygments__pygments.27649ebb.combine_file__3zhkehcy,swesmith/pygments__pygments.27649ebb,t15_repo_patch,11,5049,0.4,learnable,core,True,True,224147,swe_smith,en
jaraco__inflect.c079a96a.func_basic__5pzge45q,swesmith/jaraco__inflect.c079a96a,t15_repo_patch,6,144,0.6,learnable,core,True,True,186782,swe_smith,en
mahmoud__boltons.3bfcfdd0.func_basic__5vq1fa1x,swesmith/mahmoud__boltons.3bfcfdd0,t15_repo_patch,4,408,0.75,learnable,core,True,True,105080,swe_smith,ko
agronholm__exceptiongroup.0b4f4937.combine_file__74zzufuj,swesmith/agronholm__exceptiongroup.0b4f4937,t15_repo_patch,38,51,0.75,learnable,core,True,True,110445,swe_smith,ko
oauthlib__oauthlib.1fd52536.combine_file__0qgnxkrq,swesmith/oauthlib__oauthlib.1fd52536,t15_repo_patch,13,660,0.6,learnable,core,True,True,528955,swe_smith,en
cantools__cantools.0c6a7871.combine_file__07mxw5uc,swesmith/cantools__cantools.0c6a7871,t15_repo_patch,8,364,0.25,learnable,core,True,True,501007,swe_smith,ko
agronholm__exceptiongroup.0b4f4937.combine_file__m8abag3k,swesmith/agronholm__exceptiongroup.0b4f4937,t15_repo_patch,33,56,0.6,learnable,core,True,True,110675,swe_smith,en
oauthlib__oauthlib.1fd52536.combine_file__0mvyid7d,swesmith/oauthlib__oauthlib.1fd52536,t15_repo_patch,13,660,0.6,learnable,core,True,True,128287,swe_smith,ko
pyupio__safety.7654596b.combine_file__mwteckxl,swesmith/pyupio__safety.7654596b,t15_repo_patch,1,117,0.75,learnable,core,True,True,548753,swe_smith,en
bottlepy__bottle.a8dfef30.func_basic__35d6hr69,swesmith/bottlepy__bottle.a8dfef30,t15_repo_patch,61,304,0.6,learnable,core,True,True,361544,swe_smith,en
cantools__cantools.0c6a7871.combine_file__2yrjny26,swesmith/cantools__cantools.0c6a7871,t15_repo_patch,4,368,0.6,learnable,core,True,True,411768,swe_smith,ko
Knio__dominate.9082227e.pr_166,swesmith/Knio__dominate.9082227e,t15_repo_patch,1,64,0.75,learnable,core,True,True,91844,swe_smith,en
agronholm__typeguard.b6a7e438.combine_module__1qs2br8y,swesmith/agronholm__typeguard.b6a7e438,t15_repo_patch,190,220,0.25,learnable,core,True,True,122734,swe_smith,ko
luozhouyang__python-string-similarity.115acaac.combine_file__d9cyukdt,swesmith/luozhouyang__python-string-similarity.115acaac,t15_repo_patch,2,16,0.4,learnable,core,True,True,79083,swe_smith,en
bottlepy__bottle.a8dfef30.func_basic__5jjbzd7u,swesmith/bottlepy__bottle.a8dfef30,t15_repo_patch,1,364,0.75,learnable,core,True,True,361436,swe_smith,en
jd__tenacity.0d40e76f.combine_file__l80x0v9y,swesmith/jd__tenacity.0d40e76f,t15_repo_patch,95,28,0.75,learnable,core,True,True,158387,swe_smith,en
pdfminer__pdfminer.six.1a8bd2f7.combine_file__k4rf315w,swesmith/pdfminer__pdfminer.six.1a8bd2f7,t15_repo_patch,35,134,0.25,learnable,core,True,True,106125,swe_smith,en
pdfminer__pdfminer.six.1a8bd2f7.combine_file__4bmgk2fe,swesmith/pdfminer__pdfminer.six.1a8bd2f7,t15_repo_patch,35,134,0.4,learnable,core,True,True,113687,swe_smith,ko
agronholm__typeguard.b6a7e438.combine_file__klhoyyyb,swesmith/agronholm__typeguard.b6a7e438,t15_repo_patch,4,452,0.6,learnable,core,True,True,286376,swe_smith,en
jd__tenacity.0d40e76f.combine_module__nakua4hv,swesmith/jd__tenacity.0d40e76f,t15_repo_patch,15,108,0.4,learnable,core,True,True,98615,swe_smith,ko
luozhouyang__python-string-similarity.115acaac.combine_file__jzax0e58,swesmith/luozhouyang__python-string-similarity.115acaac,t15_repo_patch,6,12,0.4,learnable,core,True,True,79389,swe_smith,ko
agronholm__typeguard.b6a7e438.combine_file__vt93kwbv,swesmith/agronholm__typeguard.b6a7e438,t15_repo_patch,1,455,0.6,learnable,core,True,True,285675,swe_smith,ko
bottlepy__bottle.a8dfef30.func_basic__5wlfrp85,swesmith/bottlepy__bottle.a8dfef30,t15_repo_patch,18,347,0.6,learnable,core,True,True,247784,swe_smith,en
oauthlib__oauthlib.1fd52536.combine_file__1utlssis,swesmith/oauthlib__oauthlib.1fd52536,t15_repo_patch,1,672,0.4,learnable,core,True,True,261229,swe_smith,ko
pudo__dataset.5c2dc8d3.func_pm_remove_assign__wisytcfw,swesmith/pudo__dataset.5c2dc8d3,t15_repo_patch,2,57,0.75,learnable,core,True,True,79878,swe_smith,ko
pyupio__safety.7654596b.combine_file__ar1yz5p5,swesmith/pyupio__safety.7654596b,t15_repo_patch,1,117,0.4,learnable,core,True,True,134309,swe_smith,en
mahmoud__boltons.3bfcfdd0.combine_file__ozufqtez,swesmith/mahmoud__boltons.3bfcfdd0,t15_repo_patch,2,410,0.4,learnable,core,True,True,227912,swe_smith,en
bottlepy__bottle.a8dfef30.func_basic__1dt250gk,swesmith/bottlepy__bottle.a8dfef30,t15_repo_patch,2,363,0.75,learnable,core,True,True,248824,swe_smith,ko
cknd__stackprinter.219fcc52.combine_file__762052u8,swesmith/cknd__stackprinter.219fcc52,t15_repo_patch,2,5,0.6,learnable,core,True,True,91549,swe_smith,en
jd__tenacity.0d40e76f.combine_file__s88gei6c,swesmith/jd__tenacity.0d40e76f,t15_repo_patch,14,109,0.6,learnable,core,True,True,159193,swe_smith,en
pudo__dataset.5c2dc8d3.combine_file__4oc6t9ws,swesmith/pudo__dataset.5c2dc8d3,t15_repo_patch,5,54,0.75,learnable,core,True,True,80841,swe_smith,en
PyCQA__flake8.cf1542ce.func_basic__4p568z8i,swesmith/PyCQA__flake8.cf1542ce,t15_repo_patch,4,415,0.75,learnable,core,True,True,119788,swe_smith,en
cantools__cantools.0c6a7871.combine_file__2x8k5l18,swesmith/cantools__cantools.0c6a7871,t15_repo_patch,23,349,0.4,learnable,core,True,True,221729,swe_smith,en
pudo__dataset.5c2dc8d3.combine_file__2krxnkkn,swesmith/pudo__dataset.5c2dc8d3,t15_repo_patch,30,28,0.4,learnable,core,True,True,80021,swe_smith,ko
Knio__dominate.9082227e.combine_file__d7fon4r9,swesmith/Knio__dominate.9082227e,t15_repo_patch,7,58,0.4,learnable,core,True,True,91636,swe_smith,ko
pudo__dataset.5c2dc8d3.func_pm_op_change_const__06dgb4ak,swesmith/pudo__dataset.5c2dc8d3,t15_repo_patch,2,57,0.75,learnable,core,True,True,80606,swe_smith,en
pdfminer__pdfminer.six.1a8bd2f7.combine_file__n3q10r4i,swesmith/pdfminer__pdfminer.six.1a8bd2f7,t15_repo_patch,6,163,0.25,learnable,core,True,True,115913,swe_smith,ko
Suor__funcy.207a7810.combine_file__n10h9w68,swesmith/Suor__funcy.207a7810,t15_repo_patch,8,195,0.6,learnable,core,True,True,101812,swe_smith,ko
mahmoud__boltons.3bfcfdd0.func_basic__4qcfel1l,swesmith/mahmoud__boltons.3bfcfdd0,t15_repo_patch,5,407,0.75,learnable,core,True,True,470376,swe_smith,ko
oauthlib__oauthlib.1fd52536.combine_file__868k2n2u,swesmith/oauthlib__oauthlib.1fd52536,t15_repo_patch,6,667,0.25,learnable,core,True,True,272720,swe_smith,ko
joke2k__faker.8b401a7d.combine_module__1y51jvcq,swesmith/joke2k__faker.8b401a7d,t15_repo_patch,4,2099,0.4,learnable,core,True,True,291875,swe_smith,en
jd__tenacity.0d40e76f.combine_file__nz9s0cog,swesmith/jd__tenacity.0d40e76f,t15_repo_patch,56,67,0.4,learnable,core,True,True,121884,swe_smith,ko
Knio__dominate.9082227e.combine_file__kbi8bkks,swesmith/Knio__dominate.9082227e,t15_repo_patch,10,55,0.4,learnable,core,True,True,92050,swe_smith,en
Suor__funcy.207a7810.combine_file__hpynyyl2,swesmith/Suor__funcy.207a7810,t15_repo_patch,1,202,0.4,learnable,core,True,True,95147,swe_smith,en
cantools__cantools.0c6a7871.combine_file__1ok259na,swesmith/cantools__cantools.0c6a7871,t15_repo_patch,16,356,0.6,learnable,core,True,True,505477,swe_smith,en
cknd__stackprinter.219fcc52.combine_file__i0gooebd,swesmith/cknd__stackprinter.219fcc52,t15_repo_patch,2,5,0.25,learnable,core,True,True,91661,swe_smith,en
Cog-Creators__Red-DiscordBot.33e0eac7.combine_module__kh7gk9le,swesmith/Cog-Creators__Red-DiscordBot.33e0eac7,t15_repo_patch,3,265,0.4,learnable,core,True,True,121735,swe_smith,ko
jd__tenacity.0d40e76f.combine_file__hr16k2ip,swesmith/jd__tenacity.0d40e76f,t15_repo_patch,5,118,0.6,learnable,core,True,True,159459,swe_smith,ko
Cog-Creators__Red-DiscordBot.33e0eac7.combine_file__ymgdbkre,swesmith/Cog-Creators__Red-DiscordBot.33e0eac7,t15_repo_patch,3,265,0.75,learnable,core,True,True,266643,swe_smith,ko
pdfminer__pdfminer.six.1a8bd2f7.combine_file__qunnfx70,swesmith/pdfminer__pdfminer.six.1a8bd2f7,t15_repo_patch,2,167,0.6,learnable,core,True,True,442785,swe_smith,en
luozhouyang__python-string-similarity.115acaac.func_basic__az8mpkt3,swesmith/luozhouyang__python-string-similarity.115acaac,t15_repo_patch,1,17,0.25,learnable,core,True,True,78771,swe_smith,ko
cknd__stackprinter.219fcc52.combine_file__rin3w3we,swesmith/cknd__stackprinter.219fcc52,t15_repo_patch,2,5,0.4,learnable,core,True,True,91720,swe_smith,ko
cantools__cantools.0c6a7871.combine_file__3jk0453k,swesmith/cantools__cantools.0c6a7871,t15_repo_patch,7,365,0.4,learnable,core,True,True,519474,swe_smith,en
Cog-Creators__Red-DiscordBot.33e0eac7.combine_module__9p10bve9,swesmith/Cog-Creators__Red-DiscordBot.33e0eac7,t15_repo_patch,2,266,0.4,learnable,core,True,True,559779,swe_smith,ko
agronholm__exceptiongroup.0b4f4937.combine_module__muc4qt7x,swesmith/agronholm__exceptiongroup.0b4f4937,t15_repo_patch,42,47,0.25,learnable,core,True,True,109809,swe_smith,en
pdfminer__pdfminer.six.1a8bd2f7.combine_file__mb0vz2oh,swesmith/pdfminer__pdfminer.six.1a8bd2f7,t15_repo_patch,57,112,0.25,learnable,core,True,True,388201,swe_smith,en
cknd__stackprinter.219fcc52.combine_file__bjl887iw,swesmith/cknd__stackprinter.219fcc52,t15_repo_patch,2,5,0.4,learnable,core,True,True,92305,swe_smith,en
bottlepy__bottle.a8dfef30.func_basic__152zvdf6,swesmith/bottlepy__bottle.a8dfef30,t15_repo_patch,1,364,0.75,learnable,core,True,True,248465,swe_smith,en
Cog-Creators__Red-DiscordBot.33e0eac7.combine_module__5u3yb4dc,swesmith/Cog-Creators__Red-DiscordBot.33e0eac7,t15_repo_patch,6,262,0.4,learnable,core,True,True,267517,swe_smith,ko
PyCQA__flake8.cf1542ce.combine_file__bgj05v4r,swesmith/PyCQA__flake8.cf1542ce,t15_repo_patch,2,417,0.75,learnable,core,True,True,323342,swe_smith,en
jaraco__inflect.c079a96a.func_basic__56s87rnj,swesmith/jaraco__inflect.c079a96a,t15_repo_patch,5,145,0.75,learnable,core,True,True,187408,swe_smith,en
cknd__stackprinter.219fcc52.combine_file__5x4jvjgf,swesmith/cknd__stackprinter.219fcc52,t15_repo_patch,4,3,0.25,learnable,core,True,True,91820,swe_smith,en
joke2k__faker.8b401a7d.combine_file__bqixcnnt,swesmith/joke2k__faker.8b401a7d,t15_repo_patch,5,2098,0.4,learnable,core,True,True,438743,swe_smith,ko
pudo__dataset.5c2dc8d3.func_basic__rveulv1r,swesmith/pudo__dataset.5c2dc8d3,t15_repo_patch,1,58,0.6,learnable,core,True,True,80837,swe_smith,en
PyCQA__flake8.cf1542ce.func_basic__tef8cs2v,swesmith/PyCQA__flake8.cf1542ce,t15_repo_patch,25,394,0.75,learnable,core,True,True,113514,swe_smith,en
Suor__funcy.207a7810.combine_file__ngqssnyf,swesmith/Suor__funcy.207a7810,t15_repo_patch,4,199,0.4,learnable,core,True,True,137111,swe_smith,en
agronholm__typeguard.b6a7e438.combine_file__uxmeqk7t,swesmith/agronholm__typeguard.b6a7e438,t15_repo_patch,1,455,0.4,learnable,core,True,True,270878,swe_smith,en
cknd__stackprinter.219fcc52.combine_file__jn0ugk72,swesmith/cknd__stackprinter.219fcc52,t15_repo_patch,2,5,0.25,learnable,core,True,True,90308,swe_smith,ko
oauthlib__oauthlib.1fd52536.combine_file__3oyoy4m0,swesmith/oauthlib__oauthlib.1fd52536,t15_repo_patch,13,660,0.6,learnable,core,True,True,133168,swe_smith,en
cknd__stackprinter.219fcc52.func_basic__25ljeyka,swesmith/cknd__stackprinter.219fcc52,t15_repo_patch,1,6,0.75,learnable,core,True,True,91601,swe_smith,ko
bottlepy__bottle.a8dfef30.func_basic__6849utgq,swesmith/bottlepy__bottle.a8dfef30,t15_repo_patch,1,364,0.75,learnable,core,True,True,250679,swe_smith,en
Knio__dominate.9082227e.combine_file__n1qm27ke,swesmith/Knio__dominate.9082227e,t15_repo_patch,6,59,0.6,learnable,core,True,True,91606,swe_smith,ko
agronholm__exceptiongroup.0b4f4937.combine_module__akqsiy9t,swesmith/agronholm__exceptiongroup.0b4f4937,t15_repo_patch,48,41,0.4,learnable,core,True,True,110957,swe_smith,en
jaraco__inflect.c079a96a.func_basic__536jolbn,swesmith/jaraco__inflect.c079a96a,t15_repo_patch,53,97,0.25,learnable,core,True,True,188379,swe_smith,en
PyCQA__flake8.cf1542ce.func_basic__ty1ie75n,swesmith/PyCQA__flake8.cf1542ce,t15_repo_patch,1,418,0.75,learnable,core,True,True,322983,swe_smith,en
PyCQA__flake8.cf1542ce.combine_module__p15ejm6y,swesmith/PyCQA__flake8.cf1542ce,t15_repo_patch,3,416,0.6,learnable,core,True,True,247621,swe_smith,en
pudo__dataset.5c2dc8d3.func_basic__hvfjr8u8,swesmith/pudo__dataset.5c2dc8d3,t15_repo_patch,4,55,0.6,learnable,core,True,True,80505,swe_smith,ko
jaraco__inflect.c079a96a.func_basic__0hwljtvh,swesmith/jaraco__inflect.c079a96a,t15_repo_patch,6,144,0.75,learnable,core,True,True,187287,swe_smith,en
pdfminer__pdfminer.six.1a8bd2f7.func_basic__055x2yzv,swesmith/pdfminer__pdfminer.six.1a8bd2f7,t15_repo_patch,14,155,0.6,learnable,core,True,True,112096,swe_smith,en
jaraco__inflect.c079a96a.func_basic__94dyt8wx,swesmith/jaraco__inflect.c079a96a,t15_repo_patch,38,112,0.6,learnable,core,True,True,186619,swe_smith,ko
Knio__dominate.9082227e.combine_file__ipd1y2xj,swesmith/Knio__dominate.9082227e,t15_repo_patch,9,56,0.4,learnable,core,True,True,91346,swe_smith,en
agronholm__exceptiongroup.0b4f4937.combine_module__9iwyt81o,swesmith/agronholm__exceptiongroup.0b4f4937,t15_repo_patch,48,41,0.25,learnable,core,True,True,110484,swe_smith,ko
pudo__dataset.5c2dc8d3.func_basic__67gq3d1w,swesmith/pudo__dataset.5c2dc8d3,t15_repo_patch,1,58,0.75,learnable,core,True,True,80283,swe_smith,en
Cog-Creators__Red-DiscordBot.33e0eac7.combine_module__ape0cbzb,swesmith/Cog-Creators__Red-DiscordBot.33e0eac7,t15_repo_patch,2,266,0.6,learnable,core,True,True,261988,swe_smith,en
jd__tenacity.0d40e76f.combine_file__oicq97rw,swesmith/jd__tenacity.0d40e76f,t15_repo_patch,25,98,0.6,learnable,core,True,True,159498,swe_smith,en
oauthlib__oauthlib.1fd52536.combine_file__0fceycuu,swesmith/oauthlib__oauthlib.1fd52536,t15_repo_patch,13,660,0.25,learnable,core,True,True,254567,swe_smith,ko
Knio__dominate.9082227e.func_basic__01pkn73c,swesmith/Knio__dominate.9082227e,t15_repo_patch,1,64,0.75,learnable,core,True,True,92084,swe_smith,en
oauthlib__oauthlib.1fd52536.combine_file__3bgiin60,swesmith/oauthlib__oauthlib.1fd52536,t15_repo_patch,168,505,0.6,learnable,core,True,True,265141,swe_smith,ko
pdfminer__pdfminer.six.1a8bd2f7.combine_file__bjts5roo,swesmith/pdfminer__pdfminer.six.1a8bd2f7,t15_repo_patch,3,166,0.4,learnable,core,True,True,431711,swe_smith,ko
luozhouyang__python-string-similarity.115acaac.func_pm_ctrl_shuffle__1pnopti2,swesmith/luozhouyang__python-string-similarity.115acaac,t15_repo_patch,1,17,0.6,learnable,core,True,True,78823,swe_smith,en
jaraco__inflect.c079a96a.func_basic__1jrv4g0i,swesmith/jaraco__inflect.c079a96a,t15_repo_patch,7,143,0.4,learnable,core,True,True,187071,swe_smith,ko
pudo__dataset.5c2dc8d3.combine_file__fboctjy6,swesmith/pudo__dataset.5c2dc8d3,t15_repo_patch,3,56,0.4,learnable,core,True,True,80571,swe_smith,en
cknd__stackprinter.219fcc52.combine_file__pim7hbhr,swesmith/cknd__stackprinter.219fcc52,t15_repo_patch,2,5,0.75,learnable,core,True,True,92965,swe_smith,en
pudo__dataset.5c2dc8d3.func_pm_op_swap__2oxgipl5,swesmith/pudo__dataset.5c2dc8d3,t15_repo_patch,1,58,0.75,learnable,core,True,True,80076,swe_smith,ko
pygments__pygments.27649ebb.combine_file__45nwhbd4,swesmith/pygments__pygments.27649ebb,t15_repo_patch,4,5056,0.4,learnable,core,True,True,434700,swe_smith,en
pudo__dataset.5c2dc8d3.combine_file__lltfzw0k,swesmith/pudo__dataset.5c2dc8d3,t15_repo_patch,49,10,0.25,learnable,core,True,True,80240,swe_smith,en
luozhouyang__python-string-similarity.115acaac.func_pm_class_rm_funcs__yujshjdy,swesmith/luozhouyang__python-string-similarity.115acaac,t15_repo_patch,1,17,0.75,learnable,core,True,True,78528,swe_smith,ko
pdfminer__pdfminer.six.1a8bd2f7.combine_file__sd1ohtqw,swesmith/pdfminer__pdfminer.six.1a8bd2f7,t15_repo_patch,64,105,0.4,learnable,core,True,True,233390,swe_smith,ko
cknd__stackprinter.219fcc52.func_basic__30hvrznx,swesmith/cknd__stackprinter.219fcc52,t15_repo_patch,1,6,0.6,learnable,core,True,True,91321,swe_smith,ko
agronholm__exceptiongroup.0b4f4937.combine_module__b5drlb83,swesmith/agronholm__exceptiongroup.0b4f4937,t15_repo_patch,32,57,0.6,learnable,core,True,True,111100,swe_smith,en
bottlepy__bottle.a8dfef30.func_basic__0vv1q5yz,swesmith/bottlepy__bottle.a8dfef30,t15_repo_patch,6,359,0.4,learnable,core,True,True,361205,swe_smith,en
Suor__funcy.207a7810.combine_file__fkcvx1dp,swesmith/Suor__funcy.207a7810,t15_repo_patch,4,199,0.4,learnable,core,True,True,137351,swe_smith,en
Suor__funcy.207a7810.combine_file__bnonopci,swesmith/Suor__funcy.207a7810,t15_repo_patch,4,199,0.4,learnable,core,True,True,137349,swe_smith,en
agronholm__exceptiongroup.0b4f4937.combine_module__n2js3rxc,swesmith/agronholm__exceptiongroup.0b4f4937,t15_repo_patch,25,64,0.25,learnable,core,True,True,110181,swe_smith,en
jaraco__inflect.c079a96a.func_basic__9yqwwre7,swesmith/jaraco__inflect.c079a96a,t15_repo_patch,7,143,0.4,learnable,core,True,True,187109,swe_smith,en
joke2k__faker.8b401a7d.combine_module__f7poqcvt,swesmith/joke2k__faker.8b401a7d,t15_repo_patch,6,2097,0.6,learnable,core,True,True,292101,swe_smith,ko
jd__tenacity.0d40e76f.combine_file__s0bcdks5,swesmith/jd__tenacity.0d40e76f,t15_repo_patch,4,119,0.6,learnable,core,True,True,119387,swe_smith,ko
joke2k__faker.8b401a7d.combine_file__htznb606,swesmith/joke2k__faker.8b401a7d,t15_repo_patch,2,2101,0.4,learnable,core,True,True,86879,swe_smith,ko
pudo__dataset.5c2dc8d3.func_pm_ctrl_shuffle__pswkwm97,swesmith/pudo__dataset.5c2dc8d3,t15_repo_patch,2,57,0.6,learnable,core,True,True,80233,swe_smith,en
Cog-Creators__Red-DiscordBot.33e0eac7.combine_module__4lipjp36,swesmith/Cog-Creators__Red-DiscordBot.33e0eac7,t15_repo_patch,6,262,0.6,learnable,core,True,True,264743,swe_smith,ko
luozhouyang__python-string-similarity.115acaac.func_basic__rmgx8uxc,swesmith/luozhouyang__python-string-similarity.115acaac,t15_repo_patch,4,14,0.6,learnable,core,True,True,79024,swe_smith,en
jd__tenacity.0d40e76f.combine_module__jua0momz,swesmith/jd__tenacity.0d40e76f,t15_repo_patch,15,108,0.25,learnable,core,True,True,158853,swe_smith,en
luozhouyang__python-string-similarity.115acaac.func_pm_ctrl_shuffle__380c1d6z,swesmith/luozhouyang__python-string-similarity.115acaac,t15_repo_patch,1,17,0.75,learnable,core,True,True,78538,swe_smith,ko
pdfminer__pdfminer.six.1a8bd2f7.combine_file__dkox5kc3,swesmith/pdfminer__pdfminer.six.1a8bd2f7,t15_repo_patch,60,109,0.75,learnable,core,True,True,234129,swe_smith,en
PyCQA__flake8.cf1542ce.func_basic__ahsvw4y9,swesmith/PyCQA__flake8.cf1542ce,t15_repo_patch,1,418,0.75,learnable,core,True,True,322884,swe_smith,en
Suor__funcy.207a7810.combine_file__fhtvhqfu,swesmith/Suor__funcy.207a7810,t15_repo_patch,5,198,0.75,learnable,core,True,True,137923,swe_smith,en
cknd__stackprinter.219fcc52.func_basic__1cwksd8q,swesmith/cknd__stackprinter.219fcc52,t15_repo_patch,1,6,0.75,learnable,core,True,True,90863,swe_smith,ko
Suor__funcy.207a7810.combine_file__1vbqy9bz,swesmith/Suor__funcy.207a7810,t15_repo_patch,18,185,0.25,learnable,core,True,True,136788,swe_smith,ko
pudo__dataset.5c2dc8d3.combine_file__glss5km2,swesmith/pudo__dataset.5c2dc8d3,t15_repo_patch,3,56,0.6,learnable,core,True,True,80275,swe_smith,ko
Suor__funcy.207a7810.combine_file__3u9hti2d,swesmith/Suor__funcy.207a7810,t15_repo_patch,4,199,0.4,learnable,core,True,True,103113,swe_smith,en
agronholm__typeguard.b6a7e438.combine_file__qxclmho4,swesmith/agronholm__typeguard.b6a7e438,t15_repo_patch,54,356,0.25,learnable,core,True,True,265947,swe_smith,en
pygments__pygments.27649ebb.combine_file__4m8o66cm,swesmith/pygments__pygments.27649ebb,t15_repo_patch,2,5058,0.25,learnable,core,True,True,304400,swe_smith,en
cantools__cantools.0c6a7871.combine_file__1vfs3c1n,swesmith/cantools__cantools.0c6a7871,t15_repo_patch,8,364,0.4,learnable,core,True,True,229877,swe_smith,ko
joke2k__faker.8b401a7d.combine_file__igao2n9v,swesmith/joke2k__faker.8b401a7d,t15_repo_patch,5,2080,0.6,learnable,core,True,True,189729,swe_smith,en
pdfminer__pdfminer.six.1a8bd2f7.combine_file__hhvxkwe1,swesmith/pdfminer__pdfminer.six.1a8bd2f7,t15_repo_patch,60,109,0.25,learnable,core,True,True,237529,swe_smith,en
Suor__funcy.207a7810.combine_file__effl2cbb,swesmith/Suor__funcy.207a7810,t15_repo_patch,4,199,0.75,learnable,core,True,True,137371,swe_smith,ko
agronholm__typeguard.b6a7e438.combine_file__cczk49sy,swesmith/agronholm__typeguard.b6a7e438,t15_repo_patch,130,234,0.6,learnable,core,True,True,268847,swe_smith,ko
cknd__stackprinter.219fcc52.combine_file__f7lheywo,swesmith/cknd__stackprinter.219fcc52,t15_repo_patch,3,4,0.4,learnable,core,True,True,91239,swe_smith,ko
Knio__dominate.9082227e.combine_file__29cxy57f,swesmith/Knio__dominate.9082227e,t15_repo_patch,2,63,0.6,learnable,core,True,True,91555,swe_smith,ko
bottlepy__bottle.a8dfef30.func_basic__4e8v44sy,swesmith/bottlepy__bottle.a8dfef30,t15_repo_patch,1,364,0.75,learnable,core,True,True,248361,swe_smith,en
jd__tenacity.0d40e76f.combine_file__1n8ql04e,swesmith/jd__tenacity.0d40e76f,t15_repo_patch,5,118,0.6,learnable,core,True,True,159268,swe_smith,ko
jaraco__inflect.c079a96a.combine_file__1m7cawal,swesmith/jaraco__inflect.c079a96a,t15_repo_patch,81,69,0.25,learnable,core,True,True,187866,swe_smith,en
pygments__pygments.27649ebb.combine_file__4kdt7dkw,swesmith/pygments__pygments.27649ebb,t15_repo_patch,151,4909,0.25,learnable,core,True,True,245148,swe_smith,en
mahmoud__boltons.3bfcfdd0.func_pm_ctrl_invert_if__3h7ea801,swesmith/mahmoud__boltons.3bfcfdd0,t15_repo_patch,2,410,0.6,learnable,core,True,True,108407,swe_smith,en
pudo__dataset.5c2dc8d3.func_pm_op_swap__6oubkhmq,swesmith/pudo__dataset.5c2dc8d3,t15_repo_patch,2,57,0.75,learnable,core,True,True,79971,swe_smith,en
jaraco__inflect.c079a96a.func_basic__c5fpg5vt,swesmith/jaraco__inflect.c079a96a,t15_repo_patch,59,91,0.75,learnable,core,True,True,187124,swe_smith,ko
pyupio__safety.7654596b.combine_module__6x1lxddx,swesmith/pyupio__safety.7654596b,t15_repo_patch,5,113,0.25,learnable,core,True,True,545196,swe_smith,en
bottlepy__bottle.a8dfef30.func_basic__45wi5g3r,swesmith/bottlepy__bottle.a8dfef30,t15_repo_patch,1,364,0.75,learnable,core,True,True,250758,swe_smith,ko
agronholm__typeguard.b6a7e438.combine_file__s2lyq271,swesmith/agronholm__typeguard.b6a7e438,t15_repo_patch,2,454,0.6,learnable,core,True,True,286144,swe_smith,en
Cog-Creators__Red-DiscordBot.33e0eac7.combine_module__4138xlqs,swesmith/Cog-Creators__Red-DiscordBot.33e0eac7,t15_repo_patch,3,208,0.4,learnable,core,True,True,119428,swe_smith,en
oauthlib__oauthlib.1fd52536.combine_file__2nfzwp19,swesmith/oauthlib__oauthlib.1fd52536,t15_repo_patch,69,604,0.4,learnable,core,True,True,115135,swe_smith,ko
Knio__dominate.9082227e.combine_file__4oiguynb,swesmith/Knio__dominate.9082227e,t15_repo_patch,62,3,0.4,learnable,core,True,True,91354,swe_smith,en
agronholm__typeguard.b6a7e438.combine_module__c3x1nc9h,swesmith/agronholm__typeguard.b6a7e438,t15_repo_patch,105,305,0.4,learnable,core,True,True,265078,swe_smith,en
pygments__pygments.27649ebb.combine_file__27iktd6j,swesmith/pygments__pygments.27649ebb,t15_repo_patch,22,5038,0.4,learnable,core,True,True,220163,swe_smith,en
PyCQA__flake8.cf1542ce.combine_module__a7f2sl8j,swesmith/PyCQA__flake8.cf1542ce,t15_repo_patch,2,417,0.75,learnable,core,True,True,246901,swe_smith,en
joke2k__faker.8b401a7d.combine_module__egvzvcfr,swesmith/joke2k__faker.8b401a7d,t15_repo_patch,6,2097,0.4,learnable,core,True,True,261058,swe_smith,en
jd__tenacity.0d40e76f.combine_file__mged6jg2,swesmith/jd__tenacity.0d40e76f,t15_repo_patch,4,119,0.4,learnable,core,True,True,159853,swe_smith,en
cantools__cantools.0c6a7871.combine_file__2rrs8i69,swesmith/cantools__cantools.0c6a7871,t15_repo_patch,36,336,0.4,learnable,core,True,True,243264,swe_smith,en
bottlepy__bottle.a8dfef30.func_basic__1oowr66z,swesmith/bottlepy__bottle.a8dfef30,t15_repo_patch,2,363,0.6,learnable,core,True,True,362154,swe_smith,en
agronholm__typeguard.b6a7e438.combine_file__b1knf251,swesmith/agronholm__typeguard.b6a7e438,t15_repo_patch,4,406,0.6,learnable,core,True,True,286054,swe_smith,en
agronholm__exceptiongroup.0b4f4937.combine_module__dy8wk66i,swesmith/agronholm__exceptiongroup.0b4f4937,t15_repo_patch,39,50,0.75,learnable,core,True,True,110600,swe_smith,ko
Knio__dominate.9082227e.combine_file__h3zeq2of,swesmith/Knio__dominate.9082227e,t15_repo_patch,5,60,0.6,learnable,core,True,True,91178,swe_smith,ko
PyCQA__flake8.cf1542ce.combine_file__ce9ptei2,swesmith/PyCQA__flake8.cf1542ce,t15_repo_patch,5,414,0.4,learnable,core,True,True,249148,swe_smith,en
pdfminer__pdfminer.six.1a8bd2f7.func_basic__15p0z6ws,swesmith/pdfminer__pdfminer.six.1a8bd2f7,t15_repo_patch,58,111,0.6,learnable,core,True,True,114842,swe_smith,ko
mahmoud__boltons.3bfcfdd0.func_pm_remove_assign__lukb6vb8,swesmith/mahmoud__boltons.3bfcfdd0,t15_repo_patch,1,411,0.75,learnable,core,True,True,106501,swe_smith,ko
jd__tenacity.0d40e76f.combine_module__7f90zoga,swesmith/jd__tenacity.0d40e76f,t15_repo_patch,15,108,0.25,learnable,core,True,True,158694,swe_smith,ko
luozhouyang__python-string-similarity.115acaac.func_basic__mu1u39zx,swesmith/luozhouyang__python-string-similarity.115acaac,t15_repo_patch,1,17,0.4,learnable,core,True,True,79309,swe_smith,en
Knio__dominate.9082227e.combine_file__2zd38qg5,swesmith/Knio__dominate.9082227e,t15_repo_patch,5,60,0.6,learnable,core,True,True,92236,swe_smith,en
jaraco__inflect.c079a96a.func_basic__fod8oiog,swesmith/jaraco__inflect.c079a96a,t15_repo_patch,1,149,0.6,learnable,core,True,True,186535,swe_smith,ko
pyupio__safety.7654596b.combine_file__f9rugwlz,swesmith/pyupio__safety.7654596b,t15_repo_patch,5,113,0.6,learnable,core,True,True,540986,swe_smith,en
PyCQA__flake8.cf1542ce.combine_file__bnpax9t0,swesmith/PyCQA__flake8.cf1542ce,t15_repo_patch,41,378,0.4,learnable,core,True,True,116114,swe_smith,en
Knio__dominate.9082227e.combine_file__ubumxmnm,swesmith/Knio__dominate.9082227e,t15_repo_patch,12,53,0.4,learnable,core,True,True,91384,swe_smith,ko
pyupio__safety.7654596b.combine_module__1me0k443,swesmith/pyupio__safety.7654596b,t15_repo_patch,1,117,0.4,learnable,core,True,True,542057,swe_smith,en
cknd__stackprinter.219fcc52.combine_file__md7w9ci8,swesmith/cknd__stackprinter.219fcc52,t15_repo_patch,4,3,0.4,learnable,core,True,True,92334,swe_smith,en
agronholm__exceptiongroup.0b4f4937.combine_module__l5god4ul,swesmith/agronholm__exceptiongroup.0b4f4937,t15_repo_patch,40,49,0.6,learnable,core,True,True,111516,swe_smith,en
PyCQA__flake8.cf1542ce.combine_module__otikc541,swesmith/PyCQA__flake8.cf1542ce,t15_repo_patch,2,417,0.4,learnable,core,True,True,117677,swe_smith,en
jd__tenacity.0d40e76f.func_basic__1avsmufn,swesmith/jd__tenacity.0d40e76f,t15_repo_patch,2,121,0.6,learnable,core,True,True,120833,swe_smith,ko
Cog-Creators__Red-DiscordBot.33e0eac7.combine_module__6gfxaj0e,swesmith/Cog-Creators__Red-DiscordBot.33e0eac7,t15_repo_patch,2,266,0.25,learnable,core,True,True,547674,swe_smith,ko
luozhouyang__python-string-similarity.115acaac.func_pm_class_rm_funcs__96brcjir,swesmith/luozhouyang__python-string-similarity.115acaac,t15_repo_patch,1,17,0.4,learnable,core,True,True,77363,swe_smith,ko
oauthlib__oauthlib.1fd52536.combine_file__6cwt9dv9,swesmith/oauthlib__oauthlib.1fd52536,t15_repo_patch,5,668,0.6,learnable,core,True,True,536505,swe_smith,ko
luozhouyang__python-string-similarity.115acaac.func_pm_class_rm_funcs__1zezezqe,swesmith/luozhouyang__python-string-similarity.115acaac,t15_repo_patch,1,17,0.6,learnable,core,True,True,77751,swe_smith,ko
mahmoud__boltons.3bfcfdd0.combine_file__uoygvpco,swesmith/mahmoud__boltons.3bfcfdd0,t15_repo_patch,3,409,0.6,learnable,core,True,True,115255,swe_smith,ko
oauthlib__oauthlib.1fd52536.combine_file__5gdrqq82,swesmith/oauthlib__oauthlib.1fd52536,t15_repo_patch,69,604,0.4,learnable,core,True,True,114930,swe_smith,en
Cog-Creators__Red-DiscordBot.33e0eac7.combine_file__uhr220qw,swesmith/Cog-Creators__Red-DiscordBot.33e0eac7,t15_repo_patch,3,265,0.4,learnable,core,True,True,545636,swe_smith,ko
joke2k__faker.8b401a7d.combine_module__excp6dm2,swesmith/joke2k__faker.8b401a7d,t15_repo_patch,3,2100,0.6,learnable,core,True,True,200255,swe_smith,en
PyCQA__flake8.cf1542ce.combine_file__glhs0z8e,swesmith/PyCQA__flake8.cf1542ce,t15_repo_patch,5,414,0.6,learnable,core,True,True,247279,swe_smith,en
mahmoud__boltons.3bfcfdd0.func_basic__obaisyei,swesmith/mahmoud__boltons.3bfcfdd0,t15_repo_patch,2,410,0.4,learnable,core,True,True,221529,swe_smith,en
jd__tenacity.0d40e76f.func_basic__2xgiyq9x,swesmith/jd__tenacity.0d40e76f,t15_repo_patch,8,115,0.4,learnable,core,True,True,159073,swe_smith,ko
Knio__dominate.9082227e.func_basic__b1llxp0l,swesmith/Knio__dominate.9082227e,t15_repo_patch,1,64,0.4,learnable,core,True,True,92105,swe_smith,en
Cog-Creators__Red-DiscordBot.33e0eac7.combine_module__jyuoq9gl,swesmith/Cog-Creators__Red-DiscordBot.33e0eac7,t15_repo_patch,2,266,0.4,learnable,core,True,True,263528,swe_smith,ko
cantools__cantools.0c6a7871.combine_file__2m5cdp48,swesmith/cantools__cantools.0c6a7871,t15_repo_patch,49,323,0.4,learnable,core,True,True,472630,swe_smith,en
jaraco__inflect.c079a96a.func_basic__dgf6rpee,swesmith/jaraco__inflect.c079a96a,t15_repo_patch,5,145,0.6,learnable,core,True,True,187002,swe_smith,en
pdfminer__pdfminer.six.1a8bd2f7.func_basic__0tgvwq39,swesmith/pdfminer__pdfminer.six.1a8bd2f7,t15_repo_patch,1,168,0.6,learnable,core,True,True,373374,swe_smith,en
Knio__dominate.9082227e.func_basic__z2nm0q5v,swesmith/Knio__dominate.9082227e,t15_repo_patch,4,61,0.75,learnable,core,True,True,91891,swe_smith,en
Suor__funcy.207a7810.combine_file__4ho5rovv,swesmith/Suor__funcy.207a7810,t15_repo_patch,4,199,0.4,learnable,core,True,True,136710,swe_smith,ko
luozhouyang__python-string-similarity.115acaac.func_basic__gmqgye5z,swesmith/luozhouyang__python-string-similarity.115acaac,t15_repo_patch,1,17,0.6,learnable,core,True,True,78771,swe_smith,ko
PyCQA__flake8.cf1542ce.combine_file__lrtto2cu,swesmith/PyCQA__flake8.cf1542ce,t15_repo_patch,46,366,0.25,learnable,core,True,True,321180,swe_smith,en
luozhouyang__python-string-similarity.115acaac.func_basic__8rg4mwnx,swesmith/luozhouyang__python-string-similarity.115acaac,t15_repo_patch,1,17,0.25,learnable,core,True,True,78923,swe_smith,en
PyCQA__flake8.cf1542ce.combine_file__knaurfrv,swesmith/PyCQA__flake8.cf1542ce,t15_repo_patch,48,371,0.4,learnable,core,True,True,247495,swe_smith,en
jd__tenacity.0d40e76f.combine_file__u92q5owo,swesmith/jd__tenacity.0d40e76f,t15_repo_patch,2,121,0.4,learnable,core,True,True,159091,swe_smith,ko
jd__tenacity.0d40e76f.combine_file__cuo9gg46,swesmith/jd__tenacity.0d40e76f,t15_repo_patch,25,98,0.6,learnable,core,True,True,120561,swe_smith,ko
agronholm__typeguard.b6a7e438.combine_file__4bk2n7og,swesmith/agronholm__typeguard.b6a7e438,t15_repo_patch,2,454,0.4,learnable,core,True,True,285911,swe_smith,ko
mahmoud__boltons.3bfcfdd0.func_basic__h2xp7n5m,swesmith/mahmoud__boltons.3bfcfdd0,t15_repo_patch,1,411,0.75,learnable,core,True,True,111967,swe_smith,ko
mahmoud__boltons.3bfcfdd0.func_pm_op_change__4hnmekso,swesmith/mahmoud__boltons.3bfcfdd0,t15_repo_patch,1,411,0.6,learnable,core,True,True,109795,swe_smith,en
luozhouyang__python-string-similarity.115acaac.func_basic__0w9pdflo,swesmith/luozhouyang__python-string-similarity.115acaac,t15_repo_patch,5,13,0.6,learnable,core,True,True,79685,swe_smith,en
pudo__dataset.5c2dc8d3.func_basic__gfn1ybos,swesmith/pudo__dataset.5c2dc8d3,t15_repo_patch,2,57,0.75,learnable,core,True,True,80163,swe_smith,ko
pudo__dataset.5c2dc8d3.func_basic__9n4wdmp6,swesmith/pudo__dataset.5c2dc8d3,t15_repo_patch,1,58,0.75,learnable,core,True,True,80406,swe_smith,en
mahmoud__boltons.3bfcfdd0.func_pm_ctrl_invert_if__48b5m32l,swesmith/mahmoud__boltons.3bfcfdd0,t15_repo_patch,1,411,0.75,learnable,core,True,True,238438,swe_smith,ko
cantools__cantools.0c6a7871.combine_file__0c0d76py,swesmith/cantools__cantools.0c6a7871,t15_repo_patch,39,333,0.6,learnable,core,True,True,233881,swe_smith,ko
cknd__stackprinter.219fcc52.func_basic__20c017fq,swesmith/cknd__stackprinter.219fcc52,t15_repo_patch,3,4,0.4,learnable,core,True,True,91748,swe_smith,en
agronholm__typeguard.b6a7e438.combine_file__e4rqzfcc,swesmith/agronholm__typeguard.b6a7e438,t15_repo_patch,17,439,0.6,learnable,core,True,True,122722,swe_smith,ko
Cog-Creators__Red-DiscordBot.33e0eac7.combine_file__onskze9t,swesmith/Cog-Creators__Red-DiscordBot.33e0eac7,t15_repo_patch,5,263,0.25,learnable,core,True,True,262331,swe_smith,en
Cog-Creators__Red-DiscordBot.33e0eac7.combine_module__jrw1tml3,swesmith/Cog-Creators__Red-DiscordBot.33e0eac7,t15_repo_patch,3,265,0.4,learnable,core,True,True,123125,swe_smith,en
bottlepy__bottle.a8dfef30.func_basic__1t9xoez4,swesmith/bottlepy__bottle.a8dfef30,t15_repo_patch,48,317,0.75,learnable,core,True,True,253115,swe_smith,ko
bottlepy__bottle.a8dfef30.func_basic__38f635ao,swesmith/bottlepy__bottle.a8dfef30,t15_repo_patch,1,364,0.75,learnable,core,True,True,250358,swe_smith,en
agronholm__typeguard.b6a7e438.combine_file__3qg8gxw1,swesmith/agronholm__typeguard.b6a7e438,t15_repo_patch,1,455,0.4,learnable,core,True,True,267787,swe_smith,en
pygments__pygments.27649ebb.combine_file__48kmjp3b,swesmith/pygments__pygments.27649ebb,t15_repo_patch,5,5055,0.6,learnable,core,True,True,110384,swe_smith,en
bottlepy__bottle.a8dfef30.func_basic__4430irv8,swesmith/bottlepy__bottle.a8dfef30,t15_repo_patch,15,350,0.75,learnable,core,True,True,252749,swe_smith,en
joke2k__faker.8b401a7d.func_pm_ctrl_invert_if__ftv5xiyd,swesmith/joke2k__faker.8b401a7d,t15_repo_patch,2,2101,0.6,learnable,core,True,True,380190,swe_smith,ko
Suor__funcy.207a7810.combine_file__a7cg73k3,swesmith/Suor__funcy.207a7810,t15_repo_patch,7,196,0.4,learnable,core,True,True,136664,swe_smith,ko
jaraco__inflect.c079a96a.func_basic__6gtfj0qx,swesmith/jaraco__inflect.c079a96a,t15_repo_patch,16,134,0.75,learnable,core,True,True,187422,swe_smith,en
pdfminer__pdfminer.six.1a8bd2f7.func_basic__1asp3uma,swesmith/pdfminer__pdfminer.six.1a8bd2f7,t15_repo_patch,36,133,0.4,learnable,core,True,True,223114,swe_smith,ko
jd__tenacity.0d40e76f.combine_module__xor0ajnm,swesmith/jd__tenacity.0d40e76f,t15_repo_patch,15,108,0.4,learnable,core,True,True,158625,swe_smith,ko
PyCQA__flake8.cf1542ce.combine_module__vcgakdqu,swesmith/PyCQA__flake8.cf1542ce,t15_repo_patch,4,415,0.4,learnable,core,True,True,253169,swe_smith,ko
pyupio__safety.7654596b.combine_file__vdij44ev,swesmith/pyupio__safety.7654596b,t15_repo_patch,3,115,0.4,learnable,core,True,True,127522,swe_smith,ko
oauthlib__oauthlib.1fd52536.combine_file__6za0pzef,swesmith/oauthlib__oauthlib.1fd52536,t15_repo_patch,4,669,0.6,learnable,core,True,True,273548,swe_smith,en
luozhouyang__python-string-similarity.115acaac.func_basic__3yir7e7s,swesmith/luozhouyang__python-string-similarity.115acaac,t15_repo_patch,3,15,0.6,learnable,core,True,True,78692,swe_smith,ko
agronholm__typeguard.b6a7e438.combine_file__nmuahjx1,swesmith/agronholm__typeguard.b6a7e438,t15_repo_patch,185,271,0.25,learnable,core,True,True,286138,swe_smith,en
Suor__funcy.207a7810.combine_file__bxevtrf7,swesmith/Suor__funcy.207a7810,t15_repo_patch,5,198,0.4,learnable,core,True,True,96446,swe_smith,en
pygments__pygments.27649ebb.combine_file__4e4gz8ub,swesmith/pygments__pygments.27649ebb,t15_repo_patch,11,5049,0.25,learnable,core,True,True,232579,swe_smith,en
agronholm__exceptiongroup.0b4f4937.combine_module__b3u244k8,swesmith/agronholm__exceptiongroup.0b4f4937,t15_repo_patch,11,78,0.4,learnable,core,True,True,110389,swe_smith,en
agronholm__typeguard.b6a7e438.combine_file__i6w51g2f,swesmith/agronholm__typeguard.b6a7e438,t15_repo_patch,56,400,0.4,learnable,core,True,True,268613,swe_smith,en
Cog-Creators__Red-DiscordBot.33e0eac7.combine_module__dddtj48s,swesmith/Cog-Creators__Red-DiscordBot.33e0eac7,t15_repo_patch,3,208,0.4,learnable,core,True,True,266194,swe_smith,en
bottlepy__bottle.a8dfef30.func_basic__1ug0dq6u,swesmith/bottlepy__bottle.a8dfef30,t15_repo_patch,3,362,0.6,learnable,core,True,True,249691,swe_smith,en
jaraco__inflect.c079a96a.func_basic__epndu1j2,swesmith/jaraco__inflect.c079a96a,t15_repo_patch,1,149,0.6,learnable,core,True,True,186987,swe_smith,en
joke2k__faker.8b401a7d.combine_file__ron1ovjc,swesmith/joke2k__faker.8b401a7d,t15_repo_patch,4,2099,0.4,learnable,core,True,True,387716,swe_smith,ko
pdfminer__pdfminer.six.1a8bd2f7.func_basic__1c5t5wgl,swesmith/pdfminer__pdfminer.six.1a8bd2f7,t15_repo_patch,76,93,0.75,learnable,core,True,True,441146,swe_smith,ko
jaraco__inflect.c079a96a.func_basic__1ohhrkta,swesmith/jaraco__inflect.c079a96a,t15_repo_patch,2,148,0.6,learnable,core,True,True,187009,swe_smith,en
Cog-Creators__Red-DiscordBot.33e0eac7.combine_module__mx6c0ndx,swesmith/Cog-Creators__Red-DiscordBot.33e0eac7,t15_repo_patch,4,264,0.4,learnable,core,True,True,120952,swe_smith,en
jd__tenacity.0d40e76f.combine_module__yjmtlc2r,swesmith/jd__tenacity.0d40e76f,t15_repo_patch,10,113,0.4,learnable,core,True,True,99137,swe_smith,en
joke2k__faker.8b401a7d.func_pm_ctrl_invert_if__bompadwm,swesmith/joke2k__faker.8b401a7d,t15_repo_patch,2,2101,0.6,learnable,core,True,True,207954,swe_smith,en
mahmoud__boltons.3bfcfdd0.func_basic__zrn1muyg,swesmith/mahmoud__boltons.3bfcfdd0,t15_repo_patch,1,411,0.6,learnable,core,True,True,227594,swe_smith,ko
oauthlib__oauthlib.1fd52536.combine_file__5wgd819s,swesmith/oauthlib__oauthlib.1fd52536,t15_repo_patch,44,629,0.4,learnable,core,True,True,264231,swe_smith,ko
pdfminer__pdfminer.six.1a8bd2f7.func_basic__18jc4n6p,swesmith/pdfminer__pdfminer.six.1a8bd2f7,t15_repo_patch,22,147,0.75,learnable,core,True,True,223597,swe_smith,en
agronholm__exceptiongroup.0b4f4937.combine_module__1ebqjjwn,swesmith/agronholm__exceptiongroup.0b4f4937,t15_repo_patch,26,63,0.75,learnable,core,True,True,110767,swe_smith,ko
cknd__stackprinter.219fcc52.func_basic__4rfrb598,swesmith/cknd__stackprinter.219fcc52,t15_repo_patch,2,5,0.4,learnable,core,True,True,91711,swe_smith,en
joke2k__faker.8b401a7d.func_pm_op_swap__tb9vvmgp,swesmith/joke2k__faker.8b401a7d,t15_repo_patch,10,2093,0.4,learnable,core,True,True,386005,swe_smith,ko
PyCQA__flake8.cf1542ce.combine_file__i7fq9n55,swesmith/PyCQA__flake8.cf1542ce,t15_repo_patch,9,410,0.6,learnable,core,True,True,119702,swe_smith,ko
cknd__stackprinter.219fcc52.combine_file__p0eqskd7,swesmith/cknd__stackprinter.219fcc52,t15_repo_patch,3,4,0.4,learnable,core,True,True,91086,swe_smith,en
Cog-Creators__Red-DiscordBot.33e0eac7.combine_file__hmldvpm2,swesmith/Cog-Creators__Red-DiscordBot.33e0eac7,t15_repo_patch,3,265,0.75,learnable,core,True,True,130945,swe_smith,en
pygments__pygments.27649ebb.combine_file__2afmnz30,swesmith/pygments__pygments.27649ebb,t15_repo_patch,15,5045,0.4,learnable,core,True,True,433823,swe_smith,en
Cog-Creators__Red-DiscordBot.33e0eac7.combine_module__0sdzfnfz,swesmith/Cog-Creators__Red-DiscordBot.33e0eac7,t15_repo_patch,6,262,0.4,learnable,core,True,True,122635,swe_smith,ko
pyupio__safety.7654596b.combine_module__3tl5c9ji,swesmith/pyupio__safety.7654596b,t15_repo_patch,1,117,0.75,learnable,core,True,True,132089,swe_smith,en
mahmoud__boltons.3bfcfdd0.combine_file__ndadca3f,swesmith/mahmoud__boltons.3bfcfdd0,t15_repo_patch,1,411,0.75,learnable,core,True,True,459050,swe_smith,en
Suor__funcy.207a7810.combine_file__l2ltr2rm,swesmith/Suor__funcy.207a7810,t15_repo_patch,1,202,0.4,learnable,core,True,True,103503,swe_smith,en
cknd__stackprinter.219fcc52.combine_file__7gqfh6ju,swesmith/cknd__stackprinter.219fcc52,t15_repo_patch,4,3,0.25,learnable,core,True,True,92507,swe_smith,en
mahmoud__boltons.3bfcfdd0.combine_file__aoaokdmx,swesmith/mahmoud__boltons.3bfcfdd0,t15_repo_patch,3,409,0.4,learnable,core,True,True,113609,swe_smith,en
jd__tenacity.0d40e76f.combine_file__zg0hlvr9,swesmith/jd__tenacity.0d40e76f,t15_repo_patch,9,114,0.6,learnable,core,True,True,159401,swe_smith,en
oauthlib__oauthlib.1fd52536.combine_file__3vj3353w,swesmith/oauthlib__oauthlib.1fd52536,t15_repo_patch,14,659,0.6,learnable,core,True,True,525629,swe_smith,en
agronholm__exceptiongroup.0b4f4937.combine_module__0oguvz02,swesmith/agronholm__exceptiongroup.0b4f4937,t15_repo_patch,36,53,0.4,learnable,core,True,True,110175,swe_smith,ko
Suor__funcy.207a7810.combine_file__pljdqiv1,swesmith/Suor__funcy.207a7810,t15_repo_patch,6,197,0.4,learnable,core,True,True,136486,swe_smith,ko
pygments__pygments.27649ebb.combine_file__3rx6fau2,swesmith/pygments__pygments.27649ebb,t15_repo_patch,29,5031,0.4,learnable,core,True,True,119663,swe_smith,en
oauthlib__oauthlib.1fd52536.combine_file__1gnd4ecz,swesmith/oauthlib__oauthlib.1fd52536,t15_repo_patch,4,669,0.4,learnable,core,True,True,536125,swe_smith,en
mahmoud__boltons.3bfcfdd0.func_pm_remove_assign__vqbi52f0,swesmith/mahmoud__boltons.3bfcfdd0,t15_repo_patch,1,411,0.6,learnable,core,True,True,104449,swe_smith,ko
jaraco__inflect.c079a96a.func_basic__8n3tlyhx,swesmith/jaraco__inflect.c079a96a,t15_repo_patch,2,148,0.6,learnable,core,True,True,186705,swe_smith,en
agronholm__typeguard.b6a7e438.combine_file__bvbn0gpe,swesmith/agronholm__typeguard.b6a7e438,t15_repo_patch,130,234,0.4,learnable,core,True,True,134271,swe_smith,ko
pyupio__safety.7654596b.combine_module__aflewge1,swesmith/pyupio__safety.7654596b,t15_repo_patch,1,117,0.25,learnable,core,True,True,131172,swe_smith,en
oauthlib__oauthlib.1fd52536.combine_file__5jtc65v3,swesmith/oauthlib__oauthlib.1fd52536,t15_repo_patch,6,667,0.6,learnable,core,True,True,275087,swe_smith,en
pygments__pygments.27649ebb.combine_file__1q1tvw5n,swesmith/pygments__pygments.27649ebb,t15_repo_patch,7,5053,0.4,learnable,core,True,True,235331,swe_smith,en
oauthlib__oauthlib.1fd52536.combine_file__2qdb36cq,swesmith/oauthlib__oauthlib.1fd52536,t15_repo_patch,42,631,0.6,learnable,core,True,True,262002,swe_smith,en
jd__tenacity.0d40e76f.func_basic__0stgqokp,swesmith/jd__tenacity.0d40e76f,t15_repo_patch,2,121,0.6,learnable,core,True,True,158709,swe_smith,ko
bottlepy__bottle.a8dfef30.func_basic__4e614lv8,swesmith/bottlepy__bottle.a8dfef30,t15_repo_patch,4,361,0.4,learnable,core,True,True,249299,swe_smith,ko
cantools__cantools.0c6a7871.combine_file__2fy4ikk6,swesmith/cantools__cantools.0c6a7871,t15_repo_patch,7,365,0.6,learnable,core,True,True,233808,swe_smith,ko
pygments__pygments.27649ebb.combine_file__3cy6f464,swesmith/pygments__pygments.27649ebb,t15_repo_patch,9,5051,0.6,learnable,core,True,True,230483,swe_smith,en
pdfminer__pdfminer.six.1a8bd2f7.combine_file__ie71twzc,swesmith/pdfminer__pdfminer.six.1a8bd2f7,t15_repo_patch,1,168,0.25,learnable,core,True,True,383050,swe_smith,en
Cog-Creators__Red-DiscordBot.33e0eac7.combine_module__aeqcqkfa,swesmith/Cog-Creators__Red-DiscordBot.33e0eac7,t15_repo_patch,4,264,0.4,learnable,core,True,True,122095,swe_smith,en
Knio__dominate.9082227e.func_pm_ctrl_shuffle__kfrdb3er,swesmith/Knio__dominate.9082227e,t15_repo_patch,7,58,0.6,learnable,core,True,True,91632,swe_smith,en
oauthlib__oauthlib.1fd52536.combine_file__7nloo8og,swesmith/oauthlib__oauthlib.1fd52536,t15_repo_patch,1,672,0.75,learnable,core,True,True,128486,swe_smith,en
cknd__stackprinter.219fcc52.combine_file__twbd555w,swesmith/cknd__stackprinter.219fcc52,t15_repo_patch,2,5,0.4,learnable,core,True,True,91199,swe_smith,ko
mahmoud__boltons.3bfcfdd0.func_pm_remove_assign__sicey4qf,swesmith/mahmoud__boltons.3bfcfdd0,t15_repo_patch,2,410,0.6,learnable,core,True,True,233639,swe_smith,en
jd__tenacity.0d40e76f.combine_file__dcboug1i,swesmith/jd__tenacity.0d40e76f,t15_repo_patch,4,119,0.75,learnable,core,True,True,159285,swe_smith,en
mahmoud__boltons.3bfcfdd0.combine_file__hfr8b06x,swesmith/mahmoud__boltons.3bfcfdd0,t15_repo_patch,3,409,0.4,learnable,core,True,True,233063,swe_smith,ko
luozhouyang__python-string-similarity.115acaac.func_pm_class_rm_funcs__hv4o2all,swesmith/luozhouyang__python-string-similarity.115acaac,t15_repo_patch,1,17,0.25,learnable,core,True,True,75400,swe_smith,ko
PyCQA__flake8.cf1542ce.func_basic__t9pbpqjy,swesmith/PyCQA__flake8.cf1542ce,t15_repo_patch,1,418,0.75,learnable,core,True,True,323282,swe_smith,en
agronholm__typeguard.b6a7e438.combine_module__0y5c1grn,swesmith/agronholm__typeguard.b6a7e438,t15_repo_patch,57,353,0.25,learnable,core,True,True,250769,swe_smith,en
mahmoud__boltons.3bfcfdd0.combine_file__l8k1vlai,swesmith/mahmoud__boltons.3bfcfdd0,t15_repo_patch,3,409,0.6,learnable,core,True,True,109084,swe_smith,ko
mahmoud__boltons.3bfcfdd0.combine_file__t1ybp4kc,swesmith/mahmoud__boltons.3bfcfdd0,t15_repo_patch,2,410,0.6,learnable,core,True,True,468727,swe_smith,ko
Suor__funcy.207a7810.combine_file__pecpiuuj,swesmith/Suor__funcy.207a7810,t15_repo_patch,17,186,0.25,learnable,core,True,True,136907,swe_smith,en
pdfminer__pdfminer.six.1a8bd2f7.combine_file__u0ldx57c,swesmith/pdfminer__pdfminer.six.1a8bd2f7,t15_repo_patch,77,92,0.75,learnable,core,True,True,436657,swe_smith,en
cknd__stackprinter.219fcc52.combine_file__z59bwuqg,swesmith/cknd__stackprinter.219fcc52,t15_repo_patch,2,5,0.25,learnable,core,True,True,91028,swe_smith,ko
pygments__pygments.27649ebb.combine_file__1q25m8uu,swesmith/pygments__pygments.27649ebb,t15_repo_patch,2732,2328,0.25,learnable,core,True,True,458702,swe_smith,en
pdfminer__pdfminer.six.1a8bd2f7.combine_file__f7px3uhn,swesmith/pdfminer__pdfminer.six.1a8bd2f7,t15_repo_patch,5,164,0.25,learnable,core,True,True,357613,swe_smith,en
pdfminer__pdfminer.six.1a8bd2f7.func_basic__0cphw74b,swesmith/pdfminer__pdfminer.six.1a8bd2f7,t15_repo_patch,4,165,0.6,learnable,core,True,True,446237,swe_smith,ko
luozhouyang__python-string-similarity.115acaac.combine_file__73r4bo5w,swesmith/luozhouyang__python-string-similarity.115acaac,t15_repo_patch,1,17,0.25,learnable,core,True,True,78470,swe_smith,en
Suor__funcy.207a7810.combine_file__186umsl2,swesmith/Suor__funcy.207a7810,t15_repo_patch,7,196,0.4,learnable,core,True,True,95243,swe_smith,en
pyupio__safety.7654596b.combine_module__0qhztgwh,swesmith/pyupio__safety.7654596b,t15_repo_patch,1,117,0.25,learnable,core,True,True,550478,swe_smith,en
bottlepy__bottle.a8dfef30.func_basic__5txqgk4e,swesmith/bottlepy__bottle.a8dfef30,t15_repo_patch,1,364,0.75,learnable,core,True,True,249852,swe_smith,ko
joke2k__faker.8b401a7d.combine_module__dygzltri,swesmith/joke2k__faker.8b401a7d,t15_repo_patch,6,2097,0.6,learnable,core,True,True,279945,swe_smith,en
pdfminer__pdfminer.six.1a8bd2f7.combine_file__pcl6bxf8,swesmith/pdfminer__pdfminer.six.1a8bd2f7,t15_repo_patch,4,165,0.25,learnable,core,True,True,197796,swe_smith,en
Suor__funcy.207a7810.combine_file__81deq3s8,swesmith/Suor__funcy.207a7810,t15_repo_patch,5,198,0.6,learnable,core,True,True,136933,swe_smith,ko
cknd__stackprinter.219fcc52.combine_file__jydt6akr,swesmith/cknd__stackprinter.219fcc52,t15_repo_patch,3,4,0.25,learnable,core,True,True,92877,swe_smith,en
Knio__dominate.9082227e.func_basic__q1ssmtmi,swesmith/Knio__dominate.9082227e,t15_repo_patch,1,64,0.6,learnable,core,True,True,91104,swe_smith,en
pygments__pygments.27649ebb.combine_file__5f4ju70v,swesmith/pygments__pygments.27649ebb,t15_repo_patch,20,5040,0.4,learnable,core,True,True,461148,swe_smith,en
luozhouyang__python-string-similarity.115acaac.func_basic__zibjyago,swesmith/luozhouyang__python-string-similarity.115acaac,t15_repo_patch,1,17,0.75,learnable,core,True,True,78959,swe_smith,en
jaraco__inflect.c079a96a.func_basic__3aqb71hm,swesmith/jaraco__inflect.c079a96a,t15_repo_patch,4,146,0.6,learnable,core,True,True,186802,swe_smith,ko
pdfminer__pdfminer.six.1a8bd2f7.combine_file__06wx35ad,swesmith/pdfminer__pdfminer.six.1a8bd2f7,t15_repo_patch,11,158,0.4,learnable,core,True,True,418458,swe_smith,en
agronholm__exceptiongroup.0b4f4937.combine_file__leti1lvr,swesmith/agronholm__exceptiongroup.0b4f4937,t15_repo_patch,28,61,0.25,learnable,core,True,True,110548,swe_smith,en
mahmoud__boltons.3bfcfdd0.combine_file__zrhbqatu,swesmith/mahmoud__boltons.3bfcfdd0,t15_repo_patch,3,409,0.4,learnable,core,True,True,111321,swe_smith,en
pyupio__safety.7654596b.combine_file__yt8lbspp,swesmith/pyupio__safety.7654596b,t15_repo_patch,6,112,0.4,learnable,core,True,True,123476,swe_smith,en
joke2k__faker.8b401a7d.combine_module__azbf5rj6,swesmith/joke2k__faker.8b401a7d,t15_repo_patch,5,2098,0.6,learnable,core,True,True,270495,swe_smith,ko
Cog-Creators__Red-DiscordBot.33e0eac7.combine_file__mgef0764,swesmith/Cog-Creators__Red-DiscordBot.33e0eac7,t15_repo_patch,1,267,0.4,learnable,core,True,True,134963,swe_smith,en
Knio__dominate.9082227e.func_basic__gxms0jjf,swesmith/Knio__dominate.9082227e,t15_repo_patch,7,58,0.6,learnable,core,True,True,91076,swe_smith,ko
pdfminer__pdfminer.six.1a8bd2f7.func_basic__0rbqlz88,swesmith/pdfminer__pdfminer.six.1a8bd2f7,t15_repo_patch,7,162,0.75,learnable,core,True,True,221180,swe_smith,ko
Knio__dominate.9082227e.pr_184,swesmith/Knio__dominate.9082227e,t15_repo_patch,1,64,0.75,learnable,core,True,True,91707,swe_smith,en
Suor__funcy.207a7810.combine_file__5kzv0kej,swesmith/Suor__funcy.207a7810,t15_repo_patch,15,188,0.6,learnable,core,True,True,136457,swe_smith,ko
cantools__cantools.0c6a7871.combine_file__2uo4gs8y,swesmith/cantools__cantools.0c6a7871,t15_repo_patch,13,359,0.4,learnable,core,True,True,483413,swe_smith,en
jaraco__inflect.c079a96a.func_basic__5zij2jtw,swesmith/jaraco__inflect.c079a96a,t15_repo_patch,2,148,0.75,learnable,core,True,True,186850,swe_smith,ko
Cog-Creators__Red-DiscordBot.33e0eac7.combine_file__1tzqbvbn,swesmith/Cog-Creators__Red-DiscordBot.33e0eac7,t15_repo_patch,2,266,0.6,learnable,core,True,True,134674,swe_smith,en
pudo__dataset.5c2dc8d3.func_basic__u6ujevkp,swesmith/pudo__dataset.5c2dc8d3,t15_repo_patch,2,57,0.75,learnable,core,True,True,80388,swe_smith,en
Knio__dominate.9082227e.func_pm_remove_cond__inf10y4j,swesmith/Knio__dominate.9082227e,t15_repo_patch,1,64,0.6,learnable,core,True,True,91485,swe_smith,en
luozhouyang__python-string-similarity.115acaac.func_pm_ctrl_shuffle__jhaaq9av,swesmith/luozhouyang__python-string-similarity.115acaac,t15_repo_patch,1,17,0.75,learnable,core,True,True,78253,swe_smith,ko
bottlepy__bottle.a8dfef30.combine_file__x70r972s,swesmith/bottlepy__bottle.a8dfef30,t15_repo_patch,11,354,0.6,learnable,core,True,True,249996,swe_smith,ko
mahmoud__boltons.3bfcfdd0.func_pm_remove_assign__4snu6l0s,swesmith/mahmoud__boltons.3bfcfdd0,t15_repo_patch,1,411,0.75,learnable,core,True,True,467668,swe_smith,en
oauthlib__oauthlib.1fd52536.combine_file__8fle46xq,swesmith/oauthlib__oauthlib.1fd52536,t15_repo_patch,68,605,0.4,learnable,core,True,True,120264,swe_smith,en
pdfminer__pdfminer.six.1a8bd2f7.func_basic__0fvtijhk,swesmith/pdfminer__pdfminer.six.1a8bd2f7,t15_repo_patch,2,167,0.75,learnable,core,True,True,106080,swe_smith,en
bottlepy__bottle.a8dfef30.func_basic__0mdlomrj,swesmith/bottlepy__bottle.a8dfef30,t15_repo_patch,2,363,0.6,learnable,core,True,True,247956,swe_smith,ko
PyCQA__flake8.cf1542ce.func_basic__u72oyl7u,swesmith/PyCQA__flake8.cf1542ce,t15_repo_patch,4,415,0.6,learnable,core,True,True,115423,swe_smith,ko
jd__tenacity.0d40e76f.combine_file__7w229mgr,swesmith/jd__tenacity.0d40e76f,t15_repo_patch,19,104,0.6,learnable,core,True,True,120227,swe_smith,en
agronholm__exceptiongroup.0b4f4937.combine_module__1bpeot65,swesmith/agronholm__exceptiongroup.0b4f4937,t15_repo_patch,23,66,0.4,learnable,core,True,True,110228,swe_smith,ko
PyCQA__flake8.cf1542ce.func_basic__swv5simh,swesmith/PyCQA__flake8.cf1542ce,t15_repo_patch,9,410,0.75,learnable,core,True,True,248459,swe_smith,en
cantools__cantools.0c6a7871.combine_file__2x9fa1qb,swesmith/cantools__cantools.0c6a7871,t15_repo_patch,7,365,0.4,learnable,core,True,True,233071,swe_smith,en
jd__tenacity.0d40e76f.combine_file__c4q32ads,swesmith/jd__tenacity.0d40e76f,t15_repo_patch,14,109,0.4,learnable,core,True,True,159434,swe_smith,en
PyCQA__flake8.cf1542ce.combine_file__2fd9ywo2,swesmith/PyCQA__flake8.cf1542ce,t15_repo_patch,2,417,0.75,learnable,core,True,True,248542,swe_smith,ko
PyCQA__flake8.cf1542ce.func_basic__tf9qkbi7,swesmith/PyCQA__flake8.cf1542ce,t15_repo_patch,5,414,0.6,learnable,core,True,True,245974,swe_smith,en
mahmoud__boltons.3bfcfdd0.combine_file__wo79dyhv,swesmith/mahmoud__boltons.3bfcfdd0,t15_repo_patch,5,407,0.4,learnable,core,True,True,237020,swe_smith,en
luozhouyang__python-string-similarity.115acaac.func_basic__rklyp79p,swesmith/luozhouyang__python-string-similarity.115acaac,t15_repo_patch,1,17,0.4,learnable,core,True,True,78333,swe_smith,en
PyCQA__flake8.cf1542ce.combine_module__ecn1ws50,swesmith/PyCQA__flake8.cf1542ce,t15_repo_patch,3,416,0.6,learnable,core,True,True,323249,swe_smith,en
Knio__dominate.9082227e.func_basic__1f8gjsod,swesmith/Knio__dominate.9082227e,t15_repo_patch,4,61,0.6,learnable,core,True,True,91347,swe_smith,en
pudo__dataset.5c2dc8d3.combine_file__vzgs8c9t,swesmith/pudo__dataset.5c2dc8d3,t15_repo_patch,29,29,0.4,learnable,core,True,True,79485,swe_smith,ko
bottlepy__bottle.a8dfef30.func_basic__4maob8rt,swesmith/bottlepy__bottle.a8dfef30,t15_repo_patch,1,364,0.75,learnable,core,True,True,361280,swe_smith,en
pudo__dataset.5c2dc8d3.lm_rewrite__3su3yv0o,swesmith/pudo__dataset.5c2dc8d3,t15_repo_patch,2,57,0.4,learnable,core,True,True,80389,swe_smith,ko
agronholm__typeguard.b6a7e438.combine_module__32keaobz,swesmith/agronholm__typeguard.b6a7e438,t15_repo_patch,7,357,0.4,learnable,core,True,True,239139,swe_smith,en
agronholm__exceptiongroup.0b4f4937.combine_module__ps4pitxu,swesmith/agronholm__exceptiongroup.0b4f4937,t15_repo_patch,42,47,0.4,learnable,core,True,True,110625,swe_smith,en
agronholm__exceptiongroup.0b4f4937.combine_module__qnop2u5m,swesmith/agronholm__exceptiongroup.0b4f4937,t15_repo_patch,39,50,0.25,learnable,core,True,True,109908,swe_smith,en
jaraco__inflect.c079a96a.func_basic__d3nukty0,swesmith/jaraco__inflect.c079a96a,t15_repo_patch,13,137,0.6,learnable,core,True,True,187342,swe_smith,en
pygments__pygments.27649ebb.combine_file__1qkwjzu6,swesmith/pygments__pygments.27649ebb,t15_repo_patch,16,5044,0.25,learnable,core,True,True,104264,swe_smith,ko
pygments__pygments.27649ebb.combine_file__4fceqqst,swesmith/pygments__pygments.27649ebb,t15_repo_patch,6,5054,0.25,learnable,core,True,True,486115,swe_smith,en
pudo__dataset.5c2dc8d3.func_pm_ctrl_shuffle__pwbngxdd,swesmith/pudo__dataset.5c2dc8d3,t15_repo_patch,2,57,0.6,learnable,core,True,True,79812,swe_smith,ko
luozhouyang__python-string-similarity.115acaac.func_pm_class_rm_funcs__fdibz29l,swesmith/luozhouyang__python-string-similarity.115acaac,t15_repo_patch,1,17,0.75,learnable,core,True,True,78451,swe_smith,en
agronholm__typeguard.b6a7e438.combine_file__zu1iqhvy,swesmith/agronholm__typeguard.b6a7e438,t15_repo_patch,7,403,0.4,learnable,core,True,True,122426,swe_smith,en
joke2k__faker.8b401a7d.combine_module__73ycrnyf,swesmith/joke2k__faker.8b401a7d,t15_repo_patch,10,2093,0.4,learnable,core,True,True,204116,swe_smith,ko
Suor__funcy.207a7810.combine_file__9xbr3kzj,swesmith/Suor__funcy.207a7810,t15_repo_patch,9,194,0.6,learnable,core,True,True,136565,swe_smith,ko
PyCQA__flake8.cf1542ce.func_basic__3ojrsgwx,swesmith/PyCQA__flake8.cf1542ce,t15_repo_patch,2,417,0.75,learnable,core,True,True,323256,swe_smith,en
bottlepy__bottle.a8dfef30.func_basic__31f1bsc4,swesmith/bottlepy__bottle.a8dfef30,t15_repo_patch,3,362,0.6,learnable,core,True,True,361481,swe_smith,ko
Suor__funcy.207a7810.combine_file__k1l4autn,swesmith/Suor__funcy.207a7810,t15_repo_patch,2,201,0.4,learnable,core,True,True,137327,swe_smith,en
cantools__cantools.0c6a7871.combine_file__2oh5mvgj,swesmith/cantools__cantools.0c6a7871,t15_repo_patch,42,330,0.6,learnable,core,True,True,91673,swe_smith,ko
bottlepy__bottle.a8dfef30.func_basic__45wy7s38,swesmith/bottlepy__bottle.a8dfef30,t15_repo_patch,8,357,0.4,learnable,core,True,True,361594,swe_smith,en
cantools__cantools.0c6a7871.combine_file__4g7nfp5f,swesmith/cantools__cantools.0c6a7871,t15_repo_patch,8,364,0.25,learnable,core,True,True,421608,swe_smith,ko
cknd__stackprinter.219fcc52.combine_file__seyzvgoz,swesmith/cknd__stackprinter.219fcc52,t15_repo_patch,3,3,0.4,learnable,core,True,True,90797,swe_smith,en
jaraco__inflect.c079a96a.func_basic__di30lmvg,swesmith/jaraco__inflect.c079a96a,t15_repo_patch,8,142,0.75,learnable,core,True,True,187687,swe_smith,en
pudo__dataset.5c2dc8d3.func_pm_remove_loop__iagokng5,swesmith/pudo__dataset.5c2dc8d3,t15_repo_patch,2,57,0.4,learnable,core,True,True,79401,swe_smith,en
agronholm__exceptiongroup.0b4f4937.combine_module__5kl4mgpe,swesmith/agronholm__exceptiongroup.0b4f4937,t15_repo_patch,23,66,0.6,learnable,core,True,True,110279,swe_smith,ko
agronholm__typeguard.b6a7e438.combine_file__7uri3gp4,swesmith/agronholm__typeguard.b6a7e438,t15_repo_patch,7,449,0.4,learnable,core,True,True,229830,swe_smith,en
joke2k__faker.8b401a7d.combine_module__w9acb3f3,swesmith/joke2k__faker.8b401a7d,t15_repo_patch,3,2100,0.4,learnable,core,True,True,300723,swe_smith,en
Knio__dominate.9082227e.pr_187,swesmith/Knio__dominate.9082227e,t15_repo_patch,65,0,0.4,learnable,core,True,True,90506,swe_smith,en
oauthlib__oauthlib.1fd52536.combine_file__78ba7zwz,swesmith/oauthlib__oauthlib.1fd52536,t15_repo_patch,19,654,0.6,learnable,core,True,True,539534,swe_smith,ko
jd__tenacity.0d40e76f.combine_file__iaukvafj,swesmith/jd__tenacity.0d40e76f,t15_repo_patch,7,116,0.6,learnable,core,True,True,159188,swe_smith,en
jaraco__inflect.c079a96a.func_basic__77wgjd4m,swesmith/jaraco__inflect.c079a96a,t15_repo_patch,5,145,0.4,learnable,core,True,True,187906,swe_smith,en
pdfminer__pdfminer.six.1a8bd2f7.combine_file__9pxesytc,swesmith/pdfminer__pdfminer.six.1a8bd2f7,t15_repo_patch,3,166,0.6,learnable,core,True,True,386781,swe_smith,ko
Cog-Creators__Red-DiscordBot.33e0eac7.combine_file__7yi8dsns,swesmith/Cog-Creators__Red-DiscordBot.33e0eac7,t15_repo_patch,5,263,0.4,learnable,core,True,True,553094,swe_smith,ko
pygments__pygments.27649ebb.combine_file__45gu2r6d,swesmith/pygments__pygments.27649ebb,t15_repo_patch,16,5044,0.4,learnable,core,True,True,234274,swe_smith,ko
agronholm__exceptiongroup.0b4f4937.combine_module__fm0c4bll,swesmith/agronholm__exceptiongroup.0b4f4937,t15_repo_patch,84,5,0.25,learnable,core,True,True,110173,swe_smith,ko
pygments__pygments.27649ebb.combine_file__4tfaw0zk,swesmith/pygments__pygments.27649ebb,t15_repo_patch,4,5056,0.4,learnable,core,True,True,103830,swe_smith,ko
luozhouyang__python-string-similarity.115acaac.func_pm_ctrl_invert_if__9etjo048,swesmith/luozhouyang__python-string-similarity.115acaac,t15_repo_patch,1,17,0.75,learnable,core,True,True,78796,swe_smith,ko
pygments__pygments.27649ebb.combine_file__2wjtctzz,swesmith/pygments__pygments.27649ebb,t15_repo_patch,5,5055,0.4,learnable,core,True,True,466374,swe_smith,ko
pygments__pygments.27649ebb.combine_file__5xyqjwea,swesmith/pygments__pygments.27649ebb,t15_repo_patch,14,5046,0.4,learnable,core,True,True,227257,swe_smith,en
cknd__stackprinter.219fcc52.combine_file__e6q4r13i,swesmith/cknd__stackprinter.219fcc52,t15_repo_patch,1,6,0.25,learnable,core,True,True,91669,swe_smith,ko
pudo__dataset.5c2dc8d3.combine_file__rbxbmcny,swesmith/pudo__dataset.5c2dc8d3,t15_repo_patch,3,56,0.6,learnable,core,True,True,80794,swe_smith,en
oauthlib__oauthlib.1fd52536.combine_file__09vlzwgc,swesmith/oauthlib__oauthlib.1fd52536,t15_repo_patch,18,655,0.6,learnable,core,True,True,116935,swe_smith,en
agronholm__exceptiongroup.0b4f4937.combine_file__f9ib0lv6,swesmith/agronholm__exceptiongroup.0b4f4937,t15_repo_patch,17,72,0.4,learnable,core,True,True,111210,swe_smith,en
agronholm__exceptiongroup.0b4f4937.combine_module__kgxoavlo,swesmith/agronholm__exceptiongroup.0b4f4937,t15_repo_patch,39,50,0.75,learnable,core,True,True,111076,swe_smith,ko
joke2k__faker.8b401a7d.func_pm_remove_assign__0ugigghr,swesmith/joke2k__faker.8b401a7d,t15_repo_patch,11,2092,0.4,learnable,core,True,True,424537,swe_smith,en
Cog-Creators__Red-DiscordBot.33e0eac7.combine_module__bjf0rr5u,swesmith/Cog-Creators__Red-DiscordBot.33e0eac7,t15_repo_patch,3,208,0.4,learnable,core,True,True,553344,swe_smith,en
luozhouyang__python-string-similarity.115acaac.combine_file__cu1lt1by,swesmith/luozhouyang__python-string-similarity.115acaac,t15_repo_patch,2,16,0.4,learnable,core,True,True,79244,swe_smith,en
PyCQA__flake8.cf1542ce.combine_module__6s6gtqrd,swesmith/PyCQA__flake8.cf1542ce,t15_repo_patch,2,417,0.25,learnable,core,True,True,323041,swe_smith,en
cantools__cantools.0c6a7871.combine_file__3gehs6ij,swesmith/cantools__cantools.0c6a7871,t15_repo_patch,14,358,0.4,learnable,core,True,True,237314,swe_smith,ko
agronholm__exceptiongroup.0b4f4937.combine_module__fi1lrok7,swesmith/agronholm__exceptiongroup.0b4f4937,t15_repo_patch,35,54,0.4,learnable,core,True,True,110579,swe_smith,en
pudo__dataset.5c2dc8d3.func_basic__n8uymc7v,swesmith/pudo__dataset.5c2dc8d3,t15_repo_patch,2,57,0.75,learnable,core,True,True,80147,swe_smith,en
pudo__dataset.5c2dc8d3.func_basic__t0vlwq3i,swesmith/pudo__dataset.5c2dc8d3,t15_repo_patch,1,58,0.75,learnable,core,True,True,79901,swe_smith,en
cknd__stackprinter.219fcc52.combine_file__9dca7cdg,swesmith/cknd__stackprinter.219fcc52,t15_repo_patch,4,3,0.25,learnable,core,True,True,91836,swe_smith,en
PyCQA__flake8.cf1542ce.func_basic__6fn1rne9,swesmith/PyCQA__flake8.cf1542ce,t15_repo_patch,1,418,0.75,learnable,core,True,True,255210,swe_smith,en
cantools__cantools.0c6a7871.combine_file__1q8tw1rk,swesmith/cantools__cantools.0c6a7871,t15_repo_patch,12,360,0.6,learnable,core,True,True,127165,swe_smith,ko
pyupio__safety.7654596b.combine_file__ka0pk878,swesmith/pyupio__safety.7654596b,t15_repo_patch,11,107,0.6,learnable,core,True,True,126495,swe_smith,en
oauthlib__oauthlib.1fd52536.combine_file__366dyxhy,swesmith/oauthlib__oauthlib.1fd52536,t15_repo_patch,172,501,0.25,learnable,core,True,True,533826,swe_smith,en
cknd__stackprinter.219fcc52.combine_file__jnvikixw,swesmith/cknd__stackprinter.219fcc52,t15_repo_patch,2,5,0.4,learnable,core,True,True,91514,swe_smith,ko
Suor__funcy.207a7810.combine_file__hrj9q0oi,swesmith/Suor__funcy.207a7810,t15_repo_patch,7,196,0.4,learnable,core,True,True,137121,swe_smith,en
pudo__dataset.5c2dc8d3.combine_file__hp5yoq5o,swesmith/pudo__dataset.5c2dc8d3,t15_repo_patch,3,56,0.75,learnable,core,True,True,79890,swe_smith,ko
jaraco__inflect.c079a96a.func_basic__dub3lvb3,swesmith/jaraco__inflect.c079a96a,t15_repo_patch,5,145,0.75,learnable,core,True,True,187292,swe_smith,en
pyupio__safety.7654596b.combine_file__ql1q2but,swesmith/pyupio__safety.7654596b,t15_repo_patch,6,112,0.6,learnable,core,True,True,266751,swe_smith,ko
bottlepy__bottle.a8dfef30.combine_file__zau84fwc,swesmith/bottlepy__bottle.a8dfef30,t15_repo_patch,20,345,0.4,learnable,core,True,True,361538,swe_smith,en
Cog-Creators__Red-DiscordBot.33e0eac7.combine_file__xwviazi8,swesmith/Cog-Creators__Red-DiscordBot.33e0eac7,t15_repo_patch,2,266,0.6,learnable,core,True,True,130931,swe_smith,en
Cog-Creators__Red-DiscordBot.33e0eac7.combine_module__d063c1f4,swesmith/Cog-Creators__Red-DiscordBot.33e0eac7,t15_repo_patch,2,266,0.25,learnable,core,True,True,119838,swe_smith,ko
Cog-Creators__Red-DiscordBot.33e0eac7.combine_file__d97cxah7,swesmith/Cog-Creators__Red-DiscordBot.33e0eac7,t15_repo_patch,3,265,0.4,learnable,core,True,True,259324,swe_smith,ko
Cog-Creators__Red-DiscordBot.33e0eac7.combine_module__0gr72zo5,swesmith/Cog-Creators__Red-DiscordBot.33e0eac7,t15_repo_patch,1,259,0.4,learnable,core,True,True,538450,swe_smith,ko
oauthlib__oauthlib.1fd52536.combine_file__1o3hm5l5,swesmith/oauthlib__oauthlib.1fd52536,t15_repo_patch,1,672,0.75,learnable,core,True,True,128780,swe_smith,en
Cog-Creators__Red-DiscordBot.33e0eac7.combine_module__7dxlw6wk,swesmith/Cog-Creators__Red-DiscordBot.33e0eac7,t15_repo_patch,5,263,0.4,learnable,core,True,True,121154,swe_smith,ko
Suor__funcy.207a7810.combine_file__3cucpzij,swesmith/Suor__funcy.207a7810,t15_repo_patch,9,194,0.4,learnable,core,True,True,137345,swe_smith,en
pyupio__safety.7654596b.combine_file__n8yceun2,swesmith/pyupio__safety.7654596b,t15_repo_patch,5,113,0.6,learnable,core,True,True,126963,swe_smith,ko
Cog-Creators__Red-DiscordBot.33e0eac7.combine_module__886ywrvb,swesmith/Cog-Creators__Red-DiscordBot.33e0eac7,t15_repo_patch,3,265,0.4,learnable,core,True,True,262370,swe_smith,en
bottlepy__bottle.a8dfef30.func_basic__0mk0h5g4,swesmith/bottlepy__bottle.a8dfef30,t15_repo_patch,88,277,0.75,learnable,core,True,True,250561,swe_smith,en
Knio__dominate.9082227e.func_pm_class_rm_base__44pnxlan,swesmith/Knio__dominate.9082227e,t15_repo_patch,1,64,0.75,learnable,core,True,True,91764,swe_smith,en
pygments__pygments.27649ebb.combine_file__3pcclc7e,swesmith/pygments__pygments.27649ebb,t15_repo_patch,208,4852,0.25,learnable,core,True,True,476837,swe_smith,ko
Knio__dominate.9082227e.combine_file__lfhwmvs5,swesmith/Knio__dominate.9082227e,t15_repo_patch,2,63,0.6,learnable,core,True,True,91558,swe_smith,en
luozhouyang__python-string-similarity.115acaac.func_pm_ctrl_shuffle__lb0gs3i9,swesmith/luozhouyang__python-string-similarity.115acaac,t15_repo_patch,1,17,0.75,learnable,core,True,True,78380,swe_smith,ko
oauthlib__oauthlib.1fd52536.combine_file__8424hlua,swesmith/oauthlib__oauthlib.1fd52536,t15_repo_patch,1,672,0.75,learnable,core,True,True,135104,swe_smith,en
Cog-Creators__Red-DiscordBot.33e0eac7.combine_module__mkemzpwf,swesmith/Cog-Creators__Red-DiscordBot.33e0eac7,t15_repo_patch,5,206,0.4,learnable,core,True,True,263332,swe_smith,en
cknd__stackprinter.219fcc52.combine_file__ewv5rmhm,swesmith/cknd__stackprinter.219fcc52,t15_repo_patch,2,5,0.25,learnable,core,True,True,90893,swe_smith,en
pudo__dataset.5c2dc8d3.func_pm_ctrl_shuffle__p8zgf1es,swesmith/pudo__dataset.5c2dc8d3,t15_repo_patch,4,55,0.6,learnable,core,True,True,80171,swe_smith,en
oauthlib__oauthlib.1fd52536.combine_file__7ymo4qe1,swesmith/oauthlib__oauthlib.1fd52536,t15_repo_patch,7,666,0.4,learnable,core,True,True,254129,swe_smith,en
luozhouyang__python-string-similarity.115acaac.func_pm_ctrl_shuffle__18ll59ds,swesmith/luozhouyang__python-string-similarity.115acaac,t15_repo_patch,1,17,0.6,learnable,core,True,True,78321,swe_smith,ko
bottlepy__bottle.a8dfef30.combine_file__ahufnyv5,swesmith/bottlepy__bottle.a8dfef30,t15_repo_patch,13,352,0.4,learnable,core,True,True,361204,swe_smith,ko
agronholm__exceptiongroup.0b4f4937.combine_file__5f69j6zc,swesmith/agronholm__exceptiongroup.0b4f4937,t15_repo_patch,41,48,0.6,learnable,core,True,True,110168,swe_smith,en
agronholm__exceptiongroup.0b4f4937.combine_module__mkpnzqei,swesmith/agronholm__exceptiongroup.0b4f4937,t15_repo_patch,83,6,0.25,learnable,core,True,True,110402,swe_smith,en
pudo__dataset.5c2dc8d3.func_pm_remove_cond__27go465n,swesmith/pudo__dataset.5c2dc8d3,t15_repo_patch,1,58,0.75,learnable,core,True,True,79964,swe_smith,en
pyupio__safety.7654596b.combine_module__2yi6sviw,swesmith/pyupio__safety.7654596b,t15_repo_patch,4,114,0.25,learnable,core,True,True,270784,swe_smith,en
mahmoud__boltons.3bfcfdd0.combine_file__7nlifqzn,swesmith/mahmoud__boltons.3bfcfdd0,t15_repo_patch,2,410,0.4,learnable,core,True,True,224945,swe_smith,en
cknd__stackprinter.219fcc52.combine_file__5zghcl1w,swesmith/cknd__stackprinter.219fcc52,t15_repo_patch,2,5,0.25,learnable,core,True,True,91877,swe_smith,en
pyupio__safety.7654596b.combine_module__0yki9jlr,swesmith/pyupio__safety.7654596b,t15_repo_patch,5,113,0.4,learnable,core,True,True,266612,swe_smith,en
bottlepy__bottle.a8dfef30.func_basic__5bhwl4uv,swesmith/bottlepy__bottle.a8dfef30,t15_repo_patch,1,364,0.6,learnable,core,True,True,248671,swe_smith,ko
pygments__pygments.27649ebb.combine_file__2ss46tv5,swesmith/pygments__pygments.27649ebb,t15_repo_patch,32,5028,0.25,learnable,core,True,True,111870,swe_smith,en
pygments__pygments.27649ebb.combine_file__5qtxjczz,swesmith/pygments__pygments.27649ebb,t15_repo_patch,28,5032,0.6,learnable,core,True,True,102375,swe_smith,en
luozhouyang__python-string-similarity.115acaac.func_pm_ctrl_shuffle__llhbww8d,swesmith/luozhouyang__python-string-similarity.115acaac,t15_repo_patch,1,17,0.75,learnable,core,True,True,78441,swe_smith,ko
Knio__dominate.9082227e.func_basic__6sweuh5e,swesmith/Knio__dominate.9082227e,t15_repo_patch,1,64,0.75,learnable,core,True,True,91393,swe_smith,ko
agronholm__typeguard.b6a7e438.combine_file__mql4ka0r,swesmith/agronholm__typeguard.b6a7e438,t15_repo_patch,77,333,0.4,learnable,core,True,True,251801,swe_smith,en
luozhouyang__python-string-similarity.115acaac.func_pm_ctrl_shuffle__7bxevwv5,swesmith/luozhouyang__python-string-similarity.115acaac,t15_repo_patch,2,16,0.75,learnable,core,True,True,79016,swe_smith,en
oauthlib__oauthlib.1fd52536.combine_file__0hkl0pea,swesmith/oauthlib__oauthlib.1fd52536,t15_repo_patch,172,501,0.4,learnable,core,True,True,546288,swe_smith,en
luozhouyang__python-string-similarity.115acaac.func_basic__kowr5xy4,swesmith/luozhouyang__python-string-similarity.115acaac,t15_repo_patch,1,17,0.75,learnable,core,True,True,78468,swe_smith,ko
oauthlib__oauthlib.1fd52536.combine_file__1bsv3m8l,swesmith/oauthlib__oauthlib.1fd52536,t15_repo_patch,4,669,0.6,learnable,core,True,True,253080,swe_smith,en
Suor__funcy.207a7810.combine_file__724bnxkn,swesmith/Suor__funcy.207a7810,t15_repo_patch,6,197,0.6,learnable,core,True,True,137979,swe_smith,en
luozhouyang__python-string-similarity.115acaac.func_pm_class_rm_funcs__c79l98k5,swesmith/luozhouyang__python-string-similarity.115acaac,t15_repo_patch,1,17,0.4,learnable,core,True,True,78818,swe_smith,en
cantools__cantools.0c6a7871.combine_file__6x3oo3g5,swesmith/cantools__cantools.0c6a7871,t15_repo_patch,14,358,0.4,learnable,core,True,True,140081,swe_smith,en
jaraco__inflect.c079a96a.func_basic__9lsc3k23,swesmith/jaraco__inflect.c079a96a,t15_repo_patch,8,142,0.4,learnable,core,True,True,187202,swe_smith,en
pudo__dataset.5c2dc8d3.func_pm_ctrl_shuffle__ap17dl1l,swesmith/pudo__dataset.5c2dc8d3,t15_repo_patch,2,57,0.6,learnable,core,True,True,80616,swe_smith,en
pdfminer__pdfminer.six.1a8bd2f7.combine_file__db38faiu,swesmith/pdfminer__pdfminer.six.1a8bd2f7,t15_repo_patch,11,158,0.4,learnable,core,True,True,110082,swe_smith,ko
luozhouyang__python-string-similarity.115acaac.func_pm_ctrl_invert_if__odyebhcy,swesmith/luozhouyang__python-string-similarity.115acaac,t15_repo_patch,1,17,0.4,learnable,core,True,True,79001,swe_smith,en
agronholm__typeguard.b6a7e438.combine_file__uhb3sa6z,swesmith/agronholm__typeguard.b6a7e438,t15_repo_patch,6,450,0.25,learnable,core,True,True,121996,swe_smith,ko
agronholm__exceptiongroup.0b4f4937.combine_module__a6ta2od9,swesmith/agronholm__exceptiongroup.0b4f4937,t15_repo_patch,63,26,0.4,learnable,core,True,True,110065,swe_smith,ko
agronholm__exceptiongroup.0b4f4937.combine_module__9pv57301,swesmith/agronholm__exceptiongroup.0b4f4937,t15_repo_patch,5,84,0.6,learnable,core,True,True,110459,swe_smith,ko
pygments__pygments.27649ebb.combine_file__1uyxj5ej,swesmith/pygments__pygments.27649ebb,t15_repo_patch,15,5045,0.4,learnable,core,True,True,449312,swe_smith,en
joke2k__faker.8b401a7d.func_pm_class_rm_funcs__cqdxidw3,swesmith/joke2k__faker.8b401a7d,t15_repo_patch,5,2098,0.4,learnable,core,True,True,102358,swe_smith,en
Cog-Creators__Red-DiscordBot.33e0eac7.combine_module__535wueez,swesmith/Cog-Creators__Red-DiscordBot.33e0eac7,t15_repo_patch,2,266,0.6,learnable,core,True,True,120974,swe_smith,en
jd__tenacity.0d40e76f.combine_file__wig9ao0c,swesmith/jd__tenacity.0d40e76f,t15_repo_patch,2,121,0.75,learnable,core,True,True,159877,swe_smith,en
agronholm__exceptiongroup.0b4f4937.combine_file__ap097ezd,swesmith/agronholm__exceptiongroup.0b4f4937,t15_repo_patch,17,72,0.25,learnable,core,True,True,111044,swe_smith,en
Cog-Creators__Red-DiscordBot.33e0eac7.combine_file__9gfdmym0,swesmith/Cog-Creators__Red-DiscordBot.33e0eac7,t15_repo_patch,5,263,0.75,learnable,core,True,True,122701,swe_smith,en
joke2k__faker.8b401a7d.combine_module__ojfqafk1,swesmith/joke2k__faker.8b401a7d,t15_repo_patch,7,2096,0.4,learnable,core,True,True,97071,swe_smith,en
Knio__dominate.9082227e.func_basic__3j8c0kj7,swesmith/Knio__dominate.9082227e,t15_repo_patch,2,63,0.75,learnable,core,True,True,91250,swe_smith,en
bottlepy__bottle.a8dfef30.func_basic__5ygt4477,swesmith/bottlepy__bottle.a8dfef30,t15_repo_patch,7,358,0.6,learnable,core,True,True,361324,swe_smith,en
pudo__dataset.5c2dc8d3.func_basic__unvpw8ok,swesmith/pudo__dataset.5c2dc8d3,t15_repo_patch,1,58,0.4,learnable,core,True,True,80938,swe_smith,en
oauthlib__oauthlib.1fd52536.combine_file__8711slta,swesmith/oauthlib__oauthlib.1fd52536,t15_repo_patch,25,648,0.4,learnable,core,True,True,545943,swe_smith,ko
PyCQA__flake8.cf1542ce.combine_module__pejl71qq,swesmith/PyCQA__flake8.cf1542ce,t15_repo_patch,4,415,0.4,learnable,core,True,True,322833,swe_smith,ko
cknd__stackprinter.219fcc52.combine_file__3mb4yuht,swesmith/cknd__stackprinter.219fcc52,t15_repo_patch,2,5,0.25,learnable,core,True,True,92198,swe_smith,en
agronholm__typeguard.b6a7e438.combine_module__2d6wtqog,swesmith/agronholm__typeguard.b6a7e438,t15_repo_patch,7,403,0.25,learnable,core,True,True,285646,swe_smith,ko
pygments__pygments.27649ebb.combine_file__424kk7ef,swesmith/pygments__pygments.27649ebb,t15_repo_patch,7,5053,0.4,learnable,core,True,True,112103,swe_smith,en
jd__tenacity.0d40e76f.combine_module__31gyysk9,swesmith/jd__tenacity.0d40e76f,t15_repo_patch,15,108,0.75,learnable,core,True,True,97848,swe_smith,en
bottlepy__bottle.a8dfef30.func_basic__626yp9sn,swesmith/bottlepy__bottle.a8dfef30,t15_repo_patch,31,334,0.75,learnable,core,True,True,253664,swe_smith,en
joke2k__faker.8b401a7d.func_pm_op_swap__yc8agswj,swesmith/joke2k__faker.8b401a7d,t15_repo_patch,3,2100,0.6,learnable,core,True,True,199792,swe_smith,en
pygments__pygments.27649ebb.combine_file__10iyw9d8,swesmith/pygments__pygments.27649ebb,t15_repo_patch,8,5052,0.4,learnable,core,True,True,221293,swe_smith,ko
pudo__dataset.5c2dc8d3.combine_file__emn854d9,swesmith/pudo__dataset.5c2dc8d3,t15_repo_patch,3,56,0.6,learnable,core,True,True,80282,swe_smith,ko
cantools__cantools.0c6a7871.combine_file__4j1ah2s3,swesmith/cantools__cantools.0c6a7871,t15_repo_patch,57,315,0.75,learnable,core,True,True,213050,swe_smith,ko
pygments__pygments.27649ebb.combine_file__0amjfhxw,swesmith/pygments__pygments.27649ebb,t15_repo_patch,102,4958,0.75,learnable,core,True,True,439400,swe_smith,en
agronholm__typeguard.b6a7e438.combine_file__y7fbfgvb,swesmith/agronholm__typeguard.b6a7e438,t15_repo_patch,185,271,0.4,learnable,core,True,True,123219,swe_smith,ko
jaraco__inflect.c079a96a.func_basic__20t8s193,swesmith/jaraco__inflect.c079a96a,t15_repo_patch,1,149,0.75,learnable,core,True,True,186728,swe_smith,ko
joke2k__faker.8b401a7d.combine_module__5t5xnt2a,swesmith/joke2k__faker.8b401a7d,t15_repo_patch,4,2099,0.4,learnable,core,True,True,267442,swe_smith,en
Suor__funcy.207a7810.combine_file__k7uqr3fm,swesmith/Suor__funcy.207a7810,t15_repo_patch,3,200,0.4,learnable,core,True,True,102021,swe_smith,en
Knio__dominate.9082227e.func_basic__resw7g2k,swesmith/Knio__dominate.9082227e,t15_repo_patch,1,64,0.75,learnable,core,True,True,91703,swe_smith,en
pyupio__safety.7654596b.combine_file__3oso2p08,swesmith/pyupio__safety.7654596b,t15_repo_patch,23,95,0.4,learnable,core,True,True,265353,swe_smith,en
jd__tenacity.0d40e76f.combine_file__69rgwhxp,swesmith/jd__tenacity.0d40e76f,t15_repo_patch,99,24,0.25,learnable,core,True,True,157508,swe_smith,ko
pyupio__safety.7654596b.combine_module__32hpo3aj,swesmith/pyupio__safety.7654596b,t15_repo_patch,23,95,0.4,learnable,core,True,True,550572,swe_smith,en
jaraco__inflect.c079a96a.func_basic__5u2jk6g0,swesmith/jaraco__inflect.c079a96a,t15_repo_patch,4,146,0.75,learnable,core,True,True,186700,swe_smith,ko
Cog-Creators__Red-DiscordBot.33e0eac7.combine_file__5x7jn623,swesmith/Cog-Creators__Red-DiscordBot.33e0eac7,t15_repo_patch,5,261,0.4,learnable,core,True,True,272852,swe_smith,ko
mahmoud__boltons.3bfcfdd0.combine_file__mn4lzmb4,swesmith/mahmoud__boltons.3bfcfdd0,t15_repo_patch,3,409,0.4,learnable,core,True,True,234324,swe_smith,ko
agronholm__exceptiongroup.0b4f4937.combine_file__mw63j2hd,swesmith/agronholm__exceptiongroup.0b4f4937,t15_repo_patch,28,61,0.25,learnable,core,True,True,110570,swe_smith,en
agronholm__exceptiongroup.0b4f4937.combine_module__nfx0d1jk,swesmith/agronholm__exceptiongroup.0b4f4937,t15_repo_patch,4,85,0.6,learnable,core,True,True,110795,swe_smith,ko
luozhouyang__python-string-similarity.115acaac.func_basic__6nnrxgue,swesmith/luozhouyang__python-string-similarity.115acaac,t15_repo_patch,1,17,0.6,learnable,core,True,True,78668,swe_smith,ko
pudo__dataset.5c2dc8d3.func_pm_remove_loop__orpgrfog,swesmith/pudo__dataset.5c2dc8d3,t15_repo_patch,5,54,0.6,learnable,core,True,True,80604,swe_smith,en
agronholm__typeguard.b6a7e438.combine_module__5heps2jl,swesmith/agronholm__typeguard.b6a7e438,t15_repo_patch,74,336,0.4,learnable,core,True,True,251236,swe_smith,en
mahmoud__boltons.3bfcfdd0.combine_file__c5rs0ihw,swesmith/mahmoud__boltons.3bfcfdd0,t15_repo_patch,1,411,0.6,learnable,core,True,True,225294,swe_smith,ko
pyupio__safety.7654596b.combine_module__0xpuor70,swesmith/pyupio__safety.7654596b,t15_repo_patch,7,111,0.25,learnable,core,True,True,135082,swe_smith,en
cknd__stackprinter.219fcc52.combine_file__tl1vgxi2,swesmith/cknd__stackprinter.219fcc52,t15_repo_patch,2,5,0.4,learnable,core,True,True,91130,swe_smith,ko
oauthlib__oauthlib.1fd52536.combine_file__3robnlss,swesmith/oauthlib__oauthlib.1fd52536,t15_repo_patch,8,665,0.6,learnable,core,True,True,262555,swe_smith,en
joke2k__faker.8b401a7d.func_pm_remove_assign__1h0vktjt,swesmith/joke2k__faker.8b401a7d,t15_repo_patch,3,2100,0.4,learnable,core,True,True,123195,swe_smith,en
Knio__dominate.9082227e.combine_file__c41n4t58,swesmith/Knio__dominate.9082227e,t15_repo_patch,6,59,0.4,learnable,core,True,True,91787,swe_smith,ko
jaraco__inflect.c079a96a.func_basic__22egpvdf,swesmith/jaraco__inflect.c079a96a,t15_repo_patch,8,142,0.4,learnable,core,True,True,187021,swe_smith,ko
PyCQA__flake8.cf1542ce.combine_file__vyjnqkfm,swesmith/PyCQA__flake8.cf1542ce,t15_repo_patch,1,418,0.75,learnable,core,True,True,243850,swe_smith,ko
oauthlib__oauthlib.1fd52536.combine_file__4h1qcza1,swesmith/oauthlib__oauthlib.1fd52536,t15_repo_patch,39,634,0.25,learnable,core,True,True,265213,swe_smith,ko
pygments__pygments.27649ebb.combine_file__2y51dv20,swesmith/pygments__pygments.27649ebb,t15_repo_patch,13,5047,0.4,learnable,core,True,True,105817,swe_smith,en
jd__tenacity.0d40e76f.combine_file__x5zc4xb6,swesmith/jd__tenacity.0d40e76f,t15_repo_patch,3,120,0.6,learnable,core,True,True,119542,swe_smith,ko
pudo__dataset.5c2dc8d3.func_basic__r1lam6h6,swesmith/pudo__dataset.5c2dc8d3,t15_repo_patch,2,57,0.75,learnable,core,True,True,79909,swe_smith,ko
jaraco__inflect.c079a96a.func_basic__f7pk0kv1,swesmith/jaraco__inflect.c079a96a,t15_repo_patch,18,132,0.4,learnable,core,True,True,186508,swe_smith,ko
pdfminer__pdfminer.six.1a8bd2f7.combine_file__4rq2q24o,swesmith/pdfminer__pdfminer.six.1a8bd2f7,t15_repo_patch,77,92,0.75,learnable,core,True,True,236166,swe_smith,en
pyupio__safety.7654596b.combine_module__3xluiksy,swesmith/pyupio__safety.7654596b,t15_repo_patch,14,104,0.4,learnable,core,True,True,265128,swe_smith,en
pdfminer__pdfminer.six.1a8bd2f7.combine_file__d1phgeou,swesmith/pdfminer__pdfminer.six.1a8bd2f7,t15_repo_patch,54,115,0.4,learnable,core,True,True,444507,swe_smith,ko
pdfminer__pdfminer.six.1a8bd2f7.combine_file__lum5he2b,swesmith/pdfminer__pdfminer.six.1a8bd2f7,t15_repo_patch,46,123,0.4,learnable,core,True,True,233477,swe_smith,ko
pdfminer__pdfminer.six.1a8bd2f7.combine_file__aj8swz81,swesmith/pdfminer__pdfminer.six.1a8bd2f7,t15_repo_patch,50,119,0.75,learnable,core,True,True,227467,swe_smith,en
cantools__cantools.0c6a7871.combine_file__07xdw34c,swesmith/cantools__cantools.0c6a7871,t15_repo_patch,25,347,0.4,learnable,core,True,True,209919,swe_smith,en
agronholm__typeguard.b6a7e438.combine_file__fv02zs19,swesmith/agronholm__typeguard.b6a7e438,t15_repo_patch,185,271,0.25,learnable,core,True,True,269395,swe_smith,en
pudo__dataset.5c2dc8d3.combine_file__wxwkl5tn,swesmith/pudo__dataset.5c2dc8d3,t15_repo_patch,2,57,0.75,learnable,core,True,True,79941,swe_smith,ko
cknd__stackprinter.219fcc52.combine_file__7moimff0,swesmith/cknd__stackprinter.219fcc52,t15_repo_patch,2,5,0.4,learnable,core,True,True,90979,swe_smith,en
Suor__funcy.207a7810.combine_file__5c2gq3ju,swesmith/Suor__funcy.207a7810,t15_repo_patch,6,197,0.4,learnable,core,True,True,99911,swe_smith,ko
cantools__cantools.0c6a7871.combine_file__4rir7g2k,swesmith/cantools__cantools.0c6a7871,t15_repo_patch,3,369,0.6,learnable,core,True,True,267554,swe_smith,ko
pdfminer__pdfminer.six.1a8bd2f7.combine_file__qz2g332b,swesmith/pdfminer__pdfminer.six.1a8bd2f7,t15_repo_patch,71,98,0.25,learnable,core,True,True,116383,swe_smith,en
cknd__stackprinter.219fcc52.combine_file__ari1pvlw,swesmith/cknd__stackprinter.219fcc52,t15_repo_patch,2,5,0.4,learnable,core,True,True,92130,swe_smith,en
mahmoud__boltons.3bfcfdd0.func_basic__2bbqxvei,swesmith/mahmoud__boltons.3bfcfdd0,t15_repo_patch,1,411,0.6,learnable,core,True,True,235057,swe_smith,ko
pyupio__safety.7654596b.combine_file__tmvna21t,swesmith/pyupio__safety.7654596b,t15_repo_patch,5,113,0.4,learnable,core,True,True,261663,swe_smith,en
Suor__funcy.207a7810.combine_file__be6tat1i,swesmith/Suor__funcy.207a7810,t15_repo_patch,2,201,0.75,learnable,core,True,True,136999,swe_smith,ko
mahmoud__boltons.3bfcfdd0.func_pm_ctrl_invert_if__548m4o51,swesmith/mahmoud__boltons.3bfcfdd0,t15_repo_patch,1,411,0.75,learnable,core,True,True,476186,swe_smith,ko
jd__tenacity.0d40e76f.combine_file__4gcf36bk,swesmith/jd__tenacity.0d40e76f,t15_repo_patch,1,122,0.6,learnable,core,True,True,122542,swe_smith,en
Cog-Creators__Red-DiscordBot.33e0eac7.combine_file__ib9j050b,swesmith/Cog-Creators__Red-DiscordBot.33e0eac7,t15_repo_patch,2,266,0.6,learnable,core,True,True,263818,swe_smith,en
mahmoud__boltons.3bfcfdd0.combine_file__aa3bb0yq,swesmith/mahmoud__boltons.3bfcfdd0,t15_repo_patch,1,411,0.6,learnable,core,True,True,473788,swe_smith,ko
luozhouyang__python-string-similarity.115acaac.func_pm_class_rm_base__nzathmgu,swesmith/luozhouyang__python-string-similarity.115acaac,t15_repo_patch,1,17,0.75,learnable,core,True,True,78371,swe_smith,ko
pygments__pygments.27649ebb.combine_file__07pfbsi4,swesmith/pygments__pygments.27649ebb,t15_repo_patch,3,5057,0.4,learnable,core,True,True,227610,swe_smith,ko
agronholm__typeguard.b6a7e438.combine_file__guqsm0lk,swesmith/agronholm__typeguard.b6a7e438,t15_repo_patch,89,367,0.4,learnable,core,True,True,285728,swe_smith,ko
pyupio__safety.7654596b.combine_file__vtudncut,swesmith/pyupio__safety.7654596b,t15_repo_patch,9,109,0.25,learnable,core,True,True,547210,swe_smith,en
jd__tenacity.0d40e76f.combine_file__qdll5l0h,swesmith/jd__tenacity.0d40e76f,t15_repo_patch,15,108,0.6,learnable,core,True,True,158857,swe_smith,en
agronholm__typeguard.b6a7e438.combine_module__2bjss26m,swesmith/agronholm__typeguard.b6a7e438,t15_repo_patch,33,423,0.25,learnable,core,True,True,263189,swe_smith,en
mahmoud__boltons.3bfcfdd0.func_basic__x0it4etp,swesmith/mahmoud__boltons.3bfcfdd0,t15_repo_patch,1,411,0.4,learnable,core,True,True,109434,swe_smith,ko
joke2k__faker.8b401a7d.combine_module__lggd16za,swesmith/joke2k__faker.8b401a7d,t15_repo_patch,2,2101,0.4,learnable,core,True,True,322877,swe_smith,en
oauthlib__oauthlib.1fd52536.combine_file__5ri2mg9d,swesmith/oauthlib__oauthlib.1fd52536,t15_repo_patch,46,627,0.25,learnable,core,True,True,533366,swe_smith,ko
joke2k__faker.8b401a7d.func_pm_remove_assign__1m4ki321,swesmith/joke2k__faker.8b401a7d,t15_repo_patch,1,2102,0.75,learnable,core,True,True,196967,swe_smith,ko
oauthlib__oauthlib.1fd52536.combine_file__80bjmmcp,swesmith/oauthlib__oauthlib.1fd52536,t15_repo_patch,7,666,0.25,learnable,core,True,True,545694,swe_smith,en
oauthlib__oauthlib.1fd52536.combine_file__4989os43,swesmith/oauthlib__oauthlib.1fd52536,t15_repo_patch,26,647,0.4,learnable,core,True,True,127247,swe_smith,en
oauthlib__oauthlib.1fd52536.combine_file__0y673oox,swesmith/oauthlib__oauthlib.1fd52536,t15_repo_patch,13,660,0.4,learnable,core,True,True,130563,swe_smith,en
Knio__dominate.9082227e.func_basic__hcxbqwpj,swesmith/Knio__dominate.9082227e,t15_repo_patch,1,64,0.75,learnable,core,True,True,91240,swe_smith,ko
jd__tenacity.0d40e76f.combine_module__nbe3ab8d,swesmith/jd__tenacity.0d40e76f,t15_repo_patch,15,108,0.25,learnable,core,True,True,158680,swe_smith,ko
Cog-Creators__Red-DiscordBot.33e0eac7.combine_file__me50wn6u,swesmith/Cog-Creators__Red-DiscordBot.33e0eac7,t15_repo_patch,7,245,0.4,learnable,core,True,True,552803,swe_smith,en
jd__tenacity.0d40e76f.combine_file__w5na1oqu,swesmith/jd__tenacity.0d40e76f,t15_repo_patch,4,119,0.75,learnable,core,True,True,120183,swe_smith,en
agronholm__typeguard.b6a7e438.combine_module__72dmf0wo,swesmith/agronholm__typeguard.b6a7e438,t15_repo_patch,200,210,0.4,learnable,core,True,True,121825,swe_smith,en
jaraco__inflect.c079a96a.func_basic__bm66rqbr,swesmith/jaraco__inflect.c079a96a,t15_repo_patch,8,142,0.6,learnable,core,True,True,186562,swe_smith,ko
jaraco__inflect.c079a96a.func_basic__ddls41eq,swesmith/jaraco__inflect.c079a96a,t15_repo_patch,25,125,0.4,learnable,core,True,True,186911,swe_smith,en
pyupio__safety.7654596b.combine_module__bbdsgelf,swesmith/pyupio__safety.7654596b,t15_repo_patch,3,115,0.4,learnable,core,True,True,129954,swe_smith,en
Cog-Creators__Red-DiscordBot.33e0eac7.combine_module__mn8171fl,swesmith/Cog-Creators__Red-DiscordBot.33e0eac7,t15_repo_patch,2,266,0.6,learnable,core,True,True,557335,swe_smith,ko
mahmoud__boltons.3bfcfdd0.func_pm_op_change_const__r86tm1wy,swesmith/mahmoud__boltons.3bfcfdd0,t15_repo_patch,2,410,0.75,learnable,core,True,True,222577,swe_smith,en
cantools__cantools.0c6a7871.combine_file__1w4tyzon,swesmith/cantools__cantools.0c6a7871,t15_repo_patch,7,365,0.75,learnable,core,True,True,500738,swe_smith,ko
cantools__cantools.0c6a7871.combine_file__0ojljd70,swesmith/cantools__cantools.0c6a7871,t15_repo_patch,17,355,0.75,learnable,core,True,True,513221,swe_smith,ko
joke2k__faker.8b401a7d.combine_module__ikqnpwwc,swesmith/joke2k__faker.8b401a7d,t15_repo_patch,6,2097,0.6,learnable,core,True,True,96709,swe_smith,ko
mahmoud__boltons.3bfcfdd0.func_pm_ctrl_invert_if__2te3u0dq,swesmith/mahmoud__boltons.3bfcfdd0,t15_repo_patch,2,410,0.6,learnable,core,True,True,479348,swe_smith,en
jaraco__inflect.c079a96a.combine_file__y2ozfoh0,swesmith/jaraco__inflect.c079a96a,t15_repo_patch,78,72,0.4,learnable,core,True,True,187253,swe_smith,ko
joke2k__faker.8b401a7d.combine_module__y13wn9wt,swesmith/joke2k__faker.8b401a7d,t15_repo_patch,5,2098,0.4,learnable,core,True,True,296235,swe_smith,en
pygments__pygments.27649ebb.combine_file__0btycrpr,swesmith/pygments__pygments.27649ebb,t15_repo_patch,6,5054,0.6,learnable,core,True,True,113165,swe_smith,en
jaraco__inflect.c079a96a.func_basic__31p51k97,swesmith/jaraco__inflect.c079a96a,t15_repo_patch,37,113,0.25,learnable,core,True,True,187813,swe_smith,en
bottlepy__bottle.a8dfef30.combine_file__xtjxmlv7,swesmith/bottlepy__bottle.a8dfef30,t15_repo_patch,21,344,0.75,learnable,core,True,True,361297,swe_smith,ko
bottlepy__bottle.a8dfef30.func_basic__3ux1gb1w,swesmith/bottlepy__bottle.a8dfef30,t15_repo_patch,88,277,0.25,learnable,core,True,True,250350,swe_smith,en
pyupio__safety.7654596b.combine_module__2g5exe74,swesmith/pyupio__safety.7654596b,t15_repo_patch,5,113,0.4,learnable,core,True,True,125300,swe_smith,ko
Knio__dominate.9082227e.func_basic__s567f7gk,swesmith/Knio__dominate.9082227e,t15_repo_patch,1,64,0.75,learnable,core,True,True,91280,swe_smith,en
pudo__dataset.5c2dc8d3.combine_file__ab58f4n1,swesmith/pudo__dataset.5c2dc8d3,t15_repo_patch,3,56,0.75,learnable,core,True,True,80726,swe_smith,ko
bottlepy__bottle.a8dfef30.func_basic__4w9s5f89,swesmith/bottlepy__bottle.a8dfef30,t15_repo_patch,2,363,0.6,learnable,core,True,True,361297,swe_smith,ko
mahmoud__boltons.3bfcfdd0.combine_file__5i1f4zan,swesmith/mahmoud__boltons.3bfcfdd0,t15_repo_patch,2,410,0.4,learnable,core,True,True,106126,swe_smith,en
pygments__pygments.27649ebb.combine_file__2119qs4x,swesmith/pygments__pygments.27649ebb,t15_repo_patch,28,5032,0.25,learnable,core,True,True,119814,swe_smith,en
cantools__cantools.0c6a7871.combine_file__01jft1mj,swesmith/cantools__cantools.0c6a7871,t15_repo_patch,6,366,0.4,learnable,core,True,True,502335,swe_smith,en
pyupio__safety.7654596b.combine_module__0nqeq5zi,swesmith/pyupio__safety.7654596b,t15_repo_patch,4,114,0.25,learnable,core,True,True,266538,swe_smith,en
Knio__dominate.9082227e.func_pm_ctrl_shuffle__4b96h7zr,swesmith/Knio__dominate.9082227e,t15_repo_patch,1,64,0.6,learnable,core,True,True,91329,swe_smith,en
Suor__funcy.207a7810.combine_file__3y0j7te5,swesmith/Suor__funcy.207a7810,t15_repo_patch,3,200,0.4,learnable,core,True,True,136674,swe_smith,ko
Suor__funcy.207a7810.combine_file__ek2i9idc,swesmith/Suor__funcy.207a7810,t15_repo_patch,6,197,0.4,learnable,core,True,True,98012,swe_smith,en
oauthlib__oauthlib.1fd52536.combine_file__2kq6j5km,swesmith/oauthlib__oauthlib.1fd52536,t15_repo_patch,13,660,0.75,learnable,core,True,True,533958,swe_smith,en
jaraco__inflect.c079a96a.func_basic__c5803m21,swesmith/jaraco__inflect.c079a96a,t15_repo_patch,5,145,0.6,learnable,core,True,True,187039,swe_smith,en
Suor__funcy.207a7810.combine_file__71pmnmxj,swesmith/Suor__funcy.207a7810,t15_repo_patch,4,199,0.6,learnable,core,True,True,100753,swe_smith,en
jaraco__inflect.c079a96a.combine_file__p1km6bf3,swesmith/jaraco__inflect.c079a96a,t15_repo_patch,41,109,0.25,learnable,core,True,True,187294,swe_smith,en
Suor__funcy.207a7810.combine_file__nbt4dfpe,swesmith/Suor__funcy.207a7810,t15_repo_patch,5,198,0.4,learnable,core,True,True,136965,swe_smith,en
joke2k__faker.8b401a7d.combine_file__t04m0xvp,swesmith/joke2k__faker.8b401a7d,t15_repo_patch,5,2098,0.4,learnable,core,True,True,199210,swe_smith,ko
pyupio__safety.7654596b.combine_module__5d22wxdn,swesmith/pyupio__safety.7654596b,t15_repo_patch,28,90,0.4,learnable,core,True,True,127398,swe_smith,en
pygments__pygments.27649ebb.combine_file__15x4uecw,swesmith/pygments__pygments.27649ebb,t15_repo_patch,24,5036,0.75,learnable,core,True,True,236184,swe_smith,en
cknd__stackprinter.219fcc52.combine_file__1i9gep13,swesmith/cknd__stackprinter.219fcc52,t15_repo_patch,1,6,0.6,learnable,core,True,True,90943,swe_smith,ko
pdfminer__pdfminer.six.1a8bd2f7.combine_file__aek3kycy,swesmith/pdfminer__pdfminer.six.1a8bd2f7,t15_repo_patch,8,161,0.4,learnable,core,True,True,112401,swe_smith,ko
Suor__funcy.207a7810.combine_file__m9nft7o1,swesmith/Suor__funcy.207a7810,t15_repo_patch,2,201,0.6,learnable,core,True,True,137254,swe_smith,en
jaraco__inflect.c079a96a.func_basic__b9j1i5wg,swesmith/jaraco__inflect.c079a96a,t15_repo_patch,9,141,0.75,learnable,core,True,True,187176,swe_smith,en
oauthlib__oauthlib.1fd52536.combine_file__3gyog6ey,swesmith/oauthlib__oauthlib.1fd52536,t15_repo_patch,69,604,0.4,learnable,core,True,True,513360,swe_smith,ko
pudo__dataset.5c2dc8d3.func_pm_ctrl_shuffle__suzonpfb,swesmith/pudo__dataset.5c2dc8d3,t15_repo_patch,13,46,0.6,learnable,core,True,True,79872,swe_smith,ko
pygments__pygments.27649ebb.combine_file__4zwk24my,swesmith/pygments__pygments.27649ebb,t15_repo_patch,3,5057,0.6,learnable,core,True,True,238033,swe_smith,ko
Suor__funcy.207a7810.combine_file__lu54fx6d,swesmith/Suor__funcy.207a7810,t15_repo_patch,16,187,0.25,learnable,core,True,True,136717,swe_smith,ko
agronholm__exceptiongroup.0b4f4937.combine_file__s0m5ibx3,swesmith/agronholm__exceptiongroup.0b4f4937,t15_repo_patch,31,58,0.4,learnable,core,True,True,111040,swe_smith,en
joke2k__faker.8b401a7d.func_pm_ctrl_shuffle__vyhb3fbr,swesmith/joke2k__faker.8b401a7d,t15_repo_patch,3,2100,0.75,learnable,core,True,True,234401,swe_smith,en
bottlepy__bottle.a8dfef30.func_basic__104nbgwq,swesmith/bottlepy__bottle.a8dfef30,t15_repo_patch,6,359,0.6,learnable,core,True,True,361115,swe_smith,ko
Suor__funcy.207a7810.combine_file__oy6v498h,swesmith/Suor__funcy.207a7810,t15_repo_patch,7,196,0.25,learnable,core,True,True,105331,swe_smith,en
agronholm__exceptiongroup.0b4f4937.combine_module__rrvudskj,swesmith/agronholm__exceptiongroup.0b4f4937,t15_repo_patch,3,86,0.6,learnable,core,True,True,111367,swe_smith,en
joke2k__faker.8b401a7d.combine_module__qc6s251i,swesmith/joke2k__faker.8b401a7d,t15_repo_patch,6,2097,0.6,learnable,core,True,True,291290,swe_smith,ko
cantools__cantools.0c6a7871.combine_file__02y1oom0,swesmith/cantools__cantools.0c6a7871,t15_repo_patch,4,368,0.6,learnable,core,True,True,118711,swe_smith,ko
agronholm__exceptiongroup.0b4f4937.combine_module__lvq30r88,swesmith/agronholm__exceptiongroup.0b4f4937,t15_repo_patch,43,46,0.25,learnable,core,True,True,110353,swe_smith,en
PyCQA__flake8.cf1542ce.func_basic__hpk86qkf,swesmith/PyCQA__flake8.cf1542ce,t15_repo_patch,3,416,0.4,learnable,core,True,True,321510,swe_smith,en
cantools__cantools.0c6a7871.combine_file__0t45ljxl,swesmith/cantools__cantools.0c6a7871,t15_repo_patch,9,363,0.25,learnable,core,True,True,93883,swe_smith,en
PyCQA__flake8.cf1542ce.combine_file__a0r77ily,swesmith/PyCQA__flake8.cf1542ce,t15_repo_patch,3,416,0.6,learnable,core,True,True,248890,swe_smith,en
pdfminer__pdfminer.six.1a8bd2f7.combine_file__rdrw2vbh,swesmith/pdfminer__pdfminer.six.1a8bd2f7,t15_repo_patch,60,109,0.4,learnable,core,True,True,236879,swe_smith,en
oauthlib__oauthlib.1fd52536.combine_file__0q5tya4o,swesmith/oauthlib__oauthlib.1fd52536,t15_repo_patch,5,668,0.4,learnable,core,True,True,259422,swe_smith,en
jd__tenacity.0d40e76f.combine_file__4sazn12s,swesmith/jd__tenacity.0d40e76f,t15_repo_patch,25,98,0.6,learnable,core,True,True,159447,swe_smith,en
Knio__dominate.9082227e.func_pm_ctrl_shuffle__bswa4b3c,swesmith/Knio__dominate.9082227e,t15_repo_patch,62,3,0.75,learnable,core,True,True,90994,swe_smith,ko
cknd__stackprinter.219fcc52.combine_file__gymp2mmm,swesmith/cknd__stackprinter.219fcc52,t15_repo_patch,4,3,0.25,learnable,core,True,True,90766,swe_smith,en
joke2k__faker.8b401a7d.func_pm_ctrl_invert_if__pqge760c,swesmith/joke2k__faker.8b401a7d,t15_repo_patch,5,2098,0.75,learnable,core,True,True,227812,swe_smith,en
Knio__dominate.9082227e.func_pm_ctrl_shuffle__jfirwmwl,swesmith/Knio__dominate.9082227e,t15_repo_patch,1,64,0.4,learnable,core,True,True,91873,swe_smith,en
pygments__pygments.27649ebb.combine_file__1c15vqvc,swesmith/pygments__pygments.27649ebb,t15_repo_patch,2,5058,0.6,learnable,core,True,True,121229,swe_smith,en
joke2k__faker.8b401a7d.combine_module__q3vkn0kx,swesmith/joke2k__faker.8b401a7d,t15_repo_patch,5,2098,0.4,learnable,core,True,True,170920,swe_smith,en
Suor__funcy.207a7810.combine_file__8y50osx1,swesmith/Suor__funcy.207a7810,t15_repo_patch,3,200,0.75,learnable,core,True,True,101519,swe_smith,en
jd__tenacity.0d40e76f.func_basic__101pcgqa,swesmith/jd__tenacity.0d40e76f,t15_repo_patch,14,109,0.75,learnable,core,True,True,159283,swe_smith,en
PyCQA__flake8.cf1542ce.func_basic__u7zi26zw,swesmith/PyCQA__flake8.cf1542ce,t15_repo_patch,37,382,0.75,learnable,core,True,True,245369,swe_smith,ko
agronholm__typeguard.b6a7e438.combine_module__60cap35g,swesmith/agronholm__typeguard.b6a7e438,t15_repo_patch,5,451,0.25,learnable,core,True,True,286092,swe_smith,ko
mahmoud__boltons.3bfcfdd0.func_pm_remove_assign__ug5x9th5,swesmith/mahmoud__boltons.3bfcfdd0,t15_repo_patch,1,411,0.75,learnable,core,True,True,483806,swe_smith,en
Knio__dominate.9082227e.lm_rewrite__461x0qe2,swesmith/Knio__dominate.9082227e,t15_repo_patch,1,64,0.4,learnable,core,True,True,92133,swe_smith,en
PyCQA__flake8.cf1542ce.combine_module__8riiv8bt,swesmith/PyCQA__flake8.cf1542ce,t15_repo_patch,2,417,0.4,learnable,core,True,True,118199,swe_smith,en
joke2k__faker.8b401a7d.func_pm_ctrl_shuffle__cu9pomo3,swesmith/joke2k__faker.8b401a7d,t15_repo_patch,1,2102,0.6,learnable,core,True,True,356644,swe_smith,ko
PyCQA__flake8.cf1542ce.combine_file__5rjsdkp6,swesmith/PyCQA__flake8.cf1542ce,t15_repo_patch,34,385,0.6,learnable,core,True,True,116862,swe_smith,ko
PyCQA__flake8.cf1542ce.func_basic__suqfc8yt,swesmith/PyCQA__flake8.cf1542ce,t15_repo_patch,1,418,0.75,learnable,core,True,True,115317,swe_smith,en
joke2k__faker.8b401a7d.func_pm_ctrl_invert_if__mmx1mulh,swesmith/joke2k__faker.8b401a7d,t15_repo_patch,1,2102,0.75,learnable,core,True,True,105134,swe_smith,en
pygments__pygments.27649ebb.combine_file__0jqqr58z,swesmith/pygments__pygments.27649ebb,t15_repo_patch,4,5056,0.4,learnable,core,True,True,440321,swe_smith,en
pyupio__safety.7654596b.combine_module__av5fdunh,swesmith/pyupio__safety.7654596b,t15_repo_patch,8,110,0.4,learnable,core,True,True,268099,swe_smith,ko
bottlepy__bottle.a8dfef30.func_basic__3vce9x1z,swesmith/bottlepy__bottle.a8dfef30,t15_repo_patch,1,364,0.6,learnable,core,True,True,361811,swe_smith,en
agronholm__exceptiongroup.0b4f4937.combine_file__i0w4anf7,swesmith/agronholm__exceptiongroup.0b4f4937,t15_repo_patch,4,85,0.6,learnable,core,True,True,110681,swe_smith,en
bottlepy__bottle.a8dfef30.func_basic__4ox5mhz8,swesmith/bottlepy__bottle.a8dfef30,t15_repo_patch,4,361,0.75,learnable,core,True,True,250843,swe_smith,en
cknd__stackprinter.219fcc52.combine_file__bplftd4e,swesmith/cknd__stackprinter.219fcc52,t15_repo_patch,2,5,0.4,learnable,core,True,True,92201,swe_smith,en
agronholm__exceptiongroup.0b4f4937.combine_module__6vp5bpr2,swesmith/agronholm__exceptiongroup.0b4f4937,t15_repo_patch,48,41,0.25,learnable,core,True,True,110816,swe_smith,en
joke2k__faker.8b401a7d.combine_module__d5l7upva,swesmith/joke2k__faker.8b401a7d,t15_repo_patch,5,2098,0.6,learnable,core,True,True,96506,swe_smith,en
luozhouyang__python-string-similarity.115acaac.func_pm_ctrl_invert_if__zul46nra,swesmith/luozhouyang__python-string-similarity.115acaac,t15_repo_patch,1,17,0.75,learnable,core,True,True,79410,swe_smith,en
cantools__cantools.0c6a7871.combine_file__50pf4pnz,swesmith/cantools__cantools.0c6a7871,t15_repo_patch,1,371,0.25,learnable,core,True,True,478527,swe_smith,en
Suor__funcy.207a7810.combine_file__r1uaok2m,swesmith/Suor__funcy.207a7810,t15_repo_patch,5,198,0.4,learnable,core,True,True,96757,swe_smith,en
joke2k__faker.8b401a7d.func_pm_remove_assign__0rxokmwn,swesmith/joke2k__faker.8b401a7d,t15_repo_patch,81,2022,0.4,learnable,core,True,True,241124,swe_smith,en
PyCQA__flake8.cf1542ce.func_basic__dcrhta0k,swesmith/PyCQA__flake8.cf1542ce,t15_repo_patch,4,415,0.75,learnable,core,True,True,117903,swe_smith,en
pdfminer__pdfminer.six.1a8bd2f7.combine_file__cyuuf905,swesmith/pdfminer__pdfminer.six.1a8bd2f7,t15_repo_patch,14,155,0.25,learnable,core,True,True,222769,swe_smith,en
agronholm__typeguard.b6a7e438.combine_file__yc3z28d0,swesmith/agronholm__typeguard.b6a7e438,t15_repo_patch,130,234,0.75,learnable,core,True,True,268515,swe_smith,en
pudo__dataset.5c2dc8d3.func_pm_remove_loop__41jmoeqi,swesmith/pudo__dataset.5c2dc8d3,t15_repo_patch,5,54,0.6,learnable,core,True,True,79936,swe_smith,en
oauthlib__oauthlib.1fd52536.combine_file__6f9y9ztr,swesmith/oauthlib__oauthlib.1fd52536,t15_repo_patch,58,615,0.25,learnable,core,True,True,125241,swe_smith,en
pygments__pygments.27649ebb.combine_file__4jamgfs8,swesmith/pygments__pygments.27649ebb,t15_repo_patch,3,5057,0.4,learnable,core,True,True,112742,swe_smith,en
agronholm__exceptiongroup.0b4f4937.combine_file__bld28s29,swesmith/agronholm__exceptiongroup.0b4f4937,t15_repo_patch,20,69,0.4,learnable,core,True,True,110558,swe_smith,en
pudo__dataset.5c2dc8d3.func_pm_ctrl_shuffle__j7dgv9qd,swesmith/pudo__dataset.5c2dc8d3,t15_repo_patch,5,54,0.6,learnable,core,True,True,80176,swe_smith,en
mahmoud__boltons.3bfcfdd0.combine_file__eml7ze28,swesmith/mahmoud__boltons.3bfcfdd0,t15_repo_patch,2,410,0.6,learnable,core,True,True,460896,swe_smith,en
pyupio__safety.7654596b.combine_file__6109m8gn,swesmith/pyupio__safety.7654596b,t15_repo_patch,1,117,0.4,learnable,core,True,True,549102,swe_smith,en
Suor__funcy.207a7810.combine_file__dsudit38,swesmith/Suor__funcy.207a7810,t15_repo_patch,5,198,0.6,learnable,core,True,True,136978,swe_smith,en
jd__tenacity.0d40e76f.combine_file__x4ymm5x6,swesmith/jd__tenacity.0d40e76f,t15_repo_patch,15,108,0.4,learnable,core,True,True,158755,swe_smith,en
agronholm__exceptiongroup.0b4f4937.combine_module__9lvhskem,swesmith/agronholm__exceptiongroup.0b4f4937,t15_repo_patch,24,65,0.75,learnable,core,True,True,110816,swe_smith,en
cknd__stackprinter.219fcc52.combine_file__vjdblcn4,swesmith/cknd__stackprinter.219fcc52,t15_repo_patch,2,5,0.4,learnable,core,True,True,91627,swe_smith,en
mahmoud__boltons.3bfcfdd0.func_basic__9rz2hyqa,swesmith/mahmoud__boltons.3bfcfdd0,t15_repo_patch,1,411,0.6,learnable,core,True,True,230089,swe_smith,en
agronholm__typeguard.b6a7e438.combine_file__dye0fzhb,swesmith/agronholm__typeguard.b6a7e438,t15_repo_patch,91,365,0.4,learnable,core,True,True,286232,swe_smith,en
pyupio__safety.7654596b.combine_module__b4m47adc,swesmith/pyupio__safety.7654596b,t15_repo_patch,4,114,0.25,learnable,core,True,True,548495,swe_smith,en
agronholm__typeguard.b6a7e438.combine_file__h5cvi8n8,swesmith/agronholm__typeguard.b6a7e438,t15_repo_patch,1,455,0.4,learnable,core,True,True,127155,swe_smith,en
joke2k__faker.8b401a7d.combine_file__vdn4x6zj,swesmith/joke2k__faker.8b401a7d,t15_repo_patch,2,2101,0.4,learnable,core,True,True,169709,swe_smith,en
pudo__dataset.5c2dc8d3.combine_file__gr8tss67,swesmith/pudo__dataset.5c2dc8d3,t15_repo_patch,3,56,0.4,learnable,core,True,True,81281,swe_smith,en
jd__tenacity.0d40e76f.func_basic__1l3yf5xv,swesmith/jd__tenacity.0d40e76f,t15_repo_patch,2,121,0.75,learnable,core,True,True,159482,swe_smith,en
agronholm__typeguard.b6a7e438.combine_module__2kma4uow,swesmith/agronholm__typeguard.b6a7e438,t15_repo_patch,9,355,0.25,learnable,core,True,True,130379,swe_smith,en
pudo__dataset.5c2dc8d3.combine_file__o64flik6,swesmith/pudo__dataset.5c2dc8d3,t15_repo_patch,3,56,0.4,learnable,core,True,True,80852,swe_smith,en
cantools__cantools.0c6a7871.combine_file__2i2j5otl,swesmith/cantools__cantools.0c6a7871,t15_repo_patch,21,351,0.4,learnable,core,True,True,436644,swe_smith,en
mahmoud__boltons.3bfcfdd0.combine_file__eqm2kszz,swesmith/mahmoud__boltons.3bfcfdd0,t15_repo_patch,2,410,0.6,learnable,core,True,True,119907,swe_smith,en
pyupio__safety.7654596b.combine_module__7juthhlr,swesmith/pyupio__safety.7654596b,t15_repo_patch,4,114,0.25,learnable,core,True,True,266759,swe_smith,en
jaraco__inflect.c079a96a.func_basic__ad7j58hw,swesmith/jaraco__inflect.c079a96a,t15_repo_patch,7,143,0.6,learnable,core,True,True,187127,swe_smith,en
