== 2026-09-05T10:35:36+09:00
Mem:            1007          91         821          42         141         915
    PID   RSS COMMAND
1317539 4828232 VLLM::Worker_TP
1317538 4822388 VLLM::Worker_TP
1280658 1229276 vllm
1317375 967796 VLLM::EngineCor
 588079 592052 sssd_be
 588080 367360 sssd_nss
1338534 306336 litellm
   2143 90928 systemd-journal
  84732 62540 dcgm-exporter
 661917 60520 nv-hostengine
1280652 30112 slurmstepd
1280479 30104 slurmstepd
3781603 29272 slurmstepd
== 2026-09-05T10:35:56+09:00
Mem:            1007          92         820          42         141         915
    PID   RSS COMMAND
1317539 4828232 VLLM::Worker_TP
1317538 4822388 VLLM::Worker_TP
1280658 1229276 vllm
1317375 967796 VLLM::EngineCor
3782036 771212 python
 588079 592052 sssd_be
 588080 367360 sssd_nss
1338534 306336 litellm
   2143 90928 systemd-journal
  84732 62540 dcgm-exporter
 661917 60520 nv-hostengine
1280652 30112 slurmstepd
1280479 30104 slurmstepd
== 2026-09-05T10:36:16+09:00
Mem:            1007          92         820          42         141         915
    PID   RSS COMMAND
1317539 4828232 VLLM::Worker_TP
1317538 4822388 VLLM::Worker_TP
1280658 1229276 vllm
1317375 967796 VLLM::EngineCor
3782036 864204 python
 588079 592052 sssd_be
 588080 367360 sssd_nss
1338534 306336 litellm
   2143 90928 systemd-journal
  84732 62540 dcgm-exporter
 661917 60520 nv-hostengine
1280652 30112 slurmstepd
1280479 30104 slurmstepd
== 2026-09-05T10:36:36+09:00
Mem:            1007          96         816          42         141         910
    PID   RSS COMMAND
1317539 4828232 VLLM::Worker_TP
1317538 4822388 VLLM::Worker_TP
1280658 1229276 vllm
3782615 973704 gcs_server
1317375 967796 VLLM::EngineCor
3782036 899964 python
 588079 592052 sssd_be
 588080 367360 sssd_nss
3782784 314984 python
1338534 306336 litellm
3782853 302860 ray-dashboard-R
3782852 297352 ray-dashboard-N
3782850 288552 ray-dashboard-E
== 2026-09-05T10:36:56+09:00
Mem:            1007         104         808          42         141         903
    PID   RSS COMMAND
1317539 4828232 VLLM::Worker_TP
1317538 4822388 VLLM::Worker_TP
1280658 1229276 vllm
3782615 998372 gcs_server
1317375 967796 VLLM::EngineCor
3782036 910000 python
3788763 795144 ray::TaskRunner
3789246 600804 ray::TransferQu
 588079 592052 sssd_be
3783292 460500 raylet
3789321 444372 ray::IDLE
3789323 444128 ray::IDLE
3789324 443700 ray::IDLE
== 2026-09-05T10:37:16+09:00
Mem:            1007         106         806          42         141         901
    PID   RSS COMMAND
1317539 4828232 VLLM::Worker_TP
1317538 4822388 VLLM::Worker_TP
1280658 1229276 vllm
3790174 1120432 ray::TaskRunner
3788763 1034852 ray::TaskRunner
3782615 1001704 gcs_server
1317375 967796 VLLM::EngineCor
3782036 910000 python
3790178 776812 ray::TaskRunner
3789318 601312 ray::SimpleStor
3789323 601184 ray::SimpleStor
3789246 600804 ray::TransferQu
3789322 599372 ray::SimpleStor
== 2026-09-05T10:37:36+09:00
Mem:            1007         106         806          42         141         901
    PID   RSS COMMAND
1317539 4828232 VLLM::Worker_TP
1317538 4822388 VLLM::Worker_TP
1280658 1229276 vllm
3790174 1112536 ray::TaskRunner
3788763 1034852 ray::TaskRunner
3782615 1004700 gcs_server
1317375 967796 VLLM::EngineCor
3782036 910000 python
3790178 776812 ray::TaskRunner
3789318 601312 ray::SimpleStor
3789323 601184 ray::SimpleStor
3789246 600804 ray::TransferQu
3789322 599372 ray::SimpleStor
== 2026-09-05T10:37:56+09:00
Mem:            1007         106         806          42         141         901
    PID   RSS COMMAND
1317539 4828232 VLLM::Worker_TP
1317538 4822388 VLLM::Worker_TP
1280658 1229276 vllm
3788763 1039288 ray::TaskRunner
3790928 1012612 ray::TaskRunner
3782615 1003128 gcs_server
1317375 967796 VLLM::EngineCor
3782036 910000 python
3790938 833344 ray::TaskRunner
3789318 601312 ray::SimpleStor
3789323 601184 ray::SimpleStor
3789246 600804 ray::TransferQu
3789322 599372 ray::SimpleStor
== 2026-09-05T10:38:16+09:00
Mem:            1007         108         804          42         141         898
    PID   RSS COMMAND
1317539 4828232 VLLM::Worker_TP
1317538 4822388 VLLM::Worker_TP
1280658 1229276 vllm
3791453 1046680 ray::WorkerDict
3791460 1045064 ray::WorkerDict
3791459 1045032 ray::WorkerDict
3788763 1043128 ray::TaskRunner
3791454 1038040 ray::WorkerDict
3782615 1005432 gcs_server
1317375 967796 VLLM::EngineCor
3782036 910000 python
3789318 601312 ray::SimpleStor
3789323 601184 ray::SimpleStor
== 2026-09-05T10:38:36+09:00
Mem:            1007         109         802          42         142         897
    PID   RSS COMMAND
1317539 4828232 VLLM::Worker_TP
1317538 4822388 VLLM::Worker_TP
3791453 1595480 ray::WorkerDict
3791460 1592444 ray::WorkerDict
3791459 1590888 ray::WorkerDict
3791454 1583764 ray::WorkerDict
1280658 1229276 vllm
3788763 1043128 ray::TaskRunner
3782615 1005344 gcs_server
1317375 967796 VLLM::EngineCor
3782036 910000 python
3789318 601312 ray::SimpleStor
3789323 601184 ray::SimpleStor
== 2026-09-05T10:38:57+09:00
Mem:            1007         111         800          42         142         896
    PID   RSS COMMAND
1317539 4828232 VLLM::Worker_TP
1317538 4822388 VLLM::Worker_TP
3791453 2338760 ray::WorkerDict
3791460 2335132 ray::WorkerDict
3791459 2332220 ray::WorkerDict
3791454 2323960 ray::WorkerDict
1280658 1229276 vllm
3788763 1043128 ray::TaskRunner
3782615 1008520 gcs_server
1317375 967796 VLLM::EngineCor
3782036 910000 python
3789318 601312 ray::SimpleStor
3789323 601184 ray::SimpleStor
== 2026-09-05T10:39:17+09:00
Mem:            1007         113         798          42         143         894
    PID   RSS COMMAND
1317539 4828232 VLLM::Worker_TP
1317538 4822388 VLLM::Worker_TP
3791453 3352264 ray::WorkerDict
3791460 3348924 ray::WorkerDict
3791459 3346400 ray::WorkerDict
3791454 3337984 ray::WorkerDict
1280658 1229276 vllm
3788763 1043128 ray::TaskRunner
3782615 1008132 gcs_server
1317375 967796 VLLM::EngineCor
3782036 910000 python
3789318 601312 ray::SimpleStor
3789323 601184 ray::SimpleStor
== 2026-09-05T10:39:37+09:00
Mem:            1007         111         802          42         141         896
    PID   RSS COMMAND
1317539 4828232 VLLM::Worker_TP
1317538 4822388 VLLM::Worker_TP
3791453 4069656 ray::WorkerDict
3791460 2886324 ray::WorkerDict
3791459 2883764 ray::WorkerDict
3791454 2876024 ray::WorkerDict
1280658 1229276 vllm
3788763 1043128 ray::TaskRunner
3782615 1008108 gcs_server
1317375 967796 VLLM::EngineCor
3782036 910000 python
3789318 601312 ray::SimpleStor
3789323 601184 ray::SimpleStor
== 2026-09-05T10:39:57+09:00
Mem:            1007         112         800          42         141         894
    PID   RSS COMMAND
1317539 4828232 VLLM::Worker_TP
1317538 4822388 VLLM::Worker_TP
3791453 4806944 ray::WorkerDict
3791460 3625544 ray::WorkerDict
3791459 3622444 ray::WorkerDict
3791454 3613640 ray::WorkerDict
1280658 1229276 vllm
3788763 1043128 ray::TaskRunner
3782615 1011140 gcs_server
1317375 967796 VLLM::EngineCor
3782036 910000 python
3789318 601312 ray::SimpleStor
3789323 601184 ray::SimpleStor
== 2026-09-05T10:40:17+09:00
Mem:            1007         114         798          42         142         892
    PID   RSS COMMAND
3791453 5814576 ray::WorkerDict
1317539 4828232 VLLM::Worker_TP
1317538 4822388 VLLM::Worker_TP
3791460 4631632 ray::WorkerDict
3791459 4629272 ray::WorkerDict
3791454 4620496 ray::WorkerDict
1280658 1229276 vllm
3788763 1043128 ray::TaskRunner
3782615 1013196 gcs_server
1317375 967796 VLLM::EngineCor
3782036 910000 python
3789318 601312 ray::SimpleStor
3789323 601184 ray::SimpleStor
== 2026-09-05T10:40:37+09:00
Mem:            1007         112         800          42         142         895
    PID   RSS COMMAND
3791453 6456464 ray::WorkerDict
1317539 4828232 VLLM::Worker_TP
1317538 4822388 VLLM::Worker_TP
3791460 4095372 ray::WorkerDict
3791459 4094252 ray::WorkerDict
3791454 4084104 ray::WorkerDict
1280658 1229276 vllm
3788763 1043128 ray::TaskRunner
3782615 1014732 gcs_server
1317375 967796 VLLM::EngineCor
3782036 910000 python
3789318 601312 ray::SimpleStor
3789323 601184 ray::SimpleStor
== 2026-09-05T10:40:57+09:00
Mem:            1007         114         798          42         142         893
    PID   RSS COMMAND
3791453 7214648 ray::WorkerDict
3791460 4851408 ray::WorkerDict
3791459 4849520 ray::WorkerDict
3791454 4841584 ray::WorkerDict
1317539 4828232 VLLM::Worker_TP
1317538 4822388 VLLM::Worker_TP
1280658 1229276 vllm
3788763 1043128 ray::TaskRunner
3782615 1013760 gcs_server
1317375 967796 VLLM::EngineCor
3782036 910000 python
3789318 601312 ray::SimpleStor
3789323 601184 ray::SimpleStor
== 2026-09-05T10:41:17+09:00
Mem:            1007         115         796          42         143         891
    PID   RSS COMMAND
3791453 8066212 ray::WorkerDict
3791460 5703640 ray::WorkerDict
3791459 5702264 ray::WorkerDict
3791454 5693396 ray::WorkerDict
1317539 4828232 VLLM::Worker_TP
1317538 4822388 VLLM::Worker_TP
1280658 1229276 vllm
3788763 1043128 ray::TaskRunner
3782615 1014528 gcs_server
1317375 967796 VLLM::EngineCor
3782036 910000 python
3789318 601312 ray::SimpleStor
3789323 601184 ray::SimpleStor
== 2026-09-05T10:41:37+09:00
Mem:            1007         113         798          42         143         894
    PID   RSS COMMAND
3791453 8532784 ray::WorkerDict
3791460 4990900 ray::WorkerDict
3791459 4988716 ray::WorkerDict
3791454 4980616 ray::WorkerDict
1317539 4828232 VLLM::Worker_TP
1317538 4822388 VLLM::Worker_TP
1280658 1229276 vllm
3788763 1043128 ray::TaskRunner
3782615 1014528 gcs_server
1317375 967796 VLLM::EngineCor
3782036 910000 python
3789318 601312 ray::SimpleStor
3789323 601184 ray::SimpleStor
== 2026-09-05T10:41:57+09:00
Mem:            1007         114         797          42         143         893
    PID   RSS COMMAND
3791453 9023536 ray::WorkerDict
3791460 5482420 ray::WorkerDict
3791459 5479896 ray::WorkerDict
3791454 5471368 ray::WorkerDict
1317539 4828232 VLLM::Worker_TP
1317538 4822388 VLLM::Worker_TP
1280658 1229276 vllm
3788763 1043128 ray::TaskRunner
3782615 1014528 gcs_server
1317375 967796 VLLM::EngineCor
3782036 910000 python
3789318 601312 ray::SimpleStor
3789323 601184 ray::SimpleStor
== 2026-09-05T10:42:17+09:00
Mem:            1007         115         795          42         143         892
    PID   RSS COMMAND
3791453 9528204 ray::WorkerDict
3791460 5987312 ray::WorkerDict
3791459 5984540 ray::WorkerDict
3791454 5976700 ray::WorkerDict
1317539 4828232 VLLM::Worker_TP
1317538 4822388 VLLM::Worker_TP
1280658 1229276 vllm
3788763 1043128 ray::TaskRunner
3782615 1013600 gcs_server
1317375 967796 VLLM::EngineCor
3782036 910000 python
3789318 601312 ray::SimpleStor
3789323 601184 ray::SimpleStor
== 2026-09-05T10:42:37+09:00
Mem:            1007         116         794          42         144         891
    PID   RSS COMMAND
3791453 10019884 ray::WorkerDict
3791460 6480888 ray::WorkerDict
3791459 6478884 ray::WorkerDict
3791454 6470276 ray::WorkerDict
1317539 4828232 VLLM::Worker_TP
1317538 4822388 VLLM::Worker_TP
1280658 1229276 vllm
3788763 1043128 ray::TaskRunner
3782615 1012832 gcs_server
1317375 967796 VLLM::EngineCor
3782036 910000 python
3789318 601312 ray::SimpleStor
3789323 601184 ray::SimpleStor
== 2026-09-05T10:42:57+09:00
Mem:            1007         117         793          42         144         890
    PID   RSS COMMAND
3791453 10566956 ray::WorkerDict
3791460 7027448 ray::WorkerDict
3791459 7024036 ray::WorkerDict
3791454 7015396 ray::WorkerDict
1317539 4828232 VLLM::Worker_TP
1317538 4822388 VLLM::Worker_TP
1280658 1229276 vllm
3788763 1043128 ray::TaskRunner
3782615 1013996 gcs_server
1317375 967796 VLLM::EngineCor
3782036 910000 python
3789318 601312 ray::SimpleStor
3789323 601184 ray::SimpleStor
== 2026-09-05T10:43:17+09:00
Mem:            1007         114         795          42         144         892
    PID   RSS COMMAND
3791453 10956584 ray::WorkerDict
3791460 6239408 ray::WorkerDict
3791459 6236764 ray::WorkerDict
3791454 6228136 ray::WorkerDict
1317539 4828232 VLLM::Worker_TP
1317538 4822388 VLLM::Worker_TP
1280658 1229276 vllm
3788763 1043128 ray::TaskRunner
3782615 1017324 gcs_server
1317375 967796 VLLM::EngineCor
3782036 910000 python
3789318 601312 ray::SimpleStor
3789323 601184 ray::SimpleStor
== 2026-09-05T10:43:37+09:00
Mem:            1007         115         794          42         144         892
    PID   RSS COMMAND
3791453 11393844 ray::WorkerDict
3791460 6673140 ray::WorkerDict
3791459 6670496 ray::WorkerDict
3791454 6663004 ray::WorkerDict
1317539 4828232 VLLM::Worker_TP
1317538 4822388 VLLM::Worker_TP
1280658 1229276 vllm
3788763 1043128 ray::TaskRunner
3782615 1018092 gcs_server
1317375 967796 VLLM::EngineCor
3782036 910000 python
3789318 601312 ray::SimpleStor
3789323 601184 ray::SimpleStor
== 2026-09-05T10:43:57+09:00
Mem:            1007         116         793          42         145         891
    PID   RSS COMMAND
3791453 11836808 ray::WorkerDict
3791460 7116276 ray::WorkerDict
3791459 7113844 ray::WorkerDict
3791454 7105372 ray::WorkerDict
1317539 4828232 VLLM::Worker_TP
1317538 4822388 VLLM::Worker_TP
1280658 1229276 vllm
3788763 1043128 ray::TaskRunner
3782615 1017872 gcs_server
1317375 967796 VLLM::EngineCor
3782036 910000 python
3789318 601312 ray::SimpleStor
3789323 601184 ray::SimpleStor
== 2026-09-05T10:44:17+09:00
Mem:            1007         117         792          42         145         890
    PID   RSS COMMAND
3791453 12391640 ray::WorkerDict
3791460 7674024 ray::WorkerDict
3791459 7668860 ray::WorkerDict
3791454 7662472 ray::WorkerDict
1317539 4828232 VLLM::Worker_TP
1317538 4822388 VLLM::Worker_TP
1280658 1229276 vllm
3788763 1043128 ray::TaskRunner
3782615 1018528 gcs_server
1317375 967796 VLLM::EngineCor
3782036 910000 python
3789318 601312 ray::SimpleStor
3789323 601184 ray::SimpleStor
== 2026-09-05T10:44:37+09:00
Mem:            1007         118         791          42         145         889
    PID   RSS COMMAND
3791453 12915672 ray::WorkerDict
3791460 8198056 ray::WorkerDict
3791459 8193660 ray::WorkerDict
3791454 8185736 ray::WorkerDict
1317539 4828232 VLLM::Worker_TP
1317538 4822388 VLLM::Worker_TP
1280658 1229276 vllm
3788763 1043128 ray::TaskRunner
3782615 1018528 gcs_server
1317375 967796 VLLM::EngineCor
3782036 910000 python
3789318 601312 ray::SimpleStor
3789323 601184 ray::SimpleStor
== 2026-09-05T10:44:57+09:00
Mem:            1007         115         793          42         145         891
    PID   RSS COMMAND
3791453 13262376 ray::WorkerDict
3791460 7362400 ray::WorkerDict
3791459 7358004 ray::WorkerDict
3791454 7350848 ray::WorkerDict
1317539 4828232 VLLM::Worker_TP
1317538 4822388 VLLM::Worker_TP
1280658 1229276 vllm
3788763 1043128 ray::TaskRunner
3782615 1018428 gcs_server
1317375 967796 VLLM::EngineCor
3782036 910000 python
3789318 601312 ray::SimpleStor
3789323 601184 ray::SimpleStor
== 2026-09-05T10:45:17+09:00
Mem:            1007         116         792          42         145         891
    PID   RSS COMMAND
3791453 13638952 ray::WorkerDict
3791460 7738976 ray::WorkerDict
3791459 7734580 ray::WorkerDict
3791454 7727424 ray::WorkerDict
1317539 4828232 VLLM::Worker_TP
1317538 4822388 VLLM::Worker_TP
1280658 1229276 vllm
3788763 1043128 ray::TaskRunner
3782615 1018428 gcs_server
1317375 967796 VLLM::EngineCor
3782036 910000 python
3789318 601312 ray::SimpleStor
3789323 601184 ray::SimpleStor
== 2026-09-05T10:45:37+09:00
Mem:            1007         117         791          42         146         890
    PID   RSS COMMAND
3791453 14116844 ray::WorkerDict
3791460 8218276 ray::WorkerDict
3791459 8213880 ray::WorkerDict
3791454 8206816 ray::WorkerDict
1317539 4828232 VLLM::Worker_TP
1317538 4822388 VLLM::Worker_TP
1280658 1229276 vllm
3788763 1043128 ray::TaskRunner
3782615 1019196 gcs_server
1317375 967796 VLLM::EngineCor
3782036 910000 python
3789318 601312 ray::SimpleStor
3789323 601184 ray::SimpleStor
== 2026-09-05T10:45:57+09:00
Mem:            1007         118         790          42         146         889
    PID   RSS COMMAND
3791453 14651760 ray::WorkerDict
3791460 8754612 ray::WorkerDict
3791459 8750208 ray::WorkerDict
3791454 8744648 ray::WorkerDict
1317539 4828232 VLLM::Worker_TP
1317538 4822388 VLLM::Worker_TP
1280658 1229276 vllm
3788763 1043128 ray::TaskRunner
3782615 1018272 gcs_server
1317375 967796 VLLM::EngineCor
3782036 910000 python
3789318 601312 ray::SimpleStor
3789323 601184 ray::SimpleStor
== 2026-09-05T10:46:17+09:00
Mem:            1007         119         788          42         146         887
    PID   RSS COMMAND
3791453 15228408 ray::WorkerDict
3791460 9331380 ray::WorkerDict
3791459 9327076 ray::WorkerDict
3791454 9320648 ray::WorkerDict
1317539 4828232 VLLM::Worker_TP
1317538 4822388 VLLM::Worker_TP
1280658 1229276 vllm
3788763 1043128 ray::TaskRunner
3782615 1019808 gcs_server
1317375 967796 VLLM::EngineCor
3782036 910000 python
3789318 601312 ray::SimpleStor
3789323 601184 ray::SimpleStor
== 2026-09-05T10:46:37+09:00
Mem:            1007         117         790          42         146         890
    PID   RSS COMMAND
3791453 15777932 ray::WorkerDict
3791460 8701032 ray::WorkerDict
3791459 8695680 ray::WorkerDict
3791454 8690756 ray::WorkerDict
1317539 4828232 VLLM::Worker_TP
1317538 4822388 VLLM::Worker_TP
1280658 1229276 vllm
3788763 1043128 ray::TaskRunner
3782615 1018876 gcs_server
1317375 967796 VLLM::EngineCor
3782036 910000 python
3789318 601312 ray::SimpleStor
3789323 601184 ray::SimpleStor
== 2026-09-05T10:46:57+09:00
Mem:            1007         118         789          42         147         888
    PID   RSS COMMAND
3791453 16420504 ray::WorkerDict
3791460 9343556 ray::WorkerDict
3791459 9338308 ray::WorkerDict
3791454 9333384 ray::WorkerDict
1317539 4828232 VLLM::Worker_TP
1317538 4822388 VLLM::Worker_TP
1280658 1229276 vllm
3788763 1043128 ray::TaskRunner
3782615 1018876 gcs_server
1317375 967796 VLLM::EngineCor
3782036 910000 python
3789318 601312 ray::SimpleStor
3789323 601184 ray::SimpleStor
== 2026-09-05T10:47:17+09:00
Mem:            1007         120         787          42         147         887
    PID   RSS COMMAND
3791453 17223096 ray::WorkerDict
3791460 10145100 ray::WorkerDict
3791459 10139852 ray::WorkerDict
3791454 10135696 ray::WorkerDict
1317539 4828232 VLLM::Worker_TP
1317538 4822388 VLLM::Worker_TP
1280658 1229276 vllm
3788763 1043128 ray::TaskRunner
3782615 1018620 gcs_server
1317375 967796 VLLM::EngineCor
3782036 910000 python
3789318 601312 ray::SimpleStor
3789323 601184 ray::SimpleStor
== 2026-09-05T10:47:37+09:00
Mem:            1007         118         789          42         147         889
    PID   RSS COMMAND
3791453 17911216 ray::WorkerDict
3791460 9653568 ray::WorkerDict
3791459 9648276 ray::WorkerDict
3791454 9644104 ray::WorkerDict
1317539 4828232 VLLM::Worker_TP
1317538 4822388 VLLM::Worker_TP
1280658 1229276 vllm
3788763 1043128 ray::TaskRunner
3782615 1018564 gcs_server
1317375 967796 VLLM::EngineCor
3782036 910000 python
3789318 601312 ray::SimpleStor
3789323 601184 ray::SimpleStor
== 2026-09-05T10:47:57+09:00
Mem:            1007         119         787          42         148         888
    PID   RSS COMMAND
3791453 18542268 ray::WorkerDict
3791460 10284676 ray::WorkerDict
3791459 10279384 ray::WorkerDict
3791454 10274444 ray::WorkerDict
1317539 4828232 VLLM::Worker_TP
1317538 4822388 VLLM::Worker_TP
1280658 1229276 vllm
3788763 1043128 ray::TaskRunner
3782615 1015556 gcs_server
1317375 967796 VLLM::EngineCor
3782036 910000 python
3789318 601312 ray::SimpleStor
3789323 601184 ray::SimpleStor
== 2026-09-05T10:48:17+09:00
Mem:            1007         121         785          42         148         886
    PID   RSS COMMAND
3791453 19473876 ray::WorkerDict
3791460 11214220 ray::WorkerDict
3791459 11211640 ray::WorkerDict
3791454 11204756 ray::WorkerDict
1317539 4828232 VLLM::Worker_TP
1317538 4822388 VLLM::Worker_TP
1280658 1229276 vllm
3788763 1043128 ray::TaskRunner
3782615 1016324 gcs_server
1317375 967796 VLLM::EngineCor
3782036 910000 python
3789318 601312 ray::SimpleStor
3789323 601184 ray::SimpleStor
== 2026-09-05T10:48:37+09:00
Mem:            1007         119         786          42         148         888
    PID   RSS COMMAND
3791453 20161228 ray::WorkerDict
3791460 10722624 ray::WorkerDict
3791459 10720044 ray::WorkerDict
3791454 10711640 ray::WorkerDict
1317539 4828232 VLLM::Worker_TP
1317538 4822388 VLLM::Worker_TP
1280658 1229276 vllm
3788763 1043128 ray::TaskRunner
3782615 1015916 gcs_server
1317375 967796 VLLM::EngineCor
3782036 910000 python
3789318 601312 ray::SimpleStor
3789323 601184 ray::SimpleStor
== 2026-09-05T10:48:58+09:00
Mem:            1007         120         785          42         149         887
    PID   RSS COMMAND
3791453 20734516 ray::WorkerDict
3791460 11295808 ray::WorkerDict
3791459 11293996 ray::WorkerDict
3791454 11285712 ray::WorkerDict
1317539 4828232 VLLM::Worker_TP
1317538 4822388 VLLM::Worker_TP
1280658 1229276 vllm
3788763 1043128 ray::TaskRunner
3782615 1015144 gcs_server
1317375 967796 VLLM::EngineCor
3782036 910000 python
3789318 601312 ray::SimpleStor
3789323 601184 ray::SimpleStor
== 2026-09-05T10:49:18+09:00
Mem:            1007         121         783          42         149         885
    PID   RSS COMMAND
3791453 21397312 ray::WorkerDict
3791460 11960892 ray::WorkerDict
3791459 11956164 ray::WorkerDict
3791454 11949332 ray::WorkerDict
1317539 4828232 VLLM::Worker_TP
1317538 4822388 VLLM::Worker_TP
1280658 1229276 vllm
3788763 1043128 ray::TaskRunner
3782615 1015912 gcs_server
1317375 967796 VLLM::EngineCor
3782036 910000 python
3789318 601312 ray::SimpleStor
3789323 601184 ray::SimpleStor
== 2026-09-05T10:49:38+09:00
Mem:            1007         123         782          42         149         884
    PID   RSS COMMAND
3791453 22167884 ray::WorkerDict
3791460 12732740 ray::WorkerDict
3791459 12728780 ray::WorkerDict
3791454 12721180 ray::WorkerDict
1317539 4828232 VLLM::Worker_TP
1317538 4822388 VLLM::Worker_TP
1280658 1229276 vllm
3788763 1043128 ray::TaskRunner
3782615 1016680 gcs_server
1317375 967796 VLLM::EngineCor
3782036 910000 python
3789318 601312 ray::SimpleStor
3789323 601184 ray::SimpleStor
== 2026-09-05T10:49:58+09:00
Mem:            1007         120         786          42         147         886
    PID   RSS COMMAND
3791453 22858820 ray::WorkerDict
3791460 12241912 ray::WorkerDict
3791459 12238720 ray::WorkerDict
3791454 12231124 ray::WorkerDict
1317539 4827464 VLLM::Worker_TP
1317538 4820084 VLLM::Worker_TP
1280658 1229276 vllm
3788763 1043128 ray::TaskRunner
3782615 1015584 gcs_server
1317375 967796 VLLM::EngineCor
3782036 910000 python
3789318 601312 ray::SimpleStor
3789323 601184 ray::SimpleStor
== 2026-09-05T10:50:18+09:00
Mem:            1007         121         786          42         146         885
    PID   RSS COMMAND
3791453 23444304 ray::WorkerDict
3791460 12826684 ray::WorkerDict
3791459 12823492 ray::WorkerDict
3791454 12815896 ray::WorkerDict
1317539 4827464 VLLM::Worker_TP
1317538 4820084 VLLM::Worker_TP
1280658 1229276 vllm
3788763 1043128 ray::TaskRunner
3782615 1015352 gcs_server
1317375 967796 VLLM::EngineCor
3782036 910000 python
3789318 601312 ray::SimpleStor
3789323 601184 ray::SimpleStor
== 2026-09-05T10:50:38+09:00
Mem:            1007         123         785          42         146         884
    PID   RSS COMMAND
3791453 24211600 ray::WorkerDict
3791460 13595716 ray::WorkerDict
3791459 13591756 ray::WorkerDict
3791454 13584160 ray::WorkerDict
1317539 4827464 VLLM::Worker_TP
1317538 4820084 VLLM::Worker_TP
1280658 1229276 vllm
3788763 1043128 ray::TaskRunner
3782615 1016120 gcs_server
1317375 967796 VLLM::EngineCor
3782036 910000 python
3789318 601312 ray::SimpleStor
3789323 601184 ray::SimpleStor
== 2026-09-05T10:50:58+09:00
Mem:            1007         121         786          42         147         886
    PID   RSS COMMAND
3791453 24973448 ray::WorkerDict
3791460 13177080 ray::WorkerDict
3791459 13173120 ray::WorkerDict
3791454 13166292 ray::WorkerDict
1317539 4827464 VLLM::Worker_TP
1317538 4820084 VLLM::Worker_TP
1280658 1229276 vllm
3788763 1043128 ray::TaskRunner
3782615 1015980 gcs_server
1317375 967796 VLLM::EngineCor
3782036 910000 python
3789318 601312 ray::SimpleStor
3789323 601184 ray::SimpleStor
== 2026-09-05T10:51:18+09:00
Mem:            1007         122         785          42         147         884
    PID   RSS COMMAND
3791453 25562508 ray::WorkerDict
3791460 13766972 ray::WorkerDict
3791459 13763012 ray::WorkerDict
3791454 13756184 ray::WorkerDict
1317539 4827464 VLLM::Worker_TP
1317538 4820084 VLLM::Worker_TP
1280658 1229276 vllm
3788763 1043128 ray::TaskRunner
3782615 1015188 gcs_server
1317375 967796 VLLM::EngineCor
3782036 910000 python
3789318 601312 ray::SimpleStor
3789323 601184 ray::SimpleStor
== 2026-09-05T10:51:38+09:00
Mem:            1007         123         783          42         147         883
    PID   RSS COMMAND
3791453 26286732 ray::WorkerDict
3791460 14488380 ray::WorkerDict
3791459 14485188 ray::WorkerDict
3791454 14477216 ray::WorkerDict
1317539 4827464 VLLM::Worker_TP
1317538 4820084 VLLM::Worker_TP
1280658 1229276 vllm
3788763 1043128 ray::TaskRunner
3782615 1014788 gcs_server
1317375 967796 VLLM::EngineCor
3782036 910000 python
3789318 601312 ray::SimpleStor
3789323 601184 ray::SimpleStor
== 2026-09-05T10:51:58+09:00
Mem:            1007         125         781          42         148         882
    PID   RSS COMMAND
3791453 27029144 ray::WorkerDict
3791460 15233604 ray::WorkerDict
3791459 15229644 ray::WorkerDict
3791454 15222440 ray::WorkerDict
1317539 4827464 VLLM::Worker_TP
1317538 4820084 VLLM::Worker_TP
1280658 1229276 vllm
3788763 1043128 ray::TaskRunner
3782615 1016324 gcs_server
1317375 967796 VLLM::EngineCor
3782036 910000 python
3789318 601312 ray::SimpleStor
3789323 601184 ray::SimpleStor
== 2026-09-05T10:52:18+09:00
Mem:            1007         123         783          42         148         884
    PID   RSS COMMAND
3791453 27708560 ray::WorkerDict
3791460 14732536 ray::WorkerDict
3791459 14728576 ray::WorkerDict
3791454 14722144 ray::WorkerDict
1317539 4827464 VLLM::Worker_TP
1317538 4820084 VLLM::Worker_TP
1280658 1229276 vllm
3788763 1043128 ray::TaskRunner
3782615 1015280 gcs_server
1317375 967796 VLLM::EngineCor
3782036 910000 python
3789318 601312 ray::SimpleStor
3789323 601184 ray::SimpleStor
== 2026-09-05T10:52:38+09:00
Mem:            1007         124         781          42         148         882
    PID   RSS COMMAND
3791453 28460956 ray::WorkerDict
3791460 15484220 ray::WorkerDict
3791459 15481028 ray::WorkerDict
3791454 15473828 ray::WorkerDict
1317539 4827464 VLLM::Worker_TP
1317538 4820084 VLLM::Worker_TP
1280658 1229276 vllm
3788763 1043128 ray::TaskRunner
3782615 1014488 gcs_server
1317375 967796 VLLM::EngineCor
3782036 910000 python
3789318 601312 ray::SimpleStor
3789323 601184 ray::SimpleStor
== 2026-09-05T10:52:58+09:00
Mem:            1007         126         779          42         149         881
    PID   RSS COMMAND
3791453 29296552 ray::WorkerDict
3791460 16319812 ray::WorkerDict
3791459 16316620 ray::WorkerDict
3791454 16309420 ray::WorkerDict
1317539 4827464 VLLM::Worker_TP
1317538 4820084 VLLM::Worker_TP
1280658 1229276 vllm
3788763 1043128 ray::TaskRunner
3782615 1014488 gcs_server
1317375 967796 VLLM::EngineCor
3782036 910000 python
3789318 601312 ray::SimpleStor
3789323 601184 ray::SimpleStor
== 2026-09-05T10:53:18+09:00
Mem:            1007         124         781          42         149         883
    PID   RSS COMMAND
3791453 29855904 ray::WorkerDict
3791460 15697404 ray::WorkerDict
3791459 15694976 ray::WorkerDict
3791454 15687180 ray::WorkerDict
1317539 4827464 VLLM::Worker_TP
1317538 4820084 VLLM::Worker_TP
1280658 1229276 vllm
3788763 1043128 ray::TaskRunner
3782615 1011616 gcs_server
1317375 967796 VLLM::EngineCor
3782036 910000 python
3789318 601312 ray::SimpleStor
3789323 601184 ray::SimpleStor
== 2026-09-05T10:53:38+09:00
Mem:            1007         124         780          42         149         882
    PID   RSS COMMAND
3791453 30123424 ray::WorkerDict
3791460 15966972 ray::WorkerDict
3791459 15963776 ray::WorkerDict
3791454 15958288 ray::WorkerDict
1317539 4827464 VLLM::Worker_TP
1317538 4820084 VLLM::Worker_TP
1280658 1229276 vllm
3788763 1043128 ray::TaskRunner
3782615 1009536 gcs_server
1317375 967796 VLLM::EngineCor
3782036 910000 python
3789318 601312 ray::SimpleStor
3789323 601184 ray::SimpleStor
== 2026-09-05T10:53:58+09:00
Mem:            1007         125         779          42         149         881
    PID   RSS COMMAND
3791453 30684332 ray::WorkerDict
3791460 16527168 ray::WorkerDict
3791459 16523972 ray::WorkerDict
3791454 16517716 ray::WorkerDict
1317539 4827464 VLLM::Worker_TP
1317538 4820084 VLLM::Worker_TP
1280658 1229276 vllm
3788763 1043128 ray::TaskRunner
3782615 1008548 gcs_server
1317375 967796 VLLM::EngineCor
3782036 910000 python
3789318 601312 ray::SimpleStor
3789323 601184 ray::SimpleStor
== 2026-09-05T10:54:18+09:00
Mem:            1007         126         778          42         150         880
    PID   RSS COMMAND
3791453 31163576 ray::WorkerDict
3791460 17006408 ray::WorkerDict
3791459 17003980 ray::WorkerDict
3791454 16997724 ray::WorkerDict
1317539 4827464 VLLM::Worker_TP
1317538 4820084 VLLM::Worker_TP
1280658 1229276 vllm
3788763 1043128 ray::TaskRunner
3782615 1009620 gcs_server
1317375 967796 VLLM::EngineCor
3782036 910000 python
3789318 601312 ray::SimpleStor
3789323 601184 ray::SimpleStor
== 2026-09-05T10:54:38+09:00
Mem:            1007         127         777          42         150         879
    PID   RSS COMMAND
3791453 31679672 ray::WorkerDict
3791460 17522504 ray::WorkerDict
3791459 17519308 ray::WorkerDict
3791454 17513820 ray::WorkerDict
1317539 4827464 VLLM::Worker_TP
1317538 4820084 VLLM::Worker_TP
1280658 1229276 vllm
3788763 1043128 ray::TaskRunner
3782615 1009580 gcs_server
1317375 967796 VLLM::EngineCor
3782036 910000 python
3789318 601312 ray::SimpleStor
3789323 601184 ray::SimpleStor
== 2026-09-05T10:54:58+09:00
Mem:            1007         125         779          42         150         882
    PID   RSS COMMAND
3791453 32132016 ray::WorkerDict
3791460 16793088 ray::WorkerDict
3791459 16790656 ray::WorkerDict
3791454 16784404 ray::WorkerDict
1317539 4827464 VLLM::Worker_TP
1317538 4820084 VLLM::Worker_TP
1280658 1229276 vllm
3788763 1043128 ray::TaskRunner
3782615 1008240 gcs_server
1317375 967796 VLLM::EngineCor
3782036 910000 python
3789318 601312 ray::SimpleStor
3789323 601184 ray::SimpleStor
== 2026-09-05T10:55:18+09:00
Mem:            1007         126         778          42         150         881
    PID   RSS COMMAND
3791453 32542640 ray::WorkerDict
3791460 17205760 ray::WorkerDict
3791459 17203328 ray::WorkerDict
3791454 17197844 ray::WorkerDict
1317539 4827464 VLLM::Worker_TP
1317538 4820084 VLLM::Worker_TP
1280658 1229276 vllm
3788763 1043128 ray::TaskRunner
3782615 1007112 gcs_server
1317375 967796 VLLM::EngineCor
3782036 910000 python
3789318 601312 ray::SimpleStor
3789323 601184 ray::SimpleStor
== 2026-09-05T10:55:38+09:00
Mem:            1007         126         777          42         150         880
    PID   RSS COMMAND
3791453 33024932 ray::WorkerDict
3791460 17685060 ray::WorkerDict
3791459 17683396 ray::WorkerDict
3791454 17677144 ray::WorkerDict
1317539 4827464 VLLM::Worker_TP
1317538 4820084 VLLM::Worker_TP
1280658 1229276 vllm
3788763 1043128 ray::TaskRunner
3782615 1009900 gcs_server
1317375 967796 VLLM::EngineCor
3782036 910000 python
3789318 601312 ray::SimpleStor
3789323 601184 ray::SimpleStor
== 2026-09-05T10:55:58+09:00
Mem:            1007         128         775          42         151         879
    PID   RSS COMMAND
3791453 33577136 ray::WorkerDict
3791460 18238028 ray::WorkerDict
3791459 18235596 ray::WorkerDict
3791454 18229344 ray::WorkerDict
1317539 4827464 VLLM::Worker_TP
1317538 4820084 VLLM::Worker_TP
1280658 1229276 vllm
3788763 1043128 ray::TaskRunner
3782615 1011436 gcs_server
1317375 967796 VLLM::EngineCor
3782036 910000 python
3789318 601312 ray::SimpleStor
3789323 601184 ray::SimpleStor
== 2026-09-05T10:56:18+09:00
Mem:            1007         129         774          42         151         878
    PID   RSS COMMAND
3791453 34109872 ray::WorkerDict
3791460 18772812 ray::WorkerDict
3791459 18770392 ray::WorkerDict
3791454 18764896 ray::WorkerDict
1317539 4827464 VLLM::Worker_TP
1317538 4820084 VLLM::Worker_TP
1280658 1229276 vllm
3788763 1043128 ray::TaskRunner
3782615 1011360 gcs_server
1317375 967796 VLLM::EngineCor
3782036 910000 python
3789318 601312 ray::SimpleStor
3789323 601184 ray::SimpleStor
== 2026-09-05T10:56:38+09:00
Mem:            1007         126         776          42         151         880
    PID   RSS COMMAND
3791453 34594220 ray::WorkerDict
3791460 18077440 ray::WorkerDict
3791459 18075020 ray::WorkerDict
3791454 18068756 ray::WorkerDict
1317539 4827464 VLLM::Worker_TP
1317538 4820084 VLLM::Worker_TP
1280658 1229276 vllm
3788763 1043128 ray::TaskRunner
3782615 1011080 gcs_server
1317375 967796 VLLM::EngineCor
3782036 910000 python
3789318 601312 ray::SimpleStor
3789323 601184 ray::SimpleStor
== 2026-09-05T10:56:58+09:00
Mem:            1007         127         775          42         151         879
    PID   RSS COMMAND
3791453 35064772 ray::WorkerDict
3791460 18547268 ray::WorkerDict
3791459 18544848 ray::WorkerDict
3791454 18539352 ray::WorkerDict
1317539 4827464 VLLM::Worker_TP
1317538 4820084 VLLM::Worker_TP
1280658 1229276 vllm
3788763 1043128 ray::TaskRunner
3782615 1010988 gcs_server
1317375 967796 VLLM::EngineCor
3782036 910000 python
3789318 601312 ray::SimpleStor
3789323 601184 ray::SimpleStor
== 2026-09-05T10:57:18+09:00
Mem:            1007         128         774          42         152         878
    PID   RSS COMMAND
3791453 35706564 ray::WorkerDict
3791460 19187012 ray::WorkerDict
3791459 19184592 ray::WorkerDict
3791454 19179096 ray::WorkerDict
1317539 4827464 VLLM::Worker_TP
1317538 4820084 VLLM::Worker_TP
1280658 1229276 vllm
3788763 1043128 ray::TaskRunner
3782615 1010016 gcs_server
1317375 967796 VLLM::EngineCor
3782036 910000 python
3789318 601312 ray::SimpleStor
3789323 601184 ray::SimpleStor
== 2026-09-05T10:57:38+09:00
Mem:            1007         130         772          42         152         877
    PID   RSS COMMAND
3791453 36361424 ray::WorkerDict
3791460 19841100 ray::WorkerDict
3791459 19839448 ray::WorkerDict
3791454 19833184 ray::WorkerDict
1317539 4827464 VLLM::Worker_TP
1317538 4820084 VLLM::Worker_TP
1280658 1229276 vllm
3788763 1043128 ray::TaskRunner
3782615 1009644 gcs_server
1317375 967796 VLLM::EngineCor
3782036 910000 python
3789318 601312 ray::SimpleStor
3789323 601184 ray::SimpleStor
== 2026-09-05T10:57:58+09:00
Mem:            1007         127         774          42         152         879
    PID   RSS COMMAND
3791453 36923080 ray::WorkerDict
3791460 19225860 ray::WorkerDict
3791459 19223436 ray::WorkerDict
3791454 19217940 ray::WorkerDict
1317539 4827464 VLLM::Worker_TP
1317538 4820084 VLLM::Worker_TP
1280658 1229276 vllm
3788763 1043128 ray::TaskRunner
3782615 1007812 gcs_server
1317375 967796 VLLM::EngineCor
3782036 910000 python
3789318 601312 ray::SimpleStor
3789323 601184 ray::SimpleStor
== 2026-09-05T10:58:18+09:00
Mem:            1007         128         773          42         153         878
    PID   RSS COMMAND
3791453 37372628 ray::WorkerDict
3791460 19672648 ray::WorkerDict
3791459 19671760 ray::WorkerDict
3791454 19665496 ray::WorkerDict
1317539 4827464 VLLM::Worker_TP
1317538 4820084 VLLM::Worker_TP
1280658 1229276 vllm
3788763 1043128 ray::TaskRunner
3782615 1007684 gcs_server
1317375 967796 VLLM::EngineCor
3782036 910000 python
3789318 601312 ray::SimpleStor
3789323 601184 ray::SimpleStor
== 2026-09-05T10:58:38+09:00
Mem:            1007         129         772          42         153         877
    PID   RSS COMMAND
3791453 37841108 ray::WorkerDict
3791460 20143176 ray::WorkerDict
3791459 20141520 ray::WorkerDict
3791454 20135256 ray::WorkerDict
1317539 4827464 VLLM::Worker_TP
1317538 4820084 VLLM::Worker_TP
1280658 1229276 vllm
3788763 1043128 ray::TaskRunner
3782615 1006644 gcs_server
1317375 967796 VLLM::EngineCor
3782036 910000 python
3789318 601312 ray::SimpleStor
3789323 601184 ray::SimpleStor
== 2026-09-05T10:58:59+09:00
Mem:            1007         130         771          42         153         877
    PID   RSS COMMAND
3791453 38201024 ray::WorkerDict
3791460 20503120 ray::WorkerDict
3791459 20503000 ray::WorkerDict
3791454 20495200 ray::WorkerDict
1317539 4827464 VLLM::Worker_TP
1317538 4820084 VLLM::Worker_TP
1280658 1229276 vllm
3788763 1043128 ray::TaskRunner
3782615 1007936 gcs_server
1317375 967796 VLLM::EngineCor
3782036 910000 python
3789318 601312 ray::SimpleStor
3789323 601184 ray::SimpleStor
== 2026-09-05T10:59:19+09:00
Mem:            1007         131         770          42         153         876
    PID   RSS COMMAND
3791453 38773472 ray::WorkerDict
3791460 21075548 ray::WorkerDict
3791459 21075416 ray::WorkerDict
3791454 21066848 ray::WorkerDict
1317539 4827464 VLLM::Worker_TP
1317538 4820084 VLLM::Worker_TP
1280658 1229276 vllm
3788763 1043128 ray::TaskRunner
3782615 1006180 gcs_server
1317375 967796 VLLM::EngineCor
3782036 910000 python
3789318 601312 ray::SimpleStor
3789323 601184 ray::SimpleStor
== 2026-09-05T10:59:39+09:00
Mem:            1007         128         772          42         153         878
    PID   RSS COMMAND
3791453 39174616 ray::WorkerDict
3791460 20297748 ray::WorkerDict
3791459 20297612 ray::WorkerDict
3791454 20289812 ray::WorkerDict
1317539 4827464 VLLM::Worker_TP
1317538 4822388 VLLM::Worker_TP
1280658 1229276 vllm
3788763 1043128 ray::TaskRunner
3782615 1006948 gcs_server
1317375 967796 VLLM::EngineCor
3782036 910000 python
3789318 601312 ray::SimpleStor
3789323 601184 ray::SimpleStor
== 2026-09-05T10:59:59+09:00
Mem:            1007         129         771          42         154         877
    PID   RSS COMMAND
3791453 39633624 ray::WorkerDict
3791460 20756756 ray::WorkerDict
3791459 20755852 ray::WorkerDict
3791454 20748052 ray::WorkerDict
1317539 4827464 VLLM::Worker_TP
1317538 4822388 VLLM::Worker_TP
1280658 1229276 vllm
3788763 1043128 ray::TaskRunner
3782615 1006948 gcs_server
1317375 967796 VLLM::EngineCor
3782036 910000 python
3789318 601312 ray::SimpleStor
3789323 601184 ray::SimpleStor
== 2026-09-05T11:00:19+09:00
Mem:            1007         130         769          42         154         876
    PID   RSS COMMAND
3791453 40164848 ray::WorkerDict
3791460 21288024 ray::WorkerDict
3791459 21287888 ray::WorkerDict
3791454 21280100 ray::WorkerDict
1317539 4827464 VLLM::Worker_TP
1317538 4822388 VLLM::Worker_TP
1280658 1229276 vllm
3788763 1043128 ray::TaskRunner
3782615 1009152 gcs_server
1317375 967796 VLLM::EngineCor
3782036 910000 python
3789318 601312 ray::SimpleStor
3789323 601184 ray::SimpleStor
== 2026-09-05T11:00:39+09:00
Mem:            1007         132         768          42         154         875
    PID   RSS COMMAND
3791453 40889852 ray::WorkerDict
3791460 22013032 ray::WorkerDict
3791459 22012888 ray::WorkerDict
3791454 22005100 ray::WorkerDict
1317539 4827464 VLLM::Worker_TP
1317538 4822388 VLLM::Worker_TP
1280658 1229276 vllm
3788763 1043128 ray::TaskRunner
3782615 1008808 gcs_server
1317375 967796 VLLM::EngineCor
3782036 910000 python
3789318 601312 ray::SimpleStor
3789323 601184 ray::SimpleStor
== 2026-09-05T11:00:59+09:00
Mem:            1007         129         770          42         154         877
    PID   RSS COMMAND
3791453 41410292 ray::WorkerDict
3791460 21352988 ray::WorkerDict
3791459 21352856 ray::WorkerDict
3791454 21345824 ray::WorkerDict
1317539 4827464 VLLM::Worker_TP
1317538 4822388 VLLM::Worker_TP
1280658 1229276 vllm
3788763 1043128 ray::TaskRunner
3782615 1010332 gcs_server
1317375 967796 VLLM::EngineCor
3782036 910000 python
3789318 601312 ray::SimpleStor
3789323 601184 ray::SimpleStor
== 2026-09-05T11:01:19+09:00
Mem:            1007         130         769          42         155         876
    PID   RSS COMMAND
3791453 41810688 ray::WorkerDict
3791459 21754008 ray::WorkerDict
3791460 21753372 ray::WorkerDict
3791454 21745440 ray::WorkerDict
1317539 4827464 VLLM::Worker_TP
1317538 4822388 VLLM::Worker_TP
1280658 1229276 vllm
3788763 1043128 ray::TaskRunner
3782615 1009428 gcs_server
1317375 967796 VLLM::EngineCor
3782036 910000 python
3789318 601312 ray::SimpleStor
3789323 601184 ray::SimpleStor
== 2026-09-05T11:01:39+09:00
Mem:            1007         131         768          42         155         875
    PID   RSS COMMAND
3791453 42289936 ray::WorkerDict
3791460 22232672 ray::WorkerDict
3791459 22232540 ray::WorkerDict
3791454 22224740 ray::WorkerDict
1317539 4827464 VLLM::Worker_TP
1317538 4822388 VLLM::Worker_TP
1280658 1229276 vllm
3788763 1043128 ray::TaskRunner
3782615 1009124 gcs_server
1317375 967796 VLLM::EngineCor
3782036 910000 python
3789318 601312 ray::SimpleStor
3789323 601184 ray::SimpleStor
== 2026-09-05T11:01:59+09:00
Mem:            1007         132         766          42         155         874
    PID   RSS COMMAND
3791453 42808848 ray::WorkerDict
3791460 22752352 ray::WorkerDict
3791459 22751452 ray::WorkerDict
3791454 22744424 ray::WorkerDict
1317539 4827464 VLLM::Worker_TP
1317538 4822388 VLLM::Worker_TP
1280658 1229276 vllm
3788763 1043128 ray::TaskRunner
3782615 1011428 gcs_server
1317375 967796 VLLM::EngineCor
3782036 910000 python
3789318 601312 ray::SimpleStor
3789323 601184 ray::SimpleStor
== 2026-09-05T11:02:19+09:00
Mem:            1007         133         765          42         155         873
    PID   RSS COMMAND
3791453 43421724 ray::WorkerDict
3791460 23363176 ray::WorkerDict
3791459 23363044 ray::WorkerDict
3791454 23355248 ray::WorkerDict
1317539 4827464 VLLM::Worker_TP
1317538 4822388 VLLM::Worker_TP
1280658 1229276 vllm
3788763 1043128 ray::TaskRunner
3782615 1011232 gcs_server
1317375 967796 VLLM::EngineCor
3782036 910000 python
3789318 601312 ray::SimpleStor
3789323 601184 ray::SimpleStor
== 2026-09-05T11:02:39+09:00
Mem:            1007         131         767          42         156         876
    PID   RSS COMMAND
3791453 43841044 ray::WorkerDict
3791460 22604828 ray::WorkerDict
3791459 22603928 ray::WorkerDict
3791454 22596900 ray::WorkerDict
1317539 4827464 VLLM::Worker_TP
1317538 4822388 VLLM::Worker_TP
1280658 1229276 vllm
3788763 1043128 ray::TaskRunner
3782615 1012620 gcs_server
1317375 967796 VLLM::EngineCor
3782036 910000 python
3789318 601312 ray::SimpleStor
3789323 601184 ray::SimpleStor
== 2026-09-05T11:02:59+09:00
Mem:            1007         132         766          42         156         875
    PID   RSS COMMAND
3791453 44335380 ray::WorkerDict
3791460 23099932 ray::WorkerDict
3791459 23098264 ray::WorkerDict
3791454 23092004 ray::WorkerDict
1317539 4827464 VLLM::Worker_TP
1317538 4822388 VLLM::Worker_TP
1280658 1229276 vllm
3788763 1043128 ray::TaskRunner
3782615 1012208 gcs_server
1317375 967796 VLLM::EngineCor
3782036 910000 python
3789318 601312 ray::SimpleStor
3789323 601184 ray::SimpleStor
== 2026-09-05T11:03:19+09:00
Mem:            1007         133         765          42         156         874
    PID   RSS COMMAND
3791453 44954912 ray::WorkerDict
3791460 23718752 ray::WorkerDict
3791459 23717084 ray::WorkerDict
3791454 23710072 ray::WorkerDict
1317539 4827464 VLLM::Worker_TP
1317538 4822388 VLLM::Worker_TP
1280658 1229276 vllm
3788763 1043128 ray::TaskRunner
3782615 1011976 gcs_server
1317375 967796 VLLM::EngineCor
3782036 910000 python
3789318 601312 ray::SimpleStor
3789323 601184 ray::SimpleStor
== 2026-09-05T11:03:39+09:00
Mem:            1007         134         763          42         156         873
    PID   RSS COMMAND
3791453 45526576 ray::WorkerDict
3791460 24291176 ray::WorkerDict
3791459 24289508 ray::WorkerDict
3791454 24281728 ray::WorkerDict
1317539 4827464 VLLM::Worker_TP
1317538 4822388 VLLM::Worker_TP
1280658 1229276 vllm
3788763 1043128 ray::TaskRunner
3782615 1011028 gcs_server
1317375 967796 VLLM::EngineCor
3782036 910000 python
3789318 601312 ray::SimpleStor
3789323 601184 ray::SimpleStor
== 2026-09-05T11:03:59+09:00
Mem:            1007         132         765          42         157         875
    PID   RSS COMMAND
3791453 46173480 ray::WorkerDict
3791460 23755552 ray::WorkerDict
3791459 23753880 ray::WorkerDict
3791454 23746104 ray::WorkerDict
1317539 4827464 VLLM::Worker_TP
1317538 4822388 VLLM::Worker_TP
1280658 1229276 vllm
3788763 1043128 ray::TaskRunner
3782615 1011792 gcs_server
1317375 967796 VLLM::EngineCor
3782036 910000 python
3789318 601312 ray::SimpleStor
3789323 601184 ray::SimpleStor
== 2026-09-05T11:04:19+09:00
Mem:            1007         133         763          42         157         873
    PID   RSS COMMAND
3791453 46823988 ray::WorkerDict
3791460 24406164 ray::WorkerDict
3791459 24404444 ray::WorkerDict
3791454 24396668 ray::WorkerDict
1317539 4827464 VLLM::Worker_TP
1317538 4822388 VLLM::Worker_TP
1280658 1229276 vllm
3788763 1043128 ray::TaskRunner
3782615 1012560 gcs_server
1317375 967796 VLLM::EngineCor
3782036 910000 python
3789318 601312 ray::SimpleStor
3789323 601184 ray::SimpleStor
== 2026-09-05T11:04:39+09:00
Mem:            1007         135         762          42         157         872
    PID   RSS COMMAND
3791453 47524408 ray::WorkerDict
3791460 25106580 ray::WorkerDict
3791459 25104860 ray::WorkerDict
3791454 25097092 ray::WorkerDict
1317539 4827464 VLLM::Worker_TP
1317538 4822388 VLLM::Worker_TP
1280658 1229276 vllm
3788763 1043128 ray::TaskRunner
3782615 1014096 gcs_server
1317375 967796 VLLM::EngineCor
3782036 910000 python
3789318 601312 ray::SimpleStor
3789323 601184 ray::SimpleStor
== 2026-09-05T11:04:59+09:00
Mem:            1007         136         760          42         158         870
    PID   RSS COMMAND
3791453 48322372 ray::WorkerDict
3791460 25904540 ray::WorkerDict
3791459 25904356 ray::WorkerDict
3791454 25895052 ray::WorkerDict
1317539 4827464 VLLM::Worker_TP
1317538 4822388 VLLM::Worker_TP
1280658 1229276 vllm
3788763 1043128 ray::TaskRunner
3782615 1013056 gcs_server
1317375 967796 VLLM::EngineCor
3782036 910000 python
3789318 601312 ray::SimpleStor
3789323 601184 ray::SimpleStor
== 2026-09-05T11:05:19+09:00
Mem:            1007         134         762          42         158         873
    PID   RSS COMMAND
3791453 48891220 ray::WorkerDict
3791460 25297232 ray::WorkerDict
3791459 25297048 ray::WorkerDict
3791454 25287744 ray::WorkerDict
1317539 4827464 VLLM::Worker_TP
1317538 4822388 VLLM::Worker_TP
1280658 1229276 vllm
3788763 1043128 ray::TaskRunner
3782615 1010716 gcs_server
1317375 967796 VLLM::EngineCor
3782036 910000 python
3789318 601312 ray::SimpleStor
3789323 601184 ray::SimpleStor
== 2026-09-05T11:05:39+09:00
Mem:            1007         135         760          42         158         871
    PID   RSS COMMAND
3791453 49590624 ray::WorkerDict
3791460 25994900 ray::WorkerDict
3791459 25993180 ray::WorkerDict
3791454 25984644 ray::WorkerDict
1317539 4827464 VLLM::Worker_TP
1317538 4822388 VLLM::Worker_TP
1280658 1229276 vllm
3788763 1043128 ray::TaskRunner
3782615 1011352 gcs_server
1317375 967796 VLLM::EngineCor
3782036 910000 python
3789318 601312 ray::SimpleStor
3789323 601184 ray::SimpleStor
== 2026-09-05T11:05:59+09:00
Mem:            1007         137         758          42         159         870
    PID   RSS COMMAND
3791453 50288240 ray::WorkerDict
3791460 26694500 ray::WorkerDict
3791459 26692068 ray::WorkerDict
3791454 26683532 ray::WorkerDict
1317539 4827464 VLLM::Worker_TP
1317538 4822388 VLLM::Worker_TP
1280658 1229276 vllm
3788763 1043128 ray::TaskRunner
3782615 1012120 gcs_server
1317375 967796 VLLM::EngineCor
3782036 910000 python
3789318 601312 ray::SimpleStor
3789323 601184 ray::SimpleStor
== 2026-09-05T11:06:19+09:00
Mem:            1007         134         760          42         159         872
    PID   RSS COMMAND
3791453 50927212 ray::WorkerDict
3791460 26153772 ray::WorkerDict
3791459 26150552 ray::WorkerDict
3791454 26142784 ray::WorkerDict
1317539 4827464 VLLM::Worker_TP
1317538 4822388 VLLM::Worker_TP
1280658 1229276 vllm
3788763 1043128 ray::TaskRunner
3782615 1012888 gcs_server
1317375 967796 VLLM::EngineCor
3782036 910000 python
3789318 601312 ray::SimpleStor
3789323 601184 ray::SimpleStor
== 2026-09-05T11:06:39+09:00
Mem:            1007         136         758          42         159         871
    PID   RSS COMMAND
3791453 51624568 ray::WorkerDict
3791460 26849908 ray::WorkerDict
3791459 26846684 ray::WorkerDict
3791454 26838916 ray::WorkerDict
1317539 4827464 VLLM::Worker_TP
1317538 4822388 VLLM::Worker_TP
1280658 1229276 vllm
3788763 1043128 ray::TaskRunner
3782615 1014424 gcs_server
1317375 967796 VLLM::EngineCor
3782036 910000 python
3789318 601312 ray::SimpleStor
3789323 601184 ray::SimpleStor
== 2026-09-05T11:06:59+09:00
Mem:            1007         137         757          42         160         869
    PID   RSS COMMAND
3791453 52320644 ray::WorkerDict
3791460 27545984 ray::WorkerDict
3791459 27541988 ray::WorkerDict
3791454 27535760 ray::WorkerDict
1317539 4827464 VLLM::Worker_TP
1317538 4822388 VLLM::Worker_TP
1280658 1229276 vllm
3788763 1043128 ray::TaskRunner
3782615 1015192 gcs_server
1317375 967796 VLLM::EngineCor
3782036 910000 python
3789318 601312 ray::SimpleStor
3789323 601184 ray::SimpleStor
== 2026-09-05T11:07:19+09:00
Mem:            1007         135         758          42         160         871
    PID   RSS COMMAND
3791453 53161340 ray::WorkerDict
3791460 27208244 ray::WorkerDict
3791459 27205016 ray::WorkerDict
3791454 27197252 ray::WorkerDict
1317539 4827464 VLLM::Worker_TP
1317538 4822388 VLLM::Worker_TP
1280658 1229276 vllm
3788763 1043128 ray::TaskRunner
3782615 1015108 gcs_server
1317375 967796 VLLM::EngineCor
3782036 910000 python
3789318 601312 ray::SimpleStor
3789323 601184 ray::SimpleStor
== 2026-09-05T11:07:39+09:00
Mem:            1007         137         756          42         160         870
    PID   RSS COMMAND
3791453 53881992 ray::WorkerDict
3791460 27928952 ray::WorkerDict
3791459 27925724 ray::WorkerDict
3791454 27918728 ray::WorkerDict
1317539 4827464 VLLM::Worker_TP
1317538 4822388 VLLM::Worker_TP
1280658 1229276 vllm
3788763 1043128 ray::TaskRunner
3782615 1014300 gcs_server
1317375 967796 VLLM::EngineCor
3782036 910000 python
3789318 601312 ray::SimpleStor
3789323 601184 ray::SimpleStor
== 2026-09-05T11:07:59+09:00
Mem:            1007         138         755          42         161         868
    PID   RSS COMMAND
3791453 54635924 ray::WorkerDict
3791460 28682116 ray::WorkerDict
3791459 28679652 ray::WorkerDict
3791454 28673952 ray::WorkerDict
1317539 4827464 VLLM::Worker_TP
1317538 4822388 VLLM::Worker_TP
1280658 1229276 vllm
3788763 1043128 ray::TaskRunner
3782615 1013108 gcs_server
1317375 967796 VLLM::EngineCor
3782036 910000 python
3789318 601312 ray::SimpleStor
3789323 601184 ray::SimpleStor
== 2026-09-05T11:08:19+09:00
Mem:            1007         137         756          42         161         870
    PID   RSS COMMAND
3791453 55457676 ray::WorkerDict
3791460 28324920 ray::WorkerDict
3791459 28322456 ray::WorkerDict
3791454 28316756 ray::WorkerDict
1317539 4827464 VLLM::Worker_TP
1317538 4822388 VLLM::Worker_TP
1280658 1229276 vllm
3788763 1043128 ray::TaskRunner
3782615 1013108 gcs_server
1317375 967796 VLLM::EngineCor
3782036 910000 python
3789318 601312 ray::SimpleStor
3789323 601184 ray::SimpleStor
== 2026-09-05T11:08:39+09:00
Mem:            1007         137         755          42         161         869
    PID   RSS COMMAND
3791453 55851660 ray::WorkerDict
3791460 28718136 ray::WorkerDict
3791459 28715672 ray::WorkerDict
3791454 28708436 ray::WorkerDict
1317539 4827464 VLLM::Worker_TP
1317538 4822388 VLLM::Worker_TP
1280658 1229276 vllm
3788763 1043128 ray::TaskRunner
3782615 1013876 gcs_server
1317375 967796 VLLM::EngineCor
3782036 910000 python
3789318 601312 ray::SimpleStor
3789323 601184 ray::SimpleStor
== 2026-09-05T11:09:00+09:00
Mem:            1007         138         754          42         162         868
    PID   RSS COMMAND
3791453 56411036 ray::WorkerDict
3791460 29279100 ray::WorkerDict
3791459 29275868 ray::WorkerDict
3791454 29269400 ray::WorkerDict
1317539 4827464 VLLM::Worker_TP
1317538 4822388 VLLM::Worker_TP
1280658 1229276 vllm
3788763 1043128 ray::TaskRunner
3782615 1012604 gcs_server
1317375 967796 VLLM::EngineCor
3782036 910000 python
3789318 601312 ray::SimpleStor
3789323 601184 ray::SimpleStor
== 2026-09-05T11:09:20+09:00
Mem:            1007         140         752          42         162         867
    PID   RSS COMMAND
3791453 57173676 ray::WorkerDict
3791460 30040964 ray::WorkerDict
3791459 30038500 ray::WorkerDict
3791454 30031264 ray::WorkerDict
1317539 4827464 VLLM::Worker_TP
1317538 4822388 VLLM::Worker_TP
1280658 1229276 vllm
3788763 1043128 ray::TaskRunner
3782615 1013236 gcs_server
1317375 967796 VLLM::EngineCor
3782036 910000 python
3789318 601312 ray::SimpleStor
3789323 601184 ray::SimpleStor
== 2026-09-05T11:09:40+09:00
Mem:            1007         138         753          42         162         868
    PID   RSS COMMAND
3791453 58175420 ray::WorkerDict
3791460 29860156 ray::WorkerDict
3791459 29857688 ray::WorkerDict
3791454 29850452 ray::WorkerDict
1317539 4827464 VLLM::Worker_TP
1317538 4822388 VLLM::Worker_TP
1280658 1229276 vllm
3788763 1043128 ray::TaskRunner
3782615 1012248 gcs_server
1317375 967796 VLLM::EngineCor
3782036 910000 python
3789318 601312 ray::SimpleStor
3789323 601184 ray::SimpleStor
== 2026-09-05T11:10:00+09:00
Mem:            1007         140         751          42         163         867
    PID   RSS COMMAND
3791453 58769612 ray::WorkerDict
3791460 30457216 ray::WorkerDict
3791459 30454748 ray::WorkerDict
3791454 30447512 ray::WorkerDict
1317539 4827464 VLLM::Worker_TP
1317538 4822388 VLLM::Worker_TP
1280658 1229276 vllm
3788763 1043128 ray::TaskRunner
3782615 1011992 gcs_server
1317375 967796 VLLM::EngineCor
3782036 910000 python
3789318 601312 ray::SimpleStor
3789323 601184 ray::SimpleStor
== 2026-09-05T11:10:20+09:00
Mem:            1007         141         750          42         163         866
    PID   RSS COMMAND
3791453 59441880 ray::WorkerDict
3791460 31129480 ray::WorkerDict
3791459 31126244 ray::WorkerDict
3791454 31119008 ray::WorkerDict
1317539 4827464 VLLM::Worker_TP
1317538 4822388 VLLM::Worker_TP
1280658 1229276 vllm
3788763 1043128 ray::TaskRunner
3782615 1013204 gcs_server
1317375 967796 VLLM::EngineCor
3782036 910000 python
3789318 601312 ray::SimpleStor
3789323 601184 ray::SimpleStor
== 2026-09-05T11:10:40+09:00
Mem:            1007         139         751          42         163         868
    PID   RSS COMMAND
3791453 60174032 ray::WorkerDict
3791460 30681148 ray::WorkerDict
3791459 30677912 ray::WorkerDict
3791454 30671444 ray::WorkerDict
1317539 4827464 VLLM::Worker_TP
1317538 4822388 VLLM::Worker_TP
1280658 1229276 vllm
3788763 1043128 ray::TaskRunner
3782615 1012404 gcs_server
1317375 967796 VLLM::EngineCor
3782036 910000 python
3789318 601312 ray::SimpleStor
3789323 601184 ray::SimpleStor
== 2026-09-05T11:11:00+09:00
Mem:            1007         140         750          42         164         866
    PID   RSS COMMAND
3791453 60765904 ray::WorkerDict
3791460 31272032 ray::WorkerDict
3791459 31267736 ray::WorkerDict
3791454 31262036 ray::WorkerDict
1317539 4827464 VLLM::Worker_TP
1317538 4822388 VLLM::Worker_TP
1280658 1229276 vllm
3788763 1043128 ray::TaskRunner
3782615 1013144 gcs_server
1317375 967796 VLLM::EngineCor
3782036 910000 python
3789318 601312 ray::SimpleStor
3789323 601184 ray::SimpleStor
== 2026-09-05T11:11:20+09:00
Mem:            1007         142         748          42         164         865
    PID   RSS COMMAND
3791453 61507548 ray::WorkerDict
3791460 32015780 ray::WorkerDict
3791459 32012252 ray::WorkerDict
3791454 32005784 ray::WorkerDict
1317539 4827464 VLLM::Worker_TP
1317538 4822388 VLLM::Worker_TP
1280658 1229276 vllm
3788763 1043128 ray::TaskRunner
3782615 1014680 gcs_server
1317375 967796 VLLM::EngineCor
3782036 910000 python
3789318 601312 ray::SimpleStor
3789323 601184 ray::SimpleStor
== 2026-09-05T11:11:40+09:00
Mem:            1007         143         746          42         164         863
    PID   RSS COMMAND
3791453 62379240 ray::WorkerDict
3791460 32889004 ray::WorkerDict
3791459 32883940 ray::WorkerDict
3791454 32877472 ray::WorkerDict
1317539 4827464 VLLM::Worker_TP
1317538 4822388 VLLM::Worker_TP
1280658 1229276 vllm
3788763 1043128 ray::TaskRunner
3782615 1012800 gcs_server
1317375 967796 VLLM::EngineCor
3782036 910000 python
3789318 601312 ray::SimpleStor
3789323 601184 ray::SimpleStor
== 2026-09-05T11:12:00+09:00
Mem:            1007         141         748          42         165         865
    PID   RSS COMMAND
3791453 63022560 ray::WorkerDict
3791460 32351844 ray::WorkerDict
3791459 32347544 ray::WorkerDict
3791454 32341076 ray::WorkerDict
1317539 4827464 VLLM::Worker_TP
1317538 4822388 VLLM::Worker_TP
1280658 1229276 vllm
3788763 1043128 ray::TaskRunner
3782615 1012800 gcs_server
1317375 967796 VLLM::EngineCor
3782036 910000 python
3789318 601312 ray::SimpleStor
3789323 601184 ray::SimpleStor
== 2026-09-05T11:12:20+09:00
Mem:            1007         143         746          42         165         864
    PID   RSS COMMAND
3791453 63775724 ray::WorkerDict
3791460 33104296 ray::WorkerDict
3791459 33101532 ray::WorkerDict
3791454 33095064 ray::WorkerDict
1317539 4827464 VLLM::Worker_TP
1317538 4822388 VLLM::Worker_TP
1280658 1229276 vllm
3788763 1043128 ray::TaskRunner
3782615 1011972 gcs_server
1317375 967796 VLLM::EngineCor
3782036 910000 python
3789318 601312 ray::SimpleStor
3789323 601184 ray::SimpleStor
== 2026-09-05T11:12:40+09:00
Mem:            1007         145         743          42         166         862
    PID   RSS COMMAND
3791453 64798456 ray::WorkerDict
3791460 34127024 ray::WorkerDict
3791459 34123492 ray::WorkerDict
3791454 34116256 ray::WorkerDict
1317539 4827464 VLLM::Worker_TP
1317538 4822388 VLLM::Worker_TP
1280658 1229276 vllm
3788763 1043128 ray::TaskRunner
3782615 1011584 gcs_server
1317375 967796 VLLM::EngineCor
3782036 910000 python
3789318 601312 ray::SimpleStor
3789323 601184 ray::SimpleStor
== 2026-09-05T11:13:00+09:00
Mem:            1007         143         745          42         166         864
    PID   RSS COMMAND
3791453 65613052 ray::WorkerDict
3791460 33762660 ray::WorkerDict
3791459 33759896 ray::WorkerDict
3791454 33752660 ray::WorkerDict
1317539 4827464 VLLM::Worker_TP
1317538 4822388 VLLM::Worker_TP
1280658 1229276 vllm
3788763 1043128 ray::TaskRunner
3782615 1012340 gcs_server
1317375 967796 VLLM::EngineCor
3782036 910000 python
3789318 601312 ray::SimpleStor
3789323 601184 ray::SimpleStor
== 2026-09-05T11:13:20+09:00
Mem:            1007         145         742          42         166         862
    PID   RSS COMMAND
3791453 66549012 ray::WorkerDict
3791460 34698672 ray::WorkerDict
3791459 34696676 ray::WorkerDict
3791454 34688672 ray::WorkerDict
1317539 4827464 VLLM::Worker_TP
1317538 4822388 VLLM::Worker_TP
1280658 1229276 vllm
3788763 1043128 ray::TaskRunner
3782615 1012772 gcs_server
1317375 967796 VLLM::EngineCor
3782036 910000 python
3789318 601312 ray::SimpleStor
3789323 601184 ray::SimpleStor
== 2026-09-05T11:13:40+09:00
Mem:            1007         143         744          42         167         863
    PID   RSS COMMAND
3791453 67474188 ray::WorkerDict
3791460 34443364 ray::WorkerDict
3791459 34442136 ray::WorkerDict
3791454 34434132 ray::WorkerDict
1317539 4827464 VLLM::Worker_TP
1317538 4822388 VLLM::Worker_TP
1280658 1229276 vllm
3788763 1043128 ray::TaskRunner
3782615 1013280 gcs_server
1317375 967796 VLLM::EngineCor
3782036 910000 python
3789318 601312 ray::SimpleStor
3789323 601184 ray::SimpleStor
== 2026-09-05T11:14:00+09:00
Mem:            1007         144         742          42         167         862
    PID   RSS COMMAND
3791453 68014872 ray::WorkerDict
3791460 34984104 ray::WorkerDict
3791459 34982108 ray::WorkerDict
3791454 34974104 ray::WorkerDict
1317539 4827464 VLLM::Worker_TP
1317538 4822388 VLLM::Worker_TP
1280658 1229276 vllm
3788763 1043128 ray::TaskRunner
3782615 1013280 gcs_server
1317375 967796 VLLM::EngineCor
3782036 910000 python
3789318 601312 ray::SimpleStor
3789323 601184 ray::SimpleStor
== 2026-09-05T11:14:20+09:00
Mem:            1007         146         741          42         167         861
    PID   RSS COMMAND
3791453 68708120 ray::WorkerDict
3791460 35677352 ray::WorkerDict
3791459 35674588 ray::WorkerDict
3791454 35667352 ray::WorkerDict
1317539 4827464 VLLM::Worker_TP
1317538 4822388 VLLM::Worker_TP
1280658 1229276 vllm
3788763 1043128 ray::TaskRunner
3782615 1011832 gcs_server
1317375 967796 VLLM::EngineCor
3782036 910000 python
3789318 601312 ray::SimpleStor
3789323 601184 ray::SimpleStor
== 2026-09-05T11:14:40+09:00
Mem:            1007         144         742          42         168         863
    PID   RSS COMMAND
3791453 69590556 ray::WorkerDict
3791460 35380836 ray::WorkerDict
3791459 35378840 ray::WorkerDict
3791454 35370836 ray::WorkerDict
1317539 4827464 VLLM::Worker_TP
1317538 4822388 VLLM::Worker_TP
1280658 1229276 vllm
3788763 1043128 ray::TaskRunner
3782615 1010508 gcs_server
1317375 967796 VLLM::EngineCor
3782036 910000 python
3789318 601312 ray::SimpleStor
3789323 601184 ray::SimpleStor
== 2026-09-05T11:15:00+09:00
Mem:            1007         146         740          42         168         861
    PID   RSS COMMAND
3791453 70463016 ray::WorkerDict
3791460 36254124 ray::WorkerDict
3791459 36249820 ray::WorkerDict
3791454 36244888 ray::WorkerDict
1317539 4826696 VLLM::Worker_TP
1317538 4821620 VLLM::Worker_TP
1280658 1229276 vllm
3788763 1043128 ray::TaskRunner
3782615 1009740 gcs_server
1317375 967796 VLLM::EngineCor
3782036 910000 python
3789318 601312 ray::SimpleStor
3789323 601184 ray::SimpleStor
== 2026-09-05T11:15:20+09:00
Mem:            1007         147         738          42         168         859
    PID   RSS COMMAND
3791453 71224116 ray::WorkerDict
3791460 37015220 ray::WorkerDict
3791459 37011684 ray::WorkerDict
3791454 37006752 ray::WorkerDict
1317539 4826696 VLLM::Worker_TP
1317538 4821620 VLLM::Worker_TP
1280658 1229276 vllm
3788763 1043128 ray::TaskRunner
3782615 1008972 gcs_server
1317375 967796 VLLM::EngineCor
3782036 910000 python
3789318 601312 ray::SimpleStor
3789323 601184 ray::SimpleStor
== 2026-09-05T11:15:40+09:00
Mem:            1007         145         740          42         168         861
    PID   RSS COMMAND
3791453 71973676 ray::WorkerDict
3791460 36584296 ray::WorkerDict
3791459 36579992 ray::WorkerDict
3791454 36575060 ray::WorkerDict
1317539 4826696 VLLM::Worker_TP
1317538 4821620 VLLM::Worker_TP
1280658 1229276 vllm
3788763 1043128 ray::TaskRunner
3782615 1009704 gcs_server
1317375 967796 VLLM::EngineCor
3782036 910000 python
3789318 601312 ray::SimpleStor
3789323 601184 ray::SimpleStor
== 2026-09-05T11:16:00+09:00
Mem:            1007         146         739          42         169         860
    PID   RSS COMMAND
3791453 72526636 ray::WorkerDict
3791460 37137264 ray::WorkerDict
3791459 37132952 ray::WorkerDict
3791454 37128020 ray::WorkerDict
1317539 4826696 VLLM::Worker_TP
1317538 4821620 VLLM::Worker_TP
1280658 1229276 vllm
3788763 1043128 ray::TaskRunner
3782615 1010472 gcs_server
1317375 967796 VLLM::EngineCor
3782036 910000 python
3789318 601312 ray::SimpleStor
3789323 601184 ray::SimpleStor
== 2026-09-05T11:16:20+09:00
Mem:            1007         147         738          42         168         859
    PID   RSS COMMAND
3791453 73178424 ray::WorkerDict
3791460 37787060 ray::WorkerDict
3791459 37781980 ray::WorkerDict
3791454 37777048 ray::WorkerDict
1317539 4826696 VLLM::Worker_TP
1317538 4820852 VLLM::Worker_TP
1280658 1229276 vllm
3788763 1040056 ray::TaskRunner
3782615 1010252 gcs_server
1317375 967796 VLLM::EngineCor
3782036 906928 python
3789318 598240 ray::SimpleStor
3789323 598112 ray::SimpleStor
== 2026-09-05T11:16:40+09:00
Mem:            1007         149         736          42         168         857
    PID   RSS COMMAND
3791453 74021444 ray::WorkerDict
3791460 38629052 ray::WorkerDict
3791459 38623972 ray::WorkerDict
3791454 38620576 ray::WorkerDict
1317539 4826696 VLLM::Worker_TP
1317538 4820852 VLLM::Worker_TP
1280658 1229276 vllm
3788763 1040824 ray::TaskRunner
3782615 1011020 gcs_server
1317375 967796 VLLM::EngineCor
3782036 906928 python
3789246 598500 ray::TransferQu
3789318 598240 ray::SimpleStor
== 2026-09-05T11:17:00+09:00
Mem:            1007         147         738          42         169         859
    PID   RSS COMMAND
3791453 74721856 ray::WorkerDict
3791460 38148980 ray::WorkerDict
3791459 38144664 ray::WorkerDict
3791454 38139732 ray::WorkerDict
1317539 4826696 VLLM::Worker_TP
1317538 4820852 VLLM::Worker_TP
1280658 1229276 vllm
3788763 1040824 ray::TaskRunner
3782615 1010748 gcs_server
1317375 967796 VLLM::EngineCor
3782036 906928 python
3789246 598500 ray::TransferQu
3789318 598240 ray::SimpleStor
== 2026-09-05T11:17:20+09:00
Mem:            1007         148         739          42         166         858
    PID   RSS COMMAND
3791453 75414860 ray::WorkerDict
3791460 38840760 ray::WorkerDict
3791459 38835676 ray::WorkerDict
3791454 38831512 ray::WorkerDict
1317539 4826696 VLLM::Worker_TP
1317538 4820852 VLLM::Worker_TP
1280658 1229276 vllm
3788763 1039288 ray::TaskRunner
3782615 1008980 gcs_server
1317375 967796 VLLM::EngineCor
3782036 904624 python
3789246 596964 ray::TransferQu
3789318 596704 ray::SimpleStor
== 2026-09-05T11:17:40+09:00
Mem:            1007         150         737          42         167         857
    PID   RSS COMMAND
3791453 76182616 ray::WorkerDict
3791460 39609792 ray::WorkerDict
3791459 39604708 ray::WorkerDict
3791454 39600544 ray::WorkerDict
1317539 4826696 VLLM::Worker_TP
1317538 4820852 VLLM::Worker_TP
1280658 1229276 vllm
3788763 1039288 ray::TaskRunner
3782615 1007404 gcs_server
1317375 967796 VLLM::EngineCor
3782036 904624 python
3789246 596964 ray::TransferQu
3789318 596704 ray::SimpleStor
== 2026-09-05T11:18:00+09:00
Mem:            1007         148         739          42         167         859
    PID   RSS COMMAND
3791453 76855376 ray::WorkerDict
3791460 39105140 ray::WorkerDict
3791459 39099288 ray::WorkerDict
3791454 39095124 ray::WorkerDict
1317539 4826696 VLLM::Worker_TP
1317538 4820852 VLLM::Worker_TP
1280658 1229276 vllm
3788763 1039288 ray::TaskRunner
3782615 1006572 gcs_server
1317375 967796 VLLM::EngineCor
3782036 904624 python
3789246 596964 ray::TransferQu
3789318 596704 ray::SimpleStor
== 2026-09-05T11:18:20+09:00
Mem:            1007         149         738          42         167         858
    PID   RSS COMMAND
3791453 77440092 ray::WorkerDict
3791460 39687864 ray::WorkerDict
3791459 39682780 ray::WorkerDict
3791454 39677848 ray::WorkerDict
1317539 4826696 VLLM::Worker_TP
1317538 4820852 VLLM::Worker_TP
1280658 1229276 vllm
3788763 1039288 ray::TaskRunner
3782615 1007340 gcs_server
1317375 967796 VLLM::EngineCor
3782036 904624 python
3789246 596964 ray::TransferQu
3789318 596704 ray::SimpleStor
== 2026-09-05T11:18:40+09:00
Mem:            1007         150         736          42         168         856
    PID   RSS COMMAND
3791453 78230120 ray::WorkerDict
3791460 40479936 ray::WorkerDict
3791459 40474852 ray::WorkerDict
3791454 40469920 ray::WorkerDict
1317539 4826696 VLLM::Worker_TP
1317538 4820852 VLLM::Worker_TP
1280658 1229276 vllm
3788763 1039288 ray::TaskRunner
3782615 1007164 gcs_server
1317375 967796 VLLM::EngineCor
3782036 904624 python
3789246 596964 ray::TransferQu
3789318 596704 ray::SimpleStor
== 2026-09-05T11:19:00+09:00
Mem:            1007         149         737          42         168         858
    PID   RSS COMMAND
3791453 79070048 ray::WorkerDict
3791460 40139380 ray::WorkerDict
3791459 40135064 ray::WorkerDict
3791454 40129364 ray::WorkerDict
1317539 4826696 VLLM::Worker_TP
1317538 4820852 VLLM::Worker_TP
1280658 1229276 vllm
3788763 1039288 ray::TaskRunner
3782615 1007788 gcs_server
1317375 967796 VLLM::EngineCor
3782036 904624 python
3789246 596964 ray::TransferQu
3789318 596704 ray::SimpleStor
== 2026-09-05T11:19:21+09:00
Mem:            1007         150         736          42         168         857
    PID   RSS COMMAND
3791453 79605600 ray::WorkerDict
3791460 40673652 ray::WorkerDict
3791459 40668568 ray::WorkerDict
3791454 40662100 ray::WorkerDict
1317539 4826696 VLLM::Worker_TP
1317538 4820852 VLLM::Worker_TP
1280658 1229276 vllm
3788763 1039288 ray::TaskRunner
3782615 1008556 gcs_server
1317375 967796 VLLM::EngineCor
3782036 904624 python
3789246 596964 ray::TransferQu
3789318 596704 ray::SimpleStor
== 2026-09-05T11:19:41+09:00
Mem:            1007         151         734          42         169         855
    PID   RSS COMMAND
3791453 80350828 ray::WorkerDict
3791460 41421752 ray::WorkerDict
3791459 41415900 ray::WorkerDict
3791454 41410200 ray::WorkerDict
1317539 4826696 VLLM::Worker_TP
1317538 4820852 VLLM::Worker_TP
1280658 1229276 vllm
3788763 1039288 ray::TaskRunner
3782615 1008896 gcs_server
1317375 967796 VLLM::EngineCor
3782036 904624 python
3789246 596964 ray::TransferQu
3789318 596704 ray::SimpleStor
== 2026-09-05T11:20:01+09:00
Mem:            1007         153         732          42         169         854
    PID   RSS COMMAND
3791453 81205112 ray::WorkerDict
3791460 42276032 ray::WorkerDict
3791459 42270948 ray::WorkerDict
3791454 42264480 ray::WorkerDict
1317539 4826696 VLLM::Worker_TP
1317538 4820852 VLLM::Worker_TP
1280658 1229276 vllm
3788763 1039288 ray::TaskRunner
3782615 1008896 gcs_server
1317375 967796 VLLM::EngineCor
3782036 904624 python
3789246 596964 ray::TransferQu
3789318 596704 ray::SimpleStor
== 2026-09-05T11:20:21+09:00
Mem:            1007         151         733          42         169         856
    PID   RSS COMMAND
3791453 81953904 ray::WorkerDict
3791460 41845108 ray::WorkerDict
3791459 41840024 ray::WorkerDict
3791454 41834336 ray::WorkerDict
1317539 4826696 VLLM::Worker_TP
1317538 4820852 VLLM::Worker_TP
1280658 1229276 vllm
3788763 1039288 ray::TaskRunner
3782615 1006692 gcs_server
1317375 967796 VLLM::EngineCor
3782036 904624 python
3789246 596964 ray::TransferQu
3789318 596704 ray::SimpleStor
== 2026-09-05T11:20:41+09:00
Mem:            1007         152         732          42         170         854
    PID   RSS COMMAND
3791453 82610896 ray::WorkerDict
3791460 42501572 ray::WorkerDict
3791459 42495708 ray::WorkerDict
3791454 42490020 ray::WorkerDict
1317539 4826696 VLLM::Worker_TP
1317538 4820852 VLLM::Worker_TP
1280658 1229276 vllm
3788763 1039288 ray::TaskRunner
3782615 1007460 gcs_server
1317375 967796 VLLM::EngineCor
3782036 904624 python
3789246 596964 ray::TransferQu
3789318 596704 ray::SimpleStor
== 2026-09-05T11:21:01+09:00
Mem:            1007         154         730          42         170         853
    PID   RSS COMMAND
3791453 83395804 ray::WorkerDict
3791460 43283660 ray::WorkerDict
3791459 43278564 ray::WorkerDict
3791454 43272876 ray::WorkerDict
1317539 4826696 VLLM::Worker_TP
1317538 4820852 VLLM::Worker_TP
1280658 1229276 vllm
3788763 1039288 ray::TaskRunner
3782615 1008228 gcs_server
1317375 967796 VLLM::EngineCor
3782036 904624 python
3789246 596964 ray::TransferQu
3789318 596704 ray::SimpleStor
== 2026-09-05T11:21:21+09:00
Mem:            1007         152         732          42         170         855
    PID   RSS COMMAND
3791453 84125140 ray::WorkerDict
3791460 42835328 ray::WorkerDict
3791459 42830232 ray::WorkerDict
3791454 42823776 ray::WorkerDict
1317539 4826696 VLLM::Worker_TP
1317538 4820852 VLLM::Worker_TP
1280658 1229276 vllm
3788763 1039288 ray::TaskRunner
3782615 1008980 gcs_server
1317375 967796 VLLM::EngineCor
3782036 904624 python
3789246 596964 ray::TransferQu
3789318 596704 ray::SimpleStor
== 2026-09-05T11:21:41+09:00
Mem:            1007         153         730          42         171         853
    PID   RSS COMMAND
3791453 84911584 ray::WorkerDict
3791460 43621060 ray::WorkerDict
3791459 43616732 ray::WorkerDict
3791454 43611044 ray::WorkerDict
1317539 4826696 VLLM::Worker_TP
1317538 4820852 VLLM::Worker_TP
1280658 1229276 vllm
3788763 1039288 ray::TaskRunner
3782615 1008080 gcs_server
1317375 967796 VLLM::EngineCor
3782036 904624 python
3789246 596964 ray::TransferQu
3789318 596704 ray::SimpleStor
== 2026-09-05T11:22:01+09:00
Mem:            1007         155         727          42         171         851
    PID   RSS COMMAND
3791453 85853424 ray::WorkerDict
3791460 44562892 ray::WorkerDict
3791459 44557796 ray::WorkerDict
3791454 44552876 ray::WorkerDict
1317539 4826696 VLLM::Worker_TP
1317538 4820852 VLLM::Worker_TP
1280658 1229276 vllm
3788763 1039288 ray::TaskRunner
3782615 1008688 gcs_server
1317375 967796 VLLM::EngineCor
3782036 904624 python
3789246 596964 ray::TransferQu
3789318 596704 ray::SimpleStor
== 2026-09-05T11:22:21+09:00
Mem:            1007         153         729          42         172         853
    PID   RSS COMMAND
3791453 86626792 ray::WorkerDict
3791460 44156544 ray::WorkerDict
3791459 44151448 ray::WorkerDict
3791454 44146528 ray::WorkerDict
1317539 4826696 VLLM::Worker_TP
1317538 4820852 VLLM::Worker_TP
1280658 1229276 vllm
3788763 1039288 ray::TaskRunner
3782615 1009456 gcs_server
1317375 967796 VLLM::EngineCor
3782036 904624 python
3789246 596964 ray::TransferQu
3789318 596704 ray::SimpleStor
== 2026-09-05T11:22:41+09:00
Mem:            1007         155         727          42         172         852
    PID   RSS COMMAND
3791453 87490548 ray::WorkerDict
3791460 45020356 ray::WorkerDict
3791459 45016028 ray::WorkerDict
3791454 45009572 ray::WorkerDict
1317539 4826696 VLLM::Worker_TP
1317538 4820852 VLLM::Worker_TP
1280658 1229276 vllm
3788763 1039288 ray::TaskRunner
3782615 1009344 gcs_server
1317375 967796 VLLM::EngineCor
3782036 904624 python
3789246 596964 ray::TransferQu
3789318 596704 ray::SimpleStor
== 2026-09-05T11:23:01+09:00
Mem:            1007         153         728          42         172         853
    PID   RSS COMMAND
3791453 88464120 ray::WorkerDict
3791460 44815744 ray::WorkerDict
3791459 44810648 ray::WorkerDict
3791454 44804960 ray::WorkerDict
1317539 4826696 VLLM::Worker_TP
1317538 4820852 VLLM::Worker_TP
1280658 1229276 vllm
3788763 1039288 ray::TaskRunner
3782615 1007520 gcs_server
1317375 967796 VLLM::EngineCor
3782036 904624 python
3789246 596964 ray::TransferQu
3789318 596704 ray::SimpleStor
== 2026-09-05T11:23:21+09:00
Mem:            1007         155         726          42         173         852
    PID   RSS COMMAND
3791453 89077752 ray::WorkerDict
3791460 45429376 ray::WorkerDict
3791459 45425048 ray::WorkerDict
3791454 45418592 ray::WorkerDict
1317539 4826696 VLLM::Worker_TP
1317538 4820852 VLLM::Worker_TP
1280658 1229276 vllm
3788763 1039288 ray::TaskRunner
3782615 1009568 gcs_server
1317375 967796 VLLM::EngineCor
3782036 904624 python
3789246 596964 ray::TransferQu
3789318 596704 ray::SimpleStor
== 2026-09-05T11:23:41+09:00
Mem:            1007         156         724          42         173         850
    PID   RSS COMMAND
3791453 89848324 ray::WorkerDict
3791460 46199236 ray::WorkerDict
3791459 46193372 ray::WorkerDict
3791454 46188452 ray::WorkerDict
1317539 4826696 VLLM::Worker_TP
1317538 4820852 VLLM::Worker_TP
1280658 1229276 vllm
3788763 1039288 ray::TaskRunner
3782615 1008412 gcs_server
1317375 967796 VLLM::EngineCor
3782036 904624 python
3789246 596964 ray::TransferQu
3789318 596704 ray::SimpleStor
== 2026-09-05T11:24:01+09:00
Mem:            1007         155         725          42         174         852
    PID   RSS COMMAND
3791453 90858760 ray::WorkerDict
3791460 46029952 ray::WorkerDict
3791459 46024856 ray::WorkerDict
3791454 46019936 ray::WorkerDict
1317539 4826696 VLLM::Worker_TP
1317538 4820852 VLLM::Worker_TP
1280658 1229276 vllm
3788763 1039288 ray::TaskRunner
3782615 1008412 gcs_server
1317375 967796 VLLM::EngineCor
3782036 904624 python
3789246 596964 ray::TransferQu
3789318 596704 ray::SimpleStor
== 2026-09-05T11:24:21+09:00
Mem:            1007         156         724          42         174         851
    PID   RSS COMMAND
3791453 91418888 ray::WorkerDict
3791460 46590080 ray::WorkerDict
3791459 46584984 ray::WorkerDict
3791454 46579296 ray::WorkerDict
1317539 4826696 VLLM::Worker_TP
1317538 4820852 VLLM::Worker_TP
1280658 1229276 vllm
3788763 1039288 ray::TaskRunner
3782615 1009080 gcs_server
1317375 967796 VLLM::EngineCor
3782036 904624 python
3789246 596964 ray::TransferQu
3789318 596704 ray::SimpleStor
== 2026-09-05T11:24:41+09:00
Mem:            1007         157         722          42         174         849
    PID   RSS COMMAND
3791453 92053524 ray::WorkerDict
3791460 47224772 ray::WorkerDict
3791459 47219676 ray::WorkerDict
3791454 47213220 ray::WorkerDict
1317539 4826696 VLLM::Worker_TP
1317538 4820852 VLLM::Worker_TP
1280658 1229276 vllm
3788763 1039288 ray::TaskRunner
3782615 1008636 gcs_server
1317375 967796 VLLM::EngineCor
3782036 904624 python
3789246 596964 ray::TransferQu
3789318 596704 ray::SimpleStor
== 2026-09-05T11:25:01+09:00
Mem:            1007         158         721          42         175         848
    PID   RSS COMMAND
3791453 92769824 ray::WorkerDict
3791460 47941068 ray::WorkerDict
3791459 47935972 ray::WorkerDict
3791454 47930284 ray::WorkerDict
1317539 4826696 VLLM::Worker_TP
1317538 4820852 VLLM::Worker_TP
1280658 1229276 vllm
3788763 1039288 ray::TaskRunner
3782615 1008636 gcs_server
1317375 967796 VLLM::EngineCor
3782036 904624 python
3789246 596964 ray::TransferQu
3789318 596704 ray::SimpleStor
== 2026-09-05T11:25:21+09:00
Mem:            1007         156         722          42         175         850
    PID   RSS COMMAND
3791453 93445656 ray::WorkerDict
3791460 47436416 ray::WorkerDict
3791459 47431320 ray::WorkerDict
3791454 47425632 ray::WorkerDict
1317539 4826696 VLLM::Worker_TP
1317538 4820852 VLLM::Worker_TP
1280658 1229276 vllm
3788763 1039288 ray::TaskRunner
3782615 1009396 gcs_server
1317375 967796 VLLM::EngineCor
3782036 904624 python
3789246 596964 ray::TransferQu
3789318 596704 ray::SimpleStor
== 2026-09-05T11:25:41+09:00
Mem:            1007         158         725          42         171         849
    PID   RSS COMMAND
3791453 94214696 ray::WorkerDict
3791460 48206276 ray::WorkerDict
3791459 48201948 ray::WorkerDict
3791454 48195492 ray::WorkerDict
1317539 4826696 VLLM::Worker_TP
1317538 4820852 VLLM::Worker_TP
1280658 1229276 vllm
3788763 1039288 ray::TaskRunner
3782615 1008620 gcs_server
1317375 967796 VLLM::EngineCor
3782036 904624 python
3789246 596964 ray::TransferQu
3789318 596704 ray::SimpleStor
== 2026-09-05T11:26:01+09:00
Mem:            1007         158         739          42         157         849
    PID   RSS COMMAND
3791453 95013428 ray::WorkerDict
3791460 49004236 ray::WorkerDict
3791459 48999908 ray::WorkerDict
3791454 48993452 ray::WorkerDict
1317539 4826696 VLLM::Worker_TP
1317538 4820852 VLLM::Worker_TP
1280658 1229276 vllm
3788763 1039288 ray::TaskRunner
3782615 1009388 gcs_server
1317375 967796 VLLM::EngineCor
3782036 904624 python
3789246 596964 ray::TransferQu
3789318 596704 ray::SimpleStor
== 2026-09-05T11:26:21+09:00
Mem:            1007         156         741          42         157         851
    PID   RSS COMMAND
3791453 95719480 ray::WorkerDict
3791460 48531328 ray::WorkerDict
3791459 48527000 ray::WorkerDict
3791454 48520544 ray::WorkerDict
1317539 4826696 VLLM::Worker_TP
1317538 4820852 VLLM::Worker_TP
1280658 1229276 vllm
3788763 1036984 ray::TaskRunner
3782615 1005148 gcs_server
1317375 967796 VLLM::EngineCor
3782036 902320 python
3789246 595428 ray::TransferQu
3789318 595168 ray::SimpleStor
== 2026-09-05T11:26:41+09:00
Mem:            1007         157         744          42         153         850
    PID   RSS COMMAND
3791453 96304196 ray::WorkerDict
3791460 49116868 ray::WorkerDict
3791459 49111772 ray::WorkerDict
3791454 49105316 ray::WorkerDict
1317539 4826696 VLLM::Worker_TP
1317538 4820852 VLLM::Worker_TP
1280658 1229276 vllm
3788763 1036984 ray::TaskRunner
3782615 1004112 gcs_server
1317375 967796 VLLM::EngineCor
3782036 902320 python
3789246 595428 ray::TransferQu
3789318 595168 ray::SimpleStor
== 2026-09-05T11:27:01+09:00
Mem:            1007         158         745          42         151         849
    PID   RSS COMMAND
3791453 96963396 ray::WorkerDict
3791460 49775300 ray::WorkerDict
3791459 49770972 ray::WorkerDict
3791454 49765284 ray::WorkerDict
1317539 4825816 VLLM::Worker_TP
1317538 4820000 VLLM::Worker_TP
1280658 1229160 vllm
3788763 1036984 ray::TaskRunner
3782615 1005648 gcs_server
1317375 966504 VLLM::EngineCor
3782036 902320 python
3789246 595428 ray::TransferQu
3789318 595168 ray::SimpleStor
== 2026-09-05T11:27:21+09:00
Mem:            1007         156         746          42         151         850
    PID   RSS COMMAND
3791453 97893704 ray::WorkerDict
3791460 49525888 ray::WorkerDict
3791459 49521560 ray::WorkerDict
3791454 49515872 ray::WorkerDict
1317539 4825816 VLLM::Worker_TP
1317538 4820000 VLLM::Worker_TP
1280658 1229160 vllm
3788763 1036984 ray::TaskRunner
3782615 1006328 gcs_server
1317375 966504 VLLM::EngineCor
3782036 902320 python
3789246 595428 ray::TransferQu
3789318 595168 ray::SimpleStor
== 2026-09-05T11:27:41+09:00
Mem:            1007         158         745          42         151         849
    PID   RSS COMMAND
3791453 98579528 ray::WorkerDict
3791460 50211712 ray::WorkerDict
3791459 50206616 ray::WorkerDict
3791454 50200928 ray::WorkerDict
1317539 4825816 VLLM::Worker_TP
1317538 4820000 VLLM::Worker_TP
1280658 1229160 vllm
3788763 1034680 ray::TaskRunner
3782615 1004236 gcs_server
1317375 966504 VLLM::EngineCor
3782036 901552 python
3789246 594660 ray::TransferQu
3789318 594400 ray::SimpleStor
== 2026-09-05T11:28:01+09:00
Mem:            1007         159         742          42         152         847
    PID   RSS COMMAND
3791453 99544416 ray::WorkerDict
3791460 51177420 ray::WorkerDict
3791459 51172324 ray::WorkerDict
3791454 51167404 ray::WorkerDict
1317539 4825816 VLLM::Worker_TP
1317538 4820000 VLLM::Worker_TP
1280658 1229160 vllm
3788763 1034680 ray::TaskRunner
3782615 1004644 gcs_server
1317375 966504 VLLM::EngineCor
3782036 901552 python
3789246 594660 ray::TransferQu
3789318 594400 ray::SimpleStor
== 2026-09-05T11:28:21+09:00
Mem:            1007         158         744          42         152         849
    PID   RSS COMMAND
3791453 100514392 ray::WorkerDict
3791460 50967680 ray::WorkerDict
3791459 50961816 ray::WorkerDict
3791454 50956896 ray::WorkerDict
1317539 4825816 VLLM::Worker_TP
1317538 4820000 VLLM::Worker_TP
1280658 1229160 vllm
3788763 1034680 ray::TaskRunner
3782615 1004364 gcs_server
1317375 966504 VLLM::EngineCor
3782036 901552 python
3789246 594660 ray::TransferQu
3789318 594400 ray::SimpleStor
== 2026-09-05T11:28:41+09:00
Mem:            1007         160         741          42         153         847
    PID   RSS COMMAND
3791453 101424484 ray::WorkerDict
3791460 51877060 ray::WorkerDict
3791459 51871964 ray::WorkerDict
3791454 51867044 ray::WorkerDict
1317539 4825816 VLLM::Worker_TP
1317538 4820000 VLLM::Worker_TP
1280658 1229160 vllm
3788763 1034680 ray::TaskRunner
3782615 1003520 gcs_server
1317375 966504 VLLM::EngineCor
3782036 901552 python
3789246 594660 ray::TransferQu
3789318 594400 ray::SimpleStor
== 2026-09-05T11:29:01+09:00
Mem:            1007         159         742          42         153         848
    PID   RSS COMMAND
3791453 102583144 ray::WorkerDict
3791460 51854464 ray::WorkerDict
3791459 51849368 ray::WorkerDict
3791454 51844448 ray::WorkerDict
1317539 4825816 VLLM::Worker_TP
1317538 4820000 VLLM::Worker_TP
1280658 1229160 vllm
3788763 1034680 ray::TaskRunner
3782615 1004288 gcs_server
1317375 966504 VLLM::EngineCor
3782036 901552 python
3789246 594660 ray::TransferQu
3789318 594400 ray::SimpleStor
== 2026-09-05T11:29:21+09:00
Mem:            1007         160         741          42         153         847
    PID   RSS COMMAND
3791453 103216232 ray::WorkerDict
3791460 52489856 ray::WorkerDict
3791459 52483992 ray::WorkerDict
3791454 52479072 ray::WorkerDict
1317539 4825816 VLLM::Worker_TP
1317538 4820000 VLLM::Worker_TP
1280658 1229160 vllm
3788763 1034680 ray::TaskRunner
3782615 1005056 gcs_server
1317375 966504 VLLM::EngineCor
3782036 901552 python
3789246 594660 ray::TransferQu
3789318 594400 ray::SimpleStor
== 2026-09-05T11:29:42+09:00
Mem:            1007         161         739          42         154         846
    PID   RSS COMMAND
3791453 103855988 ray::WorkerDict
3791460 53128900 ray::WorkerDict
3791459 53123804 ray::WorkerDict
3791454 53118120 ray::WorkerDict
1317539 4825816 VLLM::Worker_TP
1317538 4820768 VLLM::Worker_TP
1280658 1229160 vllm
3788763 1034680 ray::TaskRunner
3782615 1008696 gcs_server
1317375 966504 VLLM::EngineCor
3782036 901552 python
3789246 594660 ray::TransferQu
3789318 594400 ray::SimpleStor
== 2026-09-05T11:30:02+09:00
Mem:            1007         163         737          42         154         844
    PID   RSS COMMAND
3791453 104703104 ray::WorkerDict
3791460 53976012 ray::WorkerDict
3791459 53970916 ray::WorkerDict
3791454 53964464 ray::WorkerDict
1317539 4825816 VLLM::Worker_TP
1317538 4820768 VLLM::Worker_TP
1280658 1229160 vllm
3788763 1034680 ray::TaskRunner
3782615 1007192 gcs_server
1317375 966504 VLLM::EngineCor
3782036 901552 python
3789246 594660 ray::TransferQu
3789318 594400 ray::SimpleStor
== 2026-09-05T11:30:22+09:00
Mem:            1007         160         739          42         154         846
    PID   RSS COMMAND
3791453 105350008 ray::WorkerDict
3791460 53443968 ray::WorkerDict
3791459 53438104 ray::WorkerDict
3791454 53433188 ray::WorkerDict
1317539 4825816 VLLM::Worker_TP
1317538 4820768 VLLM::Worker_TP
1280658 1229160 vllm
3788763 1034680 ray::TaskRunner
3782615 1007192 gcs_server
1317375 966504 VLLM::EngineCor
3782036 901552 python
3789246 594660 ray::TransferQu
3789318 594400 ray::SimpleStor
== 2026-09-05T11:30:42+09:00
Mem:            1007         162         738          42         154         845
    PID   RSS COMMAND
3791453 105931140 ray::WorkerDict
3791460 54025160 ray::WorkerDict
3791459 54019292 ray::WorkerDict
3791454 54013608 ray::WorkerDict
1317539 4823024 VLLM::Worker_TP
1317538 4819056 VLLM::Worker_TP
1280658 1229160 vllm
3788763 1034680 ray::TaskRunner
3782615 1006088 gcs_server
1317375 966504 VLLM::EngineCor
3782036 901552 python
3789246 594660 ray::TransferQu
3789318 594400 ray::SimpleStor
== 2026-09-05T11:31:02+09:00
Mem:            1007         163         736          42         155         843
    PID   RSS COMMAND
3791453 106875792 ray::WorkerDict
3791460 54970576 ray::WorkerDict
3791459 54964708 ray::WorkerDict
3791454 54959792 ray::WorkerDict
1317539 4823024 VLLM::Worker_TP
1317538 4819056 VLLM::Worker_TP
1280658 1229160 vllm
3788763 1034680 ray::TaskRunner
3782615 1005296 gcs_server
1317375 966504 VLLM::EngineCor
3782036 901552 python
3789246 594660 ray::TransferQu
3789318 594400 ray::SimpleStor
== 2026-09-05T11:31:22+09:00
Mem:            1007         162         737          42         155         845
    PID   RSS COMMAND
3791453 107711368 ray::WorkerDict
3791460 54626436 ray::WorkerDict
3791459 54620568 ray::WorkerDict
3791454 54616420 ray::WorkerDict
1317539 4823024 VLLM::Worker_TP
1317538 4819056 VLLM::Worker_TP
1280658 1229160 vllm
3788763 1034680 ray::TaskRunner
3782615 1004528 gcs_server
1317375 966504 VLLM::EngineCor
3782036 901552 python
3789246 594660 ray::TransferQu
3789318 594400 ray::SimpleStor
== 2026-09-05T11:31:42+09:00
Mem:            1007         163         736          42         155         843
    PID   RSS COMMAND
3791453 108443540 ray::WorkerDict
3791460 55358664 ray::WorkerDict
3791459 55352796 ray::WorkerDict
3791454 55347112 ray::WorkerDict
1317539 4823024 VLLM::Worker_TP
1317538 4819056 VLLM::Worker_TP
1280658 1229160 vllm
3788763 1034680 ray::TaskRunner
3782615 1003284 gcs_server
1317375 966504 VLLM::EngineCor
3782036 901552 python
3789246 594660 ray::TransferQu
3789318 594400 ray::SimpleStor
== 2026-09-05T11:32:02+09:00
Mem:            1007         165         734          42         155         842
    PID   RSS COMMAND
3791453 109242272 ray::WorkerDict
3791460 56156624 ray::WorkerDict
3791459 56150756 ray::WorkerDict
3791454 56145840 ray::WorkerDict
1317539 4823024 VLLM::Worker_TP
1317538 4819056 VLLM::Worker_TP
1280658 1229160 vllm
3788763 1034680 ray::TaskRunner
3782615 1004052 gcs_server
1317375 966504 VLLM::EngineCor
3782036 901552 python
3789246 594660 ray::TransferQu
3789318 594400 ray::SimpleStor
== 2026-09-05T11:32:22+09:00
Mem:            1007         163         736          42         155         844
    PID   RSS COMMAND
3791453 109920920 ray::WorkerDict
3791460 55653508 ray::WorkerDict
3791459 55647640 ray::WorkerDict
3791454 55642724 ray::WorkerDict
1317539 4823024 VLLM::Worker_TP
1317538 4819056 VLLM::Worker_TP
1280658 1229160 vllm
3788763 1034680 ray::TaskRunner
3782615 1004488 gcs_server
1317375 966504 VLLM::EngineCor
3782036 901552 python
3789246 594660 ray::TransferQu
3789318 594400 ray::SimpleStor
== 2026-09-05T11:32:42+09:00
Mem:            1007         163         736          42         155         843
    PID   RSS COMMAND
3791453 110433444 ray::WorkerDict
3791460 56168136 ray::WorkerDict
3791459 56163036 ray::WorkerDict
3791454 56158888 ray::WorkerDict
1317539 4823024 VLLM::Worker_TP
1317538 4819056 VLLM::Worker_TP
1280658 1229160 vllm
3788763 1033912 ray::TaskRunner
3782615 1006640 gcs_server
1317375 966504 VLLM::EngineCor
3782036 900784 python
3789246 594660 ray::TransferQu
3789318 594400 ray::SimpleStor
== 2026-09-05T11:33:02+09:00
Mem:            1007         165         734          42         154         842
    PID   RSS COMMAND
3791453 111099812 ray::WorkerDict
3791460 56834504 ray::WorkerDict
3791459 56829404 ray::WorkerDict
3791454 56825256 ray::WorkerDict
1317539 4823024 VLLM::Worker_TP
1317538 4819056 VLLM::Worker_TP
1280658 1229160 vllm
3788763 1033912 ray::TaskRunner
3782615 1008176 gcs_server
1317375 966504 VLLM::EngineCor
3782036 900784 python
3789246 594660 ray::TransferQu
3789318 594400 ray::SimpleStor
== 2026-09-05T11:33:22+09:00
Mem:            1007         166         733          42         155         840
    PID   RSS COMMAND
3791453 111914428 ray::WorkerDict
3791460 57649104 ray::WorkerDict
3791459 57644772 ray::WorkerDict
3791454 57639856 ray::WorkerDict
1317539 4823024 VLLM::Worker_TP
1317538 4819056 VLLM::Worker_TP
1280658 1229160 vllm
3788763 1033912 ray::TaskRunner
3782615 1007280 gcs_server
1317375 966504 VLLM::EngineCor
3782036 900784 python
3789246 594660 ray::TransferQu
3789318 594400 ray::SimpleStor
== 2026-09-05T11:33:42+09:00
Mem:            1007         164         734          42         155         842
    PID   RSS COMMAND
3791453 112560564 ray::WorkerDict
3791460 57115524 ray::WorkerDict
3791459 57111192 ray::WorkerDict
3791454 57106276 ray::WorkerDict
1317539 4823024 VLLM::Worker_TP
1317538 4819056 VLLM::Worker_TP
1280658 1229160 vllm
3788763 1033912 ray::TaskRunner
3782615 1007116 gcs_server
1317375 966504 VLLM::EngineCor
3782036 900784 python
3789246 594660 ray::TransferQu
3789318 594400 ray::SimpleStor
== 2026-09-05T11:34:02+09:00
Mem:            1007         166         733          42         155         841
    PID   RSS COMMAND
3791453 113219776 ray::WorkerDict
3791460 57775560 ray::WorkerDict
3791459 57771228 ray::WorkerDict
3791454 57767080 ray::WorkerDict
1317539 4823024 VLLM::Worker_TP
1317538 4819056 VLLM::Worker_TP
1280658 1229160 vllm
3788763 1033912 ray::TaskRunner
3782615 1007744 gcs_server
1317375 966504 VLLM::EngineCor
3782036 900784 python
3789246 594660 ray::TransferQu
3789318 594400 ray::SimpleStor
== 2026-09-05T11:34:22+09:00
Mem:            1007         167         731          42         156         840
    PID   RSS COMMAND
3791453 113959884 ray::WorkerDict
3791460 58515664 ray::WorkerDict
3791459 58510564 ray::WorkerDict
3791454 58506416 ray::WorkerDict
1317539 4823024 VLLM::Worker_TP
1317538 4819056 VLLM::Worker_TP
1280658 1229160 vllm
3788763 1033912 ray::TaskRunner
3782615 1008492 gcs_server
1317375 966504 VLLM::EngineCor
3782036 900784 python
3789246 594660 ray::TransferQu
3789318 594400 ray::SimpleStor
== 2026-09-05T11:34:42+09:00
Mem:            1007         161         737          42         156         846
    PID   RSS COMMAND
3791453 110129024 ray::WorkerDict
1317539 4823024 VLLM::Worker_TP
1317538 4819056 VLLM::Worker_TP
3791460 1437584 ray::WorkerDict
3791459 1430544 ray::WorkerDict
3791454 1426220 ray::WorkerDict
1280658 1229160 vllm
3788763 1033912 ray::TaskRunner
3782615 1004252 gcs_server
1317375 966504 VLLM::EngineCor
3782036 900784 python
3789246 594660 ray::TransferQu
3789318 594400 ray::SimpleStor
== 2026-09-05T11:35:02+09:00
Mem:            1007         125         772          42         157         882
    PID   RSS COMMAND
3791453 34521360 ray::WorkerDict
1317539 4823024 VLLM::Worker_TP
1317538 4819056 VLLM::Worker_TP
3791460 1439888 ray::WorkerDict
3791459 1432848 ray::WorkerDict
3791454 1428524 ray::WorkerDict
1280658 1229160 vllm
3788763 1033912 ray::TaskRunner
3782615 1006556 gcs_server
1317375 966504 VLLM::EngineCor
3782036 900784 python
3789246 594660 ray::TransferQu
3789318 594400 ray::SimpleStor
== 2026-09-05T11:35:22+09:00
Mem:            1007         114         781          42         159         892
    PID   RSS COMMAND
1317539 4823024 VLLM::Worker_TP
1317538 4819056 VLLM::Worker_TP
3791453 1535060 ray::WorkerDict
3791460 1512524 ray::WorkerDict
3791459 1504148 ray::WorkerDict
3791454 1501140 ray::WorkerDict
1280658 1229160 vllm
3788763 1095352 ray::TaskRunner
3782615 1008596 gcs_server
1317375 966504 VLLM::EngineCor
3782036 900784 python
3872421 608464 ray::IDLE
3872420 608044 ray::IDLE
== 2026-09-05T11:35:42+09:00
Mem:            1007         120         775          42         159         886
    PID   RSS COMMAND
1317539 4823024 VLLM::Worker_TP
1317538 4819056 VLLM::Worker_TP
3791453 1535060 ray::WorkerDict
3791460 1512524 ray::WorkerDict
3791459 1504148 ray::WorkerDict
3791454 1501140 ray::WorkerDict
3872755 1398724 ray::vLLMHttpSe
3872751 1377196 ray::vLLMHttpSe
3872749 1356276 ray::vLLMHttpSe
3872752 1350188 ray::vLLMHttpSe
1280658 1229160 vllm
3788763 1095352 ray::TaskRunner
3782615 1008892 gcs_server
== 2026-09-05T11:36:02+09:00
Mem:            1007         125         770          43         160         882
    PID   RSS COMMAND
1317539 4823024 VLLM::Worker_TP
1317538 4819056 VLLM::Worker_TP
3791453 1535060 ray::WorkerDict
3791460 1512524 ray::WorkerDict
3791459 1504148 ray::WorkerDict
3791454 1501140 ray::WorkerDict
3872755 1398724 ray::vLLMHttpSe
3872751 1377196 ray::vLLMHttpSe
3872749 1356276 ray::vLLMHttpSe
3872752 1350188 ray::vLLMHttpSe
3873386 1340688 VLLM::Worker
3873391 1340432 VLLM::Worker
3873390 1339356 VLLM::Worker
== 2026-09-05T11:36:22+09:00
Mem:            1007         125         770          43         160         881
    PID   RSS COMMAND
1317539 4823024 VLLM::Worker_TP
1317538 4819056 VLLM::Worker_TP
3791453 1535060 ray::WorkerDict
3791460 1512524 ray::WorkerDict
3791459 1504148 ray::WorkerDict
3791454 1501140 ray::WorkerDict
3873391 1475104 VLLM::Worker
3873387 1470220 VLLM::Worker
3873390 1468824 VLLM::Worker
3873386 1468448 VLLM::Worker
3872755 1398724 ray::vLLMHttpSe
3872751 1377196 ray::vLLMHttpSe
3872749 1356276 ray::vLLMHttpSe
== 2026-09-05T11:36:42+09:00
Mem:            1007         126         769          43         160         880
    PID   RSS COMMAND
3873391 4835708 VLLM::Worker
3873387 4831620 VLLM::Worker
3873390 4829660 VLLM::Worker
3873386 4826608 VLLM::Worker
1317539 4823024 VLLM::Worker_TP
1317538 4819056 VLLM::Worker_TP
3791453 1535060 ray::WorkerDict
3791460 1512524 ray::WorkerDict
3791459 1504148 ray::WorkerDict
3791454 1501140 ray::WorkerDict
3872755 1398724 ray::vLLMHttpSe
3872751 1377196 ray::vLLMHttpSe
3872749 1356276 ray::vLLMHttpSe
== 2026-09-05T11:37:02+09:00
Mem:            1007         126         769          43         160         880
    PID   RSS COMMAND
1317539 4823024 VLLM::Worker_TP
1317538 4819056 VLLM::Worker_TP
3873391 1998352 VLLM::Worker
3873387 1994628 VLLM::Worker
3873390 1992924 VLLM::Worker
3873386 1990900 VLLM::Worker
3791453 1535060 ray::WorkerDict
3791460 1512524 ray::WorkerDict
3791459 1504148 ray::WorkerDict
3791454 1501140 ray::WorkerDict
3872755 1398724 ray::vLLMHttpSe
3872751 1377196 ray::vLLMHttpSe
3872749 1356276 ray::vLLMHttpSe
== 2026-09-05T11:37:22+09:00
Mem:            1007         126         769          43         160         880
    PID   RSS COMMAND
1317539 4823024 VLLM::Worker_TP
1317538 4819056 VLLM::Worker_TP
3873391 3236264 VLLM::Worker
3873390 3233792 VLLM::Worker
3873386 3231884 VLLM::Worker
3873387 3231772 VLLM::Worker
3791453 1535060 ray::WorkerDict
3791460 1512524 ray::WorkerDict
3791459 1504148 ray::WorkerDict
3791454 1501140 ray::WorkerDict
3872755 1398724 ray::vLLMHttpSe
3872751 1377196 ray::vLLMHttpSe
3872749 1356276 ray::vLLMHttpSe
== 2026-09-05T11:37:42+09:00
Mem:            1007         133         762          47         163         874
    PID   RSS COMMAND
1317539 4823024 VLLM::Worker_TP
1317538 4819056 VLLM::Worker_TP
3873391 3415928 VLLM::Worker
3873387 3413512 VLLM::Worker
3873390 3410712 VLLM::Worker
3873386 3408740 VLLM::Worker
3791453 1535060 ray::WorkerDict
3791460 1512524 ray::WorkerDict
3791459 1504148 ray::WorkerDict
3791454 1501140 ray::WorkerDict
3872755 1398724 ray::vLLMHttpSe
3872751 1377196 ray::vLLMHttpSe
3872749 1356276 ray::vLLMHttpSe
== 2026-09-05T11:38:02+09:00
Mem:            1007         133         762          47         164         874
    PID   RSS COMMAND
1317539 4823024 VLLM::Worker_TP
1317538 4819056 VLLM::Worker_TP
3873391 3447416 VLLM::Worker
3873387 3442696 VLLM::Worker
3873390 3439128 VLLM::Worker
3873386 3437156 VLLM::Worker
3791453 1535060 ray::WorkerDict
3791460 1512524 ray::WorkerDict
3791459 1504148 ray::WorkerDict
3791454 1501140 ray::WorkerDict
3872755 1398724 ray::vLLMHttpSe
3872751 1377196 ray::vLLMHttpSe
3872749 1356276 ray::vLLMHttpSe
== 2026-09-05T11:38:22+09:00
Mem:            1007         240         655         149         266         767
    PID   RSS COMMAND
3873386 30782424 VLLM::Worker
3873390 30779936 VLLM::Worker
3873387 30660688 VLLM::Worker
3873391 30648044 VLLM::Worker
1317539 4823024 VLLM::Worker_TP
1317538 4819056 VLLM::Worker_TP
3791453 1535060 ray::WorkerDict
3791460 1512524 ray::WorkerDict
3791459 1504148 ray::WorkerDict
3791454 1501140 ray::WorkerDict
3872755 1474784 ray::vLLMHttpSe
3872751 1452664 ray::vLLMHttpSe
3872752 1447744 ray::vLLMHttpSe
== 2026-09-05T11:38:42+09:00
Mem:            1007         462         434         367         484         545
    PID   RSS COMMAND
3873387 87822160 VLLM::Worker
3873391 87813356 VLLM::Worker
3873386 87812568 VLLM::Worker
3873390 87808544 VLLM::Worker
1317539 4822256 VLLM::Worker_TP
1317538 4817520 VLLM::Worker_TP
3791453 1495124 ray::WorkerDict
3791460 1470284 ray::WorkerDict
3791459 1461908 ray::WorkerDict
3791454 1458132 ray::WorkerDict
3872755 1431776 ray::vLLMHttpSe
3872751 1410424 ray::vLLMHttpSe
3872752 1404736 ray::vLLMHttpSe
== 2026-09-05T11:39:02+09:00
Mem:            1007         508         475         367         396         499
    PID   RSS COMMAND
3873387 87661648 VLLM::Worker
3873386 87652056 VLLM::Worker
3873391 87651308 VLLM::Worker
3873390 87648800 VLLM::Worker
3791453 15480200 ray::WorkerDict
3791460 15479232 ray::WorkerDict
3791459 15464440 ray::WorkerDict
3791454 15456304 ray::WorkerDict
1317539 4819840 VLLM::Worker_TP
1317538 4812912 VLLM::Worker_TP
3872755 1286624 ray::vLLMHttpSe
3872751 1265272 ray::vLLMHttpSe
3872752 1258816 ray::vLLMHttpSe
== 2026-09-05T11:39:22+09:00
Mem:            1007         632         366         367         381         374
    PID   RSS COMMAND
3873387 87625552 VLLM::Worker
3873391 87615980 VLLM::Worker
3873386 87615960 VLLM::Worker
3873390 87612704 VLLM::Worker
3791453 48461812 ray::WorkerDict
3791454 48446512 ray::WorkerDict
3791460 48419804 ray::WorkerDict
3791459 48416564 ray::WorkerDict
1317539 4819840 VLLM::Worker_TP
1317538 4812912 VLLM::Worker_TP
3872755 1265120 ray::vLLMHttpSe
3872751 1243768 ray::vLLMHttpSe
3872752 1237312 ray::vLLMHttpSe
== 2026-09-05T11:39:43+09:00
Mem:            1007         681         328         367         369         325
    PID   RSS COMMAND
3873387 87617872 VLLM::Worker
3873386 87608280 VLLM::Worker
3873391 87607532 VLLM::Worker
3873390 87604256 VLLM::Worker
3791453 62114008 ray::WorkerDict
3791454 62028028 ray::WorkerDict
3791459 61487656 ray::WorkerDict
3791460 61472944 ray::WorkerDict
1317539 4819840 VLLM::Worker_TP
1317538 4815984 VLLM::Worker_TP
3872755 1261280 ray::vLLMHttpSe
3872751 1239160 ray::vLLMHttpSe
3872752 1234240 ray::vLLMHttpSe
== 2026-09-05T11:40:03+09:00
Mem:            1007         683         326         367         369         324
    PID   RSS COMMAND
3873387 87617872 VLLM::Worker
3873386 87608280 VLLM::Worker
3873391 87607532 VLLM::Worker
3873390 87604256 VLLM::Worker
3791453 62415444 ray::WorkerDict
3791459 62105724 ray::WorkerDict
3791454 62066484 ray::WorkerDict
3791460 62046200 ray::WorkerDict
1317539 4819840 VLLM::Worker_TP
1317538 4815984 VLLM::Worker_TP
3872755 1261280 ray::vLLMHttpSe
3872751 1239160 ray::vLLMHttpSe
3872752 1234240 ray::vLLMHttpSe
== 2026-09-05T11:40:23+09:00
Mem:            1007         682         327         368         369         325
    PID   RSS COMMAND
3873386 87662808 VLLM::Worker
3873390 87657248 VLLM::Worker
3873387 87285708 VLLM::Worker
3873391 87277640 VLLM::Worker
3791453 62104536 ray::WorkerDict
3791459 62022412 ray::WorkerDict
3791460 61948856 ray::WorkerDict
3791454 61886700 ray::WorkerDict
1317539 4819840 VLLM::Worker_TP
1317538 4815984 VLLM::Worker_TP
3872755 1262816 ray::vLLMHttpSe
3872751 1240696 ray::vLLMHttpSe
3872752 1235776 ray::vLLMHttpSe
== 2026-09-05T11:40:43+09:00
Mem:            1007         682         326         368         370         324
    PID   RSS COMMAND
3873386 87662808 VLLM::Worker
3873390 87657248 VLLM::Worker
3873387 87285708 VLLM::Worker
3873391 87278408 VLLM::Worker
3791453 62105304 ray::WorkerDict
3791459 61990632 ray::WorkerDict
3791460 61948856 ray::WorkerDict
3791454 61886700 ray::WorkerDict
1317539 4819840 VLLM::Worker_TP
1317538 4815984 VLLM::Worker_TP
3872755 1262816 ray::vLLMHttpSe
3872751 1240696 ray::vLLMHttpSe
3872752 1235776 ray::vLLMHttpSe
== 2026-09-05T11:41:03+09:00
Mem:            1007         683         325         368         370         323
    PID   RSS COMMAND
3873386 87662808 VLLM::Worker
3873390 87657248 VLLM::Worker
3873387 87285708 VLLM::Worker
3873391 87278408 VLLM::Worker
3791453 62105304 ray::WorkerDict
3791459 61990632 ray::WorkerDict
3791460 61948856 ray::WorkerDict
3791454 61886700 ray::WorkerDict
1317539 4819840 VLLM::Worker_TP
1317538 4815984 VLLM::Worker_TP
3872755 1262816 ray::vLLMHttpSe
3872751 1240696 ray::vLLMHttpSe
3872752 1235776 ray::vLLMHttpSe
== 2026-09-05T11:41:23+09:00
Mem:            1007         683         325         368         370         323
    PID   RSS COMMAND
3873386 87662808 VLLM::Worker
3873390 87657248 VLLM::Worker
3873387 87285708 VLLM::Worker
3873391 87278408 VLLM::Worker
3791453 62105304 ray::WorkerDict
3791459 61990632 ray::WorkerDict
3791460 61948856 ray::WorkerDict
3791454 61886700 ray::WorkerDict
1317539 4819840 VLLM::Worker_TP
1317538 4815984 VLLM::Worker_TP
3872755 1262816 ray::vLLMHttpSe
3872751 1240696 ray::vLLMHttpSe
3872752 1235776 ray::vLLMHttpSe
== 2026-09-05T11:41:43+09:00
Mem:            1007         684         325         368         370         323
    PID   RSS COMMAND
3873386 87662808 VLLM::Worker
3873390 87657248 VLLM::Worker
3873387 87285708 VLLM::Worker
3873391 87278408 VLLM::Worker
3791453 62105304 ray::WorkerDict
3791459 61990632 ray::WorkerDict
3791460 61948856 ray::WorkerDict
3791454 61886700 ray::WorkerDict
1317539 4819840 VLLM::Worker_TP
1317538 4815984 VLLM::Worker_TP
3872755 1262816 ray::vLLMHttpSe
3872751 1240696 ray::vLLMHttpSe
3872752 1235776 ray::vLLMHttpSe
== 2026-09-05T11:42:03+09:00
Mem:            1007         685         324         368         370         322
    PID   RSS COMMAND
3873386 87663576 VLLM::Worker
3873390 87657248 VLLM::Worker
3873387 87285708 VLLM::Worker
3873391 87278408 VLLM::Worker
3791453 62105304 ray::WorkerDict
3791459 61990632 ray::WorkerDict
3791460 61948856 ray::WorkerDict
3791454 61886700 ray::WorkerDict
1317539 4819840 VLLM::Worker_TP
1317538 4815984 VLLM::Worker_TP
3872755 1262816 ray::vLLMHttpSe
3872751 1240696 ray::vLLMHttpSe
3872752 1235776 ray::vLLMHttpSe
== 2026-09-05T11:42:23+09:00
Mem:            1007         685         323         368         370         321
    PID   RSS COMMAND
3873386 87663576 VLLM::Worker
3873390 87657248 VLLM::Worker
3873387 87285708 VLLM::Worker
3873391 87278408 VLLM::Worker
3791453 62105304 ray::WorkerDict
3791459 61990632 ray::WorkerDict
3791460 61948856 ray::WorkerDict
3791454 61886700 ray::WorkerDict
1317539 4819840 VLLM::Worker_TP
1317538 4815984 VLLM::Worker_TP
3872755 1262816 ray::vLLMHttpSe
3872751 1240696 ray::vLLMHttpSe
3872752 1235776 ray::vLLMHttpSe
== 2026-09-05T11:42:43+09:00
Mem:            1007         685         323         368         370         321
    PID   RSS COMMAND
3873386 87663576 VLLM::Worker
3873390 87657248 VLLM::Worker
3873387 87285708 VLLM::Worker
3873391 87278408 VLLM::Worker
3791453 62105304 ray::WorkerDict
3791459 61990632 ray::WorkerDict
3791460 61948856 ray::WorkerDict
3791454 61886700 ray::WorkerDict
1317539 4819840 VLLM::Worker_TP
1317538 4815984 VLLM::Worker_TP
3872755 1262816 ray::vLLMHttpSe
3872751 1240696 ray::vLLMHttpSe
3872752 1235776 ray::vLLMHttpSe
== 2026-09-05T11:43:03+09:00
Mem:            1007         686         323         368         370         321
    PID   RSS COMMAND
3873386 87663576 VLLM::Worker
3873390 87657248 VLLM::Worker
3873387 87285708 VLLM::Worker
3873391 87278408 VLLM::Worker
3791453 62105304 ray::WorkerDict
3791459 61990632 ray::WorkerDict
3791460 61948856 ray::WorkerDict
3791454 61886700 ray::WorkerDict
1317539 4819840 VLLM::Worker_TP
1317538 4815984 VLLM::Worker_TP
3872755 1262816 ray::vLLMHttpSe
3872751 1240696 ray::vLLMHttpSe
3872752 1235776 ray::vLLMHttpSe
== 2026-09-05T11:43:23+09:00
Mem:            1007         686         322         368         370         320
    PID   RSS COMMAND
3873386 87663576 VLLM::Worker
3873390 87657248 VLLM::Worker
3873387 87285708 VLLM::Worker
3873391 87278408 VLLM::Worker
3791453 62105304 ray::WorkerDict
3791459 61990632 ray::WorkerDict
3791460 61948856 ray::WorkerDict
3791454 61886700 ray::WorkerDict
1317539 4819840 VLLM::Worker_TP
1317538 4815984 VLLM::Worker_TP
3872755 1262816 ray::vLLMHttpSe
3872751 1240696 ray::vLLMHttpSe
3872752 1235776 ray::vLLMHttpSe
== 2026-09-05T11:43:43+09:00
Mem:            1007         691         318         368         370         316
    PID   RSS COMMAND
3873386 87663576 VLLM::Worker
3873390 87657248 VLLM::Worker
3873387 87285708 VLLM::Worker
3873391 87278408 VLLM::Worker
3791453 62105304 ray::WorkerDict
3791459 61990632 ray::WorkerDict
3791460 61948856 ray::WorkerDict
3791454 61886700 ray::WorkerDict
1317539 4819840 VLLM::Worker_TP
1317538 4815984 VLLM::Worker_TP
3880552 1802400 ray::AgentLoopW
3880556 1776960 ray::AgentLoopW
3880554 1575904 ray::AgentLoopW
== 2026-09-05T11:44:03+09:00
Mem:            1007         691         317         368         370         315
    PID   RSS COMMAND
3873386 87663576 VLLM::Worker
3873390 87657248 VLLM::Worker
3873387 87285708 VLLM::Worker
3873391 87278408 VLLM::Worker
3791453 62105304 ray::WorkerDict
3791459 61990632 ray::WorkerDict
3791460 61948856 ray::WorkerDict
3791454 61886700 ray::WorkerDict
1317539 4819840 VLLM::Worker_TP
1317538 4815984 VLLM::Worker_TP
3880552 1894324 ray::AgentLoopW
3880556 1848156 ray::AgentLoopW
3880554 1655008 ray::AgentLoopW
== 2026-09-05T11:44:23+09:00
Mem:            1007         692         317         368         370         315
    PID   RSS COMMAND
3873386 87670488 VLLM::Worker
3873390 87663392 VLLM::Worker
3873387 87292620 VLLM::Worker
3873391 87283016 VLLM::Worker
3791453 62105304 ray::WorkerDict
3791459 61990632 ray::WorkerDict
3791460 61948856 ray::WorkerDict
3791454 61886700 ray::WorkerDict
1317539 4819840 VLLM::Worker_TP
1317538 4815984 VLLM::Worker_TP
3880552 1932724 ray::AgentLoopW
3880556 1887324 ray::AgentLoopW
3880554 1697248 ray::AgentLoopW
== 2026-09-05T11:44:43+09:00
Mem:            1007         692         316         368         370         314
    PID   RSS COMMAND
3873386 87691992 VLLM::Worker
3873390 87687968 VLLM::Worker
3873387 87350988 VLLM::Worker
3873391 87301448 VLLM::Worker
3791453 62105304 ray::WorkerDict
3791459 61990632 ray::WorkerDict
3791460 61948856 ray::WorkerDict
3791454 61886700 ray::WorkerDict
1317539 4819840 VLLM::Worker_TP
1317538 4813900 VLLM::Worker_TP
3880552 1933492 ray::AgentLoopW
3880556 1887324 ray::AgentLoopW
3880554 1652520 ray::AgentLoopW
== 2026-09-05T11:45:03+09:00
Mem:            1007         694         313         368         372         312
    PID   RSS COMMAND
3873386 87692760 VLLM::Worker
3873390 87689504 VLLM::Worker
3873387 87351640 VLLM::Worker
3873391 87302368 VLLM::Worker
3791453 62105304 ray::WorkerDict
3791459 61990632 ray::WorkerDict
3791460 61948856 ray::WorkerDict
3791454 61886700 ray::WorkerDict
1317539 4819840 VLLM::Worker_TP
1317538 4813900 VLLM::Worker_TP
3880552 1939636 ray::AgentLoopW
3880556 1890396 ray::AgentLoopW
3880554 1654056 ray::AgentLoopW
== 2026-09-05T11:45:23+09:00
Mem:            1007         694         312         368         373         312
    PID   RSS COMMAND
3873386 87692760 VLLM::Worker
3873390 87689504 VLLM::Worker
3873387 87353940 VLLM::Worker
3873391 87302368 VLLM::Worker
3791453 62105304 ray::WorkerDict
3791459 61990632 ray::WorkerDict
3791460 61948856 ray::WorkerDict
3791454 61886700 ray::WorkerDict
1317539 4819840 VLLM::Worker_TP
1317538 4813900 VLLM::Worker_TP
3880552 1939636 ray::AgentLoopW
3880556 1891164 ray::AgentLoopW
3880554 1654056 ray::AgentLoopW
== 2026-09-05T11:45:43+09:00
Mem:            1007         694         313         368         373         312
    PID   RSS COMMAND
3873386 87690824 VLLM::Worker
3873390 87689504 VLLM::Worker
3873387 87361620 VLLM::Worker
3873391 87306208 VLLM::Worker
3791453 62105304 ray::WorkerDict
3791459 61990632 ray::WorkerDict
3791460 61948856 ray::WorkerDict
3791454 61886700 ray::WorkerDict
1317539 4819840 VLLM::Worker_TP
1317538 4813900 VLLM::Worker_TP
3880552 1939636 ray::AgentLoopW
3880556 1888340 ray::AgentLoopW
3880554 1654056 ray::AgentLoopW
== 2026-09-05T11:46:03+09:00
Mem:            1007         694         312         368         373         312
    PID   RSS COMMAND
3873386 87693128 VLLM::Worker
3873390 87691040 VLLM::Worker
3873387 87363924 VLLM::Worker
3873391 87307664 VLLM::Worker
3791453 62105304 ray::WorkerDict
3791459 61990632 ray::WorkerDict
3791460 61948856 ray::WorkerDict
3791454 61886700 ray::WorkerDict
1317539 4819840 VLLM::Worker_TP
1317538 4813900 VLLM::Worker_TP
3880552 1938948 ray::AgentLoopW
3880556 1888340 ray::AgentLoopW
3880554 1673092 ray::AgentLoopW
== 2026-09-05T11:46:23+09:00
Mem:            1007         694         312         368         373         312
    PID   RSS COMMAND
3873386 87693128 VLLM::Worker
3873390 87691040 VLLM::Worker
3873387 87363924 VLLM::Worker
3873391 87307664 VLLM::Worker
3791453 62105304 ray::WorkerDict
3791459 61990632 ray::WorkerDict
3791460 61948856 ray::WorkerDict
3791454 61886700 ray::WorkerDict
1317539 4819840 VLLM::Worker_TP
1317538 4813900 VLLM::Worker_TP
3880552 1929272 ray::AgentLoopW
3880556 1883680 ray::AgentLoopW
3880554 1673092 ray::AgentLoopW
== 2026-09-05T11:46:43+09:00
Mem:            1007         694         312         368         373         312
    PID   RSS COMMAND
3873386 87692188 VLLM::Worker
3873390 87691040 VLLM::Worker
3873387 87359664 VLLM::Worker
3873391 87307664 VLLM::Worker
3791453 62105304 ray::WorkerDict
3791459 61990632 ray::WorkerDict
3791460 61948856 ray::WorkerDict
3791454 61886700 ray::WorkerDict
1317539 4819840 VLLM::Worker_TP
1317538 4813900 VLLM::Worker_TP
3880552 1929272 ray::AgentLoopW
3880556 1875632 ray::AgentLoopW
3880554 1669748 ray::AgentLoopW
== 2026-09-05T11:47:03+09:00
Mem:            1007         694         312         368         373         312
    PID   RSS COMMAND
3873386 87692188 VLLM::Worker
3873390 87690064 VLLM::Worker
3873387 87355632 VLLM::Worker
3873391 87305664 VLLM::Worker
3791453 62105304 ray::WorkerDict
3791459 61990632 ray::WorkerDict
3791460 61948856 ray::WorkerDict
3791454 61886700 ray::WorkerDict
1317539 4819840 VLLM::Worker_TP
1317538 4813900 VLLM::Worker_TP
3880552 1919036 ray::AgentLoopW
3880556 1875632 ray::AgentLoopW
3880554 1664276 ray::AgentLoopW
== 2026-09-05T11:47:23+09:00
Mem:            1007         694         312         368         373         312
    PID   RSS COMMAND
3873386 87692188 VLLM::Worker
3873390 87690064 VLLM::Worker
3873387 87355632 VLLM::Worker
3873391 87305664 VLLM::Worker
3791453 62105304 ray::WorkerDict
3791459 61990632 ray::WorkerDict
3791460 61948856 ray::WorkerDict
3791454 61886700 ray::WorkerDict
1317539 4819840 VLLM::Worker_TP
1317538 4813900 VLLM::Worker_TP
3880552 1919036 ray::AgentLoopW
3880556 1875632 ray::AgentLoopW
3880554 1664276 ray::AgentLoopW
== 2026-09-05T11:47:43+09:00
Mem:            1007         694         312         368         373         312
    PID   RSS COMMAND
3873386 87692188 VLLM::Worker
3873390 87690064 VLLM::Worker
3873387 87355632 VLLM::Worker
3873391 87305664 VLLM::Worker
3791453 62105304 ray::WorkerDict
3791459 61990632 ray::WorkerDict
3791460 61948856 ray::WorkerDict
3791454 61886700 ray::WorkerDict
1317539 4819840 VLLM::Worker_TP
1317538 4813900 VLLM::Worker_TP
3880552 1919036 ray::AgentLoopW
3880556 1875632 ray::AgentLoopW
3880554 1664276 ray::AgentLoopW
== 2026-09-05T11:48:03+09:00
Mem:            1007         695         311         368         373         311
    PID   RSS COMMAND
3873386 87692188 VLLM::Worker
3873390 87690064 VLLM::Worker
3873387 87355632 VLLM::Worker
3873391 87303664 VLLM::Worker
3791453 62344920 ray::WorkerDict
3791459 62233320 ray::WorkerDict
3791460 62192312 ray::WorkerDict
3791454 62127852 ray::WorkerDict
1317539 4819840 VLLM::Worker_TP
1317538 4813900 VLLM::Worker_TP
3880552 1919036 ray::AgentLoopW
3880556 1872376 ray::AgentLoopW
3880554 1664276 ray::AgentLoopW
== 2026-09-05T11:48:23+09:00
Mem:            1007         468         539         368         373         539
    PID   RSS COMMAND
3873386 87692188 VLLM::Worker
3873390 87690064 VLLM::Worker
3873387 87355632 VLLM::Worker
3873391 87303664 VLLM::Worker
1317539 4819840 VLLM::Worker_TP
1317538 4813900 VLLM::Worker_TP
3791453 2746140 ray::WorkerDict
3791459 2648824 ray::WorkerDict
3791460 2624992 ray::WorkerDict
3791454 2602296 ray::WorkerDict
3880552 1919036 ray::AgentLoopW
3880556 1872376 ray::AgentLoopW
3880554 1664276 ray::AgentLoopW
== 2026-09-05T11:48:43+09:00
Mem:            1007         468         539         368         373         539
    PID   RSS COMMAND
3873386 87692188 VLLM::Worker
3873390 87690064 VLLM::Worker
3873387 87355632 VLLM::Worker
3873391 87303664 VLLM::Worker
1317539 4827520 VLLM::Worker_TP
1317538 4820812 VLLM::Worker_TP
3791453 2747676 ray::WorkerDict
3791459 2650360 ray::WorkerDict
3791460 2626528 ray::WorkerDict
3791454 2603832 ray::WorkerDict
3880552 1919036 ray::AgentLoopW
3880556 1872376 ray::AgentLoopW
3880554 1664276 ray::AgentLoopW
== 2026-09-05T11:49:04+09:00
Mem:            1007         468         539         368         373         539
    PID   RSS COMMAND
3873386 87692188 VLLM::Worker
3873390 87690064 VLLM::Worker
3873387 87355632 VLLM::Worker
3873391 87303664 VLLM::Worker
1317539 4829056 VLLM::Worker_TP
1317538 4823116 VLLM::Worker_TP
3791453 2755356 ray::WorkerDict
3791459 2661880 ray::WorkerDict
3791460 2636876 ray::WorkerDict
3791454 2616472 ray::WorkerDict
3880552 1919036 ray::AgentLoopW
3880556 1872376 ray::AgentLoopW
3880554 1664276 ray::AgentLoopW
== 2026-09-05T11:49:24+09:00
Mem:            1007         468         538         368         373         539
    PID   RSS COMMAND
3873386 87692188 VLLM::Worker
3873390 87690064 VLLM::Worker
3873387 87355632 VLLM::Worker
3873391 87303664 VLLM::Worker
1317539 4829056 VLLM::Worker_TP
1317538 4823116 VLLM::Worker_TP
3791453 2832156 ray::WorkerDict
3791459 2755784 ray::WorkerDict
3791460 2733504 ray::WorkerDict
3791454 2710444 ray::WorkerDict
3880552 1919036 ray::AgentLoopW
3880556 1872376 ray::AgentLoopW
3880554 1664276 ray::AgentLoopW
== 2026-09-05T11:49:44+09:00
Mem:            1007         468         538         368         373         538
    PID   RSS COMMAND
3873386 87692188 VLLM::Worker
3873390 87690064 VLLM::Worker
3873387 87355632 VLLM::Worker
3873391 87303664 VLLM::Worker
1317539 4829056 VLLM::Worker_TP
1317538 4824652 VLLM::Worker_TP
3791453 2897712 ray::WorkerDict
3791459 2865884 ray::WorkerDict
3791460 2841700 ray::WorkerDict
3791454 2816316 ray::WorkerDict
3880552 1919036 ray::AgentLoopW
3880556 1872376 ray::AgentLoopW
3880554 1664276 ray::AgentLoopW
== 2026-09-05T11:50:04+09:00
Mem:            1007         469         537         368         373         538
    PID   RSS COMMAND
3873386 87692188 VLLM::Worker
3873390 87690064 VLLM::Worker
3873387 87355632 VLLM::Worker
3873391 87303664 VLLM::Worker
1317539 4829056 VLLM::Worker_TP
1317538 4824652 VLLM::Worker_TP
3791453 2965160 ray::WorkerDict
3791459 2931140 ray::WorkerDict
3791460 2907204 ray::WorkerDict
3791454 2882624 ray::WorkerDict
3880552 1919036 ray::AgentLoopW
3880556 1872376 ray::AgentLoopW
3880554 1664276 ray::AgentLoopW
== 2026-09-05T11:50:24+09:00
Mem:            1007         469         537         368         373         538
    PID   RSS COMMAND
3873386 87692188 VLLM::Worker
3873390 87690064 VLLM::Worker
3873387 87355632 VLLM::Worker
3873391 87303664 VLLM::Worker
1317539 4829056 VLLM::Worker_TP
1317538 4824652 VLLM::Worker_TP
3791453 2980600 ray::WorkerDict
3791459 2945960 ray::WorkerDict
3791460 2920820 ray::WorkerDict
3791454 2897180 ray::WorkerDict
3880552 1919036 ray::AgentLoopW
3880556 1872376 ray::AgentLoopW
3880554 1664276 ray::AgentLoopW
== 2026-09-05T11:50:44+09:00
Mem:            1007         469         537         368         373         538
    PID   RSS COMMAND
3873386 87692188 VLLM::Worker
3873390 87690064 VLLM::Worker
3873387 87355632 VLLM::Worker
3873391 87303664 VLLM::Worker
1317539 4829056 VLLM::Worker_TP
1317538 4824652 VLLM::Worker_TP
3791453 2980600 ray::WorkerDict
3791459 2946728 ray::WorkerDict
3791460 2920820 ray::WorkerDict
3791454 2897948 ray::WorkerDict
3880552 1919036 ray::AgentLoopW
3880556 1872376 ray::AgentLoopW
3880554 1664276 ray::AgentLoopW
== 2026-09-05T11:51:04+09:00
Mem:            1007         469         537         368         373         538
    PID   RSS COMMAND
3873386 87692188 VLLM::Worker
3873390 87690064 VLLM::Worker
3873387 87355632 VLLM::Worker
3873391 87303664 VLLM::Worker
1317539 4829056 VLLM::Worker_TP
1317538 4824652 VLLM::Worker_TP
3791453 2980600 ray::WorkerDict
3791459 2946728 ray::WorkerDict
3791460 2921588 ray::WorkerDict
3791454 2897948 ray::WorkerDict
3880552 1919036 ray::AgentLoopW
3880556 1872376 ray::AgentLoopW
3880554 1664276 ray::AgentLoopW
== 2026-09-05T11:51:24+09:00
Mem:            1007         470         536         368         373         536
    PID   RSS COMMAND
3873386 87692188 VLLM::Worker
3873390 87690064 VLLM::Worker
3873387 87355632 VLLM::Worker
3873391 87303664 VLLM::Worker
1317539 4829056 VLLM::Worker_TP
1317538 4824652 VLLM::Worker_TP
3791453 3370704 ray::WorkerDict
3791459 3282376 ray::WorkerDict
3791460 3254040 ray::WorkerDict
3791454 3227344 ray::WorkerDict
3880552 1919036 ray::AgentLoopW
3880556 1872376 ray::AgentLoopW
3880554 1664276 ray::AgentLoopW
== 2026-09-05T11:51:44+09:00
Mem:            1007         470         536         368         373         536
    PID   RSS COMMAND
3873386 87692188 VLLM::Worker
3873390 87690064 VLLM::Worker
3873387 87355632 VLLM::Worker
3873391 87303664 VLLM::Worker
1317539 4829056 VLLM::Worker_TP
1317538 4824652 VLLM::Worker_TP
3791453 3374544 ray::WorkerDict
3791459 3288520 ray::WorkerDict
3791460 3258648 ray::WorkerDict
3791454 3232720 ray::WorkerDict
3880552 1919036 ray::AgentLoopW
3880556 1872376 ray::AgentLoopW
3880554 1664276 ray::AgentLoopW
== 2026-09-05T11:52:04+09:00
Mem:            1007         470         536         368         373         536
    PID   RSS COMMAND
3873386 87692188 VLLM::Worker
3873390 87690064 VLLM::Worker
3873387 87355632 VLLM::Worker
3873391 87303664 VLLM::Worker
1317539 4829056 VLLM::Worker_TP
1317538 4824652 VLLM::Worker_TP
3791453 3377616 ray::WorkerDict
3791459 3289288 ray::WorkerDict
3791460 3260952 ray::WorkerDict
3791454 3235024 ray::WorkerDict
3880552 1919036 ray::AgentLoopW
3880556 1872376 ray::AgentLoopW
3880554 1664276 ray::AgentLoopW
== 2026-09-05T11:52:24+09:00
Mem:            1007         470         536         368         373         536
    PID   RSS COMMAND
3873386 87692188 VLLM::Worker
3873390 87690064 VLLM::Worker
3873387 87355632 VLLM::Worker
3873391 87303664 VLLM::Worker
1317539 4829056 VLLM::Worker_TP
1317538 4824652 VLLM::Worker_TP
3791453 3378384 ray::WorkerDict
3791459 3290056 ray::WorkerDict
3791460 3261720 ray::WorkerDict
3791454 3235024 ray::WorkerDict
3880552 1919036 ray::AgentLoopW
3880556 1872376 ray::AgentLoopW
3880554 1664276 ray::AgentLoopW
== 2026-09-05T11:52:44+09:00
Mem:            1007         470         536         368         373         536
    PID   RSS COMMAND
3873386 87692188 VLLM::Worker
3873390 87690064 VLLM::Worker
3873387 87355632 VLLM::Worker
3873391 87303664 VLLM::Worker
1317539 4829056 VLLM::Worker_TP
1317538 4824652 VLLM::Worker_TP
3791453 3378384 ray::WorkerDict
3791459 3290056 ray::WorkerDict
3791460 3261720 ray::WorkerDict
3791454 3235024 ray::WorkerDict
3880552 1919036 ray::AgentLoopW
3880556 1872376 ray::AgentLoopW
3880554 1664276 ray::AgentLoopW
== 2026-09-05T11:53:04+09:00
Mem:            1007         470         536         368         373         536
    PID   RSS COMMAND
3873386 87692188 VLLM::Worker
3873390 87690064 VLLM::Worker
3873387 87355632 VLLM::Worker
3873391 87303664 VLLM::Worker
1317539 4829056 VLLM::Worker_TP
1317538 4824652 VLLM::Worker_TP
3791453 3378384 ray::WorkerDict
3791459 3290824 ray::WorkerDict
3791460 3261720 ray::WorkerDict
3791454 3235792 ray::WorkerDict
3880552 1919036 ray::AgentLoopW
3880556 1872376 ray::AgentLoopW
3880554 1664276 ray::AgentLoopW
== 2026-09-05T11:53:24+09:00
Mem:            1007         470         536         368         373         536
    PID   RSS COMMAND
3873386 87692188 VLLM::Worker
3873390 87690064 VLLM::Worker
3873387 87355632 VLLM::Worker
3873391 87303664 VLLM::Worker
1317539 4829056 VLLM::Worker_TP
1317538 4824652 VLLM::Worker_TP
3791453 3378384 ray::WorkerDict
3791459 3290824 ray::WorkerDict
3791460 3261720 ray::WorkerDict
3791454 3235792 ray::WorkerDict
3880552 1919036 ray::AgentLoopW
3880556 1872376 ray::AgentLoopW
3880554 1664276 ray::AgentLoopW
== 2026-09-05T11:53:44+09:00
Mem:            1007         470         536         368         373         536
    PID   RSS COMMAND
3873386 87692188 VLLM::Worker
3873390 87690064 VLLM::Worker
3873387 87355632 VLLM::Worker
3873391 87303664 VLLM::Worker
1317539 4829056 VLLM::Worker_TP
1317538 4824652 VLLM::Worker_TP
3791453 3378384 ray::WorkerDict
3791459 3290824 ray::WorkerDict
3791460 3261720 ray::WorkerDict
3791454 3235792 ray::WorkerDict
3880552 1919036 ray::AgentLoopW
3880556 1872376 ray::AgentLoopW
3880554 1664276 ray::AgentLoopW
== 2026-09-05T11:54:04+09:00
Mem:            1007         470         536         368         373         536
    PID   RSS COMMAND
3873386 87692188 VLLM::Worker
3873390 87690064 VLLM::Worker
3873387 87355632 VLLM::Worker
3873391 87303664 VLLM::Worker
1317539 4829056 VLLM::Worker_TP
1317538 4824652 VLLM::Worker_TP
3791453 3378384 ray::WorkerDict
3791459 3290824 ray::WorkerDict
3791460 3261720 ray::WorkerDict
3791454 3235792 ray::WorkerDict
3880552 1919036 ray::AgentLoopW
3880556 1872376 ray::AgentLoopW
3880554 1664276 ray::AgentLoopW
== 2026-09-05T11:54:24+09:00
Mem:            1007         470         536         368         373         536
    PID   RSS COMMAND
3873386 87692188 VLLM::Worker
3873390 87690064 VLLM::Worker
3873387 87355632 VLLM::Worker
3873391 87303664 VLLM::Worker
1317539 4829056 VLLM::Worker_TP
1317538 4824652 VLLM::Worker_TP
3791453 3378384 ray::WorkerDict
3791459 3290824 ray::WorkerDict
3791460 3261720 ray::WorkerDict
3791454 3235792 ray::WorkerDict
3880552 1919036 ray::AgentLoopW
3880556 1872376 ray::AgentLoopW
3880554 1664276 ray::AgentLoopW
== 2026-09-05T11:54:44+09:00
Mem:            1007         470         536         368         373         536
    PID   RSS COMMAND
3873386 87692188 VLLM::Worker
3873390 87690064 VLLM::Worker
3873387 87355632 VLLM::Worker
3873391 87303664 VLLM::Worker
1317539 4829056 VLLM::Worker_TP
1317538 4824652 VLLM::Worker_TP
3791453 3378384 ray::WorkerDict
3791459 3290824 ray::WorkerDict
3791460 3261720 ray::WorkerDict
3791454 3235792 ray::WorkerDict
3880552 1919036 ray::AgentLoopW
3880556 1872376 ray::AgentLoopW
3880554 1664276 ray::AgentLoopW
== 2026-09-05T11:55:04+09:00
Mem:            1007         470         536         368         373         536
    PID   RSS COMMAND
3873386 87692188 VLLM::Worker
3873390 87690064 VLLM::Worker
3873387 87355632 VLLM::Worker
3873391 87303664 VLLM::Worker
1317539 4829056 VLLM::Worker_TP
1317538 4824652 VLLM::Worker_TP
3791453 3378384 ray::WorkerDict
3791459 3290824 ray::WorkerDict
3791460 3261720 ray::WorkerDict
3791454 3235792 ray::WorkerDict
3880552 1919036 ray::AgentLoopW
3880556 1872376 ray::AgentLoopW
3880554 1664276 ray::AgentLoopW
== 2026-09-05T11:55:24+09:00
Mem:            1007         470         536         368         373         536
    PID   RSS COMMAND
3873386 87692188 VLLM::Worker
3873390 87690064 VLLM::Worker
3873387 87355632 VLLM::Worker
3873391 87303664 VLLM::Worker
1317539 4829056 VLLM::Worker_TP
1317538 4824652 VLLM::Worker_TP
3791453 3379152 ray::WorkerDict
3791459 3291592 ray::WorkerDict
3791460 3262488 ray::WorkerDict
3791454 3236560 ray::WorkerDict
3880552 1919036 ray::AgentLoopW
3880556 1872376 ray::AgentLoopW
3880554 1664276 ray::AgentLoopW
== 2026-09-05T11:55:44+09:00
Mem:            1007         470         536         368         373         536
    PID   RSS COMMAND
3873386 87692188 VLLM::Worker
3873390 87690064 VLLM::Worker
3873387 87355632 VLLM::Worker
3873391 87303664 VLLM::Worker
1317539 4829056 VLLM::Worker_TP
1317538 4824652 VLLM::Worker_TP
3791453 3379152 ray::WorkerDict
3791459 3291592 ray::WorkerDict
3791460 3262488 ray::WorkerDict
3791454 3236560 ray::WorkerDict
3880552 1919036 ray::AgentLoopW
3880556 1872376 ray::AgentLoopW
3880554 1664276 ray::AgentLoopW
== 2026-09-05T11:56:04+09:00
Mem:            1007         470         536         368         373         536
    PID   RSS COMMAND
3873386 87692188 VLLM::Worker
3873390 87690064 VLLM::Worker
3873387 87355632 VLLM::Worker
3873391 87303664 VLLM::Worker
1317539 4829056 VLLM::Worker_TP
1317538 4824652 VLLM::Worker_TP
3791453 3379152 ray::WorkerDict
3791459 3291592 ray::WorkerDict
3791460 3262488 ray::WorkerDict
3791454 3236560 ray::WorkerDict
3880552 1919036 ray::AgentLoopW
3880556 1872376 ray::AgentLoopW
3880554 1664276 ray::AgentLoopW
== 2026-09-05T11:56:24+09:00
Mem:            1007         470         536         368         373         536
    PID   RSS COMMAND
3873386 87692188 VLLM::Worker
3873390 87690064 VLLM::Worker
3873387 87355632 VLLM::Worker
3873391 87303664 VLLM::Worker
1317539 4829056 VLLM::Worker_TP
1317538 4824652 VLLM::Worker_TP
3791453 3379152 ray::WorkerDict
3791459 3291592 ray::WorkerDict
3791460 3262488 ray::WorkerDict
3791454 3236560 ray::WorkerDict
3880552 1919036 ray::AgentLoopW
3880556 1872376 ray::AgentLoopW
3880554 1664276 ray::AgentLoopW
== 2026-09-05T11:56:44+09:00
Mem:            1007         470         536         368         373         536
    PID   RSS COMMAND
3873386 87692188 VLLM::Worker
3873390 87690064 VLLM::Worker
3873387 87355632 VLLM::Worker
3873391 87303664 VLLM::Worker
1317539 4829056 VLLM::Worker_TP
1317538 4824652 VLLM::Worker_TP
3791453 3379152 ray::WorkerDict
3791459 3291592 ray::WorkerDict
3791460 3262488 ray::WorkerDict
3791454 3236560 ray::WorkerDict
3880552 1919036 ray::AgentLoopW
3880556 1872376 ray::AgentLoopW
3880554 1664276 ray::AgentLoopW
== 2026-09-05T11:57:04+09:00
Mem:            1007         470         536         368         373         536
    PID   RSS COMMAND
3873386 87692188 VLLM::Worker
3873390 87690064 VLLM::Worker
3873387 87355632 VLLM::Worker
3873391 87303664 VLLM::Worker
1317539 4829056 VLLM::Worker_TP
1317538 4824652 VLLM::Worker_TP
3791453 3379920 ray::WorkerDict
3791459 3292360 ray::WorkerDict
3791460 3263256 ray::WorkerDict
3791454 3236560 ray::WorkerDict
3880552 1919036 ray::AgentLoopW
3880556 1872376 ray::AgentLoopW
3880554 1664276 ray::AgentLoopW
== 2026-09-05T11:57:24+09:00
Mem:            1007         470         536         368         373         536
    PID   RSS COMMAND
3873386 87692188 VLLM::Worker
3873390 87690064 VLLM::Worker
3873387 87355632 VLLM::Worker
3873391 87303664 VLLM::Worker
1317539 4829056 VLLM::Worker_TP
1317538 4824652 VLLM::Worker_TP
3791453 3379920 ray::WorkerDict
3791459 3292360 ray::WorkerDict
3791460 3263256 ray::WorkerDict
3791454 3236560 ray::WorkerDict
3880552 1919036 ray::AgentLoopW
3880556 1872376 ray::AgentLoopW
3880554 1664276 ray::AgentLoopW
== 2026-09-05T11:57:44+09:00
Mem:            1007         470         536         368         373         536
    PID   RSS COMMAND
3873386 87692188 VLLM::Worker
3873390 87690064 VLLM::Worker
3873387 87355632 VLLM::Worker
3873391 87303664 VLLM::Worker
1317539 4829056 VLLM::Worker_TP
1317538 4824652 VLLM::Worker_TP
3791453 3379920 ray::WorkerDict
3791459 3292360 ray::WorkerDict
3791460 3263256 ray::WorkerDict
3791454 3236560 ray::WorkerDict
3880552 1919036 ray::AgentLoopW
3880556 1872376 ray::AgentLoopW
3880554 1664276 ray::AgentLoopW
== 2026-09-05T11:58:04+09:00
Mem:            1007         470         536         368         373         536
    PID   RSS COMMAND
3873386 87692188 VLLM::Worker
3873390 87690064 VLLM::Worker
3873387 87355632 VLLM::Worker
3873391 87303664 VLLM::Worker
1317539 4829056 VLLM::Worker_TP
1317538 4824652 VLLM::Worker_TP
3791453 3379920 ray::WorkerDict
3791459 3292360 ray::WorkerDict
3791460 3263256 ray::WorkerDict
3791454 3236560 ray::WorkerDict
3880552 1919036 ray::AgentLoopW
3880556 1872376 ray::AgentLoopW
3880554 1664276 ray::AgentLoopW
== 2026-09-05T11:58:24+09:00
Mem:            1007         564         442         368         373         443
    PID   RSS COMMAND
3873386 87692188 VLLM::Worker
3873390 87690064 VLLM::Worker
3873387 87355632 VLLM::Worker
3873391 87303664 VLLM::Worker
3791453 28111868 ray::WorkerDict
3791454 27968708 ray::WorkerDict
3791459 27840500 ray::WorkerDict
3791460 27808704 ray::WorkerDict
1317539 4829056 VLLM::Worker_TP
1317538 4824652 VLLM::Worker_TP
3880552 1919036 ray::AgentLoopW
3880556 1872376 ray::AgentLoopW
3880554 1664276 ray::AgentLoopW
== 2026-09-05T11:58:44+09:00
Mem:            1007         698         308         368         373         308
    PID   RSS COMMAND
3873386 87692188 VLLM::Worker
3873390 87690064 VLLM::Worker
3873387 87355632 VLLM::Worker
3873391 87303664 VLLM::Worker
3791453 63084600 ray::WorkerDict
3791459 62997588 ray::WorkerDict
3791460 62969120 ray::WorkerDict
3791454 62941652 ray::WorkerDict
1317539 4829056 VLLM::Worker_TP
1317538 4824652 VLLM::Worker_TP
3880552 1919036 ray::AgentLoopW
3880556 1872376 ray::AgentLoopW
3880554 1664276 ray::AgentLoopW
== 2026-09-05T11:59:04+09:00
Mem:            1007         703         303         368         373         304
    PID   RSS COMMAND
3873386 87692188 VLLM::Worker
3873390 87690064 VLLM::Worker
3873387 87355632 VLLM::Worker
3873391 87303664 VLLM::Worker
3791460 64440840 ray::WorkerDict
3791459 64394048 ray::WorkerDict
3791454 64221180 ray::WorkerDict
3791453 63907368 ray::WorkerDict
1317539 4829056 VLLM::Worker_TP
1317538 4824652 VLLM::Worker_TP
3880552 1919036 ray::AgentLoopW
3880556 1872376 ray::AgentLoopW
3880554 1664276 ray::AgentLoopW
== 2026-09-05T11:59:25+09:00
Mem:            1007         702         304         368         373         305
    PID   RSS COMMAND
3873386 87692188 VLLM::Worker
3873390 87690064 VLLM::Worker
3873387 87355632 VLLM::Worker
3873391 87303664 VLLM::Worker
3791453 64020804 ray::WorkerDict
3791460 64005160 ray::WorkerDict
3791459 64001380 ray::WorkerDict
3791454 63812124 ray::WorkerDict
1317539 4829056 VLLM::Worker_TP
1317538 4824652 VLLM::Worker_TP
3880552 1919036 ray::AgentLoopW
3880556 1872376 ray::AgentLoopW
3880554 1664276 ray::AgentLoopW
== 2026-09-05T11:59:45+09:00
Mem:            1007         702         304         368         373         304
    PID   RSS COMMAND
3873386 87692956 VLLM::Worker
3873390 87690832 VLLM::Worker
3873387 87356400 VLLM::Worker
3873391 87305200 VLLM::Worker
3791459 64001380 ray::WorkerDict
3791460 63939620 ray::WorkerDict
3791453 63873336 ray::WorkerDict
3791454 63615504 ray::WorkerDict
1317539 4829056 VLLM::Worker_TP
1317538 4824652 VLLM::Worker_TP
3880552 2041588 ray::AgentLoopW
3880556 1871364 ray::AgentLoopW
3880557 1802476 ray::AgentLoopW
== 2026-09-05T12:00:05+09:00
Mem:            1007         702         304         368         373         304
    PID   RSS COMMAND
3873386 87692956 VLLM::Worker
3873390 87690832 VLLM::Worker
3873387 87356400 VLLM::Worker
3873391 87305200 VLLM::Worker
3791459 64001380 ray::WorkerDict
3791460 63939620 ray::WorkerDict
3791453 63873336 ray::WorkerDict
3791454 63615504 ray::WorkerDict
1317539 4829056 VLLM::Worker_TP
1317538 4824652 VLLM::Worker_TP
3880552 2041588 ray::AgentLoopW
3880556 1871364 ray::AgentLoopW
3880557 1802476 ray::AgentLoopW
== 2026-09-05T12:00:25+09:00
Mem:            1007         701         307         368         370         305
    PID   RSS COMMAND
3873386 87672988 VLLM::Worker
3873390 87669328 VLLM::Worker
3873387 87331824 VLLM::Worker
3873391 87285232 VLLM::Worker
3791459 63913060 ray::WorkerDict
3791460 63846692 ray::WorkerDict
3791453 63780408 ray::WorkerDict
3791454 63524880 ray::WorkerDict
1317539 4817536 VLLM::Worker_TP
1317538 4810828 VLLM::Worker_TP
3880552 1867252 ray::AgentLoopW
3880556 1697796 ray::AgentLoopW
3880557 1626584 ray::AgentLoopW
== 2026-09-05T12:00:45+09:00
Mem:            1007         702         306         368         371         305
    PID   RSS COMMAND
3873386 87674524 VLLM::Worker
3873390 87670096 VLLM::Worker
3873387 87331824 VLLM::Worker
3873391 87284464 VLLM::Worker
3791459 63912292 ray::WorkerDict
3791460 63847460 ray::WorkerDict
3791453 63781944 ray::WorkerDict
3791454 63525648 ray::WorkerDict
1317539 4817536 VLLM::Worker_TP
1317538 4810828 VLLM::Worker_TP
3880552 1867252 ray::AgentLoopW
3880556 1697796 ray::AgentLoopW
3880557 1624560 ray::AgentLoopW
== 2026-09-05T12:01:05+09:00
Mem:            1007         702         306         368         371         305
    PID   RSS COMMAND
3873386 87674524 VLLM::Worker
3873390 87672400 VLLM::Worker
3873387 87334896 VLLM::Worker
3873391 87284464 VLLM::Worker
3791459 63914596 ray::WorkerDict
3791460 63845924 ray::WorkerDict
3791453 63782712 ray::WorkerDict
3791454 63526416 ray::WorkerDict
1317539 4817536 VLLM::Worker_TP
1317538 4810828 VLLM::Worker_TP
3880552 1867252 ray::AgentLoopW
3880556 1697796 ray::AgentLoopW
3880557 1624560 ray::AgentLoopW
== 2026-09-05T12:01:25+09:00
Mem:            1007         702         307         368         371         305
    PID   RSS COMMAND
3873386 87673756 VLLM::Worker
3873390 87672400 VLLM::Worker
3873387 87333360 VLLM::Worker
3873391 87282928 VLLM::Worker
3791459 63913828 ray::WorkerDict
3791460 63845156 ray::WorkerDict
3791453 63781176 ray::WorkerDict
3791454 63525648 ray::WorkerDict
1317539 4817536 VLLM::Worker_TP
1317538 4810828 VLLM::Worker_TP
3880552 1864620 ray::AgentLoopW
3880556 1696836 ray::AgentLoopW
3880557 1624560 ray::AgentLoopW
== 2026-09-05T12:01:45+09:00
Mem:            1007         702         306         368         371         305
    PID   RSS COMMAND
3873386 87674524 VLLM::Worker
3873390 87673168 VLLM::Worker
3873387 87334896 VLLM::Worker
3873391 87283696 VLLM::Worker
3791459 63916132 ray::WorkerDict
3791460 63846692 ray::WorkerDict
3791453 63783480 ray::WorkerDict
3791454 63526416 ray::WorkerDict
1317539 4817536 VLLM::Worker_TP
1317538 4810828 VLLM::Worker_TP
3880552 1860772 ray::AgentLoopW
3880556 1696836 ray::AgentLoopW
3880557 1623612 ray::AgentLoopW
== 2026-09-05T12:02:05+09:00
Mem:            1007         702         306         368         371         305
    PID   RSS COMMAND
3873386 87674524 VLLM::Worker
3873390 87673168 VLLM::Worker
3873387 87334896 VLLM::Worker
3873391 87283696 VLLM::Worker
3791459 63916132 ray::WorkerDict
3791460 63846692 ray::WorkerDict
3791453 63783480 ray::WorkerDict
3791454 63526416 ray::WorkerDict
1317539 4817536 VLLM::Worker_TP
1317538 4810828 VLLM::Worker_TP
3880552 1860772 ray::AgentLoopW
3880556 1696836 ray::AgentLoopW
3880557 1623612 ray::AgentLoopW
== 2026-09-05T12:02:25+09:00
Mem:            1007         702         306         368         371         305
    PID   RSS COMMAND
3873386 87674524 VLLM::Worker
3873390 87673168 VLLM::Worker
3873387 87334896 VLLM::Worker
3873391 87283696 VLLM::Worker
3791459 63916132 ray::WorkerDict
3791460 63846692 ray::WorkerDict
3791453 63783480 ray::WorkerDict
3791454 63526416 ray::WorkerDict
1317539 4817536 VLLM::Worker_TP
1317538 4810828 VLLM::Worker_TP
3880552 1860772 ray::AgentLoopW
3880556 1696836 ray::AgentLoopW
3880557 1623612 ray::AgentLoopW
== 2026-09-05T12:02:45+09:00
Mem:            1007         702         306         368         371         305
    PID   RSS COMMAND
3873386 87674524 VLLM::Worker
3873390 87673168 VLLM::Worker
3873387 87333888 VLLM::Worker
3873391 87283696 VLLM::Worker
3791459 63916132 ray::WorkerDict
3791460 63846692 ray::WorkerDict
3791453 63783480 ray::WorkerDict
3791454 63526416 ray::WorkerDict
1317539 4817536 VLLM::Worker_TP
1317538 4810828 VLLM::Worker_TP
3880552 1860772 ray::AgentLoopW
3880556 1696836 ray::AgentLoopW
3880557 1623612 ray::AgentLoopW
== 2026-09-05T12:03:05+09:00
Mem:            1007         702         306         368         371         305
    PID   RSS COMMAND
3873386 87675292 VLLM::Worker
3873390 87673936 VLLM::Worker
3873387 87334656 VLLM::Worker
3873391 87283696 VLLM::Worker
3791459 63916132 ray::WorkerDict
3791460 63846692 ray::WorkerDict
3791453 63783480 ray::WorkerDict
3791454 63526416 ray::WorkerDict
1317539 4817536 VLLM::Worker_TP
1317538 4810828 VLLM::Worker_TP
3880552 1860772 ray::AgentLoopW
3880556 1696836 ray::AgentLoopW
3880557 1623380 ray::AgentLoopW
== 2026-09-05T12:03:25+09:00
Mem:            1007         474         534         368         371         533
    PID   RSS COMMAND
3873386 87675292 VLLM::Worker
3873390 87673936 VLLM::Worker
3873387 87334656 VLLM::Worker
3873391 87283696 VLLM::Worker
1317539 4817536 VLLM::Worker_TP
1317538 4810828 VLLM::Worker_TP
3791460 4246532 ray::WorkerDict
3791453 4199292 ray::WorkerDict
3791459 4101720 ray::WorkerDict
3791454 3959048 ray::WorkerDict
3880552 1860772 ray::AgentLoopW
3880556 1696836 ray::AgentLoopW
3880557 1623380 ray::AgentLoopW
== 2026-09-05T12:03:45+09:00
Mem:            1007         474         534         368         371         533
    PID   RSS COMMAND
3873386 87675292 VLLM::Worker
3873390 87673936 VLLM::Worker
3873387 87334656 VLLM::Worker
3873391 87283696 VLLM::Worker
1317539 4817536 VLLM::Worker_TP
1317538 4810828 VLLM::Worker_TP
3791460 4246532 ray::WorkerDict
3791453 4199292 ray::WorkerDict
3791459 4101720 ray::WorkerDict
3791454 3959048 ray::WorkerDict
3880552 1860772 ray::AgentLoopW
3880556 1696836 ray::AgentLoopW
3880557 1623380 ray::AgentLoopW
== 2026-09-05T12:04:05+09:00
Mem:            1007         473         535         368         371         533
    PID   RSS COMMAND
3873386 87675292 VLLM::Worker
3873390 87673936 VLLM::Worker
3873387 87334656 VLLM::Worker
3873391 87283696 VLLM::Worker
1317539 4817536 VLLM::Worker_TP
1317538 4810828 VLLM::Worker_TP
3791453 4232560 ray::WorkerDict
3791454 3946376 ray::WorkerDict
3791459 3897924 ray::WorkerDict
3791460 3880384 ray::WorkerDict
3880552 1860772 ray::AgentLoopW
3880556 1696836 ray::AgentLoopW
3880557 1623380 ray::AgentLoopW
== 2026-09-05T12:04:25+09:00
Mem:            1007         473         535         368         371         533
    PID   RSS COMMAND
3873386 87675292 VLLM::Worker
3873390 87673936 VLLM::Worker
3873387 87334656 VLLM::Worker
3873391 87283696 VLLM::Worker
1317539 4817536 VLLM::Worker_TP
1317538 4810828 VLLM::Worker_TP
3791453 4232560 ray::WorkerDict
3791454 3946376 ray::WorkerDict
3791459 3897924 ray::WorkerDict
3791460 3880384 ray::WorkerDict
3880552 1860772 ray::AgentLoopW
3880556 1696836 ray::AgentLoopW
3880557 1623380 ray::AgentLoopW
== 2026-09-05T12:04:45+09:00
Mem:            1007         473         535         368         371         533
    PID   RSS COMMAND
3873386 87675292 VLLM::Worker
3873390 87673936 VLLM::Worker
3873387 87334656 VLLM::Worker
3873391 87283696 VLLM::Worker
1317539 4817536 VLLM::Worker_TP
1317538 4810828 VLLM::Worker_TP
3791453 4232560 ray::WorkerDict
3791454 3946376 ray::WorkerDict
3791459 3897924 ray::WorkerDict
3791460 3880384 ray::WorkerDict
3880552 1860772 ray::AgentLoopW
3880556 1696836 ray::AgentLoopW
3880557 1623380 ray::AgentLoopW
== 2026-09-05T12:05:05+09:00
Mem:            1007         473         535         368         371         533
    PID   RSS COMMAND
3873386 87675292 VLLM::Worker
3873390 87673936 VLLM::Worker
3873387 87334656 VLLM::Worker
3873391 87283696 VLLM::Worker
1317539 4817536 VLLM::Worker_TP
1317538 4810828 VLLM::Worker_TP
3791453 4232560 ray::WorkerDict
3791454 3946376 ray::WorkerDict
3791459 3897924 ray::WorkerDict
3791460 3880384 ray::WorkerDict
3880552 1860772 ray::AgentLoopW
3880556 1696836 ray::AgentLoopW
3880557 1623380 ray::AgentLoopW
== 2026-09-05T12:05:25+09:00
Mem:            1007         473         535         368         371         533
    PID   RSS COMMAND
3873386 87675292 VLLM::Worker
3873390 87673936 VLLM::Worker
3873387 87334656 VLLM::Worker
3873391 87283696 VLLM::Worker
1317539 4817536 VLLM::Worker_TP
1317538 4810828 VLLM::Worker_TP
3791453 4232560 ray::WorkerDict
3791454 3946376 ray::WorkerDict
3791459 3897924 ray::WorkerDict
3791460 3880384 ray::WorkerDict
3880552 1860772 ray::AgentLoopW
3880556 1696836 ray::AgentLoopW
3880557 1623380 ray::AgentLoopW
== 2026-09-05T12:05:45+09:00
Mem:            1007         473         535         368         371         533
    PID   RSS COMMAND
3873386 87675292 VLLM::Worker
3873390 87673936 VLLM::Worker
3873387 87334656 VLLM::Worker
3873391 87283696 VLLM::Worker
1317539 4817536 VLLM::Worker_TP
1317538 4810828 VLLM::Worker_TP
3791453 4232560 ray::WorkerDict
3791454 3946376 ray::WorkerDict
3791459 3897924 ray::WorkerDict
3791460 3880384 ray::WorkerDict
3880552 1860772 ray::AgentLoopW
3880556 1697604 ray::AgentLoopW
3880557 1623380 ray::AgentLoopW
== 2026-09-05T12:06:05+09:00
Mem:            1007         473         535         368         371         533
    PID   RSS COMMAND
3873386 87677596 VLLM::Worker
3873390 87676240 VLLM::Worker
3873387 87336192 VLLM::Worker
3873391 87285232 VLLM::Worker
1317539 4817536 VLLM::Worker_TP
1317538 4810828 VLLM::Worker_TP
3791453 4232560 ray::WorkerDict
3791454 3946376 ray::WorkerDict
3791459 3897924 ray::WorkerDict
3791460 3880384 ray::WorkerDict
3880552 1860772 ray::AgentLoopW
3880556 1697604 ray::AgentLoopW
3880557 1623380 ray::AgentLoopW
== 2026-09-05T12:06:25+09:00
Mem:            1007         473         535         368         371         533
    PID   RSS COMMAND
3873386 87678364 VLLM::Worker
3873390 87677008 VLLM::Worker
3873387 87336960 VLLM::Worker
3873391 87286000 VLLM::Worker
1317539 4817536 VLLM::Worker_TP
1317538 4810828 VLLM::Worker_TP
3791453 3986820 ray::WorkerDict
3791459 3897924 ray::WorkerDict
3791460 3881152 ray::WorkerDict
3791454 3766832 ray::WorkerDict
3880552 1860772 ray::AgentLoopW
3880556 1697604 ray::AgentLoopW
3880557 1623380 ray::AgentLoopW
== 2026-09-05T12:06:45+09:00
Mem:            1007         613         395         368         371         394
    PID   RSS COMMAND
3873386 87678364 VLLM::Worker
3873390 87677008 VLLM::Worker
3873387 87336960 VLLM::Worker
3873391 87286000 VLLM::Worker
3791453 40633508 ray::WorkerDict
3791460 40543204 ray::WorkerDict
3791459 40537804 ray::WorkerDict
3791454 40439764 ray::WorkerDict
1317539 4817536 VLLM::Worker_TP
1317538 4810828 VLLM::Worker_TP
3880552 1859776 ray::AgentLoopW
3880556 1697604 ray::AgentLoopW
3880557 1617076 ray::AgentLoopW
== 2026-09-05T12:07:05+09:00
Mem:            1007         704         305         368         371         303
    PID   RSS COMMAND
3873386 87678364 VLLM::Worker
3873390 87677008 VLLM::Worker
3873387 87336960 VLLM::Worker
3873391 87286000 VLLM::Worker
3791453 64321100 ray::WorkerDict
3791460 64301800 ray::WorkerDict
3791459 64296616 ray::WorkerDict
3791454 64080504 ray::WorkerDict
1317539 4817536 VLLM::Worker_TP
1317538 4810828 VLLM::Worker_TP
3880552 1859776 ray::AgentLoopW
3880556 1697604 ray::AgentLoopW
3880557 1617076 ray::AgentLoopW
== 2026-09-05T12:07:25+09:00
Mem:            1007         703         305         368         371         303
    PID   RSS COMMAND
3873386 87678364 VLLM::Worker
3873390 87677008 VLLM::Worker
3873387 87336960 VLLM::Worker
3873391 87286000 VLLM::Worker
3791460 64369856 ray::WorkerDict
3791453 64153068 ray::WorkerDict
3791454 63942420 ray::WorkerDict
3791459 63754940 ray::WorkerDict
1317539 4817536 VLLM::Worker_TP
1317538 4810828 VLLM::Worker_TP
3880552 1859776 ray::AgentLoopW
3880556 1697604 ray::AgentLoopW
3880557 1617076 ray::AgentLoopW
== 2026-09-05T12:07:45+09:00
Mem:            1007         701         307         368         371         305
    PID   RSS COMMAND
3873386 87679132 VLLM::Worker
3873390 87677776 VLLM::Worker
3873387 87337728 VLLM::Worker
3873391 87286768 VLLM::Worker
3791454 63613452 ray::WorkerDict
3791453 63608272 ray::WorkerDict
3791459 63575316 ray::WorkerDict
3791460 63530424 ray::WorkerDict
1317539 4817536 VLLM::Worker_TP
1317538 4810828 VLLM::Worker_TP
3880552 1816500 ray::AgentLoopW
3880556 1726100 ray::AgentLoopW
3880557 1618612 ray::AgentLoopW
== 2026-09-05T12:08:05+09:00
Mem:            1007         703         305         368         371         304
    PID   RSS COMMAND
3873386 87685276 VLLM::Worker
3873390 87679312 VLLM::Worker
3873387 87343104 VLLM::Worker
3873391 87292052 VLLM::Worker
3791454 63613452 ray::WorkerDict
3791453 63608272 ray::WorkerDict
3791459 63575316 ray::WorkerDict
3791460 63530424 ray::WorkerDict
1317539 4817536 VLLM::Worker_TP
1317538 4810828 VLLM::Worker_TP
3880556 1873556 ray::AgentLoopW
3880552 1817268 ray::AgentLoopW
3880551 1741788 ray::AgentLoopW
== 2026-09-05T12:08:25+09:00
Mem:            1007         702         306         368         371         304
    PID   RSS COMMAND
3873386 87676828 VLLM::Worker
3873390 87669328 VLLM::Worker
3873387 87331584 VLLM::Worker
3873391 87282836 VLLM::Worker
3791454 63593484 ray::WorkerDict
3791453 63587536 ray::WorkerDict
3791459 63554580 ray::WorkerDict
3791460 63511224 ray::WorkerDict
1317539 4817536 VLLM::Worker_TP
1317538 4810828 VLLM::Worker_TP
3880556 1873556 ray::AgentLoopW
3880552 1817268 ray::AgentLoopW
3880551 1741020 ray::AgentLoopW
== 2026-09-05T12:08:46+09:00
Mem:            1007         703         306         368         371         304
    PID   RSS COMMAND
3873386 87675292 VLLM::Worker
3873390 87671632 VLLM::Worker
3873387 87331584 VLLM::Worker
3873391 87285140 VLLM::Worker
3791454 63591948 ray::WorkerDict
3791453 63584464 ray::WorkerDict
3791459 63553812 ray::WorkerDict
3791460 63510456 ray::WorkerDict
1317539 4817536 VLLM::Worker_TP
1317538 4810828 VLLM::Worker_TP
3880556 1873556 ray::AgentLoopW
3880552 1817268 ray::AgentLoopW
3880551 1741020 ray::AgentLoopW
== 2026-09-05T12:09:06+09:00
Mem:            1007         703         305         368         371         304
    PID   RSS COMMAND
3873386 87675292 VLLM::Worker
3873390 87670864 VLLM::Worker
3873387 87333888 VLLM::Worker
3873391 87286676 VLLM::Worker
3791454 63593484 ray::WorkerDict
3791453 63586768 ray::WorkerDict
3791459 63553812 ray::WorkerDict
3791460 63514296 ray::WorkerDict
1317539 4817536 VLLM::Worker_TP
1317538 4810828 VLLM::Worker_TP
3880556 1873556 ray::AgentLoopW
3880552 1817268 ray::AgentLoopW
3880551 1741020 ray::AgentLoopW
== 2026-09-05T12:09:26+09:00
Mem:            1007         702         306         368         371         304
    PID   RSS COMMAND
3873386 87672220 VLLM::Worker
3873390 87666256 VLLM::Worker
3873387 87331584 VLLM::Worker
3873391 87285908 VLLM::Worker
3791454 63595020 ray::WorkerDict
3791453 63588304 ray::WorkerDict
3791459 63556116 ray::WorkerDict
3791460 63514296 ray::WorkerDict
1317539 4817536 VLLM::Worker_TP
1317538 4810828 VLLM::Worker_TP
3880556 1873556 ray::AgentLoopW
3880552 1817268 ray::AgentLoopW
3880551 1741020 ray::AgentLoopW
== 2026-09-05T12:09:46+09:00
Mem:            1007         702         306         368         371         304
    PID   RSS COMMAND
3873386 87674524 VLLM::Worker
3873390 87666256 VLLM::Worker
3873387 87330816 VLLM::Worker
3873391 87282836 VLLM::Worker
3791454 63596556 ray::WorkerDict
3791453 63590608 ray::WorkerDict
3791459 63556116 ray::WorkerDict
3791460 63516600 ray::WorkerDict
1317539 4817536 VLLM::Worker_TP
1317538 4813900 VLLM::Worker_TP
3880556 1873556 ray::AgentLoopW
3880552 1817268 ray::AgentLoopW
3880551 1741020 ray::AgentLoopW
== 2026-09-05T12:10:06+09:00
Mem:            1007         702         306         368         371         304
    PID   RSS COMMAND
3873386 87672988 VLLM::Worker
3873390 87665488 VLLM::Worker
3873387 87330816 VLLM::Worker
3873391 87282836 VLLM::Worker
3791454 63598092 ray::WorkerDict
3791453 63592144 ray::WorkerDict
3791459 63556116 ray::WorkerDict
3791460 63516600 ray::WorkerDict
1317539 4817536 VLLM::Worker_TP
1317538 4813900 VLLM::Worker_TP
3880556 1873556 ray::AgentLoopW
3880552 1817268 ray::AgentLoopW
3880551 1741020 ray::AgentLoopW
== 2026-09-05T12:10:26+09:00
Mem:            1007         702         306         368         371         304
    PID   RSS COMMAND
3873386 87671452 VLLM::Worker
3873390 87668560 VLLM::Worker
3873387 87327744 VLLM::Worker
3873391 87282836 VLLM::Worker
3791454 63596556 ray::WorkerDict
3791453 63591376 ray::WorkerDict
3791459 63556884 ray::WorkerDict
3791460 63515832 ray::WorkerDict
1317539 4817536 VLLM::Worker_TP
1317538 4813900 VLLM::Worker_TP
3880556 1873556 ray::AgentLoopW
3880552 1817268 ray::AgentLoopW
3880551 1741020 ray::AgentLoopW
== 2026-09-05T12:10:46+09:00
Mem:            1007         702         306         368         371         304
    PID   RSS COMMAND
3873386 87669148 VLLM::Worker
3873390 87667792 VLLM::Worker
3873387 87328512 VLLM::Worker
3873391 87283604 VLLM::Worker
3791454 63595788 ray::WorkerDict
3791453 63587536 ray::WorkerDict
3791459 63557652 ray::WorkerDict
3791460 63515832 ray::WorkerDict
1317539 4817536 VLLM::Worker_TP
1317538 4813900 VLLM::Worker_TP
3880556 1873556 ray::AgentLoopW
3880552 1817268 ray::AgentLoopW
3880551 1741020 ray::AgentLoopW
== 2026-09-05T12:11:06+09:00
Mem:            1007         702         306         368         371         304
    PID   RSS COMMAND
3873390 87670096 VLLM::Worker
3873386 87669916 VLLM::Worker
3873387 87330048 VLLM::Worker
3873391 87279764 VLLM::Worker
3791454 63596556 ray::WorkerDict
3791453 63589840 ray::WorkerDict
3791459 63556884 ray::WorkerDict
3791460 63517368 ray::WorkerDict
1317539 4817536 VLLM::Worker_TP
1317538 4813900 VLLM::Worker_TP
3880556 1873556 ray::AgentLoopW
3880552 1817268 ray::AgentLoopW
3880551 1741020 ray::AgentLoopW
== 2026-09-05T12:11:26+09:00
Mem:            1007         702         306         368         371         304
    PID   RSS COMMAND
3873386 87671452 VLLM::Worker
3873390 87667792 VLLM::Worker
3873387 87330048 VLLM::Worker
3873391 87286676 VLLM::Worker
3791454 63595020 ray::WorkerDict
3791453 63586000 ray::WorkerDict
3791459 63557652 ray::WorkerDict
3791460 63517368 ray::WorkerDict
1317539 4817536 VLLM::Worker_TP
1317538 4813900 VLLM::Worker_TP
3880556 1873556 ray::AgentLoopW
3880552 1817268 ray::AgentLoopW
3880551 1741020 ray::AgentLoopW
== 2026-09-05T12:11:46+09:00
Mem:            1007         702         306         368         371         304
    PID   RSS COMMAND
3873386 87670684 VLLM::Worker
3873390 87664720 VLLM::Worker
3873387 87326976 VLLM::Worker
3873391 87283604 VLLM::Worker
3791454 63591948 ray::WorkerDict
3791453 63585232 ray::WorkerDict
3791459 63559188 ray::WorkerDict
3791460 63514296 ray::WorkerDict
1317539 4817536 VLLM::Worker_TP
1317538 4813900 VLLM::Worker_TP
3880556 1873556 ray::AgentLoopW
3880552 1817268 ray::AgentLoopW
3880551 1741020 ray::AgentLoopW
== 2026-09-05T12:12:06+09:00
Mem:            1007         702         306         368         371         304
    PID   RSS COMMAND
3873386 87672988 VLLM::Worker
3873390 87663952 VLLM::Worker
3873387 87328512 VLLM::Worker
3873391 87282836 VLLM::Worker
3791454 63588108 ray::WorkerDict
3791453 63582928 ray::WorkerDict
3791459 63559188 ray::WorkerDict
3791460 63515064 ray::WorkerDict
1317539 4817536 VLLM::Worker_TP
1317538 4813900 VLLM::Worker_TP
3880556 1873556 ray::AgentLoopW
3880552 1817268 ray::AgentLoopW
3880551 1741020 ray::AgentLoopW
== 2026-09-05T12:12:26+09:00
Mem:            1007         702         306         368         371         304
    PID   RSS COMMAND
3873386 87672988 VLLM::Worker
3873390 87669328 VLLM::Worker
3873387 87329280 VLLM::Worker
3873391 87281300 VLLM::Worker
3791454 63588108 ray::WorkerDict
3791453 63582160 ray::WorkerDict
3791459 63557652 ray::WorkerDict
3791460 63511992 ray::WorkerDict
1317539 4817536 VLLM::Worker_TP
1317538 4813900 VLLM::Worker_TP
3880556 1873556 ray::AgentLoopW
3880552 1817268 ray::AgentLoopW
3880551 1741020 ray::AgentLoopW
== 2026-09-05T12:12:46+09:00
Mem:            1007         702         306         368         371         304
    PID   RSS COMMAND
3873386 87672220 VLLM::Worker
3873390 87666256 VLLM::Worker
3873387 87330048 VLLM::Worker
3873391 87282836 VLLM::Worker
3791454 63591180 ray::WorkerDict
3791453 63582928 ray::WorkerDict
3791459 63556884 ray::WorkerDict
3791460 63515064 ray::WorkerDict
1317539 4817536 VLLM::Worker_TP
1317538 4813900 VLLM::Worker_TP
3880556 1873556 ray::AgentLoopW
3880552 1817268 ray::AgentLoopW
3880551 1741020 ray::AgentLoopW
== 2026-09-05T12:13:06+09:00
Mem:            1007         702         306         368         371         304
    PID   RSS COMMAND
3873386 87671452 VLLM::Worker
3873390 87665488 VLLM::Worker
3873387 87327744 VLLM::Worker
3873391 87282068 VLLM::Worker
3791454 63591948 ray::WorkerDict
3791453 63583696 ray::WorkerDict
3791459 63556884 ray::WorkerDict
3791460 63518136 ray::WorkerDict
1317539 4817536 VLLM::Worker_TP
1317538 4813900 VLLM::Worker_TP
3880556 1873556 ray::AgentLoopW
3880552 1817268 ray::AgentLoopW
3880551 1741020 ray::AgentLoopW
== 2026-09-05T12:13:26+09:00
Mem:            1007         702         306         368         371         304
    PID   RSS COMMAND
3873386 87671452 VLLM::Worker
3873390 87665488 VLLM::Worker
3873387 87328512 VLLM::Worker
3873391 87280532 VLLM::Worker
3791454 63591948 ray::WorkerDict
3791453 63585232 ray::WorkerDict
3791459 63556116 ray::WorkerDict
3791460 63517368 ray::WorkerDict
1317539 4817536 VLLM::Worker_TP
1317538 4813900 VLLM::Worker_TP
3880556 1873556 ray::AgentLoopW
3880552 1817268 ray::AgentLoopW
3880551 1741020 ray::AgentLoopW
== 2026-09-05T12:13:46+09:00
Mem:            1007         702         306         368         371         304
    PID   RSS COMMAND
3873386 87671452 VLLM::Worker
3873390 87663952 VLLM::Worker
3873387 87329280 VLLM::Worker
3873391 87281300 VLLM::Worker
3791454 63591948 ray::WorkerDict
3791453 63586768 ray::WorkerDict
3791459 63555348 ray::WorkerDict
3791460 63514296 ray::WorkerDict
1317539 4817536 VLLM::Worker_TP
1317538 4813900 VLLM::Worker_TP
3880556 1873556 ray::AgentLoopW
3880552 1817268 ray::AgentLoopW
3880551 1741020 ray::AgentLoopW
== 2026-09-05T12:14:06+09:00
Mem:            1007         702         306         368         371         304
    PID   RSS COMMAND
3873386 87672220 VLLM::Worker
3873390 87665488 VLLM::Worker
3873387 87330048 VLLM::Worker
3873391 87279764 VLLM::Worker
3791454 63588108 ray::WorkerDict
3791453 63585232 ray::WorkerDict
3791459 63551508 ray::WorkerDict
3791460 63516600 ray::WorkerDict
1317539 4817536 VLLM::Worker_TP
1317538 4813900 VLLM::Worker_TP
3880556 1873556 ray::AgentLoopW
3880552 1817268 ray::AgentLoopW
3880551 1741020 ray::AgentLoopW
== 2026-09-05T12:14:26+09:00
Mem:            1007         702         306         368         371         304
    PID   RSS COMMAND
3873386 87672220 VLLM::Worker
3873390 87664720 VLLM::Worker
3873387 87329280 VLLM::Worker
3873391 87280532 VLLM::Worker
3791454 63588876 ray::WorkerDict
3791453 63586768 ray::WorkerDict
3791459 63553812 ray::WorkerDict
3791460 63514296 ray::WorkerDict
1317539 4817536 VLLM::Worker_TP
1317538 4813900 VLLM::Worker_TP
3880556 1873556 ray::AgentLoopW
3880552 1817268 ray::AgentLoopW
3880551 1741020 ray::AgentLoopW
== 2026-09-05T12:14:46+09:00
Mem:            1007         702         306         368         371         304
    PID   RSS COMMAND
3873386 87670684 VLLM::Worker
3873390 87667024 VLLM::Worker
3873387 87329280 VLLM::Worker
3873391 87282068 VLLM::Worker
3791454 63590412 ray::WorkerDict
3791453 63586768 ray::WorkerDict
3791459 63558420 ray::WorkerDict
3791460 63512760 ray::WorkerDict
1317539 4817536 VLLM::Worker_TP
1317538 4813900 VLLM::Worker_TP
3880556 1873556 ray::AgentLoopW
3880552 1817268 ray::AgentLoopW
3880551 1741020 ray::AgentLoopW
== 2026-09-05T12:15:06+09:00
Mem:            1007         702         306         368         371         304
    PID   RSS COMMAND
3873386 87670684 VLLM::Worker
3873390 87667024 VLLM::Worker
3873387 87329280 VLLM::Worker
3873391 87281300 VLLM::Worker
3791454 63591180 ray::WorkerDict
3791453 63586000 ray::WorkerDict
3791459 63554580 ray::WorkerDict
3791460 63515832 ray::WorkerDict
1317539 4817536 VLLM::Worker_TP
1317538 4813900 VLLM::Worker_TP
3880556 1873556 ray::AgentLoopW
3880552 1817268 ray::AgentLoopW
3880551 1741020 ray::AgentLoopW
== 2026-09-05T12:15:26+09:00
Mem:            1007         702         306         368         371         304
    PID   RSS COMMAND
3873386 87672988 VLLM::Worker
3873390 87665488 VLLM::Worker
3873387 87330048 VLLM::Worker
3873391 87282068 VLLM::Worker
3791454 63591948 ray::WorkerDict
3791453 63585232 ray::WorkerDict
3791459 63557652 ray::WorkerDict
3791460 63512760 ray::WorkerDict
1317539 4817536 VLLM::Worker_TP
1317538 4813900 VLLM::Worker_TP
3880556 1873556 ray::AgentLoopW
3880552 1817268 ray::AgentLoopW
3880551 1741020 ray::AgentLoopW
== 2026-09-05T12:15:46+09:00
Mem:            1007         702         306         368         371         304
    PID   RSS COMMAND
3873386 87667612 VLLM::Worker
3873390 87666256 VLLM::Worker
3873387 87329280 VLLM::Worker
3873391 87278228 VLLM::Worker
3791454 63591948 ray::WorkerDict
3791453 63584464 ray::WorkerDict
3791459 63553812 ray::WorkerDict
3791460 63510456 ray::WorkerDict
1317539 4817536 VLLM::Worker_TP
1317538 4813900 VLLM::Worker_TP
3880556 1873556 ray::AgentLoopW
3880552 1817268 ray::AgentLoopW
3880551 1741020 ray::AgentLoopW
== 2026-09-05T12:16:06+09:00
Mem:            1007         702         306         368         371         304
    PID   RSS COMMAND
3873386 87672220 VLLM::Worker
3873390 87667024 VLLM::Worker
3873387 87328512 VLLM::Worker
3873391 87281300 VLLM::Worker
3791454 63590412 ray::WorkerDict
3791453 63582160 ray::WorkerDict
3791459 63555348 ray::WorkerDict
3791460 63513528 ray::WorkerDict
1317539 4817536 VLLM::Worker_TP
1317538 4813900 VLLM::Worker_TP
3880556 1873556 ray::AgentLoopW
3880552 1817268 ray::AgentLoopW
3880551 1741020 ray::AgentLoopW
== 2026-09-05T12:16:26+09:00
Mem:            1007         702         306         368         371         304
    PID   RSS COMMAND
3873386 87675292 VLLM::Worker
3873390 87669328 VLLM::Worker
3873387 87330048 VLLM::Worker
3873391 87282068 VLLM::Worker
3791454 63591948 ray::WorkerDict
3791453 63586000 ray::WorkerDict
3791459 63554580 ray::WorkerDict
3791460 63516600 ray::WorkerDict
1317539 4817536 VLLM::Worker_TP
1317538 4813900 VLLM::Worker_TP
3880556 1873556 ray::AgentLoopW
3880552 1817268 ray::AgentLoopW
3880551 1741020 ray::AgentLoopW
== 2026-09-05T12:16:46+09:00
Mem:            1007         702         306         368         371         304
    PID   RSS COMMAND
3873386 87669916 VLLM::Worker
3873390 87666256 VLLM::Worker
3873387 87330048 VLLM::Worker
3873391 87279764 VLLM::Worker
3791454 63594252 ray::WorkerDict
3791453 63583696 ray::WorkerDict
3791459 63556116 ray::WorkerDict
3791460 63515064 ray::WorkerDict
1317539 4817536 VLLM::Worker_TP
1317538 4813900 VLLM::Worker_TP
3880556 1873556 ray::AgentLoopW
3880552 1817268 ray::AgentLoopW
3880551 1741020 ray::AgentLoopW
== 2026-09-05T12:17:06+09:00
Mem:            1007         702         306         368         371         304
    PID   RSS COMMAND
3873386 87670684 VLLM::Worker
3873390 87668560 VLLM::Worker
3873387 87331584 VLLM::Worker
3873391 87284372 VLLM::Worker
3791454 63591180 ray::WorkerDict
3791453 63582928 ray::WorkerDict
3791459 63554580 ray::WorkerDict
3791460 63513528 ray::WorkerDict
1317539 4817536 VLLM::Worker_TP
1317538 4813900 VLLM::Worker_TP
3880556 1873556 ray::AgentLoopW
3880552 1817268 ray::AgentLoopW
3880551 1741020 ray::AgentLoopW
== 2026-09-05T12:17:26+09:00
Mem:            1007         702         306         368         371         304
    PID   RSS COMMAND
3873386 87672220 VLLM::Worker
3873390 87665488 VLLM::Worker
3873387 87331584 VLLM::Worker
3873391 87281300 VLLM::Worker
3791454 63591948 ray::WorkerDict
3791453 63585232 ray::WorkerDict
3791459 63554580 ray::WorkerDict
3791460 63511224 ray::WorkerDict
1317539 4817536 VLLM::Worker_TP
1317538 4813900 VLLM::Worker_TP
3880556 1873556 ray::AgentLoopW
3880552 1817268 ray::AgentLoopW
3880551 1741020 ray::AgentLoopW
== 2026-09-05T12:17:46+09:00
Mem:            1007         702         306         368         371         304
    PID   RSS COMMAND
3873386 87669148 VLLM::Worker
3873390 87665488 VLLM::Worker
3873387 87330816 VLLM::Worker
3873391 87282836 VLLM::Worker
3791454 63591948 ray::WorkerDict
3791453 63584464 ray::WorkerDict
3791459 63555348 ray::WorkerDict
3791460 63511224 ray::WorkerDict
1317539 4817536 VLLM::Worker_TP
1317538 4813900 VLLM::Worker_TP
3880556 1873556 ray::AgentLoopW
3880552 1817268 ray::AgentLoopW
3880551 1741020 ray::AgentLoopW
== 2026-09-05T12:18:06+09:00
Mem:            1007         702         306         368         371         304
    PID   RSS COMMAND
3873386 87672220 VLLM::Worker
3873390 87670096 VLLM::Worker
3873387 87330048 VLLM::Worker
3873391 87281300 VLLM::Worker
3791454 63591948 ray::WorkerDict
3791453 63586000 ray::WorkerDict
3791459 63556884 ray::WorkerDict
3791460 63514296 ray::WorkerDict
1317539 4817536 VLLM::Worker_TP
1317538 4813900 VLLM::Worker_TP
3880556 1873556 ray::AgentLoopW
3880552 1817268 ray::AgentLoopW
3880551 1741020 ray::AgentLoopW
== 2026-09-05T12:18:26+09:00
Mem:            1007         702         306         368         371         304
    PID   RSS COMMAND
3873386 87669916 VLLM::Worker
3873390 87669328 VLLM::Worker
3873387 87328512 VLLM::Worker
3873391 87282068 VLLM::Worker
3791454 63594252 ray::WorkerDict
3791453 63587536 ray::WorkerDict
3791459 63556884 ray::WorkerDict
3791460 63514296 ray::WorkerDict
1317539 4817536 VLLM::Worker_TP
1317538 4813900 VLLM::Worker_TP
3880556 1873556 ray::AgentLoopW
3880552 1817268 ray::AgentLoopW
3880551 1741020 ray::AgentLoopW
== 2026-09-05T12:18:47+09:00
Mem:            1007         702         306         368         371         304
    PID   RSS COMMAND
3873386 87672220 VLLM::Worker
3873390 87665488 VLLM::Worker
3873387 87330048 VLLM::Worker
3873391 87280532 VLLM::Worker
3791454 63592716 ray::WorkerDict
3791453 63588304 ray::WorkerDict
3791459 63554580 ray::WorkerDict
3791460 63513528 ray::WorkerDict
1317539 4817536 VLLM::Worker_TP
1317538 4813900 VLLM::Worker_TP
3880556 1873556 ray::AgentLoopW
3880552 1817268 ray::AgentLoopW
3880551 1741020 ray::AgentLoopW
== 2026-09-05T12:19:07+09:00
Mem:            1007         702         306         368         371         304
    PID   RSS COMMAND
3873386 87671452 VLLM::Worker
3873390 87664720 VLLM::Worker
3873387 87332352 VLLM::Worker
3873391 87280532 VLLM::Worker
3791454 63592716 ray::WorkerDict
3791453 63587536 ray::WorkerDict
3791459 63555348 ray::WorkerDict
3791460 63516600 ray::WorkerDict
1317539 4817536 VLLM::Worker_TP
1317538 4813900 VLLM::Worker_TP
3880556 1873556 ray::AgentLoopW
3880552 1817268 ray::AgentLoopW
3880551 1741020 ray::AgentLoopW
== 2026-09-05T12:19:27+09:00
Mem:            1007         702         306         368         371         304
    PID   RSS COMMAND
3873386 87670684 VLLM::Worker
3873390 87667024 VLLM::Worker
3873387 87329280 VLLM::Worker
3873391 87280532 VLLM::Worker
3791454 63592716 ray::WorkerDict
3791453 63585232 ray::WorkerDict
3791459 63554580 ray::WorkerDict
3791460 63517368 ray::WorkerDict
1317539 4817536 VLLM::Worker_TP
1317538 4813900 VLLM::Worker_TP
3880556 1873556 ray::AgentLoopW
3880552 1817268 ray::AgentLoopW
3880551 1741020 ray::AgentLoopW
== 2026-09-05T12:19:47+09:00
Mem:            1007         702         306         368         371         304
    PID   RSS COMMAND
3873386 87673756 VLLM::Worker
3873390 87667792 VLLM::Worker
3873387 87330816 VLLM::Worker
3873391 87283604 VLLM::Worker
3791454 63589644 ray::WorkerDict
3791453 63586000 ray::WorkerDict
3791459 63556884 ray::WorkerDict
3791460 63515064 ray::WorkerDict
1317539 4817536 VLLM::Worker_TP
1317538 4813900 VLLM::Worker_TP
3880556 1873556 ray::AgentLoopW
3880552 1817268 ray::AgentLoopW
3880551 1741020 ray::AgentLoopW
== 2026-09-05T12:20:07+09:00
Mem:            1007         702         306         368         371         304
    PID   RSS COMMAND
3873386 87670684 VLLM::Worker
3873390 87666256 VLLM::Worker
3873387 87332352 VLLM::Worker
3873391 87284372 VLLM::Worker
3791454 63593484 ray::WorkerDict
3791453 63586768 ray::WorkerDict
3791459 63554580 ray::WorkerDict
3791460 63510456 ray::WorkerDict
1317539 4817536 VLLM::Worker_TP
1317538 4813900 VLLM::Worker_TP
3880556 1873556 ray::AgentLoopW
3880552 1817268 ray::AgentLoopW
3880551 1741020 ray::AgentLoopW
== 2026-09-05T12:20:27+09:00
Mem:            1007         702         306         368         371         304
    PID   RSS COMMAND
3873386 87670684 VLLM::Worker
3873390 87667024 VLLM::Worker
3873387 87330816 VLLM::Worker
3873391 87282836 VLLM::Worker
3791454 63595020 ray::WorkerDict
3791453 63584464 ray::WorkerDict
3791459 63556884 ray::WorkerDict
3791460 63516600 ray::WorkerDict
1317539 4817536 VLLM::Worker_TP
1317538 4813900 VLLM::Worker_TP
3880556 1873556 ray::AgentLoopW
3880552 1817268 ray::AgentLoopW
3880551 1741020 ray::AgentLoopW
== 2026-09-05T12:20:47+09:00
Mem:            1007         702         306         368         371         304
    PID   RSS COMMAND
3873386 87672988 VLLM::Worker
3873390 87667024 VLLM::Worker
3873387 87330048 VLLM::Worker
3873391 87280532 VLLM::Worker
3791454 63593484 ray::WorkerDict
3791453 63585232 ray::WorkerDict
3791459 63557652 ray::WorkerDict
3791460 63515832 ray::WorkerDict
1317539 4817536 VLLM::Worker_TP
1317538 4813900 VLLM::Worker_TP
3880556 1873556 ray::AgentLoopW
3880552 1817268 ray::AgentLoopW
3880551 1741020 ray::AgentLoopW
== 2026-09-05T12:21:07+09:00
Mem:            1007         702         306         368         371         304
    PID   RSS COMMAND
3873386 87672220 VLLM::Worker
3873390 87665488 VLLM::Worker
3873387 87329280 VLLM::Worker
3873391 87282068 VLLM::Worker
3791454 63591948 ray::WorkerDict
3791453 63586000 ray::WorkerDict
3791459 63553812 ray::WorkerDict
3791460 63515064 ray::WorkerDict
1317539 4817536 VLLM::Worker_TP
1317538 4813900 VLLM::Worker_TP
3880556 1873556 ray::AgentLoopW
3880552 1817268 ray::AgentLoopW
3880551 1741020 ray::AgentLoopW
== 2026-09-05T12:21:27+09:00
Mem:            1007         702         306         368         371         304
    PID   RSS COMMAND
3873386 87672988 VLLM::Worker
3873390 87667024 VLLM::Worker
3873387 87332352 VLLM::Worker
3873391 87282068 VLLM::Worker
3791454 63591948 ray::WorkerDict
3791453 63582160 ray::WorkerDict
3791459 63554580 ray::WorkerDict
3791460 63515832 ray::WorkerDict
1317539 4817536 VLLM::Worker_TP
1317538 4813900 VLLM::Worker_TP
3880556 1873556 ray::AgentLoopW
3880552 1817268 ray::AgentLoopW
3880551 1741020 ray::AgentLoopW
== 2026-09-05T12:21:47+09:00
Mem:            1007         702         306         368         371         304
    PID   RSS COMMAND
3873386 87672220 VLLM::Worker
3873390 87670096 VLLM::Worker
3873387 87329280 VLLM::Worker
3873391 87283604 VLLM::Worker
3791454 63591180 ray::WorkerDict
3791453 63583696 ray::WorkerDict
3791459 63560724 ray::WorkerDict
3791460 63515064 ray::WorkerDict
1317539 4817536 VLLM::Worker_TP
1317538 4813900 VLLM::Worker_TP
3880556 1873556 ray::AgentLoopW
3880552 1817268 ray::AgentLoopW
3880551 1741020 ray::AgentLoopW
== 2026-09-05T12:22:07+09:00
Mem:            1007         702         306         368         371         304
    PID   RSS COMMAND
3873386 87674524 VLLM::Worker
3873390 87668560 VLLM::Worker
3873387 87329280 VLLM::Worker
3873391 87284372 VLLM::Worker
3791454 63592716 ray::WorkerDict
3791453 63584464 ray::WorkerDict
3791459 63556884 ray::WorkerDict
3791460 63514296 ray::WorkerDict
1317539 4817536 VLLM::Worker_TP
1317538 4813900 VLLM::Worker_TP
3880556 1873556 ray::AgentLoopW
3880552 1817268 ray::AgentLoopW
3880551 1741020 ray::AgentLoopW
== 2026-09-05T12:22:27+09:00
Mem:            1007         702         306         368         371         304
    PID   RSS COMMAND
3873386 87672988 VLLM::Worker
3873390 87663952 VLLM::Worker
3873387 87328512 VLLM::Worker
3873391 87278996 VLLM::Worker
3791454 63590412 ray::WorkerDict
3791453 63584464 ray::WorkerDict
3791459 63554580 ray::WorkerDict
3791460 63512760 ray::WorkerDict
1317539 4817536 VLLM::Worker_TP
1317538 4813900 VLLM::Worker_TP
3880556 1873556 ray::AgentLoopW
3880552 1817268 ray::AgentLoopW
3880551 1741020 ray::AgentLoopW
== 2026-09-05T12:22:47+09:00
Mem:            1007         702         306         368         371         304
    PID   RSS COMMAND
3873386 87672220 VLLM::Worker
3873390 87666256 VLLM::Worker
3873387 87329280 VLLM::Worker
3873391 87280532 VLLM::Worker
3791454 63591948 ray::WorkerDict
3791453 63586768 ray::WorkerDict
3791459 63553044 ray::WorkerDict
3791460 63514296 ray::WorkerDict
1317539 4817536 VLLM::Worker_TP
1317538 4813900 VLLM::Worker_TP
3880556 1873556 ray::AgentLoopW
3880552 1817268 ray::AgentLoopW
3880551 1741020 ray::AgentLoopW
== 2026-09-05T12:23:07+09:00
Mem:            1007         702         306         368         371         304
    PID   RSS COMMAND
3873386 87669148 VLLM::Worker
3873390 87667024 VLLM::Worker
3873387 87330048 VLLM::Worker
3873391 87281300 VLLM::Worker
3791454 63591948 ray::WorkerDict
3791453 63583696 ray::WorkerDict
3791459 63555348 ray::WorkerDict
3791460 63513528 ray::WorkerDict
1317539 4817536 VLLM::Worker_TP
1317538 4813900 VLLM::Worker_TP
3880556 1873556 ray::AgentLoopW
3880552 1817268 ray::AgentLoopW
3880551 1741020 ray::AgentLoopW
== 2026-09-05T12:23:27+09:00
Mem:            1007         702         306         368         371         304
    PID   RSS COMMAND
3873386 87671452 VLLM::Worker
3873390 87665488 VLLM::Worker
3873387 87326976 VLLM::Worker
3873391 87282836 VLLM::Worker
3791454 63592716 ray::WorkerDict
3791453 63585232 ray::WorkerDict
3791459 63554580 ray::WorkerDict
3791460 63515064 ray::WorkerDict
1317539 4817536 VLLM::Worker_TP
1317538 4813900 VLLM::Worker_TP
3880556 1873556 ray::AgentLoopW
3880552 1817268 ray::AgentLoopW
3880551 1741020 ray::AgentLoopW
== 2026-09-05T12:23:47+09:00
Mem:            1007         702         306         368         371         304
    PID   RSS COMMAND
3873386 87672220 VLLM::Worker
3873390 87667792 VLLM::Worker
3873387 87330816 VLLM::Worker
3873391 87279764 VLLM::Worker
3791454 63591948 ray::WorkerDict
3791453 63586000 ray::WorkerDict
3791459 63554580 ray::WorkerDict
3791460 63513528 ray::WorkerDict
1317539 4817536 VLLM::Worker_TP
1317538 4813900 VLLM::Worker_TP
3880556 1873556 ray::AgentLoopW
3880552 1817268 ray::AgentLoopW
3880551 1741020 ray::AgentLoopW
== 2026-09-05T12:24:07+09:00
Mem:            1007         702         306         368         371         304
    PID   RSS COMMAND
3873386 87672220 VLLM::Worker
3873390 87667024 VLLM::Worker
3873387 87327744 VLLM::Worker
3873391 87278228 VLLM::Worker
3791454 63591180 ray::WorkerDict
3791453 63582928 ray::WorkerDict
3791459 63553812 ray::WorkerDict
3791460 63512760 ray::WorkerDict
1317539 4817536 VLLM::Worker_TP
1317538 4813900 VLLM::Worker_TP
3880556 1873556 ray::AgentLoopW
3880552 1817268 ray::AgentLoopW
3880551 1741020 ray::AgentLoopW
== 2026-09-05T12:24:27+09:00
Mem:            1007         702         306         368         371         304
    PID   RSS COMMAND
3873386 87669916 VLLM::Worker
3873390 87665488 VLLM::Worker
3873387 87330048 VLLM::Worker
3873391 87282068 VLLM::Worker
3791454 63591180 ray::WorkerDict
3791453 63583696 ray::WorkerDict
3791459 63555348 ray::WorkerDict
3791460 63508920 ray::WorkerDict
1317539 4817536 VLLM::Worker_TP
1317538 4813900 VLLM::Worker_TP
3880556 1873556 ray::AgentLoopW
3880552 1817268 ray::AgentLoopW
3880551 1741020 ray::AgentLoopW
== 2026-09-05T12:24:47+09:00
Mem:            1007         702         306         368         371         304
    PID   RSS COMMAND
3873386 87672988 VLLM::Worker
3873390 87665488 VLLM::Worker
3873387 87331584 VLLM::Worker
3873391 87279764 VLLM::Worker
3791454 63592716 ray::WorkerDict
3791453 63585232 ray::WorkerDict
3791459 63556116 ray::WorkerDict
3791460 63512760 ray::WorkerDict
1317539 4817536 VLLM::Worker_TP
1317538 4813900 VLLM::Worker_TP
3880556 1873556 ray::AgentLoopW
3880552 1817268 ray::AgentLoopW
3880551 1741020 ray::AgentLoopW
== 2026-09-05T12:25:07+09:00
Mem:            1007         702         306         368         371         304
    PID   RSS COMMAND
3873386 87672988 VLLM::Worker
3873390 87667024 VLLM::Worker
3873387 87329280 VLLM::Worker
3873391 87280532 VLLM::Worker
3791454 63592716 ray::WorkerDict
3791453 63584464 ray::WorkerDict
3791459 63553044 ray::WorkerDict
3791460 63511224 ray::WorkerDict
1317539 4817536 VLLM::Worker_TP
1317538 4813900 VLLM::Worker_TP
3880556 1873556 ray::AgentLoopW
3880552 1817268 ray::AgentLoopW
3880551 1741020 ray::AgentLoopW
== 2026-09-05T12:25:27+09:00
Mem:            1007         702         306         368         371         304
    PID   RSS COMMAND
3873386 87672220 VLLM::Worker
3873390 87669328 VLLM::Worker
3873387 87330048 VLLM::Worker
3873391 87282836 VLLM::Worker
3791454 63591948 ray::WorkerDict
3791453 63587536 ray::WorkerDict
3791459 63556884 ray::WorkerDict
3791460 63511992 ray::WorkerDict
1317539 4817536 VLLM::Worker_TP
1317538 4813900 VLLM::Worker_TP
3880556 1873556 ray::AgentLoopW
3880552 1817268 ray::AgentLoopW
3880551 1741020 ray::AgentLoopW
== 2026-09-05T12:25:47+09:00
Mem:            1007         702         306         368         371         304
    PID   RSS COMMAND
3873386 87672220 VLLM::Worker
3873390 87665488 VLLM::Worker
3873387 87333120 VLLM::Worker
3873391 87281300 VLLM::Worker
3791454 63591948 ray::WorkerDict
3791453 63589072 ray::WorkerDict
3791459 63554580 ray::WorkerDict
3791460 63513528 ray::WorkerDict
1317539 4817536 VLLM::Worker_TP
1317538 4813900 VLLM::Worker_TP
3880556 1873556 ray::AgentLoopW
3880552 1817268 ray::AgentLoopW
3880551 1741020 ray::AgentLoopW
== 2026-09-05T12:26:07+09:00
Mem:            1007         702         306         368         371         304
    PID   RSS COMMAND
3873390 87670864 VLLM::Worker
3873386 87670684 VLLM::Worker
3873387 87331584 VLLM::Worker
3873391 87281300 VLLM::Worker
3791454 63594252 ray::WorkerDict
3791453 63588304 ray::WorkerDict
3791459 63556116 ray::WorkerDict
3791460 63512760 ray::WorkerDict
1317539 4817536 VLLM::Worker_TP
1317538 4813900 VLLM::Worker_TP
3880556 1873556 ray::AgentLoopW
3880552 1817268 ray::AgentLoopW
3880551 1741020 ray::AgentLoopW
== 2026-09-05T12:26:27+09:00
Mem:            1007         702         306         368         371         304
    PID   RSS COMMAND
3873386 87672988 VLLM::Worker
3873390 87667792 VLLM::Worker
3873387 87332352 VLLM::Worker
3873391 87281300 VLLM::Worker
3791454 63595020 ray::WorkerDict
3791453 63590608 ray::WorkerDict
3791459 63555348 ray::WorkerDict
3791460 63512760 ray::WorkerDict
1317539 4817536 VLLM::Worker_TP
1317538 4813900 VLLM::Worker_TP
3880556 1873556 ray::AgentLoopW
3880552 1817268 ray::AgentLoopW
3880551 1741020 ray::AgentLoopW
== 2026-09-05T12:26:47+09:00
Mem:            1007         702         306         368         371         304
    PID   RSS COMMAND
3873386 87669148 VLLM::Worker
3873390 87667024 VLLM::Worker
3873387 87332352 VLLM::Worker
3873391 87281300 VLLM::Worker
3791454 63593484 ray::WorkerDict
3791453 63587536 ray::WorkerDict
3791459 63556884 ray::WorkerDict
3791460 63513528 ray::WorkerDict
1317539 4817536 VLLM::Worker_TP
1317538 4813900 VLLM::Worker_TP
3880556 1873556 ray::AgentLoopW
3880552 1817268 ray::AgentLoopW
3880551 1741020 ray::AgentLoopW
== 2026-09-05T12:27:07+09:00
Mem:            1007         702         306         368         371         304
    PID   RSS COMMAND
3873386 87672988 VLLM::Worker
3873390 87669328 VLLM::Worker
3873387 87332352 VLLM::Worker
3873391 87284372 VLLM::Worker
3791454 63593484 ray::WorkerDict
3791453 63586768 ray::WorkerDict
3791459 63555348 ray::WorkerDict
3791460 63512760 ray::WorkerDict
1317539 4817536 VLLM::Worker_TP
1317538 4813900 VLLM::Worker_TP
3880556 1873556 ray::AgentLoopW
3880552 1817268 ray::AgentLoopW
3880551 1741020 ray::AgentLoopW
== 2026-09-05T12:27:27+09:00
Mem:            1007         702         306         368         371         304
    PID   RSS COMMAND
3873386 87671452 VLLM::Worker
3873390 87669328 VLLM::Worker
3873387 87330816 VLLM::Worker
3873391 87279764 VLLM::Worker
3791454 63593484 ray::WorkerDict
3791453 63585232 ray::WorkerDict
3791459 63557652 ray::WorkerDict
3791460 63515832 ray::WorkerDict
1317539 4817536 VLLM::Worker_TP
1317538 4813900 VLLM::Worker_TP
3880556 1873556 ray::AgentLoopW
3880552 1817268 ray::AgentLoopW
3880551 1741020 ray::AgentLoopW
== 2026-09-05T12:27:47+09:00
Mem:            1007         702         306         368         371         304
    PID   RSS COMMAND
3873386 87672988 VLLM::Worker
3873390 87664720 VLLM::Worker
3873387 87333120 VLLM::Worker
3873391 87282836 VLLM::Worker
3791454 63592716 ray::WorkerDict
3791453 63585232 ray::WorkerDict
3791459 63556116 ray::WorkerDict
3791460 63512760 ray::WorkerDict
1317539 4817536 VLLM::Worker_TP
1317538 4813900 VLLM::Worker_TP
3880556 1873556 ray::AgentLoopW
3880552 1817268 ray::AgentLoopW
3880551 1741020 ray::AgentLoopW
== 2026-09-05T12:28:07+09:00
Mem:            1007         702         306         368         371         304
    PID   RSS COMMAND
3873386 87672988 VLLM::Worker
3873390 87667024 VLLM::Worker
3873387 87333888 VLLM::Worker
3873391 87278996 VLLM::Worker
3791454 63591948 ray::WorkerDict
3791453 63584464 ray::WorkerDict
3791459 63558420 ray::WorkerDict
3791460 63512760 ray::WorkerDict
1317539 4817536 VLLM::Worker_TP
1317538 4813900 VLLM::Worker_TP
3880556 1873556 ray::AgentLoopW
3880552 1817268 ray::AgentLoopW
3880551 1741020 ray::AgentLoopW
== 2026-09-05T12:28:27+09:00
Mem:            1007         702         306         368         371         304
    PID   RSS COMMAND
3873386 87673756 VLLM::Worker
3873390 87666256 VLLM::Worker
3873387 87330816 VLLM::Worker
3873391 87284372 VLLM::Worker
3791454 63593484 ray::WorkerDict
3791453 63586000 ray::WorkerDict
3791459 63558420 ray::WorkerDict
3791460 63509688 ray::WorkerDict
1317539 4817536 VLLM::Worker_TP
1317538 4813900 VLLM::Worker_TP
3880556 1873556 ray::AgentLoopW
3880552 1817268 ray::AgentLoopW
3880551 1741020 ray::AgentLoopW
== 2026-09-05T12:28:47+09:00
Mem:            1007         702         306         368         371         304
    PID   RSS COMMAND
3873386 87672220 VLLM::Worker
3873390 87665488 VLLM::Worker
3873387 87328512 VLLM::Worker
3873391 87282068 VLLM::Worker
3791454 63591948 ray::WorkerDict
3791453 63587536 ray::WorkerDict
3791459 63555348 ray::WorkerDict
3791460 63514296 ray::WorkerDict
1317539 4817536 VLLM::Worker_TP
1317538 4813900 VLLM::Worker_TP
3880556 1873556 ray::AgentLoopW
3880552 1817268 ray::AgentLoopW
3880551 1741020 ray::AgentLoopW
== 2026-09-05T12:29:08+09:00
Mem:            1007         702         306         368         371         304
    PID   RSS COMMAND
3873386 87671452 VLLM::Worker
3873390 87668560 VLLM::Worker
3873387 87330048 VLLM::Worker
3873391 87282836 VLLM::Worker
3791454 63594252 ray::WorkerDict
3791453 63589072 ray::WorkerDict
3791459 63559956 ray::WorkerDict
3791460 63515832 ray::WorkerDict
1317539 4817536 VLLM::Worker_TP
1317538 4813900 VLLM::Worker_TP
3880556 1873556 ray::AgentLoopW
3880552 1817268 ray::AgentLoopW
3880551 1741020 ray::AgentLoopW
== 2026-09-05T12:29:28+09:00
Mem:            1007         702         306         368         371         304
    PID   RSS COMMAND
3873386 87669148 VLLM::Worker
3873390 87667024 VLLM::Worker
3873387 87332352 VLLM::Worker
3873391 87284372 VLLM::Worker
3791454 63592716 ray::WorkerDict
3791453 63591376 ray::WorkerDict
3791459 63558420 ray::WorkerDict
3791460 63515832 ray::WorkerDict
1317539 4817536 VLLM::Worker_TP
1317538 4813900 VLLM::Worker_TP
3880556 1873556 ray::AgentLoopW
3880552 1817268 ray::AgentLoopW
3880551 1741020 ray::AgentLoopW
== 2026-09-05T12:29:48+09:00
Mem:            1007         702         306         368         371         304
    PID   RSS COMMAND
3873386 87673756 VLLM::Worker
3873390 87670096 VLLM::Worker
3873387 87330816 VLLM::Worker
3873391 87282068 VLLM::Worker
3791454 63591948 ray::WorkerDict
3791453 63589072 ray::WorkerDict
3791459 63556116 ray::WorkerDict
3791460 63512760 ray::WorkerDict
1317539 4817536 VLLM::Worker_TP
1317538 4813900 VLLM::Worker_TP
3880556 1873556 ray::AgentLoopW
3880552 1817268 ray::AgentLoopW
3880551 1741020 ray::AgentLoopW
== 2026-09-05T12:30:08+09:00
Mem:            1007         702         306         368         371         304
    PID   RSS COMMAND
3873386 87671452 VLLM::Worker
3873390 87667024 VLLM::Worker
3873387 87330816 VLLM::Worker
3873391 87282068 VLLM::Worker
3791454 63591180 ray::WorkerDict
3791453 63586768 ray::WorkerDict
3791459 63555348 ray::WorkerDict
3791460 63514296 ray::WorkerDict
1317539 4817536 VLLM::Worker_TP
1317538 4813900 VLLM::Worker_TP
3880556 1873556 ray::AgentLoopW
3880552 1817268 ray::AgentLoopW
3880551 1741020 ray::AgentLoopW
== 2026-09-05T12:30:28+09:00
Mem:            1007         702         306         368         371         304
    PID   RSS COMMAND
3873386 87671452 VLLM::Worker
3873390 87665488 VLLM::Worker
3873387 87330816 VLLM::Worker
3873391 87282068 VLLM::Worker
3791454 63591948 ray::WorkerDict
3791453 63584464 ray::WorkerDict
3791459 63556884 ray::WorkerDict
3791460 63514296 ray::WorkerDict
1317539 4817536 VLLM::Worker_TP
1317538 4813900 VLLM::Worker_TP
3880556 1823452 ray::AgentLoopW
3880552 1817268 ray::AgentLoopW
3880551 1741020 ray::AgentLoopW
== 2026-09-05T12:30:48+09:00
Mem:            1007         702         306         368         371         304
    PID   RSS COMMAND
3873386 87669916 VLLM::Worker
3873390 87669328 VLLM::Worker
3873387 87330816 VLLM::Worker
3873391 87282068 VLLM::Worker
3791454 63591180 ray::WorkerDict
3791453 63586000 ray::WorkerDict
3791459 63554580 ray::WorkerDict
3791460 63511992 ray::WorkerDict
1317539 4817536 VLLM::Worker_TP
1317538 4813900 VLLM::Worker_TP
3880556 1823452 ray::AgentLoopW
3880552 1817268 ray::AgentLoopW
3880551 1741020 ray::AgentLoopW
== 2026-09-05T12:31:08+09:00
Mem:            1007         702         306         368         371         304
    PID   RSS COMMAND
3873386 87674524 VLLM::Worker
3873390 87670864 VLLM::Worker
3873387 87330048 VLLM::Worker
3873391 87283604 VLLM::Worker
3791454 63591180 ray::WorkerDict
3791453 63586768 ray::WorkerDict
3791459 63556884 ray::WorkerDict
3791460 63513528 ray::WorkerDict
1317539 4817536 VLLM::Worker_TP
1317538 4813900 VLLM::Worker_TP
3880556 1823452 ray::AgentLoopW
3880552 1817268 ray::AgentLoopW
3880551 1741020 ray::AgentLoopW
== 2026-09-05T12:31:28+09:00
Mem:            1007         702         306         368         371         304
    PID   RSS COMMAND
3873386 87676060 VLLM::Worker
3873390 87669328 VLLM::Worker
3873387 87332352 VLLM::Worker
3873391 87281300 VLLM::Worker
3791454 63591948 ray::WorkerDict
3791453 63588304 ray::WorkerDict
3791459 63556884 ray::WorkerDict
3791460 63514296 ray::WorkerDict
1317539 4817536 VLLM::Worker_TP
1317538 4813900 VLLM::Worker_TP
3880556 1823452 ray::AgentLoopW
3880552 1817268 ray::AgentLoopW
3880551 1741020 ray::AgentLoopW
== 2026-09-05T12:31:48+09:00
Mem:            1007         702         306         368         371         304
    PID   RSS COMMAND
3873386 87672988 VLLM::Worker
3873390 87667024 VLLM::Worker
3873387 87330048 VLLM::Worker
3873391 87282836 VLLM::Worker
3791454 63591948 ray::WorkerDict
3791453 63586768 ray::WorkerDict
3791459 63556116 ray::WorkerDict
3791460 63513528 ray::WorkerDict
1317539 4817536 VLLM::Worker_TP
1317538 4813900 VLLM::Worker_TP
3880556 1823452 ray::AgentLoopW
3880552 1817268 ray::AgentLoopW
3880551 1741020 ray::AgentLoopW
== 2026-09-05T12:32:08+09:00
Mem:            1007         702         306         368         371         304
    PID   RSS COMMAND
3873386 87672988 VLLM::Worker
3873390 87664720 VLLM::Worker
3873387 87331584 VLLM::Worker
3873391 87281300 VLLM::Worker
3791454 63593484 ray::WorkerDict
3791453 63587536 ray::WorkerDict
3791459 63556884 ray::WorkerDict
3791460 63512760 ray::WorkerDict
1317539 4817536 VLLM::Worker_TP
1317538 4813900 VLLM::Worker_TP
3880556 1823452 ray::AgentLoopW
3880552 1817268 ray::AgentLoopW
3880551 1741020 ray::AgentLoopW
== 2026-09-05T12:32:28+09:00
Mem:            1007         702         306         368         371         304
    PID   RSS COMMAND
3873386 87672220 VLLM::Worker
3873390 87668560 VLLM::Worker
3873387 87330816 VLLM::Worker
3873391 87284372 VLLM::Worker
3791454 63591180 ray::WorkerDict
3791453 63587536 ray::WorkerDict
3791459 63555348 ray::WorkerDict
3791460 63515064 ray::WorkerDict
1317539 4817536 VLLM::Worker_TP
1317538 4813900 VLLM::Worker_TP
3880556 1823452 ray::AgentLoopW
3880552 1817268 ray::AgentLoopW
3880551 1741020 ray::AgentLoopW
== 2026-09-05T12:32:48+09:00
Mem:            1007         702         306         368         371         304
    PID   RSS COMMAND
3873386 87670684 VLLM::Worker
3873390 87669328 VLLM::Worker
3873387 87332352 VLLM::Worker
3873391 87280532 VLLM::Worker
3791454 63593484 ray::WorkerDict
3791453 63586000 ray::WorkerDict
3791459 63555348 ray::WorkerDict
3791460 63514296 ray::WorkerDict
1317539 4817536 VLLM::Worker_TP
1317538 4813900 VLLM::Worker_TP
3880556 1823452 ray::AgentLoopW
3880552 1817268 ray::AgentLoopW
3880551 1741020 ray::AgentLoopW
== 2026-09-05T12:33:08+09:00
Mem:            1007         702         306         368         371         304
    PID   RSS COMMAND
3873386 87672988 VLLM::Worker
3873390 87668560 VLLM::Worker
3873387 87329280 VLLM::Worker
3873391 87282068 VLLM::Worker
3791454 63591948 ray::WorkerDict
3791453 63588304 ray::WorkerDict
3791459 63556884 ray::WorkerDict
3791460 63512760 ray::WorkerDict
1317539 4817536 VLLM::Worker_TP
1317538 4813900 VLLM::Worker_TP
3880556 1823452 ray::AgentLoopW
3880552 1817268 ray::AgentLoopW
3880551 1741020 ray::AgentLoopW
== 2026-09-05T12:33:28+09:00
Mem:            1007         702         306         368         371         304
    PID   RSS COMMAND
3873386 87670684 VLLM::Worker
3873390 87666256 VLLM::Worker
3873387 87330048 VLLM::Worker
3873391 87282836 VLLM::Worker
3791454 63593484 ray::WorkerDict
3791453 63587536 ray::WorkerDict
3791459 63556116 ray::WorkerDict
3791460 63515832 ray::WorkerDict
1317539 4817536 VLLM::Worker_TP
1317538 4813900 VLLM::Worker_TP
3880556 1823452 ray::AgentLoopW
3880552 1817268 ray::AgentLoopW
3880551 1741020 ray::AgentLoopW
== 2026-09-05T12:33:48+09:00
Mem:            1007         702         306         368         371         304
    PID   RSS COMMAND
3873386 87673756 VLLM::Worker
3873390 87667792 VLLM::Worker
3873387 87328512 VLLM::Worker
3873391 87281300 VLLM::Worker
3791454 63592716 ray::WorkerDict
3791453 63587536 ray::WorkerDict
3791459 63557652 ray::WorkerDict
3791460 63513528 ray::WorkerDict
1317539 4817536 VLLM::Worker_TP
1317538 4813900 VLLM::Worker_TP
3880556 1823452 ray::AgentLoopW
3880552 1817268 ray::AgentLoopW
3880551 1741020 ray::AgentLoopW
== 2026-09-05T12:34:08+09:00
Mem:            1007         702         306         368         371         304
    PID   RSS COMMAND
3873386 87673756 VLLM::Worker
3873390 87667792 VLLM::Worker
3873387 87331584 VLLM::Worker
3873391 87280532 VLLM::Worker
3791454 63592716 ray::WorkerDict
3791453 63588304 ray::WorkerDict
3791459 63558420 ray::WorkerDict
3791460 63514296 ray::WorkerDict
1317539 4817536 VLLM::Worker_TP
1317538 4813900 VLLM::Worker_TP
3880556 1823452 ray::AgentLoopW
3880552 1817268 ray::AgentLoopW
3880551 1741020 ray::AgentLoopW
== 2026-09-05T12:34:28+09:00
Mem:            1007         702         306         368         371         304
    PID   RSS COMMAND
3873386 87671452 VLLM::Worker
3873390 87665488 VLLM::Worker
3873387 87330048 VLLM::Worker
3873391 87284372 VLLM::Worker
3791454 63592716 ray::WorkerDict
3791453 63587536 ray::WorkerDict
3791459 63560724 ray::WorkerDict
3791460 63513528 ray::WorkerDict
1317539 4817536 VLLM::Worker_TP
1317538 4813900 VLLM::Worker_TP
3880556 1823452 ray::AgentLoopW
3880552 1817268 ray::AgentLoopW
3880551 1741020 ray::AgentLoopW
== 2026-09-05T12:34:48+09:00
Mem:            1007         702         306         368         371         304
    PID   RSS COMMAND
3873386 87672988 VLLM::Worker
3873390 87664720 VLLM::Worker
3873387 87331584 VLLM::Worker
3873391 87282068 VLLM::Worker
3791454 63592716 ray::WorkerDict
3791453 63588304 ray::WorkerDict
3791459 63557652 ray::WorkerDict
3791460 63511992 ray::WorkerDict
1317539 4817536 VLLM::Worker_TP
1317538 4813900 VLLM::Worker_TP
3880556 1823452 ray::AgentLoopW
3880552 1817268 ray::AgentLoopW
3880551 1741020 ray::AgentLoopW
== 2026-09-05T12:35:08+09:00
Mem:            1007         702         306         368         371         304
    PID   RSS COMMAND
3873386 87671452 VLLM::Worker
3873390 87668560 VLLM::Worker
3873387 87331584 VLLM::Worker
3873391 87283604 VLLM::Worker
3791454 63595020 ray::WorkerDict
3791453 63588304 ray::WorkerDict
3791459 63559188 ray::WorkerDict
3791460 63515064 ray::WorkerDict
1317539 4817536 VLLM::Worker_TP
1317538 4813900 VLLM::Worker_TP
3880556 1823452 ray::AgentLoopW
3880552 1817268 ray::AgentLoopW
3880551 1741020 ray::AgentLoopW
== 2026-09-05T12:35:28+09:00
Mem:            1007         702         306         368         371         304
    PID   RSS COMMAND
3873386 87670684 VLLM::Worker
3873390 87667792 VLLM::Worker
3873387 87331584 VLLM::Worker
3873391 87282836 VLLM::Worker
3791454 63595020 ray::WorkerDict
3791453 63587536 ray::WorkerDict
3791459 63558420 ray::WorkerDict
3791460 63516600 ray::WorkerDict
1317539 4817536 VLLM::Worker_TP
1317538 4813900 VLLM::Worker_TP
3880556 1823452 ray::AgentLoopW
3880552 1817268 ray::AgentLoopW
3880551 1741020 ray::AgentLoopW
== 2026-09-05T12:35:48+09:00
Mem:            1007         702         306         368         371         304
    PID   RSS COMMAND
3873386 87670684 VLLM::Worker
3873390 87670096 VLLM::Worker
3873387 87330816 VLLM::Worker
3873391 87285140 VLLM::Worker
3791454 63591180 ray::WorkerDict
3791453 63584464 ray::WorkerDict
3791459 63556884 ray::WorkerDict
3791460 63512760 ray::WorkerDict
1317539 4817536 VLLM::Worker_TP
1317538 4813900 VLLM::Worker_TP
3880556 1823452 ray::AgentLoopW
3880552 1817268 ray::AgentLoopW
3880551 1741020 ray::AgentLoopW
== 2026-09-05T12:36:08+09:00
Mem:            1007         702         306         368         371         304
    PID   RSS COMMAND
3873386 87670684 VLLM::Worker
3873390 87667792 VLLM::Worker
3873387 87329280 VLLM::Worker
3873391 87282068 VLLM::Worker
3791454 63592716 ray::WorkerDict
3791453 63587536 ray::WorkerDict
3791459 63558420 ray::WorkerDict
3791460 63512760 ray::WorkerDict
1317539 4817536 VLLM::Worker_TP
1317538 4813900 VLLM::Worker_TP
3880556 1823452 ray::AgentLoopW
3880552 1817268 ray::AgentLoopW
3880551 1741020 ray::AgentLoopW
== 2026-09-05T12:36:28+09:00
Mem:            1007         702         306         368         371         304
    PID   RSS COMMAND
3873386 87672220 VLLM::Worker
3873390 87667024 VLLM::Worker
3873387 87330816 VLLM::Worker
3873391 87280532 VLLM::Worker
3791454 63596556 ray::WorkerDict
3791453 63584464 ray::WorkerDict
3791459 63557652 ray::WorkerDict
3791460 63512760 ray::WorkerDict
1317539 4817536 VLLM::Worker_TP
1317538 4813900 VLLM::Worker_TP
3880556 1823452 ray::AgentLoopW
3880552 1817268 ray::AgentLoopW
3880551 1741020 ray::AgentLoopW
== 2026-09-05T12:36:48+09:00
Mem:            1007         702         306         368         371         304
    PID   RSS COMMAND
3873386 87672220 VLLM::Worker
3873390 87667792 VLLM::Worker
3873387 87333120 VLLM::Worker
3873391 87282836 VLLM::Worker
3791454 63595020 ray::WorkerDict
3791453 63587536 ray::WorkerDict
3791459 63556884 ray::WorkerDict
3791460 63513528 ray::WorkerDict
1317539 4817536 VLLM::Worker_TP
1317538 4813900 VLLM::Worker_TP
3880556 1823452 ray::AgentLoopW
3880552 1817268 ray::AgentLoopW
3880551 1741020 ray::AgentLoopW
== 2026-09-05T12:37:08+09:00
Mem:            1007         702         306         368         371         304
    PID   RSS COMMAND
3873386 87673756 VLLM::Worker
3873390 87668560 VLLM::Worker
3873387 87330816 VLLM::Worker
3873391 87283604 VLLM::Worker
3791454 63591948 ray::WorkerDict
3791453 63585232 ray::WorkerDict
3791459 63557652 ray::WorkerDict
3791460 63512760 ray::WorkerDict
1317539 4817536 VLLM::Worker_TP
1317538 4813900 VLLM::Worker_TP
3880556 1823452 ray::AgentLoopW
3880552 1817268 ray::AgentLoopW
3880551 1741020 ray::AgentLoopW
== 2026-09-05T12:37:28+09:00
Mem:            1007         702         306         368         371         304
    PID   RSS COMMAND
3873386 87673756 VLLM::Worker
3873390 87670096 VLLM::Worker
3873387 87332352 VLLM::Worker
3873391 87279764 VLLM::Worker
3791454 63594252 ray::WorkerDict
3791453 63587536 ray::WorkerDict
3791459 63556884 ray::WorkerDict
3791460 63512760 ray::WorkerDict
1317539 4817536 VLLM::Worker_TP
1317538 4813900 VLLM::Worker_TP
3880556 1823452 ray::AgentLoopW
3880552 1817268 ray::AgentLoopW
3880551 1741020 ray::AgentLoopW
== 2026-09-05T12:37:48+09:00
Mem:            1007         702         306         368         371         304
    PID   RSS COMMAND
3873386 87671452 VLLM::Worker
3873390 87667024 VLLM::Worker
3873387 87330048 VLLM::Worker
3873391 87282068 VLLM::Worker
3791454 63593484 ray::WorkerDict
3791453 63587536 ray::WorkerDict
3791459 63556116 ray::WorkerDict
3791460 63512760 ray::WorkerDict
1317539 4817536 VLLM::Worker_TP
1317538 4813900 VLLM::Worker_TP
3880556 1823452 ray::AgentLoopW
3880552 1817268 ray::AgentLoopW
3880551 1741020 ray::AgentLoopW
== 2026-09-05T12:38:08+09:00
Mem:            1007         702         306         368         371         304
    PID   RSS COMMAND
3873386 87675292 VLLM::Worker
3873390 87667792 VLLM::Worker
3873387 87332352 VLLM::Worker
3873391 87284372 VLLM::Worker
3791454 63589644 ray::WorkerDict
3791453 63586000 ray::WorkerDict
3791459 63554580 ray::WorkerDict
3791460 63511224 ray::WorkerDict
1317539 4817536 VLLM::Worker_TP
1317538 4813900 VLLM::Worker_TP
3880556 1823452 ray::AgentLoopW
3880552 1817268 ray::AgentLoopW
3880551 1741020 ray::AgentLoopW
== 2026-09-05T12:38:28+09:00
Mem:            1007         702         306         368         371         304
    PID   RSS COMMAND
3873386 87674524 VLLM::Worker
3873390 87673168 VLLM::Worker
3873387 87332352 VLLM::Worker
3873391 87281300 VLLM::Worker
3791454 63590412 ray::WorkerDict
3791453 63586000 ray::WorkerDict
3791459 63553812 ray::WorkerDict
3791460 63515064 ray::WorkerDict
1317539 4817536 VLLM::Worker_TP
1317538 4813900 VLLM::Worker_TP
3880556 1823452 ray::AgentLoopW
3880552 1817268 ray::AgentLoopW
3880551 1741020 ray::AgentLoopW
== 2026-09-05T12:38:48+09:00
Mem:            1007         702         306         368         371         304
    PID   RSS COMMAND
3873386 87672988 VLLM::Worker
3873390 87666256 VLLM::Worker
3873387 87332352 VLLM::Worker
3873391 87281300 VLLM::Worker
3791454 63593484 ray::WorkerDict
3791453 63588304 ray::WorkerDict
3791459 63554580 ray::WorkerDict
3791460 63513528 ray::WorkerDict
1317539 4817536 VLLM::Worker_TP
1317538 4813900 VLLM::Worker_TP
3880556 1823452 ray::AgentLoopW
3880552 1817268 ray::AgentLoopW
3880551 1741020 ray::AgentLoopW
== 2026-09-05T12:39:08+09:00
Mem:            1007         702         306         368         371         304
    PID   RSS COMMAND
3873386 87674524 VLLM::Worker
3873390 87667792 VLLM::Worker
3873387 87330816 VLLM::Worker
3873391 87282836 VLLM::Worker
3791454 63592716 ray::WorkerDict
3791453 63588304 ray::WorkerDict
3791459 63557652 ray::WorkerDict
3791460 63516600 ray::WorkerDict
1317539 4817536 VLLM::Worker_TP
1317538 4813900 VLLM::Worker_TP
3880556 1823452 ray::AgentLoopW
3880552 1817268 ray::AgentLoopW
3880551 1741020 ray::AgentLoopW
== 2026-09-05T12:39:29+09:00
Mem:            1007         702         306         368         371         304
    PID   RSS COMMAND
3873386 87671452 VLLM::Worker
3873390 87670096 VLLM::Worker
3873387 87332352 VLLM::Worker
3873391 87282836 VLLM::Worker
3791454 63592716 ray::WorkerDict
3791453 63589840 ray::WorkerDict
3791459 63553812 ray::WorkerDict
3791460 63511992 ray::WorkerDict
1317539 4817536 VLLM::Worker_TP
1317538 4813900 VLLM::Worker_TP
3880556 1823452 ray::AgentLoopW
3880552 1817268 ray::AgentLoopW
3880551 1741020 ray::AgentLoopW
== 2026-09-05T12:39:49+09:00
Mem:            1007         702         306         368         371         304
    PID   RSS COMMAND
3873386 87672220 VLLM::Worker
3873390 87667792 VLLM::Worker
3873387 87331584 VLLM::Worker
3873391 87281300 VLLM::Worker
3791454 63591948 ray::WorkerDict
3791453 63586768 ray::WorkerDict
3791459 63554580 ray::WorkerDict
3791460 63510456 ray::WorkerDict
1317539 4817536 VLLM::Worker_TP
1317538 4813900 VLLM::Worker_TP
3880556 1823452 ray::AgentLoopW
3880552 1817268 ray::AgentLoopW
3880551 1741020 ray::AgentLoopW
== 2026-09-05T12:40:09+09:00
Mem:            1007         702         306         368         371         304
    PID   RSS COMMAND
3873386 87671452 VLLM::Worker
3873390 87668560 VLLM::Worker
3873387 87330048 VLLM::Worker
3873391 87282836 VLLM::Worker
3791454 63592716 ray::WorkerDict
3791453 63584464 ray::WorkerDict
3791459 63554580 ray::WorkerDict
3791460 63512760 ray::WorkerDict
1317539 4817536 VLLM::Worker_TP
1317538 4813900 VLLM::Worker_TP
3880556 1823452 ray::AgentLoopW
3880552 1817268 ray::AgentLoopW
3880551 1741020 ray::AgentLoopW
== 2026-09-05T12:40:29+09:00
Mem:            1007         702         306         368         371         304
    PID   RSS COMMAND
3873386 87672988 VLLM::Worker
3873390 87670864 VLLM::Worker
3873387 87333120 VLLM::Worker
3873391 87285140 VLLM::Worker
3791454 63592716 ray::WorkerDict
3791453 63586768 ray::WorkerDict
3791459 63553044 ray::WorkerDict
3791460 63512760 ray::WorkerDict
1317539 4817536 VLLM::Worker_TP
1317538 4813900 VLLM::Worker_TP
3880556 1823452 ray::AgentLoopW
3880552 1817268 ray::AgentLoopW
3880551 1741020 ray::AgentLoopW
== 2026-09-05T12:40:49+09:00
Mem:            1007         702         306         368         371         304
    PID   RSS COMMAND
3873386 87671452 VLLM::Worker
3873390 87666256 VLLM::Worker
3873387 87330048 VLLM::Worker
3873391 87283604 VLLM::Worker
3791454 63591948 ray::WorkerDict
3791453 63584464 ray::WorkerDict
3791459 63551508 ray::WorkerDict
3791460 63512760 ray::WorkerDict
1317539 4817536 VLLM::Worker_TP
1317538 4813900 VLLM::Worker_TP
3880556 1823452 ray::AgentLoopW
3880552 1817268 ray::AgentLoopW
3880551 1741020 ray::AgentLoopW
== 2026-09-05T12:41:09+09:00
Mem:            1007         702         306         368         371         304
    PID   RSS COMMAND
3873386 87672220 VLLM::Worker
3873390 87665488 VLLM::Worker
3873387 87329280 VLLM::Worker
3873391 87281300 VLLM::Worker
3791454 63590412 ray::WorkerDict
3791453 63585232 ray::WorkerDict
3791459 63551508 ray::WorkerDict
3791460 63511224 ray::WorkerDict
1317539 4817536 VLLM::Worker_TP
1317538 4813900 VLLM::Worker_TP
3880556 1823452 ray::AgentLoopW
3880552 1817268 ray::AgentLoopW
3880551 1741020 ray::AgentLoopW
== 2026-09-05T12:41:29+09:00
Mem:            1007         702         306         368         371         304
    PID   RSS COMMAND
3873386 87671452 VLLM::Worker
3873390 87667792 VLLM::Worker
3873387 87330816 VLLM::Worker
3873391 87281300 VLLM::Worker
3791454 63591948 ray::WorkerDict
3791453 63583696 ray::WorkerDict
3791459 63553812 ray::WorkerDict
3791460 63509688 ray::WorkerDict
1317539 4817536 VLLM::Worker_TP
1317538 4813900 VLLM::Worker_TP
3880556 1823452 ray::AgentLoopW
3880552 1817268 ray::AgentLoopW
3880551 1741020 ray::AgentLoopW
== 2026-09-05T12:41:49+09:00
Mem:            1007         702         306         368         371         304
    PID   RSS COMMAND
3873386 87670684 VLLM::Worker
3873390 87668560 VLLM::Worker
3873387 87328512 VLLM::Worker
3873391 87283604 VLLM::Worker
3791454 63591180 ray::WorkerDict
3791453 63583696 ray::WorkerDict
3791459 63552276 ray::WorkerDict
3791460 63511224 ray::WorkerDict
1317539 4817536 VLLM::Worker_TP
1317538 4813900 VLLM::Worker_TP
3880556 1823452 ray::AgentLoopW
3880552 1817268 ray::AgentLoopW
3880551 1741020 ray::AgentLoopW
== 2026-09-05T12:42:09+09:00
Mem:            1007         702         306         368         371         304
    PID   RSS COMMAND
3873386 87672220 VLLM::Worker
3873390 87667792 VLLM::Worker
3873387 87330048 VLLM::Worker
3873391 87283604 VLLM::Worker
3791454 63593484 ray::WorkerDict
3791453 63583696 ray::WorkerDict
3791459 63558420 ray::WorkerDict
3791460 63513528 ray::WorkerDict
1317539 4817536 VLLM::Worker_TP
1317538 4813900 VLLM::Worker_TP
3880556 1823452 ray::AgentLoopW
3880552 1817268 ray::AgentLoopW
3880551 1741020 ray::AgentLoopW
== 2026-09-05T12:42:29+09:00
Mem:            1007         702         306         368         371         304
    PID   RSS COMMAND
3873386 87673756 VLLM::Worker
3873390 87669328 VLLM::Worker
3873387 87333888 VLLM::Worker
3873391 87282836 VLLM::Worker
3791454 63594252 ray::WorkerDict
3791453 63587536 ray::WorkerDict
3791459 63559188 ray::WorkerDict
3791460 63515832 ray::WorkerDict
1317539 4817536 VLLM::Worker_TP
1317538 4813900 VLLM::Worker_TP
3880556 1823452 ray::AgentLoopW
3880552 1817268 ray::AgentLoopW
3880551 1741020 ray::AgentLoopW
== 2026-09-05T12:42:49+09:00
Mem:            1007         702         306         368         371         304
    PID   RSS COMMAND
3873386 87672220 VLLM::Worker
3873390 87669328 VLLM::Worker
3873387 87332352 VLLM::Worker
3873391 87282068 VLLM::Worker
3791454 63591948 ray::WorkerDict
3791453 63586768 ray::WorkerDict
3791459 63555348 ray::WorkerDict
3791460 63514296 ray::WorkerDict
1317539 4817536 VLLM::Worker_TP
1317538 4813900 VLLM::Worker_TP
3880556 1823452 ray::AgentLoopW
3880552 1817268 ray::AgentLoopW
3880551 1741020 ray::AgentLoopW
== 2026-09-05T12:43:09+09:00
Mem:            1007         702         306         368         371         304
    PID   RSS COMMAND
3873386 87672988 VLLM::Worker
3873390 87670096 VLLM::Worker
3873387 87332352 VLLM::Worker
3873391 87283604 VLLM::Worker
3791454 63595020 ray::WorkerDict
3791453 63587536 ray::WorkerDict
3791459 63556116 ray::WorkerDict
3791460 63513528 ray::WorkerDict
1317539 4817536 VLLM::Worker_TP
1317538 4813900 VLLM::Worker_TP
3880556 1823452 ray::AgentLoopW
3880552 1817268 ray::AgentLoopW
3880551 1741020 ray::AgentLoopW
== 2026-09-05T12:43:29+09:00
Mem:            1007         702         306         368         371         304
    PID   RSS COMMAND
3873386 87674524 VLLM::Worker
3873390 87667792 VLLM::Worker
3873387 87330816 VLLM::Worker
3873391 87283604 VLLM::Worker
3791454 63592716 ray::WorkerDict
3791453 63589072 ray::WorkerDict
3791459 63556884 ray::WorkerDict
3791460 63513528 ray::WorkerDict
1317539 4817536 VLLM::Worker_TP
1317538 4813900 VLLM::Worker_TP
3880556 1823452 ray::AgentLoopW
3880552 1817268 ray::AgentLoopW
3880551 1741020 ray::AgentLoopW
== 2026-09-05T12:43:49+09:00
Mem:            1007         702         306         368         371         304
    PID   RSS COMMAND
3873386 87669148 VLLM::Worker
3873390 87668560 VLLM::Worker
3873387 87332352 VLLM::Worker
3873391 87283604 VLLM::Worker
3791454 63593484 ray::WorkerDict
3791453 63582928 ray::WorkerDict
3791459 63556116 ray::WorkerDict
3791460 63513528 ray::WorkerDict
1317539 4816512 VLLM::Worker_TP
1317538 4812528 VLLM::Worker_TP
3880556 1823452 ray::AgentLoopW
3880552 1817268 ray::AgentLoopW
3880551 1741020 ray::AgentLoopW
== 2026-09-05T12:44:09+09:00
Mem:            1007         702         306         368         371         304
    PID   RSS COMMAND
3873386 87671452 VLLM::Worker
3873390 87666256 VLLM::Worker
3873387 87328512 VLLM::Worker
3873391 87282068 VLLM::Worker
3791454 63590412 ray::WorkerDict
3791453 63583696 ray::WorkerDict
3791459 63553812 ray::WorkerDict
3791460 63512760 ray::WorkerDict
1317539 4817280 VLLM::Worker_TP
1317538 4813296 VLLM::Worker_TP
3880556 1823452 ray::AgentLoopW
3880552 1817268 ray::AgentLoopW
3880551 1741020 ray::AgentLoopW
== 2026-09-05T12:44:29+09:00
Mem:            1007         702         306         368         371         304
    PID   RSS COMMAND
3873386 87675292 VLLM::Worker
3873390 87666256 VLLM::Worker
3873387 87330816 VLLM::Worker
3873391 87281300 VLLM::Worker
3791454 63593484 ray::WorkerDict
3791453 63583696 ray::WorkerDict
3791459 63556116 ray::WorkerDict
3791460 63513528 ray::WorkerDict
1317539 4817280 VLLM::Worker_TP
1317538 4813296 VLLM::Worker_TP
3880556 1823452 ray::AgentLoopW
3880552 1817268 ray::AgentLoopW
3880551 1741020 ray::AgentLoopW
== 2026-09-05T12:44:49+09:00
Mem:            1007         702         306         368         371         304
    PID   RSS COMMAND
3873386 87676060 VLLM::Worker
3873390 87667792 VLLM::Worker
3873387 87330816 VLLM::Worker
3873391 87282836 VLLM::Worker
3791454 63593484 ray::WorkerDict
3791453 63587536 ray::WorkerDict
3791459 63554580 ray::WorkerDict
3791460 63512760 ray::WorkerDict
1317539 4817280 VLLM::Worker_TP
1317538 4813296 VLLM::Worker_TP
3880556 1823452 ray::AgentLoopW
3880552 1817268 ray::AgentLoopW
3880551 1741020 ray::AgentLoopW
== 2026-09-05T12:45:09+09:00
Mem:            1007         702         306         368         371         304
    PID   RSS COMMAND
3873386 87671452 VLLM::Worker
3873390 87667792 VLLM::Worker
3873387 87331584 VLLM::Worker
3873391 87283604 VLLM::Worker
3791454 63591948 ray::WorkerDict
3791453 63589072 ray::WorkerDict
3791459 63556116 ray::WorkerDict
3791460 63512760 ray::WorkerDict
1317539 4817280 VLLM::Worker_TP
1317538 4813296 VLLM::Worker_TP
3880556 1823452 ray::AgentLoopW
3880552 1817268 ray::AgentLoopW
3880551 1741020 ray::AgentLoopW
== 2026-09-05T12:45:29+09:00
Mem:            1007         702         306         368         371         304
    PID   RSS COMMAND
3873386 87672988 VLLM::Worker
3873390 87667792 VLLM::Worker
3873387 87330048 VLLM::Worker
3873391 87281300 VLLM::Worker
3791454 63593484 ray::WorkerDict
3791453 63586768 ray::WorkerDict
3791459 63554580 ray::WorkerDict
3791460 63513528 ray::WorkerDict
1317539 4817280 VLLM::Worker_TP
1317538 4813296 VLLM::Worker_TP
3880556 1823452 ray::AgentLoopW
3880552 1817268 ray::AgentLoopW
3880551 1741020 ray::AgentLoopW
== 2026-09-05T12:45:49+09:00
Mem:            1007         702         306         368         371         304
    PID   RSS COMMAND
3873386 87672988 VLLM::Worker
3873390 87666256 VLLM::Worker
3873387 87327744 VLLM::Worker
3873391 87282068 VLLM::Worker
3791454 63592716 ray::WorkerDict
3791453 63589072 ray::WorkerDict
3791459 63555348 ray::WorkerDict
3791460 63511992 ray::WorkerDict
1317539 4817280 VLLM::Worker_TP
1317538 4813296 VLLM::Worker_TP
3880556 1823452 ray::AgentLoopW
3880552 1817268 ray::AgentLoopW
3880551 1741020 ray::AgentLoopW
== 2026-09-05T12:46:09+09:00
Mem:            1007         702         306         368         371         304
    PID   RSS COMMAND
3873386 87672988 VLLM::Worker
3873390 87667024 VLLM::Worker
3873387 87332352 VLLM::Worker
3873391 87283604 VLLM::Worker
3791454 63591948 ray::WorkerDict
3791453 63587536 ray::WorkerDict
3791459 63553812 ray::WorkerDict
3791460 63513528 ray::WorkerDict
1317539 4817280 VLLM::Worker_TP
1317538 4813296 VLLM::Worker_TP
3880556 1823452 ray::AgentLoopW
3880552 1817268 ray::AgentLoopW
3880551 1741020 ray::AgentLoopW
== 2026-09-05T12:46:29+09:00
Mem:            1007         702         306         368         371         304
    PID   RSS COMMAND
3873386 87672988 VLLM::Worker
3873390 87668560 VLLM::Worker
3873387 87328512 VLLM::Worker
3873391 87281300 VLLM::Worker
3791454 63590412 ray::WorkerDict
3791453 63586768 ray::WorkerDict
3791459 63555348 ray::WorkerDict
3791460 63514296 ray::WorkerDict
1317539 4817280 VLLM::Worker_TP
1317538 4813296 VLLM::Worker_TP
3880556 1823452 ray::AgentLoopW
3880552 1817268 ray::AgentLoopW
3880551 1741020 ray::AgentLoopW
== 2026-09-05T12:46:49+09:00
Mem:            1007         702         306         368         371         304
    PID   RSS COMMAND
3873386 87671452 VLLM::Worker
3873390 87669328 VLLM::Worker
3873387 87330048 VLLM::Worker
3873391 87280532 VLLM::Worker
3791454 63595020 ray::WorkerDict
3791453 63585232 ray::WorkerDict
3791459 63555348 ray::WorkerDict
3791460 63512760 ray::WorkerDict
1317539 4817280 VLLM::Worker_TP
1317538 4813296 VLLM::Worker_TP
3880556 1823452 ray::AgentLoopW
3880552 1817268 ray::AgentLoopW
3880551 1741020 ray::AgentLoopW
== 2026-09-05T12:47:09+09:00
Mem:            1007         702         306         368         371         304
    PID   RSS COMMAND
3873386 87675292 VLLM::Worker
3873390 87666256 VLLM::Worker
3873387 87330816 VLLM::Worker
3873391 87282836 VLLM::Worker
3791454 63594252 ray::WorkerDict
3791453 63587536 ray::WorkerDict
3791459 63557652 ray::WorkerDict
3791460 63512760 ray::WorkerDict
1317539 4817280 VLLM::Worker_TP
1317538 4813296 VLLM::Worker_TP
3880556 1823452 ray::AgentLoopW
3880552 1817268 ray::AgentLoopW
3880551 1741020 ray::AgentLoopW
== 2026-09-05T12:47:29+09:00
Mem:            1007         702         306         368         371         304
    PID   RSS COMMAND
3873386 87672220 VLLM::Worker
3873390 87669328 VLLM::Worker
3873387 87333120 VLLM::Worker
3873391 87282836 VLLM::Worker
3791454 63592716 ray::WorkerDict
3791453 63584464 ray::WorkerDict
3791459 63553812 ray::WorkerDict
3791460 63511224 ray::WorkerDict
1317539 4817280 VLLM::Worker_TP
1317538 4813296 VLLM::Worker_TP
3880556 1823452 ray::AgentLoopW
3880552 1817268 ray::AgentLoopW
3880551 1741020 ray::AgentLoopW
== 2026-09-05T12:47:49+09:00
Mem:            1007         702         306         368         371         304
    PID   RSS COMMAND
3873386 87672988 VLLM::Worker
3873390 87665488 VLLM::Worker
3873387 87330816 VLLM::Worker
3873391 87283604 VLLM::Worker
3791454 63595020 ray::WorkerDict
3791453 63587536 ray::WorkerDict
3791459 63553044 ray::WorkerDict
3791460 63512760 ray::WorkerDict
1317539 4817280 VLLM::Worker_TP
1317538 4813296 VLLM::Worker_TP
3880556 1823452 ray::AgentLoopW
3880552 1817268 ray::AgentLoopW
3880551 1741020 ray::AgentLoopW
== 2026-09-05T12:48:09+09:00
Mem:            1007         702         306         368         371         304
    PID   RSS COMMAND
3873386 87674524 VLLM::Worker
3873390 87669328 VLLM::Worker
3873387 87330816 VLLM::Worker
3873391 87279764 VLLM::Worker
3791454 63590412 ray::WorkerDict
3791453 63584464 ray::WorkerDict
3791459 63555348 ray::WorkerDict
3791460 63511992 ray::WorkerDict
1317539 4817280 VLLM::Worker_TP
1317538 4813296 VLLM::Worker_TP
3880556 1823452 ray::AgentLoopW
3880552 1817268 ray::AgentLoopW
3880551 1741020 ray::AgentLoopW
== 2026-09-05T12:48:29+09:00
Mem:            1007         702         306         368         371         304
    PID   RSS COMMAND
3873386 87674524 VLLM::Worker
3873390 87667024 VLLM::Worker
3873387 87330816 VLLM::Worker
3873391 87282836 VLLM::Worker
3791454 63591948 ray::WorkerDict
3791453 63584464 ray::WorkerDict
3791459 63553812 ray::WorkerDict
3791460 63513528 ray::WorkerDict
1317539 4817280 VLLM::Worker_TP
1317538 4813296 VLLM::Worker_TP
3880556 1823452 ray::AgentLoopW
3880552 1817268 ray::AgentLoopW
3880551 1741020 ray::AgentLoopW
== 2026-09-05T12:48:50+09:00
Mem:            1007         702         306         368         371         304
    PID   RSS COMMAND
3873386 87671452 VLLM::Worker
3873390 87667792 VLLM::Worker
3873387 87330816 VLLM::Worker
3873391 87281300 VLLM::Worker
3791454 63593484 ray::WorkerDict
3791453 63584464 ray::WorkerDict
3791459 63553044 ray::WorkerDict
3791460 63513528 ray::WorkerDict
1317539 4817280 VLLM::Worker_TP
1317538 4813296 VLLM::Worker_TP
3880556 1823452 ray::AgentLoopW
3880552 1817268 ray::AgentLoopW
3880551 1741020 ray::AgentLoopW
== 2026-09-05T12:49:10+09:00
Mem:            1007         702         306         368         371         304
    PID   RSS COMMAND
3873386 87672220 VLLM::Worker
3873390 87668560 VLLM::Worker
3873387 87332352 VLLM::Worker
3873391 87284372 VLLM::Worker
3791454 63591180 ray::WorkerDict
3791453 63586000 ray::WorkerDict
3791459 63556116 ray::WorkerDict
3791460 63513528 ray::WorkerDict
1317539 4817280 VLLM::Worker_TP
1317538 4813296 VLLM::Worker_TP
3880556 1823452 ray::AgentLoopW
3880552 1817268 ray::AgentLoopW
3880551 1741020 ray::AgentLoopW
== 2026-09-05T12:49:30+09:00
Mem:            1007         702         306         368         371         304
    PID   RSS COMMAND
3873386 87673756 VLLM::Worker
3873390 87670096 VLLM::Worker
3873387 87331584 VLLM::Worker
3873391 87282068 VLLM::Worker
3791454 63591180 ray::WorkerDict
3791453 63588304 ray::WorkerDict
3791459 63554580 ray::WorkerDict
3791460 63514296 ray::WorkerDict
1317539 4817280 VLLM::Worker_TP
1317538 4813296 VLLM::Worker_TP
3880556 1826524 ray::AgentLoopW
3880552 1817268 ray::AgentLoopW
3880551 1741020 ray::AgentLoopW
== 2026-09-05T12:49:50+09:00
Mem:            1007         702         306         368         371         305
    PID   RSS COMMAND
3873386 87673692 VLLM::Worker
3873390 87665488 VLLM::Worker
3873387 87331520 VLLM::Worker
3873391 87282004 VLLM::Worker
3791454 63594252 ray::WorkerDict
3791453 63588288 ray::WorkerDict
3791459 63555348 ray::WorkerDict
3791460 63513528 ray::WorkerDict
1317539 4817280 VLLM::Worker_TP
1317538 4814064 VLLM::Worker_TP
3880556 1826524 ray::AgentLoopW
3880552 1817268 ray::AgentLoopW
3880551 1741020 ray::AgentLoopW
== 2026-09-05T12:50:10+09:00
Mem:            1007         702         306         368         371         304
    PID   RSS COMMAND
3873386 87670620 VLLM::Worker
3873390 87667024 VLLM::Worker
3873387 87329216 VLLM::Worker
3873391 87280468 VLLM::Worker
3791454 63595788 ray::WorkerDict
3791453 63585984 ray::WorkerDict
3791459 63555348 ray::WorkerDict
3791460 63511224 ray::WorkerDict
1317539 4817280 VLLM::Worker_TP
1317538 4814064 VLLM::Worker_TP
3880556 1826524 ray::AgentLoopW
3880552 1817268 ray::AgentLoopW
3880551 1741020 ray::AgentLoopW
== 2026-09-05T12:50:30+09:00
Mem:            1007         702         306         368         371         305
    PID   RSS COMMAND
3873386 87671388 VLLM::Worker
3873390 87666256 VLLM::Worker
3873387 87333056 VLLM::Worker
3873391 87283540 VLLM::Worker
3791454 63594252 ray::WorkerDict
3791453 63585216 ray::WorkerDict
3791459 63554580 ray::WorkerDict
3791460 63512760 ray::WorkerDict
1317539 4817280 VLLM::Worker_TP
1317538 4814064 VLLM::Worker_TP
3880556 1826524 ray::AgentLoopW
3880552 1817268 ray::AgentLoopW
3880551 1741020 ray::AgentLoopW
== 2026-09-05T12:50:50+09:00
Mem:            1007         702         306         368         371         305
    PID   RSS COMMAND
3873386 87672924 VLLM::Worker
3873390 87668560 VLLM::Worker
3873387 87331520 VLLM::Worker
3873391 87282772 VLLM::Worker
3791454 63593484 ray::WorkerDict
3791453 63588288 ray::WorkerDict
3791459 63559956 ray::WorkerDict
3791460 63508920 ray::WorkerDict
1317539 4817280 VLLM::Worker_TP
1317538 4814064 VLLM::Worker_TP
3880556 1826524 ray::AgentLoopW
3880552 1817268 ray::AgentLoopW
3880551 1741020 ray::AgentLoopW
== 2026-09-05T12:51:10+09:00
Mem:            1007         702         306         368         371         304
    PID   RSS COMMAND
3873386 87672924 VLLM::Worker
3873390 87668560 VLLM::Worker
3873387 87333056 VLLM::Worker
3873391 87284308 VLLM::Worker
3791454 63591180 ray::WorkerDict
3791453 63586752 ray::WorkerDict
3791459 63554580 ray::WorkerDict
3791460 63510456 ray::WorkerDict
1317539 4817280 VLLM::Worker_TP
1317538 4814064 VLLM::Worker_TP
3880556 1826524 ray::AgentLoopW
3880552 1817268 ray::AgentLoopW
3880551 1741020 ray::AgentLoopW
== 2026-09-05T12:51:30+09:00
Mem:            1007         702         306         368         371         304
    PID   RSS COMMAND
3873386 87672156 VLLM::Worker
3873390 87670096 VLLM::Worker
3873387 87333056 VLLM::Worker
3873391 87283540 VLLM::Worker
3791454 63594252 ray::WorkerDict
3791453 63585984 ray::WorkerDict
3791459 63557652 ray::WorkerDict
3791460 63511992 ray::WorkerDict
1317539 4817280 VLLM::Worker_TP
1317538 4814064 VLLM::Worker_TP
3880556 1826524 ray::AgentLoopW
3880552 1817268 ray::AgentLoopW
3880551 1741020 ray::AgentLoopW
== 2026-09-05T12:51:50+09:00
Mem:            1007         702         306         368         371         304
    PID   RSS COMMAND
3873386 87675228 VLLM::Worker
3873390 87667792 VLLM::Worker
3873387 87331520 VLLM::Worker
3873391 87285844 VLLM::Worker
3791454 63592716 ray::WorkerDict
3791453 63585984 ray::WorkerDict
3791459 63557652 ray::WorkerDict
3791460 63512760 ray::WorkerDict
1317539 4817280 VLLM::Worker_TP
1317538 4814064 VLLM::Worker_TP
3880556 1826524 ray::AgentLoopW
3880552 1817268 ray::AgentLoopW
3880551 1741020 ray::AgentLoopW
== 2026-09-05T12:52:10+09:00
Mem:            1007         702         306         368         371         304
    PID   RSS COMMAND
3873386 87675228 VLLM::Worker
3873390 87667792 VLLM::Worker
3873387 87330752 VLLM::Worker
3873391 87288148 VLLM::Worker
3791454 63592716 ray::WorkerDict
3791453 63588288 ray::WorkerDict
3791459 63556116 ray::WorkerDict
3791460 63511992 ray::WorkerDict
1317539 4817280 VLLM::Worker_TP
1317538 4814064 VLLM::Worker_TP
3880556 1826524 ray::AgentLoopW
3880552 1817268 ray::AgentLoopW
3880551 1741020 ray::AgentLoopW
== 2026-09-05T12:52:30+09:00
Mem:            1007         702         306         368         371         304
    PID   RSS COMMAND
3873386 87672156 VLLM::Worker
3873390 87667024 VLLM::Worker
3873387 87332288 VLLM::Worker
3873391 87285844 VLLM::Worker
3791454 63594252 ray::WorkerDict
3791453 63585984 ray::WorkerDict
3791459 63556884 ray::WorkerDict
3791460 63514296 ray::WorkerDict
1317539 4817280 VLLM::Worker_TP
1317538 4814064 VLLM::Worker_TP
3880556 1826524 ray::AgentLoopW
3880552 1817268 ray::AgentLoopW
3880551 1741020 ray::AgentLoopW
== 2026-09-05T12:52:50+09:00
Mem:            1007         702         306         368         371         304
    PID   RSS COMMAND
3873386 87672156 VLLM::Worker
3873390 87667792 VLLM::Worker
3873387 87333056 VLLM::Worker
3873391 87283540 VLLM::Worker
3791454 63592716 ray::WorkerDict
3791453 63586752 ray::WorkerDict
3791459 63556116 ray::WorkerDict
3791460 63511224 ray::WorkerDict
1317539 4817280 VLLM::Worker_TP
1317538 4814064 VLLM::Worker_TP
3880556 1826524 ray::AgentLoopW
3880552 1817268 ray::AgentLoopW
3880551 1741020 ray::AgentLoopW
== 2026-09-05T12:53:10+09:00
Mem:            1007         702         306         368         371         304
    PID   RSS COMMAND
3873386 87671388 VLLM::Worker
3873390 87668560 VLLM::Worker
3873387 87330752 VLLM::Worker
3873391 87285076 VLLM::Worker
3791454 63595788 ray::WorkerDict
3791453 63584448 ray::WorkerDict
3791459 63557652 ray::WorkerDict
3791460 63513528 ray::WorkerDict
1317539 4817280 VLLM::Worker_TP
1317538 4814064 VLLM::Worker_TP
3880556 1826524 ray::AgentLoopW
3880552 1817268 ray::AgentLoopW
3880551 1741020 ray::AgentLoopW
== 2026-09-05T12:53:30+09:00
Mem:            1007         702         306         368         371         304
    PID   RSS COMMAND
3873386 87671388 VLLM::Worker
3873390 87669328 VLLM::Worker
3873387 87329984 VLLM::Worker
3873391 87285076 VLLM::Worker
3791454 63592716 ray::WorkerDict
3791453 63583680 ray::WorkerDict
3791459 63556116 ray::WorkerDict
3791460 63513528 ray::WorkerDict
1317539 4817280 VLLM::Worker_TP
1317538 4814064 VLLM::Worker_TP
3880556 1826524 ray::AgentLoopW
3880552 1817268 ray::AgentLoopW
3880551 1741020 ray::AgentLoopW
== 2026-09-05T12:53:50+09:00
Mem:            1007         702         306         368         371         304
    PID   RSS COMMAND
3873386 87673692 VLLM::Worker
3873390 87670864 VLLM::Worker
3873387 87331520 VLLM::Worker
3873391 87283540 VLLM::Worker
3791454 63593484 ray::WorkerDict
3791453 63582144 ray::WorkerDict
3791459 63559188 ray::WorkerDict
3791460 63514296 ray::WorkerDict
1317539 4817280 VLLM::Worker_TP
1317538 4814064 VLLM::Worker_TP
3880556 1826524 ray::AgentLoopW
3880552 1817268 ray::AgentLoopW
3880551 1741020 ray::AgentLoopW
== 2026-09-05T12:54:10+09:00
Mem:            1007         702         306         368         371         304
    PID   RSS COMMAND
3873386 87674460 VLLM::Worker
3873390 87668560 VLLM::Worker
3873387 87329984 VLLM::Worker
3873391 87284308 VLLM::Worker
3791454 63591948 ray::WorkerDict
3791453 63582912 ray::WorkerDict
3791459 63558420 ray::WorkerDict
3791460 63511224 ray::WorkerDict
1317539 4817280 VLLM::Worker_TP
1317538 4814064 VLLM::Worker_TP
3880556 1826524 ray::AgentLoopW
3880552 1817268 ray::AgentLoopW
3880551 1741020 ray::AgentLoopW
== 2026-09-05T12:54:30+09:00
Mem:            1007         702         306         368         371         304
    PID   RSS COMMAND
3873386 87672924 VLLM::Worker
3873390 87667024 VLLM::Worker
3873387 87333056 VLLM::Worker
3873391 87284308 VLLM::Worker
3791454 63592716 ray::WorkerDict
3791453 63582144 ray::WorkerDict
3791459 63556116 ray::WorkerDict
3791460 63512760 ray::WorkerDict
1317539 4817280 VLLM::Worker_TP
1317538 4814064 VLLM::Worker_TP
3880556 1827292 ray::AgentLoopW
3880552 1817268 ray::AgentLoopW
3880551 1741020 ray::AgentLoopW
== 2026-09-05T12:54:50+09:00
Mem:            1007         702         306         368         371         304
    PID   RSS COMMAND
3873386 87672924 VLLM::Worker
3873390 87668560 VLLM::Worker
3873387 87332288 VLLM::Worker
3873391 87284308 VLLM::Worker
3791454 63591180 ray::WorkerDict
3791453 63584448 ray::WorkerDict
3791459 63556884 ray::WorkerDict
3791460 63514296 ray::WorkerDict
1317539 4817280 VLLM::Worker_TP
1317538 4814064 VLLM::Worker_TP
3880556 1827292 ray::AgentLoopW
3880552 1817268 ray::AgentLoopW
3880551 1741020 ray::AgentLoopW
== 2026-09-05T12:55:10+09:00
Mem:            1007         702         306         368         371         305
    PID   RSS COMMAND
3873386 87672156 VLLM::Worker
3873390 87668560 VLLM::Worker
3873387 87331520 VLLM::Worker
3873391 87284308 VLLM::Worker
3791454 63594252 ray::WorkerDict
3791453 63586752 ray::WorkerDict
3791459 63556116 ray::WorkerDict
3791460 63513528 ray::WorkerDict
1317539 4817280 VLLM::Worker_TP
1317538 4814064 VLLM::Worker_TP
3880556 1827292 ray::AgentLoopW
3880552 1817268 ray::AgentLoopW
3880551 1741020 ray::AgentLoopW
== 2026-09-05T12:55:30+09:00
Mem:            1007         702         306         368         371         305
    PID   RSS COMMAND
3873386 87671388 VLLM::Worker
3873390 87666256 VLLM::Worker
3873387 87331520 VLLM::Worker
3873391 87282004 VLLM::Worker
3791454 63598860 ray::WorkerDict
3791453 63587520 ray::WorkerDict
3791459 63558420 ray::WorkerDict
3791460 63511992 ray::WorkerDict
1317539 4817280 VLLM::Worker_TP
1317538 4814064 VLLM::Worker_TP
3880556 1827292 ray::AgentLoopW
3880552 1817268 ray::AgentLoopW
3880551 1741788 ray::AgentLoopW
== 2026-09-05T12:55:50+09:00
Mem:            1007         702         306         368         371         304
    PID   RSS COMMAND
3873386 87672924 VLLM::Worker
3873390 87667024 VLLM::Worker
3873387 87333056 VLLM::Worker
3873391 87282772 VLLM::Worker
3791454 63596556 ray::WorkerDict
3791453 63587520 ray::WorkerDict
3791459 63556884 ray::WorkerDict
3791460 63513528 ray::WorkerDict
1317539 4817280 VLLM::Worker_TP
1317538 4814064 VLLM::Worker_TP
3880556 1827292 ray::AgentLoopW
3880552 1817268 ray::AgentLoopW
3880551 1741788 ray::AgentLoopW
== 2026-09-05T12:56:10+09:00
Mem:            1007         702         306         368         371         304
    PID   RSS COMMAND
3873386 87672924 VLLM::Worker
3873390 87664720 VLLM::Worker
3873387 87330752 VLLM::Worker
3873391 87286612 VLLM::Worker
3791454 63594252 ray::WorkerDict
3791453 63587520 ray::WorkerDict
3791459 63555348 ray::WorkerDict
3791460 63514296 ray::WorkerDict
1317539 4817280 VLLM::Worker_TP
1317538 4814064 VLLM::Worker_TP
3880556 1827292 ray::AgentLoopW
3880552 1817268 ray::AgentLoopW
3880551 1741788 ray::AgentLoopW
== 2026-09-05T12:56:30+09:00
Mem:            1007         702         306         368         371         304
    PID   RSS COMMAND
3873386 87675228 VLLM::Worker
3873390 87667024 VLLM::Worker
3873387 87326912 VLLM::Worker
3873391 87285076 VLLM::Worker
3791454 63595788 ray::WorkerDict
3791453 63585984 ray::WorkerDict
3791459 63554580 ray::WorkerDict
3791460 63514296 ray::WorkerDict
1317539 4817280 VLLM::Worker_TP
1317538 4814064 VLLM::Worker_TP
3880556 1827292 ray::AgentLoopW
3880552 1817268 ray::AgentLoopW
3880551 1741788 ray::AgentLoopW
== 2026-09-05T12:56:50+09:00
Mem:            1007         702         306         368         371         304
    PID   RSS COMMAND
3873386 87677532 VLLM::Worker
3873390 87671632 VLLM::Worker
3873387 87332288 VLLM::Worker
3873391 87287380 VLLM::Worker
3791454 63596556 ray::WorkerDict
3791453 63586752 ray::WorkerDict
3791459 63555348 ray::WorkerDict
3791460 63514296 ray::WorkerDict
1317539 4817280 VLLM::Worker_TP
1317538 4814064 VLLM::Worker_TP
3880556 1827292 ray::AgentLoopW
3880552 1817268 ray::AgentLoopW
3880551 1741788 ray::AgentLoopW
== 2026-09-05T12:57:10+09:00
Mem:            1007         702         305         368         372         304
    PID   RSS COMMAND
3873386 87674460 VLLM::Worker
3873390 87667792 VLLM::Worker
3873387 87332288 VLLM::Worker
3873391 87284308 VLLM::Worker
3791454 63594252 ray::WorkerDict
3791453 63588288 ray::WorkerDict
3791459 63555348 ray::WorkerDict
3791460 63515832 ray::WorkerDict
1317539 4817280 VLLM::Worker_TP
1317538 4814064 VLLM::Worker_TP
3880556 1828828 ray::AgentLoopW
3880552 1817268 ray::AgentLoopW
3880551 1741788 ray::AgentLoopW
== 2026-09-05T12:57:30+09:00
Mem:            1007         702         305         368         372         304
    PID   RSS COMMAND
3873386 87671388 VLLM::Worker
3873390 87666256 VLLM::Worker
3873387 87329984 VLLM::Worker
3873391 87281236 VLLM::Worker
3791454 63592716 ray::WorkerDict
3791453 63587520 ray::WorkerDict
3791459 63556116 ray::WorkerDict
3791460 63515064 ray::WorkerDict
1317539 4817280 VLLM::Worker_TP
1317538 4814064 VLLM::Worker_TP
3880556 1828828 ray::AgentLoopW
3880552 1817268 ray::AgentLoopW
3880551 1741788 ray::AgentLoopW
== 2026-09-05T12:57:50+09:00
Mem:            1007         702         305         368         372         304
    PID   RSS COMMAND
3873386 87672924 VLLM::Worker
3873390 87667024 VLLM::Worker
3873387 87329984 VLLM::Worker
3873391 87285844 VLLM::Worker
3791454 63594252 ray::WorkerDict
3791453 63585984 ray::WorkerDict
3791459 63558420 ray::WorkerDict
3791460 63514296 ray::WorkerDict
1317539 4817280 VLLM::Worker_TP
1317538 4814064 VLLM::Worker_TP
3880556 1828828 ray::AgentLoopW
3880552 1817268 ray::AgentLoopW
3880551 1743324 ray::AgentLoopW
== 2026-09-05T12:58:10+09:00
Mem:            1007         702         305         368         372         304
    PID   RSS COMMAND
3873386 87674460 VLLM::Worker
3873390 87667024 VLLM::Worker
3873387 87332288 VLLM::Worker
3873391 87283540 VLLM::Worker
3791454 63593484 ray::WorkerDict
3791453 63584448 ray::WorkerDict
3791459 63557652 ray::WorkerDict
3791460 63515064 ray::WorkerDict
1317539 4817280 VLLM::Worker_TP
1317538 4814064 VLLM::Worker_TP
3880556 1828828 ray::AgentLoopW
3880552 1817268 ray::AgentLoopW
3880551 1743324 ray::AgentLoopW
== 2026-09-05T12:58:31+09:00
Mem:            1007         702         305         368         372         304
    PID   RSS COMMAND
3873386 87672924 VLLM::Worker
3873390 87667792 VLLM::Worker
3873387 87333056 VLLM::Worker
3873391 87285076 VLLM::Worker
3791454 63596556 ray::WorkerDict
3791453 63583680 ray::WorkerDict
3791459 63556116 ray::WorkerDict
3791460 63513528 ray::WorkerDict
1317539 4817280 VLLM::Worker_TP
1317538 4814064 VLLM::Worker_TP
3880556 1828828 ray::AgentLoopW
3880552 1817268 ray::AgentLoopW
3880551 1743324 ray::AgentLoopW
== 2026-09-05T12:58:51+09:00
Mem:            1007         702         305         368         372         304
    PID   RSS COMMAND
3873386 87674460 VLLM::Worker
3873390 87664720 VLLM::Worker
3873387 87329984 VLLM::Worker
3873391 87282772 VLLM::Worker
3791454 63593484 ray::WorkerDict
3791453 63582912 ray::WorkerDict
3791459 63559956 ray::WorkerDict
3791460 63515064 ray::WorkerDict
1317539 4817280 VLLM::Worker_TP
1317538 4814064 VLLM::Worker_TP
3880556 1828828 ray::AgentLoopW
3880552 1817268 ray::AgentLoopW
3880551 1743324 ray::AgentLoopW
== 2026-09-05T12:59:11+09:00
Mem:            1007         702         306         368         372         304
    PID   RSS COMMAND
3873386 87672156 VLLM::Worker
3873390 87669328 VLLM::Worker
3873387 87327680 VLLM::Worker
3873391 87282004 VLLM::Worker
3791454 63592716 ray::WorkerDict
3791453 63583680 ray::WorkerDict
3791459 63557652 ray::WorkerDict
3791460 63513528 ray::WorkerDict
1317539 4817280 VLLM::Worker_TP
1317538 4814064 VLLM::Worker_TP
3880556 1828828 ray::AgentLoopW
3880552 1817268 ray::AgentLoopW
3880551 1743324 ray::AgentLoopW
== 2026-09-05T12:59:31+09:00
Mem:            1007         702         306         368         372         304
    PID   RSS COMMAND
3873386 87671388 VLLM::Worker
3873390 87666256 VLLM::Worker
3873387 87328448 VLLM::Worker
3873391 87282004 VLLM::Worker
3791454 63591948 ray::WorkerDict
3791453 63585216 ray::WorkerDict
3791459 63555348 ray::WorkerDict
3791460 63511224 ray::WorkerDict
1317539 4817280 VLLM::Worker_TP
1317538 4814064 VLLM::Worker_TP
3880556 1828828 ray::AgentLoopW
3880552 1817268 ray::AgentLoopW
3880551 1743324 ray::AgentLoopW
== 2026-09-05T12:59:51+09:00
Mem:            1007         702         305         368         372         304
    PID   RSS COMMAND
3873386 87674460 VLLM::Worker
3873390 87668560 VLLM::Worker
3873387 87330752 VLLM::Worker
3873391 87285076 VLLM::Worker
3791454 63593484 ray::WorkerDict
3791453 63584448 ray::WorkerDict
3791459 63556116 ray::WorkerDict
3791460 63513528 ray::WorkerDict
1317539 4824960 VLLM::Worker_TP
1317538 4821744 VLLM::Worker_TP
3880556 1828828 ray::AgentLoopW
3880552 1817268 ray::AgentLoopW
3880551 1743324 ray::AgentLoopW
== 2026-09-05T13:00:11+09:00
Mem:            1007         703         305         368         372         304
    PID   RSS COMMAND
3873386 87671388 VLLM::Worker
3873390 87668560 VLLM::Worker
3873387 87328448 VLLM::Worker
3873391 87284308 VLLM::Worker
3791454 63591180 ray::WorkerDict
3791453 63584448 ray::WorkerDict
3791459 63556884 ray::WorkerDict
3791460 63515832 ray::WorkerDict
1317539 4827264 VLLM::Worker_TP
1317538 4824048 VLLM::Worker_TP
3880556 1828828 ray::AgentLoopW
3880552 1817268 ray::AgentLoopW
3880551 1743324 ray::AgentLoopW
== 2026-09-05T13:00:31+09:00
Mem:            1007         703         305         368         372         304
    PID   RSS COMMAND
3873386 87672156 VLLM::Worker
3873390 87666256 VLLM::Worker
3873387 87329984 VLLM::Worker
3873391 87282772 VLLM::Worker
3791454 63594252 ray::WorkerDict
3791453 63582912 ray::WorkerDict
3791459 63556884 ray::WorkerDict
3791460 63515064 ray::WorkerDict
1317539 4828032 VLLM::Worker_TP
1317538 4824816 VLLM::Worker_TP
3880556 1828828 ray::AgentLoopW
3880552 1817268 ray::AgentLoopW
3880551 1743324 ray::AgentLoopW
== 2026-09-05T13:00:51+09:00
Mem:            1007         703         305         368         372         304
    PID   RSS COMMAND
3873386 87670620 VLLM::Worker
3873390 87667024 VLLM::Worker
3873387 87331520 VLLM::Worker
3873391 87283540 VLLM::Worker
3791454 63594252 ray::WorkerDict
3791453 63585984 ray::WorkerDict
3791459 63556884 ray::WorkerDict
3791460 63517368 ray::WorkerDict
1317539 4828032 VLLM::Worker_TP
1317538 4824816 VLLM::Worker_TP
3880556 1828828 ray::AgentLoopW
3880552 1817268 ray::AgentLoopW
3880551 1743324 ray::AgentLoopW
== 2026-09-05T13:01:11+09:00
Mem:            1007         703         305         368         372         304
    PID   RSS COMMAND
3873386 87675228 VLLM::Worker
3873390 87665488 VLLM::Worker
3873387 87329216 VLLM::Worker
3873391 87283540 VLLM::Worker
3791454 63595788 ray::WorkerDict
3791453 63583680 ray::WorkerDict
3791459 63555348 ray::WorkerDict
3791460 63515832 ray::WorkerDict
1317539 4828032 VLLM::Worker_TP
1317538 4824816 VLLM::Worker_TP
3880556 1828828 ray::AgentLoopW
3880552 1817268 ray::AgentLoopW
3880551 1743324 ray::AgentLoopW
== 2026-09-05T13:01:31+09:00
Mem:            1007         703         305         368         372         304
    PID   RSS COMMAND
3873386 87672924 VLLM::Worker
3873390 87666256 VLLM::Worker
3873387 87329216 VLLM::Worker
3873391 87282772 VLLM::Worker
3791454 63593484 ray::WorkerDict
3791453 63585984 ray::WorkerDict
3791459 63556884 ray::WorkerDict
3791460 63515832 ray::WorkerDict
1317539 4828032 VLLM::Worker_TP
1317538 4824816 VLLM::Worker_TP
3880556 1828828 ray::AgentLoopW
3880552 1817268 ray::AgentLoopW
3880551 1743324 ray::AgentLoopW
== 2026-09-05T13:01:51+09:00
Mem:            1007         703         305         368         372         304
    PID   RSS COMMAND
3873386 87674460 VLLM::Worker
3873390 87667792 VLLM::Worker
3873387 87328448 VLLM::Worker
3873391 87284308 VLLM::Worker
3791454 63594252 ray::WorkerDict
3791453 63584448 ray::WorkerDict
3791459 63553812 ray::WorkerDict
3791460 63514296 ray::WorkerDict
1317539 4828032 VLLM::Worker_TP
1317538 4824816 VLLM::Worker_TP
3880556 1828828 ray::AgentLoopW
3880552 1817268 ray::AgentLoopW
3880551 1743324 ray::AgentLoopW
== 2026-09-05T13:02:11+09:00
Mem:            1007         703         305         368         372         304
    PID   RSS COMMAND
3873386 87671388 VLLM::Worker
3873390 87664720 VLLM::Worker
3873387 87331520 VLLM::Worker
3873391 87285076 VLLM::Worker
3791454 63591948 ray::WorkerDict
3791453 63585984 ray::WorkerDict
3791459 63555348 ray::WorkerDict
3791460 63511224 ray::WorkerDict
1317539 4828032 VLLM::Worker_TP
1317538 4824816 VLLM::Worker_TP
3880556 1828828 ray::AgentLoopW
3880552 1817268 ray::AgentLoopW
3880551 1743324 ray::AgentLoopW
== 2026-09-05T13:02:31+09:00
Mem:            1007         703         305         368         372         304
    PID   RSS COMMAND
3873386 87672924 VLLM::Worker
3873390 87667792 VLLM::Worker
3873387 87326912 VLLM::Worker
3873391 87284308 VLLM::Worker
3791454 63594252 ray::WorkerDict
3791453 63584448 ray::WorkerDict
3791459 63556116 ray::WorkerDict
3791460 63514296 ray::WorkerDict
1317539 4828032 VLLM::Worker_TP
1317538 4824816 VLLM::Worker_TP
3880556 1828828 ray::AgentLoopW
3880552 1817268 ray::AgentLoopW
3880551 1743324 ray::AgentLoopW
== 2026-09-05T13:02:51+09:00
Mem:            1007         702         305         368         372         304
    PID   RSS COMMAND
3873386 87672924 VLLM::Worker
3873390 87664720 VLLM::Worker
3873387 87328448 VLLM::Worker
3873391 87282772 VLLM::Worker
3791454 63592716 ray::WorkerDict
3791453 63589056 ray::WorkerDict
3791459 63556116 ray::WorkerDict
3791460 63511992 ray::WorkerDict
1317539 4829568 VLLM::Worker_TP
1317538 4825584 VLLM::Worker_TP
3880556 1828828 ray::AgentLoopW
3880552 1817268 ray::AgentLoopW
3880551 1743324 ray::AgentLoopW
== 2026-09-05T13:03:11+09:00
Mem:            1007         702         305         368         372         304
    PID   RSS COMMAND
3873386 87672156 VLLM::Worker
3873390 87666256 VLLM::Worker
3873387 87329984 VLLM::Worker
3873391 87284308 VLLM::Worker
3791454 63592716 ray::WorkerDict
3791453 63585216 ray::WorkerDict
3791459 63557652 ray::WorkerDict
3791460 63512760 ray::WorkerDict
1317539 4829568 VLLM::Worker_TP
1317538 4825584 VLLM::Worker_TP
3880556 1828828 ray::AgentLoopW
3880552 1817268 ray::AgentLoopW
3880551 1743324 ray::AgentLoopW
== 2026-09-05T13:03:31+09:00
Mem:            1007         702         305         368         372         304
    PID   RSS COMMAND
3873386 87674460 VLLM::Worker
3873390 87666256 VLLM::Worker
3873387 87329216 VLLM::Worker
3873391 87282772 VLLM::Worker
3791454 63595020 ray::WorkerDict
3791453 63586752 ray::WorkerDict
3791459 63555348 ray::WorkerDict
3791460 63511224 ray::WorkerDict
1317539 4829568 VLLM::Worker_TP
1317538 4825584 VLLM::Worker_TP
3880556 1828828 ray::AgentLoopW
3880552 1817268 ray::AgentLoopW
3880551 1743324 ray::AgentLoopW
== 2026-09-05T13:03:51+09:00
Mem:            1007         702         305         368         372         304
    PID   RSS COMMAND
3873386 87672924 VLLM::Worker
3873390 87666256 VLLM::Worker
3873387 87328448 VLLM::Worker
3873391 87283540 VLLM::Worker
3791454 63592716 ray::WorkerDict
3791453 63585216 ray::WorkerDict
3791459 63553044 ray::WorkerDict
3791460 63509688 ray::WorkerDict
1317539 4829568 VLLM::Worker_TP
1317538 4825584 VLLM::Worker_TP
3880556 1828828 ray::AgentLoopW
3880552 1817268 ray::AgentLoopW
3880551 1743324 ray::AgentLoopW
== 2026-09-05T13:04:11+09:00
Mem:            1007         702         305         368         372         304
    PID   RSS COMMAND
3873386 87669852 VLLM::Worker
3873390 87665488 VLLM::Worker
3873387 87331520 VLLM::Worker
3873391 87280468 VLLM::Worker
3791454 63594252 ray::WorkerDict
3791453 63587520 ray::WorkerDict
3791459 63555348 ray::WorkerDict
3791460 63514296 ray::WorkerDict
1317539 4829568 VLLM::Worker_TP
1317538 4825584 VLLM::Worker_TP
3880556 1828828 ray::AgentLoopW
3880552 1817268 ray::AgentLoopW
3880551 1743324 ray::AgentLoopW
== 2026-09-05T13:04:31+09:00
Mem:            1007         702         305         368         372         304
    PID   RSS COMMAND
3873386 87670620 VLLM::Worker
3873390 87663184 VLLM::Worker
3873387 87329984 VLLM::Worker
3873391 87283540 VLLM::Worker
3791454 63590412 ray::WorkerDict
3791453 63582912 ray::WorkerDict
3791459 63557652 ray::WorkerDict
3791460 63512760 ray::WorkerDict
1317539 4829568 VLLM::Worker_TP
1317538 4825584 VLLM::Worker_TP
3880556 1828828 ray::AgentLoopW
3880552 1817268 ray::AgentLoopW
3880551 1743324 ray::AgentLoopW
== 2026-09-05T13:04:51+09:00
Mem:            1007         702         305         368         372         304
    PID   RSS COMMAND
3873386 87671388 VLLM::Worker
3873390 87666256 VLLM::Worker
3873387 87329984 VLLM::Worker
3873391 87284308 VLLM::Worker
3791454 63592716 ray::WorkerDict
3791453 63586752 ray::WorkerDict
3791459 63555348 ray::WorkerDict
3791460 63511992 ray::WorkerDict
1317539 4829568 VLLM::Worker_TP
1317538 4825584 VLLM::Worker_TP
3880556 1828828 ray::AgentLoopW
3880552 1817268 ray::AgentLoopW
3880551 1743324 ray::AgentLoopW
== 2026-09-05T13:05:11+09:00
Mem:            1007         702         305         368         372         304
    PID   RSS COMMAND
3873386 87670620 VLLM::Worker
3873390 87667024 VLLM::Worker
3873387 87330752 VLLM::Worker
3873391 87285076 VLLM::Worker
3791454 63590412 ray::WorkerDict
3791453 63585216 ray::WorkerDict
3791459 63555348 ray::WorkerDict
3791460 63511224 ray::WorkerDict
1317539 4829568 VLLM::Worker_TP
1317538 4825584 VLLM::Worker_TP
3880556 1828828 ray::AgentLoopW
3880552 1817268 ray::AgentLoopW
3880551 1743324 ray::AgentLoopW
== 2026-09-05T13:05:31+09:00
Mem:            1007         702         306         368         371         304
    PID   RSS COMMAND
3873386 87672924 VLLM::Worker
3873390 87664720 VLLM::Worker
3873387 87331520 VLLM::Worker
3873391 87284308 VLLM::Worker
3791454 63591180 ray::WorkerDict
3791453 63585984 ray::WorkerDict
3791459 63554580 ray::WorkerDict
3791460 63512760 ray::WorkerDict
1317539 4829568 VLLM::Worker_TP
1317538 4825584 VLLM::Worker_TP
3880556 1828828 ray::AgentLoopW
3880552 1817268 ray::AgentLoopW
3880551 1743324 ray::AgentLoopW
== 2026-09-05T13:05:51+09:00
Mem:            1007         702         306         368         371         304
    PID   RSS COMMAND
3873386 87671388 VLLM::Worker
3873390 87669328 VLLM::Worker
3873387 87334592 VLLM::Worker
3873391 87285844 VLLM::Worker
3791454 63593484 ray::WorkerDict
3791453 63586752 ray::WorkerDict
3791459 63556884 ray::WorkerDict
3791460 63511224 ray::WorkerDict
1317539 4829568 VLLM::Worker_TP
1317538 4825584 VLLM::Worker_TP
3880556 1828828 ray::AgentLoopW
3880552 1817268 ray::AgentLoopW
3880551 1743324 ray::AgentLoopW
== 2026-09-05T13:06:11+09:00
Mem:            1007         702         306         368         371         304
    PID   RSS COMMAND
3873386 87674236 VLLM::Worker
3873390 87667792 VLLM::Worker
3873387 87331520 VLLM::Worker
3873391 87284308 VLLM::Worker
3791454 63595020 ray::WorkerDict
3791453 63584448 ray::WorkerDict
3791459 63555348 ray::WorkerDict
3791460 63513528 ray::WorkerDict
1317539 4829568 VLLM::Worker_TP
1317538 4825584 VLLM::Worker_TP
3880556 1828828 ray::AgentLoopW
3880552 1817268 ray::AgentLoopW
3880551 1743324 ray::AgentLoopW
== 2026-09-05T13:06:31+09:00
Mem:            1007         702         306         368         371         304
    PID   RSS COMMAND
3873386 87671932 VLLM::Worker
3873390 87669328 VLLM::Worker
3873387 87334592 VLLM::Worker
3873391 87285076 VLLM::Worker
3791454 63595020 ray::WorkerDict
3791453 63585984 ray::WorkerDict
3791459 63556884 ray::WorkerDict
3791460 63512760 ray::WorkerDict
1317539 4829568 VLLM::Worker_TP
1317538 4823568 VLLM::Worker_TP
3880556 1828828 ray::AgentLoopW
3880552 1817268 ray::AgentLoopW
3880551 1743324 ray::AgentLoopW
== 2026-09-05T13:06:51+09:00
Mem:            1007         702         306         368         371         304
    PID   RSS COMMAND
3873386 87673468 VLLM::Worker
3873390 87667792 VLLM::Worker
3873387 87332288 VLLM::Worker
3873391 87283540 VLLM::Worker
3791454 63595788 ray::WorkerDict
3791453 63585984 ray::WorkerDict
3791459 63554580 ray::WorkerDict
3791460 63514296 ray::WorkerDict
1317539 4829568 VLLM::Worker_TP
1317538 4823568 VLLM::Worker_TP
3880556 1828828 ray::AgentLoopW
3880552 1817268 ray::AgentLoopW
3880551 1743324 ray::AgentLoopW
== 2026-09-05T13:07:11+09:00
Mem:            1007         702         306         368         371         304
    PID   RSS COMMAND
3873386 87674236 VLLM::Worker
3873390 87667024 VLLM::Worker
3873387 87333824 VLLM::Worker
3873391 87284308 VLLM::Worker
3791454 63596556 ray::WorkerDict
3791453 63583680 ray::WorkerDict
3791459 63556116 ray::WorkerDict
3791460 63513528 ray::WorkerDict
1317539 4829568 VLLM::Worker_TP
1317538 4823568 VLLM::Worker_TP
3880556 1828828 ray::AgentLoopW
3880552 1817268 ray::AgentLoopW
3880551 1743324 ray::AgentLoopW
== 2026-09-05T13:07:31+09:00
Mem:            1007         702         306         368         371         304
    PID   RSS COMMAND
3873386 87673468 VLLM::Worker
3873390 87663184 VLLM::Worker
3873387 87329216 VLLM::Worker
3873391 87281236 VLLM::Worker
3791454 63593484 ray::WorkerDict
3791453 63583680 ray::WorkerDict
3791459 63556116 ray::WorkerDict
3791460 63511224 ray::WorkerDict
1317539 4829568 VLLM::Worker_TP
1317538 4823568 VLLM::Worker_TP
3880556 1828828 ray::AgentLoopW
3880552 1817268 ray::AgentLoopW
3880551 1743324 ray::AgentLoopW
== 2026-09-05T13:07:51+09:00
Mem:            1007         702         306         368         371         304
    PID   RSS COMMAND
3873386 87668860 VLLM::Worker
3873390 87664720 VLLM::Worker
3873387 87329984 VLLM::Worker
3873391 87282772 VLLM::Worker
3791454 63591948 ray::WorkerDict
3791453 63583680 ray::WorkerDict
3791459 63554580 ray::WorkerDict
3791460 63511992 ray::WorkerDict
1317539 4829568 VLLM::Worker_TP
1317538 4823568 VLLM::Worker_TP
3880556 1828828 ray::AgentLoopW
3880552 1817268 ray::AgentLoopW
3880551 1743324 ray::AgentLoopW
== 2026-09-05T13:08:11+09:00
Mem:            1007         702         306         368         371         304
    PID   RSS COMMAND
3873386 87673468 VLLM::Worker
3873390 87667792 VLLM::Worker
3873387 87329216 VLLM::Worker
3873391 87284308 VLLM::Worker
3791454 63591948 ray::WorkerDict
3791453 63582144 ray::WorkerDict
3791459 63554580 ray::WorkerDict
3791460 63515832 ray::WorkerDict
1317539 4829568 VLLM::Worker_TP
1317538 4823568 VLLM::Worker_TP
3880556 1828828 ray::AgentLoopW
3880552 1817268 ray::AgentLoopW
3880551 1743324 ray::AgentLoopW
== 2026-09-05T13:08:32+09:00
Mem:            1007         702         306         368         371         304
    PID   RSS COMMAND
3873386 87669628 VLLM::Worker
3873390 87666256 VLLM::Worker
3873387 87332288 VLLM::Worker
3873391 87280468 VLLM::Worker
3791454 63589644 ray::WorkerDict
3791453 63585216 ray::WorkerDict
3791459 63554580 ray::WorkerDict
3791460 63512760 ray::WorkerDict
1317539 4829568 VLLM::Worker_TP
1317538 4823568 VLLM::Worker_TP
3880556 1828828 ray::AgentLoopW
3880552 1817268 ray::AgentLoopW
3880551 1743324 ray::AgentLoopW
== 2026-09-05T13:08:52+09:00
Mem:            1007         702         306         368         371         304
    PID   RSS COMMAND
3873386 87671164 VLLM::Worker
3873390 87668560 VLLM::Worker
3873387 87332288 VLLM::Worker
3873391 87280468 VLLM::Worker
3791454 63591180 ray::WorkerDict
3791453 63586752 ray::WorkerDict
3791459 63557652 ray::WorkerDict
3791460 63512760 ray::WorkerDict
1317539 4829568 VLLM::Worker_TP
1317538 4823568 VLLM::Worker_TP
3880556 1828828 ray::AgentLoopW
3880552 1817268 ray::AgentLoopW
3880551 1743324 ray::AgentLoopW
== 2026-09-05T13:09:12+09:00
Mem:            1007         702         306         368         371         304
    PID   RSS COMMAND
3873386 87671932 VLLM::Worker
3873390 87669328 VLLM::Worker
3873387 87330752 VLLM::Worker
3873391 87284308 VLLM::Worker
3791454 63593484 ray::WorkerDict
3791453 63585984 ray::WorkerDict
3791459 63556884 ray::WorkerDict
3791460 63512760 ray::WorkerDict
1317539 4829568 VLLM::Worker_TP
1317538 4823568 VLLM::Worker_TP
3880556 1828828 ray::AgentLoopW
3880552 1817268 ray::AgentLoopW
3880551 1743324 ray::AgentLoopW
== 2026-09-05T13:09:32+09:00
Mem:            1007         702         306         368         371         304
    PID   RSS COMMAND
3873386 87674236 VLLM::Worker
3873390 87667024 VLLM::Worker
3873387 87330752 VLLM::Worker
3873391 87284308 VLLM::Worker
3791454 63590412 ray::WorkerDict
3791453 63587520 ray::WorkerDict
3791459 63558420 ray::WorkerDict
3791460 63513528 ray::WorkerDict
1317539 4829568 VLLM::Worker_TP
1317538 4823568 VLLM::Worker_TP
3880556 1828828 ray::AgentLoopW
3880552 1817268 ray::AgentLoopW
3880551 1743324 ray::AgentLoopW
== 2026-09-05T13:09:52+09:00
Mem:            1007         702         306         368         371         304
    PID   RSS COMMAND
3873386 87672700 VLLM::Worker
3873390 87667792 VLLM::Worker
3873387 87327680 VLLM::Worker
3873391 87280468 VLLM::Worker
3791454 63592716 ray::WorkerDict
3791453 63584448 ray::WorkerDict
3791459 63558420 ray::WorkerDict
3791460 63511224 ray::WorkerDict
1317539 4829568 VLLM::Worker_TP
1317538 4825104 VLLM::Worker_TP
3880556 1828828 ray::AgentLoopW
3880552 1817268 ray::AgentLoopW
3880551 1743324 ray::AgentLoopW
== 2026-09-05T13:10:12+09:00
Mem:            1007         702         306         368         371         304
    PID   RSS COMMAND
3873386 87671932 VLLM::Worker
3873390 87667024 VLLM::Worker
3873387 87332288 VLLM::Worker
3873391 87283540 VLLM::Worker
3791454 63593484 ray::WorkerDict
3791453 63585216 ray::WorkerDict
3791459 63556884 ray::WorkerDict
3791460 63511992 ray::WorkerDict
1317539 4829568 VLLM::Worker_TP
1317538 4825104 VLLM::Worker_TP
3880556 1828828 ray::AgentLoopW
3880552 1817268 ray::AgentLoopW
3880551 1743324 ray::AgentLoopW
== 2026-09-05T13:10:32+09:00
Mem:            1007         702         306         368         371         305
    PID   RSS COMMAND
3873386 87669628 VLLM::Worker
3873390 87668560 VLLM::Worker
3873387 87331520 VLLM::Worker
3873391 87282772 VLLM::Worker
3791454 63594252 ray::WorkerDict
3791453 63582912 ray::WorkerDict
3791459 63555348 ray::WorkerDict
3791460 63513528 ray::WorkerDict
1317539 4829568 VLLM::Worker_TP
1317538 4825104 VLLM::Worker_TP
3880556 1828828 ray::AgentLoopW
3880552 1817268 ray::AgentLoopW
3880551 1743324 ray::AgentLoopW
== 2026-09-05T13:10:52+09:00
Mem:            1007         702         306         368         371         305
    PID   RSS COMMAND
3873386 87670396 VLLM::Worker
3873390 87667024 VLLM::Worker
3873387 87332288 VLLM::Worker
3873391 87283540 VLLM::Worker
3791454 63593484 ray::WorkerDict
3791453 63585216 ray::WorkerDict
3791459 63554580 ray::WorkerDict
3791460 63515832 ray::WorkerDict
1317539 4829568 VLLM::Worker_TP
1317538 4825104 VLLM::Worker_TP
3880556 1828828 ray::AgentLoopW
3880552 1817268 ray::AgentLoopW
3880551 1743324 ray::AgentLoopW
== 2026-09-05T13:11:12+09:00
Mem:            1007         702         306         368         371         304
    PID   RSS COMMAND
3873386 87671932 VLLM::Worker
3873390 87670864 VLLM::Worker
3873387 87332288 VLLM::Worker
3873391 87285076 VLLM::Worker
3791454 63592716 ray::WorkerDict
3791453 63589056 ray::WorkerDict
3791459 63556116 ray::WorkerDict
3791460 63515832 ray::WorkerDict
1317539 4829568 VLLM::Worker_TP
1317538 4825104 VLLM::Worker_TP
3880556 1828828 ray::AgentLoopW
3880552 1817268 ray::AgentLoopW
3880551 1743324 ray::AgentLoopW
== 2026-09-05T13:11:32+09:00
Mem:            1007         702         306         368         371         305
    PID   RSS COMMAND
3873390 87673168 VLLM::Worker
3873386 87669628 VLLM::Worker
3873387 87333056 VLLM::Worker
3873391 87284308 VLLM::Worker
3791454 63592716 ray::WorkerDict
3791453 63587520 ray::WorkerDict
3791459 63555348 ray::WorkerDict
3791460 63512760 ray::WorkerDict
1317539 4829568 VLLM::Worker_TP
1317538 4822800 VLLM::Worker_TP
3880556 1828828 ray::AgentLoopW
3880552 1817268 ray::AgentLoopW
3880551 1743324 ray::AgentLoopW
== 2026-09-05T13:11:52+09:00
Mem:            1007         702         306         368         371         305
    PID   RSS COMMAND
3873386 87671932 VLLM::Worker
3873390 87667024 VLLM::Worker
3873387 87331520 VLLM::Worker
3873391 87284308 VLLM::Worker
3791454 63592716 ray::WorkerDict
3791453 63585984 ray::WorkerDict
3791459 63556116 ray::WorkerDict
3791460 63515064 ray::WorkerDict
1317539 4829568 VLLM::Worker_TP
1317538 4822800 VLLM::Worker_TP
3880556 1828828 ray::AgentLoopW
3880552 1817268 ray::AgentLoopW
3880551 1743324 ray::AgentLoopW
== 2026-09-05T13:12:12+09:00
Mem:            1007         702         306         368         371         305
    PID   RSS COMMAND
3873386 87669628 VLLM::Worker
3873390 87667024 VLLM::Worker
3873387 87334592 VLLM::Worker
3873391 87284308 VLLM::Worker
3791454 63593484 ray::WorkerDict
3791453 63583680 ray::WorkerDict
3791459 63556884 ray::WorkerDict
3791460 63514296 ray::WorkerDict
1317539 4829568 VLLM::Worker_TP
1317538 4822800 VLLM::Worker_TP
3880556 1828828 ray::AgentLoopW
3880552 1817268 ray::AgentLoopW
3880551 1743324 ray::AgentLoopW
== 2026-09-05T13:12:32+09:00
Mem:            1007         702         306         368         371         305
    PID   RSS COMMAND
3873386 87673468 VLLM::Worker
3873390 87668560 VLLM::Worker
3873387 87330752 VLLM::Worker
3873391 87282004 VLLM::Worker
3791454 63591948 ray::WorkerDict
3791453 63585216 ray::WorkerDict
3791459 63555348 ray::WorkerDict
3791460 63514296 ray::WorkerDict
1317539 4829568 VLLM::Worker_TP
1317538 4822800 VLLM::Worker_TP
3880556 1828828 ray::AgentLoopW
3880552 1817268 ray::AgentLoopW
3880551 1743324 ray::AgentLoopW
== 2026-09-05T13:12:52+09:00
Mem:            1007         702         307         368         371         305
    PID   RSS COMMAND
3873386 87674236 VLLM::Worker
3873390 87666256 VLLM::Worker
3873387 87333056 VLLM::Worker
3873391 87285076 VLLM::Worker
3791454 63595020 ray::WorkerDict
3791453 63585984 ray::WorkerDict
3791459 63556884 ray::WorkerDict
3791460 63516600 ray::WorkerDict
1317539 4829568 VLLM::Worker_TP
1317538 4822800 VLLM::Worker_TP
3880556 1828828 ray::AgentLoopW
3880552 1817268 ray::AgentLoopW
3880551 1743324 ray::AgentLoopW
== 2026-09-05T13:13:12+09:00
Mem:            1007         702         307         368         371         305
    PID   RSS COMMAND
3873386 87674236 VLLM::Worker
3873390 87668560 VLLM::Worker
3873387 87330752 VLLM::Worker
3873391 87285076 VLLM::Worker
3791454 63595020 ray::WorkerDict
3791453 63582912 ray::WorkerDict
3791459 63556116 ray::WorkerDict
3791460 63511224 ray::WorkerDict
1317539 4829568 VLLM::Worker_TP
1317538 4822800 VLLM::Worker_TP
3880556 1828828 ray::AgentLoopW
3880552 1817268 ray::AgentLoopW
3880551 1743324 ray::AgentLoopW
== 2026-09-05T13:13:32+09:00
Mem:            1007         702         307         368         371         305
    PID   RSS COMMAND
3873386 87672700 VLLM::Worker
3873390 87669328 VLLM::Worker
3873387 87336128 VLLM::Worker
3873391 87282772 VLLM::Worker
3791454 63593484 ray::WorkerDict
3791453 63585984 ray::WorkerDict
3791459 63555348 ray::WorkerDict
3791460 63515064 ray::WorkerDict
1317539 4829568 VLLM::Worker_TP
1317538 4822800 VLLM::Worker_TP
3880556 1828828 ray::AgentLoopW
3880552 1817268 ray::AgentLoopW
3880551 1743324 ray::AgentLoopW
== 2026-09-05T13:13:52+09:00
Mem:            1007         702         307         368         371         305
    PID   RSS COMMAND
3873386 87671932 VLLM::Worker
3873390 87667792 VLLM::Worker
3873387 87329984 VLLM::Worker
3873391 87281236 VLLM::Worker
3791454 63595020 ray::WorkerDict
3791453 63585216 ray::WorkerDict
3791459 63555348 ray::WorkerDict
3791460 63515064 ray::WorkerDict
1317539 4829568 VLLM::Worker_TP
1317538 4822800 VLLM::Worker_TP
3880556 1828828 ray::AgentLoopW
3880552 1817268 ray::AgentLoopW
3880551 1743324 ray::AgentLoopW
== 2026-09-05T13:14:12+09:00
Mem:            1007         702         307         368         371         305
    PID   RSS COMMAND
3873386 87671932 VLLM::Worker
3873390 87667792 VLLM::Worker
3873387 87330752 VLLM::Worker
3873391 87283540 VLLM::Worker
3791454 63593484 ray::WorkerDict
3791453 63584448 ray::WorkerDict
3791459 63556884 ray::WorkerDict
3791460 63514296 ray::WorkerDict
1317539 4829568 VLLM::Worker_TP
1317538 4822800 VLLM::Worker_TP
3880556 1828828 ray::AgentLoopW
3880552 1817268 ray::AgentLoopW
3880551 1743324 ray::AgentLoopW
== 2026-09-05T13:14:32+09:00
Mem:            1007         702         307         368         371         305
    PID   RSS COMMAND
3873386 87671932 VLLM::Worker
3873390 87666256 VLLM::Worker
3873387 87329216 VLLM::Worker
3873391 87282004 VLLM::Worker
3791454 63593484 ray::WorkerDict
3791453 63586752 ray::WorkerDict
3791459 63556116 ray::WorkerDict
3791460 63511992 ray::WorkerDict
1317539 4829568 VLLM::Worker_TP
1317538 4822800 VLLM::Worker_TP
3880556 1828828 ray::AgentLoopW
3880552 1817268 ray::AgentLoopW
3880551 1743324 ray::AgentLoopW
== 2026-09-05T13:14:52+09:00
Mem:            1007         702         307         368         371         305
    PID   RSS COMMAND
3873386 87672700 VLLM::Worker
3873390 87667024 VLLM::Worker
3873387 87333056 VLLM::Worker
3873391 87283540 VLLM::Worker
3791454 63593484 ray::WorkerDict
3791453 63585216 ray::WorkerDict
3791459 63556884 ray::WorkerDict
3791460 63513528 ray::WorkerDict
1317539 4829568 VLLM::Worker_TP
1317538 4822800 VLLM::Worker_TP
3880556 1828828 ray::AgentLoopW
3880552 1817268 ray::AgentLoopW
3880551 1743324 ray::AgentLoopW
== 2026-09-05T13:15:12+09:00
Mem:            1007         702         306         368         371         304
    PID   RSS COMMAND
3873386 87675772 VLLM::Worker
3873390 87670864 VLLM::Worker
3873387 87334592 VLLM::Worker
3873391 87285076 VLLM::Worker
3791454 63594252 ray::WorkerDict
3791453 63583680 ray::WorkerDict
3791459 63554580 ray::WorkerDict
3791460 63515832 ray::WorkerDict
1317539 4829568 VLLM::Worker_TP
1317538 4822800 VLLM::Worker_TP
3880556 1828828 ray::AgentLoopW
3880552 1817268 ray::AgentLoopW
3880551 1743228 ray::AgentLoopW
== 2026-09-05T13:15:32+09:00
Mem:            1007         702         306         368         371         304
    PID   RSS COMMAND
3873386 87675772 VLLM::Worker
3873390 87667024 VLLM::Worker
3873387 87336128 VLLM::Worker
3873391 87282772 VLLM::Worker
3791454 63591948 ray::WorkerDict
3791453 63582912 ray::WorkerDict
3791459 63558420 ray::WorkerDict
3791460 63515832 ray::WorkerDict
1317539 4829568 VLLM::Worker_TP
1317538 4822800 VLLM::Worker_TP
3880556 1828828 ray::AgentLoopW
3880552 1817268 ray::AgentLoopW
3880551 1743228 ray::AgentLoopW
== 2026-09-05T13:15:52+09:00
Mem:            1007         702         306         368         371         304
    PID   RSS COMMAND
3873390 87672400 VLLM::Worker
3873386 87671932 VLLM::Worker
3873387 87331520 VLLM::Worker
3873391 87282004 VLLM::Worker
3791454 63595020 ray::WorkerDict
3791453 63584448 ray::WorkerDict
3791459 63558420 ray::WorkerDict
3791460 63514296 ray::WorkerDict
1317539 4829568 VLLM::Worker_TP
1317538 4822800 VLLM::Worker_TP
3880556 1828828 ray::AgentLoopW
3880552 1817268 ray::AgentLoopW
3880551 1743228 ray::AgentLoopW
== 2026-09-05T13:16:12+09:00
Mem:            1007         702         306         368         371         304
    PID   RSS COMMAND
3873386 87672700 VLLM::Worker
3873390 87671632 VLLM::Worker
3873387 87329984 VLLM::Worker
3873391 87283540 VLLM::Worker
3791454 63592716 ray::WorkerDict
3791453 63583680 ray::WorkerDict
3791459 63556116 ray::WorkerDict
3791460 63514296 ray::WorkerDict
1317539 4829568 VLLM::Worker_TP
1317538 4822800 VLLM::Worker_TP
3880556 1828828 ray::AgentLoopW
3880552 1817268 ray::AgentLoopW
3880551 1743228 ray::AgentLoopW
== 2026-09-05T13:16:32+09:00
Mem:            1007         702         306         368         371         304
    PID   RSS COMMAND
3873386 87675004 VLLM::Worker
3873390 87672400 VLLM::Worker
3873387 87333056 VLLM::Worker
3873391 87282772 VLLM::Worker
3791454 63590412 ray::WorkerDict
3791453 63584448 ray::WorkerDict
3791459 63555348 ray::WorkerDict
3791460 63512760 ray::WorkerDict
1317539 4829568 VLLM::Worker_TP
1317538 4822800 VLLM::Worker_TP
3880556 1828828 ray::AgentLoopW
3880552 1817268 ray::AgentLoopW
3880551 1743228 ray::AgentLoopW
== 2026-09-05T13:16:52+09:00
Mem:            1007         702         306         368         371         304
    PID   RSS COMMAND
3873386 87674236 VLLM::Worker
3873390 87670864 VLLM::Worker
3873387 87330752 VLLM::Worker
3873391 87283540 VLLM::Worker
3791454 63591180 ray::WorkerDict
3791453 63585216 ray::WorkerDict
3791459 63557652 ray::WorkerDict
3791460 63511992 ray::WorkerDict
1317539 4829568 VLLM::Worker_TP
1317538 4822800 VLLM::Worker_TP
3880556 1828828 ray::AgentLoopW
3880552 1817268 ray::AgentLoopW
3880551 1743228 ray::AgentLoopW
== 2026-09-05T13:17:12+09:00
Mem:            1007         702         306         368         371         304
    PID   RSS COMMAND
3873386 87672700 VLLM::Worker
3873390 87670096 VLLM::Worker
3873387 87333056 VLLM::Worker
3873391 87284308 VLLM::Worker
3791454 63591180 ray::WorkerDict
3791453 63585984 ray::WorkerDict
3791459 63556884 ray::WorkerDict
3791460 63514296 ray::WorkerDict
1317539 4829568 VLLM::Worker_TP
1317538 4822800 VLLM::Worker_TP
3880556 1828828 ray::AgentLoopW
3880552 1817268 ray::AgentLoopW
3880551 1743228 ray::AgentLoopW
== 2026-09-05T13:17:32+09:00
Mem:            1007         702         306         368         371         304
    PID   RSS COMMAND
3873386 87673468 VLLM::Worker
3873390 87669328 VLLM::Worker
3873387 87333824 VLLM::Worker
3873391 87282004 VLLM::Worker
3791454 63591948 ray::WorkerDict
3791453 63585216 ray::WorkerDict
3791459 63553812 ray::WorkerDict
3791460 63514296 ray::WorkerDict
1317539 4829568 VLLM::Worker_TP
1317538 4822800 VLLM::Worker_TP
3880556 1828828 ray::AgentLoopW
3880552 1817268 ray::AgentLoopW
3880551 1743228 ray::AgentLoopW
== 2026-09-05T13:17:52+09:00
Mem:            1007         702         306         368         371         304
    PID   RSS COMMAND
3873386 87674236 VLLM::Worker
3873390 87670096 VLLM::Worker
3873387 87331520 VLLM::Worker
3873391 87285844 VLLM::Worker
3791454 63593484 ray::WorkerDict
3791453 63582144 ray::WorkerDict
3791459 63553812 ray::WorkerDict
3791460 63511992 ray::WorkerDict
1317539 4829568 VLLM::Worker_TP
1317538 4822800 VLLM::Worker_TP
3880556 1828828 ray::AgentLoopW
3880552 1817268 ray::AgentLoopW
3880551 1743228 ray::AgentLoopW
== 2026-09-05T13:18:13+09:00
Mem:            1007         702         306         368         371         304
    PID   RSS COMMAND
3873386 87676540 VLLM::Worker
3873390 87666256 VLLM::Worker
3873387 87332288 VLLM::Worker
3873391 87282004 VLLM::Worker
3791454 63593484 ray::WorkerDict
3791453 63582912 ray::WorkerDict
3791459 63554580 ray::WorkerDict
3791460 63512760 ray::WorkerDict
1317539 4829568 VLLM::Worker_TP
1317538 4822800 VLLM::Worker_TP
3880556 1828828 ray::AgentLoopW
3880552 1817268 ray::AgentLoopW
3880551 1743228 ray::AgentLoopW
== 2026-09-05T13:18:33+09:00
Mem:            1007         702         306         368         371         304
    PID   RSS COMMAND
3873386 87673468 VLLM::Worker
3873390 87670096 VLLM::Worker
3873387 87332288 VLLM::Worker
3873391 87282004 VLLM::Worker
3791454 63591180 ray::WorkerDict
3791453 63582912 ray::WorkerDict
3791459 63553812 ray::WorkerDict
3791460 63511992 ray::WorkerDict
1317539 4829568 VLLM::Worker_TP
1317538 4822800 VLLM::Worker_TP
3880556 1828828 ray::AgentLoopW
3880552 1817268 ray::AgentLoopW
3880551 1743228 ray::AgentLoopW
== 2026-09-05T13:18:53+09:00
Mem:            1007         702         306         368         371         305
    PID   RSS COMMAND
3873386 87674236 VLLM::Worker
3873390 87668560 VLLM::Worker
3873387 87330752 VLLM::Worker
3873391 87283540 VLLM::Worker
3791454 63588876 ray::WorkerDict
3791453 63581376 ray::WorkerDict
3791459 63553812 ray::WorkerDict
3791460 63511992 ray::WorkerDict
1317539 4829568 VLLM::Worker_TP
1317538 4822800 VLLM::Worker_TP
3880556 1828828 ray::AgentLoopW
3880552 1817268 ray::AgentLoopW
3880551 1743228 ray::AgentLoopW
== 2026-09-05T13:19:13+09:00
Mem:            1007         702         306         368         371         304
    PID   RSS COMMAND
3873386 87671932 VLLM::Worker
3873390 87670864 VLLM::Worker
3873387 87330752 VLLM::Worker
3873391 87284308 VLLM::Worker
3791454 63590412 ray::WorkerDict
3791453 63580608 ray::WorkerDict
3791459 63553812 ray::WorkerDict
3791460 63511224 ray::WorkerDict
1317539 4829568 VLLM::Worker_TP
1317538 4822800 VLLM::Worker_TP
3880556 1828828 ray::AgentLoopW
3880552 1817268 ray::AgentLoopW
3880551 1743228 ray::AgentLoopW
== 2026-09-05T13:19:33+09:00
Mem:            1007         702         306         368         371         304
    PID   RSS COMMAND
3873386 87672700 VLLM::Worker
3873390 87668560 VLLM::Worker
3873387 87331520 VLLM::Worker
3873391 87284308 VLLM::Worker
3791454 63590412 ray::WorkerDict
3791453 63581376 ray::WorkerDict
3791459 63553044 ray::WorkerDict
3791460 63511992 ray::WorkerDict
1317539 4829568 VLLM::Worker_TP
1317538 4822800 VLLM::Worker_TP
3880556 1828828 ray::AgentLoopW
3880552 1817268 ray::AgentLoopW
3880551 1743228 ray::AgentLoopW
== 2026-09-05T13:19:53+09:00
Mem:            1007         702         306         368         371         304
    PID   RSS COMMAND
3873386 87673468 VLLM::Worker
3873390 87668560 VLLM::Worker
3873387 87334592 VLLM::Worker
3873391 87285844 VLLM::Worker
3791454 63588876 ray::WorkerDict
3791453 63583680 ray::WorkerDict
3791459 63554580 ray::WorkerDict
3791460 63512760 ray::WorkerDict
1317539 4829568 VLLM::Worker_TP
1317538 4825104 VLLM::Worker_TP
3880556 1828828 ray::AgentLoopW
3880552 1817268 ray::AgentLoopW
3880551 1743228 ray::AgentLoopW
== 2026-09-05T13:20:13+09:00
Mem:            1007         702         306         368         371         305
    PID   RSS COMMAND
3873386 87675772 VLLM::Worker
3873390 87668560 VLLM::Worker
3873387 87332288 VLLM::Worker
3873391 87283540 VLLM::Worker
3791454 63590412 ray::WorkerDict
3791453 63583680 ray::WorkerDict
3791459 63554580 ray::WorkerDict
3791460 63514296 ray::WorkerDict
1317539 4829568 VLLM::Worker_TP
1317538 4825104 VLLM::Worker_TP
3880556 1828828 ray::AgentLoopW
3880552 1817268 ray::AgentLoopW
3880551 1743228 ray::AgentLoopW
== 2026-09-05T13:20:33+09:00
Mem:            1007         702         306         368         371         304
    PID   RSS COMMAND
3873386 87672700 VLLM::Worker
3873390 87670096 VLLM::Worker
3873387 87331520 VLLM::Worker
3873391 87283540 VLLM::Worker
3791454 63590412 ray::WorkerDict
3791453 63582912 ray::WorkerDict
3791459 63555348 ray::WorkerDict
3791460 63512760 ray::WorkerDict
1317539 4829568 VLLM::Worker_TP
1317538 4825104 VLLM::Worker_TP
3880556 1828828 ray::AgentLoopW
3880552 1817268 ray::AgentLoopW
3880551 1743228 ray::AgentLoopW
== 2026-09-05T13:20:53+09:00
Mem:            1007         702         306         368         371         304
    PID   RSS COMMAND
3873386 87672700 VLLM::Worker
3873390 87671632 VLLM::Worker
3873387 87330752 VLLM::Worker
3873391 87281236 VLLM::Worker
3791454 63591948 ray::WorkerDict
3791453 63583680 ray::WorkerDict
3791459 63556116 ray::WorkerDict
3791460 63512760 ray::WorkerDict
1317539 4829568 VLLM::Worker_TP
1317538 4825104 VLLM::Worker_TP
3880556 1828828 ray::AgentLoopW
3880552 1817268 ray::AgentLoopW
3880551 1743228 ray::AgentLoopW
== 2026-09-05T13:21:13+09:00
Mem:            1007         702         306         368         371         304
    PID   RSS COMMAND
3873386 87672700 VLLM::Worker
3873390 87672400 VLLM::Worker
3873387 87331520 VLLM::Worker
3873391 87282772 VLLM::Worker
3791454 63589644 ray::WorkerDict
3791453 63585216 ray::WorkerDict
3791459 63553812 ray::WorkerDict
3791460 63512760 ray::WorkerDict
1317539 4829568 VLLM::Worker_TP
1317538 4825104 VLLM::Worker_TP
3880556 1828828 ray::AgentLoopW
3880552 1817268 ray::AgentLoopW
3880551 1743228 ray::AgentLoopW
== 2026-09-05T13:21:33+09:00
Mem:            1007         702         306         368         371         305
    PID   RSS COMMAND
3873386 87671932 VLLM::Worker
3873390 87670096 VLLM::Worker
3873387 87329984 VLLM::Worker
3873391 87284308 VLLM::Worker
3791454 63590412 ray::WorkerDict
3791453 63583680 ray::WorkerDict
3791459 63553812 ray::WorkerDict
3791460 63515064 ray::WorkerDict
1317539 4829568 VLLM::Worker_TP
1317538 4825104 VLLM::Worker_TP
3880556 1828828 ray::AgentLoopW
3880552 1817268 ray::AgentLoopW
3880551 1743228 ray::AgentLoopW
== 2026-09-05T13:21:53+09:00
Mem:            1007         702         306         368         371         304
    PID   RSS COMMAND
3873386 87675772 VLLM::Worker
3873390 87670864 VLLM::Worker
3873387 87332288 VLLM::Worker
3873391 87282772 VLLM::Worker
3791454 63591180 ray::WorkerDict
3791453 63583680 ray::WorkerDict
3791459 63554580 ray::WorkerDict
3791460 63513528 ray::WorkerDict
1317539 4829568 VLLM::Worker_TP
1317538 4825104 VLLM::Worker_TP
3880556 1828828 ray::AgentLoopW
3880552 1817268 ray::AgentLoopW
3880551 1743228 ray::AgentLoopW
== 2026-09-05T13:22:13+09:00
Mem:            1007         702         306         368         371         304
    PID   RSS COMMAND
3873386 87674236 VLLM::Worker
3873390 87668560 VLLM::Worker
3873387 87335360 VLLM::Worker
3873391 87283540 VLLM::Worker
3791454 63594252 ray::WorkerDict
3791453 63584448 ray::WorkerDict
3791459 63553812 ray::WorkerDict
3791460 63512760 ray::WorkerDict
1317539 4829568 VLLM::Worker_TP
1317538 4825104 VLLM::Worker_TP
3880556 1828828 ray::AgentLoopW
3880552 1817268 ray::AgentLoopW
3880551 1743228 ray::AgentLoopW
== 2026-09-05T13:22:33+09:00
Mem:            1007         702         306         368         371         305
    PID   RSS COMMAND
3873386 87676540 VLLM::Worker
3873390 87670864 VLLM::Worker
3873387 87331520 VLLM::Worker
3873391 87282772 VLLM::Worker
3791454 63594252 ray::WorkerDict
3791453 63585216 ray::WorkerDict
3791459 63556116 ray::WorkerDict
3791460 63511224 ray::WorkerDict
1317539 4829568 VLLM::Worker_TP
1317538 4825104 VLLM::Worker_TP
3880556 1828828 ray::AgentLoopW
3880552 1817268 ray::AgentLoopW
3880551 1743228 ray::AgentLoopW
== 2026-09-05T13:22:53+09:00
Mem:            1007         702         306         368         371         304
    PID   RSS COMMAND
3873386 87674236 VLLM::Worker
3873390 87671632 VLLM::Worker
3873387 87334592 VLLM::Worker
3873391 87282772 VLLM::Worker
3791454 63594252 ray::WorkerDict
3791453 63583680 ray::WorkerDict
3791459 63556884 ray::WorkerDict
3791460 63508920 ray::WorkerDict
1317539 4829568 VLLM::Worker_TP
1317538 4825104 VLLM::Worker_TP
3880556 1828828 ray::AgentLoopW
3880552 1817268 ray::AgentLoopW
3880551 1743228 ray::AgentLoopW
== 2026-09-05T13:23:13+09:00
Mem:            1007         702         306         368         371         304
    PID   RSS COMMAND
3873386 87675004 VLLM::Worker
3873390 87670864 VLLM::Worker
3873387 87331520 VLLM::Worker
3873391 87285076 VLLM::Worker
3791454 63593484 ray::WorkerDict
3791453 63583680 ray::WorkerDict
3791459 63556884 ray::WorkerDict
3791460 63509688 ray::WorkerDict
1317539 4829568 VLLM::Worker_TP
1317538 4825104 VLLM::Worker_TP
3880556 1828828 ray::AgentLoopW
3880552 1817268 ray::AgentLoopW
3880551 1743228 ray::AgentLoopW
== 2026-09-05T13:23:33+09:00
Mem:            1007         702         306         368         371         304
    PID   RSS COMMAND
3873390 87673168 VLLM::Worker
3873386 87672700 VLLM::Worker
3873387 87333824 VLLM::Worker
3873391 87282004 VLLM::Worker
3791454 63593484 ray::WorkerDict
3791453 63585216 ray::WorkerDict
3791459 63557652 ray::WorkerDict
3791460 63511992 ray::WorkerDict
1317539 4829568 VLLM::Worker_TP
1317538 4825104 VLLM::Worker_TP
3880556 1828828 ray::AgentLoopW
3880552 1817268 ray::AgentLoopW
3880551 1743228 ray::AgentLoopW
== 2026-09-05T13:23:53+09:00
Mem:            1007         702         306         368         371         304
    PID   RSS COMMAND
3873390 87674704 VLLM::Worker
3873386 87671164 VLLM::Worker
3873387 87332288 VLLM::Worker
3873391 87283540 VLLM::Worker
3791454 63593484 ray::WorkerDict
3791453 63585216 ray::WorkerDict
3791459 63555348 ray::WorkerDict
3791460 63514296 ray::WorkerDict
1317539 4829568 VLLM::Worker_TP
1317538 4825104 VLLM::Worker_TP
3880556 1828828 ray::AgentLoopW
3880552 1817268 ray::AgentLoopW
3880551 1743228 ray::AgentLoopW
== 2026-09-05T13:24:13+09:00
Mem:            1007         702         306         368         371         304
    PID   RSS COMMAND
3873386 87674236 VLLM::Worker
3873390 87669328 VLLM::Worker
3873387 87333056 VLLM::Worker
3873391 87285076 VLLM::Worker
3791454 63595020 ray::WorkerDict
3791453 63585984 ray::WorkerDict
3791459 63554580 ray::WorkerDict
3791460 63513528 ray::WorkerDict
1317539 4829568 VLLM::Worker_TP
1317538 4825104 VLLM::Worker_TP
3880556 1828828 ray::AgentLoopW
3880552 1817268 ray::AgentLoopW
3880551 1743228 ray::AgentLoopW
== 2026-09-05T13:24:33+09:00
Mem:            1007         702         306         368         371         304
    PID   RSS COMMAND
3873386 87675772 VLLM::Worker
3873390 87667792 VLLM::Worker
3873387 87330752 VLLM::Worker
3873391 87284308 VLLM::Worker
3791454 63593484 ray::WorkerDict
3791453 63586752 ray::WorkerDict
3791459 63555348 ray::WorkerDict
3791460 63513528 ray::WorkerDict
1317539 4829568 VLLM::Worker_TP
1317538 4825104 VLLM::Worker_TP
3880556 1828828 ray::AgentLoopW
3880552 1817268 ray::AgentLoopW
3880551 1743228 ray::AgentLoopW
== 2026-09-05T13:24:53+09:00
Mem:            1007         702         306         368         371         304
    PID   RSS COMMAND
3873386 87672700 VLLM::Worker
3873390 87670864 VLLM::Worker
3873387 87333056 VLLM::Worker
3873391 87285076 VLLM::Worker
3791454 63593484 ray::WorkerDict
3791453 63584448 ray::WorkerDict
3791459 63553812 ray::WorkerDict
3791460 63515064 ray::WorkerDict
1317539 4829568 VLLM::Worker_TP
1317538 4825104 VLLM::Worker_TP
3880556 1828828 ray::AgentLoopW
3880552 1817268 ray::AgentLoopW
3880551 1743228 ray::AgentLoopW
== 2026-09-05T13:25:13+09:00
Mem:            1007         702         306         368         371         304
    PID   RSS COMMAND
3873390 87670096 VLLM::Worker
3873386 87669628 VLLM::Worker
3873387 87332288 VLLM::Worker
3873391 87285076 VLLM::Worker
3791454 63592716 ray::WorkerDict
3791453 63586752 ray::WorkerDict
3791459 63553044 ray::WorkerDict
3791460 63516600 ray::WorkerDict
1317539 4829568 VLLM::Worker_TP
1317538 4825104 VLLM::Worker_TP
3880556 1828828 ray::AgentLoopW
3880552 1817268 ray::AgentLoopW
3880551 1743228 ray::AgentLoopW
== 2026-09-05T13:25:33+09:00
Mem:            1007         702         306         368         371         304
    PID   RSS COMMAND
3873386 87672700 VLLM::Worker
3873390 87667024 VLLM::Worker
3873387 87335360 VLLM::Worker
3873391 87285076 VLLM::Worker
3791454 63592716 ray::WorkerDict
3791453 63585984 ray::WorkerDict
3791459 63552276 ray::WorkerDict
3791460 63515064 ray::WorkerDict
1317539 4829568 VLLM::Worker_TP
1317538 4825104 VLLM::Worker_TP
3880556 1828828 ray::AgentLoopW
3880552 1817268 ray::AgentLoopW
3880551 1743228 ray::AgentLoopW
== 2026-09-05T13:25:53+09:00
Mem:            1007         702         306         368         371         304
    PID   RSS COMMAND
3873386 87673468 VLLM::Worker
3873390 87667024 VLLM::Worker
3873387 87333056 VLLM::Worker
3873391 87285076 VLLM::Worker
3791454 63593484 ray::WorkerDict
3791453 63587520 ray::WorkerDict
3791459 63555348 ray::WorkerDict
3791460 63514296 ray::WorkerDict
1317539 4829568 VLLM::Worker_TP
1317538 4825104 VLLM::Worker_TP
3880556 1828828 ray::AgentLoopW
3880552 1817268 ray::AgentLoopW
3880551 1743228 ray::AgentLoopW
== 2026-09-05T13:26:13+09:00
Mem:            1007         702         306         368         371         304
    PID   RSS COMMAND
3873386 87675772 VLLM::Worker
3873390 87670864 VLLM::Worker
3873387 87332288 VLLM::Worker
3873391 87284308 VLLM::Worker
3791454 63593484 ray::WorkerDict
3791453 63586752 ray::WorkerDict
3791459 63556884 ray::WorkerDict
3791460 63514296 ray::WorkerDict
1317539 4829568 VLLM::Worker_TP
1317538 4825104 VLLM::Worker_TP
3880556 1828828 ray::AgentLoopW
3880552 1817268 ray::AgentLoopW
3880551 1743228 ray::AgentLoopW
== 2026-09-05T13:26:33+09:00
Mem:            1007         702         306         368         371         304
    PID   RSS COMMAND
3873386 87672700 VLLM::Worker
3873390 87670864 VLLM::Worker
3873387 87329984 VLLM::Worker
3873391 87285844 VLLM::Worker
3791454 63595020 ray::WorkerDict
3791453 63586752 ray::WorkerDict
3791459 63556884 ray::WorkerDict
3791460 63515064 ray::WorkerDict
1317539 4829568 VLLM::Worker_TP
1317538 4825104 VLLM::Worker_TP
3880556 1828828 ray::AgentLoopW
3880552 1817268 ray::AgentLoopW
3880551 1743228 ray::AgentLoopW
== 2026-09-05T13:26:53+09:00
Mem:            1007         702         306         368         371         304
    PID   RSS COMMAND
3873386 87672700 VLLM::Worker
3873390 87670864 VLLM::Worker
3873387 87332288 VLLM::Worker
3873391 87287380 VLLM::Worker
3791454 63594252 ray::WorkerDict
3791453 63585984 ray::WorkerDict
3791459 63557652 ray::WorkerDict
3791460 63514296 ray::WorkerDict
1317539 4829568 VLLM::Worker_TP
1317538 4825104 VLLM::Worker_TP
3880556 1828828 ray::AgentLoopW
3880552 1817268 ray::AgentLoopW
3880551 1743228 ray::AgentLoopW
== 2026-09-05T13:27:13+09:00
Mem:            1007         702         306         368         371         304
    PID   RSS COMMAND
3873386 87675772 VLLM::Worker
3873390 87667792 VLLM::Worker
3873387 87330752 VLLM::Worker
3873391 87285076 VLLM::Worker
3791454 63594252 ray::WorkerDict
3791453 63587520 ray::WorkerDict
3791459 63558420 ray::WorkerDict
3791460 63514296 ray::WorkerDict
1317539 4829568 VLLM::Worker_TP
1317538 4825104 VLLM::Worker_TP
3880556 1828828 ray::AgentLoopW
3880552 1817268 ray::AgentLoopW
3880551 1743228 ray::AgentLoopW
== 2026-09-05T13:27:33+09:00
Mem:            1007         702         306         368         371         304
    PID   RSS COMMAND
3873386 87675772 VLLM::Worker
3873390 87667792 VLLM::Worker
3873387 87334592 VLLM::Worker
3873391 87285844 VLLM::Worker
3791454 63595788 ray::WorkerDict
3791453 63586752 ray::WorkerDict
3791459 63556884 ray::WorkerDict
3791460 63515832 ray::WorkerDict
1317539 4829568 VLLM::Worker_TP
1317538 4825104 VLLM::Worker_TP
3880556 1828828 ray::AgentLoopW
3880552 1817268 ray::AgentLoopW
3880551 1743228 ray::AgentLoopW
== 2026-09-05T13:27:53+09:00
Mem:            1007         702         306         368         371         304
    PID   RSS COMMAND
3873386 87672700 VLLM::Worker
3873390 87668560 VLLM::Worker
3873387 87331520 VLLM::Worker
3873391 87284308 VLLM::Worker
3791454 63595020 ray::WorkerDict
3791453 63587520 ray::WorkerDict
3791459 63557652 ray::WorkerDict
3791460 63515064 ray::WorkerDict
1317539 4829568 VLLM::Worker_TP
1317538 4825104 VLLM::Worker_TP
3880556 1828828 ray::AgentLoopW
3880552 1817268 ray::AgentLoopW
3880551 1743228 ray::AgentLoopW
== 2026-09-05T13:28:13+09:00
Mem:            1007         702         306         368         371         304
    PID   RSS COMMAND
3873386 87675004 VLLM::Worker
3873390 87673936 VLLM::Worker
3873387 87329984 VLLM::Worker
3873391 87285076 VLLM::Worker
3791454 63595020 ray::WorkerDict
3791453 63586752 ray::WorkerDict
3791459 63559188 ray::WorkerDict
3791460 63515064 ray::WorkerDict
1317539 4829568 VLLM::Worker_TP
1317538 4825104 VLLM::Worker_TP
3880556 1828828 ray::AgentLoopW
3880552 1817268 ray::AgentLoopW
3880551 1743228 ray::AgentLoopW
== 2026-09-05T13:28:34+09:00
Mem:            1007         702         306         368         371         304
    PID   RSS COMMAND
3873386 87674236 VLLM::Worker
3873390 87670096 VLLM::Worker
3873387 87330752 VLLM::Worker
3873391 87285844 VLLM::Worker
3791454 63594252 ray::WorkerDict
3791453 63585984 ray::WorkerDict
3791459 63556884 ray::WorkerDict
3791460 63515064 ray::WorkerDict
1317539 4829568 VLLM::Worker_TP
1317538 4825104 VLLM::Worker_TP
3880556 1828828 ray::AgentLoopW
3880552 1817268 ray::AgentLoopW
3880551 1743228 ray::AgentLoopW
== 2026-09-05T13:28:54+09:00
Mem:            1007         702         306         368         371         304
    PID   RSS COMMAND
3873386 87674236 VLLM::Worker
3873390 87670096 VLLM::Worker
3873387 87333824 VLLM::Worker
3873391 87286612 VLLM::Worker
3791454 63593484 ray::WorkerDict
3791453 63585216 ray::WorkerDict
3791459 63557652 ray::WorkerDict
3791460 63512760 ray::WorkerDict
1317539 4829568 VLLM::Worker_TP
1317538 4825104 VLLM::Worker_TP
3880556 1828828 ray::AgentLoopW
3880552 1817268 ray::AgentLoopW
3880551 1743228 ray::AgentLoopW
== 2026-09-05T13:29:14+09:00
Mem:            1007         702         306         368         371         304
    PID   RSS COMMAND
3873386 87673468 VLLM::Worker
3873390 87669328 VLLM::Worker
3873387 87332288 VLLM::Worker
3873391 87286612 VLLM::Worker
3791454 63593484 ray::WorkerDict
3791453 63584448 ray::WorkerDict
3791459 63556116 ray::WorkerDict
3791460 63511992 ray::WorkerDict
1317539 4829568 VLLM::Worker_TP
1317538 4825104 VLLM::Worker_TP
3880556 1828828 ray::AgentLoopW
3880552 1817268 ray::AgentLoopW
3880551 1743228 ray::AgentLoopW
== 2026-09-05T13:29:34+09:00
Mem:            1007         702         306         368         371         304
    PID   RSS COMMAND
3873386 87675004 VLLM::Worker
3873390 87670864 VLLM::Worker
3873387 87333056 VLLM::Worker
3873391 87287380 VLLM::Worker
3791454 63591180 ray::WorkerDict
3791453 63586752 ray::WorkerDict
3791459 63556116 ray::WorkerDict
3791460 63512760 ray::WorkerDict
1317539 4829568 VLLM::Worker_TP
1317538 4825104 VLLM::Worker_TP
3880556 1828828 ray::AgentLoopW
3880552 1817268 ray::AgentLoopW
3880551 1743228 ray::AgentLoopW
== 2026-09-05T13:29:54+09:00
Mem:            1007         702         306         368         371         304
    PID   RSS COMMAND
3873386 87675772 VLLM::Worker
3873390 87670864 VLLM::Worker
3873387 87334592 VLLM::Worker
3873391 87284308 VLLM::Worker
3791454 63591180 ray::WorkerDict
3791453 63585984 ray::WorkerDict
3791459 63555348 ray::WorkerDict
3791460 63514296 ray::WorkerDict
1317539 4829568 VLLM::Worker_TP
1317538 4825104 VLLM::Worker_TP
3880556 1828828 ray::AgentLoopW
3880552 1817268 ray::AgentLoopW
3880551 1743228 ray::AgentLoopW
== 2026-09-05T13:30:14+09:00
Mem:            1007         702         306         368         371         304
    PID   RSS COMMAND
3873386 87671932 VLLM::Worker
3873390 87670096 VLLM::Worker
3873387 87330752 VLLM::Worker
3873391 87283540 VLLM::Worker
3791454 63590412 ray::WorkerDict
3791453 63584448 ray::WorkerDict
3791459 63556116 ray::WorkerDict
3791460 63512760 ray::WorkerDict
1317539 4829568 VLLM::Worker_TP
1317538 4825104 VLLM::Worker_TP
3880556 1828828 ray::AgentLoopW
3880552 1817268 ray::AgentLoopW
3880551 1743228 ray::AgentLoopW
== 2026-09-05T13:30:34+09:00
Mem:            1007         702         306         368         371         304
    PID   RSS COMMAND
3873386 87675772 VLLM::Worker
3873390 87671632 VLLM::Worker
3873387 87331520 VLLM::Worker
3873391 87286612 VLLM::Worker
3791454 63591180 ray::WorkerDict
3791453 63586752 ray::WorkerDict
3791459 63555348 ray::WorkerDict
3791460 63511224 ray::WorkerDict
1317539 4829568 VLLM::Worker_TP
1317538 4825104 VLLM::Worker_TP
3880556 1828828 ray::AgentLoopW
3880552 1817268 ray::AgentLoopW
3880551 1743228 ray::AgentLoopW
== 2026-09-05T13:30:54+09:00
Mem:            1007         702         306         368         371         304
    PID   RSS COMMAND
3873386 87672700 VLLM::Worker
3873390 87670096 VLLM::Worker
3873387 87334592 VLLM::Worker
3873391 87284308 VLLM::Worker
3791454 63595020 ray::WorkerDict
3791453 63585984 ray::WorkerDict
3791459 63556884 ray::WorkerDict
3791460 63515832 ray::WorkerDict
1317539 4829568 VLLM::Worker_TP
1317538 4825104 VLLM::Worker_TP
3880556 1828828 ray::AgentLoopW
3880552 1817268 ray::AgentLoopW
3880551 1743228 ray::AgentLoopW
== 2026-09-05T13:31:14+09:00
Mem:            1007         702         306         368         371         304
    PID   RSS COMMAND
3873386 87672700 VLLM::Worker
3873390 87669328 VLLM::Worker
3873387 87333056 VLLM::Worker
3873391 87286612 VLLM::Worker
3791454 63595788 ray::WorkerDict
3791453 63586752 ray::WorkerDict
3791459 63556116 ray::WorkerDict
3791460 63516600 ray::WorkerDict
1317539 4829568 VLLM::Worker_TP
1317538 4825104 VLLM::Worker_TP
3880556 1828828 ray::AgentLoopW
3880552 1817268 ray::AgentLoopW
3880551 1743228 ray::AgentLoopW
== 2026-09-05T13:31:34+09:00
Mem:            1007         702         306         368         371         304
    PID   RSS COMMAND
3873386 87672700 VLLM::Worker
3873390 87669328 VLLM::Worker
3873387 87333056 VLLM::Worker
3873391 87285844 VLLM::Worker
3791454 63597324 ray::WorkerDict
3791453 63586752 ray::WorkerDict
3791459 63557652 ray::WorkerDict
3791460 63518904 ray::WorkerDict
1317539 4829568 VLLM::Worker_TP
1317538 4825104 VLLM::Worker_TP
3880556 1828828 ray::AgentLoopW
3880552 1817268 ray::AgentLoopW
3880551 1743228 ray::AgentLoopW
== 2026-09-05T13:31:54+09:00
Mem:            1007         702         306         368         371         304
    PID   RSS COMMAND
3873386 87674236 VLLM::Worker
3873390 87668560 VLLM::Worker
3873387 87330752 VLLM::Worker
3873391 87284308 VLLM::Worker
3791454 63595788 ray::WorkerDict
3791453 63586752 ray::WorkerDict
3791459 63556884 ray::WorkerDict
3791460 63518136 ray::WorkerDict
1317539 4829568 VLLM::Worker_TP
1317538 4825104 VLLM::Worker_TP
3880556 1828828 ray::AgentLoopW
3880552 1817268 ray::AgentLoopW
3880551 1743228 ray::AgentLoopW
== 2026-09-05T13:32:14+09:00
Mem:            1007         702         306         368         371         304
    PID   RSS COMMAND
3873386 87674236 VLLM::Worker
3873390 87667792 VLLM::Worker
3873387 87333824 VLLM::Worker
3873391 87283540 VLLM::Worker
3791454 63596556 ray::WorkerDict
3791453 63587520 ray::WorkerDict
3791459 63556884 ray::WorkerDict
3791460 63516600 ray::WorkerDict
1317539 4829568 VLLM::Worker_TP
1317538 4825104 VLLM::Worker_TP
3880556 1828828 ray::AgentLoopW
3880552 1817268 ray::AgentLoopW
3880551 1743228 ray::AgentLoopW
== 2026-09-05T13:32:34+09:00
Mem:            1007         702         306         368         371         304
    PID   RSS COMMAND
3873386 87673468 VLLM::Worker
3873390 87669328 VLLM::Worker
3873387 87333056 VLLM::Worker
3873391 87285076 VLLM::Worker
3791454 63594252 ray::WorkerDict
3791453 63585984 ray::WorkerDict
3791459 63558420 ray::WorkerDict
3791460 63515064 ray::WorkerDict
1317539 4829568 VLLM::Worker_TP
1317538 4825104 VLLM::Worker_TP
3880556 1828828 ray::AgentLoopW
3880552 1817268 ray::AgentLoopW
3880551 1743228 ray::AgentLoopW
== 2026-09-05T13:32:54+09:00
Mem:            1007         702         306         368         371         304
    PID   RSS COMMAND
3873386 87675004 VLLM::Worker
3873390 87670096 VLLM::Worker
3873387 87333056 VLLM::Worker
3873391 87284308 VLLM::Worker
3791454 63592716 ray::WorkerDict
3791453 63585984 ray::WorkerDict
3791459 63558420 ray::WorkerDict
3791460 63515064 ray::WorkerDict
1317539 4829568 VLLM::Worker_TP
1317538 4825104 VLLM::Worker_TP
3880556 1828828 ray::AgentLoopW
3880552 1817268 ray::AgentLoopW
3880551 1743228 ray::AgentLoopW
== 2026-09-05T13:33:14+09:00
Mem:            1007         702         306         368         371         304
    PID   RSS COMMAND
3873386 87674236 VLLM::Worker
3873390 87671632 VLLM::Worker
3873387 87334592 VLLM::Worker
3873391 87286612 VLLM::Worker
3791454 63593484 ray::WorkerDict
3791453 63585984 ray::WorkerDict
3791459 63556884 ray::WorkerDict
3791460 63516600 ray::WorkerDict
1317539 4829568 VLLM::Worker_TP
1317538 4825104 VLLM::Worker_TP
3880556 1828828 ray::AgentLoopW
3880552 1817268 ray::AgentLoopW
3880551 1743228 ray::AgentLoopW
== 2026-09-05T13:33:34+09:00
Mem:            1007         702         306         368         371         304
    PID   RSS COMMAND
3873386 87676540 VLLM::Worker
3873390 87669328 VLLM::Worker
3873387 87332288 VLLM::Worker
3873391 87284308 VLLM::Worker
3791454 63594252 ray::WorkerDict
3791453 63585984 ray::WorkerDict
3791459 63557652 ray::WorkerDict
3791460 63515064 ray::WorkerDict
1317539 4829568 VLLM::Worker_TP
1317538 4825104 VLLM::Worker_TP
3880556 1828828 ray::AgentLoopW
3880552 1817268 ray::AgentLoopW
3880551 1743228 ray::AgentLoopW
== 2026-09-05T13:33:54+09:00
Mem:            1007         702         306         368         371         304
    PID   RSS COMMAND
3873386 87672700 VLLM::Worker
3873390 87670096 VLLM::Worker
3873387 87334592 VLLM::Worker
3873391 87285844 VLLM::Worker
3791454 63594252 ray::WorkerDict
3791453 63586752 ray::WorkerDict
3791459 63558420 ray::WorkerDict
3791460 63513528 ray::WorkerDict
1317539 4829568 VLLM::Worker_TP
1317538 4825104 VLLM::Worker_TP
3880556 1828828 ray::AgentLoopW
3880552 1817268 ray::AgentLoopW
3880551 1743228 ray::AgentLoopW
== 2026-09-05T13:34:14+09:00
Mem:            1007         702         306         368         371         304
    PID   RSS COMMAND
3873386 87671164 VLLM::Worker
3873390 87668560 VLLM::Worker
3873387 87332288 VLLM::Worker
3873391 87285076 VLLM::Worker
3791454 63594252 ray::WorkerDict
3791453 63586752 ray::WorkerDict
3791459 63557652 ray::WorkerDict
3791460 63514296 ray::WorkerDict
1317539 4829568 VLLM::Worker_TP
1317538 4825104 VLLM::Worker_TP
3880556 1828828 ray::AgentLoopW
3880552 1817268 ray::AgentLoopW
3880551 1743228 ray::AgentLoopW
== 2026-09-05T13:34:34+09:00
Mem:            1007         702         306         368         371         304
    PID   RSS COMMAND
3873386 87672700 VLLM::Worker
3873390 87668560 VLLM::Worker
3873387 87333056 VLLM::Worker
3873391 87282772 VLLM::Worker
3791454 63591948 ray::WorkerDict
3791453 63586752 ray::WorkerDict
3791459 63556116 ray::WorkerDict
3791460 63514296 ray::WorkerDict
1317539 4829568 VLLM::Worker_TP
1317538 4825104 VLLM::Worker_TP
3880556 1828828 ray::AgentLoopW
3880552 1817268 ray::AgentLoopW
3880551 1743228 ray::AgentLoopW
== 2026-09-05T13:34:54+09:00
Mem:            1007         702         306         368         371         304
    PID   RSS COMMAND
3873386 87675772 VLLM::Worker
3873390 87673936 VLLM::Worker
3873387 87331520 VLLM::Worker
3873391 87285844 VLLM::Worker
3791454 63591180 ray::WorkerDict
3791453 63584448 ray::WorkerDict
3791459 63556116 ray::WorkerDict
3791460 63515064 ray::WorkerDict
1317539 4829568 VLLM::Worker_TP
1317538 4825104 VLLM::Worker_TP
3880556 1828828 ray::AgentLoopW
3880552 1817268 ray::AgentLoopW
3880551 1743228 ray::AgentLoopW
== 2026-09-05T13:35:14+09:00
Mem:            1007         702         306         368         371         304
    PID   RSS COMMAND
3873386 87675772 VLLM::Worker
3873390 87671632 VLLM::Worker
3873387 87333056 VLLM::Worker
3873391 87285076 VLLM::Worker
3791454 63591948 ray::WorkerDict
3791453 63588288 ray::WorkerDict
3791459 63553812 ray::WorkerDict
3791460 63515064 ray::WorkerDict
1317539 4829568 VLLM::Worker_TP
1317538 4825104 VLLM::Worker_TP
3880556 1828828 ray::AgentLoopW
3880552 1817268 ray::AgentLoopW
3880551 1743228 ray::AgentLoopW
== 2026-09-05T13:35:34+09:00
Mem:            1007         702         306         368         371         304
    PID   RSS COMMAND
3873386 87674236 VLLM::Worker
3873390 87670864 VLLM::Worker
3873387 87333824 VLLM::Worker
3873391 87282004 VLLM::Worker
3791454 63591180 ray::WorkerDict
3791453 63586752 ray::WorkerDict
3791459 63554580 ray::WorkerDict
3791460 63513528 ray::WorkerDict
1317539 4829568 VLLM::Worker_TP
1317538 4825104 VLLM::Worker_TP
3880556 1828828 ray::AgentLoopW
3880552 1817268 ray::AgentLoopW
3880551 1743228 ray::AgentLoopW
== 2026-09-05T13:35:54+09:00
Mem:            1007         702         306         368         371         304
    PID   RSS COMMAND
3873386 87675004 VLLM::Worker
3873390 87670096 VLLM::Worker
3873387 87331520 VLLM::Worker
3873391 87282004 VLLM::Worker
3791454 63591948 ray::WorkerDict
3791453 63586752 ray::WorkerDict
3791459 63553812 ray::WorkerDict
3791460 63513528 ray::WorkerDict
1317539 4829568 VLLM::Worker_TP
1317538 4825104 VLLM::Worker_TP
3880556 1828828 ray::AgentLoopW
3880552 1817268 ray::AgentLoopW
3880551 1743228 ray::AgentLoopW
== 2026-09-05T13:36:14+09:00
Mem:            1007         702         306         368         371         304
    PID   RSS COMMAND
3873386 87673468 VLLM::Worker
3873390 87670096 VLLM::Worker
3873387 87333824 VLLM::Worker
3873391 87286612 VLLM::Worker
3791454 63592716 ray::WorkerDict
3791453 63583680 ray::WorkerDict
3791459 63553812 ray::WorkerDict
3791460 63515064 ray::WorkerDict
1317539 4829568 VLLM::Worker_TP
1317538 4825104 VLLM::Worker_TP
3880556 1828828 ray::AgentLoopW
3880552 1817268 ray::AgentLoopW
3880551 1743228 ray::AgentLoopW
== 2026-09-05T13:36:34+09:00
Mem:            1007         702         306         368         371         304
    PID   RSS COMMAND
3873386 87673468 VLLM::Worker
3873390 87669328 VLLM::Worker
3873387 87333056 VLLM::Worker
3873391 87283540 VLLM::Worker
3791454 63593484 ray::WorkerDict
3791453 63585984 ray::WorkerDict
3791459 63554580 ray::WorkerDict
3791460 63515832 ray::WorkerDict
1317539 4829568 VLLM::Worker_TP
1317538 4825104 VLLM::Worker_TP
3880556 1828828 ray::AgentLoopW
3880552 1817268 ray::AgentLoopW
3880551 1740628 ray::AgentLoopW
== 2026-09-05T13:36:54+09:00
Mem:            1007         702         306         368         371         304
    PID   RSS COMMAND
3873390 87671632 VLLM::Worker
3873386 87670396 VLLM::Worker
3873387 87334592 VLLM::Worker
3873391 87285844 VLLM::Worker
3791454 63592716 ray::WorkerDict
3791453 63585216 ray::WorkerDict
3791459 63556116 ray::WorkerDict
3791460 63515064 ray::WorkerDict
1317539 4829568 VLLM::Worker_TP
1317538 4825104 VLLM::Worker_TP
3880556 1828828 ray::AgentLoopW
3880552 1817268 ray::AgentLoopW
3880551 1740628 ray::AgentLoopW
== 2026-09-05T13:37:14+09:00
Mem:            1007         702         306         368         371         304
    PID   RSS COMMAND
3873386 87675004 VLLM::Worker
3873390 87671632 VLLM::Worker
3873387 87332288 VLLM::Worker
3873391 87286612 VLLM::Worker
3791454 63591948 ray::WorkerDict
3791453 63582912 ray::WorkerDict
3791459 63556884 ray::WorkerDict
3791460 63516600 ray::WorkerDict
1317539 4829568 VLLM::Worker_TP
1317538 4825104 VLLM::Worker_TP
3880556 1828828 ray::AgentLoopW
3880552 1817268 ray::AgentLoopW
3880551 1740628 ray::AgentLoopW
== 2026-09-05T13:37:34+09:00
Mem:            1007         702         306         368         371         304
    PID   RSS COMMAND
3873386 87674236 VLLM::Worker
3873390 87667792 VLLM::Worker
3873387 87331520 VLLM::Worker
3873391 87284308 VLLM::Worker
3791454 63590412 ray::WorkerDict
3791453 63583680 ray::WorkerDict
3791459 63556116 ray::WorkerDict
3791460 63515064 ray::WorkerDict
1317539 4829568 VLLM::Worker_TP
1317538 4825104 VLLM::Worker_TP
3880556 1828828 ray::AgentLoopW
3880552 1817268 ray::AgentLoopW
3880551 1740628 ray::AgentLoopW
== 2026-09-05T13:37:54+09:00
Mem:            1007         702         306         368         371         304
    PID   RSS COMMAND
3873386 87672700 VLLM::Worker
3873390 87669328 VLLM::Worker
3873387 87331520 VLLM::Worker
3873391 87285844 VLLM::Worker
3791454 63591948 ray::WorkerDict
3791453 63588288 ray::WorkerDict
3791459 63556884 ray::WorkerDict
3791460 63512760 ray::WorkerDict
1317539 4829568 VLLM::Worker_TP
1317538 4825104 VLLM::Worker_TP
3880556 1828828 ray::AgentLoopW
3880552 1817268 ray::AgentLoopW
3880551 1740628 ray::AgentLoopW
== 2026-09-05T13:38:14+09:00
Mem:            1007         702         306         368         371         304
    PID   RSS COMMAND
3873386 87675772 VLLM::Worker
3873390 87670096 VLLM::Worker
3873387 87331520 VLLM::Worker
3873391 87284308 VLLM::Worker
3791454 63592716 ray::WorkerDict
3791453 63587520 ray::WorkerDict
3791459 63557652 ray::WorkerDict
3791460 63514296 ray::WorkerDict
1317539 4829568 VLLM::Worker_TP
1317538 4825104 VLLM::Worker_TP
3880556 1828828 ray::AgentLoopW
3880552 1817268 ray::AgentLoopW
3880551 1740628 ray::AgentLoopW
== 2026-09-05T13:38:34+09:00
Mem:            1007         702         306         368         371         304
    PID   RSS COMMAND
3873386 87674236 VLLM::Worker
3873390 87670864 VLLM::Worker
3873387 87334592 VLLM::Worker
3873391 87286612 VLLM::Worker
3791454 63595020 ray::WorkerDict
3791453 63587520 ray::WorkerDict
3791459 63558420 ray::WorkerDict
3791460 63513528 ray::WorkerDict
1317539 4829568 VLLM::Worker_TP
1317538 4825104 VLLM::Worker_TP
3880556 1828828 ray::AgentLoopW
3880552 1817268 ray::AgentLoopW
3880551 1740628 ray::AgentLoopW
== 2026-09-05T13:38:55+09:00
Mem:            1007         702         306         368         371         304
    PID   RSS COMMAND
3873386 87671932 VLLM::Worker
3873390 87671632 VLLM::Worker
3873387 87331520 VLLM::Worker
3873391 87286612 VLLM::Worker
3791454 63593484 ray::WorkerDict
3791453 63589824 ray::WorkerDict
3791459 63557652 ray::WorkerDict
3791460 63513528 ray::WorkerDict
1317539 4829568 VLLM::Worker_TP
1317538 4825104 VLLM::Worker_TP
3880556 1828828 ray::AgentLoopW
3880552 1817268 ray::AgentLoopW
3880551 1740628 ray::AgentLoopW
== 2026-09-05T13:39:15+09:00
Mem:            1007         702         306         368         371         304
    PID   RSS COMMAND
3873386 87672700 VLLM::Worker
3873390 87671632 VLLM::Worker
3873387 87333056 VLLM::Worker
3873391 87285076 VLLM::Worker
3791454 63592716 ray::WorkerDict
3791453 63588288 ray::WorkerDict
3791459 63556116 ray::WorkerDict
3791460 63515832 ray::WorkerDict
1317539 4829568 VLLM::Worker_TP
1317538 4825104 VLLM::Worker_TP
3880556 1828828 ray::AgentLoopW
3880552 1817268 ray::AgentLoopW
3880551 1740628 ray::AgentLoopW
== 2026-09-05T13:39:35+09:00
Mem:            1007         702         306         368         371         304
    PID   RSS COMMAND
3873386 87675772 VLLM::Worker
3873390 87670864 VLLM::Worker
3873387 87332288 VLLM::Worker
3873391 87287380 VLLM::Worker
3791454 63591180 ray::WorkerDict
3791453 63585984 ray::WorkerDict
3791459 63556884 ray::WorkerDict
3791460 63516600 ray::WorkerDict
1317539 4829568 VLLM::Worker_TP
1317538 4825104 VLLM::Worker_TP
3880556 1828828 ray::AgentLoopW
3880552 1817268 ray::AgentLoopW
3880551 1740628 ray::AgentLoopW
== 2026-09-05T13:39:55+09:00
Mem:            1007         702         306         368         371         304
    PID   RSS COMMAND
3873386 87672700 VLLM::Worker
3873390 87668560 VLLM::Worker
3873387 87332288 VLLM::Worker
3873391 87285844 VLLM::Worker
3791454 63591948 ray::WorkerDict
3791453 63586752 ray::WorkerDict
3791459 63556116 ray::WorkerDict
3791460 63514296 ray::WorkerDict
1317539 4829568 VLLM::Worker_TP
1317538 4825104 VLLM::Worker_TP
3880556 1828828 ray::AgentLoopW
3880552 1817268 ray::AgentLoopW
3880551 1740628 ray::AgentLoopW
== 2026-09-05T13:40:15+09:00
Mem:            1007         702         306         368         371         304
    PID   RSS COMMAND
3873386 87672700 VLLM::Worker
3873390 87667792 VLLM::Worker
3873387 87333056 VLLM::Worker
3873391 87285076 VLLM::Worker
3791454 63591948 ray::WorkerDict
3791453 63584448 ray::WorkerDict
3791459 63556116 ray::WorkerDict
3791460 63516600 ray::WorkerDict
1317539 4829568 VLLM::Worker_TP
1317538 4825104 VLLM::Worker_TP
3880556 1828828 ray::AgentLoopW
3880552 1817268 ray::AgentLoopW
3880551 1740628 ray::AgentLoopW
== 2026-09-05T13:40:35+09:00
Mem:            1007         702         306         368         371         304
    PID   RSS COMMAND
3873386 87674236 VLLM::Worker
3873390 87671632 VLLM::Worker
3873387 87334592 VLLM::Worker
3873391 87282772 VLLM::Worker
3791454 63591948 ray::WorkerDict
3791453 63585216 ray::WorkerDict
3791459 63557652 ray::WorkerDict
3791460 63514296 ray::WorkerDict
1317539 4829568 VLLM::Worker_TP
1317538 4825104 VLLM::Worker_TP
3880556 1828828 ray::AgentLoopW
3880552 1817268 ray::AgentLoopW
3880551 1740628 ray::AgentLoopW
== 2026-09-05T13:40:55+09:00
Mem:            1007         702         306         368         371         304
    PID   RSS COMMAND
3873386 87672700 VLLM::Worker
3873390 87670096 VLLM::Worker
3873387 87332288 VLLM::Worker
3873391 87282772 VLLM::Worker
3791454 63592716 ray::WorkerDict
3791453 63584448 ray::WorkerDict
3791459 63558420 ray::WorkerDict
3791460 63513528 ray::WorkerDict
1317539 4829568 VLLM::Worker_TP
1317538 4825104 VLLM::Worker_TP
3880556 1828828 ray::AgentLoopW
3880552 1817268 ray::AgentLoopW
3880551 1740628 ray::AgentLoopW
== 2026-09-05T13:41:15+09:00
Mem:            1007         702         306         368         371         304
    PID   RSS COMMAND
3873386 87674236 VLLM::Worker
3873390 87673168 VLLM::Worker
3873387 87331520 VLLM::Worker
3873391 87282772 VLLM::Worker
3791454 63592716 ray::WorkerDict
3791453 63585216 ray::WorkerDict
3791459 63556116 ray::WorkerDict
3791460 63515064 ray::WorkerDict
1317539 4829568 VLLM::Worker_TP
1317538 4825104 VLLM::Worker_TP
3880556 1828828 ray::AgentLoopW
3880552 1817268 ray::AgentLoopW
3880551 1740628 ray::AgentLoopW
== 2026-09-05T13:41:35+09:00
Mem:            1007         702         306         368         371         304
    PID   RSS COMMAND
3873386 87675772 VLLM::Worker
3873390 87669328 VLLM::Worker
3873387 87331520 VLLM::Worker
3873391 87285076 VLLM::Worker
3791454 63591948 ray::WorkerDict
3791453 63585216 ray::WorkerDict
3791459 63558420 ray::WorkerDict
3791460 63514296 ray::WorkerDict
1317539 4829568 VLLM::Worker_TP
1317538 4825104 VLLM::Worker_TP
3880556 1828828 ray::AgentLoopW
3880552 1817268 ray::AgentLoopW
3880551 1740628 ray::AgentLoopW
== 2026-09-05T13:41:55+09:00
Mem:            1007         702         306         368         371         304
    PID   RSS COMMAND
3873386 87675772 VLLM::Worker
3873390 87673168 VLLM::Worker
3873387 87333056 VLLM::Worker
3873391 87282772 VLLM::Worker
3791454 63593484 ray::WorkerDict
3791453 63588288 ray::WorkerDict
3791459 63559188 ray::WorkerDict
3791460 63515064 ray::WorkerDict
1317539 4829568 VLLM::Worker_TP
1317538 4825104 VLLM::Worker_TP
3880556 1828828 ray::AgentLoopW
3880552 1817268 ray::AgentLoopW
3880551 1740628 ray::AgentLoopW
== 2026-09-05T13:42:15+09:00
Mem:            1007         702         306         368         371         304
    PID   RSS COMMAND
3873386 87674236 VLLM::Worker
3873390 87672400 VLLM::Worker
3873387 87335360 VLLM::Worker
3873391 87284308 VLLM::Worker
3791454 63592716 ray::WorkerDict
3791453 63587520 ray::WorkerDict
3791459 63556884 ray::WorkerDict
3791460 63515832 ray::WorkerDict
1317539 4829568 VLLM::Worker_TP
1317538 4825104 VLLM::Worker_TP
3880556 1828828 ray::AgentLoopW
3880552 1817268 ray::AgentLoopW
3880551 1740628 ray::AgentLoopW
== 2026-09-05T13:42:35+09:00
Mem:            1007         702         306         368         371         304
    PID   RSS COMMAND
3873386 87675004 VLLM::Worker
3873390 87670864 VLLM::Worker
3873387 87333824 VLLM::Worker
3873391 87287380 VLLM::Worker
3791454 63592716 ray::WorkerDict
3791453 63585216 ray::WorkerDict
3791459 63557652 ray::WorkerDict
3791460 63514296 ray::WorkerDict
1317539 4829568 VLLM::Worker_TP
1317538 4825104 VLLM::Worker_TP
3880556 1828828 ray::AgentLoopW
3880552 1817268 ray::AgentLoopW
3880551 1740628 ray::AgentLoopW
== 2026-09-05T13:42:55+09:00
Mem:            1007         702         306         368         371         304
    PID   RSS COMMAND
3873386 87673468 VLLM::Worker
3873390 87669328 VLLM::Worker
3873387 87331520 VLLM::Worker
3873391 87286612 VLLM::Worker
3791454 63593484 ray::WorkerDict
3791453 63587520 ray::WorkerDict
3791459 63559188 ray::WorkerDict
3791460 63514296 ray::WorkerDict
1317539 4829568 VLLM::Worker_TP
1317538 4825104 VLLM::Worker_TP
3880556 1828828 ray::AgentLoopW
3880552 1817268 ray::AgentLoopW
3880551 1740628 ray::AgentLoopW
== 2026-09-05T13:43:15+09:00
Mem:            1007         702         306         368         371         304
    PID   RSS COMMAND
3873386 87677308 VLLM::Worker
3873390 87673168 VLLM::Worker
3873387 87332288 VLLM::Worker
3873391 87286612 VLLM::Worker
3791454 63591180 ray::WorkerDict
3791453 63587520 ray::WorkerDict
3791459 63558420 ray::WorkerDict
3791460 63514296 ray::WorkerDict
1317539 4829568 VLLM::Worker_TP
1317538 4825104 VLLM::Worker_TP
3880556 1828828 ray::AgentLoopW
3880552 1817268 ray::AgentLoopW
3880551 1740628 ray::AgentLoopW
== 2026-09-05T13:43:35+09:00
Mem:            1007         702         306         368         371         304
    PID   RSS COMMAND
3873386 87675772 VLLM::Worker
3873390 87671632 VLLM::Worker
3873387 87332288 VLLM::Worker
3873391 87282004 VLLM::Worker
3791454 63590412 ray::WorkerDict
3791453 63586752 ray::WorkerDict
3791459 63556116 ray::WorkerDict
3791460 63513528 ray::WorkerDict
1317539 4829568 VLLM::Worker_TP
1317538 4825104 VLLM::Worker_TP
3880556 1828828 ray::AgentLoopW
3880552 1817268 ray::AgentLoopW
3880551 1740628 ray::AgentLoopW
== 2026-09-05T13:43:55+09:00
Mem:            1007         702         306         368         371         304
    PID   RSS COMMAND
3873386 87676540 VLLM::Worker
3873390 87670096 VLLM::Worker
3873387 87334592 VLLM::Worker
3873391 87284308 VLLM::Worker
3791454 63591180 ray::WorkerDict
3791453 63587520 ray::WorkerDict
3791459 63555348 ray::WorkerDict
3791460 63511992 ray::WorkerDict
1317539 4829568 VLLM::Worker_TP
1317538 4825104 VLLM::Worker_TP
3880556 1828828 ray::AgentLoopW
3880552 1817268 ray::AgentLoopW
3880551 1740628 ray::AgentLoopW
== 2026-09-05T13:44:15+09:00
Mem:            1007         702         306         368         371         304
    PID   RSS COMMAND
3873386 87675772 VLLM::Worker
3873390 87670096 VLLM::Worker
3873387 87332288 VLLM::Worker
3873391 87284308 VLLM::Worker
3791454 63594252 ray::WorkerDict
3791453 63584448 ray::WorkerDict
3791459 63555348 ray::WorkerDict
3791460 63514296 ray::WorkerDict
1317539 4829568 VLLM::Worker_TP
1317538 4825104 VLLM::Worker_TP
3880556 1828828 ray::AgentLoopW
3880552 1817268 ray::AgentLoopW
3880551 1740628 ray::AgentLoopW
== 2026-09-05T13:44:35+09:00
Mem:            1007         702         306         368         371         304
    PID   RSS COMMAND
3873386 87675004 VLLM::Worker
3873390 87672400 VLLM::Worker
3873387 87332288 VLLM::Worker
3873391 87285076 VLLM::Worker
3791454 63592716 ray::WorkerDict
3791453 63585216 ray::WorkerDict
3791459 63556884 ray::WorkerDict
3791460 63514296 ray::WorkerDict
1317539 4829568 VLLM::Worker_TP
1317538 4825104 VLLM::Worker_TP
3880556 1828828 ray::AgentLoopW
3880552 1817268 ray::AgentLoopW
3880551 1740628 ray::AgentLoopW
== 2026-09-05T13:44:55+09:00
Mem:            1007         702         306         368         371         304
    PID   RSS COMMAND
3873386 87674236 VLLM::Worker
3873390 87670096 VLLM::Worker
3873387 87332288 VLLM::Worker
3873391 87282772 VLLM::Worker
3791454 63591948 ray::WorkerDict
3791453 63585216 ray::WorkerDict
3791459 63555348 ray::WorkerDict
3791460 63513528 ray::WorkerDict
1317539 4829568 VLLM::Worker_TP
1317538 4825104 VLLM::Worker_TP
3880556 1828828 ray::AgentLoopW
3880552 1817268 ray::AgentLoopW
3880551 1740628 ray::AgentLoopW
== 2026-09-05T13:45:15+09:00
Mem:            1007         702         306         368         371         304
    PID   RSS COMMAND
3873386 87672700 VLLM::Worker
3873390 87671632 VLLM::Worker
3873387 87332288 VLLM::Worker
3873391 87282772 VLLM::Worker
3791454 63592716 ray::WorkerDict
3791453 63584448 ray::WorkerDict
3791459 63555348 ray::WorkerDict
3791460 63511992 ray::WorkerDict
1317539 4829568 VLLM::Worker_TP
1317538 4825104 VLLM::Worker_TP
3880556 1828828 ray::AgentLoopW
3880552 1817268 ray::AgentLoopW
3880551 1740628 ray::AgentLoopW
== 2026-09-05T13:45:35+09:00
Mem:            1007         702         306         368         371         304
    PID   RSS COMMAND
3873386 87675772 VLLM::Worker
3873390 87669328 VLLM::Worker
3873387 87334592 VLLM::Worker
3873391 87283540 VLLM::Worker
3791454 63591180 ray::WorkerDict
3791453 63585216 ray::WorkerDict
3791459 63556884 ray::WorkerDict
3791460 63511224 ray::WorkerDict
1317539 4829568 VLLM::Worker_TP
1317538 4825104 VLLM::Worker_TP
3880556 1828828 ray::AgentLoopW
3880552 1817268 ray::AgentLoopW
3880551 1740628 ray::AgentLoopW
== 2026-09-05T13:45:55+09:00
Mem:            1007         702         306         368         371         304
    PID   RSS COMMAND
3873386 87672700 VLLM::Worker
3873390 87670864 VLLM::Worker
3873387 87331520 VLLM::Worker
3873391 87284308 VLLM::Worker
3791454 63591180 ray::WorkerDict
3791453 63585984 ray::WorkerDict
3791459 63556884 ray::WorkerDict
3791460 63511992 ray::WorkerDict
1317539 4829568 VLLM::Worker_TP
1317538 4825104 VLLM::Worker_TP
3880556 1828828 ray::AgentLoopW
3880552 1817268 ray::AgentLoopW
3880551 1740628 ray::AgentLoopW
== 2026-09-05T13:46:15+09:00
Mem:            1007         702         306         368         371         304
    PID   RSS COMMAND
3873386 87671932 VLLM::Worker
3873390 87670864 VLLM::Worker
3873387 87331520 VLLM::Worker
3873391 87282772 VLLM::Worker
3791454 63591948 ray::WorkerDict
3791453 63585984 ray::WorkerDict
3791459 63556116 ray::WorkerDict
3791460 63511992 ray::WorkerDict
1317539 4829568 VLLM::Worker_TP
1317538 4825104 VLLM::Worker_TP
3880556 1828828 ray::AgentLoopW
3880552 1817268 ray::AgentLoopW
3880551 1740628 ray::AgentLoopW
== 2026-09-05T13:46:35+09:00
Mem:            1007         702         306         368         371         304
    PID   RSS COMMAND
3873386 87671932 VLLM::Worker
3873390 87669328 VLLM::Worker
3873387 87333824 VLLM::Worker
3873391 87285076 VLLM::Worker
3791454 63591948 ray::WorkerDict
3791453 63586752 ray::WorkerDict
3791459 63557652 ray::WorkerDict
3791460 63513528 ray::WorkerDict
1317539 4829568 VLLM::Worker_TP
1317538 4825104 VLLM::Worker_TP
3880556 1828828 ray::AgentLoopW
3880552 1817268 ray::AgentLoopW
3880551 1740628 ray::AgentLoopW
== 2026-09-05T13:46:55+09:00
Mem:            1007         702         306         368         371         304
    PID   RSS COMMAND
3873386 87673468 VLLM::Worker
3873390 87670864 VLLM::Worker
3873387 87332288 VLLM::Worker
3873391 87282004 VLLM::Worker
3791454 63594252 ray::WorkerDict
3791453 63585216 ray::WorkerDict
3791459 63557652 ray::WorkerDict
3791460 63511224 ray::WorkerDict
1317539 4829568 VLLM::Worker_TP
1317538 4825104 VLLM::Worker_TP
3880556 1828828 ray::AgentLoopW
3880552 1817268 ray::AgentLoopW
3880551 1740628 ray::AgentLoopW
== 2026-09-05T13:47:15+09:00
Mem:            1007         702         306         368         371         304
    PID   RSS COMMAND
3873386 87672700 VLLM::Worker
3873390 87672400 VLLM::Worker
3873387 87333824 VLLM::Worker
3873391 87284308 VLLM::Worker
3791454 63592716 ray::WorkerDict
3791453 63583680 ray::WorkerDict
3791459 63557652 ray::WorkerDict
3791460 63511224 ray::WorkerDict
1317539 4829568 VLLM::Worker_TP
1317538 4825104 VLLM::Worker_TP
3880556 1828828 ray::AgentLoopW
3880552 1817268 ray::AgentLoopW
3880551 1740628 ray::AgentLoopW
== 2026-09-05T13:47:35+09:00
Mem:            1007         702         306         368         371         304
    PID   RSS COMMAND
3873386 87674236 VLLM::Worker
3873390 87672400 VLLM::Worker
3873387 87333056 VLLM::Worker
3873391 87283540 VLLM::Worker
3791454 63595788 ray::WorkerDict
3791453 63583680 ray::WorkerDict
3791459 63556884 ray::WorkerDict
3791460 63512760 ray::WorkerDict
1317539 4829568 VLLM::Worker_TP
1317538 4825104 VLLM::Worker_TP
3880556 1828828 ray::AgentLoopW
3880552 1817268 ray::AgentLoopW
3880551 1740628 ray::AgentLoopW
== 2026-09-05T13:47:55+09:00
Mem:            1007         702         306         368         371         304
    PID   RSS COMMAND
3873386 87674236 VLLM::Worker
3873390 87672400 VLLM::Worker
3873387 87331520 VLLM::Worker
3873391 87285844 VLLM::Worker
3791454 63595788 ray::WorkerDict
3791453 63586752 ray::WorkerDict
3791459 63556884 ray::WorkerDict
3791460 63515832 ray::WorkerDict
1317539 4829568 VLLM::Worker_TP
1317538 4825104 VLLM::Worker_TP
3880556 1828828 ray::AgentLoopW
3880552 1817268 ray::AgentLoopW
3880551 1740628 ray::AgentLoopW
== 2026-09-05T13:48:15+09:00
Mem:            1007         702         306         368         371         304
    PID   RSS COMMAND
3873386 87676540 VLLM::Worker
3873390 87670864 VLLM::Worker
3873387 87333056 VLLM::Worker
3873391 87285844 VLLM::Worker
3791454 63595020 ray::WorkerDict
3791453 63586752 ray::WorkerDict
3791459 63553812 ray::WorkerDict
3791460 63515064 ray::WorkerDict
1317539 4829568 VLLM::Worker_TP
1317538 4825104 VLLM::Worker_TP
3880556 1828828 ray::AgentLoopW
3880552 1817268 ray::AgentLoopW
3880551 1740628 ray::AgentLoopW
== 2026-09-05T13:48:35+09:00
Mem:            1007         702         306         368         371         304
    PID   RSS COMMAND
3873386 87671164 VLLM::Worker
3873390 87670864 VLLM::Worker
3873387 87333056 VLLM::Worker
3873391 87285076 VLLM::Worker
3791454 63595788 ray::WorkerDict
3791453 63585984 ray::WorkerDict
3791459 63553812 ray::WorkerDict
3791460 63515064 ray::WorkerDict
1317539 4827776 VLLM::Worker_TP
1317538 4823532 VLLM::Worker_TP
3880556 1828828 ray::AgentLoopW
3880552 1817268 ray::AgentLoopW
3880551 1740628 ray::AgentLoopW
== 2026-09-05T13:48:55+09:00
Mem:            1007         702         306         368         371         304
    PID   RSS COMMAND
3873386 87675004 VLLM::Worker
3873390 87671632 VLLM::Worker
3873387 87335360 VLLM::Worker
3873391 87283540 VLLM::Worker
3791454 63593484 ray::WorkerDict
3791453 63583680 ray::WorkerDict
3791459 63552276 ray::WorkerDict
3791460 63515832 ray::WorkerDict
1317539 4827776 VLLM::Worker_TP
1317538 4823532 VLLM::Worker_TP
3880556 1828828 ray::AgentLoopW
3880552 1817268 ray::AgentLoopW
3880551 1740628 ray::AgentLoopW
== 2026-09-05T13:49:16+09:00
Mem:            1007         702         306         368         371         304
    PID   RSS COMMAND
3873386 87674236 VLLM::Worker
3873390 87670864 VLLM::Worker
3873387 87333056 VLLM::Worker
3873391 87285076 VLLM::Worker
3791454 63591948 ray::WorkerDict
3791453 63583680 ray::WorkerDict
3791459 63552276 ray::WorkerDict
3791460 63514296 ray::WorkerDict
1317539 4827776 VLLM::Worker_TP
1317538 4823532 VLLM::Worker_TP
3880556 1828828 ray::AgentLoopW
3880552 1817268 ray::AgentLoopW
3880551 1740628 ray::AgentLoopW
== 2026-09-05T13:49:36+09:00
Mem:            1007         702         306         368         371         304
    PID   RSS COMMAND
3873386 87674236 VLLM::Worker
3873390 87670096 VLLM::Worker
3873387 87330752 VLLM::Worker
3873391 87282772 VLLM::Worker
3791454 63591948 ray::WorkerDict
3791453 63586752 ray::WorkerDict
3791459 63554580 ray::WorkerDict
3791460 63514296 ray::WorkerDict
1317539 4827776 VLLM::Worker_TP
1317538 4823532 VLLM::Worker_TP
3880556 1828828 ray::AgentLoopW
3880552 1817268 ray::AgentLoopW
3880551 1740628 ray::AgentLoopW
== 2026-09-05T13:49:56+09:00
Mem:            1007         702         306         368         371         304
    PID   RSS COMMAND
3873386 87673468 VLLM::Worker
3873390 87670864 VLLM::Worker
3873387 87330752 VLLM::Worker
3873391 87282772 VLLM::Worker
3791454 63591948 ray::WorkerDict
3791453 63588288 ray::WorkerDict
3791459 63554580 ray::WorkerDict
3791460 63514296 ray::WorkerDict
1317539 4827776 VLLM::Worker_TP
1317538 4823532 VLLM::Worker_TP
3880556 1828828 ray::AgentLoopW
3880552 1817268 ray::AgentLoopW
3880551 1740628 ray::AgentLoopW
== 2026-09-05T13:50:16+09:00
Mem:            1007         702         306         368         371         304
    PID   RSS COMMAND
3873386 87673468 VLLM::Worker
3873390 87670864 VLLM::Worker
3873387 87330752 VLLM::Worker
3873391 87282772 VLLM::Worker
3791454 63594252 ray::WorkerDict
3791453 63585984 ray::WorkerDict
3791459 63554580 ray::WorkerDict
3791460 63515064 ray::WorkerDict
1317539 4827776 VLLM::Worker_TP
1317538 4823532 VLLM::Worker_TP
3880556 1828828 ray::AgentLoopW
3880552 1817268 ray::AgentLoopW
3880551 1740628 ray::AgentLoopW
== 2026-09-05T13:50:36+09:00
Mem:            1007         702         306         368         371         305
    PID   RSS COMMAND
3873386 87673468 VLLM::Worker
3873390 87670096 VLLM::Worker
3873387 87332288 VLLM::Worker
3873391 87286612 VLLM::Worker
3791454 63593484 ray::WorkerDict
3791453 63585984 ray::WorkerDict
3791459 63554580 ray::WorkerDict
3791460 63514296 ray::WorkerDict
1317539 4827776 VLLM::Worker_TP
1317538 4823532 VLLM::Worker_TP
3880556 1828828 ray::AgentLoopW
3880552 1817268 ray::AgentLoopW
3880551 1740628 ray::AgentLoopW
== 2026-09-05T13:50:56+09:00
Mem:            1007         702         306         368         371         304
    PID   RSS COMMAND
3873386 87672700 VLLM::Worker
3873390 87670096 VLLM::Worker
3873387 87333056 VLLM::Worker
3873391 87284308 VLLM::Worker
3791454 63590036 ray::WorkerDict
3791453 63584488 ray::WorkerDict
3791459 63554248 ray::WorkerDict
3791460 63513844 ray::WorkerDict
1317539 4827776 VLLM::Worker_TP
1317538 4823532 VLLM::Worker_TP
3880556 1828828 ray::AgentLoopW
3880552 1817268 ray::AgentLoopW
3880551 1740628 ray::AgentLoopW
== 2026-09-05T13:51:16+09:00
Mem:            1007         702         306         368         371         304
    PID   RSS COMMAND
3873386 87675772 VLLM::Worker
3873390 87672400 VLLM::Worker
3873387 87332288 VLLM::Worker
3873391 87283540 VLLM::Worker
3791454 63590036 ray::WorkerDict
3791453 63585256 ray::WorkerDict
3791459 63558088 ray::WorkerDict
3791460 63513844 ray::WorkerDict
1317539 4827776 VLLM::Worker_TP
1317538 4823532 VLLM::Worker_TP
3880556 1828828 ray::AgentLoopW
3880552 1817268 ray::AgentLoopW
3880551 1740628 ray::AgentLoopW
== 2026-09-05T13:51:36+09:00
Mem:            1007         702         306         368         371         305
    PID   RSS COMMAND
3873386 87675772 VLLM::Worker
3873390 87671632 VLLM::Worker
3873387 87333056 VLLM::Worker
3873391 87283540 VLLM::Worker
3791454 63590804 ray::WorkerDict
3791453 63584488 ray::WorkerDict
3791459 63555784 ray::WorkerDict
3791460 63515380 ray::WorkerDict
1317539 4827776 VLLM::Worker_TP
1317538 4823532 VLLM::Worker_TP
3880556 1828828 ray::AgentLoopW
3880552 1817268 ray::AgentLoopW
3880551 1740628 ray::AgentLoopW
== 2026-09-05T13:51:56+09:00
Mem:            1007         702         306         368         371         305
    PID   RSS COMMAND
3873386 87673468 VLLM::Worker
3873390 87670864 VLLM::Worker
3873387 87332288 VLLM::Worker
3873391 87284308 VLLM::Worker
3791454 63590804 ray::WorkerDict
3791453 63583720 ray::WorkerDict
3791459 63556552 ray::WorkerDict
3791460 63514612 ray::WorkerDict
1317539 4827776 VLLM::Worker_TP
1317538 4823532 VLLM::Worker_TP
3880556 1828828 ray::AgentLoopW
3880552 1817268 ray::AgentLoopW
3880551 1740628 ray::AgentLoopW
== 2026-09-05T13:52:16+09:00
Mem:            1007         702         306         368         371         304
    PID   RSS COMMAND
3873386 87674236 VLLM::Worker
3873390 87669328 VLLM::Worker
3873387 87333824 VLLM::Worker
3873391 87283540 VLLM::Worker
3791454 63590804 ray::WorkerDict
3791453 63585256 ray::WorkerDict
3791459 63555784 ray::WorkerDict
3791460 63515380 ray::WorkerDict
1317539 4827776 VLLM::Worker_TP
1317538 4823532 VLLM::Worker_TP
3880556 1828828 ray::AgentLoopW
3880552 1817268 ray::AgentLoopW
3880551 1740628 ray::AgentLoopW
== 2026-09-05T13:52:36+09:00
Mem:            1007         702         306         368         371         305
    PID   RSS COMMAND
3873386 87673468 VLLM::Worker
3873390 87668560 VLLM::Worker
3873387 87334592 VLLM::Worker
3873391 87285076 VLLM::Worker
3791454 63591572 ray::WorkerDict
3791453 63582952 ray::WorkerDict
3791459 63555016 ray::WorkerDict
3791460 63513844 ray::WorkerDict
1317539 4827776 VLLM::Worker_TP
1317538 4823532 VLLM::Worker_TP
3880556 1828828 ray::AgentLoopW
3880552 1817268 ray::AgentLoopW
3880551 1740628 ray::AgentLoopW
== 2026-09-05T13:52:56+09:00
Mem:            1007         702         306         368         371         305
    PID   RSS COMMAND
3873386 87672700 VLLM::Worker
3873390 87670864 VLLM::Worker
3873387 87333056 VLLM::Worker
3873391 87285076 VLLM::Worker
3791454 63592340 ray::WorkerDict
3791453 63584488 ray::WorkerDict
3791459 63556552 ray::WorkerDict
3791460 63515380 ray::WorkerDict
1317539 4827776 VLLM::Worker_TP
1317538 4823532 VLLM::Worker_TP
3880556 1828828 ray::AgentLoopW
3880552 1817268 ray::AgentLoopW
3880551 1740628 ray::AgentLoopW
== 2026-09-05T13:53:16+09:00
Mem:            1007         702         306         368         371         304
    PID   RSS COMMAND
3873386 87675004 VLLM::Worker
3873390 87669328 VLLM::Worker
3873387 87334592 VLLM::Worker
3873391 87285844 VLLM::Worker
3791454 63590804 ray::WorkerDict
3791453 63583720 ray::WorkerDict
3791459 63553480 ray::WorkerDict
3791460 63513076 ray::WorkerDict
1317539 4827776 VLLM::Worker_TP
1317538 4823532 VLLM::Worker_TP
3880556 1828828 ray::AgentLoopW
3880552 1817268 ray::AgentLoopW
3880551 1740628 ray::AgentLoopW
== 2026-09-05T13:53:36+09:00
Mem:            1007         702         306         368         371         304
    PID   RSS COMMAND
3873386 87675004 VLLM::Worker
3873390 87670096 VLLM::Worker
3873387 87333824 VLLM::Worker
3873391 87285076 VLLM::Worker
3791454 63593108 ray::WorkerDict
3791453 63583720 ray::WorkerDict
3791459 63554248 ray::WorkerDict
3791460 63513844 ray::WorkerDict
1317539 4827776 VLLM::Worker_TP
1317538 4823532 VLLM::Worker_TP
3880556 1828828 ray::AgentLoopW
3880552 1817268 ray::AgentLoopW
3880551 1740628 ray::AgentLoopW
== 2026-09-05T13:53:56+09:00
Mem:            1007         702         306         368         371         305
    PID   RSS COMMAND
3873386 87671932 VLLM::Worker
3873390 87666256 VLLM::Worker
3873387 87329984 VLLM::Worker
3873391 87287380 VLLM::Worker
3791454 63591572 ray::WorkerDict
3791453 63583720 ray::WorkerDict
3791459 63552712 ray::WorkerDict
3791460 63512308 ray::WorkerDict
1317539 4827776 VLLM::Worker_TP
1317538 4823532 VLLM::Worker_TP
3880556 1828828 ray::AgentLoopW
3880552 1817268 ray::AgentLoopW
3880551 1740628 ray::AgentLoopW
== 2026-09-05T13:54:16+09:00
Mem:            1007         702         306         368         371         304
    PID   RSS COMMAND
3873386 87672700 VLLM::Worker
3873390 87670864 VLLM::Worker
3873387 87333824 VLLM::Worker
3873391 87285844 VLLM::Worker
3791454 63593108 ray::WorkerDict
3791453 63583720 ray::WorkerDict
3791459 63552712 ray::WorkerDict
3791460 63512308 ray::WorkerDict
1317539 4827776 VLLM::Worker_TP
1317538 4823532 VLLM::Worker_TP
3880556 1828828 ray::AgentLoopW
3880552 1817268 ray::AgentLoopW
3880551 1740628 ray::AgentLoopW
== 2026-09-05T13:54:36+09:00
Mem:            1007         702         306         368         371         304
    PID   RSS COMMAND
3873386 87675772 VLLM::Worker
3873390 87672400 VLLM::Worker
3873387 87333824 VLLM::Worker
3873391 87286612 VLLM::Worker
3791454 63595412 ray::WorkerDict
3791453 63586024 ray::WorkerDict
3791459 63552712 ray::WorkerDict
3791460 63513076 ray::WorkerDict
1317539 4827776 VLLM::Worker_TP
1317538 4823532 VLLM::Worker_TP
3880556 1828828 ray::AgentLoopW
3880552 1817268 ray::AgentLoopW
3880551 1740628 ray::AgentLoopW
== 2026-09-05T13:54:56+09:00
Mem:            1007         702         306         368         371         304
    PID   RSS COMMAND
3873386 87673852 VLLM::Worker
3873390 87671252 VLLM::Worker
3873387 87333468 VLLM::Worker
3873391 87282396 VLLM::Worker
3791454 63595404 ray::WorkerDict
3791453 63585924 ray::WorkerDict
3791459 63553472 ray::WorkerDict
3791460 63513076 ray::WorkerDict
1317539 4827776 VLLM::Worker_TP
1317538 4823532 VLLM::Worker_TP
3880556 1828828 ray::AgentLoopW
3880552 1817268 ray::AgentLoopW
3880551 1740628 ray::AgentLoopW
== 2026-09-05T13:55:16+09:00
Mem:            1007         702         306         368         371         305
    PID   RSS COMMAND
3873386 87674620 VLLM::Worker
3873390 87668180 VLLM::Worker
3873387 87333468 VLLM::Worker
3873391 87284700 VLLM::Worker
3791454 63593868 ray::WorkerDict
3791453 63585924 ray::WorkerDict
3791459 63555776 ray::WorkerDict
3791460 63513076 ray::WorkerDict
1317539 4827776 VLLM::Worker_TP
1317538 4823532 VLLM::Worker_TP
3880556 1828828 ray::AgentLoopW
3880552 1817268 ray::AgentLoopW
3880551 1740628 ray::AgentLoopW
== 2026-09-05T13:55:36+09:00
Mem:            1007         702         306         368         371         305
    PID   RSS COMMAND
3873386 87675388 VLLM::Worker
3873390 87670484 VLLM::Worker
3873387 87334236 VLLM::Worker
3873391 87286236 VLLM::Worker
3791454 63593868 ray::WorkerDict
3791453 63585156 ray::WorkerDict
3791459 63555776 ray::WorkerDict
3791460 63511540 ray::WorkerDict
1317539 4827776 VLLM::Worker_TP
1317538 4823532 VLLM::Worker_TP
3880556 1828828 ray::AgentLoopW
3880552 1817268 ray::AgentLoopW
3880551 1740628 ray::AgentLoopW
== 2026-09-05T13:55:56+09:00
Mem:            1007         702         306         368         371         305
    PID   RSS COMMAND
3873386 87676156 VLLM::Worker
3873390 87671252 VLLM::Worker
3873387 87332700 VLLM::Worker
3873391 87284700 VLLM::Worker
3791454 63593100 ray::WorkerDict
3791453 63584388 ray::WorkerDict
3791459 63556544 ray::WorkerDict
3791460 63513076 ray::WorkerDict
1317539 4827776 VLLM::Worker_TP
1317538 4823532 VLLM::Worker_TP
3880556 1828828 ray::AgentLoopW
3880552 1817268 ray::AgentLoopW
3880551 1740628 ray::AgentLoopW
== 2026-09-05T13:56:16+09:00
Mem:            1007         702         306         368         371         305
    PID   RSS COMMAND
3873386 87672316 VLLM::Worker
3873390 87670484 VLLM::Worker
3873387 87331164 VLLM::Worker
3873391 87285468 VLLM::Worker
3791454 63593868 ray::WorkerDict
3791453 63585924 ray::WorkerDict
3791459 63556544 ray::WorkerDict
3791460 63513076 ray::WorkerDict
1317539 4827776 VLLM::Worker_TP
1317538 4823532 VLLM::Worker_TP
3880556 1828828 ray::AgentLoopW
3880552 1817268 ray::AgentLoopW
3880551 1740628 ray::AgentLoopW
== 2026-09-05T13:56:36+09:00
Mem:            1007         702         306         368         371         305
    PID   RSS COMMAND
3873386 87673084 VLLM::Worker
3873390 87668948 VLLM::Worker
3873387 87330396 VLLM::Worker
3873391 87283932 VLLM::Worker
3791454 63592332 ray::WorkerDict
3791453 63585156 ray::WorkerDict
3791459 63556544 ray::WorkerDict
3791460 63511540 ray::WorkerDict
1317539 4827776 VLLM::Worker_TP
1317538 4823532 VLLM::Worker_TP
3880556 1828828 ray::AgentLoopW
3880552 1817268 ray::AgentLoopW
3880551 1740628 ray::AgentLoopW
== 2026-09-05T13:56:56+09:00
Mem:            1007         702         306         368         371         305
    PID   RSS COMMAND
3873386 87674620 VLLM::Worker
3873390 87671252 VLLM::Worker
3873387 87331932 VLLM::Worker
3873391 87285468 VLLM::Worker
3791454 63593100 ray::WorkerDict
3791453 63585924 ray::WorkerDict
3791459 63554240 ray::WorkerDict
3791460 63512308 ray::WorkerDict
1317539 4827776 VLLM::Worker_TP
1317538 4823532 VLLM::Worker_TP
3880556 1828828 ray::AgentLoopW
3880552 1817268 ray::AgentLoopW
3880551 1740628 ray::AgentLoopW
== 2026-09-05T13:57:16+09:00
Mem:            1007         702         306         368         371         304
    PID   RSS COMMAND
3873386 87673084 VLLM::Worker
3873390 87668948 VLLM::Worker
3873387 87333468 VLLM::Worker
3873391 87287004 VLLM::Worker
3791454 63593100 ray::WorkerDict
3791453 63584388 ray::WorkerDict
3791459 63557312 ray::WorkerDict
3791460 63511540 ray::WorkerDict
1317539 4827776 VLLM::Worker_TP
1317538 4823532 VLLM::Worker_TP
3880556 1828828 ray::AgentLoopW
3880552 1817268 ray::AgentLoopW
3880551 1740628 ray::AgentLoopW
== 2026-09-05T13:57:36+09:00
Mem:            1007         702         306         368         371         305
    PID   RSS COMMAND
3873386 87676924 VLLM::Worker
3873390 87674324 VLLM::Worker
3873387 87338076 VLLM::Worker
3873391 87287772 VLLM::Worker
3791454 63592332 ray::WorkerDict
3791453 63585924 ray::WorkerDict
3791459 63557312 ray::WorkerDict
3791460 63511540 ray::WorkerDict
1317539 4827776 VLLM::Worker_TP
1317538 4823532 VLLM::Worker_TP
3880556 1828828 ray::AgentLoopW
3880552 1817268 ray::AgentLoopW
3880551 1740628 ray::AgentLoopW
== 2026-09-05T13:57:56+09:00
Mem:            1007         702         306         368         371         304
    PID   RSS COMMAND
3873386 87678460 VLLM::Worker
3873390 87676628 VLLM::Worker
3873387 87341916 VLLM::Worker
3873391 87287772 VLLM::Worker
3791454 63592332 ray::WorkerDict
3791453 63585924 ray::WorkerDict
3791459 63558080 ray::WorkerDict
3791460 63511540 ray::WorkerDict
1317539 4827776 VLLM::Worker_TP
1317538 4823532 VLLM::Worker_TP
3880556 1828828 ray::AgentLoopW
3880552 1817532 ray::AgentLoopW
3880551 1742792 ray::AgentLoopW
== 2026-09-05T13:58:16+09:00
Mem:            1007         702         305         368         372         304
    PID   RSS COMMAND
3873386 87673084 VLLM::Worker
3873390 87668948 VLLM::Worker
3873387 87332700 VLLM::Worker
3873391 87281628 VLLM::Worker
3791454 63592332 ray::WorkerDict
3791453 63585156 ray::WorkerDict
3791459 63557312 ray::WorkerDict
3791460 63509236 ray::WorkerDict
1317539 4827776 VLLM::Worker_TP
1317538 4823532 VLLM::Worker_TP
3880556 1829596 ray::AgentLoopW
3880552 1817268 ray::AgentLoopW
3880551 1740628 ray::AgentLoopW
== 2026-09-05T13:58:36+09:00
Mem:            1007         702         305         368         372         304
    PID   RSS COMMAND
3873386 87673852 VLLM::Worker
3873390 87669716 VLLM::Worker
3873387 87333468 VLLM::Worker
3873391 87283164 VLLM::Worker
3791454 63593100 ray::WorkerDict
3791453 63584388 ray::WorkerDict
3791459 63557312 ray::WorkerDict
3791460 63511540 ray::WorkerDict
1317539 4827776 VLLM::Worker_TP
1317538 4823532 VLLM::Worker_TP
3880556 1829596 ray::AgentLoopW
3880552 1817268 ray::AgentLoopW
3880551 1740628 ray::AgentLoopW
== 2026-09-05T13:58:56+09:00
Mem:            1007         702         306         368         372         304
    PID   RSS COMMAND
3873386 87676924 VLLM::Worker
3873390 87670484 VLLM::Worker
3873387 87335004 VLLM::Worker
3873391 87283164 VLLM::Worker
3791454 63592332 ray::WorkerDict
3791453 63584388 ray::WorkerDict
3791459 63556544 ray::WorkerDict
3791460 63514612 ray::WorkerDict
1317539 4827776 VLLM::Worker_TP
1317538 4823532 VLLM::Worker_TP
3880556 1829596 ray::AgentLoopW
3880552 1817268 ray::AgentLoopW
3880551 1740628 ray::AgentLoopW
== 2026-09-05T13:59:17+09:00
Mem:            1007         702         306         368         372         304
    PID   RSS COMMAND
3873386 87673084 VLLM::Worker
3873390 87672020 VLLM::Worker
3873387 87331164 VLLM::Worker
3873391 87283932 VLLM::Worker
3791454 63592332 ray::WorkerDict
3791453 63581316 ray::WorkerDict
3791459 63556544 ray::WorkerDict
3791460 63513076 ray::WorkerDict
1317539 4824488 VLLM::Worker_TP
1317538 4820504 VLLM::Worker_TP
3880556 1829596 ray::AgentLoopW
3880552 1817268 ray::AgentLoopW
3880551 1740628 ray::AgentLoopW
== 2026-09-05T13:59:37+09:00
Mem:            1007         702         306         368         372         304
    PID   RSS COMMAND
3873386 87673084 VLLM::Worker
3873390 87671252 VLLM::Worker
3873387 87330396 VLLM::Worker
3873391 87283164 VLLM::Worker
3791454 63593100 ray::WorkerDict
3791453 63583620 ray::WorkerDict
3791459 63555008 ray::WorkerDict
3791460 63513076 ray::WorkerDict
1317539 4824488 VLLM::Worker_TP
1317538 4820504 VLLM::Worker_TP
3880556 1829596 ray::AgentLoopW
3880552 1817268 ray::AgentLoopW
3880551 1740628 ray::AgentLoopW
== 2026-09-05T13:59:57+09:00
Mem:            1007         702         306         368         372         304
    PID   RSS COMMAND
3873386 87675388 VLLM::Worker
3873390 87671252 VLLM::Worker
3873387 87331932 VLLM::Worker
3873391 87281628 VLLM::Worker
3791454 63592332 ray::WorkerDict
3791453 63583620 ray::WorkerDict
3791459 63553472 ray::WorkerDict
3791460 63513076 ray::WorkerDict
1317539 4824488 VLLM::Worker_TP
1317538 4820504 VLLM::Worker_TP
3880556 1829596 ray::AgentLoopW
3880552 1817268 ray::AgentLoopW
3880551 1740628 ray::AgentLoopW
== 2026-09-05T14:00:17+09:00
Mem:            1007         702         306         368         372         304
    PID   RSS COMMAND
3873386 87673852 VLLM::Worker
3873390 87669716 VLLM::Worker
3873387 87335772 VLLM::Worker
3873391 87284700 VLLM::Worker
3791454 63591564 ray::WorkerDict
3791453 63582852 ray::WorkerDict
3791459 63555776 ray::WorkerDict
3791460 63512308 ray::WorkerDict
1317539 4824488 VLLM::Worker_TP
1317538 4820504 VLLM::Worker_TP
3880556 1829596 ray::AgentLoopW
3880552 1817268 ray::AgentLoopW
3880551 1740628 ray::AgentLoopW
== 2026-09-05T14:00:37+09:00
Mem:            1007         702         306         368         372         304
    PID   RSS COMMAND
3873386 87673852 VLLM::Worker
3873390 87671252 VLLM::Worker
3873387 87334236 VLLM::Worker
3873391 87283932 VLLM::Worker
3791454 63590796 ray::WorkerDict
3791453 63582084 ray::WorkerDict
3791459 63554240 ray::WorkerDict
3791460 63514612 ray::WorkerDict
1317539 4824488 VLLM::Worker_TP
1317538 4820504 VLLM::Worker_TP
3880556 1829596 ray::AgentLoopW
3880552 1817268 ray::AgentLoopW
3880551 1740628 ray::AgentLoopW
== 2026-09-05T14:00:57+09:00
Mem:            1007         702         306         368         372         304
    PID   RSS COMMAND
3873386 87675388 VLLM::Worker
3873390 87669716 VLLM::Worker
3873387 87334236 VLLM::Worker
3873391 87284700 VLLM::Worker
3791454 63590796 ray::WorkerDict
3791453 63584388 ray::WorkerDict
3791459 63555008 ray::WorkerDict
3791460 63516148 ray::WorkerDict
1317539 4824488 VLLM::Worker_TP
1317538 4820504 VLLM::Worker_TP
3880556 1829596 ray::AgentLoopW
3880552 1817268 ray::AgentLoopW
3880551 1740628 ray::AgentLoopW
== 2026-09-05T14:01:17+09:00
Mem:            1007         702         306         368         372         304
    PID   RSS COMMAND
3873386 87673084 VLLM::Worker
3873390 87672788 VLLM::Worker
3873387 87334236 VLLM::Worker
3873391 87284700 VLLM::Worker
3791454 63590796 ray::WorkerDict
3791453 63583620 ray::WorkerDict
3791459 63554240 ray::WorkerDict
3791460 63513844 ray::WorkerDict
1317539 4824488 VLLM::Worker_TP
1317538 4820504 VLLM::Worker_TP
3880556 1829596 ray::AgentLoopW
3880552 1817268 ray::AgentLoopW
3880551 1740628 ray::AgentLoopW
== 2026-09-05T14:01:37+09:00
Mem:            1007         702         306         368         372         304
    PID   RSS COMMAND
3873386 87676924 VLLM::Worker
3873390 87670484 VLLM::Worker
3873387 87332700 VLLM::Worker
3873391 87284700 VLLM::Worker
3791454 63592332 ray::WorkerDict
3791453 63580548 ray::WorkerDict
3791459 63556544 ray::WorkerDict
3791460 63513076 ray::WorkerDict
1317539 4824488 VLLM::Worker_TP
1317538 4820504 VLLM::Worker_TP
3880556 1829596 ray::AgentLoopW
3880552 1817268 ray::AgentLoopW
3880551 1740628 ray::AgentLoopW
== 2026-09-05T14:01:57+09:00
Mem:            1007         702         306         368         371         304
    PID   RSS COMMAND
3873386 87676924 VLLM::Worker
3873390 87671252 VLLM::Worker
3873387 87334236 VLLM::Worker
3873391 87283932 VLLM::Worker
3791454 63592332 ray::WorkerDict
3791453 63582852 ray::WorkerDict
3791459 63556544 ray::WorkerDict
3791460 63513076 ray::WorkerDict
1317539 4824488 VLLM::Worker_TP
1317538 4819736 VLLM::Worker_TP
3880556 1829596 ray::AgentLoopW
3880552 1817268 ray::AgentLoopW
3880551 1740628 ray::AgentLoopW
== 2026-09-05T14:02:17+09:00
Mem:            1007         702         306         368         371         304
    PID   RSS COMMAND
3873386 87674620 VLLM::Worker
3873390 87672788 VLLM::Worker
3873387 87331932 VLLM::Worker
3873391 87286236 VLLM::Worker
3791454 63596172 ray::WorkerDict
3791453 63582084 ray::WorkerDict
3791459 63555776 ray::WorkerDict
3791460 63513844 ray::WorkerDict
1317539 4824488 VLLM::Worker_TP
1317538 4819736 VLLM::Worker_TP
3880556 1829596 ray::AgentLoopW
3880552 1817268 ray::AgentLoopW
3880551 1740628 ray::AgentLoopW
== 2026-09-05T14:02:37+09:00
Mem:            1007         702         306         368         371         304
    PID   RSS COMMAND
3873390 87672788 VLLM::Worker
3873386 87672316 VLLM::Worker
3873387 87335004 VLLM::Worker
3873391 87284700 VLLM::Worker
3791454 63593868 ray::WorkerDict
3791453 63584388 ray::WorkerDict
3791459 63555008 ray::WorkerDict
3791460 63514612 ray::WorkerDict
1317539 4824488 VLLM::Worker_TP
1317538 4819736 VLLM::Worker_TP
3880556 1829596 ray::AgentLoopW
3880552 1817268 ray::AgentLoopW
3880551 1740628 ray::AgentLoopW
== 2026-09-05T14:02:57+09:00
Mem:            1007         702         306         368         371         304
    PID   RSS COMMAND
3873386 87676156 VLLM::Worker
3873390 87671252 VLLM::Worker
3873387 87335772 VLLM::Worker
3873391 87285468 VLLM::Worker
3791454 63593868 ray::WorkerDict
3791453 63582084 ray::WorkerDict
3791459 63554240 ray::WorkerDict
3791460 63514612 ray::WorkerDict
1317539 4822448 VLLM::Worker_TP
1317538 4817248 VLLM::Worker_TP
3880556 1829596 ray::AgentLoopW
3880552 1817268 ray::AgentLoopW
3880551 1740628 ray::AgentLoopW
== 2026-09-05T14:03:17+09:00
Mem:            1007         702         306         368         371         304
    PID   RSS COMMAND
3873386 87674620 VLLM::Worker
3873390 87672020 VLLM::Worker
3873387 87335772 VLLM::Worker
3873391 87285468 VLLM::Worker
3791454 63593868 ray::WorkerDict
3791453 63582084 ray::WorkerDict
3791459 63552704 ray::WorkerDict
3791460 63513076 ray::WorkerDict
1317539 4823216 VLLM::Worker_TP
1317538 4817248 VLLM::Worker_TP
3880556 1829596 ray::AgentLoopW
3880552 1817268 ray::AgentLoopW
3880551 1740628 ray::AgentLoopW
== 2026-09-05T14:03:37+09:00
Mem:            1007         702         306         368         371         304
    PID   RSS COMMAND
3873386 87673084 VLLM::Worker
3873390 87672020 VLLM::Worker
3873387 87333468 VLLM::Worker
3873391 87285468 VLLM::Worker
3791454 63592332 ray::WorkerDict
3791453 63582852 ray::WorkerDict
3791459 63552704 ray::WorkerDict
3791460 63514612 ray::WorkerDict
1317539 4823216 VLLM::Worker_TP
1317538 4817248 VLLM::Worker_TP
3880556 1829596 ray::AgentLoopW
3880552 1817268 ray::AgentLoopW
3880551 1740628 ray::AgentLoopW
== 2026-09-05T14:03:57+09:00
Mem:            1007         702         306         368         371         304
    PID   RSS COMMAND
3873386 87673084 VLLM::Worker
3873390 87669716 VLLM::Worker
3873387 87332700 VLLM::Worker
3873391 87285468 VLLM::Worker
3791454 63593868 ray::WorkerDict
3791453 63584388 ray::WorkerDict
3791459 63553472 ray::WorkerDict
3791460 63513076 ray::WorkerDict
1317539 4823216 VLLM::Worker_TP
1317538 4817248 VLLM::Worker_TP
3880556 1829596 ray::AgentLoopW
3880552 1817268 ray::AgentLoopW
3880551 1740628 ray::AgentLoopW
== 2026-09-05T14:04:17+09:00
Mem:            1007         702         306         368         371         304
    PID   RSS COMMAND
3873386 87672316 VLLM::Worker
3873390 87669716 VLLM::Worker
3873387 87332700 VLLM::Worker
3873391 87285468 VLLM::Worker
3791454 63593100 ray::WorkerDict
3791453 63583620 ray::WorkerDict
3791459 63551168 ray::WorkerDict
3791460 63511540 ray::WorkerDict
1317539 4823216 VLLM::Worker_TP
1317538 4817248 VLLM::Worker_TP
3880556 1829596 ray::AgentLoopW
3880552 1817268 ray::AgentLoopW
3880551 1740628 ray::AgentLoopW
== 2026-09-05T14:04:37+09:00
Mem:            1007         702         306         368         371         304
    PID   RSS COMMAND
3873390 87673556 VLLM::Worker
3873386 87673084 VLLM::Worker
3873387 87335004 VLLM::Worker
3873391 87284700 VLLM::Worker
3791454 63592332 ray::WorkerDict
3791453 63585156 ray::WorkerDict
3791459 63552704 ray::WorkerDict
3791460 63510772 ray::WorkerDict
1317539 4822048 VLLM::Worker_TP
1317538 4816476 VLLM::Worker_TP
3880556 1829596 ray::AgentLoopW
3880552 1817268 ray::AgentLoopW
3880551 1740628 ray::AgentLoopW
== 2026-09-05T14:04:57+09:00
Mem:            1007         702         306         368         371         305
    PID   RSS COMMAND
3873386 87674620 VLLM::Worker
3873390 87672788 VLLM::Worker
3873387 87335004 VLLM::Worker
3873391 87282396 VLLM::Worker
3791454 63591564 ray::WorkerDict
3791453 63585156 ray::WorkerDict
3791459 63552704 ray::WorkerDict
3791460 63513076 ray::WorkerDict
1317539 4820244 VLLM::Worker_TP
1317538 4814936 VLLM::Worker_TP
3880556 1829596 ray::AgentLoopW
3880552 1817268 ray::AgentLoopW
3880551 1740628 ray::AgentLoopW
== 2026-09-05T14:05:17+09:00
Mem:            1007         702         306         368         371         304
    PID   RSS COMMAND
3873390 87672020 VLLM::Worker
3873386 87671548 VLLM::Worker
3873387 87332700 VLLM::Worker
3873391 87283164 VLLM::Worker
3791454 63589260 ray::WorkerDict
3791453 63584388 ray::WorkerDict
3791459 63554240 ray::WorkerDict
3791460 63513076 ray::WorkerDict
1317539 4820244 VLLM::Worker_TP
1317538 4814936 VLLM::Worker_TP
3880556 1829596 ray::AgentLoopW
3880552 1817268 ray::AgentLoopW
3880551 1740628 ray::AgentLoopW
== 2026-09-05T14:05:37+09:00
Mem:            1007         702         306         368         371         305
    PID   RSS COMMAND
3873386 87675388 VLLM::Worker
3873390 87671252 VLLM::Worker
3873387 87335004 VLLM::Worker
3873391 87283164 VLLM::Worker
3791454 63590796 ray::WorkerDict
3791453 63582852 ray::WorkerDict
3791459 63555008 ray::WorkerDict
3791460 63514612 ray::WorkerDict
1317539 4820244 VLLM::Worker_TP
1317538 4815704 VLLM::Worker_TP
3880556 1829596 ray::AgentLoopW
3880552 1817268 ray::AgentLoopW
3880551 1740628 ray::AgentLoopW
== 2026-09-05T14:05:57+09:00
Mem:            1007         702         306         368         371         305
    PID   RSS COMMAND
3873386 87673084 VLLM::Worker
3873390 87670484 VLLM::Worker
3873387 87332700 VLLM::Worker
3873391 87282396 VLLM::Worker
3791454 63592332 ray::WorkerDict
3791453 63585156 ray::WorkerDict
3791459 63555008 ray::WorkerDict
3791460 63513076 ray::WorkerDict
1317539 4820244 VLLM::Worker_TP
1317538 4815704 VLLM::Worker_TP
3880556 1829596 ray::AgentLoopW
3880552 1817268 ray::AgentLoopW
3880551 1740628 ray::AgentLoopW
== 2026-09-05T14:06:17+09:00
Mem:            1007         702         306         368         371         304
    PID   RSS COMMAND
3873386 87676156 VLLM::Worker
3873390 87668948 VLLM::Worker
3873387 87332700 VLLM::Worker
3873391 87283164 VLLM::Worker
3791454 63591564 ray::WorkerDict
3791453 63584388 ray::WorkerDict
3791459 63555008 ray::WorkerDict
3791460 63516148 ray::WorkerDict
1317539 4820244 VLLM::Worker_TP
1317538 4815704 VLLM::Worker_TP
3880556 1829596 ray::AgentLoopW
3880552 1817268 ray::AgentLoopW
3880551 1740628 ray::AgentLoopW
== 2026-09-05T14:06:37+09:00
Mem:            1007         702         306         368         371         304
    PID   RSS COMMAND
3873386 87676156 VLLM::Worker
3873390 87671252 VLLM::Worker
3873387 87333468 VLLM::Worker
3873391 87283932 VLLM::Worker
3791454 63593868 ray::WorkerDict
3791453 63583620 ray::WorkerDict
3791459 63555776 ray::WorkerDict
3791460 63516916 ray::WorkerDict
1317539 4820244 VLLM::Worker_TP
1317538 4815704 VLLM::Worker_TP
3880556 1829596 ray::AgentLoopW
3880552 1817268 ray::AgentLoopW
3880551 1740628 ray::AgentLoopW
== 2026-09-05T14:06:57+09:00
Mem:            1007         702         306         368         371         305
    PID   RSS COMMAND
3873386 87673852 VLLM::Worker
3873390 87672020 VLLM::Worker
3873387 87331932 VLLM::Worker
3873391 87282396 VLLM::Worker
3791454 63591564 ray::WorkerDict
3791453 63585156 ray::WorkerDict
3791459 63555008 ray::WorkerDict
3791460 63514612 ray::WorkerDict
1317539 4820244 VLLM::Worker_TP
1317538 4815704 VLLM::Worker_TP
3880556 1829596 ray::AgentLoopW
3880552 1817268 ray::AgentLoopW
3880551 1740628 ray::AgentLoopW
== 2026-09-05T14:07:17+09:00
Mem:            1007         702         306         368         371         305
    PID   RSS COMMAND
3873386 87676156 VLLM::Worker
3873390 87671252 VLLM::Worker
3873387 87332700 VLLM::Worker
3873391 87286236 VLLM::Worker
3791454 63592332 ray::WorkerDict
3791453 63583620 ray::WorkerDict
3791459 63557312 ray::WorkerDict
3791460 63514612 ray::WorkerDict
1317539 4820244 VLLM::Worker_TP
1317538 4815704 VLLM::Worker_TP
3880556 1829596 ray::AgentLoopW
3880552 1817268 ray::AgentLoopW
3880551 1740628 ray::AgentLoopW
== 2026-09-05T14:07:37+09:00
Mem:            1007         702         306         368         371         305
    PID   RSS COMMAND
3873386 87674620 VLLM::Worker
3873390 87671252 VLLM::Worker
3873387 87332700 VLLM::Worker
3873391 87286236 VLLM::Worker
3791454 63592332 ray::WorkerDict
3791453 63582852 ray::WorkerDict
3791459 63555008 ray::WorkerDict
3791460 63513844 ray::WorkerDict
1317539 4820244 VLLM::Worker_TP
1317538 4815704 VLLM::Worker_TP
3880556 1829596 ray::AgentLoopW
3880552 1817268 ray::AgentLoopW
3880551 1740628 ray::AgentLoopW
== 2026-09-05T14:07:57+09:00
Mem:            1007         702         306         368         371         305
    PID   RSS COMMAND
3873386 87676924 VLLM::Worker
3873390 87669716 VLLM::Worker
3873387 87335772 VLLM::Worker
3873391 87285468 VLLM::Worker
3791454 63590796 ray::WorkerDict
3791453 63581316 ray::WorkerDict
3791459 63554240 ray::WorkerDict
3791460 63516148 ray::WorkerDict
1317539 4820244 VLLM::Worker_TP
1317538 4815704 VLLM::Worker_TP
3880556 1829596 ray::AgentLoopW
3880552 1817268 ray::AgentLoopW
3880551 1740628 ray::AgentLoopW
== 2026-09-05T14:08:18+09:00
Mem:            1007         702         306         368         371         305
    PID   RSS COMMAND
3873386 87673084 VLLM::Worker
3873390 87672020 VLLM::Worker
3873387 87331164 VLLM::Worker
3873391 87286236 VLLM::Worker
3791454 63590796 ray::WorkerDict
3791453 63585156 ray::WorkerDict
3791459 63553472 ray::WorkerDict
3791460 63514612 ray::WorkerDict
1317539 4820244 VLLM::Worker_TP
1317538 4815704 VLLM::Worker_TP
3880556 1829596 ray::AgentLoopW
3880552 1817268 ray::AgentLoopW
3880551 1740628 ray::AgentLoopW
== 2026-09-05T14:08:38+09:00
Mem:            1007         702         306         368         371         305
    PID   RSS COMMAND
3873386 87675388 VLLM::Worker
3873390 87669716 VLLM::Worker
3873387 87335004 VLLM::Worker
3873391 87283932 VLLM::Worker
3791454 63590028 ray::WorkerDict
3791453 63584388 ray::WorkerDict
3791459 63552704 ray::WorkerDict
3791460 63513844 ray::WorkerDict
1317539 4820244 VLLM::Worker_TP
1317538 4815704 VLLM::Worker_TP
3880556 1829596 ray::AgentLoopW
3880552 1817268 ray::AgentLoopW
3880551 1740628 ray::AgentLoopW
== 2026-09-05T14:08:58+09:00
Mem:            1007         702         306         368         371         305
    PID   RSS COMMAND
3873386 87675388 VLLM::Worker
3873390 87671252 VLLM::Worker
3873387 87334236 VLLM::Worker
3873391 87285468 VLLM::Worker
3791454 63592332 ray::WorkerDict
3791453 63585156 ray::WorkerDict
3791459 63553472 ray::WorkerDict
3791460 63514612 ray::WorkerDict
1317539 4820244 VLLM::Worker_TP
1317538 4815704 VLLM::Worker_TP
3880556 1829596 ray::AgentLoopW
3880552 1817268 ray::AgentLoopW
3880551 1740628 ray::AgentLoopW
== 2026-09-05T14:09:18+09:00
Mem:            1007         702         306         368         371         304
    PID   RSS COMMAND
3873386 87676156 VLLM::Worker
3873390 87671252 VLLM::Worker
3873387 87335004 VLLM::Worker
3873391 87284700 VLLM::Worker
3791454 63590796 ray::WorkerDict
3791453 63585156 ray::WorkerDict
3791459 63553472 ray::WorkerDict
3791460 63512308 ray::WorkerDict
1317539 4820244 VLLM::Worker_TP
1317538 4815704 VLLM::Worker_TP
3880556 1829596 ray::AgentLoopW
3880552 1817268 ray::AgentLoopW
3880551 1740628 ray::AgentLoopW
== 2026-09-05T14:09:38+09:00
Mem:            1007         702         306         368         371         304
    PID   RSS COMMAND
3873386 87676156 VLLM::Worker
3873390 87672788 VLLM::Worker
3873387 87334236 VLLM::Worker
3873391 87283932 VLLM::Worker
3791454 63592332 ray::WorkerDict
3791453 63585156 ray::WorkerDict
3791459 63558080 ray::WorkerDict
3791460 63510772 ray::WorkerDict
1317539 4830996 VLLM::Worker_TP
1317538 4825688 VLLM::Worker_TP
3880556 1829596 ray::AgentLoopW
3880552 1817268 ray::AgentLoopW
3880551 1740628 ray::AgentLoopW
== 2026-09-05T14:09:58+09:00
Mem:            1007         702         306         368         371         304
    PID   RSS COMMAND
3873386 87674620 VLLM::Worker
3873390 87671252 VLLM::Worker
3873387 87335004 VLLM::Worker
3873391 87283932 VLLM::Worker
3791454 63593868 ray::WorkerDict
3791453 63584388 ray::WorkerDict
3791459 63555776 ray::WorkerDict
3791460 63513076 ray::WorkerDict
1317539 4830996 VLLM::Worker_TP
1317538 4826456 VLLM::Worker_TP
3880556 1829596 ray::AgentLoopW
3880552 1817268 ray::AgentLoopW
3880551 1740628 ray::AgentLoopW
== 2026-09-05T14:10:18+09:00
Mem:            1007         702         306         368         371         304
    PID   RSS COMMAND
3873386 87673084 VLLM::Worker
3873390 87668948 VLLM::Worker
3873387 87329628 VLLM::Worker
3873391 87283932 VLLM::Worker
3791454 63593100 ray::WorkerDict
3791453 63585156 ray::WorkerDict
3791459 63555008 ray::WorkerDict
3791460 63512308 ray::WorkerDict
1317539 4830996 VLLM::Worker_TP
1317538 4826456 VLLM::Worker_TP
3880556 1829596 ray::AgentLoopW
3880552 1817268 ray::AgentLoopW
3880551 1740628 ray::AgentLoopW
== 2026-09-05T14:10:38+09:00
Mem:            1007         702         306         368         371         305
    PID   RSS COMMAND
3873386 87674620 VLLM::Worker
3873390 87671252 VLLM::Worker
3873387 87332700 VLLM::Worker
3873391 87283932 VLLM::Worker
3791454 63593100 ray::WorkerDict
3791453 63584388 ray::WorkerDict
3791459 63553472 ray::WorkerDict
3791460 63513844 ray::WorkerDict
1317539 4830996 VLLM::Worker_TP
1317538 4826456 VLLM::Worker_TP
3880556 1829596 ray::AgentLoopW
3880552 1817268 ray::AgentLoopW
3880551 1740628 ray::AgentLoopW
== 2026-09-05T14:10:58+09:00
Mem:            1007         702         306         368         371         305
    PID   RSS COMMAND
3873386 87673084 VLLM::Worker
3873390 87669716 VLLM::Worker
3873387 87331932 VLLM::Worker
3873391 87283932 VLLM::Worker
3791454 63594636 ray::WorkerDict
3791453 63585156 ray::WorkerDict
3791459 63551936 ray::WorkerDict
3791460 63512308 ray::WorkerDict
1317539 4830996 VLLM::Worker_TP
1317538 4826456 VLLM::Worker_TP
3880556 1829596 ray::AgentLoopW
3880552 1817268 ray::AgentLoopW
3880551 1740628 ray::AgentLoopW
== 2026-09-05T14:11:18+09:00
Mem:            1007         702         306         368         371         304
    PID   RSS COMMAND
3873386 87674620 VLLM::Worker
3873390 87672020 VLLM::Worker
3873387 87334236 VLLM::Worker
3873391 87285468 VLLM::Worker
3791454 63593868 ray::WorkerDict
3791453 63583620 ray::WorkerDict
3791459 63555008 ray::WorkerDict
3791460 63511540 ray::WorkerDict
1317539 4830996 VLLM::Worker_TP
1317538 4826456 VLLM::Worker_TP
3880556 1829596 ray::AgentLoopW
3880552 1817268 ray::AgentLoopW
3880551 1740628 ray::AgentLoopW
== 2026-09-05T14:11:38+09:00
Mem:            1007         702         306         368         371         305
    PID   RSS COMMAND
3873386 87673852 VLLM::Worker
3873390 87672020 VLLM::Worker
3873387 87332700 VLLM::Worker
3873391 87283164 VLLM::Worker
3791454 63593868 ray::WorkerDict
3791453 63583620 ray::WorkerDict
3791459 63555776 ray::WorkerDict
3791460 63510772 ray::WorkerDict
1317539 4830996 VLLM::Worker_TP
1317538 4826456 VLLM::Worker_TP
3880556 1829596 ray::AgentLoopW
3880552 1817268 ray::AgentLoopW
3880551 1740628 ray::AgentLoopW
== 2026-09-05T14:11:58+09:00
Mem:            1007         702         306         368         371         305
    PID   RSS COMMAND
3873386 87673852 VLLM::Worker
3873390 87673556 VLLM::Worker
3873387 87336540 VLLM::Worker
3873391 87284700 VLLM::Worker
3791454 63593100 ray::WorkerDict
3791453 63584388 ray::WorkerDict
3791459 63552704 ray::WorkerDict
3791460 63513076 ray::WorkerDict
1317539 4830996 VLLM::Worker_TP
1317538 4826456 VLLM::Worker_TP
3880556 1829596 ray::AgentLoopW
3880552 1817268 ray::AgentLoopW
3880551 1740628 ray::AgentLoopW
== 2026-09-05T14:12:18+09:00
Mem:            1007         702         306         368         371         305
    PID   RSS COMMAND
3873386 87674620 VLLM::Worker
3873390 87672020 VLLM::Worker
3873387 87333468 VLLM::Worker
3873391 87284700 VLLM::Worker
3791454 63594636 ray::WorkerDict
3791453 63584388 ray::WorkerDict
3791459 63555008 ray::WorkerDict
3791460 63513844 ray::WorkerDict
1317539 4830996 VLLM::Worker_TP
1317538 4826456 VLLM::Worker_TP
3880556 1829596 ray::AgentLoopW
3880552 1817268 ray::AgentLoopW
3880551 1740628 ray::AgentLoopW
== 2026-09-05T14:12:38+09:00
Mem:            1007         702         306         368         371         305
    PID   RSS COMMAND
3873386 87673084 VLLM::Worker
3873390 87672020 VLLM::Worker
3873387 87334236 VLLM::Worker
3873391 87284700 VLLM::Worker
3791454 63593868 ray::WorkerDict
3791453 63584388 ray::WorkerDict
3791459 63554240 ray::WorkerDict
3791460 63512308 ray::WorkerDict
1317539 4830996 VLLM::Worker_TP
1317538 4826456 VLLM::Worker_TP
3880556 1829596 ray::AgentLoopW
3880552 1817268 ray::AgentLoopW
3880551 1740628 ray::AgentLoopW
== 2026-09-05T14:12:58+09:00
Mem:            1007         702         306         368         371         305
    PID   RSS COMMAND
3873390 87672020 VLLM::Worker
3873386 87671548 VLLM::Worker
3873387 87333468 VLLM::Worker
3873391 87283932 VLLM::Worker
3791454 63592332 ray::WorkerDict
3791453 63584388 ray::WorkerDict
3791459 63552704 ray::WorkerDict
3791460 63512308 ray::WorkerDict
1317539 4830996 VLLM::Worker_TP
1317538 4826456 VLLM::Worker_TP
3880556 1829596 ray::AgentLoopW
3880552 1817268 ray::AgentLoopW
3880551 1740628 ray::AgentLoopW
== 2026-09-05T14:13:18+09:00
Mem:            1007         702         306         368         371         305
    PID   RSS COMMAND
3873386 87673084 VLLM::Worker
3873390 87672788 VLLM::Worker
3873387 87335772 VLLM::Worker
3873391 87283164 VLLM::Worker
3791454 63593868 ray::WorkerDict
3791453 63584388 ray::WorkerDict
3791459 63553472 ray::WorkerDict
3791460 63510772 ray::WorkerDict
1317539 4830996 VLLM::Worker_TP
1317538 4826456 VLLM::Worker_TP
3880556 1829596 ray::AgentLoopW
3880552 1817268 ray::AgentLoopW
3880551 1740628 ray::AgentLoopW
== 2026-09-05T14:13:38+09:00
Mem:            1007         702         306         368         371         305
    PID   RSS COMMAND
3873386 87674620 VLLM::Worker
3873390 87672788 VLLM::Worker
3873387 87332700 VLLM::Worker
3873391 87285468 VLLM::Worker
3791454 63593868 ray::WorkerDict
3791453 63585156 ray::WorkerDict
3791459 63554240 ray::WorkerDict
3791460 63512308 ray::WorkerDict
1317539 4830996 VLLM::Worker_TP
1317538 4826456 VLLM::Worker_TP
3880556 1829596 ray::AgentLoopW
3880552 1817268 ray::AgentLoopW
3880551 1740628 ray::AgentLoopW
== 2026-09-05T14:13:58+09:00
Mem:            1007         702         306         368         371         305
    PID   RSS COMMAND
3873386 87673852 VLLM::Worker
3873390 87669716 VLLM::Worker
3873387 87333468 VLLM::Worker
3873391 87284700 VLLM::Worker
3791454 63596172 ray::WorkerDict
3791453 63585156 ray::WorkerDict
3791459 63553472 ray::WorkerDict
3791460 63511540 ray::WorkerDict
1317539 4830996 VLLM::Worker_TP
1317538 4826456 VLLM::Worker_TP
3880556 1829596 ray::AgentLoopW
3880552 1817268 ray::AgentLoopW
3880551 1740628 ray::AgentLoopW
== 2026-09-05T14:14:18+09:00
Mem:            1007         702         306         368         371         305
    PID   RSS COMMAND
3873386 87672316 VLLM::Worker
3873390 87669716 VLLM::Worker
3873387 87334236 VLLM::Worker
3873391 87285468 VLLM::Worker
3791454 63593100 ray::WorkerDict
3791453 63585924 ray::WorkerDict
3791459 63553472 ray::WorkerDict
3791460 63513076 ray::WorkerDict
1317539 4830996 VLLM::Worker_TP
1317538 4826456 VLLM::Worker_TP
3880556 1829596 ray::AgentLoopW
3880552 1817268 ray::AgentLoopW
3880551 1740628 ray::AgentLoopW
== 2026-09-05T14:14:38+09:00
Mem:            1007         702         306         368         371         305
    PID   RSS COMMAND
3873386 87673084 VLLM::Worker
3873390 87668180 VLLM::Worker
3873387 87332700 VLLM::Worker
3873391 87284700 VLLM::Worker
3791454 63593868 ray::WorkerDict
3791453 63584388 ray::WorkerDict
3791459 63555008 ray::WorkerDict
3791460 63513076 ray::WorkerDict
1317539 4830996 VLLM::Worker_TP
1317538 4826456 VLLM::Worker_TP
3880556 1829596 ray::AgentLoopW
3880552 1817268 ray::AgentLoopW
3880551 1740628 ray::AgentLoopW
== 2026-09-05T14:14:58+09:00
Mem:            1007         702         306         368         371         305
    PID   RSS COMMAND
3873386 87671548 VLLM::Worker
3873390 87671252 VLLM::Worker
3873387 87332700 VLLM::Worker
3873391 87283932 VLLM::Worker
3791454 63591564 ray::WorkerDict
3791453 63584388 ray::WorkerDict
3791459 63555008 ray::WorkerDict
3791460 63513076 ray::WorkerDict
1317539 4830996 VLLM::Worker_TP
1317538 4826456 VLLM::Worker_TP
3880556 1829596 ray::AgentLoopW
3880552 1817268 ray::AgentLoopW
3880551 1740628 ray::AgentLoopW
== 2026-09-05T14:15:18+09:00
Mem:            1007         702         306         368         371         304
    PID   RSS COMMAND
3873386 87673852 VLLM::Worker
3873390 87672788 VLLM::Worker
3873387 87329628 VLLM::Worker
3873391 87284700 VLLM::Worker
3791454 63593100 ray::WorkerDict
3791453 63585156 ray::WorkerDict
3791459 63555776 ray::WorkerDict
3791460 63512308 ray::WorkerDict
1317539 4830996 VLLM::Worker_TP
1317538 4826456 VLLM::Worker_TP
3880556 1829596 ray::AgentLoopW
3880552 1817268 ray::AgentLoopW
3880551 1740628 ray::AgentLoopW
== 2026-09-05T14:15:38+09:00
Mem:            1007         702         306         368         371         304
    PID   RSS COMMAND
3873386 87673852 VLLM::Worker
3873390 87670484 VLLM::Worker
3873387 87332700 VLLM::Worker
3873391 87287004 VLLM::Worker
3791454 63593100 ray::WorkerDict
3791453 63585924 ray::WorkerDict
3791459 63555776 ray::WorkerDict
3791460 63513076 ray::WorkerDict
1317539 4830996 VLLM::Worker_TP
1317538 4826456 VLLM::Worker_TP
3880556 1829596 ray::AgentLoopW
3880552 1817268 ray::AgentLoopW
3880551 1740628 ray::AgentLoopW
== 2026-09-05T14:15:58+09:00
Mem:            1007         702         306         368         371         305
    PID   RSS COMMAND
3873386 87673084 VLLM::Worker
3873390 87672020 VLLM::Worker
3873387 87332700 VLLM::Worker
3873391 87287772 VLLM::Worker
3791454 63593868 ray::WorkerDict
3791453 63584388 ray::WorkerDict
3791459 63557312 ray::WorkerDict
3791460 63513076 ray::WorkerDict
1317539 4830996 VLLM::Worker_TP
1317538 4826456 VLLM::Worker_TP
3880556 1829596 ray::AgentLoopW
3880552 1817268 ray::AgentLoopW
3880551 1740628 ray::AgentLoopW
== 2026-09-05T14:16:18+09:00
Mem:            1007         702         306         368         371         304
    PID   RSS COMMAND
3873386 87675388 VLLM::Worker
3873390 87669716 VLLM::Worker
3873387 87335772 VLLM::Worker
3873391 87287772 VLLM::Worker
3791454 63592332 ray::WorkerDict
3791453 63585924 ray::WorkerDict
3791459 63555008 ray::WorkerDict
3791460 63511540 ray::WorkerDict
1317539 4830996 VLLM::Worker_TP
1317538 4825688 VLLM::Worker_TP
3880556 1829596 ray::AgentLoopW
3880552 1817268 ray::AgentLoopW
3880551 1740628 ray::AgentLoopW
== 2026-09-05T14:16:38+09:00
Mem:            1007         702         306         368         371         304
    PID   RSS COMMAND
3873386 87673852 VLLM::Worker
3873390 87668948 VLLM::Worker
3873387 87333468 VLLM::Worker
3873391 87287772 VLLM::Worker
3791454 63592332 ray::WorkerDict
3791453 63585924 ray::WorkerDict
3791459 63556544 ray::WorkerDict
3791460 63513076 ray::WorkerDict
1317539 4830996 VLLM::Worker_TP
1317538 4825688 VLLM::Worker_TP
3880556 1829596 ray::AgentLoopW
3880552 1817268 ray::AgentLoopW
3880551 1740628 ray::AgentLoopW
== 2026-09-05T14:16:58+09:00
Mem:            1007         702         306         368         371         304
    PID   RSS COMMAND
3873386 87672316 VLLM::Worker
3873390 87668948 VLLM::Worker
3873387 87333468 VLLM::Worker
3873391 87284700 VLLM::Worker
3791454 63593100 ray::WorkerDict
3791453 63585156 ray::WorkerDict
3791459 63555776 ray::WorkerDict
3791460 63513844 ray::WorkerDict
1317539 4830996 VLLM::Worker_TP
1317538 4825688 VLLM::Worker_TP
3880556 1829596 ray::AgentLoopW
3880552 1817268 ray::AgentLoopW
3880551 1740628 ray::AgentLoopW
== 2026-09-05T14:17:18+09:00
Mem:            1007         702         306         368         371         305
    PID   RSS COMMAND
3873386 87675388 VLLM::Worker
3873390 87672788 VLLM::Worker
3873387 87333468 VLLM::Worker
3873391 87283932 VLLM::Worker
3791454 63593868 ray::WorkerDict
3791453 63583620 ray::WorkerDict
3791459 63554240 ray::WorkerDict
3791460 63513844 ray::WorkerDict
1317539 4830996 VLLM::Worker_TP
1317538 4825688 VLLM::Worker_TP
3880556 1829596 ray::AgentLoopW
3880552 1817268 ray::AgentLoopW
3880551 1740628 ray::AgentLoopW
== 2026-09-05T14:17:38+09:00
Mem:            1007         702         306         368         371         305
    PID   RSS COMMAND
3873386 87674620 VLLM::Worker
3873390 87671252 VLLM::Worker
3873387 87334236 VLLM::Worker
3873391 87283164 VLLM::Worker
3791454 63593868 ray::WorkerDict
3791453 63583620 ray::WorkerDict
3791459 63554240 ray::WorkerDict
3791460 63513076 ray::WorkerDict
1317539 4830996 VLLM::Worker_TP
1317538 4825688 VLLM::Worker_TP
3880556 1829596 ray::AgentLoopW
3880552 1817268 ray::AgentLoopW
3880551 1740628 ray::AgentLoopW
== 2026-09-05T14:17:58+09:00
Mem:            1007         702         306         368         371         305
    PID   RSS COMMAND
3873386 87674620 VLLM::Worker
3873390 87670484 VLLM::Worker
3873387 87332700 VLLM::Worker
3873391 87283932 VLLM::Worker
3791454 63593868 ray::WorkerDict
3791453 63584388 ray::WorkerDict
3791459 63551936 ray::WorkerDict
3791460 63514612 ray::WorkerDict
1317539 4830996 VLLM::Worker_TP
1317538 4825688 VLLM::Worker_TP
3880556 1829596 ray::AgentLoopW
3880552 1817268 ray::AgentLoopW
3880551 1740628 ray::AgentLoopW
== 2026-09-05T14:18:19+09:00
Mem:            1007         702         307         368         371         305
    PID   RSS COMMAND
3873386 87673852 VLLM::Worker
3873390 87668948 VLLM::Worker
3873387 87330396 VLLM::Worker
3873391 87283932 VLLM::Worker
3791454 63593868 ray::WorkerDict
3791453 63583620 ray::WorkerDict
3791459 63551936 ray::WorkerDict
3791460 63513844 ray::WorkerDict
1317539 4830996 VLLM::Worker_TP
1317538 4825688 VLLM::Worker_TP
3880556 1829596 ray::AgentLoopW
3880552 1817268 ray::AgentLoopW
3880551 1740628 ray::AgentLoopW
== 2026-09-05T14:18:39+09:00
Mem:            1007         702         307         368         371         305
    PID   RSS COMMAND
3873386 87675388 VLLM::Worker
3873390 87673556 VLLM::Worker
3873387 87335004 VLLM::Worker
3873391 87282396 VLLM::Worker
3791454 63592332 ray::WorkerDict
3791453 63582084 ray::WorkerDict
3791459 63553472 ray::WorkerDict
3791460 63512308 ray::WorkerDict
1317539 4830996 VLLM::Worker_TP
1317538 4825688 VLLM::Worker_TP
3880556 1829596 ray::AgentLoopW
3880552 1817268 ray::AgentLoopW
3880551 1740628 ray::AgentLoopW
== 2026-09-05T14:18:59+09:00
Mem:            1007         702         307         368         371         305
    PID   RSS COMMAND
3873386 87673084 VLLM::Worker
3873390 87672020 VLLM::Worker
3873387 87332700 VLLM::Worker
3873391 87284700 VLLM::Worker
3791454 63590796 ray::WorkerDict
3791453 63582084 ray::WorkerDict
3791459 63555008 ray::WorkerDict
3791460 63513076 ray::WorkerDict
1317539 4830996 VLLM::Worker_TP
1317538 4825688 VLLM::Worker_TP
3880556 1829596 ray::AgentLoopW
3880552 1817268 ray::AgentLoopW
3880551 1740628 ray::AgentLoopW
== 2026-09-05T14:19:19+09:00
Mem:            1007         702         307         368         371         305
    PID   RSS COMMAND
3873386 87673084 VLLM::Worker
3873390 87671252 VLLM::Worker
3873387 87333468 VLLM::Worker
3873391 87283164 VLLM::Worker
3791454 63589260 ray::WorkerDict
3791453 63584388 ray::WorkerDict
3791459 63555776 ray::WorkerDict
3791460 63513076 ray::WorkerDict
1317539 4830996 VLLM::Worker_TP
1317538 4825688 VLLM::Worker_TP
3880556 1829596 ray::AgentLoopW
3880552 1817268 ray::AgentLoopW
3880551 1740628 ray::AgentLoopW
== 2026-09-05T14:19:39+09:00
Mem:            1007         702         307         368         371         305
    PID   RSS COMMAND
3873386 87670780 VLLM::Worker
3873390 87668948 VLLM::Worker
3873387 87332700 VLLM::Worker
3873391 87283164 VLLM::Worker
3791454 63590028 ray::WorkerDict
3791453 63584388 ray::WorkerDict
3791459 63557312 ray::WorkerDict
3791460 63512308 ray::WorkerDict
1317539 4830996 VLLM::Worker_TP
1317538 4825688 VLLM::Worker_TP
3880556 1829596 ray::AgentLoopW
3880552 1817268 ray::AgentLoopW
3880551 1740628 ray::AgentLoopW
== 2026-09-05T14:19:59+09:00
Mem:            1007         702         307         368         371         305
    PID   RSS COMMAND
3873386 87673852 VLLM::Worker
3873390 87669716 VLLM::Worker
3873387 87332700 VLLM::Worker
3873391 87283932 VLLM::Worker
3791454 63590796 ray::WorkerDict
3791453 63585156 ray::WorkerDict
3791459 63557312 ray::WorkerDict
3791460 63511540 ray::WorkerDict
1317539 4830996 VLLM::Worker_TP
1317538 4827992 VLLM::Worker_TP
3880556 1829596 ray::AgentLoopW
3880552 1817268 ray::AgentLoopW
3880551 1740628 ray::AgentLoopW
== 2026-09-05T14:20:19+09:00
Mem:            1007         702         307         368         371         305
    PID   RSS COMMAND
3873386 87673084 VLLM::Worker
3873390 87672020 VLLM::Worker
3873387 87335772 VLLM::Worker
3873391 87283932 VLLM::Worker
3791454 63593868 ray::WorkerDict
3791453 63584388 ray::WorkerDict
3791459 63556544 ray::WorkerDict
3791460 63513844 ray::WorkerDict
1317539 4830996 VLLM::Worker_TP
1317538 4827992 VLLM::Worker_TP
3880556 1829596 ray::AgentLoopW
3880552 1817268 ray::AgentLoopW
3880551 1740628 ray::AgentLoopW
== 2026-09-05T14:20:39+09:00
Mem:            1007         702         307         368         371         305
    PID   RSS COMMAND
3873386 87673852 VLLM::Worker
3873390 87672020 VLLM::Worker
3873387 87335772 VLLM::Worker
3873391 87286236 VLLM::Worker
3791454 63592332 ray::WorkerDict
3791453 63585156 ray::WorkerDict
3791459 63556544 ray::WorkerDict
3791460 63513076 ray::WorkerDict
1317539 4830996 VLLM::Worker_TP
1317538 4827992 VLLM::Worker_TP
3880556 1829596 ray::AgentLoopW
3880552 1817268 ray::AgentLoopW
3880551 1740628 ray::AgentLoopW
== 2026-09-05T14:20:59+09:00
Mem:            1007         702         307         368         371         305
    PID   RSS COMMAND
3873386 87673084 VLLM::Worker
3873390 87671252 VLLM::Worker
3873387 87331932 VLLM::Worker
3873391 87287004 VLLM::Worker
3791454 63592332 ray::WorkerDict
3791453 63585156 ray::WorkerDict
3791459 63556544 ray::WorkerDict
3791460 63513076 ray::WorkerDict
1317539 4830996 VLLM::Worker_TP
1317538 4827992 VLLM::Worker_TP
3880556 1829596 ray::AgentLoopW
3880552 1817268 ray::AgentLoopW
3880551 1740628 ray::AgentLoopW
== 2026-09-05T14:21:19+09:00
Mem:            1007         702         307         368         371         305
    PID   RSS COMMAND
3873390 87672788 VLLM::Worker
3873386 87671548 VLLM::Worker
3873387 87333468 VLLM::Worker
3873391 87287004 VLLM::Worker
3791454 63592332 ray::WorkerDict
3791453 63586692 ray::WorkerDict
3791459 63554240 ray::WorkerDict
3791460 63513076 ray::WorkerDict
1317539 4830996 VLLM::Worker_TP
1317538 4827992 VLLM::Worker_TP
3880556 1829596 ray::AgentLoopW
3880552 1817268 ray::AgentLoopW
3880551 1740628 ray::AgentLoopW
== 2026-09-05T14:21:39+09:00
Mem:            1007         702         307         368         371         305
    PID   RSS COMMAND
3873390 87672020 VLLM::Worker
3873386 87671548 VLLM::Worker
3873387 87333468 VLLM::Worker
3873391 87287004 VLLM::Worker
3791454 63593100 ray::WorkerDict
3791453 63584388 ray::WorkerDict
3791459 63551936 ray::WorkerDict
3791460 63511540 ray::WorkerDict
1317539 4830996 VLLM::Worker_TP
1317538 4827992 VLLM::Worker_TP
3880556 1829596 ray::AgentLoopW
3880552 1817268 ray::AgentLoopW
3880551 1740628 ray::AgentLoopW
== 2026-09-05T14:21:59+09:00
Mem:            1007         702         307         368         371         305
    PID   RSS COMMAND
3873386 87674620 VLLM::Worker
3873390 87669716 VLLM::Worker
3873387 87333468 VLLM::Worker
3873391 87287004 VLLM::Worker
3791454 63592332 ray::WorkerDict
3791453 63582852 ray::WorkerDict
3791459 63554240 ray::WorkerDict
3791460 63511540 ray::WorkerDict
1317539 4830996 VLLM::Worker_TP
1317538 4827992 VLLM::Worker_TP
3880556 1829596 ray::AgentLoopW
3880552 1817268 ray::AgentLoopW
3880551 1740628 ray::AgentLoopW
== 2026-09-05T14:22:19+09:00
Mem:            1007         702         307         368         371         305
    PID   RSS COMMAND
3873386 87675388 VLLM::Worker
3873390 87670484 VLLM::Worker
3873387 87335004 VLLM::Worker
3873391 87287004 VLLM::Worker
3791454 63591564 ray::WorkerDict
3791453 63584388 ray::WorkerDict
3791459 63553472 ray::WorkerDict
3791460 63510004 ray::WorkerDict
1317539 4830996 VLLM::Worker_TP
1317538 4827992 VLLM::Worker_TP
3880556 1829596 ray::AgentLoopW
3880552 1817268 ray::AgentLoopW
3880551 1740628 ray::AgentLoopW
== 2026-09-05T14:22:39+09:00
Mem:            1007         702         307         368         371         305
    PID   RSS COMMAND
3873386 87674620 VLLM::Worker
3873390 87671252 VLLM::Worker
3873387 87332700 VLLM::Worker
3873391 87287772 VLLM::Worker
3791454 63591564 ray::WorkerDict
3791453 63582084 ray::WorkerDict
3791459 63552704 ray::WorkerDict
3791460 63510004 ray::WorkerDict
1317539 4830996 VLLM::Worker_TP
1317538 4827992 VLLM::Worker_TP
3880556 1829596 ray::AgentLoopW
3880552 1817268 ray::AgentLoopW
3880551 1740628 ray::AgentLoopW
== 2026-09-05T14:22:59+09:00
Mem:            1007         702         307         368         371         305
    PID   RSS COMMAND
3873386 87673852 VLLM::Worker
3873390 87670484 VLLM::Worker
3873387 87335772 VLLM::Worker
3873391 87287004 VLLM::Worker
3791454 63590796 ray::WorkerDict
3791453 63582852 ray::WorkerDict
3791459 63551936 ray::WorkerDict
3791460 63513844 ray::WorkerDict
1317539 4830996 VLLM::Worker_TP
1317538 4827992 VLLM::Worker_TP
3880556 1829596 ray::AgentLoopW
3880552 1817268 ray::AgentLoopW
3880551 1740628 ray::AgentLoopW
== 2026-09-05T14:23:19+09:00
Mem:            1007         702         307         368         371         305
    PID   RSS COMMAND
3873386 87676156 VLLM::Worker
3873390 87672020 VLLM::Worker
3873387 87332700 VLLM::Worker
3873391 87287772 VLLM::Worker
3791454 63590796 ray::WorkerDict
3791453 63584388 ray::WorkerDict
3791459 63553472 ray::WorkerDict
3791460 63513076 ray::WorkerDict
1317539 4830996 VLLM::Worker_TP
1317538 4827992 VLLM::Worker_TP
3880556 1829596 ray::AgentLoopW
3880552 1817268 ray::AgentLoopW
3880551 1740628 ray::AgentLoopW
== 2026-09-05T14:23:39+09:00
Mem:            1007         702         307         368         371         305
    PID   RSS COMMAND
3873386 87673084 VLLM::Worker
3873390 87671252 VLLM::Worker
3873387 87331932 VLLM::Worker
3873391 87287772 VLLM::Worker
3791454 63591564 ray::WorkerDict
3791453 63583620 ray::WorkerDict
3791459 63550400 ray::WorkerDict
3791460 63513076 ray::WorkerDict
1317539 4830996 VLLM::Worker_TP
1317538 4827992 VLLM::Worker_TP
3880556 1829596 ray::AgentLoopW
3880552 1817268 ray::AgentLoopW
3880551 1740628 ray::AgentLoopW
== 2026-09-05T14:23:59+09:00
Mem:            1007         702         307         368         371         305
    PID   RSS COMMAND
3873386 87673852 VLLM::Worker
3873390 87672020 VLLM::Worker
3873387 87331932 VLLM::Worker
3873391 87286236 VLLM::Worker
3791454 63592332 ray::WorkerDict
3791453 63581316 ray::WorkerDict
3791459 63555008 ray::WorkerDict
3791460 63512308 ray::WorkerDict
1317539 4830996 VLLM::Worker_TP
1317538 4827992 VLLM::Worker_TP
3880556 1829596 ray::AgentLoopW
3880552 1817268 ray::AgentLoopW
3880551 1740628 ray::AgentLoopW
== 2026-09-05T14:24:19+09:00
Mem:            1007         702         307         368         371         305
    PID   RSS COMMAND
3873386 87674620 VLLM::Worker
3873390 87669716 VLLM::Worker
3873387 87330396 VLLM::Worker
3873391 87287004 VLLM::Worker
3791454 63591564 ray::WorkerDict
3791453 63582852 ray::WorkerDict
3791459 63556544 ray::WorkerDict
3791460 63515380 ray::WorkerDict
1317539 4830996 VLLM::Worker_TP
1317538 4827992 VLLM::Worker_TP
3880556 1829596 ray::AgentLoopW
3880552 1817268 ray::AgentLoopW
3880551 1740628 ray::AgentLoopW
== 2026-09-05T14:24:39+09:00
Mem:            1007         702         307         368         371         305
    PID   RSS COMMAND
3873386 87675388 VLLM::Worker
3873390 87672788 VLLM::Worker
3873387 87333468 VLLM::Worker
3873391 87287772 VLLM::Worker
3791454 63590796 ray::WorkerDict
3791453 63584388 ray::WorkerDict
3791459 63555776 ray::WorkerDict
3791460 63513844 ray::WorkerDict
1317539 4830996 VLLM::Worker_TP
1317538 4826148 VLLM::Worker_TP
3880556 1829596 ray::AgentLoopW
3880552 1817268 ray::AgentLoopW
3880551 1740628 ray::AgentLoopW
== 2026-09-05T14:24:59+09:00
Mem:            1007         702         307         368         371         305
    PID   RSS COMMAND
3873386 87673084 VLLM::Worker
3873390 87669716 VLLM::Worker
3873387 87332700 VLLM::Worker
3873391 87287004 VLLM::Worker
3791454 63593100 ray::WorkerDict
3791453 63582852 ray::WorkerDict
3791459 63555008 ray::WorkerDict
3791460 63513844 ray::WorkerDict
1317539 4830996 VLLM::Worker_TP
1317538 4826148 VLLM::Worker_TP
3880556 1829596 ray::AgentLoopW
3880552 1817268 ray::AgentLoopW
3880551 1740628 ray::AgentLoopW
== 2026-09-05T14:25:19+09:00
Mem:            1007         702         307         368         371         305
    PID   RSS COMMAND
3873386 87673852 VLLM::Worker
3873390 87669716 VLLM::Worker
3873387 87331164 VLLM::Worker
3873391 87287004 VLLM::Worker
3791454 63591564 ray::WorkerDict
3791453 63583620 ray::WorkerDict
3791459 63554240 ray::WorkerDict
3791460 63512308 ray::WorkerDict
1317539 4830996 VLLM::Worker_TP
1317538 4826148 VLLM::Worker_TP
3880556 1829596 ray::AgentLoopW
3880552 1817268 ray::AgentLoopW
3880551 1740628 ray::AgentLoopW
== 2026-09-05T14:25:39+09:00
Mem:            1007         702         307         368         371         305
    PID   RSS COMMAND
3873386 87673852 VLLM::Worker
3873390 87673556 VLLM::Worker
3873387 87332700 VLLM::Worker
3873391 87287004 VLLM::Worker
3791454 63590028 ray::WorkerDict
3791453 63584388 ray::WorkerDict
3791459 63552704 ray::WorkerDict
3791460 63512308 ray::WorkerDict
1317539 4830996 VLLM::Worker_TP
1317538 4826148 VLLM::Worker_TP
3880556 1829596 ray::AgentLoopW
3880552 1817268 ray::AgentLoopW
3880551 1740628 ray::AgentLoopW
== 2026-09-05T14:25:59+09:00
Mem:            1007         702         307         368         371         305
    PID   RSS COMMAND
3873386 87676156 VLLM::Worker
3873390 87670484 VLLM::Worker
3873387 87332700 VLLM::Worker
3873391 87286236 VLLM::Worker
3791454 63587724 ray::WorkerDict
3791453 63584388 ray::WorkerDict
3791459 63555008 ray::WorkerDict
3791460 63513844 ray::WorkerDict
1317539 4830996 VLLM::Worker_TP
1317538 4826148 VLLM::Worker_TP
3880556 1829596 ray::AgentLoopW
3880552 1817268 ray::AgentLoopW
3880551 1740628 ray::AgentLoopW
== 2026-09-05T14:26:19+09:00
Mem:            1007         702         307         368         371         305
    PID   RSS COMMAND
3873386 87675388 VLLM::Worker
3873390 87672020 VLLM::Worker
3873387 87333468 VLLM::Worker
3873391 87285468 VLLM::Worker
3791454 63590028 ray::WorkerDict
3791453 63582852 ray::WorkerDict
3791459 63555776 ray::WorkerDict
3791460 63514612 ray::WorkerDict
1317539 4830996 VLLM::Worker_TP
1317538 4826148 VLLM::Worker_TP
3880556 1829596 ray::AgentLoopW
3880552 1817268 ray::AgentLoopW
3880551 1740628 ray::AgentLoopW
== 2026-09-05T14:26:39+09:00
Mem:            1007         702         307         368         371         305
    PID   RSS COMMAND
3873386 87674620 VLLM::Worker
3873390 87669716 VLLM::Worker
3873387 87333468 VLLM::Worker
3873391 87286236 VLLM::Worker
3791454 63590796 ray::WorkerDict
3791453 63582852 ray::WorkerDict
3791459 63553472 ray::WorkerDict
3791460 63514612 ray::WorkerDict
1317539 4830996 VLLM::Worker_TP
1317538 4826148 VLLM::Worker_TP
3880556 1829596 ray::AgentLoopW
3880552 1817268 ray::AgentLoopW
3880551 1740628 ray::AgentLoopW
== 2026-09-05T14:26:59+09:00
Mem:            1007         702         307         368         371         305
    PID   RSS COMMAND
3873386 87673852 VLLM::Worker
3873390 87669716 VLLM::Worker
3873387 87331164 VLLM::Worker
3873391 87285468 VLLM::Worker
3791454 63592332 ray::WorkerDict
3791453 63585156 ray::WorkerDict
3791459 63554240 ray::WorkerDict
3791460 63513076 ray::WorkerDict
1317539 4830996 VLLM::Worker_TP
1317538 4826148 VLLM::Worker_TP
3880556 1829596 ray::AgentLoopW
3880552 1817268 ray::AgentLoopW
3880551 1740628 ray::AgentLoopW
== 2026-09-05T14:27:19+09:00
Mem:            1007         702         307         368         371         305
    PID   RSS COMMAND
3873386 87671548 VLLM::Worker
3873390 87669716 VLLM::Worker
3873387 87331164 VLLM::Worker
3873391 87286236 VLLM::Worker
3791454 63593100 ray::WorkerDict
3791453 63583620 ray::WorkerDict
3791459 63551936 ray::WorkerDict
3791460 63513076 ray::WorkerDict
1317539 4830996 VLLM::Worker_TP
1317538 4826148 VLLM::Worker_TP
3880556 1829596 ray::AgentLoopW
3880552 1817268 ray::AgentLoopW
3880551 1740628 ray::AgentLoopW
== 2026-09-05T14:27:39+09:00
Mem:            1007         702         307         368         371         305
    PID   RSS COMMAND
3873386 87674620 VLLM::Worker
3873390 87672788 VLLM::Worker
3873387 87331164 VLLM::Worker
3873391 87285468 VLLM::Worker
3791454 63592332 ray::WorkerDict
3791453 63584388 ray::WorkerDict
3791459 63554240 ray::WorkerDict
3791460 63512308 ray::WorkerDict
1317539 4830996 VLLM::Worker_TP
1317538 4826148 VLLM::Worker_TP
3880556 1829596 ray::AgentLoopW
3880552 1817268 ray::AgentLoopW
3880551 1740628 ray::AgentLoopW
== 2026-09-05T14:27:59+09:00
Mem:            1007         702         307         368         371         305
    PID   RSS COMMAND
3873390 87673556 VLLM::Worker
3873386 87672316 VLLM::Worker
3873387 87334236 VLLM::Worker
3873391 87286236 VLLM::Worker
3791454 63593100 ray::WorkerDict
3791453 63586692 ray::WorkerDict
3791459 63555008 ray::WorkerDict
3791460 63513844 ray::WorkerDict
1317539 4830996 VLLM::Worker_TP
1317538 4826148 VLLM::Worker_TP
3880556 1829596 ray::AgentLoopW
3880552 1817268 ray::AgentLoopW
3880551 1740628 ray::AgentLoopW
== 2026-09-05T14:28:19+09:00
Mem:            1007         702         307         368         371         305
    PID   RSS COMMAND
3873386 87675388 VLLM::Worker
3873390 87670484 VLLM::Worker
3873387 87334236 VLLM::Worker
3873391 87285468 VLLM::Worker
3791454 63595404 ray::WorkerDict
3791453 63585156 ray::WorkerDict
3791459 63554240 ray::WorkerDict
3791460 63514612 ray::WorkerDict
1317539 4830996 VLLM::Worker_TP
1317538 4826148 VLLM::Worker_TP
3880556 1829596 ray::AgentLoopW
3880552 1817268 ray::AgentLoopW
3880551 1740628 ray::AgentLoopW
== 2026-09-05T14:28:40+09:00
Mem:            1007         702         307         368         371         305
    PID   RSS COMMAND
3873386 87676156 VLLM::Worker
3873390 87670484 VLLM::Worker
3873387 87332700 VLLM::Worker
3873391 87285468 VLLM::Worker
3791454 63593868 ray::WorkerDict
3791453 63585156 ray::WorkerDict
3791459 63555008 ray::WorkerDict
3791460 63515380 ray::WorkerDict
1317539 4830996 VLLM::Worker_TP
1317538 4826148 VLLM::Worker_TP
3880556 1829596 ray::AgentLoopW
3880552 1817268 ray::AgentLoopW
3880551 1740628 ray::AgentLoopW
== 2026-09-05T14:29:00+09:00
Mem:            1007         702         307         368         371         305
    PID   RSS COMMAND
3873386 87674620 VLLM::Worker
3873390 87672020 VLLM::Worker
3873387 87334236 VLLM::Worker
3873391 87284700 VLLM::Worker
3791454 63594636 ray::WorkerDict
3791453 63582852 ray::WorkerDict
3791459 63555008 ray::WorkerDict
3791460 63513844 ray::WorkerDict
1317539 4830996 VLLM::Worker_TP
1317538 4826148 VLLM::Worker_TP
3880556 1829596 ray::AgentLoopW
3880552 1817268 ray::AgentLoopW
3880551 1740628 ray::AgentLoopW
== 2026-09-05T14:29:20+09:00
Mem:            1007         702         307         368         371         305
    PID   RSS COMMAND
3873386 87674620 VLLM::Worker
3873390 87671252 VLLM::Worker
3873387 87333468 VLLM::Worker
3873391 87284700 VLLM::Worker
3791454 63591564 ray::WorkerDict
3791453 63583620 ray::WorkerDict
3791459 63555776 ray::WorkerDict
3791460 63513076 ray::WorkerDict
1317539 4830996 VLLM::Worker_TP
1317538 4826148 VLLM::Worker_TP
3880556 1829596 ray::AgentLoopW
3880552 1817268 ray::AgentLoopW
3880551 1740628 ray::AgentLoopW
== 2026-09-05T14:29:40+09:00
Mem:            1007         702         307         368         371         305
    PID   RSS COMMAND
3873386 87675388 VLLM::Worker
3873390 87671252 VLLM::Worker
3873387 87335004 VLLM::Worker
3873391 87284700 VLLM::Worker
3791454 63592332 ray::WorkerDict
3791453 63584388 ray::WorkerDict
3791459 63555008 ray::WorkerDict
3791460 63513076 ray::WorkerDict
1317539 4830996 VLLM::Worker_TP
1317538 4826148 VLLM::Worker_TP
3880556 1829596 ray::AgentLoopW
3880552 1817268 ray::AgentLoopW
3880551 1740628 ray::AgentLoopW
== 2026-09-05T14:30:00+09:00
Mem:            1007         702         307         368         371         305
    PID   RSS COMMAND
3873386 87674620 VLLM::Worker
3873390 87672788 VLLM::Worker
3873387 87334236 VLLM::Worker
3873391 87282396 VLLM::Worker
3791454 63594636 ray::WorkerDict
3791453 63586692 ray::WorkerDict
3791459 63555008 ray::WorkerDict
3791460 63513076 ray::WorkerDict
1317539 4830996 VLLM::Worker_TP
1317538 4827684 VLLM::Worker_TP
3880556 1829596 ray::AgentLoopW
3880552 1817268 ray::AgentLoopW
3880551 1740628 ray::AgentLoopW
== 2026-09-05T14:30:20+09:00
Mem:            1007         702         307         368         371         305
    PID   RSS COMMAND
3873390 87673556 VLLM::Worker
3873386 87673084 VLLM::Worker
3873387 87334236 VLLM::Worker
3873391 87282396 VLLM::Worker
3791454 63592332 ray::WorkerDict
3791453 63585156 ray::WorkerDict
3791459 63555008 ray::WorkerDict
3791460 63511540 ray::WorkerDict
1317539 4830996 VLLM::Worker_TP
1317538 4827684 VLLM::Worker_TP
3880556 1829596 ray::AgentLoopW
3880552 1817268 ray::AgentLoopW
3880551 1740628 ray::AgentLoopW
== 2026-09-05T14:30:40+09:00
Mem:            1007         702         307         368         371         305
    PID   RSS COMMAND
3873386 87674620 VLLM::Worker
3873390 87672788 VLLM::Worker
3873387 87331164 VLLM::Worker
3873391 87281628 VLLM::Worker
3791454 63594636 ray::WorkerDict
3791453 63585924 ray::WorkerDict
3791459 63555008 ray::WorkerDict
3791460 63510772 ray::WorkerDict
1317539 4830996 VLLM::Worker_TP
1317538 4827684 VLLM::Worker_TP
3880556 1829596 ray::AgentLoopW
3880552 1817268 ray::AgentLoopW
3880551 1740628 ray::AgentLoopW
== 2026-09-05T14:31:00+09:00
Mem:            1007         702         307         368         371         305
    PID   RSS COMMAND
3873386 87675388 VLLM::Worker
3873390 87671252 VLLM::Worker
3873387 87335004 VLLM::Worker
3873391 87281628 VLLM::Worker
3791454 63592332 ray::WorkerDict
3791453 63586692 ray::WorkerDict
3791459 63555008 ray::WorkerDict
3791460 63513844 ray::WorkerDict
1317539 4830996 VLLM::Worker_TP
1317538 4827684 VLLM::Worker_TP
3880556 1829596 ray::AgentLoopW
3880552 1817268 ray::AgentLoopW
3880551 1740628 ray::AgentLoopW
== 2026-09-05T14:31:20+09:00
Mem:            1007         702         307         368         371         305
    PID   RSS COMMAND
3873386 87674620 VLLM::Worker
3873390 87671252 VLLM::Worker
3873387 87332700 VLLM::Worker
3873391 87281628 VLLM::Worker
3791454 63593100 ray::WorkerDict
3791453 63585924 ray::WorkerDict
3791459 63555008 ray::WorkerDict
3791460 63513844 ray::WorkerDict
1317539 4830996 VLLM::Worker_TP
1317538 4827684 VLLM::Worker_TP
3880556 1829596 ray::AgentLoopW
3880552 1817268 ray::AgentLoopW
3880551 1740628 ray::AgentLoopW
== 2026-09-05T14:31:40+09:00
Mem:            1007         702         307         368         371         305
    PID   RSS COMMAND
3873386 87674620 VLLM::Worker
3873390 87671252 VLLM::Worker
3873387 87332700 VLLM::Worker
3873391 87280860 VLLM::Worker
3791454 63594636 ray::WorkerDict
3791453 63585156 ray::WorkerDict
3791459 63553472 ray::WorkerDict
3791460 63513844 ray::WorkerDict
1317539 4830996 VLLM::Worker_TP
1317538 4827684 VLLM::Worker_TP
3880556 1829596 ray::AgentLoopW
3880552 1817268 ray::AgentLoopW
3880551 1740628 ray::AgentLoopW
== 2026-09-05T14:32:00+09:00
Mem:            1007         702         307         368         371         305
    PID   RSS COMMAND
3873386 87676156 VLLM::Worker
3873390 87671252 VLLM::Worker
3873387 87335004 VLLM::Worker
3873391 87281628 VLLM::Worker
3791454 63593868 ray::WorkerDict
3791453 63585924 ray::WorkerDict
3791459 63555008 ray::WorkerDict
3791460 63514612 ray::WorkerDict
1317539 4830996 VLLM::Worker_TP
1317538 4827684 VLLM::Worker_TP
3880556 1829596 ray::AgentLoopW
3880552 1817268 ray::AgentLoopW
3880551 1740628 ray::AgentLoopW
== 2026-09-05T14:32:20+09:00
Mem:            1007         702         307         368         371         305
    PID   RSS COMMAND
3873386 87676156 VLLM::Worker
3873390 87670484 VLLM::Worker
3873387 87334236 VLLM::Worker
3873391 87280092 VLLM::Worker
3791454 63593868 ray::WorkerDict
3791453 63584388 ray::WorkerDict
3791459 63553472 ray::WorkerDict
3791460 63513844 ray::WorkerDict
1317539 4830996 VLLM::Worker_TP
1317538 4827684 VLLM::Worker_TP
3880556 1829596 ray::AgentLoopW
3880552 1817268 ray::AgentLoopW
3880551 1740628 ray::AgentLoopW
== 2026-09-05T14:32:40+09:00
Mem:            1007         702         307         368         371         305
    PID   RSS COMMAND
3873386 87675388 VLLM::Worker
3873390 87672020 VLLM::Worker
3873387 87334236 VLLM::Worker
3873391 87280860 VLLM::Worker
3791454 63593100 ray::WorkerDict
3791453 63585156 ray::WorkerDict
3791459 63552704 ray::WorkerDict
3791460 63514612 ray::WorkerDict
1317539 4830996 VLLM::Worker_TP
1317538 4827684 VLLM::Worker_TP
3880556 1829596 ray::AgentLoopW
3880552 1817268 ray::AgentLoopW
3880551 1740628 ray::AgentLoopW
== 2026-09-05T14:33:00+09:00
Mem:            1007         702         307         368         371         305
    PID   RSS COMMAND
3873386 87675388 VLLM::Worker
3873390 87670484 VLLM::Worker
3873387 87331932 VLLM::Worker
3873391 87280860 VLLM::Worker
3791454 63593100 ray::WorkerDict
3791453 63583620 ray::WorkerDict
3791459 63555008 ray::WorkerDict
3791460 63514612 ray::WorkerDict
1317539 4830996 VLLM::Worker_TP
1317538 4827684 VLLM::Worker_TP
3880556 1829596 ray::AgentLoopW
3880552 1817268 ray::AgentLoopW
3880551 1740628 ray::AgentLoopW
== 2026-09-05T14:33:20+09:00
Mem:            1007         702         307         368         371         305
    PID   RSS COMMAND
3873386 87673852 VLLM::Worker
3873390 87672788 VLLM::Worker
3873387 87335004 VLLM::Worker
3873391 87283164 VLLM::Worker
3791454 63593868 ray::WorkerDict
3791453 63583620 ray::WorkerDict
3791459 63555776 ray::WorkerDict
3791460 63513844 ray::WorkerDict
1317539 4830996 VLLM::Worker_TP
1317538 4827684 VLLM::Worker_TP
3880556 1829596 ray::AgentLoopW
3880552 1817268 ray::AgentLoopW
3880551 1740628 ray::AgentLoopW
== 2026-09-05T14:33:40+09:00
Mem:            1007         702         307         368         371         305
    PID   RSS COMMAND
3873386 87673084 VLLM::Worker
3873390 87669716 VLLM::Worker
3873387 87332700 VLLM::Worker
3873391 87282396 VLLM::Worker
3791454 63592332 ray::WorkerDict
3791453 63582852 ray::WorkerDict
3791459 63554240 ray::WorkerDict
3791460 63512308 ray::WorkerDict
1317539 4830996 VLLM::Worker_TP
1317538 4827684 VLLM::Worker_TP
3880556 1829596 ray::AgentLoopW
3880552 1817268 ray::AgentLoopW
3880551 1740628 ray::AgentLoopW
== 2026-09-05T14:34:00+09:00
Mem:            1007         702         307         368         371         305
    PID   RSS COMMAND
3873386 87674620 VLLM::Worker
3873390 87671252 VLLM::Worker
3873387 87335004 VLLM::Worker
3873391 87281628 VLLM::Worker
3791454 63591564 ray::WorkerDict
3791453 63585156 ray::WorkerDict
3791459 63553472 ray::WorkerDict
3791460 63511540 ray::WorkerDict
1317539 4830996 VLLM::Worker_TP
1317538 4827684 VLLM::Worker_TP
3880556 1829596 ray::AgentLoopW
3880552 1817268 ray::AgentLoopW
3880551 1740628 ray::AgentLoopW
== 2026-09-05T14:34:20+09:00
Mem:            1007         702         307         368         371         305
    PID   RSS COMMAND
3873386 87673852 VLLM::Worker
3873390 87668180 VLLM::Worker
3873387 87331164 VLLM::Worker
3873391 87282396 VLLM::Worker
3791454 63591564 ray::WorkerDict
3791453 63586692 ray::WorkerDict
3791459 63555776 ray::WorkerDict
3791460 63513076 ray::WorkerDict
1317539 4830996 VLLM::Worker_TP
1317538 4827684 VLLM::Worker_TP
3880556 1829596 ray::AgentLoopW
3880552 1817268 ray::AgentLoopW
3880551 1740628 ray::AgentLoopW
== 2026-09-05T14:34:40+09:00
Mem:            1007         702         307         368         371         305
    PID   RSS COMMAND
3873386 87675388 VLLM::Worker
3873390 87668948 VLLM::Worker
3873387 87333468 VLLM::Worker
3873391 87282396 VLLM::Worker
3791454 63590796 ray::WorkerDict
3791453 63584388 ray::WorkerDict
3791459 63555008 ray::WorkerDict
3791460 63513844 ray::WorkerDict
1317539 4830996 VLLM::Worker_TP
1317538 4827684 VLLM::Worker_TP
3880556 1829596 ray::AgentLoopW
3880552 1817268 ray::AgentLoopW
3880551 1740628 ray::AgentLoopW
== 2026-09-05T14:35:00+09:00
Mem:            1007         702         307         368         371         305
    PID   RSS COMMAND
3873386 87676156 VLLM::Worker
3873390 87672020 VLLM::Worker
3873387 87331932 VLLM::Worker
3873391 87282396 VLLM::Worker
3791454 63593100 ray::WorkerDict
3791453 63584388 ray::WorkerDict
3791459 63555008 ray::WorkerDict
3791460 63512308 ray::WorkerDict
1317539 4830996 VLLM::Worker_TP
1317538 4827684 VLLM::Worker_TP
3880556 1829596 ray::AgentLoopW
3880552 1817268 ray::AgentLoopW
3880551 1740628 ray::AgentLoopW
== 2026-09-05T14:35:20+09:00
Mem:            1007         702         307         368         371         305
    PID   RSS COMMAND
3873386 87674620 VLLM::Worker
3873390 87672788 VLLM::Worker
3873387 87334236 VLLM::Worker
3873391 87282396 VLLM::Worker
3791454 63591564 ray::WorkerDict
3791453 63584388 ray::WorkerDict
3791459 63555008 ray::WorkerDict
3791460 63510772 ray::WorkerDict
1317539 4830996 VLLM::Worker_TP
1317538 4827684 VLLM::Worker_TP
3880556 1829596 ray::AgentLoopW
3880552 1817268 ray::AgentLoopW
3880551 1740628 ray::AgentLoopW
== 2026-09-05T14:35:40+09:00
Mem:            1007         702         307         368         371         305
    PID   RSS COMMAND
3873386 87675388 VLLM::Worker
3873390 87670484 VLLM::Worker
3873387 87332700 VLLM::Worker
3873391 87283164 VLLM::Worker
3791454 63592332 ray::WorkerDict
3791453 63584388 ray::WorkerDict
3791459 63553472 ray::WorkerDict
3791460 63509236 ray::WorkerDict
1317539 4830996 VLLM::Worker_TP
1317538 4827684 VLLM::Worker_TP
3880556 1829596 ray::AgentLoopW
3880552 1817268 ray::AgentLoopW
3880551 1740628 ray::AgentLoopW
== 2026-09-05T14:36:00+09:00
Mem:            1007         702         307         368         371         305
    PID   RSS COMMAND
3873386 87673852 VLLM::Worker
3873390 87670484 VLLM::Worker
3873387 87331932 VLLM::Worker
3873391 87283164 VLLM::Worker
3791454 63593100 ray::WorkerDict
3791453 63585156 ray::WorkerDict
3791459 63551936 ray::WorkerDict
3791460 63512308 ray::WorkerDict
1317539 4830996 VLLM::Worker_TP
1317538 4827684 VLLM::Worker_TP
3880556 1829596 ray::AgentLoopW
3880552 1817268 ray::AgentLoopW
3880551 1740628 ray::AgentLoopW
== 2026-09-05T14:36:20+09:00
Mem:            1007         702         307         368         371         305
    PID   RSS COMMAND
3873386 87671548 VLLM::Worker
3873390 87668948 VLLM::Worker
3873387 87331932 VLLM::Worker
3873391 87284700 VLLM::Worker
3791454 63592332 ray::WorkerDict
3791453 63587460 ray::WorkerDict
3791459 63552704 ray::WorkerDict
3791460 63513076 ray::WorkerDict
1317539 4830996 VLLM::Worker_TP
1317538 4827684 VLLM::Worker_TP
3880556 1829596 ray::AgentLoopW
3880552 1817268 ray::AgentLoopW
3880551 1740628 ray::AgentLoopW
== 2026-09-05T14:36:40+09:00
Mem:            1007         702         307         368         371         305
    PID   RSS COMMAND
3873386 87673852 VLLM::Worker
3873390 87671252 VLLM::Worker
3873387 87331932 VLLM::Worker
3873391 87287004 VLLM::Worker
3791454 63592332 ray::WorkerDict
3791453 63585924 ray::WorkerDict
3791459 63552704 ray::WorkerDict
3791460 63511540 ray::WorkerDict
1317539 4830996 VLLM::Worker_TP
1317538 4827684 VLLM::Worker_TP
3880556 1829596 ray::AgentLoopW
3880552 1817268 ray::AgentLoopW
3880551 1740628 ray::AgentLoopW
== 2026-09-05T14:37:00+09:00
Mem:            1007         702         307         368         371         305
    PID   RSS COMMAND
3873386 87672316 VLLM::Worker
3873390 87668948 VLLM::Worker
3873387 87331164 VLLM::Worker
3873391 87287004 VLLM::Worker
3791454 63591564 ray::WorkerDict
3791453 63585924 ray::WorkerDict
3791459 63553472 ray::WorkerDict
3791460 63511540 ray::WorkerDict
1317539 4830996 VLLM::Worker_TP
1317538 4827684 VLLM::Worker_TP
3880556 1829596 ray::AgentLoopW
3880552 1817268 ray::AgentLoopW
3880551 1740628 ray::AgentLoopW
== 2026-09-05T14:37:20+09:00
Mem:            1007         702         307         368         371         305
    PID   RSS COMMAND
3873386 87672316 VLLM::Worker
3873390 87668948 VLLM::Worker
3873387 87333468 VLLM::Worker
3873391 87286236 VLLM::Worker
3791454 63592332 ray::WorkerDict
3791453 63585924 ray::WorkerDict
3791459 63550400 ray::WorkerDict
3791460 63513076 ray::WorkerDict
1317539 4830996 VLLM::Worker_TP
1317538 4827684 VLLM::Worker_TP
3880556 1829596 ray::AgentLoopW
3880552 1817268 ray::AgentLoopW
3880551 1740628 ray::AgentLoopW
== 2026-09-05T14:37:40+09:00
Mem:            1007         702         307         368         371         305
    PID   RSS COMMAND
3873386 87672316 VLLM::Worker
3873390 87669716 VLLM::Worker
3873387 87332700 VLLM::Worker
3873391 87287004 VLLM::Worker
3791454 63594636 ray::WorkerDict
3791453 63585924 ray::WorkerDict
3791459 63551168 ray::WorkerDict
3791460 63510772 ray::WorkerDict
1317539 4830996 VLLM::Worker_TP
1317538 4827684 VLLM::Worker_TP
3880556 1829596 ray::AgentLoopW
3880552 1817268 ray::AgentLoopW
3880551 1740628 ray::AgentLoopW
== 2026-09-05T14:38:00+09:00
Mem:            1007         702         307         368         371         305
    PID   RSS COMMAND
3873386 87672316 VLLM::Worker
3873390 87672020 VLLM::Worker
3873387 87331164 VLLM::Worker
3873391 87287004 VLLM::Worker
3791454 63595404 ray::WorkerDict
3791453 63584388 ray::WorkerDict
3791459 63551936 ray::WorkerDict
3791460 63509236 ray::WorkerDict
1317539 4830996 VLLM::Worker_TP
1317538 4827684 VLLM::Worker_TP
3880556 1829596 ray::AgentLoopW
3880552 1817268 ray::AgentLoopW
3880551 1740628 ray::AgentLoopW
== 2026-09-05T14:38:20+09:00
Mem:            1007         702         307         368         371         305
    PID   RSS COMMAND
3873386 87676156 VLLM::Worker
3873390 87672788 VLLM::Worker
3873387 87332700 VLLM::Worker
3873391 87286236 VLLM::Worker
3791454 63593868 ray::WorkerDict
3791453 63583620 ray::WorkerDict
3791459 63552704 ray::WorkerDict
3791460 63510004 ray::WorkerDict
1317539 4830996 VLLM::Worker_TP
1317538 4827684 VLLM::Worker_TP
3880556 1829596 ray::AgentLoopW
3880552 1817268 ray::AgentLoopW
3880551 1740628 ray::AgentLoopW
== 2026-09-05T14:38:40+09:00
Mem:            1007         702         307         368         371         305
    PID   RSS COMMAND
3873386 87673852 VLLM::Worker
3873390 87670484 VLLM::Worker
3873387 87332700 VLLM::Worker
3873391 87286236 VLLM::Worker
3791454 63593100 ray::WorkerDict
3791453 63582852 ray::WorkerDict
3791459 63553472 ray::WorkerDict
3791460 63510772 ray::WorkerDict
1317539 4830996 VLLM::Worker_TP
1317538 4827684 VLLM::Worker_TP
3880556 1829596 ray::AgentLoopW
3880552 1817268 ray::AgentLoopW
3880551 1740628 ray::AgentLoopW
== 2026-09-05T14:39:01+09:00
Mem:            1007         702         307         368         371         305
    PID   RSS COMMAND
3873386 87676924 VLLM::Worker
3873390 87668948 VLLM::Worker
3873387 87331932 VLLM::Worker
3873391 87285468 VLLM::Worker
3791454 63593100 ray::WorkerDict
3791453 63584388 ray::WorkerDict
3791459 63553472 ray::WorkerDict
3791460 63513076 ray::WorkerDict
1317539 4830996 VLLM::Worker_TP
1317538 4827684 VLLM::Worker_TP
3880556 1829596 ray::AgentLoopW
3880552 1817268 ray::AgentLoopW
3880551 1740628 ray::AgentLoopW
== 2026-09-05T14:39:21+09:00
Mem:            1007         702         307         368         371         305
    PID   RSS COMMAND
3873386 87671548 VLLM::Worker
3873390 87669716 VLLM::Worker
3873387 87331932 VLLM::Worker
3873391 87285468 VLLM::Worker
3791454 63591564 ray::WorkerDict
3791453 63584388 ray::WorkerDict
3791459 63553472 ray::WorkerDict
3791460 63513076 ray::WorkerDict
1317539 4830996 VLLM::Worker_TP
1317538 4827684 VLLM::Worker_TP
3880556 1829596 ray::AgentLoopW
3880552 1817268 ray::AgentLoopW
3880551 1740628 ray::AgentLoopW
== 2026-09-05T14:39:41+09:00
Mem:            1007         702         307         368         371         305
    PID   RSS COMMAND
3873386 87671548 VLLM::Worker
3873390 87670484 VLLM::Worker
3873387 87331932 VLLM::Worker
3873391 87285468 VLLM::Worker
3791454 63589260 ray::WorkerDict
3791453 63583620 ray::WorkerDict
3791459 63554240 ray::WorkerDict
3791460 63515380 ray::WorkerDict
1317539 4830996 VLLM::Worker_TP
1317538 4827684 VLLM::Worker_TP
3880556 1829596 ray::AgentLoopW
3880552 1817268 ray::AgentLoopW
3880551 1740628 ray::AgentLoopW
== 2026-09-05T14:40:01+09:00
Mem:            1007         702         307         368         371         305
    PID   RSS COMMAND
3873386 87673084 VLLM::Worker
3873390 87672788 VLLM::Worker
3873387 87331932 VLLM::Worker
3873391 87284700 VLLM::Worker
3791454 63591564 ray::WorkerDict
3791453 63583620 ray::WorkerDict
3791459 63555008 ray::WorkerDict
3791460 63513844 ray::WorkerDict
1317539 4830996 VLLM::Worker_TP
1317538 4827684 VLLM::Worker_TP
3880556 1829596 ray::AgentLoopW
3880552 1817268 ray::AgentLoopW
3880551 1740628 ray::AgentLoopW
== 2026-09-05T14:40:21+09:00
Mem:            1007         702         307         368         371         305
    PID   RSS COMMAND
3873386 87676156 VLLM::Worker
3873390 87669716 VLLM::Worker
3873387 87331932 VLLM::Worker
3873391 87284700 VLLM::Worker
3791454 63591564 ray::WorkerDict
3791453 63584388 ray::WorkerDict
3791459 63556544 ray::WorkerDict
3791460 63513844 ray::WorkerDict
1317539 4830996 VLLM::Worker_TP
1317538 4827684 VLLM::Worker_TP
3880556 1829596 ray::AgentLoopW
3880552 1817268 ray::AgentLoopW
3880551 1740628 ray::AgentLoopW
== 2026-09-05T14:40:41+09:00
Mem:            1007         702         307         368         371         305
    PID   RSS COMMAND
3873386 87673852 VLLM::Worker
3873390 87670484 VLLM::Worker
3873387 87333468 VLLM::Worker
3873391 87286236 VLLM::Worker
3791454 63591564 ray::WorkerDict
3791453 63584388 ray::WorkerDict
3791459 63556544 ray::WorkerDict
3791460 63512308 ray::WorkerDict
1317539 4830996 VLLM::Worker_TP
1317538 4827684 VLLM::Worker_TP
3880556 1829596 ray::AgentLoopW
3880552 1817268 ray::AgentLoopW
3880551 1740628 ray::AgentLoopW
== 2026-09-05T14:41:01+09:00
Mem:            1007         702         307         368         371         305
    PID   RSS COMMAND
3873386 87676156 VLLM::Worker
3873390 87669716 VLLM::Worker
3873387 87331164 VLLM::Worker
3873391 87285468 VLLM::Worker
3791454 63592332 ray::WorkerDict
3791453 63584388 ray::WorkerDict
3791459 63555008 ray::WorkerDict
3791460 63513844 ray::WorkerDict
1317539 4830996 VLLM::Worker_TP
1317538 4827684 VLLM::Worker_TP
3880556 1829596 ray::AgentLoopW
3880552 1817268 ray::AgentLoopW
3880551 1740628 ray::AgentLoopW
== 2026-09-05T14:41:21+09:00
Mem:            1007         702         307         368         371         305
    PID   RSS COMMAND
3873386 87674620 VLLM::Worker
3873390 87670484 VLLM::Worker
3873387 87331932 VLLM::Worker
3873391 87286236 VLLM::Worker
3791454 63593868 ray::WorkerDict
3791453 63585156 ray::WorkerDict
3791459 63553472 ray::WorkerDict
3791460 63512308 ray::WorkerDict
1317539 4830996 VLLM::Worker_TP
1317538 4827684 VLLM::Worker_TP
3880556 1829596 ray::AgentLoopW
3880552 1817268 ray::AgentLoopW
3880551 1740628 ray::AgentLoopW
== 2026-09-05T14:41:41+09:00
Mem:            1007         702         307         368         371         305
    PID   RSS COMMAND
3873386 87674620 VLLM::Worker
3873390 87669716 VLLM::Worker
3873387 87331932 VLLM::Worker
3873391 87285468 VLLM::Worker
3791454 63593868 ray::WorkerDict
3791453 63585156 ray::WorkerDict
3791459 63556544 ray::WorkerDict
3791460 63514612 ray::WorkerDict
1317539 4830996 VLLM::Worker_TP
1317538 4827684 VLLM::Worker_TP
3880556 1829596 ray::AgentLoopW
3880552 1817268 ray::AgentLoopW
3880551 1740628 ray::AgentLoopW
== 2026-09-05T14:42:01+09:00
Mem:            1007         702         307         368         371         305
    PID   RSS COMMAND
3873386 87673084 VLLM::Worker
3873390 87668180 VLLM::Worker
3873387 87331932 VLLM::Worker
3873391 87286236 VLLM::Worker
3791454 63596172 ray::WorkerDict
3791453 63585924 ray::WorkerDict
3791459 63555776 ray::WorkerDict
3791460 63513844 ray::WorkerDict
1317539 4830996 VLLM::Worker_TP
1317538 4827684 VLLM::Worker_TP
3880556 1829596 ray::AgentLoopW
3880552 1817268 ray::AgentLoopW
3880551 1740628 ray::AgentLoopW
== 2026-09-05T14:42:21+09:00
Mem:            1007         702         307         368         371         305
    PID   RSS COMMAND
3873386 87675388 VLLM::Worker
3873390 87670484 VLLM::Worker
3873387 87331164 VLLM::Worker
3873391 87287772 VLLM::Worker
3791454 63594636 ray::WorkerDict
3791453 63583620 ray::WorkerDict
3791459 63553472 ray::WorkerDict
3791460 63512308 ray::WorkerDict
1317539 4830996 VLLM::Worker_TP
1317538 4827684 VLLM::Worker_TP
3880556 1829596 ray::AgentLoopW
3880552 1817268 ray::AgentLoopW
3880551 1740628 ray::AgentLoopW
== 2026-09-05T14:42:41+09:00
Mem:            1007         702         307         368         371         305
    PID   RSS COMMAND
3873386 87676156 VLLM::Worker
3873390 87670484 VLLM::Worker
3873387 87331164 VLLM::Worker
3873391 87286236 VLLM::Worker
3791454 63595404 ray::WorkerDict
3791453 63585924 ray::WorkerDict
3791459 63552704 ray::WorkerDict
3791460 63513076 ray::WorkerDict
1317539 4830996 VLLM::Worker_TP
1317538 4827684 VLLM::Worker_TP
3880556 1829596 ray::AgentLoopW
3880552 1817268 ray::AgentLoopW
3880551 1740628 ray::AgentLoopW
== 2026-09-05T14:43:01+09:00
Mem:            1007         702         307         368         371         305
    PID   RSS COMMAND
3873386 87674620 VLLM::Worker
3873390 87669716 VLLM::Worker
3873387 87333468 VLLM::Worker
3873391 87286236 VLLM::Worker
3791454 63593100 ray::WorkerDict
3791453 63584388 ray::WorkerDict
3791459 63554240 ray::WorkerDict
3791460 63513076 ray::WorkerDict
1317539 4830996 VLLM::Worker_TP
1317538 4827684 VLLM::Worker_TP
3880556 1829596 ray::AgentLoopW
3880552 1817268 ray::AgentLoopW
3880551 1740628 ray::AgentLoopW
== 2026-09-05T14:43:21+09:00
Mem:            1007         702         307         368         371         305
    PID   RSS COMMAND
3873386 87674620 VLLM::Worker
3873390 87669716 VLLM::Worker
3873387 87334236 VLLM::Worker
3873391 87287004 VLLM::Worker
3791454 63592332 ray::WorkerDict
3791453 63583620 ray::WorkerDict
3791459 63553472 ray::WorkerDict
3791460 63513076 ray::WorkerDict
1317539 4830996 VLLM::Worker_TP
1317538 4827684 VLLM::Worker_TP
3880556 1829596 ray::AgentLoopW
3880552 1817268 ray::AgentLoopW
3880551 1740628 ray::AgentLoopW
== 2026-09-05T14:43:41+09:00
Mem:            1007         702         307         368         371         305
    PID   RSS COMMAND
3873386 87674620 VLLM::Worker
3873390 87671252 VLLM::Worker
3873387 87332700 VLLM::Worker
3873391 87287772 VLLM::Worker
3791454 63596172 ray::WorkerDict
3791453 63583620 ray::WorkerDict
3791459 63554240 ray::WorkerDict
3791460 63513844 ray::WorkerDict
1317539 4830996 VLLM::Worker_TP
1317538 4827684 VLLM::Worker_TP
3880556 1829596 ray::AgentLoopW
3880552 1817268 ray::AgentLoopW
3880551 1740628 ray::AgentLoopW
== 2026-09-05T14:44:01+09:00
Mem:            1007         702         307         368         371         305
    PID   RSS COMMAND
3873386 87674620 VLLM::Worker
3873390 87669716 VLLM::Worker
3873387 87332700 VLLM::Worker
3873391 87287772 VLLM::Worker
3791454 63596172 ray::WorkerDict
3791453 63585924 ray::WorkerDict
3791459 63552704 ray::WorkerDict
3791460 63511540 ray::WorkerDict
1317539 4830996 VLLM::Worker_TP
1317538 4827684 VLLM::Worker_TP
3880556 1829596 ray::AgentLoopW
3880552 1817268 ray::AgentLoopW
3880551 1740628 ray::AgentLoopW
== 2026-09-05T14:44:21+09:00
Mem:            1007         702         307         368         371         305
    PID   RSS COMMAND
3873386 87673084 VLLM::Worker
3873390 87671252 VLLM::Worker
3873387 87333468 VLLM::Worker
3873391 87287004 VLLM::Worker
3791454 63594636 ray::WorkerDict
3791453 63584388 ray::WorkerDict
3791459 63553472 ray::WorkerDict
3791460 63510004 ray::WorkerDict
1317539 4830996 VLLM::Worker_TP
1317538 4827684 VLLM::Worker_TP
3880556 1829596 ray::AgentLoopW
3880552 1817268 ray::AgentLoopW
3880551 1740628 ray::AgentLoopW
== 2026-09-05T14:44:41+09:00
Mem:            1007         702         307         368         371         305
    PID   RSS COMMAND
3873386 87676156 VLLM::Worker
3873390 87671252 VLLM::Worker
3873387 87333468 VLLM::Worker
3873391 87286236 VLLM::Worker
3791454 63593868 ray::WorkerDict
3791453 63585156 ray::WorkerDict
3791459 63554240 ray::WorkerDict
3791460 63513076 ray::WorkerDict
1317539 4830996 VLLM::Worker_TP
1317538 4827684 VLLM::Worker_TP
3880556 1829596 ray::AgentLoopW
3880552 1817268 ray::AgentLoopW
3880551 1740628 ray::AgentLoopW
== 2026-09-05T14:45:01+09:00
Mem:            1007         702         307         368         371         305
    PID   RSS COMMAND
3873386 87673852 VLLM::Worker
3873390 87668948 VLLM::Worker
3873387 87335004 VLLM::Worker
3873391 87285468 VLLM::Worker
3791454 63592332 ray::WorkerDict
3791453 63585924 ray::WorkerDict
3791459 63553472 ray::WorkerDict
3791460 63514612 ray::WorkerDict
1317539 4830996 VLLM::Worker_TP
1317538 4827684 VLLM::Worker_TP
3880556 1829596 ray::AgentLoopW
3880552 1817268 ray::AgentLoopW
3880551 1740628 ray::AgentLoopW
== 2026-09-05T14:45:21+09:00
Mem:            1007         702         307         368         371         305
    PID   RSS COMMAND
3873386 87675388 VLLM::Worker
3873390 87672020 VLLM::Worker
3873387 87332700 VLLM::Worker
3873391 87285468 VLLM::Worker
3791454 63592332 ray::WorkerDict
3791453 63585924 ray::WorkerDict
3791459 63553472 ray::WorkerDict
3791460 63513076 ray::WorkerDict
1317539 4830996 VLLM::Worker_TP
1317538 4827684 VLLM::Worker_TP
3880556 1829596 ray::AgentLoopW
3880552 1817268 ray::AgentLoopW
3880551 1740628 ray::AgentLoopW
== 2026-09-05T14:45:41+09:00
Mem:            1007         702         307         368         371         305
    PID   RSS COMMAND
3873386 87674620 VLLM::Worker
3873390 87667412 VLLM::Worker
3873387 87331932 VLLM::Worker
3873391 87284700 VLLM::Worker
3791454 63590796 ray::WorkerDict
3791453 63586692 ray::WorkerDict
3791459 63551168 ray::WorkerDict
3791460 63512308 ray::WorkerDict
1317539 4830996 VLLM::Worker_TP
1317538 4827684 VLLM::Worker_TP
3880556 1829596 ray::AgentLoopW
3880552 1817268 ray::AgentLoopW
3880551 1740628 ray::AgentLoopW
== 2026-09-05T14:46:02+09:00
Mem:            1007         702         307         368         371         305
    PID   RSS COMMAND
3873386 87675388 VLLM::Worker
3873390 87670484 VLLM::Worker
3873387 87330396 VLLM::Worker
3873391 87285468 VLLM::Worker
3791454 63590796 ray::WorkerDict
3791453 63584388 ray::WorkerDict
3791459 63552704 ray::WorkerDict
3791460 63511540 ray::WorkerDict
1317539 4830996 VLLM::Worker_TP
1317538 4827684 VLLM::Worker_TP
3880556 1829596 ray::AgentLoopW
3880552 1817268 ray::AgentLoopW
3880551 1740628 ray::AgentLoopW
== 2026-09-05T14:46:22+09:00
Mem:            1007         702         306         368         371         305
    PID   RSS COMMAND
3873386 87676156 VLLM::Worker
3873390 87669716 VLLM::Worker
3873387 87334236 VLLM::Worker
3873391 87284700 VLLM::Worker
3791454 63593100 ray::WorkerDict
3791453 63585156 ray::WorkerDict
3791459 63551936 ray::WorkerDict
3791460 63511540 ray::WorkerDict
1317539 4830996 VLLM::Worker_TP
1317538 4827684 VLLM::Worker_TP
3880556 1829596 ray::AgentLoopW
3880552 1817268 ray::AgentLoopW
3880551 1740628 ray::AgentLoopW
== 2026-09-05T14:46:42+09:00
Mem:            1007         702         307         368         371         305
    PID   RSS COMMAND
3873386 87674620 VLLM::Worker
3873390 87671252 VLLM::Worker
3873387 87332700 VLLM::Worker
3873391 87284700 VLLM::Worker
3791454 63591564 ray::WorkerDict
3791453 63585156 ray::WorkerDict
3791459 63552704 ray::WorkerDict
3791460 63512308 ray::WorkerDict
1317539 4830996 VLLM::Worker_TP
1317538 4827684 VLLM::Worker_TP
3880556 1829596 ray::AgentLoopW
3880552 1817268 ray::AgentLoopW
3880551 1740628 ray::AgentLoopW
== 2026-09-05T14:47:02+09:00
Mem:            1007         702         307         368         371         305
    PID   RSS COMMAND
3873386 87675388 VLLM::Worker
3873390 87672788 VLLM::Worker
3873387 87331932 VLLM::Worker
3873391 87284700 VLLM::Worker
3791454 63592332 ray::WorkerDict
3791453 63585924 ray::WorkerDict
3791459 63554240 ray::WorkerDict
3791460 63513076 ray::WorkerDict
1317539 4830996 VLLM::Worker_TP
1317538 4827684 VLLM::Worker_TP
3880556 1829596 ray::AgentLoopW
3880552 1817268 ray::AgentLoopW
3880551 1740628 ray::AgentLoopW
== 2026-09-05T14:47:22+09:00
Mem:            1007         702         307         368         371         305
    PID   RSS COMMAND
3873386 87674620 VLLM::Worker
3873390 87672020 VLLM::Worker
3873387 87333468 VLLM::Worker
3873391 87283932 VLLM::Worker
3791454 63593100 ray::WorkerDict
3791453 63584388 ray::WorkerDict
3791459 63553472 ray::WorkerDict
3791460 63511540 ray::WorkerDict
1317539 4830996 VLLM::Worker_TP
1317538 4827684 VLLM::Worker_TP
3880556 1829596 ray::AgentLoopW
3880552 1817268 ray::AgentLoopW
3880551 1740628 ray::AgentLoopW
== 2026-09-05T14:47:42+09:00
Mem:            1007         702         307         368         371         305
    PID   RSS COMMAND
3873386 87674620 VLLM::Worker
3873390 87671252 VLLM::Worker
3873387 87331932 VLLM::Worker
3873391 87283164 VLLM::Worker
3791454 63593100 ray::WorkerDict
3791453 63582852 ray::WorkerDict
3791459 63552704 ray::WorkerDict
3791460 63514612 ray::WorkerDict
1317539 4830996 VLLM::Worker_TP
1317538 4827684 VLLM::Worker_TP
3880556 1829596 ray::AgentLoopW
3880552 1817268 ray::AgentLoopW
3880551 1740628 ray::AgentLoopW
== 2026-09-05T14:48:02+09:00
Mem:            1007         702         307         368         371         305
    PID   RSS COMMAND
3873386 87674620 VLLM::Worker
3873390 87671252 VLLM::Worker
3873387 87332700 VLLM::Worker
3873391 87283164 VLLM::Worker
3791454 63592332 ray::WorkerDict
3791453 63585156 ray::WorkerDict
3791459 63553472 ray::WorkerDict
3791460 63513844 ray::WorkerDict
1317539 4830996 VLLM::Worker_TP
1317538 4827684 VLLM::Worker_TP
3880556 1829596 ray::AgentLoopW
3880552 1817268 ray::AgentLoopW
3880551 1740628 ray::AgentLoopW
== 2026-09-05T14:48:22+09:00
Mem:            1007         702         307         368         371         305
    PID   RSS COMMAND
3873386 87676156 VLLM::Worker
3873390 87671252 VLLM::Worker
3873387 87332700 VLLM::Worker
3873391 87284700 VLLM::Worker
3791454 63593868 ray::WorkerDict
3791453 63585156 ray::WorkerDict
3791459 63552704 ray::WorkerDict
3791460 63512308 ray::WorkerDict
1317539 4830996 VLLM::Worker_TP
1317538 4827684 VLLM::Worker_TP
3880556 1829596 ray::AgentLoopW
3880552 1817268 ray::AgentLoopW
3880551 1740628 ray::AgentLoopW
== 2026-09-05T14:48:42+09:00
Mem:            1007         702         307         368         371         305
    PID   RSS COMMAND
3873386 87674620 VLLM::Worker
3873390 87671252 VLLM::Worker
3873387 87335772 VLLM::Worker
3873391 87283932 VLLM::Worker
3791454 63590796 ray::WorkerDict
3791453 63584388 ray::WorkerDict
3791459 63554240 ray::WorkerDict
3791460 63510772 ray::WorkerDict
1317539 4830996 VLLM::Worker_TP
1317538 4827684 VLLM::Worker_TP
3880556 1829596 ray::AgentLoopW
3880552 1817268 ray::AgentLoopW
3880551 1740628 ray::AgentLoopW
== 2026-09-05T14:49:02+09:00
Mem:            1007         702         307         368         371         305
    PID   RSS COMMAND
3873386 87674620 VLLM::Worker
3873390 87670484 VLLM::Worker
3873387 87333468 VLLM::Worker
3873391 87283932 VLLM::Worker
3791454 63591564 ray::WorkerDict
3791453 63583620 ray::WorkerDict
3791459 63554240 ray::WorkerDict
3791460 63512308 ray::WorkerDict
1317539 4830996 VLLM::Worker_TP
1317538 4827684 VLLM::Worker_TP
3880556 1829596 ray::AgentLoopW
3880552 1817268 ray::AgentLoopW
3880551 1740628 ray::AgentLoopW
== 2026-09-05T14:49:22+09:00
Mem:            1007         702         307         368         371         305
    PID   RSS COMMAND
3873386 87673852 VLLM::Worker
3873390 87672020 VLLM::Worker
3873387 87338076 VLLM::Worker
3873391 87286236 VLLM::Worker
3791454 63593100 ray::WorkerDict
3791453 63583620 ray::WorkerDict
3791459 63555776 ray::WorkerDict
3791460 63512308 ray::WorkerDict
1317539 4830996 VLLM::Worker_TP
1317538 4827684 VLLM::Worker_TP
3880556 1829596 ray::AgentLoopW
3880552 1817268 ray::AgentLoopW
3880551 1740628 ray::AgentLoopW
== 2026-09-05T14:49:42+09:00
Mem:            1007         702         307         368         371         305
    PID   RSS COMMAND
3873386 87678460 VLLM::Worker
3873390 87672788 VLLM::Worker
3873387 87334236 VLLM::Worker
3873391 87285468 VLLM::Worker
3791454 63593100 ray::WorkerDict
3791453 63585156 ray::WorkerDict
3791459 63557312 ray::WorkerDict
3791460 63513076 ray::WorkerDict
1317539 4830996 VLLM::Worker_TP
1317538 4827684 VLLM::Worker_TP
3880556 1829596 ray::AgentLoopW
3880552 1817268 ray::AgentLoopW
3880551 1740628 ray::AgentLoopW
== 2026-09-05T14:50:02+09:00
Mem:            1007         702         307         368         371         305
    PID   RSS COMMAND
3873386 87672260 VLLM::Worker
3873390 87671956 VLLM::Worker
3873387 87334940 VLLM::Worker
3873391 87285456 VLLM::Worker
3791454 63591704 ray::WorkerDict
3791453 63581064 ray::WorkerDict
3791459 63554344 ray::WorkerDict
3791460 63511976 ray::WorkerDict
1317539 4830996 VLLM::Worker_TP
1317538 4827684 VLLM::Worker_TP
3880556 1829596 ray::AgentLoopW
3880552 1817268 ray::AgentLoopW
3880551 1740628 ray::AgentLoopW
== 2026-09-05T14:50:22+09:00
Mem:            1007         702         307         368         371         305
    PID   RSS COMMAND
3873386 87674564 VLLM::Worker
3873390 87671956 VLLM::Worker
3873387 87332636 VLLM::Worker
3873391 87286992 VLLM::Worker
3791454 63592472 ray::WorkerDict
3791453 63584136 ray::WorkerDict
3791459 63555112 ray::WorkerDict
3791460 63514280 ray::WorkerDict
1317539 4830996 VLLM::Worker_TP
1317538 4827684 VLLM::Worker_TP
3880556 1829596 ray::AgentLoopW
3880552 1817268 ray::AgentLoopW
3880551 1740628 ray::AgentLoopW
== 2026-09-05T14:50:42+09:00
Mem:            1007         702         307         368         371         305
    PID   RSS COMMAND
3873386 87674564 VLLM::Worker
3873390 87672724 VLLM::Worker
3873387 87335708 VLLM::Worker
3873391 87285456 VLLM::Worker
3791454 63590168 ray::WorkerDict
3791453 63583368 ray::WorkerDict
3791459 63553576 ray::WorkerDict
3791460 63514280 ray::WorkerDict
1317539 4830996 VLLM::Worker_TP
1317538 4827684 VLLM::Worker_TP
3880556 1829596 ray::AgentLoopW
3880552 1817268 ray::AgentLoopW
3880551 1740628 ray::AgentLoopW
== 2026-09-05T14:51:02+09:00
Mem:            1007         702         307         368         371         305
    PID   RSS COMMAND
3873386 87675332 VLLM::Worker
3873390 87670420 VLLM::Worker
3873387 87331100 VLLM::Worker
3873391 87285456 VLLM::Worker
3791454 63592472 ray::WorkerDict
3791453 63583368 ray::WorkerDict
3791459 63555112 ray::WorkerDict
3791460 63514280 ray::WorkerDict
1317539 4830996 VLLM::Worker_TP
1317538 4827684 VLLM::Worker_TP
3880556 1829596 ray::AgentLoopW
3880552 1817268 ray::AgentLoopW
3880551 1740628 ray::AgentLoopW
== 2026-09-05T14:51:22+09:00
Mem:            1007         702         306         368         371         305
    PID   RSS COMMAND
3873386 87674564 VLLM::Worker
3873390 87670420 VLLM::Worker
3873387 87332636 VLLM::Worker
3873391 87284688 VLLM::Worker
3791454 63593240 ray::WorkerDict
3791453 63585672 ray::WorkerDict
3791459 63554344 ray::WorkerDict
3791460 63515048 ray::WorkerDict
1317539 4830996 VLLM::Worker_TP
1317538 4827684 VLLM::Worker_TP
3880556 1829596 ray::AgentLoopW
3880552 1817268 ray::AgentLoopW
3880551 1740628 ray::AgentLoopW
== 2026-09-05T14:51:42+09:00
Mem:            1007         702         306         368         371         305
    PID   RSS COMMAND
3873386 87673796 VLLM::Worker
3873390 87669652 VLLM::Worker
3873387 87332636 VLLM::Worker
3873391 87284688 VLLM::Worker
3791454 63592472 ray::WorkerDict
3791453 63584904 ray::WorkerDict
3791459 63554344 ray::WorkerDict
3791460 63515048 ray::WorkerDict
1317539 4830996 VLLM::Worker_TP
1317538 4827684 VLLM::Worker_TP
3880556 1829596 ray::AgentLoopW
3880552 1817268 ray::AgentLoopW
3880551 1740628 ray::AgentLoopW
== 2026-09-05T14:52:02+09:00
Mem:            1007         702         306         368         371         305
    PID   RSS COMMAND
3873386 87673028 VLLM::Worker
3873390 87670420 VLLM::Worker
3873387 87332636 VLLM::Worker
3873391 87285456 VLLM::Worker
3791454 63592472 ray::WorkerDict
3791453 63585672 ray::WorkerDict
3791459 63552808 ray::WorkerDict
3791460 63511976 ray::WorkerDict
1317539 4830996 VLLM::Worker_TP
1317538 4827684 VLLM::Worker_TP
3880556 1829596 ray::AgentLoopW
3880552 1817268 ray::AgentLoopW
3880551 1740628 ray::AgentLoopW
== 2026-09-05T14:52:22+09:00
Mem:            1007         702         306         368         371         305
    PID   RSS COMMAND
3873386 87676100 VLLM::Worker
3873390 87671188 VLLM::Worker
3873387 87334940 VLLM::Worker
3873391 87286224 VLLM::Worker
3791454 63592472 ray::WorkerDict
3791453 63584136 ray::WorkerDict
3791459 63553576 ray::WorkerDict
3791460 63511976 ray::WorkerDict
1317539 4830996 VLLM::Worker_TP
1317538 4827684 VLLM::Worker_TP
3880556 1829596 ray::AgentLoopW
3880552 1817268 ray::AgentLoopW
3880551 1740628 ray::AgentLoopW
== 2026-09-05T14:52:42+09:00
Mem:            1007         702         306         368         371         305
    PID   RSS COMMAND
3873386 87673796 VLLM::Worker
3873390 87672724 VLLM::Worker
3873387 87334940 VLLM::Worker
3873391 87286224 VLLM::Worker
3791454 63594776 ray::WorkerDict
3791453 63584136 ray::WorkerDict
3791459 63554344 ray::WorkerDict
3791460 63511976 ray::WorkerDict
1317539 4830996 VLLM::Worker_TP
1317538 4827684 VLLM::Worker_TP
3880556 1829596 ray::AgentLoopW
3880552 1817268 ray::AgentLoopW
3880551 1740628 ray::AgentLoopW
== 2026-09-05T14:53:02+09:00
Mem:            1007         702         306         368         371         305
    PID   RSS COMMAND
3873386 87674564 VLLM::Worker
3873390 87670420 VLLM::Worker
3873387 87332636 VLLM::Worker
3873391 87285456 VLLM::Worker
3791454 63594008 ray::WorkerDict
3791453 63582600 ray::WorkerDict
3791459 63553576 ray::WorkerDict
3791460 63512744 ray::WorkerDict
1317539 4830996 VLLM::Worker_TP
1317538 4827684 VLLM::Worker_TP
3880556 1829596 ray::AgentLoopW
3880552 1817268 ray::AgentLoopW
3880551 1740628 ray::AgentLoopW
== 2026-09-05T14:53:22+09:00
Mem:            1007         702         306         368         371         305
    PID   RSS COMMAND
3873386 87675332 VLLM::Worker
3873390 87672724 VLLM::Worker
3873387 87331868 VLLM::Worker
3873391 87286992 VLLM::Worker
3791454 63594008 ray::WorkerDict
3791453 63583368 ray::WorkerDict
3791459 63555880 ray::WorkerDict
3791460 63511976 ray::WorkerDict
1317539 4830996 VLLM::Worker_TP
1317538 4827684 VLLM::Worker_TP
3880556 1829596 ray::AgentLoopW
3880552 1817268 ray::AgentLoopW
3880551 1740628 ray::AgentLoopW
== 2026-09-05T14:53:42+09:00
Mem:            1007         702         307         368         371         305
    PID   RSS COMMAND
3873386 87672260 VLLM::Worker
3873390 87671956 VLLM::Worker
3873387 87333404 VLLM::Worker
3873391 87286992 VLLM::Worker
3791454 63594008 ray::WorkerDict
3791453 63583368 ray::WorkerDict
3791459 63555112 ray::WorkerDict
3791460 63513512 ray::WorkerDict
1317539 4830996 VLLM::Worker_TP
1317538 4827684 VLLM::Worker_TP
3880556 1829596 ray::AgentLoopW
3880552 1817268 ray::AgentLoopW
3880551 1740628 ray::AgentLoopW
== 2026-09-05T14:54:02+09:00
Mem:            1007         702         307         368         371         305
    PID   RSS COMMAND
3873386 87674564 VLLM::Worker
3873390 87671956 VLLM::Worker
3873387 87333404 VLLM::Worker
3873391 87286224 VLLM::Worker
3791454 63593240 ray::WorkerDict
3791453 63583368 ray::WorkerDict
3791459 63554344 ray::WorkerDict
3791460 63515816 ray::WorkerDict
1317539 4830996 VLLM::Worker_TP
1317538 4827684 VLLM::Worker_TP
3880556 1829596 ray::AgentLoopW
3880552 1817268 ray::AgentLoopW
3880551 1740628 ray::AgentLoopW
== 2026-09-05T14:54:22+09:00
Mem:            1007         702         307         368         371         305
    PID   RSS COMMAND
3873386 87674564 VLLM::Worker
3873390 87671956 VLLM::Worker
3873387 87331100 VLLM::Worker
3873391 87284688 VLLM::Worker
3791454 63592472 ray::WorkerDict
3791453 63583368 ray::WorkerDict
3791459 63553576 ray::WorkerDict
3791460 63514280 ray::WorkerDict
1317539 4830996 VLLM::Worker_TP
1317538 4827684 VLLM::Worker_TP
3880556 1829596 ray::AgentLoopW
3880552 1817268 ray::AgentLoopW
3880551 1740628 ray::AgentLoopW
== 2026-09-05T14:54:42+09:00
Mem:            1007         702         307         368         371         305
    PID   RSS COMMAND
3873386 87674564 VLLM::Worker
3873390 87670420 VLLM::Worker
3873387 87331100 VLLM::Worker
3873391 87284688 VLLM::Worker
3791454 63591704 ray::WorkerDict
3791453 63584136 ray::WorkerDict
3791459 63553576 ray::WorkerDict
3791460 63512744 ray::WorkerDict
1317539 4830996 VLLM::Worker_TP
1317538 4827684 VLLM::Worker_TP
3880556 1829596 ray::AgentLoopW
3880552 1817268 ray::AgentLoopW
3880551 1740628 ray::AgentLoopW
== 2026-09-05T14:55:02+09:00
Mem:            1007         702         307         368         371         305
    PID   RSS COMMAND
3873386 87675332 VLLM::Worker
3873390 87669652 VLLM::Worker
3873387 87333404 VLLM::Worker
3873391 87283920 VLLM::Worker
3791454 63594008 ray::WorkerDict
3791453 63584136 ray::WorkerDict
3791459 63555112 ray::WorkerDict
3791460 63513512 ray::WorkerDict
1317539 4830996 VLLM::Worker_TP
1317538 4827684 VLLM::Worker_TP
3880556 1829596 ray::AgentLoopW
3880552 1817268 ray::AgentLoopW
3880551 1740628 ray::AgentLoopW
== 2026-09-05T14:55:23+09:00
Mem:            1007         702         307         368         371         305
    PID   RSS COMMAND
3873386 87674564 VLLM::Worker
3873390 87670420 VLLM::Worker
3873387 87332636 VLLM::Worker
3873391 87283920 VLLM::Worker
3791454 63594008 ray::WorkerDict
3791453 63583368 ray::WorkerDict
3791459 63555112 ray::WorkerDict
3791460 63511976 ray::WorkerDict
1317539 4830996 VLLM::Worker_TP
1317538 4827684 VLLM::Worker_TP
3880556 1829596 ray::AgentLoopW
3880552 1817268 ray::AgentLoopW
3880551 1740628 ray::AgentLoopW
== 2026-09-05T14:55:43+09:00
Mem:            1007         702         307         368         371         305
    PID   RSS COMMAND
3873386 87675332 VLLM::Worker
3873390 87671956 VLLM::Worker
3873387 87334172 VLLM::Worker
3873391 87283920 VLLM::Worker
3791454 63594776 ray::WorkerDict
3791453 63581832 ray::WorkerDict
3791459 63555112 ray::WorkerDict
3791460 63513512 ray::WorkerDict
1317539 4830996 VLLM::Worker_TP
1317538 4827684 VLLM::Worker_TP
3880556 1829596 ray::AgentLoopW
3880552 1817268 ray::AgentLoopW
3880551 1740628 ray::AgentLoopW
== 2026-09-05T14:56:03+09:00
Mem:            1007         702         307         368         371         305
    PID   RSS COMMAND
3873386 87676868 VLLM::Worker
3873390 87668884 VLLM::Worker
3873387 87333404 VLLM::Worker
3873391 87283152 VLLM::Worker
3791454 63594008 ray::WorkerDict
3791453 63584136 ray::WorkerDict
3791459 63554344 ray::WorkerDict
3791460 63512744 ray::WorkerDict
1317539 4830996 VLLM::Worker_TP
1317538 4827684 VLLM::Worker_TP
3880556 1829596 ray::AgentLoopW
3880552 1817268 ray::AgentLoopW
3880551 1740628 ray::AgentLoopW
== 2026-09-05T14:56:23+09:00
Mem:            1007         702         307         368         371         305
    PID   RSS COMMAND
3873386 87677636 VLLM::Worker
3873390 87670420 VLLM::Worker
3873387 87334940 VLLM::Worker
3873391 87282384 VLLM::Worker
3791454 63594776 ray::WorkerDict
3791453 63584904 ray::WorkerDict
3791459 63556648 ray::WorkerDict
3791460 63514280 ray::WorkerDict
1317539 4830996 VLLM::Worker_TP
1317538 4827684 VLLM::Worker_TP
3880556 1829596 ray::AgentLoopW
3880552 1817268 ray::AgentLoopW
3880551 1740628 ray::AgentLoopW
== 2026-09-05T14:56:43+09:00
Mem:            1007         702         307         368         371         305
    PID   RSS COMMAND
3873386 87674564 VLLM::Worker
3873390 87669652 VLLM::Worker
3873387 87331100 VLLM::Worker
3873391 87283152 VLLM::Worker
3791454 63594776 ray::WorkerDict
3791453 63582600 ray::WorkerDict
3791459 63558184 ray::WorkerDict
3791460 63513512 ray::WorkerDict
1317539 4830996 VLLM::Worker_TP
1317538 4827684 VLLM::Worker_TP
3880556 1829596 ray::AgentLoopW
3880552 1817268 ray::AgentLoopW
3880551 1740628 ray::AgentLoopW
== 2026-09-05T14:57:03+09:00
Mem:            1007         702         307         368         371         305
    PID   RSS COMMAND
3873386 87675332 VLLM::Worker
3873390 87670420 VLLM::Worker
3873387 87335708 VLLM::Worker
3873391 87282384 VLLM::Worker
3791454 63594008 ray::WorkerDict
3791453 63583368 ray::WorkerDict
3791459 63555880 ray::WorkerDict
3791460 63511976 ray::WorkerDict
1317539 4830996 VLLM::Worker_TP
1317538 4827684 VLLM::Worker_TP
3880556 1829596 ray::AgentLoopW
3880552 1817268 ray::AgentLoopW
3880551 1740628 ray::AgentLoopW
== 2026-09-05T14:57:23+09:00
Mem:            1007         702         307         368         371         305
    PID   RSS COMMAND
3873386 87673796 VLLM::Worker
3873390 87671956 VLLM::Worker
3873387 87331100 VLLM::Worker
3873391 87282384 VLLM::Worker
3791454 63593240 ray::WorkerDict
3791453 63583368 ray::WorkerDict
3791459 63555112 ray::WorkerDict
3791460 63512744 ray::WorkerDict
1317539 4830996 VLLM::Worker_TP
1317538 4827684 VLLM::Worker_TP
3880556 1829596 ray::AgentLoopW
3880552 1817268 ray::AgentLoopW
3880551 1740628 ray::AgentLoopW
== 2026-09-05T14:57:43+09:00
Mem:            1007         702         307         368         371         305
    PID   RSS COMMAND
3873386 87673028 VLLM::Worker
3873390 87669652 VLLM::Worker
3873387 87333404 VLLM::Worker
3873391 87283152 VLLM::Worker
3791454 63594776 ray::WorkerDict
3791453 63583368 ray::WorkerDict
3791459 63554344 ray::WorkerDict
3791460 63515048 ray::WorkerDict
1317539 4830996 VLLM::Worker_TP
1317538 4827684 VLLM::Worker_TP
3880556 1829596 ray::AgentLoopW
3880552 1817268 ray::AgentLoopW
3880551 1740628 ray::AgentLoopW
== 2026-09-05T14:58:03+09:00
Mem:            1007         702         307         368         371         305
    PID   RSS COMMAND
3873386 87676100 VLLM::Worker
3873390 87671188 VLLM::Worker
3873387 87334172 VLLM::Worker
3873391 87283152 VLLM::Worker
3791454 63591704 ray::WorkerDict
3791453 63585672 ray::WorkerDict
3791459 63552808 ray::WorkerDict
3791460 63513512 ray::WorkerDict
1317539 4830996 VLLM::Worker_TP
1317538 4827684 VLLM::Worker_TP
3880556 1829596 ray::AgentLoopW
3880552 1817268 ray::AgentLoopW
3880551 1740628 ray::AgentLoopW
== 2026-09-05T14:58:23+09:00
Mem:            1007         702         307         368         371         305
    PID   RSS COMMAND
3873386 87673796 VLLM::Worker
3873390 87668884 VLLM::Worker
3873387 87331100 VLLM::Worker
3873391 87283920 VLLM::Worker
3791454 63592472 ray::WorkerDict
3791453 63585672 ray::WorkerDict
3791459 63552808 ray::WorkerDict
3791460 63513512 ray::WorkerDict
1317539 4830996 VLLM::Worker_TP
1317538 4827684 VLLM::Worker_TP
3880556 1829596 ray::AgentLoopW
3880552 1817268 ray::AgentLoopW
3880551 1740628 ray::AgentLoopW
== 2026-09-05T14:58:43+09:00
Mem:            1007         702         307         368         371         305
    PID   RSS COMMAND
3873386 87676868 VLLM::Worker
3873390 87670420 VLLM::Worker
3873387 87333404 VLLM::Worker
3873391 87282384 VLLM::Worker
3791454 63594008 ray::WorkerDict
3791453 63584904 ray::WorkerDict
3791459 63552040 ray::WorkerDict
3791460 63513512 ray::WorkerDict
1317539 4830996 VLLM::Worker_TP
1317538 4827684 VLLM::Worker_TP
3880556 1829596 ray::AgentLoopW
3880552 1817268 ray::AgentLoopW
3880551 1740628 ray::AgentLoopW
== 2026-09-05T14:59:03+09:00
Mem:            1007         702         307         368         371         305
    PID   RSS COMMAND
3873386 87674564 VLLM::Worker
3873390 87670420 VLLM::Worker
3873387 87331868 VLLM::Worker
3873391 87282384 VLLM::Worker
3791454 63594776 ray::WorkerDict
3791453 63582600 ray::WorkerDict
3791459 63554344 ray::WorkerDict
3791460 63513512 ray::WorkerDict
1317539 4830996 VLLM::Worker_TP
1317538 4827684 VLLM::Worker_TP
3880556 1829596 ray::AgentLoopW
3880552 1817268 ray::AgentLoopW
3880551 1740628 ray::AgentLoopW
== 2026-09-05T14:59:23+09:00
Mem:            1007         702         307         368         371         305
    PID   RSS COMMAND
3873386 87674564 VLLM::Worker
3873390 87671188 VLLM::Worker
3873387 87331868 VLLM::Worker
3873391 87283920 VLLM::Worker
3791454 63594776 ray::WorkerDict
3791453 63584904 ray::WorkerDict
3791459 63555880 ray::WorkerDict
3791460 63514280 ray::WorkerDict
1317539 4830996 VLLM::Worker_TP
1317538 4827684 VLLM::Worker_TP
3880556 1829596 ray::AgentLoopW
3880552 1817268 ray::AgentLoopW
3880551 1740628 ray::AgentLoopW
== 2026-09-05T14:59:43+09:00
Mem:            1007         702         307         368         371         305
    PID   RSS COMMAND
3873386 87672260 VLLM::Worker
3873390 87670420 VLLM::Worker
3873387 87334172 VLLM::Worker
3873391 87283152 VLLM::Worker
3791454 63595544 ray::WorkerDict
3791453 63584136 ray::WorkerDict
3791459 63554344 ray::WorkerDict
3791460 63511208 ray::WorkerDict
1317539 4830996 VLLM::Worker_TP
1317538 4827684 VLLM::Worker_TP
3880556 1829596 ray::AgentLoopW
3880552 1817268 ray::AgentLoopW
3880551 1740628 ray::AgentLoopW
== 2026-09-05T15:00:03+09:00
Mem:            1007         702         306         368         371         305
    PID   RSS COMMAND
3873386 87672064 VLLM::Worker
3873390 87670876 VLLM::Worker
3873387 87330316 VLLM::Worker
3873391 87283840 VLLM::Worker
3791454 63594008 ray::WorkerDict
3791453 63584136 ray::WorkerDict
3791459 63553576 ray::WorkerDict
3791460 63511208 ray::WorkerDict
1317539 4830996 VLLM::Worker_TP
1317538 4827684 VLLM::Worker_TP
3880556 1829596 ray::AgentLoopW
3880552 1817268 ray::AgentLoopW
3880551 1740628 ray::AgentLoopW
== 2026-09-05T15:00:23+09:00
Mem:            1007         702         306         368         371         305
    PID   RSS COMMAND
3873386 87671296 VLLM::Worker
3873390 87667804 VLLM::Worker
3873387 87333388 VLLM::Worker
3873391 87283840 VLLM::Worker
3791454 63594776 ray::WorkerDict
3791453 63584136 ray::WorkerDict
3791459 63553576 ray::WorkerDict
3791460 63511208 ray::WorkerDict
1317539 4830996 VLLM::Worker_TP
1317538 4827684 VLLM::Worker_TP
3880556 1829596 ray::AgentLoopW
3880552 1817268 ray::AgentLoopW
3880551 1740628 ray::AgentLoopW
== 2026-09-05T15:00:43+09:00
Mem:            1007         702         306         368         371         305
    PID   RSS COMMAND
3873386 87675136 VLLM::Worker
3873390 87670108 VLLM::Worker
3873387 87333388 VLLM::Worker
3873391 87283072 VLLM::Worker
3791454 63594008 ray::WorkerDict
3791453 63584136 ray::WorkerDict
3791459 63553576 ray::WorkerDict
3791460 63510440 ray::WorkerDict
1317539 4830996 VLLM::Worker_TP
1317538 4827684 VLLM::Worker_TP
3880556 1829596 ray::AgentLoopW
3880552 1817268 ray::AgentLoopW
3880551 1740628 ray::AgentLoopW
== 2026-09-05T15:01:03+09:00
Mem:            1007         702         306         368         371         305
    PID   RSS COMMAND
3873386 87674368 VLLM::Worker
3873390 87669340 VLLM::Worker
3873387 87331852 VLLM::Worker
3873391 87283072 VLLM::Worker
3791454 63591704 ray::WorkerDict
3791453 63587976 ray::WorkerDict
3791459 63554344 ray::WorkerDict
3791460 63511208 ray::WorkerDict
1317539 4830996 VLLM::Worker_TP
1317538 4827684 VLLM::Worker_TP
3880556 1829596 ray::AgentLoopW
3880552 1817268 ray::AgentLoopW
3880551 1740628 ray::AgentLoopW
== 2026-09-05T15:01:23+09:00
Mem:            1007         702         306         368         371         305
    PID   RSS COMMAND
3873386 87675904 VLLM::Worker
3873390 87671644 VLLM::Worker
3873387 87331852 VLLM::Worker
3873391 87282304 VLLM::Worker
3791454 63593240 ray::WorkerDict
3791453 63584136 ray::WorkerDict
3791459 63554344 ray::WorkerDict
3791460 63511976 ray::WorkerDict
1317539 4830996 VLLM::Worker_TP
1317538 4827684 VLLM::Worker_TP
3880556 1829596 ray::AgentLoopW
3880552 1817268 ray::AgentLoopW
3880551 1740628 ray::AgentLoopW
== 2026-09-05T15:01:43+09:00
Mem:            1007         702         307         368         371         305
    PID   RSS COMMAND
3873386 87671296 VLLM::Worker
3873390 87668572 VLLM::Worker
3873387 87331852 VLLM::Worker
3873391 87280768 VLLM::Worker
3791454 63593240 ray::WorkerDict
3791453 63584136 ray::WorkerDict
3791459 63555112 ray::WorkerDict
3791460 63512744 ray::WorkerDict
1317539 4830996 VLLM::Worker_TP
1317538 4827684 VLLM::Worker_TP
3880556 1829596 ray::AgentLoopW
3880552 1817268 ray::AgentLoopW
3880551 1740628 ray::AgentLoopW
== 2026-09-05T15:02:03+09:00
Mem:            1007         702         307         368         371         305
    PID   RSS COMMAND
3873386 87675904 VLLM::Worker
3873390 87667804 VLLM::Worker
3873387 87332620 VLLM::Worker
3873391 87280768 VLLM::Worker
3791454 63594776 ray::WorkerDict
3791453 63584136 ray::WorkerDict
3791459 63554344 ray::WorkerDict
3791460 63514280 ray::WorkerDict
1317539 4830996 VLLM::Worker_TP
1317538 4827684 VLLM::Worker_TP
3880556 1829596 ray::AgentLoopW
3880552 1817268 ray::AgentLoopW
3880551 1740628 ray::AgentLoopW
== 2026-09-05T15:02:23+09:00
Mem:            1007         702         307         368         371         305
    PID   RSS COMMAND
3873386 87673600 VLLM::Worker
3873390 87670876 VLLM::Worker
3873387 87328780 VLLM::Worker
3873391 87282304 VLLM::Worker
3791454 63591704 ray::WorkerDict
3791453 63583368 ray::WorkerDict
3791459 63554344 ray::WorkerDict
3791460 63515048 ray::WorkerDict
1317539 4830996 VLLM::Worker_TP
1317538 4827684 VLLM::Worker_TP
3880556 1829596 ray::AgentLoopW
3880552 1817268 ray::AgentLoopW
3880551 1740628 ray::AgentLoopW
== 2026-09-05T15:02:43+09:00
Mem:            1007         702         307         368         371         305
    PID   RSS COMMAND
3873386 87671296 VLLM::Worker
3873390 87670108 VLLM::Worker
3873387 87328012 VLLM::Worker
3873391 87281536 VLLM::Worker
3791454 63592472 ray::WorkerDict
3791453 63584904 ray::WorkerDict
3791459 63554344 ray::WorkerDict
3791460 63514280 ray::WorkerDict
1317539 4830996 VLLM::Worker_TP
1317538 4827684 VLLM::Worker_TP
3880556 1829596 ray::AgentLoopW
3880552 1817268 ray::AgentLoopW
3880551 1740628 ray::AgentLoopW
== 2026-09-05T15:03:03+09:00
Mem:            1007         702         307         368         370         305
    PID   RSS COMMAND
3873386 87673600 VLLM::Worker
3873390 87670108 VLLM::Worker
3873387 87328780 VLLM::Worker
3873391 87280768 VLLM::Worker
3791454 63593240 ray::WorkerDict
3791453 63586440 ray::WorkerDict
3791459 63553576 ray::WorkerDict
3791460 63512744 ray::WorkerDict
1317539 4830228 VLLM::Worker_TP
1317538 4826916 VLLM::Worker_TP
3880556 1829596 ray::AgentLoopW
3880552 1817268 ray::AgentLoopW
3880551 1740628 ray::AgentLoopW
== 2026-09-05T15:03:23+09:00
Mem:            1007         701         307         368         370         305
    PID   RSS COMMAND
3873386 87675136 VLLM::Worker
3873390 87670108 VLLM::Worker
3873387 87332620 VLLM::Worker
3873391 87280768 VLLM::Worker
3791454 63594008 ray::WorkerDict
3791453 63586440 ray::WorkerDict
3791459 63553576 ray::WorkerDict
3791460 63512744 ray::WorkerDict
1317539 4828692 VLLM::Worker_TP
1317538 4825380 VLLM::Worker_TP
3880556 1829596 ray::AgentLoopW
3880552 1817268 ray::AgentLoopW
3880551 1740628 ray::AgentLoopW
== 2026-09-05T15:03:43+09:00
Mem:            1007         701         308         368         370         305
    PID   RSS COMMAND
3873386 87673600 VLLM::Worker
3873390 87669340 VLLM::Worker
3873387 87332620 VLLM::Worker
3873391 87282304 VLLM::Worker
3791454 63594008 ray::WorkerDict
3791453 63584136 ray::WorkerDict
3791459 63553576 ray::WorkerDict
3791460 63516584 ray::WorkerDict
1317539 4828692 VLLM::Worker_TP
1317538 4825380 VLLM::Worker_TP
3880556 1829596 ray::AgentLoopW
3880552 1817268 ray::AgentLoopW
3880551 1740628 ray::AgentLoopW
== 2026-09-05T15:04:03+09:00
Mem:            1007         701         307         368         370         305
    PID   RSS COMMAND
3873386 87673600 VLLM::Worker
3873390 87667804 VLLM::Worker
3873387 87331852 VLLM::Worker
3873391 87282304 VLLM::Worker
3791454 63592472 ray::WorkerDict
3791453 63582600 ray::WorkerDict
3791459 63554344 ray::WorkerDict
3791460 63515048 ray::WorkerDict
1317539 4828692 VLLM::Worker_TP
1317538 4825380 VLLM::Worker_TP
3880556 1829596 ray::AgentLoopW
3880552 1817268 ray::AgentLoopW
3880551 1740628 ray::AgentLoopW
== 2026-09-05T15:04:23+09:00
Mem:            1007         701         308         368         370         305
    PID   RSS COMMAND
3873386 87672064 VLLM::Worker
3873390 87669340 VLLM::Worker
3873387 87333388 VLLM::Worker
3873391 87280768 VLLM::Worker
3791454 63593240 ray::WorkerDict
3791453 63583368 ray::WorkerDict
3791459 63555880 ray::WorkerDict
3791460 63513512 ray::WorkerDict
1317539 4828692 VLLM::Worker_TP
1317538 4825380 VLLM::Worker_TP
3880556 1829596 ray::AgentLoopW
3880552 1817268 ray::AgentLoopW
3880551 1740628 ray::AgentLoopW
== 2026-09-05T15:04:43+09:00
Mem:            1007         701         308         368         370         305
    PID   RSS COMMAND
3873386 87673600 VLLM::Worker
3873390 87669340 VLLM::Worker
3873387 87334924 VLLM::Worker
3873391 87282304 VLLM::Worker
3791454 63592472 ray::WorkerDict
3791453 63582600 ray::WorkerDict
3791459 63555880 ray::WorkerDict
3791460 63513512 ray::WorkerDict
1317539 4823320 VLLM::Worker_TP
1317538 4819168 VLLM::Worker_TP
3880556 1829596 ray::AgentLoopW
3880552 1817268 ray::AgentLoopW
3880551 1740628 ray::AgentLoopW
== 2026-09-05T15:05:03+09:00
Mem:            1007         701         307         368         370         305
    PID   RSS COMMAND
3873386 87673600 VLLM::Worker
3873390 87670876 VLLM::Worker
3873387 87332620 VLLM::Worker
3873391 87282304 VLLM::Worker
3791454 63589400 ray::WorkerDict
3791453 63583368 ray::WorkerDict
3791459 63556648 ray::WorkerDict
3791460 63513512 ray::WorkerDict
1317539 4824088 VLLM::Worker_TP
1317538 4820704 VLLM::Worker_TP
3880556 1829596 ray::AgentLoopW
3880552 1817268 ray::AgentLoopW
3880551 1740628 ray::AgentLoopW
== 2026-09-05T15:05:24+09:00
Mem:            1007         701         308         368         370         305
    PID   RSS COMMAND
3873386 87675904 VLLM::Worker
3873390 87671644 VLLM::Worker
3873387 87332620 VLLM::Worker
3873391 87283072 VLLM::Worker
3791454 63590936 ray::WorkerDict
3791453 63584136 ray::WorkerDict
3791459 63555112 ray::WorkerDict
3791460 63511976 ray::WorkerDict
1317539 4824088 VLLM::Worker_TP
1317538 4820704 VLLM::Worker_TP
3880556 1829596 ray::AgentLoopW
3880552 1817268 ray::AgentLoopW
3880551 1740628 ray::AgentLoopW
== 2026-09-05T15:05:44+09:00
Mem:            1007         701         308         368         370         305
    PID   RSS COMMAND
3873386 87674368 VLLM::Worker
3873390 87669340 VLLM::Worker
3873387 87333388 VLLM::Worker
3873391 87283072 VLLM::Worker
3791454 63591704 ray::WorkerDict
3791453 63584136 ray::WorkerDict
3791459 63556648 ray::WorkerDict
3791460 63513512 ray::WorkerDict
1317539 4824088 VLLM::Worker_TP
1317538 4820704 VLLM::Worker_TP
3880556 1829596 ray::AgentLoopW
3880552 1817268 ray::AgentLoopW
3880551 1740628 ray::AgentLoopW
== 2026-09-05T15:06:04+09:00
Mem:            1007         701         307         368         370         305
    PID   RSS COMMAND
3873390 87673180 VLLM::Worker
3873386 87672064 VLLM::Worker
3873387 87334924 VLLM::Worker
3873391 87282304 VLLM::Worker
3791454 63590936 ray::WorkerDict
3791453 63583368 ray::WorkerDict
3791459 63553576 ray::WorkerDict
3791460 63513512 ray::WorkerDict
1317539 4824088 VLLM::Worker_TP
1317538 4820704 VLLM::Worker_TP
3880556 1829596 ray::AgentLoopW
3880552 1817268 ray::AgentLoopW
3880551 1740628 ray::AgentLoopW
== 2026-09-05T15:06:24+09:00
Mem:            1007         701         307         368         370         305
    PID   RSS COMMAND
3873386 87675904 VLLM::Worker
3873390 87668572 VLLM::Worker
3873387 87333388 VLLM::Worker
3873391 87280768 VLLM::Worker
3791454 63590168 ray::WorkerDict
3791453 63584136 ray::WorkerDict
3791459 63554344 ray::WorkerDict
3791460 63513512 ray::WorkerDict
1317539 4824088 VLLM::Worker_TP
1317538 4820704 VLLM::Worker_TP
3880556 1829596 ray::AgentLoopW
3880552 1817268 ray::AgentLoopW
3880551 1740628 ray::AgentLoopW
== 2026-09-05T15:06:44+09:00
Mem:            1007         701         308         368         370         305
    PID   RSS COMMAND
3873386 87675136 VLLM::Worker
3873390 87669340 VLLM::Worker
3873387 87334156 VLLM::Worker
3873391 87280768 VLLM::Worker
3791454 63590936 ray::WorkerDict
3791453 63583368 ray::WorkerDict
3791459 63552808 ray::WorkerDict
3791460 63513512 ray::WorkerDict
1317539 4824088 VLLM::Worker_TP
1317538 4820704 VLLM::Worker_TP
3880556 1828756 ray::AgentLoopW
3880552 1817268 ray::AgentLoopW
3880551 1740628 ray::AgentLoopW
== 2026-09-05T15:07:04+09:00
Mem:            1007         701         307         368         370         305
    PID   RSS COMMAND
3873386 87672832 VLLM::Worker
3873390 87672412 VLLM::Worker
3873387 87334156 VLLM::Worker
3873391 87283072 VLLM::Worker
3791454 63590168 ray::WorkerDict
3791453 63586440 ray::WorkerDict
3791459 63554344 ray::WorkerDict
3791460 63511976 ray::WorkerDict
1317539 4824088 VLLM::Worker_TP
1317538 4820704 VLLM::Worker_TP
3880556 1828756 ray::AgentLoopW
3880552 1817268 ray::AgentLoopW
3880551 1740628 ray::AgentLoopW
== 2026-09-05T15:07:24+09:00
Mem:            1007         701         307         368         370         305
    PID   RSS COMMAND
3873386 87674368 VLLM::Worker
3873390 87668572 VLLM::Worker
3873387 87334156 VLLM::Worker
3873391 87283072 VLLM::Worker
3791454 63590168 ray::WorkerDict
3791453 63587208 ray::WorkerDict
3791459 63554344 ray::WorkerDict
3791460 63511208 ray::WorkerDict
1317539 4824088 VLLM::Worker_TP
1317538 4820704 VLLM::Worker_TP
3880556 1828756 ray::AgentLoopW
3880552 1817268 ray::AgentLoopW
3880551 1740628 ray::AgentLoopW
== 2026-09-05T15:07:44+09:00
Mem:            1007         701         307         368         370         305
    PID   RSS COMMAND
3873386 87674368 VLLM::Worker
3873390 87670108 VLLM::Worker
3873387 87333388 VLLM::Worker
3873391 87284608 VLLM::Worker
3791454 63590168 ray::WorkerDict
3791453 63586440 ray::WorkerDict
3791459 63554344 ray::WorkerDict
3791460 63511976 ray::WorkerDict
1317539 4824088 VLLM::Worker_TP
1317538 4820704 VLLM::Worker_TP
3880556 1828756 ray::AgentLoopW
3880552 1817268 ray::AgentLoopW
3880551 1740628 ray::AgentLoopW
== 2026-09-05T15:08:04+09:00
Mem:            1007         701         307         368         370         305
    PID   RSS COMMAND
3873386 87675904 VLLM::Worker
3873390 87670876 VLLM::Worker
3873387 87331852 VLLM::Worker
3873391 87284608 VLLM::Worker
3791454 63592472 ray::WorkerDict
3791453 63584136 ray::WorkerDict
3791459 63555880 ray::WorkerDict
3791460 63514280 ray::WorkerDict
1317539 4824088 VLLM::Worker_TP
1317538 4820704 VLLM::Worker_TP
3880556 1828756 ray::AgentLoopW
3880552 1817268 ray::AgentLoopW
3880551 1740628 ray::AgentLoopW
== 2026-09-05T15:08:24+09:00
Mem:            1007         701         307         368         370         305
    PID   RSS COMMAND
3873386 87673600 VLLM::Worker
3873390 87668572 VLLM::Worker
3873387 87333388 VLLM::Worker
3873391 87285376 VLLM::Worker
3791454 63593240 ray::WorkerDict
3791453 63584136 ray::WorkerDict
3791459 63554344 ray::WorkerDict
3791460 63514280 ray::WorkerDict
1317539 4824088 VLLM::Worker_TP
1317538 4820704 VLLM::Worker_TP
3880556 1828756 ray::AgentLoopW
3880552 1817268 ray::AgentLoopW
3880551 1740628 ray::AgentLoopW
== 2026-09-05T15:08:44+09:00
Mem:            1007         701         307         368         370         305
    PID   RSS COMMAND
3873386 87674368 VLLM::Worker
3873390 87669340 VLLM::Worker
3873387 87331852 VLLM::Worker
3873391 87286912 VLLM::Worker
3791454 63594008 ray::WorkerDict
3791453 63586440 ray::WorkerDict
3791459 63554344 ray::WorkerDict
3791460 63514280 ray::WorkerDict
1317539 4824088 VLLM::Worker_TP
1317538 4820704 VLLM::Worker_TP
3880556 1828756 ray::AgentLoopW
3880552 1817268 ray::AgentLoopW
3880551 1740628 ray::AgentLoopW
== 2026-09-05T15:09:04+09:00
Mem:            1007         701         307         368         370         305
    PID   RSS COMMAND
3873386 87674368 VLLM::Worker
3873390 87667804 VLLM::Worker
3873387 87331084 VLLM::Worker
3873391 87285376 VLLM::Worker
3791454 63593240 ray::WorkerDict
3791453 63585672 ray::WorkerDict
3791459 63552808 ray::WorkerDict
3791460 63514280 ray::WorkerDict
1317539 4824088 VLLM::Worker_TP
1317538 4820704 VLLM::Worker_TP
3880556 1828756 ray::AgentLoopW
3880552 1817268 ray::AgentLoopW
3880551 1740628 ray::AgentLoopW
== 2026-09-05T15:09:24+09:00
Mem:            1007         701         308         368         370         305
    PID   RSS COMMAND
3873386 87672064 VLLM::Worker
3873390 87670876 VLLM::Worker
3873387 87334156 VLLM::Worker
3873391 87285376 VLLM::Worker
3791454 63594008 ray::WorkerDict
3791453 63587208 ray::WorkerDict
3791459 63553576 ray::WorkerDict
3791460 63514280 ray::WorkerDict
1317539 4824088 VLLM::Worker_TP
1317538 4820704 VLLM::Worker_TP
3880556 1828756 ray::AgentLoopW
3880552 1817268 ray::AgentLoopW
3880551 1740628 ray::AgentLoopW
== 2026-09-05T15:09:44+09:00
Mem:            1007         701         308         368         370         305
    PID   RSS COMMAND
3873386 87674368 VLLM::Worker
3873390 87671644 VLLM::Worker
3873387 87332620 VLLM::Worker
3873391 87284608 VLLM::Worker
3791454 63594008 ray::WorkerDict
3791453 63587976 ray::WorkerDict
3791459 63553576 ray::WorkerDict
3791460 63513512 ray::WorkerDict
1317539 4824088 VLLM::Worker_TP
1317538 4821472 VLLM::Worker_TP
3880556 1828756 ray::AgentLoopW
3880552 1817268 ray::AgentLoopW
3880551 1740628 ray::AgentLoopW
== 2026-09-05T15:10:04+09:00
Mem:            1007         701         307         368         370         305
    PID   RSS COMMAND
3873386 87675904 VLLM::Worker
3873390 87673180 VLLM::Worker
3873387 87333388 VLLM::Worker
3873391 87284608 VLLM::Worker
3791454 63594776 ray::WorkerDict
3791453 63585672 ray::WorkerDict
3791459 63553576 ray::WorkerDict
3791460 63512744 ray::WorkerDict
1317539 4824088 VLLM::Worker_TP
1317538 4821472 VLLM::Worker_TP
3880556 1828756 ray::AgentLoopW
3880552 1817268 ray::AgentLoopW
3880551 1740628 ray::AgentLoopW
== 2026-09-05T15:10:24+09:00
Mem:            1007         701         307         368         370         305
    PID   RSS COMMAND
3873386 87673600 VLLM::Worker
3873390 87670108 VLLM::Worker
3873387 87332620 VLLM::Worker
3873391 87285376 VLLM::Worker
3791454 63592472 ray::WorkerDict
3791453 63584136 ray::WorkerDict
3791459 63553576 ray::WorkerDict
3791460 63514280 ray::WorkerDict
1317539 4824088 VLLM::Worker_TP
1317538 4821472 VLLM::Worker_TP
3880556 1828756 ray::AgentLoopW
3880552 1817268 ray::AgentLoopW
3880551 1740628 ray::AgentLoopW
== 2026-09-05T15:10:44+09:00
Mem:            1007         701         307         368         370         305
    PID   RSS COMMAND
3873386 87675136 VLLM::Worker
3873390 87670108 VLLM::Worker
3873387 87334156 VLLM::Worker
3873391 87284608 VLLM::Worker
3791454 63593240 ray::WorkerDict
3791453 63584136 ray::WorkerDict
3791459 63551272 ray::WorkerDict
3791460 63514280 ray::WorkerDict
1317539 4824088 VLLM::Worker_TP
1317538 4821472 VLLM::Worker_TP
3880556 1828756 ray::AgentLoopW
3880552 1817268 ray::AgentLoopW
3880551 1740628 ray::AgentLoopW
== 2026-09-05T15:11:04+09:00
Mem:            1007         701         307         368         370         305
    PID   RSS COMMAND
3873386 87675136 VLLM::Worker
3873390 87669340 VLLM::Worker
3873387 87334924 VLLM::Worker
3873391 87284608 VLLM::Worker
3791454 63594008 ray::WorkerDict
3791453 63581832 ray::WorkerDict
3791459 63552808 ray::WorkerDict
3791460 63513512 ray::WorkerDict
1317539 4824088 VLLM::Worker_TP
1317538 4821472 VLLM::Worker_TP
3880556 1828756 ray::AgentLoopW
3880552 1817268 ray::AgentLoopW
3880551 1740628 ray::AgentLoopW
== 2026-09-05T15:11:24+09:00
Mem:            1007         701         307         368         370         305
    PID   RSS COMMAND
3873386 87672064 VLLM::Worker
3873390 87668572 VLLM::Worker
3873387 87331852 VLLM::Worker
3873391 87284608 VLLM::Worker
3791454 63593240 ray::WorkerDict
3791453 63583368 ray::WorkerDict
3791459 63552040 ray::WorkerDict
3791460 63512744 ray::WorkerDict
1317539 4824088 VLLM::Worker_TP
1317538 4821472 VLLM::Worker_TP
3880556 1828756 ray::AgentLoopW
3880552 1817268 ray::AgentLoopW
3880551 1740628 ray::AgentLoopW
== 2026-09-05T15:11:44+09:00
Mem:            1007         701         307         368         370         305
    PID   RSS COMMAND
3873386 87676672 VLLM::Worker
3873390 87670876 VLLM::Worker
3873387 87331084 VLLM::Worker
3873391 87283072 VLLM::Worker
3791454 63594776 ray::WorkerDict
3791453 63586440 ray::WorkerDict
3791459 63554344 ray::WorkerDict
3791460 63511976 ray::WorkerDict
1317539 4824088 VLLM::Worker_TP
1317538 4821472 VLLM::Worker_TP
3880556 1828756 ray::AgentLoopW
3880552 1817268 ray::AgentLoopW
3880551 1740628 ray::AgentLoopW
== 2026-09-05T15:12:04+09:00
Mem:            1007         701         307         368         370         305
    PID   RSS COMMAND
3873386 87672832 VLLM::Worker
3873390 87670876 VLLM::Worker
3873387 87333388 VLLM::Worker
3873391 87282304 VLLM::Worker
3791454 63594008 ray::WorkerDict
3791453 63584904 ray::WorkerDict
3791459 63555880 ray::WorkerDict
3791460 63514280 ray::WorkerDict
1317539 4824088 VLLM::Worker_TP
1317538 4821472 VLLM::Worker_TP
3880556 1828756 ray::AgentLoopW
3880552 1817268 ray::AgentLoopW
3880551 1740628 ray::AgentLoopW
== 2026-09-05T15:12:24+09:00
Mem:            1007         701         307         368         370         305
    PID   RSS COMMAND
3873386 87674368 VLLM::Worker
3873390 87669340 VLLM::Worker
3873387 87332620 VLLM::Worker
3873391 87283072 VLLM::Worker
3791454 63593240 ray::WorkerDict
3791453 63584904 ray::WorkerDict
3791459 63555112 ray::WorkerDict
3791460 63515048 ray::WorkerDict
1317539 4824088 VLLM::Worker_TP
1317538 4821472 VLLM::Worker_TP
3880556 1828756 ray::AgentLoopW
3880552 1817268 ray::AgentLoopW
3880551 1740628 ray::AgentLoopW
== 2026-09-05T15:12:44+09:00
Mem:            1007         701         307         368         370         305
    PID   RSS COMMAND
3873386 87675136 VLLM::Worker
3873390 87672412 VLLM::Worker
3873387 87331084 VLLM::Worker
3873391 87282304 VLLM::Worker
3791454 63594008 ray::WorkerDict
3791453 63585672 ray::WorkerDict
3791459 63553576 ray::WorkerDict
3791460 63514280 ray::WorkerDict
1317539 4824088 VLLM::Worker_TP
1317538 4821472 VLLM::Worker_TP
3880556 1828756 ray::AgentLoopW
3880552 1817268 ray::AgentLoopW
3880551 1740628 ray::AgentLoopW
== 2026-09-05T15:13:04+09:00
Mem:            1007         701         307         368         370         305
    PID   RSS COMMAND
3873386 87674368 VLLM::Worker
3873390 87670108 VLLM::Worker
3873387 87334924 VLLM::Worker
3873391 87282304 VLLM::Worker
3791454 63594008 ray::WorkerDict
3791453 63585672 ray::WorkerDict
3791459 63555112 ray::WorkerDict
3791460 63512744 ray::WorkerDict
1317539 4824088 VLLM::Worker_TP
1317538 4821472 VLLM::Worker_TP
3880556 1828756 ray::AgentLoopW
3880552 1817268 ray::AgentLoopW
3880551 1740628 ray::AgentLoopW
== 2026-09-05T15:13:24+09:00
Mem:            1007         701         307         368         370         305
    PID   RSS COMMAND
3873386 87672832 VLLM::Worker
3873390 87671644 VLLM::Worker
3873387 87334156 VLLM::Worker
3873391 87282304 VLLM::Worker
3791454 63594008 ray::WorkerDict
3791453 63584136 ray::WorkerDict
3791459 63555880 ray::WorkerDict
3791460 63513512 ray::WorkerDict
1317539 4824088 VLLM::Worker_TP
1317538 4821472 VLLM::Worker_TP
3880556 1828756 ray::AgentLoopW
3880552 1817268 ray::AgentLoopW
3880551 1740628 ray::AgentLoopW
== 2026-09-05T15:13:44+09:00
Mem:            1007         701         307         368         370         305
    PID   RSS COMMAND
3873386 87675136 VLLM::Worker
3873390 87670108 VLLM::Worker
3873387 87332620 VLLM::Worker
3873391 87282304 VLLM::Worker
3791454 63594008 ray::WorkerDict
3791453 63583368 ray::WorkerDict
3791459 63555880 ray::WorkerDict
3791460 63511976 ray::WorkerDict
1317539 4824088 VLLM::Worker_TP
1317538 4821472 VLLM::Worker_TP
3880556 1828756 ray::AgentLoopW
3880552 1817268 ray::AgentLoopW
3880551 1740628 ray::AgentLoopW
== 2026-09-05T15:14:04+09:00
Mem:            1007         701         307         368         370         305
    PID   RSS COMMAND
3873386 87674368 VLLM::Worker
3873390 87671644 VLLM::Worker
3873387 87334924 VLLM::Worker
3873391 87283072 VLLM::Worker
3791454 63593240 ray::WorkerDict
3791453 63585672 ray::WorkerDict
3791459 63558184 ray::WorkerDict
3791460 63514280 ray::WorkerDict
1317539 4824088 VLLM::Worker_TP
1317538 4821472 VLLM::Worker_TP
3880556 1828756 ray::AgentLoopW
3880552 1817268 ray::AgentLoopW
3880551 1740628 ray::AgentLoopW
== 2026-09-05T15:14:24+09:00
Mem:            1007         701         308         368         370         305
    PID   RSS COMMAND
3873386 87673600 VLLM::Worker
3873390 87672412 VLLM::Worker
3873387 87332620 VLLM::Worker
3873391 87283072 VLLM::Worker
3791454 63594776 ray::WorkerDict
3791453 63587208 ray::WorkerDict
3791459 63557416 ray::WorkerDict
3791460 63513512 ray::WorkerDict
1317539 4823320 VLLM::Worker_TP
1317538 4821472 VLLM::Worker_TP
3880556 1828756 ray::AgentLoopW
3880552 1817268 ray::AgentLoopW
3880551 1740628 ray::AgentLoopW
== 2026-09-05T15:14:44+09:00
Mem:            1007         701         308         368         370         305
    PID   RSS COMMAND
3873386 87672832 VLLM::Worker
3873390 87670108 VLLM::Worker
3873387 87335692 VLLM::Worker
3873391 87284608 VLLM::Worker
3791454 63592472 ray::WorkerDict
3791453 63586440 ray::WorkerDict
3791459 63555112 ray::WorkerDict
3791460 63513512 ray::WorkerDict
1317539 4822552 VLLM::Worker_TP
1317538 4816864 VLLM::Worker_TP
3880556 1828756 ray::AgentLoopW
3880552 1817268 ray::AgentLoopW
3880551 1740628 ray::AgentLoopW
== 2026-09-05T15:15:04+09:00
Mem:            1007         701         307         368         370         305
    PID   RSS COMMAND
3873386 87673600 VLLM::Worker
3873390 87667804 VLLM::Worker
3873387 87334156 VLLM::Worker
3873391 87283840 VLLM::Worker
3791454 63592472 ray::WorkerDict
3791453 63584904 ray::WorkerDict
3791459 63555112 ray::WorkerDict
3791460 63511976 ray::WorkerDict
1317539 4822552 VLLM::Worker_TP
1317538 4816864 VLLM::Worker_TP
3880556 1828756 ray::AgentLoopW
3880552 1817268 ray::AgentLoopW
3880551 1740628 ray::AgentLoopW
== 2026-09-05T15:15:25+09:00
Mem:            1007         701         307         368         370         305
    PID   RSS COMMAND
3873386 87672064 VLLM::Worker
3873390 87669340 VLLM::Worker
3873387 87333388 VLLM::Worker
3873391 87284608 VLLM::Worker
3791454 63591704 ray::WorkerDict
3791453 63585672 ray::WorkerDict
3791459 63555112 ray::WorkerDict
3791460 63512744 ray::WorkerDict
1317539 4822552 VLLM::Worker_TP
1317538 4816864 VLLM::Worker_TP
3880556 1828756 ray::AgentLoopW
3880552 1817268 ray::AgentLoopW
3880551 1740628 ray::AgentLoopW
== 2026-09-05T15:15:45+09:00
Mem:            1007         701         307         368         370         305
    PID   RSS COMMAND
3873386 87672064 VLLM::Worker
3873390 87669340 VLLM::Worker
3873387 87333388 VLLM::Worker
3873391 87283840 VLLM::Worker
3791454 63590168 ray::WorkerDict
3791453 63584904 ray::WorkerDict
3791459 63555880 ray::WorkerDict
3791460 63512744 ray::WorkerDict
1317539 4822552 VLLM::Worker_TP
1317538 4816864 VLLM::Worker_TP
3880556 1828756 ray::AgentLoopW
3880552 1817268 ray::AgentLoopW
3880551 1740628 ray::AgentLoopW
== 2026-09-05T15:16:05+09:00
Mem:            1007         702         307         368         370         305
    PID   RSS COMMAND
3873386 87674368 VLLM::Worker
3873390 87670876 VLLM::Worker
3873387 87332620 VLLM::Worker
3873391 87284608 VLLM::Worker
3791454 63590168 ray::WorkerDict
3791453 63584904 ray::WorkerDict
3791459 63555112 ray::WorkerDict
3791460 63511208 ray::WorkerDict
1317539 4822552 VLLM::Worker_TP
1317538 4816864 VLLM::Worker_TP
3880556 1828756 ray::AgentLoopW
3880552 1817268 ray::AgentLoopW
3880551 1740628 ray::AgentLoopW
== 2026-09-05T15:16:25+09:00
Mem:            1007         701         307         368         370         305
    PID   RSS COMMAND
3873386 87674368 VLLM::Worker
3873390 87669340 VLLM::Worker
3873387 87332620 VLLM::Worker
3873391 87283072 VLLM::Worker
3791454 63590168 ray::WorkerDict
3791453 63584904 ray::WorkerDict
3791459 63555112 ray::WorkerDict
3791460 63513512 ray::WorkerDict
1317539 4822552 VLLM::Worker_TP
1317538 4816864 VLLM::Worker_TP
3880556 1828756 ray::AgentLoopW
3880552 1817268 ray::AgentLoopW
3880551 1740628 ray::AgentLoopW
== 2026-09-05T15:16:45+09:00
Mem:            1007         701         307         368         370         305
    PID   RSS COMMAND
3873386 87673600 VLLM::Worker
3873390 87671644 VLLM::Worker
3873387 87331084 VLLM::Worker
3873391 87283072 VLLM::Worker
3791454 63592472 ray::WorkerDict
3791453 63584904 ray::WorkerDict
3791459 63555112 ray::WorkerDict
3791460 63515048 ray::WorkerDict
1317539 4822552 VLLM::Worker_TP
1317538 4816864 VLLM::Worker_TP
3880556 1828756 ray::AgentLoopW
3880552 1817268 ray::AgentLoopW
3880551 1740628 ray::AgentLoopW
== 2026-09-05T15:17:05+09:00
Mem:            1007         701         307         368         370         305
    PID   RSS COMMAND
3873386 87674368 VLLM::Worker
3873390 87670876 VLLM::Worker
3873387 87332620 VLLM::Worker
3873391 87283072 VLLM::Worker
3791454 63591704 ray::WorkerDict
3791453 63584136 ray::WorkerDict
3791459 63552040 ray::WorkerDict
3791460 63514280 ray::WorkerDict
1317539 4822552 VLLM::Worker_TP
1317538 4816864 VLLM::Worker_TP
3880556 1828756 ray::AgentLoopW
3880552 1817268 ray::AgentLoopW
3880551 1740628 ray::AgentLoopW
== 2026-09-05T15:17:25+09:00
Mem:            1007         701         308         368         370         305
    PID   RSS COMMAND
3873386 87674368 VLLM::Worker
3873390 87670876 VLLM::Worker
3873387 87333388 VLLM::Worker
3873391 87284608 VLLM::Worker
3791454 63591704 ray::WorkerDict
3791453 63584904 ray::WorkerDict
3791459 63552808 ray::WorkerDict
3791460 63515048 ray::WorkerDict
1317539 4822552 VLLM::Worker_TP
1317538 4816864 VLLM::Worker_TP
3880556 1828756 ray::AgentLoopW
3880552 1817268 ray::AgentLoopW
3880551 1740628 ray::AgentLoopW
== 2026-09-05T15:17:45+09:00
Mem:            1007         701         308         368         370         305
    PID   RSS COMMAND
3873386 87674368 VLLM::Worker
3873390 87673948 VLLM::Worker
3873387 87334156 VLLM::Worker
3873391 87283072 VLLM::Worker
3791454 63591704 ray::WorkerDict
3791453 63584136 ray::WorkerDict
3791459 63552040 ray::WorkerDict
3791460 63511976 ray::WorkerDict
1317539 4822552 VLLM::Worker_TP
1317538 4816864 VLLM::Worker_TP
3880556 1828756 ray::AgentLoopW
3880552 1817268 ray::AgentLoopW
3880551 1740628 ray::AgentLoopW
== 2026-09-05T15:18:05+09:00
Mem:            1007         701         307         368         370         305
    PID   RSS COMMAND
3873386 87675904 VLLM::Worker
3873390 87670876 VLLM::Worker
3873387 87332620 VLLM::Worker
3873391 87284608 VLLM::Worker
3791454 63591704 ray::WorkerDict
3791453 63584904 ray::WorkerDict
3791459 63553576 ray::WorkerDict
3791460 63511976 ray::WorkerDict
1317539 4822552 VLLM::Worker_TP
1317538 4816864 VLLM::Worker_TP
3880556 1828756 ray::AgentLoopW
3880552 1817268 ray::AgentLoopW
3880551 1740628 ray::AgentLoopW
== 2026-09-05T15:18:25+09:00
Mem:            1007         701         307         368         370         305
    PID   RSS COMMAND
3873386 87675136 VLLM::Worker
3873390 87670876 VLLM::Worker
3873387 87329548 VLLM::Worker
3873391 87285376 VLLM::Worker
3791454 63592472 ray::WorkerDict
3791453 63584904 ray::WorkerDict
3791459 63552040 ray::WorkerDict
3791460 63513512 ray::WorkerDict
1317539 4822552 VLLM::Worker_TP
1317538 4816864 VLLM::Worker_TP
3880556 1828756 ray::AgentLoopW
3880552 1817268 ray::AgentLoopW
3880551 1740628 ray::AgentLoopW
== 2026-09-05T15:18:45+09:00
Mem:            1007         701         307         368         370         305
    PID   RSS COMMAND
3873386 87675904 VLLM::Worker
3873390 87672412 VLLM::Worker
3873387 87331852 VLLM::Worker
3873391 87284608 VLLM::Worker
3791454 63594776 ray::WorkerDict
3791453 63584904 ray::WorkerDict
3791459 63554344 ray::WorkerDict
3791460 63512744 ray::WorkerDict
1317539 4822552 VLLM::Worker_TP
1317538 4816864 VLLM::Worker_TP
3880556 1828756 ray::AgentLoopW
3880552 1817268 ray::AgentLoopW
3880551 1740628 ray::AgentLoopW
== 2026-09-05T15:19:05+09:00
Mem:            1007         701         307         368         370         305
    PID   RSS COMMAND
3873386 87674368 VLLM::Worker
3873390 87670108 VLLM::Worker
3873387 87331084 VLLM::Worker
3873391 87283840 VLLM::Worker
3791454 63592472 ray::WorkerDict
3791453 63584136 ray::WorkerDict
3791459 63553576 ray::WorkerDict
3791460 63515048 ray::WorkerDict
1317539 4822552 VLLM::Worker_TP
1317538 4816864 VLLM::Worker_TP
3880556 1828756 ray::AgentLoopW
3880552 1817268 ray::AgentLoopW
3880551 1740628 ray::AgentLoopW
== 2026-09-05T15:19:25+09:00
Mem:            1007         701         308         368         370         305
    PID   RSS COMMAND
3873386 87675904 VLLM::Worker
3873390 87670876 VLLM::Worker
3873387 87332620 VLLM::Worker
3873391 87283840 VLLM::Worker
3791454 63591704 ray::WorkerDict
3791453 63584136 ray::WorkerDict
3791459 63552808 ray::WorkerDict
3791460 63514280 ray::WorkerDict
1317539 4822552 VLLM::Worker_TP
1317538 4816864 VLLM::Worker_TP
3880556 1828756 ray::AgentLoopW
3880552 1817268 ray::AgentLoopW
3880551 1740628 ray::AgentLoopW
== 2026-09-05T15:19:45+09:00
Mem:            1007         701         307         368         370         305
    PID   RSS COMMAND
3873386 87672832 VLLM::Worker
3873390 87671644 VLLM::Worker
3873387 87331852 VLLM::Worker
3873391 87283840 VLLM::Worker
3791454 63591704 ray::WorkerDict
3791453 63583368 ray::WorkerDict
3791459 63552808 ray::WorkerDict
3791460 63515048 ray::WorkerDict
1317539 4832536 VLLM::Worker_TP
1317538 4827616 VLLM::Worker_TP
3880556 1828756 ray::AgentLoopW
3880552 1817268 ray::AgentLoopW
3880551 1740628 ray::AgentLoopW
== 2026-09-05T15:20:05+09:00
Mem:            1007         701         307         368         370         305
    PID   RSS COMMAND
3873386 87675136 VLLM::Worker
3873390 87668572 VLLM::Worker
3873387 87333388 VLLM::Worker
3873391 87282304 VLLM::Worker
3791454 63593240 ray::WorkerDict
3791453 63584136 ray::WorkerDict
3791459 63552808 ray::WorkerDict
3791460 63515048 ray::WorkerDict
1317539 4832536 VLLM::Worker_TP
1317538 4827616 VLLM::Worker_TP
3880556 1828756 ray::AgentLoopW
3880552 1817268 ray::AgentLoopW
3880551 1740628 ray::AgentLoopW
== 2026-09-05T15:20:25+09:00
Mem:            1007         701         307         368         370         305
    PID   RSS COMMAND
3873386 87673600 VLLM::Worker
3873390 87671644 VLLM::Worker
3873387 87334156 VLLM::Worker
3873391 87283072 VLLM::Worker
3791454 63594008 ray::WorkerDict
3791453 63583368 ray::WorkerDict
3791459 63554344 ray::WorkerDict
3791460 63512744 ray::WorkerDict
1317539 4832536 VLLM::Worker_TP
1317538 4827616 VLLM::Worker_TP
3880556 1828756 ray::AgentLoopW
3880552 1817268 ray::AgentLoopW
3880551 1740628 ray::AgentLoopW
== 2026-09-05T15:20:45+09:00
Mem:            1007         701         307         368         370         305
    PID   RSS COMMAND
3873386 87672064 VLLM::Worker
3873390 87671644 VLLM::Worker
3873387 87331852 VLLM::Worker
3873391 87283072 VLLM::Worker
3791454 63593240 ray::WorkerDict
3791453 63584136 ray::WorkerDict
3791459 63555880 ray::WorkerDict
3791460 63513512 ray::WorkerDict
1317539 4832536 VLLM::Worker_TP
1317538 4827616 VLLM::Worker_TP
3880556 1828756 ray::AgentLoopW
3880552 1817268 ray::AgentLoopW
3880551 1740628 ray::AgentLoopW
== 2026-09-05T15:21:05+09:00
Mem:            1007         701         307         368         370         305
    PID   RSS COMMAND
3873386 87676672 VLLM::Worker
3873390 87672412 VLLM::Worker
3873387 87332620 VLLM::Worker
3873391 87283072 VLLM::Worker
3791454 63594776 ray::WorkerDict
3791453 63584904 ray::WorkerDict
3791459 63554344 ray::WorkerDict
3791460 63511976 ray::WorkerDict
1317539 4832536 VLLM::Worker_TP
1317538 4827616 VLLM::Worker_TP
3880556 1828756 ray::AgentLoopW
3880552 1817268 ray::AgentLoopW
3880551 1740628 ray::AgentLoopW
== 2026-09-05T15:21:25+09:00
Mem:            1007         701         307         368         370         305
    PID   RSS COMMAND
3873386 87678208 VLLM::Worker
3873390 87670108 VLLM::Worker
3873387 87335692 VLLM::Worker
3873391 87283840 VLLM::Worker
3791454 63596312 ray::WorkerDict
3791453 63584136 ray::WorkerDict
3791459 63555112 ray::WorkerDict
3791460 63512744 ray::WorkerDict
1317539 4833304 VLLM::Worker_TP
1317538 4828384 VLLM::Worker_TP
3880556 1828756 ray::AgentLoopW
3880552 1817268 ray::AgentLoopW
3880551 1740628 ray::AgentLoopW
== 2026-09-05T15:21:45+09:00
Mem:            1007         701         307         368         370         305
    PID   RSS COMMAND
3873386 87676672 VLLM::Worker
3873390 87671644 VLLM::Worker
3873387 87334156 VLLM::Worker
3873391 87283840 VLLM::Worker
3791454 63595544 ray::WorkerDict
3791453 63584136 ray::WorkerDict
3791459 63555112 ray::WorkerDict
3791460 63514280 ray::WorkerDict
1317539 4833304 VLLM::Worker_TP
1317538 4828384 VLLM::Worker_TP
3880556 1828756 ray::AgentLoopW
3880552 1817268 ray::AgentLoopW
3880551 1740628 ray::AgentLoopW
== 2026-09-05T15:22:05+09:00
Mem:            1007         701         307         368         370         305
    PID   RSS COMMAND
3873386 87674368 VLLM::Worker
3873390 87673180 VLLM::Worker
3873387 87331852 VLLM::Worker
3873391 87283840 VLLM::Worker
3791454 63596312 ray::WorkerDict
3791453 63582600 ray::WorkerDict
3791459 63554344 ray::WorkerDict
3791460 63514280 ray::WorkerDict
1317539 4833304 VLLM::Worker_TP
1317538 4828384 VLLM::Worker_TP
3880556 1828756 ray::AgentLoopW
3880552 1817268 ray::AgentLoopW
3880551 1740628 ray::AgentLoopW
== 2026-09-05T15:22:25+09:00
Mem:            1007         701         307         368         370         305
    PID   RSS COMMAND
3873386 87673600 VLLM::Worker
3873390 87668572 VLLM::Worker
3873387 87332620 VLLM::Worker
3873391 87283840 VLLM::Worker
3791454 63594776 ray::WorkerDict
3791453 63583368 ray::WorkerDict
3791459 63555112 ray::WorkerDict
3791460 63511976 ray::WorkerDict
1317539 4833304 VLLM::Worker_TP
1317538 4828384 VLLM::Worker_TP
3880556 1828756 ray::AgentLoopW
3880552 1817268 ray::AgentLoopW
3880551 1740628 ray::AgentLoopW
== 2026-09-05T15:22:45+09:00
Mem:            1007         701         307         368         370         305
    PID   RSS COMMAND
3873386 87674368 VLLM::Worker
3873390 87669340 VLLM::Worker
3873387 87332620 VLLM::Worker
3873391 87283840 VLLM::Worker
3791454 63594008 ray::WorkerDict
3791453 63582600 ray::WorkerDict
3791459 63555112 ray::WorkerDict
3791460 63511976 ray::WorkerDict
1317539 4833304 VLLM::Worker_TP
1317538 4828384 VLLM::Worker_TP
3880556 1828756 ray::AgentLoopW
3880552 1817268 ray::AgentLoopW
3880551 1740628 ray::AgentLoopW
== 2026-09-05T15:23:05+09:00
Mem:            1007         701         307         368         370         305
    PID   RSS COMMAND
3873386 87673600 VLLM::Worker
3873390 87670876 VLLM::Worker
3873387 87331852 VLLM::Worker
3873391 87283840 VLLM::Worker
3791454 63594008 ray::WorkerDict
3791453 63581832 ray::WorkerDict
3791459 63555112 ray::WorkerDict
3791460 63515048 ray::WorkerDict
1317539 4833304 VLLM::Worker_TP
1317538 4828384 VLLM::Worker_TP
3880556 1828756 ray::AgentLoopW
3880552 1817268 ray::AgentLoopW
3880551 1740628 ray::AgentLoopW
== 2026-09-05T15:23:25+09:00
Mem:            1007         701         307         368         370         305
    PID   RSS COMMAND
3873386 87672832 VLLM::Worker
3873390 87669340 VLLM::Worker
3873387 87334156 VLLM::Worker
3873391 87283840 VLLM::Worker
3791454 63592472 ray::WorkerDict
3791453 63584136 ray::WorkerDict
3791459 63553576 ray::WorkerDict
3791460 63515048 ray::WorkerDict
1317539 4833304 VLLM::Worker_TP
1317538 4828384 VLLM::Worker_TP
3880556 1828756 ray::AgentLoopW
3880552 1817268 ray::AgentLoopW
3880551 1740628 ray::AgentLoopW
== 2026-09-05T15:23:45+09:00
Mem:            1007         701         307         368         370         305
    PID   RSS COMMAND
3873386 87675136 VLLM::Worker
3873390 87670876 VLLM::Worker
3873387 87333388 VLLM::Worker
3873391 87283840 VLLM::Worker
3791454 63592472 ray::WorkerDict
3791453 63585672 ray::WorkerDict
3791459 63552040 ray::WorkerDict
3791460 63514280 ray::WorkerDict
1317539 4833304 VLLM::Worker_TP
1317538 4828384 VLLM::Worker_TP
3880556 1828756 ray::AgentLoopW
3880552 1817268 ray::AgentLoopW
3880551 1740628 ray::AgentLoopW
== 2026-09-05T15:24:05+09:00
Mem:            1007         701         307         368         370         305
    PID   RSS COMMAND
3873386 87675904 VLLM::Worker
3873390 87669340 VLLM::Worker
3873387 87333388 VLLM::Worker
3873391 87283072 VLLM::Worker
3791454 63594008 ray::WorkerDict
3791453 63586440 ray::WorkerDict
3791459 63552808 ray::WorkerDict
3791460 63513512 ray::WorkerDict
1317539 4833304 VLLM::Worker_TP
1317538 4828384 VLLM::Worker_TP
3880556 1828756 ray::AgentLoopW
3880552 1817268 ray::AgentLoopW
3880551 1740628 ray::AgentLoopW
== 2026-09-05T15:24:25+09:00
Mem:            1007         701         307         368         370         305
    PID   RSS COMMAND
3873386 87673600 VLLM::Worker
3873390 87671644 VLLM::Worker
3873387 87335692 VLLM::Worker
3873391 87283840 VLLM::Worker
3791454 63594008 ray::WorkerDict
3791453 63585672 ray::WorkerDict
3791459 63555112 ray::WorkerDict
3791460 63515048 ray::WorkerDict
1317539 4833304 VLLM::Worker_TP
1317538 4828384 VLLM::Worker_TP
3880556 1828756 ray::AgentLoopW
3880552 1817268 ray::AgentLoopW
3880551 1740628 ray::AgentLoopW
== 2026-09-05T15:24:45+09:00
Mem:            1007         701         307         368         370         305
    PID   RSS COMMAND
3873386 87674368 VLLM::Worker
3873390 87673180 VLLM::Worker
3873387 87334924 VLLM::Worker
3873391 87285376 VLLM::Worker
3791454 63592472 ray::WorkerDict
3791453 63584136 ray::WorkerDict
3791459 63555880 ray::WorkerDict
3791460 63515048 ray::WorkerDict
1317539 4833304 VLLM::Worker_TP
1317538 4828384 VLLM::Worker_TP
3880556 1828756 ray::AgentLoopW
3880552 1817268 ray::AgentLoopW
3880551 1740628 ray::AgentLoopW
== 2026-09-05T15:25:05+09:00
Mem:            1007         701         307         368         370         305
    PID   RSS COMMAND
3873386 87677440 VLLM::Worker
3873390 87669340 VLLM::Worker
3873387 87334156 VLLM::Worker
3873391 87284608 VLLM::Worker
3791454 63593240 ray::WorkerDict
3791453 63586440 ray::WorkerDict
3791459 63553576 ray::WorkerDict
3791460 63513512 ray::WorkerDict
1317539 4833304 VLLM::Worker_TP
1317538 4828384 VLLM::Worker_TP
3880556 1828756 ray::AgentLoopW
3880552 1817268 ray::AgentLoopW
3880551 1740628 ray::AgentLoopW
== 2026-09-05T15:25:25+09:00
Mem:            1007         701         307         368         370         305
    PID   RSS COMMAND
3873386 87672832 VLLM::Worker
3873390 87670876 VLLM::Worker
3873387 87331084 VLLM::Worker
3873391 87283840 VLLM::Worker
3791454 63594008 ray::WorkerDict
3791453 63584904 ray::WorkerDict
3791459 63554344 ray::WorkerDict
3791460 63511208 ray::WorkerDict
1317539 4833304 VLLM::Worker_TP
1317538 4828384 VLLM::Worker_TP
3880556 1828756 ray::AgentLoopW
3880552 1817268 ray::AgentLoopW
3880551 1740628 ray::AgentLoopW
== 2026-09-05T15:25:45+09:00
Mem:            1007         701         307         368         370         305
    PID   RSS COMMAND
3873386 87672832 VLLM::Worker
3873390 87672412 VLLM::Worker
3873387 87334924 VLLM::Worker
3873391 87285376 VLLM::Worker
3791454 63593240 ray::WorkerDict
3791453 63585672 ray::WorkerDict
3791459 63555112 ray::WorkerDict
3791460 63514280 ray::WorkerDict
1317539 4833304 VLLM::Worker_TP
1317538 4828384 VLLM::Worker_TP
3880556 1828756 ray::AgentLoopW
3880552 1817268 ray::AgentLoopW
3880551 1740628 ray::AgentLoopW
== 2026-09-05T15:26:06+09:00
Mem:            1007         702         307         368         370         305
    PID   RSS COMMAND
3873386 87675136 VLLM::Worker
3873390 87673180 VLLM::Worker
3873387 87334156 VLLM::Worker
3873391 87286144 VLLM::Worker
3791454 63594008 ray::WorkerDict
3791453 63586440 ray::WorkerDict
3791459 63558184 ray::WorkerDict
3791460 63512744 ray::WorkerDict
1317539 4833304 VLLM::Worker_TP
1317538 4828384 VLLM::Worker_TP
3880556 1828756 ray::AgentLoopW
3880552 1817268 ray::AgentLoopW
3880551 1740628 ray::AgentLoopW
== 2026-09-05T15:26:26+09:00
Mem:            1007         702         307         368         370         305
    PID   RSS COMMAND
3873390 87673180 VLLM::Worker
3873386 87671296 VLLM::Worker
3873387 87333388 VLLM::Worker
3873391 87286912 VLLM::Worker
3791454 63591704 ray::WorkerDict
3791453 63584904 ray::WorkerDict
3791459 63556648 ray::WorkerDict
3791460 63515048 ray::WorkerDict
1317539 4833304 VLLM::Worker_TP
1317538 4828384 VLLM::Worker_TP
3880556 1828756 ray::AgentLoopW
3880552 1817268 ray::AgentLoopW
3880551 1740628 ray::AgentLoopW
== 2026-09-05T15:26:46+09:00
Mem:            1007         702         307         368         370         305
    PID   RSS COMMAND
3873386 87672064 VLLM::Worker
3873390 87671644 VLLM::Worker
3873387 87334156 VLLM::Worker
3873391 87285376 VLLM::Worker
3791454 63592472 ray::WorkerDict
3791453 63584904 ray::WorkerDict
3791459 63555880 ray::WorkerDict
3791460 63513512 ray::WorkerDict
1317539 4833304 VLLM::Worker_TP
1317538 4828384 VLLM::Worker_TP
3880556 1828756 ray::AgentLoopW
3880552 1817268 ray::AgentLoopW
3880551 1740628 ray::AgentLoopW
== 2026-09-05T15:27:06+09:00
Mem:            1007         701         307         368         370         305
    PID   RSS COMMAND
3873386 87675136 VLLM::Worker
3873390 87670108 VLLM::Worker
3873387 87333388 VLLM::Worker
3873391 87284608 VLLM::Worker
3791454 63591704 ray::WorkerDict
3791453 63586440 ray::WorkerDict
3791459 63553576 ray::WorkerDict
3791460 63511976 ray::WorkerDict
1317539 4833304 VLLM::Worker_TP
1317538 4828384 VLLM::Worker_TP
3880556 1828756 ray::AgentLoopW
3880552 1817268 ray::AgentLoopW
3880551 1740628 ray::AgentLoopW
== 2026-09-05T15:27:26+09:00
Mem:            1007         701         307         368         370         305
    PID   RSS COMMAND
3873386 87671296 VLLM::Worker
3873390 87670108 VLLM::Worker
3873387 87334924 VLLM::Worker
3873391 87284608 VLLM::Worker
3791454 63592472 ray::WorkerDict
3791453 63584904 ray::WorkerDict
3791459 63554344 ray::WorkerDict
3791460 63509672 ray::WorkerDict
1317539 4833304 VLLM::Worker_TP
1317538 4828384 VLLM::Worker_TP
3880556 1828756 ray::AgentLoopW
3880552 1817268 ray::AgentLoopW
3880551 1740628 ray::AgentLoopW
== 2026-09-05T15:27:46+09:00
Mem:            1007         701         307         368         370         305
    PID   RSS COMMAND
3873386 87676672 VLLM::Worker
3873390 87667036 VLLM::Worker
3873387 87334924 VLLM::Worker
3873391 87283840 VLLM::Worker
3791454 63593240 ray::WorkerDict
3791453 63585672 ray::WorkerDict
3791459 63552040 ray::WorkerDict
3791460 63511208 ray::WorkerDict
1317539 4833304 VLLM::Worker_TP
1317538 4828384 VLLM::Worker_TP
3880556 1828756 ray::AgentLoopW
3880552 1817268 ray::AgentLoopW
3880551 1740628 ray::AgentLoopW
== 2026-09-05T15:28:06+09:00
Mem:            1007         701         307         368         370         305
    PID   RSS COMMAND
3873386 87676672 VLLM::Worker
3873390 87671644 VLLM::Worker
3873387 87333388 VLLM::Worker
3873391 87283072 VLLM::Worker
3791454 63594008 ray::WorkerDict
3791453 63585672 ray::WorkerDict
3791459 63552808 ray::WorkerDict
3791460 63511976 ray::WorkerDict
1317539 4833304 VLLM::Worker_TP
1317538 4828384 VLLM::Worker_TP
3880556 1828756 ray::AgentLoopW
3880552 1817268 ray::AgentLoopW
3880551 1740628 ray::AgentLoopW
== 2026-09-05T15:28:26+09:00
Mem:            1007         701         307         368         370         305
    PID   RSS COMMAND
3873386 87675136 VLLM::Worker
3873390 87669340 VLLM::Worker
3873387 87333388 VLLM::Worker
3873391 87283072 VLLM::Worker
3791454 63592472 ray::WorkerDict
3791453 63584904 ray::WorkerDict
3791459 63554344 ray::WorkerDict
3791460 63511976 ray::WorkerDict
1317539 4833304 VLLM::Worker_TP
1317538 4828384 VLLM::Worker_TP
3880556 1828756 ray::AgentLoopW
3880552 1817268 ray::AgentLoopW
3880551 1740628 ray::AgentLoopW
== 2026-09-05T15:28:46+09:00
Mem:            1007         701         307         368         370         305
    PID   RSS COMMAND
3873386 87675136 VLLM::Worker
3873390 87673180 VLLM::Worker
3873387 87334156 VLLM::Worker
3873391 87283072 VLLM::Worker
3791454 63594776 ray::WorkerDict
3791453 63584904 ray::WorkerDict
3791459 63552808 ray::WorkerDict
3791460 63511976 ray::WorkerDict
1317539 4833304 VLLM::Worker_TP
1317538 4828384 VLLM::Worker_TP
3880556 1828756 ray::AgentLoopW
3880552 1817268 ray::AgentLoopW
3880551 1740628 ray::AgentLoopW
== 2026-09-05T15:29:06+09:00
Mem:            1007         701         307         368         370         305
    PID   RSS COMMAND
3873386 87674368 VLLM::Worker
3873390 87672412 VLLM::Worker
3873387 87333388 VLLM::Worker
3873391 87284608 VLLM::Worker
3791454 63592472 ray::WorkerDict
3791453 63582600 ray::WorkerDict
3791459 63552808 ray::WorkerDict
3791460 63511208 ray::WorkerDict
1317539 4833304 VLLM::Worker_TP
1317538 4828384 VLLM::Worker_TP
3880556 1828756 ray::AgentLoopW
3880552 1817268 ray::AgentLoopW
3880551 1740628 ray::AgentLoopW
== 2026-09-05T15:29:26+09:00
Mem:            1007         701         307         368         370         305
    PID   RSS COMMAND
3873386 87670528 VLLM::Worker
3873390 87667804 VLLM::Worker
3873387 87334156 VLLM::Worker
3873391 87283840 VLLM::Worker
3791454 63591704 ray::WorkerDict
3791453 63583368 ray::WorkerDict
3791459 63552808 ray::WorkerDict
3791460 63513512 ray::WorkerDict
1317539 4833304 VLLM::Worker_TP
1317538 4828384 VLLM::Worker_TP
3880556 1828756 ray::AgentLoopW
3880552 1817268 ray::AgentLoopW
3880551 1740628 ray::AgentLoopW
== 2026-09-05T15:29:46+09:00
Mem:            1007         701         307         368         370         305
    PID   RSS COMMAND
3873386 87675860 VLLM::Worker
3873390 87668572 VLLM::Worker
3873387 87332620 VLLM::Worker
3873391 87283840 VLLM::Worker
3791454 63593832 ray::WorkerDict
3791453 63583576 ray::WorkerDict
3791459 63554412 ray::WorkerDict
3791460 63513224 ray::WorkerDict
1317539 4833304 VLLM::Worker_TP
1317538 4828384 VLLM::Worker_TP
3880556 1828756 ray::AgentLoopW
3880552 1817268 ray::AgentLoopW
3880551 1740628 ray::AgentLoopW
== 2026-09-05T15:30:06+09:00
Mem:            1007         701         307         368         370         305
    PID   RSS COMMAND
3873390 87674716 VLLM::Worker
3873386 87673556 VLLM::Worker
3873387 87334156 VLLM::Worker
3873391 87285376 VLLM::Worker
3791454 63593064 ray::WorkerDict
3791453 63585112 ray::WorkerDict
3791459 63555948 ray::WorkerDict
3791460 63514760 ray::WorkerDict
1317539 4833304 VLLM::Worker_TP
1317538 4828384 VLLM::Worker_TP
3880556 1828756 ray::AgentLoopW
3880552 1817268 ray::AgentLoopW
3880551 1740628 ray::AgentLoopW
== 2026-09-05T15:30:26+09:00
Mem:            1007         701         307         368         370         305
    PID   RSS COMMAND
3873386 87675092 VLLM::Worker
3873390 87670108 VLLM::Worker
3873387 87336460 VLLM::Worker
3873391 87285376 VLLM::Worker
3791454 63595368 ray::WorkerDict
3791453 63586648 ray::WorkerDict
3791459 63558252 ray::WorkerDict
3791460 63513992 ray::WorkerDict
1317539 4833304 VLLM::Worker_TP
1317538 4828384 VLLM::Worker_TP
3880556 1828756 ray::AgentLoopW
3880552 1817268 ray::AgentLoopW
3880551 1740628 ray::AgentLoopW
== 2026-09-05T15:30:46+09:00
Mem:            1007         701         307         368         370         305
    PID   RSS COMMAND
3873386 87674324 VLLM::Worker
3873390 87669340 VLLM::Worker
3873387 87331084 VLLM::Worker
3873391 87285376 VLLM::Worker
3791454 63596136 ray::WorkerDict
3791453 63585112 ray::WorkerDict
3791459 63555948 ray::WorkerDict
3791460 63516296 ray::WorkerDict
1317539 4833304 VLLM::Worker_TP
1317538 4828384 VLLM::Worker_TP
3880556 1828756 ray::AgentLoopW
3880552 1817268 ray::AgentLoopW
3880551 1740628 ray::AgentLoopW
== 2026-09-05T15:31:06+09:00
Mem:            1007         701         307         368         370         305
    PID   RSS COMMAND
3873386 87675092 VLLM::Worker
3873390 87672412 VLLM::Worker
3873387 87333388 VLLM::Worker
3873391 87284608 VLLM::Worker
3791454 63595368 ray::WorkerDict
3791453 63582808 ray::WorkerDict
3791459 63556716 ray::WorkerDict
3791460 63514760 ray::WorkerDict
1317539 4833304 VLLM::Worker_TP
1317538 4828384 VLLM::Worker_TP
3880556 1828756 ray::AgentLoopW
3880552 1817268 ray::AgentLoopW
3880551 1740628 ray::AgentLoopW
== 2026-09-05T15:31:26+09:00
Mem:            1007         701         307         368         370         305
    PID   RSS COMMAND
3873386 87673556 VLLM::Worker
3873390 87670108 VLLM::Worker
3873387 87334156 VLLM::Worker
3873391 87284608 VLLM::Worker
3791454 63595368 ray::WorkerDict
3791453 63585112 ray::WorkerDict
3791459 63556716 ray::WorkerDict
3791460 63514760 ray::WorkerDict
1317539 4833304 VLLM::Worker_TP
1317538 4828384 VLLM::Worker_TP
3880556 1828756 ray::AgentLoopW
3880552 1817268 ray::AgentLoopW
3880551 1740628 ray::AgentLoopW
== 2026-09-05T15:31:46+09:00
Mem:            1007         701         307         368         370         305
    PID   RSS COMMAND
3873386 87672020 VLLM::Worker
3873390 87670876 VLLM::Worker
3873387 87332620 VLLM::Worker
3873391 87283840 VLLM::Worker
3791454 63593064 ray::WorkerDict
3791453 63585880 ray::WorkerDict
3791459 63555948 ray::WorkerDict
3791460 63513224 ray::WorkerDict
1317539 4833304 VLLM::Worker_TP
1317538 4828384 VLLM::Worker_TP
3880556 1828756 ray::AgentLoopW
3880552 1817268 ray::AgentLoopW
3880551 1740628 ray::AgentLoopW
== 2026-09-05T15:32:06+09:00
Mem:            1007         701         307         368         370         305
    PID   RSS COMMAND
3873386 87672788 VLLM::Worker
3873390 87670876 VLLM::Worker
3873387 87331852 VLLM::Worker
3873391 87282304 VLLM::Worker
3791454 63593832 ray::WorkerDict
3791453 63585880 ray::WorkerDict
3791459 63555180 ray::WorkerDict
3791460 63511688 ray::WorkerDict
1317539 4833304 VLLM::Worker_TP
1317538 4828384 VLLM::Worker_TP
3880556 1828756 ray::AgentLoopW
3880552 1817268 ray::AgentLoopW
3880551 1740628 ray::AgentLoopW
== 2026-09-05T15:32:26+09:00
Mem:            1007         701         307         368         370         305
    PID   RSS COMMAND
3873386 87674324 VLLM::Worker
3873390 87669340 VLLM::Worker
3873387 87332620 VLLM::Worker
3873391 87282304 VLLM::Worker
3791454 63593064 ray::WorkerDict
3791453 63585112 ray::WorkerDict
3791459 63556716 ray::WorkerDict
3791460 63512456 ray::WorkerDict
1317539 4833304 VLLM::Worker_TP
1317538 4828384 VLLM::Worker_TP
3880556 1828756 ray::AgentLoopW
3880552 1817268 ray::AgentLoopW
3880551 1740628 ray::AgentLoopW
== 2026-09-05T15:32:46+09:00
Mem:            1007         701         307         368         370         305
    PID   RSS COMMAND
3873386 87674324 VLLM::Worker
3873390 87671644 VLLM::Worker
3873387 87333388 VLLM::Worker
3873391 87282304 VLLM::Worker
3791454 63593064 ray::WorkerDict
3791453 63583576 ray::WorkerDict
3791459 63554412 ray::WorkerDict
3791460 63511688 ray::WorkerDict
1317539 4833304 VLLM::Worker_TP
1317538 4828384 VLLM::Worker_TP
3880556 1828756 ray::AgentLoopW
3880552 1817268 ray::AgentLoopW
3880551 1740628 ray::AgentLoopW
== 2026-09-05T15:33:06+09:00
Mem:            1007         701         307         368         370         305
    PID   RSS COMMAND
3873386 87673556 VLLM::Worker
3873390 87671644 VLLM::Worker
3873387 87336460 VLLM::Worker
3873391 87282304 VLLM::Worker
3791454 63591528 ray::WorkerDict
3791453 63584344 ray::WorkerDict
3791459 63554412 ray::WorkerDict
3791460 63513992 ray::WorkerDict
1317539 4833304 VLLM::Worker_TP
1317538 4828384 VLLM::Worker_TP
3880556 1828756 ray::AgentLoopW
3880552 1817268 ray::AgentLoopW
3880551 1740628 ray::AgentLoopW
== 2026-09-05T15:33:26+09:00
Mem:            1007         701         307         368         370         305
    PID   RSS COMMAND
3873386 87672788 VLLM::Worker
3873390 87671644 VLLM::Worker
3873387 87334156 VLLM::Worker
3873391 87281536 VLLM::Worker
3791454 63591528 ray::WorkerDict
3791453 63585112 ray::WorkerDict
3791459 63554412 ray::WorkerDict
3791460 63515528 ray::WorkerDict
1317539 4833304 VLLM::Worker_TP
1317538 4828384 VLLM::Worker_TP
3880556 1828756 ray::AgentLoopW
3880552 1817268 ray::AgentLoopW
3880551 1740628 ray::AgentLoopW
== 2026-09-05T15:33:46+09:00
Mem:            1007         701         307         368         370         305
    PID   RSS COMMAND
3873386 87673556 VLLM::Worker
3873390 87670876 VLLM::Worker
3873387 87331852 VLLM::Worker
3873391 87281536 VLLM::Worker
3791454 63593064 ray::WorkerDict
3791453 63584344 ray::WorkerDict
3791459 63555180 ray::WorkerDict
3791460 63514760 ray::WorkerDict
1317539 4833304 VLLM::Worker_TP
1317538 4828384 VLLM::Worker_TP
3880556 1828756 ray::AgentLoopW
3880552 1817268 ray::AgentLoopW
3880551 1740628 ray::AgentLoopW
== 2026-09-05T15:34:06+09:00
Mem:            1007         701         307         368         370         305
    PID   RSS COMMAND
3873386 87675092 VLLM::Worker
3873390 87667036 VLLM::Worker
3873387 87334156 VLLM::Worker
3873391 87282304 VLLM::Worker
3791454 63593064 ray::WorkerDict
3791453 63583576 ray::WorkerDict
3791459 63557484 ray::WorkerDict
3791460 63513992 ray::WorkerDict
1317539 4833304 VLLM::Worker_TP
1317538 4828384 VLLM::Worker_TP
3880556 1828756 ray::AgentLoopW
3880552 1817268 ray::AgentLoopW
3880551 1740628 ray::AgentLoopW
== 2026-09-05T15:34:26+09:00
Mem:            1007         701         307         368         370         305
    PID   RSS COMMAND
3873386 87673556 VLLM::Worker
3873390 87671644 VLLM::Worker
3873387 87332620 VLLM::Worker
3873391 87280768 VLLM::Worker
3791454 63593832 ray::WorkerDict
3791453 63583576 ray::WorkerDict
3791459 63555948 ray::WorkerDict
3791460 63513992 ray::WorkerDict
1317539 4833304 VLLM::Worker_TP
1317538 4828384 VLLM::Worker_TP
3880556 1828756 ray::AgentLoopW
3880552 1817268 ray::AgentLoopW
3880551 1740628 ray::AgentLoopW
== 2026-09-05T15:34:46+09:00
Mem:            1007         701         307         368         370         305
    PID   RSS COMMAND
3873386 87673556 VLLM::Worker
3873390 87669340 VLLM::Worker
3873387 87334924 VLLM::Worker
3873391 87280768 VLLM::Worker
3791454 63595368 ray::WorkerDict
3791453 63582040 ray::WorkerDict
3791459 63555180 ray::WorkerDict
3791460 63513992 ray::WorkerDict
1317539 4833304 VLLM::Worker_TP
1317538 4828384 VLLM::Worker_TP
3880556 1828756 ray::AgentLoopW
3880552 1817268 ray::AgentLoopW
3880551 1740628 ray::AgentLoopW
== 2026-09-05T15:35:06+09:00
Mem:            1007         701         307         368         370         305
    PID   RSS COMMAND
3873386 87674324 VLLM::Worker
3873390 87673948 VLLM::Worker
3873387 87337228 VLLM::Worker
3873391 87281536 VLLM::Worker
3791454 63594600 ray::WorkerDict
3791453 63585880 ray::WorkerDict
3791459 63556716 ray::WorkerDict
3791460 63515528 ray::WorkerDict
1317539 4833304 VLLM::Worker_TP
1317538 4828384 VLLM::Worker_TP
3880556 1828756 ray::AgentLoopW
3880552 1817268 ray::AgentLoopW
3880551 1740628 ray::AgentLoopW
== 2026-09-05T15:35:26+09:00
Mem:            1007         701         307         368         370         305
    PID   RSS COMMAND
3873386 87674324 VLLM::Worker
3873390 87670876 VLLM::Worker
3873387 87332620 VLLM::Worker
3873391 87282304 VLLM::Worker
3791454 63593064 ray::WorkerDict
3791453 63584344 ray::WorkerDict
3791459 63555948 ray::WorkerDict
3791460 63513224 ray::WorkerDict
1317539 4833304 VLLM::Worker_TP
1317538 4828384 VLLM::Worker_TP
3880556 1828756 ray::AgentLoopW
3880552 1817268 ray::AgentLoopW
3880551 1740628 ray::AgentLoopW
== 2026-09-05T15:35:46+09:00
Mem:            1007         701         307         368         370         305
    PID   RSS COMMAND
3873386 87675092 VLLM::Worker
3873390 87670108 VLLM::Worker
3873387 87333388 VLLM::Worker
3873391 87283840 VLLM::Worker
3791454 63593064 ray::WorkerDict
3791453 63584344 ray::WorkerDict
3791459 63552876 ray::WorkerDict
3791460 63512456 ray::WorkerDict
1317539 4833304 VLLM::Worker_TP
1317538 4828384 VLLM::Worker_TP
3880556 1828756 ray::AgentLoopW
3880552 1817268 ray::AgentLoopW
3880551 1740628 ray::AgentLoopW
== 2026-09-05T15:36:06+09:00
Mem:            1007         701         307         368         370         305
    PID   RSS COMMAND
3873386 87675092 VLLM::Worker
3873390 87670876 VLLM::Worker
3873387 87333388 VLLM::Worker
3873391 87283072 VLLM::Worker
3791454 63591528 ray::WorkerDict
3791453 63584344 ray::WorkerDict
3791459 63553644 ray::WorkerDict
3791460 63512456 ray::WorkerDict
1317539 4833304 VLLM::Worker_TP
1317538 4828384 VLLM::Worker_TP
3880556 1828756 ray::AgentLoopW
3880552 1817268 ray::AgentLoopW
3880551 1740628 ray::AgentLoopW
== 2026-09-05T15:36:26+09:00
Mem:            1007         701         307         368         370         305
    PID   RSS COMMAND
3873386 87674324 VLLM::Worker
3873390 87670876 VLLM::Worker
3873387 87331852 VLLM::Worker
3873391 87282304 VLLM::Worker
3791454 63593064 ray::WorkerDict
3791453 63585112 ray::WorkerDict
3791459 63554412 ray::WorkerDict
3791460 63512456 ray::WorkerDict
1317539 4833304 VLLM::Worker_TP
1317538 4828384 VLLM::Worker_TP
3880556 1828756 ray::AgentLoopW
3880552 1817268 ray::AgentLoopW
3880551 1740628 ray::AgentLoopW
== 2026-09-05T15:36:47+09:00
Mem:            1007         701         307         368         370         305
    PID   RSS COMMAND
3873390 87673948 VLLM::Worker
3873386 87673556 VLLM::Worker
3873387 87331852 VLLM::Worker
3873391 87282304 VLLM::Worker
3791454 63592296 ray::WorkerDict
3791453 63585112 ray::WorkerDict
3791459 63554412 ray::WorkerDict
3791460 63510920 ray::WorkerDict
1317539 4833304 VLLM::Worker_TP
1317538 4828384 VLLM::Worker_TP
3880556 1828756 ray::AgentLoopW
3880552 1817268 ray::AgentLoopW
3880551 1740628 ray::AgentLoopW
== 2026-09-05T15:37:07+09:00
Mem:            1007         701         307         368         370         305
    PID   RSS COMMAND
3873386 87675092 VLLM::Worker
3873390 87670876 VLLM::Worker
3873387 87333388 VLLM::Worker
3873391 87283072 VLLM::Worker
3791454 63593832 ray::WorkerDict
3791453 63585112 ray::WorkerDict
3791459 63555180 ray::WorkerDict
3791460 63513992 ray::WorkerDict
1317539 4833304 VLLM::Worker_TP
1317538 4828384 VLLM::Worker_TP
3880556 1828756 ray::AgentLoopW
3880552 1817268 ray::AgentLoopW
3880551 1740628 ray::AgentLoopW
== 2026-09-05T15:37:27+09:00
Mem:            1007         701         307         368         370         305
    PID   RSS COMMAND
3873386 87675092 VLLM::Worker
3873390 87673948 VLLM::Worker
3873387 87331852 VLLM::Worker
3873391 87283072 VLLM::Worker
3791454 63595368 ray::WorkerDict
3791453 63585880 ray::WorkerDict
3791459 63556716 ray::WorkerDict
3791460 63513992 ray::WorkerDict
1317539 4833304 VLLM::Worker_TP
1317538 4828384 VLLM::Worker_TP
3880556 1828756 ray::AgentLoopW
3880552 1817268 ray::AgentLoopW
3880551 1740628 ray::AgentLoopW
== 2026-09-05T15:37:47+09:00
Mem:            1007         701         307         368         370         305
    PID   RSS COMMAND
3873386 87672788 VLLM::Worker
3873390 87669340 VLLM::Worker
3873387 87334924 VLLM::Worker
3873391 87283840 VLLM::Worker
3791454 63594600 ray::WorkerDict
3791453 63585112 ray::WorkerDict
3791459 63555948 ray::WorkerDict
3791460 63514760 ray::WorkerDict
1317539 4833304 VLLM::Worker_TP
1317538 4828384 VLLM::Worker_TP
3880556 1828756 ray::AgentLoopW
3880552 1817268 ray::AgentLoopW
3880551 1740628 ray::AgentLoopW
== 2026-09-05T15:38:07+09:00
Mem:            1007         701         307         368         370         305
    PID   RSS COMMAND
3873386 87673556 VLLM::Worker
3873390 87669340 VLLM::Worker
3873387 87331852 VLLM::Worker
3873391 87283072 VLLM::Worker
3791454 63592296 ray::WorkerDict
3791453 63585112 ray::WorkerDict
3791459 63555180 ray::WorkerDict
3791460 63514760 ray::WorkerDict
1317539 4833304 VLLM::Worker_TP
1317538 4828384 VLLM::Worker_TP
3880556 1828756 ray::AgentLoopW
3880552 1817268 ray::AgentLoopW
3880551 1740628 ray::AgentLoopW
== 2026-09-05T15:38:27+09:00
Mem:            1007         701         307         368         370         305
    PID   RSS COMMAND
3873386 87672788 VLLM::Worker
3873390 87670108 VLLM::Worker
3873387 87335692 VLLM::Worker
3873391 87284608 VLLM::Worker
3791454 63593064 ray::WorkerDict
3791453 63585112 ray::WorkerDict
3791459 63553644 ray::WorkerDict
3791460 63514760 ray::WorkerDict
1317539 4833304 VLLM::Worker_TP
1317538 4828384 VLLM::Worker_TP
3880556 1828756 ray::AgentLoopW
3880552 1817268 ray::AgentLoopW
3880551 1740628 ray::AgentLoopW
== 2026-09-05T15:38:47+09:00
Mem:            1007         701         307         368         370         305
    PID   RSS COMMAND
3873386 87674324 VLLM::Worker
3873390 87670876 VLLM::Worker
3873387 87336460 VLLM::Worker
3873391 87283840 VLLM::Worker
3791454 63594600 ray::WorkerDict
3791453 63584344 ray::WorkerDict
3791459 63555180 ray::WorkerDict
3791460 63515528 ray::WorkerDict
1317539 4833304 VLLM::Worker_TP
1317538 4828384 VLLM::Worker_TP
3880556 1828756 ray::AgentLoopW
3880552 1817268 ray::AgentLoopW
3880551 1740628 ray::AgentLoopW
== 2026-09-05T15:39:07+09:00
Mem:            1007         701         307         368         370         305
    PID   RSS COMMAND
3873386 87675092 VLLM::Worker
3873390 87673948 VLLM::Worker
3873387 87331852 VLLM::Worker
3873391 87284608 VLLM::Worker
3791454 63591528 ray::WorkerDict
3791453 63582808 ray::WorkerDict
3791459 63555180 ray::WorkerDict
3791460 63514760 ray::WorkerDict
1317539 4833304 VLLM::Worker_TP
1317538 4828384 VLLM::Worker_TP
3880556 1828756 ray::AgentLoopW
3880552 1817268 ray::AgentLoopW
3880551 1740628 ray::AgentLoopW
== 2026-09-05T15:39:27+09:00
Mem:            1007         701         307         368         370         305
    PID   RSS COMMAND
3873386 87674324 VLLM::Worker
3873390 87672412 VLLM::Worker
3873387 87331852 VLLM::Worker
3873391 87283840 VLLM::Worker
3791454 63592296 ray::WorkerDict
3791453 63585880 ray::WorkerDict
3791459 63553644 ray::WorkerDict
3791460 63514760 ray::WorkerDict
1317539 4833304 VLLM::Worker_TP
1317538 4828384 VLLM::Worker_TP
3880556 1828756 ray::AgentLoopW
3880552 1817268 ray::AgentLoopW
3880551 1740628 ray::AgentLoopW
== 2026-09-05T15:39:47+09:00
Mem:            1007         701         307         368         370         305
    PID   RSS COMMAND
3873386 87673556 VLLM::Worker
3873390 87671644 VLLM::Worker
3873387 87333388 VLLM::Worker
3873391 87284608 VLLM::Worker
3791454 63592296 ray::WorkerDict
3791453 63586648 ray::WorkerDict
3791459 63553644 ray::WorkerDict
3791460 63515528 ray::WorkerDict
1317539 4833304 VLLM::Worker_TP
1317538 4828384 VLLM::Worker_TP
3880556 1828756 ray::AgentLoopW
3880552 1817268 ray::AgentLoopW
3880551 1740628 ray::AgentLoopW
== 2026-09-05T15:40:07+09:00
Mem:            1007         701         307         368         370         305
    PID   RSS COMMAND
3873386 87672020 VLLM::Worker
3873390 87670108 VLLM::Worker
3873387 87334924 VLLM::Worker
3873391 87283840 VLLM::Worker
3791454 63592296 ray::WorkerDict
3791453 63584344 ray::WorkerDict
3791459 63552108 ray::WorkerDict
3791460 63515528 ray::WorkerDict
1317539 4833304 VLLM::Worker_TP
1317538 4828384 VLLM::Worker_TP
3880556 1828756 ray::AgentLoopW
3880552 1817268 ray::AgentLoopW
3880551 1740628 ray::AgentLoopW
== 2026-09-05T15:40:27+09:00
Mem:            1007         701         307         368         370         305
    PID   RSS COMMAND
3873386 87674324 VLLM::Worker
3873390 87670108 VLLM::Worker
3873387 87329548 VLLM::Worker
3873391 87283840 VLLM::Worker
3791454 63591528 ray::WorkerDict
3791453 63584344 ray::WorkerDict
3791459 63553644 ray::WorkerDict
3791460 63512456 ray::WorkerDict
1317539 4833304 VLLM::Worker_TP
1317538 4828384 VLLM::Worker_TP
3880556 1828756 ray::AgentLoopW
3880552 1817268 ray::AgentLoopW
3880551 1740628 ray::AgentLoopW
== 2026-09-05T15:40:47+09:00
Mem:            1007         701         307         368         370         305
    PID   RSS COMMAND
3873386 87672020 VLLM::Worker
3873390 87670876 VLLM::Worker
3873387 87334156 VLLM::Worker
3873391 87283072 VLLM::Worker
3791454 63592296 ray::WorkerDict
3791453 63582040 ray::WorkerDict
3791459 63552108 ray::WorkerDict
3791460 63511688 ray::WorkerDict
1317539 4833304 VLLM::Worker_TP
1317538 4828384 VLLM::Worker_TP
3880556 1828756 ray::AgentLoopW
3880552 1817268 ray::AgentLoopW
3880551 1740628 ray::AgentLoopW
== 2026-09-05T15:41:07+09:00
Mem:            1007         701         307         368         370         305
    PID   RSS COMMAND
3873386 87670484 VLLM::Worker
3873390 87669340 VLLM::Worker
3873387 87331084 VLLM::Worker
3873391 87283840 VLLM::Worker
3791454 63591528 ray::WorkerDict
3791453 63585880 ray::WorkerDict
3791459 63554412 ray::WorkerDict
3791460 63512456 ray::WorkerDict
1317539 4833304 VLLM::Worker_TP
1317538 4828384 VLLM::Worker_TP
3880556 1828756 ray::AgentLoopW
3880552 1817268 ray::AgentLoopW
3880551 1740628 ray::AgentLoopW
== 2026-09-05T15:41:27+09:00
Mem:            1007         701         307         368         370         305
    PID   RSS COMMAND
3873390 87673180 VLLM::Worker
3873386 87672020 VLLM::Worker
3873387 87331084 VLLM::Worker
3873391 87284608 VLLM::Worker
3791454 63593832 ray::WorkerDict
3791453 63585112 ray::WorkerDict
3791459 63555180 ray::WorkerDict
3791460 63513224 ray::WorkerDict
1317539 4833304 VLLM::Worker_TP
1317538 4828384 VLLM::Worker_TP
3880556 1828756 ray::AgentLoopW
3880552 1817268 ray::AgentLoopW
3880551 1740628 ray::AgentLoopW
== 2026-09-05T15:41:47+09:00
Mem:            1007         701         307         368         370         305
    PID   RSS COMMAND
3873386 87674324 VLLM::Worker
3873390 87670108 VLLM::Worker
3873387 87331852 VLLM::Worker
3873391 87284608 VLLM::Worker
3791454 63593064 ray::WorkerDict
3791453 63586648 ray::WorkerDict
3791459 63555180 ray::WorkerDict
3791460 63512456 ray::WorkerDict
1317539 4833304 VLLM::Worker_TP
1317538 4828384 VLLM::Worker_TP
3880556 1828756 ray::AgentLoopW
3880552 1817268 ray::AgentLoopW
3880551 1740628 ray::AgentLoopW
== 2026-09-05T15:42:07+09:00
Mem:            1007         701         307         368         370         305
    PID   RSS COMMAND
3873386 87673556 VLLM::Worker
3873390 87671644 VLLM::Worker
3873387 87331852 VLLM::Worker
3873391 87284608 VLLM::Worker
3791454 63591528 ray::WorkerDict
3791453 63587416 ray::WorkerDict
3791459 63554412 ray::WorkerDict
3791460 63514760 ray::WorkerDict
1317539 4833304 VLLM::Worker_TP
1317538 4828384 VLLM::Worker_TP
3880556 1828756 ray::AgentLoopW
3880552 1817268 ray::AgentLoopW
3880551 1740628 ray::AgentLoopW
== 2026-09-05T15:42:27+09:00
Mem:            1007         701         307         368         370         305
    PID   RSS COMMAND
3873386 87672788 VLLM::Worker
3873390 87670108 VLLM::Worker
3873387 87333388 VLLM::Worker
3873391 87283840 VLLM::Worker
3791454 63593064 ray::WorkerDict
3791453 63585112 ray::WorkerDict
3791459 63555180 ray::WorkerDict
3791460 63513224 ray::WorkerDict
1317539 4833304 VLLM::Worker_TP
1317538 4828384 VLLM::Worker_TP
3880556 1828756 ray::AgentLoopW
3880552 1817268 ray::AgentLoopW
3880551 1740628 ray::AgentLoopW
== 2026-09-05T15:42:47+09:00
Mem:            1007         701         307         368         370         305
    PID   RSS COMMAND
3873386 87675092 VLLM::Worker
3873390 87669340 VLLM::Worker
3873387 87332620 VLLM::Worker
3873391 87283840 VLLM::Worker
3791454 63593832 ray::WorkerDict
3791453 63584344 ray::WorkerDict
3791459 63554412 ray::WorkerDict
3791460 63513224 ray::WorkerDict
1317539 4833304 VLLM::Worker_TP
1317538 4828384 VLLM::Worker_TP
3880556 1828756 ray::AgentLoopW
3880552 1817268 ray::AgentLoopW
3880551 1740628 ray::AgentLoopW
== 2026-09-05T15:43:07+09:00
Mem:            1007         701         307         368         370         305
    PID   RSS COMMAND
3873386 87676628 VLLM::Worker
3873390 87670108 VLLM::Worker
3873387 87331084 VLLM::Worker
3873391 87283072 VLLM::Worker
3791454 63593832 ray::WorkerDict
3791453 63585112 ray::WorkerDict
3791459 63555948 ray::WorkerDict
3791460 63513224 ray::WorkerDict
1317539 4833304 VLLM::Worker_TP
1317538 4828384 VLLM::Worker_TP
3880556 1828756 ray::AgentLoopW
3880552 1817268 ray::AgentLoopW
3880551 1740628 ray::AgentLoopW
== 2026-09-05T15:43:27+09:00
Mem:            1007         701         307         368         370         305
    PID   RSS COMMAND
3873386 87674324 VLLM::Worker
3873390 87673180 VLLM::Worker
3873387 87330316 VLLM::Worker
3873391 87281536 VLLM::Worker
3791454 63594600 ray::WorkerDict
3791453 63585112 ray::WorkerDict
3791459 63555180 ray::WorkerDict
3791460 63513992 ray::WorkerDict
1317539 4833304 VLLM::Worker_TP
1317538 4828384 VLLM::Worker_TP
3880556 1828756 ray::AgentLoopW
3880552 1817268 ray::AgentLoopW
3880551 1740628 ray::AgentLoopW
== 2026-09-05T15:43:47+09:00
Mem:            1007         701         307         368         370         305
    PID   RSS COMMAND
3873386 87674324 VLLM::Worker
3873390 87670876 VLLM::Worker
3873387 87332620 VLLM::Worker
3873391 87283840 VLLM::Worker
3791454 63594600 ray::WorkerDict
3791453 63584344 ray::WorkerDict
3791459 63555180 ray::WorkerDict
3791460 63513224 ray::WorkerDict
1317539 4833304 VLLM::Worker_TP
1317538 4828384 VLLM::Worker_TP
3880556 1828756 ray::AgentLoopW
3880552 1817268 ray::AgentLoopW
3880551 1740628 ray::AgentLoopW
== 2026-09-05T15:44:07+09:00
Mem:            1007         701         307         368         370         305
    PID   RSS COMMAND
3873386 87673556 VLLM::Worker
3873390 87672412 VLLM::Worker
3873387 87334924 VLLM::Worker
3873391 87283072 VLLM::Worker
3791454 63596904 ray::WorkerDict
3791453 63585880 ray::WorkerDict
3791459 63555948 ray::WorkerDict
3791460 63513224 ray::WorkerDict
1317539 4833304 VLLM::Worker_TP
1317538 4828384 VLLM::Worker_TP
3880556 1828756 ray::AgentLoopW
3880552 1817268 ray::AgentLoopW
3880551 1740628 ray::AgentLoopW
== 2026-09-05T15:44:27+09:00
Mem:            1007         701         307         368         370         305
    PID   RSS COMMAND
3873386 87672788 VLLM::Worker
3873390 87672412 VLLM::Worker
3873387 87335692 VLLM::Worker
3873391 87283072 VLLM::Worker
3791454 63594600 ray::WorkerDict
3791453 63585112 ray::WorkerDict
3791459 63552876 ray::WorkerDict
3791460 63511688 ray::WorkerDict
1317539 4833304 VLLM::Worker_TP
1317538 4828384 VLLM::Worker_TP
3880556 1828756 ray::AgentLoopW
3880552 1817268 ray::AgentLoopW
3880551 1740628 ray::AgentLoopW
== 2026-09-05T15:44:47+09:00
Mem:            1007         701         307         368         370         305
    PID   RSS COMMAND
3873386 87674324 VLLM::Worker
3873390 87669340 VLLM::Worker
3873387 87332620 VLLM::Worker
3873391 87282304 VLLM::Worker
3791454 63593064 ray::WorkerDict
3791453 63587416 ray::WorkerDict
3791459 63554412 ray::WorkerDict
3791460 63511688 ray::WorkerDict
1317539 4833304 VLLM::Worker_TP
1317538 4828384 VLLM::Worker_TP
3880556 1828756 ray::AgentLoopW
3880552 1817268 ray::AgentLoopW
3880551 1740628 ray::AgentLoopW
== 2026-09-05T15:45:07+09:00
Mem:            1007         701         307         368         370         305
    PID   RSS COMMAND
3873386 87672788 VLLM::Worker
3873390 87669340 VLLM::Worker
3873387 87333388 VLLM::Worker
3873391 87281536 VLLM::Worker
3791454 63593064 ray::WorkerDict
3791453 63589720 ray::WorkerDict
3791459 63553644 ray::WorkerDict
3791460 63513224 ray::WorkerDict
1317539 4833304 VLLM::Worker_TP
1317538 4828384 VLLM::Worker_TP
3880556 1828756 ray::AgentLoopW
3880552 1817268 ray::AgentLoopW
3880551 1740628 ray::AgentLoopW
== 2026-09-05T15:45:27+09:00
Mem:            1007         701         307         368         370         305
    PID   RSS COMMAND
3873386 87672020 VLLM::Worker
3873390 87669340 VLLM::Worker
3873387 87334156 VLLM::Worker
3873391 87280768 VLLM::Worker
3791454 63592296 ray::WorkerDict
3791453 63588184 ray::WorkerDict
3791459 63555180 ray::WorkerDict
3791460 63513992 ray::WorkerDict
1317539 4833304 VLLM::Worker_TP
1317538 4828384 VLLM::Worker_TP
3880556 1828756 ray::AgentLoopW
3880552 1817268 ray::AgentLoopW
3880551 1740628 ray::AgentLoopW
== 2026-09-05T15:45:47+09:00
Mem:            1007         701         307         368         370         305
    PID   RSS COMMAND
3873386 87674324 VLLM::Worker
3873390 87669340 VLLM::Worker
3873387 87334924 VLLM::Worker
3873391 87280768 VLLM::Worker
3791454 63591528 ray::WorkerDict
3791453 63588184 ray::WorkerDict
3791459 63554412 ray::WorkerDict
3791460 63513224 ray::WorkerDict
1317539 4833304 VLLM::Worker_TP
1317538 4828384 VLLM::Worker_TP
3880556 1828756 ray::AgentLoopW
3880552 1817268 ray::AgentLoopW
3880551 1740628 ray::AgentLoopW
== 2026-09-05T15:46:07+09:00
Mem:            1007         702         307         368         370         305
    PID   RSS COMMAND
3873386 87674324 VLLM::Worker
3873390 87673180 VLLM::Worker
3873387 87332620 VLLM::Worker
3873391 87281536 VLLM::Worker
3791454 63592296 ray::WorkerDict
3791453 63586648 ray::WorkerDict
3791459 63555180 ray::WorkerDict
3791460 63510920 ray::WorkerDict
1317539 4833304 VLLM::Worker_TP
1317538 4828384 VLLM::Worker_TP
3880556 1828756 ray::AgentLoopW
3880552 1817268 ray::AgentLoopW
3880551 1740628 ray::AgentLoopW
== 2026-09-05T15:46:27+09:00
Mem:            1007         702         307         368         370         305
    PID   RSS COMMAND
3873386 87675860 VLLM::Worker
3873390 87671644 VLLM::Worker
3873387 87331084 VLLM::Worker
3873391 87282304 VLLM::Worker
3791454 63593832 ray::WorkerDict
3791453 63585880 ray::WorkerDict
3791459 63557484 ray::WorkerDict
3791460 63513224 ray::WorkerDict
1317539 4833304 VLLM::Worker_TP
1317538 4828384 VLLM::Worker_TP
3880556 1828756 ray::AgentLoopW
3880552 1817268 ray::AgentLoopW
3880551 1740628 ray::AgentLoopW
== 2026-09-05T15:46:47+09:00
Mem:            1007         701         307         368         370         305
    PID   RSS COMMAND
3873386 87674324 VLLM::Worker
3873390 87670108 VLLM::Worker
3873387 87332620 VLLM::Worker
3873391 87281536 VLLM::Worker
3791454 63593832 ray::WorkerDict
3791453 63585112 ray::WorkerDict
3791459 63555180 ray::WorkerDict
3791460 63512456 ray::WorkerDict
1317539 4833304 VLLM::Worker_TP
1317538 4828384 VLLM::Worker_TP
3880556 1828756 ray::AgentLoopW
3880552 1817268 ray::AgentLoopW
3880551 1740628 ray::AgentLoopW
== 2026-09-05T15:47:08+09:00
Mem:            1007         701         307         368         370         305
    PID   RSS COMMAND
3873386 87675092 VLLM::Worker
3873390 87671644 VLLM::Worker
3873387 87332620 VLLM::Worker
3873391 87283840 VLLM::Worker
3791454 63593064 ray::WorkerDict
3791453 63586648 ray::WorkerDict
3791459 63555180 ray::WorkerDict
3791460 63511688 ray::WorkerDict
1317539 4833304 VLLM::Worker_TP
1317538 4828384 VLLM::Worker_TP
3880556 1828756 ray::AgentLoopW
3880552 1817268 ray::AgentLoopW
3880551 1740628 ray::AgentLoopW
== 2026-09-05T15:47:28+09:00
Mem:            1007         701         307         368         370         305
    PID   RSS COMMAND
3873390 87672412 VLLM::Worker
3873386 87672020 VLLM::Worker
3873387 87332620 VLLM::Worker
3873391 87284608 VLLM::Worker
3791454 63592296 ray::WorkerDict
3791453 63583576 ray::WorkerDict
3791459 63557484 ray::WorkerDict
3791460 63512456 ray::WorkerDict
1317539 4833304 VLLM::Worker_TP
1317538 4828384 VLLM::Worker_TP
3880556 1828756 ray::AgentLoopW
3880552 1817268 ray::AgentLoopW
3880551 1740628 ray::AgentLoopW
== 2026-09-05T15:47:48+09:00
Mem:            1007         701         307         368         370         305
    PID   RSS COMMAND
3873386 87674324 VLLM::Worker
3873390 87670108 VLLM::Worker
3873387 87328780 VLLM::Worker
3873391 87283840 VLLM::Worker
3791454 63596136 ray::WorkerDict
3791453 63583576 ray::WorkerDict
3791459 63555948 ray::WorkerDict
3791460 63513224 ray::WorkerDict
1317539 4833304 VLLM::Worker_TP
1317538 4828384 VLLM::Worker_TP
3880556 1828756 ray::AgentLoopW
3880552 1817268 ray::AgentLoopW
3880551 1740628 ray::AgentLoopW
== 2026-09-05T15:48:08+09:00
Mem:            1007         701         307         368         370         305
    PID   RSS COMMAND
3873386 87674324 VLLM::Worker
3873390 87669340 VLLM::Worker
3873387 87331084 VLLM::Worker
3873391 87283840 VLLM::Worker
3791454 63593064 ray::WorkerDict
3791453 63587416 ray::WorkerDict
3791459 63556716 ray::WorkerDict
3791460 63510920 ray::WorkerDict
1317539 4833304 VLLM::Worker_TP
1317538 4828384 VLLM::Worker_TP
3880556 1828756 ray::AgentLoopW
3880552 1817268 ray::AgentLoopW
3880551 1740628 ray::AgentLoopW
== 2026-09-05T15:48:28+09:00
Mem:            1007         701         307         368         370         305
    PID   RSS COMMAND
3873386 87672788 VLLM::Worker
3873390 87670108 VLLM::Worker
3873387 87332620 VLLM::Worker
3873391 87284608 VLLM::Worker
3791454 63594600 ray::WorkerDict
3791453 63585880 ray::WorkerDict
3791459 63555180 ray::WorkerDict
3791460 63511688 ray::WorkerDict
1317539 4833304 VLLM::Worker_TP
1317538 4828384 VLLM::Worker_TP
3880556 1828756 ray::AgentLoopW
3880552 1817268 ray::AgentLoopW
3880551 1740628 ray::AgentLoopW
== 2026-09-05T15:48:48+09:00
Mem:            1007         701         307         368         370         305
    PID   RSS COMMAND
3873390 87673180 VLLM::Worker
3873386 87672788 VLLM::Worker
3873387 87333388 VLLM::Worker
3873391 87286144 VLLM::Worker
3791454 63594600 ray::WorkerDict
3791453 63585112 ray::WorkerDict
3791459 63554412 ray::WorkerDict
3791460 63513992 ray::WorkerDict
1317539 4833304 VLLM::Worker_TP
1317538 4828384 VLLM::Worker_TP
3880556 1828756 ray::AgentLoopW
3880552 1817268 ray::AgentLoopW
3880551 1740628 ray::AgentLoopW
== 2026-09-05T15:49:08+09:00
Mem:            1007         701         307         368         370         305
    PID   RSS COMMAND
3873390 87671644 VLLM::Worker
3873386 87671252 VLLM::Worker
3873387 87331852 VLLM::Worker
3873391 87285376 VLLM::Worker
3791454 63593832 ray::WorkerDict
3791453 63585112 ray::WorkerDict
3791459 63554412 ray::WorkerDict
3791460 63513224 ray::WorkerDict
1317539 4833304 VLLM::Worker_TP
1317538 4828384 VLLM::Worker_TP
3880556 1828756 ray::AgentLoopW
3880552 1817268 ray::AgentLoopW
3880551 1740628 ray::AgentLoopW
== 2026-09-05T15:49:28+09:00
Mem:            1007         701         307         368         370         305
    PID   RSS COMMAND
3873386 87672788 VLLM::Worker
3873390 87669340 VLLM::Worker
3873387 87331852 VLLM::Worker
3873391 87285376 VLLM::Worker
3791454 63591528 ray::WorkerDict
3791453 63585880 ray::WorkerDict
3791459 63552876 ray::WorkerDict
3791460 63513224 ray::WorkerDict
1317539 4833304 VLLM::Worker_TP
1317538 4828384 VLLM::Worker_TP
3880556 1828756 ray::AgentLoopW
3880552 1817268 ray::AgentLoopW
3880551 1740628 ray::AgentLoopW
== 2026-09-05T15:49:48+09:00
Mem:            1007         701         307         368         370         305
    PID   RSS COMMAND
3873386 87673556 VLLM::Worker
3873390 87670876 VLLM::Worker
3873387 87332620 VLLM::Worker
3873391 87284608 VLLM::Worker
3791454 63593064 ray::WorkerDict
3791453 63585880 ray::WorkerDict
3791459 63552108 ray::WorkerDict
3791460 63514760 ray::WorkerDict
1317539 4833304 VLLM::Worker_TP
1317538 4828384 VLLM::Worker_TP
3880556 1828756 ray::AgentLoopW
3880552 1817268 ray::AgentLoopW
3880551 1740628 ray::AgentLoopW
== 2026-09-05T15:50:08+09:00
Mem:            1007         701         307         368         370         305
    PID   RSS COMMAND
3873390 87672412 VLLM::Worker
3873386 87672020 VLLM::Worker
3873387 87334156 VLLM::Worker
3873391 87284608 VLLM::Worker
3791454 63593832 ray::WorkerDict
3791453 63586648 ray::WorkerDict
3791459 63552876 ray::WorkerDict
3791460 63513224 ray::WorkerDict
1317539 4833304 VLLM::Worker_TP
1317538 4828384 VLLM::Worker_TP
3880556 1828756 ray::AgentLoopW
3880552 1817268 ray::AgentLoopW
3880551 1740628 ray::AgentLoopW
== 2026-09-05T15:50:28+09:00
Mem:            1007         701         307         368         370         305
    PID   RSS COMMAND
3873386 87674324 VLLM::Worker
3873390 87670876 VLLM::Worker
3873387 87331852 VLLM::Worker
3873391 87283840 VLLM::Worker
3791454 63594600 ray::WorkerDict
3791453 63586648 ray::WorkerDict
3791459 63555180 ray::WorkerDict
3791460 63513992 ray::WorkerDict
1317539 4833304 VLLM::Worker_TP
1317538 4828384 VLLM::Worker_TP
3880556 1828756 ray::AgentLoopW
3880552 1817268 ray::AgentLoopW
3880551 1740628 ray::AgentLoopW
== 2026-09-05T15:50:48+09:00
Mem:            1007         701         307         368         370         305
    PID   RSS COMMAND
3873386 87673556 VLLM::Worker
3873390 87672412 VLLM::Worker
3873387 87331852 VLLM::Worker
3873391 87283840 VLLM::Worker
3791454 63593064 ray::WorkerDict
3791453 63586648 ray::WorkerDict
3791459 63557484 ray::WorkerDict
3791460 63513992 ray::WorkerDict
1317539 4833304 VLLM::Worker_TP
1317538 4828384 VLLM::Worker_TP
3880556 1828756 ray::AgentLoopW
3880552 1817268 ray::AgentLoopW
3880551 1740628 ray::AgentLoopW
== 2026-09-05T15:51:08+09:00
Mem:            1007         701         307         368         370         305
    PID   RSS COMMAND
3873386 87674324 VLLM::Worker
3873390 87671644 VLLM::Worker
3873387 87332620 VLLM::Worker
3873391 87284608 VLLM::Worker
3791454 63592296 ray::WorkerDict
3791453 63586648 ray::WorkerDict
3791459 63555948 ray::WorkerDict
3791460 63515528 ray::WorkerDict
1317539 4833304 VLLM::Worker_TP
1317538 4828384 VLLM::Worker_TP
3880556 1828756 ray::AgentLoopW
3880552 1817268 ray::AgentLoopW
3880551 1740628 ray::AgentLoopW
== 2026-09-05T15:51:28+09:00
Mem:            1007         701         307         368         370         305
    PID   RSS COMMAND
3873386 87674324 VLLM::Worker
3873390 87673180 VLLM::Worker
3873387 87332620 VLLM::Worker
3873391 87285376 VLLM::Worker
3791454 63594600 ray::WorkerDict
3791453 63584344 ray::WorkerDict
3791459 63558252 ray::WorkerDict
3791460 63516296 ray::WorkerDict
1317539 4833304 VLLM::Worker_TP
1317538 4828384 VLLM::Worker_TP
3880556 1828756 ray::AgentLoopW
3880552 1817268 ray::AgentLoopW
3880551 1740628 ray::AgentLoopW
== 2026-09-05T15:51:48+09:00
Mem:            1007         701         307         368         370         305
    PID   RSS COMMAND
3873386 87675860 VLLM::Worker
3873390 87669340 VLLM::Worker
3873387 87334156 VLLM::Worker
3873391 87283072 VLLM::Worker
3791454 63593064 ray::WorkerDict
3791453 63584344 ray::WorkerDict
3791459 63555180 ray::WorkerDict
3791460 63515528 ray::WorkerDict
1317539 4833304 VLLM::Worker_TP
1317538 4828384 VLLM::Worker_TP
3880556 1828756 ray::AgentLoopW
3880552 1817268 ray::AgentLoopW
3880551 1740628 ray::AgentLoopW
== 2026-09-05T15:52:08+09:00
Mem:            1007         701         307         368         370         305
    PID   RSS COMMAND
3873390 87672412 VLLM::Worker
3873386 87672020 VLLM::Worker
3873387 87334924 VLLM::Worker
3873391 87282304 VLLM::Worker
3791454 63592296 ray::WorkerDict
3791453 63582808 ray::WorkerDict
3791459 63554412 ray::WorkerDict
3791460 63516296 ray::WorkerDict
1317539 4833304 VLLM::Worker_TP
1317538 4828384 VLLM::Worker_TP
3880556 1828756 ray::AgentLoopW
3880552 1817268 ray::AgentLoopW
3880551 1740628 ray::AgentLoopW
== 2026-09-05T15:52:28+09:00
Mem:            1007         701         307         368         370         305
    PID   RSS COMMAND
3873386 87675092 VLLM::Worker
3873390 87671644 VLLM::Worker
3873387 87333388 VLLM::Worker
3873391 87283840 VLLM::Worker
3791454 63593832 ray::WorkerDict
3791453 63585112 ray::WorkerDict
3791459 63554412 ray::WorkerDict
3791460 63513992 ray::WorkerDict
1317539 4833304 VLLM::Worker_TP
1317538 4828384 VLLM::Worker_TP
3880556 1828756 ray::AgentLoopW
3880552 1817268 ray::AgentLoopW
3880551 1740628 ray::AgentLoopW
== 2026-09-05T15:52:48+09:00
Mem:            1007         701         307         368         370         305
    PID   RSS COMMAND
3873386 87675860 VLLM::Worker
3873390 87672412 VLLM::Worker
3873387 87333388 VLLM::Worker
3873391 87282304 VLLM::Worker
3791454 63593832 ray::WorkerDict
3791453 63582808 ray::WorkerDict
3791459 63552876 ray::WorkerDict
3791460 63513992 ray::WorkerDict
1317539 4833304 VLLM::Worker_TP
1317538 4828384 VLLM::Worker_TP
3880556 1828756 ray::AgentLoopW
3880552 1817268 ray::AgentLoopW
3880551 1740628 ray::AgentLoopW
== 2026-09-05T15:53:08+09:00
Mem:            1007         701         307         368         370         305
    PID   RSS COMMAND
3873386 87675092 VLLM::Worker
3873390 87671644 VLLM::Worker
3873387 87334156 VLLM::Worker
3873391 87283840 VLLM::Worker
3791454 63591528 ray::WorkerDict
3791453 63582808 ray::WorkerDict
3791459 63553644 ray::WorkerDict
3791460 63513992 ray::WorkerDict
1317539 4833304 VLLM::Worker_TP
1317538 4828384 VLLM::Worker_TP
3880556 1828756 ray::AgentLoopW
3880552 1817268 ray::AgentLoopW
3880551 1740628 ray::AgentLoopW
== 2026-09-05T15:53:28+09:00
Mem:            1007         701         307         368         370         305
    PID   RSS COMMAND
3873386 87672020 VLLM::Worker
3873390 87667804 VLLM::Worker
3873387 87330316 VLLM::Worker
3873391 87283072 VLLM::Worker
3791454 63592296 ray::WorkerDict
3791453 63585112 ray::WorkerDict
3791459 63555180 ray::WorkerDict
3791460 63513224 ray::WorkerDict
1317539 4833304 VLLM::Worker_TP
1317538 4828384 VLLM::Worker_TP
3880556 1828756 ray::AgentLoopW
3880552 1817268 ray::AgentLoopW
3880551 1740628 ray::AgentLoopW
== 2026-09-05T15:53:48+09:00
Mem:            1007         701         307         368         370         305
    PID   RSS COMMAND
3873386 87674324 VLLM::Worker
3873390 87670108 VLLM::Worker
3873387 87330316 VLLM::Worker
3873391 87283840 VLLM::Worker
3791454 63592296 ray::WorkerDict
3791453 63585880 ray::WorkerDict
3791459 63553644 ray::WorkerDict
3791460 63514760 ray::WorkerDict
1317539 4833304 VLLM::Worker_TP
1317538 4828384 VLLM::Worker_TP
3880556 1828756 ray::AgentLoopW
3880552 1817268 ray::AgentLoopW
3880551 1740628 ray::AgentLoopW
== 2026-09-05T15:54:08+09:00
Mem:            1007         701         307         368         370         305
    PID   RSS COMMAND
3873386 87675860 VLLM::Worker
3873390 87671644 VLLM::Worker
3873387 87334156 VLLM::Worker
3873391 87283840 VLLM::Worker
3791454 63593832 ray::WorkerDict
3791453 63586648 ray::WorkerDict
3791459 63552876 ray::WorkerDict
3791460 63513992 ray::WorkerDict
1317539 4833304 VLLM::Worker_TP
1317538 4828384 VLLM::Worker_TP
3880556 1828756 ray::AgentLoopW
3880552 1817268 ray::AgentLoopW
3880551 1740628 ray::AgentLoopW
== 2026-09-05T15:54:28+09:00
Mem:            1007         701         307         368         370         305
    PID   RSS COMMAND
3873386 87675860 VLLM::Worker
3873390 87671644 VLLM::Worker
3873387 87333388 VLLM::Worker
3873391 87284608 VLLM::Worker
3791454 63594600 ray::WorkerDict
3791453 63585112 ray::WorkerDict
3791459 63554412 ray::WorkerDict
3791460 63514760 ray::WorkerDict
1317539 4833304 VLLM::Worker_TP
1317538 4828384 VLLM::Worker_TP
3880556 1828756 ray::AgentLoopW
3880552 1817268 ray::AgentLoopW
3880551 1740628 ray::AgentLoopW
== 2026-09-05T15:54:48+09:00
Mem:            1007         701         307         368         370         305
    PID   RSS COMMAND
3873386 87673556 VLLM::Worker
3873390 87673180 VLLM::Worker
3873387 87333388 VLLM::Worker
3873391 87284608 VLLM::Worker
3791454 63594600 ray::WorkerDict
3791453 63584344 ray::WorkerDict
3791459 63553644 ray::WorkerDict
3791460 63512456 ray::WorkerDict
1317539 4833304 VLLM::Worker_TP
1317538 4828384 VLLM::Worker_TP
3880556 1828756 ray::AgentLoopW
3880552 1817268 ray::AgentLoopW
3880551 1740628 ray::AgentLoopW
== 2026-09-05T15:55:08+09:00
Mem:            1007         701         307         368         370         305
    PID   RSS COMMAND
3873386 87673556 VLLM::Worker
3873390 87670876 VLLM::Worker
3873387 87334156 VLLM::Worker
3873391 87284608 VLLM::Worker
3791454 63594600 ray::WorkerDict
3791453 63585112 ray::WorkerDict
3791459 63553644 ray::WorkerDict
3791460 63513224 ray::WorkerDict
1317539 4833304 VLLM::Worker_TP
1317538 4828384 VLLM::Worker_TP
3880556 1828756 ray::AgentLoopW
3880552 1817268 ray::AgentLoopW
3880551 1740628 ray::AgentLoopW
== 2026-09-05T15:55:28+09:00
Mem:            1007         701         307         368         370         305
    PID   RSS COMMAND
3873386 87671868 VLLM::Worker
3873390 87670600 VLLM::Worker
3873387 87333048 VLLM::Worker
3873391 87284132 VLLM::Worker
3791454 63596032 ray::WorkerDict
3791453 63584252 ray::WorkerDict
3791459 63552876 ray::WorkerDict
3791460 63513212 ray::WorkerDict
1317539 4833304 VLLM::Worker_TP
1317538 4828384 VLLM::Worker_TP
3880556 1828756 ray::AgentLoopW
3880552 1817268 ray::AgentLoopW
3880551 1740628 ray::AgentLoopW
== 2026-09-05T15:55:48+09:00
Mem:            1007         701         307         368         370         305
    PID   RSS COMMAND
3873386 87671100 VLLM::Worker
3873390 87669064 VLLM::Worker
3873387 87333048 VLLM::Worker
3873391 87284900 VLLM::Worker
3791454 63593728 ray::WorkerDict
3791453 63582716 ray::WorkerDict
3791459 63555180 ray::WorkerDict
3791460 63513980 ray::WorkerDict
1317539 4833304 VLLM::Worker_TP
1317538 4828384 VLLM::Worker_TP
3880556 1828756 ray::AgentLoopW
3880552 1817268 ray::AgentLoopW
3880551 1740628 ray::AgentLoopW
== 2026-09-05T15:56:08+09:00
Mem:            1007         701         307         368         370         305
    PID   RSS COMMAND
3873390 87673672 VLLM::Worker
3873386 87673404 VLLM::Worker
3873387 87333816 VLLM::Worker
3873391 87284900 VLLM::Worker
3791454 63593728 ray::WorkerDict
3791453 63582716 ray::WorkerDict
3791459 63556716 ray::WorkerDict
3791460 63513980 ray::WorkerDict
1317539 4833304 VLLM::Worker_TP
1317538 4828384 VLLM::Worker_TP
3880556 1828756 ray::AgentLoopW
3880552 1817268 ray::AgentLoopW
3880551 1740628 ray::AgentLoopW
== 2026-09-05T15:56:28+09:00
Mem:            1007         701         307         368         370         305
    PID   RSS COMMAND
3873390 87672904 VLLM::Worker
3873386 87671868 VLLM::Worker
3873387 87330744 VLLM::Worker
3873391 87282596 VLLM::Worker
3791454 63594496 ray::WorkerDict
3791453 63582716 ray::WorkerDict
3791459 63557484 ray::WorkerDict
3791460 63513212 ray::WorkerDict
1317539 4833304 VLLM::Worker_TP
1317538 4828384 VLLM::Worker_TP
3880556 1828756 ray::AgentLoopW
3880552 1817268 ray::AgentLoopW
3880551 1740628 ray::AgentLoopW
== 2026-09-05T15:56:48+09:00
Mem:            1007         701         307         368         370         305
    PID   RSS COMMAND
3873386 87675708 VLLM::Worker
3873390 87671368 VLLM::Worker
3873387 87331512 VLLM::Worker
3873391 87282596 VLLM::Worker
3791454 63593728 ray::WorkerDict
3791453 63584252 ray::WorkerDict
3791459 63555948 ray::WorkerDict
3791460 63513212 ray::WorkerDict
1317539 4833304 VLLM::Worker_TP
1317538 4828384 VLLM::Worker_TP
3880556 1828756 ray::AgentLoopW
3880552 1817268 ray::AgentLoopW
3880551 1740628 ray::AgentLoopW
== 2026-09-05T15:57:08+09:00
Mem:            1007         701         307         368         370         305
    PID   RSS COMMAND
3873386 87674172 VLLM::Worker
3873390 87672136 VLLM::Worker
3873387 87333816 VLLM::Worker
3873391 87284900 VLLM::Worker
3791454 63594496 ray::WorkerDict
3791453 63583484 ray::WorkerDict
3791459 63555180 ray::WorkerDict
3791460 63513980 ray::WorkerDict
1317539 4833304 VLLM::Worker_TP
1317538 4828384 VLLM::Worker_TP
3880556 1828756 ray::AgentLoopW
3880552 1817268 ray::AgentLoopW
3880551 1740628 ray::AgentLoopW
== 2026-09-05T15:57:29+09:00
Mem:            1007         701         307         368         370         305
    PID   RSS COMMAND
3873390 87671368 VLLM::Worker
3873386 87671100 VLLM::Worker
3873387 87331512 VLLM::Worker
3873391 87284132 VLLM::Worker
3791454 63592960 ray::WorkerDict
3791453 63584252 ray::WorkerDict
3791459 63555180 ray::WorkerDict
3791460 63514748 ray::WorkerDict
1317539 4833304 VLLM::Worker_TP
1317538 4828384 VLLM::Worker_TP
3880556 1828756 ray::AgentLoopW
3880552 1817268 ray::AgentLoopW
3880551 1740628 ray::AgentLoopW
== 2026-09-05T15:57:49+09:00
Mem:            1007         701         307         368         370         305
    PID   RSS COMMAND
3873386 87675708 VLLM::Worker
3873390 87672136 VLLM::Worker
3873387 87334584 VLLM::Worker
3873391 87284132 VLLM::Worker
3791454 63593728 ray::WorkerDict
3791453 63584252 ray::WorkerDict
3791459 63555948 ray::WorkerDict
3791460 63513980 ray::WorkerDict
1317539 4833304 VLLM::Worker_TP
1317538 4828384 VLLM::Worker_TP
3880556 1828756 ray::AgentLoopW
3880552 1817268 ray::AgentLoopW
3880551 1740628 ray::AgentLoopW
== 2026-09-05T15:58:09+09:00
Mem:            1007         701         307         368         370         305
    PID   RSS COMMAND
3873386 87674172 VLLM::Worker
3873390 87673672 VLLM::Worker
3873387 87333048 VLLM::Worker
3873391 87283364 VLLM::Worker
3791454 63594496 ray::WorkerDict
3791453 63583484 ray::WorkerDict
3791459 63555180 ray::WorkerDict
3791460 63514748 ray::WorkerDict
1317539 4833304 VLLM::Worker_TP
1317538 4828384 VLLM::Worker_TP
3880556 1828756 ray::AgentLoopW
3880552 1817268 ray::AgentLoopW
3880551 1740628 ray::AgentLoopW
== 2026-09-05T15:58:29+09:00
Mem:            1007         701         307         368         370         305
    PID   RSS COMMAND
3873386 87678012 VLLM::Worker
3873390 87669832 VLLM::Worker
3873387 87333048 VLLM::Worker
3873391 87284900 VLLM::Worker
3791454 63593728 ray::WorkerDict
3791453 63582716 ray::WorkerDict
3791459 63555180 ray::WorkerDict
3791460 63513980 ray::WorkerDict
1317539 4833304 VLLM::Worker_TP
1317538 4828384 VLLM::Worker_TP
3880556 1828756 ray::AgentLoopW
3880552 1817268 ray::AgentLoopW
3880551 1740628 ray::AgentLoopW
== 2026-09-05T15:58:49+09:00
Mem:            1007         701         307         368         370         305
    PID   RSS COMMAND
3873386 87674940 VLLM::Worker
3873390 87673672 VLLM::Worker
3873387 87334584 VLLM::Worker
3873391 87284132 VLLM::Worker
3791454 63594496 ray::WorkerDict
3791453 63584252 ray::WorkerDict
3791459 63555180 ray::WorkerDict
3791460 63513212 ray::WorkerDict
1317539 4833304 VLLM::Worker_TP
1317538 4828384 VLLM::Worker_TP
3880556 1828756 ray::AgentLoopW
3880552 1817268 ray::AgentLoopW
3880551 1740628 ray::AgentLoopW
== 2026-09-05T15:59:09+09:00
Mem:            1007         701         307         368         370         305
    PID   RSS COMMAND
3873386 87673404 VLLM::Worker
3873390 87672904 VLLM::Worker
3873387 87332280 VLLM::Worker
3873391 87284132 VLLM::Worker
3791454 63596032 ray::WorkerDict
3791453 63585020 ray::WorkerDict
3791459 63554412 ray::WorkerDict
3791460 63511676 ray::WorkerDict
1317539 4833304 VLLM::Worker_TP
1317538 4828384 VLLM::Worker_TP
3880556 1828756 ray::AgentLoopW
3880552 1817268 ray::AgentLoopW
3880551 1740628 ray::AgentLoopW
== 2026-09-05T15:59:29+09:00
Mem:            1007         701         307         368         370         305
    PID   RSS COMMAND
3873386 87675708 VLLM::Worker
3873390 87671368 VLLM::Worker
3873387 87334584 VLLM::Worker
3873391 87284132 VLLM::Worker
3791454 63593728 ray::WorkerDict
3791453 63584252 ray::WorkerDict
3791459 63554412 ray::WorkerDict
3791460 63512444 ray::WorkerDict
1317539 4833304 VLLM::Worker_TP
1317538 4828384 VLLM::Worker_TP
3880556 1828756 ray::AgentLoopW
3880552 1817268 ray::AgentLoopW
3880551 1740628 ray::AgentLoopW
== 2026-09-05T15:59:49+09:00
Mem:            1007         701         307         368         370         305
    PID   RSS COMMAND
3873386 87674172 VLLM::Worker
3873390 87673672 VLLM::Worker
3873387 87333048 VLLM::Worker
3873391 87283364 VLLM::Worker
3791454 63594496 ray::WorkerDict
3791453 63583484 ray::WorkerDict
3791459 63553644 ray::WorkerDict
3791460 63515516 ray::WorkerDict
1317539 4833304 VLLM::Worker_TP
1317538 4828384 VLLM::Worker_TP
3880556 1828756 ray::AgentLoopW
3880552 1817268 ray::AgentLoopW
3880551 1740628 ray::AgentLoopW
== 2026-09-05T16:00:09+09:00
Mem:            1007         701         307         368         370         305
    PID   RSS COMMAND
3873386 87673404 VLLM::Worker
3873390 87672136 VLLM::Worker
3873387 87333048 VLLM::Worker
3873391 87284900 VLLM::Worker
3791454 63593728 ray::WorkerDict
3791453 63583484 ray::WorkerDict
3791459 63553644 ray::WorkerDict
3791460 63513212 ray::WorkerDict
1317539 4833304 VLLM::Worker_TP
1317538 4828384 VLLM::Worker_TP
3880556 1828756 ray::AgentLoopW
3880552 1817268 ray::AgentLoopW
3880551 1740628 ray::AgentLoopW
== 2026-09-05T16:00:29+09:00
Mem:            1007         701         307         368         370         305
    PID   RSS COMMAND
3873386 87676476 VLLM::Worker
3873390 87671368 VLLM::Worker
3873387 87334584 VLLM::Worker
3873391 87284900 VLLM::Worker
3791454 63592192 ray::WorkerDict
3791453 63584252 ray::WorkerDict
3791459 63555180 ray::WorkerDict
3791460 63514748 ray::WorkerDict
1317539 4833304 VLLM::Worker_TP
1317538 4828384 VLLM::Worker_TP
3880556 1828756 ray::AgentLoopW
3880552 1817268 ray::AgentLoopW
3880551 1740628 ray::AgentLoopW
== 2026-09-05T16:00:49+09:00
Mem:            1007         701         307         368         370         305
    PID   RSS COMMAND
3873386 87674172 VLLM::Worker
3873390 87669064 VLLM::Worker
3873387 87333816 VLLM::Worker
3873391 87284900 VLLM::Worker
3791454 63592192 ray::WorkerDict
3791453 63584252 ray::WorkerDict
3791459 63555948 ray::WorkerDict
3791460 63514748 ray::WorkerDict
1317539 4833304 VLLM::Worker_TP
1317538 4828384 VLLM::Worker_TP
3880556 1828756 ray::AgentLoopW
3880552 1817268 ray::AgentLoopW
3880551 1740628 ray::AgentLoopW
== 2026-09-05T16:01:09+09:00
Mem:            1007         701         307         368         370         305
    PID   RSS COMMAND
3873386 87673404 VLLM::Worker
3873390 87671368 VLLM::Worker
3873387 87335352 VLLM::Worker
3873391 87285668 VLLM::Worker
3791454 63592192 ray::WorkerDict
3791453 63585020 ray::WorkerDict
3791459 63555180 ray::WorkerDict
3791460 63513980 ray::WorkerDict
1317539 4833304 VLLM::Worker_TP
1317538 4828232 VLLM::Worker_TP
3880556 1828756 ray::AgentLoopW
3880552 1817268 ray::AgentLoopW
3880551 1740628 ray::AgentLoopW
== 2026-09-05T16:01:29+09:00
Mem:            1007         701         307         368         370         305
    PID   RSS COMMAND
3873386 87675708 VLLM::Worker
3873390 87670600 VLLM::Worker
3873387 87333816 VLLM::Worker
3873391 87284132 VLLM::Worker
3791454 63592960 ray::WorkerDict
3791453 63585788 ray::WorkerDict
3791459 63555948 ray::WorkerDict
3791460 63514748 ray::WorkerDict
1317539 4833304 VLLM::Worker_TP
1317538 4828232 VLLM::Worker_TP
3880556 1828756 ray::AgentLoopW
3880552 1817268 ray::AgentLoopW
3880551 1740628 ray::AgentLoopW
== 2026-09-05T16:01:49+09:00
Mem:            1007         701         307         368         370         305
    PID   RSS COMMAND
3873386 87674940 VLLM::Worker
3873390 87670600 VLLM::Worker
3873387 87334584 VLLM::Worker
3873391 87284132 VLLM::Worker
3791454 63592192 ray::WorkerDict
3791453 63584252 ray::WorkerDict
3791459 63557484 ray::WorkerDict
3791460 63513980 ray::WorkerDict
1317539 4833304 VLLM::Worker_TP
1317538 4828232 VLLM::Worker_TP
3880556 1828756 ray::AgentLoopW
3880552 1817268 ray::AgentLoopW
3880551 1740628 ray::AgentLoopW
== 2026-09-05T16:02:09+09:00
Mem:            1007         701         307         368         370         305
    PID   RSS COMMAND
3873386 87674172 VLLM::Worker
3873390 87669832 VLLM::Worker
3873387 87333816 VLLM::Worker
3873391 87281828 VLLM::Worker
3791454 63590656 ray::WorkerDict
3791453 63584252 ray::WorkerDict
3791459 63559020 ray::WorkerDict
3791460 63513980 ray::WorkerDict
1317539 4833304 VLLM::Worker_TP
1317538 4828232 VLLM::Worker_TP
3880556 1828756 ray::AgentLoopW
3880552 1817268 ray::AgentLoopW
3880551 1740628 ray::AgentLoopW
== 2026-09-05T16:02:29+09:00
Mem:            1007         701         307         368         370         305
    PID   RSS COMMAND
3873386 87676476 VLLM::Worker
3873390 87671368 VLLM::Worker
3873387 87333048 VLLM::Worker
3873391 87283364 VLLM::Worker
3791454 63592192 ray::WorkerDict
3791453 63583484 ray::WorkerDict
3791459 63556716 ray::WorkerDict
3791460 63512444 ray::WorkerDict
1317539 4833304 VLLM::Worker_TP
1317538 4828232 VLLM::Worker_TP
3880556 1828756 ray::AgentLoopW
3880552 1817268 ray::AgentLoopW
3880551 1740628 ray::AgentLoopW
== 2026-09-05T16:02:49+09:00
Mem:            1007         701         307         368         370         305
    PID   RSS COMMAND
3873386 87676476 VLLM::Worker
3873390 87672136 VLLM::Worker
3873387 87333816 VLLM::Worker
3873391 87284132 VLLM::Worker
3791454 63591424 ray::WorkerDict
3791453 63582716 ray::WorkerDict
3791459 63555948 ray::WorkerDict
3791460 63512444 ray::WorkerDict
1317539 4833304 VLLM::Worker_TP
1317538 4828232 VLLM::Worker_TP
3880556 1828756 ray::AgentLoopW
3880552 1817268 ray::AgentLoopW
3880551 1740628 ray::AgentLoopW
== 2026-09-05T16:03:09+09:00
Mem:            1007         701         307         368         370         305
    PID   RSS COMMAND
3873386 87674940 VLLM::Worker
3873390 87672136 VLLM::Worker
3873387 87334584 VLLM::Worker
3873391 87284132 VLLM::Worker
3791454 63592192 ray::WorkerDict
3791453 63585020 ray::WorkerDict
3791459 63555180 ray::WorkerDict
3791460 63510908 ray::WorkerDict
1317539 4833304 VLLM::Worker_TP
1317538 4828232 VLLM::Worker_TP
3880556 1828756 ray::AgentLoopW
3880552 1817268 ray::AgentLoopW
3880551 1740628 ray::AgentLoopW
== 2026-09-05T16:03:29+09:00
Mem:            1007         701         307         368         370         305
    PID   RSS COMMAND
3873386 87674172 VLLM::Worker
3873390 87670600 VLLM::Worker
3873387 87331512 VLLM::Worker
3873391 87284132 VLLM::Worker
3791454 63593728 ray::WorkerDict
3791453 63585788 ray::WorkerDict
3791459 63553644 ray::WorkerDict
3791460 63513212 ray::WorkerDict
1317539 4833304 VLLM::Worker_TP
1317538 4828232 VLLM::Worker_TP
3880556 1828756 ray::AgentLoopW
3880552 1817268 ray::AgentLoopW
3880551 1740628 ray::AgentLoopW
== 2026-09-05T16:03:49+09:00
Mem:            1007         701         307         368         370         305
    PID   RSS COMMAND
3873386 87672636 VLLM::Worker
3873390 87672136 VLLM::Worker
3873387 87332280 VLLM::Worker
3873391 87284132 VLLM::Worker
3791454 63594496 ray::WorkerDict
3791453 63585788 ray::WorkerDict
3791459 63551340 ray::WorkerDict
3791460 63512444 ray::WorkerDict
1317539 4833304 VLLM::Worker_TP
1317538 4828232 VLLM::Worker_TP
3880556 1828756 ray::AgentLoopW
3880552 1817268 ray::AgentLoopW
3880551 1740628 ray::AgentLoopW
== 2026-09-05T16:04:09+09:00
Mem:            1007         701         307         368         370         305
    PID   RSS COMMAND
3873386 87674172 VLLM::Worker
3873390 87672904 VLLM::Worker
3873387 87334584 VLLM::Worker
3873391 87284132 VLLM::Worker
3791454 63592960 ray::WorkerDict
3791453 63585020 ray::WorkerDict
3791459 63554412 ray::WorkerDict
3791460 63513212 ray::WorkerDict
1317539 4833304 VLLM::Worker_TP
1317538 4828232 VLLM::Worker_TP
3880556 1828756 ray::AgentLoopW
3880552 1817268 ray::AgentLoopW
3880551 1740628 ray::AgentLoopW
== 2026-09-05T16:04:29+09:00
Mem:            1007         701         307         368         370         305
    PID   RSS COMMAND
3873386 87674940 VLLM::Worker
3873390 87668296 VLLM::Worker
3873387 87332280 VLLM::Worker
3873391 87284132 VLLM::Worker
3791454 63593728 ray::WorkerDict
3791453 63585020 ray::WorkerDict
3791459 63555180 ray::WorkerDict
3791460 63513212 ray::WorkerDict
1317539 4833304 VLLM::Worker_TP
1317538 4828232 VLLM::Worker_TP
3880556 1828756 ray::AgentLoopW
3880552 1817268 ray::AgentLoopW
3880551 1740628 ray::AgentLoopW
== 2026-09-05T16:04:49+09:00
Mem:            1007         701         307         368         370         305
    PID   RSS COMMAND
3873386 87673404 VLLM::Worker
3873390 87669064 VLLM::Worker
3873387 87333816 VLLM::Worker
3873391 87283364 VLLM::Worker
3791454 63592960 ray::WorkerDict
3791453 63582716 ray::WorkerDict
3791459 63553644 ray::WorkerDict
3791460 63513212 ray::WorkerDict
1317539 4833304 VLLM::Worker_TP
1317538 4828232 VLLM::Worker_TP
3880556 1828756 ray::AgentLoopW
3880552 1817268 ray::AgentLoopW
3880551 1740628 ray::AgentLoopW
== 2026-09-05T16:05:09+09:00
Mem:            1007         701         307         368         370         305
    PID   RSS COMMAND
3873386 87673404 VLLM::Worker
3873390 87670600 VLLM::Worker
3873387 87332280 VLLM::Worker
3873391 87282596 VLLM::Worker
3791454 63592192 ray::WorkerDict
3791453 63582716 ray::WorkerDict
3791459 63552876 ray::WorkerDict
3791460 63513980 ray::WorkerDict
1317539 4833304 VLLM::Worker_TP
1317538 4828232 VLLM::Worker_TP
3880556 1828756 ray::AgentLoopW
3880552 1817268 ray::AgentLoopW
3880551 1740628 ray::AgentLoopW
== 2026-09-05T16:05:29+09:00
Mem:            1007         701         307         368         370         305
    PID   RSS COMMAND
3873386 87677244 VLLM::Worker
3873390 87672136 VLLM::Worker
3873387 87333816 VLLM::Worker
3873391 87284132 VLLM::Worker
3791454 63593728 ray::WorkerDict
3791453 63582716 ray::WorkerDict
3791459 63556716 ray::WorkerDict
3791460 63513212 ray::WorkerDict
1317539 4833304 VLLM::Worker_TP
1317538 4828232 VLLM::Worker_TP
3880556 1828756 ray::AgentLoopW
3880552 1817268 ray::AgentLoopW
3880551 1740628 ray::AgentLoopW
== 2026-09-05T16:05:49+09:00
Mem:            1007         701         307         368         370         305
    PID   RSS COMMAND
3873386 87672636 VLLM::Worker
3873390 87669832 VLLM::Worker
3873387 87335352 VLLM::Worker
3873391 87283364 VLLM::Worker
3791454 63592192 ray::WorkerDict
3791453 63584252 ray::WorkerDict
3791459 63556716 ray::WorkerDict
3791460 63512444 ray::WorkerDict
1317539 4833304 VLLM::Worker_TP
1317538 4828232 VLLM::Worker_TP
3880556 1828756 ray::AgentLoopW
3880552 1817268 ray::AgentLoopW
3880551 1740628 ray::AgentLoopW
== 2026-09-05T16:06:09+09:00
Mem:            1007         701         307         368         370         305
    PID   RSS COMMAND
3873386 87674940 VLLM::Worker
3873390 87671368 VLLM::Worker
3873387 87332280 VLLM::Worker
3873391 87281828 VLLM::Worker
3791454 63592960 ray::WorkerDict
3791453 63585788 ray::WorkerDict
3791459 63558252 ray::WorkerDict
3791460 63513980 ray::WorkerDict
1317539 4833304 VLLM::Worker_TP
1317538 4828232 VLLM::Worker_TP
3880556 1828756 ray::AgentLoopW
3880552 1817268 ray::AgentLoopW
3880551 1740628 ray::AgentLoopW
== 2026-09-05T16:06:29+09:00
Mem:            1007         701         307         368         370         305
    PID   RSS COMMAND
3873386 87673404 VLLM::Worker
3873390 87670600 VLLM::Worker
3873387 87331512 VLLM::Worker
3873391 87281828 VLLM::Worker
3791454 63591424 ray::WorkerDict
3791453 63585020 ray::WorkerDict
3791459 63557484 ray::WorkerDict
3791460 63513212 ray::WorkerDict
1317539 4833304 VLLM::Worker_TP
1317538 4828232 VLLM::Worker_TP
3880556 1828756 ray::AgentLoopW
3880552 1817268 ray::AgentLoopW
3880551 1740628 ray::AgentLoopW
== 2026-09-05T16:06:49+09:00
Mem:            1007         701         307         368         370         305
    PID   RSS COMMAND
3873386 87672636 VLLM::Worker
3873390 87671368 VLLM::Worker
3873387 87332280 VLLM::Worker
3873391 87281060 VLLM::Worker
3791454 63592192 ray::WorkerDict
3791453 63585788 ray::WorkerDict
3791459 63555948 ray::WorkerDict
3791460 63512444 ray::WorkerDict
1317539 4833304 VLLM::Worker_TP
1317538 4828232 VLLM::Worker_TP
3880556 1828756 ray::AgentLoopW
3880552 1817268 ray::AgentLoopW
3880551 1740628 ray::AgentLoopW
== 2026-09-05T16:07:09+09:00
Mem:            1007         701         307         368         370         305
    PID   RSS COMMAND
3873386 87675708 VLLM::Worker
3873390 87673672 VLLM::Worker
3873387 87331512 VLLM::Worker
3873391 87282596 VLLM::Worker
3791454 63592192 ray::WorkerDict
3791453 63585788 ray::WorkerDict
3791459 63555948 ray::WorkerDict
3791460 63512444 ray::WorkerDict
1317539 4833304 VLLM::Worker_TP
1317538 4828232 VLLM::Worker_TP
3880556 1828756 ray::AgentLoopW
3880552 1817268 ray::AgentLoopW
3880551 1740628 ray::AgentLoopW
== 2026-09-05T16:07:29+09:00
Mem:            1007         701         307         368         370         305
    PID   RSS COMMAND
3873386 87675708 VLLM::Worker
3873390 87671368 VLLM::Worker
3873387 87334584 VLLM::Worker
3873391 87282596 VLLM::Worker
3791454 63592192 ray::WorkerDict
3791453 63585020 ray::WorkerDict
3791459 63555180 ray::WorkerDict
3791460 63513980 ray::WorkerDict
1317539 4833304 VLLM::Worker_TP
1317538 4828232 VLLM::Worker_TP
3880556 1828756 ray::AgentLoopW
3880552 1817268 ray::AgentLoopW
3880551 1740628 ray::AgentLoopW
== 2026-09-05T16:07:50+09:00
Mem:            1007         701         307         368         370         305
    PID   RSS COMMAND
3873386 87672636 VLLM::Worker
3873390 87671368 VLLM::Worker
3873387 87334584 VLLM::Worker
3873391 87282596 VLLM::Worker
3791454 63592192 ray::WorkerDict
3791453 63584252 ray::WorkerDict
3791459 63555948 ray::WorkerDict
3791460 63513980 ray::WorkerDict
1317539 4833304 VLLM::Worker_TP
1317538 4828232 VLLM::Worker_TP
3880556 1828756 ray::AgentLoopW
3880552 1817268 ray::AgentLoopW
3880551 1740628 ray::AgentLoopW
== 2026-09-05T16:08:10+09:00
Mem:            1007         701         307         368         370         305
    PID   RSS COMMAND
3873386 87671868 VLLM::Worker
3873390 87671368 VLLM::Worker
3873387 87333048 VLLM::Worker
3873391 87283364 VLLM::Worker
3791454 63592192 ray::WorkerDict
3791453 63581948 ray::WorkerDict
3791459 63556716 ray::WorkerDict
3791460 63515516 ray::WorkerDict
1317539 4832536 VLLM::Worker_TP
1317538 4828232 VLLM::Worker_TP
3880556 1828756 ray::AgentLoopW
3880552 1817268 ray::AgentLoopW
3880551 1740628 ray::AgentLoopW
== 2026-09-05T16:08:30+09:00
Mem:            1007         701         307         368         370         305
    PID   RSS COMMAND
3873390 87674440 VLLM::Worker
3873386 87673404 VLLM::Worker
3873387 87333048 VLLM::Worker
3873391 87284132 VLLM::Worker
3791454 63592960 ray::WorkerDict
3791453 63582716 ray::WorkerDict
3791459 63557484 ray::WorkerDict
3791460 63515516 ray::WorkerDict
1317539 4832536 VLLM::Worker_TP
1317538 4828232 VLLM::Worker_TP
3880556 1828756 ray::AgentLoopW
3880552 1817268 ray::AgentLoopW
3880551 1740628 ray::AgentLoopW
== 2026-09-05T16:08:50+09:00
Mem:            1007         701         307         368         370         305
    PID   RSS COMMAND
3873390 87672904 VLLM::Worker
3873386 87671868 VLLM::Worker
3873387 87333816 VLLM::Worker
3873391 87284132 VLLM::Worker
3791454 63593728 ray::WorkerDict
3791453 63581948 ray::WorkerDict
3791459 63556716 ray::WorkerDict
3791460 63516284 ray::WorkerDict
1317539 4832536 VLLM::Worker_TP
1317538 4828232 VLLM::Worker_TP
3880556 1828756 ray::AgentLoopW
3880552 1817268 ray::AgentLoopW
3880551 1740628 ray::AgentLoopW
== 2026-09-05T16:09:10+09:00
Mem:            1007         701         307         368         370         305
    PID   RSS COMMAND
3873390 87674440 VLLM::Worker
3873386 87673404 VLLM::Worker
3873387 87333816 VLLM::Worker
3873391 87284132 VLLM::Worker
3791454 63595264 ray::WorkerDict
3791453 63581948 ray::WorkerDict
3791459 63557484 ray::WorkerDict
3791460 63513212 ray::WorkerDict
1317539 4832536 VLLM::Worker_TP
1317538 4828232 VLLM::Worker_TP
3880556 1828756 ray::AgentLoopW
3880552 1817268 ray::AgentLoopW
3880551 1740628 ray::AgentLoopW
== 2026-09-05T16:09:30+09:00
Mem:            1007         701         307         368         370         305
    PID   RSS COMMAND
3873386 87671868 VLLM::Worker
3873390 87671368 VLLM::Worker
3873387 87333048 VLLM::Worker
3873391 87282596 VLLM::Worker
3791454 63592960 ray::WorkerDict
3791453 63581948 ray::WorkerDict
3791459 63555180 ray::WorkerDict
3791460 63513980 ray::WorkerDict
1317539 4832536 VLLM::Worker_TP
1317538 4828232 VLLM::Worker_TP
3880556 1828756 ray::AgentLoopW
3880552 1817268 ray::AgentLoopW
3880551 1740628 ray::AgentLoopW
== 2026-09-05T16:09:50+09:00
Mem:            1007         701         307         368         370         305
    PID   RSS COMMAND
3873386 87674940 VLLM::Worker
3873390 87673672 VLLM::Worker
3873387 87332280 VLLM::Worker
3873391 87284132 VLLM::Worker
3791454 63593728 ray::WorkerDict
3791453 63582716 ray::WorkerDict
3791459 63554412 ray::WorkerDict
3791460 63511676 ray::WorkerDict
1317539 4832536 VLLM::Worker_TP
1317538 4829000 VLLM::Worker_TP
3880556 1828756 ray::AgentLoopW
3880552 1817268 ray::AgentLoopW
3880551 1740628 ray::AgentLoopW
== 2026-09-05T16:10:10+09:00
Mem:            1007         702         307         368         370         305
    PID   RSS COMMAND
3873386 87674172 VLLM::Worker
3873390 87672136 VLLM::Worker
3873387 87330744 VLLM::Worker
3873391 87284900 VLLM::Worker
3791454 63596032 ray::WorkerDict
3791453 63580412 ray::WorkerDict
3791459 63553644 ray::WorkerDict
3791460 63513212 ray::WorkerDict
1317539 4832536 VLLM::Worker_TP
1317538 4829000 VLLM::Worker_TP
3880556 1828756 ray::AgentLoopW
3880552 1817268 ray::AgentLoopW
3880551 1740628 ray::AgentLoopW
== 2026-09-05T16:10:30+09:00
Mem:            1007         701         307         368         370         305
    PID   RSS COMMAND
3873386 87678012 VLLM::Worker
3873390 87674440 VLLM::Worker
3873387 87333048 VLLM::Worker
3873391 87284132 VLLM::Worker
3791454 63596032 ray::WorkerDict
3791453 63581948 ray::WorkerDict
3791459 63554412 ray::WorkerDict
3791460 63510908 ray::WorkerDict
1317539 4832536 VLLM::Worker_TP
1317538 4829000 VLLM::Worker_TP
3880556 1828756 ray::AgentLoopW
3880552 1817268 ray::AgentLoopW
3880551 1740628 ray::AgentLoopW
== 2026-09-05T16:10:50+09:00
Mem:            1007         701         307         368         370         305
    PID   RSS COMMAND
3873386 87675708 VLLM::Worker
3873390 87672904 VLLM::Worker
3873387 87335352 VLLM::Worker
3873391 87284900 VLLM::Worker
3791454 63595264 ray::WorkerDict
3791453 63585020 ray::WorkerDict
3791459 63555180 ray::WorkerDict
3791460 63513212 ray::WorkerDict
1317539 4832536 VLLM::Worker_TP
1317538 4829000 VLLM::Worker_TP
3880556 1828756 ray::AgentLoopW
3880552 1817268 ray::AgentLoopW
3880551 1740628 ray::AgentLoopW
== 2026-09-05T16:11:10+09:00
Mem:            1007         701         307         368         370         305
    PID   RSS COMMAND
3873386 87674172 VLLM::Worker
3873390 87673672 VLLM::Worker
3873387 87333048 VLLM::Worker
3873391 87284900 VLLM::Worker
3791454 63592192 ray::WorkerDict
3791453 63585788 ray::WorkerDict
3791459 63553644 ray::WorkerDict
3791460 63514748 ray::WorkerDict
1317539 4832536 VLLM::Worker_TP
1317538 4829000 VLLM::Worker_TP
3880556 1828756 ray::AgentLoopW
3880552 1817268 ray::AgentLoopW
3880551 1740628 ray::AgentLoopW
== 2026-09-05T16:11:30+09:00
Mem:            1007         701         307         368         370         305
    PID   RSS COMMAND
3873386 87675708 VLLM::Worker
3873390 87672136 VLLM::Worker
3873387 87334584 VLLM::Worker
3873391 87284900 VLLM::Worker
3791454 63592960 ray::WorkerDict
3791453 63586556 ray::WorkerDict
3791459 63553644 ray::WorkerDict
3791460 63512444 ray::WorkerDict
1317539 4830704 VLLM::Worker_TP
1317538 4828216 VLLM::Worker_TP
3880556 1828756 ray::AgentLoopW
3880552 1817268 ray::AgentLoopW
3880551 1740628 ray::AgentLoopW
== 2026-09-05T16:11:50+09:00
Mem:            1007         701         307         368         370         305
    PID   RSS COMMAND
3873386 87677244 VLLM::Worker
3873390 87671368 VLLM::Worker
3873387 87334584 VLLM::Worker
3873391 87284132 VLLM::Worker
3791454 63593728 ray::WorkerDict
3791453 63586556 ray::WorkerDict
3791459 63552876 ray::WorkerDict
3791460 63513212 ray::WorkerDict
1317539 4830704 VLLM::Worker_TP
1317538 4828216 VLLM::Worker_TP
3880556 1828756 ray::AgentLoopW
3880552 1817268 ray::AgentLoopW
3880551 1740628 ray::AgentLoopW
== 2026-09-05T16:12:10+09:00
Mem:            1007         701         307         368         370         305
    PID   RSS COMMAND
3873386 87674172 VLLM::Worker
3873390 87671368 VLLM::Worker
3873387 87338424 VLLM::Worker
3873391 87284132 VLLM::Worker
3791454 63592960 ray::WorkerDict
3791453 63584252 ray::WorkerDict
3791459 63555948 ray::WorkerDict
3791460 63512444 ray::WorkerDict
1317539 4830704 VLLM::Worker_TP
1317538 4828216 VLLM::Worker_TP
3880556 1828756 ray::AgentLoopW
3880552 1817268 ray::AgentLoopW
3880551 1740628 ray::AgentLoopW
== 2026-09-05T16:12:30+09:00
Mem:            1007         701         307         368         370         305
    PID   RSS COMMAND
3873390 87673672 VLLM::Worker
3873386 87673404 VLLM::Worker
3873387 87335352 VLLM::Worker
3873391 87284132 VLLM::Worker
3791454 63593728 ray::WorkerDict
3791453 63585788 ray::WorkerDict
3791459 63554412 ray::WorkerDict
3791460 63513980 ray::WorkerDict
1317539 4830704 VLLM::Worker_TP
1317538 4828216 VLLM::Worker_TP
3880556 1828756 ray::AgentLoopW
3880552 1817268 ray::AgentLoopW
3880551 1740628 ray::AgentLoopW
== 2026-09-05T16:12:50+09:00
Mem:            1007         701         307         368         370         305
    PID   RSS COMMAND
3873386 87672636 VLLM::Worker
3873390 87670600 VLLM::Worker
3873387 87335352 VLLM::Worker
3873391 87284900 VLLM::Worker
3791454 63592192 ray::WorkerDict
3791453 63586556 ray::WorkerDict
3791459 63554412 ray::WorkerDict
3791460 63514748 ray::WorkerDict
1317539 4830704 VLLM::Worker_TP
1317538 4828216 VLLM::Worker_TP
3880556 1828756 ray::AgentLoopW
3880552 1817268 ray::AgentLoopW
3880551 1740628 ray::AgentLoopW
== 2026-09-05T16:13:10+09:00
Mem:            1007         701         307         368         370         305
    PID   RSS COMMAND
3873386 87674172 VLLM::Worker
3873390 87672904 VLLM::Worker
3873387 87332280 VLLM::Worker
3873391 87284900 VLLM::Worker
3791454 63592192 ray::WorkerDict
3791453 63585020 ray::WorkerDict
3791459 63555948 ray::WorkerDict
3791460 63514748 ray::WorkerDict
1317539 4830704 VLLM::Worker_TP
1317538 4828216 VLLM::Worker_TP
3880556 1828756 ray::AgentLoopW
3880552 1817268 ray::AgentLoopW
3880551 1740628 ray::AgentLoopW
== 2026-09-05T16:13:30+09:00
Mem:            1007         701         307         368         370         305
    PID   RSS COMMAND
3873386 87677244 VLLM::Worker
3873390 87671368 VLLM::Worker
3873387 87333816 VLLM::Worker
3873391 87284132 VLLM::Worker
3791454 63592192 ray::WorkerDict
3791453 63584252 ray::WorkerDict
3791459 63556716 ray::WorkerDict
3791460 63514748 ray::WorkerDict
1317539 4830704 VLLM::Worker_TP
1317538 4828216 VLLM::Worker_TP
3880556 1828756 ray::AgentLoopW
3880552 1817268 ray::AgentLoopW
3880551 1740628 ray::AgentLoopW
== 2026-09-05T16:13:50+09:00
Mem:            1007         701         307         368         370         305
    PID   RSS COMMAND
3873386 87675708 VLLM::Worker
3873390 87673672 VLLM::Worker
3873387 87333816 VLLM::Worker
3873391 87285668 VLLM::Worker
3791454 63594496 ray::WorkerDict
3791453 63585020 ray::WorkerDict
3791459 63556716 ray::WorkerDict
3791460 63514748 ray::WorkerDict
1317539 4830704 VLLM::Worker_TP
1317538 4828216 VLLM::Worker_TP
3880556 1828756 ray::AgentLoopW
3880552 1817268 ray::AgentLoopW
3880551 1740628 ray::AgentLoopW
== 2026-09-05T16:14:10+09:00
Mem:            1007         701         307         368         370         305
    PID   RSS COMMAND
3873386 87675708 VLLM::Worker
3873390 87670600 VLLM::Worker
3873387 87334584 VLLM::Worker
3873391 87284900 VLLM::Worker
3791454 63594496 ray::WorkerDict
3791453 63583484 ray::WorkerDict
3791459 63558252 ray::WorkerDict
3791460 63517052 ray::WorkerDict
1317539 4830704 VLLM::Worker_TP
1317538 4828216 VLLM::Worker_TP
3880556 1828756 ray::AgentLoopW
3880552 1817268 ray::AgentLoopW
3880551 1740628 ray::AgentLoopW
== 2026-09-05T16:14:30+09:00
Mem:            1007         701         307         368         370         305
    PID   RSS COMMAND
3873386 87675708 VLLM::Worker
3873390 87672136 VLLM::Worker
3873387 87333816 VLLM::Worker
3873391 87285668 VLLM::Worker
3791454 63592960 ray::WorkerDict
3791453 63585020 ray::WorkerDict
3791459 63559020 ray::WorkerDict
3791460 63516284 ray::WorkerDict
1317539 4830704 VLLM::Worker_TP
1317538 4828216 VLLM::Worker_TP
3880556 1828756 ray::AgentLoopW
3880552 1817268 ray::AgentLoopW
3880551 1740628 ray::AgentLoopW
== 2026-09-05T16:14:50+09:00
Mem:            1007         701         307         368         370         305
    PID   RSS COMMAND
3873386 87678012 VLLM::Worker
3873390 87672136 VLLM::Worker
3873387 87332280 VLLM::Worker
3873391 87284900 VLLM::Worker
3791454 63594496 ray::WorkerDict
3791453 63586556 ray::WorkerDict
3791459 63556716 ray::WorkerDict
3791460 63514748 ray::WorkerDict
1317539 4830704 VLLM::Worker_TP
1317538 4828216 VLLM::Worker_TP
3880556 1828756 ray::AgentLoopW
3880552 1817268 ray::AgentLoopW
3880551 1740628 ray::AgentLoopW
== 2026-09-05T16:15:10+09:00
Mem:            1007         701         307         368         370         305
    PID   RSS COMMAND
3873386 87674940 VLLM::Worker
3873390 87673672 VLLM::Worker
3873387 87331512 VLLM::Worker
3873391 87284900 VLLM::Worker
3791454 63592960 ray::WorkerDict
3791453 63586556 ray::WorkerDict
3791459 63555180 ray::WorkerDict
3791460 63514748 ray::WorkerDict
1317539 4830704 VLLM::Worker_TP
1317538 4828216 VLLM::Worker_TP
3880556 1828756 ray::AgentLoopW
3880552 1817268 ray::AgentLoopW
3880551 1740628 ray::AgentLoopW
== 2026-09-05T16:15:30+09:00
Mem:            1007         701         307         368         370         305
    PID   RSS COMMAND
3873390 87674440 VLLM::Worker
3873386 87674172 VLLM::Worker
3873387 87333816 VLLM::Worker
3873391 87284132 VLLM::Worker
3791454 63596032 ray::WorkerDict
3791453 63585788 ray::WorkerDict
3791459 63553644 ray::WorkerDict
3791460 63512444 ray::WorkerDict
1317539 4830704 VLLM::Worker_TP
1317538 4828216 VLLM::Worker_TP
3880556 1828756 ray::AgentLoopW
3880552 1817268 ray::AgentLoopW
3880551 1740628 ray::AgentLoopW
== 2026-09-05T16:15:50+09:00
Mem:            1007         701         307         368         370         305
    PID   RSS COMMAND
3873386 87674172 VLLM::Worker
3873390 87673672 VLLM::Worker
3873387 87334584 VLLM::Worker
3873391 87285668 VLLM::Worker
3791454 63596032 ray::WorkerDict
3791453 63585788 ray::WorkerDict
3791459 63554412 ray::WorkerDict
3791460 63515516 ray::WorkerDict
1317539 4830704 VLLM::Worker_TP
1317538 4828216 VLLM::Worker_TP
3880556 1828756 ray::AgentLoopW
3880552 1817268 ray::AgentLoopW
3880551 1740628 ray::AgentLoopW
== 2026-09-05T16:16:10+09:00
Mem:            1007         702         307         368         370         305
    PID   RSS COMMAND
3873386 87677244 VLLM::Worker
3873390 87670600 VLLM::Worker
3873387 87333816 VLLM::Worker
3873391 87286436 VLLM::Worker
3791454 63596800 ray::WorkerDict
3791453 63585020 ray::WorkerDict
3791459 63554412 ray::WorkerDict
3791460 63516284 ray::WorkerDict
1317539 4830704 VLLM::Worker_TP
1317538 4828216 VLLM::Worker_TP
3880556 1828756 ray::AgentLoopW
3880552 1817268 ray::AgentLoopW
3880551 1740628 ray::AgentLoopW
== 2026-09-05T16:16:30+09:00
Mem:            1007         701         307         368         370         305
    PID   RSS COMMAND
3873386 87674172 VLLM::Worker
3873390 87671368 VLLM::Worker
3873387 87332280 VLLM::Worker
3873391 87284900 VLLM::Worker
3791454 63594496 ray::WorkerDict
3791453 63585020 ray::WorkerDict
3791459 63555180 ray::WorkerDict
3791460 63515516 ray::WorkerDict
1317539 4830704 VLLM::Worker_TP
1317538 4828216 VLLM::Worker_TP
3880556 1828756 ray::AgentLoopW
3880552 1817268 ray::AgentLoopW
3880551 1740628 ray::AgentLoopW
== 2026-09-05T16:16:50+09:00
Mem:            1007         701         307         368         370         305
    PID   RSS COMMAND
3873386 87675708 VLLM::Worker
3873390 87674440 VLLM::Worker
3873387 87333816 VLLM::Worker
3873391 87284900 VLLM::Worker
3791454 63592960 ray::WorkerDict
3791453 63585020 ray::WorkerDict
3791459 63555948 ray::WorkerDict
3791460 63516284 ray::WorkerDict
1317539 4830704 VLLM::Worker_TP
1317538 4828216 VLLM::Worker_TP
3880556 1828756 ray::AgentLoopW
3880552 1817268 ray::AgentLoopW
3880551 1740628 ray::AgentLoopW
== 2026-09-05T16:17:10+09:00
Mem:            1007         701         307         368         370         305
    PID   RSS COMMAND
3873386 87674940 VLLM::Worker
3873390 87672904 VLLM::Worker
3873387 87331512 VLLM::Worker
3873391 87285668 VLLM::Worker
3791454 63593728 ray::WorkerDict
3791453 63583484 ray::WorkerDict
3791459 63555180 ray::WorkerDict
3791460 63516284 ray::WorkerDict
1317539 4830704 VLLM::Worker_TP
1317538 4828216 VLLM::Worker_TP
3880556 1828756 ray::AgentLoopW
3880552 1817268 ray::AgentLoopW
3880551 1740628 ray::AgentLoopW
== 2026-09-05T16:17:30+09:00
Mem:            1007         701         307         368         370         305
    PID   RSS COMMAND
3873386 87674940 VLLM::Worker
3873390 87673672 VLLM::Worker
3873387 87330744 VLLM::Worker
3873391 87284900 VLLM::Worker
3791454 63592960 ray::WorkerDict
3791453 63584252 ray::WorkerDict
3791459 63554412 ray::WorkerDict
3791460 63515516 ray::WorkerDict
1317539 4830704 VLLM::Worker_TP
1317538 4826680 VLLM::Worker_TP
3880556 1828756 ray::AgentLoopW
3880552 1817268 ray::AgentLoopW
3880551 1740628 ray::AgentLoopW
== 2026-09-05T16:17:50+09:00
Mem:            1007         701         308         368         370         305
    PID   RSS COMMAND
3873386 87674940 VLLM::Worker
3873390 87672904 VLLM::Worker
3873387 87330744 VLLM::Worker
3873391 87285668 VLLM::Worker
3791454 63592960 ray::WorkerDict
3791453 63585020 ray::WorkerDict
3791459 63556716 ray::WorkerDict
3791460 63516284 ray::WorkerDict
1317539 4830704 VLLM::Worker_TP
1317538 4826680 VLLM::Worker_TP
3880556 1828756 ray::AgentLoopW
3880552 1817268 ray::AgentLoopW
3880551 1740628 ray::AgentLoopW
== 2026-09-05T16:18:10+09:00
Mem:            1007         701         307         368         370         305
    PID   RSS COMMAND
3873386 87673404 VLLM::Worker
3873390 87669832 VLLM::Worker
3873387 87334584 VLLM::Worker
3873391 87286436 VLLM::Worker
3791454 63593728 ray::WorkerDict
3791453 63588092 ray::WorkerDict
3791459 63557484 ray::WorkerDict
3791460 63516284 ray::WorkerDict
1317539 4830704 VLLM::Worker_TP
1317538 4826680 VLLM::Worker_TP
3880556 1828756 ray::AgentLoopW
3880552 1817268 ray::AgentLoopW
3880551 1740628 ray::AgentLoopW
== 2026-09-05T16:18:31+09:00
Mem:            1007         701         307         368         370         305
    PID   RSS COMMAND
3873386 87674172 VLLM::Worker
3873390 87669832 VLLM::Worker
3873387 87333816 VLLM::Worker
3873391 87286436 VLLM::Worker
3791454 63592192 ray::WorkerDict
3791453 63585788 ray::WorkerDict
3791459 63557484 ray::WorkerDict
3791460 63514748 ray::WorkerDict
1317539 4830704 VLLM::Worker_TP
1317538 4826680 VLLM::Worker_TP
3880556 1828756 ray::AgentLoopW
3880552 1817268 ray::AgentLoopW
3880551 1740628 ray::AgentLoopW
== 2026-09-05T16:18:51+09:00
Mem:            1007         701         307         368         370         305
    PID   RSS COMMAND
3873386 87674940 VLLM::Worker
3873390 87672136 VLLM::Worker
3873387 87334584 VLLM::Worker
3873391 87284900 VLLM::Worker
3791454 63591424 ray::WorkerDict
3791453 63585788 ray::WorkerDict
3791459 63556716 ray::WorkerDict
3791460 63515516 ray::WorkerDict
1317539 4830704 VLLM::Worker_TP
1317538 4826680 VLLM::Worker_TP
3880556 1828756 ray::AgentLoopW
3880552 1817268 ray::AgentLoopW
3880551 1740628 ray::AgentLoopW
== 2026-09-05T16:19:11+09:00
Mem:            1007         701         307         368         370         305
    PID   RSS COMMAND
3873386 87673404 VLLM::Worker
3873390 87669832 VLLM::Worker
3873387 87333816 VLLM::Worker
3873391 87284900 VLLM::Worker
3791454 63591424 ray::WorkerDict
3791453 63585788 ray::WorkerDict
3791459 63556716 ray::WorkerDict
3791460 63513212 ray::WorkerDict
1317539 4830704 VLLM::Worker_TP
1317538 4826680 VLLM::Worker_TP
3880556 1828756 ray::AgentLoopW
3880552 1817268 ray::AgentLoopW
3880551 1740628 ray::AgentLoopW
== 2026-09-05T16:19:31+09:00
Mem:            1007         701         307         368         370         305
    PID   RSS COMMAND
3873386 87674064 VLLM::Worker
3873390 87671244 VLLM::Worker
3873387 87332936 VLLM::Worker
3873391 87285668 VLLM::Worker
3791454 63591536 ray::WorkerDict
3791453 63583236 ray::WorkerDict
3791459 63554488 ray::WorkerDict
3791460 63511316 ray::WorkerDict
1317539 4826024 VLLM::Worker_TP
1317538 4819688 VLLM::Worker_TP
3880556 1828756 ray::AgentLoopW
3880552 1817268 ray::AgentLoopW
3880551 1740628 ray::AgentLoopW
== 2026-09-05T16:19:51+09:00
Mem:            1007         701         307         368         370         305
    PID   RSS COMMAND
3873386 87674832 VLLM::Worker
3873390 87670476 VLLM::Worker
3873387 87332168 VLLM::Worker
3873391 87285668 VLLM::Worker
3791454 63595376 ray::WorkerDict
3791453 63584004 ray::WorkerDict
3791459 63556024 ray::WorkerDict
3791460 63512852 ray::WorkerDict
1317539 4826024 VLLM::Worker_TP
1317538 4820456 VLLM::Worker_TP
3880556 1828756 ray::AgentLoopW
3880552 1817268 ray::AgentLoopW
3880551 1740628 ray::AgentLoopW
== 2026-09-05T16:20:11+09:00
Mem:            1007         701         307         368         370         305
    PID   RSS COMMAND
3873386 87677904 VLLM::Worker
3873390 87672780 VLLM::Worker
3873387 87335240 VLLM::Worker
3873391 87285668 VLLM::Worker
3791454 63595376 ray::WorkerDict
3791453 63584004 ray::WorkerDict
3791459 63556024 ray::WorkerDict
3791460 63513620 ray::WorkerDict
1317539 4826024 VLLM::Worker_TP
1317538 4820456 VLLM::Worker_TP
3880556 1828756 ray::AgentLoopW
3880552 1817268 ray::AgentLoopW
3880551 1740628 ray::AgentLoopW
== 2026-09-05T16:20:31+09:00
Mem:            1007         701         308         368         370         305
    PID   RSS COMMAND
3873386 87675600 VLLM::Worker
3873390 87673548 VLLM::Worker
3873387 87333704 VLLM::Worker
3873391 87286436 VLLM::Worker
3791454 63594608 ray::WorkerDict
3791453 63584772 ray::WorkerDict
3791459 63557560 ray::WorkerDict
3791460 63512852 ray::WorkerDict
1317539 4826024 VLLM::Worker_TP
1317538 4820456 VLLM::Worker_TP
3880556 1828756 ray::AgentLoopW
3880552 1817268 ray::AgentLoopW
3880551 1740628 ray::AgentLoopW
== 2026-09-05T16:20:51+09:00
Mem:            1007         701         308         368         370         305
    PID   RSS COMMAND
3873386 87677904 VLLM::Worker
3873390 87669708 VLLM::Worker
3873387 87334472 VLLM::Worker
3873391 87284900 VLLM::Worker
3791454 63595376 ray::WorkerDict
3791453 63586308 ray::WorkerDict
3791459 63557560 ray::WorkerDict
3791460 63512852 ray::WorkerDict
1317539 4826024 VLLM::Worker_TP
1317538 4820456 VLLM::Worker_TP
3880556 1828756 ray::AgentLoopW
3880552 1817268 ray::AgentLoopW
3880551 1740628 ray::AgentLoopW
== 2026-09-05T16:21:11+09:00
Mem:            1007         701         307         368         370         305
    PID   RSS COMMAND
3873386 87676368 VLLM::Worker
3873390 87672012 VLLM::Worker
3873387 87334472 VLLM::Worker
3873391 87284900 VLLM::Worker
3791454 63593840 ray::WorkerDict
3791453 63585540 ray::WorkerDict
3791459 63558328 ray::WorkerDict
3791460 63512852 ray::WorkerDict
1317539 4826024 VLLM::Worker_TP
1317538 4820456 VLLM::Worker_TP
3880556 1828756 ray::AgentLoopW
3880552 1817268 ray::AgentLoopW
3880551 1740628 ray::AgentLoopW
== 2026-09-05T16:21:31+09:00
Mem:            1007         701         307         368         370         305
    PID   RSS COMMAND
3873386 87677904 VLLM::Worker
3873390 87669708 VLLM::Worker
3873387 87333704 VLLM::Worker
3873391 87284900 VLLM::Worker
3791454 63593072 ray::WorkerDict
3791453 63584772 ray::WorkerDict
3791459 63558328 ray::WorkerDict
3791460 63515156 ray::WorkerDict
1317539 4826024 VLLM::Worker_TP
1317538 4820456 VLLM::Worker_TP
3880556 1828756 ray::AgentLoopW
3880552 1817268 ray::AgentLoopW
3880551 1740628 ray::AgentLoopW
== 2026-09-05T16:21:51+09:00
Mem:            1007         701         307         368         370         305
    PID   RSS COMMAND
3873386 87675600 VLLM::Worker
3873390 87674316 VLLM::Worker
3873387 87332936 VLLM::Worker
3873391 87284900 VLLM::Worker
3791454 63594608 ray::WorkerDict
3791453 63583236 ray::WorkerDict
3791459 63556024 ray::WorkerDict
3791460 63513620 ray::WorkerDict
1317539 4826024 VLLM::Worker_TP
1317538 4820456 VLLM::Worker_TP
3880556 1828756 ray::AgentLoopW
3880552 1817268 ray::AgentLoopW
3880551 1740628 ray::AgentLoopW
== 2026-09-05T16:22:11+09:00
Mem:            1007         701         307         368         370         305
    PID   RSS COMMAND
3873386 87674832 VLLM::Worker
3873390 87671244 VLLM::Worker
3873387 87331400 VLLM::Worker
3873391 87284132 VLLM::Worker
3791454 63593840 ray::WorkerDict
3791453 63582468 ray::WorkerDict
3791459 63553720 ray::WorkerDict
3791460 63512852 ray::WorkerDict
1317539 4826024 VLLM::Worker_TP
1317538 4820456 VLLM::Worker_TP
3880556 1828756 ray::AgentLoopW
3880552 1817268 ray::AgentLoopW
3880551 1740628 ray::AgentLoopW
== 2026-09-05T16:22:31+09:00
Mem:            1007         701         307         368         370         305
    PID   RSS COMMAND
3873386 87672528 VLLM::Worker
3873390 87670476 VLLM::Worker
3873387 87334472 VLLM::Worker
3873391 87285668 VLLM::Worker
3791454 63592304 ray::WorkerDict
3791453 63582468 ray::WorkerDict
3791459 63555256 ray::WorkerDict
3791460 63512852 ray::WorkerDict
1317539 4826024 VLLM::Worker_TP
1317538 4820456 VLLM::Worker_TP
3880556 1828756 ray::AgentLoopW
3880552 1817268 ray::AgentLoopW
3880551 1740628 ray::AgentLoopW
== 2026-09-05T16:22:51+09:00
Mem:            1007         701         307         368         370         305
    PID   RSS COMMAND
3873386 87674064 VLLM::Worker
3873390 87671244 VLLM::Worker
3873387 87335240 VLLM::Worker
3873391 87285668 VLLM::Worker
3791454 63592304 ray::WorkerDict
3791453 63583236 ray::WorkerDict
3791459 63557560 ray::WorkerDict
3791460 63512852 ray::WorkerDict
1317539 4826024 VLLM::Worker_TP
1317538 4820456 VLLM::Worker_TP
3880556 1828756 ray::AgentLoopW
3880552 1817268 ray::AgentLoopW
3880551 1740628 ray::AgentLoopW
== 2026-09-05T16:23:11+09:00
Mem:            1007         701         307         368         370         305
    PID   RSS COMMAND
3873386 87675600 VLLM::Worker
3873390 87674316 VLLM::Worker
3873387 87335240 VLLM::Worker
3873391 87284900 VLLM::Worker
3791454 63593072 ray::WorkerDict
3791453 63583236 ray::WorkerDict
3791459 63557560 ray::WorkerDict
3791460 63514388 ray::WorkerDict
1317539 4826024 VLLM::Worker_TP
1317538 4820456 VLLM::Worker_TP
3880556 1828756 ray::AgentLoopW
3880552 1817268 ray::AgentLoopW
3880551 1740628 ray::AgentLoopW
== 2026-09-05T16:23:31+09:00
Mem:            1007         701         307         368         370         305
    PID   RSS COMMAND
3873386 87676368 VLLM::Worker
3873390 87672012 VLLM::Worker
3873387 87333704 VLLM::Worker
3873391 87284900 VLLM::Worker
3791454 63593072 ray::WorkerDict
3791453 63582468 ray::WorkerDict
3791459 63556024 ray::WorkerDict
3791460 63515924 ray::WorkerDict
1317539 4826024 VLLM::Worker_TP
1317538 4820456 VLLM::Worker_TP
3880556 1828756 ray::AgentLoopW
3880552 1817268 ray::AgentLoopW
3880551 1740628 ray::AgentLoopW
== 2026-09-05T16:23:51+09:00
Mem:            1007         701         307         368         370         305
    PID   RSS COMMAND
3873386 87675600 VLLM::Worker
3873390 87672012 VLLM::Worker
3873387 87335240 VLLM::Worker
3873391 87284132 VLLM::Worker
3791454 63593072 ray::WorkerDict
3791453 63584772 ray::WorkerDict
3791459 63556024 ray::WorkerDict
3791460 63515924 ray::WorkerDict
1317539 4826024 VLLM::Worker_TP
1317538 4820456 VLLM::Worker_TP
3880556 1828756 ray::AgentLoopW
3880552 1817268 ray::AgentLoopW
3880551 1740628 ray::AgentLoopW
== 2026-09-05T16:24:11+09:00
Mem:            1007         701         307         368         370         305
    PID   RSS COMMAND
3873386 87677136 VLLM::Worker
3873390 87675084 VLLM::Worker
3873387 87336008 VLLM::Worker
3873391 87286436 VLLM::Worker
3791454 63595376 ray::WorkerDict
3791453 63583236 ray::WorkerDict
3791459 63555256 ray::WorkerDict
3791460 63512852 ray::WorkerDict
1317539 4826024 VLLM::Worker_TP
1317538 4820456 VLLM::Worker_TP
3880556 1828756 ray::AgentLoopW
3880552 1817268 ray::AgentLoopW
3880551 1740628 ray::AgentLoopW
== 2026-09-05T16:24:31+09:00
Mem:            1007         701         307         368         370         305
    PID   RSS COMMAND
3873386 87677136 VLLM::Worker
3873390 87672780 VLLM::Worker
3873387 87337544 VLLM::Worker
3873391 87286436 VLLM::Worker
3791454 63595376 ray::WorkerDict
3791453 63585540 ray::WorkerDict
3791459 63554488 ray::WorkerDict
3791460 63514388 ray::WorkerDict
1317539 4824476 VLLM::Worker_TP
1317538 4819660 VLLM::Worker_TP
3880556 1828756 ray::AgentLoopW
3880552 1817268 ray::AgentLoopW
3880551 1740628 ray::AgentLoopW
== 2026-09-05T16:24:51+09:00
Mem:            1007         701         307         368         370         305
    PID   RSS COMMAND
3873386 87674064 VLLM::Worker
3873390 87671244 VLLM::Worker
3873387 87337544 VLLM::Worker
3873391 87285668 VLLM::Worker
3791454 63594608 ray::WorkerDict
3791453 63584772 ray::WorkerDict
3791459 63556024 ray::WorkerDict
3791460 63514388 ray::WorkerDict
1317539 4824476 VLLM::Worker_TP
1317538 4817356 VLLM::Worker_TP
3880556 1828756 ray::AgentLoopW
3880552 1817268 ray::AgentLoopW
3880551 1740628 ray::AgentLoopW
== 2026-09-05T16:25:11+09:00
Mem:            1007         701         308         368         370         305
    PID   RSS COMMAND
3873386 87677904 VLLM::Worker
3873390 87668940 VLLM::Worker
3873387 87333704 VLLM::Worker
3873391 87285668 VLLM::Worker
3791454 63593072 ray::WorkerDict
3791453 63586308 ray::WorkerDict
3791459 63556792 ray::WorkerDict
3791460 63514388 ray::WorkerDict
1317539 4824476 VLLM::Worker_TP
1317538 4817356 VLLM::Worker_TP
3880556 1828756 ray::AgentLoopW
3880552 1817268 ray::AgentLoopW
3880551 1740628 ray::AgentLoopW
== 2026-09-05T16:25:31+09:00
Mem:            1007         701         308         368         370         305
    PID   RSS COMMAND
3873386 87675600 VLLM::Worker
3873390 87671244 VLLM::Worker
3873387 87332936 VLLM::Worker
3873391 87284132 VLLM::Worker
3791454 63593072 ray::WorkerDict
3791453 63585540 ray::WorkerDict
3791459 63557560 ray::WorkerDict
3791460 63515156 ray::WorkerDict
1317539 4824476 VLLM::Worker_TP
1317538 4817356 VLLM::Worker_TP
3880556 1828756 ray::AgentLoopW
3880552 1817268 ray::AgentLoopW
3880551 1740628 ray::AgentLoopW
== 2026-09-05T16:25:51+09:00
Mem:            1007         701         308         368         370         305
    PID   RSS COMMAND
3873386 87677136 VLLM::Worker
3873390 87673548 VLLM::Worker
3873387 87332936 VLLM::Worker
3873391 87282596 VLLM::Worker
3791454 63593840 ray::WorkerDict
3791453 63584004 ray::WorkerDict
3791459 63556792 ray::WorkerDict
3791460 63513620 ray::WorkerDict
1317539 4824476 VLLM::Worker_TP
1317538 4817356 VLLM::Worker_TP
3880556 1828756 ray::AgentLoopW
3880552 1817268 ray::AgentLoopW
3880551 1740628 ray::AgentLoopW
== 2026-09-05T16:26:11+09:00
Mem:            1007         701         308         368         370         305
    PID   RSS COMMAND
3873386 87675600 VLLM::Worker
3873390 87672780 VLLM::Worker
3873387 87335240 VLLM::Worker
3873391 87284132 VLLM::Worker
3791454 63592304 ray::WorkerDict
3791453 63581700 ray::WorkerDict
3791459 63556792 ray::WorkerDict
3791460 63512852 ray::WorkerDict
1317539 4824476 VLLM::Worker_TP
1317538 4817356 VLLM::Worker_TP
3880556 1828756 ray::AgentLoopW
3880552 1817268 ray::AgentLoopW
3880551 1740628 ray::AgentLoopW
== 2026-09-05T16:26:31+09:00
Mem:            1007         701         308         368         370         305
    PID   RSS COMMAND
3873386 87675600 VLLM::Worker
3873390 87672012 VLLM::Worker
3873387 87334472 VLLM::Worker
3873391 87283364 VLLM::Worker
3791454 63596144 ray::WorkerDict
3791453 63582468 ray::WorkerDict
3791459 63556792 ray::WorkerDict
3791460 63512852 ray::WorkerDict
1317539 4824476 VLLM::Worker_TP
1317538 4817356 VLLM::Worker_TP
3880556 1828756 ray::AgentLoopW
3880552 1817268 ray::AgentLoopW
3880551 1740628 ray::AgentLoopW
== 2026-09-05T16:26:51+09:00
Mem:            1007         701         308         368         370         305
    PID   RSS COMMAND
3873386 87674064 VLLM::Worker
3873390 87672012 VLLM::Worker
3873387 87336008 VLLM::Worker
3873391 87283364 VLLM::Worker
3791454 63593072 ray::WorkerDict
3791453 63582468 ray::WorkerDict
3791459 63556792 ray::WorkerDict
3791460 63514388 ray::WorkerDict
1317539 4824476 VLLM::Worker_TP
1317538 4817356 VLLM::Worker_TP
3880556 1828756 ray::AgentLoopW
3880552 1817268 ray::AgentLoopW
3880551 1740628 ray::AgentLoopW
== 2026-09-05T16:27:11+09:00
Mem:            1007         701         307         368         370         305
    PID   RSS COMMAND
3873386 87676368 VLLM::Worker
3873390 87673548 VLLM::Worker
3873387 87332936 VLLM::Worker
3873391 87283364 VLLM::Worker
3791454 63594608 ray::WorkerDict
3791453 63584004 ray::WorkerDict
3791459 63556792 ray::WorkerDict
3791460 63514388 ray::WorkerDict
1317539 4824476 VLLM::Worker_TP
1317538 4817356 VLLM::Worker_TP
3880556 1828756 ray::AgentLoopW
3880552 1817268 ray::AgentLoopW
3880551 1740628 ray::AgentLoopW
== 2026-09-05T16:27:31+09:00
Mem:            1007         701         307         368         370         305
    PID   RSS COMMAND
3873386 87675600 VLLM::Worker
3873390 87673548 VLLM::Worker
3873387 87332936 VLLM::Worker
3873391 87284132 VLLM::Worker
3791454 63591536 ray::WorkerDict
3791453 63581700 ray::WorkerDict
3791459 63555256 ray::WorkerDict
3791460 63514388 ray::WorkerDict
1317539 4824476 VLLM::Worker_TP
1317538 4817356 VLLM::Worker_TP
3880556 1828756 ray::AgentLoopW
3880552 1817268 ray::AgentLoopW
3880551 1740628 ray::AgentLoopW
== 2026-09-05T16:27:51+09:00
Mem:            1007         701         308         368         370         305
    PID   RSS COMMAND
3873386 87675600 VLLM::Worker
3873390 87675084 VLLM::Worker
3873387 87333704 VLLM::Worker
3873391 87284132 VLLM::Worker
3791454 63595376 ray::WorkerDict
3791453 63584004 ray::WorkerDict
3791459 63556024 ray::WorkerDict
3791460 63515156 ray::WorkerDict
1317539 4824476 VLLM::Worker_TP
1317538 4817356 VLLM::Worker_TP
3880556 1828756 ray::AgentLoopW
3880552 1817268 ray::AgentLoopW
3880551 1740628 ray::AgentLoopW
== 2026-09-05T16:28:11+09:00
Mem:            1007         701         307         368         370         305
    PID   RSS COMMAND
3873386 87675600 VLLM::Worker
3873390 87671244 VLLM::Worker
3873387 87331400 VLLM::Worker
3873391 87282596 VLLM::Worker
3791454 63596144 ray::WorkerDict
3791453 63586308 ray::WorkerDict
3791459 63557560 ray::WorkerDict
3791460 63515156 ray::WorkerDict
1317539 4824476 VLLM::Worker_TP
1317538 4817356 VLLM::Worker_TP
3880556 1828756 ray::AgentLoopW
3880552 1817268 ray::AgentLoopW
3880551 1740628 ray::AgentLoopW
== 2026-09-05T16:28:31+09:00
Mem:            1007         701         307         368         370         305
    PID   RSS COMMAND
3873386 87675600 VLLM::Worker
3873390 87673548 VLLM::Worker
3873387 87332936 VLLM::Worker
3873391 87282596 VLLM::Worker
3791454 63594608 ray::WorkerDict
3791453 63585540 ray::WorkerDict
3791459 63556024 ray::WorkerDict
3791460 63515156 ray::WorkerDict
1317539 4824476 VLLM::Worker_TP
1317538 4817356 VLLM::Worker_TP
3880556 1828756 ray::AgentLoopW
3880552 1817268 ray::AgentLoopW
3880551 1740628 ray::AgentLoopW
== 2026-09-05T16:28:52+09:00
Mem:            1007         701         308         368         370         305
    PID   RSS COMMAND
3873386 87676368 VLLM::Worker
3873390 87672012 VLLM::Worker
3873387 87331400 VLLM::Worker
3873391 87281060 VLLM::Worker
3791454 63593840 ray::WorkerDict
3791453 63585540 ray::WorkerDict
3791459 63557560 ray::WorkerDict
3791460 63515924 ray::WorkerDict
1317539 4824476 VLLM::Worker_TP
1317538 4817356 VLLM::Worker_TP
3880556 1828756 ray::AgentLoopW
3880552 1817268 ray::AgentLoopW
3880551 1740628 ray::AgentLoopW
== 2026-09-05T16:29:12+09:00
Mem:            1007         701         307         368         370         305
    PID   RSS COMMAND
3873386 87676368 VLLM::Worker
3873390 87672780 VLLM::Worker
3873387 87335240 VLLM::Worker
3873391 87280292 VLLM::Worker
3791454 63596144 ray::WorkerDict
3791453 63586308 ray::WorkerDict
3791459 63555256 ray::WorkerDict
3791460 63515156 ray::WorkerDict
1317539 4824476 VLLM::Worker_TP
1317538 4817356 VLLM::Worker_TP
3880556 1828756 ray::AgentLoopW
3880552 1817268 ray::AgentLoopW
3880551 1740628 ray::AgentLoopW
== 2026-09-05T16:29:32+09:00
Mem:            1007         701         307         368         370         305
    PID   RSS COMMAND
3873390 87675084 VLLM::Worker
3873386 87674064 VLLM::Worker
3873387 87335240 VLLM::Worker
3873391 87283364 VLLM::Worker
3791454 63594608 ray::WorkerDict
3791453 63585540 ray::WorkerDict
3791459 63554488 ray::WorkerDict
3791460 63515924 ray::WorkerDict
1317539 4824476 VLLM::Worker_TP
1317538 4817356 VLLM::Worker_TP
3880556 1828756 ray::AgentLoopW
3880552 1817268 ray::AgentLoopW
3880551 1740628 ray::AgentLoopW
== 2026-09-05T16:29:52+09:00
Mem:            1007         701         307         368         370         305
    PID   RSS COMMAND
3873386 87676368 VLLM::Worker
3873390 87674316 VLLM::Worker
3873387 87334472 VLLM::Worker
3873391 87283364 VLLM::Worker
3791454 63593840 ray::WorkerDict
3791453 63583236 ray::WorkerDict
3791459 63552952 ray::WorkerDict
3791460 63515156 ray::WorkerDict
1317539 4824476 VLLM::Worker_TP
1317538 4820428 VLLM::Worker_TP
3880556 1828756 ray::AgentLoopW
3880552 1817268 ray::AgentLoopW
3880551 1740628 ray::AgentLoopW
== 2026-09-05T16:30:12+09:00
Mem:            1007         701         307         368         370         305
    PID   RSS COMMAND
3873386 87674064 VLLM::Worker
3873390 87671244 VLLM::Worker
3873387 87334472 VLLM::Worker
3873391 87284132 VLLM::Worker
3791454 63595376 ray::WorkerDict
3791453 63584004 ray::WorkerDict
3791459 63557560 ray::WorkerDict
3791460 63513620 ray::WorkerDict
1317539 4824476 VLLM::Worker_TP
1317538 4820428 VLLM::Worker_TP
3880556 1828756 ray::AgentLoopW
3880552 1817268 ray::AgentLoopW
3880551 1740628 ray::AgentLoopW
== 2026-09-05T16:30:32+09:00
Mem:            1007         701         307         368         370         305
    PID   RSS COMMAND
3873386 87675600 VLLM::Worker
3873390 87672012 VLLM::Worker
3873387 87332936 VLLM::Worker
3873391 87284132 VLLM::Worker
3791454 63593840 ray::WorkerDict
3791453 63584772 ray::WorkerDict
3791459 63556024 ray::WorkerDict
3791460 63515156 ray::WorkerDict
1317539 4824476 VLLM::Worker_TP
1317538 4820428 VLLM::Worker_TP
3880556 1828756 ray::AgentLoopW
3880552 1817268 ray::AgentLoopW
3880551 1740628 ray::AgentLoopW
== 2026-09-05T16:30:52+09:00
Mem:            1007         701         307         368         370         305
    PID   RSS COMMAND
3873386 87674832 VLLM::Worker
3873390 87671244 VLLM::Worker
3873387 87334472 VLLM::Worker
3873391 87283364 VLLM::Worker
3791454 63594608 ray::WorkerDict
3791453 63586308 ray::WorkerDict
3791459 63555256 ray::WorkerDict
3791460 63513620 ray::WorkerDict
1317539 4824476 VLLM::Worker_TP
1317538 4820428 VLLM::Worker_TP
3880556 1828756 ray::AgentLoopW
3880552 1817268 ray::AgentLoopW
3880551 1740628 ray::AgentLoopW
== 2026-09-05T16:31:17+09:00
Mem:            1007         701         308         368         370         305
    PID   RSS COMMAND
3873386 87677136 VLLM::Worker
3873390 87672780 VLLM::Worker
3873387 87335240 VLLM::Worker
3873391 87284132 VLLM::Worker
3791454 63595376 ray::WorkerDict
3791453 63586308 ray::WorkerDict
3791459 63554488 ray::WorkerDict
3791460 63512852 ray::WorkerDict
1317539 4824476 VLLM::Worker_TP
1317538 4820428 VLLM::Worker_TP
3880556 1828756 ray::AgentLoopW
3880552 1817268 ray::AgentLoopW
3880551 1740628 ray::AgentLoopW
== 2026-09-05T16:31:37+09:00
Mem:            1007         701         308         368         370         305
    PID   RSS COMMAND
3873390 87673548 VLLM::Worker
3873386 87672528 VLLM::Worker
3873387 87332936 VLLM::Worker
3873391 87284132 VLLM::Worker
3791454 63594608 ray::WorkerDict
3791453 63586308 ray::WorkerDict
3791459 63553720 ray::WorkerDict
3791460 63515156 ray::WorkerDict
1317539 4824476 VLLM::Worker_TP
1317538 4820428 VLLM::Worker_TP
3880556 1828756 ray::AgentLoopW
3880552 1817268 ray::AgentLoopW
3880551 1740628 ray::AgentLoopW
== 2026-09-05T16:31:57+09:00
Mem:            1007         701         307         368         370         305
    PID   RSS COMMAND
3873386 87675600 VLLM::Worker
3873390 87671244 VLLM::Worker
3873387 87331400 VLLM::Worker
3873391 87283364 VLLM::Worker
3791454 63594608 ray::WorkerDict
3791453 63587076 ray::WorkerDict
3791459 63556024 ray::WorkerDict
3791460 63512852 ray::WorkerDict
1317539 4824476 VLLM::Worker_TP
1317538 4820428 VLLM::Worker_TP
3880556 1828756 ray::AgentLoopW
3880552 1817268 ray::AgentLoopW
3880551 1740628 ray::AgentLoopW
== 2026-09-05T16:32:17+09:00
Mem:            1007         701         307         368         370         305
    PID   RSS COMMAND
3873386 87674832 VLLM::Worker
3873390 87671244 VLLM::Worker
3873387 87334472 VLLM::Worker
3873391 87284900 VLLM::Worker
3791454 63593840 ray::WorkerDict
3791453 63585540 ray::WorkerDict
3791459 63556024 ray::WorkerDict
3791460 63514388 ray::WorkerDict
1317539 4824476 VLLM::Worker_TP
1317538 4820428 VLLM::Worker_TP
3880556 1828756 ray::AgentLoopW
3880552 1817268 ray::AgentLoopW
3880551 1740628 ray::AgentLoopW
== 2026-09-05T16:32:37+09:00
Mem:            1007         701         307         368         370         305
    PID   RSS COMMAND
3873386 87674832 VLLM::Worker
3873390 87671244 VLLM::Worker
3873387 87336008 VLLM::Worker
3873391 87285668 VLLM::Worker
3791454 63593840 ray::WorkerDict
3791453 63585540 ray::WorkerDict
3791459 63555256 ray::WorkerDict
3791460 63513620 ray::WorkerDict
1317539 4824476 VLLM::Worker_TP
1317538 4820428 VLLM::Worker_TP
3880556 1828756 ray::AgentLoopW
3880552 1817268 ray::AgentLoopW
3880551 1740628 ray::AgentLoopW
== 2026-09-05T16:32:57+09:00
Mem:            1007         701         307         368         370         305
    PID   RSS COMMAND
3873386 87677136 VLLM::Worker
3873390 87672780 VLLM::Worker
3873387 87335240 VLLM::Worker
3873391 87285668 VLLM::Worker
3791454 63595376 ray::WorkerDict
3791453 63584772 ray::WorkerDict
3791459 63553720 ray::WorkerDict
3791460 63513620 ray::WorkerDict
1317539 4824476 VLLM::Worker_TP
1317538 4820428 VLLM::Worker_TP
3880556 1828756 ray::AgentLoopW
3880552 1817268 ray::AgentLoopW
3880551 1740628 ray::AgentLoopW
== 2026-09-05T16:33:17+09:00
Mem:            1007         701         307         368         370         305
    PID   RSS COMMAND
3873386 87677136 VLLM::Worker
3873390 87674316 VLLM::Worker
3873387 87335240 VLLM::Worker
3873391 87285668 VLLM::Worker
3791454 63595376 ray::WorkerDict
3791453 63584772 ray::WorkerDict
3791459 63555256 ray::WorkerDict
3791460 63512852 ray::WorkerDict
1317539 4824476 VLLM::Worker_TP
1317538 4820428 VLLM::Worker_TP
3880556 1828756 ray::AgentLoopW
3880552 1817268 ray::AgentLoopW
3880551 1740628 ray::AgentLoopW
== 2026-09-05T16:33:37+09:00
Mem:            1007         701         307         368         370         305
    PID   RSS COMMAND
3873386 87674832 VLLM::Worker
3873390 87674316 VLLM::Worker
3873387 87333704 VLLM::Worker
3873391 87285668 VLLM::Worker
3791454 63595376 ray::WorkerDict
3791453 63585540 ray::WorkerDict
3791459 63555256 ray::WorkerDict
3791460 63513620 ray::WorkerDict
1317539 4835228 VLLM::Worker_TP
1317538 4829644 VLLM::Worker_TP
3880556 1828756 ray::AgentLoopW
3880552 1817268 ray::AgentLoopW
3880551 1740628 ray::AgentLoopW
== 2026-09-05T16:33:58+09:00
Mem:            1007         701         307         368         370         305
    PID   RSS COMMAND
3873386 87673296 VLLM::Worker
3873390 87672780 VLLM::Worker
3873387 87332168 VLLM::Worker
3873391 87284132 VLLM::Worker
3791454 63594608 ray::WorkerDict
3791453 63584772 ray::WorkerDict
3791459 63556792 ray::WorkerDict
3791460 63513620 ray::WorkerDict
1317539 4835228 VLLM::Worker_TP
1317538 4829644 VLLM::Worker_TP
3880556 1828756 ray::AgentLoopW
3880552 1817268 ray::AgentLoopW
3880551 1740628 ray::AgentLoopW
== 2026-09-05T16:34:18+09:00
Mem:            1007         701         307         368         370         305
    PID   RSS COMMAND
3873386 87675600 VLLM::Worker
3873390 87672012 VLLM::Worker
3873387 87333704 VLLM::Worker
3873391 87284900 VLLM::Worker
3791454 63592304 ray::WorkerDict
3791453 63586308 ray::WorkerDict
3791459 63556024 ray::WorkerDict
3791460 63512852 ray::WorkerDict
1317539 4835228 VLLM::Worker_TP
1317538 4830412 VLLM::Worker_TP
3880556 1828756 ray::AgentLoopW
3880552 1817268 ray::AgentLoopW
3880551 1740628 ray::AgentLoopW
== 2026-09-05T16:34:38+09:00
Mem:            1007         701         307         368         370         305
    PID   RSS COMMAND
3873386 87674832 VLLM::Worker
3873390 87672012 VLLM::Worker
3873387 87333704 VLLM::Worker
3873391 87284900 VLLM::Worker
3791454 63594608 ray::WorkerDict
3791453 63586308 ray::WorkerDict
3791459 63556024 ray::WorkerDict
3791460 63512852 ray::WorkerDict
1317539 4835228 VLLM::Worker_TP
1317538 4830412 VLLM::Worker_TP
3880556 1828756 ray::AgentLoopW
3880552 1817268 ray::AgentLoopW
3880551 1740628 ray::AgentLoopW
== 2026-09-05T16:34:58+09:00
Mem:            1007         701         307         368         370         305
    PID   RSS COMMAND
3873386 87674620 VLLM::Worker
3873390 87671800 VLLM::Worker
3873387 87334272 VLLM::Worker
3873391 87284564 VLLM::Worker
3791454 63592304 ray::WorkerDict
3791453 63586308 ray::WorkerDict
3791459 63557560 ray::WorkerDict
3791460 63514388 ray::WorkerDict
1317539 4835228 VLLM::Worker_TP
1317538 4830412 VLLM::Worker_TP
3880556 1828756 ray::AgentLoopW
3880552 1817268 ray::AgentLoopW
3880551 1740628 ray::AgentLoopW
== 2026-09-05T16:35:18+09:00
Mem:            1007         701         307         368         370         305
    PID   RSS COMMAND
3873386 87674620 VLLM::Worker
3873390 87670264 VLLM::Worker
3873387 87331200 VLLM::Worker
3873391 87284564 VLLM::Worker
3791454 63593840 ray::WorkerDict
3791453 63585540 ray::WorkerDict
3791459 63557560 ray::WorkerDict
3791460 63515156 ray::WorkerDict
1317539 4835228 VLLM::Worker_TP
1317538 4830412 VLLM::Worker_TP
3880556 1828756 ray::AgentLoopW
3880552 1817268 ray::AgentLoopW
3880551 1740628 ray::AgentLoopW
== 2026-09-05T16:35:38+09:00
Mem:            1007         701         307         368         370         305
    PID   RSS COMMAND
3873390 87674872 VLLM::Worker
3873386 87671548 VLLM::Worker
3873387 87334272 VLLM::Worker
3873391 87285332 VLLM::Worker
3791454 63595376 ray::WorkerDict
3791453 63584772 ray::WorkerDict
3791459 63556792 ray::WorkerDict
3791460 63513620 ray::WorkerDict
1317539 4835228 VLLM::Worker_TP
1317538 4830412 VLLM::Worker_TP
3880556 1828756 ray::AgentLoopW
3880552 1817268 ray::AgentLoopW
3880551 1740628 ray::AgentLoopW
== 2026-09-05T16:35:58+09:00
Mem:            1007         701         307         368         370         305
    PID   RSS COMMAND
3873386 87674620 VLLM::Worker
3873390 87672568 VLLM::Worker
3873387 87335040 VLLM::Worker
3873391 87284564 VLLM::Worker
3791454 63596912 ray::WorkerDict
3791453 63582468 ray::WorkerDict
3791459 63555256 ray::WorkerDict
3791460 63513620 ray::WorkerDict
1317539 4835228 VLLM::Worker_TP
1317538 4830412 VLLM::Worker_TP
3880556 1828756 ray::AgentLoopW
3880552 1817268 ray::AgentLoopW
3880551 1740628 ray::AgentLoopW
== 2026-09-05T16:36:18+09:00
Mem:            1007         701         307         368         370         305
    PID   RSS COMMAND
3873386 87672316 VLLM::Worker
3873390 87671800 VLLM::Worker
3873387 87333504 VLLM::Worker
3873391 87284564 VLLM::Worker
3791454 63596912 ray::WorkerDict
3791453 63581700 ray::WorkerDict
3791459 63556024 ray::WorkerDict
3791460 63512852 ray::WorkerDict
1317539 4835228 VLLM::Worker_TP
1317538 4830412 VLLM::Worker_TP
3880556 1828756 ray::AgentLoopW
3880552 1817268 ray::AgentLoopW
3880551 1740628 ray::AgentLoopW
== 2026-09-05T16:36:38+09:00
Mem:            1007         701         307         368         370         305
    PID   RSS COMMAND
3873386 87675388 VLLM::Worker
3873390 87671800 VLLM::Worker
3873387 87335040 VLLM::Worker
3873391 87285332 VLLM::Worker
3791454 63595376 ray::WorkerDict
3791453 63584004 ray::WorkerDict
3791459 63557560 ray::WorkerDict
3791460 63515156 ray::WorkerDict
1317539 4835228 VLLM::Worker_TP
1317538 4830412 VLLM::Worker_TP
3880556 1828756 ray::AgentLoopW
3880552 1817268 ray::AgentLoopW
3880551 1740628 ray::AgentLoopW
== 2026-09-05T16:36:58+09:00
Mem:            1007         701         307         368         370         305
    PID   RSS COMMAND
3873386 87676924 VLLM::Worker
3873390 87671800 VLLM::Worker
3873387 87335808 VLLM::Worker
3873391 87286868 VLLM::Worker
3791454 63595376 ray::WorkerDict
3791453 63587076 ray::WorkerDict
3791459 63556792 ray::WorkerDict
3791460 63514388 ray::WorkerDict
1317539 4835228 VLLM::Worker_TP
1317538 4830412 VLLM::Worker_TP
3880556 1828756 ray::AgentLoopW
3880552 1817268 ray::AgentLoopW
3880551 1740628 ray::AgentLoopW
== 2026-09-05T16:37:18+09:00
Mem:            1007         701         307         368         370         305
    PID   RSS COMMAND
3873386 87673084 VLLM::Worker
3873390 87671032 VLLM::Worker
3873387 87334272 VLLM::Worker
3873391 87286868 VLLM::Worker
3791454 63594608 ray::WorkerDict
3791453 63587844 ray::WorkerDict
3791459 63557560 ray::WorkerDict
3791460 63515156 ray::WorkerDict
1317539 4835228 VLLM::Worker_TP
1317538 4830412 VLLM::Worker_TP
3880556 1828756 ray::AgentLoopW
3880552 1817268 ray::AgentLoopW
3880551 1740628 ray::AgentLoopW
== 2026-09-05T16:37:38+09:00
Mem:            1007         701         307         368         370         305
    PID   RSS COMMAND
3873386 87674620 VLLM::Worker
3873390 87674104 VLLM::Worker
3873387 87335040 VLLM::Worker
3873391 87286868 VLLM::Worker
3791454 63594608 ray::WorkerDict
3791453 63588612 ray::WorkerDict
3791459 63556024 ray::WorkerDict
3791460 63514388 ray::WorkerDict
1317539 4835228 VLLM::Worker_TP
1317538 4830412 VLLM::Worker_TP
3880556 1828756 ray::AgentLoopW
3880552 1817268 ray::AgentLoopW
3880551 1740628 ray::AgentLoopW
== 2026-09-05T16:37:58+09:00
Mem:            1007         701         307         368         370         305
    PID   RSS COMMAND
3873386 87674620 VLLM::Worker
3873390 87671800 VLLM::Worker
3873387 87335040 VLLM::Worker
3873391 87286100 VLLM::Worker
3791454 63593072 ray::WorkerDict
3791453 63585540 ray::WorkerDict
3791459 63557560 ray::WorkerDict
3791460 63515924 ray::WorkerDict
1317539 4835228 VLLM::Worker_TP
1317538 4830412 VLLM::Worker_TP
3880556 1828756 ray::AgentLoopW
3880552 1817268 ray::AgentLoopW
3880551 1740628 ray::AgentLoopW
== 2026-09-05T16:38:18+09:00
Mem:            1007         701         307         368         370         305
    PID   RSS COMMAND
3873386 87676924 VLLM::Worker
3873390 87672568 VLLM::Worker
3873387 87333504 VLLM::Worker
3873391 87285332 VLLM::Worker
3791454 63593072 ray::WorkerDict
3791453 63585540 ray::WorkerDict
3791459 63557560 ray::WorkerDict
3791460 63517460 ray::WorkerDict
1317539 4835228 VLLM::Worker_TP
1317538 4830412 VLLM::Worker_TP
3880556 1828756 ray::AgentLoopW
3880552 1817268 ray::AgentLoopW
3880551 1740628 ray::AgentLoopW
== 2026-09-05T16:38:38+09:00
Mem:            1007         701         307         368         370         305
    PID   RSS COMMAND
3873386 87676924 VLLM::Worker
3873390 87671800 VLLM::Worker
3873387 87332736 VLLM::Worker
3873391 87285332 VLLM::Worker
3791454 63594608 ray::WorkerDict
3791453 63585540 ray::WorkerDict
3791459 63557560 ray::WorkerDict
3791460 63515156 ray::WorkerDict
1317539 4835228 VLLM::Worker_TP
1317538 4830412 VLLM::Worker_TP
3880556 1828756 ray::AgentLoopW
3880552 1817268 ray::AgentLoopW
3880551 1740628 ray::AgentLoopW
== 2026-09-05T16:38:58+09:00
Mem:            1007         701         307         368         370         305
    PID   RSS COMMAND
3873386 87676156 VLLM::Worker
3873390 87674104 VLLM::Worker
3873387 87332736 VLLM::Worker
3873391 87284564 VLLM::Worker
3791454 63593840 ray::WorkerDict
3791453 63584772 ray::WorkerDict
3791459 63559096 ray::WorkerDict
3791460 63514388 ray::WorkerDict
1317539 4835228 VLLM::Worker_TP
1317538 4830412 VLLM::Worker_TP
3880556 1828756 ray::AgentLoopW
3880552 1817268 ray::AgentLoopW
3880551 1740628 ray::AgentLoopW
== 2026-09-05T16:39:18+09:00
Mem:            1007         701         307         368         370         305
    PID   RSS COMMAND
3873386 87674620 VLLM::Worker
3873390 87672568 VLLM::Worker
3873387 87333504 VLLM::Worker
3873391 87284564 VLLM::Worker
3791454 63593072 ray::WorkerDict
3791453 63584004 ray::WorkerDict
3791459 63559864 ray::WorkerDict
3791460 63515156 ray::WorkerDict
1317539 4835228 VLLM::Worker_TP
1317538 4830412 VLLM::Worker_TP
3880556 1828756 ray::AgentLoopW
3880552 1817268 ray::AgentLoopW
3880551 1740628 ray::AgentLoopW
== 2026-09-05T16:39:38+09:00
Mem:            1007         701         307         368         370         305
    PID   RSS COMMAND
3873386 87678460 VLLM::Worker
3873390 87671800 VLLM::Worker
3873387 87333504 VLLM::Worker
3873391 87285332 VLLM::Worker
3791454 63592304 ray::WorkerDict
3791453 63584004 ray::WorkerDict
3791459 63559096 ray::WorkerDict
3791460 63514388 ray::WorkerDict
1317539 4835228 VLLM::Worker_TP
1317538 4830412 VLLM::Worker_TP
3880556 1828756 ray::AgentLoopW
3880552 1817268 ray::AgentLoopW
3880551 1740628 ray::AgentLoopW
== 2026-09-05T16:39:58+09:00
Mem:            1007         701         307         368         370         305
    PID   RSS COMMAND
3873386 87675388 VLLM::Worker
3873390 87671032 VLLM::Worker
3873387 87332736 VLLM::Worker
3873391 87286100 VLLM::Worker
3791454 63593072 ray::WorkerDict
3791453 63585540 ray::WorkerDict
3791459 63559864 ray::WorkerDict
3791460 63515924 ray::WorkerDict
1317539 4835228 VLLM::Worker_TP
1317538 4830412 VLLM::Worker_TP
3880556 1828756 ray::AgentLoopW
3880552 1817268 ray::AgentLoopW
3880551 1740628 ray::AgentLoopW
== 2026-09-05T16:40:18+09:00
Mem:            1007         701         307         368         370         305
    PID   RSS COMMAND
3873390 87673336 VLLM::Worker
3873386 87670780 VLLM::Worker
3873387 87335040 VLLM::Worker
3873391 87286100 VLLM::Worker
3791454 63593072 ray::WorkerDict
3791453 63584004 ray::WorkerDict
3791459 63557560 ray::WorkerDict
3791460 63515156 ray::WorkerDict
1317539 4835228 VLLM::Worker_TP
1317538 4830412 VLLM::Worker_TP
3880556 1828756 ray::AgentLoopW
3880552 1817268 ray::AgentLoopW
3880551 1740628 ray::AgentLoopW
== 2026-09-05T16:40:38+09:00
Mem:            1007         701         307         368         370         305
    PID   RSS COMMAND
3873386 87674620 VLLM::Worker
3873390 87671032 VLLM::Worker
3873387 87335808 VLLM::Worker
3873391 87286100 VLLM::Worker
3791454 63594608 ray::WorkerDict
3791453 63584772 ray::WorkerDict
3791459 63558328 ray::WorkerDict
3791460 63515924 ray::WorkerDict
1317539 4835228 VLLM::Worker_TP
1317538 4830412 VLLM::Worker_TP
3880556 1828756 ray::AgentLoopW
3880552 1817268 ray::AgentLoopW
3880551 1740628 ray::AgentLoopW
== 2026-09-05T16:40:58+09:00
Mem:            1007         701         307         368         370         305
    PID   RSS COMMAND
3873390 87674872 VLLM::Worker
3873386 87673852 VLLM::Worker
3873387 87335040 VLLM::Worker
3873391 87286100 VLLM::Worker
3791454 63593840 ray::WorkerDict
3791453 63586308 ray::WorkerDict
3791459 63557560 ray::WorkerDict
3791460 63517460 ray::WorkerDict
1317539 4835228 VLLM::Worker_TP
1317538 4830412 VLLM::Worker_TP
3880556 1828756 ray::AgentLoopW
3880552 1817268 ray::AgentLoopW
3880551 1740628 ray::AgentLoopW
== 2026-09-05T16:41:18+09:00
Mem:            1007         701         307         368         370         305
    PID   RSS COMMAND
3873386 87673852 VLLM::Worker
3873390 87673336 VLLM::Worker
3873387 87333504 VLLM::Worker
3873391 87286100 VLLM::Worker
3791454 63594608 ray::WorkerDict
3791453 63585540 ray::WorkerDict
3791459 63557560 ray::WorkerDict
3791460 63515156 ray::WorkerDict
1317539 4835228 VLLM::Worker_TP
1317538 4830412 VLLM::Worker_TP
3880556 1828756 ray::AgentLoopW
3880552 1817268 ray::AgentLoopW
3880551 1740628 ray::AgentLoopW
== 2026-09-05T16:41:38+09:00
Mem:            1007         701         307         368         370         305
    PID   RSS COMMAND
3873386 87676924 VLLM::Worker
3873390 87671032 VLLM::Worker
3873387 87335040 VLLM::Worker
3873391 87286100 VLLM::Worker
3791454 63595376 ray::WorkerDict
3791453 63587076 ray::WorkerDict
3791459 63555256 ray::WorkerDict
3791460 63517460 ray::WorkerDict
1317539 4835228 VLLM::Worker_TP
1317538 4830412 VLLM::Worker_TP
3880556 1828756 ray::AgentLoopW
3880552 1817268 ray::AgentLoopW
3880551 1740628 ray::AgentLoopW
== 2026-09-05T16:41:58+09:00
Mem:            1007         701         307         368         370         305
    PID   RSS COMMAND
3873386 87675388 VLLM::Worker
3873390 87671032 VLLM::Worker
3873387 87332736 VLLM::Worker
3873391 87286100 VLLM::Worker
3791454 63593072 ray::WorkerDict
3791453 63587844 ray::WorkerDict
3791459 63555256 ray::WorkerDict
3791460 63514388 ray::WorkerDict
1317539 4835228 VLLM::Worker_TP
1317538 4830412 VLLM::Worker_TP
3880556 1828756 ray::AgentLoopW
3880552 1817268 ray::AgentLoopW
3880551 1740628 ray::AgentLoopW
== 2026-09-05T16:42:18+09:00
Mem:            1007         701         307         368         370         305
    PID   RSS COMMAND
3873386 87677692 VLLM::Worker
3873390 87669496 VLLM::Worker
3873387 87335808 VLLM::Worker
3873391 87286100 VLLM::Worker
3791454 63594608 ray::WorkerDict
3791453 63587844 ray::WorkerDict
3791459 63558328 ray::WorkerDict
3791460 63514388 ray::WorkerDict
1317539 4835228 VLLM::Worker_TP
1317538 4830412 VLLM::Worker_TP
3880556 1828756 ray::AgentLoopW
3880552 1817268 ray::AgentLoopW
3880551 1740628 ray::AgentLoopW
== 2026-09-05T16:42:38+09:00
Mem:            1007         701         307         368         370         305
    PID   RSS COMMAND
3873386 87676156 VLLM::Worker
3873390 87674104 VLLM::Worker
3873387 87335808 VLLM::Worker
3873391 87286100 VLLM::Worker
3791454 63593840 ray::WorkerDict
3791453 63586308 ray::WorkerDict
3791459 63556792 ray::WorkerDict
3791460 63514388 ray::WorkerDict
1317539 4835228 VLLM::Worker_TP
1317538 4830412 VLLM::Worker_TP
3880556 1828756 ray::AgentLoopW
3880552 1817268 ray::AgentLoopW
3880551 1740628 ray::AgentLoopW
== 2026-09-05T16:42:58+09:00
Mem:            1007         701         307         368         370         305
    PID   RSS COMMAND
3873386 87675388 VLLM::Worker
3873390 87674104 VLLM::Worker
3873387 87333504 VLLM::Worker
3873391 87286100 VLLM::Worker
3791454 63595376 ray::WorkerDict
3791453 63587076 ray::WorkerDict
3791459 63556792 ray::WorkerDict
3791460 63515924 ray::WorkerDict
1317539 4835228 VLLM::Worker_TP
1317538 4830412 VLLM::Worker_TP
3880556 1828756 ray::AgentLoopW
3880552 1817268 ray::AgentLoopW
3880551 1740628 ray::AgentLoopW
== 2026-09-05T16:43:18+09:00
Mem:            1007         701         307         368         370         305
    PID   RSS COMMAND
3873386 87674620 VLLM::Worker
3873390 87671032 VLLM::Worker
3873387 87336576 VLLM::Worker
3873391 87286100 VLLM::Worker
3791454 63594608 ray::WorkerDict
3791453 63585540 ray::WorkerDict
3791459 63558328 ray::WorkerDict
3791460 63515924 ray::WorkerDict
1317539 4835228 VLLM::Worker_TP
1317538 4830412 VLLM::Worker_TP
3880556 1828756 ray::AgentLoopW
3880552 1817268 ray::AgentLoopW
3880551 1740628 ray::AgentLoopW
== 2026-09-05T16:43:38+09:00
Mem:            1007         701         307         368         370         305
    PID   RSS COMMAND
3873386 87677692 VLLM::Worker
3873390 87672568 VLLM::Worker
3873387 87334272 VLLM::Worker
3873391 87286100 VLLM::Worker
3791454 63594608 ray::WorkerDict
3791453 63585540 ray::WorkerDict
3791459 63558328 ray::WorkerDict
3791460 63515924 ray::WorkerDict
1317539 4835228 VLLM::Worker_TP
1317538 4830412 VLLM::Worker_TP
3880556 1828756 ray::AgentLoopW
3880552 1817268 ray::AgentLoopW
3880551 1740628 ray::AgentLoopW
== 2026-09-05T16:43:59+09:00
Mem:            1007         701         307         368         370         305
    PID   RSS COMMAND
3873386 87675388 VLLM::Worker
3873390 87672568 VLLM::Worker
3873387 87330432 VLLM::Worker
3873391 87286100 VLLM::Worker
3791454 63594608 ray::WorkerDict
3791453 63586308 ray::WorkerDict
3791459 63558328 ray::WorkerDict
3791460 63515924 ray::WorkerDict
1317539 4835228 VLLM::Worker_TP
1317538 4830412 VLLM::Worker_TP
3880556 1828756 ray::AgentLoopW
3880552 1817268 ray::AgentLoopW
3880551 1740628 ray::AgentLoopW
== 2026-09-05T16:44:19+09:00
Mem:            1007         701         307         368         370         305
    PID   RSS COMMAND
3873386 87673852 VLLM::Worker
3873390 87673336 VLLM::Worker
3873387 87333504 VLLM::Worker
3873391 87285332 VLLM::Worker
3791454 63596144 ray::WorkerDict
3791453 63585540 ray::WorkerDict
3791459 63558328 ray::WorkerDict
3791460 63518228 ray::WorkerDict
1317539 4835228 VLLM::Worker_TP
1317538 4830412 VLLM::Worker_TP
3880556 1828756 ray::AgentLoopW
3880552 1817268 ray::AgentLoopW
3880551 1740628 ray::AgentLoopW
== 2026-09-05T16:44:39+09:00
Mem:            1007         701         307         368         370         305
    PID   RSS COMMAND
3873386 87673084 VLLM::Worker
3873390 87671800 VLLM::Worker
3873387 87332736 VLLM::Worker
3873391 87286100 VLLM::Worker
3791454 63596144 ray::WorkerDict
3791453 63584004 ray::WorkerDict
3791459 63557560 ray::WorkerDict
3791460 63518228 ray::WorkerDict
1317539 4835228 VLLM::Worker_TP
1317538 4830412 VLLM::Worker_TP
3880556 1828756 ray::AgentLoopW
3880552 1817268 ray::AgentLoopW
3880551 1740628 ray::AgentLoopW
== 2026-09-05T16:44:59+09:00
Mem:            1007         701         307         368         370         305
    PID   RSS COMMAND
3873386 87674620 VLLM::Worker
3873390 87674104 VLLM::Worker
3873387 87332736 VLLM::Worker
3873391 87285332 VLLM::Worker
3791454 63596144 ray::WorkerDict
3791453 63584004 ray::WorkerDict
3791459 63555256 ray::WorkerDict
3791460 63516692 ray::WorkerDict
1317539 4835228 VLLM::Worker_TP
1317538 4830412 VLLM::Worker_TP
3880556 1828756 ray::AgentLoopW
3880552 1817268 ray::AgentLoopW
3880551 1740628 ray::AgentLoopW
== 2026-09-05T16:45:19+09:00
Mem:            1007         701         307         368         370         305
    PID   RSS COMMAND
3873386 87676156 VLLM::Worker
3873390 87672568 VLLM::Worker
3873387 87334272 VLLM::Worker
3873391 87283796 VLLM::Worker
3791454 63595376 ray::WorkerDict
3791453 63584772 ray::WorkerDict
3791459 63556792 ray::WorkerDict
3791460 63516692 ray::WorkerDict
1317539 4835228 VLLM::Worker_TP
1317538 4830412 VLLM::Worker_TP
3880556 1828756 ray::AgentLoopW
3880552 1817268 ray::AgentLoopW
3880551 1740628 ray::AgentLoopW
== 2026-09-05T16:45:39+09:00
Mem:            1007         701         307         368         370         305
    PID   RSS COMMAND
3873386 87674620 VLLM::Worker
3873390 87671032 VLLM::Worker
3873387 87335808 VLLM::Worker
3873391 87285332 VLLM::Worker
3791454 63594608 ray::WorkerDict
3791453 63586308 ray::WorkerDict
3791459 63555256 ray::WorkerDict
3791460 63515156 ray::WorkerDict
1317539 4835228 VLLM::Worker_TP
1317538 4830412 VLLM::Worker_TP
3880556 1828756 ray::AgentLoopW
3880552 1817268 ray::AgentLoopW
3880551 1740628 ray::AgentLoopW
== 2026-09-05T16:45:59+09:00
Mem:            1007         701         307         368         370         305
    PID   RSS COMMAND
3873386 87673852 VLLM::Worker
3873390 87671800 VLLM::Worker
3873387 87335040 VLLM::Worker
3873391 87286868 VLLM::Worker
3791454 63593840 ray::WorkerDict
3791453 63585540 ray::WorkerDict
3791459 63555256 ray::WorkerDict
3791460 63514388 ray::WorkerDict
1317539 4835228 VLLM::Worker_TP
1317538 4830412 VLLM::Worker_TP
3880556 1828756 ray::AgentLoopW
3880552 1817268 ray::AgentLoopW
3880551 1740628 ray::AgentLoopW
== 2026-09-05T16:46:19+09:00
Mem:            1007         702         307         368         370         305
    PID   RSS COMMAND
3873386 87673852 VLLM::Worker
3873390 87673336 VLLM::Worker
3873387 87335040 VLLM::Worker
3873391 87286100 VLLM::Worker
3791454 63596144 ray::WorkerDict
3791453 63587844 ray::WorkerDict
3791459 63556024 ray::WorkerDict
3791460 63513620 ray::WorkerDict
1317539 4835228 VLLM::Worker_TP
1317538 4830412 VLLM::Worker_TP
3880556 1828756 ray::AgentLoopW
3880552 1817268 ray::AgentLoopW
3880551 1740628 ray::AgentLoopW
== 2026-09-05T16:46:39+09:00
Mem:            1007         702         307         368         370         305
    PID   RSS COMMAND
3873386 87675388 VLLM::Worker
3873390 87674104 VLLM::Worker
3873387 87331968 VLLM::Worker
3873391 87284564 VLLM::Worker
3791454 63593840 ray::WorkerDict
3791453 63586308 ray::WorkerDict
3791459 63556792 ray::WorkerDict
3791460 63512852 ray::WorkerDict
1317539 4835228 VLLM::Worker_TP
1317538 4830412 VLLM::Worker_TP
3880556 1828756 ray::AgentLoopW
3880552 1817268 ray::AgentLoopW
3880551 1740628 ray::AgentLoopW
== 2026-09-05T16:46:59+09:00
Mem:            1007         702         307         368         370         305
    PID   RSS COMMAND
3873390 87674872 VLLM::Worker
3873386 87673852 VLLM::Worker
3873387 87335040 VLLM::Worker
3873391 87286868 VLLM::Worker
3791454 63596144 ray::WorkerDict
3791453 63583236 ray::WorkerDict
3791459 63559864 ray::WorkerDict
3791460 63511316 ray::WorkerDict
1317539 4835228 VLLM::Worker_TP
1317538 4830412 VLLM::Worker_TP
3880556 1828756 ray::AgentLoopW
3880552 1817268 ray::AgentLoopW
3880551 1740628 ray::AgentLoopW
== 2026-09-05T16:47:19+09:00
Mem:            1007         701         307         368         370         305
    PID   RSS COMMAND
3873386 87676156 VLLM::Worker
3873390 87671800 VLLM::Worker
3873387 87332736 VLLM::Worker
3873391 87286100 VLLM::Worker
3791454 63596912 ray::WorkerDict
3791453 63585540 ray::WorkerDict
3791459 63558328 ray::WorkerDict
3791460 63512084 ray::WorkerDict
1317539 4835228 VLLM::Worker_TP
1317538 4830412 VLLM::Worker_TP
3880556 1828756 ray::AgentLoopW
3880552 1817268 ray::AgentLoopW
3880551 1740628 ray::AgentLoopW
== 2026-09-05T16:47:39+09:00
Mem:            1007         701         307         368         370         305
    PID   RSS COMMAND
3873386 87674620 VLLM::Worker
3873390 87671032 VLLM::Worker
3873387 87331200 VLLM::Worker
3873391 87285332 VLLM::Worker
3791454 63595376 ray::WorkerDict
3791453 63583236 ray::WorkerDict
3791459 63558328 ray::WorkerDict
3791460 63512084 ray::WorkerDict
1317539 4835228 VLLM::Worker_TP
1317538 4830412 VLLM::Worker_TP
3880556 1828756 ray::AgentLoopW
3880552 1817268 ray::AgentLoopW
3880551 1740628 ray::AgentLoopW
== 2026-09-05T16:47:59+09:00
Mem:            1007         701         307         368         370         305
    PID   RSS COMMAND
3873386 87674620 VLLM::Worker
3873390 87673336 VLLM::Worker
3873387 87335040 VLLM::Worker
3873391 87286100 VLLM::Worker
3791454 63595376 ray::WorkerDict
3791453 63584772 ray::WorkerDict
3791459 63556792 ray::WorkerDict
3791460 63513620 ray::WorkerDict
1317539 4835228 VLLM::Worker_TP
1317538 4830412 VLLM::Worker_TP
3880556 1828756 ray::AgentLoopW
3880552 1817268 ray::AgentLoopW
3880551 1740628 ray::AgentLoopW
== 2026-09-05T16:48:19+09:00
Mem:            1007         701         307         368         370         305
    PID   RSS COMMAND
3873386 87674620 VLLM::Worker
3873390 87671032 VLLM::Worker
3873387 87333504 VLLM::Worker
3873391 87286100 VLLM::Worker
3791454 63594608 ray::WorkerDict
3791453 63585540 ray::WorkerDict
3791459 63556792 ray::WorkerDict
3791460 63512084 ray::WorkerDict
1317539 4835228 VLLM::Worker_TP
1317538 4830412 VLLM::Worker_TP
3880556 1828756 ray::AgentLoopW
3880552 1817268 ray::AgentLoopW
3880551 1740628 ray::AgentLoopW
== 2026-09-05T16:48:39+09:00
Mem:            1007         701         307         368         370         305
    PID   RSS COMMAND
3873386 87675388 VLLM::Worker
3873390 87674872 VLLM::Worker
3873387 87333504 VLLM::Worker
3873391 87286868 VLLM::Worker
3791454 63594608 ray::WorkerDict
3791453 63584772 ray::WorkerDict
3791459 63557560 ray::WorkerDict
3791460 63513620 ray::WorkerDict
1317539 4835228 VLLM::Worker_TP
1317538 4830412 VLLM::Worker_TP
3880556 1828756 ray::AgentLoopW
3880552 1817268 ray::AgentLoopW
3880551 1740628 ray::AgentLoopW
== 2026-09-05T16:48:59+09:00
Mem:            1007         701         307         368         370         305
    PID   RSS COMMAND
3873386 87673084 VLLM::Worker
3873390 87671800 VLLM::Worker
3873387 87337344 VLLM::Worker
3873391 87285332 VLLM::Worker
3791454 63596144 ray::WorkerDict
3791453 63586308 ray::WorkerDict
3791459 63556024 ray::WorkerDict
3791460 63514388 ray::WorkerDict
1317539 4835228 VLLM::Worker_TP
1317538 4830412 VLLM::Worker_TP
3880556 1828756 ray::AgentLoopW
3880552 1817268 ray::AgentLoopW
3880551 1740628 ray::AgentLoopW
== 2026-09-05T16:49:19+09:00
Mem:            1007         701         307         368         370         305
    PID   RSS COMMAND
3873386 87674620 VLLM::Worker
3873390 87671032 VLLM::Worker
3873387 87334272 VLLM::Worker
3873391 87285332 VLLM::Worker
3791454 63595376 ray::WorkerDict
3791453 63586308 ray::WorkerDict
3791459 63555256 ray::WorkerDict
3791460 63514388 ray::WorkerDict
1317539 4835228 VLLM::Worker_TP
1317538 4830412 VLLM::Worker_TP
3880556 1828756 ray::AgentLoopW
3880552 1817268 ray::AgentLoopW
3880551 1740628 ray::AgentLoopW
== 2026-09-05T16:49:39+09:00
Mem:            1007         701         307         368         370         305
    PID   RSS COMMAND
3873386 87676156 VLLM::Worker
3873390 87671800 VLLM::Worker
3873387 87338112 VLLM::Worker
3873391 87284564 VLLM::Worker
3791454 63593840 ray::WorkerDict
3791453 63587076 ray::WorkerDict
3791459 63555256 ray::WorkerDict
3791460 63515156 ray::WorkerDict
1317539 4835228 VLLM::Worker_TP
1317538 4830412 VLLM::Worker_TP
3880556 1828756 ray::AgentLoopW
3880552 1817268 ray::AgentLoopW
3880551 1740628 ray::AgentLoopW
== 2026-09-05T16:49:59+09:00
Mem:            1007         701         307         368         370         305
    PID   RSS COMMAND
3873386 87676924 VLLM::Worker
3873390 87674104 VLLM::Worker
3873387 87336576 VLLM::Worker
3873391 87283028 VLLM::Worker
3791454 63592304 ray::WorkerDict
3791453 63587844 ray::WorkerDict
3791459 63555256 ray::WorkerDict
3791460 63515156 ray::WorkerDict
1317539 4835228 VLLM::Worker_TP
1317538 4830412 VLLM::Worker_TP
3880556 1828756 ray::AgentLoopW
3880552 1817268 ray::AgentLoopW
3880551 1740628 ray::AgentLoopW
== 2026-09-05T16:50:19+09:00
Mem:            1007         701         307         368         370         305
    PID   RSS COMMAND
3873386 87672316 VLLM::Worker
3873390 87671800 VLLM::Worker
3873387 87332736 VLLM::Worker
3873391 87283796 VLLM::Worker
3791454 63592304 ray::WorkerDict
3791453 63587844 ray::WorkerDict
3791459 63556024 ray::WorkerDict
3791460 63515156 ray::WorkerDict
1317539 4835228 VLLM::Worker_TP
1317538 4830412 VLLM::Worker_TP
3880556 1828756 ray::AgentLoopW
3880552 1817268 ray::AgentLoopW
3880551 1740628 ray::AgentLoopW
== 2026-09-05T16:50:39+09:00
Mem:            1007         701         307         368         370         305
    PID   RSS COMMAND
3873390 87672568 VLLM::Worker
3873386 87672316 VLLM::Worker
3873387 87334272 VLLM::Worker
3873391 87283028 VLLM::Worker
3791454 63593072 ray::WorkerDict
3791453 63587844 ray::WorkerDict
3791459 63556024 ray::WorkerDict
3791460 63515156 ray::WorkerDict
1317539 4835228 VLLM::Worker_TP
1317538 4830412 VLLM::Worker_TP
3880556 1828756 ray::AgentLoopW
3880552 1817268 ray::AgentLoopW
3880551 1740628 ray::AgentLoopW
== 2026-09-05T16:50:59+09:00
Mem:            1007         701         307         368         370         305
    PID   RSS COMMAND
3873386 87676924 VLLM::Worker
3873390 87671800 VLLM::Worker
3873387 87333504 VLLM::Worker
3873391 87284564 VLLM::Worker
3791454 63591536 ray::WorkerDict
3791453 63584772 ray::WorkerDict
3791459 63556792 ray::WorkerDict
3791460 63514388 ray::WorkerDict
1317539 4835228 VLLM::Worker_TP
1317538 4830412 VLLM::Worker_TP
3880556 1828756 ray::AgentLoopW
3880552 1817268 ray::AgentLoopW
3880551 1740628 ray::AgentLoopW
== 2026-09-05T16:51:19+09:00
Mem:            1007         701         307         368         370         305
    PID   RSS COMMAND
3873386 87674620 VLLM::Worker
3873390 87671800 VLLM::Worker
3873387 87335040 VLLM::Worker
3873391 87285332 VLLM::Worker
3791454 63591536 ray::WorkerDict
3791453 63584772 ray::WorkerDict
3791459 63559864 ray::WorkerDict
3791460 63515156 ray::WorkerDict
1317539 4835228 VLLM::Worker_TP
1317538 4830412 VLLM::Worker_TP
3880556 1828756 ray::AgentLoopW
3880552 1817268 ray::AgentLoopW
3880551 1740628 ray::AgentLoopW
== 2026-09-05T16:51:39+09:00
Mem:            1007         701         307         368         370         305
    PID   RSS COMMAND
3873386 87674620 VLLM::Worker
3873390 87672568 VLLM::Worker
3873387 87335808 VLLM::Worker
3873391 87284564 VLLM::Worker
3791454 63591536 ray::WorkerDict
3791453 63588612 ray::WorkerDict
3791459 63558328 ray::WorkerDict
3791460 63515924 ray::WorkerDict
1317539 4835228 VLLM::Worker_TP
1317538 4830412 VLLM::Worker_TP
3880556 1828756 ray::AgentLoopW
3880552 1817268 ray::AgentLoopW
3880551 1740628 ray::AgentLoopW
== 2026-09-05T16:51:59+09:00
Mem:            1007         701         307         368         370         305
    PID   RSS COMMAND
3873386 87675388 VLLM::Worker
3873390 87671032 VLLM::Worker
3873387 87335040 VLLM::Worker
3873391 87285332 VLLM::Worker
3791454 63591536 ray::WorkerDict
3791453 63586308 ray::WorkerDict
3791459 63556024 ray::WorkerDict
3791460 63514388 ray::WorkerDict
1317539 4835228 VLLM::Worker_TP
1317538 4830412 VLLM::Worker_TP
3880556 1828756 ray::AgentLoopW
3880552 1817268 ray::AgentLoopW
3880551 1740628 ray::AgentLoopW
== 2026-09-05T16:52:19+09:00
Mem:            1007         701         307         368         370         305
    PID   RSS COMMAND
3873386 87676156 VLLM::Worker
3873390 87671800 VLLM::Worker
3873387 87335808 VLLM::Worker
3873391 87284564 VLLM::Worker
3791454 63595376 ray::WorkerDict
3791453 63587076 ray::WorkerDict
3791459 63556024 ray::WorkerDict
3791460 63515156 ray::WorkerDict
1317539 4835228 VLLM::Worker_TP
1317538 4830412 VLLM::Worker_TP
3880556 1828756 ray::AgentLoopW
3880552 1817268 ray::AgentLoopW
3880551 1740628 ray::AgentLoopW
== 2026-09-05T16:52:39+09:00
Mem:            1007         701         307         368         370         305
    PID   RSS COMMAND
3873386 87674620 VLLM::Worker
3873390 87671032 VLLM::Worker
3873387 87337344 VLLM::Worker
3873391 87285332 VLLM::Worker
3791454 63594608 ray::WorkerDict
3791453 63585540 ray::WorkerDict
3791459 63555256 ray::WorkerDict
3791460 63515924 ray::WorkerDict
1317539 4835228 VLLM::Worker_TP
1317538 4830412 VLLM::Worker_TP
3880556 1828756 ray::AgentLoopW
3880552 1817268 ray::AgentLoopW
3880551 1740628 ray::AgentLoopW
== 2026-09-05T16:52:59+09:00
Mem:            1007         701         307         368         370         305
    PID   RSS COMMAND
3873386 87675388 VLLM::Worker
3873390 87670264 VLLM::Worker
3873387 87332736 VLLM::Worker
3873391 87285332 VLLM::Worker
3791454 63593072 ray::WorkerDict
3791453 63586308 ray::WorkerDict
3791459 63556024 ray::WorkerDict
3791460 63515156 ray::WorkerDict
1317539 4835228 VLLM::Worker_TP
1317538 4830412 VLLM::Worker_TP
3880556 1828756 ray::AgentLoopW
3880552 1817268 ray::AgentLoopW
3880551 1740628 ray::AgentLoopW
== 2026-09-05T16:53:19+09:00
Mem:            1007         701         307         368         370         305
    PID   RSS COMMAND
3873386 87674620 VLLM::Worker
3873390 87672568 VLLM::Worker
3873387 87332736 VLLM::Worker
3873391 87285332 VLLM::Worker
3791454 63594608 ray::WorkerDict
3791453 63587076 ray::WorkerDict
3791459 63556024 ray::WorkerDict
3791460 63515156 ray::WorkerDict
1317539 4835228 VLLM::Worker_TP
1317538 4830412 VLLM::Worker_TP
3880556 1828756 ray::AgentLoopW
3880552 1817268 ray::AgentLoopW
3880551 1740628 ray::AgentLoopW
== 2026-09-05T16:53:39+09:00
Mem:            1007         701         307         368         370         305
    PID   RSS COMMAND
3873386 87674620 VLLM::Worker
3873390 87671800 VLLM::Worker
3873387 87333504 VLLM::Worker
3873391 87286868 VLLM::Worker
3791454 63593072 ray::WorkerDict
3791453 63587076 ray::WorkerDict
3791459 63555256 ray::WorkerDict
3791460 63514388 ray::WorkerDict
1317539 4835228 VLLM::Worker_TP
1317538 4830412 VLLM::Worker_TP
3880556 1828756 ray::AgentLoopW
3880552 1817268 ray::AgentLoopW
3880551 1740628 ray::AgentLoopW
== 2026-09-05T16:53:59+09:00
Mem:            1007         701         307         368         370         305
    PID   RSS COMMAND
3873386 87676924 VLLM::Worker
3873390 87671032 VLLM::Worker
3873387 87332736 VLLM::Worker
3873391 87286100 VLLM::Worker
3791454 63594608 ray::WorkerDict
3791453 63587076 ray::WorkerDict
3791459 63555256 ray::WorkerDict
3791460 63514388 ray::WorkerDict
1317539 4835228 VLLM::Worker_TP
1317538 4830412 VLLM::Worker_TP
3880556 1828756 ray::AgentLoopW
3880552 1817268 ray::AgentLoopW
3880551 1740628 ray::AgentLoopW
== 2026-09-05T16:54:20+09:00
Mem:            1007         701         307         368         370         305
    PID   RSS COMMAND
3873386 87677692 VLLM::Worker
3873390 87673336 VLLM::Worker
3873387 87336576 VLLM::Worker
3873391 87286868 VLLM::Worker
3791454 63597680 ray::WorkerDict
3791453 63587076 ray::WorkerDict
3791459 63556792 ray::WorkerDict
3791460 63513620 ray::WorkerDict
1317539 4835228 VLLM::Worker_TP
1317538 4830412 VLLM::Worker_TP
3880556 1828756 ray::AgentLoopW
3880552 1817268 ray::AgentLoopW
3880551 1740628 ray::AgentLoopW
== 2026-09-05T16:54:40+09:00
Mem:            1007         701         307         368         370         305
    PID   RSS COMMAND
3873386 87676156 VLLM::Worker
3873390 87671800 VLLM::Worker
3873387 87333504 VLLM::Worker
3873391 87286868 VLLM::Worker
3791454 63596144 ray::WorkerDict
3791453 63587844 ray::WorkerDict
3791459 63556792 ray::WorkerDict
3791460 63512852 ray::WorkerDict
1317539 4835228 VLLM::Worker_TP
1317538 4830412 VLLM::Worker_TP
3880556 1828756 ray::AgentLoopW
3880552 1817268 ray::AgentLoopW
3880551 1740628 ray::AgentLoopW
== 2026-09-05T16:55:00+09:00
Mem:            1007         701         307         368         370         305
    PID   RSS COMMAND
3873386 87674620 VLLM::Worker
3873390 87671800 VLLM::Worker
3873387 87333504 VLLM::Worker
3873391 87286868 VLLM::Worker
3791454 63596144 ray::WorkerDict
3791453 63585540 ray::WorkerDict
3791459 63558328 ray::WorkerDict
3791460 63514388 ray::WorkerDict
1317539 4835228 VLLM::Worker_TP
1317538 4830412 VLLM::Worker_TP
3880556 1828756 ray::AgentLoopW
3880552 1817268 ray::AgentLoopW
3880551 1740628 ray::AgentLoopW
== 2026-09-05T16:55:20+09:00
Mem:            1007         701         307         368         370         305
    PID   RSS COMMAND
3873386 87675388 VLLM::Worker
3873390 87674872 VLLM::Worker
3873387 87331968 VLLM::Worker
3873391 87286868 VLLM::Worker
3791454 63596912 ray::WorkerDict
3791453 63587076 ray::WorkerDict
3791459 63558328 ray::WorkerDict
3791460 63513620 ray::WorkerDict
1317539 4835228 VLLM::Worker_TP
1317538 4830412 VLLM::Worker_TP
3880556 1828756 ray::AgentLoopW
3880552 1817268 ray::AgentLoopW
3880551 1740628 ray::AgentLoopW
== 2026-09-05T16:55:40+09:00
Mem:            1007         701         307         368         370         305
    PID   RSS COMMAND
3873386 87676924 VLLM::Worker
3873390 87674872 VLLM::Worker
3873387 87331968 VLLM::Worker
3873391 87286100 VLLM::Worker
3791454 63597680 ray::WorkerDict
3791453 63587844 ray::WorkerDict
3791459 63557560 ray::WorkerDict
3791460 63511316 ray::WorkerDict
1317539 4835228 VLLM::Worker_TP
1317538 4830412 VLLM::Worker_TP
3880556 1828756 ray::AgentLoopW
3880552 1817268 ray::AgentLoopW
3880551 1740628 ray::AgentLoopW
== 2026-09-05T16:56:00+09:00
Mem:            1007         701         307         368         370         305
    PID   RSS COMMAND
3873390 87674872 VLLM::Worker
3873386 87673852 VLLM::Worker
3873387 87334272 VLLM::Worker
3873391 87286100 VLLM::Worker
3791454 63594608 ray::WorkerDict
3791453 63589380 ray::WorkerDict
3791459 63556792 ray::WorkerDict
3791460 63512084 ray::WorkerDict
1317539 4835228 VLLM::Worker_TP
1317538 4830412 VLLM::Worker_TP
3880556 1828756 ray::AgentLoopW
3880552 1817268 ray::AgentLoopW
3880551 1740628 ray::AgentLoopW
== 2026-09-05T16:56:20+09:00
Mem:            1007         701         307         368         370         305
    PID   RSS COMMAND
3873386 87676156 VLLM::Worker
3873390 87670264 VLLM::Worker
3873387 87335040 VLLM::Worker
3873391 87286100 VLLM::Worker
3791454 63592304 ray::WorkerDict
3791453 63586308 ray::WorkerDict
3791459 63557560 ray::WorkerDict
3791460 63513620 ray::WorkerDict
1317539 4835228 VLLM::Worker_TP
1317538 4830412 VLLM::Worker_TP
3880556 1828756 ray::AgentLoopW
3880552 1817268 ray::AgentLoopW
3880551 1740628 ray::AgentLoopW
== 2026-09-05T16:56:40+09:00
Mem:            1007         701         307         368         370         305
    PID   RSS COMMAND
3873386 87679228 VLLM::Worker
3873390 87675640 VLLM::Worker
3873387 87335808 VLLM::Worker
3873391 87285332 VLLM::Worker
3791454 63595376 ray::WorkerDict
3791453 63585540 ray::WorkerDict
3791459 63556792 ray::WorkerDict
3791460 63513620 ray::WorkerDict
1317539 4835228 VLLM::Worker_TP
1317538 4830412 VLLM::Worker_TP
3880556 1828756 ray::AgentLoopW
3880552 1817268 ray::AgentLoopW
3880551 1740628 ray::AgentLoopW
== 2026-09-05T16:57:00+09:00
Mem:            1007         701         307         368         370         305
    PID   RSS COMMAND
3873386 87675388 VLLM::Worker
3873390 87674872 VLLM::Worker
3873387 87334272 VLLM::Worker
3873391 87284564 VLLM::Worker
3791454 63594608 ray::WorkerDict
3791453 63585540 ray::WorkerDict
3791459 63555256 ray::WorkerDict
3791460 63515156 ray::WorkerDict
1317539 4835228 VLLM::Worker_TP
1317538 4830412 VLLM::Worker_TP
3880556 1828756 ray::AgentLoopW
3880552 1817268 ray::AgentLoopW
3880551 1740628 ray::AgentLoopW
== 2026-09-05T16:57:20+09:00
Mem:            1007         701         307         368         370         305
    PID   RSS COMMAND
3873386 87675388 VLLM::Worker
3873390 87672568 VLLM::Worker
3873387 87333504 VLLM::Worker
3873391 87285332 VLLM::Worker
3791454 63595376 ray::WorkerDict
3791453 63584004 ray::WorkerDict
3791459 63554488 ray::WorkerDict
3791460 63514388 ray::WorkerDict
1317539 4835228 VLLM::Worker_TP
1317538 4830412 VLLM::Worker_TP
3880556 1828756 ray::AgentLoopW
3880552 1817268 ray::AgentLoopW
3880551 1740628 ray::AgentLoopW
== 2026-09-05T16:57:40+09:00
Mem:            1007         701         307         368         370         305
    PID   RSS COMMAND
3873386 87676924 VLLM::Worker
3873390 87672568 VLLM::Worker
3873387 87331968 VLLM::Worker
3873391 87285332 VLLM::Worker
3791454 63596144 ray::WorkerDict
3791453 63587076 ray::WorkerDict
3791459 63556024 ray::WorkerDict
3791460 63515924 ray::WorkerDict
1317539 4835228 VLLM::Worker_TP
1317538 4830412 VLLM::Worker_TP
3880556 1828756 ray::AgentLoopW
3880552 1817268 ray::AgentLoopW
3880551 1740628 ray::AgentLoopW
== 2026-09-05T16:58:00+09:00
Mem:            1007         701         307         368         370         305
    PID   RSS COMMAND
3873386 87677692 VLLM::Worker
3873390 87673336 VLLM::Worker
3873387 87332736 VLLM::Worker
3873391 87286100 VLLM::Worker
3791454 63594608 ray::WorkerDict
3791453 63586308 ray::WorkerDict
3791459 63556792 ray::WorkerDict
3791460 63515924 ray::WorkerDict
1317539 4835228 VLLM::Worker_TP
1317538 4830412 VLLM::Worker_TP
3880556 1828756 ray::AgentLoopW
3880552 1817268 ray::AgentLoopW
3880551 1740628 ray::AgentLoopW
== 2026-09-05T16:58:20+09:00
Mem:            1007         701         307         368         370         305
    PID   RSS COMMAND
3873386 87673852 VLLM::Worker
3873390 87671800 VLLM::Worker
3873387 87336576 VLLM::Worker
3873391 87287636 VLLM::Worker
3791454 63596144 ray::WorkerDict
3791453 63585540 ray::WorkerDict
3791459 63555256 ray::WorkerDict
3791460 63514388 ray::WorkerDict
1317539 4835228 VLLM::Worker_TP
1317538 4830412 VLLM::Worker_TP
3880556 1828756 ray::AgentLoopW
3880552 1817268 ray::AgentLoopW
3880551 1740628 ray::AgentLoopW
== 2026-09-05T16:58:40+09:00
Mem:            1007         701         307         368         370         305
    PID   RSS COMMAND
3873390 87674872 VLLM::Worker
3873386 87673852 VLLM::Worker
3873387 87334272 VLLM::Worker
3873391 87286868 VLLM::Worker
3791454 63593840 ray::WorkerDict
3791453 63584004 ray::WorkerDict
3791459 63556024 ray::WorkerDict
3791460 63513620 ray::WorkerDict
1317539 4835228 VLLM::Worker_TP
1317538 4830412 VLLM::Worker_TP
3880556 1828756 ray::AgentLoopW
3880552 1817268 ray::AgentLoopW
3880551 1740628 ray::AgentLoopW
== 2026-09-05T16:59:00+09:00
Mem:            1007         701         307         368         370         305
    PID   RSS COMMAND
3873386 87675388 VLLM::Worker
3873390 87673336 VLLM::Worker
3873387 87333504 VLLM::Worker
3873391 87286100 VLLM::Worker
3791454 63596144 ray::WorkerDict
3791453 63585540 ray::WorkerDict
3791459 63556024 ray::WorkerDict
3791460 63514388 ray::WorkerDict
1317539 4835228 VLLM::Worker_TP
1317538 4830412 VLLM::Worker_TP
3880556 1828756 ray::AgentLoopW
3880552 1817268 ray::AgentLoopW
3880551 1740628 ray::AgentLoopW
== 2026-09-05T16:59:20+09:00
Mem:            1007         701         307         368         370         305
    PID   RSS COMMAND
3873386 87677692 VLLM::Worker
3873390 87674104 VLLM::Worker
3873387 87336576 VLLM::Worker
3873391 87286100 VLLM::Worker
3791454 63596912 ray::WorkerDict
3791453 63584772 ray::WorkerDict
3791459 63554488 ray::WorkerDict
3791460 63515156 ray::WorkerDict
1317539 4835228 VLLM::Worker_TP
1317538 4830412 VLLM::Worker_TP
3880556 1828756 ray::AgentLoopW
3880552 1817268 ray::AgentLoopW
3880551 1740628 ray::AgentLoopW
== 2026-09-05T16:59:40+09:00
Mem:            1007         701         307         368         370         305
    PID   RSS COMMAND
3873386 87675388 VLLM::Worker
3873390 87672568 VLLM::Worker
3873387 87333504 VLLM::Worker
3873391 87285332 VLLM::Worker
3791454 63595376 ray::WorkerDict
3791453 63584004 ray::WorkerDict
3791459 63554488 ray::WorkerDict
3791460 63516692 ray::WorkerDict
1317539 4835228 VLLM::Worker_TP
1317538 4830412 VLLM::Worker_TP
3880556 1828756 ray::AgentLoopW
3880552 1817268 ray::AgentLoopW
3880551 1740628 ray::AgentLoopW
== 2026-09-05T17:00:00+09:00
Mem:            1007         701         307         368         370         305
    PID   RSS COMMAND
3873386 87675388 VLLM::Worker
3873390 87672568 VLLM::Worker
3873387 87331968 VLLM::Worker
3873391 87285332 VLLM::Worker
3791454 63596144 ray::WorkerDict
3791453 63584772 ray::WorkerDict
3791459 63556024 ray::WorkerDict
3791460 63515924 ray::WorkerDict
1317539 4835228 VLLM::Worker_TP
1317538 4830412 VLLM::Worker_TP
3880556 1828756 ray::AgentLoopW
3880552 1817268 ray::AgentLoopW
3880551 1740628 ray::AgentLoopW
== 2026-09-05T17:00:20+09:00
Mem:            1007         701         307         368         370         305
    PID   RSS COMMAND
3873386 87674620 VLLM::Worker
3873390 87672568 VLLM::Worker
3873387 87332736 VLLM::Worker
3873391 87283796 VLLM::Worker
3791454 63596144 ray::WorkerDict
3791453 63586308 ray::WorkerDict
3791459 63556024 ray::WorkerDict
3791460 63515156 ray::WorkerDict
1317539 4835228 VLLM::Worker_TP
1317538 4830412 VLLM::Worker_TP
3880556 1828756 ray::AgentLoopW
3880552 1817268 ray::AgentLoopW
3880551 1740628 ray::AgentLoopW
== 2026-09-05T17:00:40+09:00
Mem:            1007         701         307         368         370         305
    PID   RSS COMMAND
3873386 87676156 VLLM::Worker
3873390 87674104 VLLM::Worker
3873387 87335040 VLLM::Worker
3873391 87283796 VLLM::Worker
3791454 63594608 ray::WorkerDict
3791453 63586308 ray::WorkerDict
3791459 63557560 ray::WorkerDict
3791460 63514388 ray::WorkerDict
1317539 4835228 VLLM::Worker_TP
1317538 4830412 VLLM::Worker_TP
3880556 1828756 ray::AgentLoopW
3880552 1817268 ray::AgentLoopW
3880551 1740628 ray::AgentLoopW
== 2026-09-05T17:01:00+09:00
Mem:            1007         701         307         368         370         305
    PID   RSS COMMAND
3873386 87676156 VLLM::Worker
3873390 87671032 VLLM::Worker
3873387 87334272 VLLM::Worker
3873391 87285332 VLLM::Worker
3791454 63593072 ray::WorkerDict
3791453 63585540 ray::WorkerDict
3791459 63557560 ray::WorkerDict
3791460 63516692 ray::WorkerDict
1317539 4835228 VLLM::Worker_TP
1317538 4830412 VLLM::Worker_TP
3880556 1828756 ray::AgentLoopW
3880552 1817268 ray::AgentLoopW
3880551 1740628 ray::AgentLoopW
== 2026-09-05T17:01:20+09:00
Mem:            1007         702         307         368         370         305
    PID   RSS COMMAND
3873386 87675388 VLLM::Worker
3873390 87669496 VLLM::Worker
3873387 87334272 VLLM::Worker
3873391 87286100 VLLM::Worker
3791454 63593840 ray::WorkerDict
3791453 63585540 ray::WorkerDict
3791459 63556792 ray::WorkerDict
3791460 63515924 ray::WorkerDict
1317539 4835228 VLLM::Worker_TP
1317538 4830412 VLLM::Worker_TP
3880556 1828756 ray::AgentLoopW
3880552 1817268 ray::AgentLoopW
3880551 1740628 ray::AgentLoopW
== 2026-09-05T17:01:40+09:00
Mem:            1007         702         307         368         370         305
    PID   RSS COMMAND
3873386 87677692 VLLM::Worker
3873390 87673336 VLLM::Worker
3873387 87335040 VLLM::Worker
3873391 87285332 VLLM::Worker
3791454 63595376 ray::WorkerDict
3791453 63585540 ray::WorkerDict
3791459 63558328 ray::WorkerDict
3791460 63513620 ray::WorkerDict
1317539 4835228 VLLM::Worker_TP
1317538 4830412 VLLM::Worker_TP
3880556 1828756 ray::AgentLoopW
3880552 1817268 ray::AgentLoopW
3880551 1740628 ray::AgentLoopW
== 2026-09-05T17:02:00+09:00
Mem:            1007         701         307         368         370         305
    PID   RSS COMMAND
3873390 87675640 VLLM::Worker
3873386 87674620 VLLM::Worker
3873387 87334272 VLLM::Worker
3873391 87284564 VLLM::Worker
3791454 63594608 ray::WorkerDict
3791453 63586308 ray::WorkerDict
3791459 63559096 ray::WorkerDict
3791460 63515156 ray::WorkerDict
1317539 4835228 VLLM::Worker_TP
1317538 4830412 VLLM::Worker_TP
3880556 1828756 ray::AgentLoopW
3880552 1817268 ray::AgentLoopW
3880551 1740628 ray::AgentLoopW
== 2026-09-05T17:02:20+09:00
Mem:            1007         701         307         368         370         305
    PID   RSS COMMAND
3873386 87675388 VLLM::Worker
3873390 87671800 VLLM::Worker
3873387 87332736 VLLM::Worker
3873391 87286868 VLLM::Worker
3791454 63593072 ray::WorkerDict
3791453 63587844 ray::WorkerDict
3791459 63558328 ray::WorkerDict
3791460 63515924 ray::WorkerDict
1317539 4835228 VLLM::Worker_TP
1317538 4830412 VLLM::Worker_TP
3880556 1828756 ray::AgentLoopW
3880552 1817268 ray::AgentLoopW
3880551 1740628 ray::AgentLoopW
== 2026-09-05T17:02:40+09:00
Mem:            1007         701         307         368         370         305
    PID   RSS COMMAND
3873386 87673852 VLLM::Worker
3873390 87673336 VLLM::Worker
3873387 87333504 VLLM::Worker
3873391 87284564 VLLM::Worker
3791454 63593072 ray::WorkerDict
3791453 63585540 ray::WorkerDict
3791459 63556024 ray::WorkerDict
3791460 63515156 ray::WorkerDict
1317539 4835228 VLLM::Worker_TP
1317538 4830412 VLLM::Worker_TP
3880556 1828756 ray::AgentLoopW
3880552 1817268 ray::AgentLoopW
3880551 1740628 ray::AgentLoopW
== 2026-09-05T17:03:00+09:00
Mem:            1007         701         307         368         370         305
    PID   RSS COMMAND
3873386 87676156 VLLM::Worker
3873390 87673336 VLLM::Worker
3873387 87331200 VLLM::Worker
3873391 87284564 VLLM::Worker
3791454 63595376 ray::WorkerDict
3791453 63587844 ray::WorkerDict
3791459 63556792 ray::WorkerDict
3791460 63513620 ray::WorkerDict
1317539 4835228 VLLM::Worker_TP
1317538 4830412 VLLM::Worker_TP
3880556 1828756 ray::AgentLoopW
3880552 1817268 ray::AgentLoopW
3880551 1740628 ray::AgentLoopW
== 2026-09-05T17:03:20+09:00
Mem:            1007         701         307         368         370         305
    PID   RSS COMMAND
3873386 87676924 VLLM::Worker
3873390 87672568 VLLM::Worker
3873387 87331200 VLLM::Worker
3873391 87285332 VLLM::Worker
3791454 63593840 ray::WorkerDict
3791453 63588612 ray::WorkerDict
3791459 63556792 ray::WorkerDict
3791460 63513620 ray::WorkerDict
1317539 4835228 VLLM::Worker_TP
1317538 4830412 VLLM::Worker_TP
3880556 1828756 ray::AgentLoopW
3880552 1817268 ray::AgentLoopW
3880551 1740628 ray::AgentLoopW
== 2026-09-05T17:03:40+09:00
Mem:            1007         701         307         368         370         305
    PID   RSS COMMAND
3873390 87674104 VLLM::Worker
3873386 87673852 VLLM::Worker
3873387 87333504 VLLM::Worker
3873391 87284564 VLLM::Worker
3791454 63594608 ray::WorkerDict
3791453 63587076 ray::WorkerDict
3791459 63558328 ray::WorkerDict
3791460 63515156 ray::WorkerDict
1317539 4835228 VLLM::Worker_TP
1317538 4830412 VLLM::Worker_TP
3880556 1828756 ray::AgentLoopW
3880552 1817268 ray::AgentLoopW
3880551 1740628 ray::AgentLoopW
== 2026-09-05T17:04:00+09:00
Mem:            1007         701         307         368         370         305
    PID   RSS COMMAND
3873386 87676924 VLLM::Worker
3873390 87673336 VLLM::Worker
3873387 87334272 VLLM::Worker
3873391 87285332 VLLM::Worker
3791454 63592304 ray::WorkerDict
3791453 63588612 ray::WorkerDict
3791459 63556024 ray::WorkerDict
3791460 63516692 ray::WorkerDict
1317539 4835228 VLLM::Worker_TP
1317538 4830412 VLLM::Worker_TP
3880556 1828756 ray::AgentLoopW
3880552 1817268 ray::AgentLoopW
3880551 1740628 ray::AgentLoopW
== 2026-09-05T17:04:20+09:00
Mem:            1007         701         307         368         370         305
    PID   RSS COMMAND
3873386 87676924 VLLM::Worker
3873390 87674872 VLLM::Worker
3873387 87332736 VLLM::Worker
3873391 87285332 VLLM::Worker
3791454 63594608 ray::WorkerDict
3791453 63587844 ray::WorkerDict
3791459 63555256 ray::WorkerDict
3791460 63516692 ray::WorkerDict
1317539 4835228 VLLM::Worker_TP
1317538 4830412 VLLM::Worker_TP
3880556 1828756 ray::AgentLoopW
3880552 1817268 ray::AgentLoopW
3880551 1740628 ray::AgentLoopW
== 2026-09-05T17:04:41+09:00
Mem:            1007         701         307         368         370         305
    PID   RSS COMMAND
3873386 87676156 VLLM::Worker
3873390 87674104 VLLM::Worker
3873387 87332736 VLLM::Worker
3873391 87284564 VLLM::Worker
3791454 63594608 ray::WorkerDict
3791453 63587844 ray::WorkerDict
3791459 63554488 ray::WorkerDict
3791460 63515924 ray::WorkerDict
1317539 4835228 VLLM::Worker_TP
1317538 4830412 VLLM::Worker_TP
3880556 1828756 ray::AgentLoopW
3880552 1817268 ray::AgentLoopW
3880551 1740628 ray::AgentLoopW
== 2026-09-05T17:05:01+09:00
Mem:            1007         701         307         368         370         305
    PID   RSS COMMAND
3873386 87674620 VLLM::Worker
3873390 87672568 VLLM::Worker
3873387 87336576 VLLM::Worker
3873391 87286100 VLLM::Worker
3791454 63593840 ray::WorkerDict
3791453 63587076 ray::WorkerDict
3791459 63556024 ray::WorkerDict
3791460 63515924 ray::WorkerDict
1317539 4835228 VLLM::Worker_TP
1317538 4830412 VLLM::Worker_TP
3880556 1828756 ray::AgentLoopW
3880552 1817268 ray::AgentLoopW
3880551 1740628 ray::AgentLoopW
== 2026-09-05T17:05:21+09:00
Mem:            1007         701         307         368         370         305
    PID   RSS COMMAND
3873386 87676924 VLLM::Worker
3873390 87674872 VLLM::Worker
3873387 87334272 VLLM::Worker
3873391 87287636 VLLM::Worker
3791454 63592304 ray::WorkerDict
3791453 63587844 ray::WorkerDict
3791459 63556024 ray::WorkerDict
3791460 63514388 ray::WorkerDict
1317539 4835228 VLLM::Worker_TP
1317538 4830412 VLLM::Worker_TP
3880556 1828756 ray::AgentLoopW
3880552 1817268 ray::AgentLoopW
3880551 1740628 ray::AgentLoopW
== 2026-09-05T17:05:41+09:00
Mem:            1007         701         307         368         370         305
    PID   RSS COMMAND
3873386 87676156 VLLM::Worker
3873390 87672568 VLLM::Worker
3873387 87333504 VLLM::Worker
3873391 87286868 VLLM::Worker
3791454 63594608 ray::WorkerDict
3791453 63586308 ray::WorkerDict
3791459 63557560 ray::WorkerDict
3791460 63514388 ray::WorkerDict
1317539 4835228 VLLM::Worker_TP
1317538 4830412 VLLM::Worker_TP
3880556 1828756 ray::AgentLoopW
3880552 1817268 ray::AgentLoopW
3880551 1740628 ray::AgentLoopW
== 2026-09-05T17:06:01+09:00
Mem:            1007         701         307         368         370         305
    PID   RSS COMMAND
3873386 87675388 VLLM::Worker
3873390 87671800 VLLM::Worker
3873387 87332736 VLLM::Worker
3873391 87288404 VLLM::Worker
3791454 63596144 ray::WorkerDict
3791453 63587076 ray::WorkerDict
3791459 63556024 ray::WorkerDict
3791460 63514388 ray::WorkerDict
1317539 4835228 VLLM::Worker_TP
1317538 4830412 VLLM::Worker_TP
3880556 1828756 ray::AgentLoopW
3880552 1817268 ray::AgentLoopW
3880551 1740628 ray::AgentLoopW
== 2026-09-05T17:06:21+09:00
Mem:            1007         701         307         368         370         305
    PID   RSS COMMAND
3873386 87673852 VLLM::Worker
3873390 87671032 VLLM::Worker
3873387 87333504 VLLM::Worker
3873391 87288404 VLLM::Worker
3791454 63595376 ray::WorkerDict
3791453 63585540 ray::WorkerDict
3791459 63558328 ray::WorkerDict
3791460 63515924 ray::WorkerDict
1317539 4835228 VLLM::Worker_TP
1317538 4830412 VLLM::Worker_TP
3880556 1828756 ray::AgentLoopW
3880552 1817268 ray::AgentLoopW
3880551 1740628 ray::AgentLoopW
== 2026-09-05T17:06:41+09:00
Mem:            1007         701         307         368         370         305
    PID   RSS COMMAND
3873386 87671548 VLLM::Worker
3873390 87671032 VLLM::Worker
3873387 87335040 VLLM::Worker
3873391 87288404 VLLM::Worker
3791454 63596144 ray::WorkerDict
3791453 63584772 ray::WorkerDict
3791459 63557560 ray::WorkerDict
3791460 63513620 ray::WorkerDict
1317539 4835228 VLLM::Worker_TP
1317538 4830412 VLLM::Worker_TP
3880556 1828756 ray::AgentLoopW
3880552 1817268 ray::AgentLoopW
3880551 1740628 ray::AgentLoopW
== 2026-09-05T17:07:01+09:00
Mem:            1007         701         307         368         370         305
    PID   RSS COMMAND
3873386 87676156 VLLM::Worker
3873390 87672568 VLLM::Worker
3873387 87334272 VLLM::Worker
3873391 87287636 VLLM::Worker
3791454 63596912 ray::WorkerDict
3791453 63585540 ray::WorkerDict
3791459 63558328 ray::WorkerDict
3791460 63515156 ray::WorkerDict
1317539 4835228 VLLM::Worker_TP
1317538 4830412 VLLM::Worker_TP
3880556 1828756 ray::AgentLoopW
3880552 1817268 ray::AgentLoopW
3880551 1740628 ray::AgentLoopW
== 2026-09-05T17:07:21+09:00
Mem:            1007         701         307         368         370         305
    PID   RSS COMMAND
3873386 87676156 VLLM::Worker
3873390 87672568 VLLM::Worker
3873387 87335040 VLLM::Worker
3873391 87286868 VLLM::Worker
3791454 63596144 ray::WorkerDict
3791453 63584772 ray::WorkerDict
3791459 63557560 ray::WorkerDict
3791460 63515924 ray::WorkerDict
1317539 4835228 VLLM::Worker_TP
1317538 4830412 VLLM::Worker_TP
3880556 1828756 ray::AgentLoopW
3880552 1817268 ray::AgentLoopW
3880551 1740628 ray::AgentLoopW
== 2026-09-05T17:07:41+09:00
Mem:            1007         701         307         368         370         305
    PID   RSS COMMAND
3873386 87677692 VLLM::Worker
3873390 87674104 VLLM::Worker
3873387 87334272 VLLM::Worker
3873391 87285332 VLLM::Worker
3791454 63593840 ray::WorkerDict
3791453 63584772 ray::WorkerDict
3791459 63557560 ray::WorkerDict
3791460 63515924 ray::WorkerDict
1317539 4835228 VLLM::Worker_TP
1317538 4830412 VLLM::Worker_TP
3880556 1828756 ray::AgentLoopW
3880552 1817268 ray::AgentLoopW
3880551 1740628 ray::AgentLoopW
== 2026-09-05T17:08:01+09:00
Mem:            1007         701         307         368         370         305
    PID   RSS COMMAND
3873386 87676924 VLLM::Worker
3873390 87674104 VLLM::Worker
3873387 87332736 VLLM::Worker
3873391 87284564 VLLM::Worker
3791454 63593072 ray::WorkerDict
3791453 63585540 ray::WorkerDict
3791459 63558328 ray::WorkerDict
3791460 63515156 ray::WorkerDict
1317539 4835228 VLLM::Worker_TP
1317538 4830412 VLLM::Worker_TP
3880556 1828756 ray::AgentLoopW
3880552 1817268 ray::AgentLoopW
3880551 1740628 ray::AgentLoopW
== 2026-09-05T17:08:21+09:00
Mem:            1007         701         307         368         370         305
    PID   RSS COMMAND
3873386 87676156 VLLM::Worker
3873390 87675640 VLLM::Worker
3873387 87335040 VLLM::Worker
3873391 87283796 VLLM::Worker
3791454 63593072 ray::WorkerDict
3791453 63584772 ray::WorkerDict
3791459 63559864 ray::WorkerDict
3791460 63515156 ray::WorkerDict
1317539 4835228 VLLM::Worker_TP
1317538 4830412 VLLM::Worker_TP
3880556 1828756 ray::AgentLoopW
3880552 1817268 ray::AgentLoopW
3880551 1740628 ray::AgentLoopW
== 2026-09-05T17:08:41+09:00
Mem:            1007         701         307         368         370         305
    PID   RSS COMMAND
3873386 87677692 VLLM::Worker
3873390 87674872 VLLM::Worker
3873387 87331968 VLLM::Worker
3873391 87284564 VLLM::Worker
3791454 63594608 ray::WorkerDict
3791453 63582468 ray::WorkerDict
3791459 63558328 ray::WorkerDict
3791460 63513620 ray::WorkerDict
1317539 4835228 VLLM::Worker_TP
1317538 4830412 VLLM::Worker_TP
3880556 1828756 ray::AgentLoopW
3880552 1817268 ray::AgentLoopW
3880551 1740628 ray::AgentLoopW
== 2026-09-05T17:09:01+09:00
Mem:            1007         701         307         368         370         305
    PID   RSS COMMAND
3873386 87676924 VLLM::Worker
3873390 87671032 VLLM::Worker
3873387 87335808 VLLM::Worker
3873391 87285332 VLLM::Worker
3791454 63595376 ray::WorkerDict
3791453 63583236 ray::WorkerDict
3791459 63557560 ray::WorkerDict
3791460 63516692 ray::WorkerDict
1317539 4835228 VLLM::Worker_TP
1317538 4830412 VLLM::Worker_TP
3880556 1828756 ray::AgentLoopW
3880552 1817268 ray::AgentLoopW
3880551 1740628 ray::AgentLoopW
== 2026-09-05T17:09:21+09:00
Mem:            1007         701         307         368         370         305
    PID   RSS COMMAND
3873386 87673852 VLLM::Worker
3873390 87671800 VLLM::Worker
3873387 87335808 VLLM::Worker
3873391 87285332 VLLM::Worker
3791454 63595376 ray::WorkerDict
3791453 63584004 ray::WorkerDict
3791459 63557560 ray::WorkerDict
3791460 63514388 ray::WorkerDict
1317539 4835228 VLLM::Worker_TP
1317538 4830412 VLLM::Worker_TP
3880556 1828756 ray::AgentLoopW
3880552 1817268 ray::AgentLoopW
3880551 1740628 ray::AgentLoopW
== 2026-09-05T17:09:41+09:00
Mem:            1007         701         307         368         370         305
    PID   RSS COMMAND
3873386 87675388 VLLM::Worker
3873390 87674104 VLLM::Worker
3873387 87335040 VLLM::Worker
3873391 87284564 VLLM::Worker
3791454 63593840 ray::WorkerDict
3791453 63584004 ray::WorkerDict
3791459 63556792 ray::WorkerDict
3791460 63514388 ray::WorkerDict
1317539 4835228 VLLM::Worker_TP
1317538 4830412 VLLM::Worker_TP
3880556 1828756 ray::AgentLoopW
3880552 1817268 ray::AgentLoopW
3880551 1740628 ray::AgentLoopW
== 2026-09-05T17:10:01+09:00
Mem:            1007         701         307         368         370         305
    PID   RSS COMMAND
3873386 87676156 VLLM::Worker
3873390 87672568 VLLM::Worker
3873387 87333504 VLLM::Worker
3873391 87284564 VLLM::Worker
3791454 63595376 ray::WorkerDict
3791453 63584004 ray::WorkerDict
3791459 63556792 ray::WorkerDict
3791460 63514388 ray::WorkerDict
1317539 4835228 VLLM::Worker_TP
1317538 4830412 VLLM::Worker_TP
3880556 1828756 ray::AgentLoopW
3880552 1817268 ray::AgentLoopW
3880551 1740628 ray::AgentLoopW
== 2026-09-05T17:10:21+09:00
Mem:            1007         702         307         368         370         305
    PID   RSS COMMAND
3873386 87674620 VLLM::Worker
3873390 87672568 VLLM::Worker
3873387 87335040 VLLM::Worker
3873391 87284564 VLLM::Worker
3791454 63594608 ray::WorkerDict
3791453 63585540 ray::WorkerDict
3791459 63554488 ray::WorkerDict
3791460 63515924 ray::WorkerDict
1317539 4835228 VLLM::Worker_TP
1317538 4830412 VLLM::Worker_TP
3880556 1828756 ray::AgentLoopW
3880552 1817268 ray::AgentLoopW
3880551 1740628 ray::AgentLoopW
== 2026-09-05T17:10:41+09:00
Mem:            1007         701         307         368         370         305
    PID   RSS COMMAND
3873390 87673336 VLLM::Worker
3873386 87673084 VLLM::Worker
3873387 87334272 VLLM::Worker
3873391 87284564 VLLM::Worker
3791454 63596912 ray::WorkerDict
3791453 63587076 ray::WorkerDict
3791459 63555256 ray::WorkerDict
3791460 63515924 ray::WorkerDict
1317539 4835228 VLLM::Worker_TP
1317538 4830412 VLLM::Worker_TP
3880556 1828756 ray::AgentLoopW
3880552 1817268 ray::AgentLoopW
3880551 1740628 ray::AgentLoopW
== 2026-09-05T17:11:01+09:00
Mem:            1007         701         307         368         370         305
    PID   RSS COMMAND
3873386 87675388 VLLM::Worker
3873390 87671032 VLLM::Worker
3873387 87332736 VLLM::Worker
3873391 87283796 VLLM::Worker
3791454 63595376 ray::WorkerDict
3791453 63586308 ray::WorkerDict
3791459 63556024 ray::WorkerDict
3791460 63515924 ray::WorkerDict
1317539 4835228 VLLM::Worker_TP
1317538 4830412 VLLM::Worker_TP
3880556 1828756 ray::AgentLoopW
3880552 1817268 ray::AgentLoopW
3880551 1740628 ray::AgentLoopW
== 2026-09-05T17:11:21+09:00
Mem:            1007         702         307         368         370         305
    PID   RSS COMMAND
3873386 87676156 VLLM::Worker
3873390 87671032 VLLM::Worker
3873387 87335808 VLLM::Worker
3873391 87284564 VLLM::Worker
3791454 63593840 ray::WorkerDict
3791453 63585540 ray::WorkerDict
3791459 63557560 ray::WorkerDict
3791460 63516692 ray::WorkerDict
1317539 4835228 VLLM::Worker_TP
1317538 4830412 VLLM::Worker_TP
3880556 1828756 ray::AgentLoopW
3880552 1817268 ray::AgentLoopW
3880551 1740628 ray::AgentLoopW
== 2026-09-05T17:11:41+09:00
Mem:            1007         701         307         368         370         305
    PID   RSS COMMAND
3873386 87676156 VLLM::Worker
3873390 87670264 VLLM::Worker
3873387 87334272 VLLM::Worker
3873391 87285332 VLLM::Worker
3791454 63595376 ray::WorkerDict
3791453 63584004 ray::WorkerDict
3791459 63556792 ray::WorkerDict
3791460 63516692 ray::WorkerDict
1317539 4835228 VLLM::Worker_TP
1317538 4830412 VLLM::Worker_TP
3880556 1828756 ray::AgentLoopW
3880552 1817268 ray::AgentLoopW
3880551 1740628 ray::AgentLoopW
== 2026-09-05T17:12:01+09:00
Mem:            1007         701         307         368         370         305
    PID   RSS COMMAND
3873386 87676156 VLLM::Worker
3873390 87671032 VLLM::Worker
3873387 87334272 VLLM::Worker
3873391 87284564 VLLM::Worker
3791454 63593840 ray::WorkerDict
3791453 63584004 ray::WorkerDict
3791459 63557560 ray::WorkerDict
3791460 63515156 ray::WorkerDict
1317539 4835228 VLLM::Worker_TP
1317538 4830412 VLLM::Worker_TP
3880556 1828756 ray::AgentLoopW
3880552 1817268 ray::AgentLoopW
3880551 1740628 ray::AgentLoopW
== 2026-09-05T17:12:21+09:00
Mem:            1007         702         307         368         370         305
    PID   RSS COMMAND
3873386 87674620 VLLM::Worker
3873390 87671800 VLLM::Worker
3873387 87333504 VLLM::Worker
3873391 87285332 VLLM::Worker
3791454 63595376 ray::WorkerDict
3791453 63585540 ray::WorkerDict
3791459 63558328 ray::WorkerDict
3791460 63515156 ray::WorkerDict
1317539 4835228 VLLM::Worker_TP
1317538 4830412 VLLM::Worker_TP
3880556 1828756 ray::AgentLoopW
3880552 1817268 ray::AgentLoopW
3880551 1740628 ray::AgentLoopW
== 2026-09-05T17:12:41+09:00
Mem:            1007         702         307         368         370         305
    PID   RSS COMMAND
3873386 87678460 VLLM::Worker
3873390 87672568 VLLM::Worker
3873387 87334272 VLLM::Worker
3873391 87285332 VLLM::Worker
3791454 63594608 ray::WorkerDict
3791453 63587844 ray::WorkerDict
3791459 63557560 ray::WorkerDict
3791460 63514388 ray::WorkerDict
1317539 4835228 VLLM::Worker_TP
1317538 4830412 VLLM::Worker_TP
3880556 1828756 ray::AgentLoopW
3880552 1817268 ray::AgentLoopW
3880551 1740628 ray::AgentLoopW
== 2026-09-05T17:13:01+09:00
Mem:            1007         701         307         368         370         305
    PID   RSS COMMAND
3873386 87673084 VLLM::Worker
3873390 87672568 VLLM::Worker
3873387 87334272 VLLM::Worker
3873391 87286100 VLLM::Worker
3791454 63595376 ray::WorkerDict
3791453 63585540 ray::WorkerDict
3791459 63556792 ray::WorkerDict
3791460 63512852 ray::WorkerDict
1317539 4835228 VLLM::Worker_TP
1317538 4830412 VLLM::Worker_TP
3880556 1828756 ray::AgentLoopW
3880552 1817268 ray::AgentLoopW
3880551 1740628 ray::AgentLoopW
== 2026-09-05T17:13:21+09:00
Mem:            1007         701         307         368         370         305
    PID   RSS COMMAND
3873386 87676156 VLLM::Worker
3873390 87671800 VLLM::Worker
3873387 87335808 VLLM::Worker
3873391 87286100 VLLM::Worker
3791454 63595376 ray::WorkerDict
3791453 63587844 ray::WorkerDict
3791459 63557560 ray::WorkerDict
3791460 63512852 ray::WorkerDict
1317539 4835228 VLLM::Worker_TP
1317538 4830412 VLLM::Worker_TP
3880556 1828756 ray::AgentLoopW
3880552 1817268 ray::AgentLoopW
3880551 1740628 ray::AgentLoopW
== 2026-09-05T17:13:41+09:00
Mem:            1007         701         307         368         370         305
    PID   RSS COMMAND
3873386 87675388 VLLM::Worker
3873390 87673336 VLLM::Worker
3873387 87333504 VLLM::Worker
3873391 87287636 VLLM::Worker
3791454 63593072 ray::WorkerDict
3791453 63586308 ray::WorkerDict
3791459 63558328 ray::WorkerDict
3791460 63515156 ray::WorkerDict
1317539 4835228 VLLM::Worker_TP
1317538 4830412 VLLM::Worker_TP
3880556 1828756 ray::AgentLoopW
3880552 1817268 ray::AgentLoopW
3880551 1740628 ray::AgentLoopW
== 2026-09-05T17:14:01+09:00
Mem:            1007         701         307         368         370         305
    PID   RSS COMMAND
3873386 87675388 VLLM::Worker
3873390 87674872 VLLM::Worker
3873387 87332736 VLLM::Worker
3873391 87289172 VLLM::Worker
3791454 63593840 ray::WorkerDict
3791453 63584772 ray::WorkerDict
3791459 63557560 ray::WorkerDict
3791460 63512852 ray::WorkerDict
1317539 4835228 VLLM::Worker_TP
1317538 4830412 VLLM::Worker_TP
3880556 1828756 ray::AgentLoopW
3880552 1817268 ray::AgentLoopW
3880551 1740628 ray::AgentLoopW
== 2026-09-05T17:14:21+09:00
Mem:            1007         701         307         368         370         305
    PID   RSS COMMAND
3873390 87674104 VLLM::Worker
3873386 87673852 VLLM::Worker
3873387 87335808 VLLM::Worker
3873391 87289172 VLLM::Worker
3791454 63593072 ray::WorkerDict
3791453 63584772 ray::WorkerDict
3791459 63556792 ray::WorkerDict
3791460 63513620 ray::WorkerDict
1317539 4835228 VLLM::Worker_TP
1317538 4830412 VLLM::Worker_TP
3880556 1828756 ray::AgentLoopW
3880552 1817268 ray::AgentLoopW
3880551 1740628 ray::AgentLoopW
== 2026-09-05T17:14:41+09:00
Mem:            1007         701         307         368         370         305
    PID   RSS COMMAND
3873386 87674620 VLLM::Worker
3873390 87673336 VLLM::Worker
3873387 87332736 VLLM::Worker
3873391 87289172 VLLM::Worker
3791454 63592304 ray::WorkerDict
3791453 63587076 ray::WorkerDict
3791459 63556792 ray::WorkerDict
3791460 63515924 ray::WorkerDict
1317539 4835228 VLLM::Worker_TP
1317538 4830412 VLLM::Worker_TP
3880556 1828756 ray::AgentLoopW
3880552 1817268 ray::AgentLoopW
3880551 1740628 ray::AgentLoopW
== 2026-09-05T17:15:02+09:00
Mem:            1007         701         307         368         370         305
    PID   RSS COMMAND
3873386 87675388 VLLM::Worker
3873390 87670264 VLLM::Worker
3873387 87335040 VLLM::Worker
3873391 87287636 VLLM::Worker
3791454 63590768 ray::WorkerDict
3791453 63586308 ray::WorkerDict
3791459 63555256 ray::WorkerDict
3791460 63515924 ray::WorkerDict
1317539 4835228 VLLM::Worker_TP
1317538 4830412 VLLM::Worker_TP
3880556 1828756 ray::AgentLoopW
3880552 1817268 ray::AgentLoopW
3880551 1740628 ray::AgentLoopW
== 2026-09-05T17:15:22+09:00
Mem:            1007         702         307         368         370         305
    PID   RSS COMMAND
3873386 87675388 VLLM::Worker
3873390 87672568 VLLM::Worker
3873387 87336576 VLLM::Worker
3873391 87286868 VLLM::Worker
3791454 63590000 ray::WorkerDict
3791453 63587076 ray::WorkerDict
3791459 63556792 ray::WorkerDict
3791460 63515156 ray::WorkerDict
1317539 4835228 VLLM::Worker_TP
1317538 4830412 VLLM::Worker_TP
3880556 1828756 ray::AgentLoopW
3880552 1817268 ray::AgentLoopW
3880551 1740628 ray::AgentLoopW
== 2026-09-05T17:15:42+09:00
Mem:            1007         701         307         368         370         305
    PID   RSS COMMAND
3873386 87675388 VLLM::Worker
3873390 87672568 VLLM::Worker
3873387 87335808 VLLM::Worker
3873391 87287636 VLLM::Worker
3791454 63590000 ray::WorkerDict
3791453 63585540 ray::WorkerDict
3791459 63559864 ray::WorkerDict
3791460 63513620 ray::WorkerDict
1317539 4835228 VLLM::Worker_TP
1317538 4830412 VLLM::Worker_TP
3880556 1828756 ray::AgentLoopW
3880552 1817268 ray::AgentLoopW
3880551 1740628 ray::AgentLoopW
== 2026-09-05T17:16:02+09:00
Mem:            1007         702         307         368         370         305
    PID   RSS COMMAND
3873386 87673852 VLLM::Worker
3873390 87672568 VLLM::Worker
3873387 87335040 VLLM::Worker
3873391 87286868 VLLM::Worker
3791454 63593840 ray::WorkerDict
3791453 63586308 ray::WorkerDict
3791459 63559096 ray::WorkerDict
3791460 63514388 ray::WorkerDict
1317539 4835228 VLLM::Worker_TP
1317538 4830412 VLLM::Worker_TP
3880556 1828756 ray::AgentLoopW
3880552 1817268 ray::AgentLoopW
3880551 1740628 ray::AgentLoopW
== 2026-09-05T17:16:22+09:00
Mem:            1007         702         307         368         370         305
    PID   RSS COMMAND
3873386 87674620 VLLM::Worker
3873390 87674104 VLLM::Worker
3873387 87337344 VLLM::Worker
3873391 87286868 VLLM::Worker
3791454 63592304 ray::WorkerDict
3791453 63585540 ray::WorkerDict
3791459 63558328 ray::WorkerDict
3791460 63514388 ray::WorkerDict
1317539 4835228 VLLM::Worker_TP
1317538 4830412 VLLM::Worker_TP
3880556 1828756 ray::AgentLoopW
3880552 1817268 ray::AgentLoopW
3880551 1740628 ray::AgentLoopW
== 2026-09-05T17:16:42+09:00
Mem:            1007         701         307         368         370         305
    PID   RSS COMMAND
3873386 87674620 VLLM::Worker
3873390 87670264 VLLM::Worker
3873387 87333504 VLLM::Worker
3873391 87286868 VLLM::Worker
3791454 63591536 ray::WorkerDict
3791453 63584772 ray::WorkerDict
3791459 63557560 ray::WorkerDict
3791460 63515156 ray::WorkerDict
1317539 4835228 VLLM::Worker_TP
1317538 4830412 VLLM::Worker_TP
3880556 1828756 ray::AgentLoopW
3880552 1817268 ray::AgentLoopW
3880551 1740628 ray::AgentLoopW
== 2026-09-05T17:17:02+09:00
Mem:            1007         701         307         368         370         305
    PID   RSS COMMAND
3873386 87674620 VLLM::Worker
3873390 87674104 VLLM::Worker
3873387 87335808 VLLM::Worker
3873391 87286100 VLLM::Worker
3791454 63591536 ray::WorkerDict
3791453 63586308 ray::WorkerDict
3791459 63556024 ray::WorkerDict
3791460 63512852 ray::WorkerDict
1317539 4829244 VLLM::Worker_TP
1317538 4824328 VLLM::Worker_TP
3880556 1828756 ray::AgentLoopW
3880552 1817268 ray::AgentLoopW
3880551 1740628 ray::AgentLoopW
== 2026-09-05T17:17:22+09:00
Mem:            1007         701         307         368         370         305
    PID   RSS COMMAND
3873386 87674620 VLLM::Worker
3873390 87671800 VLLM::Worker
3873387 87336576 VLLM::Worker
3873391 87285332 VLLM::Worker
3791454 63595376 ray::WorkerDict
3791453 63588612 ray::WorkerDict
3791459 63554488 ray::WorkerDict
3791460 63512852 ray::WorkerDict
1317539 4829244 VLLM::Worker_TP
1317538 4824328 VLLM::Worker_TP
3880556 1828756 ray::AgentLoopW
3880552 1817268 ray::AgentLoopW
3880551 1740628 ray::AgentLoopW
== 2026-09-05T17:17:42+09:00
Mem:            1007         701         307         368         370         305
    PID   RSS COMMAND
3873386 87674620 VLLM::Worker
3873390 87672568 VLLM::Worker
3873387 87336576 VLLM::Worker
3873391 87286868 VLLM::Worker
3791454 63594608 ray::WorkerDict
3791453 63587076 ray::WorkerDict
3791459 63556024 ray::WorkerDict
3791460 63515156 ray::WorkerDict
1317539 4829244 VLLM::Worker_TP
1317538 4824328 VLLM::Worker_TP
3880556 1828756 ray::AgentLoopW
3880552 1817268 ray::AgentLoopW
3880551 1740628 ray::AgentLoopW
== 2026-09-05T17:18:02+09:00
Mem:            1007         701         307         368         370         305
    PID   RSS COMMAND
3873386 87674620 VLLM::Worker
3873390 87672568 VLLM::Worker
3873387 87333504 VLLM::Worker
3873391 87286868 VLLM::Worker
3791454 63593840 ray::WorkerDict
3791453 63586308 ray::WorkerDict
3791459 63555256 ray::WorkerDict
3791460 63515156 ray::WorkerDict
1317539 4829244 VLLM::Worker_TP
1317538 4824328 VLLM::Worker_TP
3880556 1828756 ray::AgentLoopW
3880552 1817268 ray::AgentLoopW
3880551 1740628 ray::AgentLoopW
== 2026-09-05T17:18:22+09:00
Mem:            1007         702         307         368         370         305
    PID   RSS COMMAND
3873386 87675388 VLLM::Worker
3873390 87674872 VLLM::Worker
3873387 87336576 VLLM::Worker
3873391 87286868 VLLM::Worker
3791454 63593840 ray::WorkerDict
3791453 63587076 ray::WorkerDict
3791459 63556792 ray::WorkerDict
3791460 63513620 ray::WorkerDict
1317539 4829244 VLLM::Worker_TP
1317538 4824328 VLLM::Worker_TP
3880556 1828756 ray::AgentLoopW
3880552 1817268 ray::AgentLoopW
3880551 1740628 ray::AgentLoopW
== 2026-09-05T17:18:42+09:00
Mem:            1007         702         307         368         370         305
    PID   RSS COMMAND
3873386 87677692 VLLM::Worker
3873390 87674104 VLLM::Worker
3873387 87335040 VLLM::Worker
3873391 87286100 VLLM::Worker
3791454 63595376 ray::WorkerDict
3791453 63585540 ray::WorkerDict
3791459 63558328 ray::WorkerDict
3791460 63513620 ray::WorkerDict
1317539 4829244 VLLM::Worker_TP
1317538 4824328 VLLM::Worker_TP
3880556 1828756 ray::AgentLoopW
3880552 1817268 ray::AgentLoopW
3880551 1740628 ray::AgentLoopW
== 2026-09-05T17:19:02+09:00
Mem:            1007         701         307         368         370         305
    PID   RSS COMMAND
3873386 87676156 VLLM::Worker
3873390 87672568 VLLM::Worker
3873387 87334272 VLLM::Worker
3873391 87286100 VLLM::Worker
3791454 63595376 ray::WorkerDict
3791453 63585540 ray::WorkerDict
3791459 63559096 ray::WorkerDict
3791460 63515156 ray::WorkerDict
1317539 4829244 VLLM::Worker_TP
1317538 4824328 VLLM::Worker_TP
3880556 1828756 ray::AgentLoopW
3880552 1817268 ray::AgentLoopW
3880551 1740628 ray::AgentLoopW
== 2026-09-05T17:19:22+09:00
Mem:            1007         701         307         368         370         305
    PID   RSS COMMAND
3873386 87675388 VLLM::Worker
3873390 87674872 VLLM::Worker
3873387 87338880 VLLM::Worker
3873391 87284564 VLLM::Worker
3791454 63595376 ray::WorkerDict
3791453 63585540 ray::WorkerDict
3791459 63557560 ray::WorkerDict
3791460 63515156 ray::WorkerDict
1317539 4829244 VLLM::Worker_TP
1317538 4824328 VLLM::Worker_TP
3880556 1828756 ray::AgentLoopW
3880552 1817268 ray::AgentLoopW
3880551 1740628 ray::AgentLoopW
== 2026-09-05T17:19:42+09:00
Mem:            1007         701         307         368         370         305
    PID   RSS COMMAND
3873390 87674104 VLLM::Worker
3873386 87673852 VLLM::Worker
3873387 87336576 VLLM::Worker
3873391 87285332 VLLM::Worker
3791454 63596912 ray::WorkerDict
3791453 63584772 ray::WorkerDict
3791459 63556792 ray::WorkerDict
3791460 63514388 ray::WorkerDict
1317539 4829244 VLLM::Worker_TP
1317538 4824328 VLLM::Worker_TP
3880556 1828756 ray::AgentLoopW
3880552 1817268 ray::AgentLoopW
3880551 1740628 ray::AgentLoopW
== 2026-09-05T17:20:02+09:00
Mem:            1007         701         307         368         370         305
    PID   RSS COMMAND
3873386 87676156 VLLM::Worker
3873390 87674872 VLLM::Worker
3873387 87335808 VLLM::Worker
3873391 87283028 VLLM::Worker
3791454 63596912 ray::WorkerDict
3791453 63584772 ray::WorkerDict
3791459 63558328 ray::WorkerDict
3791460 63513620 ray::WorkerDict
1317539 4829244 VLLM::Worker_TP
1317538 4825864 VLLM::Worker_TP
3880556 1828756 ray::AgentLoopW
3880552 1817268 ray::AgentLoopW
3880551 1740628 ray::AgentLoopW
== 2026-09-05T17:20:22+09:00
Mem:            1007         701         307         368         370         305
    PID   RSS COMMAND
3873386 87676156 VLLM::Worker
3873390 87673336 VLLM::Worker
3873387 87337344 VLLM::Worker
3873391 87285332 VLLM::Worker
3791454 63596144 ray::WorkerDict
3791453 63587844 ray::WorkerDict
3791459 63556792 ray::WorkerDict
3791460 63515156 ray::WorkerDict
1317539 4829244 VLLM::Worker_TP
1317538 4825864 VLLM::Worker_TP
3880556 1828756 ray::AgentLoopW
3880552 1817268 ray::AgentLoopW
3880551 1740628 ray::AgentLoopW
== 2026-09-05T17:20:42+09:00
Mem:            1007         701         307         368         370         305
    PID   RSS COMMAND
3873386 87679228 VLLM::Worker
3873390 87674872 VLLM::Worker
3873387 87335040 VLLM::Worker
3873391 87285332 VLLM::Worker
3791454 63596144 ray::WorkerDict
3791453 63587844 ray::WorkerDict
3791459 63557560 ray::WorkerDict
3791460 63514388 ray::WorkerDict
1317539 4829244 VLLM::Worker_TP
1317538 4825864 VLLM::Worker_TP
3880556 1828756 ray::AgentLoopW
3880552 1817268 ray::AgentLoopW
3880551 1740628 ray::AgentLoopW
== 2026-09-05T17:21:02+09:00
Mem:            1007         702         307         368         370         305
    PID   RSS COMMAND
3873386 87677692 VLLM::Worker
3873390 87672568 VLLM::Worker
3873387 87337344 VLLM::Worker
3873391 87285332 VLLM::Worker
3791454 63595376 ray::WorkerDict
3791453 63587076 ray::WorkerDict
3791459 63557560 ray::WorkerDict
3791460 63514388 ray::WorkerDict
1317539 4829244 VLLM::Worker_TP
1317538 4825864 VLLM::Worker_TP
3880556 1828756 ray::AgentLoopW
3880552 1817268 ray::AgentLoopW
3880551 1740628 ray::AgentLoopW
== 2026-09-05T17:21:22+09:00
Mem:            1007         702         307         368         370         305
    PID   RSS COMMAND
3873386 87676924 VLLM::Worker
3873390 87672568 VLLM::Worker
3873387 87335808 VLLM::Worker
3873391 87284564 VLLM::Worker
3791454 63596144 ray::WorkerDict
3791453 63587844 ray::WorkerDict
3791459 63558328 ray::WorkerDict
3791460 63516692 ray::WorkerDict
1317539 4829244 VLLM::Worker_TP
1317538 4825864 VLLM::Worker_TP
3880556 1828756 ray::AgentLoopW
3880552 1817268 ray::AgentLoopW
3880551 1740628 ray::AgentLoopW
== 2026-09-05T17:21:42+09:00
Mem:            1007         701         307         368         370         305
    PID   RSS COMMAND
3873386 87675388 VLLM::Worker
3873390 87673336 VLLM::Worker
3873387 87333504 VLLM::Worker
3873391 87284564 VLLM::Worker
3791454 63595376 ray::WorkerDict
3791453 63587076 ray::WorkerDict
3791459 63555256 ray::WorkerDict
3791460 63518228 ray::WorkerDict
1317539 4829244 VLLM::Worker_TP
1317538 4825864 VLLM::Worker_TP
3880556 1828756 ray::AgentLoopW
3880552 1817268 ray::AgentLoopW
3880551 1740628 ray::AgentLoopW
== 2026-09-05T17:22:02+09:00
Mem:            1007         701         307         368         370         305
    PID   RSS COMMAND
3873386 87674620 VLLM::Worker
3873390 87671032 VLLM::Worker
3873387 87333504 VLLM::Worker
3873391 87285332 VLLM::Worker
3791454 63596144 ray::WorkerDict
3791453 63585540 ray::WorkerDict
3791459 63557560 ray::WorkerDict
3791460 63516692 ray::WorkerDict
1317539 4829244 VLLM::Worker_TP
1317538 4825864 VLLM::Worker_TP
3880556 1828756 ray::AgentLoopW
3880552 1817268 ray::AgentLoopW
3880551 1740628 ray::AgentLoopW
== 2026-09-05T17:22:22+09:00
Mem:            1007         701         307         368         370         305
    PID   RSS COMMAND
3873386 87676920 VLLM::Worker
3873390 87672560 VLLM::Worker
3873387 87336568 VLLM::Worker
3873391 87282244 VLLM::Worker
3791454 63595512 ray::WorkerDict
3791453 63583064 ray::WorkerDict
3791459 63557660 ray::WorkerDict
3791460 63515588 ray::WorkerDict
1317539 4829244 VLLM::Worker_TP
1317538 4825864 VLLM::Worker_TP
3880556 1828756 ray::AgentLoopW
3880552 1817268 ray::AgentLoopW
3880551 1740628 ray::AgentLoopW
== 2026-09-05T17:22:42+09:00
Mem:            1007         701         307         368         370         305
    PID   RSS COMMAND
3873386 87676152 VLLM::Worker
3873390 87672560 VLLM::Worker
3873387 87335800 VLLM::Worker
3873391 87284548 VLLM::Worker
3791454 63595512 ray::WorkerDict
3791453 63583832 ray::WorkerDict
3791459 63557660 ray::WorkerDict
3791460 63516356 ray::WorkerDict
1317539 4829244 VLLM::Worker_TP
1317538 4825864 VLLM::Worker_TP
3880556 1828756 ray::AgentLoopW
3880552 1817268 ray::AgentLoopW
3880551 1740628 ray::AgentLoopW
== 2026-09-05T17:23:02+09:00
Mem:            1007         701         307         368         370         305
    PID   RSS COMMAND
3873386 87676152 VLLM::Worker
3873390 87674864 VLLM::Worker
3873387 87335800 VLLM::Worker
3873391 87283780 VLLM::Worker
3791454 63593976 ray::WorkerDict
3791453 63587672 ray::WorkerDict
3791459 63556892 ray::WorkerDict
3791460 63514820 ray::WorkerDict
1317539 4829244 VLLM::Worker_TP
1317538 4825864 VLLM::Worker_TP
3880556 1828756 ray::AgentLoopW
3880552 1817268 ray::AgentLoopW
3880551 1740628 ray::AgentLoopW
== 2026-09-05T17:23:22+09:00
Mem:            1007         701         307         368         370         305
    PID   RSS COMMAND
3873386 87676152 VLLM::Worker
3873390 87675632 VLLM::Worker
3873387 87334264 VLLM::Worker
3873391 87282244 VLLM::Worker
3791454 63596280 ray::WorkerDict
3791453 63586136 ray::WorkerDict
3791459 63559196 ray::WorkerDict
3791460 63515588 ray::WorkerDict
1317539 4829244 VLLM::Worker_TP
1317538 4825864 VLLM::Worker_TP
3880556 1828756 ray::AgentLoopW
3880552 1817268 ray::AgentLoopW
3880551 1740628 ray::AgentLoopW
== 2026-09-05T17:23:42+09:00
Mem:            1007         701         307         368         370         305
    PID   RSS COMMAND
3873386 87676152 VLLM::Worker
3873390 87672560 VLLM::Worker
3873387 87333496 VLLM::Worker
3873391 87281476 VLLM::Worker
3791454 63597048 ray::WorkerDict
3791453 63585368 ray::WorkerDict
3791459 63558428 ray::WorkerDict
3791460 63516356 ray::WorkerDict
1317539 4829244 VLLM::Worker_TP
1317538 4825864 VLLM::Worker_TP
3880556 1828756 ray::AgentLoopW
3880552 1817268 ray::AgentLoopW
3880551 1740628 ray::AgentLoopW
== 2026-09-05T17:24:02+09:00
Mem:            1007         701         307         368         370         305
    PID   RSS COMMAND
3873386 87676920 VLLM::Worker
3873390 87673328 VLLM::Worker
3873387 87334264 VLLM::Worker
3873391 87282244 VLLM::Worker
3791454 63593976 ray::WorkerDict
3791453 63584600 ray::WorkerDict
3791459 63557660 ray::WorkerDict
3791460 63515588 ray::WorkerDict
1317539 4829244 VLLM::Worker_TP
1317538 4825864 VLLM::Worker_TP
3880556 1828756 ray::AgentLoopW
3880552 1817268 ray::AgentLoopW
3880551 1740628 ray::AgentLoopW
== 2026-09-05T17:24:22+09:00
Mem:            1007         701         307         368         370         305
    PID   RSS COMMAND
3873386 87676152 VLLM::Worker
3873390 87672560 VLLM::Worker
3873387 87335800 VLLM::Worker
3873391 87283012 VLLM::Worker
3791454 63593976 ray::WorkerDict
3791453 63583832 ray::WorkerDict
3791459 63557660 ray::WorkerDict
3791460 63514820 ray::WorkerDict
1317539 4829244 VLLM::Worker_TP
1317538 4825864 VLLM::Worker_TP
3880556 1828756 ray::AgentLoopW
3880552 1817268 ray::AgentLoopW
3880551 1740628 ray::AgentLoopW
== 2026-09-05T17:24:42+09:00
Mem:            1007         701         307         368         370         305
    PID   RSS COMMAND
3873386 87676920 VLLM::Worker
3873390 87674864 VLLM::Worker
3873387 87334264 VLLM::Worker
3873391 87283012 VLLM::Worker
3791454 63595512 ray::WorkerDict
3791453 63585368 ray::WorkerDict
3791459 63556892 ray::WorkerDict
3791460 63515588 ray::WorkerDict
1317539 4829244 VLLM::Worker_TP
1317538 4825864 VLLM::Worker_TP
3880556 1828756 ray::AgentLoopW
3880552 1817268 ray::AgentLoopW
3880551 1740628 ray::AgentLoopW
== 2026-09-05T17:25:02+09:00
Mem:            1007         701         307         368         370         305
    PID   RSS COMMAND
3873386 87676920 VLLM::Worker
3873390 87674864 VLLM::Worker
3873387 87332728 VLLM::Worker
3873391 87282244 VLLM::Worker
3791454 63595512 ray::WorkerDict
3791453 63586136 ray::WorkerDict
3791459 63558428 ray::WorkerDict
3791460 63516356 ray::WorkerDict
1317539 4829244 VLLM::Worker_TP
1317538 4825864 VLLM::Worker_TP
3880556 1828756 ray::AgentLoopW
3880552 1817268 ray::AgentLoopW
3880551 1740628 ray::AgentLoopW
== 2026-09-05T17:25:23+09:00
Mem:            1007         701         307         368         370         305
    PID   RSS COMMAND
3873386 87676920 VLLM::Worker
3873390 87676400 VLLM::Worker
3873387 87337336 VLLM::Worker
3873391 87283780 VLLM::Worker
3791454 63593208 ray::WorkerDict
3791453 63586904 ray::WorkerDict
3791459 63556892 ray::WorkerDict
3791460 63514820 ray::WorkerDict
1317539 4829244 VLLM::Worker_TP
1317538 4825864 VLLM::Worker_TP
3880556 1828756 ray::AgentLoopW
3880552 1817268 ray::AgentLoopW
3880551 1740628 ray::AgentLoopW
== 2026-09-05T17:25:43+09:00
Mem:            1007         701         307         368         370         305
    PID   RSS COMMAND
3873386 87676152 VLLM::Worker
3873390 87674096 VLLM::Worker
3873387 87335800 VLLM::Worker
3873391 87283780 VLLM::Worker
3791454 63593208 ray::WorkerDict
3791453 63586904 ray::WorkerDict
3791459 63556124 ray::WorkerDict
3791460 63515588 ray::WorkerDict
1317539 4829244 VLLM::Worker_TP
1317538 4825864 VLLM::Worker_TP
3880556 1828756 ray::AgentLoopW
3880552 1817268 ray::AgentLoopW
3880551 1740628 ray::AgentLoopW
== 2026-09-05T17:26:03+09:00
Mem:            1007         702         307         368         370         305
    PID   RSS COMMAND
3873390 87677168 VLLM::Worker
3873386 87676920 VLLM::Worker
3873387 87334264 VLLM::Worker
3873391 87284548 VLLM::Worker
3791454 63592440 ray::WorkerDict
3791453 63585368 ray::WorkerDict
3791459 63556892 ray::WorkerDict
3791460 63516356 ray::WorkerDict
1317539 4829244 VLLM::Worker_TP
1317538 4825864 VLLM::Worker_TP
3880556 1828756 ray::AgentLoopW
3880552 1817268 ray::AgentLoopW
3880551 1740628 ray::AgentLoopW
== 2026-09-05T17:26:23+09:00
Mem:            1007         701         307         368         370         305
    PID   RSS COMMAND
3873386 87675384 VLLM::Worker
3873390 87673328 VLLM::Worker
3873387 87334264 VLLM::Worker
3873391 87283012 VLLM::Worker
3791454 63593976 ray::WorkerDict
3791453 63586136 ray::WorkerDict
3791459 63557660 ray::WorkerDict
3791460 63515588 ray::WorkerDict
1317539 4829244 VLLM::Worker_TP
1317538 4825864 VLLM::Worker_TP
3880556 1828756 ray::AgentLoopW
3880552 1817268 ray::AgentLoopW
3880551 1740628 ray::AgentLoopW
== 2026-09-05T17:26:43+09:00
Mem:            1007         701         307         368         370         305
    PID   RSS COMMAND
3873390 87676400 VLLM::Worker
3873386 87675384 VLLM::Worker
3873387 87335032 VLLM::Worker
3873391 87283780 VLLM::Worker
3791454 63593976 ray::WorkerDict
3791453 63583832 ray::WorkerDict
3791459 63556892 ray::WorkerDict
3791460 63515588 ray::WorkerDict
1317539 4829244 VLLM::Worker_TP
1317538 4825864 VLLM::Worker_TP
3880556 1828756 ray::AgentLoopW
3880552 1817268 ray::AgentLoopW
3880551 1740628 ray::AgentLoopW
== 2026-09-05T17:27:03+09:00
Mem:            1007         701         307         368         370         305
    PID   RSS COMMAND
3873390 87675632 VLLM::Worker
3873386 87675384 VLLM::Worker
3873387 87335800 VLLM::Worker
3873391 87283780 VLLM::Worker
3791454 63593976 ray::WorkerDict
3791453 63583064 ray::WorkerDict
3791459 63556124 ray::WorkerDict
3791460 63514820 ray::WorkerDict
1317539 4829244 VLLM::Worker_TP
1317538 4825864 VLLM::Worker_TP
3880556 1828756 ray::AgentLoopW
3880552 1817268 ray::AgentLoopW
3880551 1740628 ray::AgentLoopW
== 2026-09-05T17:27:23+09:00
Mem:            1007         701         307         368         370         305
    PID   RSS COMMAND
3873386 87676152 VLLM::Worker
3873390 87672560 VLLM::Worker
3873387 87336568 VLLM::Worker
3873391 87284548 VLLM::Worker
3791454 63596280 ray::WorkerDict
3791453 63584600 ray::WorkerDict
3791459 63556892 ray::WorkerDict
3791460 63514820 ray::WorkerDict
1317539 4829244 VLLM::Worker_TP
1317538 4825864 VLLM::Worker_TP
3880556 1828756 ray::AgentLoopW
3880552 1817268 ray::AgentLoopW
3880551 1740628 ray::AgentLoopW
== 2026-09-05T17:27:43+09:00
Mem:            1007         701         307         368         370         305
    PID   RSS COMMAND
3873390 87675632 VLLM::Worker
3873386 87675384 VLLM::Worker
3873387 87335032 VLLM::Worker
3873391 87285316 VLLM::Worker
3791454 63597048 ray::WorkerDict
3791453 63583832 ray::WorkerDict
3791459 63556124 ray::WorkerDict
3791460 63514052 ray::WorkerDict
1317539 4829244 VLLM::Worker_TP
1317538 4825864 VLLM::Worker_TP
3880556 1828756 ray::AgentLoopW
3880552 1817268 ray::AgentLoopW
3880551 1740628 ray::AgentLoopW
== 2026-09-05T17:28:03+09:00
Mem:            1007         701         307         368         370         305
    PID   RSS COMMAND
3873386 87673848 VLLM::Worker
3873390 87672560 VLLM::Worker
3873387 87334264 VLLM::Worker
3873391 87285316 VLLM::Worker
3791454 63597816 ray::WorkerDict
3791453 63583832 ray::WorkerDict
3791459 63557660 ray::WorkerDict
3791460 63513284 ray::WorkerDict
1317539 4829244 VLLM::Worker_TP
1317538 4825864 VLLM::Worker_TP
3880556 1828756 ray::AgentLoopW
3880552 1817268 ray::AgentLoopW
3880551 1740628 ray::AgentLoopW
== 2026-09-05T17:28:23+09:00
Mem:            1007         701         307         368         370         305
    PID   RSS COMMAND
3873386 87674616 VLLM::Worker
3873390 87671792 VLLM::Worker
3873387 87335032 VLLM::Worker
3873391 87286084 VLLM::Worker
3791454 63596280 ray::WorkerDict
3791453 63586136 ray::WorkerDict
3791459 63556892 ray::WorkerDict
3791460 63514052 ray::WorkerDict
1317539 4829244 VLLM::Worker_TP
1317538 4825864 VLLM::Worker_TP
3880556 1828756 ray::AgentLoopW
3880552 1817268 ray::AgentLoopW
3880551 1740628 ray::AgentLoopW
== 2026-09-05T17:28:43+09:00
Mem:            1007         701         307         368         370         305
    PID   RSS COMMAND
3873386 87675384 VLLM::Worker
3873390 87674096 VLLM::Worker
3873387 87335800 VLLM::Worker
3873391 87284548 VLLM::Worker
3791454 63597048 ray::WorkerDict
3791453 63586136 ray::WorkerDict
3791459 63556892 ray::WorkerDict
3791460 63515588 ray::WorkerDict
1317539 4829244 VLLM::Worker_TP
1317538 4825864 VLLM::Worker_TP
3880556 1828756 ray::AgentLoopW
3880552 1817268 ray::AgentLoopW
3880551 1740628 ray::AgentLoopW
== 2026-09-05T17:29:03+09:00
Mem:            1007         701         307         368         370         305
    PID   RSS COMMAND
3873390 87674864 VLLM::Worker
3873386 87674616 VLLM::Worker
3873387 87338104 VLLM::Worker
3873391 87285316 VLLM::Worker
3791454 63594744 ray::WorkerDict
3791453 63586904 ray::WorkerDict
3791459 63556124 ray::WorkerDict
3791460 63515588 ray::WorkerDict
1317539 4829244 VLLM::Worker_TP
1317538 4825864 VLLM::Worker_TP
3880556 1828756 ray::AgentLoopW
3880552 1817268 ray::AgentLoopW
3880551 1740628 ray::AgentLoopW
== 2026-09-05T17:29:23+09:00
Mem:            1007         702         307         368         370         305
    PID   RSS COMMAND
3873386 87676152 VLLM::Worker
3873390 87673328 VLLM::Worker
3873387 87336568 VLLM::Worker
3873391 87284548 VLLM::Worker
3791454 63595512 ray::WorkerDict
3791453 63586904 ray::WorkerDict
3791459 63553820 ray::WorkerDict
3791460 63515588 ray::WorkerDict
1317539 4829244 VLLM::Worker_TP
1317538 4825864 VLLM::Worker_TP
3880556 1828756 ray::AgentLoopW
3880552 1817268 ray::AgentLoopW
3880551 1740628 ray::AgentLoopW
== 2026-09-05T17:29:43+09:00
Mem:            1007         702         307         368         370         305
    PID   RSS COMMAND
3873386 87676152 VLLM::Worker
3873390 87674864 VLLM::Worker
3873387 87335032 VLLM::Worker
3873391 87284548 VLLM::Worker
3791454 63593976 ray::WorkerDict
3791453 63586136 ray::WorkerDict
3791459 63554588 ray::WorkerDict
3791460 63515588 ray::WorkerDict
1317539 4829244 VLLM::Worker_TP
1317538 4825864 VLLM::Worker_TP
3880556 1828756 ray::AgentLoopW
3880552 1817268 ray::AgentLoopW
3880551 1740628 ray::AgentLoopW
== 2026-09-05T17:30:03+09:00
Mem:            1007         701         307         368         370         305
    PID   RSS COMMAND
3873386 87676920 VLLM::Worker
3873390 87672560 VLLM::Worker
3873387 87336568 VLLM::Worker
3873391 87285316 VLLM::Worker
3791454 63595512 ray::WorkerDict
3791453 63586136 ray::WorkerDict
3791459 63557660 ray::WorkerDict
3791460 63513284 ray::WorkerDict
1317539 4829244 VLLM::Worker_TP
1317538 4826632 VLLM::Worker_TP
3880556 1828756 ray::AgentLoopW
3880552 1817268 ray::AgentLoopW
3880551 1740628 ray::AgentLoopW
== 2026-09-05T17:30:23+09:00
Mem:            1007         701         307         368         370         305
    PID   RSS COMMAND
3873386 87677688 VLLM::Worker
3873390 87672560 VLLM::Worker
3873387 87333496 VLLM::Worker
3873391 87285316 VLLM::Worker
3791454 63595512 ray::WorkerDict
3791453 63585368 ray::WorkerDict
3791459 63553820 ray::WorkerDict
3791460 63514820 ray::WorkerDict
1317539 4829244 VLLM::Worker_TP
1317538 4826632 VLLM::Worker_TP
3880556 1828756 ray::AgentLoopW
3880552 1817268 ray::AgentLoopW
3880551 1740628 ray::AgentLoopW
== 2026-09-05T17:30:43+09:00
Mem:            1007         701         307         368         370         305
    PID   RSS COMMAND
3873386 87674616 VLLM::Worker
3873390 87671792 VLLM::Worker
3873387 87334264 VLLM::Worker
3873391 87284548 VLLM::Worker
3791454 63593208 ray::WorkerDict
3791453 63585368 ray::WorkerDict
3791459 63555356 ray::WorkerDict
3791460 63514820 ray::WorkerDict
1317539 4829244 VLLM::Worker_TP
1317538 4826632 VLLM::Worker_TP
3880556 1828756 ray::AgentLoopW
3880552 1817268 ray::AgentLoopW
3880551 1740628 ray::AgentLoopW
== 2026-09-05T17:31:03+09:00
Mem:            1007         701         307         368         370         305
    PID   RSS COMMAND
3873386 87675384 VLLM::Worker
3873390 87674096 VLLM::Worker
3873387 87335800 VLLM::Worker
3873391 87283780 VLLM::Worker
3791454 63593976 ray::WorkerDict
3791453 63586136 ray::WorkerDict
3791459 63555356 ray::WorkerDict
3791460 63515588 ray::WorkerDict
1317539 4829244 VLLM::Worker_TP
1317538 4826632 VLLM::Worker_TP
3880556 1828756 ray::AgentLoopW
3880552 1817268 ray::AgentLoopW
3880551 1740628 ray::AgentLoopW
== 2026-09-05T17:31:23+09:00
Mem:            1007         701         307         368         370         305
    PID   RSS COMMAND
3873386 87675384 VLLM::Worker
3873390 87673328 VLLM::Worker
3873387 87336568 VLLM::Worker
3873391 87284548 VLLM::Worker
3791454 63595512 ray::WorkerDict
3791453 63586136 ray::WorkerDict
3791459 63556124 ray::WorkerDict
3791460 63516356 ray::WorkerDict
1317539 4829244 VLLM::Worker_TP
1317538 4826632 VLLM::Worker_TP
3880556 1828756 ray::AgentLoopW
3880552 1817268 ray::AgentLoopW
3880551 1740628 ray::AgentLoopW
== 2026-09-05T17:31:43+09:00
Mem:            1007         701         307         368         370         305
    PID   RSS COMMAND
3873386 87676152 VLLM::Worker
3873390 87669488 VLLM::Worker
3873387 87334264 VLLM::Worker
3873391 87284548 VLLM::Worker
3791454 63596280 ray::WorkerDict
3791453 63586904 ray::WorkerDict
3791459 63557660 ray::WorkerDict
3791460 63517892 ray::WorkerDict
1317539 4829244 VLLM::Worker_TP
1317538 4826632 VLLM::Worker_TP
3880556 1828756 ray::AgentLoopW
3880552 1817268 ray::AgentLoopW
3880551 1740628 ray::AgentLoopW
== 2026-09-05T17:32:03+09:00
Mem:            1007         701         307         368         370         305
    PID   RSS COMMAND
3873386 87673080 VLLM::Worker
3873390 87672560 VLLM::Worker
3873387 87335800 VLLM::Worker
3873391 87285316 VLLM::Worker
3791454 63595512 ray::WorkerDict
3791453 63586904 ray::WorkerDict
3791459 63557660 ray::WorkerDict
3791460 63517124 ray::WorkerDict
1317539 4829244 VLLM::Worker_TP
1317538 4826632 VLLM::Worker_TP
3880556 1828756 ray::AgentLoopW
3880552 1817268 ray::AgentLoopW
3880551 1740628 ray::AgentLoopW
== 2026-09-05T17:32:23+09:00
Mem:            1007         701         307         368         370         305
    PID   RSS COMMAND
3873386 87676152 VLLM::Worker
3873390 87673328 VLLM::Worker
3873387 87337336 VLLM::Worker
3873391 87286084 VLLM::Worker
3791454 63594744 ray::WorkerDict
3791453 63586136 ray::WorkerDict
3791459 63556892 ray::WorkerDict
3791460 63515588 ray::WorkerDict
1317539 4829244 VLLM::Worker_TP
1317538 4826632 VLLM::Worker_TP
3880556 1828756 ray::AgentLoopW
3880552 1817268 ray::AgentLoopW
3880551 1740628 ray::AgentLoopW
== 2026-09-05T17:32:43+09:00
Mem:            1007         701         307         368         370         305
    PID   RSS COMMAND
3873386 87676920 VLLM::Worker
3873390 87672560 VLLM::Worker
3873387 87335032 VLLM::Worker
3873391 87286084 VLLM::Worker
3791454 63593208 ray::WorkerDict
3791453 63584600 ray::WorkerDict
3791459 63557660 ray::WorkerDict
3791460 63514820 ray::WorkerDict
1317539 4829244 VLLM::Worker_TP
1317538 4826632 VLLM::Worker_TP
3880556 1828756 ray::AgentLoopW
3880552 1817268 ray::AgentLoopW
3880551 1740628 ray::AgentLoopW
== 2026-09-05T17:33:03+09:00
Mem:            1007         701         307         368         370         305
    PID   RSS COMMAND
3873386 87676152 VLLM::Worker
3873390 87674864 VLLM::Worker
3873387 87334264 VLLM::Worker
3873391 87286084 VLLM::Worker
3791454 63593976 ray::WorkerDict
3791453 63584600 ray::WorkerDict
3791459 63557660 ray::WorkerDict
3791460 63514052 ray::WorkerDict
1317539 4829244 VLLM::Worker_TP
1317538 4826632 VLLM::Worker_TP
3880556 1828756 ray::AgentLoopW
3880552 1817268 ray::AgentLoopW
3880551 1740628 ray::AgentLoopW
== 2026-09-05T17:33:23+09:00
Mem:            1007         701         307         368         370         305
    PID   RSS COMMAND
3873386 87675384 VLLM::Worker
3873390 87671792 VLLM::Worker
3873387 87334264 VLLM::Worker
3873391 87286084 VLLM::Worker
3791454 63593976 ray::WorkerDict
3791453 63586136 ray::WorkerDict
3791459 63558428 ray::WorkerDict
3791460 63513284 ray::WorkerDict
1317539 4829244 VLLM::Worker_TP
1317538 4826632 VLLM::Worker_TP
3880556 1828756 ray::AgentLoopW
3880552 1817268 ray::AgentLoopW
3880551 1740628 ray::AgentLoopW
== 2026-09-05T17:33:43+09:00
Mem:            1007         701         307         368         370         305
    PID   RSS COMMAND
3873386 87674616 VLLM::Worker
3873390 87672560 VLLM::Worker
3873387 87335800 VLLM::Worker
3873391 87286084 VLLM::Worker
3791454 63593208 ray::WorkerDict
3791453 63586904 ray::WorkerDict
3791459 63558428 ray::WorkerDict
3791460 63513284 ray::WorkerDict
1317539 4829244 VLLM::Worker_TP
1317538 4826632 VLLM::Worker_TP
3880556 1828756 ray::AgentLoopW
3880552 1817268 ray::AgentLoopW
3880551 1740628 ray::AgentLoopW
== 2026-09-05T17:34:03+09:00
Mem:            1007         701         307         368         370         305
    PID   RSS COMMAND
3873386 87675384 VLLM::Worker
3873390 87670256 VLLM::Worker
3873387 87335800 VLLM::Worker
3873391 87285316 VLLM::Worker
3791454 63594744 ray::WorkerDict
3791453 63586904 ray::WorkerDict
3791459 63558428 ray::WorkerDict
3791460 63514820 ray::WorkerDict
1317539 4829244 VLLM::Worker_TP
1317538 4826632 VLLM::Worker_TP
3880556 1828756 ray::AgentLoopW
3880552 1817268 ray::AgentLoopW
3880551 1740628 ray::AgentLoopW
== 2026-09-05T17:34:23+09:00
Mem:            1007         701         307         368         370         305
    PID   RSS COMMAND
3873390 87673328 VLLM::Worker
3873386 87673080 VLLM::Worker
3873387 87337336 VLLM::Worker
3873391 87285316 VLLM::Worker
3791454 63595512 ray::WorkerDict
3791453 63586136 ray::WorkerDict
3791459 63557660 ray::WorkerDict
3791460 63514052 ray::WorkerDict
1317539 4829244 VLLM::Worker_TP
1317538 4826632 VLLM::Worker_TP
3880556 1828756 ray::AgentLoopW
3880552 1817268 ray::AgentLoopW
3880551 1740628 ray::AgentLoopW
== 2026-09-05T17:34:43+09:00
Mem:            1007         701         307         368         370         305
    PID   RSS COMMAND
3873386 87676152 VLLM::Worker
3873390 87671792 VLLM::Worker
3873387 87335800 VLLM::Worker
3873391 87285316 VLLM::Worker
3791454 63592440 ray::WorkerDict
3791453 63586136 ray::WorkerDict
3791459 63557660 ray::WorkerDict
3791460 63514052 ray::WorkerDict
1317539 4829244 VLLM::Worker_TP
1317538 4826632 VLLM::Worker_TP
3880556 1828756 ray::AgentLoopW
3880552 1817268 ray::AgentLoopW
3880551 1740628 ray::AgentLoopW
== 2026-09-05T17:35:03+09:00
Mem:            1007         702         307         368         370         305
    PID   RSS COMMAND
3873386 87676152 VLLM::Worker
3873390 87674864 VLLM::Worker
3873387 87335032 VLLM::Worker
3873391 87284548 VLLM::Worker
3791454 63593976 ray::WorkerDict
3791453 63586904 ray::WorkerDict
3791459 63557660 ray::WorkerDict
3791460 63516356 ray::WorkerDict
1317539 4829244 VLLM::Worker_TP
1317538 4826632 VLLM::Worker_TP
3880556 1828756 ray::AgentLoopW
3880552 1817268 ray::AgentLoopW
3880551 1740628 ray::AgentLoopW
== 2026-09-05T17:35:23+09:00
Mem:            1007         701         307         368         370         305
    PID   RSS COMMAND
3873386 87675384 VLLM::Worker
3873390 87673328 VLLM::Worker
3873387 87334264 VLLM::Worker
3873391 87284548 VLLM::Worker
3791454 63596280 ray::WorkerDict
3791453 63585368 ray::WorkerDict
3791459 63556124 ray::WorkerDict
3791460 63514052 ray::WorkerDict
1317539 4829244 VLLM::Worker_TP
1317538 4826632 VLLM::Worker_TP
3880556 1828756 ray::AgentLoopW
3880552 1817268 ray::AgentLoopW
3880551 1740628 ray::AgentLoopW
== 2026-09-05T17:35:43+09:00
Mem:            1007         701         307         368         370         305
    PID   RSS COMMAND
3873386 87675384 VLLM::Worker
3873390 87672560 VLLM::Worker
3873387 87334264 VLLM::Worker
3873391 87284548 VLLM::Worker
3791454 63595512 ray::WorkerDict
3791453 63586136 ray::WorkerDict
3791459 63556892 ray::WorkerDict
3791460 63514052 ray::WorkerDict
1317539 4829244 VLLM::Worker_TP
1317538 4826632 VLLM::Worker_TP
3880556 1828756 ray::AgentLoopW
3880552 1817268 ray::AgentLoopW
3880551 1740628 ray::AgentLoopW
== 2026-09-05T17:36:04+09:00
Mem:            1007         702         307         368         370         305
    PID   RSS COMMAND
3873386 87673080 VLLM::Worker
3873390 87672560 VLLM::Worker
3873387 87336568 VLLM::Worker
3873391 87284548 VLLM::Worker
3791454 63593976 ray::WorkerDict
3791453 63587672 ray::WorkerDict
3791459 63558428 ray::WorkerDict
3791460 63515588 ray::WorkerDict
1317539 4829244 VLLM::Worker_TP
1317538 4826632 VLLM::Worker_TP
3880556 1828756 ray::AgentLoopW
3880552 1817268 ray::AgentLoopW
3880551 1740628 ray::AgentLoopW
== 2026-09-05T17:36:24+09:00
Mem:            1007         701         307         368         370         305
    PID   RSS COMMAND
3873386 87675384 VLLM::Worker
3873390 87671792 VLLM::Worker
3873387 87334264 VLLM::Worker
3873391 87285316 VLLM::Worker
3791454 63591672 ray::WorkerDict
3791453 63589976 ray::WorkerDict
3791459 63558428 ray::WorkerDict
3791460 63517892 ray::WorkerDict
1317539 4829244 VLLM::Worker_TP
1317538 4826632 VLLM::Worker_TP
3880556 1828756 ray::AgentLoopW
3880552 1817268 ray::AgentLoopW
3880551 1740628 ray::AgentLoopW
== 2026-09-05T17:36:44+09:00
Mem:            1007         701         307         368         370         305
    PID   RSS COMMAND
3873386 87674616 VLLM::Worker
3873390 87671792 VLLM::Worker
3873387 87337336 VLLM::Worker
3873391 87285316 VLLM::Worker
3791454 63593208 ray::WorkerDict
3791453 63589208 ray::WorkerDict
3791459 63559196 ray::WorkerDict
3791460 63517124 ray::WorkerDict
1317539 4829244 VLLM::Worker_TP
1317538 4826632 VLLM::Worker_TP
3880556 1828756 ray::AgentLoopW
3880552 1817268 ray::AgentLoopW
3880551 1740628 ray::AgentLoopW
== 2026-09-05T17:37:04+09:00
Mem:            1007         701         307         368         370         305
    PID   RSS COMMAND
3873386 87675384 VLLM::Worker
3873390 87671792 VLLM::Worker
3873387 87335800 VLLM::Worker
3873391 87283780 VLLM::Worker
3791454 63594744 ray::WorkerDict
3791453 63588440 ray::WorkerDict
3791459 63558428 ray::WorkerDict
3791460 63517124 ray::WorkerDict
1317539 4829244 VLLM::Worker_TP
1317538 4826632 VLLM::Worker_TP
3880556 1828756 ray::AgentLoopW
3880552 1817268 ray::AgentLoopW
3880551 1740628 ray::AgentLoopW
== 2026-09-05T17:37:24+09:00
Mem:            1007         701         307         368         370         305
    PID   RSS COMMAND
3873386 87677688 VLLM::Worker
3873390 87675632 VLLM::Worker
3873387 87335032 VLLM::Worker
3873391 87283780 VLLM::Worker
3791454 63593976 ray::WorkerDict
3791453 63586904 ray::WorkerDict
3791459 63557660 ray::WorkerDict
3791460 63517124 ray::WorkerDict
1317539 4829244 VLLM::Worker_TP
1317538 4826632 VLLM::Worker_TP
3880556 1828756 ray::AgentLoopW
3880552 1817268 ray::AgentLoopW
3880551 1740628 ray::AgentLoopW
== 2026-09-05T17:37:44+09:00
Mem:            1007         701         307         368         370         305
    PID   RSS COMMAND
3873386 87676152 VLLM::Worker
3873390 87673328 VLLM::Worker
3873387 87337336 VLLM::Worker
3873391 87285316 VLLM::Worker
3791454 63593976 ray::WorkerDict
3791453 63584600 ray::WorkerDict
3791459 63556124 ray::WorkerDict
3791460 63517124 ray::WorkerDict
1317539 4829244 VLLM::Worker_TP
1317538 4826632 VLLM::Worker_TP
3880556 1828756 ray::AgentLoopW
3880552 1817268 ray::AgentLoopW
3880551 1740628 ray::AgentLoopW
== 2026-09-05T17:38:04+09:00
Mem:            1007         701         307         368         370         305
    PID   RSS COMMAND
3873386 87674616 VLLM::Worker
3873390 87671792 VLLM::Worker
3873387 87335800 VLLM::Worker
3873391 87284548 VLLM::Worker
3791454 63593208 ray::WorkerDict
3791453 63584600 ray::WorkerDict
3791459 63555356 ray::WorkerDict
3791460 63516356 ray::WorkerDict
1317539 4829244 VLLM::Worker_TP
1317538 4826632 VLLM::Worker_TP
3880556 1828756 ray::AgentLoopW
3880552 1817268 ray::AgentLoopW
3880551 1740628 ray::AgentLoopW
== 2026-09-05T17:38:24+09:00
Mem:            1007         701         307         368         370         305
    PID   RSS COMMAND
3873386 87675968 VLLM::Worker
3873390 87672584 VLLM::Worker
3873387 87333520 VLLM::Worker
3873391 87282852 VLLM::Worker
3791454 63593148 ray::WorkerDict
3791453 63582964 ray::WorkerDict
3791459 63558368 ray::WorkerDict
3791460 63515528 ray::WorkerDict
1317539 4826760 VLLM::Worker_TP
1317538 4822452 VLLM::Worker_TP
3880556 1828756 ray::AgentLoopW
3880552 1817268 ray::AgentLoopW
3880551 1740628 ray::AgentLoopW
== 2026-09-05T17:38:44+09:00
Mem:            1007         701         307         368         370         305
    PID   RSS COMMAND
3873386 87675200 VLLM::Worker
3873390 87674888 VLLM::Worker
3873387 87335824 VLLM::Worker
3873391 87283620 VLLM::Worker
3791454 63594684 ray::WorkerDict
3791453 63582964 ray::WorkerDict
3791459 63556832 ray::WorkerDict
3791460 63516296 ray::WorkerDict
1317539 4825172 VLLM::Worker_TP
1317538 4819364 VLLM::Worker_TP
3880556 1828756 ray::AgentLoopW
3880552 1817268 ray::AgentLoopW
3880551 1740628 ray::AgentLoopW
== 2026-09-05T17:39:04+09:00
Mem:            1007         701         307         368         370         305
    PID   RSS COMMAND
3873386 87674432 VLLM::Worker
3873390 87673352 VLLM::Worker
3873387 87336592 VLLM::Worker
3873391 87284388 VLLM::Worker
3791454 63593148 ray::WorkerDict
3791453 63586036 ray::WorkerDict
3791459 63557600 ray::WorkerDict
3791460 63514760 ray::WorkerDict
1317539 4825172 VLLM::Worker_TP
1317538 4819364 VLLM::Worker_TP
3880556 1828756 ray::AgentLoopW
3880552 1817268 ray::AgentLoopW
3880551 1740628 ray::AgentLoopW
== 2026-09-05T17:39:24+09:00
Mem:            1007         701         307         368         370         305
    PID   RSS COMMAND
3873386 87675968 VLLM::Worker
3873390 87671048 VLLM::Worker
3873387 87335056 VLLM::Worker
3873391 87285156 VLLM::Worker
3791454 63594684 ray::WorkerDict
3791453 63586036 ray::WorkerDict
3791459 63557600 ray::WorkerDict
3791460 63516296 ray::WorkerDict
1317539 4825172 VLLM::Worker_TP
1317538 4819364 VLLM::Worker_TP
3880556 1828756 ray::AgentLoopW
3880552 1817268 ray::AgentLoopW
3880551 1740628 ray::AgentLoopW
== 2026-09-05T17:39:44+09:00
Mem:            1007         701         307         368         370         305
    PID   RSS COMMAND
3873386 87676736 VLLM::Worker
3873390 87671816 VLLM::Worker
3873387 87336592 VLLM::Worker
3873391 87285924 VLLM::Worker
3791454 63593148 ray::WorkerDict
3791453 63585268 ray::WorkerDict
3791459 63559136 ray::WorkerDict
3791460 63516296 ray::WorkerDict
1317539 4825172 VLLM::Worker_TP
1317538 4819364 VLLM::Worker_TP
3880556 1828756 ray::AgentLoopW
3880552 1817268 ray::AgentLoopW
3880551 1740628 ray::AgentLoopW
== 2026-09-05T17:40:04+09:00
Mem:            1007         702         307         368         370         305
    PID   RSS COMMAND
3873390 87674888 VLLM::Worker
3873386 87673664 VLLM::Worker
3873387 87335824 VLLM::Worker
3873391 87286692 VLLM::Worker
3791454 63594684 ray::WorkerDict
3791453 63586036 ray::WorkerDict
3791459 63557600 ray::WorkerDict
3791460 63514760 ray::WorkerDict
1317539 4825172 VLLM::Worker_TP
1317538 4820132 VLLM::Worker_TP
3880556 1828756 ray::AgentLoopW
3880552 1817268 ray::AgentLoopW
3880551 1740628 ray::AgentLoopW
== 2026-09-05T17:40:24+09:00
Mem:            1007         701         307         368         370         305
    PID   RSS COMMAND
3873386 87676736 VLLM::Worker
3873390 87672584 VLLM::Worker
3873387 87332752 VLLM::Worker
3873391 87286692 VLLM::Worker
3791454 63594684 ray::WorkerDict
3791453 63585268 ray::WorkerDict
3791459 63558368 ray::WorkerDict
3791460 63513992 ray::WorkerDict
1317539 4825172 VLLM::Worker_TP
1317538 4820132 VLLM::Worker_TP
3880556 1828756 ray::AgentLoopW
3880552 1817268 ray::AgentLoopW
3880551 1740628 ray::AgentLoopW
== 2026-09-05T17:40:44+09:00
Mem:            1007         701         307         368         370         305
    PID   RSS COMMAND
3873386 87675968 VLLM::Worker
3873390 87673352 VLLM::Worker
3873387 87335824 VLLM::Worker
3873391 87285924 VLLM::Worker
3791454 63593148 ray::WorkerDict
3791453 63584500 ray::WorkerDict
3791459 63557600 ray::WorkerDict
3791460 63513992 ray::WorkerDict
1317539 4825172 VLLM::Worker_TP
1317538 4820132 VLLM::Worker_TP
3880556 1828756 ray::AgentLoopW
3880552 1817268 ray::AgentLoopW
3880551 1740628 ray::AgentLoopW
== 2026-09-05T17:41:04+09:00
Mem:            1007         702         307         368         370         305
    PID   RSS COMMAND
3873386 87674432 VLLM::Worker
3873390 87674120 VLLM::Worker
3873387 87334288 VLLM::Worker
3873391 87285924 VLLM::Worker
3791454 63594684 ray::WorkerDict
3791453 63586036 ray::WorkerDict
3791459 63557600 ray::WorkerDict
3791460 63515528 ray::WorkerDict
1317539 4825172 VLLM::Worker_TP
1317538 4820132 VLLM::Worker_TP
3880556 1828756 ray::AgentLoopW
3880552 1817268 ray::AgentLoopW
3880551 1740628 ray::AgentLoopW
== 2026-09-05T17:41:24+09:00
Mem:            1007         702         307         368         370         305
    PID   RSS COMMAND
3873390 87677192 VLLM::Worker
3873386 87675200 VLLM::Worker
3873387 87335824 VLLM::Worker
3873391 87284388 VLLM::Worker
3791454 63593916 ray::WorkerDict
3791453 63585268 ray::WorkerDict
3791459 63557600 ray::WorkerDict
3791460 63515528 ray::WorkerDict
1317539 4825172 VLLM::Worker_TP
1317538 4820132 VLLM::Worker_TP
3880556 1828756 ray::AgentLoopW
3880552 1817268 ray::AgentLoopW
3880551 1740628 ray::AgentLoopW
== 2026-09-05T17:41:44+09:00
Mem:            1007         701         307         368         370         305
    PID   RSS COMMAND
3873386 87674432 VLLM::Worker
3873390 87673352 VLLM::Worker
3873387 87335056 VLLM::Worker
3873391 87283620 VLLM::Worker
3791454 63596220 ray::WorkerDict
3791453 63587572 ray::WorkerDict
3791459 63557600 ray::WorkerDict
3791460 63514760 ray::WorkerDict
1317539 4825172 VLLM::Worker_TP
1317538 4820132 VLLM::Worker_TP
3880556 1828756 ray::AgentLoopW
3880552 1817268 ray::AgentLoopW
3880551 1740628 ray::AgentLoopW
== 2026-09-05T17:42:04+09:00
Mem:            1007         701         307         368         370         305
    PID   RSS COMMAND
3873386 87675968 VLLM::Worker
3873390 87675656 VLLM::Worker
3873387 87335824 VLLM::Worker
3873391 87282852 VLLM::Worker
3791454 63596988 ray::WorkerDict
3791453 63586036 ray::WorkerDict
3791459 63558368 ray::WorkerDict
3791460 63514760 ray::WorkerDict
1317539 4825172 VLLM::Worker_TP
1317538 4820132 VLLM::Worker_TP
3880556 1828756 ray::AgentLoopW
3880552 1817268 ray::AgentLoopW
3880551 1740628 ray::AgentLoopW
== 2026-09-05T17:42:24+09:00
Mem:            1007         702         307         368         370         305
    PID   RSS COMMAND
3873386 87677504 VLLM::Worker
3873390 87673352 VLLM::Worker
3873387 87335056 VLLM::Worker
3873391 87283620 VLLM::Worker
3791454 63596220 ray::WorkerDict
3791453 63585268 ray::WorkerDict
3791459 63556832 ray::WorkerDict
3791460 63516296 ray::WorkerDict
1317539 4825112 VLLM::Worker_TP
1317538 4818628 VLLM::Worker_TP
3880556 1828756 ray::AgentLoopW
3880552 1817268 ray::AgentLoopW
3880551 1740628 ray::AgentLoopW
== 2026-09-05T17:42:44+09:00
Mem:            1007         701         307         368         370         305
    PID   RSS COMMAND
3873386 87676736 VLLM::Worker
3873390 87674120 VLLM::Worker
3873387 87337360 VLLM::Worker
3873391 87282084 VLLM::Worker
3791454 63595452 ray::WorkerDict
3791453 63584500 ray::WorkerDict
3791459 63556832 ray::WorkerDict
3791460 63517064 ray::WorkerDict
1317539 4825112 VLLM::Worker_TP
1317538 4818628 VLLM::Worker_TP
3880556 1828756 ray::AgentLoopW
3880552 1817268 ray::AgentLoopW
3880551 1740628 ray::AgentLoopW
== 2026-09-05T17:43:04+09:00
Mem:            1007         702         307         368         370         305
    PID   RSS COMMAND
3873386 87675968 VLLM::Worker
3873390 87673352 VLLM::Worker
3873387 87334288 VLLM::Worker
3873391 87283620 VLLM::Worker
3791454 63596220 ray::WorkerDict
3791453 63584500 ray::WorkerDict
3791459 63555296 ray::WorkerDict
3791460 63517064 ray::WorkerDict
1317539 4825112 VLLM::Worker_TP
1317538 4818628 VLLM::Worker_TP
3880556 1828756 ray::AgentLoopW
3880552 1817268 ray::AgentLoopW
3880551 1740628 ray::AgentLoopW
== 2026-09-05T17:43:24+09:00
Mem:            1007         702         307         368         370         305
    PID   RSS COMMAND
3873386 87675200 VLLM::Worker
3873390 87672584 VLLM::Worker
3873387 87335824 VLLM::Worker
3873391 87281316 VLLM::Worker
3791454 63595452 ray::WorkerDict
3791453 63582964 ray::WorkerDict
3791459 63553760 ray::WorkerDict
3791460 63513992 ray::WorkerDict
1317539 4825112 VLLM::Worker_TP
1317538 4818628 VLLM::Worker_TP
3880556 1828756 ray::AgentLoopW
3880552 1817268 ray::AgentLoopW
3880551 1740628 ray::AgentLoopW
== 2026-09-05T17:43:44+09:00
Mem:            1007         702         307         368         370         305
    PID   RSS COMMAND
3873386 87675200 VLLM::Worker
3873390 87673352 VLLM::Worker
3873387 87336592 VLLM::Worker
3873391 87280548 VLLM::Worker
3791454 63593916 ray::WorkerDict
3791453 63582964 ray::WorkerDict
3791459 63554528 ray::WorkerDict
3791460 63514760 ray::WorkerDict
1317539 4825112 VLLM::Worker_TP
1317538 4818628 VLLM::Worker_TP
3880556 1828756 ray::AgentLoopW
3880552 1817268 ray::AgentLoopW
3880551 1740628 ray::AgentLoopW
== 2026-09-05T17:44:04+09:00
Mem:            1007         701         307         368         370         305
    PID   RSS COMMAND
3873386 87676736 VLLM::Worker
3873390 87673352 VLLM::Worker
3873387 87335824 VLLM::Worker
3873391 87281316 VLLM::Worker
3791454 63593916 ray::WorkerDict
3791453 63586036 ray::WorkerDict
3791459 63556064 ray::WorkerDict
3791460 63513992 ray::WorkerDict
1317539 4825112 VLLM::Worker_TP
1317538 4818628 VLLM::Worker_TP
3880556 1828756 ray::AgentLoopW
3880552 1817268 ray::AgentLoopW
3880551 1740628 ray::AgentLoopW
== 2026-09-05T17:44:24+09:00
Mem:            1007         701         307         368         370         305
    PID   RSS COMMAND
3873386 87677504 VLLM::Worker
3873390 87672584 VLLM::Worker
3873387 87335056 VLLM::Worker
3873391 87282084 VLLM::Worker
3791454 63593916 ray::WorkerDict
3791453 63586036 ray::WorkerDict
3791459 63556064 ray::WorkerDict
3791460 63513992 ray::WorkerDict
1317539 4825112 VLLM::Worker_TP
1317538 4818628 VLLM::Worker_TP
3880556 1828756 ray::AgentLoopW
3880552 1817268 ray::AgentLoopW
3880551 1740628 ray::AgentLoopW
== 2026-09-05T17:44:44+09:00
Mem:            1007         701         307         368         370         305
    PID   RSS COMMAND
3873386 87677504 VLLM::Worker
3873390 87674120 VLLM::Worker
3873387 87338128 VLLM::Worker
3873391 87282084 VLLM::Worker
3791454 63592380 ray::WorkerDict
3791453 63586804 ray::WorkerDict
3791459 63556064 ray::WorkerDict
3791460 63512456 ray::WorkerDict
1317539 4825112 VLLM::Worker_TP
1317538 4818628 VLLM::Worker_TP
3880556 1828756 ray::AgentLoopW
3880552 1817268 ray::AgentLoopW
3880551 1740628 ray::AgentLoopW
== 2026-09-05T17:45:04+09:00
Mem:            1007         702         307         368         370         305
    PID   RSS COMMAND
3873386 87675968 VLLM::Worker
3873390 87674120 VLLM::Worker
3873387 87334288 VLLM::Worker
3873391 87283620 VLLM::Worker
3791454 63592380 ray::WorkerDict
3791453 63585268 ray::WorkerDict
3791459 63558368 ray::WorkerDict
3791460 63513224 ray::WorkerDict
1317539 4825112 VLLM::Worker_TP
1317538 4818628 VLLM::Worker_TP
3880556 1828756 ray::AgentLoopW
3880552 1817268 ray::AgentLoopW
3880551 1740628 ray::AgentLoopW
== 2026-09-05T17:45:24+09:00
Mem:            1007         701         307         368         370         305
    PID   RSS COMMAND
3873386 87679040 VLLM::Worker
3873390 87672584 VLLM::Worker
3873387 87337360 VLLM::Worker
3873391 87282852 VLLM::Worker
3791454 63594684 ray::WorkerDict
3791453 63585268 ray::WorkerDict
3791459 63556064 ray::WorkerDict
3791460 63513224 ray::WorkerDict
1317539 4825112 VLLM::Worker_TP
1317538 4818628 VLLM::Worker_TP
3880556 1828756 ray::AgentLoopW
3880552 1817268 ray::AgentLoopW
3880551 1740628 ray::AgentLoopW
== 2026-09-05T17:45:44+09:00
Mem:            1007         701         307         368         370         305
    PID   RSS COMMAND
3873386 87676736 VLLM::Worker
3873390 87675656 VLLM::Worker
3873387 87333520 VLLM::Worker
3873391 87282084 VLLM::Worker
3791454 63594684 ray::WorkerDict
3791453 63583732 ray::WorkerDict
3791459 63557600 ray::WorkerDict
3791460 63515528 ray::WorkerDict
1317539 4825112 VLLM::Worker_TP
1317538 4818628 VLLM::Worker_TP
3880556 1828756 ray::AgentLoopW
3880552 1817268 ray::AgentLoopW
3880551 1740628 ray::AgentLoopW
== 2026-09-05T17:46:04+09:00
Mem:            1007         702         307         368         370         305
    PID   RSS COMMAND
3873386 87676736 VLLM::Worker
3873390 87672584 VLLM::Worker
3873387 87335824 VLLM::Worker
3873391 87282852 VLLM::Worker
3791454 63595452 ray::WorkerDict
3791453 63583732 ray::WorkerDict
3791459 63556832 ray::WorkerDict
3791460 63514760 ray::WorkerDict
1317539 4825112 VLLM::Worker_TP
1317538 4818628 VLLM::Worker_TP
3880556 1828756 ray::AgentLoopW
3880552 1817268 ray::AgentLoopW
3880551 1740628 ray::AgentLoopW
== 2026-09-05T17:46:25+09:00
Mem:            1007         701         307         368         370         305
    PID   RSS COMMAND
3873386 87675968 VLLM::Worker
3873390 87674888 VLLM::Worker
3873387 87335056 VLLM::Worker
3873391 87284388 VLLM::Worker
3791454 63595452 ray::WorkerDict
3791453 63582964 ray::WorkerDict
3791459 63556832 ray::WorkerDict
3791460 63514760 ray::WorkerDict
1317539 4825112 VLLM::Worker_TP
1317538 4818628 VLLM::Worker_TP
3880556 1828756 ray::AgentLoopW
3880552 1817268 ray::AgentLoopW
3880551 1740628 ray::AgentLoopW
== 2026-09-05T17:46:45+09:00
Mem:            1007         701         307         368         370         305
    PID   RSS COMMAND
3873390 87674888 VLLM::Worker
3873386 87673664 VLLM::Worker
3873387 87335056 VLLM::Worker
3873391 87284388 VLLM::Worker
3791454 63594684 ray::WorkerDict
3791453 63586036 ray::WorkerDict
3791459 63556832 ray::WorkerDict
3791460 63515528 ray::WorkerDict
1317539 4825112 VLLM::Worker_TP
1317538 4818628 VLLM::Worker_TP
3880556 1828756 ray::AgentLoopW
3880552 1817268 ray::AgentLoopW
3880551 1740628 ray::AgentLoopW
== 2026-09-05T17:47:05+09:00
Mem:            1007         701         307         368         370         305
    PID   RSS COMMAND
3873386 87675200 VLLM::Worker
3873390 87674120 VLLM::Worker
3873387 87334288 VLLM::Worker
3873391 87283620 VLLM::Worker
3791454 63593916 ray::WorkerDict
3791453 63586036 ray::WorkerDict
3791459 63555296 ray::WorkerDict
3791460 63513992 ray::WorkerDict
1317539 4825112 VLLM::Worker_TP
1317538 4818628 VLLM::Worker_TP
3880556 1828756 ray::AgentLoopW
3880552 1817268 ray::AgentLoopW
3880551 1740628 ray::AgentLoopW
== 2026-09-05T17:47:25+09:00
Mem:            1007         701         307         368         370         305
    PID   RSS COMMAND
3873386 87676736 VLLM::Worker
3873390 87672584 VLLM::Worker
3873387 87334288 VLLM::Worker
3873391 87283620 VLLM::Worker
3791454 63592380 ray::WorkerDict
3791453 63586804 ray::WorkerDict
3791459 63556832 ray::WorkerDict
3791460 63513992 ray::WorkerDict
1317539 4825112 VLLM::Worker_TP
1317538 4818628 VLLM::Worker_TP
3880556 1828756 ray::AgentLoopW
3880552 1817268 ray::AgentLoopW
3880551 1740628 ray::AgentLoopW
== 2026-09-05T17:47:45+09:00
Mem:            1007         701         307         368         370         305
    PID   RSS COMMAND
3873386 87675968 VLLM::Worker
3873390 87674888 VLLM::Worker
3873387 87332752 VLLM::Worker
3873391 87284388 VLLM::Worker
3791454 63592380 ray::WorkerDict
3791453 63584500 ray::WorkerDict
3791459 63554528 ray::WorkerDict
3791460 63515528 ray::WorkerDict
1317539 4825112 VLLM::Worker_TP
1317538 4818628 VLLM::Worker_TP
3880556 1828756 ray::AgentLoopW
3880552 1817268 ray::AgentLoopW
3880551 1740628 ray::AgentLoopW
== 2026-09-05T17:48:05+09:00
Mem:            1007         702         307         368         370         305
    PID   RSS COMMAND
3873386 87676736 VLLM::Worker
3873390 87675656 VLLM::Worker
3873387 87336592 VLLM::Worker
3873391 87283620 VLLM::Worker
3791454 63593916 ray::WorkerDict
3791453 63582964 ray::WorkerDict
3791459 63554528 ray::WorkerDict
3791460 63514760 ray::WorkerDict
1317539 4833560 VLLM::Worker_TP
1317538 4827076 VLLM::Worker_TP
3880556 1828756 ray::AgentLoopW
3880552 1817268 ray::AgentLoopW
3880551 1740628 ray::AgentLoopW
== 2026-09-05T17:48:25+09:00
Mem:            1007         702         307         368         370         305
    PID   RSS COMMAND
3873386 87676736 VLLM::Worker
3873390 87674120 VLLM::Worker
3873387 87335056 VLLM::Worker
3873391 87282852 VLLM::Worker
3791454 63593916 ray::WorkerDict
3791453 63582196 ray::WorkerDict
3791459 63552224 ray::WorkerDict
3791460 63513992 ray::WorkerDict
1317539 4835096 VLLM::Worker_TP
1317538 4829380 VLLM::Worker_TP
3880556 1828756 ray::AgentLoopW
3880552 1817268 ray::AgentLoopW
3880551 1740628 ray::AgentLoopW
== 2026-09-05T17:48:45+09:00
Mem:            1007         702         307         368         370         305
    PID   RSS COMMAND
3873386 87679040 VLLM::Worker
3873390 87672584 VLLM::Worker
3873387 87333520 VLLM::Worker
3873391 87282084 VLLM::Worker
3791454 63593916 ray::WorkerDict
3791453 63582964 ray::WorkerDict
3791459 63553760 ray::WorkerDict
3791460 63515528 ray::WorkerDict
1317539 4835096 VLLM::Worker_TP
1317538 4829380 VLLM::Worker_TP
3880556 1828756 ray::AgentLoopW
3880552 1817268 ray::AgentLoopW
3880551 1740628 ray::AgentLoopW
== 2026-09-05T17:49:05+09:00
Mem:            1007         702         307         368         370         305
    PID   RSS COMMAND
3873386 87675200 VLLM::Worker
3873390 87673352 VLLM::Worker
3873387 87333520 VLLM::Worker
3873391 87281316 VLLM::Worker
3791454 63593916 ray::WorkerDict
3791453 63583732 ray::WorkerDict
3791459 63556832 ray::WorkerDict
3791460 63512456 ray::WorkerDict
1317539 4835096 VLLM::Worker_TP
1317538 4829380 VLLM::Worker_TP
3880556 1828756 ray::AgentLoopW
3880552 1817268 ray::AgentLoopW
3880551 1740628 ray::AgentLoopW
== 2026-09-05T17:49:25+09:00
Mem:            1007         702         307         368         370         305
    PID   RSS COMMAND
3873386 87676736 VLLM::Worker
3873390 87671816 VLLM::Worker
3873387 87336592 VLLM::Worker
3873391 87282084 VLLM::Worker
3791454 63592380 ray::WorkerDict
3791453 63583732 ray::WorkerDict
3791459 63556064 ray::WorkerDict
3791460 63513992 ray::WorkerDict
1317539 4835096 VLLM::Worker_TP
1317538 4829380 VLLM::Worker_TP
3880556 1828756 ray::AgentLoopW
3880552 1817268 ray::AgentLoopW
3880551 1740628 ray::AgentLoopW
== 2026-09-05T17:49:45+09:00
Mem:            1007         702         307         368         370         305
    PID   RSS COMMAND
3873386 87676736 VLLM::Worker
3873390 87671816 VLLM::Worker
3873387 87334288 VLLM::Worker
3873391 87282852 VLLM::Worker
3791454 63593148 ray::WorkerDict
3791453 63584500 ray::WorkerDict
3791459 63556832 ray::WorkerDict
3791460 63514760 ray::WorkerDict
1317539 4835096 VLLM::Worker_TP
1317538 4829380 VLLM::Worker_TP
3880556 1828756 ray::AgentLoopW
3880552 1817268 ray::AgentLoopW
3880551 1740628 ray::AgentLoopW
== 2026-09-05T17:50:05+09:00
Mem:            1007         702         307         368         370         305
    PID   RSS COMMAND
3873386 87674432 VLLM::Worker
3873390 87671816 VLLM::Worker
3873387 87335824 VLLM::Worker
3873391 87282084 VLLM::Worker
3791454 63592380 ray::WorkerDict
3791453 63582964 ray::WorkerDict
3791459 63556064 ray::WorkerDict
3791460 63513224 ray::WorkerDict
1317539 4835096 VLLM::Worker_TP
1317538 4830148 VLLM::Worker_TP
3880556 1828756 ray::AgentLoopW
3880552 1817268 ray::AgentLoopW
3880551 1740628 ray::AgentLoopW
== 2026-09-05T17:50:25+09:00
Mem:            1007         701         307         368         370         305
    PID   RSS COMMAND
3873390 87674120 VLLM::Worker
3873386 87672896 VLLM::Worker
3873387 87335056 VLLM::Worker
3873391 87282084 VLLM::Worker
3791454 63594684 ray::WorkerDict
3791453 63583732 ray::WorkerDict
3791459 63555296 ray::WorkerDict
3791460 63512456 ray::WorkerDict
1317539 4835096 VLLM::Worker_TP
1317538 4830148 VLLM::Worker_TP
3880556 1828756 ray::AgentLoopW
3880552 1817268 ray::AgentLoopW
3880551 1740628 ray::AgentLoopW
== 2026-09-05T17:50:45+09:00
Mem:            1007         701         307         368         370         305
    PID   RSS COMMAND
3873386 87678272 VLLM::Worker
3873390 87674888 VLLM::Worker
3873387 87335056 VLLM::Worker
3873391 87283620 VLLM::Worker
3791454 63595452 ray::WorkerDict
3791453 63584500 ray::WorkerDict
3791459 63558368 ray::WorkerDict
3791460 63511688 ray::WorkerDict
1317539 4835096 VLLM::Worker_TP
1317538 4830148 VLLM::Worker_TP
3880556 1828756 ray::AgentLoopW
3880552 1817268 ray::AgentLoopW
3880551 1740628 ray::AgentLoopW
== 2026-09-05T17:51:05+09:00
Mem:            1007         702         307         368         370         305
    PID   RSS COMMAND
3873386 87678272 VLLM::Worker
3873390 87674120 VLLM::Worker
3873387 87331984 VLLM::Worker
3873391 87283620 VLLM::Worker
3791454 63593148 ray::WorkerDict
3791453 63582964 ray::WorkerDict
3791459 63557600 ray::WorkerDict
3791460 63513992 ray::WorkerDict
1317539 4835096 VLLM::Worker_TP
1317538 4830148 VLLM::Worker_TP
3880556 1828756 ray::AgentLoopW
3880552 1817268 ray::AgentLoopW
3880551 1740628 ray::AgentLoopW
== 2026-09-05T17:51:25+09:00
Mem:            1007         701         307         368         370         305
    PID   RSS COMMAND
3873386 87675968 VLLM::Worker
3873390 87672584 VLLM::Worker
3873387 87336592 VLLM::Worker
3873391 87282084 VLLM::Worker
3791454 63592380 ray::WorkerDict
3791453 63585268 ray::WorkerDict
3791459 63557600 ray::WorkerDict
3791460 63515528 ray::WorkerDict
1317539 4835096 VLLM::Worker_TP
1317538 4830148 VLLM::Worker_TP
3880556 1828756 ray::AgentLoopW
3880552 1817268 ray::AgentLoopW
3880551 1740628 ray::AgentLoopW
== 2026-09-05T17:51:45+09:00
Mem:            1007         701         307         368         370         305
    PID   RSS COMMAND
3873386 87676736 VLLM::Worker
3873390 87674120 VLLM::Worker
3873387 87336592 VLLM::Worker
3873391 87282084 VLLM::Worker
3791454 63592380 ray::WorkerDict
3791453 63584500 ray::WorkerDict
3791459 63556064 ray::WorkerDict
3791460 63514760 ray::WorkerDict
1317539 4835096 VLLM::Worker_TP
1317538 4830148 VLLM::Worker_TP
3880556 1828756 ray::AgentLoopW
3880552 1817268 ray::AgentLoopW
3880551 1740628 ray::AgentLoopW
== 2026-09-05T17:52:05+09:00
Mem:            1007         702         307         368         370         305
    PID   RSS COMMAND
3873386 87677504 VLLM::Worker
3873390 87673352 VLLM::Worker
3873387 87336592 VLLM::Worker
3873391 87283620 VLLM::Worker
3791454 63593916 ray::WorkerDict
3791453 63585268 ray::WorkerDict
3791459 63555296 ray::WorkerDict
3791460 63513224 ray::WorkerDict
1317539 4835096 VLLM::Worker_TP
1317538 4830148 VLLM::Worker_TP
3880556 1828756 ray::AgentLoopW
3880552 1817268 ray::AgentLoopW
3880551 1740628 ray::AgentLoopW
== 2026-09-05T17:52:25+09:00
Mem:            1007         702         307         368         370         305
    PID   RSS COMMAND
3873386 87676736 VLLM::Worker
3873390 87671816 VLLM::Worker
3873387 87335824 VLLM::Worker
3873391 87282852 VLLM::Worker
3791454 63593148 ray::WorkerDict
3791453 63582964 ray::WorkerDict
3791459 63556064 ray::WorkerDict
3791460 63517064 ray::WorkerDict
1317539 4835096 VLLM::Worker_TP
1317538 4830148 VLLM::Worker_TP
3880556 1828756 ray::AgentLoopW
3880552 1817268 ray::AgentLoopW
3880551 1740628 ray::AgentLoopW
== 2026-09-05T17:52:45+09:00
Mem:            1007         701         307         368         370         305
    PID   RSS COMMAND
3873386 87677504 VLLM::Worker
3873390 87673352 VLLM::Worker
3873387 87335056 VLLM::Worker
3873391 87284388 VLLM::Worker
3791454 63593916 ray::WorkerDict
3791453 63583732 ray::WorkerDict
3791459 63555296 ray::WorkerDict
3791460 63514760 ray::WorkerDict
1317539 4835096 VLLM::Worker_TP
1317538 4830148 VLLM::Worker_TP
3880556 1828756 ray::AgentLoopW
3880552 1817268 ray::AgentLoopW
3880551 1740628 ray::AgentLoopW
== 2026-09-05T17:53:05+09:00
Mem:            1007         702         307         368         370         305
    PID   RSS COMMAND
3873386 87677504 VLLM::Worker
3873390 87672584 VLLM::Worker
3873387 87335824 VLLM::Worker
3873391 87285924 VLLM::Worker
3791454 63593916 ray::WorkerDict
3791453 63583732 ray::WorkerDict
3791459 63556064 ray::WorkerDict
3791460 63516296 ray::WorkerDict
1317539 4835096 VLLM::Worker_TP
1317538 4830148 VLLM::Worker_TP
3880556 1828756 ray::AgentLoopW
3880552 1817268 ray::AgentLoopW
3880551 1740628 ray::AgentLoopW
== 2026-09-05T17:53:25+09:00
Mem:            1007         702         307         368         370         305
    PID   RSS COMMAND
3873386 87677504 VLLM::Worker
3873390 87672584 VLLM::Worker
3873387 87334288 VLLM::Worker
3873391 87285924 VLLM::Worker
3791454 63592380 ray::WorkerDict
3791453 63586804 ray::WorkerDict
3791459 63556832 ray::WorkerDict
3791460 63516296 ray::WorkerDict
1317539 4835096 VLLM::Worker_TP
1317538 4830148 VLLM::Worker_TP
3880556 1828756 ray::AgentLoopW
3880552 1817268 ray::AgentLoopW
3880551 1740628 ray::AgentLoopW
== 2026-09-05T17:53:45+09:00
Mem:            1007         701         307         368         370         305
    PID   RSS COMMAND
3873386 87675200 VLLM::Worker
3873390 87672584 VLLM::Worker
3873387 87336592 VLLM::Worker
3873391 87285156 VLLM::Worker
3791454 63591612 ray::WorkerDict
3791453 63585268 ray::WorkerDict
3791459 63556064 ray::WorkerDict
3791460 63514760 ray::WorkerDict
1317539 4835096 VLLM::Worker_TP
1317538 4830148 VLLM::Worker_TP
3880556 1828756 ray::AgentLoopW
3880552 1817268 ray::AgentLoopW
3880551 1740628 ray::AgentLoopW
== 2026-09-05T17:54:05+09:00
Mem:            1007         702         307         368         370         305
    PID   RSS COMMAND
3873386 87678272 VLLM::Worker
3873390 87674888 VLLM::Worker
3873387 87339664 VLLM::Worker
3873391 87285924 VLLM::Worker
3791454 63593148 ray::WorkerDict
3791453 63586804 ray::WorkerDict
3791459 63555296 ray::WorkerDict
3791460 63513992 ray::WorkerDict
1317539 4835096 VLLM::Worker_TP
1317538 4830148 VLLM::Worker_TP
3880556 1828756 ray::AgentLoopW
3880552 1817268 ray::AgentLoopW
3880551 1740628 ray::AgentLoopW
== 2026-09-05T17:54:25+09:00
Mem:            1007         702         307         368         370         305
    PID   RSS COMMAND
3873386 87677504 VLLM::Worker
3873390 87674120 VLLM::Worker
3873387 87335824 VLLM::Worker
3873391 87284388 VLLM::Worker
3791454 63593916 ray::WorkerDict
3791453 63586804 ray::WorkerDict
3791459 63555296 ray::WorkerDict
3791460 63513992 ray::WorkerDict
1317539 4835096 VLLM::Worker_TP
1317538 4830148 VLLM::Worker_TP
3880556 1828756 ray::AgentLoopW
3880552 1817268 ray::AgentLoopW
3880551 1740628 ray::AgentLoopW
== 2026-09-05T17:54:45+09:00
Mem:            1007         702         307         368         370         305
    PID   RSS COMMAND
3873386 87676736 VLLM::Worker
3873390 87673352 VLLM::Worker
3873387 87338128 VLLM::Worker
3873391 87285156 VLLM::Worker
3791454 63594684 ray::WorkerDict
3791453 63586804 ray::WorkerDict
3791459 63554528 ray::WorkerDict
3791460 63513992 ray::WorkerDict
1317539 4835096 VLLM::Worker_TP
1317538 4830148 VLLM::Worker_TP
3880556 1828756 ray::AgentLoopW
3880552 1817268 ray::AgentLoopW
3880551 1740628 ray::AgentLoopW
== 2026-09-05T17:55:05+09:00
Mem:            1007         702         307         368         370         305
    PID   RSS COMMAND
3873386 87675968 VLLM::Worker
3873390 87671816 VLLM::Worker
3873387 87336592 VLLM::Worker
3873391 87286692 VLLM::Worker
3791454 63593148 ray::WorkerDict
3791453 63586036 ray::WorkerDict
3791459 63555296 ray::WorkerDict
3791460 63513992 ray::WorkerDict
1317539 4835096 VLLM::Worker_TP
1317538 4830148 VLLM::Worker_TP
3880556 1828756 ray::AgentLoopW
3880552 1817268 ray::AgentLoopW
3880551 1740628 ray::AgentLoopW
== 2026-09-05T17:55:25+09:00
Mem:            1007         701         307         368         370         305
    PID   RSS COMMAND
3873386 87675968 VLLM::Worker
3873390 87673352 VLLM::Worker
3873387 87334288 VLLM::Worker
3873391 87285924 VLLM::Worker
3791454 63596220 ray::WorkerDict
3791453 63585268 ray::WorkerDict
3791459 63558368 ray::WorkerDict
3791460 63513992 ray::WorkerDict
1317539 4835096 VLLM::Worker_TP
1317538 4830148 VLLM::Worker_TP
3880556 1828756 ray::AgentLoopW
3880552 1817268 ray::AgentLoopW
3880551 1740628 ray::AgentLoopW
== 2026-09-05T17:55:45+09:00
Mem:            1007         701         307         368         370         305
    PID   RSS COMMAND
3873386 87677504 VLLM::Worker
3873390 87675656 VLLM::Worker
3873387 87336592 VLLM::Worker
3873391 87286692 VLLM::Worker
3791454 63593916 ray::WorkerDict
3791453 63585268 ray::WorkerDict
3791459 63557600 ray::WorkerDict
3791460 63513224 ray::WorkerDict
1317539 4835096 VLLM::Worker_TP
1317538 4830148 VLLM::Worker_TP
3880556 1828756 ray::AgentLoopW
3880552 1817268 ray::AgentLoopW
3880551 1740628 ray::AgentLoopW
== 2026-09-05T17:56:05+09:00
Mem:            1007         702         307         368         370         305
    PID   RSS COMMAND
3873386 87678272 VLLM::Worker
3873390 87672584 VLLM::Worker
3873387 87337360 VLLM::Worker
3873391 87285924 VLLM::Worker
3791454 63593916 ray::WorkerDict
3791453 63584500 ray::WorkerDict
3791459 63556832 ray::WorkerDict
3791460 63513224 ray::WorkerDict
1317539 4835096 VLLM::Worker_TP
1317538 4830148 VLLM::Worker_TP
3880556 1828756 ray::AgentLoopW
3880552 1817268 ray::AgentLoopW
3880551 1740628 ray::AgentLoopW
== 2026-09-05T17:56:25+09:00
Mem:            1007         701         307         368         370         305
    PID   RSS COMMAND
3873386 87677504 VLLM::Worker
3873390 87675656 VLLM::Worker
3873387 87335056 VLLM::Worker
3873391 87286692 VLLM::Worker
3791454 63592380 ray::WorkerDict
3791453 63584500 ray::WorkerDict
3791459 63555296 ray::WorkerDict
3791460 63513224 ray::WorkerDict
1317539 4835096 VLLM::Worker_TP
1317538 4830148 VLLM::Worker_TP
3880556 1828756 ray::AgentLoopW
3880552 1817268 ray::AgentLoopW
3880551 1740628 ray::AgentLoopW
== 2026-09-05T17:56:45+09:00
Mem:            1007         701         307         368         370         305
    PID   RSS COMMAND
3873386 87677504 VLLM::Worker
3873390 87673352 VLLM::Worker
3873387 87338896 VLLM::Worker
3873391 87286692 VLLM::Worker
3791454 63595452 ray::WorkerDict
3791453 63582964 ray::WorkerDict
3791459 63554528 ray::WorkerDict
3791460 63513992 ray::WorkerDict
1317539 4835096 VLLM::Worker_TP
1317538 4830148 VLLM::Worker_TP
3880556 1828756 ray::AgentLoopW
3880552 1817268 ray::AgentLoopW
3880551 1740628 ray::AgentLoopW
== 2026-09-05T17:57:06+09:00
Mem:            1007         701         307         368         370         305
    PID   RSS COMMAND
3873386 87674432 VLLM::Worker
3873390 87672584 VLLM::Worker
3873387 87337360 VLLM::Worker
3873391 87285156 VLLM::Worker
3791454 63593916 ray::WorkerDict
3791453 63583732 ray::WorkerDict
3791459 63556064 ray::WorkerDict
3791460 63511688 ray::WorkerDict
1317539 4835096 VLLM::Worker_TP
1317538 4830148 VLLM::Worker_TP
3880556 1828756 ray::AgentLoopW
3880552 1817268 ray::AgentLoopW
3880551 1740628 ray::AgentLoopW
== 2026-09-05T17:57:26+09:00
Mem:            1007         701         307         368         370         305
    PID   RSS COMMAND
3873386 87679808 VLLM::Worker
3873390 87673352 VLLM::Worker
3873387 87335056 VLLM::Worker
3873391 87284388 VLLM::Worker
3791454 63594684 ray::WorkerDict
3791453 63582964 ray::WorkerDict
3791459 63557600 ray::WorkerDict
3791460 63513224 ray::WorkerDict
1317539 4835096 VLLM::Worker_TP
1317538 4830148 VLLM::Worker_TP
3880556 1828756 ray::AgentLoopW
3880552 1817268 ray::AgentLoopW
3880551 1740628 ray::AgentLoopW
== 2026-09-05T17:57:46+09:00
Mem:            1007         701         307         368         370         305
    PID   RSS COMMAND
3873386 87675968 VLLM::Worker
3873390 87673352 VLLM::Worker
3873387 87335824 VLLM::Worker
3873391 87285924 VLLM::Worker
3791454 63595452 ray::WorkerDict
3791453 63585268 ray::WorkerDict
3791459 63556832 ray::WorkerDict
3791460 63517064 ray::WorkerDict
1317539 4835096 VLLM::Worker_TP
1317538 4830148 VLLM::Worker_TP
3880556 1828756 ray::AgentLoopW
3880552 1817268 ray::AgentLoopW
3880551 1740628 ray::AgentLoopW
== 2026-09-05T17:58:06+09:00
Mem:            1007         702         307         368         370         305
    PID   RSS COMMAND
3873386 87678272 VLLM::Worker
3873390 87673352 VLLM::Worker
3873387 87335824 VLLM::Worker
3873391 87285156 VLLM::Worker
3791454 63593916 ray::WorkerDict
3791453 63586036 ray::WorkerDict
3791459 63557600 ray::WorkerDict
3791460 63515528 ray::WorkerDict
1317539 4835096 VLLM::Worker_TP
1317538 4830148 VLLM::Worker_TP
3880556 1828756 ray::AgentLoopW
3880552 1817268 ray::AgentLoopW
3880551 1740628 ray::AgentLoopW
== 2026-09-05T17:58:26+09:00
Mem:            1007         702         307         368         370         305
    PID   RSS COMMAND
3873386 87673664 VLLM::Worker
3873390 87672584 VLLM::Worker
3873387 87335056 VLLM::Worker
3873391 87285156 VLLM::Worker
3791454 63593916 ray::WorkerDict
3791453 63585268 ray::WorkerDict
3791459 63556832 ray::WorkerDict
3791460 63515528 ray::WorkerDict
1317539 4835096 VLLM::Worker_TP
1317538 4830148 VLLM::Worker_TP
3880556 1828756 ray::AgentLoopW
3880552 1817268 ray::AgentLoopW
3880551 1740628 ray::AgentLoopW
== 2026-09-05T17:58:46+09:00
Mem:            1007         702         307         368         370         305
    PID   RSS COMMAND
3873386 87675200 VLLM::Worker
3873390 87672584 VLLM::Worker
3873387 87334288 VLLM::Worker
3873391 87285156 VLLM::Worker
3791454 63593916 ray::WorkerDict
3791453 63582964 ray::WorkerDict
3791459 63556832 ray::WorkerDict
3791460 63515528 ray::WorkerDict
1317539 4835096 VLLM::Worker_TP
1317538 4830148 VLLM::Worker_TP
3880556 1828756 ray::AgentLoopW
3880552 1817268 ray::AgentLoopW
3880551 1740628 ray::AgentLoopW
== 2026-09-05T17:59:06+09:00
Mem:            1007         702         307         368         370         305
    PID   RSS COMMAND
3873386 87674432 VLLM::Worker
3873390 87674120 VLLM::Worker
3873387 87332752 VLLM::Worker
3873391 87285156 VLLM::Worker
3791454 63594684 ray::WorkerDict
3791453 63583732 ray::WorkerDict
3791459 63558368 ray::WorkerDict
3791460 63515528 ray::WorkerDict
1317539 4835096 VLLM::Worker_TP
1317538 4830148 VLLM::Worker_TP
3880556 1828756 ray::AgentLoopW
3880552 1817268 ray::AgentLoopW
3880551 1740628 ray::AgentLoopW
== 2026-09-05T17:59:26+09:00
Mem:            1007         702         307         368         370         305
    PID   RSS COMMAND
3873390 87674120 VLLM::Worker
3873386 87673664 VLLM::Worker
3873387 87334288 VLLM::Worker
3873391 87283620 VLLM::Worker
3791454 63594684 ray::WorkerDict
3791453 63582196 ray::WorkerDict
3791459 63559136 ray::WorkerDict
3791460 63513992 ray::WorkerDict
1317539 4835096 VLLM::Worker_TP
1317538 4830148 VLLM::Worker_TP
3880556 1828756 ray::AgentLoopW
3880552 1817268 ray::AgentLoopW
3880551 1740628 ray::AgentLoopW
== 2026-09-05T17:59:46+09:00
Mem:            1007         702         307         368         370         305
    PID   RSS COMMAND
3873386 87675200 VLLM::Worker
3873390 87673352 VLLM::Worker
3873387 87331216 VLLM::Worker
3873391 87284388 VLLM::Worker
3791454 63595452 ray::WorkerDict
3791453 63586804 ray::WorkerDict
3791459 63558368 ray::WorkerDict
3791460 63513992 ray::WorkerDict
1317539 4835096 VLLM::Worker_TP
1317538 4830148 VLLM::Worker_TP
3880556 1828756 ray::AgentLoopW
3880552 1817268 ray::AgentLoopW
3880551 1740628 ray::AgentLoopW
== 2026-09-05T18:00:06+09:00
Mem:            1007         702         307         368         370         305
    PID   RSS COMMAND
3873386 87675200 VLLM::Worker
3873390 87671048 VLLM::Worker
3873387 87335824 VLLM::Worker
3873391 87285924 VLLM::Worker
3791454 63595452 ray::WorkerDict
3791453 63585268 ray::WorkerDict
3791459 63556832 ray::WorkerDict
3791460 63514760 ray::WorkerDict
1317539 4835096 VLLM::Worker_TP
1317538 4830148 VLLM::Worker_TP
3880556 1828756 ray::AgentLoopW
3880552 1817268 ray::AgentLoopW
3880551 1740628 ray::AgentLoopW
== 2026-09-05T18:00:26+09:00
Mem:            1007         702         307         368         370         305
    PID   RSS COMMAND
3873386 87676736 VLLM::Worker
3873390 87673352 VLLM::Worker
3873387 87336592 VLLM::Worker
3873391 87285156 VLLM::Worker
3791454 63595452 ray::WorkerDict
3791453 63586804 ray::WorkerDict
3791459 63559136 ray::WorkerDict
3791460 63513992 ray::WorkerDict
1317539 4835096 VLLM::Worker_TP
1317538 4830148 VLLM::Worker_TP
3880556 1828756 ray::AgentLoopW
3880552 1817268 ray::AgentLoopW
3880551 1740628 ray::AgentLoopW
== 2026-09-05T18:00:46+09:00
Mem:            1007         702         307         368         370         305
    PID   RSS COMMAND
3873386 87673664 VLLM::Worker
3873390 87671816 VLLM::Worker
3873387 87335056 VLLM::Worker
3873391 87284388 VLLM::Worker
3791454 63593148 ray::WorkerDict
3791453 63586036 ray::WorkerDict
3791459 63558368 ray::WorkerDict
3791460 63512456 ray::WorkerDict
1317539 4835096 VLLM::Worker_TP
1317538 4830148 VLLM::Worker_TP
3880556 1828756 ray::AgentLoopW
3880552 1817268 ray::AgentLoopW
3880551 1740628 ray::AgentLoopW
== 2026-09-05T18:01:06+09:00
Mem:            1007         702         307         368         370         305
    PID   RSS COMMAND
3873386 87675200 VLLM::Worker
3873390 87672584 VLLM::Worker
3873387 87335056 VLLM::Worker
3873391 87285156 VLLM::Worker
3791454 63593148 ray::WorkerDict
3791453 63586036 ray::WorkerDict
3791459 63556832 ray::WorkerDict
3791460 63512456 ray::WorkerDict
1317539 4835096 VLLM::Worker_TP
1317538 4830148 VLLM::Worker_TP
3880556 1828756 ray::AgentLoopW
3880552 1817268 ray::AgentLoopW
3880551 1740628 ray::AgentLoopW
== 2026-09-05T18:01:26+09:00
Mem:            1007         701         307         368         370         305
    PID   RSS COMMAND
3873386 87674432 VLLM::Worker
3873390 87673352 VLLM::Worker
3873387 87335056 VLLM::Worker
3873391 87283620 VLLM::Worker
3791454 63594684 ray::WorkerDict
3791453 63586036 ray::WorkerDict
3791459 63556064 ray::WorkerDict
3791460 63517064 ray::WorkerDict
1317539 4835096 VLLM::Worker_TP
1317538 4830148 VLLM::Worker_TP
3880556 1828756 ray::AgentLoopW
3880552 1817268 ray::AgentLoopW
3880551 1740628 ray::AgentLoopW
== 2026-09-05T18:01:46+09:00
Mem:            1007         701         307         368         370         305
    PID   RSS COMMAND
3873386 87679808 VLLM::Worker
3873390 87674120 VLLM::Worker
3873387 87336592 VLLM::Worker
3873391 87284388 VLLM::Worker
3791454 63593148 ray::WorkerDict
3791453 63586036 ray::WorkerDict
3791459 63556832 ray::WorkerDict
3791460 63515528 ray::WorkerDict
1317539 4835096 VLLM::Worker_TP
1317538 4830148 VLLM::Worker_TP
3880556 1828756 ray::AgentLoopW
3880552 1817268 ray::AgentLoopW
3880551 1740628 ray::AgentLoopW
== 2026-09-05T18:02:06+09:00
Mem:            1007         702         307         368         370         305
    PID   RSS COMMAND
3873390 87675656 VLLM::Worker
3873386 87675200 VLLM::Worker
3873387 87333520 VLLM::Worker
3873391 87283620 VLLM::Worker
3791454 63593148 ray::WorkerDict
3791453 63586804 ray::WorkerDict
3791459 63556064 ray::WorkerDict
3791460 63515528 ray::WorkerDict
1317539 4835096 VLLM::Worker_TP
1317538 4830148 VLLM::Worker_TP
3880556 1828756 ray::AgentLoopW
3880552 1817268 ray::AgentLoopW
3880551 1740628 ray::AgentLoopW
== 2026-09-05T18:02:26+09:00
Mem:            1007         701         307         368         370         305
    PID   RSS COMMAND
3873386 87675968 VLLM::Worker
3873390 87673352 VLLM::Worker
3873387 87334288 VLLM::Worker
3873391 87282852 VLLM::Worker
3791454 63591612 ray::WorkerDict
3791453 63586036 ray::WorkerDict
3791459 63556832 ray::WorkerDict
3791460 63516296 ray::WorkerDict
1317539 4835096 VLLM::Worker_TP
1317538 4830148 VLLM::Worker_TP
3880556 1828756 ray::AgentLoopW
3880552 1817268 ray::AgentLoopW
3880551 1740628 ray::AgentLoopW
== 2026-09-05T18:02:46+09:00
Mem:            1007         701         307         368         370         305
    PID   RSS COMMAND
3873386 87675968 VLLM::Worker
3873390 87674120 VLLM::Worker
3873387 87335824 VLLM::Worker
3873391 87282852 VLLM::Worker
3791454 63592380 ray::WorkerDict
3791453 63585268 ray::WorkerDict
3791459 63556064 ray::WorkerDict
3791460 63514760 ray::WorkerDict
1317539 4835096 VLLM::Worker_TP
1317538 4830148 VLLM::Worker_TP
3880556 1828756 ray::AgentLoopW
3880552 1817268 ray::AgentLoopW
3880551 1740628 ray::AgentLoopW
== 2026-09-05T18:03:06+09:00
Mem:            1007         701         307         368         370         305
    PID   RSS COMMAND
3873386 87676736 VLLM::Worker
3873390 87674120 VLLM::Worker
3873387 87334288 VLLM::Worker
3873391 87282084 VLLM::Worker
3791454 63592380 ray::WorkerDict
3791453 63586036 ray::WorkerDict
3791459 63556832 ray::WorkerDict
3791460 63515528 ray::WorkerDict
1317539 4835096 VLLM::Worker_TP
1317538 4830148 VLLM::Worker_TP
3880556 1828756 ray::AgentLoopW
3880552 1817268 ray::AgentLoopW
3880551 1740628 ray::AgentLoopW
== 2026-09-05T18:03:26+09:00
Mem:            1007         701         307         368         370         305
    PID   RSS COMMAND
3873390 87677192 VLLM::Worker
3873386 87676736 VLLM::Worker
3873387 87335824 VLLM::Worker
3873391 87282084 VLLM::Worker
3791454 63592380 ray::WorkerDict
3791453 63587572 ray::WorkerDict
3791459 63555296 ray::WorkerDict
3791460 63516296 ray::WorkerDict
1317539 4835096 VLLM::Worker_TP
1317538 4830148 VLLM::Worker_TP
3880556 1828756 ray::AgentLoopW
3880552 1817268 ray::AgentLoopW
3880551 1740628 ray::AgentLoopW
== 2026-09-05T18:03:46+09:00
Mem:            1007         701         307         368         370         305
    PID   RSS COMMAND
3873386 87675968 VLLM::Worker
3873390 87675656 VLLM::Worker
3873387 87336592 VLLM::Worker
3873391 87281316 VLLM::Worker
3791454 63593916 ray::WorkerDict
3791453 63586036 ray::WorkerDict
3791459 63556064 ray::WorkerDict
3791460 63516296 ray::WorkerDict
1317539 4835096 VLLM::Worker_TP
1317538 4830148 VLLM::Worker_TP
3880556 1828756 ray::AgentLoopW
3880552 1817268 ray::AgentLoopW
3880551 1740628 ray::AgentLoopW
== 2026-09-05T18:04:06+09:00
Mem:            1007         702         307         368         370         305
    PID   RSS COMMAND
3873386 87676736 VLLM::Worker
3873390 87671816 VLLM::Worker
3873387 87334288 VLLM::Worker
3873391 87282852 VLLM::Worker
3791454 63593148 ray::WorkerDict
3791453 63586036 ray::WorkerDict
3791459 63556832 ray::WorkerDict
3791460 63516296 ray::WorkerDict
1317539 4835096 VLLM::Worker_TP
1317538 4830148 VLLM::Worker_TP
3880556 1828756 ray::AgentLoopW
3880552 1817268 ray::AgentLoopW
3880551 1740628 ray::AgentLoopW
== 2026-09-05T18:04:26+09:00
Mem:            1007         702         307         368         370         305
    PID   RSS COMMAND
3873386 87678272 VLLM::Worker
3873390 87673352 VLLM::Worker
3873387 87335824 VLLM::Worker
3873391 87282852 VLLM::Worker
3791454 63593916 ray::WorkerDict
3791453 63583732 ray::WorkerDict
3791459 63556832 ray::WorkerDict
3791460 63515528 ray::WorkerDict
1317539 4835096 VLLM::Worker_TP
1317538 4830148 VLLM::Worker_TP
3880556 1828756 ray::AgentLoopW
3880552 1817268 ray::AgentLoopW
3880551 1740628 ray::AgentLoopW
== 2026-09-05T18:04:46+09:00
Mem:            1007         701         307         368         370         305
    PID   RSS COMMAND
3873386 87678272 VLLM::Worker
3873390 87672584 VLLM::Worker
3873387 87334288 VLLM::Worker
3873391 87282852 VLLM::Worker
3791454 63592380 ray::WorkerDict
3791453 63585268 ray::WorkerDict
3791459 63556064 ray::WorkerDict
3791460 63513992 ray::WorkerDict
1317539 4835096 VLLM::Worker_TP
1317538 4830148 VLLM::Worker_TP
3880556 1828756 ray::AgentLoopW
3880552 1817268 ray::AgentLoopW
3880551 1740628 ray::AgentLoopW
== 2026-09-05T18:05:06+09:00
Mem:            1007         702         307         368         370         305
    PID   RSS COMMAND
3873386 87674432 VLLM::Worker
3873390 87672584 VLLM::Worker
3873387 87335824 VLLM::Worker
3873391 87283620 VLLM::Worker
3791454 63591612 ray::WorkerDict
3791453 63585268 ray::WorkerDict
3791459 63556064 ray::WorkerDict
3791460 63513224 ray::WorkerDict
1317539 4835096 VLLM::Worker_TP
1317538 4830148 VLLM::Worker_TP
3880556 1828756 ray::AgentLoopW
3880552 1817268 ray::AgentLoopW
3880551 1740628 ray::AgentLoopW
== 2026-09-05T18:05:26+09:00
Mem:            1007         702         307         368         370         305
    PID   RSS COMMAND
3873386 87677504 VLLM::Worker
3873390 87674888 VLLM::Worker
3873387 87335056 VLLM::Worker
3873391 87283620 VLLM::Worker
3791454 63594684 ray::WorkerDict
3791453 63584500 ray::WorkerDict
3791459 63553760 ray::WorkerDict
3791460 63515528 ray::WorkerDict
1317539 4835096 VLLM::Worker_TP
1317538 4830148 VLLM::Worker_TP
3880556 1828756 ray::AgentLoopW
3880552 1817268 ray::AgentLoopW
3880551 1740628 ray::AgentLoopW
== 2026-09-05T18:05:46+09:00
Mem:            1007         702         307         368         370         305
    PID   RSS COMMAND
3873386 87678260 VLLM::Worker
3873390 87672524 VLLM::Worker
3873387 87332716 VLLM::Worker
3873391 87282852 VLLM::Worker
3791454 63592796 ray::WorkerDict
3791453 63583948 ray::WorkerDict
3791459 63554136 ray::WorkerDict
3791460 63512796 ray::WorkerDict
1317539 4835096 VLLM::Worker_TP
1317538 4830148 VLLM::Worker_TP
3880556 1828756 ray::AgentLoopW
3880552 1817268 ray::AgentLoopW
3880551 1740628 ray::AgentLoopW
== 2026-09-05T18:06:06+09:00
Mem:            1007         702         307         368         370         305
    PID   RSS COMMAND
3873386 87674420 VLLM::Worker
3873390 87671756 VLLM::Worker
3873387 87336556 VLLM::Worker
3873391 87283620 VLLM::Worker
3791454 63592796 ray::WorkerDict
3791453 63584716 ray::WorkerDict
3791459 63555672 ray::WorkerDict
3791460 63512028 ray::WorkerDict
1317539 4835096 VLLM::Worker_TP
1317538 4830148 VLLM::Worker_TP
3880556 1828756 ray::AgentLoopW
3880552 1817268 ray::AgentLoopW
3880551 1740628 ray::AgentLoopW
== 2026-09-05T18:06:26+09:00
Mem:            1007         701         307         368         370         305
    PID   RSS COMMAND
3873386 87676724 VLLM::Worker
3873390 87673292 VLLM::Worker
3873387 87335788 VLLM::Worker
3873391 87283620 VLLM::Worker
3791454 63592796 ray::WorkerDict
3791453 63585484 ray::WorkerDict
3791459 63554904 ray::WorkerDict
3791460 63514332 ray::WorkerDict
1317539 4835096 VLLM::Worker_TP
1317538 4830148 VLLM::Worker_TP
3880556 1828756 ray::AgentLoopW
3880552 1817268 ray::AgentLoopW
3880551 1740628 ray::AgentLoopW
== 2026-09-05T18:06:46+09:00
Mem:            1007         701         307         368         370         305
    PID   RSS COMMAND
3873386 87672884 VLLM::Worker
3873390 87672524 VLLM::Worker
3873387 87332716 VLLM::Worker
3873391 87282852 VLLM::Worker
3791454 63593564 ray::WorkerDict
3791453 63583180 ray::WorkerDict
3791459 63556440 ray::WorkerDict
3791460 63515868 ray::WorkerDict
1317539 4835096 VLLM::Worker_TP
1317538 4830148 VLLM::Worker_TP
3880556 1828756 ray::AgentLoopW
3880552 1817268 ray::AgentLoopW
3880551 1740628 ray::AgentLoopW
== 2026-09-05T18:07:06+09:00
Mem:            1007         702         307         368         370         305
    PID   RSS COMMAND
3873390 87674828 VLLM::Worker
3873386 87674420 VLLM::Worker
3873387 87335020 VLLM::Worker
3873391 87283620 VLLM::Worker
3791454 63593564 ray::WorkerDict
3791453 63581644 ray::WorkerDict
3791459 63555672 ray::WorkerDict
3791460 63517404 ray::WorkerDict
1317539 4835096 VLLM::Worker_TP
1317538 4830148 VLLM::Worker_TP
3880556 1828756 ray::AgentLoopW
3880552 1817268 ray::AgentLoopW
3880551 1740628 ray::AgentLoopW
== 2026-09-05T18:07:27+09:00
Mem:            1007         701         307         368         370         305
    PID   RSS COMMAND
3873386 87674420 VLLM::Worker
3873390 87672524 VLLM::Worker
3873387 87339628 VLLM::Worker
3873391 87284388 VLLM::Worker
3791454 63593564 ray::WorkerDict
3791453 63583180 ray::WorkerDict
3791459 63557208 ray::WorkerDict
3791460 63515100 ray::WorkerDict
1317539 4835096 VLLM::Worker_TP
1317538 4830148 VLLM::Worker_TP
3880556 1828756 ray::AgentLoopW
3880552 1817268 ray::AgentLoopW
3880551 1740628 ray::AgentLoopW
== 2026-09-05T18:07:47+09:00
Mem:            1007         701         307         368         370         305
    PID   RSS COMMAND
3873386 87675956 VLLM::Worker
3873390 87670988 VLLM::Worker
3873387 87334252 VLLM::Worker
3873391 87284388 VLLM::Worker
3791454 63591260 ray::WorkerDict
3791453 63584716 ray::WorkerDict
3791459 63556440 ray::WorkerDict
3791460 63516636 ray::WorkerDict
1317539 4835096 VLLM::Worker_TP
1317538 4830148 VLLM::Worker_TP
3880556 1828756 ray::AgentLoopW
3880552 1817268 ray::AgentLoopW
3880551 1740628 ray::AgentLoopW
== 2026-09-05T18:08:07+09:00
Mem:            1007         701         307         368         370         305
    PID   RSS COMMAND
3873386 87678260 VLLM::Worker
3873390 87674060 VLLM::Worker
3873387 87334252 VLLM::Worker
3873391 87282084 VLLM::Worker
3791454 63592028 ray::WorkerDict
3791453 63583180 ray::WorkerDict
3791459 63556440 ray::WorkerDict
3791460 63515100 ray::WorkerDict
1317539 4835096 VLLM::Worker_TP
1317538 4830148 VLLM::Worker_TP
3880556 1828756 ray::AgentLoopW
3880552 1817268 ray::AgentLoopW
3880551 1740628 ray::AgentLoopW
== 2026-09-05T18:08:27+09:00
Mem:            1007         701         307         368         370         305
    PID   RSS COMMAND
3873386 87678260 VLLM::Worker
3873390 87670988 VLLM::Worker
3873387 87333484 VLLM::Worker
3873391 87283620 VLLM::Worker
3791454 63593564 ray::WorkerDict
3791453 63583180 ray::WorkerDict
3791459 63557208 ray::WorkerDict
3791460 63515100 ray::WorkerDict
1317539 4835096 VLLM::Worker_TP
1317538 4830148 VLLM::Worker_TP
3880556 1828756 ray::AgentLoopW
3880552 1817268 ray::AgentLoopW
3880551 1740628 ray::AgentLoopW
== 2026-09-05T18:08:47+09:00
Mem:            1007         701         307         368         370         305
    PID   RSS COMMAND
3873386 87676724 VLLM::Worker
3873390 87674828 VLLM::Worker
3873387 87335020 VLLM::Worker
3873391 87285156 VLLM::Worker
3791454 63593564 ray::WorkerDict
3791453 63585484 ray::WorkerDict
3791459 63558744 ray::WorkerDict
3791460 63514332 ray::WorkerDict
1317539 4835096 VLLM::Worker_TP
1317538 4830148 VLLM::Worker_TP
3880556 1828756 ray::AgentLoopW
3880552 1817268 ray::AgentLoopW
3880551 1740628 ray::AgentLoopW
== 2026-09-05T18:09:07+09:00
Mem:            1007         702         307         368         370         305
    PID   RSS COMMAND
3873386 87675956 VLLM::Worker
3873390 87670988 VLLM::Worker
3873387 87334252 VLLM::Worker
3873391 87284388 VLLM::Worker
3791454 63594332 ray::WorkerDict
3791453 63584716 ray::WorkerDict
3791459 63557208 ray::WorkerDict
3791460 63515100 ray::WorkerDict
1317539 4835096 VLLM::Worker_TP
1317538 4830148 VLLM::Worker_TP
3880556 1828756 ray::AgentLoopW
3880552 1817268 ray::AgentLoopW
3880551 1740628 ray::AgentLoopW
== 2026-09-05T18:09:27+09:00
Mem:            1007         702         307         368         370         305
    PID   RSS COMMAND
3873386 87678260 VLLM::Worker
3873390 87672524 VLLM::Worker
3873387 87335788 VLLM::Worker
3873391 87283620 VLLM::Worker
3791454 63595100 ray::WorkerDict
3791453 63582412 ray::WorkerDict
3791459 63554904 ray::WorkerDict
3791460 63515100 ray::WorkerDict
1317539 4835096 VLLM::Worker_TP
1317538 4830148 VLLM::Worker_TP
3880556 1828756 ray::AgentLoopW
3880552 1817268 ray::AgentLoopW
3880551 1740628 ray::AgentLoopW
== 2026-09-05T18:09:47+09:00
Mem:            1007         702         307         368         370         305
    PID   RSS COMMAND
3873386 87675188 VLLM::Worker
3873390 87671756 VLLM::Worker
3873387 87333484 VLLM::Worker
3873391 87285156 VLLM::Worker
3791454 63594332 ray::WorkerDict
3791453 63582412 ray::WorkerDict
3791459 63554136 ray::WorkerDict
3791460 63518172 ray::WorkerDict
1317539 4835096 VLLM::Worker_TP
1317538 4830148 VLLM::Worker_TP
3880556 1828756 ray::AgentLoopW
3880552 1817268 ray::AgentLoopW
3880551 1740628 ray::AgentLoopW
== 2026-09-05T18:10:07+09:00
Mem:            1007         702         307         368         370         305
    PID   RSS COMMAND
3873386 87677492 VLLM::Worker
3873390 87670988 VLLM::Worker
3873387 87335788 VLLM::Worker
3873391 87282852 VLLM::Worker
3791454 63594332 ray::WorkerDict
3791453 63584716 ray::WorkerDict
3791459 63555672 ray::WorkerDict
3791460 63517404 ray::WorkerDict
1317539 4835096 VLLM::Worker_TP
1317538 4830148 VLLM::Worker_TP
3880556 1828756 ray::AgentLoopW
3880552 1817268 ray::AgentLoopW
3880551 1740628 ray::AgentLoopW
== 2026-09-05T18:10:27+09:00
Mem:            1007         702         307         368         370         305
    PID   RSS COMMAND
3873386 87674420 VLLM::Worker
3873390 87670988 VLLM::Worker
3873387 87333484 VLLM::Worker
3873391 87284388 VLLM::Worker
3791454 63593564 ray::WorkerDict
3791453 63583948 ray::WorkerDict
3791459 63557208 ray::WorkerDict
3791460 63516636 ray::WorkerDict
1317539 4835096 VLLM::Worker_TP
1317538 4830148 VLLM::Worker_TP
3880556 1828756 ray::AgentLoopW
3880552 1817268 ray::AgentLoopW
3880551 1740628 ray::AgentLoopW
== 2026-09-05T18:10:47+09:00
Mem:            1007         702         307         368         370         305
    PID   RSS COMMAND
3873386 87678260 VLLM::Worker
3873390 87672524 VLLM::Worker
3873387 87334252 VLLM::Worker
3873391 87283620 VLLM::Worker
3791454 63593564 ray::WorkerDict
3791453 63583948 ray::WorkerDict
3791459 63556440 ray::WorkerDict
3791460 63516636 ray::WorkerDict
1317539 4835096 VLLM::Worker_TP
1317538 4830148 VLLM::Worker_TP
3880556 1828756 ray::AgentLoopW
3880552 1817268 ray::AgentLoopW
3880551 1740628 ray::AgentLoopW
== 2026-09-05T18:11:07+09:00
Mem:            1007         702         307         368         370         305
    PID   RSS COMMAND
3873386 87676724 VLLM::Worker
3873390 87674060 VLLM::Worker
3873387 87332716 VLLM::Worker
3873391 87283620 VLLM::Worker
3791454 63593564 ray::WorkerDict
3791453 63584716 ray::WorkerDict
3791459 63557976 ray::WorkerDict
3791460 63515868 ray::WorkerDict
1317539 4835096 VLLM::Worker_TP
1317538 4830148 VLLM::Worker_TP
3880556 1828756 ray::AgentLoopW
3880552 1817268 ray::AgentLoopW
3880551 1740628 ray::AgentLoopW
== 2026-09-05T18:11:27+09:00
Mem:            1007         701         307         368         370         305
    PID   RSS COMMAND
3873386 87677492 VLLM::Worker
3873390 87673292 VLLM::Worker
3873387 87334252 VLLM::Worker
3873391 87282084 VLLM::Worker
3791454 63595100 ray::WorkerDict
3791453 63583948 ray::WorkerDict
3791459 63556440 ray::WorkerDict
3791460 63517404 ray::WorkerDict
1317539 4835096 VLLM::Worker_TP
1317538 4830148 VLLM::Worker_TP
3880556 1828756 ray::AgentLoopW
3880552 1817268 ray::AgentLoopW
3880551 1740628 ray::AgentLoopW
== 2026-09-05T18:11:47+09:00
Mem:            1007         701         307         368         370         305
    PID   RSS COMMAND
3873386 87675956 VLLM::Worker
3873390 87675596 VLLM::Worker
3873387 87333484 VLLM::Worker
3873391 87283620 VLLM::Worker
3791454 63595100 ray::WorkerDict
3791453 63583948 ray::WorkerDict
3791459 63557208 ray::WorkerDict
3791460 63516636 ray::WorkerDict
1317539 4835096 VLLM::Worker_TP
1317538 4830148 VLLM::Worker_TP
3880556 1828756 ray::AgentLoopW
3880552 1817268 ray::AgentLoopW
3880551 1740628 ray::AgentLoopW
== 2026-09-05T18:12:07+09:00
Mem:            1007         702         307         368         370         305
    PID   RSS COMMAND
3873386 87679028 VLLM::Worker
3873390 87674828 VLLM::Worker
3873387 87335788 VLLM::Worker
3873391 87283620 VLLM::Worker
3791454 63594332 ray::WorkerDict
3791453 63585484 ray::WorkerDict
3791459 63555672 ray::WorkerDict
3791460 63515100 ray::WorkerDict
1317539 4835096 VLLM::Worker_TP
1317538 4830148 VLLM::Worker_TP
3880556 1828756 ray::AgentLoopW
3880552 1817268 ray::AgentLoopW
3880551 1740628 ray::AgentLoopW
== 2026-09-05T18:12:27+09:00
Mem:            1007         701         307         368         370         305
    PID   RSS COMMAND
3873386 87677492 VLLM::Worker
3873390 87670220 VLLM::Worker
3873387 87333484 VLLM::Worker
3873391 87282084 VLLM::Worker
3791454 63595868 ray::WorkerDict
3791453 63583948 ray::WorkerDict
3791459 63557976 ray::WorkerDict
3791460 63514332 ray::WorkerDict
1317539 4835096 VLLM::Worker_TP
1317538 4830148 VLLM::Worker_TP
3880556 1828756 ray::AgentLoopW
3880552 1817268 ray::AgentLoopW
3880551 1740628 ray::AgentLoopW
== 2026-09-05T18:12:47+09:00
Mem:            1007         701         307         368         370         305
    PID   RSS COMMAND
3873386 87678260 VLLM::Worker
3873390 87671756 VLLM::Worker
3873387 87333484 VLLM::Worker
3873391 87281316 VLLM::Worker
3791454 63594332 ray::WorkerDict
3791453 63583948 ray::WorkerDict
3791459 63555672 ray::WorkerDict
3791460 63517404 ray::WorkerDict
1317539 4835096 VLLM::Worker_TP
1317538 4830148 VLLM::Worker_TP
3880556 1828756 ray::AgentLoopW
3880552 1817268 ray::AgentLoopW
3880551 1740628 ray::AgentLoopW
== 2026-09-05T18:13:07+09:00
Mem:            1007         702         307         368         370         305
    PID   RSS COMMAND
3873386 87673652 VLLM::Worker
3873390 87673292 VLLM::Worker
3873387 87331948 VLLM::Worker
3873391 87281316 VLLM::Worker
3791454 63592796 ray::WorkerDict
3791453 63584716 ray::WorkerDict
3791459 63556440 ray::WorkerDict
3791460 63516636 ray::WorkerDict
1317539 4835096 VLLM::Worker_TP
1317538 4830148 VLLM::Worker_TP
3880556 1828756 ray::AgentLoopW
3880552 1817268 ray::AgentLoopW
3880551 1740628 ray::AgentLoopW
== 2026-09-05T18:13:27+09:00
Mem:            1007         702         307         368         370         305
    PID   RSS COMMAND
3873386 87674420 VLLM::Worker
3873390 87670988 VLLM::Worker
3873387 87335020 VLLM::Worker
3873391 87281316 VLLM::Worker
3791454 63594332 ray::WorkerDict
3791453 63583948 ray::WorkerDict
3791459 63554904 ray::WorkerDict
3791460 63515868 ray::WorkerDict
1317539 4835096 VLLM::Worker_TP
1317538 4830148 VLLM::Worker_TP
3880556 1828756 ray::AgentLoopW
3880552 1817268 ray::AgentLoopW
3880551 1740628 ray::AgentLoopW
== 2026-09-05T18:13:47+09:00
Mem:            1007         701         307         368         370         305
    PID   RSS COMMAND
3873386 87675956 VLLM::Worker
3873390 87672524 VLLM::Worker
3873387 87335788 VLLM::Worker
3873391 87280548 VLLM::Worker
3791454 63595100 ray::WorkerDict
3791453 63585484 ray::WorkerDict
3791459 63554904 ray::WorkerDict
3791460 63514332 ray::WorkerDict
1317539 4835096 VLLM::Worker_TP
1317538 4830148 VLLM::Worker_TP
3880556 1828756 ray::AgentLoopW
3880552 1817268 ray::AgentLoopW
3880551 1740628 ray::AgentLoopW
== 2026-09-05T18:14:07+09:00
Mem:            1007         702         307         368         370         305
    PID   RSS COMMAND
3873386 87677492 VLLM::Worker
3873390 87670988 VLLM::Worker
3873387 87335788 VLLM::Worker
3873391 87282084 VLLM::Worker
3791454 63595868 ray::WorkerDict
3791453 63586252 ray::WorkerDict
3791459 63555672 ray::WorkerDict
3791460 63512796 ray::WorkerDict
1317539 4835096 VLLM::Worker_TP
1317538 4830148 VLLM::Worker_TP
3880556 1828756 ray::AgentLoopW
3880552 1817268 ray::AgentLoopW
3880551 1740628 ray::AgentLoopW
== 2026-09-05T18:14:27+09:00
Mem:            1007         702         307         368         370         305
    PID   RSS COMMAND
3873386 87677492 VLLM::Worker
3873390 87670988 VLLM::Worker
3873387 87337324 VLLM::Worker
3873391 87283620 VLLM::Worker
3791454 63594332 ray::WorkerDict
3791453 63583948 ray::WorkerDict
3791459 63555672 ray::WorkerDict
3791460 63513564 ray::WorkerDict
1317539 4835096 VLLM::Worker_TP
1317538 4830148 VLLM::Worker_TP
3880556 1828756 ray::AgentLoopW
3880552 1817268 ray::AgentLoopW
3880551 1740628 ray::AgentLoopW
== 2026-09-05T18:14:47+09:00
Mem:            1007         701         307         368         370         305
    PID   RSS COMMAND
3873386 87675956 VLLM::Worker
3873390 87673292 VLLM::Worker
3873387 87335020 VLLM::Worker
3873391 87283620 VLLM::Worker
3791454 63597404 ray::WorkerDict
3791453 63582412 ray::WorkerDict
3791459 63554904 ray::WorkerDict
3791460 63513564 ray::WorkerDict
1317539 4835096 VLLM::Worker_TP
1317538 4830148 VLLM::Worker_TP
3880556 1828756 ray::AgentLoopW
3880552 1817268 ray::AgentLoopW
3880551 1740628 ray::AgentLoopW
== 2026-09-05T18:15:07+09:00
Mem:            1007         702         307         368         370         305
    PID   RSS COMMAND
3873386 87676724 VLLM::Worker
3873390 87671756 VLLM::Worker
3873387 87335788 VLLM::Worker
3873391 87282852 VLLM::Worker
3791454 63594332 ray::WorkerDict
3791453 63583180 ray::WorkerDict
3791459 63554136 ray::WorkerDict
3791460 63514332 ray::WorkerDict
1317539 4835096 VLLM::Worker_TP
1317538 4830148 VLLM::Worker_TP
3880556 1828756 ray::AgentLoopW
3880552 1817268 ray::AgentLoopW
3880551 1740628 ray::AgentLoopW
== 2026-09-05T18:15:27+09:00
Mem:            1007         702         307         368         370         305
    PID   RSS COMMAND
3873386 87677492 VLLM::Worker
3873390 87671756 VLLM::Worker
3873387 87337324 VLLM::Worker
3873391 87282084 VLLM::Worker
3791454 63594332 ray::WorkerDict
3791453 63582412 ray::WorkerDict
3791459 63555672 ray::WorkerDict
3791460 63512796 ray::WorkerDict
1317539 4835096 VLLM::Worker_TP
1317538 4830148 VLLM::Worker_TP
3880556 1828756 ray::AgentLoopW
3880552 1817268 ray::AgentLoopW
3880551 1740628 ray::AgentLoopW
== 2026-09-05T18:15:47+09:00
Mem:            1007         702         307         368         370         305
    PID   RSS COMMAND
3873386 87676724 VLLM::Worker
3873390 87672524 VLLM::Worker
3873387 87335788 VLLM::Worker
3873391 87283620 VLLM::Worker
3791454 63594332 ray::WorkerDict
3791453 63583948 ray::WorkerDict
3791459 63554904 ray::WorkerDict
3791460 63515100 ray::WorkerDict
1317539 4835096 VLLM::Worker_TP
1317538 4830148 VLLM::Worker_TP
3880556 1828756 ray::AgentLoopW
3880552 1817268 ray::AgentLoopW
3880551 1740628 ray::AgentLoopW
== 2026-09-05T18:16:07+09:00
Mem:            1007         701         307         368         370         305
    PID   RSS COMMAND
3873386 87678260 VLLM::Worker
3873390 87674828 VLLM::Worker
3873387 87335788 VLLM::Worker
3873391 87282084 VLLM::Worker
3791454 63593564 ray::WorkerDict
3791453 63587020 ray::WorkerDict
3791459 63556440 ray::WorkerDict
3791460 63513564 ray::WorkerDict
1317539 4835096 VLLM::Worker_TP
1317538 4830148 VLLM::Worker_TP
3880556 1828756 ray::AgentLoopW
3880552 1817268 ray::AgentLoopW
3880551 1740628 ray::AgentLoopW
== 2026-09-05T18:16:27+09:00
Mem:            1007         702         307         368         370         305
    PID   RSS COMMAND
3873386 87678260 VLLM::Worker
3873390 87672524 VLLM::Worker
3873387 87334252 VLLM::Worker
3873391 87283620 VLLM::Worker
3791454 63593564 ray::WorkerDict
3791453 63585484 ray::WorkerDict
3791459 63555672 ray::WorkerDict
3791460 63514332 ray::WorkerDict
1317539 4835096 VLLM::Worker_TP
1317538 4830148 VLLM::Worker_TP
3880556 1828756 ray::AgentLoopW
3880552 1817268 ray::AgentLoopW
3880551 1740628 ray::AgentLoopW
== 2026-09-05T18:16:47+09:00
Mem:            1007         702         307         368         370         305
    PID   RSS COMMAND
3873386 87677492 VLLM::Worker
3873390 87674060 VLLM::Worker
3873387 87336556 VLLM::Worker
3873391 87282852 VLLM::Worker
3791454 63593564 ray::WorkerDict
3791453 63583948 ray::WorkerDict
3791459 63555672 ray::WorkerDict
3791460 63515868 ray::WorkerDict
1317539 4835096 VLLM::Worker_TP
1317538 4830148 VLLM::Worker_TP
3880556 1828756 ray::AgentLoopW
3880552 1817268 ray::AgentLoopW
3880551 1740628 ray::AgentLoopW
== 2026-09-05T18:17:07+09:00
Mem:            1007         702         307         368         370         305
    PID   RSS COMMAND
3873386 87677492 VLLM::Worker
3873390 87673292 VLLM::Worker
3873387 87335788 VLLM::Worker
3873391 87285156 VLLM::Worker
3791454 63594332 ray::WorkerDict
3791453 63583948 ray::WorkerDict
3791459 63555672 ray::WorkerDict
3791460 63515868 ray::WorkerDict
1317539 4835096 VLLM::Worker_TP
1317538 4830148 VLLM::Worker_TP
3880556 1828756 ray::AgentLoopW
3880552 1817268 ray::AgentLoopW
3880551 1740628 ray::AgentLoopW
== 2026-09-05T18:17:27+09:00
Mem:            1007         701         307         368         370         305
    PID   RSS COMMAND
3873386 87676724 VLLM::Worker
3873390 87672524 VLLM::Worker
3873387 87335020 VLLM::Worker
3873391 87285156 VLLM::Worker
3791454 63593564 ray::WorkerDict
3791453 63585484 ray::WorkerDict
3791459 63555672 ray::WorkerDict
3791460 63518172 ray::WorkerDict
1317539 4835096 VLLM::Worker_TP
1317538 4830148 VLLM::Worker_TP
3880556 1828756 ray::AgentLoopW
3880552 1817268 ray::AgentLoopW
3880551 1740628 ray::AgentLoopW
== 2026-09-05T18:17:48+09:00
Mem:            1007         701         307         368         370         305
    PID   RSS COMMAND
3873386 87676724 VLLM::Worker
3873390 87672524 VLLM::Worker
3873387 87334252 VLLM::Worker
3873391 87285924 VLLM::Worker
3791454 63594332 ray::WorkerDict
3791453 63584716 ray::WorkerDict
3791459 63557208 ray::WorkerDict
3791460 63516636 ray::WorkerDict
1317539 4835096 VLLM::Worker_TP
1317538 4830148 VLLM::Worker_TP
3880556 1828756 ray::AgentLoopW
3880552 1817268 ray::AgentLoopW
3880551 1740628 ray::AgentLoopW
== 2026-09-05T18:18:08+09:00
Mem:            1007         702         307         368         370         305
    PID   RSS COMMAND
3873386 87675956 VLLM::Worker
3873390 87670988 VLLM::Worker
3873387 87336556 VLLM::Worker
3873391 87285156 VLLM::Worker
3791454 63594332 ray::WorkerDict
3791453 63583180 ray::WorkerDict
3791459 63556440 ray::WorkerDict
3791460 63516636 ray::WorkerDict
1317539 4835096 VLLM::Worker_TP
1317538 4830148 VLLM::Worker_TP
3880556 1828756 ray::AgentLoopW
3880552 1817268 ray::AgentLoopW
3880551 1740628 ray::AgentLoopW
== 2026-09-05T18:18:28+09:00
Mem:            1007         701         307         368         370         305
    PID   RSS COMMAND
3873386 87675956 VLLM::Worker
3873390 87673292 VLLM::Worker
3873387 87335020 VLLM::Worker
3873391 87285924 VLLM::Worker
3791454 63593564 ray::WorkerDict
3791453 63583180 ray::WorkerDict
3791459 63554904 ray::WorkerDict
3791460 63517404 ray::WorkerDict
1317539 4835096 VLLM::Worker_TP
1317538 4830148 VLLM::Worker_TP
3880556 1828756 ray::AgentLoopW
3880552 1817268 ray::AgentLoopW
3880551 1740628 ray::AgentLoopW
== 2026-09-05T18:18:48+09:00
Mem:            1007         701         307         368         370         305
    PID   RSS COMMAND
3873386 87676724 VLLM::Worker
3873390 87674060 VLLM::Worker
3873387 87335788 VLLM::Worker
3873391 87285156 VLLM::Worker
3791454 63594332 ray::WorkerDict
3791453 63584716 ray::WorkerDict
3791459 63554904 ray::WorkerDict
3791460 63515868 ray::WorkerDict
1317539 4835096 VLLM::Worker_TP
1317538 4830148 VLLM::Worker_TP
3880556 1828756 ray::AgentLoopW
3880552 1817268 ray::AgentLoopW
3880551 1740628 ray::AgentLoopW
== 2026-09-05T18:19:08+09:00
Mem:            1007         702         307         368         370         305
    PID   RSS COMMAND
3873386 87676724 VLLM::Worker
3873390 87675596 VLLM::Worker
3873387 87334252 VLLM::Worker
3873391 87284388 VLLM::Worker
3791454 63594332 ray::WorkerDict
3791453 63584716 ray::WorkerDict
3791459 63554904 ray::WorkerDict
3791460 63516636 ray::WorkerDict
1317539 4835096 VLLM::Worker_TP
1317538 4830148 VLLM::Worker_TP
3880556 1828756 ray::AgentLoopW
3880552 1817268 ray::AgentLoopW
3880551 1740628 ray::AgentLoopW
== 2026-09-05T18:19:28+09:00
Mem:            1007         702         307         368         370         305
    PID   RSS COMMAND
3873386 87676724 VLLM::Worker
3873390 87674060 VLLM::Worker
3873387 87332716 VLLM::Worker
3873391 87284388 VLLM::Worker
3791454 63592796 ray::WorkerDict
3791453 63583180 ray::WorkerDict
3791459 63554904 ray::WorkerDict
3791460 63515868 ray::WorkerDict
1317539 4835096 VLLM::Worker_TP
1317538 4830148 VLLM::Worker_TP
3880556 1828756 ray::AgentLoopW
3880552 1817268 ray::AgentLoopW
3880551 1740628 ray::AgentLoopW
== 2026-09-05T18:19:48+09:00
Mem:            1007         702         307         368         370         305
    PID   RSS COMMAND
3873386 87676724 VLLM::Worker
3873390 87672524 VLLM::Worker
3873387 87331948 VLLM::Worker
3873391 87285924 VLLM::Worker
3791454 63594332 ray::WorkerDict
3791453 63583948 ray::WorkerDict
3791459 63554136 ray::WorkerDict
3791460 63515868 ray::WorkerDict
1317539 4835096 VLLM::Worker_TP
1317538 4830148 VLLM::Worker_TP
3880556 1828756 ray::AgentLoopW
3880552 1817268 ray::AgentLoopW
3880551 1740628 ray::AgentLoopW
== 2026-09-05T18:20:08+09:00
Mem:            1007         702         307         368         370         305
    PID   RSS COMMAND
3873386 87675188 VLLM::Worker
3873390 87673292 VLLM::Worker
3873387 87331948 VLLM::Worker
3873391 87285156 VLLM::Worker
3791454 63592028 ray::WorkerDict
3791453 63583180 ray::WorkerDict
3791459 63553368 ray::WorkerDict
3791460 63515100 ray::WorkerDict
1317539 4835096 VLLM::Worker_TP
1317538 4830148 VLLM::Worker_TP
3880556 1828756 ray::AgentLoopW
3880552 1817268 ray::AgentLoopW
3880551 1740628 ray::AgentLoopW
== 2026-09-05T18:20:28+09:00
Mem:            1007         702         307         368         370         305
    PID   RSS COMMAND
3873386 87675956 VLLM::Worker
3873390 87672524 VLLM::Worker
3873387 87335020 VLLM::Worker
3873391 87285924 VLLM::Worker
3791454 63592796 ray::WorkerDict
3791453 63586252 ray::WorkerDict
3791459 63553368 ray::WorkerDict
3791460 63514332 ray::WorkerDict
1317539 4835096 VLLM::Worker_TP
1317538 4830148 VLLM::Worker_TP
3880556 1828756 ray::AgentLoopW
3880552 1817268 ray::AgentLoopW
3880551 1740628 ray::AgentLoopW
== 2026-09-05T18:20:48+09:00
Mem:            1007         702         307         368         370         305
    PID   RSS COMMAND
3873386 87677492 VLLM::Worker
3873390 87670988 VLLM::Worker
3873387 87335788 VLLM::Worker
3873391 87284388 VLLM::Worker
3791454 63593564 ray::WorkerDict
3791453 63585484 ray::WorkerDict
3791459 63552600 ray::WorkerDict
3791460 63515100 ray::WorkerDict
1317539 4835096 VLLM::Worker_TP
1317538 4830148 VLLM::Worker_TP
3880556 1828756 ray::AgentLoopW
3880552 1817268 ray::AgentLoopW
3880551 1740628 ray::AgentLoopW
== 2026-09-05T18:21:08+09:00
Mem:            1007         702         307         368         370         305
    PID   RSS COMMAND
3873386 87675188 VLLM::Worker
3873390 87673292 VLLM::Worker
3873387 87332716 VLLM::Worker
3873391 87285924 VLLM::Worker
3791454 63592028 ray::WorkerDict
3791453 63585484 ray::WorkerDict
3791459 63554904 ray::WorkerDict
3791460 63516636 ray::WorkerDict
1317539 4835096 VLLM::Worker_TP
1317538 4830148 VLLM::Worker_TP
3880556 1828756 ray::AgentLoopW
3880552 1817268 ray::AgentLoopW
3880551 1740628 ray::AgentLoopW
== 2026-09-05T18:21:28+09:00
Mem:            1007         702         307         368         370         305
    PID   RSS COMMAND
3873386 87676724 VLLM::Worker
3873390 87672524 VLLM::Worker
3873387 87335788 VLLM::Worker
3873391 87284388 VLLM::Worker
3791454 63592796 ray::WorkerDict
3791453 63585484 ray::WorkerDict
3791459 63555672 ray::WorkerDict
3791460 63515100 ray::WorkerDict
1317539 4835096 VLLM::Worker_TP
1317538 4830148 VLLM::Worker_TP
3880556 1828756 ray::AgentLoopW
3880552 1817268 ray::AgentLoopW
3880551 1740628 ray::AgentLoopW
== 2026-09-05T18:21:48+09:00
Mem:            1007         702         307         368         370         305
    PID   RSS COMMAND
3873386 87677492 VLLM::Worker
3873390 87670988 VLLM::Worker
3873387 87334252 VLLM::Worker
3873391 87283620 VLLM::Worker
3791454 63593564 ray::WorkerDict
3791453 63585484 ray::WorkerDict
3791459 63556440 ray::WorkerDict
3791460 63517404 ray::WorkerDict
1317539 4835096 VLLM::Worker_TP
1317538 4830148 VLLM::Worker_TP
3880556 1828756 ray::AgentLoopW
3880552 1817268 ray::AgentLoopW
3880551 1740628 ray::AgentLoopW
== 2026-09-05T18:22:08+09:00
Mem:            1007         701         307         368         370         305
    PID   RSS COMMAND
3873386 87675188 VLLM::Worker
3873390 87673292 VLLM::Worker
3873387 87335020 VLLM::Worker
3873391 87284388 VLLM::Worker
3791454 63593564 ray::WorkerDict
3791453 63586252 ray::WorkerDict
3791459 63556440 ray::WorkerDict
3791460 63517404 ray::WorkerDict
1317539 4835096 VLLM::Worker_TP
1317538 4830148 VLLM::Worker_TP
3880556 1828756 ray::AgentLoopW
3880552 1817268 ray::AgentLoopW
3880551 1740628 ray::AgentLoopW
== 2026-09-05T18:22:28+09:00
Mem:            1007         701         307         368         370         305
    PID   RSS COMMAND
3873386 87675188 VLLM::Worker
3873390 87672524 VLLM::Worker
3873387 87334252 VLLM::Worker
3873391 87284388 VLLM::Worker
3791454 63595100 ray::WorkerDict
3791453 63587020 ray::WorkerDict
3791459 63555672 ray::WorkerDict
3791460 63515868 ray::WorkerDict
1317539 4835096 VLLM::Worker_TP
1317538 4830148 VLLM::Worker_TP
3880556 1828756 ray::AgentLoopW
3880552 1817268 ray::AgentLoopW
3880551 1740628 ray::AgentLoopW
== 2026-09-05T18:22:48+09:00
Mem:            1007         701         307         368         370         305
    PID   RSS COMMAND
3873386 87676724 VLLM::Worker
3873390 87670988 VLLM::Worker
3873387 87335020 VLLM::Worker
3873391 87284388 VLLM::Worker
3791454 63596636 ray::WorkerDict
3791453 63583948 ray::WorkerDict
3791459 63554136 ray::WorkerDict
3791460 63515100 ray::WorkerDict
1317539 4835096 VLLM::Worker_TP
1317538 4830148 VLLM::Worker_TP
3880556 1828756 ray::AgentLoopW
3880552 1817268 ray::AgentLoopW
3880551 1740628 ray::AgentLoopW
== 2026-09-05T18:23:08+09:00
Mem:            1007         702         307         368         370         305
    PID   RSS COMMAND
3873386 87676724 VLLM::Worker
3873390 87669452 VLLM::Worker
3873387 87334252 VLLM::Worker
3873391 87283620 VLLM::Worker
3791454 63596636 ray::WorkerDict
3791453 63583948 ray::WorkerDict
3791459 63554904 ray::WorkerDict
3791460 63515868 ray::WorkerDict
1317539 4835096 VLLM::Worker_TP
1317538 4830148 VLLM::Worker_TP
3880556 1828756 ray::AgentLoopW
3880552 1817268 ray::AgentLoopW
3880551 1740628 ray::AgentLoopW
== 2026-09-05T18:23:28+09:00
Mem:            1007         701         307         368         370         305
    PID   RSS COMMAND
3873386 87675188 VLLM::Worker
3873390 87670220 VLLM::Worker
3873387 87336556 VLLM::Worker
3873391 87283620 VLLM::Worker
3791454 63595100 ray::WorkerDict
3791453 63584716 ray::WorkerDict
3791459 63554136 ray::WorkerDict
3791460 63514332 ray::WorkerDict
1317539 4835096 VLLM::Worker_TP
1317538 4830148 VLLM::Worker_TP
3880556 1828756 ray::AgentLoopW
3880552 1817268 ray::AgentLoopW
3880551 1740628 ray::AgentLoopW
== 2026-09-05T18:23:48+09:00
Mem:            1007         701         307         368         370         305
    PID   RSS COMMAND
3873386 87679028 VLLM::Worker
3873390 87671756 VLLM::Worker
3873387 87335788 VLLM::Worker
3873391 87283620 VLLM::Worker
3791454 63594332 ray::WorkerDict
3791453 63583948 ray::WorkerDict
3791459 63554136 ray::WorkerDict
3791460 63512796 ray::WorkerDict
1317539 4835096 VLLM::Worker_TP
1317538 4830148 VLLM::Worker_TP
3880556 1828756 ray::AgentLoopW
3880552 1817268 ray::AgentLoopW
3880551 1740628 ray::AgentLoopW
== 2026-09-05T18:24:08+09:00
Mem:            1007         702         307         368         370         305
    PID   RSS COMMAND
3873386 87678260 VLLM::Worker
3873390 87671756 VLLM::Worker
3873387 87336556 VLLM::Worker
3873391 87283620 VLLM::Worker
3791454 63595868 ray::WorkerDict
3791453 63584716 ray::WorkerDict
3791459 63556440 ray::WorkerDict
3791460 63513564 ray::WorkerDict
1317539 4835096 VLLM::Worker_TP
1317538 4830148 VLLM::Worker_TP
3880556 1828756 ray::AgentLoopW
3880552 1817268 ray::AgentLoopW
3880551 1740628 ray::AgentLoopW
== 2026-09-05T18:24:28+09:00
Mem:            1007         702         307         368         370         305
    PID   RSS COMMAND
3873386 87675956 VLLM::Worker
3873390 87673292 VLLM::Worker
3873387 87335020 VLLM::Worker
3873391 87283620 VLLM::Worker
3791454 63593564 ray::WorkerDict
3791453 63585484 ray::WorkerDict
3791459 63557208 ray::WorkerDict
3791460 63514332 ray::WorkerDict
1317539 4835096 VLLM::Worker_TP
1317538 4830148 VLLM::Worker_TP
3880556 1828756 ray::AgentLoopW
3880552 1817268 ray::AgentLoopW
3880551 1740628 ray::AgentLoopW
== 2026-09-05T18:24:48+09:00
Mem:            1007         701         307         368         370         305
    PID   RSS COMMAND
3873386 87678260 VLLM::Worker
3873390 87674060 VLLM::Worker
3873387 87337324 VLLM::Worker
3873391 87282852 VLLM::Worker
3791454 63592796 ray::WorkerDict
3791453 63586252 ray::WorkerDict
3791459 63556440 ray::WorkerDict
3791460 63515868 ray::WorkerDict
1317539 4835096 VLLM::Worker_TP
1317538 4830148 VLLM::Worker_TP
3880556 1828756 ray::AgentLoopW
3880552 1817268 ray::AgentLoopW
3880551 1740628 ray::AgentLoopW
== 2026-09-05T18:25:08+09:00
Mem:            1007         702         307         368         370         305
    PID   RSS COMMAND
3873386 87677492 VLLM::Worker
3873390 87674060 VLLM::Worker
3873387 87335788 VLLM::Worker
3873391 87282852 VLLM::Worker
3791454 63595100 ray::WorkerDict
3791453 63587020 ray::WorkerDict
3791459 63555672 ray::WorkerDict
3791460 63515100 ray::WorkerDict
1317539 4835096 VLLM::Worker_TP
1317538 4830148 VLLM::Worker_TP
3880556 1828756 ray::AgentLoopW
3880552 1817268 ray::AgentLoopW
3880551 1740628 ray::AgentLoopW
== 2026-09-05T18:25:28+09:00
Mem:            1007         702         307         368         370         305
    PID   RSS COMMAND
3873386 87675956 VLLM::Worker
3873390 87669452 VLLM::Worker
3873387 87335788 VLLM::Worker
3873391 87282852 VLLM::Worker
3791454 63593564 ray::WorkerDict
3791453 63586252 ray::WorkerDict
3791459 63554904 ray::WorkerDict
3791460 63517404 ray::WorkerDict
1317539 4835096 VLLM::Worker_TP
1317538 4830148 VLLM::Worker_TP
3880556 1828756 ray::AgentLoopW
3880552 1817268 ray::AgentLoopW
3880551 1740628 ray::AgentLoopW
== 2026-09-05T18:25:48+09:00
Mem:            1007         702         307         368         370         305
    PID   RSS COMMAND
3873386 87678260 VLLM::Worker
3873390 87672524 VLLM::Worker
3873387 87335020 VLLM::Worker
3873391 87285156 VLLM::Worker
3791454 63596636 ray::WorkerDict
3791453 63587020 ray::WorkerDict
3791459 63556440 ray::WorkerDict
3791460 63519708 ray::WorkerDict
1317539 4835096 VLLM::Worker_TP
1317538 4830148 VLLM::Worker_TP
3880556 1828756 ray::AgentLoopW
3880552 1817268 ray::AgentLoopW
3880551 1740628 ray::AgentLoopW
== 2026-09-05T18:26:08+09:00
Mem:            1007         702         307         368         370         305
    PID   RSS COMMAND
3873386 87679028 VLLM::Worker
3873390 87672524 VLLM::Worker
3873387 87340396 VLLM::Worker
3873391 87284388 VLLM::Worker
3791454 63597404 ray::WorkerDict
3791453 63588556 ray::WorkerDict
3791459 63557208 ray::WorkerDict
3791460 63518940 ray::WorkerDict
1317539 4835096 VLLM::Worker_TP
1317538 4830148 VLLM::Worker_TP
3880556 1828756 ray::AgentLoopW
3880552 1817268 ray::AgentLoopW
3880551 1740628 ray::AgentLoopW
== 2026-09-05T18:26:28+09:00
Mem:            1007         702         307         368         370         305
    PID   RSS COMMAND
3873386 87679028 VLLM::Worker
3873390 87673292 VLLM::Worker
3873387 87337324 VLLM::Worker
3873391 87282852 VLLM::Worker
3791454 63595100 ray::WorkerDict
3791453 63586252 ray::WorkerDict
3791459 63557208 ray::WorkerDict
3791460 63515868 ray::WorkerDict
1317539 4835096 VLLM::Worker_TP
1317538 4830148 VLLM::Worker_TP
3880556 1828756 ray::AgentLoopW
3880552 1817268 ray::AgentLoopW
3880551 1740756 ray::AgentLoopW
== 2026-09-05T18:26:48+09:00
Mem:            1007         702         307         368         370         305
    PID   RSS COMMAND
3873386 87675956 VLLM::Worker
3873390 87671756 VLLM::Worker
3873387 87337324 VLLM::Worker
3873391 87285156 VLLM::Worker
3791454 63595868 ray::WorkerDict
3791453 63588556 ray::WorkerDict
3791459 63557208 ray::WorkerDict
3791460 63515868 ray::WorkerDict
1317539 4835096 VLLM::Worker_TP
1317538 4830148 VLLM::Worker_TP
3880556 1828756 ray::AgentLoopW
3880552 1817268 ray::AgentLoopW
3880551 1740628 ray::AgentLoopW
== 2026-09-05T18:27:08+09:00
Mem:            1007         702         307         368         370         305
    PID   RSS COMMAND
3873386 87677492 VLLM::Worker
3873390 87673292 VLLM::Worker
3873387 87335788 VLLM::Worker
3873391 87283620 VLLM::Worker
3791454 63595100 ray::WorkerDict
3791453 63587020 ray::WorkerDict
3791459 63557976 ray::WorkerDict
3791460 63518940 ray::WorkerDict
1317539 4835096 VLLM::Worker_TP
1317538 4830148 VLLM::Worker_TP
3880556 1828756 ray::AgentLoopW
3880552 1817268 ray::AgentLoopW
3880551 1740628 ray::AgentLoopW
== 2026-09-05T18:27:28+09:00
Mem:            1007         701         307         368         370         305
    PID   RSS COMMAND
3873386 87676724 VLLM::Worker
3873390 87672524 VLLM::Worker
3873387 87336556 VLLM::Worker
3873391 87283620 VLLM::Worker
3791454 63594332 ray::WorkerDict
3791453 63585484 ray::WorkerDict
3791459 63557976 ray::WorkerDict
3791460 63518940 ray::WorkerDict
1317539 4835096 VLLM::Worker_TP
1317538 4830148 VLLM::Worker_TP
3880556 1828756 ray::AgentLoopW
3880552 1817268 ray::AgentLoopW
3880551 1740628 ray::AgentLoopW
== 2026-09-05T18:27:48+09:00
Mem:            1007         701         307         368         370         305
    PID   RSS COMMAND
3873386 87676724 VLLM::Worker
3873390 87675596 VLLM::Worker
3873387 87338860 VLLM::Worker
3873391 87284388 VLLM::Worker
3791454 63595100 ray::WorkerDict
3791453 63583948 ray::WorkerDict
3791459 63558744 ray::WorkerDict
3791460 63517404 ray::WorkerDict
1317539 4835096 VLLM::Worker_TP
1317538 4830148 VLLM::Worker_TP
3880556 1828756 ray::AgentLoopW
3880552 1817268 ray::AgentLoopW
3880551 1740628 ray::AgentLoopW
== 2026-09-05T18:28:08+09:00
Mem:            1007         702         307         368         370         305
    PID   RSS COMMAND
3873386 87675188 VLLM::Worker
3873390 87672524 VLLM::Worker
3873387 87338092 VLLM::Worker
3873391 87284388 VLLM::Worker
3791454 63595100 ray::WorkerDict
3791453 63584716 ray::WorkerDict
3791459 63558744 ray::WorkerDict
3791460 63516636 ray::WorkerDict
1317539 4835096 VLLM::Worker_TP
1317538 4830148 VLLM::Worker_TP
3880556 1828756 ray::AgentLoopW
3880552 1817268 ray::AgentLoopW
3880551 1740628 ray::AgentLoopW
== 2026-09-05T18:28:29+09:00
Mem:            1007         701         307         368         370         305
    PID   RSS COMMAND
3873386 87677492 VLLM::Worker
3873390 87673292 VLLM::Worker
3873387 87334252 VLLM::Worker
3873391 87285156 VLLM::Worker
3791454 63595868 ray::WorkerDict
3791453 63583948 ray::WorkerDict
3791459 63557976 ray::WorkerDict
3791460 63515100 ray::WorkerDict
1317539 4835096 VLLM::Worker_TP
1317538 4830148 VLLM::Worker_TP
3880556 1828756 ray::AgentLoopW
3880552 1817268 ray::AgentLoopW
3880551 1740628 ray::AgentLoopW
== 2026-09-05T18:28:49+09:00
Mem:            1007         701         307         368         370         305
    PID   RSS COMMAND
3873386 87680564 VLLM::Worker
3873390 87674060 VLLM::Worker
3873387 87335788 VLLM::Worker
3873391 87284388 VLLM::Worker
3791454 63596636 ray::WorkerDict
3791453 63583948 ray::WorkerDict
3791459 63557208 ray::WorkerDict
3791460 63516636 ray::WorkerDict
1317539 4835096 VLLM::Worker_TP
1317538 4830148 VLLM::Worker_TP
3880556 1828756 ray::AgentLoopW
3880552 1817268 ray::AgentLoopW
3880551 1740628 ray::AgentLoopW
== 2026-09-05T18:29:09+09:00
Mem:            1007         702         307         368         370         305
    PID   RSS COMMAND
3873386 87679028 VLLM::Worker
3873390 87674828 VLLM::Worker
3873387 87335020 VLLM::Worker
3873391 87282084 VLLM::Worker
3791454 63594332 ray::WorkerDict
3791453 63583948 ray::WorkerDict
3791459 63557208 ray::WorkerDict
3791460 63515868 ray::WorkerDict
1317539 4835096 VLLM::Worker_TP
1317538 4830148 VLLM::Worker_TP
3880556 1828756 ray::AgentLoopW
3880552 1817268 ray::AgentLoopW
3880551 1740628 ray::AgentLoopW
== 2026-09-05T18:29:29+09:00
Mem:            1007         702         307         368         370         305
    PID   RSS COMMAND
3873386 87678260 VLLM::Worker
3873390 87674060 VLLM::Worker
3873387 87336556 VLLM::Worker
3873391 87282852 VLLM::Worker
3791454 63594332 ray::WorkerDict
3791453 63584716 ray::WorkerDict
3791459 63555672 ray::WorkerDict
3791460 63515868 ray::WorkerDict
1317539 4835096 VLLM::Worker_TP
1317538 4830148 VLLM::Worker_TP
3880556 1828756 ray::AgentLoopW
3880552 1817268 ray::AgentLoopW
3880551 1740628 ray::AgentLoopW
== 2026-09-05T18:29:49+09:00
Mem:            1007         701         307         368         370         305
    PID   RSS COMMAND
3873386 87677492 VLLM::Worker
3873390 87674060 VLLM::Worker
3873387 87335020 VLLM::Worker
3873391 87282852 VLLM::Worker
3791454 63592796 ray::WorkerDict
3791453 63583948 ray::WorkerDict
3791459 63555672 ray::WorkerDict
3791460 63515868 ray::WorkerDict
1317539 4835096 VLLM::Worker_TP
1317538 4830148 VLLM::Worker_TP
3880556 1828756 ray::AgentLoopW
3880552 1817268 ray::AgentLoopW
3880551 1740628 ray::AgentLoopW
== 2026-09-05T18:30:09+09:00
Mem:            1007         702         307         368         370         305
    PID   RSS COMMAND
3873386 87675956 VLLM::Worker
3873390 87674060 VLLM::Worker
3873387 87336556 VLLM::Worker
3873391 87282084 VLLM::Worker
3791454 63595100 ray::WorkerDict
3791453 63583180 ray::WorkerDict
3791459 63557976 ray::WorkerDict
3791460 63518172 ray::WorkerDict
1317539 4835096 VLLM::Worker_TP
1317538 4830148 VLLM::Worker_TP
3880556 1828756 ray::AgentLoopW
3880552 1817268 ray::AgentLoopW
3880551 1740628 ray::AgentLoopW
== 2026-09-05T18:30:29+09:00
Mem:            1007         702         307         368         370         305
    PID   RSS COMMAND
3873386 87676724 VLLM::Worker
3873390 87675596 VLLM::Worker
3873387 87336556 VLLM::Worker
3873391 87284388 VLLM::Worker
3791454 63595868 ray::WorkerDict
3791453 63584716 ray::WorkerDict
3791459 63557976 ray::WorkerDict
3791460 63517404 ray::WorkerDict
1317539 4835096 VLLM::Worker_TP
1317538 4830148 VLLM::Worker_TP
3880556 1828756 ray::AgentLoopW
3880552 1817268 ray::AgentLoopW
3880551 1740628 ray::AgentLoopW
== 2026-09-05T18:30:49+09:00
Mem:            1007         702         307         368         370         305
    PID   RSS COMMAND
3873386 87677492 VLLM::Worker
3873390 87674828 VLLM::Worker
3873387 87335020 VLLM::Worker
3873391 87282852 VLLM::Worker
3791454 63594332 ray::WorkerDict
3791453 63586252 ray::WorkerDict
3791459 63556440 ray::WorkerDict
3791460 63515868 ray::WorkerDict
1317539 4835096 VLLM::Worker_TP
1317538 4830148 VLLM::Worker_TP
3880556 1828756 ray::AgentLoopW
3880552 1817268 ray::AgentLoopW
3880551 1740628 ray::AgentLoopW
== 2026-09-05T18:31:09+09:00
Mem:            1007         702         307         368         370         305
    PID   RSS COMMAND
3873386 87679796 VLLM::Worker
3873390 87672524 VLLM::Worker
3873387 87337324 VLLM::Worker
3873391 87284388 VLLM::Worker
3791454 63595100 ray::WorkerDict
3791453 63585484 ray::WorkerDict
3791459 63555672 ray::WorkerDict
3791460 63515100 ray::WorkerDict
1317539 4835096 VLLM::Worker_TP
1317538 4830148 VLLM::Worker_TP
3880556 1828756 ray::AgentLoopW
3880552 1817268 ray::AgentLoopW
3880551 1740628 ray::AgentLoopW
== 2026-09-05T18:31:29+09:00
Mem:            1007         702         307         368         370         305
    PID   RSS COMMAND
3873386 87679028 VLLM::Worker
3873390 87674828 VLLM::Worker
3873387 87335788 VLLM::Worker
3873391 87282852 VLLM::Worker
3791454 63593564 ray::WorkerDict
3791453 63584716 ray::WorkerDict
3791459 63555672 ray::WorkerDict
3791460 63515100 ray::WorkerDict
1317539 4835096 VLLM::Worker_TP
1317538 4830148 VLLM::Worker_TP
3880556 1828756 ray::AgentLoopW
3880552 1817268 ray::AgentLoopW
3880551 1740628 ray::AgentLoopW
== 2026-09-05T18:31:49+09:00
Mem:            1007         702         307         368         370         305
    PID   RSS COMMAND
3873386 87679028 VLLM::Worker
3873390 87674060 VLLM::Worker
3873387 87335020 VLLM::Worker
3873391 87282852 VLLM::Worker
3791454 63593564 ray::WorkerDict
3791453 63586252 ray::WorkerDict
3791459 63555672 ray::WorkerDict
3791460 63518172 ray::WorkerDict
1317539 4835096 VLLM::Worker_TP
1317538 4830148 VLLM::Worker_TP
3880556 1828756 ray::AgentLoopW
3880552 1817268 ray::AgentLoopW
3880551 1740628 ray::AgentLoopW
== 2026-09-05T18:32:09+09:00
Mem:            1007         701         307         368         370         305
    PID   RSS COMMAND
3873386 87675956 VLLM::Worker
3873390 87674060 VLLM::Worker
3873387 87335020 VLLM::Worker
3873391 87282852 VLLM::Worker
3791454 63592796 ray::WorkerDict
3791453 63587788 ray::WorkerDict
3791459 63556440 ray::WorkerDict
3791460 63515100 ray::WorkerDict
1317539 4835096 VLLM::Worker_TP
1317538 4830148 VLLM::Worker_TP
3880556 1828756 ray::AgentLoopW
3880552 1817268 ray::AgentLoopW
3880551 1740628 ray::AgentLoopW
== 2026-09-05T18:32:29+09:00
Mem:            1007         701         307         368         370         305
    PID   RSS COMMAND
3873386 87677816 VLLM::Worker
3873390 87673620 VLLM::Worker
3873387 87336104 VLLM::Worker
3873391 87281808 VLLM::Worker
3791454 63593564 ray::WorkerDict
3791453 63584716 ray::WorkerDict
3791459 63555672 ray::WorkerDict
3791460 63515100 ray::WorkerDict
1317539 4835096 VLLM::Worker_TP
1317538 4829180 VLLM::Worker_TP
3880556 1828756 ray::AgentLoopW
3880552 1817268 ray::AgentLoopW
3880551 1740628 ray::AgentLoopW
== 2026-09-05T18:32:49+09:00
Mem:            1007         701         307         368         370         305
    PID   RSS COMMAND
3873386 87677048 VLLM::Worker
3873390 87675156 VLLM::Worker
3873387 87335336 VLLM::Worker
3873391 87282576 VLLM::Worker
3791454 63596636 ray::WorkerDict
3791453 63585484 ray::WorkerDict
3791459 63555672 ray::WorkerDict
3791460 63517404 ray::WorkerDict
1317539 4835096 VLLM::Worker_TP
1317538 4829180 VLLM::Worker_TP
3880556 1828756 ray::AgentLoopW
3880552 1817268 ray::AgentLoopW
3880551 1740628 ray::AgentLoopW
== 2026-09-05T18:33:09+09:00
Mem:            1007         702         307         368         370         305
    PID   RSS COMMAND
3873386 87677816 VLLM::Worker
3873390 87676692 VLLM::Worker
3873387 87333032 VLLM::Worker
3873391 87281808 VLLM::Worker
3791454 63596636 ray::WorkerDict
3791453 63583180 ray::WorkerDict
3791459 63557208 ray::WorkerDict
3791460 63516636 ray::WorkerDict
1317539 4835096 VLLM::Worker_TP
1317538 4829180 VLLM::Worker_TP
3880556 1828756 ray::AgentLoopW
3880552 1817268 ray::AgentLoopW
3880551 1740628 ray::AgentLoopW
== 2026-09-05T18:33:29+09:00
Mem:            1007         702         307         368         370         305
    PID   RSS COMMAND
3873386 87677048 VLLM::Worker
3873390 87673620 VLLM::Worker
3873387 87337640 VLLM::Worker
3873391 87282576 VLLM::Worker
3791454 63593564 ray::WorkerDict
3791453 63582412 ray::WorkerDict
3791459 63557976 ray::WorkerDict
3791460 63515868 ray::WorkerDict
1317539 4835096 VLLM::Worker_TP
1317538 4829180 VLLM::Worker_TP
3880556 1828756 ray::AgentLoopW
3880552 1817268 ray::AgentLoopW
3880551 1740628 ray::AgentLoopW
== 2026-09-05T18:33:49+09:00
Mem:            1007         701         307         368         370         305
    PID   RSS COMMAND
3873390 87675156 VLLM::Worker
3873386 87673976 VLLM::Worker
3873387 87333800 VLLM::Worker
3873391 87283344 VLLM::Worker
3791454 63594332 ray::WorkerDict
3791453 63583180 ray::WorkerDict
3791459 63557208 ray::WorkerDict
3791460 63515100 ray::WorkerDict
1317539 4835096 VLLM::Worker_TP
1317538 4829180 VLLM::Worker_TP
3880556 1828756 ray::AgentLoopW
3880552 1817268 ray::AgentLoopW
3880551 1740628 ray::AgentLoopW
== 2026-09-05T18:34:09+09:00
Mem:            1007         702         307         368         370         305
    PID   RSS COMMAND
3873390 87674388 VLLM::Worker
3873386 87673208 VLLM::Worker
3873387 87335336 VLLM::Worker
3873391 87283344 VLLM::Worker
3791454 63595868 ray::WorkerDict
3791453 63587020 ray::WorkerDict
3791459 63556440 ray::WorkerDict
3791460 63515100 ray::WorkerDict
1317539 4835096 VLLM::Worker_TP
1317538 4829180 VLLM::Worker_TP
3880556 1828756 ray::AgentLoopW
3880552 1817268 ray::AgentLoopW
3880551 1740628 ray::AgentLoopW
== 2026-09-05T18:34:29+09:00
Mem:            1007         702         307         368         370         305
    PID   RSS COMMAND
3873386 87677816 VLLM::Worker
3873390 87674388 VLLM::Worker
3873387 87334568 VLLM::Worker
3873391 87282576 VLLM::Worker
3791454 63593564 ray::WorkerDict
3791453 63583180 ray::WorkerDict
3791459 63557208 ray::WorkerDict
3791460 63515100 ray::WorkerDict
1317539 4835096 VLLM::Worker_TP
1317538 4829180 VLLM::Worker_TP
3880556 1828756 ray::AgentLoopW
3880552 1817268 ray::AgentLoopW
3880551 1740628 ray::AgentLoopW
== 2026-09-05T18:34:49+09:00
Mem:            1007         702         307         368         370         305
    PID   RSS COMMAND
3873386 87673976 VLLM::Worker
3873390 87673620 VLLM::Worker
3873387 87337640 VLLM::Worker
3873391 87282576 VLLM::Worker
3791454 63595100 ray::WorkerDict
3791453 63584716 ray::WorkerDict
3791459 63557208 ray::WorkerDict
3791460 63516636 ray::WorkerDict
1317539 4835096 VLLM::Worker_TP
1317538 4829180 VLLM::Worker_TP
3880556 1828756 ray::AgentLoopW
3880552 1817268 ray::AgentLoopW
3880551 1740628 ray::AgentLoopW
== 2026-09-05T18:35:09+09:00
Mem:            1007         702         307         368         370         305
    PID   RSS COMMAND
3873386 87676280 VLLM::Worker
3873390 87673620 VLLM::Worker
3873387 87335336 VLLM::Worker
3873391 87281808 VLLM::Worker
3791454 63595868 ray::WorkerDict
3791453 63585484 ray::WorkerDict
3791459 63557976 ray::WorkerDict
3791460 63515868 ray::WorkerDict
1317539 4833284 VLLM::Worker_TP
1317538 4825620 VLLM::Worker_TP
3880556 1828756 ray::AgentLoopW
3880552 1817268 ray::AgentLoopW
3880551 1740628 ray::AgentLoopW
== 2026-09-05T18:35:29+09:00
Mem:            1007         702         307         368         370         305
    PID   RSS COMMAND
3873386 87677048 VLLM::Worker
3873390 87673620 VLLM::Worker
3873387 87339176 VLLM::Worker
3873391 87282576 VLLM::Worker
3791454 63595100 ray::WorkerDict
3791453 63584716 ray::WorkerDict
3791459 63558744 ray::WorkerDict
3791460 63515868 ray::WorkerDict
1317539 4833284 VLLM::Worker_TP
1317538 4825620 VLLM::Worker_TP
3880556 1828756 ray::AgentLoopW
3880552 1817268 ray::AgentLoopW
3880551 1740628 ray::AgentLoopW
== 2026-09-05T18:35:49+09:00
Mem:            1007         702         307         368         370         305
    PID   RSS COMMAND
3873386 87675512 VLLM::Worker
3873390 87674388 VLLM::Worker
3873387 87336104 VLLM::Worker
3873391 87282576 VLLM::Worker
3791454 63595868 ray::WorkerDict
3791453 63587020 ray::WorkerDict
3791459 63557976 ray::WorkerDict
3791460 63515868 ray::WorkerDict
1317539 4833284 VLLM::Worker_TP
1317538 4825620 VLLM::Worker_TP
3880556 1828756 ray::AgentLoopW
3880552 1817268 ray::AgentLoopW
3880551 1740628 ray::AgentLoopW
== 2026-09-05T18:36:09+09:00
Mem:            1007         702         307         368         370         305
    PID   RSS COMMAND
3873386 87675512 VLLM::Worker
3873390 87673620 VLLM::Worker
3873387 87336872 VLLM::Worker
3873391 87284112 VLLM::Worker
3791454 63592796 ray::WorkerDict
3791453 63586252 ray::WorkerDict
3791459 63557976 ray::WorkerDict
3791460 63518172 ray::WorkerDict
1317539 4833284 VLLM::Worker_TP
1317538 4825620 VLLM::Worker_TP
3880556 1828756 ray::AgentLoopW
3880552 1817268 ray::AgentLoopW
3880551 1740628 ray::AgentLoopW
== 2026-09-05T18:36:29+09:00
Mem:            1007         701         307         368         370         305
    PID   RSS COMMAND
3873386 87676280 VLLM::Worker
3873390 87671316 VLLM::Worker
3873387 87334568 VLLM::Worker
3873391 87283344 VLLM::Worker
3791454 63592796 ray::WorkerDict
3791453 63584716 ray::WorkerDict
3791459 63558744 ray::WorkerDict
3791460 63515868 ray::WorkerDict
1317539 4833284 VLLM::Worker_TP
1317538 4825620 VLLM::Worker_TP
3880556 1828756 ray::AgentLoopW
3880552 1817268 ray::AgentLoopW
3880551 1740628 ray::AgentLoopW
== 2026-09-05T18:36:49+09:00
Mem:            1007         701         307         368         370         305
    PID   RSS COMMAND
3873386 87675512 VLLM::Worker
3873390 87672852 VLLM::Worker
3873387 87334568 VLLM::Worker
3873391 87283344 VLLM::Worker
3791454 63592796 ray::WorkerDict
3791453 63583948 ray::WorkerDict
3791459 63557208 ray::WorkerDict
3791460 63515100 ray::WorkerDict
1317539 4833284 VLLM::Worker_TP
1317538 4825620 VLLM::Worker_TP
3880556 1828756 ray::AgentLoopW
3880552 1817268 ray::AgentLoopW
3880551 1740628 ray::AgentLoopW
== 2026-09-05T18:37:09+09:00
Mem:            1007         702         307         368         370         305
    PID   RSS COMMAND
3873386 87677816 VLLM::Worker
3873390 87672084 VLLM::Worker
3873387 87336872 VLLM::Worker
3873391 87282576 VLLM::Worker
3791454 63593564 ray::WorkerDict
3791453 63585484 ray::WorkerDict
3791459 63556440 ray::WorkerDict
3791460 63515100 ray::WorkerDict
1317539 4833284 VLLM::Worker_TP
1317538 4825620 VLLM::Worker_TP
3880556 1828756 ray::AgentLoopW
3880552 1817268 ray::AgentLoopW
3880551 1740628 ray::AgentLoopW
== 2026-09-05T18:37:29+09:00
Mem:            1007         702         307         368         370         305
    PID   RSS COMMAND
3873386 87675512 VLLM::Worker
3873390 87672084 VLLM::Worker
3873387 87336104 VLLM::Worker
3873391 87282576 VLLM::Worker
3791454 63592796 ray::WorkerDict
3791453 63583948 ray::WorkerDict
3791459 63555672 ray::WorkerDict
3791460 63515868 ray::WorkerDict
1317539 4833284 VLLM::Worker_TP
1317538 4825620 VLLM::Worker_TP
3880556 1828756 ray::AgentLoopW
3880552 1817268 ray::AgentLoopW
3880551 1740628 ray::AgentLoopW
== 2026-09-05T18:37:49+09:00
Mem:            1007         701         307         368         370         305
    PID   RSS COMMAND
3873386 87676280 VLLM::Worker
3873390 87675924 VLLM::Worker
3873387 87336872 VLLM::Worker
3873391 87283344 VLLM::Worker
3791454 63593564 ray::WorkerDict
3791453 63586252 ray::WorkerDict
3791459 63556440 ray::WorkerDict
3791460 63516636 ray::WorkerDict
1317539 4833284 VLLM::Worker_TP
1317538 4825620 VLLM::Worker_TP
3880556 1828756 ray::AgentLoopW
3880552 1817268 ray::AgentLoopW
3880551 1740628 ray::AgentLoopW
== 2026-09-05T18:38:09+09:00
Mem:            1007         702         307         368         370         305
    PID   RSS COMMAND
3873386 87678584 VLLM::Worker
3873390 87673620 VLLM::Worker
3873387 87338408 VLLM::Worker
3873391 87284880 VLLM::Worker
3791454 63595100 ray::WorkerDict
3791453 63586252 ray::WorkerDict
3791459 63556440 ray::WorkerDict
3791460 63515100 ray::WorkerDict
1317539 4833284 VLLM::Worker_TP
1317538 4825620 VLLM::Worker_TP
3880556 1828756 ray::AgentLoopW
3880552 1817268 ray::AgentLoopW
3880551 1740628 ray::AgentLoopW
== 2026-09-05T18:38:29+09:00
Mem:            1007         702         307         368         370         305
    PID   RSS COMMAND
3873386 87677048 VLLM::Worker
3873390 87673620 VLLM::Worker
3873387 87336872 VLLM::Worker
3873391 87284880 VLLM::Worker
3791454 63596636 ray::WorkerDict
3791453 63587020 ray::WorkerDict
3791459 63556440 ray::WorkerDict
3791460 63513564 ray::WorkerDict
1317539 4833284 VLLM::Worker_TP
1317538 4825620 VLLM::Worker_TP
3880556 1828756 ray::AgentLoopW
3880552 1817268 ray::AgentLoopW
3880551 1740628 ray::AgentLoopW
== 2026-09-05T18:38:50+09:00
Mem:            1007         702         307         368         370         305
    PID   RSS COMMAND
3873386 87675512 VLLM::Worker
3873390 87673620 VLLM::Worker
3873387 87334568 VLLM::Worker
3873391 87284880 VLLM::Worker
3791454 63598940 ray::WorkerDict
3791453 63586252 ray::WorkerDict
3791459 63554136 ray::WorkerDict
3791460 63514332 ray::WorkerDict
1317539 4833284 VLLM::Worker_TP
1317538 4825620 VLLM::Worker_TP
3880556 1828756 ray::AgentLoopW
3880552 1817268 ray::AgentLoopW
3880551 1740628 ray::AgentLoopW
== 2026-09-05T18:39:10+09:00
Mem:            1007         701         307         368         370         305
    PID   RSS COMMAND
3873386 87673208 VLLM::Worker
3873390 87672084 VLLM::Worker
3873387 87330728 VLLM::Worker
3873391 87285648 VLLM::Worker
3791454 63597404 ray::WorkerDict
3791453 63587020 ray::WorkerDict
3791459 63557208 ray::WorkerDict
3791460 63516636 ray::WorkerDict
1317539 4833284 VLLM::Worker_TP
1317538 4825620 VLLM::Worker_TP
3880556 1828756 ray::AgentLoopW
3880552 1817268 ray::AgentLoopW
3880551 1740628 ray::AgentLoopW
== 2026-09-05T18:39:30+09:00
Mem:            1007         701         307         368         370         305
    PID   RSS COMMAND
3873386 87676280 VLLM::Worker
3873390 87672852 VLLM::Worker
3873387 87334568 VLLM::Worker
3873391 87284112 VLLM::Worker
3791454 63597404 ray::WorkerDict
3791453 63587788 ray::WorkerDict
3791459 63557208 ray::WorkerDict
3791460 63516636 ray::WorkerDict
1317539 4833284 VLLM::Worker_TP
1317538 4825620 VLLM::Worker_TP
3880556 1828756 ray::AgentLoopW
3880552 1817268 ray::AgentLoopW
3880551 1740628 ray::AgentLoopW
== 2026-09-05T18:39:50+09:00
Mem:            1007         701         307         368         370         305
    PID   RSS COMMAND
3873386 87674744 VLLM::Worker
3873390 87672852 VLLM::Worker
3873387 87335336 VLLM::Worker
3873391 87283344 VLLM::Worker
3791454 63596636 ray::WorkerDict
3791453 63589324 ray::WorkerDict
3791459 63555672 ray::WorkerDict
3791460 63517404 ray::WorkerDict
1317539 4833284 VLLM::Worker_TP
1317538 4825620 VLLM::Worker_TP
3880556 1828756 ray::AgentLoopW
3880552 1817268 ray::AgentLoopW
3880551 1740628 ray::AgentLoopW
== 2026-09-05T18:40:10+09:00
Mem:            1007         701         307         368         370         305
    PID   RSS COMMAND
3873386 87676280 VLLM::Worker
3873390 87674388 VLLM::Worker
3873387 87335336 VLLM::Worker
3873391 87283344 VLLM::Worker
3791454 63595868 ray::WorkerDict
3791453 63587020 ray::WorkerDict
3791459 63554136 ray::WorkerDict
3791460 63517404 ray::WorkerDict
1317539 4833284 VLLM::Worker_TP
1317538 4827924 VLLM::Worker_TP
3880556 1828756 ray::AgentLoopW
3880552 1817268 ray::AgentLoopW
3880551 1740628 ray::AgentLoopW
== 2026-09-05T18:40:30+09:00
Mem:            1007         701         307         368         370         305
    PID   RSS COMMAND
3873386 87677048 VLLM::Worker
3873390 87673620 VLLM::Worker
3873387 87336872 VLLM::Worker
3873391 87285648 VLLM::Worker
3791454 63595868 ray::WorkerDict
3791453 63587788 ray::WorkerDict
3791459 63557976 ray::WorkerDict
3791460 63517404 ray::WorkerDict
1317539 4833284 VLLM::Worker_TP
1317538 4827924 VLLM::Worker_TP
3880556 1828756 ray::AgentLoopW
3880552 1817268 ray::AgentLoopW
3880551 1740628 ray::AgentLoopW
== 2026-09-05T18:40:50+09:00
Mem:            1007         701         307         368         370         305
    PID   RSS COMMAND
3873386 87673976 VLLM::Worker
3873390 87673620 VLLM::Worker
3873387 87336872 VLLM::Worker
3873391 87285648 VLLM::Worker
3791454 63599708 ray::WorkerDict
3791453 63587788 ray::WorkerDict
3791459 63556440 ray::WorkerDict
3791460 63516636 ray::WorkerDict
1317539 4833284 VLLM::Worker_TP
1317538 4827924 VLLM::Worker_TP
3880556 1828756 ray::AgentLoopW
3880552 1817268 ray::AgentLoopW
3880551 1740628 ray::AgentLoopW
== 2026-09-05T18:41:10+09:00
Mem:            1007         702         307         368         370         305
    PID   RSS COMMAND
3873386 87677816 VLLM::Worker
3873390 87673620 VLLM::Worker
3873387 87339176 VLLM::Worker
3873391 87284880 VLLM::Worker
3791454 63598172 ray::WorkerDict
3791453 63588556 ray::WorkerDict
3791459 63555672 ray::WorkerDict
3791460 63516636 ray::WorkerDict
1317539 4833284 VLLM::Worker_TP
1317538 4827924 VLLM::Worker_TP
3880556 1828756 ray::AgentLoopW
3880552 1817268 ray::AgentLoopW
3880551 1740628 ray::AgentLoopW
== 2026-09-05T18:41:30+09:00
Mem:            1007         701         307         368         370         305
    PID   RSS COMMAND
3873386 87680120 VLLM::Worker
3873390 87672084 VLLM::Worker
3873387 87333800 VLLM::Worker
3873391 87285648 VLLM::Worker
3791454 63598172 ray::WorkerDict
3791453 63588556 ray::WorkerDict
3791459 63556440 ray::WorkerDict
3791460 63515868 ray::WorkerDict
1317539 4833284 VLLM::Worker_TP
1317538 4827924 VLLM::Worker_TP
3880556 1828756 ray::AgentLoopW
3880552 1817268 ray::AgentLoopW
3880551 1740628 ray::AgentLoopW
== 2026-09-05T18:41:50+09:00
Mem:            1007         701         307         368         370         305
    PID   RSS COMMAND
3873386 87674744 VLLM::Worker
3873390 87674388 VLLM::Worker
3873387 87335336 VLLM::Worker
3873391 87284880 VLLM::Worker
3791454 63597404 ray::WorkerDict
3791453 63587788 ray::WorkerDict
3791459 63556440 ray::WorkerDict
3791460 63515100 ray::WorkerDict
1317539 4833284 VLLM::Worker_TP
1317538 4827924 VLLM::Worker_TP
3880556 1828756 ray::AgentLoopW
3880552 1817268 ray::AgentLoopW
3880551 1740628 ray::AgentLoopW
== 2026-09-05T18:42:10+09:00
Mem:            1007         702         307         368         370         305
    PID   RSS COMMAND
3873386 87679352 VLLM::Worker
3873390 87671316 VLLM::Worker
3873387 87337640 VLLM::Worker
3873391 87284112 VLLM::Worker
3791454 63595868 ray::WorkerDict
3791453 63586252 ray::WorkerDict
3791459 63559512 ray::WorkerDict
3791460 63516636 ray::WorkerDict
1317539 4833284 VLLM::Worker_TP
1317538 4827924 VLLM::Worker_TP
3880556 1828756 ray::AgentLoopW
3880552 1817268 ray::AgentLoopW
3880551 1740628 ray::AgentLoopW
== 2026-09-05T18:42:30+09:00
Mem:            1007         702         307         368         370         305
    PID   RSS COMMAND
3873386 87677816 VLLM::Worker
3873390 87671316 VLLM::Worker
3873387 87336104 VLLM::Worker
3873391 87283344 VLLM::Worker
3791454 63596636 ray::WorkerDict
3791453 63585484 ray::WorkerDict
3791459 63557976 ray::WorkerDict
3791460 63515100 ray::WorkerDict
1317539 4833284 VLLM::Worker_TP
1317538 4827924 VLLM::Worker_TP
3880556 1828756 ray::AgentLoopW
3880552 1817268 ray::AgentLoopW
3880551 1740628 ray::AgentLoopW
== 2026-09-05T18:42:50+09:00
Mem:            1007         701         307         368         370         305
    PID   RSS COMMAND
3873386 87676280 VLLM::Worker
3873390 87674388 VLLM::Worker
3873387 87334568 VLLM::Worker
3873391 87281808 VLLM::Worker
3791454 63595868 ray::WorkerDict
3791453 63585484 ray::WorkerDict
3791459 63557976 ray::WorkerDict
3791460 63516636 ray::WorkerDict
1317539 4833284 VLLM::Worker_TP
1317538 4827924 VLLM::Worker_TP
3880556 1828756 ray::AgentLoopW
3880552 1817268 ray::AgentLoopW
3880551 1740628 ray::AgentLoopW
== 2026-09-05T18:43:10+09:00
Mem:            1007         702         307         368         370         305
    PID   RSS COMMAND
3873386 87677048 VLLM::Worker
3873390 87672084 VLLM::Worker
3873387 87338408 VLLM::Worker
3873391 87281808 VLLM::Worker
3791454 63594332 ray::WorkerDict
3791453 63586252 ray::WorkerDict
3791459 63557208 ray::WorkerDict
3791460 63516636 ray::WorkerDict
1317539 4833284 VLLM::Worker_TP
1317538 4827924 VLLM::Worker_TP
3880556 1828756 ray::AgentLoopW
3880552 1817268 ray::AgentLoopW
3880551 1740628 ray::AgentLoopW
== 2026-09-05T18:43:30+09:00
Mem:            1007         702         307         368         370         305
    PID   RSS COMMAND
3873386 87677816 VLLM::Worker
3873390 87672084 VLLM::Worker
3873387 87335336 VLLM::Worker
3873391 87281808 VLLM::Worker
3791454 63593564 ray::WorkerDict
3791453 63584716 ray::WorkerDict
3791459 63557208 ray::WorkerDict
3791460 63513564 ray::WorkerDict
1317539 4832172 VLLM::Worker_TP
1317538 4827076 VLLM::Worker_TP
3880556 1828756 ray::AgentLoopW
3880552 1817268 ray::AgentLoopW
3880551 1740628 ray::AgentLoopW
== 2026-09-05T18:43:50+09:00
Mem:            1007         702         307         368         370         305
    PID   RSS COMMAND
3873386 87676280 VLLM::Worker
3873390 87672852 VLLM::Worker
3873387 87335336 VLLM::Worker
3873391 87282576 VLLM::Worker
3791454 63592796 ray::WorkerDict
3791453 63584716 ray::WorkerDict
3791459 63554904 ray::WorkerDict
3791460 63516636 ray::WorkerDict
1317539 4832172 VLLM::Worker_TP
1317538 4827076 VLLM::Worker_TP
3880556 1828756 ray::AgentLoopW
3880552 1817268 ray::AgentLoopW
3880551 1740628 ray::AgentLoopW
== 2026-09-05T18:44:10+09:00
Mem:            1007         701         307         368         370         305
    PID   RSS COMMAND
3873386 87673976 VLLM::Worker
3873390 87670548 VLLM::Worker
3873387 87333032 VLLM::Worker
3873391 87281808 VLLM::Worker
3791454 63595100 ray::WorkerDict
3791453 63587788 ray::WorkerDict
3791459 63554904 ray::WorkerDict
3791460 63516636 ray::WorkerDict
1317539 4832172 VLLM::Worker_TP
1317538 4827076 VLLM::Worker_TP
3880556 1828756 ray::AgentLoopW
3880552 1817268 ray::AgentLoopW
3880551 1740628 ray::AgentLoopW
== 2026-09-05T18:44:30+09:00
Mem:            1007         701         307         368         370         305
    PID   RSS COMMAND
3873386 87677816 VLLM::Worker
3873390 87672084 VLLM::Worker
3873387 87336104 VLLM::Worker
3873391 87283344 VLLM::Worker
3791454 63595100 ray::WorkerDict
3791453 63586252 ray::WorkerDict
3791459 63556440 ray::WorkerDict
3791460 63516636 ray::WorkerDict
1317539 4831236 VLLM::Worker_TP
1317538 4825528 VLLM::Worker_TP
3880556 1828756 ray::AgentLoopW
3880552 1817268 ray::AgentLoopW
3880551 1740628 ray::AgentLoopW
== 2026-09-05T18:44:50+09:00
Mem:            1007         701         307         368         370         305
    PID   RSS COMMAND
3873386 87677048 VLLM::Worker
3873390 87672852 VLLM::Worker
3873387 87336872 VLLM::Worker
3873391 87283344 VLLM::Worker
3791454 63594332 ray::WorkerDict
3791453 63584716 ray::WorkerDict
3791459 63555672 ray::WorkerDict
3791460 63516636 ray::WorkerDict
1317539 4831236 VLLM::Worker_TP
1317538 4825528 VLLM::Worker_TP
3880556 1828756 ray::AgentLoopW
3880552 1817268 ray::AgentLoopW
3880551 1740628 ray::AgentLoopW
== 2026-09-05T18:45:10+09:00
Mem:            1007         701         307         368         370         305
    PID   RSS COMMAND
3873386 87677048 VLLM::Worker
3873390 87673620 VLLM::Worker
3873387 87334568 VLLM::Worker
3873391 87284880 VLLM::Worker
3791454 63593564 ray::WorkerDict
3791453 63586252 ray::WorkerDict
3791459 63557208 ray::WorkerDict
3791460 63515868 ray::WorkerDict
1317539 4831236 VLLM::Worker_TP
1317538 4825528 VLLM::Worker_TP
3880556 1828756 ray::AgentLoopW
3880552 1817268 ray::AgentLoopW
3880551 1740628 ray::AgentLoopW
== 2026-09-05T18:45:30+09:00
Mem:            1007         701         307         368         370         305
    PID   RSS COMMAND
3873386 87677816 VLLM::Worker
3873390 87674388 VLLM::Worker
3873387 87335336 VLLM::Worker
3873391 87284880 VLLM::Worker
3791454 63595100 ray::WorkerDict
3791453 63584716 ray::WorkerDict
3791459 63556440 ray::WorkerDict
3791460 63516636 ray::WorkerDict
1317539 4831236 VLLM::Worker_TP
1317538 4825528 VLLM::Worker_TP
3880556 1828756 ray::AgentLoopW
3880552 1817268 ray::AgentLoopW
3880551 1740628 ray::AgentLoopW
== 2026-09-05T18:45:50+09:00
Mem:            1007         701         307         368         370         305
    PID   RSS COMMAND
3873386 87679352 VLLM::Worker
3873390 87675156 VLLM::Worker
3873387 87336104 VLLM::Worker
3873391 87285648 VLLM::Worker
3791454 63592796 ray::WorkerDict
3791453 63585484 ray::WorkerDict
3791459 63556440 ray::WorkerDict
3791460 63515868 ray::WorkerDict
1317539 4831236 VLLM::Worker_TP
1317538 4825528 VLLM::Worker_TP
3880556 1828756 ray::AgentLoopW
3880552 1817268 ray::AgentLoopW
3880551 1740628 ray::AgentLoopW
== 2026-09-05T18:46:10+09:00
Mem:            1007         702         307         368         370         305
    PID   RSS COMMAND
3873386 87677048 VLLM::Worker
3873390 87672852 VLLM::Worker
3873387 87336872 VLLM::Worker
3873391 87285648 VLLM::Worker
3791454 63594332 ray::WorkerDict
3791453 63586252 ray::WorkerDict
3791459 63555672 ray::WorkerDict
3791460 63514332 ray::WorkerDict
1317539 4831236 VLLM::Worker_TP
1317538 4825528 VLLM::Worker_TP
3880556 1828756 ray::AgentLoopW
3880552 1817268 ray::AgentLoopW
3880551 1740628 ray::AgentLoopW
== 2026-09-05T18:46:30+09:00
Mem:            1007         702         307         368         370         305
    PID   RSS COMMAND
3873386 87678584 VLLM::Worker
3873390 87673620 VLLM::Worker
3873387 87336104 VLLM::Worker
3873391 87285648 VLLM::Worker
3791454 63595100 ray::WorkerDict
3791453 63584716 ray::WorkerDict
3791459 63553368 ray::WorkerDict
3791460 63517404 ray::WorkerDict
1317539 4830468 VLLM::Worker_TP
1317538 4824760 VLLM::Worker_TP
3880556 1828756 ray::AgentLoopW
3880552 1817268 ray::AgentLoopW
3880551 1740628 ray::AgentLoopW
== 2026-09-05T18:46:50+09:00
Mem:            1007         701         307         368         370         305
    PID   RSS COMMAND
3873386 87675512 VLLM::Worker
3873390 87673620 VLLM::Worker
3873387 87336872 VLLM::Worker
3873391 87284880 VLLM::Worker
3791454 63595100 ray::WorkerDict
3791453 63585484 ray::WorkerDict
3791459 63554904 ray::WorkerDict
3791460 63517404 ray::WorkerDict
1317539 4830468 VLLM::Worker_TP
1317538 4824760 VLLM::Worker_TP
3880556 1828756 ray::AgentLoopW
3880552 1817268 ray::AgentLoopW
3880551 1740628 ray::AgentLoopW
== 2026-09-05T18:47:10+09:00
Mem:            1007         702         307         368         370         305
    PID   RSS COMMAND
3873386 87677816 VLLM::Worker
3873390 87674388 VLLM::Worker
3873387 87334568 VLLM::Worker
3873391 87284880 VLLM::Worker
3791454 63595868 ray::WorkerDict
3791453 63585484 ray::WorkerDict
3791459 63555672 ray::WorkerDict
3791460 63517404 ray::WorkerDict
1317539 4830468 VLLM::Worker_TP
1317538 4824760 VLLM::Worker_TP
3880556 1828756 ray::AgentLoopW
3880552 1817268 ray::AgentLoopW
3880551 1740628 ray::AgentLoopW
== 2026-09-05T18:47:30+09:00
Mem:            1007         702         307         368         370         305
    PID   RSS COMMAND
3873386 87678584 VLLM::Worker
3873390 87675156 VLLM::Worker
3873387 87334568 VLLM::Worker
3873391 87283344 VLLM::Worker
3791454 63595868 ray::WorkerDict
3791453 63584716 ray::WorkerDict
3791459 63558744 ray::WorkerDict
3791460 63515100 ray::WorkerDict
1317539 4830468 VLLM::Worker_TP
1317538 4824760 VLLM::Worker_TP
3880556 1828756 ray::AgentLoopW
3880552 1817268 ray::AgentLoopW
3880551 1740628 ray::AgentLoopW
== 2026-09-05T18:47:50+09:00
Mem:            1007         701         307         368         370         305
    PID   RSS COMMAND
3873386 87676280 VLLM::Worker
3873390 87674388 VLLM::Worker
3873387 87336872 VLLM::Worker
3873391 87282576 VLLM::Worker
3791454 63593564 ray::WorkerDict
3791453 63583948 ray::WorkerDict
3791459 63557208 ray::WorkerDict
3791460 63514332 ray::WorkerDict
1317539 4830468 VLLM::Worker_TP
1317538 4824760 VLLM::Worker_TP
3880556 1828756 ray::AgentLoopW
3880552 1817268 ray::AgentLoopW
3880551 1740628 ray::AgentLoopW
== 2026-09-05T18:48:10+09:00
Mem:            1007         702         307         368         370         305
    PID   RSS COMMAND
3873386 87677048 VLLM::Worker
3873390 87672852 VLLM::Worker
3873387 87337640 VLLM::Worker
3873391 87283344 VLLM::Worker
3791454 63594332 ray::WorkerDict
3791453 63583948 ray::WorkerDict
3791459 63556440 ray::WorkerDict
3791460 63517404 ray::WorkerDict
1317539 4830468 VLLM::Worker_TP
1317538 4824760 VLLM::Worker_TP
3880556 1828756 ray::AgentLoopW
3880552 1817268 ray::AgentLoopW
3880551 1740628 ray::AgentLoopW
== 2026-09-05T18:48:30+09:00
Mem:            1007         702         307         368         370         305
    PID   RSS COMMAND
3873386 87675512 VLLM::Worker
3873390 87674388 VLLM::Worker
3873387 87338408 VLLM::Worker
3873391 87282576 VLLM::Worker
3791454 63594332 ray::WorkerDict
3791453 63585484 ray::WorkerDict
3791459 63555672 ray::WorkerDict
3791460 63518172 ray::WorkerDict
1317539 4830468 VLLM::Worker_TP
1317538 4824760 VLLM::Worker_TP
3880556 1828756 ray::AgentLoopW
3880552 1817268 ray::AgentLoopW
3880551 1740628 ray::AgentLoopW
== 2026-09-05T18:48:50+09:00
Mem:            1007         702         307         368         370         305
    PID   RSS COMMAND
3873386 87679352 VLLM::Worker
3873390 87672084 VLLM::Worker
3873387 87336104 VLLM::Worker
3873391 87283344 VLLM::Worker
3791454 63592796 ray::WorkerDict
3791453 63584716 ray::WorkerDict
3791459 63555672 ray::WorkerDict
3791460 63517404 ray::WorkerDict
1317539 4830468 VLLM::Worker_TP
1317538 4824760 VLLM::Worker_TP
3880556 1828756 ray::AgentLoopW
3880552 1817268 ray::AgentLoopW
3880551 1740628 ray::AgentLoopW
== 2026-09-05T18:49:11+09:00
Mem:            1007         701         307         368         370         305
    PID   RSS COMMAND
3873386 87680120 VLLM::Worker
3873390 87672084 VLLM::Worker
3873387 87337640 VLLM::Worker
3873391 87282576 VLLM::Worker
3791454 63593564 ray::WorkerDict
3791453 63586252 ray::WorkerDict
3791459 63557976 ray::WorkerDict
3791460 63515100 ray::WorkerDict
1317539 4830468 VLLM::Worker_TP
1317538 4824760 VLLM::Worker_TP
3880556 1828756 ray::AgentLoopW
3880552 1817268 ray::AgentLoopW
3880551 1740628 ray::AgentLoopW
== 2026-09-05T18:49:31+09:00
Mem:            1007         701         307         368         370         305
    PID   RSS COMMAND
3873386 87678584 VLLM::Worker
3873390 87673620 VLLM::Worker
3873387 87336872 VLLM::Worker
3873391 87281808 VLLM::Worker
3791454 63593564 ray::WorkerDict
3791453 63585484 ray::WorkerDict
3791459 63561048 ray::WorkerDict
3791460 63515868 ray::WorkerDict
1317539 4830468 VLLM::Worker_TP
1317538 4824760 VLLM::Worker_TP
3880556 1828756 ray::AgentLoopW
3880552 1817268 ray::AgentLoopW
3880551 1740628 ray::AgentLoopW
== 2026-09-05T18:49:51+09:00
Mem:            1007         701         307         368         370         305
    PID   RSS COMMAND
3873386 87677048 VLLM::Worker
3873390 87672084 VLLM::Worker
3873387 87338408 VLLM::Worker
3873391 87282576 VLLM::Worker
3791454 63595868 ray::WorkerDict
3791453 63588556 ray::WorkerDict
3791459 63558744 ray::WorkerDict
3791460 63515100 ray::WorkerDict
1317539 4830468 VLLM::Worker_TP
1317538 4824760 VLLM::Worker_TP
3880556 1828756 ray::AgentLoopW
3880552 1817268 ray::AgentLoopW
3880551 1740628 ray::AgentLoopW
== 2026-09-05T18:50:11+09:00
Mem:            1007         702         307         368         370         305
    PID   RSS COMMAND
3873386 87676280 VLLM::Worker
3873390 87673620 VLLM::Worker
3873387 87334568 VLLM::Worker
3873391 87283344 VLLM::Worker
3791454 63595100 ray::WorkerDict
3791453 63587788 ray::WorkerDict
3791459 63557976 ray::WorkerDict
3791460 63513564 ray::WorkerDict
1317539 4830468 VLLM::Worker_TP
1317538 4825528 VLLM::Worker_TP
3880556 1828756 ray::AgentLoopW
3880552 1817268 ray::AgentLoopW
3880551 1740628 ray::AgentLoopW
== 2026-09-05T18:50:31+09:00
Mem:            1007         702         307         368         370         305
    PID   RSS COMMAND
3873386 87677816 VLLM::Worker
3873390 87672852 VLLM::Worker
3873387 87336104 VLLM::Worker
3873391 87282576 VLLM::Worker
3791454 63595100 ray::WorkerDict
3791453 63587020 ray::WorkerDict
3791459 63557208 ray::WorkerDict
3791460 63515868 ray::WorkerDict
1317539 4830468 VLLM::Worker_TP
1317538 4825528 VLLM::Worker_TP
3880556 1828756 ray::AgentLoopW
3880552 1817268 ray::AgentLoopW
3880551 1740628 ray::AgentLoopW
== 2026-09-05T18:50:51+09:00
Mem:            1007         702         307         368         370         305
    PID   RSS COMMAND
3873386 87677816 VLLM::Worker
3873390 87671316 VLLM::Worker
3873387 87335336 VLLM::Worker
3873391 87283344 VLLM::Worker
3791454 63595100 ray::WorkerDict
3791453 63587020 ray::WorkerDict
3791459 63554904 ray::WorkerDict
3791460 63515868 ray::WorkerDict
1317539 4830468 VLLM::Worker_TP
1317538 4825528 VLLM::Worker_TP
3880556 1828756 ray::AgentLoopW
3880552 1817268 ray::AgentLoopW
3880551 1740628 ray::AgentLoopW
== 2026-09-05T18:51:11+09:00
Mem:            1007         702         307         368         370         305
    PID   RSS COMMAND
3873386 87678584 VLLM::Worker
3873390 87672852 VLLM::Worker
3873387 87337640 VLLM::Worker
3873391 87284112 VLLM::Worker
3791454 63596636 ray::WorkerDict
3791453 63587788 ray::WorkerDict
3791459 63555672 ray::WorkerDict
3791460 63514332 ray::WorkerDict
1317539 4830468 VLLM::Worker_TP
1317538 4825528 VLLM::Worker_TP
3880556 1828756 ray::AgentLoopW
3880552 1817268 ray::AgentLoopW
3880551 1740628 ray::AgentLoopW
== 2026-09-05T18:51:31+09:00
Mem:            1007         702         307         368         370         305
    PID   RSS COMMAND
3873386 87679352 VLLM::Worker
3873390 87672852 VLLM::Worker
3873387 87336104 VLLM::Worker
3873391 87284112 VLLM::Worker
3791454 63597404 ray::WorkerDict
3791453 63587020 ray::WorkerDict
3791459 63558744 ray::WorkerDict
3791460 63516636 ray::WorkerDict
1317539 4830468 VLLM::Worker_TP
1317538 4825528 VLLM::Worker_TP
3880556 1828756 ray::AgentLoopW
3880552 1817268 ray::AgentLoopW
3880551 1740628 ray::AgentLoopW
== 2026-09-05T18:51:51+09:00
Mem:            1007         701         307         368         370         305
    PID   RSS COMMAND
3873386 87676280 VLLM::Worker
3873390 87672852 VLLM::Worker
3873387 87334568 VLLM::Worker
3873391 87281808 VLLM::Worker
3791454 63595868 ray::WorkerDict
3791453 63586252 ray::WorkerDict
3791459 63558744 ray::WorkerDict
3791460 63516636 ray::WorkerDict
1317539 4830468 VLLM::Worker_TP
1317538 4825528 VLLM::Worker_TP
3880556 1828756 ray::AgentLoopW
3880552 1817268 ray::AgentLoopW
3880551 1740628 ray::AgentLoopW
== 2026-09-05T18:52:11+09:00
Mem:            1007         702         307         368         370         305
    PID   RSS COMMAND
3873386 87676280 VLLM::Worker
3873390 87674388 VLLM::Worker
3873387 87336872 VLLM::Worker
3873391 87283344 VLLM::Worker
3791454 63595868 ray::WorkerDict
3791453 63583948 ray::WorkerDict
3791459 63557976 ray::WorkerDict
3791460 63515868 ray::WorkerDict
1317539 4830468 VLLM::Worker_TP
1317538 4825528 VLLM::Worker_TP
3880556 1828756 ray::AgentLoopW
3880552 1817268 ray::AgentLoopW
3880551 1740628 ray::AgentLoopW
== 2026-09-05T18:52:31+09:00
Mem:            1007         702         307         368         370         305
    PID   RSS COMMAND
3873386 87677816 VLLM::Worker
3873390 87672852 VLLM::Worker
3873387 87335336 VLLM::Worker
3873391 87285648 VLLM::Worker
3791454 63595100 ray::WorkerDict
3791453 63585484 ray::WorkerDict
3791459 63557208 ray::WorkerDict
3791460 63515868 ray::WorkerDict
1317539 4830468 VLLM::Worker_TP
1317538 4825528 VLLM::Worker_TP
3880556 1828756 ray::AgentLoopW
3880552 1817268 ray::AgentLoopW
3880551 1740628 ray::AgentLoopW
== 2026-09-05T18:52:51+09:00
Mem:            1007         701         307         368         370         305
    PID   RSS COMMAND
3873386 87677816 VLLM::Worker
3873390 87675924 VLLM::Worker
3873387 87334568 VLLM::Worker
3873391 87285648 VLLM::Worker
3791454 63596636 ray::WorkerDict
3791453 63585484 ray::WorkerDict
3791459 63559512 ray::WorkerDict
3791460 63518172 ray::WorkerDict
1317539 4830468 VLLM::Worker_TP
1317538 4825528 VLLM::Worker_TP
3880556 1828756 ray::AgentLoopW
3880552 1817268 ray::AgentLoopW
3880551 1740628 ray::AgentLoopW
== 2026-09-05T18:53:11+09:00
Mem:            1007         701         307         368         370         305
    PID   RSS COMMAND
3873386 87678584 VLLM::Worker
3873390 87673620 VLLM::Worker
3873387 87336872 VLLM::Worker
3873391 87286416 VLLM::Worker
3791454 63599708 ray::WorkerDict
3791453 63587788 ray::WorkerDict
3791459 63559512 ray::WorkerDict
3791460 63518172 ray::WorkerDict
1317539 4826264 VLLM::Worker_TP
1317538 4818088 VLLM::Worker_TP
3880556 1828756 ray::AgentLoopW
3880552 1817268 ray::AgentLoopW
3880551 1740628 ray::AgentLoopW
== 2026-09-05T18:53:31+09:00
Mem:            1007         701         307         368         370         305
    PID   RSS COMMAND
3873386 87675512 VLLM::Worker
3873390 87672852 VLLM::Worker
3873387 87332264 VLLM::Worker
3873391 87286416 VLLM::Worker
3791454 63598940 ray::WorkerDict
3791453 63588556 ray::WorkerDict
3791459 63558744 ray::WorkerDict
3791460 63518172 ray::WorkerDict
1317539 4826264 VLLM::Worker_TP
1317538 4818088 VLLM::Worker_TP
3880556 1828756 ray::AgentLoopW
3880552 1817268 ray::AgentLoopW
3880551 1740628 ray::AgentLoopW
== 2026-09-05T18:53:51+09:00
Mem:            1007         701         307         368         370         305
    PID   RSS COMMAND
3873386 87677048 VLLM::Worker
3873390 87672852 VLLM::Worker
3873387 87333800 VLLM::Worker
3873391 87286416 VLLM::Worker
3791454 63598940 ray::WorkerDict
3791453 63587020 ray::WorkerDict
3791459 63557976 ray::WorkerDict
3791460 63518172 ray::WorkerDict
1317539 4826264 VLLM::Worker_TP
1317538 4818088 VLLM::Worker_TP
3880556 1828756 ray::AgentLoopW
3880552 1817268 ray::AgentLoopW
3880551 1740628 ray::AgentLoopW
== 2026-09-05T18:54:11+09:00
Mem:            1007         702         307         368         370         305
    PID   RSS COMMAND
3873386 87676280 VLLM::Worker
3873390 87671316 VLLM::Worker
3873387 87334568 VLLM::Worker
3873391 87287184 VLLM::Worker
3791454 63598940 ray::WorkerDict
3791453 63587020 ray::WorkerDict
3791459 63556440 ray::WorkerDict
3791460 63518172 ray::WorkerDict
1317539 4826264 VLLM::Worker_TP
1317538 4818088 VLLM::Worker_TP
3880556 1828756 ray::AgentLoopW
3880552 1817268 ray::AgentLoopW
3880551 1740628 ray::AgentLoopW
== 2026-09-05T18:54:31+09:00
Mem:            1007         701         307         368         370         305
    PID   RSS COMMAND
3873386 87673208 VLLM::Worker
3873390 87671316 VLLM::Worker
3873387 87336872 VLLM::Worker
3873391 87286416 VLLM::Worker
3791454 63599708 ray::WorkerDict
3791453 63587788 ray::WorkerDict
3791459 63554136 ray::WorkerDict
3791460 63519708 ray::WorkerDict
1317539 4826264 VLLM::Worker_TP
1317538 4818088 VLLM::Worker_TP
3880556 1828756 ray::AgentLoopW
3880552 1817268 ray::AgentLoopW
3880551 1740628 ray::AgentLoopW
== 2026-09-05T18:54:51+09:00
Mem:            1007         701         307         368         370         305
    PID   RSS COMMAND
3873386 87677048 VLLM::Worker
3873390 87675924 VLLM::Worker
3873387 87339176 VLLM::Worker
3873391 87286416 VLLM::Worker
3791454 63598172 ray::WorkerDict
3791453 63588556 ray::WorkerDict
3791459 63556440 ray::WorkerDict
3791460 63517404 ray::WorkerDict
1317539 4826264 VLLM::Worker_TP
1317538 4818088 VLLM::Worker_TP
3880556 1828756 ray::AgentLoopW
3880552 1817268 ray::AgentLoopW
3880551 1740628 ray::AgentLoopW
== 2026-09-05T18:55:11+09:00
Mem:            1007         702         307         368         370         305
    PID   RSS COMMAND
3873386 87678584 VLLM::Worker
3873390 87672852 VLLM::Worker
3873387 87339176 VLLM::Worker
3873391 87286416 VLLM::Worker
3791454 63597656 ray::WorkerDict
3791453 63587616 ray::WorkerDict
3791459 63557556 ray::WorkerDict
3791460 63517992 ray::WorkerDict
1317539 4826264 VLLM::Worker_TP
1317538 4818088 VLLM::Worker_TP
3880556 1828756 ray::AgentLoopW
3880552 1817268 ray::AgentLoopW
3880551 1740628 ray::AgentLoopW
== 2026-09-05T18:55:31+09:00
Mem:            1007         701         307         368         370         305
    PID   RSS COMMAND
3873386 87679352 VLLM::Worker
3873390 87672852 VLLM::Worker
3873387 87333032 VLLM::Worker
3873391 87287952 VLLM::Worker
3791454 63597656 ray::WorkerDict
3791453 63588384 ray::WorkerDict
3791459 63559860 ray::WorkerDict
3791460 63517224 ray::WorkerDict
1317539 4826264 VLLM::Worker_TP
1317538 4818088 VLLM::Worker_TP
3880556 1828756 ray::AgentLoopW
3880552 1817268 ray::AgentLoopW
3880551 1740628 ray::AgentLoopW
== 2026-09-05T18:55:51+09:00
Mem:            1007         701         307         368         370         305
    PID   RSS COMMAND
3873386 87677048 VLLM::Worker
3873390 87673620 VLLM::Worker
3873387 87336104 VLLM::Worker
3873391 87285648 VLLM::Worker
3791454 63596888 ray::WorkerDict
3791453 63586080 ray::WorkerDict
3791459 63562164 ray::WorkerDict
3791460 63517992 ray::WorkerDict
1317539 4826264 VLLM::Worker_TP
1317538 4818088 VLLM::Worker_TP
3880556 1828756 ray::AgentLoopW
3880552 1817268 ray::AgentLoopW
3880551 1740628 ray::AgentLoopW
== 2026-09-05T18:56:11+09:00
Mem:            1007         702         307         368         370         305
    PID   RSS COMMAND
3873386 87675512 VLLM::Worker
3873390 87672852 VLLM::Worker
3873387 87336872 VLLM::Worker
3873391 87286416 VLLM::Worker
3791454 63596120 ray::WorkerDict
3791453 63586848 ray::WorkerDict
3791459 63559860 ray::WorkerDict
3791460 63517992 ray::WorkerDict
1317539 4826264 VLLM::Worker_TP
1317538 4818088 VLLM::Worker_TP
3880556 1828756 ray::AgentLoopW
3880552 1817268 ray::AgentLoopW
3880551 1740628 ray::AgentLoopW
== 2026-09-05T18:56:31+09:00
Mem:            1007         702         307         368         370         305
    PID   RSS COMMAND
3873386 87673976 VLLM::Worker
3873390 87670548 VLLM::Worker
3873387 87334568 VLLM::Worker
3873391 87286416 VLLM::Worker
3791454 63595352 ray::WorkerDict
3791453 63586848 ray::WorkerDict
3791459 63559860 ray::WorkerDict
3791460 63518760 ray::WorkerDict
1317539 4826264 VLLM::Worker_TP
1317538 4818088 VLLM::Worker_TP
3880556 1828756 ray::AgentLoopW
3880552 1817268 ray::AgentLoopW
3880551 1740628 ray::AgentLoopW
== 2026-09-05T18:56:51+09:00
Mem:            1007         701         307         368         370         305
    PID   RSS COMMAND
3873386 87680120 VLLM::Worker
3873390 87673620 VLLM::Worker
3873387 87336872 VLLM::Worker
3873391 87286416 VLLM::Worker
3791454 63596120 ray::WorkerDict
3791453 63585312 ray::WorkerDict
3791459 63559860 ray::WorkerDict
3791460 63518760 ray::WorkerDict
1317539 4826264 VLLM::Worker_TP
1317538 4818088 VLLM::Worker_TP
3880556 1828756 ray::AgentLoopW
3880552 1817268 ray::AgentLoopW
3880551 1740628 ray::AgentLoopW
== 2026-09-05T18:57:11+09:00
Mem:            1007         702         307         368         370         305
    PID   RSS COMMAND
3873386 87677048 VLLM::Worker
3873390 87673620 VLLM::Worker
3873387 87336104 VLLM::Worker
3873391 87286416 VLLM::Worker
3791454 63596120 ray::WorkerDict
3791453 63583776 ray::WorkerDict
3791459 63558324 ray::WorkerDict
3791460 63517992 ray::WorkerDict
1317539 4826264 VLLM::Worker_TP
1317538 4818088 VLLM::Worker_TP
3880556 1828756 ray::AgentLoopW
3880552 1817268 ray::AgentLoopW
3880551 1740628 ray::AgentLoopW
== 2026-09-05T18:57:31+09:00
Mem:            1007         702         307         368         370         305
    PID   RSS COMMAND
3873386 87677816 VLLM::Worker
3873390 87672852 VLLM::Worker
3873387 87336104 VLLM::Worker
3873391 87287184 VLLM::Worker
3791454 63596120 ray::WorkerDict
3791453 63583776 ray::WorkerDict
3791459 63556788 ray::WorkerDict
3791460 63517224 ray::WorkerDict
1317539 4826264 VLLM::Worker_TP
1317538 4818088 VLLM::Worker_TP
3880556 1828756 ray::AgentLoopW
3880552 1817268 ray::AgentLoopW
3880551 1740628 ray::AgentLoopW
== 2026-09-05T18:57:51+09:00
Mem:            1007         702         307         368         370         305
    PID   RSS COMMAND
3873386 87675512 VLLM::Worker
3873390 87672084 VLLM::Worker
3873387 87336104 VLLM::Worker
3873391 87285648 VLLM::Worker
3791454 63595352 ray::WorkerDict
3791453 63584544 ray::WorkerDict
3791459 63558324 ray::WorkerDict
3791460 63517992 ray::WorkerDict
1317539 4826264 VLLM::Worker_TP
1317538 4818088 VLLM::Worker_TP
3880556 1828756 ray::AgentLoopW
3880552 1817268 ray::AgentLoopW
3880551 1740628 ray::AgentLoopW
== 2026-09-05T18:58:11+09:00
Mem:            1007         702         307         368         370         305
    PID   RSS COMMAND
3873386 87676280 VLLM::Worker
3873390 87672852 VLLM::Worker
3873387 87337640 VLLM::Worker
3873391 87285648 VLLM::Worker
3791454 63596888 ray::WorkerDict
3791453 63583776 ray::WorkerDict
3791459 63559092 ray::WorkerDict
3791460 63517992 ray::WorkerDict
1317539 4826264 VLLM::Worker_TP
1317538 4818088 VLLM::Worker_TP
3880556 1828756 ray::AgentLoopW
3880552 1817268 ray::AgentLoopW
3880551 1740628 ray::AgentLoopW
== 2026-09-05T18:58:31+09:00
Mem:            1007         701         307         368         370         305
    PID   RSS COMMAND
3873386 87677048 VLLM::Worker
3873390 87673620 VLLM::Worker
3873387 87336872 VLLM::Worker
3873391 87284880 VLLM::Worker
3791454 63593816 ray::WorkerDict
3791453 63584544 ray::WorkerDict
3791459 63558324 ray::WorkerDict
3791460 63518760 ray::WorkerDict
1317539 4826264 VLLM::Worker_TP
1317538 4818088 VLLM::Worker_TP
3880556 1828756 ray::AgentLoopW
3880552 1817268 ray::AgentLoopW
3880551 1740628 ray::AgentLoopW
== 2026-09-05T18:58:51+09:00
Mem:            1007         701         307         368         370         305
    PID   RSS COMMAND
3873386 87677048 VLLM::Worker
3873390 87672852 VLLM::Worker
3873387 87335336 VLLM::Worker
3873391 87284880 VLLM::Worker
3791454 63593816 ray::WorkerDict
3791453 63583776 ray::WorkerDict
3791459 63556788 ray::WorkerDict
3791460 63518760 ray::WorkerDict
1317539 4826264 VLLM::Worker_TP
1317538 4818088 VLLM::Worker_TP
3880556 1828756 ray::AgentLoopW
3880552 1817268 ray::AgentLoopW
3880551 1740628 ray::AgentLoopW
== 2026-09-05T18:59:11+09:00
Mem:            1007         702         307         368         370         305
    PID   RSS COMMAND
3873386 87677816 VLLM::Worker
3873390 87672852 VLLM::Worker
3873387 87336104 VLLM::Worker
3873391 87284880 VLLM::Worker
3791454 63593048 ray::WorkerDict
3791453 63583776 ray::WorkerDict
3791459 63557556 ray::WorkerDict
3791460 63519528 ray::WorkerDict
1317539 4826264 VLLM::Worker_TP
1317538 4818088 VLLM::Worker_TP
3880556 1828756 ray::AgentLoopW
3880552 1817268 ray::AgentLoopW
3880551 1740628 ray::AgentLoopW
== 2026-09-05T18:59:32+09:00
Mem:            1007         701         307         368         370         305
    PID   RSS COMMAND
3873386 87675512 VLLM::Worker
3873390 87673620 VLLM::Worker
3873387 87337640 VLLM::Worker
3873391 87283344 VLLM::Worker
3791454 63593048 ray::WorkerDict
3791453 63584544 ray::WorkerDict
3791459 63557556 ray::WorkerDict
3791460 63518760 ray::WorkerDict
1317539 4826264 VLLM::Worker_TP
1317538 4818088 VLLM::Worker_TP
3880556 1828756 ray::AgentLoopW
3880552 1817268 ray::AgentLoopW
3880551 1740628 ray::AgentLoopW
== 2026-09-05T18:59:52+09:00
Mem:            1007         701         307         368         370         305
    PID   RSS COMMAND
3873386 87676280 VLLM::Worker
3873390 87670548 VLLM::Worker
3873387 87334568 VLLM::Worker
3873391 87283344 VLLM::Worker
3791454 63595352 ray::WorkerDict
3791453 63583008 ray::WorkerDict
3791459 63558324 ray::WorkerDict
3791460 63517992 ray::WorkerDict
1317539 4837016 VLLM::Worker_TP
1317538 4827304 VLLM::Worker_TP
3880556 1828756 ray::AgentLoopW
3880552 1817268 ray::AgentLoopW
3880551 1740628 ray::AgentLoopW
== 2026-09-05T19:00:12+09:00
Mem:            1007         702         307         368         370         305
    PID   RSS COMMAND
3873386 87676280 VLLM::Worker
3873390 87670548 VLLM::Worker
3873387 87337640 VLLM::Worker
3873391 87284880 VLLM::Worker
3791454 63593816 ray::WorkerDict
3791453 63585312 ray::WorkerDict
3791459 63557556 ray::WorkerDict
3791460 63517992 ray::WorkerDict
1317539 4837016 VLLM::Worker_TP
1317538 4829608 VLLM::Worker_TP
3880556 1828756 ray::AgentLoopW
3880552 1817268 ray::AgentLoopW
3880551 1740628 ray::AgentLoopW
== 2026-09-05T19:00:32+09:00
Mem:            1007         701         307         368         370         305
    PID   RSS COMMAND
3873386 87677048 VLLM::Worker
3873390 87671316 VLLM::Worker
3873387 87336872 VLLM::Worker
3873391 87285648 VLLM::Worker
3791454 63596120 ray::WorkerDict
3791453 63585312 ray::WorkerDict
3791459 63556788 ray::WorkerDict
3791460 63517992 ray::WorkerDict
1317539 4837016 VLLM::Worker_TP
1317538 4829608 VLLM::Worker_TP
3880556 1828756 ray::AgentLoopW
3880552 1817268 ray::AgentLoopW
3880551 1740628 ray::AgentLoopW
== 2026-09-05T19:00:52+09:00
Mem:            1007         702         307         368         370         305
    PID   RSS COMMAND
3873386 87677048 VLLM::Worker
3873390 87673620 VLLM::Worker
3873387 87333800 VLLM::Worker
3873391 87284880 VLLM::Worker
3791454 63596120 ray::WorkerDict
3791453 63586848 ray::WorkerDict
3791459 63556788 ray::WorkerDict
3791460 63519528 ray::WorkerDict
1317539 4837016 VLLM::Worker_TP
1317538 4829608 VLLM::Worker_TP
3880556 1828756 ray::AgentLoopW
3880552 1817268 ray::AgentLoopW
3880551 1740628 ray::AgentLoopW
== 2026-09-05T19:01:12+09:00
Mem:            1007         702         307         368         370         305
    PID   RSS COMMAND
3873386 87679352 VLLM::Worker
3873390 87675156 VLLM::Worker
3873387 87337640 VLLM::Worker
3873391 87287184 VLLM::Worker
3791454 63596120 ray::WorkerDict
3791453 63587616 ray::WorkerDict
3791459 63556788 ray::WorkerDict
3791460 63519528 ray::WorkerDict
1317539 4837016 VLLM::Worker_TP
1317538 4829608 VLLM::Worker_TP
3880556 1828756 ray::AgentLoopW
3880552 1817268 ray::AgentLoopW
3880551 1740628 ray::AgentLoopW
== 2026-09-05T19:01:32+09:00
Mem:            1007         702         307         368         370         305
    PID   RSS COMMAND
3873386 87677048 VLLM::Worker
3873390 87672852 VLLM::Worker
3873387 87337640 VLLM::Worker
3873391 87286416 VLLM::Worker
3791454 63596888 ray::WorkerDict
3791453 63588384 ray::WorkerDict
3791459 63556020 ray::WorkerDict
3791460 63517224 ray::WorkerDict
1317539 4837016 VLLM::Worker_TP
1317538 4829608 VLLM::Worker_TP
3880556 1828756 ray::AgentLoopW
3880552 1817268 ray::AgentLoopW
3880551 1740628 ray::AgentLoopW
== 2026-09-05T19:01:52+09:00
Mem:            1007         701         307         368         370         305
    PID   RSS COMMAND
3873386 87677048 VLLM::Worker
3873390 87673620 VLLM::Worker
3873387 87336872 VLLM::Worker
3873391 87287184 VLLM::Worker
3791454 63596888 ray::WorkerDict
3791453 63586848 ray::WorkerDict
3791459 63556788 ray::WorkerDict
3791460 63516456 ray::WorkerDict
1317539 4837016 VLLM::Worker_TP
1317538 4829608 VLLM::Worker_TP
3880556 1828756 ray::AgentLoopW
3880552 1817268 ray::AgentLoopW
3880551 1740628 ray::AgentLoopW
== 2026-09-05T19:02:12+09:00
Mem:            1007         702         307         368         370         305
    PID   RSS COMMAND
3873386 87677048 VLLM::Worker
3873390 87670548 VLLM::Worker
3873387 87333800 VLLM::Worker
3873391 87287184 VLLM::Worker
3791454 63596888 ray::WorkerDict
3791453 63584544 ray::WorkerDict
3791459 63556788 ray::WorkerDict
3791460 63516456 ray::WorkerDict
1317539 4837016 VLLM::Worker_TP
1317538 4829608 VLLM::Worker_TP
3880556 1828756 ray::AgentLoopW
3880552 1817268 ray::AgentLoopW
3880551 1740628 ray::AgentLoopW
== 2026-09-05T19:02:32+09:00
Mem:            1007         702         307         368         370         305
    PID   RSS COMMAND
3873386 87678584 VLLM::Worker
3873390 87672084 VLLM::Worker
3873387 87336104 VLLM::Worker
3873391 87288720 VLLM::Worker
3791454 63596888 ray::WorkerDict
3791453 63586848 ray::WorkerDict
3791459 63559860 ray::WorkerDict
3791460 63517992 ray::WorkerDict
1317539 4837016 VLLM::Worker_TP
1317538 4829608 VLLM::Worker_TP
3880556 1828756 ray::AgentLoopW
3880552 1817268 ray::AgentLoopW
3880551 1740628 ray::AgentLoopW
== 2026-09-05T19:02:52+09:00
Mem:            1007         702         307         368         370         305
    PID   RSS COMMAND
3873386 87677048 VLLM::Worker
3873390 87673620 VLLM::Worker
3873387 87336872 VLLM::Worker
3873391 87289488 VLLM::Worker
3791454 63596120 ray::WorkerDict
3791453 63586080 ray::WorkerDict
3791459 63560628 ray::WorkerDict
3791460 63515688 ray::WorkerDict
1317539 4837016 VLLM::Worker_TP
1317538 4829608 VLLM::Worker_TP
3880556 1828756 ray::AgentLoopW
3880552 1817268 ray::AgentLoopW
3880551 1740628 ray::AgentLoopW
== 2026-09-05T19:03:12+09:00
Mem:            1007         702         307         368         370         305
    PID   RSS COMMAND
3873386 87675512 VLLM::Worker
3873390 87673620 VLLM::Worker
3873387 87335336 VLLM::Worker
3873391 87286416 VLLM::Worker
3791454 63596120 ray::WorkerDict
3791453 63583776 ray::WorkerDict
3791459 63558324 ray::WorkerDict
3791460 63515688 ray::WorkerDict
1317539 4837016 VLLM::Worker_TP
1317538 4829608 VLLM::Worker_TP
3880556 1828756 ray::AgentLoopW
3880552 1817268 ray::AgentLoopW
3880551 1740628 ray::AgentLoopW
== 2026-09-05T19:03:32+09:00
Mem:            1007         701         307         368         370         305
    PID   RSS COMMAND
3873390 87675156 VLLM::Worker
3873386 87674744 VLLM::Worker
3873387 87336104 VLLM::Worker
3873391 87287184 VLLM::Worker
3791454 63595352 ray::WorkerDict
3791453 63584544 ray::WorkerDict
3791459 63558324 ray::WorkerDict
3791460 63516456 ray::WorkerDict
1317539 4837016 VLLM::Worker_TP
1317538 4829608 VLLM::Worker_TP
3880556 1828756 ray::AgentLoopW
3880552 1817268 ray::AgentLoopW
3880551 1740628 ray::AgentLoopW
== 2026-09-05T19:03:52+09:00
Mem:            1007         701         307         368         370         305
    PID   RSS COMMAND
3873386 87678584 VLLM::Worker
3873390 87672084 VLLM::Worker
3873387 87336104 VLLM::Worker
3873391 87287184 VLLM::Worker
3791454 63596120 ray::WorkerDict
3791453 63585312 ray::WorkerDict
3791459 63558324 ray::WorkerDict
3791460 63514920 ray::WorkerDict
1317539 4837016 VLLM::Worker_TP
1317538 4829608 VLLM::Worker_TP
3880556 1828756 ray::AgentLoopW
3880552 1817268 ray::AgentLoopW
3880551 1740628 ray::AgentLoopW
== 2026-09-05T19:04:12+09:00
Mem:            1007         702         307         368         370         305
    PID   RSS COMMAND
3873386 87675512 VLLM::Worker
3873390 87672852 VLLM::Worker
3873387 87335336 VLLM::Worker
3873391 87287184 VLLM::Worker
3791454 63595352 ray::WorkerDict
3791453 63586848 ray::WorkerDict
3791459 63556788 ray::WorkerDict
3791460 63515688 ray::WorkerDict
1317539 4837016 VLLM::Worker_TP
1317538 4829608 VLLM::Worker_TP
3880556 1828756 ray::AgentLoopW
3880552 1817268 ray::AgentLoopW
3880551 1740628 ray::AgentLoopW
== 2026-09-05T19:04:32+09:00
Mem:            1007         701         307         368         370         305
    PID   RSS COMMAND
3873386 87677048 VLLM::Worker
3873390 87671316 VLLM::Worker
3873387 87335336 VLLM::Worker
3873391 87287184 VLLM::Worker
3791454 63595352 ray::WorkerDict
3791453 63587616 ray::WorkerDict
3791459 63556020 ray::WorkerDict
3791460 63514920 ray::WorkerDict
1317539 4837016 VLLM::Worker_TP
1317538 4829608 VLLM::Worker_TP
3880556 1828756 ray::AgentLoopW
3880552 1817268 ray::AgentLoopW
3880551 1740628 ray::AgentLoopW
== 2026-09-05T19:04:52+09:00
Mem:            1007         701         307         368         370         305
    PID   RSS COMMAND
3873386 87676280 VLLM::Worker
3873390 87672852 VLLM::Worker
3873387 87333800 VLLM::Worker
3873391 87287952 VLLM::Worker
3791454 63596120 ray::WorkerDict
3791453 63588384 ray::WorkerDict
3791459 63556020 ray::WorkerDict
3791460 63515688 ray::WorkerDict
1317539 4837016 VLLM::Worker_TP
1317538 4829608 VLLM::Worker_TP
3880556 1828756 ray::AgentLoopW
3880552 1817268 ray::AgentLoopW
3880551 1740628 ray::AgentLoopW
== 2026-09-05T19:05:12+09:00
Mem:            1007         702         307         368         370         305
    PID   RSS COMMAND
3873386 87677048 VLLM::Worker
3873390 87673620 VLLM::Worker
3873387 87335336 VLLM::Worker
3873391 87286416 VLLM::Worker
3791454 63594584 ray::WorkerDict
3791453 63586080 ray::WorkerDict
3791459 63556788 ray::WorkerDict
3791460 63514920 ray::WorkerDict
1317539 4837016 VLLM::Worker_TP
1317538 4829608 VLLM::Worker_TP
3880556 1828756 ray::AgentLoopW
3880552 1817268 ray::AgentLoopW
3880551 1740628 ray::AgentLoopW
== 2026-09-05T19:05:32+09:00
Mem:            1007         702         307         368         370         305
    PID   RSS COMMAND
3873386 87675512 VLLM::Worker
3873390 87672084 VLLM::Worker
3873387 87334568 VLLM::Worker
3873391 87287184 VLLM::Worker
3791454 63596120 ray::WorkerDict
3791453 63587616 ray::WorkerDict
3791459 63558324 ray::WorkerDict
3791460 63515688 ray::WorkerDict
1317539 4837016 VLLM::Worker_TP
1317538 4829608 VLLM::Worker_TP
3880556 1828756 ray::AgentLoopW
3880552 1817268 ray::AgentLoopW
3880551 1740628 ray::AgentLoopW
== 2026-09-05T19:05:52+09:00
Mem:            1007         701         307         368         370         305
    PID   RSS COMMAND
3873386 87673976 VLLM::Worker
3873390 87669780 VLLM::Worker
3873387 87335336 VLLM::Worker
3873391 87287184 VLLM::Worker
3791454 63595352 ray::WorkerDict
3791453 63585312 ray::WorkerDict
3791459 63556788 ray::WorkerDict
3791460 63515688 ray::WorkerDict
1317539 4837016 VLLM::Worker_TP
1317538 4829608 VLLM::Worker_TP
3880556 1828756 ray::AgentLoopW
3880552 1817268 ray::AgentLoopW
3880551 1740628 ray::AgentLoopW
== 2026-09-05T19:06:12+09:00
Mem:            1007         702         307         368         370         305
    PID   RSS COMMAND
3873386 87676280 VLLM::Worker
3873390 87670548 VLLM::Worker
3873387 87338408 VLLM::Worker
3873391 87285648 VLLM::Worker
3791454 63595352 ray::WorkerDict
3791453 63586080 ray::WorkerDict
3791459 63556788 ray::WorkerDict
3791460 63517224 ray::WorkerDict
1317539 4837016 VLLM::Worker_TP
1317538 4829608 VLLM::Worker_TP
3880556 1828756 ray::AgentLoopW
3880552 1817268 ray::AgentLoopW
3880551 1740628 ray::AgentLoopW
== 2026-09-05T19:06:32+09:00
Mem:            1007         702         307         368         370         305
    PID   RSS COMMAND
3873386 87677048 VLLM::Worker
3873390 87672084 VLLM::Worker
3873387 87335336 VLLM::Worker
3873391 87283344 VLLM::Worker
3791454 63597656 ray::WorkerDict
3791453 63587616 ray::WorkerDict
3791459 63559092 ray::WorkerDict
3791460 63517992 ray::WorkerDict
1317539 4837016 VLLM::Worker_TP
1317538 4829608 VLLM::Worker_TP
3880556 1828756 ray::AgentLoopW
3880552 1817268 ray::AgentLoopW
3880551 1740628 ray::AgentLoopW
== 2026-09-05T19:06:52+09:00
Mem:            1007         702         307         368         370         305
    PID   RSS COMMAND
3873386 87675512 VLLM::Worker
3873390 87673620 VLLM::Worker
3873387 87335336 VLLM::Worker
3873391 87284112 VLLM::Worker
3791454 63596120 ray::WorkerDict
3791453 63586080 ray::WorkerDict
3791459 63558324 ray::WorkerDict
3791460 63517992 ray::WorkerDict
1317539 4837016 VLLM::Worker_TP
1317538 4829608 VLLM::Worker_TP
3880556 1828756 ray::AgentLoopW
3880552 1817268 ray::AgentLoopW
3880551 1740628 ray::AgentLoopW
== 2026-09-05T19:07:12+09:00
Mem:            1007         701         307         368         370         305
    PID   RSS COMMAND
3873386 87677816 VLLM::Worker
3873390 87672852 VLLM::Worker
3873387 87334568 VLLM::Worker
3873391 87284112 VLLM::Worker
3791454 63596120 ray::WorkerDict
3791453 63586080 ray::WorkerDict
3791459 63559092 ray::WorkerDict
3791460 63518760 ray::WorkerDict
1317539 4837016 VLLM::Worker_TP
1317538 4829608 VLLM::Worker_TP
3880556 1828756 ray::AgentLoopW
3880552 1817268 ray::AgentLoopW
3880551 1740628 ray::AgentLoopW
== 2026-09-05T19:07:32+09:00
Mem:            1007         701         307         368         370         305
    PID   RSS COMMAND
3873386 87677048 VLLM::Worker
3873390 87674388 VLLM::Worker
3873387 87335336 VLLM::Worker
3873391 87284880 VLLM::Worker
3791454 63596120 ray::WorkerDict
3791453 63587616 ray::WorkerDict
3791459 63559092 ray::WorkerDict
3791460 63518760 ray::WorkerDict
1317539 4837016 VLLM::Worker_TP
1317538 4829608 VLLM::Worker_TP
3880556 1828756 ray::AgentLoopW
3880552 1817268 ray::AgentLoopW
3880551 1740628 ray::AgentLoopW
== 2026-09-05T19:07:52+09:00
Mem:            1007         701         307         368         370         305
    PID   RSS COMMAND
3873386 87676280 VLLM::Worker
3873390 87672852 VLLM::Worker
3873387 87335336 VLLM::Worker
3873391 87285648 VLLM::Worker
3791454 63596888 ray::WorkerDict
3791453 63586080 ray::WorkerDict
3791459 63558324 ray::WorkerDict
3791460 63517992 ray::WorkerDict
1317539 4837016 VLLM::Worker_TP
1317538 4829608 VLLM::Worker_TP
3880556 1828756 ray::AgentLoopW
3880552 1817268 ray::AgentLoopW
3880551 1740628 ray::AgentLoopW
== 2026-09-05T19:08:12+09:00
Mem:            1007         701         307         368         370         305
    PID   RSS COMMAND
3873386 87674744 VLLM::Worker
3873390 87673620 VLLM::Worker
3873387 87333800 VLLM::Worker
3873391 87285648 VLLM::Worker
3791454 63597656 ray::WorkerDict
3791453 63585312 ray::WorkerDict
3791459 63558324 ray::WorkerDict
3791460 63517224 ray::WorkerDict
1317539 4837016 VLLM::Worker_TP
1317538 4829608 VLLM::Worker_TP
3880556 1828756 ray::AgentLoopW
3880552 1817268 ray::AgentLoopW
3880551 1740628 ray::AgentLoopW
== 2026-09-05T19:08:32+09:00
Mem:            1007         701         307         368         370         305
    PID   RSS COMMAND
3873386 87679352 VLLM::Worker
3873390 87676692 VLLM::Worker
3873387 87336104 VLLM::Worker
3873391 87284880 VLLM::Worker
3791454 63596888 ray::WorkerDict
3791453 63585312 ray::WorkerDict
3791459 63558324 ray::WorkerDict
3791460 63515688 ray::WorkerDict
1317539 4837016 VLLM::Worker_TP
1317538 4829608 VLLM::Worker_TP
3880556 1828756 ray::AgentLoopW
3880552 1817268 ray::AgentLoopW
3880551 1740628 ray::AgentLoopW
== 2026-09-05T19:08:52+09:00
Mem:            1007         701         307         368         370         305
    PID   RSS COMMAND
3873386 87676280 VLLM::Worker
3873390 87674388 VLLM::Worker
3873387 87338408 VLLM::Worker
3873391 87286416 VLLM::Worker
3791454 63595352 ray::WorkerDict
3791453 63586080 ray::WorkerDict
3791459 63560628 ray::WorkerDict
3791460 63515688 ray::WorkerDict
1317539 4837016 VLLM::Worker_TP
1317538 4829608 VLLM::Worker_TP
3880556 1828756 ray::AgentLoopW
3880552 1817268 ray::AgentLoopW
3880551 1740628 ray::AgentLoopW
== 2026-09-05T19:09:12+09:00
Mem:            1007         702         307         368         370         305
    PID   RSS COMMAND
3873386 87676280 VLLM::Worker
3873390 87673620 VLLM::Worker
3873387 87337640 VLLM::Worker
3873391 87287184 VLLM::Worker
3791454 63596888 ray::WorkerDict
3791453 63583776 ray::WorkerDict
3791459 63559092 ray::WorkerDict
3791460 63516456 ray::WorkerDict
1317539 4837016 VLLM::Worker_TP
1317538 4829608 VLLM::Worker_TP
3880556 1828756 ray::AgentLoopW
3880552 1817268 ray::AgentLoopW
3880551 1740628 ray::AgentLoopW
== 2026-09-05T19:09:32+09:00
Mem:            1007         701         307         368         370         305
    PID   RSS COMMAND
3873386 87677816 VLLM::Worker
3873390 87672084 VLLM::Worker
3873387 87336104 VLLM::Worker
3873391 87287184 VLLM::Worker
3791454 63595352 ray::WorkerDict
3791453 63586848 ray::WorkerDict
3791459 63559860 ray::WorkerDict
3791460 63516456 ray::WorkerDict
1317539 4837016 VLLM::Worker_TP
1317538 4829608 VLLM::Worker_TP
3880556 1828756 ray::AgentLoopW
3880552 1817268 ray::AgentLoopW
3880551 1740628 ray::AgentLoopW
== 2026-09-05T19:09:53+09:00
Mem:            1007         701         307         368         370         305
    PID   RSS COMMAND
3873386 87676280 VLLM::Worker
3873390 87672852 VLLM::Worker
3873387 87337640 VLLM::Worker
3873391 87287184 VLLM::Worker
3791454 63597656 ray::WorkerDict
3791453 63586080 ray::WorkerDict
3791459 63561396 ray::WorkerDict
3791460 63515688 ray::WorkerDict
1317539 4837016 VLLM::Worker_TP
1317538 4829608 VLLM::Worker_TP
3880556 1828756 ray::AgentLoopW
3880552 1817268 ray::AgentLoopW
3880551 1740628 ray::AgentLoopW
== 2026-09-05T19:10:13+09:00
Mem:            1007         702         307         368         370         305
    PID   RSS COMMAND
3873386 87676280 VLLM::Worker
3873390 87673620 VLLM::Worker
3873387 87337640 VLLM::Worker
3873391 87287184 VLLM::Worker
3791454 63596888 ray::WorkerDict
3791453 63585312 ray::WorkerDict
3791459 63559092 ray::WorkerDict
3791460 63516456 ray::WorkerDict
1317539 4837016 VLLM::Worker_TP
1317538 4829608 VLLM::Worker_TP
3880556 1828756 ray::AgentLoopW
3880552 1817268 ray::AgentLoopW
3880551 1740628 ray::AgentLoopW
== 2026-09-05T19:10:33+09:00
Mem:            1007         702         307         368         370         305
    PID   RSS COMMAND
3873386 87677048 VLLM::Worker
3873390 87674388 VLLM::Worker
3873387 87338408 VLLM::Worker
3873391 87289488 VLLM::Worker
3791454 63598424 ray::WorkerDict
3791453 63585312 ray::WorkerDict
3791459 63559092 ray::WorkerDict
3791460 63517224 ray::WorkerDict
1317539 4837016 VLLM::Worker_TP
1317538 4829608 VLLM::Worker_TP
3880556 1828756 ray::AgentLoopW
3880552 1817268 ray::AgentLoopW
3880551 1740628 ray::AgentLoopW
== 2026-09-05T19:10:53+09:00
Mem:            1007         702         307         368         370         305
    PID   RSS COMMAND
3873390 87675924 VLLM::Worker
3873386 87675512 VLLM::Worker
3873387 87336872 VLLM::Worker
3873391 87287184 VLLM::Worker
3791454 63599192 ray::WorkerDict
3791453 63588384 ray::WorkerDict
3791459 63560628 ray::WorkerDict
3791460 63517992 ray::WorkerDict
1317539 4837016 VLLM::Worker_TP
1317538 4829608 VLLM::Worker_TP
3880556 1828756 ray::AgentLoopW
3880552 1817268 ray::AgentLoopW
3880551 1740628 ray::AgentLoopW
== 2026-09-05T19:11:13+09:00
Mem:            1007         702         307         368         370         305
    PID   RSS COMMAND
3873386 87677816 VLLM::Worker
3873390 87671316 VLLM::Worker
3873387 87336104 VLLM::Worker
3873391 87286416 VLLM::Worker
3791454 63599192 ray::WorkerDict
3791453 63586848 ray::WorkerDict
3791459 63559092 ray::WorkerDict
3791460 63517224 ray::WorkerDict
1317539 4837016 VLLM::Worker_TP
1317538 4829608 VLLM::Worker_TP
3880556 1828756 ray::AgentLoopW
3880552 1817268 ray::AgentLoopW
3880551 1740628 ray::AgentLoopW
== 2026-09-05T19:11:33+09:00
Mem:            1007         702         307         368         370         305
    PID   RSS COMMAND
3873386 87673840 VLLM::Worker
3873390 87670412 VLLM::Worker
3873387 87334444 VLLM::Worker
3873391 87284604 VLLM::Worker
3791454 63596888 ray::WorkerDict
3791453 63586848 ray::WorkerDict
3791459 63560628 ray::WorkerDict
3791460 63518760 ray::WorkerDict
1317539 4835480 VLLM::Worker_TP
1317538 4828072 VLLM::Worker_TP
3880556 1828756 ray::AgentLoopW
3880552 1817268 ray::AgentLoopW
3880551 1740628 ray::AgentLoopW
== 2026-09-05T19:11:53+09:00
Mem:            1007         702         307         368         370         305
    PID   RSS COMMAND
3873386 87677680 VLLM::Worker
3873390 87674252 VLLM::Worker
3873387 87335980 VLLM::Worker
3873391 87284604 VLLM::Worker
3791454 63596120 ray::WorkerDict
3791453 63587616 ray::WorkerDict
3791459 63559092 ray::WorkerDict
3791460 63517992 ray::WorkerDict
1317539 4835480 VLLM::Worker_TP
1317538 4828072 VLLM::Worker_TP
3880556 1828756 ray::AgentLoopW
3880552 1817268 ray::AgentLoopW
3880551 1740628 ray::AgentLoopW
== 2026-09-05T19:12:13+09:00
Mem:            1007         702         307         368         370         305
    PID   RSS COMMAND
3873386 87677680 VLLM::Worker
3873390 87673484 VLLM::Worker
3873387 87337516 VLLM::Worker
3873391 87286908 VLLM::Worker
3791454 63596120 ray::WorkerDict
3791453 63586848 ray::WorkerDict
3791459 63559860 ray::WorkerDict
3791460 63517224 ray::WorkerDict
1317539 4835480 VLLM::Worker_TP
1317538 4828072 VLLM::Worker_TP
3880556 1828756 ray::AgentLoopW
3880552 1817268 ray::AgentLoopW
3880551 1740628 ray::AgentLoopW
== 2026-09-05T19:12:33+09:00
Mem:            1007         702         307         368         370         305
    PID   RSS COMMAND
3873390 87675020 VLLM::Worker
3873386 87674608 VLLM::Worker
3873387 87338284 VLLM::Worker
3873391 87286140 VLLM::Worker
3791454 63596120 ray::WorkerDict
3791453 63587616 ray::WorkerDict
3791459 63559860 ray::WorkerDict
3791460 63517992 ray::WorkerDict
1317539 4835480 VLLM::Worker_TP
1317538 4828072 VLLM::Worker_TP
3880556 1828756 ray::AgentLoopW
3880552 1817268 ray::AgentLoopW
3880551 1740628 ray::AgentLoopW
== 2026-09-05T19:12:53+09:00
Mem:            1007         702         307         368         370         305
    PID   RSS COMMAND
3873390 87676556 VLLM::Worker
3873386 87676144 VLLM::Worker
3873387 87336748 VLLM::Worker
3873391 87286140 VLLM::Worker
3791454 63595352 ray::WorkerDict
3791453 63587616 ray::WorkerDict
3791459 63559860 ray::WorkerDict
3791460 63516456 ray::WorkerDict
1317539 4835480 VLLM::Worker_TP
1317538 4828072 VLLM::Worker_TP
3880556 1828756 ray::AgentLoopW
3880552 1817268 ray::AgentLoopW
3880551 1740628 ray::AgentLoopW
== 2026-09-05T19:13:13+09:00
Mem:            1007         702         307         368         370         305
    PID   RSS COMMAND
3873386 87673840 VLLM::Worker
3873390 87673484 VLLM::Worker
3873387 87338284 VLLM::Worker
3873391 87286140 VLLM::Worker
3791454 63594584 ray::WorkerDict
3791453 63587616 ray::WorkerDict
3791459 63559092 ray::WorkerDict
3791460 63515688 ray::WorkerDict
1317539 4835480 VLLM::Worker_TP
1317538 4828072 VLLM::Worker_TP
3880556 1828756 ray::AgentLoopW
3880552 1817268 ray::AgentLoopW
3880551 1740628 ray::AgentLoopW
== 2026-09-05T19:13:33+09:00
Mem:            1007         702         307         368         370         305
    PID   RSS COMMAND
3873390 87675020 VLLM::Worker
3873386 87674608 VLLM::Worker
3873387 87334444 VLLM::Worker
3873391 87284604 VLLM::Worker
3791454 63595352 ray::WorkerDict
3791453 63586848 ray::WorkerDict
3791459 63559860 ray::WorkerDict
3791460 63517224 ray::WorkerDict
1317539 4835480 VLLM::Worker_TP
1317538 4828072 VLLM::Worker_TP
3880556 1828756 ray::AgentLoopW
3880552 1817268 ray::AgentLoopW
3880551 1740628 ray::AgentLoopW
== 2026-09-05T19:13:53+09:00
Mem:            1007         702         307         368         370         305
    PID   RSS COMMAND
3873386 87676912 VLLM::Worker
3873390 87676556 VLLM::Worker
3873387 87337516 VLLM::Worker
3873391 87284604 VLLM::Worker
3791454 63595352 ray::WorkerDict
3791453 63586080 ray::WorkerDict
3791459 63559092 ray::WorkerDict
3791460 63514920 ray::WorkerDict
1317539 4835480 VLLM::Worker_TP
1317538 4828072 VLLM::Worker_TP
3880556 1828756 ray::AgentLoopW
3880552 1817268 ray::AgentLoopW
3880551 1740628 ray::AgentLoopW
== 2026-09-05T19:14:13+09:00
Mem:            1007         701         307         368         370         305
    PID   RSS COMMAND
3873386 87674608 VLLM::Worker
3873390 87672716 VLLM::Worker
3873387 87336748 VLLM::Worker
3873391 87283836 VLLM::Worker
3791454 63593816 ray::WorkerDict
3791453 63586080 ray::WorkerDict
3791459 63558324 ray::WorkerDict
3791460 63514152 ray::WorkerDict
1317539 4835480 VLLM::Worker_TP
1317538 4828072 VLLM::Worker_TP
3880556 1828756 ray::AgentLoopW
3880552 1817268 ray::AgentLoopW
3880551 1740628 ray::AgentLoopW
== 2026-09-05T19:14:33+09:00
Mem:            1007         701         307         368         370         305
    PID   RSS COMMAND
3873386 87676912 VLLM::Worker
3873390 87671180 VLLM::Worker
3873387 87336748 VLLM::Worker
3873391 87284604 VLLM::Worker
3791454 63593816 ray::WorkerDict
3791453 63586848 ray::WorkerDict
3791459 63556788 ray::WorkerDict
3791460 63514152 ray::WorkerDict
1317539 4835480 VLLM::Worker_TP
1317538 4828072 VLLM::Worker_TP
3880556 1828756 ray::AgentLoopW
3880552 1817268 ray::AgentLoopW
3880551 1740628 ray::AgentLoopW
== 2026-09-05T19:14:53+09:00
Mem:            1007         701         307         368         370         305
    PID   RSS COMMAND
3873386 87676144 VLLM::Worker
3873390 87671948 VLLM::Worker
3873387 87338284 VLLM::Worker
3873391 87286140 VLLM::Worker
3791454 63593816 ray::WorkerDict
3791453 63589152 ray::WorkerDict
3791459 63556788 ray::WorkerDict
3791460 63515688 ray::WorkerDict
1317539 4835480 VLLM::Worker_TP
1317538 4828072 VLLM::Worker_TP
3880556 1828756 ray::AgentLoopW
3880552 1817268 ray::AgentLoopW
3880551 1740628 ray::AgentLoopW
== 2026-09-05T19:15:13+09:00
Mem:            1007         701         307         368         370         305
    PID   RSS COMMAND
3873386 87676912 VLLM::Worker
3873390 87669644 VLLM::Worker
3873387 87338284 VLLM::Worker
3873391 87285372 VLLM::Worker
3791454 63594584 ray::WorkerDict
3791453 63589920 ray::WorkerDict
3791459 63556788 ray::WorkerDict
3791460 63517224 ray::WorkerDict
1317539 4835480 VLLM::Worker_TP
1317538 4828072 VLLM::Worker_TP
3880556 1828756 ray::AgentLoopW
3880552 1817268 ray::AgentLoopW
3880551 1740628 ray::AgentLoopW
== 2026-09-05T19:15:33+09:00
Mem:            1007         701         307         368         370         305
    PID   RSS COMMAND
3873386 87677680 VLLM::Worker
3873390 87670412 VLLM::Worker
3873387 87335212 VLLM::Worker
3873391 87283836 VLLM::Worker
3791454 63594584 ray::WorkerDict
3791453 63589152 ray::WorkerDict
3791459 63556020 ray::WorkerDict
3791460 63517992 ray::WorkerDict
1317539 4835480 VLLM::Worker_TP
1317538 4828072 VLLM::Worker_TP
3880556 1828756 ray::AgentLoopW
3880552 1817268 ray::AgentLoopW
3880551 1740628 ray::AgentLoopW
== 2026-09-05T19:15:53+09:00
Mem:            1007         701         307         368         370         305
    PID   RSS COMMAND
3873386 87676144 VLLM::Worker
3873390 87672716 VLLM::Worker
3873387 87336748 VLLM::Worker
3873391 87285372 VLLM::Worker
3791454 63596888 ray::WorkerDict
3791453 63588384 ray::WorkerDict
3791459 63557556 ray::WorkerDict
3791460 63518760 ray::WorkerDict
1317539 4835480 VLLM::Worker_TP
1317538 4828072 VLLM::Worker_TP
3880556 1828756 ray::AgentLoopW
3880552 1817268 ray::AgentLoopW
3880551 1740628 ray::AgentLoopW
== 2026-09-05T19:16:13+09:00
Mem:            1007         702         307         368         370         305
    PID   RSS COMMAND
3873386 87676144 VLLM::Worker
3873390 87669644 VLLM::Worker
3873387 87335980 VLLM::Worker
3873391 87285372 VLLM::Worker
3791454 63596888 ray::WorkerDict
3791453 63586848 ray::WorkerDict
3791459 63556020 ray::WorkerDict
3791460 63518760 ray::WorkerDict
1317539 4835480 VLLM::Worker_TP
1317538 4828072 VLLM::Worker_TP
3880556 1828756 ray::AgentLoopW
3880552 1817268 ray::AgentLoopW
3880551 1740628 ray::AgentLoopW
== 2026-09-05T19:16:33+09:00
Mem:            1007         702         307         368         370         305
    PID   RSS COMMAND
3873386 87677680 VLLM::Worker
3873390 87674252 VLLM::Worker
3873387 87335980 VLLM::Worker
3873391 87285372 VLLM::Worker
3791454 63596120 ray::WorkerDict
3791453 63585312 ray::WorkerDict
3791459 63556020 ray::WorkerDict
3791460 63517992 ray::WorkerDict
1317539 4835480 VLLM::Worker_TP
1317538 4828072 VLLM::Worker_TP
3880556 1828756 ray::AgentLoopW
3880552 1817268 ray::AgentLoopW
3880551 1740628 ray::AgentLoopW
== 2026-09-05T19:16:53+09:00
Mem:            1007         701         307         368         370         305
    PID   RSS COMMAND
3873386 87676912 VLLM::Worker
3873390 87674252 VLLM::Worker
3873387 87334444 VLLM::Worker
3873391 87283836 VLLM::Worker
3791454 63596888 ray::WorkerDict
3791453 63584544 ray::WorkerDict
3791459 63555252 ray::WorkerDict
3791460 63517224 ray::WorkerDict
1317539 4835480 VLLM::Worker_TP
1317538 4828072 VLLM::Worker_TP
3880556 1828756 ray::AgentLoopW
3880552 1817268 ray::AgentLoopW
3880551 1740628 ray::AgentLoopW
== 2026-09-05T19:17:13+09:00
Mem:            1007         702         307         368         370         305
    PID   RSS COMMAND
3873386 87677680 VLLM::Worker
3873390 87674252 VLLM::Worker
3873387 87336748 VLLM::Worker
3873391 87283068 VLLM::Worker
3791454 63596120 ray::WorkerDict
3791453 63583008 ray::WorkerDict
3791459 63557556 ray::WorkerDict
3791460 63518760 ray::WorkerDict
1317539 4835480 VLLM::Worker_TP
1317538 4828072 VLLM::Worker_TP
3880556 1828756 ray::AgentLoopW
3880552 1817268 ray::AgentLoopW
3880551 1740628 ray::AgentLoopW
== 2026-09-05T19:17:33+09:00
Mem:            1007         702         307         368         370         305
    PID   RSS COMMAND
3873386 87677680 VLLM::Worker
3873390 87673484 VLLM::Worker
3873387 87335212 VLLM::Worker
3873391 87283068 VLLM::Worker
3791454 63595352 ray::WorkerDict
3791453 63586080 ray::WorkerDict
3791459 63556788 ray::WorkerDict
3791460 63516456 ray::WorkerDict
1317539 4835480 VLLM::Worker_TP
1317538 4828072 VLLM::Worker_TP
3880556 1828756 ray::AgentLoopW
3880552 1817268 ray::AgentLoopW
3880551 1740628 ray::AgentLoopW
== 2026-09-05T19:17:53+09:00
Mem:            1007         701         307         368         370         305
    PID   RSS COMMAND
3873386 87676144 VLLM::Worker
3873390 87675020 VLLM::Worker
3873387 87338284 VLLM::Worker
3873391 87284604 VLLM::Worker
3791454 63595352 ray::WorkerDict
3791453 63586080 ray::WorkerDict
3791459 63556788 ray::WorkerDict
3791460 63515688 ray::WorkerDict
1317539 4835480 VLLM::Worker_TP
1317538 4828072 VLLM::Worker_TP
3880556 1828756 ray::AgentLoopW
3880552 1817268 ray::AgentLoopW
3880551 1740628 ray::AgentLoopW
== 2026-09-05T19:18:13+09:00
Mem:            1007         702         307         368         370         305
    PID   RSS COMMAND
3873386 87677680 VLLM::Worker
3873390 87674252 VLLM::Worker
3873387 87337516 VLLM::Worker
3873391 87283068 VLLM::Worker
3791454 63594584 ray::WorkerDict
3791453 63586848 ray::WorkerDict
3791459 63557556 ray::WorkerDict
3791460 63517224 ray::WorkerDict
1317539 4835480 VLLM::Worker_TP
1317538 4828072 VLLM::Worker_TP
3880556 1828756 ray::AgentLoopW
3880552 1817268 ray::AgentLoopW
3880551 1740628 ray::AgentLoopW
== 2026-09-05T19:18:33+09:00
Mem:            1007         702         307         368         370         305
    PID   RSS COMMAND
3873386 87675376 VLLM::Worker
3873390 87672716 VLLM::Worker
3873387 87337516 VLLM::Worker
3873391 87286140 VLLM::Worker
3791454 63594584 ray::WorkerDict
3791453 63586080 ray::WorkerDict
3791459 63558324 ray::WorkerDict
3791460 63518760 ray::WorkerDict
1317539 4835480 VLLM::Worker_TP
1317538 4828072 VLLM::Worker_TP
3880556 1828756 ray::AgentLoopW
3880552 1817268 ray::AgentLoopW
3880551 1740628 ray::AgentLoopW
== 2026-09-05T19:18:53+09:00
Mem:            1007         702         307         368         370         305
    PID   RSS COMMAND
3873386 87676144 VLLM::Worker
3873390 87674252 VLLM::Worker
3873387 87333676 VLLM::Worker
3873391 87289980 VLLM::Worker
3791454 63593048 ray::WorkerDict
3791453 63585312 ray::WorkerDict
3791459 63556020 ray::WorkerDict
3791460 63521832 ray::WorkerDict
1317539 4835480 VLLM::Worker_TP
1317538 4828072 VLLM::Worker_TP
3880556 1828756 ray::AgentLoopW
3880552 1817268 ray::AgentLoopW
3880551 1740628 ray::AgentLoopW
== 2026-09-05T19:19:13+09:00
Mem:            1007         701         307         368         370         305
    PID   RSS COMMAND
3873386 87679984 VLLM::Worker
3873390 87675788 VLLM::Worker
3873387 87337516 VLLM::Worker
3873391 87287676 VLLM::Worker
3791454 63592280 ray::WorkerDict
3791453 63587616 ray::WorkerDict
3791459 63558324 ray::WorkerDict
3791460 63519528 ray::WorkerDict
1317539 4835480 VLLM::Worker_TP
1317538 4828072 VLLM::Worker_TP
3880556 1828756 ray::AgentLoopW
3880552 1817268 ray::AgentLoopW
3880551 1740628 ray::AgentLoopW
== 2026-09-05T19:19:33+09:00
Mem:            1007         701         307         368         370         305
    PID   RSS COMMAND
3873386 87676912 VLLM::Worker
3873390 87675020 VLLM::Worker
3873387 87338284 VLLM::Worker
3873391 87287676 VLLM::Worker
3791454 63593048 ray::WorkerDict
3791453 63586080 ray::WorkerDict
3791459 63557556 ray::WorkerDict
3791460 63519528 ray::WorkerDict
1317539 4835480 VLLM::Worker_TP
1317538 4828072 VLLM::Worker_TP
3880556 1828756 ray::AgentLoopW
3880552 1817268 ray::AgentLoopW
3880551 1740628 ray::AgentLoopW
== 2026-09-05T19:19:53+09:00
Mem:            1007         702         307         368         370         305
    PID   RSS COMMAND
3873386 87677680 VLLM::Worker
3873390 87675020 VLLM::Worker
3873387 87334444 VLLM::Worker
3873391 87287676 VLLM::Worker
3791454 63594584 ray::WorkerDict
3791453 63585312 ray::WorkerDict
3791459 63556788 ray::WorkerDict
3791460 63517992 ray::WorkerDict
1317539 4835480 VLLM::Worker_TP
1317538 4828072 VLLM::Worker_TP
3880556 1828756 ray::AgentLoopW
3880552 1817268 ray::AgentLoopW
3880551 1740628 ray::AgentLoopW
== 2026-09-05T19:20:14+09:00
Mem:            1007         702         307         368         370         305
    PID   RSS COMMAND
3873386 87677680 VLLM::Worker
3873390 87671948 VLLM::Worker
3873387 87336748 VLLM::Worker
3873391 87287676 VLLM::Worker
3791454 63594584 ray::WorkerDict
3791453 63584544 ray::WorkerDict
3791459 63557556 ray::WorkerDict
3791460 63517992 ray::WorkerDict
1317539 4835480 VLLM::Worker_TP
1317538 4828072 VLLM::Worker_TP
3880556 1828756 ray::AgentLoopW
3880552 1817268 ray::AgentLoopW
3880551 1740628 ray::AgentLoopW
== 2026-09-05T19:20:34+09:00
Mem:            1007         702         307         368         370         305
    PID   RSS COMMAND
3873386 87675376 VLLM::Worker
3873390 87673484 VLLM::Worker
3873387 87338284 VLLM::Worker
3873391 87287676 VLLM::Worker
3791454 63594584 ray::WorkerDict
3791453 63584544 ray::WorkerDict
3791459 63558324 ray::WorkerDict
3791460 63516456 ray::WorkerDict
1317539 4835480 VLLM::Worker_TP
1317538 4828072 VLLM::Worker_TP
3880556 1828756 ray::AgentLoopW
3880552 1817268 ray::AgentLoopW
3880551 1740628 ray::AgentLoopW
== 2026-09-05T19:20:54+09:00
Mem:            1007         702         307         368         370         305
    PID   RSS COMMAND
3873386 87676912 VLLM::Worker
3873390 87674252 VLLM::Worker
3873387 87335212 VLLM::Worker
3873391 87286908 VLLM::Worker
3791454 63595352 ray::WorkerDict
3791453 63584544 ray::WorkerDict
3791459 63556788 ray::WorkerDict
3791460 63514920 ray::WorkerDict
1317539 4835480 VLLM::Worker_TP
1317538 4828072 VLLM::Worker_TP
3880556 1828756 ray::AgentLoopW
3880552 1817268 ray::AgentLoopW
3880551 1740628 ray::AgentLoopW
== 2026-09-05T19:21:14+09:00
Mem:            1007         702         307         368         370         305
    PID   RSS COMMAND
3873386 87677680 VLLM::Worker
3873390 87675020 VLLM::Worker
3873387 87339052 VLLM::Worker
3873391 87286908 VLLM::Worker
3791454 63596888 ray::WorkerDict
3791453 63585312 ray::WorkerDict
3791459 63555252 ray::WorkerDict
3791460 63514152 ray::WorkerDict
1317539 4835480 VLLM::Worker_TP
1317538 4828072 VLLM::Worker_TP
3880556 1828756 ray::AgentLoopW
3880552 1817268 ray::AgentLoopW
3880551 1740628 ray::AgentLoopW
== 2026-09-05T19:21:34+09:00
Mem:            1007         701         307         368         370         305
    PID   RSS COMMAND
3873386 87678448 VLLM::Worker
3873390 87675788 VLLM::Worker
3873387 87337516 VLLM::Worker
3873391 87287676 VLLM::Worker
3791454 63596120 ray::WorkerDict
3791453 63586080 ray::WorkerDict
3791459 63558324 ray::WorkerDict
3791460 63515688 ray::WorkerDict
1317539 4835480 VLLM::Worker_TP
1317538 4828072 VLLM::Worker_TP
3880556 1828756 ray::AgentLoopW
3880552 1817268 ray::AgentLoopW
3880551 1740628 ray::AgentLoopW
== 2026-09-05T19:21:54+09:00
Mem:            1007         702         307         368         370         305
    PID   RSS COMMAND
3873386 87674608 VLLM::Worker
3873390 87673484 VLLM::Worker
3873387 87334444 VLLM::Worker
3873391 87286140 VLLM::Worker
3791454 63594584 ray::WorkerDict
3791453 63587616 ray::WorkerDict
3791459 63559860 ray::WorkerDict
3791460 63516456 ray::WorkerDict
1317539 4835480 VLLM::Worker_TP
1317538 4828072 VLLM::Worker_TP
3880556 1828756 ray::AgentLoopW
3880552 1817268 ray::AgentLoopW
3880551 1740628 ray::AgentLoopW
== 2026-09-05T19:22:14+09:00
Mem:            1007         702         307         368         370         305
    PID   RSS COMMAND
3873386 87677680 VLLM::Worker
3873390 87675020 VLLM::Worker
3873387 87335980 VLLM::Worker
3873391 87285372 VLLM::Worker
3791454 63594584 ray::WorkerDict
3791453 63586848 ray::WorkerDict
3791459 63559860 ray::WorkerDict
3791460 63516456 ray::WorkerDict
1317539 4835480 VLLM::Worker_TP
1317538 4828072 VLLM::Worker_TP
3880556 1828756 ray::AgentLoopW
3880552 1817268 ray::AgentLoopW
3880551 1740628 ray::AgentLoopW
== 2026-09-05T19:22:34+09:00
Mem:            1007         702         307         368         370         305
    PID   RSS COMMAND
3873386 87680752 VLLM::Worker
3873390 87672716 VLLM::Worker
3873387 87338284 VLLM::Worker
3873391 87286140 VLLM::Worker
3791454 63595352 ray::WorkerDict
3791453 63586848 ray::WorkerDict
3791459 63559860 ray::WorkerDict
3791460 63515688 ray::WorkerDict
1317539 4835480 VLLM::Worker_TP
1317538 4828072 VLLM::Worker_TP
3880556 1828756 ray::AgentLoopW
3880552 1817268 ray::AgentLoopW
3880551 1740628 ray::AgentLoopW
== 2026-09-05T19:22:54+09:00
Mem:            1007         702         307         368         370         305
    PID   RSS COMMAND
3873386 87677680 VLLM::Worker
3873390 87671180 VLLM::Worker
3873387 87335980 VLLM::Worker
3873391 87285372 VLLM::Worker
3791454 63596120 ray::WorkerDict
3791453 63587616 ray::WorkerDict
3791459 63559860 ray::WorkerDict
3791460 63517224 ray::WorkerDict
1317539 4835480 VLLM::Worker_TP
1317538 4828072 VLLM::Worker_TP
3880556 1828756 ray::AgentLoopW
3880552 1817268 ray::AgentLoopW
3880551 1740628 ray::AgentLoopW
== 2026-09-05T19:23:14+09:00
Mem:            1007         702         307         368         370         305
    PID   RSS COMMAND
3873386 87677680 VLLM::Worker
3873390 87676556 VLLM::Worker
3873387 87338284 VLLM::Worker
3873391 87283836 VLLM::Worker
3791454 63595352 ray::WorkerDict
3791453 63586080 ray::WorkerDict
3791459 63559092 ray::WorkerDict
3791460 63517224 ray::WorkerDict
1317539 4835480 VLLM::Worker_TP
1317538 4828072 VLLM::Worker_TP
3880556 1828756 ray::AgentLoopW
3880552 1817268 ray::AgentLoopW
3880551 1740628 ray::AgentLoopW
== 2026-09-05T19:23:34+09:00
Mem:            1007         702         307         368         370         305
    PID   RSS COMMAND
3873386 87677680 VLLM::Worker
3873390 87675020 VLLM::Worker
3873387 87339052 VLLM::Worker
3873391 87284604 VLLM::Worker
3791454 63595352 ray::WorkerDict
3791453 63583776 ray::WorkerDict
3791459 63557556 ray::WorkerDict
3791460 63516456 ray::WorkerDict
1317539 4835480 VLLM::Worker_TP
1317538 4828072 VLLM::Worker_TP
3880556 1828756 ray::AgentLoopW
3880552 1817268 ray::AgentLoopW
3880551 1740628 ray::AgentLoopW
== 2026-09-05T19:23:54+09:00
Mem:            1007         702         307         368         370         305
    PID   RSS COMMAND
3873386 87677680 VLLM::Worker
3873390 87674252 VLLM::Worker
3873387 87335212 VLLM::Worker
3873391 87285372 VLLM::Worker
3791454 63594584 ray::WorkerDict
3791453 63585312 ray::WorkerDict
3791459 63560628 ray::WorkerDict
3791460 63516456 ray::WorkerDict
1317539 4835480 VLLM::Worker_TP
1317538 4828072 VLLM::Worker_TP
3880556 1828756 ray::AgentLoopW
3880552 1817268 ray::AgentLoopW
3880551 1740628 ray::AgentLoopW
== 2026-09-05T19:24:14+09:00
Mem:            1007         702         307         368         370         305
    PID   RSS COMMAND
3873390 87675020 VLLM::Worker
3873386 87673840 VLLM::Worker
3873387 87335980 VLLM::Worker
3873391 87286140 VLLM::Worker
3791454 63593048 ray::WorkerDict
3791453 63583776 ray::WorkerDict
3791459 63559092 ray::WorkerDict
3791460 63515688 ray::WorkerDict
1317539 4835480 VLLM::Worker_TP
1317538 4828072 VLLM::Worker_TP
3880556 1828756 ray::AgentLoopW
3880552 1817268 ray::AgentLoopW
3880551 1740628 ray::AgentLoopW
== 2026-09-05T19:24:34+09:00
Mem:            1007         702         307         368         370         305
    PID   RSS COMMAND
3873386 87679216 VLLM::Worker
3873390 87673484 VLLM::Worker
3873387 87338284 VLLM::Worker
3873391 87286908 VLLM::Worker
3791454 63595352 ray::WorkerDict
3791453 63585312 ray::WorkerDict
3791459 63559092 ray::WorkerDict
3791460 63516456 ray::WorkerDict
1317539 4835480 VLLM::Worker_TP
1317538 4828072 VLLM::Worker_TP
3880556 1828756 ray::AgentLoopW
3880552 1817268 ray::AgentLoopW
3880551 1740628 ray::AgentLoopW
== 2026-09-05T19:24:54+09:00
Mem:            1007         702         307         368         370         305
    PID   RSS COMMAND
3873390 87675020 VLLM::Worker
3873386 87673840 VLLM::Worker
3873387 87335980 VLLM::Worker
3873391 87284604 VLLM::Worker
3791454 63593816 ray::WorkerDict
3791453 63585312 ray::WorkerDict
3791459 63559092 ray::WorkerDict
3791460 63517992 ray::WorkerDict
1317539 4835480 VLLM::Worker_TP
1317538 4828072 VLLM::Worker_TP
3880556 1828756 ray::AgentLoopW
3880552 1817268 ray::AgentLoopW
3880551 1740628 ray::AgentLoopW
== 2026-09-05T19:25:14+09:00
Mem:            1007         702         307         368         370         305
    PID   RSS COMMAND
3873386 87678448 VLLM::Worker
3873390 87672716 VLLM::Worker
3873387 87339052 VLLM::Worker
3873391 87285372 VLLM::Worker
3791454 63597656 ray::WorkerDict
3791453 63586080 ray::WorkerDict
3791459 63559860 ray::WorkerDict
3791460 63519528 ray::WorkerDict
1317539 4835480 VLLM::Worker_TP
1317538 4828072 VLLM::Worker_TP
3880556 1828756 ray::AgentLoopW
3880552 1817268 ray::AgentLoopW
3880551 1740628 ray::AgentLoopW
== 2026-09-05T19:25:34+09:00
Mem:            1007         702         307         368         370         305
    PID   RSS COMMAND
3873386 87676144 VLLM::Worker
3873390 87675020 VLLM::Worker
3873387 87335980 VLLM::Worker
3873391 87285372 VLLM::Worker
3791454 63597656 ray::WorkerDict
3791453 63584544 ray::WorkerDict
3791459 63560628 ray::WorkerDict
3791460 63517992 ray::WorkerDict
1317539 4835480 VLLM::Worker_TP
1317538 4828072 VLLM::Worker_TP
3880556 1828756 ray::AgentLoopW
3880552 1817268 ray::AgentLoopW
3880551 1740628 ray::AgentLoopW
== 2026-09-05T19:25:54+09:00
Mem:            1007         702         307         368         370         305
    PID   RSS COMMAND
3873390 87675788 VLLM::Worker
3873386 87675376 VLLM::Worker
3873387 87335212 VLLM::Worker
3873391 87286140 VLLM::Worker
3791454 63596120 ray::WorkerDict
3791453 63584544 ray::WorkerDict
3791459 63559092 ray::WorkerDict
3791460 63514920 ray::WorkerDict
1317539 4835480 VLLM::Worker_TP
1317538 4828072 VLLM::Worker_TP
3880556 1828756 ray::AgentLoopW
3880552 1817268 ray::AgentLoopW
3880551 1740628 ray::AgentLoopW
== 2026-09-05T19:26:14+09:00
Mem:            1007         702         307         368         370         305
    PID   RSS COMMAND
3873386 87676912 VLLM::Worker
3873390 87674252 VLLM::Worker
3873387 87335212 VLLM::Worker
3873391 87286140 VLLM::Worker
3791454 63594584 ray::WorkerDict
3791453 63583776 ray::WorkerDict
3791459 63558324 ray::WorkerDict
3791460 63517224 ray::WorkerDict
1317539 4835480 VLLM::Worker_TP
1317538 4828072 VLLM::Worker_TP
3880556 1828756 ray::AgentLoopW
3880552 1817268 ray::AgentLoopW
3880551 1740628 ray::AgentLoopW
== 2026-09-05T19:26:34+09:00
Mem:            1007         701         307         368         370         305
    PID   RSS COMMAND
3873386 87678448 VLLM::Worker
3873390 87670412 VLLM::Worker
3873387 87336748 VLLM::Worker
3873391 87286140 VLLM::Worker
3791454 63597656 ray::WorkerDict
3791453 63586848 ray::WorkerDict
3791459 63558324 ray::WorkerDict
3791460 63515688 ray::WorkerDict
1317539 4835480 VLLM::Worker_TP
1317538 4828072 VLLM::Worker_TP
3880556 1828756 ray::AgentLoopW
3880552 1817268 ray::AgentLoopW
3880551 1740628 ray::AgentLoopW
== 2026-09-05T19:26:54+09:00
Mem:            1007         701         307         368         370         305
    PID   RSS COMMAND
3873386 87679216 VLLM::Worker
3873390 87676556 VLLM::Worker
3873387 87338284 VLLM::Worker
3873391 87286908 VLLM::Worker
3791454 63597656 ray::WorkerDict
3791453 63587616 ray::WorkerDict
3791459 63559092 ray::WorkerDict
3791460 63517224 ray::WorkerDict
1317539 4835480 VLLM::Worker_TP
1317538 4828072 VLLM::Worker_TP
3880556 1828756 ray::AgentLoopW
3880552 1817268 ray::AgentLoopW
3880551 1740628 ray::AgentLoopW
== 2026-09-05T19:27:14+09:00
Mem:            1007         702         307         368         370         305
    PID   RSS COMMAND
3873386 87677680 VLLM::Worker
3873390 87675788 VLLM::Worker
3873387 87336748 VLLM::Worker
3873391 87288444 VLLM::Worker
3791454 63595352 ray::WorkerDict
3791453 63587616 ray::WorkerDict
3791459 63558324 ray::WorkerDict
3791460 63517992 ray::WorkerDict
1317539 4835480 VLLM::Worker_TP
1317538 4828072 VLLM::Worker_TP
3880556 1828756 ray::AgentLoopW
3880552 1817268 ray::AgentLoopW
3880551 1740628 ray::AgentLoopW
== 2026-09-05T19:27:34+09:00
Mem:            1007         702         307         368         370         305
    PID   RSS COMMAND
3873386 87675376 VLLM::Worker
3873390 87674252 VLLM::Worker
3873387 87334444 VLLM::Worker
3873391 87288444 VLLM::Worker
3791454 63594584 ray::WorkerDict
3791453 63587616 ray::WorkerDict
3791459 63558324 ray::WorkerDict
3791460 63516456 ray::WorkerDict
1317539 4835480 VLLM::Worker_TP
1317538 4828072 VLLM::Worker_TP
3880556 1828756 ray::AgentLoopW
3880552 1817268 ray::AgentLoopW
3880551 1740628 ray::AgentLoopW
== 2026-09-05T19:27:54+09:00
Mem:            1007         702         307         368         370         305
    PID   RSS COMMAND
3873386 87675376 VLLM::Worker
3873390 87672716 VLLM::Worker
3873387 87336748 VLLM::Worker
3873391 87286908 VLLM::Worker
3791454 63593816 ray::WorkerDict
3791453 63588384 ray::WorkerDict
3791459 63558324 ray::WorkerDict
3791460 63515688 ray::WorkerDict
1317539 4835480 VLLM::Worker_TP
1317538 4828072 VLLM::Worker_TP
3880556 1828756 ray::AgentLoopW
3880552 1817268 ray::AgentLoopW
3880551 1740628 ray::AgentLoopW
== 2026-09-05T19:28:14+09:00
Mem:            1007         702         307         368         370         305
    PID   RSS COMMAND
3873386 87675376 VLLM::Worker
3873390 87673484 VLLM::Worker
3873387 87335980 VLLM::Worker
3873391 87286908 VLLM::Worker
3791454 63593816 ray::WorkerDict
3791453 63588384 ray::WorkerDict
3791459 63559860 ray::WorkerDict
3791460 63518760 ray::WorkerDict
1317539 4835480 VLLM::Worker_TP
1317538 4828072 VLLM::Worker_TP
3880556 1828756 ray::AgentLoopW
3880552 1817268 ray::AgentLoopW
3880551 1740628 ray::AgentLoopW
== 2026-09-05T19:28:34+09:00
Mem:            1007         702         307         368         370         305
    PID   RSS COMMAND
3873386 87676144 VLLM::Worker
3873390 87671948 VLLM::Worker
3873387 87339052 VLLM::Worker
3873391 87286908 VLLM::Worker
3791454 63592280 ray::WorkerDict
3791453 63588384 ray::WorkerDict
3791459 63559860 ray::WorkerDict
3791460 63517992 ray::WorkerDict
1317539 4835480 VLLM::Worker_TP
1317538 4828072 VLLM::Worker_TP
3880556 1828756 ray::AgentLoopW
3880552 1817268 ray::AgentLoopW
3880551 1740628 ray::AgentLoopW
== 2026-09-05T19:28:54+09:00
Mem:            1007         702         307         368         370         305
    PID   RSS COMMAND
3873386 87675376 VLLM::Worker
3873390 87675020 VLLM::Worker
3873387 87335980 VLLM::Worker
3873391 87285372 VLLM::Worker
3791454 63592280 ray::WorkerDict
3791453 63589152 ray::WorkerDict
3791459 63558324 ray::WorkerDict
3791460 63517224 ray::WorkerDict
1317539 4835480 VLLM::Worker_TP
1317538 4828072 VLLM::Worker_TP
3880556 1828756 ray::AgentLoopW
3880552 1817268 ray::AgentLoopW
3880551 1740628 ray::AgentLoopW
== 2026-09-05T19:29:14+09:00
Mem:            1007         702         307         368         370         305
    PID   RSS COMMAND
3873386 87677680 VLLM::Worker
3873390 87672716 VLLM::Worker
3873387 87332908 VLLM::Worker
3873391 87286908 VLLM::Worker
3791454 63593048 ray::WorkerDict
3791453 63586080 ray::WorkerDict
3791459 63561396 ray::WorkerDict
3791460 63515688 ray::WorkerDict
1317539 4835480 VLLM::Worker_TP
1317538 4828072 VLLM::Worker_TP
3880556 1828756 ray::AgentLoopW
3880552 1817268 ray::AgentLoopW
3880551 1740628 ray::AgentLoopW
== 2026-09-05T19:29:34+09:00
Mem:            1007         702         307         368         370         305
    PID   RSS COMMAND
3873386 87675376 VLLM::Worker
3873390 87669644 VLLM::Worker
3873387 87337516 VLLM::Worker
3873391 87286140 VLLM::Worker
3791454 63594584 ray::WorkerDict
3791453 63586080 ray::WorkerDict
3791459 63559092 ray::WorkerDict
3791460 63514152 ray::WorkerDict
1317539 4835480 VLLM::Worker_TP
1317538 4828072 VLLM::Worker_TP
3880556 1828756 ray::AgentLoopW
3880552 1817268 ray::AgentLoopW
3880551 1740628 ray::AgentLoopW
== 2026-09-05T19:29:54+09:00
Mem:            1007         702         307         368         370         305
    PID   RSS COMMAND
3873386 87679216 VLLM::Worker
3873390 87671948 VLLM::Worker
3873387 87335980 VLLM::Worker
3873391 87284604 VLLM::Worker
3791454 63594584 ray::WorkerDict
3791453 63585312 ray::WorkerDict
3791459 63558324 ray::WorkerDict
3791460 63516456 ray::WorkerDict
1317539 4835480 VLLM::Worker_TP
1317538 4828072 VLLM::Worker_TP
3880556 1828756 ray::AgentLoopW
3880552 1817268 ray::AgentLoopW
3880551 1740628 ray::AgentLoopW
== 2026-09-05T19:30:14+09:00
Mem:            1007         702         307         368         370         305
    PID   RSS COMMAND
3873386 87676912 VLLM::Worker
3873390 87672716 VLLM::Worker
3873387 87337516 VLLM::Worker
3873391 87284604 VLLM::Worker
3791454 63596888 ray::WorkerDict
3791453 63584544 ray::WorkerDict
3791459 63557556 ray::WorkerDict
3791460 63515688 ray::WorkerDict
1317539 4835480 VLLM::Worker_TP
1317538 4828072 VLLM::Worker_TP
3880556 1828756 ray::AgentLoopW
3880552 1817268 ray::AgentLoopW
3880551 1740628 ray::AgentLoopW
== 2026-09-05T19:30:35+09:00
Mem:            1007         702         307         368         370         305
    PID   RSS COMMAND
3873386 87677680 VLLM::Worker
3873390 87674252 VLLM::Worker
3873387 87338284 VLLM::Worker
3873391 87286140 VLLM::Worker
3791454 63596120 ray::WorkerDict
3791453 63585312 ray::WorkerDict
3791459 63559092 ray::WorkerDict
3791460 63514920 ray::WorkerDict
1317539 4835480 VLLM::Worker_TP
1317538 4828072 VLLM::Worker_TP
3880556 1828756 ray::AgentLoopW
3880552 1817268 ray::AgentLoopW
3880551 1740628 ray::AgentLoopW
== 2026-09-05T19:30:55+09:00
Mem:            1007         702         307         368         370         305
    PID   RSS COMMAND
3873386 87676144 VLLM::Worker
3873390 87674252 VLLM::Worker
3873387 87337516 VLLM::Worker
3873391 87283836 VLLM::Worker
3791454 63597656 ray::WorkerDict
3791453 63584544 ray::WorkerDict
3791459 63557556 ray::WorkerDict
3791460 63515688 ray::WorkerDict
1317539 4835480 VLLM::Worker_TP
1317538 4828072 VLLM::Worker_TP
3880556 1828756 ray::AgentLoopW
3880552 1817268 ray::AgentLoopW
3880551 1740628 ray::AgentLoopW
== 2026-09-05T19:31:15+09:00
Mem:            1007         702         307         368         370         305
    PID   RSS COMMAND
3873386 87679216 VLLM::Worker
3873390 87675788 VLLM::Worker
3873387 87335212 VLLM::Worker
3873391 87284604 VLLM::Worker
3791454 63595352 ray::WorkerDict
3791453 63586080 ray::WorkerDict
3791459 63558324 ray::WorkerDict
3791460 63514152 ray::WorkerDict
1317539 4835480 VLLM::Worker_TP
1317538 4828072 VLLM::Worker_TP
3880556 1828756 ray::AgentLoopW
3880552 1817268 ray::AgentLoopW
3880551 1740628 ray::AgentLoopW
== 2026-09-05T19:31:35+09:00
Mem:            1007         702         307         368         370         305
    PID   RSS COMMAND
3873386 87679984 VLLM::Worker
3873390 87675788 VLLM::Worker
3873387 87335212 VLLM::Worker
3873391 87284604 VLLM::Worker
3791454 63594584 ray::WorkerDict
3791453 63585312 ray::WorkerDict
3791459 63559092 ray::WorkerDict
3791460 63513384 ray::WorkerDict
1317539 4835480 VLLM::Worker_TP
1317538 4828072 VLLM::Worker_TP
3880556 1828756 ray::AgentLoopW
3880552 1817268 ray::AgentLoopW
3880551 1740628 ray::AgentLoopW
== 2026-09-05T19:31:55+09:00
Mem:            1007         701         307         368         370         305
    PID   RSS COMMAND
3873386 87676144 VLLM::Worker
3873390 87674252 VLLM::Worker
3873387 87335980 VLLM::Worker
3873391 87283836 VLLM::Worker
3791454 63595352 ray::WorkerDict
3791453 63583008 ray::WorkerDict
3791459 63556788 ray::WorkerDict
3791460 63517224 ray::WorkerDict
1317539 4835480 VLLM::Worker_TP
1317538 4828072 VLLM::Worker_TP
3880556 1828756 ray::AgentLoopW
3880552 1817268 ray::AgentLoopW
3880551 1740628 ray::AgentLoopW
== 2026-09-05T19:32:15+09:00
Mem:            1007         702         307         368         370         305
    PID   RSS COMMAND
3873386 87674608 VLLM::Worker
3873390 87673484 VLLM::Worker
3873387 87335980 VLLM::Worker
3873391 87283068 VLLM::Worker
3791454 63595352 ray::WorkerDict
3791453 63583008 ray::WorkerDict
3791459 63558324 ray::WorkerDict
3791460 63514920 ray::WorkerDict
1317539 4834712 VLLM::Worker_TP
1317538 4828072 VLLM::Worker_TP
3880556 1828756 ray::AgentLoopW
3880552 1817268 ray::AgentLoopW
3880551 1740628 ray::AgentLoopW
== 2026-09-05T19:32:35+09:00
Mem:            1007         702         307         368         370         305
    PID   RSS COMMAND
3873386 87676912 VLLM::Worker
3873390 87674252 VLLM::Worker
3873387 87336748 VLLM::Worker
3873391 87283836 VLLM::Worker
3791454 63594584 ray::WorkerDict
3791453 63585312 ray::WorkerDict
3791459 63559860 ray::WorkerDict
3791460 63515688 ray::WorkerDict
1317539 4834712 VLLM::Worker_TP
1317538 4828072 VLLM::Worker_TP
3880556 1828756 ray::AgentLoopW
3880552 1817268 ray::AgentLoopW
3880551 1740628 ray::AgentLoopW
== 2026-09-05T19:32:55+09:00
Mem:            1007         702         307         368         370         305
    PID   RSS COMMAND
3873386 87676912 VLLM::Worker
3873390 87671948 VLLM::Worker
3873387 87335980 VLLM::Worker
3873391 87283068 VLLM::Worker
3791454 63595352 ray::WorkerDict
3791453 63583776 ray::WorkerDict
3791459 63557556 ray::WorkerDict
3791460 63514152 ray::WorkerDict
1317539 4834712 VLLM::Worker_TP
1317538 4828072 VLLM::Worker_TP
3880556 1828756 ray::AgentLoopW
3880552 1817268 ray::AgentLoopW
3880551 1740628 ray::AgentLoopW
== 2026-09-05T19:33:15+09:00
Mem:            1007         702         307         368         370         305
    PID   RSS COMMAND
3873386 87674608 VLLM::Worker
3873390 87671948 VLLM::Worker
3873387 87336748 VLLM::Worker
3873391 87284604 VLLM::Worker
3791454 63596120 ray::WorkerDict
3791453 63585312 ray::WorkerDict
3791459 63556788 ray::WorkerDict
3791460 63513384 ray::WorkerDict
1317539 4834712 VLLM::Worker_TP
1317538 4828072 VLLM::Worker_TP
3880556 1828756 ray::AgentLoopW
3880552 1817268 ray::AgentLoopW
3880551 1740628 ray::AgentLoopW
== 2026-09-05T19:33:35+09:00
Mem:            1007         702         307         368         370         305
    PID   RSS COMMAND
3873386 87678448 VLLM::Worker
3873390 87674252 VLLM::Worker
3873387 87339052 VLLM::Worker
3873391 87285372 VLLM::Worker
3791454 63597656 ray::WorkerDict
3791453 63589152 ray::WorkerDict
3791459 63559092 ray::WorkerDict
3791460 63514152 ray::WorkerDict
1317539 4834712 VLLM::Worker_TP
1317538 4828072 VLLM::Worker_TP
3880556 1828756 ray::AgentLoopW
3880552 1817268 ray::AgentLoopW
3880551 1740628 ray::AgentLoopW
== 2026-09-05T19:33:55+09:00
Mem:            1007         702         307         368         370         305
    PID   RSS COMMAND
3873390 87675788 VLLM::Worker
3873386 87675376 VLLM::Worker
3873387 87337516 VLLM::Worker
3873391 87284604 VLLM::Worker
3791454 63597656 ray::WorkerDict
3791453 63588384 ray::WorkerDict
3791459 63559092 ray::WorkerDict
3791460 63515688 ray::WorkerDict
1317539 4834712 VLLM::Worker_TP
1317538 4828072 VLLM::Worker_TP
3880556 1828756 ray::AgentLoopW
3880552 1817268 ray::AgentLoopW
3880551 1740628 ray::AgentLoopW
== 2026-09-05T19:34:15+09:00
Mem:            1007         702         307         368         370         305
    PID   RSS COMMAND
3873386 87677680 VLLM::Worker
3873390 87671948 VLLM::Worker
3873387 87335980 VLLM::Worker
3873391 87283836 VLLM::Worker
3791454 63596888 ray::WorkerDict
3791453 63589152 ray::WorkerDict
3791459 63559092 ray::WorkerDict
3791460 63517224 ray::WorkerDict
1317539 4834712 VLLM::Worker_TP
1317538 4828072 VLLM::Worker_TP
3880556 1828756 ray::AgentLoopW
3880552 1817268 ray::AgentLoopW
3880551 1740628 ray::AgentLoopW
== 2026-09-05T19:34:35+09:00
Mem:            1007         702         307         368         370         305
    PID   RSS COMMAND
3873386 87678448 VLLM::Worker
3873390 87672716 VLLM::Worker
3873387 87336748 VLLM::Worker
3873391 87286140 VLLM::Worker
3791454 63595352 ray::WorkerDict
3791453 63589152 ray::WorkerDict
3791459 63559092 ray::WorkerDict
3791460 63514152 ray::WorkerDict
1317539 4834712 VLLM::Worker_TP
1317538 4828072 VLLM::Worker_TP
3880556 1828756 ray::AgentLoopW
3880552 1817268 ray::AgentLoopW
3880551 1740628 ray::AgentLoopW
== 2026-09-05T19:34:55+09:00
Mem:            1007         702         307         368         370         305
    PID   RSS COMMAND
3873386 87680752 VLLM::Worker
3873390 87672716 VLLM::Worker
3873387 87336748 VLLM::Worker
3873391 87285372 VLLM::Worker
3791454 63594584 ray::WorkerDict
3791453 63586848 ray::WorkerDict
3791459 63556788 ray::WorkerDict
3791460 63514152 ray::WorkerDict
1317539 4834712 VLLM::Worker_TP
1317538 4828072 VLLM::Worker_TP
3880556 1828756 ray::AgentLoopW
3880552 1817268 ray::AgentLoopW
3880551 1740628 ray::AgentLoopW
== 2026-09-05T19:35:15+09:00
Mem:            1007         702         307         368         370         305
    PID   RSS COMMAND
3873386 87677680 VLLM::Worker
3873390 87672716 VLLM::Worker
3873387 87338284 VLLM::Worker
3873391 87285372 VLLM::Worker
3791454 63596120 ray::WorkerDict
3791453 63587616 ray::WorkerDict
3791459 63557556 ray::WorkerDict
3791460 63515688 ray::WorkerDict
1317539 4834712 VLLM::Worker_TP
1317538 4828072 VLLM::Worker_TP
3880556 1828756 ray::AgentLoopW
3880552 1817268 ray::AgentLoopW
3880551 1740628 ray::AgentLoopW
== 2026-09-05T19:35:35+09:00
Mem:            1007         701         307         368         370         305
    PID   RSS COMMAND
3873386 87679216 VLLM::Worker
3873390 87670412 VLLM::Worker
3873387 87337516 VLLM::Worker
3873391 87285372 VLLM::Worker
3791454 63596120 ray::WorkerDict
3791453 63585312 ray::WorkerDict
3791459 63556788 ray::WorkerDict
3791460 63517224 ray::WorkerDict
1317539 4834712 VLLM::Worker_TP
1317538 4828072 VLLM::Worker_TP
3880556 1828756 ray::AgentLoopW
3880552 1817268 ray::AgentLoopW
3880551 1740628 ray::AgentLoopW
== 2026-09-05T19:35:55+09:00
Mem:            1007         702         307         368         370         305
    PID   RSS COMMAND
3873386 87678448 VLLM::Worker
3873390 87674252 VLLM::Worker
3873387 87337516 VLLM::Worker
3873391 87284604 VLLM::Worker
3791454 63596120 ray::WorkerDict
3791453 63588384 ray::WorkerDict
3791459 63555252 ray::WorkerDict
3791460 63516456 ray::WorkerDict
1317539 4834712 VLLM::Worker_TP
1317538 4828072 VLLM::Worker_TP
3880556 1828756 ray::AgentLoopW
3880552 1817268 ray::AgentLoopW
3880551 1740628 ray::AgentLoopW
== 2026-09-05T19:36:15+09:00
Mem:            1007         702         307         368         370         305
    PID   RSS COMMAND
3873386 87678448 VLLM::Worker
3873390 87671180 VLLM::Worker
3873387 87335980 VLLM::Worker
3873391 87285372 VLLM::Worker
3791454 63595352 ray::WorkerDict
3791453 63587616 ray::WorkerDict
3791459 63559092 ray::WorkerDict
3791460 63517224 ray::WorkerDict
1317539 4834712 VLLM::Worker_TP
1317538 4828072 VLLM::Worker_TP
3880556 1828756 ray::AgentLoopW
3880552 1817268 ray::AgentLoopW
3880551 1740628 ray::AgentLoopW
== 2026-09-05T19:36:35+09:00
Mem:            1007         702         307         368         370         305
    PID   RSS COMMAND
3873386 87680752 VLLM::Worker
3873390 87671948 VLLM::Worker
3873387 87335980 VLLM::Worker
3873391 87286140 VLLM::Worker
3791454 63596888 ray::WorkerDict
3791453 63587616 ray::WorkerDict
3791459 63558324 ray::WorkerDict
3791460 63516456 ray::WorkerDict
1317539 4834712 VLLM::Worker_TP
1317538 4828072 VLLM::Worker_TP
3880556 1828756 ray::AgentLoopW
3880552 1817268 ray::AgentLoopW
3880551 1740628 ray::AgentLoopW
== 2026-09-05T19:36:55+09:00
Mem:            1007         702         307         368         370         305
    PID   RSS COMMAND
3873386 87676912 VLLM::Worker
3873390 87672716 VLLM::Worker
3873387 87338284 VLLM::Worker
3873391 87286140 VLLM::Worker
3791454 63596120 ray::WorkerDict
3791453 63587616 ray::WorkerDict
3791459 63559860 ray::WorkerDict
3791460 63516456 ray::WorkerDict
1317539 4834712 VLLM::Worker_TP
1317538 4828072 VLLM::Worker_TP
3880556 1828756 ray::AgentLoopW
3880552 1817268 ray::AgentLoopW
3880551 1740628 ray::AgentLoopW
== 2026-09-05T19:37:15+09:00
Mem:            1007         702         307         368         370         305
    PID   RSS COMMAND
3873386 87679984 VLLM::Worker
3873390 87669644 VLLM::Worker
3873387 87337516 VLLM::Worker
3873391 87286140 VLLM::Worker
3791454 63595352 ray::WorkerDict
3791453 63588384 ray::WorkerDict
3791459 63558324 ray::WorkerDict
3791460 63516456 ray::WorkerDict
1317539 4834712 VLLM::Worker_TP
1317538 4828072 VLLM::Worker_TP
3880556 1828756 ray::AgentLoopW
3880552 1817268 ray::AgentLoopW
3880551 1740628 ray::AgentLoopW
== 2026-09-05T19:37:35+09:00
Mem:            1007         702         307         368         370         305
    PID   RSS COMMAND
3873386 87677680 VLLM::Worker
3873390 87672716 VLLM::Worker
3873387 87335212 VLLM::Worker
3873391 87285372 VLLM::Worker
3791454 63594584 ray::WorkerDict
3791453 63587616 ray::WorkerDict
3791459 63556788 ray::WorkerDict
3791460 63517992 ray::WorkerDict
1317539 4834712 VLLM::Worker_TP
1317538 4828072 VLLM::Worker_TP
3880556 1828756 ray::AgentLoopW
3880552 1817268 ray::AgentLoopW
3880551 1740628 ray::AgentLoopW
== 2026-09-05T19:37:55+09:00
Mem:            1007         702         307         368         370         305
    PID   RSS COMMAND
3873386 87676912 VLLM::Worker
3873390 87673484 VLLM::Worker
3873387 87336748 VLLM::Worker
3873391 87283836 VLLM::Worker
3791454 63593048 ray::WorkerDict
3791453 63586848 ray::WorkerDict
3791459 63558324 ray::WorkerDict
3791460 63517992 ray::WorkerDict
1317539 4834712 VLLM::Worker_TP
1317538 4828072 VLLM::Worker_TP
3880556 1828756 ray::AgentLoopW
3880552 1817268 ray::AgentLoopW
3880551 1740628 ray::AgentLoopW
== 2026-09-05T19:38:15+09:00
Mem:            1007         702         307         368         370         305
    PID   RSS COMMAND
3873386 87679216 VLLM::Worker
3873390 87673484 VLLM::Worker
3873387 87337516 VLLM::Worker
3873391 87283836 VLLM::Worker
3791454 63593048 ray::WorkerDict
3791453 63589920 ray::WorkerDict
3791459 63559860 ray::WorkerDict
3791460 63518760 ray::WorkerDict
1317539 4834712 VLLM::Worker_TP
1317538 4828072 VLLM::Worker_TP
3880556 1828756 ray::AgentLoopW
3880552 1817268 ray::AgentLoopW
3880551 1740628 ray::AgentLoopW
== 2026-09-05T19:38:35+09:00
Mem:            1007         702         307         368         370         305
    PID   RSS COMMAND
3873386 87678448 VLLM::Worker
3873390 87676556 VLLM::Worker
3873387 87339052 VLLM::Worker
3873391 87282300 VLLM::Worker
3791454 63594584 ray::WorkerDict
3791453 63589152 ray::WorkerDict
3791459 63560628 ray::WorkerDict
3791460 63518760 ray::WorkerDict
1317539 4834712 VLLM::Worker_TP
1317538 4828072 VLLM::Worker_TP
3880556 1828756 ray::AgentLoopW
3880552 1817268 ray::AgentLoopW
3880551 1740628 ray::AgentLoopW
== 2026-09-05T19:38:55+09:00
Mem:            1007         702         307         368         370         305
    PID   RSS COMMAND
3873386 87678448 VLLM::Worker
3873390 87673484 VLLM::Worker
3873387 87335212 VLLM::Worker
3873391 87283068 VLLM::Worker
3791454 63594584 ray::WorkerDict
3791453 63589920 ray::WorkerDict
3791459 63559092 ray::WorkerDict
3791460 63518760 ray::WorkerDict
1317539 4834712 VLLM::Worker_TP
1317538 4828072 VLLM::Worker_TP
3880556 1828756 ray::AgentLoopW
3880552 1817268 ray::AgentLoopW
3880551 1740628 ray::AgentLoopW
== 2026-09-05T19:39:15+09:00
Mem:            1007         702         307         368         370         305
    PID   RSS COMMAND
3873386 87678448 VLLM::Worker
3873390 87675020 VLLM::Worker
3873387 87335212 VLLM::Worker
3873391 87283836 VLLM::Worker
3791454 63594584 ray::WorkerDict
3791453 63587616 ray::WorkerDict
3791459 63557556 ray::WorkerDict
3791460 63516456 ray::WorkerDict
1317539 4834712 VLLM::Worker_TP
1317538 4828072 VLLM::Worker_TP
3880556 1828756 ray::AgentLoopW
3880552 1817268 ray::AgentLoopW
3880551 1740628 ray::AgentLoopW
== 2026-09-05T19:39:35+09:00
Mem:            1007         702         307         368         370         305
    PID   RSS COMMAND
3873386 87675376 VLLM::Worker
3873390 87670412 VLLM::Worker
3873387 87337516 VLLM::Worker
3873391 87285372 VLLM::Worker
3791454 63596120 ray::WorkerDict
3791453 63589152 ray::WorkerDict
3791459 63558324 ray::WorkerDict
3791460 63518760 ray::WorkerDict
1317539 4834712 VLLM::Worker_TP
1317538 4828072 VLLM::Worker_TP
3880556 1828756 ray::AgentLoopW
3880552 1817268 ray::AgentLoopW
3880551 1740628 ray::AgentLoopW
== 2026-09-05T19:39:55+09:00
Mem:            1007         701         307         368         370         305
    PID   RSS COMMAND
3873386 87677680 VLLM::Worker
3873390 87672716 VLLM::Worker
3873387 87338284 VLLM::Worker
3873391 87284604 VLLM::Worker
3791454 63595352 ray::WorkerDict
3791453 63587616 ray::WorkerDict
3791459 63558324 ray::WorkerDict
3791460 63517224 ray::WorkerDict
1317539 4833944 VLLM::Worker_TP
1317538 4827304 VLLM::Worker_TP
3880556 1828756 ray::AgentLoopW
3880552 1817268 ray::AgentLoopW
3880551 1740628 ray::AgentLoopW
== 2026-09-05T19:40:15+09:00
Mem:            1007         702         307         368         370         305
    PID   RSS COMMAND
3873386 87676912 VLLM::Worker
3873390 87671948 VLLM::Worker
3873387 87334444 VLLM::Worker
3873391 87286140 VLLM::Worker
3791454 63596888 ray::WorkerDict
3791453 63588384 ray::WorkerDict
3791459 63561396 ray::WorkerDict
3791460 63517224 ray::WorkerDict
1317539 4833944 VLLM::Worker_TP
1317538 4828072 VLLM::Worker_TP
3880556 1828756 ray::AgentLoopW
3880552 1817268 ray::AgentLoopW
3880551 1740628 ray::AgentLoopW
== 2026-09-05T19:40:36+09:00
Mem:            1007         702         307         368         370         305
    PID   RSS COMMAND
3873386 87676144 VLLM::Worker
3873390 87671948 VLLM::Worker
3873387 87338284 VLLM::Worker
3873391 87286908 VLLM::Worker
3791454 63594584 ray::WorkerDict
3791453 63588384 ray::WorkerDict
3791459 63560628 ray::WorkerDict
3791460 63517224 ray::WorkerDict
1317539 4833944 VLLM::Worker_TP
1317538 4828072 VLLM::Worker_TP
3880556 1828756 ray::AgentLoopW
3880552 1817268 ray::AgentLoopW
3880551 1740628 ray::AgentLoopW
== 2026-09-05T19:40:56+09:00
Mem:            1007         702         307         368         370         305
    PID   RSS COMMAND
3873386 87676912 VLLM::Worker
3873390 87675020 VLLM::Worker
3873387 87335212 VLLM::Worker
3873391 87285372 VLLM::Worker
3791454 63595352 ray::WorkerDict
3791453 63585312 ray::WorkerDict
3791459 63559860 ray::WorkerDict
3791460 63516456 ray::WorkerDict
1317539 4833944 VLLM::Worker_TP
1317538 4828072 VLLM::Worker_TP
3880556 1828756 ray::AgentLoopW
3880552 1817268 ray::AgentLoopW
3880551 1740628 ray::AgentLoopW
== 2026-09-05T19:41:16+09:00
Mem:            1007         702         307         368         370         305
    PID   RSS COMMAND
3873386 87675376 VLLM::Worker
3873390 87672716 VLLM::Worker
3873387 87335212 VLLM::Worker
3873391 87286140 VLLM::Worker
3791454 63595352 ray::WorkerDict
3791453 63587616 ray::WorkerDict
3791459 63558324 ray::WorkerDict
3791460 63517224 ray::WorkerDict
1317539 4833944 VLLM::Worker_TP
1317538 4828072 VLLM::Worker_TP
3880556 1828756 ray::AgentLoopW
3880552 1817268 ray::AgentLoopW
3880551 1740628 ray::AgentLoopW
== 2026-09-05T19:41:36+09:00
Mem:            1007         702         307         368         370         305
    PID   RSS COMMAND
3873386 87676912 VLLM::Worker
3873390 87675788 VLLM::Worker
3873387 87336748 VLLM::Worker
3873391 87285372 VLLM::Worker
3791454 63595352 ray::WorkerDict
3791453 63588384 ray::WorkerDict
3791459 63557556 ray::WorkerDict
3791460 63516456 ray::WorkerDict
1317539 4833944 VLLM::Worker_TP
1317538 4828072 VLLM::Worker_TP
3880556 1828756 ray::AgentLoopW
3880552 1817268 ray::AgentLoopW
3880551 1740628 ray::AgentLoopW
== 2026-09-05T19:41:56+09:00
Mem:            1007         702         307         368         370         305
    PID   RSS COMMAND
3873386 87676912 VLLM::Worker
3873390 87675020 VLLM::Worker
3873387 87336748 VLLM::Worker
3873391 87283836 VLLM::Worker
3791454 63593816 ray::WorkerDict
3791453 63587616 ray::WorkerDict
3791459 63558324 ray::WorkerDict
3791460 63518760 ray::WorkerDict
1317539 4833944 VLLM::Worker_TP
1317538 4828072 VLLM::Worker_TP
3880556 1828756 ray::AgentLoopW
3880552 1817268 ray::AgentLoopW
3880551 1740628 ray::AgentLoopW
== 2026-09-05T19:42:16+09:00
Mem:            1007         702         307         368         370         305
    PID   RSS COMMAND
3873386 87676912 VLLM::Worker
3873390 87673484 VLLM::Worker
3873387 87337516 VLLM::Worker
3873391 87283836 VLLM::Worker
3791454 63597656 ray::WorkerDict
3791453 63586848 ray::WorkerDict
3791459 63557556 ray::WorkerDict
3791460 63517224 ray::WorkerDict
1317539 4833944 VLLM::Worker_TP
1317538 4828072 VLLM::Worker_TP
3880556 1828756 ray::AgentLoopW
3880552 1817268 ray::AgentLoopW
3880551 1740628 ray::AgentLoopW
== 2026-09-05T19:42:36+09:00
Mem:            1007         702         307         368         370         305
    PID   RSS COMMAND
3873386 87676144 VLLM::Worker
3873390 87675020 VLLM::Worker
3873387 87335980 VLLM::Worker
3873391 87283836 VLLM::Worker
3791454 63597656 ray::WorkerDict
3791453 63587616 ray::WorkerDict
3791459 63558324 ray::WorkerDict
3791460 63517992 ray::WorkerDict
1317539 4833944 VLLM::Worker_TP
1317538 4828072 VLLM::Worker_TP
3880556 1828756 ray::AgentLoopW
3880552 1817268 ray::AgentLoopW
3880551 1740628 ray::AgentLoopW
== 2026-09-05T19:42:56+09:00
Mem:            1007         702         307         368         370         305
    PID   RSS COMMAND
3873386 87676144 VLLM::Worker
3873390 87671948 VLLM::Worker
3873387 87335212 VLLM::Worker
3873391 87284604 VLLM::Worker
3791454 63596888 ray::WorkerDict
3791453 63586080 ray::WorkerDict
3791459 63557556 ray::WorkerDict
3791460 63517992 ray::WorkerDict
1317539 4833944 VLLM::Worker_TP
1317538 4828072 VLLM::Worker_TP
3880556 1828756 ray::AgentLoopW
3880552 1817268 ray::AgentLoopW
3880551 1740628 ray::AgentLoopW
== 2026-09-05T19:43:16+09:00
Mem:            1007         702         307         368         370         305
    PID   RSS COMMAND
3873386 87676144 VLLM::Worker
3873390 87673484 VLLM::Worker
3873387 87335980 VLLM::Worker
3873391 87284604 VLLM::Worker
3791454 63596120 ray::WorkerDict
3791453 63589152 ray::WorkerDict
3791459 63559860 ray::WorkerDict
3791460 63516456 ray::WorkerDict
1317539 4833944 VLLM::Worker_TP
1317538 4828072 VLLM::Worker_TP
3880556 1828756 ray::AgentLoopW
3880552 1817268 ray::AgentLoopW
3880551 1740628 ray::AgentLoopW
== 2026-09-05T19:43:36+09:00
Mem:            1007         702         307         368         370         305
    PID   RSS COMMAND
3873386 87677680 VLLM::Worker
3873390 87674252 VLLM::Worker
3873387 87335212 VLLM::Worker
3873391 87283068 VLLM::Worker
3791454 63597656 ray::WorkerDict
3791453 63587616 ray::WorkerDict
3791459 63559092 ray::WorkerDict
3791460 63516456 ray::WorkerDict
1317539 4833944 VLLM::Worker_TP
1317538 4828072 VLLM::Worker_TP
3880556 1828756 ray::AgentLoopW
3880552 1817268 ray::AgentLoopW
3880551 1740628 ray::AgentLoopW
== 2026-09-05T19:43:56+09:00
Mem:            1007         702         307         368         370         305
    PID   RSS COMMAND
3873386 87678448 VLLM::Worker
3873390 87675020 VLLM::Worker
3873387 87335212 VLLM::Worker
3873391 87282300 VLLM::Worker
3791454 63595352 ray::WorkerDict
3791453 63588384 ray::WorkerDict
3791459 63559092 ray::WorkerDict
3791460 63516456 ray::WorkerDict
1317539 4833944 VLLM::Worker_TP
1317538 4828072 VLLM::Worker_TP
3880556 1828756 ray::AgentLoopW
3880552 1817268 ray::AgentLoopW
3880551 1740628 ray::AgentLoopW
== 2026-09-05T19:44:16+09:00
Mem:            1007         702         307         368         370         305
    PID   RSS COMMAND
3873386 87677680 VLLM::Worker
3873390 87674252 VLLM::Worker
3873387 87337516 VLLM::Worker
3873391 87282300 VLLM::Worker
3791454 63596120 ray::WorkerDict
3791453 63587616 ray::WorkerDict
3791459 63559092 ray::WorkerDict
3791460 63516456 ray::WorkerDict
1317539 4833944 VLLM::Worker_TP
1317538 4828072 VLLM::Worker_TP
3880556 1828756 ray::AgentLoopW
3880552 1817268 ray::AgentLoopW
3880551 1740628 ray::AgentLoopW
== 2026-09-05T19:44:36+09:00
Mem:            1007         702         307         368         370         305
    PID   RSS COMMAND
3873386 87677680 VLLM::Worker
3873390 87671948 VLLM::Worker
3873387 87339052 VLLM::Worker
3873391 87283068 VLLM::Worker
3791454 63595352 ray::WorkerDict
3791453 63586848 ray::WorkerDict
3791459 63559860 ray::WorkerDict
3791460 63515688 ray::WorkerDict
1317539 4833944 VLLM::Worker_TP
1317538 4828072 VLLM::Worker_TP
3880556 1828756 ray::AgentLoopW
3880552 1817268 ray::AgentLoopW
3880551 1740628 ray::AgentLoopW
== 2026-09-05T19:44:56+09:00
Mem:            1007         702         307         368         370         305
    PID   RSS COMMAND
3873386 87676912 VLLM::Worker
3873390 87674252 VLLM::Worker
3873387 87338284 VLLM::Worker
3873391 87285372 VLLM::Worker
3791454 63593816 ray::WorkerDict
3791453 63586848 ray::WorkerDict
3791459 63558324 ray::WorkerDict
3791460 63516456 ray::WorkerDict
1317539 4833944 VLLM::Worker_TP
1317538 4828072 VLLM::Worker_TP
3880556 1828756 ray::AgentLoopW
3880552 1817268 ray::AgentLoopW
3880551 1740628 ray::AgentLoopW
== 2026-09-05T19:45:16+09:00
Mem:            1007         702         307         368         370         305
    PID   RSS COMMAND
3873390 87675788 VLLM::Worker
3873386 87675376 VLLM::Worker
3873387 87336748 VLLM::Worker
3873391 87284604 VLLM::Worker
3791454 63595352 ray::WorkerDict
3791453 63585312 ray::WorkerDict
3791459 63558324 ray::WorkerDict
3791460 63517992 ray::WorkerDict
1317539 4833944 VLLM::Worker_TP
1317538 4827028 VLLM::Worker_TP
3880556 1828756 ray::AgentLoopW
3880552 1817268 ray::AgentLoopW
3880551 1740628 ray::AgentLoopW
== 2026-09-05T19:45:36+09:00
Mem:            1007         702         307         368         370         305
    PID   RSS COMMAND
3873386 87676144 VLLM::Worker
3873390 87675020 VLLM::Worker
3873387 87333676 VLLM::Worker
3873391 87283068 VLLM::Worker
3791454 63594584 ray::WorkerDict
3791453 63589152 ray::WorkerDict
3791459 63558324 ray::WorkerDict
3791460 63516456 ray::WorkerDict
1317539 4833944 VLLM::Worker_TP
1317538 4827028 VLLM::Worker_TP
3880556 1828756 ray::AgentLoopW
3880552 1817268 ray::AgentLoopW
3880551 1740628 ray::AgentLoopW
== 2026-09-05T19:45:56+09:00
Mem:            1007         702         307         368         370         305
    PID   RSS COMMAND
3873386 87676912 VLLM::Worker
3873390 87675020 VLLM::Worker
3873387 87338284 VLLM::Worker
3873391 87283836 VLLM::Worker
3791454 63596120 ray::WorkerDict
3791453 63587616 ray::WorkerDict
3791459 63556788 ray::WorkerDict
3791460 63517224 ray::WorkerDict
1317539 4833944 VLLM::Worker_TP
1317538 4827028 VLLM::Worker_TP
3880556 1828756 ray::AgentLoopW
3880552 1817268 ray::AgentLoopW
3880551 1740628 ray::AgentLoopW
== 2026-09-05T19:46:16+09:00
Mem:            1007         702         307         368         370         305
    PID   RSS COMMAND
3873386 87676912 VLLM::Worker
3873390 87673484 VLLM::Worker
3873387 87339052 VLLM::Worker
3873391 87286140 VLLM::Worker
3791454 63597656 ray::WorkerDict
3791453 63586848 ray::WorkerDict
3791459 63556020 ray::WorkerDict
3791460 63517224 ray::WorkerDict
1317539 4833944 VLLM::Worker_TP
1317538 4827028 VLLM::Worker_TP
3880556 1828756 ray::AgentLoopW
3880552 1817268 ray::AgentLoopW
3880551 1740628 ray::AgentLoopW
== 2026-09-05T19:46:36+09:00
Mem:            1007         702         307         368         370         305
    PID   RSS COMMAND
3873386 87676912 VLLM::Worker
3873390 87674252 VLLM::Worker
3873387 87338284 VLLM::Worker
3873391 87285372 VLLM::Worker
3791454 63596888 ray::WorkerDict
3791453 63586848 ray::WorkerDict
3791459 63556788 ray::WorkerDict
3791460 63515688 ray::WorkerDict
1317539 4833944 VLLM::Worker_TP
1317538 4827028 VLLM::Worker_TP
3880556 1828756 ray::AgentLoopW
3880552 1817268 ray::AgentLoopW
3880551 1740628 ray::AgentLoopW
== 2026-09-05T19:46:56+09:00
Mem:            1007         702         307         368         370         305
    PID   RSS COMMAND
3873386 87678448 VLLM::Worker
3873390 87672716 VLLM::Worker
3873387 87337516 VLLM::Worker
3873391 87284604 VLLM::Worker
3791454 63596120 ray::WorkerDict
3791453 63586080 ray::WorkerDict
3791459 63556788 ray::WorkerDict
3791460 63515688 ray::WorkerDict
1317539 4833944 VLLM::Worker_TP
1317538 4827028 VLLM::Worker_TP
3880556 1828756 ray::AgentLoopW
3880552 1817268 ray::AgentLoopW
3880551 1740628 ray::AgentLoopW
== 2026-09-05T19:47:16+09:00
Mem:            1007         702         307         368         370         305
    PID   RSS COMMAND
3873386 87677680 VLLM::Worker
3873390 87675020 VLLM::Worker
3873387 87335212 VLLM::Worker
3873391 87286140 VLLM::Worker
3791454 63595352 ray::WorkerDict
3791453 63586848 ray::WorkerDict
3791459 63559092 ray::WorkerDict
3791460 63516456 ray::WorkerDict
1317539 4833944 VLLM::Worker_TP
1317538 4827028 VLLM::Worker_TP
3880556 1828756 ray::AgentLoopW
3880552 1817268 ray::AgentLoopW
3880551 1740628 ray::AgentLoopW
== 2026-09-05T19:47:36+09:00
Mem:            1007         702         307         368         370         305
    PID   RSS COMMAND
3873386 87677680 VLLM::Worker
3873390 87671948 VLLM::Worker
3873387 87335980 VLLM::Worker
3873391 87285372 VLLM::Worker
3791454 63596120 ray::WorkerDict
3791453 63588384 ray::WorkerDict
3791459 63559860 ray::WorkerDict
3791460 63516456 ray::WorkerDict
1317539 4833944 VLLM::Worker_TP
1317538 4827028 VLLM::Worker_TP
3880556 1828756 ray::AgentLoopW
3880552 1817268 ray::AgentLoopW
3880551 1740628 ray::AgentLoopW
== 2026-09-05T19:47:56+09:00
Mem:            1007         702         307         368         370         305
    PID   RSS COMMAND
3873386 87678448 VLLM::Worker
3873390 87674252 VLLM::Worker
3873387 87335980 VLLM::Worker
3873391 87285372 VLLM::Worker
3791454 63597656 ray::WorkerDict
3791453 63589152 ray::WorkerDict
3791459 63558324 ray::WorkerDict
3791460 63514920 ray::WorkerDict
1317539 4833944 VLLM::Worker_TP
1317538 4827028 VLLM::Worker_TP
3880556 1828756 ray::AgentLoopW
3880552 1817268 ray::AgentLoopW
3880551 1740628 ray::AgentLoopW
== 2026-09-05T19:48:16+09:00
Mem:            1007         702         307         368         370         305
    PID   RSS COMMAND
3873386 87677680 VLLM::Worker
3873390 87670412 VLLM::Worker
3873387 87335980 VLLM::Worker
3873391 87285372 VLLM::Worker
3791454 63597656 ray::WorkerDict
3791453 63588384 ray::WorkerDict
3791459 63559092 ray::WorkerDict
3791460 63514920 ray::WorkerDict
1317539 4833944 VLLM::Worker_TP
1317538 4827028 VLLM::Worker_TP
3880556 1828756 ray::AgentLoopW
3880552 1817268 ray::AgentLoopW
3880551 1740628 ray::AgentLoopW
== 2026-09-05T19:48:36+09:00
Mem:            1007         702         307         368         370         305
    PID   RSS COMMAND
3873386 87677680 VLLM::Worker
3873390 87670412 VLLM::Worker
3873387 87335212 VLLM::Worker
3873391 87284604 VLLM::Worker
3791454 63596888 ray::WorkerDict
3791453 63587616 ray::WorkerDict
3791459 63560628 ray::WorkerDict
3791460 63517224 ray::WorkerDict
1317539 4832408 VLLM::Worker_TP
1317538 4824724 VLLM::Worker_TP
3880556 1828756 ray::AgentLoopW
3880552 1817268 ray::AgentLoopW
3880551 1740628 ray::AgentLoopW
== 2026-09-05T19:48:56+09:00
Mem:            1007         702         307         368         370         305
    PID   RSS COMMAND
3873386 87678448 VLLM::Worker
3873390 87675020 VLLM::Worker
3873387 87339052 VLLM::Worker
3873391 87285372 VLLM::Worker
3791454 63594584 ray::WorkerDict
3791453 63586848 ray::WorkerDict
3791459 63559860 ray::WorkerDict
3791460 63515688 ray::WorkerDict
1317539 4832408 VLLM::Worker_TP
1317538 4824724 VLLM::Worker_TP
3880556 1828756 ray::AgentLoopW
3880552 1817268 ray::AgentLoopW
3880551 1740628 ray::AgentLoopW
== 2026-09-05T19:49:16+09:00
Mem:            1007         702         307         368         370         305
    PID   RSS COMMAND
3873386 87676912 VLLM::Worker
3873390 87674252 VLLM::Worker
3873387 87337516 VLLM::Worker
3873391 87285372 VLLM::Worker
3791454 63594584 ray::WorkerDict
3791453 63586080 ray::WorkerDict
3791459 63557556 ray::WorkerDict
3791460 63516456 ray::WorkerDict
1317539 4832408 VLLM::Worker_TP
1317538 4824724 VLLM::Worker_TP
3880556 1828756 ray::AgentLoopW
3880552 1817268 ray::AgentLoopW
3880551 1740628 ray::AgentLoopW
== 2026-09-05T19:49:36+09:00
Mem:            1007         702         307         368         370         305
    PID   RSS COMMAND
3873386 87678448 VLLM::Worker
3873390 87675020 VLLM::Worker
3873387 87340588 VLLM::Worker
3873391 87286140 VLLM::Worker
3791454 63595352 ray::WorkerDict
3791453 63587616 ray::WorkerDict
3791459 63558324 ray::WorkerDict
3791460 63516456 ray::WorkerDict
1317539 4830772 VLLM::Worker_TP
1317538 4823892 VLLM::Worker_TP
3880556 1828756 ray::AgentLoopW
3880552 1817268 ray::AgentLoopW
3880551 1740628 ray::AgentLoopW
== 2026-09-05T19:49:56+09:00
Mem:            1007         702         307         368         370         305
    PID   RSS COMMAND
3873386 87678448 VLLM::Worker
3873390 87674252 VLLM::Worker
3873387 87337516 VLLM::Worker
3873391 87286908 VLLM::Worker
3791454 63597656 ray::WorkerDict
3791453 63589152 ray::WorkerDict
3791459 63557556 ray::WorkerDict
3791460 63516456 ray::WorkerDict
1317539 4830772 VLLM::Worker_TP
1317538 4823892 VLLM::Worker_TP
3880556 1828756 ray::AgentLoopW
3880552 1817268 ray::AgentLoopW
3880551 1740628 ray::AgentLoopW
== 2026-09-05T19:50:16+09:00
Mem:            1007         702         307         368         370         305
    PID   RSS COMMAND
3873386 87678448 VLLM::Worker
3873390 87673484 VLLM::Worker
3873387 87338284 VLLM::Worker
3873391 87287676 VLLM::Worker
3791454 63596888 ray::WorkerDict
3791453 63587616 ray::WorkerDict
3791459 63557556 ray::WorkerDict
3791460 63517224 ray::WorkerDict
1317539 4830772 VLLM::Worker_TP
1317538 4823892 VLLM::Worker_TP
3880556 1828756 ray::AgentLoopW
3880552 1817268 ray::AgentLoopW
3880551 1740628 ray::AgentLoopW
== 2026-09-05T19:50:36+09:00
Mem:            1007         702         307         368         370         305
    PID   RSS COMMAND
3873390 87675788 VLLM::Worker
3873386 87674608 VLLM::Worker
3873387 87336748 VLLM::Worker
3873391 87288444 VLLM::Worker
3791454 63595352 ray::WorkerDict
3791453 63586080 ray::WorkerDict
3791459 63556788 ray::WorkerDict
3791460 63515688 ray::WorkerDict
1317539 4830772 VLLM::Worker_TP
1317538 4823892 VLLM::Worker_TP
3880556 1828756 ray::AgentLoopW
3880552 1817268 ray::AgentLoopW
3880551 1740628 ray::AgentLoopW
== 2026-09-05T19:50:57+09:00
Mem:            1007         702         307         368         370         305
    PID   RSS COMMAND
3873386 87677680 VLLM::Worker
3873390 87676556 VLLM::Worker
3873387 87336748 VLLM::Worker
3873391 87288444 VLLM::Worker
3791454 63593816 ray::WorkerDict
3791453 63587616 ray::WorkerDict
3791459 63556020 ray::WorkerDict
3791460 63515688 ray::WorkerDict
1317539 4830772 VLLM::Worker_TP
1317538 4823892 VLLM::Worker_TP
3880556 1828756 ray::AgentLoopW
3880552 1817268 ray::AgentLoopW
3880551 1740628 ray::AgentLoopW
== 2026-09-05T19:51:17+09:00
Mem:            1007         702         307         368         370         305
    PID   RSS COMMAND
3873386 87679216 VLLM::Worker
3873390 87674252 VLLM::Worker
3873387 87335212 VLLM::Worker
3873391 87286908 VLLM::Worker
3791454 63593816 ray::WorkerDict
3791453 63586080 ray::WorkerDict
3791459 63554484 ray::WorkerDict
3791460 63515688 ray::WorkerDict
1317539 4830772 VLLM::Worker_TP
1317538 4823892 VLLM::Worker_TP
3880556 1828756 ray::AgentLoopW
3880552 1817268 ray::AgentLoopW
3880551 1740628 ray::AgentLoopW
== 2026-09-05T19:51:37+09:00
Mem:            1007         702         307         368         370         305
    PID   RSS COMMAND
3873386 87676140 VLLM::Worker
3873390 87675020 VLLM::Worker
3873387 87335212 VLLM::Worker
3873391 87287676 VLLM::Worker
3791454 63594276 ray::WorkerDict
3791453 63586252 ray::WorkerDict
3791459 63551828 ray::WorkerDict
3791460 63514516 ray::WorkerDict
1317539 4830004 VLLM::Worker_TP
1317538 4822352 VLLM::Worker_TP
3880556 1828756 ray::AgentLoopW
3880552 1817268 ray::AgentLoopW
3880551 1740628 ray::AgentLoopW
== 2026-09-05T19:51:57+09:00
Mem:            1007         702         307         368         370         305
    PID   RSS COMMAND
3873386 87676908 VLLM::Worker
3873390 87674252 VLLM::Worker
3873387 87335980 VLLM::Worker
3873391 87286140 VLLM::Worker
3791454 63595044 ray::WorkerDict
3791453 63586252 ray::WorkerDict
3791459 63554900 ray::WorkerDict
3791460 63515284 ray::WorkerDict
1317539 4830004 VLLM::Worker_TP
1317538 4822352 VLLM::Worker_TP
3880556 1828756 ray::AgentLoopW
3880552 1817268 ray::AgentLoopW
3880551 1740628 ray::AgentLoopW
== 2026-09-05T19:52:17+09:00
Mem:            1007         702         307         368         370         305
    PID   RSS COMMAND
3873386 87676140 VLLM::Worker
3873390 87675020 VLLM::Worker
3873387 87336748 VLLM::Worker
3873391 87285372 VLLM::Worker
3791454 63595044 ray::WorkerDict
3791453 63588556 ray::WorkerDict
3791459 63557204 ray::WorkerDict
3791460 63514516 ray::WorkerDict
1317539 4830004 VLLM::Worker_TP
1317538 4822352 VLLM::Worker_TP
3880556 1828756 ray::AgentLoopW
3880552 1817268 ray::AgentLoopW
3880551 1740628 ray::AgentLoopW
== 2026-09-05T19:52:37+09:00
Mem:            1007         702         307         368         370         305
    PID   RSS COMMAND
3873386 87676908 VLLM::Worker
3873390 87671948 VLLM::Worker
3873387 87333676 VLLM::Worker
3873391 87284604 VLLM::Worker
3791454 63596580 ray::WorkerDict
3791453 63587788 ray::WorkerDict
3791459 63557972 ray::WorkerDict
3791460 63515284 ray::WorkerDict
1317539 4830004 VLLM::Worker_TP
1317538 4822352 VLLM::Worker_TP
3880556 1828756 ray::AgentLoopW
3880552 1817268 ray::AgentLoopW
3880551 1740628 ray::AgentLoopW
== 2026-09-05T19:52:57+09:00
Mem:            1007         702         307         368         370         305
    PID   RSS COMMAND
3873386 87677676 VLLM::Worker
3873390 87672716 VLLM::Worker
3873387 87332908 VLLM::Worker
3873391 87285372 VLLM::Worker
3791454 63598116 ray::WorkerDict
3791453 63587020 ray::WorkerDict
3791459 63556436 ray::WorkerDict
3791460 63515284 ray::WorkerDict
1317539 4830004 VLLM::Worker_TP
1317538 4822352 VLLM::Worker_TP
3880556 1828756 ray::AgentLoopW
3880552 1817268 ray::AgentLoopW
3880551 1740628 ray::AgentLoopW
== 2026-09-05T19:53:17+09:00
Mem:            1007         702         307         368         370         305
    PID   RSS COMMAND
3873386 87676140 VLLM::Worker
3873390 87669644 VLLM::Worker
3873387 87334444 VLLM::Worker
3873391 87284604 VLLM::Worker
3791454 63595044 ray::WorkerDict
3791453 63586252 ray::WorkerDict
3791459 63558740 ray::WorkerDict
3791460 63517588 ray::WorkerDict
1317539 4830004 VLLM::Worker_TP
1317538 4822352 VLLM::Worker_TP
3880556 1828756 ray::AgentLoopW
3880552 1817268 ray::AgentLoopW
3880551 1740628 ray::AgentLoopW
== 2026-09-05T19:53:37+09:00
Mem:            1007         702         307         368         370         305
    PID   RSS COMMAND
3873386 87676908 VLLM::Worker
3873390 87670412 VLLM::Worker
3873387 87334444 VLLM::Worker
3873391 87283068 VLLM::Worker
3791454 63595044 ray::WorkerDict
3791453 63585484 ray::WorkerDict
3791459 63559508 ray::WorkerDict
3791460 63517588 ray::WorkerDict
1317539 4830004 VLLM::Worker_TP
1317538 4822352 VLLM::Worker_TP
3880556 1828756 ray::AgentLoopW
3880552 1817268 ray::AgentLoopW
3880551 1740628 ray::AgentLoopW
== 2026-09-05T19:53:57+09:00
Mem:            1007         702         307         368         370         305
    PID   RSS COMMAND
3873386 87676908 VLLM::Worker
3873390 87670412 VLLM::Worker
3873387 87334444 VLLM::Worker
3873391 87283836 VLLM::Worker
3791454 63598116 ray::WorkerDict
3791453 63587020 ray::WorkerDict
3791459 63557204 ray::WorkerDict
3791460 63519892 ray::WorkerDict
1317539 4830004 VLLM::Worker_TP
1317538 4822352 VLLM::Worker_TP
3880556 1828756 ray::AgentLoopW
3880552 1817268 ray::AgentLoopW
3880551 1740628 ray::AgentLoopW
== 2026-09-05T19:54:17+09:00
Mem:            1007         702         307         368         370         305
    PID   RSS COMMAND
3873386 87678444 VLLM::Worker
3873390 87672716 VLLM::Worker
3873387 87333676 VLLM::Worker
3873391 87282300 VLLM::Worker
3791454 63598116 ray::WorkerDict
3791453 63586252 ray::WorkerDict
3791459 63555668 ray::WorkerDict
3791460 63517588 ray::WorkerDict
1317539 4830004 VLLM::Worker_TP
1317538 4822352 VLLM::Worker_TP
3880556 1828756 ray::AgentLoopW
3880552 1817268 ray::AgentLoopW
3880551 1740628 ray::AgentLoopW
== 2026-09-05T19:54:37+09:00
Mem:            1007         702         307         368         370         305
    PID   RSS COMMAND
3873386 87673836 VLLM::Worker
3873390 87671948 VLLM::Worker
3873387 87334444 VLLM::Worker
3873391 87283068 VLLM::Worker
3791454 63595044 ray::WorkerDict
3791453 63585484 ray::WorkerDict
3791459 63557204 ray::WorkerDict
3791460 63516820 ray::WorkerDict
1317539 4830004 VLLM::Worker_TP
1317538 4822352 VLLM::Worker_TP
3880556 1828756 ray::AgentLoopW
3880552 1817268 ray::AgentLoopW
3880551 1740628 ray::AgentLoopW
== 2026-09-05T19:54:57+09:00
Mem:            1007         702         307         368         370         305
    PID   RSS COMMAND
3873386 87676908 VLLM::Worker
3873390 87673484 VLLM::Worker
3873387 87334444 VLLM::Worker
3873391 87282300 VLLM::Worker
3791454 63595044 ray::WorkerDict
3791453 63587020 ray::WorkerDict
3791459 63558740 ray::WorkerDict
3791460 63516052 ray::WorkerDict
1317539 4830004 VLLM::Worker_TP
1317538 4822352 VLLM::Worker_TP
3880556 1828756 ray::AgentLoopW
3880552 1817268 ray::AgentLoopW
3880551 1740628 ray::AgentLoopW
== 2026-09-05T19:55:17+09:00
Mem:            1007         702         307         368         370         305
    PID   RSS COMMAND
3873386 87676908 VLLM::Worker
3873390 87672716 VLLM::Worker
3873387 87332908 VLLM::Worker
3873391 87283068 VLLM::Worker
3791454 63595812 ray::WorkerDict
3791453 63587788 ray::WorkerDict
3791459 63557204 ray::WorkerDict
3791460 63515284 ray::WorkerDict
1317539 4830004 VLLM::Worker_TP
1317538 4822352 VLLM::Worker_TP
3880556 1828756 ray::AgentLoopW
3880552 1817268 ray::AgentLoopW
3880551 1740628 ray::AgentLoopW
== 2026-09-05T19:55:37+09:00
Mem:            1007         702         307         368         370         305
    PID   RSS COMMAND
3873386 87677676 VLLM::Worker
3873390 87671948 VLLM::Worker
3873387 87336748 VLLM::Worker
3873391 87282300 VLLM::Worker
3791454 63595044 ray::WorkerDict
3791453 63587020 ray::WorkerDict
3791459 63557972 ray::WorkerDict
3791460 63516052 ray::WorkerDict
1317539 4830004 VLLM::Worker_TP
1317538 4822352 VLLM::Worker_TP
3880556 1828756 ray::AgentLoopW
3880552 1817268 ray::AgentLoopW
3880551 1740628 ray::AgentLoopW
== 2026-09-05T19:55:57+09:00
Mem:            1007         702         307         368         370         305
    PID   RSS COMMAND
3873386 87676908 VLLM::Worker
3873390 87671180 VLLM::Worker
3873387 87335212 VLLM::Worker
3873391 87283068 VLLM::Worker
3791454 63592740 ray::WorkerDict
3791453 63586252 ray::WorkerDict
3791459 63557204 ray::WorkerDict
3791460 63517588 ray::WorkerDict
1317539 4830004 VLLM::Worker_TP
1317538 4822352 VLLM::Worker_TP
3880556 1828756 ray::AgentLoopW
3880552 1817268 ray::AgentLoopW
3880551 1740628 ray::AgentLoopW
== 2026-09-05T19:56:17+09:00
Mem:            1007         702         307         368         370         305
    PID   RSS COMMAND
3873386 87675372 VLLM::Worker
3873390 87674252 VLLM::Worker
3873387 87335212 VLLM::Worker
3873391 87283836 VLLM::Worker
3791454 63595812 ray::WorkerDict
3791453 63586252 ray::WorkerDict
3791459 63554132 ray::WorkerDict
3791460 63515284 ray::WorkerDict
1317539 4830004 VLLM::Worker_TP
1317538 4822352 VLLM::Worker_TP
3880556 1828756 ray::AgentLoopW
3880552 1817268 ray::AgentLoopW
3880551 1740628 ray::AgentLoopW
== 2026-09-05T19:56:37+09:00
Mem:            1007         702         307         368         370         305
    PID   RSS COMMAND
3873386 87677676 VLLM::Worker
3873390 87671948 VLLM::Worker
3873387 87332908 VLLM::Worker
3873391 87285372 VLLM::Worker
3791454 63597348 ray::WorkerDict
3791453 63587020 ray::WorkerDict
3791459 63556436 ray::WorkerDict
3791460 63515284 ray::WorkerDict
1317539 4830004 VLLM::Worker_TP
1317538 4822352 VLLM::Worker_TP
3880556 1828756 ray::AgentLoopW
3880552 1817268 ray::AgentLoopW
3880551 1740628 ray::AgentLoopW
== 2026-09-05T19:56:57+09:00
Mem:            1007         702         307         368         370         305
    PID   RSS COMMAND
3873386 87675372 VLLM::Worker
3873390 87673484 VLLM::Worker
3873387 87332140 VLLM::Worker
3873391 87286140 VLLM::Worker
3791454 63597348 ray::WorkerDict
3791453 63585484 ray::WorkerDict
3791459 63556436 ray::WorkerDict
3791460 63515284 ray::WorkerDict
1317539 4830004 VLLM::Worker_TP
1317538 4822352 VLLM::Worker_TP
3880556 1828756 ray::AgentLoopW
3880552 1817268 ray::AgentLoopW
3880551 1740628 ray::AgentLoopW
== 2026-09-05T19:57:17+09:00
Mem:            1007         702         307         368         370         305
    PID   RSS COMMAND
3873386 87680748 VLLM::Worker
3873390 87673484 VLLM::Worker
3873387 87334444 VLLM::Worker
3873391 87286908 VLLM::Worker
3791454 63598884 ray::WorkerDict
3791453 63587788 ray::WorkerDict
3791459 63556436 ray::WorkerDict
3791460 63517588 ray::WorkerDict
1317539 4830004 VLLM::Worker_TP
1317538 4822352 VLLM::Worker_TP
3880556 1828756 ray::AgentLoopW
3880552 1817268 ray::AgentLoopW
3880551 1740628 ray::AgentLoopW
== 2026-09-05T19:57:37+09:00
Mem:            1007         702         307         368         370         305
    PID   RSS COMMAND
3873386 87679212 VLLM::Worker
3873390 87673484 VLLM::Worker
3873387 87336748 VLLM::Worker
3873391 87286908 VLLM::Worker
3791454 63596580 ray::WorkerDict
3791453 63588556 ray::WorkerDict
3791459 63558740 ray::WorkerDict
3791460 63516820 ray::WorkerDict
1317539 4830004 VLLM::Worker_TP
1317538 4822352 VLLM::Worker_TP
3880556 1828756 ray::AgentLoopW
3880552 1817268 ray::AgentLoopW
3880551 1740628 ray::AgentLoopW
== 2026-09-05T19:57:57+09:00
Mem:            1007         702         307         368         370         305
    PID   RSS COMMAND
3873386 87676140 VLLM::Worker
3873390 87673484 VLLM::Worker
3873387 87336748 VLLM::Worker
3873391 87285372 VLLM::Worker
3791454 63595812 ray::WorkerDict
3791453 63587020 ray::WorkerDict
3791459 63558740 ray::WorkerDict
3791460 63514516 ray::WorkerDict
1317539 4830004 VLLM::Worker_TP
1317538 4822352 VLLM::Worker_TP
3880556 1828756 ray::AgentLoopW
3880552 1817268 ray::AgentLoopW
3880551 1740628 ray::AgentLoopW
== 2026-09-05T19:58:17+09:00
Mem:            1007         702         307         368         370         305
    PID   RSS COMMAND
3873386 87677676 VLLM::Worker
3873390 87672716 VLLM::Worker
3873387 87335212 VLLM::Worker
3873391 87284604 VLLM::Worker
3791454 63594276 ray::WorkerDict
3791453 63585484 ray::WorkerDict
3791459 63558740 ray::WorkerDict
3791460 63517588 ray::WorkerDict
1317539 4827524 VLLM::Worker_TP
1317538 4819212 VLLM::Worker_TP
3880556 1828756 ray::AgentLoopW
3880552 1817268 ray::AgentLoopW
3880551 1740628 ray::AgentLoopW
== 2026-09-05T19:58:37+09:00
Mem:            1007         702         307         368         370         305
    PID   RSS COMMAND
3873386 87678444 VLLM::Worker
3873390 87671948 VLLM::Worker
3873387 87334444 VLLM::Worker
3873391 87284604 VLLM::Worker
3791454 63595044 ray::WorkerDict
3791453 63584716 ray::WorkerDict
3791459 63560276 ray::WorkerDict
3791460 63516052 ray::WorkerDict
1317539 4827524 VLLM::Worker_TP
1317538 4819212 VLLM::Worker_TP
3880556 1828756 ray::AgentLoopW
3880552 1817268 ray::AgentLoopW
3880551 1740628 ray::AgentLoopW
== 2026-09-05T19:58:57+09:00
Mem:            1007         702         307         368         370         305
    PID   RSS COMMAND
3873386 87676140 VLLM::Worker
3873390 87675788 VLLM::Worker
3873387 87339052 VLLM::Worker
3873391 87283836 VLLM::Worker
3791454 63594276 ray::WorkerDict
3791453 63586252 ray::WorkerDict
3791459 63557972 ray::WorkerDict
3791460 63517588 ray::WorkerDict
1317539 4827524 VLLM::Worker_TP
1317538 4819212 VLLM::Worker_TP
3880556 1828756 ray::AgentLoopW
3880552 1817268 ray::AgentLoopW
3880551 1740628 ray::AgentLoopW
== 2026-09-05T19:59:17+09:00
Mem:            1007         702         307         368         370         305
    PID   RSS COMMAND
3873386 87675372 VLLM::Worker
3873390 87675020 VLLM::Worker
3873387 87336748 VLLM::Worker
3873391 87283068 VLLM::Worker
3791454 63593508 ray::WorkerDict
3791453 63583948 ray::WorkerDict
3791459 63559508 ray::WorkerDict
3791460 63515284 ray::WorkerDict
1317539 4827524 VLLM::Worker_TP
1317538 4819212 VLLM::Worker_TP
3880556 1828756 ray::AgentLoopW
3880552 1817268 ray::AgentLoopW
3880551 1740628 ray::AgentLoopW
== 2026-09-05T19:59:37+09:00
Mem:            1007         702         307         368         370         305
    PID   RSS COMMAND
3873386 87676908 VLLM::Worker
3873390 87670412 VLLM::Worker
3873387 87335980 VLLM::Worker
3873391 87284604 VLLM::Worker
3791454 63595044 ray::WorkerDict
3791453 63587020 ray::WorkerDict
3791459 63559508 ray::WorkerDict
3791460 63515284 ray::WorkerDict
1317539 4827524 VLLM::Worker_TP
1317538 4819212 VLLM::Worker_TP
3880556 1828756 ray::AgentLoopW
3880552 1817268 ray::AgentLoopW
3880551 1740628 ray::AgentLoopW
== 2026-09-05T19:59:57+09:00
Mem:            1007         702         307         368         370         305
    PID   RSS COMMAND
3873386 87677676 VLLM::Worker
3873390 87671948 VLLM::Worker
3873387 87333676 VLLM::Worker
3873391 87285372 VLLM::Worker
3791454 63596580 ray::WorkerDict
3791453 63587020 ray::WorkerDict
3791459 63558740 ray::WorkerDict
3791460 63516052 ray::WorkerDict
1317539 4827524 VLLM::Worker_TP
1317538 4819212 VLLM::Worker_TP
3880556 1828756 ray::AgentLoopW
3880552 1817268 ray::AgentLoopW
3880551 1740628 ray::AgentLoopW
== 2026-09-05T20:00:17+09:00
Mem:            1007         702         307         368         370         305
    PID   RSS COMMAND
3873386 87676908 VLLM::Worker
3873390 87671180 VLLM::Worker
3873387 87335212 VLLM::Worker
3873391 87284604 VLLM::Worker
3791454 63597348 ray::WorkerDict
3791453 63587788 ray::WorkerDict
3791459 63559508 ray::WorkerDict
3791460 63518356 ray::WorkerDict
1317539 4827524 VLLM::Worker_TP
1317538 4819980 VLLM::Worker_TP
3880556 1828756 ray::AgentLoopW
3880552 1817268 ray::AgentLoopW
3880551 1740628 ray::AgentLoopW
== 2026-09-05T20:00:37+09:00
Mem:            1007         702         307         368         370         305
    PID   RSS COMMAND
3873386 87676908 VLLM::Worker
3873390 87672716 VLLM::Worker
3873387 87337516 VLLM::Worker
3873391 87284604 VLLM::Worker
3791454 63598116 ray::WorkerDict
3791453 63587788 ray::WorkerDict
3791459 63559508 ray::WorkerDict
3791460 63521428 ray::WorkerDict
1317539 4827524 VLLM::Worker_TP
1317538 4819980 VLLM::Worker_TP
3880556 1828756 ray::AgentLoopW
3880552 1817268 ray::AgentLoopW
3880551 1740628 ray::AgentLoopW
== 2026-09-05T20:00:57+09:00
Mem:            1007         702         307         368         370         305
    PID   RSS COMMAND
3873386 87676140 VLLM::Worker
3873390 87674252 VLLM::Worker
3873387 87333676 VLLM::Worker
3873391 87283068 VLLM::Worker
3791454 63595812 ray::WorkerDict
3791453 63587020 ray::WorkerDict
3791459 63559508 ray::WorkerDict
3791460 63519892 ray::WorkerDict
1317539 4827524 VLLM::Worker_TP
1317538 4819980 VLLM::Worker_TP
3880556 1828756 ray::AgentLoopW
3880552 1817268 ray::AgentLoopW
3880551 1740628 ray::AgentLoopW
== 2026-09-05T20:01:17+09:00
Mem:            1007         702         307         368         370         305
    PID   RSS COMMAND
3873386 87679212 VLLM::Worker
3873390 87675020 VLLM::Worker
3873387 87334444 VLLM::Worker
3873391 87285372 VLLM::Worker
3791454 63596580 ray::WorkerDict
3791453 63587788 ray::WorkerDict
3791459 63557204 ray::WorkerDict
3791460 63517588 ray::WorkerDict
1317539 4827524 VLLM::Worker_TP
1317538 4819980 VLLM::Worker_TP
3880556 1828756 ray::AgentLoopW
3880552 1817268 ray::AgentLoopW
3880551 1740628 ray::AgentLoopW
== 2026-09-05T20:01:38+09:00
Mem:            1007         702         307         368         370         305
    PID   RSS COMMAND
3873386 87676140 VLLM::Worker
3873390 87675788 VLLM::Worker
3873387 87335212 VLLM::Worker
3873391 87284604 VLLM::Worker
3791454 63595044 ray::WorkerDict
3791453 63587020 ray::WorkerDict
3791459 63555668 ray::WorkerDict
3791460 63516820 ray::WorkerDict
1317539 4827524 VLLM::Worker_TP
1317538 4819980 VLLM::Worker_TP
3880556 1828756 ray::AgentLoopW
3880552 1817268 ray::AgentLoopW
3880551 1740628 ray::AgentLoopW
== 2026-09-05T20:01:58+09:00
Mem:            1007         702         307         368         370         305
    PID   RSS COMMAND
3873386 87675372 VLLM::Worker
3873390 87670412 VLLM::Worker
3873387 87335980 VLLM::Worker
3873391 87284604 VLLM::Worker
3791454 63593508 ray::WorkerDict
3791453 63584716 ray::WorkerDict
3791459 63557204 ray::WorkerDict
3791460 63515284 ray::WorkerDict
1317539 4827524 VLLM::Worker_TP
1317538 4819980 VLLM::Worker_TP
3880556 1828756 ray::AgentLoopW
3880552 1817268 ray::AgentLoopW
3880551 1740628 ray::AgentLoopW
== 2026-09-05T20:02:18+09:00
Mem:            1007         702         307         368         370         305
    PID   RSS COMMAND
3873386 87678444 VLLM::Worker
3873390 87675020 VLLM::Worker
3873387 87335980 VLLM::Worker
3873391 87285372 VLLM::Worker
3791454 63594276 ray::WorkerDict
3791453 63586252 ray::WorkerDict
3791459 63557204 ray::WorkerDict
3791460 63515284 ray::WorkerDict
1317539 4827524 VLLM::Worker_TP
1317538 4819980 VLLM::Worker_TP
3880556 1828756 ray::AgentLoopW
3880552 1817268 ray::AgentLoopW
3880551 1740628 ray::AgentLoopW
== 2026-09-05T20:02:38+09:00
Mem:            1007         702         307         368         370         305
    PID   RSS COMMAND
3873386 87678444 VLLM::Worker
3873390 87675020 VLLM::Worker
3873387 87336748 VLLM::Worker
3873391 87284604 VLLM::Worker
3791454 63595044 ray::WorkerDict
3791453 63585484 ray::WorkerDict
3791459 63554900 ray::WorkerDict
3791460 63515284 ray::WorkerDict
1317539 4827524 VLLM::Worker_TP
1317538 4819980 VLLM::Worker_TP
3880556 1828756 ray::AgentLoopW
3880552 1817268 ray::AgentLoopW
3880551 1740628 ray::AgentLoopW
== 2026-09-05T20:02:58+09:00
Mem:            1007         702         307         368         370         305
    PID   RSS COMMAND
3873386 87676908 VLLM::Worker
3873390 87671948 VLLM::Worker
3873387 87335212 VLLM::Worker
3873391 87285372 VLLM::Worker
3791454 63595044 ray::WorkerDict
3791453 63587788 ray::WorkerDict
3791459 63556436 ray::WorkerDict
3791460 63514516 ray::WorkerDict
1317539 4827524 VLLM::Worker_TP
1317538 4819980 VLLM::Worker_TP
3880556 1828756 ray::AgentLoopW
3880552 1817268 ray::AgentLoopW
3880551 1740628 ray::AgentLoopW
== 2026-09-05T20:03:18+09:00
Mem:            1007         702         307         368         370         305
    PID   RSS COMMAND
3873386 87674604 VLLM::Worker
3873390 87673484 VLLM::Worker
3873387 87336748 VLLM::Worker
3873391 87285372 VLLM::Worker
3791454 63595044 ray::WorkerDict
3791453 63586252 ray::WorkerDict
3791459 63554900 ray::WorkerDict
3791460 63515284 ray::WorkerDict
1317539 4827524 VLLM::Worker_TP
1317538 4819980 VLLM::Worker_TP
3880556 1828756 ray::AgentLoopW
3880552 1817268 ray::AgentLoopW
3880551 1740628 ray::AgentLoopW
== 2026-09-05T20:03:38+09:00
Mem:            1007         702         307         368         370         305
    PID   RSS COMMAND
3873386 87675372 VLLM::Worker
3873390 87671180 VLLM::Worker
3873387 87338284 VLLM::Worker
3873391 87284604 VLLM::Worker
3791454 63592740 ray::WorkerDict
3791453 63586252 ray::WorkerDict
3791459 63557972 ray::WorkerDict
3791460 63516052 ray::WorkerDict
1317539 4827524 VLLM::Worker_TP
1317538 4819980 VLLM::Worker_TP
3880556 1828756 ray::AgentLoopW
3880552 1817268 ray::AgentLoopW
3880551 1740628 ray::AgentLoopW
== 2026-09-05T20:03:58+09:00
Mem:            1007         702         307         368         370         305
    PID   RSS COMMAND
3873386 87678444 VLLM::Worker
3873390 87671180 VLLM::Worker
3873387 87335980 VLLM::Worker
3873391 87283836 VLLM::Worker
3791454 63595044 ray::WorkerDict
3791453 63587788 ray::WorkerDict
3791459 63558740 ray::WorkerDict
3791460 63516052 ray::WorkerDict
1317539 4827524 VLLM::Worker_TP
1317538 4819980 VLLM::Worker_TP
3880556 1828756 ray::AgentLoopW
3880552 1817268 ray::AgentLoopW
3880551 1740628 ray::AgentLoopW
== 2026-09-05T20:04:18+09:00
Mem:            1007         702         307         368         370         305
    PID   RSS COMMAND
3873386 87676140 VLLM::Worker
3873390 87671948 VLLM::Worker
3873387 87334444 VLLM::Worker
3873391 87284604 VLLM::Worker
3791454 63595812 ray::WorkerDict
3791453 63587788 ray::WorkerDict
3791459 63560276 ray::WorkerDict
3791460 63514516 ray::WorkerDict
1317539 4827524 VLLM::Worker_TP
1317538 4819980 VLLM::Worker_TP
3880556 1828756 ray::AgentLoopW
3880552 1817268 ray::AgentLoopW
3880551 1740628 ray::AgentLoopW
== 2026-09-05T20:04:38+09:00
Mem:            1007         702         307         368         370         305
    PID   RSS COMMAND
3873386 87674604 VLLM::Worker
3873390 87671180 VLLM::Worker
3873387 87335212 VLLM::Worker
3873391 87284604 VLLM::Worker
3791454 63596580 ray::WorkerDict
3791453 63587788 ray::WorkerDict
3791459 63558740 ray::WorkerDict
3791460 63516820 ray::WorkerDict
1317539 4825220 VLLM::Worker_TP
1317538 4816908 VLLM::Worker_TP
3880556 1828756 ray::AgentLoopW
3880552 1817268 ray::AgentLoopW
3880551 1740628 ray::AgentLoopW
== 2026-09-05T20:04:58+09:00
Mem:            1007         702         307         368         370         305
    PID   RSS COMMAND
3873386 87675372 VLLM::Worker
3873390 87671948 VLLM::Worker
3873387 87334444 VLLM::Worker
3873391 87283836 VLLM::Worker
3791454 63598116 ray::WorkerDict
3791453 63587020 ray::WorkerDict
3791459 63557972 ray::WorkerDict
3791460 63516052 ray::WorkerDict
1317539 4825220 VLLM::Worker_TP
1317538 4816140 VLLM::Worker_TP
3880556 1828756 ray::AgentLoopW
3880552 1817268 ray::AgentLoopW
3880551 1740628 ray::AgentLoopW
== 2026-09-05T20:05:18+09:00
Mem:            1007         702         307         368         370         305
    PID   RSS COMMAND
3873386 87678128 VLLM::Worker
3873390 87673464 VLLM::Worker
3873387 87334804 VLLM::Worker
3873391 87282692 VLLM::Worker
3791454 63596356 ray::WorkerDict
3791453 63586860 ray::WorkerDict
3791459 63559324 ray::WorkerDict
3791460 63515272 ray::WorkerDict
1317539 4825220 VLLM::Worker_TP
1317538 4816140 VLLM::Worker_TP
3880556 1828756 ray::AgentLoopW
3880552 1817268 ray::AgentLoopW
3880551 1740628 ray::AgentLoopW
== 2026-09-05T20:05:38+09:00
Mem:            1007         702         307         368         370         305
    PID   RSS COMMAND
3873386 87675056 VLLM::Worker
3873390 87674232 VLLM::Worker
3873387 87332500 VLLM::Worker
3873391 87283460 VLLM::Worker
3791454 63597124 ray::WorkerDict
3791453 63585324 ray::WorkerDict
3791459 63558556 ray::WorkerDict
3791460 63515272 ray::WorkerDict
1317539 4825220 VLLM::Worker_TP
1317538 4816140 VLLM::Worker_TP
3880556 1828756 ray::AgentLoopW
3880552 1817268 ray::AgentLoopW
3880551 1740628 ray::AgentLoopW
== 2026-09-05T20:05:58+09:00
Mem:            1007         702         307         368         370         305
    PID   RSS COMMAND
3873386 87673520 VLLM::Worker
3873390 87672696 VLLM::Worker
3873387 87334804 VLLM::Worker
3873391 87281924 VLLM::Worker
3791454 63594820 ray::WorkerDict
3791453 63584556 ray::WorkerDict
3791459 63560860 ray::WorkerDict
3791460 63516040 ray::WorkerDict
1317539 4825220 VLLM::Worker_TP
1317538 4816908 VLLM::Worker_TP
3880556 1828756 ray::AgentLoopW
3880552 1817268 ray::AgentLoopW
3880551 1740628 ray::AgentLoopW
== 2026-09-05T20:06:18+09:00
Mem:            1007         702         307         368         370         305
    PID   RSS COMMAND
3873386 87673520 VLLM::Worker
3873390 87671160 VLLM::Worker
3873387 87335572 VLLM::Worker
3873391 87283460 VLLM::Worker
3791454 63595588 ray::WorkerDict
3791453 63585324 ray::WorkerDict
3791459 63560860 ray::WorkerDict
3791460 63516040 ray::WorkerDict
1317539 4825220 VLLM::Worker_TP
1317538 4816908 VLLM::Worker_TP
3880556 1828756 ray::AgentLoopW
3880552 1817268 ray::AgentLoopW
3880551 1740628 ray::AgentLoopW
== 2026-09-05T20:06:38+09:00
Mem:            1007         702         307         368         370         305
    PID   RSS COMMAND
3873386 87675056 VLLM::Worker
3873390 87672696 VLLM::Worker
3873387 87334804 VLLM::Worker
3873391 87282692 VLLM::Worker
3791454 63594820 ray::WorkerDict
3791453 63587628 ray::WorkerDict
3791459 63558556 ray::WorkerDict
3791460 63519112 ray::WorkerDict
1317539 4825220 VLLM::Worker_TP
1317538 4816908 VLLM::Worker_TP
3880556 1828756 ray::AgentLoopW
3880552 1817268 ray::AgentLoopW
3880551 1740628 ray::AgentLoopW
== 2026-09-05T20:06:58+09:00
Mem:            1007         702         307         368         370         305
    PID   RSS COMMAND
3873386 87673520 VLLM::Worker
3873390 87670392 VLLM::Worker
3873387 87335572 VLLM::Worker
3873391 87283460 VLLM::Worker
3791454 63596356 ray::WorkerDict
3791453 63586092 ray::WorkerDict
3791459 63558556 ray::WorkerDict
3791460 63517576 ray::WorkerDict
1317539 4825220 VLLM::Worker_TP
1317538 4816908 VLLM::Worker_TP
3880556 1828756 ray::AgentLoopW
3880552 1817268 ray::AgentLoopW
3880551 1740628 ray::AgentLoopW
== 2026-09-05T20:07:18+09:00
Mem:            1007         702         307         368         370         305
    PID   RSS COMMAND
3873386 87674288 VLLM::Worker
3873390 87670392 VLLM::Worker
3873387 87336340 VLLM::Worker
3873391 87284228 VLLM::Worker
3791454 63595588 ray::WorkerDict
3791453 63584556 ray::WorkerDict
3791459 63557020 ray::WorkerDict
3791460 63516040 ray::WorkerDict
1317539 4825220 VLLM::Worker_TP
1317538 4816908 VLLM::Worker_TP
3880556 1828756 ray::AgentLoopW
3880552 1817268 ray::AgentLoopW
3880551 1740628 ray::AgentLoopW
== 2026-09-05T20:07:38+09:00
Mem:            1007         702         307         368         370         305
    PID   RSS COMMAND
3873386 87673520 VLLM::Worker
3873390 87672696 VLLM::Worker
3873387 87332500 VLLM::Worker
3873391 87283460 VLLM::Worker
3791454 63594820 ray::WorkerDict
3791453 63586860 ray::WorkerDict
3791459 63557788 ray::WorkerDict
3791460 63517576 ray::WorkerDict
1317539 4825220 VLLM::Worker_TP
1317538 4816908 VLLM::Worker_TP
3880556 1828756 ray::AgentLoopW
3880552 1817268 ray::AgentLoopW
3880551 1740628 ray::AgentLoopW
== 2026-09-05T20:07:58+09:00
Mem:            1007         702         307         368         370         305
    PID   RSS COMMAND
3873386 87674288 VLLM::Worker
3873390 87673464 VLLM::Worker
3873387 87334036 VLLM::Worker
3873391 87284996 VLLM::Worker
3791454 63594052 ray::WorkerDict
3791453 63584556 ray::WorkerDict
3791459 63557788 ray::WorkerDict
3791460 63518344 ray::WorkerDict
1317539 4825220 VLLM::Worker_TP
1317538 4816908 VLLM::Worker_TP
3880556 1828756 ray::AgentLoopW
3880552 1817268 ray::AgentLoopW
3880551 1740628 ray::AgentLoopW
== 2026-09-05T20:08:18+09:00
Mem:            1007         702         307         368         370         305
    PID   RSS COMMAND
3873386 87675056 VLLM::Worker
3873390 87672696 VLLM::Worker
3873387 87334804 VLLM::Worker
3873391 87287300 VLLM::Worker
3791454 63592516 ray::WorkerDict
3791453 63586860 ray::WorkerDict
3791459 63556252 ray::WorkerDict
3791460 63516808 ray::WorkerDict
1317539 4825220 VLLM::Worker_TP
1317538 4816908 VLLM::Worker_TP
3880556 1828756 ray::AgentLoopW
3880552 1817268 ray::AgentLoopW
3880551 1740628 ray::AgentLoopW
== 2026-09-05T20:08:38+09:00
Mem:            1007         702         307         368         370         305
    PID   RSS COMMAND
3873386 87675824 VLLM::Worker
3873390 87673464 VLLM::Worker
3873387 87334036 VLLM::Worker
3873391 87288068 VLLM::Worker
3791454 63593284 ray::WorkerDict
3791453 63586860 ray::WorkerDict
3791459 63555484 ray::WorkerDict
3791460 63516808 ray::WorkerDict
1317539 4825220 VLLM::Worker_TP
1317538 4816908 VLLM::Worker_TP
3880556 1828756 ray::AgentLoopW
3880552 1817268 ray::AgentLoopW
3880551 1740628 ray::AgentLoopW
== 2026-09-05T20:08:58+09:00
Mem:            1007         702         307         368         370         305
    PID   RSS COMMAND
3873386 87676592 VLLM::Worker
3873390 87672696 VLLM::Worker
3873387 87334036 VLLM::Worker
3873391 87285764 VLLM::Worker
3791454 63594820 ray::WorkerDict
3791453 63586860 ray::WorkerDict
3791459 63555484 ray::WorkerDict
3791460 63514504 ray::WorkerDict
1317539 4825220 VLLM::Worker_TP
1317538 4816908 VLLM::Worker_TP
3880556 1828756 ray::AgentLoopW
3880552 1817268 ray::AgentLoopW
3880551 1740628 ray::AgentLoopW
== 2026-09-05T20:09:18+09:00
Mem:            1007         702         307         368         370         305
    PID   RSS COMMAND
3873386 87677360 VLLM::Worker
3873390 87675000 VLLM::Worker
3873387 87334036 VLLM::Worker
3873391 87284228 VLLM::Worker
3791454 63594820 ray::WorkerDict
3791453 63588396 ray::WorkerDict
3791459 63557020 ray::WorkerDict
3791460 63515272 ray::WorkerDict
1317539 4825220 VLLM::Worker_TP
1317538 4816908 VLLM::Worker_TP
3880556 1828756 ray::AgentLoopW
3880552 1817268 ray::AgentLoopW
3880551 1740628 ray::AgentLoopW
== 2026-09-05T20:09:38+09:00
Mem:            1007         702         307         368         370         305
    PID   RSS COMMAND
3873386 87673520 VLLM::Worker
3873390 87671160 VLLM::Worker
3873387 87332500 VLLM::Worker
3873391 87284228 VLLM::Worker
3791454 63594052 ray::WorkerDict
3791453 63586860 ray::WorkerDict
3791459 63557788 ray::WorkerDict
3791460 63513736 ray::WorkerDict
1317539 4825220 VLLM::Worker_TP
1317538 4816908 VLLM::Worker_TP
3880556 1828756 ray::AgentLoopW
3880552 1817268 ray::AgentLoopW
3880551 1740628 ray::AgentLoopW
== 2026-09-05T20:09:58+09:00
Mem:            1007         702         307         368         370         305
    PID   RSS COMMAND
3873386 87675824 VLLM::Worker
3873390 87670392 VLLM::Worker
3873387 87334804 VLLM::Worker
3873391 87285764 VLLM::Worker
3791454 63594052 ray::WorkerDict
3791453 63583788 ray::WorkerDict
3791459 63558556 ray::WorkerDict
3791460 63515272 ray::WorkerDict
1317539 4825220 VLLM::Worker_TP
1317538 4816908 VLLM::Worker_TP
3880556 1828756 ray::AgentLoopW
3880552 1817268 ray::AgentLoopW
3880551 1740628 ray::AgentLoopW
== 2026-09-05T20:10:18+09:00
Mem:            1007         702         307         368         370         305
    PID   RSS COMMAND
3873386 87674288 VLLM::Worker
3873390 87672696 VLLM::Worker
3873387 87334804 VLLM::Worker
3873391 87284996 VLLM::Worker
3791454 63595588 ray::WorkerDict
3791453 63585324 ray::WorkerDict
3791459 63557788 ray::WorkerDict
3791460 63515272 ray::WorkerDict
1317539 4825220 VLLM::Worker_TP
1317538 4819212 VLLM::Worker_TP
3880556 1828756 ray::AgentLoopW
3880552 1817268 ray::AgentLoopW
3880551 1740628 ray::AgentLoopW
== 2026-09-05T20:10:38+09:00
Mem:            1007         702         307         368         370         305
    PID   RSS COMMAND
3873386 87674288 VLLM::Worker
3873390 87673464 VLLM::Worker
3873387 87334804 VLLM::Worker
3873391 87285764 VLLM::Worker
3791454 63595588 ray::WorkerDict
3791453 63583788 ray::WorkerDict
3791459 63557020 ray::WorkerDict
3791460 63516808 ray::WorkerDict
1317539 4825220 VLLM::Worker_TP
1317538 4819212 VLLM::Worker_TP
3880556 1828756 ray::AgentLoopW
3880552 1817268 ray::AgentLoopW
3880551 1740628 ray::AgentLoopW
== 2026-09-05T20:10:58+09:00
Mem:            1007         702         307         368         370         305
    PID   RSS COMMAND
3873386 87676592 VLLM::Worker
3873390 87673464 VLLM::Worker
3873387 87336340 VLLM::Worker
3873391 87285764 VLLM::Worker
3791454 63594820 ray::WorkerDict
3791453 63586092 ray::WorkerDict
3791459 63557020 ray::WorkerDict
3791460 63515272 ray::WorkerDict
1317539 4825220 VLLM::Worker_TP
1317538 4819212 VLLM::Worker_TP
3880556 1828756 ray::AgentLoopW
3880552 1817268 ray::AgentLoopW
3880551 1740628 ray::AgentLoopW
== 2026-09-05T20:11:18+09:00
Mem:            1007         702         307         368         370         305
    PID   RSS COMMAND
3873386 87675824 VLLM::Worker
3873390 87671928 VLLM::Worker
3873387 87334036 VLLM::Worker
3873391 87284228 VLLM::Worker
3791454 63595588 ray::WorkerDict
3791453 63585324 ray::WorkerDict
3791459 63556252 ray::WorkerDict
3791460 63513736 ray::WorkerDict
1317539 4825220 VLLM::Worker_TP
1317538 4819212 VLLM::Worker_TP
3880556 1828756 ray::AgentLoopW
3880552 1817268 ray::AgentLoopW
3880551 1740628 ray::AgentLoopW
== 2026-09-05T20:11:38+09:00
Mem:            1007         702         307         368         370         305
    PID   RSS COMMAND
3873386 87676592 VLLM::Worker
3873390 87671928 VLLM::Worker
3873387 87337108 VLLM::Worker
3873391 87285764 VLLM::Worker
3791454 63594820 ray::WorkerDict
3791453 63584556 ray::WorkerDict
3791459 63556252 ray::WorkerDict
3791460 63514504 ray::WorkerDict
1317539 4825220 VLLM::Worker_TP
1317538 4819212 VLLM::Worker_TP
3880556 1828756 ray::AgentLoopW
3880552 1817268 ray::AgentLoopW
3880551 1740628 ray::AgentLoopW
== 2026-09-05T20:11:59+09:00
Mem:            1007         702         307         368         370         305
    PID   RSS COMMAND
3873386 87678896 VLLM::Worker
3873390 87671160 VLLM::Worker
3873387 87334804 VLLM::Worker
3873391 87285764 VLLM::Worker
3791454 63596356 ray::WorkerDict
3791453 63584556 ray::WorkerDict
3791459 63555484 ray::WorkerDict
3791460 63516040 ray::WorkerDict
1317539 4825220 VLLM::Worker_TP
1317538 4819212 VLLM::Worker_TP
3880556 1828756 ray::AgentLoopW
3880552 1817268 ray::AgentLoopW
3880551 1740628 ray::AgentLoopW
== 2026-09-05T20:12:19+09:00
Mem:            1007         702         307         368         370         305
    PID   RSS COMMAND
3873386 87678128 VLLM::Worker
3873390 87675000 VLLM::Worker
3873387 87335572 VLLM::Worker
3873391 87285764 VLLM::Worker
3791454 63597124 ray::WorkerDict
3791453 63588396 ray::WorkerDict
3791459 63557020 ray::WorkerDict
3791460 63516808 ray::WorkerDict
1317539 4835204 VLLM::Worker_TP
1317538 4828428 VLLM::Worker_TP
3880556 1828756 ray::AgentLoopW
3880552 1817268 ray::AgentLoopW
3880551 1740628 ray::AgentLoopW
== 2026-09-05T20:12:39+09:00
Mem:            1007         702         307         368         370         305
    PID   RSS COMMAND
3873386 87676592 VLLM::Worker
3873390 87671928 VLLM::Worker
3873387 87334804 VLLM::Worker
3873391 87283460 VLLM::Worker
3791454 63596356 ray::WorkerDict
3791453 63586860 ray::WorkerDict
3791459 63556252 ray::WorkerDict
3791460 63515272 ray::WorkerDict
1317539 4835204 VLLM::Worker_TP
1317538 4829196 VLLM::Worker_TP
3880556 1828756 ray::AgentLoopW
3880552 1817268 ray::AgentLoopW
3880551 1740628 ray::AgentLoopW
== 2026-09-05T20:12:59+09:00
Mem:            1007         702         307         368         370         305
    PID   RSS COMMAND
3873386 87675824 VLLM::Worker
3873390 87674232 VLLM::Worker
3873387 87334036 VLLM::Worker
3873391 87282692 VLLM::Worker
3791454 63597892 ray::WorkerDict
3791453 63586860 ray::WorkerDict
3791459 63557020 ray::WorkerDict
3791460 63513736 ray::WorkerDict
1317539 4835204 VLLM::Worker_TP
1317538 4829196 VLLM::Worker_TP
3880556 1828756 ray::AgentLoopW
3880552 1817268 ray::AgentLoopW
3880551 1740628 ray::AgentLoopW
== 2026-09-05T20:13:19+09:00
Mem:            1007         702         307         368         370         305
    PID   RSS COMMAND
3873386 87677360 VLLM::Worker
3873390 87672696 VLLM::Worker
3873387 87337108 VLLM::Worker
3873391 87284228 VLLM::Worker
3791454 63595588 ray::WorkerDict
3791453 63587628 ray::WorkerDict
3791459 63557020 ray::WorkerDict
3791460 63516040 ray::WorkerDict
1317539 4835204 VLLM::Worker_TP
1317538 4829196 VLLM::Worker_TP
3880556 1828756 ray::AgentLoopW
3880552 1817268 ray::AgentLoopW
3880551 1740628 ray::AgentLoopW
== 2026-09-05T20:13:39+09:00
Mem:            1007         702         307         368         370         305
    PID   RSS COMMAND
3873386 87675056 VLLM::Worker
3873390 87673464 VLLM::Worker
3873387 87332500 VLLM::Worker
3873391 87282692 VLLM::Worker
3791454 63596356 ray::WorkerDict
3791453 63587628 ray::WorkerDict
3791459 63556252 ray::WorkerDict
3791460 63517576 ray::WorkerDict
1317539 4835204 VLLM::Worker_TP
1317538 4829196 VLLM::Worker_TP
3880556 1828756 ray::AgentLoopW
3880552 1817268 ray::AgentLoopW
3880551 1740628 ray::AgentLoopW
== 2026-09-05T20:13:59+09:00
Mem:            1007         702         307         368         370         305
    PID   RSS COMMAND
3873386 87677360 VLLM::Worker
3873390 87675000 VLLM::Worker
3873387 87333268 VLLM::Worker
3873391 87281924 VLLM::Worker
3791454 63597892 ray::WorkerDict
3791453 63586860 ray::WorkerDict
3791459 63557020 ray::WorkerDict
3791460 63516040 ray::WorkerDict
1317539 4835204 VLLM::Worker_TP
1317538 4829196 VLLM::Worker_TP
3880556 1828756 ray::AgentLoopW
3880552 1817268 ray::AgentLoopW
3880551 1740628 ray::AgentLoopW
== 2026-09-05T20:14:19+09:00
Mem:            1007         702         307         368         370         305
    PID   RSS COMMAND
3873386 87675056 VLLM::Worker
3873390 87673464 VLLM::Worker
3873387 87336340 VLLM::Worker
3873391 87284228 VLLM::Worker
3791454 63597124 ray::WorkerDict
3791453 63586092 ray::WorkerDict
3791459 63556252 ray::WorkerDict
3791460 63517576 ray::WorkerDict
1317539 4835204 VLLM::Worker_TP
1317538 4829196 VLLM::Worker_TP
3880556 1828756 ray::AgentLoopW
3880552 1817268 ray::AgentLoopW
3880551 1740628 ray::AgentLoopW
== 2026-09-05T20:14:39+09:00
Mem:            1007         702         307         368         370         305
    PID   RSS COMMAND
3873386 87676592 VLLM::Worker
3873390 87671160 VLLM::Worker
3873387 87334804 VLLM::Worker
3873391 87283460 VLLM::Worker
3791454 63596356 ray::WorkerDict
3791453 63586092 ray::WorkerDict
3791459 63555484 ray::WorkerDict
3791460 63516808 ray::WorkerDict
1317539 4835204 VLLM::Worker_TP
1317538 4829196 VLLM::Worker_TP
3880556 1828756 ray::AgentLoopW
3880552 1817268 ray::AgentLoopW
3880551 1740628 ray::AgentLoopW
== 2026-09-05T20:14:59+09:00
Mem:            1007         702         307         368         370         305
    PID   RSS COMMAND
3873386 87675056 VLLM::Worker
3873390 87671928 VLLM::Worker
3873387 87336340 VLLM::Worker
3873391 87284228 VLLM::Worker
3791454 63594820 ray::WorkerDict
3791453 63585324 ray::WorkerDict
3791459 63557020 ray::WorkerDict
3791460 63516808 ray::WorkerDict
1317539 4835204 VLLM::Worker_TP
1317538 4829196 VLLM::Worker_TP
3880556 1828756 ray::AgentLoopW
3880552 1817268 ray::AgentLoopW
3880551 1740628 ray::AgentLoopW
== 2026-09-05T20:15:19+09:00
Mem:            1007         702         307         368         370         305
    PID   RSS COMMAND
3873386 87674288 VLLM::Worker
3873390 87671928 VLLM::Worker
3873387 87333268 VLLM::Worker
3873391 87284228 VLLM::Worker
3791454 63594820 ray::WorkerDict
3791453 63586092 ray::WorkerDict
3791459 63557020 ray::WorkerDict
3791460 63517576 ray::WorkerDict
1317539 4835204 VLLM::Worker_TP
1317538 4829196 VLLM::Worker_TP
3880556 1828756 ray::AgentLoopW
3880552 1817268 ray::AgentLoopW
3880551 1740628 ray::AgentLoopW
== 2026-09-05T20:15:39+09:00
Mem:            1007         702         307         368         370         305
    PID   RSS COMMAND
3873390 87675768 VLLM::Worker
3873386 87675056 VLLM::Worker
3873387 87335572 VLLM::Worker
3873391 87284996 VLLM::Worker
3791454 63594052 ray::WorkerDict
3791453 63586860 ray::WorkerDict
3791459 63557020 ray::WorkerDict
3791460 63517576 ray::WorkerDict
1317539 4835204 VLLM::Worker_TP
1317538 4829196 VLLM::Worker_TP
3880556 1828756 ray::AgentLoopW
3880552 1817268 ray::AgentLoopW
3880551 1740628 ray::AgentLoopW
== 2026-09-05T20:15:59+09:00
Mem:            1007         702         307         368         370         305
    PID   RSS COMMAND
3873386 87678128 VLLM::Worker
3873390 87673464 VLLM::Worker
3873387 87335572 VLLM::Worker
3873391 87284996 VLLM::Worker
3791454 63596356 ray::WorkerDict
3791453 63586092 ray::WorkerDict
3791459 63557788 ray::WorkerDict
3791460 63516040 ray::WorkerDict
1317539 4835204 VLLM::Worker_TP
1317538 4829196 VLLM::Worker_TP
3880556 1828756 ray::AgentLoopW
3880552 1817268 ray::AgentLoopW
3880551 1740628 ray::AgentLoopW
== 2026-09-05T20:16:19+09:00
Mem:            1007         702         307         368         370         305
    PID   RSS COMMAND
3873386 87676592 VLLM::Worker
3873390 87671928 VLLM::Worker
3873387 87334804 VLLM::Worker
3873391 87284228 VLLM::Worker
3791454 63595588 ray::WorkerDict
3791453 63584556 ray::WorkerDict
3791459 63558556 ray::WorkerDict
3791460 63515272 ray::WorkerDict
1317539 4835204 VLLM::Worker_TP
1317538 4829196 VLLM::Worker_TP
3880556 1828756 ray::AgentLoopW
3880552 1817268 ray::AgentLoopW
3880551 1740628 ray::AgentLoopW
== 2026-09-05T20:16:39+09:00
Mem:            1007         702         307         368         370         305
    PID   RSS COMMAND
3873386 87676592 VLLM::Worker
3873390 87675000 VLLM::Worker
3873387 87336340 VLLM::Worker
3873391 87285764 VLLM::Worker
3791454 63595588 ray::WorkerDict
3791453 63585324 ray::WorkerDict
3791459 63559324 ray::WorkerDict
3791460 63516808 ray::WorkerDict
1317539 4835204 VLLM::Worker_TP
1317538 4829196 VLLM::Worker_TP
3880556 1828756 ray::AgentLoopW
3880552 1817268 ray::AgentLoopW
3880551 1740628 ray::AgentLoopW
== 2026-09-05T20:16:59+09:00
Mem:            1007         702         307         368         370         305
    PID   RSS COMMAND
3873386 87676592 VLLM::Worker
3873390 87673464 VLLM::Worker
3873387 87335572 VLLM::Worker
3873391 87285764 VLLM::Worker
3791454 63594820 ray::WorkerDict
3791453 63584556 ray::WorkerDict
3791459 63560092 ray::WorkerDict
3791460 63516808 ray::WorkerDict
1317539 4835204 VLLM::Worker_TP
1317538 4829196 VLLM::Worker_TP
3880556 1828756 ray::AgentLoopW
3880552 1817268 ray::AgentLoopW
3880551 1740628 ray::AgentLoopW
== 2026-09-05T20:17:19+09:00
Mem:            1007         702         307         368         370         305
    PID   RSS COMMAND
3873386 87681200 VLLM::Worker
3873390 87671160 VLLM::Worker
3873387 87335572 VLLM::Worker
3873391 87284228 VLLM::Worker
3791454 63594052 ray::WorkerDict
3791453 63584556 ray::WorkerDict
3791459 63559324 ray::WorkerDict
3791460 63517576 ray::WorkerDict
1317539 4835204 VLLM::Worker_TP
1317538 4829196 VLLM::Worker_TP
3880556 1828756 ray::AgentLoopW
3880552 1817268 ray::AgentLoopW
3880551 1740628 ray::AgentLoopW
== 2026-09-05T20:17:39+09:00
Mem:            1007         702         307         368         370         305
    PID   RSS COMMAND
3873386 87676592 VLLM::Worker
3873390 87672696 VLLM::Worker
3873387 87337108 VLLM::Worker
3873391 87287300 VLLM::Worker
3791454 63595588 ray::WorkerDict
3791453 63583788 ray::WorkerDict
3791459 63557020 ray::WorkerDict
3791460 63516040 ray::WorkerDict
1317539 4835204 VLLM::Worker_TP
1317538 4829196 VLLM::Worker_TP
3880556 1828756 ray::AgentLoopW
3880552 1817268 ray::AgentLoopW
3880551 1740628 ray::AgentLoopW
== 2026-09-05T20:17:59+09:00
Mem:            1007         702         307         368         370         305
    PID   RSS COMMAND
3873386 87675824 VLLM::Worker
3873390 87672696 VLLM::Worker
3873387 87335572 VLLM::Worker
3873391 87287300 VLLM::Worker
3791454 63595588 ray::WorkerDict
3791453 63583020 ray::WorkerDict
3791459 63557020 ray::WorkerDict
3791460 63516040 ray::WorkerDict
1317539 4835204 VLLM::Worker_TP
1317538 4829196 VLLM::Worker_TP
3880556 1828756 ray::AgentLoopW
3880552 1817268 ray::AgentLoopW
3880551 1740628 ray::AgentLoopW
== 2026-09-05T20:18:19+09:00
Mem:            1007         702         307         368         370         305
    PID   RSS COMMAND
3873386 87676592 VLLM::Worker
3873390 87675000 VLLM::Worker
3873387 87334036 VLLM::Worker
3873391 87284228 VLLM::Worker
3791454 63594820 ray::WorkerDict
3791453 63585324 ray::WorkerDict
3791459 63557020 ray::WorkerDict
3791460 63516040 ray::WorkerDict
1317539 4835204 VLLM::Worker_TP
1317538 4829196 VLLM::Worker_TP
3880556 1828756 ray::AgentLoopW
3880552 1817268 ray::AgentLoopW
3880551 1740628 ray::AgentLoopW
== 2026-09-05T20:18:39+09:00
Mem:            1007         702         307         368         370         305
    PID   RSS COMMAND
3873386 87677360 VLLM::Worker
3873390 87676536 VLLM::Worker
3873387 87337108 VLLM::Worker
3873391 87284228 VLLM::Worker
3791454 63594820 ray::WorkerDict
3791453 63585324 ray::WorkerDict
3791459 63553948 ray::WorkerDict
3791460 63515272 ray::WorkerDict
1317539 4835204 VLLM::Worker_TP
1317538 4829196 VLLM::Worker_TP
3880556 1828756 ray::AgentLoopW
3880552 1817268 ray::AgentLoopW
3880551 1740628 ray::AgentLoopW
== 2026-09-05T20:18:59+09:00
Mem:            1007         702         307         368         370         305
    PID   RSS COMMAND
3873386 87675056 VLLM::Worker
3873390 87673464 VLLM::Worker
3873387 87334036 VLLM::Worker
3873391 87285764 VLLM::Worker
3791454 63594052 ray::WorkerDict
3791453 63586092 ray::WorkerDict
3791459 63554716 ray::WorkerDict
3791460 63515272 ray::WorkerDict
1317539 4835204 VLLM::Worker_TP
1317538 4829196 VLLM::Worker_TP
3880556 1828756 ray::AgentLoopW
3880552 1817268 ray::AgentLoopW
3880551 1740628 ray::AgentLoopW
== 2026-09-05T20:19:19+09:00
Mem:            1007         702         307         368         370         305
    PID   RSS COMMAND
3873386 87678896 VLLM::Worker
3873390 87671160 VLLM::Worker
3873387 87335572 VLLM::Worker
3873391 87284228 VLLM::Worker
3791454 63592516 ray::WorkerDict
3791453 63585324 ray::WorkerDict
3791459 63554716 ray::WorkerDict
3791460 63515272 ray::WorkerDict
1317539 4835204 VLLM::Worker_TP
1317538 4829196 VLLM::Worker_TP
3880556 1828756 ray::AgentLoopW
3880552 1817268 ray::AgentLoopW
3880551 1740628 ray::AgentLoopW
== 2026-09-05T20:19:39+09:00
Mem:            1007         702         307         368         370         305
    PID   RSS COMMAND
3873386 87678128 VLLM::Worker
3873390 87675000 VLLM::Worker
3873387 87336340 VLLM::Worker
3873391 87283460 VLLM::Worker
3791454 63594052 ray::WorkerDict
3791453 63584556 ray::WorkerDict
3791459 63556252 ray::WorkerDict
3791460 63514504 ray::WorkerDict
1317539 4835204 VLLM::Worker_TP
1317538 4829196 VLLM::Worker_TP
3880556 1828756 ray::AgentLoopW
3880552 1817268 ray::AgentLoopW
3880551 1740628 ray::AgentLoopW
== 2026-09-05T20:19:59+09:00
Mem:            1007         702         307         368         370         305
    PID   RSS COMMAND
3873386 87677360 VLLM::Worker
3873390 87671928 VLLM::Worker
3873387 87334804 VLLM::Worker
3873391 87285764 VLLM::Worker
3791454 63594820 ray::WorkerDict
3791453 63584556 ray::WorkerDict
3791459 63556252 ray::WorkerDict
3791460 63516040 ray::WorkerDict
1317539 4835204 VLLM::Worker_TP
1317538 4829196 VLLM::Worker_TP
3880556 1828756 ray::AgentLoopW
3880552 1817268 ray::AgentLoopW
3880551 1740628 ray::AgentLoopW
== 2026-09-05T20:20:19+09:00
Mem:            1007         702         307         368         370         305
    PID   RSS COMMAND
3873386 87676592 VLLM::Worker
3873390 87672696 VLLM::Worker
3873387 87336340 VLLM::Worker
3873391 87284228 VLLM::Worker
3791454 63596356 ray::WorkerDict
3791453 63585324 ray::WorkerDict
3791459 63557788 ray::WorkerDict
3791460 63517576 ray::WorkerDict
1317539 4835204 VLLM::Worker_TP
1317538 4829196 VLLM::Worker_TP
3880556 1828756 ray::AgentLoopW
3880552 1817268 ray::AgentLoopW
3880551 1740628 ray::AgentLoopW
== 2026-09-05T20:20:39+09:00
Mem:            1007         702         307         368         370         305
    PID   RSS COMMAND
3873386 87674288 VLLM::Worker
3873390 87674232 VLLM::Worker
3873387 87337876 VLLM::Worker
3873391 87285764 VLLM::Worker
3791454 63594820 ray::WorkerDict
3791453 63583788 ray::WorkerDict
3791459 63555484 ray::WorkerDict
3791460 63516040 ray::WorkerDict
1317539 4835204 VLLM::Worker_TP
1317538 4829196 VLLM::Worker_TP
3880556 1828756 ray::AgentLoopW
3880552 1817268 ray::AgentLoopW
3880551 1740628 ray::AgentLoopW
== 2026-09-05T20:20:59+09:00
Mem:            1007         702         307         368         370         305
    PID   RSS COMMAND
3873386 87676592 VLLM::Worker
3873390 87672696 VLLM::Worker
3873387 87337108 VLLM::Worker
3873391 87284996 VLLM::Worker
3791454 63593284 ray::WorkerDict
3791453 63585324 ray::WorkerDict
3791459 63557020 ray::WorkerDict
3791460 63517576 ray::WorkerDict
1317539 4835204 VLLM::Worker_TP
1317538 4829196 VLLM::Worker_TP
3880556 1828756 ray::AgentLoopW
3880552 1817268 ray::AgentLoopW
3880551 1740628 ray::AgentLoopW
== 2026-09-05T20:21:19+09:00
Mem:            1007         702         307         368         370         305
    PID   RSS COMMAND
3873386 87676592 VLLM::Worker
3873390 87671928 VLLM::Worker
3873387 87336340 VLLM::Worker
3873391 87285764 VLLM::Worker
3791454 63593284 ray::WorkerDict
3791453 63586092 ray::WorkerDict
3791459 63557020 ray::WorkerDict
3791460 63516040 ray::WorkerDict
1317539 4835204 VLLM::Worker_TP
1317538 4829196 VLLM::Worker_TP
3880556 1828756 ray::AgentLoopW
3880552 1817268 ray::AgentLoopW
3880551 1740628 ray::AgentLoopW
== 2026-09-05T20:21:39+09:00
Mem:            1007         702         307         368         370         305
    PID   RSS COMMAND
3873386 87676592 VLLM::Worker
3873390 87671928 VLLM::Worker
3873387 87338644 VLLM::Worker
3873391 87285764 VLLM::Worker
3791454 63592516 ray::WorkerDict
3791453 63585324 ray::WorkerDict
3791459 63554716 ray::WorkerDict
3791460 63516040 ray::WorkerDict
1317539 4835204 VLLM::Worker_TP
1317538 4829196 VLLM::Worker_TP
3880556 1828756 ray::AgentLoopW
3880552 1817268 ray::AgentLoopW
3880551 1740628 ray::AgentLoopW
== 2026-09-05T20:21:59+09:00
Mem:            1007         702         307         368         370         305
    PID   RSS COMMAND
3873386 87677360 VLLM::Worker
3873390 87673464 VLLM::Worker
3873387 87335572 VLLM::Worker
3873391 87285764 VLLM::Worker
3791454 63593284 ray::WorkerDict
3791453 63584556 ray::WorkerDict
3791459 63555484 ray::WorkerDict
3791460 63515272 ray::WorkerDict
1317539 4835204 VLLM::Worker_TP
1317538 4829196 VLLM::Worker_TP
3880556 1828756 ray::AgentLoopW
3880552 1817268 ray::AgentLoopW
3880551 1740628 ray::AgentLoopW
== 2026-09-05T20:22:20+09:00
Mem:            1007         702         307         368         370         305
    PID   RSS COMMAND
3873386 87679664 VLLM::Worker
3873390 87674232 VLLM::Worker
3873387 87337108 VLLM::Worker
3873391 87284228 VLLM::Worker
3791454 63594052 ray::WorkerDict
3791453 63583788 ray::WorkerDict
3791459 63554716 ray::WorkerDict
3791460 63517576 ray::WorkerDict
1317539 4835204 VLLM::Worker_TP
1317538 4829196 VLLM::Worker_TP
3880556 1828756 ray::AgentLoopW
3880552 1817268 ray::AgentLoopW
3880551 1740628 ray::AgentLoopW
== 2026-09-05T20:22:40+09:00
Mem:            1007         702         307         368         370         305
    PID   RSS COMMAND
3873386 87675824 VLLM::Worker
3873390 87675000 VLLM::Worker
3873387 87338644 VLLM::Worker
3873391 87284228 VLLM::Worker
3791454 63595588 ray::WorkerDict
3791453 63583788 ray::WorkerDict
3791459 63555484 ray::WorkerDict
3791460 63516040 ray::WorkerDict
1317539 4835204 VLLM::Worker_TP
1317538 4829196 VLLM::Worker_TP
3880556 1828756 ray::AgentLoopW
3880552 1817268 ray::AgentLoopW
3880551 1740628 ray::AgentLoopW
== 2026-09-05T20:23:00+09:00
Mem:            1007         702         307         368         370         305
    PID   RSS COMMAND
3873386 87676592 VLLM::Worker
3873390 87672696 VLLM::Worker
3873387 87336340 VLLM::Worker
3873391 87283460 VLLM::Worker
3791454 63594052 ray::WorkerDict
3791453 63586092 ray::WorkerDict
3791459 63555484 ray::WorkerDict
3791460 63516808 ray::WorkerDict
1317539 4835204 VLLM::Worker_TP
1317538 4829196 VLLM::Worker_TP
3880556 1828756 ray::AgentLoopW
3880552 1817268 ray::AgentLoopW
3880551 1740628 ray::AgentLoopW
== 2026-09-05T20:23:20+09:00
Mem:            1007         702         307         368         370         305
    PID   RSS COMMAND
3873386 87673520 VLLM::Worker
3873390 87672696 VLLM::Worker
3873387 87336340 VLLM::Worker
3873391 87284996 VLLM::Worker
3791454 63593284 ray::WorkerDict
3791453 63585324 ray::WorkerDict
3791459 63556252 ray::WorkerDict
3791460 63516808 ray::WorkerDict
1317539 4835204 VLLM::Worker_TP
1317538 4829196 VLLM::Worker_TP
3880556 1828756 ray::AgentLoopW
3880552 1817268 ray::AgentLoopW
3880551 1740628 ray::AgentLoopW
== 2026-09-05T20:23:40+09:00
Mem:            1007         702         307         368         370         305
    PID   RSS COMMAND
3873386 87678128 VLLM::Worker
3873390 87672696 VLLM::Worker
3873387 87333268 VLLM::Worker
3873391 87284228 VLLM::Worker
3791454 63593284 ray::WorkerDict
3791453 63586860 ray::WorkerDict
3791459 63557020 ray::WorkerDict
3791460 63515272 ray::WorkerDict
1317539 4835204 VLLM::Worker_TP
1317538 4829196 VLLM::Worker_TP
3880556 1828756 ray::AgentLoopW
3880552 1817268 ray::AgentLoopW
3880551 1740628 ray::AgentLoopW
== 2026-09-05T20:24:00+09:00
Mem:            1007         702         307         368         370         305
    PID   RSS COMMAND
3873386 87678128 VLLM::Worker
3873390 87673464 VLLM::Worker
3873387 87335572 VLLM::Worker
3873391 87285764 VLLM::Worker
3791454 63594820 ray::WorkerDict
3791453 63586092 ray::WorkerDict
3791459 63556252 ray::WorkerDict
3791460 63514504 ray::WorkerDict
1317539 4835204 VLLM::Worker_TP
1317538 4829196 VLLM::Worker_TP
3880556 1828756 ray::AgentLoopW
3880552 1817268 ray::AgentLoopW
3880551 1740628 ray::AgentLoopW
== 2026-09-05T20:24:20+09:00
Mem:            1007         702         307         368         370         305
    PID   RSS COMMAND
3873386 87678128 VLLM::Worker
3873390 87672696 VLLM::Worker
3873387 87337108 VLLM::Worker
3873391 87284228 VLLM::Worker
3791454 63594820 ray::WorkerDict
3791453 63586092 ray::WorkerDict
3791459 63556252 ray::WorkerDict
3791460 63514504 ray::WorkerDict
1317539 4835204 VLLM::Worker_TP
1317538 4829196 VLLM::Worker_TP
3880556 1828756 ray::AgentLoopW
3880552 1817268 ray::AgentLoopW
3880551 1740628 ray::AgentLoopW
== 2026-09-05T20:24:40+09:00
Mem:            1007         702         307         368         370         305
    PID   RSS COMMAND
3873386 87678896 VLLM::Worker
3873390 87675000 VLLM::Worker
3873387 87337108 VLLM::Worker
3873391 87284228 VLLM::Worker
3791454 63594052 ray::WorkerDict
3791453 63586092 ray::WorkerDict
3791459 63556252 ray::WorkerDict
3791460 63516808 ray::WorkerDict
1317539 4835204 VLLM::Worker_TP
1317538 4829196 VLLM::Worker_TP
3880556 1828756 ray::AgentLoopW
3880552 1817268 ray::AgentLoopW
3880551 1740628 ray::AgentLoopW
== 2026-09-05T20:25:00+09:00
Mem:            1007         702         307         368         370         305
    PID   RSS COMMAND
3873386 87674288 VLLM::Worker
3873390 87674232 VLLM::Worker
3873387 87337876 VLLM::Worker
3873391 87283460 VLLM::Worker
3791454 63596356 ray::WorkerDict
3791453 63585324 ray::WorkerDict
3791459 63556252 ray::WorkerDict
3791460 63516040 ray::WorkerDict
1317539 4835204 VLLM::Worker_TP
1317538 4829196 VLLM::Worker_TP
3880556 1828756 ray::AgentLoopW
3880552 1817268 ray::AgentLoopW
3880551 1740628 ray::AgentLoopW
== 2026-09-05T20:25:20+09:00
Mem:            1007         702         307         368         370         305
    PID   RSS COMMAND
3873386 87678128 VLLM::Worker
3873390 87671928 VLLM::Worker
3873387 87337108 VLLM::Worker
3873391 87283460 VLLM::Worker
3791454 63596356 ray::WorkerDict
3791453 63585324 ray::WorkerDict
3791459 63554716 ray::WorkerDict
3791460 63517576 ray::WorkerDict
1317539 4835204 VLLM::Worker_TP
1317538 4829196 VLLM::Worker_TP
3880556 1828756 ray::AgentLoopW
3880552 1817268 ray::AgentLoopW
3880551 1740628 ray::AgentLoopW
== 2026-09-05T20:25:40+09:00
Mem:            1007         702         307         368         370         305
    PID   RSS COMMAND
3873386 87678896 VLLM::Worker
3873390 87671928 VLLM::Worker
3873387 87334036 VLLM::Worker
3873391 87283460 VLLM::Worker
3791454 63597124 ray::WorkerDict
3791453 63583788 ray::WorkerDict
3791459 63557788 ray::WorkerDict
3791460 63516040 ray::WorkerDict
1317539 4835204 VLLM::Worker_TP
1317538 4829196 VLLM::Worker_TP
3880556 1828756 ray::AgentLoopW
3880552 1817268 ray::AgentLoopW
3880551 1740628 ray::AgentLoopW
== 2026-09-05T20:26:00+09:00
Mem:            1007         702         307         368         370         305
    PID   RSS COMMAND
3873386 87678128 VLLM::Worker
3873390 87675000 VLLM::Worker
3873387 87337108 VLLM::Worker
3873391 87281156 VLLM::Worker
3791454 63594820 ray::WorkerDict
3791453 63583020 ray::WorkerDict
3791459 63560860 ray::WorkerDict
3791460 63516040 ray::WorkerDict
1317539 4835204 VLLM::Worker_TP
1317538 4829196 VLLM::Worker_TP
3880556 1828756 ray::AgentLoopW
3880552 1817268 ray::AgentLoopW
3880551 1740628 ray::AgentLoopW
== 2026-09-05T20:26:20+09:00
Mem:            1007         702         307         368         370         305
    PID   RSS COMMAND
3873386 87677360 VLLM::Worker
3873390 87674232 VLLM::Worker
3873387 87337108 VLLM::Worker
3873391 87281924 VLLM::Worker
3791454 63594820 ray::WorkerDict
3791453 63585324 ray::WorkerDict
3791459 63558556 ray::WorkerDict
3791460 63516040 ray::WorkerDict
1317539 4835204 VLLM::Worker_TP
1317538 4829196 VLLM::Worker_TP
3880556 1828756 ray::AgentLoopW
3880552 1817268 ray::AgentLoopW
3880551 1740628 ray::AgentLoopW
== 2026-09-05T20:26:40+09:00
Mem:            1007         702         307         368         370         305
    PID   RSS COMMAND
3873386 87675824 VLLM::Worker
3873390 87674232 VLLM::Worker
3873387 87336340 VLLM::Worker
3873391 87281156 VLLM::Worker
3791454 63597892 ray::WorkerDict
3791453 63583788 ray::WorkerDict
3791459 63557020 ray::WorkerDict
3791460 63516808 ray::WorkerDict
1317539 4835204 VLLM::Worker_TP
1317538 4829196 VLLM::Worker_TP
3880556 1828756 ray::AgentLoopW
3880552 1817268 ray::AgentLoopW
3880551 1740628 ray::AgentLoopW
== 2026-09-05T20:27:00+09:00
Mem:            1007         702         307         368         370         305
    PID   RSS COMMAND
3873386 87677360 VLLM::Worker
3873390 87673464 VLLM::Worker
3873387 87333268 VLLM::Worker
3873391 87283460 VLLM::Worker
3791454 63597892 ray::WorkerDict
3791453 63583020 ray::WorkerDict
3791459 63555484 ray::WorkerDict
3791460 63516808 ray::WorkerDict
1317539 4835204 VLLM::Worker_TP
1317538 4829196 VLLM::Worker_TP
3880556 1828756 ray::AgentLoopW
3880552 1817268 ray::AgentLoopW
3880551 1740628 ray::AgentLoopW
== 2026-09-05T20:27:20+09:00
Mem:            1007         702         307         368         370         305
    PID   RSS COMMAND
3873386 87677360 VLLM::Worker
3873390 87673464 VLLM::Worker
3873387 87335572 VLLM::Worker
3873391 87284228 VLLM::Worker
3791454 63597124 ray::WorkerDict
3791453 63581484 ray::WorkerDict
3791459 63556252 ray::WorkerDict
3791460 63516040 ray::WorkerDict
1317539 4835204 VLLM::Worker_TP
1317538 4829196 VLLM::Worker_TP
3880556 1828756 ray::AgentLoopW
3880552 1817268 ray::AgentLoopW
3880551 1740628 ray::AgentLoopW
== 2026-09-05T20:27:40+09:00
Mem:            1007         702         307         368         370         305
    PID   RSS COMMAND
3873386 87678896 VLLM::Worker
3873390 87674232 VLLM::Worker
3873387 87334804 VLLM::Worker
3873391 87284228 VLLM::Worker
3791454 63596356 ray::WorkerDict
3791453 63582252 ray::WorkerDict
3791459 63555484 ray::WorkerDict
3791460 63516040 ray::WorkerDict
1317539 4835204 VLLM::Worker_TP
1317538 4829196 VLLM::Worker_TP
3880556 1828756 ray::AgentLoopW
3880552 1817268 ray::AgentLoopW
3880551 1740628 ray::AgentLoopW
== 2026-09-05T20:28:00+09:00
Mem:            1007         702         307         368         370         305
    PID   RSS COMMAND
3873386 87675824 VLLM::Worker
3873390 87673464 VLLM::Worker
3873387 87337108 VLLM::Worker
3873391 87284996 VLLM::Worker
3791454 63595588 ray::WorkerDict
3791453 63586860 ray::WorkerDict
3791459 63554716 ray::WorkerDict
3791460 63516040 ray::WorkerDict
1317539 4835204 VLLM::Worker_TP
1317538 4829196 VLLM::Worker_TP
3880556 1828756 ray::AgentLoopW
3880552 1817268 ray::AgentLoopW
3880551 1740628 ray::AgentLoopW
== 2026-09-05T20:28:20+09:00
Mem:            1007         702         307         368         370         305
    PID   RSS COMMAND
3873386 87676592 VLLM::Worker
3873390 87674232 VLLM::Worker
3873387 87335572 VLLM::Worker
3873391 87284228 VLLM::Worker
3791454 63595588 ray::WorkerDict
3791453 63586092 ray::WorkerDict
3791459 63553180 ray::WorkerDict
3791460 63518344 ray::WorkerDict
1317539 4835204 VLLM::Worker_TP
1317538 4829196 VLLM::Worker_TP
3880556 1828756 ray::AgentLoopW
3880552 1817268 ray::AgentLoopW
3880551 1740628 ray::AgentLoopW
== 2026-09-05T20:28:40+09:00
Mem:            1007         702         307         368         370         305
    PID   RSS COMMAND
3873386 87675824 VLLM::Worker
3873390 87671928 VLLM::Worker
3873387 87334804 VLLM::Worker
3873391 87284996 VLLM::Worker
3791454 63594820 ray::WorkerDict
3791453 63585324 ray::WorkerDict
3791459 63555484 ray::WorkerDict
3791460 63516808 ray::WorkerDict
1317539 4835204 VLLM::Worker_TP
1317538 4829196 VLLM::Worker_TP
3880556 1828756 ray::AgentLoopW
3880552 1817268 ray::AgentLoopW
3880551 1740628 ray::AgentLoopW
== 2026-09-05T20:29:00+09:00
Mem:            1007         702         307         368         370         305
    PID   RSS COMMAND
3873386 87676592 VLLM::Worker
3873390 87671928 VLLM::Worker
3873387 87337876 VLLM::Worker
3873391 87285764 VLLM::Worker
3791454 63597124 ray::WorkerDict
3791453 63586860 ray::WorkerDict
3791459 63557020 ray::WorkerDict
3791460 63515272 ray::WorkerDict
1317539 4835204 VLLM::Worker_TP
1317538 4829196 VLLM::Worker_TP
3880556 1828756 ray::AgentLoopW
3880552 1817268 ray::AgentLoopW
3880551 1740628 ray::AgentLoopW
== 2026-09-05T20:29:20+09:00
Mem:            1007         702         307         368         370         305
    PID   RSS COMMAND
3873386 87678128 VLLM::Worker
3873390 87672696 VLLM::Worker
3873387 87334036 VLLM::Worker
3873391 87284996 VLLM::Worker
3791454 63597124 ray::WorkerDict
3791453 63587628 ray::WorkerDict
3791459 63557020 ray::WorkerDict
3791460 63515272 ray::WorkerDict
1317539 4835204 VLLM::Worker_TP
1317538 4829196 VLLM::Worker_TP
3880556 1828756 ray::AgentLoopW
3880552 1817268 ray::AgentLoopW
3880551 1740628 ray::AgentLoopW
== 2026-09-05T20:29:40+09:00
Mem:            1007         702         307         368         370         305
    PID   RSS COMMAND
3873386 87676592 VLLM::Worker
3873390 87670392 VLLM::Worker
3873387 87335572 VLLM::Worker
3873391 87284996 VLLM::Worker
3791454 63595588 ray::WorkerDict
3791453 63588396 ray::WorkerDict
3791459 63556252 ray::WorkerDict
3791460 63516040 ray::WorkerDict
1317539 4835204 VLLM::Worker_TP
1317538 4829196 VLLM::Worker_TP
3880556 1828756 ray::AgentLoopW
3880552 1817268 ray::AgentLoopW
3880551 1740628 ray::AgentLoopW
== 2026-09-05T20:30:00+09:00
Mem:            1007         702         307         368         370         305
    PID   RSS COMMAND
3873386 87675824 VLLM::Worker
3873390 87671160 VLLM::Worker
3873387 87335572 VLLM::Worker
3873391 87284228 VLLM::Worker
3791454 63594820 ray::WorkerDict
3791453 63588396 ray::WorkerDict
3791459 63557788 ray::WorkerDict
3791460 63515272 ray::WorkerDict
1317539 4835204 VLLM::Worker_TP
1317538 4829196 VLLM::Worker_TP
3880556 1828756 ray::AgentLoopW
3880552 1817268 ray::AgentLoopW
3880551 1740628 ray::AgentLoopW
== 2026-09-05T20:30:20+09:00
Mem:            1007         702         307         368         370         305
    PID   RSS COMMAND
3873386 87675824 VLLM::Worker
3873390 87675000 VLLM::Worker
3873387 87334804 VLLM::Worker
3873391 87285764 VLLM::Worker
3791454 63594820 ray::WorkerDict
3791453 63588396 ray::WorkerDict
3791459 63557020 ray::WorkerDict
3791460 63516808 ray::WorkerDict
1317539 4835204 VLLM::Worker_TP
1317538 4829196 VLLM::Worker_TP
3880556 1828756 ray::AgentLoopW
3880552 1817268 ray::AgentLoopW
3880551 1740628 ray::AgentLoopW
== 2026-09-05T20:30:40+09:00
Mem:            1007         702         307         368         370         305
    PID   RSS COMMAND
3873386 87675824 VLLM::Worker
3873390 87672696 VLLM::Worker
3873387 87334804 VLLM::Worker
3873391 87285764 VLLM::Worker
3791454 63594052 ray::WorkerDict
3791453 63588396 ray::WorkerDict
3791459 63557020 ray::WorkerDict
3791460 63515272 ray::WorkerDict
1317539 4835204 VLLM::Worker_TP
1317538 4829196 VLLM::Worker_TP
3880556 1828756 ray::AgentLoopW
3880552 1817268 ray::AgentLoopW
3880551 1740628 ray::AgentLoopW
== 2026-09-05T20:31:00+09:00
Mem:            1007         702         307         368         370         305
    PID   RSS COMMAND
3873386 87681200 VLLM::Worker
3873390 87675768 VLLM::Worker
3873387 87333268 VLLM::Worker
3873391 87284996 VLLM::Worker
3791454 63593284 ray::WorkerDict
3791453 63589164 ray::WorkerDict
3791459 63556252 ray::WorkerDict
3791460 63515272 ray::WorkerDict
1317539 4835204 VLLM::Worker_TP
1317538 4829196 VLLM::Worker_TP
3880556 1828756 ray::AgentLoopW
3880552 1817268 ray::AgentLoopW
3880551 1740628 ray::AgentLoopW
== 2026-09-05T20:31:20+09:00
Mem:            1007         702         307         368         370         305
    PID   RSS COMMAND
3873386 87676592 VLLM::Worker
3873390 87671928 VLLM::Worker
3873387 87337876 VLLM::Worker
3873391 87286532 VLLM::Worker
3791454 63593284 ray::WorkerDict
3791453 63590700 ray::WorkerDict
3791459 63555484 ray::WorkerDict
3791460 63517576 ray::WorkerDict
1317539 4835204 VLLM::Worker_TP
1317538 4829196 VLLM::Worker_TP
3880556 1828756 ray::AgentLoopW
3880552 1817268 ray::AgentLoopW
3880551 1740628 ray::AgentLoopW
== 2026-09-05T20:31:40+09:00
Mem:            1007         702         307         368         370         305
    PID   RSS COMMAND
3873386 87678128 VLLM::Worker
3873390 87675000 VLLM::Worker
3873387 87337876 VLLM::Worker
3873391 87287300 VLLM::Worker
3791454 63592516 ray::WorkerDict
3791453 63587628 ray::WorkerDict
3791459 63557788 ray::WorkerDict
3791460 63517576 ray::WorkerDict
1317539 4835204 VLLM::Worker_TP
1317538 4829196 VLLM::Worker_TP
3880556 1828756 ray::AgentLoopW
3880552 1817268 ray::AgentLoopW
3880551 1740628 ray::AgentLoopW
== 2026-09-05T20:32:00+09:00
Mem:            1007         702         307         368         370         305
    PID   RSS COMMAND
3873386 87677360 VLLM::Worker
3873390 87675768 VLLM::Worker
3873387 87335572 VLLM::Worker
3873391 87287300 VLLM::Worker
3791454 63592516 ray::WorkerDict
3791453 63590700 ray::WorkerDict
3791459 63557788 ray::WorkerDict
3791460 63516808 ray::WorkerDict
1317539 4835204 VLLM::Worker_TP
1317538 4829196 VLLM::Worker_TP
3880556 1828756 ray::AgentLoopW
3880552 1817268 ray::AgentLoopW
3880551 1740628 ray::AgentLoopW
== 2026-09-05T20:32:20+09:00
Mem:            1007         702         307         368         370         305
    PID   RSS COMMAND
3873386 87675824 VLLM::Worker
3873390 87673464 VLLM::Worker
3873387 87335572 VLLM::Worker
3873391 87288068 VLLM::Worker
3791454 63593284 ray::WorkerDict
3791453 63589164 ray::WorkerDict
3791459 63558556 ray::WorkerDict
3791460 63518344 ray::WorkerDict
1317539 4835204 VLLM::Worker_TP
1317538 4829196 VLLM::Worker_TP
3880556 1828756 ray::AgentLoopW
3880552 1817268 ray::AgentLoopW
3880551 1740628 ray::AgentLoopW
== 2026-09-05T20:32:41+09:00
Mem:            1007         702         307         368         370         305
    PID   RSS COMMAND
3873386 87677360 VLLM::Worker
3873390 87674232 VLLM::Worker
3873387 87335572 VLLM::Worker
3873391 87287300 VLLM::Worker
3791454 63592516 ray::WorkerDict
3791453 63586860 ray::WorkerDict
3791459 63559324 ray::WorkerDict
3791460 63516808 ray::WorkerDict
1317539 4835204 VLLM::Worker_TP
1317538 4829196 VLLM::Worker_TP
3880556 1828756 ray::AgentLoopW
3880552 1817268 ray::AgentLoopW
3880551 1740628 ray::AgentLoopW
== 2026-09-05T20:33:01+09:00
Mem:            1007         702         307         368         370         305
    PID   RSS COMMAND
3873386 87675056 VLLM::Worker
3873390 87674232 VLLM::Worker
3873387 87337108 VLLM::Worker
3873391 87288836 VLLM::Worker
3791454 63592516 ray::WorkerDict
3791453 63585324 ray::WorkerDict
3791459 63557020 ray::WorkerDict
3791460 63516040 ray::WorkerDict
1317539 4835204 VLLM::Worker_TP
1317538 4829196 VLLM::Worker_TP
3880556 1828756 ray::AgentLoopW
3880552 1817268 ray::AgentLoopW
3880551 1740628 ray::AgentLoopW
== 2026-09-05T20:33:21+09:00
Mem:            1007         702         307         368         370         305
    PID   RSS COMMAND
3873386 87676592 VLLM::Worker
3873390 87672696 VLLM::Worker
3873387 87334804 VLLM::Worker
3873391 87288068 VLLM::Worker
3791454 63591748 ray::WorkerDict
3791453 63585324 ray::WorkerDict
3791459 63556252 ray::WorkerDict
3791460 63515272 ray::WorkerDict
1317539 4835204 VLLM::Worker_TP
1317538 4829196 VLLM::Worker_TP
3880556 1828756 ray::AgentLoopW
3880552 1817268 ray::AgentLoopW
3880551 1740628 ray::AgentLoopW
== 2026-09-05T20:33:41+09:00
Mem:            1007         702         307         368         370         305
    PID   RSS COMMAND
3873386 87677360 VLLM::Worker
3873390 87672696 VLLM::Worker
3873387 87334804 VLLM::Worker
3873391 87287300 VLLM::Worker
3791454 63591748 ray::WorkerDict
3791453 63583788 ray::WorkerDict
3791459 63555484 ray::WorkerDict
3791460 63512968 ray::WorkerDict
1317539 4835204 VLLM::Worker_TP
1317538 4829196 VLLM::Worker_TP
3880556 1828756 ray::AgentLoopW
3880552 1817268 ray::AgentLoopW
3880551 1740628 ray::AgentLoopW
== 2026-09-05T20:34:01+09:00
Mem:            1007         702         307         368         370         305
    PID   RSS COMMAND
3873386 87675824 VLLM::Worker
3873390 87674232 VLLM::Worker
3873387 87337108 VLLM::Worker
3873391 87287300 VLLM::Worker
3791454 63594052 ray::WorkerDict
3791453 63586860 ray::WorkerDict
3791459 63557020 ray::WorkerDict
3791460 63512200 ray::WorkerDict
1317539 4835204 VLLM::Worker_TP
1317538 4829196 VLLM::Worker_TP
3880556 1828756 ray::AgentLoopW
3880552 1817268 ray::AgentLoopW
3880551 1740628 ray::AgentLoopW
== 2026-09-05T20:34:21+09:00
Mem:            1007         702         307         368         370         305
    PID   RSS COMMAND
3873386 87677360 VLLM::Worker
3873390 87674232 VLLM::Worker
3873387 87337876 VLLM::Worker
3873391 87287300 VLLM::Worker
3791454 63593284 ray::WorkerDict
3791453 63586092 ray::WorkerDict
3791459 63557788 ray::WorkerDict
3791460 63512200 ray::WorkerDict
1317539 4835204 VLLM::Worker_TP
1317538 4829196 VLLM::Worker_TP
3880556 1828756 ray::AgentLoopW
3880552 1817268 ray::AgentLoopW
3880551 1740628 ray::AgentLoopW
== 2026-09-05T20:34:41+09:00
Mem:            1007         702         307         368         370         305
    PID   RSS COMMAND
3873386 87678128 VLLM::Worker
3873390 87675768 VLLM::Worker
3873387 87337108 VLLM::Worker
3873391 87287300 VLLM::Worker
3791454 63594820 ray::WorkerDict
3791453 63586092 ray::WorkerDict
3791459 63556252 ray::WorkerDict
3791460 63516808 ray::WorkerDict
1317539 4835204 VLLM::Worker_TP
1317538 4829196 VLLM::Worker_TP
3880556 1828756 ray::AgentLoopW
3880552 1817268 ray::AgentLoopW
3880551 1740628 ray::AgentLoopW
== 2026-09-05T20:35:01+09:00
Mem:            1007         702         307         368         370         305
    PID   RSS COMMAND
3873386 87676592 VLLM::Worker
3873390 87675000 VLLM::Worker
3873387 87336340 VLLM::Worker
3873391 87285764 VLLM::Worker
3791454 63595588 ray::WorkerDict
3791453 63584556 ray::WorkerDict
3791459 63554716 ray::WorkerDict
3791460 63516808 ray::WorkerDict
1317539 4835204 VLLM::Worker_TP
1317538 4829196 VLLM::Worker_TP
3880556 1828756 ray::AgentLoopW
3880552 1817268 ray::AgentLoopW
3880551 1740628 ray::AgentLoopW
== 2026-09-05T20:35:21+09:00
Mem:            1007         702         307         368         370         305
    PID   RSS COMMAND
3873386 87676592 VLLM::Worker
3873390 87671928 VLLM::Worker
3873387 87334804 VLLM::Worker
3873391 87285764 VLLM::Worker
3791454 63594052 ray::WorkerDict
3791453 63583020 ray::WorkerDict
3791459 63554716 ray::WorkerDict
3791460 63516808 ray::WorkerDict
1317539 4835204 VLLM::Worker_TP
1317538 4829196 VLLM::Worker_TP
3880556 1828756 ray::AgentLoopW
3880552 1817268 ray::AgentLoopW
3880551 1740628 ray::AgentLoopW
