== 2026-09-05T05:48:23+09:00
Mem:            1007          92         807          42         154         914
    PID   RSS COMMAND
1317539 4817456 VLLM::Worker_TP
1317538 4812060 VLLM::Worker_TP
1280658 1226148 vllm
1317375 966128 VLLM::EngineCor
 588079 592456 sssd_be
 588080 367360 sssd_nss
1338534 305116 litellm
   2143 87088 systemd-journal
  84732 61140 dcgm-exporter
 661917 60520 nv-hostengine
1280652 30112 slurmstepd
1280479 30104 slurmstepd
3107987 29208 slurmstepd
== 2026-09-05T05:48:43+09:00
Mem:            1007          93         806          42         154         914
    PID   RSS COMMAND
1317539 4817456 VLLM::Worker_TP
1317538 4812060 VLLM::Worker_TP
1280658 1226148 vllm
1317375 966128 VLLM::EngineCor
3109287 786996 python
 588079 592456 sssd_be
 588080 367360 sssd_nss
1338534 305116 litellm
   2143 87088 systemd-journal
  84732 61140 dcgm-exporter
 661917 60520 nv-hostengine
1280652 30112 slurmstepd
1280479 30104 slurmstepd
== 2026-09-05T05:49:03+09:00
Mem:            1007          93         807          42         153         914
    PID   RSS COMMAND
1317539 4815792 VLLM::Worker_TP
1317538 4810296 VLLM::Worker_TP
1280658 1226148 vllm
1317375 966128 VLLM::EngineCor
3109287 880648 python
 588079 578356 sssd_be
 588080 367360 sssd_nss
1338534 305116 litellm
   2143 87088 systemd-journal
  84732 61140 dcgm-exporter
 661917 60520 nv-hostengine
1280652 30112 slurmstepd
1280479 30104 slurmstepd
== 2026-09-05T05:49:23+09:00
Mem:            1007         102         798          42         153         904
    PID   RSS COMMAND
1317539 4815792 VLLM::Worker_TP
1317538 4810296 VLLM::Worker_TP
1280658 1226148 vllm
3109856 995292 gcs_server
1317375 966128 VLLM::EngineCor
3109287 911408 python
 588079 578356 sssd_be
3115985 539944 ray::IDLE
3110533 388188 raylet
 588080 367360 sssd_nss
3110094 326788 ray-dashboard-R
3110025 322252 python
3110091 307052 ray-dashboard-E
== 2026-09-05T05:49:43+09:00
Mem:            1007         106         794          42         153         901
    PID   RSS COMMAND
1317539 4815792 VLLM::Worker_TP
1317538 4810296 VLLM::Worker_TP
1280658 1226148 vllm
3109856 998620 gcs_server
1317375 966128 VLLM::EngineCor
3115985 945888 ray::TaskRunner
3109287 911408 python
3116486 599244 ray::TransferQu
3116572 598452 ray::SimpleStor
3116569 597472 ray::SimpleStor
3116558 596916 ray::SimpleStor
3116570 596504 ray::SimpleStor
3116559 596160 ray::SimpleStor
== 2026-09-05T05:50:04+09:00
Mem:            1007         107         794          42         153         900
    PID   RSS COMMAND
1317539 4815792 VLLM::Worker_TP
1317538 4810296 VLLM::Worker_TP
1280658 1226148 vllm
3117211 1140544 ray::TaskRunner
3115985 1002380 ray::TaskRunner
3109856 1001552 gcs_server
1317375 966128 VLLM::EngineCor
3109287 911408 python
3117216 747212 ray::TaskRunner
3116486 599244 ray::TransferQu
3116572 598452 ray::SimpleStor
3116569 597472 ray::SimpleStor
3116558 596916 ray::SimpleStor
== 2026-09-05T05:50:24+09:00
Mem:            1007         107         794          42         153         900
    PID   RSS COMMAND
1317539 4815792 VLLM::Worker_TP
1317538 4810296 VLLM::Worker_TP
1280658 1226148 vllm
3117211 1150564 ray::TaskRunner
3115985 1002380 ray::TaskRunner
3109856 1001552 gcs_server
1317375 966128 VLLM::EngineCor
3109287 911408 python
3117216 747212 ray::TaskRunner
3116486 599244 ray::TransferQu
3116572 598452 ray::SimpleStor
3116569 597472 ray::SimpleStor
3116558 596916 ray::SimpleStor
== 2026-09-05T05:50:44+09:00
Mem:            1007         106         795          42         153         901
    PID   RSS COMMAND
1317539 4815792 VLLM::Worker_TP
1317538 4810296 VLLM::Worker_TP
1280658 1226148 vllm
3115985 1010560 ray::TaskRunner
3109856 1002096 gcs_server
1317375 966128 VLLM::EngineCor
3109287 911408 python
3116486 599244 ray::TransferQu
3116572 598452 ray::SimpleStor
3116569 597472 ray::SimpleStor
3116558 596916 ray::SimpleStor
3116570 596504 ray::SimpleStor
3116559 596160 ray::SimpleStor
== 2026-09-05T05:51:04+09:00
Mem:            1007         109         791          42         153         898
    PID   RSS COMMAND
1317539 4815792 VLLM::Worker_TP
1317538 4810296 VLLM::Worker_TP
1280658 1226148 vllm
3118612 1095776 ray::WorkerDict
3118611 1088672 ray::WorkerDict
3118614 1084048 ray::WorkerDict
3118613 1068328 ray::WorkerDict
3115985 1011328 ray::TaskRunner
3109856 1002136 gcs_server
1317375 966128 VLLM::EngineCor
3109287 911408 python
3116486 599244 ray::TransferQu
3116572 598452 ray::SimpleStor
== 2026-09-05T05:51:24+09:00
Mem:            1007         111         789          42         154         896
    PID   RSS COMMAND
1317539 4815792 VLLM::Worker_TP
1317538 4810296 VLLM::Worker_TP
3118612 1845832 ray::WorkerDict
3118611 1841096 ray::WorkerDict
3118614 1836984 ray::WorkerDict
3118613 1824152 ray::WorkerDict
1280658 1226148 vllm
3115985 1011328 ray::TaskRunner
3109856 1006736 gcs_server
1317375 966128 VLLM::EngineCor
3109287 911408 python
3116486 599244 ray::TransferQu
3116572 598452 ray::SimpleStor
== 2026-09-05T05:51:44+09:00
Mem:            1007         113         787          42         154         894
    PID   RSS COMMAND
1317539 4815792 VLLM::Worker_TP
1317538 4810296 VLLM::Worker_TP
3118612 2859992 ray::WorkerDict
3118611 2857760 ray::WorkerDict
3118614 2849112 ray::WorkerDict
3118613 2834776 ray::WorkerDict
1280658 1226148 vllm
3115985 1011328 ray::TaskRunner
3109856 1006680 gcs_server
1317375 966128 VLLM::EngineCor
3109287 911408 python
3116486 599244 ray::TransferQu
3116572 598452 ray::SimpleStor
== 2026-09-05T05:52:04+09:00
Mem:            1007         111         788          42         155         895
    PID   RSS COMMAND
1317539 4815792 VLLM::Worker_TP
1317538 4810296 VLLM::Worker_TP
3118611 3907976 ray::WorkerDict
3118612 2734428 ray::WorkerDict
3118614 2720916 ray::WorkerDict
3118613 2708500 ray::WorkerDict
1280658 1226148 vllm
3115985 1011328 ray::TaskRunner
3109856 1007448 gcs_server
1317375 966128 VLLM::EngineCor
3109287 911408 python
3116486 599244 ray::TransferQu
3116572 598452 ray::SimpleStor
== 2026-09-05T05:52:24+09:00
Mem:            1007         113         785          42         155         893
    PID   RSS COMMAND
3118611 4888904 ray::WorkerDict
1317539 4825776 VLLM::Worker_TP
1317538 4821048 VLLM::Worker_TP
3118612 3714644 ray::WorkerDict
3118614 3701184 ray::WorkerDict
3118613 3688792 ray::WorkerDict
1280658 1228452 vllm
3115985 1011328 ray::TaskRunner
3109856 1008216 gcs_server
1317375 966896 VLLM::EngineCor
3109287 911408 python
3116486 599244 ray::TransferQu
3116572 598452 ray::SimpleStor
== 2026-09-05T05:52:44+09:00
Mem:            1007         112         787          42         154         895
    PID   RSS COMMAND
3118611 6021452 ray::WorkerDict
1317539 4825776 VLLM::Worker_TP
1317538 4821048 VLLM::Worker_TP
3118612 3668244 ray::WorkerDict
3118614 3655672 ray::WorkerDict
3118613 3641200 ray::WorkerDict
1280658 1228452 vllm
3115985 1011328 ray::TaskRunner
3109856 1008216 gcs_server
1317375 966896 VLLM::EngineCor
3109287 911408 python
3116486 599244 ray::TransferQu
3116572 598452 ray::SimpleStor
== 2026-09-05T05:53:04+09:00
Mem:            1007         113         786          42         155         893
    PID   RSS COMMAND
3118611 6627916 ray::WorkerDict
1317539 4825776 VLLM::Worker_TP
1317538 4821048 VLLM::Worker_TP
3118612 4274708 ray::WorkerDict
3118614 4262136 ray::WorkerDict
3118613 4248432 ray::WorkerDict
1280658 1228452 vllm
3115985 1011328 ray::TaskRunner
3109856 1009500 gcs_server
1317375 966896 VLLM::EngineCor
3109287 911408 python
3116486 599244 ray::TransferQu
3116572 598452 ray::SimpleStor
== 2026-09-05T05:53:24+09:00
Mem:            1007         115         784          42         155         892
    PID   RSS COMMAND
3118611 7439604 ray::WorkerDict
3118612 5088248 ray::WorkerDict
3118614 5076216 ray::WorkerDict
3118613 5063704 ray::WorkerDict
1317539 4825776 VLLM::Worker_TP
1317538 4821048 VLLM::Worker_TP
1280658 1228452 vllm
3115985 1011328 ray::TaskRunner
3109856 1009500 gcs_server
1317375 966896 VLLM::EngineCor
3109287 911408 python
3116486 599244 ray::TransferQu
3116572 598452 ray::SimpleStor
== 2026-09-05T05:53:44+09:00
Mem:            1007         113         785          42         155         894
    PID   RSS COMMAND
3118611 8265316 ray::WorkerDict
1317539 4826544 VLLM::Worker_TP
1317538 4821816 VLLM::Worker_TP
3118612 4733188 ray::WorkerDict
3118614 4719796 ray::WorkerDict
3118613 4707672 ray::WorkerDict
1280658 1228452 vllm
3115985 1011328 ray::TaskRunner
3109856 1010268 gcs_server
1317375 966896 VLLM::EngineCor
3109287 911408 python
3116486 599244 ray::TransferQu
3116572 598452 ray::SimpleStor
== 2026-09-05T05:54:04+09:00
Mem:            1007         114         784          42         156         893
    PID   RSS COMMAND
3118611 8743732 ray::WorkerDict
3118612 5212420 ray::WorkerDict
3118614 5198988 ray::WorkerDict
3118613 5186136 ray::WorkerDict
1317539 4826544 VLLM::Worker_TP
1317538 4821816 VLLM::Worker_TP
1280658 1228452 vllm
3115985 1011328 ray::TaskRunner
3109856 1010932 gcs_server
1317375 966896 VLLM::EngineCor
3109287 911408 python
3116486 599244 ray::TransferQu
3116572 598452 ray::SimpleStor
== 2026-09-05T05:54:24+09:00
Mem:            1007         115         782          42         156         892
    PID   RSS COMMAND
3118611 9312856 ray::WorkerDict
3118612 5781320 ray::WorkerDict
3118614 5768644 ray::WorkerDict
3118613 5755036 ray::WorkerDict
1317539 4826544 VLLM::Worker_TP
1317538 4821816 VLLM::Worker_TP
1280658 1228452 vllm
3115985 1011328 ray::TaskRunner
3109856 1011048 gcs_server
1317375 966896 VLLM::EngineCor
3109287 911408 python
3116486 599244 ray::TransferQu
3116572 598452 ray::SimpleStor
== 2026-09-05T05:54:44+09:00
Mem:            1007         116         781          42         156         890
    PID   RSS COMMAND
3118611 10016100 ray::WorkerDict
3118612 6484572 ray::WorkerDict
3118614 6473036 ray::WorkerDict
3118613 6458316 ray::WorkerDict
1317539 4826544 VLLM::Worker_TP
1317538 4821816 VLLM::Worker_TP
1280658 1228452 vllm
3109856 1011816 gcs_server
3115985 1011328 ray::TaskRunner
1317375 966896 VLLM::EngineCor
3109287 911408 python
3116486 599244 ray::TransferQu
3116572 598452 ray::SimpleStor
== 2026-09-05T05:55:04+09:00
Mem:            1007         114         782          42         156         892
    PID   RSS COMMAND
3118611 10720224 ray::WorkerDict
3118612 6009444 ray::WorkerDict
3118614 5996976 ray::WorkerDict
3118613 5982596 ray::WorkerDict
1317539 4826544 VLLM::Worker_TP
1317538 4821816 VLLM::Worker_TP
1280658 1228452 vllm
3109856 1012584 gcs_server
3115985 1011328 ray::TaskRunner
1317375 966896 VLLM::EngineCor
3109287 911408 python
3116486 599244 ray::TransferQu
3116572 598452 ray::SimpleStor
== 2026-09-05T05:55:24+09:00
Mem:            1007         115         781          42         157         891
    PID   RSS COMMAND
3118611 11248608 ray::WorkerDict
3118612 6535012 ray::WorkerDict
3118614 6523312 ray::WorkerDict
3118613 6509172 ray::WorkerDict
1317539 4826544 VLLM::Worker_TP
1317538 4821816 VLLM::Worker_TP
1280658 1228452 vllm
3109856 1012584 gcs_server
3115985 1011328 ray::TaskRunner
1317375 966896 VLLM::EngineCor
3109287 911408 python
3116486 599244 ray::TransferQu
3116572 598452 ray::SimpleStor
== 2026-09-05T05:55:44+09:00
Mem:            1007         117         780          42         157         890
    PID   RSS COMMAND
3118611 11862252 ray::WorkerDict
3118612 7151528 ray::WorkerDict
3118614 7139828 ray::WorkerDict
3118613 7125384 ray::WorkerDict
1317539 4826544 VLLM::Worker_TP
1317538 4821816 VLLM::Worker_TP
1280658 1228452 vllm
3109856 1012832 gcs_server
3115985 1011328 ray::TaskRunner
1317375 966896 VLLM::EngineCor
3109287 911408 python
3116486 599244 ray::TransferQu
3116572 598452 ray::SimpleStor
== 2026-09-05T05:56:04+09:00
Mem:            1007         118         778          42         157         889
    PID   RSS COMMAND
3118611 12442512 ray::WorkerDict
3118612 7729072 ray::WorkerDict
3118614 7718392 ray::WorkerDict
3118613 7703696 ray::WorkerDict
1317539 4826544 VLLM::Worker_TP
1317538 4821816 VLLM::Worker_TP
1280658 1228452 vllm
3109856 1014368 gcs_server
3115985 1011328 ray::TaskRunner
1317375 966896 VLLM::EngineCor
3109287 911408 python
3116486 599244 ray::TransferQu
3116572 598452 ray::SimpleStor
== 2026-09-05T05:56:24+09:00
Mem:            1007         116         780          42         158         891
    PID   RSS COMMAND
3118611 13020628 ray::WorkerDict
3118612 7126888 ray::WorkerDict
3118614 7116208 ray::WorkerDict
3118613 7101512 ray::WorkerDict
1317539 4826544 VLLM::Worker_TP
1317538 4821816 VLLM::Worker_TP
1280658 1228452 vllm
3109856 1013584 gcs_server
3115985 1011328 ray::TaskRunner
1317375 966896 VLLM::EngineCor
3109287 911408 python
3116486 599244 ray::TransferQu
3116572 598452 ray::SimpleStor
== 2026-09-05T05:56:44+09:00
Mem:            1007         116         779          42         158         890
    PID   RSS COMMAND
3118611 13443540 ray::WorkerDict
3118612 7549032 ray::WorkerDict
3118614 7538352 ray::WorkerDict
3118613 7523656 ray::WorkerDict
1317539 4826544 VLLM::Worker_TP
1317538 4821816 VLLM::Worker_TP
1280658 1228452 vllm
3109856 1014352 gcs_server
3115985 1011328 ray::TaskRunner
1317375 966896 VLLM::EngineCor
3109287 911408 python
3116486 599244 ray::TransferQu
3116572 598452 ray::SimpleStor
== 2026-09-05T05:57:04+09:00
Mem:            1007         117         778          42         158         889
    PID   RSS COMMAND
3118611 13976224 ray::WorkerDict
3118612 8084644 ray::WorkerDict
3118614 8072436 ray::WorkerDict
3118613 8057740 ray::WorkerDict
1317539 4826544 VLLM::Worker_TP
1317538 4821816 VLLM::Worker_TP
1280658 1228452 vllm
3109856 1016132 gcs_server
3115985 1011328 ray::TaskRunner
1317375 966896 VLLM::EngineCor
3109287 911408 python
3116486 599244 ray::TransferQu
3116572 598452 ray::SimpleStor
== 2026-09-05T05:57:24+09:00
Mem:            1007         118         777          42         158         889
    PID   RSS COMMAND
3118611 14258080 ray::WorkerDict
3118612 8363684 ray::WorkerDict
3118614 8351484 ray::WorkerDict
3118613 8338316 ray::WorkerDict
1317539 4826544 VLLM::Worker_TP
1317538 4821816 VLLM::Worker_TP
1280658 1228452 vllm
3109856 1016900 gcs_server
3115985 1011328 ray::TaskRunner
1317375 966896 VLLM::EngineCor
3109287 911408 python
3116486 599244 ray::TransferQu
3116572 598452 ray::SimpleStor
== 2026-09-05T05:57:44+09:00
Mem:            1007         119         776          42         159         887
    PID   RSS COMMAND
3118611 14885548 ray::WorkerDict
3118612 8993196 ray::WorkerDict
3118614 8981764 ray::WorkerDict
3118613 8967060 ray::WorkerDict
1317539 4826544 VLLM::Worker_TP
1317538 4821816 VLLM::Worker_TP
1280658 1228452 vllm
3109856 1018912 gcs_server
3115985 1011328 ray::TaskRunner
1317375 966896 VLLM::EngineCor
3109287 911408 python
3116486 599244 ray::TransferQu
3116572 598452 ray::SimpleStor
== 2026-09-05T05:58:04+09:00
Mem:            1007         117         777          42         159         889
    PID   RSS COMMAND
3118611 15651280 ray::WorkerDict
3118612 8576108 ray::WorkerDict
3118614 8563896 ray::WorkerDict
3118613 8551264 ray::WorkerDict
1317539 4826544 VLLM::Worker_TP
1317538 4821816 VLLM::Worker_TP
1280658 1228452 vllm
3109856 1019680 gcs_server
3115985 1011328 ray::TaskRunner
1317375 966896 VLLM::EngineCor
3109287 911408 python
3116486 599244 ray::TransferQu
3116572 598452 ray::SimpleStor
== 2026-09-05T05:58:24+09:00
Mem:            1007         119         775          42         159         887
    PID   RSS COMMAND
3118611 16568688 ray::WorkerDict
3118612 9495472 ray::WorkerDict
3118614 9484028 ray::WorkerDict
3118613 9471396 ray::WorkerDict
1317539 4826544 VLLM::Worker_TP
1317538 4821816 VLLM::Worker_TP
1280658 1228452 vllm
3109856 1019656 gcs_server
3115985 1011328 ray::TaskRunner
1317375 966896 VLLM::EngineCor
3109287 911408 python
3116486 599244 ray::TransferQu
3116572 598452 ray::SimpleStor
== 2026-09-05T05:58:44+09:00
Mem:            1007         121         773          42         160         886
    PID   RSS COMMAND
3118611 17502280 ray::WorkerDict
3118612 10429380 ray::WorkerDict
3118614 10417156 ray::WorkerDict
3118613 10404524 ray::WorkerDict
1317539 4826544 VLLM::Worker_TP
1317538 4821816 VLLM::Worker_TP
1280658 1228452 vllm
3109856 1018356 gcs_server
3115985 1011328 ray::TaskRunner
1317375 966896 VLLM::EngineCor
3109287 911408 python
3116486 599244 ray::TransferQu
3116572 598452 ray::SimpleStor
== 2026-09-05T05:59:04+09:00
Mem:            1007         119         774          42         160         888
    PID   RSS COMMAND
3118611 18251084 ray::WorkerDict
3118612 9998300 ray::WorkerDict
3118614 9987000 ray::WorkerDict
3118613 9972832 ray::WorkerDict
1317539 4826544 VLLM::Worker_TP
1317538 4821816 VLLM::Worker_TP
1280658 1228452 vllm
3109856 1019084 gcs_server
3115985 1011328 ray::TaskRunner
1317375 966896 VLLM::EngineCor
3109287 911408 python
3116486 599244 ray::TransferQu
3116572 598452 ray::SimpleStor
== 2026-09-05T05:59:24+09:00
Mem:            1007         121         772          42         161         886
    PID   RSS COMMAND
3118611 19070040 ray::WorkerDict
3118612 10814496 ray::WorkerDict
3118614 10802428 ray::WorkerDict
3118613 10789904 ray::WorkerDict
1317539 4826544 VLLM::Worker_TP
1317538 4821816 VLLM::Worker_TP
1280658 1228452 vllm
3109856 1018032 gcs_server
3115985 1011328 ray::TaskRunner
1317375 966896 VLLM::EngineCor
3109287 911408 python
3116486 599244 ray::TransferQu
3116572 598452 ray::SimpleStor
== 2026-09-05T05:59:44+09:00
Mem:            1007         122         770          42         161         884
    PID   RSS COMMAND
3118611 19982948 ray::WorkerDict
3118612 11730216 ray::WorkerDict
3118614 11718148 ray::WorkerDict
3118613 11706684 ray::WorkerDict
1317539 4826544 VLLM::Worker_TP
1317538 4821816 VLLM::Worker_TP
1280658 1228452 vllm
3109856 1018032 gcs_server
3115985 1011328 ray::TaskRunner
1317375 966896 VLLM::EngineCor
3109287 911408 python
3116486 599244 ray::TransferQu
3116572 598452 ray::SimpleStor
== 2026-09-05T06:00:04+09:00
Mem:            1007         120         772          42         161         886
    PID   RSS COMMAND
3118611 20622192 ray::WorkerDict
3118612 11189472 ray::WorkerDict
3118614 11178092 ray::WorkerDict
3118613 11165536 ray::WorkerDict
1317539 4826544 VLLM::Worker_TP
1317538 4821816 VLLM::Worker_TP
1280658 1228452 vllm
3109856 1017204 gcs_server
3115985 1011328 ray::TaskRunner
1317375 966896 VLLM::EngineCor
3109287 911408 python
3116486 599244 ray::TransferQu
3116572 598452 ray::SimpleStor
== 2026-09-05T06:00:24+09:00
Mem:            1007         122         770          42         162         885
    PID   RSS COMMAND
3118611 21420924 ray::WorkerDict
3118612 11988932 ray::WorkerDict
3118614 11976880 ray::WorkerDict
3118613 11963556 ray::WorkerDict
1317539 4826544 VLLM::Worker_TP
1317538 4821816 VLLM::Worker_TP
1280658 1228452 vllm
3109856 1017764 gcs_server
3115985 1011328 ray::TaskRunner
1317375 966896 VLLM::EngineCor
3109287 911408 python
3116486 599244 ray::TransferQu
3116572 598452 ray::SimpleStor
== 2026-09-05T06:00:45+09:00
Mem:            1007         124         768          42         162         883
    PID   RSS COMMAND
3118611 22385048 ray::WorkerDict
3118612 12950988 ray::WorkerDict
3118614 12939704 ray::WorkerDict
3118613 12926380 ray::WorkerDict
1317539 4826544 VLLM::Worker_TP
1317538 4821816 VLLM::Worker_TP
1280658 1228452 vllm
3109856 1019200 gcs_server
3115985 1011328 ray::TaskRunner
1317375 966896 VLLM::EngineCor
3109287 911408 python
3116486 599244 ray::TransferQu
3116572 598452 ray::SimpleStor
== 2026-09-05T06:01:05+09:00
Mem:            1007         122         769          42         163         885
    PID   RSS COMMAND
3118611 23207604 ray::WorkerDict
3118612 12594632 ray::WorkerDict
3118614 12583196 ray::WorkerDict
3118613 12570300 ray::WorkerDict
1317539 4826544 VLLM::Worker_TP
1317538 4821816 VLLM::Worker_TP
1280658 1228452 vllm
3109856 1018380 gcs_server
3115985 1011328 ray::TaskRunner
1317375 966896 VLLM::EngineCor
3109287 911408 python
3116486 599244 ray::TransferQu
3116572 598452 ray::SimpleStor
== 2026-09-05T06:01:25+09:00
Mem:            1007         124         767          42         163         883
    PID   RSS COMMAND
3118611 24134336 ray::WorkerDict
3118612 13521872 ray::WorkerDict
3118614 13511204 ray::WorkerDict
3118613 13497540 ray::WorkerDict
1317539 4826544 VLLM::Worker_TP
1317538 4821816 VLLM::Worker_TP
1280658 1228452 vllm
3109856 1018196 gcs_server
3115985 1011328 ray::TaskRunner
1317375 966896 VLLM::EngineCor
3109287 911408 python
3116486 599244 ray::TransferQu
3116572 598452 ray::SimpleStor
== 2026-09-05T06:01:45+09:00
Mem:            1007         122         768          42         163         884
    PID   RSS COMMAND
3118611 25042104 ray::WorkerDict
3118612 13247876 ray::WorkerDict
3118614 13237056 ray::WorkerDict
3118613 13223544 ray::WorkerDict
1317539 4826544 VLLM::Worker_TP
1317538 4821816 VLLM::Worker_TP
1280658 1228452 vllm
3109856 1018964 gcs_server
3115985 1011328 ray::TaskRunner
1317375 966896 VLLM::EngineCor
3109287 911408 python
3116486 599244 ray::TransferQu
3116572 598452 ray::SimpleStor
== 2026-09-05T06:02:05+09:00
Mem:            1007         124         766          42         164         883
    PID   RSS COMMAND
3118611 25894340 ray::WorkerDict
3118612 14102984 ray::WorkerDict
3118614 14090628 ray::WorkerDict
3118613 14078408 ray::WorkerDict
1317539 4826544 VLLM::Worker_TP
1317538 4821816 VLLM::Worker_TP
1280658 1228452 vllm
3109856 1018964 gcs_server
3115985 1011328 ray::TaskRunner
1317375 966896 VLLM::EngineCor
3109287 911408 python
3116486 599244 ray::TransferQu
3116572 598452 ray::SimpleStor
== 2026-09-05T06:02:25+09:00
Mem:            1007         126         763          42         164         881
    PID   RSS COMMAND
3118611 26872804 ray::WorkerDict
3118612 15080448 ray::WorkerDict
3118614 15067276 ray::WorkerDict
3118613 15054288 ray::WorkerDict
1317539 4826544 VLLM::Worker_TP
1317538 4821816 VLLM::Worker_TP
1280658 1228452 vllm
3109856 1018848 gcs_server
3115985 1011328 ray::TaskRunner
1317375 966896 VLLM::EngineCor
3109287 911408 python
3116486 599244 ray::TransferQu
3116572 598452 ray::SimpleStor
== 2026-09-05T06:02:45+09:00
Mem:            1007         124         765          42         164         882
    PID   RSS COMMAND
3118611 27860956 ray::WorkerDict
3118612 14890168 ray::WorkerDict
3118614 14876224 ray::WorkerDict
3118613 14865280 ray::WorkerDict
1317539 4826544 VLLM::Worker_TP
1317538 4821816 VLLM::Worker_TP
1280658 1228452 vllm
3109856 1018848 gcs_server
3115985 1011328 ray::TaskRunner
1317375 966896 VLLM::EngineCor
3109287 911408 python
3116486 599244 ray::TransferQu
3116572 598452 ray::SimpleStor
== 2026-09-05T06:03:05+09:00
Mem:            1007         126         764          42         164         881
    PID   RSS COMMAND
3118611 28711680 ray::WorkerDict
3118612 15740932 ray::WorkerDict
3118614 15727756 ray::WorkerDict
3118613 15716888 ray::WorkerDict
1317539 4826544 VLLM::Worker_TP
1317538 4821816 VLLM::Worker_TP
1280658 1228452 vllm
3109856 1019616 gcs_server
3115985 1011328 ray::TaskRunner
1317375 966896 VLLM::EngineCor
3109287 911408 python
3116486 599244 ray::TransferQu
3116572 598452 ray::SimpleStor
== 2026-09-05T06:03:25+09:00
Mem:            1007         124         765          42         164         882
    PID   RSS COMMAND
3118611 29599992 ray::WorkerDict
3118612 15448760 ray::WorkerDict
3118614 15436352 ray::WorkerDict
3118613 15424716 ray::WorkerDict
1317539 4826544 VLLM::Worker_TP
1317538 4821816 VLLM::Worker_TP
1280658 1228452 vllm
3109856 1019604 gcs_server
3115985 1011328 ray::TaskRunner
1317375 966896 VLLM::EngineCor
3109287 911408 python
3116486 599244 ray::TransferQu
3116572 598452 ray::SimpleStor
== 2026-09-05T06:03:45+09:00
Mem:            1007         125         764          42         164         881
    PID   RSS COMMAND
3118611 30090564 ray::WorkerDict
3118612 15941048 ray::WorkerDict
3118614 15927104 ray::WorkerDict
3118613 15917004 ray::WorkerDict
1317539 4826544 VLLM::Worker_TP
1317538 4821816 VLLM::Worker_TP
1280658 1228452 vllm
3109856 1018716 gcs_server
3115985 1011328 ray::TaskRunner
1317375 966896 VLLM::EngineCor
3109287 911408 python
3116486 599244 ray::TransferQu
3116572 598452 ray::SimpleStor
== 2026-09-05T06:04:05+09:00
Mem:            1007         126         762          42         165         880
    PID   RSS COMMAND
3118611 30721616 ray::WorkerDict
3118612 16571388 ray::WorkerDict
3118614 16558904 ray::WorkerDict
3118613 16547344 ray::WorkerDict
1317539 4826544 VLLM::Worker_TP
1317538 4821816 VLLM::Worker_TP
1280658 1228452 vllm
3109856 1017756 gcs_server
3115985 1011328 ray::TaskRunner
1317375 966896 VLLM::EngineCor
3109287 911408 python
3116486 599244 ray::TransferQu
3116572 598452 ray::SimpleStor
== 2026-09-05T06:04:25+09:00
Mem:            1007         128         761          42         165         879
    PID   RSS COMMAND
3118611 31400284 ray::WorkerDict
3118612 17247236 ray::WorkerDict
3118614 17236632 ray::WorkerDict
3118613 17223960 ray::WorkerDict
1317539 4826544 VLLM::Worker_TP
1317538 4821816 VLLM::Worker_TP
1280658 1228452 vllm
3109856 1015596 gcs_server
3115985 1011328 ray::TaskRunner
1317375 966896 VLLM::EngineCor
3109287 911408 python
3116486 599244 ray::TransferQu
3116572 598452 ray::SimpleStor
== 2026-09-05T06:04:45+09:00
Mem:            1007         125         763          42         165         881
    PID   RSS COMMAND
3118611 31944532 ray::WorkerDict
3118612 16614584 ray::WorkerDict
3118614 16603212 ray::WorkerDict
3118613 16591308 ray::WorkerDict
1317539 4826544 VLLM::Worker_TP
1317538 4821816 VLLM::Worker_TP
1280658 1228452 vllm
3109856 1013908 gcs_server
3115985 1011328 ray::TaskRunner
1317375 966896 VLLM::EngineCor
3109287 911408 python
3116486 599244 ray::TransferQu
3116572 598452 ray::SimpleStor
== 2026-09-05T06:05:05+09:00
Mem:            1007         126         762          42         165         880
    PID   RSS COMMAND
3118611 32392788 ray::WorkerDict
3118612 17062204 ray::WorkerDict
3118614 17050700 ray::WorkerDict
3118613 17038796 ray::WorkerDict
1317539 4826544 VLLM::Worker_TP
1317538 4821816 VLLM::Worker_TP
1280658 1228452 vllm
3109856 1013828 gcs_server
3115985 1011328 ray::TaskRunner
1317375 966896 VLLM::EngineCor
3109287 911408 python
3116486 599244 ray::TransferQu
3116572 598452 ray::SimpleStor
== 2026-09-05T06:05:25+09:00
Mem:            1007         127         760          42         166         879
    PID   RSS COMMAND
3118611 32903776 ray::WorkerDict
3118612 17574720 ray::WorkerDict
3118614 17560976 ray::WorkerDict
3118613 17549840 ray::WorkerDict
1317539 4826544 VLLM::Worker_TP
1317538 4821816 VLLM::Worker_TP
1280658 1228452 vllm
3109856 1015364 gcs_server
3115985 1011328 ray::TaskRunner
1317375 966896 VLLM::EngineCor
3109287 911408 python
3116486 599244 ray::TransferQu
3116572 598452 ray::SimpleStor
== 2026-09-05T06:05:45+09:00
Mem:            1007         129         759          42         166         878
    PID   RSS COMMAND
3118611 33541228 ray::WorkerDict
3118612 18210120 ray::WorkerDict
3118614 18197144 ray::WorkerDict
3118613 18186008 ray::WorkerDict
1317539 4826544 VLLM::Worker_TP
1317538 4821816 VLLM::Worker_TP
1280658 1228452 vllm
3109856 1014116 gcs_server
3115985 1011328 ray::TaskRunner
1317375 966896 VLLM::EngineCor
3109287 911408 python
3116486 599244 ray::TransferQu
3116572 598452 ray::SimpleStor
== 2026-09-05T06:06:05+09:00
Mem:            1007         126         761          42         166         880
    PID   RSS COMMAND
3118611 34220644 ray::WorkerDict
3118612 17712636 ray::WorkerDict
3118614 17699660 ray::WorkerDict
3118613 17687756 ray::WorkerDict
1317539 4826544 VLLM::Worker_TP
1317538 4821816 VLLM::Worker_TP
1280658 1228452 vllm
3109856 1012120 gcs_server
3115985 1011328 ray::TaskRunner
1317375 966896 VLLM::EngineCor
3109287 911408 python
3116486 599244 ray::TransferQu
3116572 598452 ray::SimpleStor
== 2026-09-05T06:06:25+09:00
Mem:            1007         127         759          42         167         879
    PID   RSS COMMAND
3118611 34684004 ray::WorkerDict
3118612 18175996 ray::WorkerDict
3118614 18163020 ray::WorkerDict
3118613 18151116 ray::WorkerDict
1317539 4826544 VLLM::Worker_TP
1317538 4821816 VLLM::Worker_TP
1280658 1228452 vllm
3115985 1011328 ray::TaskRunner
3109856 1009944 gcs_server
1317375 966896 VLLM::EngineCor
3109287 911408 python
3116486 599244 ray::TransferQu
3116572 598452 ray::SimpleStor
== 2026-09-05T06:06:45+09:00
Mem:            1007         128         758          42         167         878
    PID   RSS COMMAND
3118611 35204464 ray::WorkerDict
3118612 18695744 ray::WorkerDict
3118614 18682768 ray::WorkerDict
3118613 18670864 ray::WorkerDict
1317539 4826544 VLLM::Worker_TP
1317538 4821816 VLLM::Worker_TP
1280658 1228452 vllm
3109856 1012248 gcs_server
3115985 1011328 ray::TaskRunner
1317375 966896 VLLM::EngineCor
3109287 911408 python
3116486 599244 ray::TransferQu
3116572 598452 ray::SimpleStor
== 2026-09-05T06:07:05+09:00
Mem:            1007         129         757          42         167         877
    PID   RSS COMMAND
3118611 35779708 ray::WorkerDict
3118612 19269704 ray::WorkerDict
3118614 19257496 ray::WorkerDict
3118613 19244068 ray::WorkerDict
1317539 4826544 VLLM::Worker_TP
1317538 4821816 VLLM::Worker_TP
1280658 1228452 vllm
3109856 1012132 gcs_server
3115985 1011328 ray::TaskRunner
1317375 966896 VLLM::EngineCor
3109287 911408 python
3116486 599244 ray::TransferQu
3116572 598452 ray::SimpleStor
== 2026-09-05T06:07:25+09:00
Mem:            1007         131         755          42         167         876
    PID   RSS COMMAND
3118611 36365956 ray::WorkerDict
3118612 19857224 ray::WorkerDict
3118614 19844248 ray::WorkerDict
3118613 19832356 ray::WorkerDict
1317539 4826544 VLLM::Worker_TP
1317538 4821816 VLLM::Worker_TP
1280658 1228452 vllm
3109856 1011620 gcs_server
3115985 1011328 ray::TaskRunner
1317375 966896 VLLM::EngineCor
3109287 911408 python
3116486 599244 ray::TransferQu
3116572 598452 ray::SimpleStor
== 2026-09-05T06:07:45+09:00
Mem:            1007         128         758          42         168         878
    PID   RSS COMMAND
3118611 36884860 ray::WorkerDict
3118612 19195132 ray::WorkerDict
3118614 19182156 ray::WorkerDict
3118613 19170264 ray::WorkerDict
1317539 4826544 VLLM::Worker_TP
1317538 4821816 VLLM::Worker_TP
1280658 1228452 vllm
3115985 1011328 ray::TaskRunner
3109856 1010796 gcs_server
1317375 966896 VLLM::EngineCor
3109287 911408 python
3116486 599244 ray::TransferQu
3116572 598452 ray::SimpleStor
== 2026-09-05T06:08:05+09:00
Mem:            1007         129         757          42         168         878
    PID   RSS COMMAND
3118611 37188476 ray::WorkerDict
3118612 19500796 ray::WorkerDict
3118614 19487820 ray::WorkerDict
3118613 19475160 ray::WorkerDict
1317539 4826544 VLLM::Worker_TP
1317538 4821816 VLLM::Worker_TP
1280658 1228452 vllm
3115985 1011328 ray::TaskRunner
3109856 1009800 gcs_server
1317375 966896 VLLM::EngineCor
3109287 911408 python
3116486 599244 ray::TransferQu
3116572 598452 ray::SimpleStor
== 2026-09-05T06:08:25+09:00
Mem:            1007         130         755          42         168         876
    PID   RSS COMMAND
3118611 37865076 ray::WorkerDict
3118612 20175936 ray::WorkerDict
3118614 20162960 ray::WorkerDict
3118613 20151068 ray::WorkerDict
1317539 4826544 VLLM::Worker_TP
1317538 4821816 VLLM::Worker_TP
1280658 1228452 vllm
3115985 1011328 ray::TaskRunner
3109856 1007500 gcs_server
1317375 966896 VLLM::EngineCor
3109287 911408 python
3116486 599244 ray::TransferQu
3116572 598452 ray::SimpleStor
== 2026-09-05T06:08:45+09:00
Mem:            1007         132         753          42         168         875
    PID   RSS COMMAND
3118611 38638468 ray::WorkerDict
3118612 20950088 ray::WorkerDict
3118614 20937112 ray::WorkerDict
3118613 20925996 ray::WorkerDict
1317539 4826544 VLLM::Worker_TP
1317538 4821816 VLLM::Worker_TP
1280658 1228452 vllm
3115985 1011328 ray::TaskRunner
3109856 1007804 gcs_server
1317375 966896 VLLM::EngineCor
3109287 911408 python
3116486 599244 ray::TransferQu
3116572 598452 ray::SimpleStor
== 2026-09-05T06:09:05+09:00
Mem:            1007         130         755          42         169         877
    PID   RSS COMMAND
3118611 39309972 ray::WorkerDict
3118612 20441084 ray::WorkerDict
3118614 20428876 ray::WorkerDict
3118613 20416992 ray::WorkerDict
1317539 4826544 VLLM::Worker_TP
1317538 4821816 VLLM::Worker_TP
1280658 1228452 vllm
3115985 1011328 ray::TaskRunner
3109856 1009340 gcs_server
1317375 966896 VLLM::EngineCor
3109287 911408 python
3116486 599244 ray::TransferQu
3116572 598452 ray::SimpleStor
== 2026-09-05T06:09:25+09:00
Mem:            1007         131         754          42         169         876
    PID   RSS COMMAND
3118611 39841952 ray::WorkerDict
3118612 20973120 ray::WorkerDict
3118614 20960912 ray::WorkerDict
3118613 20948260 ray::WorkerDict
1317539 4826544 VLLM::Worker_TP
1317538 4821816 VLLM::Worker_TP
1280658 1228452 vllm
3115985 1011328 ray::TaskRunner
3109856 1008564 gcs_server
1317375 966896 VLLM::EngineCor
3109287 911408 python
3116486 599244 ray::TransferQu
3116572 598452 ray::SimpleStor
== 2026-09-05T06:09:45+09:00
Mem:            1007         132         752          42         169         874
    PID   RSS COMMAND
3118611 40622508 ray::WorkerDict
3118612 21752392 ray::WorkerDict
3118614 21741036 ray::WorkerDict
3118613 21729068 ray::WorkerDict
1317539 4826544 VLLM::Worker_TP
1317538 4821816 VLLM::Worker_TP
1280658 1228452 vllm
3115985 1011328 ray::TaskRunner
3109856 1009084 gcs_server
1317375 966896 VLLM::EngineCor
3109287 911408 python
3116486 599244 ray::TransferQu
3116572 598452 ray::SimpleStor
== 2026-09-05T06:10:05+09:00
Mem:            1007         130         754          42         170         876
    PID   RSS COMMAND
3118611 41310628 ray::WorkerDict
3118612 21260028 ray::WorkerDict
3118614 21248672 ray::WorkerDict
3118613 21235936 ray::WorkerDict
1317539 4826544 VLLM::Worker_TP
1317538 4821816 VLLM::Worker_TP
1280658 1228452 vllm
3115985 1011328 ray::TaskRunner
3109856 1010620 gcs_server
1317375 966896 VLLM::EngineCor
3109287 911408 python
3116486 599244 ray::TransferQu
3116572 598452 ray::SimpleStor
== 2026-09-05T06:10:25+09:00
Mem:            1007         131         752          42         170         876
    PID   RSS COMMAND
3118611 41766052 ray::WorkerDict
3118612 21718268 ray::WorkerDict
3118614 21705376 ray::WorkerDict
3118613 21693408 ray::WorkerDict
1317539 4826544 VLLM::Worker_TP
1317538 4821816 VLLM::Worker_TP
1280658 1228452 vllm
3115985 1011328 ray::TaskRunner
3109856 1009664 gcs_server
1317375 966896 VLLM::EngineCor
3109287 911408 python
3116486 599244 ray::TransferQu
3116572 598452 ray::SimpleStor
== 2026-09-05T06:10:46+09:00
Mem:            1007         132         751          42         170         875
    PID   RSS COMMAND
3118611 42269104 ray::WorkerDict
3118612 22220608 ray::WorkerDict
3118614 22209252 ray::WorkerDict
3118613 22195748 ray::WorkerDict
1317539 4826544 VLLM::Worker_TP
1317538 4821816 VLLM::Worker_TP
1280658 1228452 vllm
3115985 1011328 ray::TaskRunner
3109856 1009184 gcs_server
1317375 966896 VLLM::EngineCor
3109287 911408 python
3116486 599244 ray::TransferQu
3116572 598452 ray::SimpleStor
== 2026-09-05T06:11:06+09:00
Mem:            1007         133         750          42         170         873
    PID   RSS COMMAND
3118611 42925500 ray::WorkerDict
3118612 22877000 ray::WorkerDict
3118614 22864876 ray::WorkerDict
3118613 22852140 ray::WorkerDict
1317539 4826544 VLLM::Worker_TP
1317538 4821816 VLLM::Worker_TP
1280658 1228452 vllm
3115985 1011328 ray::TaskRunner
3109856 1009184 gcs_server
1317375 966896 VLLM::EngineCor
3109287 911408 python
3116486 599244 ray::TransferQu
3116572 598452 ray::SimpleStor
== 2026-09-05T06:11:26+09:00
Mem:            1007         131         751          42         171         875
    PID   RSS COMMAND
3118611 43648948 ray::WorkerDict
3118612 22420732 ray::WorkerDict
3118614 22408608 ray::WorkerDict
3118613 22395872 ray::WorkerDict
1317539 4826544 VLLM::Worker_TP
1317538 4821816 VLLM::Worker_TP
1280658 1228452 vllm
3115985 1011328 ray::TaskRunner
3109856 1009952 gcs_server
1317375 966896 VLLM::EngineCor
3109287 911408 python
3116486 599244 ray::TransferQu
3116572 598452 ray::SimpleStor
== 2026-09-05T06:11:46+09:00
Mem:            1007         132         750          42         171         874
    PID   RSS COMMAND
3118611 44165044 ray::WorkerDict
3118612 22936828 ray::WorkerDict
3118614 22925472 ray::WorkerDict
3118613 22911200 ray::WorkerDict
1317539 4826544 VLLM::Worker_TP
1317538 4821816 VLLM::Worker_TP
1280658 1228452 vllm
3115985 1011328 ray::TaskRunner
3109856 1008004 gcs_server
1317375 966896 VLLM::EngineCor
3109287 911408 python
3116486 599244 ray::TransferQu
3116572 598452 ray::SimpleStor
== 2026-09-05T06:12:06+09:00
Mem:            1007         134         748          42         171         873
    PID   RSS COMMAND
3118611 44802496 ray::WorkerDict
3118612 23575104 ray::WorkerDict
3118614 23562980 ray::WorkerDict
3118613 23549476 ray::WorkerDict
1317539 4826544 VLLM::Worker_TP
1317538 4821816 VLLM::Worker_TP
1280658 1228452 vllm
3115985 1011328 ray::TaskRunner
3109856 1007640 gcs_server
1317375 966896 VLLM::EngineCor
3109287 911408 python
3116486 599244 ray::TransferQu
3116572 598452 ray::SimpleStor
== 2026-09-05T06:12:26+09:00
Mem:            1007         135         747          42         172         872
    PID   RSS COMMAND
3118611 45466828 ray::WorkerDict
3118612 24239432 ray::WorkerDict
3118614 24227308 ray::WorkerDict
3118613 24213804 ray::WorkerDict
1317539 4826544 VLLM::Worker_TP
1317538 4821816 VLLM::Worker_TP
1280658 1228452 vllm
3115985 1011328 ray::TaskRunner
3109856 1007640 gcs_server
1317375 966896 VLLM::EngineCor
3109287 911408 python
3116486 599244 ray::TransferQu
3116572 598452 ray::SimpleStor
== 2026-09-05T06:12:46+09:00
Mem:            1007         133         748          42         172         873
    PID   RSS COMMAND
3118611 46243012 ray::WorkerDict
3118612 23833084 ray::WorkerDict
3118614 23822496 ray::WorkerDict
3118613 23807456 ray::WorkerDict
1317539 4826544 VLLM::Worker_TP
1317538 4821816 VLLM::Worker_TP
1280658 1228452 vllm
3115985 1011328 ray::TaskRunner
3109856 1007552 gcs_server
1317375 966896 VLLM::EngineCor
3109287 911408 python
3116486 599244 ray::TransferQu
3116572 598452 ray::SimpleStor
== 2026-09-05T06:13:06+09:00
Mem:            1007         134         746          42         172         872
    PID   RSS COMMAND
3118611 46994128 ray::WorkerDict
3118612 24586304 ray::WorkerDict
3118614 24574948 ray::WorkerDict
3118613 24560676 ray::WorkerDict
1317539 4826544 VLLM::Worker_TP
1317538 4821816 VLLM::Worker_TP
1280658 1228452 vllm
3115985 1011328 ray::TaskRunner
3109856 1007552 gcs_server
1317375 966896 VLLM::EngineCor
3109287 911408 python
3116486 599244 ray::TransferQu
3116572 598452 ray::SimpleStor
== 2026-09-05T06:13:26+09:00
Mem:            1007         136         744          42         173         870
    PID   RSS COMMAND
3118611 47929308 ray::WorkerDict
3118612 25520200 ray::WorkerDict
3118614 25508844 ray::WorkerDict
3118613 25495340 ray::WorkerDict
1317539 4826544 VLLM::Worker_TP
1317538 4821816 VLLM::Worker_TP
1280658 1228452 vllm
3115985 1011328 ray::TaskRunner
3109856 1008252 gcs_server
1317375 966896 VLLM::EngineCor
3109287 911408 python
3116486 599244 ray::TransferQu
3116572 598452 ray::SimpleStor
== 2026-09-05T06:13:46+09:00
Mem:            1007         134         746          42         173         872
    PID   RSS COMMAND
3118611 48663764 ray::WorkerDict
3118612 25075464 ray::WorkerDict
3118614 25064864 ray::WorkerDict
3118613 25050592 ray::WorkerDict
1317539 4826544 VLLM::Worker_TP
1317538 4821816 VLLM::Worker_TP
1280658 1228452 vllm
3115985 1011328 ray::TaskRunner
3109856 1008220 gcs_server
1317375 966896 VLLM::EngineCor
3109287 911408 python
3116486 599244 ray::TransferQu
3116572 598452 ray::SimpleStor
== 2026-09-05T06:14:06+09:00
Mem:            1007         136         744          42         174         871
    PID   RSS COMMAND
3118611 49334528 ray::WorkerDict
3118612 25747020 ray::WorkerDict
3118614 25734944 ray::WorkerDict
3118613 25722156 ray::WorkerDict
1317539 4826544 VLLM::Worker_TP
1317538 4821816 VLLM::Worker_TP
1280658 1228452 vllm
3115985 1011328 ray::TaskRunner
3109856 1008220 gcs_server
1317375 966896 VLLM::EngineCor
3109287 911408 python
3116486 599244 ray::TransferQu
3116572 598452 ray::SimpleStor
== 2026-09-05T06:14:26+09:00
Mem:            1007         137         742          42         174         869
    PID   RSS COMMAND
3118611 50121740 ray::WorkerDict
3118612 26532692 ray::WorkerDict
3118614 26522152 ray::WorkerDict
3118613 26509364 ray::WorkerDict
1317539 4826544 VLLM::Worker_TP
1317538 4821816 VLLM::Worker_TP
1280658 1228452 vllm
3115985 1011328 ray::TaskRunner
3109856 1007416 gcs_server
1317375 966896 VLLM::EngineCor
3109287 911408 python
3116486 599244 ray::TransferQu
3116572 598452 ray::SimpleStor
== 2026-09-05T06:14:46+09:00
Mem:            1007         135         744          42         174         871
    PID   RSS COMMAND
3118611 50836484 ray::WorkerDict
3118612 26066440 ray::WorkerDict
3118614 26055132 ray::WorkerDict
3118613 26042344 ray::WorkerDict
1317539 4826544 VLLM::Worker_TP
1317538 4821816 VLLM::Worker_TP
1280658 1228452 vllm
3115985 1011328 ray::TaskRunner
3109856 1008184 gcs_server
1317375 966896 VLLM::EngineCor
3109287 911408 python
3116486 599244 ray::TransferQu
3116572 598452 ray::SimpleStor
== 2026-09-05T06:15:06+09:00
Mem:            1007         136         742          42         175         870
    PID   RSS COMMAND
3118611 51441412 ray::WorkerDict
3118612 26672904 ray::WorkerDict
3118614 26661596 ray::WorkerDict
3118613 26648040 ray::WorkerDict
1317539 4826544 VLLM::Worker_TP
1317538 4821816 VLLM::Worker_TP
1280658 1228452 vllm
3115985 1011328 ray::TaskRunner
3109856 1008128 gcs_server
1317375 966896 VLLM::EngineCor
3109287 911408 python
3116486 599244 ray::TransferQu
3116572 598452 ray::SimpleStor
== 2026-09-05T06:15:26+09:00
Mem:            1007         138         740          42         175         869
    PID   RSS COMMAND
3118611 52245268 ray::WorkerDict
3118612 27478092 ray::WorkerDict
3118614 27466784 ray::WorkerDict
3118613 27453996 ray::WorkerDict
1317539 4826544 VLLM::Worker_TP
1317538 4821816 VLLM::Worker_TP
1280658 1228452 vllm
3115985 1011328 ray::TaskRunner
3109856 1010372 gcs_server
1317375 966896 VLLM::EngineCor
3109287 911408 python
3116486 599244 ray::TransferQu
3116572 598452 ray::SimpleStor
== 2026-09-05T06:15:46+09:00
Mem:            1007         136         742          42         175         870
    PID   RSS COMMAND
3118611 53183512 ray::WorkerDict
3118612 27235848 ray::WorkerDict
3118614 27225308 ray::WorkerDict
3118613 27212520 ray::WorkerDict
1317539 4826544 VLLM::Worker_TP
1317538 4821816 VLLM::Worker_TP
1280658 1228452 vllm
3115985 1011328 ray::TaskRunner
3109856 1007460 gcs_server
1317375 966896 VLLM::EngineCor
3109287 911408 python
3116486 599244 ray::TransferQu
3116572 598452 ray::SimpleStor
== 2026-09-05T06:16:06+09:00
Mem:            1007         138         740          42         176         868
    PID   RSS COMMAND
3118611 53988648 ray::WorkerDict
3118612 28041036 ray::WorkerDict
3118614 28030496 ray::WorkerDict
3118613 28018480 ray::WorkerDict
1317539 4826544 VLLM::Worker_TP
1317538 4821816 VLLM::Worker_TP
1280658 1228452 vllm
3115985 1011328 ray::TaskRunner
3109856 1008016 gcs_server
1317375 966896 VLLM::EngineCor
3109287 911408 python
3116486 599244 ray::TransferQu
3116572 598452 ray::SimpleStor
== 2026-09-05T06:16:26+09:00
Mem:            1007         140         738          42         176         867
    PID   RSS COMMAND
3118611 54730292 ray::WorkerDict
3118612 28783444 ray::WorkerDict
3118614 28772904 ray::WorkerDict
3118613 28760120 ray::WorkerDict
1317539 4826544 VLLM::Worker_TP
1317538 4821816 VLLM::Worker_TP
1280658 1228452 vllm
3115985 1011328 ray::TaskRunner
3109856 1009552 gcs_server
1317375 966896 VLLM::EngineCor
3109287 911408 python
3116486 599244 ray::TransferQu
3116572 598452 ray::SimpleStor
== 2026-09-05T06:16:46+09:00
Mem:            1007         138         739          42         177         868
    PID   RSS COMMAND
3118611 55724084 ray::WorkerDict
3118612 28597512 ray::WorkerDict
3118614 28586972 ray::WorkerDict
3118613 28574188 ray::WorkerDict
1317539 4826544 VLLM::Worker_TP
1317538 4821816 VLLM::Worker_TP
1280658 1228452 vllm
3115985 1011328 ray::TaskRunner
3109856 1010320 gcs_server
1317375 966896 VLLM::EngineCor
3109287 911408 python
3116486 599244 ray::TransferQu
3116572 598452 ray::SimpleStor
== 2026-09-05T06:17:06+09:00
Mem:            1007         140         736          42         177         867
    PID   RSS COMMAND
3118611 56699200 ray::WorkerDict
3118612 29571928 ray::WorkerDict
3118614 29562144 ray::WorkerDict
3118613 29549364 ray::WorkerDict
1317539 4826544 VLLM::Worker_TP
1317538 4821816 VLLM::Worker_TP
1280658 1228452 vllm
3115985 1011328 ray::TaskRunner
3109856 1009524 gcs_server
1317375 966896 VLLM::EngineCor
3109287 911408 python
3116486 599244 ray::TransferQu
3116572 598452 ray::SimpleStor
== 2026-09-05T06:17:26+09:00
Mem:            1007         142         734          42         177         865
    PID   RSS COMMAND
3118611 57630796 ray::WorkerDict
3118612 30502240 ray::WorkerDict
3118614 30490932 ray::WorkerDict
3118613 30478908 ray::WorkerDict
1317539 4826544 VLLM::Worker_TP
1317538 4821816 VLLM::Worker_TP
1280658 1228452 vllm
3115985 1011328 ray::TaskRunner
3109856 1010272 gcs_server
1317375 966896 VLLM::EngineCor
3109287 911408 python
3116486 599244 ray::TransferQu
3116572 598452 ray::SimpleStor
== 2026-09-05T06:17:46+09:00
Mem:            1007         140         735          42         178         866
    PID   RSS COMMAND
3118611 58515524 ray::WorkerDict
3118612 30209300 ray::WorkerDict
3118614 30198760 ray::WorkerDict
3118613 30186740 ray::WorkerDict
1317539 4826544 VLLM::Worker_TP
1317538 4821816 VLLM::Worker_TP
1280658 1228452 vllm
3109856 1011804 gcs_server
3115985 1011328 ray::TaskRunner
1317375 966896 VLLM::EngineCor
3109287 911408 python
3116486 599244 ray::TransferQu
3116572 598452 ray::SimpleStor
== 2026-09-05T06:18:06+09:00
Mem:            1007         142         733          42         178         865
    PID   RSS COMMAND
3118611 59313488 ray::WorkerDict
3118612 31004504 ray::WorkerDict
3118614 30993968 ray::WorkerDict
3118613 30981176 ray::WorkerDict
1317539 4826544 VLLM::Worker_TP
1317538 4821816 VLLM::Worker_TP
1280658 1228452 vllm
3109856 1011760 gcs_server
3115985 1011328 ray::TaskRunner
1317375 966896 VLLM::EngineCor
3109287 911408 python
3116486 599244 ray::TransferQu
3116572 598452 ray::SimpleStor
== 2026-09-05T06:18:26+09:00
Mem:            1007         140         735          42         179         867
    PID   RSS COMMAND
3118611 60173652 ray::WorkerDict
3118612 30688532 ray::WorkerDict
3118614 30677996 ray::WorkerDict
3118613 30665972 ray::WorkerDict
1317539 4826544 VLLM::Worker_TP
1317538 4821816 VLLM::Worker_TP
1280658 1228452 vllm
3115985 1011328 ray::TaskRunner
3109856 1010600 gcs_server
1317375 966896 VLLM::EngineCor
3109287 911408 python
3116486 599244 ray::TransferQu
3116572 598452 ray::SimpleStor
== 2026-09-05T06:18:46+09:00
Mem:            1007         142         732          42         179         865
    PID   RSS COMMAND
3118611 61098848 ray::WorkerDict
3118612 31613016 ray::WorkerDict
3118614 31602480 ray::WorkerDict
3118613 31589688 ray::WorkerDict
1317539 4826544 VLLM::Worker_TP
1317538 4821816 VLLM::Worker_TP
1280658 1228452 vllm
3109856 1011368 gcs_server
3115985 1011328 ray::TaskRunner
1317375 966896 VLLM::EngineCor
3109287 911408 python
3116486 599244 ray::TransferQu
3116572 598452 ray::SimpleStor
== 2026-09-05T06:19:06+09:00
Mem:            1007         144         730          42         180         863
    PID   RSS COMMAND
3118611 62039924 ray::WorkerDict
3118612 32554080 ray::WorkerDict
3118614 32543544 ray::WorkerDict
3118613 32530756 ray::WorkerDict
1317539 4826544 VLLM::Worker_TP
1317538 4821816 VLLM::Worker_TP
1280658 1228452 vllm
3115985 1011328 ray::TaskRunner
3109856 1010136 gcs_server
1317375 966896 VLLM::EngineCor
3109287 911408 python
3116486 599244 ray::TransferQu
3116572 598452 ray::SimpleStor
== 2026-09-05T06:19:26+09:00
Mem:            1007         142         731          42         180         865
    PID   RSS COMMAND
3118611 62940524 ray::WorkerDict
3118612 32272928 ray::WorkerDict
3118614 32260844 ray::WorkerDict
3118613 32248828 ray::WorkerDict
1317539 4826544 VLLM::Worker_TP
1317538 4821816 VLLM::Worker_TP
1280658 1228452 vllm
3115985 1011328 ray::TaskRunner
3109856 1009016 gcs_server
1317375 966896 VLLM::EngineCor
3109287 911408 python
3116486 599244 ray::TransferQu
3116572 598452 ray::SimpleStor
== 2026-09-05T06:19:46+09:00
Mem:            1007         143         730          42         180         863
    PID   RSS COMMAND
3118611 63719036 ray::WorkerDict
3118612 33054308 ray::WorkerDict
3118614 33042992 ray::WorkerDict
3118613 33030208 ray::WorkerDict
1317539 4826544 VLLM::Worker_TP
1317538 4821816 VLLM::Worker_TP
1280658 1228452 vllm
3115985 1011328 ray::TaskRunner
3109856 1008184 gcs_server
1317375 966896 VLLM::EngineCor
3109287 911408 python
3116486 599244 ray::TransferQu
3116572 598452 ray::SimpleStor
== 2026-09-05T06:20:06+09:00
Mem:            1007         146         727          42         181         861
    PID   RSS COMMAND
3118611 64794504 ray::WorkerDict
3118612 34129004 ray::WorkerDict
3118614 34117688 ray::WorkerDict
3118613 34105676 ray::WorkerDict
1317539 4826544 VLLM::Worker_TP
1317538 4821816 VLLM::Worker_TP
1280658 1228452 vllm
3115985 1011328 ray::TaskRunner
3109856 1008144 gcs_server
1317375 966896 VLLM::EngineCor
3109287 911408 python
3116486 599244 ray::TransferQu
3116572 598452 ray::SimpleStor
== 2026-09-05T06:20:26+09:00
Mem:            1007         144         728          42         181         863
    PID   RSS COMMAND
3118611 65560712 ray::WorkerDict
3118612 33717024 ray::WorkerDict
3118614 33704944 ray::WorkerDict
3118613 33692928 ray::WorkerDict
1317539 4826544 VLLM::Worker_TP
1317538 4821816 VLLM::Worker_TP
1280658 1228452 vllm
3115985 1011328 ray::TaskRunner
3109856 1008912 gcs_server
1317375 966896 VLLM::EngineCor
3109287 911408 python
3116486 599244 ray::TransferQu
3116572 598452 ray::SimpleStor
== 2026-09-05T06:20:47+09:00
Mem:            1007         145         726          42         182         861
    PID   RSS COMMAND
3118611 66464160 ray::WorkerDict
3118612 34619756 ray::WorkerDict
3118614 34608444 ray::WorkerDict
3118613 34595660 ray::WorkerDict
1317539 4826544 VLLM::Worker_TP
1317538 4821816 VLLM::Worker_TP
1280658 1228452 vllm
3115985 1011328 ray::TaskRunner
3109856 1008768 gcs_server
1317375 966896 VLLM::EngineCor
3109287 911408 python
3116486 599244 ray::TransferQu
3116572 598452 ray::SimpleStor
== 2026-09-05T06:21:07+09:00
Mem:            1007         144         727          42         182         863
    PID   RSS COMMAND
3118611 67442840 ray::WorkerDict
3118612 34420256 ray::WorkerDict
3118614 34407408 ray::WorkerDict
3118613 34396160 ray::WorkerDict
1317539 4826544 VLLM::Worker_TP
1317538 4821048 VLLM::Worker_TP
1280658 1227684 vllm
3115985 1011328 ray::TaskRunner
3109856 1007188 gcs_server
1317375 966896 VLLM::EngineCor
3109287 911408 python
3116486 599244 ray::TransferQu
3116572 598452 ray::SimpleStor
== 2026-09-05T06:21:27+09:00
Mem:            1007         145         726          42         182         861
    PID   RSS COMMAND
3118611 68163492 ray::WorkerDict
3118612 35140964 ray::WorkerDict
3118614 35128328 ray::WorkerDict
3118613 35116868 ray::WorkerDict
1317539 4826544 VLLM::Worker_TP
1317538 4821048 VLLM::Worker_TP
1280658 1227684 vllm
3115985 1011328 ray::TaskRunner
3109856 1007112 gcs_server
1317375 966896 VLLM::EngineCor
3109287 911408 python
3116486 599244 ray::TransferQu
3116572 598452 ray::SimpleStor
== 2026-09-05T06:21:47+09:00
Mem:            1007         147         723          42         183         859
    PID   RSS COMMAND
3118611 69133488 ray::WorkerDict
3118612 36110188 ray::WorkerDict
3118614 36099088 ray::WorkerDict
3118613 36086860 ray::WorkerDict
1317539 4826544 VLLM::Worker_TP
1317538 4821048 VLLM::Worker_TP
1280658 1227684 vllm
3115985 1011328 ray::TaskRunner
3109856 1007112 gcs_server
1317375 966896 VLLM::EngineCor
3109287 911408 python
3116486 599244 ray::TransferQu
3116572 598452 ray::SimpleStor
== 2026-09-05T06:22:07+09:00
Mem:            1007         146         725          42         183         861
    PID   RSS COMMAND
3118611 70041256 ray::WorkerDict
3118612 35838240 ray::WorkerDict
3118614 35827140 ray::WorkerDict
3118613 35814912 ray::WorkerDict
1317539 4826544 VLLM::Worker_TP
1317538 4821048 VLLM::Worker_TP
1280658 1227684 vllm
3115985 1011328 ray::TaskRunner
3109856 1007112 gcs_server
1317375 966896 VLLM::EngineCor
3109287 911408 python
3116486 599244 ray::TransferQu
3116572 598452 ray::SimpleStor
== 2026-09-05T06:22:27+09:00
Mem:            1007         148         722          42         184         859
    PID   RSS COMMAND
3118611 71003316 ray::WorkerDict
3118612 36800356 ray::WorkerDict
3118614 36789256 ray::WorkerDict
3118613 36776260 ray::WorkerDict
1317539 4826544 VLLM::Worker_TP
1317538 4821048 VLLM::Worker_TP
1280658 1227684 vllm
3115985 1011328 ray::TaskRunner
3109856 1007880 gcs_server
1317375 966896 VLLM::EngineCor
3109287 911408 python
3116486 599244 ray::TransferQu
3116572 598452 ray::SimpleStor
== 2026-09-05T06:22:47+09:00
Mem:            1007         149         720          42         184         857
    PID   RSS COMMAND
3118611 71884480 ray::WorkerDict
3118612 37680748 ray::WorkerDict
3118614 37669648 ray::WorkerDict
3118613 37657420 ray::WorkerDict
1317539 4826544 VLLM::Worker_TP
1317538 4821048 VLLM::Worker_TP
1280658 1227684 vllm
3115985 1011328 ray::TaskRunner
3109856 1008648 gcs_server
1317375 966896 VLLM::EngineCor
3109287 911408 python
3116486 599244 ray::TransferQu
3116572 598452 ray::SimpleStor
== 2026-09-05T06:23:07+09:00
Mem:            1007         147         722          42         184         859
    PID   RSS COMMAND
3118611 72609464 ray::WorkerDict
3118612 37226016 ray::WorkerDict
3118614 37214148 ray::WorkerDict
3118613 37201920 ray::WorkerDict
1317539 4826544 VLLM::Worker_TP
1317538 4821048 VLLM::Worker_TP
1280658 1227684 vllm
3115985 1011328 ray::TaskRunner
3109856 1008648 gcs_server
1317375 966896 VLLM::EngineCor
3109287 911408 python
3116486 599244 ray::TransferQu
3116572 598452 ray::SimpleStor
== 2026-09-05T06:23:27+09:00
Mem:            1007         149         719          42         185         857
    PID   RSS COMMAND
3118611 73694416 ray::WorkerDict
3118612 38310252 ray::WorkerDict
3118614 38297616 ray::WorkerDict
3118613 38285388 ray::WorkerDict
1317539 4826544 VLLM::Worker_TP
1317538 4821048 VLLM::Worker_TP
1280658 1227684 vllm
3115985 1011328 ray::TaskRunner
3109856 1007784 gcs_server
1317375 966896 VLLM::EngineCor
3109287 911408 python
3116486 599244 ray::TransferQu
3116572 598452 ray::SimpleStor
== 2026-09-05T06:23:47+09:00
Mem:            1007         148         720          42         185         858
    PID   RSS COMMAND
3118611 74840008 ray::WorkerDict
3118612 38276128 ray::WorkerDict
3118614 38265028 ray::WorkerDict
3118613 38252800 ray::WorkerDict
1317539 4826544 VLLM::Worker_TP
1317538 4821048 VLLM::Worker_TP
1280658 1227684 vllm
3115985 1011328 ray::TaskRunner
3109856 1009320 gcs_server
1317375 966896 VLLM::EngineCor
3109287 911408 python
3116486 599244 ray::TransferQu
3116572 598452 ray::SimpleStor
== 2026-09-05T06:24:07+09:00
Mem:            1007         151         717          42         186         856
    PID   RSS COMMAND
3118611 76059360 ray::WorkerDict
3118612 39493484 ray::WorkerDict
3118614 39481616 ray::WorkerDict
3118613 39470932 ray::WorkerDict
1317539 4826544 VLLM::Worker_TP
1317538 4821048 VLLM::Worker_TP
1280658 1227684 vllm
3115985 1011328 ray::TaskRunner
3109856 1008688 gcs_server
1317375 966896 VLLM::EngineCor
3109287 911408 python
3116486 599244 ray::TransferQu
3116572 598452 ray::SimpleStor
== 2026-09-05T06:24:27+09:00
Mem:            1007         150         717          42         187         857
    PID   RSS COMMAND
3118611 77207272 ray::WorkerDict
3118612 39463716 ray::WorkerDict
3118614 39451076 ray::WorkerDict
3118613 39440392 ray::WorkerDict
1317539 4826544 VLLM::Worker_TP
1317538 4821048 VLLM::Worker_TP
1280658 1227684 vllm
3115985 1011328 ray::TaskRunner
3109856 1007708 gcs_server
1317375 966896 VLLM::EngineCor
3109287 911408 python
3116486 599244 ray::TransferQu
3116572 598452 ray::SimpleStor
== 2026-09-05T06:24:47+09:00
Mem:            1007         151         716          42         187         856
    PID   RSS COMMAND
3118611 77829620 ray::WorkerDict
3118612 40085352 ray::WorkerDict
3118614 40074248 ray::WorkerDict
3118613 40062796 ray::WorkerDict
1317539 4826544 VLLM::Worker_TP
1317538 4821048 VLLM::Worker_TP
1280658 1226916 vllm
3115985 1011328 ray::TaskRunner
3109856 1006736 gcs_server
1317375 966896 VLLM::EngineCor
3109287 911408 python
3116486 599244 ray::TransferQu
3116572 598452 ray::SimpleStor
== 2026-09-05T06:25:07+09:00
Mem:            1007         152         714          42         187         854
    PID   RSS COMMAND
3118611 78537216 ray::WorkerDict
3118612 40792176 ray::WorkerDict
3118614 40781072 ray::WorkerDict
3118613 40770388 ray::WorkerDict
1317539 4826544 VLLM::Worker_TP
1317538 4821048 VLLM::Worker_TP
1280658 1226916 vllm
3115985 1011328 ray::TaskRunner
3109856 1008272 gcs_server
1317375 966896 VLLM::EngineCor
3109287 911408 python
3116486 599244 ray::TransferQu
3116572 598452 ray::SimpleStor
== 2026-09-05T06:25:27+09:00
Mem:            1007         150         716          42         188         856
    PID   RSS COMMAND
3118611 79240440 ray::WorkerDict
3118612 40313636 ray::WorkerDict
3118614 40303300 ray::WorkerDict
3118613 40292616 ray::WorkerDict
1317539 4826544 VLLM::Worker_TP
1317538 4821048 VLLM::Worker_TP
1280658 1226916 vllm
3115985 1011328 ray::TaskRunner
3109856 1008148 gcs_server
1317375 966896 VLLM::EngineCor
3109287 911408 python
3116486 599244 ray::TransferQu
3116572 598452 ray::SimpleStor
== 2026-09-05T06:25:47+09:00
Mem:            1007         151         714          42         188         855
    PID   RSS COMMAND
3118611 79826696 ray::WorkerDict
3118612 40902760 ray::WorkerDict
3118614 40891656 ray::WorkerDict
3118613 40879436 ray::WorkerDict
1317539 4826544 VLLM::Worker_TP
1317538 4821048 VLLM::Worker_TP
1280658 1226916 vllm
3115985 1011328 ray::TaskRunner
3109856 1009684 gcs_server
1317375 966896 VLLM::EngineCor
3109287 911408 python
3116486 599244 ray::TransferQu
3116572 598452 ray::SimpleStor
== 2026-09-05T06:26:07+09:00
Mem:            1007         153         712          42         188         854
    PID   RSS COMMAND
3118611 80686868 ray::WorkerDict
3118612 41762928 ray::WorkerDict
3118614 41751824 ray::WorkerDict
3118613 41740372 ray::WorkerDict
1317539 4826544 VLLM::Worker_TP
1317538 4821048 VLLM::Worker_TP
1280658 1226916 vllm
3115985 1011328 ray::TaskRunner
3109856 1008592 gcs_server
1317375 966896 VLLM::EngineCor
3109287 911408 python
3116486 599244 ray::TransferQu
3116572 598452 ray::SimpleStor
== 2026-09-05T06:26:27+09:00
Mem:            1007         151         715          42         188         856
    PID   RSS COMMAND
3118611 81447180 ray::WorkerDict
3118612 41343524 ray::WorkerDict
3118614 41332420 ray::WorkerDict
3118613 41320968 ray::WorkerDict
1317539 4825776 VLLM::Worker_TP
1317538 4820280 VLLM::Worker_TP
1280658 1226916 vllm
3115985 1010560 ray::TaskRunner
3109856 1008592 gcs_server
1317375 966896 VLLM::EngineCor
3109287 911408 python
3116486 599244 ray::TransferQu
3116572 598452 ray::SimpleStor
== 2026-09-05T06:26:47+09:00
Mem:            1007         152         713          42         188         854
    PID   RSS COMMAND
3118611 82034196 ray::WorkerDict
3118612 41929772 ray::WorkerDict
3118614 41919428 ray::WorkerDict
3118613 41905672 ray::WorkerDict
1317539 4825776 VLLM::Worker_TP
1317538 4820280 VLLM::Worker_TP
1280658 1226916 vllm
3115985 1010560 ray::TaskRunner
3109856 1009360 gcs_server
1317375 966896 VLLM::EngineCor
3109287 911408 python
3116486 599244 ray::TransferQu
3116572 598452 ray::SimpleStor
== 2026-09-05T06:27:07+09:00
Mem:            1007         153         712          42         188         853
    PID   RSS COMMAND
3118611 82742560 ray::WorkerDict
3118612 42638192 ray::WorkerDict
3118614 42627080 ray::WorkerDict
3118613 42614092 ray::WorkerDict
1317539 4825776 VLLM::Worker_TP
1317538 4820280 VLLM::Worker_TP
1280658 1226916 vllm
3115985 1010560 ray::TaskRunner
3109856 1009360 gcs_server
1317375 966896 VLLM::EngineCor
3109287 911408 python
3116486 599244 ray::TransferQu
3116572 598452 ray::SimpleStor
== 2026-09-05T06:27:27+09:00
Mem:            1007         152         713          42         188         855
    PID   RSS COMMAND
3118611 83732004 ray::WorkerDict
3118612 42445868 ray::WorkerDict
3118614 42435524 ray::WorkerDict
3118613 42421768 ray::WorkerDict
1317539 4825776 VLLM::Worker_TP
1317538 4820280 VLLM::Worker_TP
1280658 1226916 vllm
3109856 1010652 gcs_server
3115985 1010560 ray::TaskRunner
1317375 966896 VLLM::EngineCor
3109287 911408 python
3116486 599244 ray::TransferQu
3116572 598452 ray::SimpleStor
== 2026-09-05T06:27:47+09:00
Mem:            1007         153         712          42         188         853
    PID   RSS COMMAND
3118611 84404264 ray::WorkerDict
3118612 43120172 ray::WorkerDict
3118614 43109060 ray::WorkerDict
3118613 43096072 ray::WorkerDict
1317539 4825776 VLLM::Worker_TP
1317538 4820280 VLLM::Worker_TP
1280658 1226916 vllm
3115985 1010560 ray::TaskRunner
3109856 1010432 gcs_server
1317375 966896 VLLM::EngineCor
3109287 911408 python
3116486 599244 ray::TransferQu
3116572 598452 ray::SimpleStor
== 2026-09-05T06:28:07+09:00
Mem:            1007         155         711          42         188         852
    PID   RSS COMMAND
3118611 85301824 ray::WorkerDict
3118612 44018552 ray::WorkerDict
3118614 44008208 ray::WorkerDict
3118613 43992916 ray::WorkerDict
1317539 4825776 VLLM::Worker_TP
1317538 4819512 VLLM::Worker_TP
1280658 1226916 vllm
3109856 1010432 gcs_server
3115985 1008256 ray::TaskRunner
1317375 966896 VLLM::EngineCor
3109287 909872 python
3116486 596940 ray::TransferQu
3116558 596148 ray::SimpleStor
== 2026-09-05T06:28:27+09:00
Mem:            1007         153         722          42         179         854
    PID   RSS COMMAND
3118611 86309432 ray::WorkerDict
3118612 43846444 ray::WorkerDict
3118614 43836868 ray::WorkerDict
3118613 43820808 ray::WorkerDict
1317539 4825776 VLLM::Worker_TP
1317538 4819512 VLLM::Worker_TP
1280658 1226916 vllm
3109856 1011200 gcs_server
3115985 1008256 ray::TaskRunner
1317375 966896 VLLM::EngineCor
3109287 909872 python
3116486 596940 ray::TransferQu
3116558 596148 ray::SimpleStor
== 2026-09-05T06:28:47+09:00
Mem:            1007         155         720          42         179         852
    PID   RSS COMMAND
3118611 87185476 ray::WorkerDict
3118612 44722544 ray::WorkerDict
3118614 44712968 ray::WorkerDict
3118613 44697676 ray::WorkerDict
1317539 4825776 VLLM::Worker_TP
1317538 4819512 VLLM::Worker_TP
1280658 1226916 vllm
3109856 1011012 gcs_server
3115985 1008256 ray::TaskRunner
1317375 966896 VLLM::EngineCor
3109287 909872 python
3116486 596940 ray::TransferQu
3116558 596148 ray::SimpleStor
== 2026-09-05T06:29:07+09:00
Mem:            1007         156         725          42         172         851
    PID   RSS COMMAND
3118611 88113488 ray::WorkerDict
3118612 45650552 ray::WorkerDict
3118614 45640976 ray::WorkerDict
3118613 45624916 ray::WorkerDict
1317539 4825776 VLLM::Worker_TP
1317538 4819512 VLLM::Worker_TP
1280658 1226916 vllm
3109856 1010152 gcs_server
3115985 1008256 ray::TaskRunner
1317375 966896 VLLM::EngineCor
3109287 909872 python
3116486 596940 ray::TransferQu
3116558 596148 ray::SimpleStor
== 2026-09-05T06:29:27+09:00
Mem:            1007         154         726          42         173         852
    PID   RSS COMMAND
3118611 89027148 ray::WorkerDict
3118612 45385260 ray::WorkerDict
3118614 45374916 ray::WorkerDict
3118613 45360392 ray::WorkerDict
1317539 4825776 VLLM::Worker_TP
1317538 4819512 VLLM::Worker_TP
1280658 1226916 vllm
3109856 1010152 gcs_server
3115985 1008256 ray::TaskRunner
1317375 966896 VLLM::EngineCor
3109287 909872 python
3116486 596940 ray::TransferQu
3116558 596148 ray::SimpleStor
== 2026-09-05T06:29:47+09:00
Mem:            1007         156         724          42         173         850
    PID   RSS COMMAND
3118611 90055012 ray::WorkerDict
3118612 46411640 ray::WorkerDict
3118614 46402064 ray::WorkerDict
3118613 46387544 ray::WorkerDict
1317539 4825776 VLLM::Worker_TP
1317538 4819512 VLLM::Worker_TP
1280658 1226916 vllm
3109856 1009856 gcs_server
3115985 1008256 ray::TaskRunner
1317375 966896 VLLM::EngineCor
3109287 909872 python
3116486 596940 ray::TransferQu
3116558 596148 ray::SimpleStor
== 2026-09-05T06:30:07+09:00
Mem:            1007         155         725          42         174         852
    PID   RSS COMMAND
3118611 91017052 ray::WorkerDict
3118612 46194732 ray::WorkerDict
3118614 46185156 ray::WorkerDict
3118613 46169868 ray::WorkerDict
1317539 4825776 VLLM::Worker_TP
1317538 4819512 VLLM::Worker_TP
1280658 1226916 vllm
3109856 1011392 gcs_server
3115985 1008256 ray::TaskRunner
1317375 966896 VLLM::EngineCor
3109287 909872 python
3116486 596940 ray::TransferQu
3116558 596148 ray::SimpleStor
== 2026-09-05T06:30:27+09:00
Mem:            1007         156         723          42         174         850
    PID   RSS COMMAND
3118611 91697768 ray::WorkerDict
3118612 46875760 ray::WorkerDict
3118614 46864648 ray::WorkerDict
3118613 46850128 ray::WorkerDict
1317539 4825776 VLLM::Worker_TP
1317538 4819512 VLLM::Worker_TP
1280658 1226916 vllm
3109856 1011980 gcs_server
3115985 1008256 ray::TaskRunner
1317375 966896 VLLM::EngineCor
3109287 909872 python
3116486 596940 ray::TransferQu
3116558 596148 ray::SimpleStor
== 2026-09-05T06:30:48+09:00
Mem:            1007         157         721          42         175         849
    PID   RSS COMMAND
3118611 92426356 ray::WorkerDict
3118612 47604344 ray::WorkerDict
3118614 47594000 ray::WorkerDict
3118613 47578712 ray::WorkerDict
1317539 4825776 VLLM::Worker_TP
1317538 4819512 VLLM::Worker_TP
1280658 1226916 vllm
3109856 1009956 gcs_server
3115985 1008256 ray::TaskRunner
1317375 966896 VLLM::EngineCor
3109287 909872 python
3116486 596940 ray::TransferQu
3116558 596148 ray::SimpleStor
== 2026-09-05T06:31:08+09:00
Mem:            1007         156         723          42         175         851
    PID   RSS COMMAND
3118611 93299564 ray::WorkerDict
3118612 47299884 ray::WorkerDict
3118614 47288772 ray::WorkerDict
3118613 47275020 ray::WorkerDict
1317539 4825776 VLLM::Worker_TP
1317538 4819512 VLLM::Worker_TP
1280658 1226916 vllm
3109856 1011492 gcs_server
3115985 1008256 ray::TaskRunner
1317375 966896 VLLM::EngineCor
3109287 909872 python
3116486 596940 ray::TransferQu
3116558 596148 ray::SimpleStor
== 2026-09-05T06:31:28+09:00
Mem:            1007         157         721          42         175         850
    PID   RSS COMMAND
3118611 93979000 ray::WorkerDict
3118612 47978608 ray::WorkerDict
3118614 47968264 ray::WorkerDict
3118613 47954512 ray::WorkerDict
1317539 4825776 VLLM::Worker_TP
1317538 4819512 VLLM::Worker_TP
1280658 1226916 vllm
3109856 1010568 gcs_server
3115985 1008256 ray::TaskRunner
1317375 966896 VLLM::EngineCor
3109287 909872 python
3116486 596940 ray::TransferQu
3116558 596148 ray::SimpleStor
== 2026-09-05T06:31:48+09:00
Mem:            1007         159         719          42         176         848
    PID   RSS COMMAND
3118611 94724228 ray::WorkerDict
3118612 48723832 ray::WorkerDict
3118614 48714256 ray::WorkerDict
3118613 48700504 ray::WorkerDict
1317539 4825776 VLLM::Worker_TP
1317538 4819512 VLLM::Worker_TP
1280658 1226916 vllm
3109856 1010548 gcs_server
3115985 1008256 ray::TaskRunner
1317375 966896 VLLM::EngineCor
3109287 909872 python
3116486 596940 ray::TransferQu
3116558 596148 ray::SimpleStor
== 2026-09-05T06:32:08+09:00
Mem:            1007         157         721          42         176         850
    PID   RSS COMMAND
3118611 95513468 ray::WorkerDict
3118612 48333488 ray::WorkerDict
3118614 48322244 ray::WorkerDict
3118613 48309260 ray::WorkerDict
1317539 4825776 VLLM::Worker_TP
1317538 4819512 VLLM::Worker_TP
1280658 1226916 vllm
3109856 1011312 gcs_server
3115985 1008256 ray::TaskRunner
1317375 966896 VLLM::EngineCor
3109287 909872 python
3116486 596940 ray::TransferQu
3116558 596148 ray::SimpleStor
== 2026-09-05T06:32:28+09:00
Mem:            1007         158         719          42         176         849
    PID   RSS COMMAND
3118611 96087420 ray::WorkerDict
3118612 48907440 ray::WorkerDict
3118614 48896196 ray::WorkerDict
3118613 48883980 ray::WorkerDict
1317539 4825776 VLLM::Worker_TP
1317538 4819512 VLLM::Worker_TP
1280658 1226916 vllm
3109856 1010540 gcs_server
3115985 1008256 ray::TaskRunner
1317375 966896 VLLM::EngineCor
3109287 909872 python
3116486 596940 ray::TransferQu
3116558 596148 ray::SimpleStor
== 2026-09-05T06:32:48+09:00
Mem:            1007         159         718          42         177         847
    PID   RSS COMMAND
3118611 96779144 ray::WorkerDict
3118612 49599220 ray::WorkerDict
3118614 49588744 ray::WorkerDict
3118613 49574992 ray::WorkerDict
1317539 4825776 VLLM::Worker_TP
1317538 4819512 VLLM::Worker_TP
1280658 1226916 vllm
3109856 1008604 gcs_server
3115985 1008256 ray::TaskRunner
1317375 966896 VLLM::EngineCor
3109287 909872 python
3116486 596940 ray::TransferQu
3116558 596148 ray::SimpleStor
== 2026-09-05T06:33:08+09:00
Mem:            1007         161         716          42         177         846
    PID   RSS COMMAND
3118611 97582228 ray::WorkerDict
3118612 50400764 ray::WorkerDict
3118614 50390288 ray::WorkerDict
3118613 50377304 ray::WorkerDict
1317539 4825776 VLLM::Worker_TP
1317538 4819512 VLLM::Worker_TP
1280658 1226916 vllm
3109856 1008532 gcs_server
3115985 1008256 ray::TaskRunner
1317375 966896 VLLM::EngineCor
3109287 909872 python
3116486 596940 ray::TransferQu
3116558 596148 ray::SimpleStor
== 2026-09-05T06:33:28+09:00
Mem:            1007         159         717          42         177         848
    PID   RSS COMMAND
3118611 98384528 ray::WorkerDict
3118612 50023344 ray::WorkerDict
3118614 50013636 ray::WorkerDict
3118613 49999884 ray::WorkerDict
1317539 4825776 VLLM::Worker_TP
1317538 4819512 VLLM::Worker_TP
1280658 1226916 vllm
3109856 1009956 gcs_server
3115985 1008256 ray::TaskRunner
1317375 966896 VLLM::EngineCor
3109287 909872 python
3116486 596940 ray::TransferQu
3116558 596148 ray::SimpleStor
== 2026-09-05T06:33:48+09:00
Mem:            1007         160         715          42         178         846
    PID   RSS COMMAND
3118611 99183260 ray::WorkerDict
3118612 50820596 ray::WorkerDict
3118614 50812424 ray::WorkerDict
3118613 50797904 ray::WorkerDict
1317539 4825776 VLLM::Worker_TP
1317538 4819512 VLLM::Worker_TP
1280658 1226916 vllm
3109856 1009956 gcs_server
3115985 1008256 ray::TaskRunner
1317375 966896 VLLM::EngineCor
3109287 909872 python
3116486 596940 ray::TransferQu
3116558 596148 ray::SimpleStor
== 2026-09-05T06:34:08+09:00
Mem:            1007         162         713          42         178         844
    PID   RSS COMMAND
3118611 100165544 ray::WorkerDict
3118612 51802108 ray::WorkerDict
3118614 51793936 ray::WorkerDict
3118613 51780184 ray::WorkerDict
1317539 4825776 VLLM::Worker_TP
1317538 4819512 VLLM::Worker_TP
1280658 1226916 vllm
3109856 1008856 gcs_server
3115985 1008256 ray::TaskRunner
1317375 966896 VLLM::EngineCor
3109287 909872 python
3116486 596940 ray::TransferQu
3116558 596148 ray::SimpleStor
== 2026-09-05T06:34:28+09:00
Mem:            1007         160         715          42         179         846
    PID   RSS COMMAND
3118611 100816800 ray::WorkerDict
3118612 51274416 ray::WorkerDict
3118614 51264708 ray::WorkerDict
3118613 51251724 ray::WorkerDict
1317539 4825776 VLLM::Worker_TP
1317538 4819512 VLLM::Worker_TP
1280658 1226916 vllm
3109856 1009608 gcs_server
3115985 1008256 ray::TaskRunner
1317375 966896 VLLM::EngineCor
3109287 909872 python
3116486 596940 ray::TransferQu
3116558 596148 ray::SimpleStor
== 2026-09-05T06:34:48+09:00
Mem:            1007         162         713          42         179         845
    PID   RSS COMMAND
3118611 101642156 ray::WorkerDict
3118612 52098548 ray::WorkerDict
3118614 52088840 ray::WorkerDict
3118613 52075088 ray::WorkerDict
1317539 4825776 VLLM::Worker_TP
1317538 4819512 VLLM::Worker_TP
1280658 1226916 vllm
3115985 1008256 ray::TaskRunner
3109856 1006436 gcs_server
1317375 966896 VLLM::EngineCor
3109287 909872 python
3116486 596940 ray::TransferQu
3116558 596148 ray::SimpleStor
== 2026-09-05T06:35:08+09:00
Mem:            1007         160         714          42         179         846
    PID   RSS COMMAND
3118611 102625968 ray::WorkerDict
3118612 51904688 ray::WorkerDict
3118614 51894980 ray::WorkerDict
3118613 51881996 ray::WorkerDict
1317539 4825776 VLLM::Worker_TP
1317538 4819512 VLLM::Worker_TP
1280658 1226916 vllm
3115985 1008256 ray::TaskRunner
3109856 1005516 gcs_server
1317375 966896 VLLM::EngineCor
3109287 909872 python
3116486 596940 ray::TransferQu
3116558 596148 ray::SimpleStor
== 2026-09-05T06:35:28+09:00
Mem:            1007         162         711          42         180         844
    PID   RSS COMMAND
3118611 103538876 ray::WorkerDict
3118612 52816884 ray::WorkerDict
3118614 52806408 ray::WorkerDict
3118613 52793424 ray::WorkerDict
1317539 4825776 VLLM::Worker_TP
1317538 4819512 VLLM::Worker_TP
1280658 1226916 vllm
3115985 1008256 ray::TaskRunner
3109856 1005500 gcs_server
1317375 966896 VLLM::EngineCor
3109287 909872 python
3116486 596940 ray::TransferQu
3116558 596148 ray::SimpleStor
== 2026-09-05T06:35:48+09:00
Mem:            1007         164         709          42         180         842
    PID   RSS COMMAND
3118611 104619464 ray::WorkerDict
3118612 53897468 ray::WorkerDict
3118614 53886992 ray::WorkerDict
3118613 53874776 ray::WorkerDict
1317539 4825776 VLLM::Worker_TP
1317538 4819512 VLLM::Worker_TP
1280658 1226916 vllm
3115985 1008256 ray::TaskRunner
3109856 1006200 gcs_server
1317375 966896 VLLM::EngineCor
3109287 909872 python
3116486 596940 ray::TransferQu
3116558 596148 ray::SimpleStor
== 2026-09-05T06:36:08+09:00
Mem:            1007         163         710          42         181         844
    PID   RSS COMMAND
3118611 105503424 ray::WorkerDict
3118612 53600944 ray::WorkerDict
3118614 53592004 ray::WorkerDict
3118613 53579020 ray::WorkerDict
1317539 4825776 VLLM::Worker_TP
1317538 4819512 VLLM::Worker_TP
1280658 1226916 vllm
3115985 1008256 ray::TaskRunner
3109856 1005152 gcs_server
1317375 966896 VLLM::EngineCor
3109287 909872 python
3116486 596940 ray::TransferQu
3116558 596148 ray::SimpleStor
== 2026-09-05T06:36:28+09:00
Mem:            1007         164         708          42         181         842
    PID   RSS COMMAND
3118611 106235596 ray::WorkerDict
3118612 54334708 ray::WorkerDict
3118614 54323464 ray::WorkerDict
3118613 54311248 ray::WorkerDict
1317539 4825776 VLLM::Worker_TP
1317538 4819512 VLLM::Worker_TP
1280658 1226916 vllm
3115985 1008256 ray::TaskRunner
3109856 1007456 gcs_server
1317375 966896 VLLM::EngineCor
3109287 909872 python
3116486 596940 ray::TransferQu
3116558 596148 ray::SimpleStor
== 2026-09-05T06:36:48+09:00
Mem:            1007         166         706          42         181         841
    PID   RSS COMMAND
3118611 107079896 ray::WorkerDict
3118612 55179016 ray::WorkerDict
3118614 55167760 ray::WorkerDict
3118613 55156312 ray::WorkerDict
1317539 4825776 VLLM::Worker_TP
1317538 4819512 VLLM::Worker_TP
1280658 1226916 vllm
3115985 1008256 ray::TaskRunner
3109856 1007132 gcs_server
1317375 966896 VLLM::EngineCor
3109287 909872 python
3116486 596940 ray::TransferQu
3116558 596148 ray::SimpleStor
== 2026-09-05T06:37:08+09:00
Mem:            1007         164         708          42         182         843
    PID   RSS COMMAND
3118611 107693520 ray::WorkerDict
3118612 54613692 ray::WorkerDict
3118614 54601668 ray::WorkerDict
3118613 54590220 ray::WorkerDict
1317539 4825776 VLLM::Worker_TP
1317538 4819512 VLLM::Worker_TP
1280658 1226916 vllm
3115985 1008256 ray::TaskRunner
3109856 1006268 gcs_server
1317375 966896 VLLM::EngineCor
3109287 909872 python
3116486 596940 ray::TransferQu
3116558 596148 ray::SimpleStor
== 2026-09-05T06:37:28+09:00
Mem:            1007         165         707          42         182         842
    PID   RSS COMMAND
3118611 108263900 ray::WorkerDict
3118612 55183372 ray::WorkerDict
3118614 55171336 ray::WorkerDict
3118613 55159888 ray::WorkerDict
1317539 4825776 VLLM::Worker_TP
1317538 4819512 VLLM::Worker_TP
1280658 1226916 vllm
3115985 1008256 ray::TaskRunner
3109856 1007036 gcs_server
1317375 966896 VLLM::EngineCor
3109287 909872 python
 588079 638972 sssd_be
3116486 596940 ray::TransferQu
== 2026-09-05T06:37:48+09:00
Mem:            1007         166         705          42         183         840
    PID   RSS COMMAND
3118611 109114600 ray::WorkerDict
3118612 56034068 ray::WorkerDict
3118614 56022032 ray::WorkerDict
3118613 56009816 ray::WorkerDict
1317539 4825776 VLLM::Worker_TP
1317538 4819512 VLLM::Worker_TP
1280658 1226916 vllm
3115985 1008256 ray::TaskRunner
3109856 1006548 gcs_server
1317375 966896 VLLM::EngineCor
3109287 909872 python
3116486 596940 ray::TransferQu
3116558 596148 ray::SimpleStor
== 2026-09-05T06:38:08+09:00
Mem:            1007         163         719          42         171         843
    PID   RSS COMMAND
3118611 109824224 ray::WorkerDict
3118612 55562440 ray::WorkerDict
3118614 55551940 ray::WorkerDict
3118613 55539724 ray::WorkerDict
1317539 4825008 VLLM::Worker_TP
1317538 4818744 VLLM::Worker_TP
1280658 1226916 vllm
3109856 1007112 gcs_server
3115985 1005184 ray::TaskRunner
1317375 966896 VLLM::EngineCor
3109287 907568 python
3116486 594636 ray::TransferQu
3116558 593844 ray::SimpleStor
== 2026-09-05T06:38:28+09:00
Mem:            1007         164         727          42         162         843
    PID   RSS COMMAND
3118611 110393824 ray::WorkerDict
3118612 56132808 ray::WorkerDict
3118614 56123076 ray::WorkerDict
3118613 56108556 ray::WorkerDict
1317539 4825008 VLLM::Worker_TP
1317538 4818744 VLLM::Worker_TP
1280658 1226916 vllm
3109856 1008636 gcs_server
3115985 1005184 ray::TaskRunner
1317375 966896 VLLM::EngineCor
3109287 907568 python
3116486 594636 ray::TransferQu
3116558 593844 ray::SimpleStor
== 2026-09-05T06:38:48+09:00
Mem:            1007         165         725          42         163         841
    PID   RSS COMMAND
3118611 111191792 ray::WorkerDict
3118612 56931596 ray::WorkerDict
3118614 56921864 ray::WorkerDict
3118613 56907344 ray::WorkerDict
1317539 4825008 VLLM::Worker_TP
1317538 4818744 VLLM::Worker_TP
1280658 1226916 vllm
3109856 1008500 gcs_server
3115985 1005184 ray::TaskRunner
1317375 966896 VLLM::EngineCor
3109287 907568 python
3116486 594636 ray::TransferQu
3116558 593844 ray::SimpleStor
== 2026-09-05T06:39:08+09:00
Mem:            1007         165         744          42         145         841
    PID   RSS COMMAND
3118611 111873276 ray::WorkerDict
3118612 57613076 ray::WorkerDict
3118614 57602576 ray::WorkerDict
3118613 57588056 ray::WorkerDict
1317539 4823472 VLLM::Worker_TP
1317538 4817208 VLLM::Worker_TP
1280658 1226916 vllm
3109856 1010036 gcs_server
3115985 1002112 ray::TaskRunner
1317375 966896 VLLM::EngineCor
3109287 904496 python
3116486 593100 ray::TransferQu
 588079 592428 sssd_be
== 2026-09-05T06:39:28+09:00
Mem:            1007         163         745          42         145         844
    PID   RSS COMMAND
3118611 112444916 ray::WorkerDict
3118612 57005000 ray::WorkerDict
3118614 56994500 ray::WorkerDict
3118613 56979212 ray::WorkerDict
1317539 4823472 VLLM::Worker_TP
1317538 4817208 VLLM::Worker_TP
1280658 1226916 vllm
3109856 1009204 gcs_server
3115985 999808 ray::TaskRunner
1317375 966896 VLLM::EngineCor
3109287 901424 python
 588079 592428 sssd_be
3116486 590796 ray::TransferQu
== 2026-09-05T06:39:48+09:00
Mem:            1007         164         744          42         145         842
    PID   RSS COMMAND
3118611 113066496 ray::WorkerDict
3118612 57626636 ray::WorkerDict
3118614 57616140 ray::WorkerDict
3118613 57601616 ray::WorkerDict
1317539 4823472 VLLM::Worker_TP
1317538 4817208 VLLM::Worker_TP
1280658 1226916 vllm
3109856 1012068 gcs_server
3115985 1000576 ray::TaskRunner
1317375 966896 VLLM::EngineCor
3109287 901424 python
 588079 592428 sssd_be
3116486 590796 ray::TransferQu
== 2026-09-05T06:40:08+09:00
Mem:            1007         166         742          42         146         841
    PID   RSS COMMAND
3118611 113926668 ray::WorkerDict
3118612 58486804 ray::WorkerDict
3118614 58477076 ray::WorkerDict
3118613 58463320 ray::WorkerDict
1317539 4823472 VLLM::Worker_TP
1317538 4817208 VLLM::Worker_TP
1280658 1226916 vllm
3109856 1012836 gcs_server
3115985 1000576 ray::TaskRunner
1317375 966896 VLLM::EngineCor
3109287 901424 python
 588079 592428 sssd_be
3116486 590796 ray::TransferQu
== 2026-09-05T06:40:28+09:00
Mem:            1007         152         755          42         146         855
    PID   RSS COMMAND
3118611 93572296 ray::WorkerDict
1317539 4823472 VLLM::Worker_TP
1317538 4817208 VLLM::Worker_TP
3118612 1439280 ray::WorkerDict
3118613 1429784 ray::WorkerDict
3118614 1428496 ray::WorkerDict
1280658 1226916 vllm
3109856 1011436 gcs_server
3115985 1000576 ray::TaskRunner
1317375 966896 VLLM::EngineCor
3109287 901424 python
 588079 592428 sssd_be
3116486 590796 ray::TransferQu
== 2026-09-05T06:40:48+09:00
Mem:            1007         112         794          42         147         894
    PID   RSS COMMAND
3118611 11425548 ray::WorkerDict
1317539 4822680 VLLM::Worker_TP
1317538 4815532 VLLM::Worker_TP
3118612 1443120 ray::WorkerDict
3118613 1432856 ray::WorkerDict
3118614 1430800 ray::WorkerDict
1280658 1226916 vllm
3109856 1012180 gcs_server
3115985 1000576 ray::TaskRunner
1317375 966896 VLLM::EngineCor
3109287 901424 python
 588079 592428 sssd_be
3116486 590796 ray::TransferQu
== 2026-09-05T06:41:08+09:00
Mem:            1007         115         790          42         149         892
    PID   RSS COMMAND
1317539 4822680 VLLM::Worker_TP
1317538 4815532 VLLM::Worker_TP
3118611 1527812 ray::WorkerDict
3118612 1511492 ray::WorkerDict
3118614 1500020 ray::WorkerDict
3118613 1499380 ray::WorkerDict
1280658 1226916 vllm
3115985 1067364 ray::TaskRunner
3109856 1014704 gcs_server
1317375 966896 VLLM::EngineCor
3109287 901424 python
3185799 800592 ray::reward_loo
3185796 799596 ray::reward_loo
== 2026-09-05T06:41:29+09:00
Mem:            1007         121         784          42         148         886
    PID   RSS COMMAND
1317539 4822680 VLLM::Worker_TP
1317538 4815532 VLLM::Worker_TP
3118611 1527812 ray::WorkerDict
3118612 1511492 ray::WorkerDict
3118614 1500020 ray::WorkerDict
3118613 1499380 ray::WorkerDict
3186273 1383532 ray::vLLMHttpSe
3186247 1381404 ray::vLLMHttpSe
3186258 1379544 ray::vLLMHttpSe
3186264 1377640 ray::vLLMHttpSe
1280658 1226916 vllm
3115985 1067364 ray::TaskRunner
3109856 1017280 gcs_server
== 2026-09-05T06:41:49+09:00
Mem:            1007         124         781          43         149         882
    PID   RSS COMMAND
1317539 4822680 VLLM::Worker_TP
1317538 4815532 VLLM::Worker_TP
3118611 1527812 ray::WorkerDict
3118612 1511492 ray::WorkerDict
3118614 1500020 ray::WorkerDict
3118613 1499380 ray::WorkerDict
3187251 1455948 VLLM::Worker
3187252 1453332 VLLM::Worker
3187250 1449996 VLLM::Worker
3187253 1442976 VLLM::Worker
3186273 1383532 ray::vLLMHttpSe
3186247 1381404 ray::vLLMHttpSe
3186258 1379544 ray::vLLMHttpSe
== 2026-09-05T06:42:09+09:00
Mem:            1007         125         780          43         149         882
    PID   RSS COMMAND
1317539 4822680 VLLM::Worker_TP
1317538 4815532 VLLM::Worker_TP
3187251 3262832 VLLM::Worker
3187250 3258136 VLLM::Worker
3187252 3257392 VLLM::Worker
3187253 3153012 VLLM::Worker
3118611 1527812 ray::WorkerDict
3118612 1511492 ray::WorkerDict
3118614 1500020 ray::WorkerDict
3118613 1499380 ray::WorkerDict
3186273 1383532 ray::vLLMHttpSe
3186247 1381404 ray::vLLMHttpSe
3186258 1379544 ray::vLLMHttpSe
== 2026-09-05T06:42:29+09:00
Mem:            1007         125         781          43         149         882
    PID   RSS COMMAND
1317539 4822680 VLLM::Worker_TP
1317538 4815532 VLLM::Worker_TP
3187251 2693160 VLLM::Worker
3187252 2688844 VLLM::Worker
3187250 2685940 VLLM::Worker
3187253 2674520 VLLM::Worker
3118611 1527812 ray::WorkerDict
3118612 1511492 ray::WorkerDict
3118614 1500020 ray::WorkerDict
3118613 1499380 ray::WorkerDict
3186273 1383532 ray::vLLMHttpSe
3186247 1381404 ray::vLLMHttpSe
3186258 1379544 ray::vLLMHttpSe
== 2026-09-05T06:42:49+09:00
Mem:            1007         125         781          43         149         882
    PID   RSS COMMAND
1317539 4822680 VLLM::Worker_TP
1317538 4815532 VLLM::Worker_TP
3187250 3746444 VLLM::Worker
3187251 3481024 VLLM::Worker
3187252 3475172 VLLM::Worker
3187253 3441648 VLLM::Worker
3118611 1527812 ray::WorkerDict
3118612 1511492 ray::WorkerDict
3118614 1500020 ray::WorkerDict
3118613 1499380 ray::WorkerDict
3186273 1383532 ray::vLLMHttpSe
3186247 1381404 ray::vLLMHttpSe
3186258 1379544 ray::vLLMHttpSe
== 2026-09-05T06:43:09+09:00
Mem:            1007         132         774          47         152         875
    PID   RSS COMMAND
1317539 4822680 VLLM::Worker_TP
1317538 4815532 VLLM::Worker_TP
3187251 3410064 VLLM::Worker
3187250 3404716 VLLM::Worker
3187252 3403724 VLLM::Worker
3187253 3399272 VLLM::Worker
3118611 1527812 ray::WorkerDict
3118612 1511492 ray::WorkerDict
3118614 1500020 ray::WorkerDict
3118613 1499380 ray::WorkerDict
3186273 1383532 ray::vLLMHttpSe
3186247 1381404 ray::vLLMHttpSe
3186258 1379544 ray::vLLMHttpSe
== 2026-09-05T06:43:29+09:00
Mem:            1007         132         773          47         153         875
    PID   RSS COMMAND
1317539 4822680 VLLM::Worker_TP
1317538 4815532 VLLM::Worker_TP
3187251 3442320 VLLM::Worker
3187250 3436972 VLLM::Worker
3187252 3435980 VLLM::Worker
3187253 3430760 VLLM::Worker
3118611 1527812 ray::WorkerDict
3118612 1511492 ray::WorkerDict
3118614 1500020 ray::WorkerDict
3118613 1499380 ray::WorkerDict
3186273 1383532 ray::vLLMHttpSe
3186247 1381404 ray::vLLMHttpSe
3186258 1379544 ray::vLLMHttpSe
== 2026-09-05T06:43:49+09:00
Mem:            1007         205         700         116         222         802
    PID   RSS COMMAND
3187253 24035964 VLLM::Worker
3187251 21408528 VLLM::Worker
3187250 21404580 VLLM::Worker
3187252 21393260 VLLM::Worker
1317539 4821912 VLLM::Worker_TP
1317538 4813740 VLLM::Worker_TP
3118611 1527812 ray::WorkerDict
3118612 1511492 ray::WorkerDict
3118614 1500020 ray::WorkerDict
3118613 1499380 ray::WorkerDict
3186273 1459596 ray::vLLMHttpSe
3186258 1454676 ray::vLLMHttpSe
3186247 1454248 ray::vLLMHttpSe
== 2026-09-05T06:44:09+09:00
Mem:            1007         433         473         340         446         574
    PID   RSS COMMAND
3187253 87855228 VLLM::Worker
3187250 78407844 VLLM::Worker
3187252 78405740 VLLM::Worker
3187251 78403344 VLLM::Worker
1317539 4821912 VLLM::Worker_TP
1317538 4813740 VLLM::Worker_TP
3118611 1527812 ray::WorkerDict
3118612 1511492 ray::WorkerDict
3118614 1500020 ray::WorkerDict
3118613 1499380 ray::WorkerDict
3186273 1459596 ray::vLLMHttpSe
3186258 1455444 ray::vLLMHttpSe
3186247 1454248 ray::vLLMHttpSe
== 2026-09-05T06:44:29+09:00
Mem:            1007         548         358         367         473         459
    PID   RSS COMMAND
3187252 87863660 VLLM::Worker
3187251 87857424 VLLM::Worker
3187253 87855228 VLLM::Worker
3187250 87851940 VLLM::Worker
3118611 24584992 ray::WorkerDict
3118612 24577820 ray::WorkerDict
3118613 24525592 ray::WorkerDict
3118614 24522344 ray::WorkerDict
1317539 4821912 VLLM::Worker_TP
1317538 4813740 VLLM::Worker_TP
3186273 1459596 ray::vLLMHttpSe
3186258 1455444 ray::vLLMHttpSe
3186247 1454248 ray::vLLMHttpSe
== 2026-09-05T06:44:49+09:00
Mem:            1007         608         400         367         369         398
    PID   RSS COMMAND
3187252 87614060 VLLM::Worker
3187251 87608592 VLLM::Worker
3187253 87607164 VLLM::Worker
3187250 87603108 VLLM::Worker
3118612 42740756 ray::WorkerDict
3118611 42736528 ray::WorkerDict
3118614 42731728 ray::WorkerDict
3118613 42726876 ray::WorkerDict
1317539 4817304 VLLM::Worker_TP
1317538 4807596 VLLM::Worker_TP
3186273 1246860 ray::vLLMHttpSe
3186258 1242708 ray::vLLMHttpSe
3186247 1241512 ray::vLLMHttpSe
== 2026-09-05T06:45:09+09:00
Mem:            1007         680         329         367         369         326
    PID   RSS COMMAND
3187252 87604076 VLLM::Worker
3187251 87597840 VLLM::Worker
3187253 87595644 VLLM::Worker
3187250 87592356 VLLM::Worker
3118612 61788128 ray::WorkerDict
3118611 61785904 ray::WorkerDict
3118613 61561292 ray::WorkerDict
3118614 61497520 ray::WorkerDict
1317539 4818072 VLLM::Worker_TP
1317538 4808364 VLLM::Worker_TP
3186273 1246860 ray::vLLMHttpSe
3186258 1242708 ray::vLLMHttpSe
3186247 1241512 ray::vLLMHttpSe
== 2026-09-05T06:45:29+09:00
Mem:            1007         682         327         367         369         325
    PID   RSS COMMAND
3187252 87604076 VLLM::Worker
3187251 87597840 VLLM::Worker
3187253 87595644 VLLM::Worker
3187250 87592356 VLLM::Worker
3118613 62375856 ray::WorkerDict
3118611 62006676 ray::WorkerDict
3118612 61924084 ray::WorkerDict
3118614 61858360 ray::WorkerDict
1317539 4818072 VLLM::Worker_TP
1317538 4808364 VLLM::Worker_TP
3186273 1246860 ray::vLLMHttpSe
3186258 1242708 ray::vLLMHttpSe
3186247 1241512 ray::vLLMHttpSe
== 2026-09-05T06:45:49+09:00
Mem:            1007         682         327         367         369         325
    PID   RSS COMMAND
3187252 87606380 VLLM::Worker
3187251 87600144 VLLM::Worker
3187253 87597948 VLLM::Worker
3187250 87594660 VLLM::Worker
3118611 62008212 ray::WorkerDict
3118614 61984912 ray::WorkerDict
3118613 61980104 ray::WorkerDict
3118612 61926388 ray::WorkerDict
1317539 4818072 VLLM::Worker_TP
1317538 4808364 VLLM::Worker_TP
3186273 1246860 ray::vLLMHttpSe
3186258 1242708 ray::vLLMHttpSe
3186247 1241512 ray::vLLMHttpSe
== 2026-09-05T06:46:09+09:00
Mem:            1007         683         326         367         369         324
    PID   RSS COMMAND
3187252 87657836 VLLM::Worker
3187251 87650832 VLLM::Worker
3187253 87649404 VLLM::Worker
3187250 87645348 VLLM::Worker
3118611 62008980 ray::WorkerDict
3118614 61986140 ray::WorkerDict
3118613 61980104 ray::WorkerDict
3118612 61895520 ray::WorkerDict
1317539 4818072 VLLM::Worker_TP
1317538 4808364 VLLM::Worker_TP
3186273 1246860 ray::vLLMHttpSe
3186258 1242708 ray::vLLMHttpSe
3186247 1241512 ray::vLLMHttpSe
== 2026-09-05T06:46:29+09:00
Mem:            1007         684         325         367         369         323
    PID   RSS COMMAND
3187252 87657836 VLLM::Worker
3187251 87650832 VLLM::Worker
3187253 87649404 VLLM::Worker
3187250 87645348 VLLM::Worker
3118611 62008980 ray::WorkerDict
3118614 61986140 ray::WorkerDict
3118613 61980104 ray::WorkerDict
3118612 61895520 ray::WorkerDict
1317539 4818072 VLLM::Worker_TP
1317538 4808364 VLLM::Worker_TP
3186273 1246860 ray::vLLMHttpSe
3186258 1242708 ray::vLLMHttpSe
3186247 1241512 ray::vLLMHttpSe
== 2026-09-05T06:46:49+09:00
Mem:            1007         684         325         367         369         323
    PID   RSS COMMAND
3187252 87657836 VLLM::Worker
3187251 87650832 VLLM::Worker
3187253 87649404 VLLM::Worker
3187250 87645348 VLLM::Worker
3118611 62008980 ray::WorkerDict
3118614 61986140 ray::WorkerDict
3118613 61980104 ray::WorkerDict
3118612 61895520 ray::WorkerDict
1317539 4818072 VLLM::Worker_TP
1317538 4808364 VLLM::Worker_TP
3186273 1246860 ray::vLLMHttpSe
3186258 1242708 ray::vLLMHttpSe
3186247 1241512 ray::vLLMHttpSe
== 2026-09-05T06:47:09+09:00
Mem:            1007         684         324         367         369         322
    PID   RSS COMMAND
3187252 87657836 VLLM::Worker
3187251 87650832 VLLM::Worker
3187253 87649404 VLLM::Worker
3187250 87645348 VLLM::Worker
3118611 62008980 ray::WorkerDict
3118614 61986140 ray::WorkerDict
3118613 61980104 ray::WorkerDict
3118612 61895520 ray::WorkerDict
1317539 4818072 VLLM::Worker_TP
1317538 4808364 VLLM::Worker_TP
3186273 1246860 ray::vLLMHttpSe
3186258 1242708 ray::vLLMHttpSe
3186247 1241512 ray::vLLMHttpSe
== 2026-09-05T06:47:29+09:00
Mem:            1007         685         323         367         369         321
    PID   RSS COMMAND
3187252 87657836 VLLM::Worker
3187251 87650832 VLLM::Worker
3187253 87649404 VLLM::Worker
3187250 87645348 VLLM::Worker
3118611 62008980 ray::WorkerDict
3118614 61986140 ray::WorkerDict
3118613 61980104 ray::WorkerDict
3118612 61895520 ray::WorkerDict
1317539 4818072 VLLM::Worker_TP
1317538 4808364 VLLM::Worker_TP
3186273 1247628 ray::vLLMHttpSe
3186258 1242708 ray::vLLMHttpSe
3186247 1241512 ray::vLLMHttpSe
== 2026-09-05T06:47:49+09:00
Mem:            1007         686         323         367         369         321
    PID   RSS COMMAND
3187252 87657836 VLLM::Worker
3187251 87650832 VLLM::Worker
3187253 87649404 VLLM::Worker
3187250 87645348 VLLM::Worker
3118611 62008980 ray::WorkerDict
3118614 61986140 ray::WorkerDict
3118613 61980104 ray::WorkerDict
3118612 61895520 ray::WorkerDict
1317539 4818072 VLLM::Worker_TP
1317538 4808364 VLLM::Worker_TP
3186273 1247628 ray::vLLMHttpSe
3186258 1242708 ray::vLLMHttpSe
3186247 1241512 ray::vLLMHttpSe
== 2026-09-05T06:48:09+09:00
Mem:            1007         686         323         367         369         321
    PID   RSS COMMAND
3187252 87657836 VLLM::Worker
3187251 87650832 VLLM::Worker
3187253 87649404 VLLM::Worker
3187250 87645348 VLLM::Worker
3118611 62008980 ray::WorkerDict
3118614 61986140 ray::WorkerDict
3118613 61980104 ray::WorkerDict
3118612 61895520 ray::WorkerDict
1317539 4818072 VLLM::Worker_TP
1317538 4808364 VLLM::Worker_TP
3186273 1247628 ray::vLLMHttpSe
3186258 1242708 ray::vLLMHttpSe
3186247 1241512 ray::vLLMHttpSe
== 2026-09-05T06:48:29+09:00
Mem:            1007         686         323         367         369         320
    PID   RSS COMMAND
3187252 87657836 VLLM::Worker
3187251 87650832 VLLM::Worker
3187253 87649404 VLLM::Worker
3187250 87645348 VLLM::Worker
3118611 62008980 ray::WorkerDict
3118614 61986140 ray::WorkerDict
3118613 61980104 ray::WorkerDict
3118612 61895520 ray::WorkerDict
1317539 4818072 VLLM::Worker_TP
1317538 4808364 VLLM::Worker_TP
3186273 1247628 ray::vLLMHttpSe
3186258 1242708 ray::vLLMHttpSe
3186247 1241512 ray::vLLMHttpSe
== 2026-09-05T06:48:49+09:00
Mem:            1007         686         322         367         369         320
    PID   RSS COMMAND
3187252 87657836 VLLM::Worker
3187251 87650832 VLLM::Worker
3187253 87649404 VLLM::Worker
3187250 87645348 VLLM::Worker
3118611 62008980 ray::WorkerDict
3118614 61986140 ray::WorkerDict
3118613 61980104 ray::WorkerDict
3118612 61895520 ray::WorkerDict
1317539 4818072 VLLM::Worker_TP
1317538 4808364 VLLM::Worker_TP
3186273 1247628 ray::vLLMHttpSe
3186258 1242708 ray::vLLMHttpSe
3186247 1241512 ray::vLLMHttpSe
== 2026-09-05T06:49:09+09:00
Mem:            1007         688         321         367         369         319
    PID   RSS COMMAND
3187252 87657836 VLLM::Worker
3187251 87650832 VLLM::Worker
3187253 87649404 VLLM::Worker
3187250 87645348 VLLM::Worker
3118611 62008980 ray::WorkerDict
3118614 61986140 ray::WorkerDict
3118613 61980104 ray::WorkerDict
3118612 61895520 ray::WorkerDict
1317539 4818072 VLLM::Worker_TP
1317538 4811436 VLLM::Worker_TP
3186273 1247628 ray::vLLMHttpSe
3186258 1242708 ray::vLLMHttpSe
3186247 1241512 ray::vLLMHttpSe
== 2026-09-05T06:49:29+09:00
Mem:            1007         692         317         367         369         315
    PID   RSS COMMAND
3187252 87657836 VLLM::Worker
3187251 87650832 VLLM::Worker
3187253 87649404 VLLM::Worker
3187250 87645348 VLLM::Worker
3118611 62008980 ray::WorkerDict
3118614 61986140 ray::WorkerDict
3118613 61980104 ray::WorkerDict
3118612 61895520 ray::WorkerDict
1317539 4818072 VLLM::Worker_TP
1317538 4811436 VLLM::Worker_TP
3193697 1866864 ray::AgentLoopW
3193691 1788096 ray::AgentLoopW
3193696 1648844 ray::AgentLoopW
== 2026-09-05T06:49:49+09:00
Mem:            1007         692         316         367         369         314
    PID   RSS COMMAND
3187252 87664748 VLLM::Worker
3187251 87656976 VLLM::Worker
3187253 87653244 VLLM::Worker
3187250 87649956 VLLM::Worker
3118611 62008980 ray::WorkerDict
3118614 61986140 ray::WorkerDict
3118613 61980104 ray::WorkerDict
3118612 61895520 ray::WorkerDict
1317539 4818072 VLLM::Worker_TP
1317538 4811436 VLLM::Worker_TP
3193697 1921228 ray::AgentLoopW
3193691 1796156 ray::AgentLoopW
3193696 1704692 ray::AgentLoopW
== 2026-09-05T06:50:09+09:00
Mem:            1007         692         316         367         370         314
    PID   RSS COMMAND
3187252 87680876 VLLM::Worker
3187253 87677800 VLLM::Worker
3187251 87677712 VLLM::Worker
3187250 87669156 VLLM::Worker
3118611 62008980 ray::WorkerDict
3118614 61986140 ray::WorkerDict
3118613 61980104 ray::WorkerDict
3118612 61895520 ray::WorkerDict
1317539 4818072 VLLM::Worker_TP
1317538 4811436 VLLM::Worker_TP
3193697 1921228 ray::AgentLoopW
3193691 1796156 ray::AgentLoopW
3193696 1704692 ray::AgentLoopW
== 2026-09-05T06:50:30+09:00
Mem:            1007         695         313         367         371         312
    PID   RSS COMMAND
3187253 87683944 VLLM::Worker
3187252 87680876 VLLM::Worker
3187251 87677548 VLLM::Worker
3187250 87671460 VLLM::Worker
3118611 62008980 ray::WorkerDict
3118614 61986140 ray::WorkerDict
3118613 61980104 ray::WorkerDict
3118612 61895520 ray::WorkerDict
1317539 4818072 VLLM::Worker_TP
1317538 4811436 VLLM::Worker_TP
3193697 1933188 ray::AgentLoopW
3193691 1800652 ray::AgentLoopW
3193696 1706228 ray::AgentLoopW
== 2026-09-05T06:50:50+09:00
Mem:            1007         694         313         367         372         312
    PID   RSS COMMAND
3187253 87684712 VLLM::Worker
3187252 87682412 VLLM::Worker
3187251 87677548 VLLM::Worker
3187250 87671460 VLLM::Worker
3118611 62008980 ray::WorkerDict
3118614 61986140 ray::WorkerDict
3118613 61980104 ray::WorkerDict
3118612 61895520 ray::WorkerDict
1317539 4818072 VLLM::Worker_TP
1317538 4811436 VLLM::Worker_TP
3193697 1939124 ray::AgentLoopW
3193691 1803724 ray::AgentLoopW
3193696 1706228 ray::AgentLoopW
== 2026-09-05T06:51:10+09:00
Mem:            1007         695         312         367         372         312
    PID   RSS COMMAND
3187253 87684712 VLLM::Worker
3187252 87682192 VLLM::Worker
3187251 87682156 VLLM::Worker
3187250 87671460 VLLM::Worker
3118611 62008980 ray::WorkerDict
3118614 61986140 ray::WorkerDict
3118613 61980104 ray::WorkerDict
3118612 61895520 ray::WorkerDict
1317539 4818072 VLLM::Worker_TP
1317538 4811436 VLLM::Worker_TP
3193697 1939124 ray::AgentLoopW
3193691 1823148 ray::AgentLoopW
3193696 1709300 ray::AgentLoopW
== 2026-09-05T06:51:30+09:00
Mem:            1007         695         312         367         373         312
    PID   RSS COMMAND
3187253 87682756 VLLM::Worker
3187252 87682192 VLLM::Worker
3187251 87680660 VLLM::Worker
3187250 87671460 VLLM::Worker
3118611 62008980 ray::WorkerDict
3118614 61986140 ray::WorkerDict
3118613 61980104 ray::WorkerDict
3118612 61895520 ray::WorkerDict
1317539 4818072 VLLM::Worker_TP
1317538 4811436 VLLM::Worker_TP
3193697 1957240 ray::AgentLoopW
3193691 1821940 ray::AgentLoopW
3193696 1706788 ray::AgentLoopW
== 2026-09-05T06:51:50+09:00
Mem:            1007         695         311         367         373         312
    PID   RSS COMMAND
3187252 87685264 VLLM::Worker
3187253 87685060 VLLM::Worker
3187251 87681956 VLLM::Worker
3187250 87672740 VLLM::Worker
3118611 62008980 ray::WorkerDict
3118614 61986140 ray::WorkerDict
3118613 61980104 ray::WorkerDict
3118612 61895520 ray::WorkerDict
1317539 4818072 VLLM::Worker_TP
1317538 4811436 VLLM::Worker_TP
3193697 1954680 ray::AgentLoopW
3193691 1818084 ray::AgentLoopW
3193696 1708324 ray::AgentLoopW
== 2026-09-05T06:52:10+09:00
Mem:            1007         695         311         367         373         312
    PID   RSS COMMAND
3187253 87684036 VLLM::Worker
3187252 87683432 VLLM::Worker
3187251 87679940 VLLM::Worker
3187250 87672740 VLLM::Worker
3118611 62008980 ray::WorkerDict
3118614 61986140 ray::WorkerDict
3118613 61980104 ray::WorkerDict
3118612 61895520 ray::WorkerDict
1317539 4818072 VLLM::Worker_TP
1317538 4811436 VLLM::Worker_TP
3193697 1951612 ray::AgentLoopW
3193691 1818084 ray::AgentLoopW
3193696 1703948 ray::AgentLoopW
== 2026-09-05T06:52:30+09:00
Mem:            1007         695         311         367         373         312
    PID   RSS COMMAND
3187252 87683432 VLLM::Worker
3187253 87683012 VLLM::Worker
3187251 87679940 VLLM::Worker
3187250 87672740 VLLM::Worker
3118611 62008980 ray::WorkerDict
3118614 61986140 ray::WorkerDict
3118613 61980104 ray::WorkerDict
3118612 61895520 ray::WorkerDict
1317539 4818072 VLLM::Worker_TP
1317538 4811436 VLLM::Worker_TP
3193697 1951612 ray::AgentLoopW
3193691 1815500 ray::AgentLoopW
3193696 1702360 ray::AgentLoopW
== 2026-09-05T06:52:50+09:00
Mem:            1007         695         311         367         373         312
    PID   RSS COMMAND
3187252 87683432 VLLM::Worker
3187253 87683012 VLLM::Worker
3187251 87679940 VLLM::Worker
3187250 87672740 VLLM::Worker
3118611 62008980 ray::WorkerDict
3118614 61986140 ray::WorkerDict
3118613 61980104 ray::WorkerDict
3118612 61895520 ray::WorkerDict
1317539 4818072 VLLM::Worker_TP
1317538 4811436 VLLM::Worker_TP
3193697 1951612 ray::AgentLoopW
3193691 1815500 ray::AgentLoopW
3193696 1702360 ray::AgentLoopW
== 2026-09-05T06:53:10+09:00
Mem:            1007         695         311         367         373         312
    PID   RSS COMMAND
3187253 87683780 VLLM::Worker
3187252 87683432 VLLM::Worker
3187251 87679700 VLLM::Worker
3187250 87672740 VLLM::Worker
3118611 62008980 ray::WorkerDict
3118614 61986140 ray::WorkerDict
3118613 61980104 ray::WorkerDict
3118612 61895520 ray::WorkerDict
1317539 4818072 VLLM::Worker_TP
1317538 4811436 VLLM::Worker_TP
3193697 1951612 ray::AgentLoopW
3193691 1815500 ray::AgentLoopW
3193696 1702360 ray::AgentLoopW
== 2026-09-05T06:53:30+09:00
Mem:            1007         483         523         367         373         524
    PID   RSS COMMAND
3187253 87683780 VLLM::Worker
3187252 87683432 VLLM::Worker
3187251 87679700 VLLM::Worker
3187250 87672740 VLLM::Worker
3118611 6297232 ray::WorkerDict
3118613 6286372 ray::WorkerDict
3118614 6285396 ray::WorkerDict
3118612 6253092 ray::WorkerDict
1317539 4818072 VLLM::Worker_TP
1317538 4811436 VLLM::Worker_TP
3193697 1951612 ray::AgentLoopW
3193691 1815500 ray::AgentLoopW
3193696 1702360 ray::AgentLoopW
== 2026-09-05T06:53:50+09:00
Mem:            1007         468         538         367         373         539
    PID   RSS COMMAND
3187253 87683780 VLLM::Worker
3187252 87683432 VLLM::Worker
3187251 87679700 VLLM::Worker
3187250 87672740 VLLM::Worker
1317539 4818072 VLLM::Worker_TP
1317538 4811436 VLLM::Worker_TP
3118611 2659224 ray::WorkerDict
3118614 2647624 ray::WorkerDict
3118613 2646300 ray::WorkerDict
3118612 2613792 ray::WorkerDict
3193697 1951612 ray::AgentLoopW
3193691 1815500 ray::AgentLoopW
3193696 1702360 ray::AgentLoopW
== 2026-09-05T06:54:10+09:00
Mem:            1007         468         538         367         373         539
    PID   RSS COMMAND
3187253 87683780 VLLM::Worker
3187252 87683432 VLLM::Worker
3187251 87679700 VLLM::Worker
3187250 87672740 VLLM::Worker
1317539 4818072 VLLM::Worker_TP
1317538 4811436 VLLM::Worker_TP
3118611 2665276 ray::WorkerDict
3118614 2652616 ray::WorkerDict
3118613 2652172 ray::WorkerDict
3118612 2613792 ray::WorkerDict
3193697 1951612 ray::AgentLoopW
3193691 1815500 ray::AgentLoopW
3193696 1702360 ray::AgentLoopW
== 2026-09-05T06:54:30+09:00
Mem:            1007         468         537         367         373         538
    PID   RSS COMMAND
3187253 87683780 VLLM::Worker
3187252 87683432 VLLM::Worker
3187251 87679700 VLLM::Worker
3187250 87672740 VLLM::Worker
1317539 4818072 VLLM::Worker_TP
1317538 4811436 VLLM::Worker_TP
3118611 2753724 ray::WorkerDict
3118614 2740932 ray::WorkerDict
3118613 2740716 ray::WorkerDict
3118612 2715516 ray::WorkerDict
3193697 1951612 ray::AgentLoopW
3193691 1815500 ray::AgentLoopW
3193696 1702360 ray::AgentLoopW
== 2026-09-05T06:54:50+09:00
Mem:            1007         469         537         367         373         538
    PID   RSS COMMAND
3187253 87683780 VLLM::Worker
3187252 87683432 VLLM::Worker
3187251 87679700 VLLM::Worker
3187250 87672740 VLLM::Worker
1317539 4818072 VLLM::Worker_TP
1317538 4811436 VLLM::Worker_TP
3118611 2862124 ray::WorkerDict
3118614 2849276 ray::WorkerDict
3118613 2849036 ray::WorkerDict
3118612 2813096 ray::WorkerDict
3193697 1951612 ray::AgentLoopW
3193691 1815500 ray::AgentLoopW
3193696 1702360 ray::AgentLoopW
== 2026-09-05T06:55:10+09:00
Mem:            1007         469         537         368         374         537
    PID   RSS COMMAND
3187253 87683780 VLLM::Worker
3187252 87683432 VLLM::Worker
3187251 87679700 VLLM::Worker
3187250 87672740 VLLM::Worker
1317539 4818072 VLLM::Worker_TP
1317538 4811436 VLLM::Worker_TP
3118611 2933236 ray::WorkerDict
3118613 2922196 ray::WorkerDict
3118614 2921780 ray::WorkerDict
3118612 2886408 ray::WorkerDict
3193697 1951612 ray::AgentLoopW
3193691 1815500 ray::AgentLoopW
3193696 1702360 ray::AgentLoopW
== 2026-09-05T06:55:30+09:00
Mem:            1007         469         536         368         374         537
    PID   RSS COMMAND
3187253 87683780 VLLM::Worker
3187252 87683432 VLLM::Worker
3187251 87679700 VLLM::Worker
3187250 87672740 VLLM::Worker
1317539 4818072 VLLM::Worker_TP
1317538 4811436 VLLM::Worker_TP
3118611 2981368 ray::WorkerDict
3118613 2970400 ray::WorkerDict
3118614 2969036 ray::WorkerDict
3118612 2931452 ray::WorkerDict
3193697 1951612 ray::AgentLoopW
3193691 1815500 ray::AgentLoopW
3193696 1702360 ray::AgentLoopW
== 2026-09-05T06:55:50+09:00
Mem:            1007         469         536         368         374         537
    PID   RSS COMMAND
3187253 87683780 VLLM::Worker
3187252 87683432 VLLM::Worker
3187251 87679700 VLLM::Worker
3187250 87672740 VLLM::Worker
1317539 4818072 VLLM::Worker_TP
1317538 4811436 VLLM::Worker_TP
3118611 2981368 ray::WorkerDict
3118613 2970400 ray::WorkerDict
3118614 2969036 ray::WorkerDict
3118612 2931452 ray::WorkerDict
3193697 1951612 ray::AgentLoopW
3193691 1815500 ray::AgentLoopW
3193696 1702360 ray::AgentLoopW
== 2026-09-05T06:56:10+09:00
Mem:            1007         469         536         368         374         537
    PID   RSS COMMAND
3187253 87683780 VLLM::Worker
3187252 87683432 VLLM::Worker
3187251 87679700 VLLM::Worker
3187250 87672740 VLLM::Worker
1317539 4818072 VLLM::Worker_TP
1317538 4811436 VLLM::Worker_TP
3118611 2981368 ray::WorkerDict
3118613 2970400 ray::WorkerDict
3118614 2969036 ray::WorkerDict
3118612 2931452 ray::WorkerDict
3193697 1951612 ray::AgentLoopW
3193691 1815500 ray::AgentLoopW
3193696 1702360 ray::AgentLoopW
== 2026-09-05T06:56:30+09:00
Mem:            1007         470         536         368         374         537
    PID   RSS COMMAND
3187253 87683780 VLLM::Worker
3187252 87683432 VLLM::Worker
3187251 87679700 VLLM::Worker
3187250 87672740 VLLM::Worker
1317539 4818072 VLLM::Worker_TP
1317538 4811436 VLLM::Worker_TP
3118611 3148376 ray::WorkerDict
3118613 3080364 ray::WorkerDict
3118614 3075696 ray::WorkerDict
3118612 3042448 ray::WorkerDict
3193697 1951612 ray::AgentLoopW
3193691 1815500 ray::AgentLoopW
3193696 1702360 ray::AgentLoopW
== 2026-09-05T06:56:50+09:00
Mem:            1007         471         535         368         374         536
    PID   RSS COMMAND
3187253 87683780 VLLM::Worker
3187252 87683432 VLLM::Worker
3187251 87679700 VLLM::Worker
3187250 87672740 VLLM::Worker
1317539 4818072 VLLM::Worker_TP
1317538 4811436 VLLM::Worker_TP
3118611 3375052 ray::WorkerDict
3118614 3301808 ray::WorkerDict
3118613 3295960 ray::WorkerDict
3118612 3269088 ray::WorkerDict
3193697 1951612 ray::AgentLoopW
3193691 1815500 ray::AgentLoopW
3193696 1702360 ray::AgentLoopW
== 2026-09-05T06:57:10+09:00
Mem:            1007         471         535         368         374         536
    PID   RSS COMMAND
3187253 87683780 VLLM::Worker
3187252 87683432 VLLM::Worker
3187251 87679700 VLLM::Worker
3187250 87672740 VLLM::Worker
1317539 4818072 VLLM::Worker_TP
1317538 4811436 VLLM::Worker_TP
3118611 3376588 ray::WorkerDict
3118614 3302576 ray::WorkerDict
3118613 3296728 ray::WorkerDict
3118612 3269856 ray::WorkerDict
3193697 1951612 ray::AgentLoopW
3193691 1815500 ray::AgentLoopW
3193696 1702360 ray::AgentLoopW
== 2026-09-05T06:57:30+09:00
Mem:            1007         471         535         368         374         536
    PID   RSS COMMAND
3187253 87683780 VLLM::Worker
3187252 87683432 VLLM::Worker
3187251 87679700 VLLM::Worker
3187250 87672740 VLLM::Worker
1317539 4818072 VLLM::Worker_TP
1317538 4811436 VLLM::Worker_TP
3118611 3377356 ray::WorkerDict
3118614 3303344 ray::WorkerDict
3118613 3297496 ray::WorkerDict
3118612 3270624 ray::WorkerDict
3193697 1951612 ray::AgentLoopW
3193691 1815500 ray::AgentLoopW
3193696 1702360 ray::AgentLoopW
== 2026-09-05T06:57:50+09:00
Mem:            1007         471         535         368         374         536
    PID   RSS COMMAND
3187253 87683780 VLLM::Worker
3187252 87683432 VLLM::Worker
3187251 87679700 VLLM::Worker
3187250 87672740 VLLM::Worker
1317539 4818072 VLLM::Worker_TP
1317538 4811436 VLLM::Worker_TP
3118611 3377356 ray::WorkerDict
3118614 3303344 ray::WorkerDict
3118613 3297496 ray::WorkerDict
3118612 3270624 ray::WorkerDict
3193697 1951612 ray::AgentLoopW
3193691 1815500 ray::AgentLoopW
3193696 1702360 ray::AgentLoopW
== 2026-09-05T06:58:10+09:00
Mem:            1007         471         535         368         374         536
    PID   RSS COMMAND
3187253 87683780 VLLM::Worker
3187252 87683432 VLLM::Worker
3187251 87679700 VLLM::Worker
3187250 87672740 VLLM::Worker
1317539 4818072 VLLM::Worker_TP
1317538 4811436 VLLM::Worker_TP
3118611 3377356 ray::WorkerDict
3118614 3304112 ray::WorkerDict
3118613 3298264 ray::WorkerDict
3118612 3271392 ray::WorkerDict
3193697 1951612 ray::AgentLoopW
3193691 1815500 ray::AgentLoopW
3193696 1702360 ray::AgentLoopW
== 2026-09-05T06:58:30+09:00
Mem:            1007         471         535         368         374         536
    PID   RSS COMMAND
3187253 87683780 VLLM::Worker
3187252 87683432 VLLM::Worker
3187251 87679700 VLLM::Worker
3187250 87672740 VLLM::Worker
1317539 4818072 VLLM::Worker_TP
1317538 4811436 VLLM::Worker_TP
3118611 3378124 ray::WorkerDict
3118614 3304880 ray::WorkerDict
3118613 3298264 ray::WorkerDict
3118612 3271392 ray::WorkerDict
3193697 1952380 ray::AgentLoopW
3193691 1815500 ray::AgentLoopW
3193696 1702360 ray::AgentLoopW
== 2026-09-05T06:58:50+09:00
Mem:            1007         471         535         368         374         536
    PID   RSS COMMAND
3187253 87683780 VLLM::Worker
3187252 87683432 VLLM::Worker
3187251 87679700 VLLM::Worker
3187250 87672740 VLLM::Worker
1317539 4818072 VLLM::Worker_TP
1317538 4811436 VLLM::Worker_TP
3118611 3378124 ray::WorkerDict
3118614 3304880 ray::WorkerDict
3118613 3298264 ray::WorkerDict
3118612 3271392 ray::WorkerDict
3193697 1952380 ray::AgentLoopW
3193691 1815500 ray::AgentLoopW
3193696 1702360 ray::AgentLoopW
== 2026-09-05T06:59:10+09:00
Mem:            1007         471         535         368         374         536
    PID   RSS COMMAND
3187253 87683780 VLLM::Worker
3187252 87683432 VLLM::Worker
3187251 87679700 VLLM::Worker
3187250 87672740 VLLM::Worker
1317539 4818072 VLLM::Worker_TP
1317538 4811436 VLLM::Worker_TP
3118611 3378124 ray::WorkerDict
3118614 3304880 ray::WorkerDict
3118613 3298264 ray::WorkerDict
3118612 3271392 ray::WorkerDict
3193697 1952380 ray::AgentLoopW
3193691 1815500 ray::AgentLoopW
3193696 1702360 ray::AgentLoopW
== 2026-09-05T06:59:30+09:00
Mem:            1007         471         535         368         374         536
    PID   RSS COMMAND
3187253 87683780 VLLM::Worker
3187252 87683432 VLLM::Worker
3187251 87679700 VLLM::Worker
3187250 87672740 VLLM::Worker
1317539 4818072 VLLM::Worker_TP
1317538 4811436 VLLM::Worker_TP
3118611 3378124 ray::WorkerDict
3118614 3304880 ray::WorkerDict
3118613 3298264 ray::WorkerDict
3118612 3271392 ray::WorkerDict
3193697 1952380 ray::AgentLoopW
3193691 1815500 ray::AgentLoopW
3193696 1702360 ray::AgentLoopW
== 2026-09-05T06:59:50+09:00
Mem:            1007         471         535         368         374         536
    PID   RSS COMMAND
3187253 87683780 VLLM::Worker
3187252 87683432 VLLM::Worker
3187251 87679700 VLLM::Worker
3187250 87672740 VLLM::Worker
1317539 4818072 VLLM::Worker_TP
1317538 4811436 VLLM::Worker_TP
3118611 3378124 ray::WorkerDict
3118614 3304880 ray::WorkerDict
3118613 3298264 ray::WorkerDict
3118612 3271392 ray::WorkerDict
3193697 1952380 ray::AgentLoopW
3193691 1815500 ray::AgentLoopW
3193696 1702360 ray::AgentLoopW
== 2026-09-05T07:00:10+09:00
Mem:            1007         471         535         368         374         536
    PID   RSS COMMAND
3187253 87683780 VLLM::Worker
3187252 87683432 VLLM::Worker
3187251 87679700 VLLM::Worker
3187250 87672740 VLLM::Worker
1317539 4818072 VLLM::Worker_TP
1317538 4811436 VLLM::Worker_TP
3118611 3378124 ray::WorkerDict
3118614 3304880 ray::WorkerDict
3118613 3298264 ray::WorkerDict
3118612 3271392 ray::WorkerDict
3193697 1952380 ray::AgentLoopW
3193691 1815500 ray::AgentLoopW
3193696 1702360 ray::AgentLoopW
== 2026-09-05T07:00:30+09:00
Mem:            1007         471         535         368         374         536
    PID   RSS COMMAND
3187253 87683780 VLLM::Worker
3187252 87683432 VLLM::Worker
3187251 87679700 VLLM::Worker
3187250 87672740 VLLM::Worker
1317539 4818072 VLLM::Worker_TP
1317538 4811436 VLLM::Worker_TP
3118611 3378124 ray::WorkerDict
3118614 3304880 ray::WorkerDict
3118613 3298264 ray::WorkerDict
3118612 3271392 ray::WorkerDict
3193697 1952380 ray::AgentLoopW
3193691 1815500 ray::AgentLoopW
3193696 1702360 ray::AgentLoopW
== 2026-09-05T07:00:51+09:00
Mem:            1007         471         535         368         374         536
    PID   RSS COMMAND
3187253 87683780 VLLM::Worker
3187252 87683432 VLLM::Worker
3187251 87679700 VLLM::Worker
3187250 87672740 VLLM::Worker
1317539 4818072 VLLM::Worker_TP
1317538 4811436 VLLM::Worker_TP
3118611 3378124 ray::WorkerDict
3118614 3304880 ray::WorkerDict
3118613 3298264 ray::WorkerDict
3118612 3271392 ray::WorkerDict
3193697 1952380 ray::AgentLoopW
3193691 1815500 ray::AgentLoopW
3193696 1702360 ray::AgentLoopW
== 2026-09-05T07:01:11+09:00
Mem:            1007         471         535         368         374         536
    PID   RSS COMMAND
3187253 87683780 VLLM::Worker
3187252 87683432 VLLM::Worker
3187251 87679700 VLLM::Worker
3187250 87672740 VLLM::Worker
1317539 4818072 VLLM::Worker_TP
1317538 4811436 VLLM::Worker_TP
3118611 3378124 ray::WorkerDict
3118614 3304880 ray::WorkerDict
3118613 3298264 ray::WorkerDict
3118612 3271392 ray::WorkerDict
3193697 1952380 ray::AgentLoopW
3193691 1815500 ray::AgentLoopW
3193696 1702360 ray::AgentLoopW
== 2026-09-05T07:01:31+09:00
Mem:            1007         471         535         368         374         536
    PID   RSS COMMAND
3187253 87683780 VLLM::Worker
3187252 87683432 VLLM::Worker
3187251 87679700 VLLM::Worker
3187250 87672740 VLLM::Worker
1317539 4818072 VLLM::Worker_TP
1317538 4811436 VLLM::Worker_TP
3118611 3378124 ray::WorkerDict
3118614 3304880 ray::WorkerDict
3118613 3298264 ray::WorkerDict
3118612 3271392 ray::WorkerDict
3193697 1952380 ray::AgentLoopW
3193691 1815500 ray::AgentLoopW
3193696 1702360 ray::AgentLoopW
== 2026-09-05T07:01:51+09:00
Mem:            1007         471         535         368         374         536
    PID   RSS COMMAND
3187253 87683780 VLLM::Worker
3187252 87683432 VLLM::Worker
3187251 87679700 VLLM::Worker
3187250 87672740 VLLM::Worker
1317539 4818072 VLLM::Worker_TP
1317538 4811436 VLLM::Worker_TP
3118611 3378124 ray::WorkerDict
3118614 3304880 ray::WorkerDict
3118613 3298264 ray::WorkerDict
3118612 3271392 ray::WorkerDict
3193697 1952380 ray::AgentLoopW
3193691 1815500 ray::AgentLoopW
3193696 1702360 ray::AgentLoopW
== 2026-09-05T07:02:11+09:00
Mem:            1007         471         535         368         374         536
    PID   RSS COMMAND
3187253 87683780 VLLM::Worker
3187252 87683432 VLLM::Worker
3187251 87679700 VLLM::Worker
3187250 87672740 VLLM::Worker
1317539 4818072 VLLM::Worker_TP
1317538 4811436 VLLM::Worker_TP
3118611 3378124 ray::WorkerDict
3118614 3304880 ray::WorkerDict
3118613 3298264 ray::WorkerDict
3118612 3271392 ray::WorkerDict
3193697 1952380 ray::AgentLoopW
3193691 1815500 ray::AgentLoopW
3193696 1702360 ray::AgentLoopW
== 2026-09-05T07:02:31+09:00
Mem:            1007         471         535         368         374         536
    PID   RSS COMMAND
3187253 87683780 VLLM::Worker
3187252 87683432 VLLM::Worker
3187251 87679700 VLLM::Worker
3187250 87672740 VLLM::Worker
1317539 4818072 VLLM::Worker_TP
1317538 4811436 VLLM::Worker_TP
3118611 3378124 ray::WorkerDict
3118614 3304880 ray::WorkerDict
3118613 3298264 ray::WorkerDict
3118612 3271392 ray::WorkerDict
3193697 1952380 ray::AgentLoopW
3193691 1815500 ray::AgentLoopW
3193696 1702360 ray::AgentLoopW
== 2026-09-05T07:02:51+09:00
Mem:            1007         471         535         368         374         536
    PID   RSS COMMAND
3187253 87683780 VLLM::Worker
3187252 87683432 VLLM::Worker
3187251 87679700 VLLM::Worker
3187250 87672740 VLLM::Worker
1317539 4823448 VLLM::Worker_TP
1317538 4816812 VLLM::Worker_TP
3118611 3378892 ray::WorkerDict
3118614 3305648 ray::WorkerDict
3118613 3299032 ray::WorkerDict
3118612 3272160 ray::WorkerDict
3193697 1952380 ray::AgentLoopW
3193691 1815500 ray::AgentLoopW
3193696 1702360 ray::AgentLoopW
== 2026-09-05T07:03:11+09:00
Mem:            1007         471         535         368         374         536
    PID   RSS COMMAND
3187253 87683780 VLLM::Worker
3187252 87683432 VLLM::Worker
3187251 87679700 VLLM::Worker
3187250 87672740 VLLM::Worker
1317539 4828824 VLLM::Worker_TP
1317538 4821420 VLLM::Worker_TP
3118611 3378892 ray::WorkerDict
3118614 3305648 ray::WorkerDict
3118613 3299032 ray::WorkerDict
3118612 3272160 ray::WorkerDict
3193697 1952380 ray::AgentLoopW
3193691 1815500 ray::AgentLoopW
3193696 1702360 ray::AgentLoopW
== 2026-09-05T07:03:31+09:00
Mem:            1007         478         528         368         374         529
    PID   RSS COMMAND
3187253 87683780 VLLM::Worker
3187252 87683432 VLLM::Worker
3187251 87679700 VLLM::Worker
3187250 87672740 VLLM::Worker
3118611 5333772 ray::WorkerDict
3118614 5240256 ray::WorkerDict
3118613 5234420 ray::WorkerDict
3118612 5228124 ray::WorkerDict
1317539 4828824 VLLM::Worker_TP
1317538 4821420 VLLM::Worker_TP
3193697 1952380 ray::AgentLoopW
3193691 1815500 ray::AgentLoopW
3193696 1702360 ray::AgentLoopW
== 2026-09-05T07:03:51+09:00
Mem:            1007         615         391         368         374         392
    PID   RSS COMMAND
3187253 87683780 VLLM::Worker
3187252 87683432 VLLM::Worker
3187251 87679700 VLLM::Worker
3187250 87672740 VLLM::Worker
3118611 41177236 ray::WorkerDict
3118612 41088532 ray::WorkerDict
3118614 41063556 ray::WorkerDict
3118613 41046708 ray::WorkerDict
1317539 4828824 VLLM::Worker_TP
1317538 4821420 VLLM::Worker_TP
3193697 1952380 ray::AgentLoopW
3193691 1815500 ray::AgentLoopW
3193696 1702360 ray::AgentLoopW
== 2026-09-05T07:04:11+09:00
Mem:            1007         700         305         368         374         306
    PID   RSS COMMAND
3187253 87683780 VLLM::Worker
3187252 87683432 VLLM::Worker
3187251 87679700 VLLM::Worker
3187250 87672740 VLLM::Worker
3118611 63707700 ray::WorkerDict
3118612 63409372 ray::WorkerDict
3118614 63309992 ray::WorkerDict
3118613 63233568 ray::WorkerDict
1317539 4828824 VLLM::Worker_TP
1317538 4821420 VLLM::Worker_TP
3193697 1952380 ray::AgentLoopW
3193691 1815500 ray::AgentLoopW
3193696 1702360 ray::AgentLoopW
== 2026-09-05T07:04:31+09:00
Mem:            1007         705         301         368         374         302
    PID   RSS COMMAND
3187253 87683780 VLLM::Worker
3187252 87683432 VLLM::Worker
3187251 87679700 VLLM::Worker
3187250 87672740 VLLM::Worker
3118611 64827168 ray::WorkerDict
3118614 64651276 ray::WorkerDict
3118612 64588376 ray::WorkerDict
3118613 64059636 ray::WorkerDict
1317539 4828824 VLLM::Worker_TP
1317538 4821420 VLLM::Worker_TP
3193697 1952380 ray::AgentLoopW
3193691 1815500 ray::AgentLoopW
3193696 1702360 ray::AgentLoopW
== 2026-09-05T07:04:51+09:00
Mem:            1007         701         308         368         369         305
    PID   RSS COMMAND
3187253 87667652 VLLM::Worker
3187252 87667304 VLLM::Worker
3187251 87664340 VLLM::Worker
3187250 87657380 VLLM::Worker
3118611 64372024 ray::WorkerDict
3118613 63776588 ray::WorkerDict
3118614 63712012 ray::WorkerDict
3118612 63677272 ray::WorkerDict
1317539 4818064 VLLM::Worker_TP
1317538 4809132 VLLM::Worker_TP
3193697 1802876 ray::AgentLoopW
3193691 1608688 ray::AgentLoopW
3193690 1590664 ray::AgentLoopW
== 2026-09-05T07:05:11+09:00
Mem:            1007         701         307         368         369         305
    PID   RSS COMMAND
3187252 87680360 VLLM::Worker
3187253 87676100 VLLM::Worker
3187251 87673556 VLLM::Worker
3187250 87664292 VLLM::Worker
3118611 64372792 ray::WorkerDict
3118613 63776588 ray::WorkerDict
3118614 63713548 ray::WorkerDict
3118612 63680344 ray::WorkerDict
1317539 4827280 VLLM::Worker_TP
1317538 4818348 VLLM::Worker_TP
3193697 1802876 ray::AgentLoopW
3193691 1608688 ray::AgentLoopW
3193690 1591432 ray::AgentLoopW
== 2026-09-05T07:05:31+09:00
Mem:            1007         702         306         368         370         304
    PID   RSS COMMAND
3187252 87680360 VLLM::Worker
3187253 87675332 VLLM::Worker
3187251 87673556 VLLM::Worker
3187250 87664292 VLLM::Worker
3118611 64373560 ray::WorkerDict
3118613 63777356 ray::WorkerDict
3118614 63713548 ray::WorkerDict
3118612 63681112 ray::WorkerDict
1317539 4827280 VLLM::Worker_TP
1317538 4818348 VLLM::Worker_TP
3193697 1802876 ray::AgentLoopW
3193691 1609456 ray::AgentLoopW
3193690 1591432 ray::AgentLoopW
== 2026-09-05T07:05:51+09:00
Mem:            1007         703         305         368         371         304
    PID   RSS COMMAND
3187252 87680360 VLLM::Worker
3187253 87675332 VLLM::Worker
3187251 87673556 VLLM::Worker
3187250 87664292 VLLM::Worker
3118611 64373560 ray::WorkerDict
3118613 63777356 ray::WorkerDict
3118614 63713548 ray::WorkerDict
3118612 63681112 ray::WorkerDict
1317539 4827280 VLLM::Worker_TP
1317538 4818348 VLLM::Worker_TP
3193697 1801852 ray::AgentLoopW
3193691 1609456 ray::AgentLoopW
3193690 1590876 ray::AgentLoopW
== 2026-09-05T07:06:11+09:00
Mem:            1007         703         305         368         371         304
    PID   RSS COMMAND
3187252 87680360 VLLM::Worker
3187253 87675332 VLLM::Worker
3187251 87673556 VLLM::Worker
3187250 87664292 VLLM::Worker
3118611 64373560 ray::WorkerDict
3118613 63777356 ray::WorkerDict
3118614 63713548 ray::WorkerDict
3118612 63681112 ray::WorkerDict
1317539 4827280 VLLM::Worker_TP
1317538 4818348 VLLM::Worker_TP
3193697 1801852 ray::AgentLoopW
3193691 1609456 ray::AgentLoopW
3193690 1588860 ray::AgentLoopW
== 2026-09-05T07:06:31+09:00
Mem:            1007         703         305         368         371         304
    PID   RSS COMMAND
3187252 87678352 VLLM::Worker
3187253 87675332 VLLM::Worker
3187251 87673556 VLLM::Worker
3187250 87664292 VLLM::Worker
3118611 64373560 ray::WorkerDict
3118613 63777356 ray::WorkerDict
3118614 63713548 ray::WorkerDict
3118612 63681112 ray::WorkerDict
1317539 4827280 VLLM::Worker_TP
1317538 4818348 VLLM::Worker_TP
3193697 1801852 ray::AgentLoopW
3193691 1609456 ray::AgentLoopW
3193690 1587492 ray::AgentLoopW
== 2026-09-05T07:06:51+09:00
Mem:            1007         703         305         368         371         304
    PID   RSS COMMAND
3187252 87678352 VLLM::Worker
3187253 87675332 VLLM::Worker
3187251 87673556 VLLM::Worker
3187250 87664292 VLLM::Worker
3118611 64373560 ray::WorkerDict
3118613 63777356 ray::WorkerDict
3118614 63713548 ray::WorkerDict
3118612 63681112 ray::WorkerDict
1317539 4827280 VLLM::Worker_TP
1317538 4818348 VLLM::Worker_TP
3193697 1800900 ray::AgentLoopW
3193691 1609456 ray::AgentLoopW
3193690 1587492 ray::AgentLoopW
== 2026-09-05T07:07:11+09:00
Mem:            1007         703         305         368         371         304
    PID   RSS COMMAND
3187252 87678352 VLLM::Worker
3187253 87675332 VLLM::Worker
3187251 87673556 VLLM::Worker
3187250 87664292 VLLM::Worker
3118611 64373560 ray::WorkerDict
3118613 63777356 ray::WorkerDict
3118614 63713548 ray::WorkerDict
3118612 63681112 ray::WorkerDict
1317539 4827280 VLLM::Worker_TP
1317538 4818348 VLLM::Worker_TP
3193697 1800900 ray::AgentLoopW
3193691 1609456 ray::AgentLoopW
3193690 1587492 ray::AgentLoopW
== 2026-09-05T07:07:31+09:00
Mem:            1007         703         305         368         371         304
    PID   RSS COMMAND
3187252 87678352 VLLM::Worker
3187253 87675332 VLLM::Worker
3187251 87673556 VLLM::Worker
3187250 87664292 VLLM::Worker
3118611 64373560 ray::WorkerDict
3118613 63777356 ray::WorkerDict
3118614 63713548 ray::WorkerDict
3118612 63681112 ray::WorkerDict
1317539 4827280 VLLM::Worker_TP
1317538 4818348 VLLM::Worker_TP
3193697 1800900 ray::AgentLoopW
3193691 1609456 ray::AgentLoopW
3193690 1588260 ray::AgentLoopW
== 2026-09-05T07:07:51+09:00
Mem:            1007         703         305         368         371         304
    PID   RSS COMMAND
3187252 87678352 VLLM::Worker
3187253 87675332 VLLM::Worker
3187251 87673556 VLLM::Worker
3187250 87664292 VLLM::Worker
3118611 64373560 ray::WorkerDict
3118613 63777356 ray::WorkerDict
3118614 63713548 ray::WorkerDict
3118612 63681112 ray::WorkerDict
1317539 4827280 VLLM::Worker_TP
1317538 4818348 VLLM::Worker_TP
3193697 1800900 ray::AgentLoopW
3193691 1609456 ray::AgentLoopW
3193690 1588260 ray::AgentLoopW
== 2026-09-05T07:08:11+09:00
Mem:            1007         698         310         368         371         309
    PID   RSS COMMAND
3187252 87678352 VLLM::Worker
3187253 87675332 VLLM::Worker
3187251 87672716 VLLM::Worker
3187250 87665060 VLLM::Worker
3118611 63208844 ray::WorkerDict
3118613 62560888 ray::WorkerDict
3118614 62534452 ray::WorkerDict
3118612 62404152 ray::WorkerDict
1317539 4827280 VLLM::Worker_TP
1317538 4818348 VLLM::Worker_TP
3193697 1800900 ray::AgentLoopW
3193691 1609456 ray::AgentLoopW
3193690 1588260 ray::AgentLoopW
== 2026-09-05T07:08:31+09:00
Mem:            1007         475         533         368         371         532
    PID   RSS COMMAND
3187252 87678352 VLLM::Worker
3187253 87675332 VLLM::Worker
3187251 87672716 VLLM::Worker
3187250 87665060 VLLM::Worker
1317539 4827280 VLLM::Worker_TP
1317538 4818348 VLLM::Worker_TP
3118611 4795860 ray::WorkerDict
3118613 4147120 ray::WorkerDict
3118614 4121328 ray::WorkerDict
3118612 3989492 ray::WorkerDict
3193697 1800900 ray::AgentLoopW
3193691 1609456 ray::AgentLoopW
3193690 1588260 ray::AgentLoopW
== 2026-09-05T07:08:51+09:00
Mem:            1007         475         533         368         371         532
    PID   RSS COMMAND
3187252 87678352 VLLM::Worker
3187253 87675332 VLLM::Worker
3187251 87672716 VLLM::Worker
3187250 87665060 VLLM::Worker
1317539 4827280 VLLM::Worker_TP
1317538 4818348 VLLM::Worker_TP
3118611 4795860 ray::WorkerDict
3118613 4147120 ray::WorkerDict
3118614 4121328 ray::WorkerDict
3118612 3989492 ray::WorkerDict
3193697 1800900 ray::AgentLoopW
3193691 1609456 ray::AgentLoopW
3193690 1588260 ray::AgentLoopW
== 2026-09-05T07:09:11+09:00
Mem:            1007         475         533         368         371         532
    PID   RSS COMMAND
3187252 87678352 VLLM::Worker
3187253 87675332 VLLM::Worker
3187251 87672716 VLLM::Worker
3187250 87665060 VLLM::Worker
1317539 4827280 VLLM::Worker_TP
1317538 4820652 VLLM::Worker_TP
3118611 4820508 ray::WorkerDict
3118613 4157896 ray::WorkerDict
3118612 3994816 ray::WorkerDict
3118614 3908296 ray::WorkerDict
3193697 1800900 ray::AgentLoopW
3193691 1609456 ray::AgentLoopW
3193690 1588260 ray::AgentLoopW
== 2026-09-05T07:09:31+09:00
Mem:            1007         475         533         368         371         532
    PID   RSS COMMAND
3187252 87678352 VLLM::Worker
3187253 87675332 VLLM::Worker
3187251 87672716 VLLM::Worker
3187250 87665060 VLLM::Worker
1317539 4827280 VLLM::Worker_TP
1317538 4820652 VLLM::Worker_TP
3118611 4820508 ray::WorkerDict
3118613 4157896 ray::WorkerDict
3118612 3994816 ray::WorkerDict
3118614 3908296 ray::WorkerDict
3193697 1800900 ray::AgentLoopW
3193691 1609456 ray::AgentLoopW
3193690 1588260 ray::AgentLoopW
== 2026-09-05T07:09:51+09:00
Mem:            1007         475         533         368         371         532
    PID   RSS COMMAND
3187252 87678352 VLLM::Worker
3187253 87675332 VLLM::Worker
3187251 87672716 VLLM::Worker
3187250 87665060 VLLM::Worker
1317539 4827280 VLLM::Worker_TP
1317538 4820652 VLLM::Worker_TP
3118611 4820508 ray::WorkerDict
3118613 4157896 ray::WorkerDict
3118612 3994816 ray::WorkerDict
3118614 3908296 ray::WorkerDict
3193697 1800900 ray::AgentLoopW
3193691 1609456 ray::AgentLoopW
3193690 1588260 ray::AgentLoopW
== 2026-09-05T07:10:11+09:00
Mem:            1007         475         533         368         371         532
    PID   RSS COMMAND
3187252 87678352 VLLM::Worker
3187253 87675332 VLLM::Worker
3187251 87672716 VLLM::Worker
3187250 87665060 VLLM::Worker
1317539 4827280 VLLM::Worker_TP
3118611 4821276 ray::WorkerDict
1317538 4820652 VLLM::Worker_TP
3118613 4158664 ray::WorkerDict
3118612 3994816 ray::WorkerDict
3118614 3908296 ray::WorkerDict
3193697 1800900 ray::AgentLoopW
3193691 1609456 ray::AgentLoopW
3193690 1588260 ray::AgentLoopW
== 2026-09-05T07:10:32+09:00
Mem:            1007         475         533         368         371         532
    PID   RSS COMMAND
3187252 87678352 VLLM::Worker
3187253 87675332 VLLM::Worker
3187251 87672716 VLLM::Worker
3187250 87665060 VLLM::Worker
1317539 4827280 VLLM::Worker_TP
3118611 4821276 ray::WorkerDict
1317538 4820652 VLLM::Worker_TP
3118613 4158664 ray::WorkerDict
3118612 3994816 ray::WorkerDict
3118614 3908296 ray::WorkerDict
3193697 1800900 ray::AgentLoopW
3193691 1609456 ray::AgentLoopW
3193690 1588260 ray::AgentLoopW
== 2026-09-05T07:10:52+09:00
Mem:            1007         475         533         368         371         532
    PID   RSS COMMAND
3187252 87678352 VLLM::Worker
3187253 87675332 VLLM::Worker
3187251 87672716 VLLM::Worker
3187250 87665060 VLLM::Worker
1317539 4827280 VLLM::Worker_TP
3118611 4821276 ray::WorkerDict
1317538 4820652 VLLM::Worker_TP
3118613 4159432 ray::WorkerDict
3118612 3995584 ray::WorkerDict
3118614 3909064 ray::WorkerDict
3193697 1800900 ray::AgentLoopW
3193691 1609456 ray::AgentLoopW
3193690 1588260 ray::AgentLoopW
== 2026-09-05T07:11:12+09:00
Mem:            1007         475         533         368         371         532
    PID   RSS COMMAND
3187252 87678352 VLLM::Worker
3187253 87675332 VLLM::Worker
3187251 87672716 VLLM::Worker
3187250 87665060 VLLM::Worker
1317539 4827280 VLLM::Worker_TP
3118611 4821276 ray::WorkerDict
1317538 4820652 VLLM::Worker_TP
3118613 4159432 ray::WorkerDict
3118612 3995584 ray::WorkerDict
3118614 3909064 ray::WorkerDict
3193697 1800900 ray::AgentLoopW
3193691 1609456 ray::AgentLoopW
3193690 1588260 ray::AgentLoopW
== 2026-09-05T07:11:32+09:00
Mem:            1007         507         501         368         371         499
    PID   RSS COMMAND
3187252 87678352 VLLM::Worker
3187253 87675332 VLLM::Worker
3187251 87672716 VLLM::Worker
3187250 87665060 VLLM::Worker
3118611 13509440 ray::WorkerDict
3118613 12724576 ray::WorkerDict
3118612 12706848 ray::WorkerDict
3118614 12480724 ray::WorkerDict
1317539 4827280 VLLM::Worker_TP
1317538 4820652 VLLM::Worker_TP
3193697 1800900 ray::AgentLoopW
3193691 1609456 ray::AgentLoopW
3193690 1588260 ray::AgentLoopW
== 2026-09-05T07:11:52+09:00
Mem:            1007         641         367         368         371         366
    PID   RSS COMMAND
3187252 87680656 VLLM::Worker
3187253 87677636 VLLM::Worker
3187251 87675020 VLLM::Worker
3187250 87668132 VLLM::Worker
3118611 48469908 ray::WorkerDict
3118613 47728672 ray::WorkerDict
3118612 47663016 ray::WorkerDict
3118614 47485308 ray::WorkerDict
1317539 4827280 VLLM::Worker_TP
1317538 4820652 VLLM::Worker_TP
3193697 1800900 ray::AgentLoopW
3193691 1609456 ray::AgentLoopW
3193690 1588260 ray::AgentLoopW
== 2026-09-05T07:12:12+09:00
Mem:            1007         704         304         368         371         302
    PID   RSS COMMAND
3187252 87680656 VLLM::Worker
3187253 87677636 VLLM::Worker
3187251 87675020 VLLM::Worker
3187250 87668132 VLLM::Worker
3118611 65128400 ray::WorkerDict
3118613 64357864 ray::WorkerDict
3118614 63936512 ray::WorkerDict
3118612 63818356 ray::WorkerDict
1317539 4827280 VLLM::Worker_TP
1317538 4820652 VLLM::Worker_TP
3193697 1800900 ray::AgentLoopW
3193691 1609456 ray::AgentLoopW
3193690 1588260 ray::AgentLoopW
== 2026-09-05T07:12:32+09:00
Mem:            1007         705         303         368         371         302
    PID   RSS COMMAND
3187252 87680656 VLLM::Worker
3187253 87677636 VLLM::Worker
3187251 87675020 VLLM::Worker
3187250 87668132 VLLM::Worker
3118611 65504676 ray::WorkerDict
3118614 64765608 ray::WorkerDict
3118613 64264536 ray::WorkerDict
3118612 63905108 ray::WorkerDict
1317539 4827280 VLLM::Worker_TP
1317538 4820652 VLLM::Worker_TP
3193697 1800900 ray::AgentLoopW
3193691 1609456 ray::AgentLoopW
3193690 1588260 ray::AgentLoopW
== 2026-09-05T07:12:52+09:00
Mem:            1007         706         302         368         371         301
    PID   RSS COMMAND
3187252 87682772 VLLM::Worker
3187253 87679172 VLLM::Worker
3187251 87676556 VLLM::Worker
3187250 87668900 VLLM::Worker
3118611 65489060 ray::WorkerDict
3118613 64011172 ray::WorkerDict
3118614 63930788 ray::WorkerDict
3118612 63741256 ray::WorkerDict
1317539 4827280 VLLM::Worker_TP
1317538 4820652 VLLM::Worker_TP
3193691 1817916 ray::AgentLoopW
3193697 1799140 ray::AgentLoopW
3193692 1721980 ray::AgentLoopW
== 2026-09-05T07:13:12+09:00
Mem:            1007         706         302         368         371         301
    PID   RSS COMMAND
3187252 87684308 VLLM::Worker
3187253 87679172 VLLM::Worker
3187251 87676552 VLLM::Worker
3187250 87668900 VLLM::Worker
3118611 65489060 ray::WorkerDict
3118613 64011172 ray::WorkerDict
3118614 63930788 ray::WorkerDict
3118612 63741256 ray::WorkerDict
1317539 4827280 VLLM::Worker_TP
1317538 4820652 VLLM::Worker_TP
3193691 1817916 ray::AgentLoopW
3193697 1799140 ray::AgentLoopW
3193692 1721980 ray::AgentLoopW
== 2026-09-05T07:13:32+09:00
Mem:            1007         706         301         368         372         300
    PID   RSS COMMAND
3187252 87684308 VLLM::Worker
3187253 87679172 VLLM::Worker
3187251 87676552 VLLM::Worker
3187250 87668900 VLLM::Worker
3118611 65489060 ray::WorkerDict
3118613 64011172 ray::WorkerDict
3118614 63930788 ray::WorkerDict
3118612 63741256 ray::WorkerDict
1317539 4827280 VLLM::Worker_TP
1317538 4820652 VLLM::Worker_TP
3193691 1817916 ray::AgentLoopW
3193697 1799140 ray::AgentLoopW
3193692 1721980 ray::AgentLoopW
== 2026-09-05T07:13:52+09:00
Mem:            1007         706         301         368         372         301
    PID   RSS COMMAND
3187252 87683540 VLLM::Worker
3187253 87680708 VLLM::Worker
3187251 87675784 VLLM::Worker
3187250 87668900 VLLM::Worker
3118611 65482916 ray::WorkerDict
3118613 64007332 ray::WorkerDict
3118614 63925412 ray::WorkerDict
3118612 63735880 ray::WorkerDict
1317539 4827280 VLLM::Worker_TP
1317538 4820652 VLLM::Worker_TP
3193691 1817916 ray::AgentLoopW
3193697 1799140 ray::AgentLoopW
3193692 1749628 ray::AgentLoopW
== 2026-09-05T07:14:12+09:00
Mem:            1007         706         301         368         372         301
    PID   RSS COMMAND
3187252 87683540 VLLM::Worker
3187253 87680708 VLLM::Worker
3187251 87675784 VLLM::Worker
3187250 87668900 VLLM::Worker
3118611 65483684 ray::WorkerDict
3118613 64007332 ray::WorkerDict
3118614 63925412 ray::WorkerDict
3118612 63736648 ray::WorkerDict
1317539 4827280 VLLM::Worker_TP
1317538 4820652 VLLM::Worker_TP
3193691 1816916 ray::AgentLoopW
3193697 1799140 ray::AgentLoopW
3193692 1750396 ray::AgentLoopW
== 2026-09-05T07:14:32+09:00
Mem:            1007         706         301         368         372         301
    PID   RSS COMMAND
3187252 87683540 VLLM::Worker
3187253 87680708 VLLM::Worker
3187251 87675784 VLLM::Worker
3187250 87668900 VLLM::Worker
3118611 65483684 ray::WorkerDict
3118613 64007332 ray::WorkerDict
3118614 63925412 ray::WorkerDict
3118612 63736648 ray::WorkerDict
1317539 4827280 VLLM::Worker_TP
1317538 4820652 VLLM::Worker_TP
3193691 1816916 ray::AgentLoopW
3193697 1799140 ray::AgentLoopW
3193692 1756428 ray::AgentLoopW
== 2026-09-05T07:14:52+09:00
Mem:            1007         706         301         368         372         301
    PID   RSS COMMAND
3187252 87683540 VLLM::Worker
3187253 87681476 VLLM::Worker
3187251 87675784 VLLM::Worker
3187250 87668900 VLLM::Worker
3118611 65483684 ray::WorkerDict
3118613 64007332 ray::WorkerDict
3118614 63925412 ray::WorkerDict
3118612 63736648 ray::WorkerDict
1317539 4827280 VLLM::Worker_TP
1317538 4820652 VLLM::Worker_TP
3193691 1816916 ray::AgentLoopW
3193697 1799140 ray::AgentLoopW
3193692 1756428 ray::AgentLoopW
== 2026-09-05T07:15:12+09:00
Mem:            1007         706         301         368         372         301
    PID   RSS COMMAND
3187252 87683540 VLLM::Worker
3187253 87681476 VLLM::Worker
3187251 87675784 VLLM::Worker
3187250 87668900 VLLM::Worker
3118611 65483684 ray::WorkerDict
3118613 64007332 ray::WorkerDict
3118614 63925412 ray::WorkerDict
3118612 63736648 ray::WorkerDict
1317539 4827280 VLLM::Worker_TP
1317538 4820652 VLLM::Worker_TP
3193691 1816916 ray::AgentLoopW
3193697 1799140 ray::AgentLoopW
3193692 1756428 ray::AgentLoopW
== 2026-09-05T07:15:32+09:00
Mem:            1007         706         301         368         372         301
    PID   RSS COMMAND
3187252 87683540 VLLM::Worker
3187253 87681476 VLLM::Worker
3187251 87676552 VLLM::Worker
3187250 87668900 VLLM::Worker
3118611 65483684 ray::WorkerDict
3118613 64007332 ray::WorkerDict
3118614 63925412 ray::WorkerDict
3118612 63736648 ray::WorkerDict
1317539 4827280 VLLM::Worker_TP
1317538 4820652 VLLM::Worker_TP
3193691 1816916 ray::AgentLoopW
3193697 1799140 ray::AgentLoopW
3193692 1756428 ray::AgentLoopW
== 2026-09-05T07:15:52+09:00
Mem:            1007         706         301         368         372         301
    PID   RSS COMMAND
3187252 87683540 VLLM::Worker
3187253 87681476 VLLM::Worker
3187251 87676552 VLLM::Worker
3187250 87669668 VLLM::Worker
3118611 65483684 ray::WorkerDict
3118613 64007332 ray::WorkerDict
3118614 63925412 ray::WorkerDict
3118612 63736648 ray::WorkerDict
1317539 4827280 VLLM::Worker_TP
1317538 4820652 VLLM::Worker_TP
3193691 1816916 ray::AgentLoopW
3193697 1799140 ray::AgentLoopW
3193692 1756428 ray::AgentLoopW
== 2026-09-05T07:16:12+09:00
Mem:            1007         706         301         368         372         301
    PID   RSS COMMAND
3187252 87681588 VLLM::Worker
3187253 87681476 VLLM::Worker
3187251 87676552 VLLM::Worker
3187250 87669668 VLLM::Worker
3118611 65483684 ray::WorkerDict
3118613 64007332 ray::WorkerDict
3118614 63925412 ray::WorkerDict
3118612 63736648 ray::WorkerDict
1317539 4827280 VLLM::Worker_TP
1317538 4820652 VLLM::Worker_TP
3193691 1816916 ray::AgentLoopW
3193697 1799140 ray::AgentLoopW
3193692 1758280 ray::AgentLoopW
== 2026-09-05T07:16:32+09:00
Mem:            1007         706         301         368         372         301
    PID   RSS COMMAND
3187252 87681588 VLLM::Worker
3187253 87681476 VLLM::Worker
3187251 87676552 VLLM::Worker
3187250 87669668 VLLM::Worker
3118611 65483684 ray::WorkerDict
3118613 64007332 ray::WorkerDict
3118614 63925412 ray::WorkerDict
3118612 63736648 ray::WorkerDict
1317539 4827280 VLLM::Worker_TP
1317538 4820652 VLLM::Worker_TP
3193691 1816916 ray::AgentLoopW
3193697 1799140 ray::AgentLoopW
3193692 1758280 ray::AgentLoopW
== 2026-09-05T07:16:52+09:00
Mem:            1007         477         530         368         372         530
    PID   RSS COMMAND
3187252 87681588 VLLM::Worker
3187253 87681476 VLLM::Worker
3187251 87676552 VLLM::Worker
3187250 87668868 VLLM::Worker
3118611 4920376 ray::WorkerDict
1317539 4827280 VLLM::Worker_TP
1317538 4820652 VLLM::Worker_TP
3118613 4387712 ray::WorkerDict
3118614 4300552 ray::WorkerDict
3118612 4110164 ray::WorkerDict
3193691 1816916 ray::AgentLoopW
3193697 1799140 ray::AgentLoopW
3193692 1758280 ray::AgentLoopW
== 2026-09-05T07:17:12+09:00
Mem:            1007         477         530         368         372         530
    PID   RSS COMMAND
3187252 87681588 VLLM::Worker
3187253 87681476 VLLM::Worker
3187251 87676552 VLLM::Worker
3187250 87668868 VLLM::Worker
3118611 4920376 ray::WorkerDict
1317539 4827280 VLLM::Worker_TP
1317538 4820652 VLLM::Worker_TP
3118613 4387712 ray::WorkerDict
3118614 4300552 ray::WorkerDict
3118612 4110164 ray::WorkerDict
3193691 1817684 ray::AgentLoopW
3193697 1799140 ray::AgentLoopW
3193692 1758280 ray::AgentLoopW
== 2026-09-05T07:17:32+09:00
Mem:            1007         477         530         368         372         530
    PID   RSS COMMAND
3187252 87681588 VLLM::Worker
3187253 87681476 VLLM::Worker
3187251 87676552 VLLM::Worker
3187250 87668868 VLLM::Worker
3118611 4920376 ray::WorkerDict
1317539 4827280 VLLM::Worker_TP
1317538 4820652 VLLM::Worker_TP
3118613 4387712 ray::WorkerDict
3118614 4300552 ray::WorkerDict
3118612 4110164 ray::WorkerDict
3193691 1817684 ray::AgentLoopW
3193697 1799140 ray::AgentLoopW
3193692 1758280 ray::AgentLoopW
== 2026-09-05T07:17:52+09:00
Mem:            1007         475         532         368         372         531
    PID   RSS COMMAND
3187252 87681588 VLLM::Worker
3187253 87681476 VLLM::Worker
3187251 87676552 VLLM::Worker
3187250 87668868 VLLM::Worker
1317539 4827280 VLLM::Worker_TP
1317538 4820652 VLLM::Worker_TP
3118613 4293224 ray::WorkerDict
3118612 4118908 ray::WorkerDict
3118614 3914724 ray::WorkerDict
3118611 3581764 ray::WorkerDict
3193691 1817684 ray::AgentLoopW
3193697 1799140 ray::AgentLoopW
3193692 1758280 ray::AgentLoopW
== 2026-09-05T07:18:12+09:00
Mem:            1007         475         532         368         372         531
    PID   RSS COMMAND
3187252 87681588 VLLM::Worker
3187253 87681476 VLLM::Worker
3187251 87676552 VLLM::Worker
3187250 87668868 VLLM::Worker
1317539 4827280 VLLM::Worker_TP
1317538 4820652 VLLM::Worker_TP
3118613 4293224 ray::WorkerDict
3118612 4118908 ray::WorkerDict
3118614 3914724 ray::WorkerDict
3118611 3581764 ray::WorkerDict
3193691 1817684 ray::AgentLoopW
3193697 1799140 ray::AgentLoopW
3193692 1758280 ray::AgentLoopW
== 2026-09-05T07:18:32+09:00
Mem:            1007         475         532         368         372         531
    PID   RSS COMMAND
3187252 87681588 VLLM::Worker
3187253 87681476 VLLM::Worker
3187251 87676552 VLLM::Worker
3187250 87668868 VLLM::Worker
1317539 4827280 VLLM::Worker_TP
1317538 4820652 VLLM::Worker_TP
3118613 4293224 ray::WorkerDict
3118612 4118908 ray::WorkerDict
3118614 3914724 ray::WorkerDict
3118611 3581764 ray::WorkerDict
3193691 1817684 ray::AgentLoopW
3193697 1799140 ray::AgentLoopW
3193692 1758280 ray::AgentLoopW
== 2026-09-05T07:18:52+09:00
Mem:            1007         475         532         368         372         531
    PID   RSS COMMAND
3187252 87681588 VLLM::Worker
3187253 87681476 VLLM::Worker
3187251 87676552 VLLM::Worker
3187250 87668868 VLLM::Worker
1317539 4827280 VLLM::Worker_TP
1317538 4820652 VLLM::Worker_TP
3118613 4293224 ray::WorkerDict
3118612 4118908 ray::WorkerDict
3118614 3914724 ray::WorkerDict
3118611 3581764 ray::WorkerDict
3193691 1817684 ray::AgentLoopW
3193697 1799140 ray::AgentLoopW
3193692 1758280 ray::AgentLoopW
== 2026-09-05T07:19:12+09:00
Mem:            1007         476         531         368         372         531
    PID   RSS COMMAND
3187252 87681588 VLLM::Worker
3187253 87681476 VLLM::Worker
3187251 87676552 VLLM::Worker
3187250 87668868 VLLM::Worker
1317539 4827280 VLLM::Worker_TP
1317538 4820652 VLLM::Worker_TP
3118613 4293992 ray::WorkerDict
3118612 4118908 ray::WorkerDict
3118614 3915492 ray::WorkerDict
3118611 3581764 ray::WorkerDict
3193691 1817684 ray::AgentLoopW
3193697 1799140 ray::AgentLoopW
3193692 1755516 ray::AgentLoopW
== 2026-09-05T07:19:32+09:00
Mem:            1007         476         531         368         372         531
    PID   RSS COMMAND
3187252 87681588 VLLM::Worker
3187253 87681476 VLLM::Worker
3187251 87676552 VLLM::Worker
3187250 87668868 VLLM::Worker
1317539 4827280 VLLM::Worker_TP
1317538 4820652 VLLM::Worker_TP
3118613 4293992 ray::WorkerDict
3118612 4118908 ray::WorkerDict
3118614 3915492 ray::WorkerDict
3118611 3581764 ray::WorkerDict
3193691 1817684 ray::AgentLoopW
3193697 1799140 ray::AgentLoopW
3193692 1755516 ray::AgentLoopW
== 2026-09-05T07:19:53+09:00
Mem:            1007         476         531         368         372         531
    PID   RSS COMMAND
3187252 87681588 VLLM::Worker
3187253 87681476 VLLM::Worker
3187251 87676552 VLLM::Worker
3187250 87668868 VLLM::Worker
1317539 4827280 VLLM::Worker_TP
1317538 4820652 VLLM::Worker_TP
3118613 4293992 ray::WorkerDict
3118612 4118908 ray::WorkerDict
3118614 3915492 ray::WorkerDict
3118611 3581764 ray::WorkerDict
3193691 1817684 ray::AgentLoopW
3193697 1799140 ray::AgentLoopW
3193692 1755516 ray::AgentLoopW
== 2026-09-05T07:20:13+09:00
Mem:            1007         476         532         368         372         531
    PID   RSS COMMAND
3187252 87681588 VLLM::Worker
3187253 87681476 VLLM::Worker
3187251 87676552 VLLM::Worker
3187250 87668868 VLLM::Worker
1317539 4827280 VLLM::Worker_TP
1317538 4820652 VLLM::Worker_TP
3118613 4293992 ray::WorkerDict
3118612 4118908 ray::WorkerDict
3118614 3915492 ray::WorkerDict
3118611 3581764 ray::WorkerDict
3193691 1817684 ray::AgentLoopW
3193697 1799140 ray::AgentLoopW
3193692 1755516 ray::AgentLoopW
== 2026-09-05T07:20:33+09:00
Mem:            1007         475         532         368         372         531
    PID   RSS COMMAND
3187252 87681588 VLLM::Worker
3187253 87681476 VLLM::Worker
3187251 87676552 VLLM::Worker
3187250 87668868 VLLM::Worker
1317539 4827280 VLLM::Worker_TP
1317538 4820652 VLLM::Worker_TP
3118612 4118908 ray::WorkerDict
3118613 4097388 ray::WorkerDict
3118614 3915492 ray::WorkerDict
3118611 3581764 ray::WorkerDict
3193691 1817684 ray::AgentLoopW
3193697 1799140 ray::AgentLoopW
3193692 1755516 ray::AgentLoopW
== 2026-09-05T07:20:53+09:00
Mem:            1007         475         532         368         372         531
    PID   RSS COMMAND
3187252 87681588 VLLM::Worker
3187253 87681476 VLLM::Worker
3187251 87676552 VLLM::Worker
3187250 87668868 VLLM::Worker
1317539 4827280 VLLM::Worker_TP
1317538 4820652 VLLM::Worker_TP
3118612 4118908 ray::WorkerDict
3118613 4097388 ray::WorkerDict
3118614 3915492 ray::WorkerDict
3118611 3581764 ray::WorkerDict
3193691 1817684 ray::AgentLoopW
3193697 1799140 ray::AgentLoopW
3193692 1755516 ray::AgentLoopW
== 2026-09-05T07:21:13+09:00
Mem:            1007         475         532         368         372         531
    PID   RSS COMMAND
3187252 87681588 VLLM::Worker
3187253 87681476 VLLM::Worker
3187251 87676552 VLLM::Worker
3187250 87668868 VLLM::Worker
1317539 4827280 VLLM::Worker_TP
1317538 4820652 VLLM::Worker_TP
3118612 4119676 ray::WorkerDict
3118613 4098156 ray::WorkerDict
3118614 3915492 ray::WorkerDict
3118611 3581764 ray::WorkerDict
3193691 1817684 ray::AgentLoopW
3193697 1799140 ray::AgentLoopW
3193692 1755516 ray::AgentLoopW
== 2026-09-05T07:21:33+09:00
Mem:            1007         475         532         368         372         531
    PID   RSS COMMAND
3187252 87681588 VLLM::Worker
3187253 87681476 VLLM::Worker
3187251 87676552 VLLM::Worker
3187250 87668868 VLLM::Worker
1317539 4827280 VLLM::Worker_TP
1317538 4820652 VLLM::Worker_TP
3118612 4119676 ray::WorkerDict
3118613 4098156 ray::WorkerDict
3118614 3915492 ray::WorkerDict
3118611 3581764 ray::WorkerDict
3193691 1817684 ray::AgentLoopW
3193697 1799140 ray::AgentLoopW
3193692 1755516 ray::AgentLoopW
== 2026-09-05T07:21:53+09:00
Mem:            1007         475         532         368         372         531
    PID   RSS COMMAND
3187252 87681588 VLLM::Worker
3187253 87681476 VLLM::Worker
3187251 87676552 VLLM::Worker
3187250 87668868 VLLM::Worker
1317539 4827280 VLLM::Worker_TP
1317538 4820652 VLLM::Worker_TP
3118613 4098924 ray::WorkerDict
3118612 4022152 ray::WorkerDict
3118614 3915492 ray::WorkerDict
3118611 3583300 ray::WorkerDict
3193691 1817684 ray::AgentLoopW
3193697 1799140 ray::AgentLoopW
3193692 1755516 ray::AgentLoopW
== 2026-09-05T07:22:13+09:00
Mem:            1007         600         407         368         372         406
    PID   RSS COMMAND
3187252 87681588 VLLM::Worker
3187253 87681476 VLLM::Worker
3187251 87676552 VLLM::Worker
3187250 87668868 VLLM::Worker
3118612 36880376 ray::WorkerDict
3118613 36746116 ray::WorkerDict
3118614 36561456 ray::WorkerDict
3118611 36442276 ray::WorkerDict
1317539 4827280 VLLM::Worker_TP
1317538 4820652 VLLM::Worker_TP
3193691 1817684 ray::AgentLoopW
3193697 1799140 ray::AgentLoopW
3193692 1755516 ray::AgentLoopW
== 2026-09-05T07:22:33+09:00
Mem:            1007         705         302         368         372         302
    PID   RSS COMMAND
3187252 87681588 VLLM::Worker
3187253 87681476 VLLM::Worker
3187251 87676552 VLLM::Worker
3187250 87668868 VLLM::Worker
3118614 64335148 ray::WorkerDict
3118613 64080048 ray::WorkerDict
3118612 63897040 ray::WorkerDict
3118611 63610132 ray::WorkerDict
1317539 4827280 VLLM::Worker_TP
1317538 4820652 VLLM::Worker_TP
3193691 1817684 ray::AgentLoopW
3193697 1799140 ray::AgentLoopW
3193692 1755516 ray::AgentLoopW
== 2026-09-05T07:22:53+09:00
Mem:            1007         705         302         368         372         302
    PID   RSS COMMAND
3187252 87681588 VLLM::Worker
3187253 87681476 VLLM::Worker
3187251 87676552 VLLM::Worker
3187250 87668868 VLLM::Worker
3118612 64410908 ray::WorkerDict
3118611 64275140 ray::WorkerDict
3118613 63913836 ray::WorkerDict
3118614 63835888 ray::WorkerDict
1317539 4827280 VLLM::Worker_TP
1317538 4820652 VLLM::Worker_TP
3193691 1817684 ray::AgentLoopW
3193697 1799140 ray::AgentLoopW
3193692 1755516 ray::AgentLoopW
== 2026-09-05T07:23:13+09:00
Mem:            1007         705         302         368         372         302
    PID   RSS COMMAND
3187252 87681588 VLLM::Worker
3187253 87681476 VLLM::Worker
3187251 87676552 VLLM::Worker
3187250 87668868 VLLM::Worker
3118611 64033236 ray::WorkerDict
3118612 64015824 ray::WorkerDict
3118613 63994312 ray::WorkerDict
3118614 63843656 ray::WorkerDict
1317539 4827280 VLLM::Worker_TP
1317538 4820652 VLLM::Worker_TP
3193691 1825544 ray::AgentLoopW
3193697 1799140 ray::AgentLoopW
3193692 1756284 ray::AgentLoopW
== 2026-09-05T07:23:33+09:00
Mem:            1007         706         301         368         372         301
    PID   RSS COMMAND
3187252 87685224 VLLM::Worker
3187251 87681928 VLLM::Worker
3187253 87681476 VLLM::Worker
3187250 87671940 VLLM::Worker
3118611 64032468 ray::WorkerDict
3118612 64015056 ray::WorkerDict
3118613 63993544 ray::WorkerDict
3118614 63842888 ray::WorkerDict
1317539 4827280 VLLM::Worker_TP
1317538 4820652 VLLM::Worker_TP
3193697 2054116 ray::AgentLoopW
3193691 2047744 ray::AgentLoopW
3193692 1800828 ray::AgentLoopW
== 2026-09-05T07:23:53+09:00
Mem:            1007         706         301         368         372         300
    PID   RSS COMMAND
3187252 87685224 VLLM::Worker
3187251 87681928 VLLM::Worker
3187253 87681476 VLLM::Worker
3187250 87671940 VLLM::Worker
3118611 64032468 ray::WorkerDict
3118612 64015056 ray::WorkerDict
3118613 63993544 ray::WorkerDict
3118614 63842888 ray::WorkerDict
1317539 4827280 VLLM::Worker_TP
1317538 4820652 VLLM::Worker_TP
3193697 2054116 ray::AgentLoopW
3193691 2047744 ray::AgentLoopW
3193692 1800828 ray::AgentLoopW
== 2026-09-05T07:24:13+09:00
Mem:            1007         706         300         368         373         301
    PID   RSS COMMAND
3187252 87685224 VLLM::Worker
3187251 87681928 VLLM::Worker
3187253 87681476 VLLM::Worker
3187250 87671940 VLLM::Worker
3118611 64032468 ray::WorkerDict
3118612 64015056 ray::WorkerDict
3118613 63993544 ray::WorkerDict
3118614 63842888 ray::WorkerDict
1317539 4827280 VLLM::Worker_TP
1317538 4820652 VLLM::Worker_TP
3193697 2055652 ray::AgentLoopW
3193691 2049280 ray::AgentLoopW
3193692 1800828 ray::AgentLoopW
== 2026-09-05T07:24:33+09:00
Mem:            1007         706         299         368         374         301
    PID   RSS COMMAND
3187252 87685224 VLLM::Worker
3187251 87681928 VLLM::Worker
3187253 87681476 VLLM::Worker
3187250 87671940 VLLM::Worker
3118611 64032468 ray::WorkerDict
3118612 64015056 ray::WorkerDict
3118613 63993544 ray::WorkerDict
3118614 63842888 ray::WorkerDict
1317539 4827280 VLLM::Worker_TP
1317538 4820652 VLLM::Worker_TP
3193697 2055652 ray::AgentLoopW
3193691 2049280 ray::AgentLoopW
3193692 1800828 ray::AgentLoopW
== 2026-09-05T07:24:53+09:00
Mem:            1007         706         299         368         374         301
    PID   RSS COMMAND
3187252 87685224 VLLM::Worker
3187251 87681928 VLLM::Worker
3187253 87681476 VLLM::Worker
3187250 87671940 VLLM::Worker
3118611 64032468 ray::WorkerDict
3118612 64015056 ray::WorkerDict
3118613 63993544 ray::WorkerDict
3118614 63842888 ray::WorkerDict
1317539 4827280 VLLM::Worker_TP
1317538 4820652 VLLM::Worker_TP
3193697 2055652 ray::AgentLoopW
3193691 2049280 ray::AgentLoopW
3193692 1800828 ray::AgentLoopW
== 2026-09-05T07:25:13+09:00
Mem:            1007         706         300         368         374         301
    PID   RSS COMMAND
3187252 87684216 VLLM::Worker
3187251 87681928 VLLM::Worker
3187253 87681476 VLLM::Worker
3187250 87671940 VLLM::Worker
3118611 64032468 ray::WorkerDict
3118612 64015056 ray::WorkerDict
3118613 63993544 ray::WorkerDict
3118614 63842888 ray::WorkerDict
1317539 4827280 VLLM::Worker_TP
1317538 4820652 VLLM::Worker_TP
3193697 2055652 ray::AgentLoopW
3193691 2049280 ray::AgentLoopW
3193692 1801596 ray::AgentLoopW
== 2026-09-05T07:25:33+09:00
Mem:            1007         706         300         368         374         301
    PID   RSS COMMAND
3187252 87684216 VLLM::Worker
3187251 87681928 VLLM::Worker
3187253 87681476 VLLM::Worker
3187250 87671940 VLLM::Worker
3118611 64032468 ray::WorkerDict
3118612 64015056 ray::WorkerDict
3118613 63993544 ray::WorkerDict
3118614 63842888 ray::WorkerDict
1317539 4827280 VLLM::Worker_TP
1317538 4820652 VLLM::Worker_TP
3193697 2055652 ray::AgentLoopW
3193691 2049280 ray::AgentLoopW
3193692 1801596 ray::AgentLoopW
== 2026-09-05T07:25:53+09:00
Mem:            1007         706         300         368         374         301
    PID   RSS COMMAND
3187252 87684216 VLLM::Worker
3187251 87681928 VLLM::Worker
3187253 87681476 VLLM::Worker
3187250 87671940 VLLM::Worker
3118611 64032468 ray::WorkerDict
3118612 64015056 ray::WorkerDict
3118613 63993544 ray::WorkerDict
3118614 63842888 ray::WorkerDict
1317539 4827280 VLLM::Worker_TP
1317538 4820652 VLLM::Worker_TP
3193697 2055652 ray::AgentLoopW
3193691 2049280 ray::AgentLoopW
3193692 1801596 ray::AgentLoopW
== 2026-09-05T07:26:13+09:00
Mem:            1007         706         300         368         374         301
    PID   RSS COMMAND
3187252 87684216 VLLM::Worker
3187251 87681928 VLLM::Worker
3187253 87681476 VLLM::Worker
3187250 87671940 VLLM::Worker
3118611 64032468 ray::WorkerDict
3118612 64015056 ray::WorkerDict
3118613 63993544 ray::WorkerDict
3118614 63842888 ray::WorkerDict
1317539 4827280 VLLM::Worker_TP
1317538 4820652 VLLM::Worker_TP
3193697 2055652 ray::AgentLoopW
3193691 2049280 ray::AgentLoopW
3193692 1801596 ray::AgentLoopW
== 2026-09-05T07:26:33+09:00
Mem:            1007         706         300         368         374         301
    PID   RSS COMMAND
3187252 87684216 VLLM::Worker
3187251 87681928 VLLM::Worker
3187253 87681476 VLLM::Worker
3187250 87671940 VLLM::Worker
3118611 64032468 ray::WorkerDict
3118612 64015056 ray::WorkerDict
3118613 63993544 ray::WorkerDict
3118614 63842888 ray::WorkerDict
1317539 4827280 VLLM::Worker_TP
1317538 4820652 VLLM::Worker_TP
3193697 2055652 ray::AgentLoopW
3193691 2049280 ray::AgentLoopW
3193692 1801596 ray::AgentLoopW
== 2026-09-05T07:26:53+09:00
Mem:            1007         478         528         368         374         529
    PID   RSS COMMAND
3187252 87684216 VLLM::Worker
3187251 87681928 VLLM::Worker
3187253 87681476 VLLM::Worker
3187250 87671940 VLLM::Worker
1317539 4827280 VLLM::Worker_TP
1317538 4820652 VLLM::Worker_TP
3118612 4381832 ray::WorkerDict
3118613 4361852 ray::WorkerDict
3118611 4284928 ray::WorkerDict
3118614 4211004 ray::WorkerDict
3193697 2055652 ray::AgentLoopW
3193691 2049280 ray::AgentLoopW
3193692 1801596 ray::AgentLoopW
== 2026-09-05T07:27:13+09:00
Mem:            1007         478         528         368         374         529
    PID   RSS COMMAND
3187252 87684216 VLLM::Worker
3187251 87681928 VLLM::Worker
3187253 87681476 VLLM::Worker
3187250 87671940 VLLM::Worker
1317539 4827280 VLLM::Worker_TP
1317538 4820652 VLLM::Worker_TP
3118612 4381832 ray::WorkerDict
3118613 4361852 ray::WorkerDict
3118611 4284928 ray::WorkerDict
3118614 4211004 ray::WorkerDict
3193697 2055652 ray::AgentLoopW
3193691 2049280 ray::AgentLoopW
3193692 1801596 ray::AgentLoopW
== 2026-09-05T07:27:33+09:00
Mem:            1007         477         528         368         374         529
    PID   RSS COMMAND
3187252 87684216 VLLM::Worker
3187251 87681928 VLLM::Worker
3187253 87681476 VLLM::Worker
3187250 87671940 VLLM::Worker
1317539 4827280 VLLM::Worker_TP
1317538 4820652 VLLM::Worker_TP
3118613 4362644 ray::WorkerDict
3118614 4212936 ray::WorkerDict
3118611 4142952 ray::WorkerDict
3118612 4024048 ray::WorkerDict
3193697 2055652 ray::AgentLoopW
3193691 2049280 ray::AgentLoopW
3193692 1801596 ray::AgentLoopW
== 2026-09-05T07:27:53+09:00
Mem:            1007         477         528         368         374         529
    PID   RSS COMMAND
3187252 87684216 VLLM::Worker
3187251 87681928 VLLM::Worker
3187253 87681476 VLLM::Worker
3187250 87671940 VLLM::Worker
1317539 4827280 VLLM::Worker_TP
1317538 4820652 VLLM::Worker_TP
3118613 4363412 ray::WorkerDict
3118614 4213704 ray::WorkerDict
3118611 4142952 ray::WorkerDict
3118612 4024048 ray::WorkerDict
3193697 2055652 ray::AgentLoopW
3193691 2049280 ray::AgentLoopW
3193692 1801596 ray::AgentLoopW
== 2026-09-05T07:28:13+09:00
Mem:            1007         478         528         368         374         529
    PID   RSS COMMAND
3187252 87684216 VLLM::Worker
3187251 87681928 VLLM::Worker
3187253 87681476 VLLM::Worker
3187250 87671940 VLLM::Worker
1317539 4827280 VLLM::Worker_TP
1317538 4820652 VLLM::Worker_TP
3118613 4363412 ray::WorkerDict
3118614 4213704 ray::WorkerDict
3118611 4142952 ray::WorkerDict
3118612 4024048 ray::WorkerDict
3193697 2055652 ray::AgentLoopW
3193691 2049280 ray::AgentLoopW
3193692 1801596 ray::AgentLoopW
== 2026-09-05T07:28:33+09:00
Mem:            1007         477         528         368         374         529
    PID   RSS COMMAND
3187252 87684216 VLLM::Worker
3187251 87681928 VLLM::Worker
3187253 87681476 VLLM::Worker
3187250 87671940 VLLM::Worker
1317539 4827280 VLLM::Worker_TP
1317538 4820652 VLLM::Worker_TP
3118613 4363412 ray::WorkerDict
3118614 4213704 ray::WorkerDict
3118611 4142952 ray::WorkerDict
3118612 4024048 ray::WorkerDict
3193697 2055652 ray::AgentLoopW
3193691 2049280 ray::AgentLoopW
3193692 1801596 ray::AgentLoopW
== 2026-09-05T07:28:54+09:00
Mem:            1007         477         528         368         374         529
    PID   RSS COMMAND
3187252 87684216 VLLM::Worker
3187251 87681928 VLLM::Worker
3187253 87681476 VLLM::Worker
3187250 87671940 VLLM::Worker
1317539 4827280 VLLM::Worker_TP
1317538 4820652 VLLM::Worker_TP
3118613 4363412 ray::WorkerDict
3118614 4213704 ray::WorkerDict
3118611 4142952 ray::WorkerDict
3118612 4024048 ray::WorkerDict
3193697 2055652 ray::AgentLoopW
3193691 2049280 ray::AgentLoopW
3193692 1801596 ray::AgentLoopW
== 2026-09-05T07:29:14+09:00
Mem:            1007         477         528         368         374         529
    PID   RSS COMMAND
3187252 87684216 VLLM::Worker
3187251 87681928 VLLM::Worker
3187253 87681476 VLLM::Worker
3187250 87671940 VLLM::Worker
1317539 4827280 VLLM::Worker_TP
1317538 4820652 VLLM::Worker_TP
3118613 4363412 ray::WorkerDict
3118614 4213704 ray::WorkerDict
3118611 4142952 ray::WorkerDict
3118612 4024048 ray::WorkerDict
3193697 2055652 ray::AgentLoopW
3193691 2049280 ray::AgentLoopW
3193692 1801596 ray::AgentLoopW
== 2026-09-05T07:29:34+09:00
Mem:            1007         477         528         368         374         529
    PID   RSS COMMAND
3187252 87684216 VLLM::Worker
3187251 87681928 VLLM::Worker
3187253 87681476 VLLM::Worker
3187250 87671940 VLLM::Worker
1317539 4827280 VLLM::Worker_TP
1317538 4820652 VLLM::Worker_TP
3118613 4363412 ray::WorkerDict
3118614 4213704 ray::WorkerDict
3118611 4142952 ray::WorkerDict
3118612 4024048 ray::WorkerDict
3193697 2055652 ray::AgentLoopW
3193691 2049280 ray::AgentLoopW
3193692 1801596 ray::AgentLoopW
== 2026-09-05T07:29:54+09:00
Mem:            1007         477         528         368         374         529
    PID   RSS COMMAND
3187252 87684216 VLLM::Worker
3187251 87681928 VLLM::Worker
3187253 87681476 VLLM::Worker
3187250 87671940 VLLM::Worker
1317539 4827280 VLLM::Worker_TP
1317538 4820652 VLLM::Worker_TP
3118613 4363412 ray::WorkerDict
3118614 4213704 ray::WorkerDict
3118611 4142952 ray::WorkerDict
3118612 4024048 ray::WorkerDict
3193697 2055652 ray::AgentLoopW
3193691 2049280 ray::AgentLoopW
3193692 1801596 ray::AgentLoopW
== 2026-09-05T07:30:14+09:00
Mem:            1007         477         528         368         374         529
    PID   RSS COMMAND
3187252 87684216 VLLM::Worker
3187251 87681928 VLLM::Worker
3187253 87681476 VLLM::Worker
3187250 87671940 VLLM::Worker
1317539 4827280 VLLM::Worker_TP
1317538 4820652 VLLM::Worker_TP
3118613 4363412 ray::WorkerDict
3118614 4214472 ray::WorkerDict
3118611 4142952 ray::WorkerDict
3118612 4024048 ray::WorkerDict
3193697 2055652 ray::AgentLoopW
3193691 2049280 ray::AgentLoopW
3193692 1801596 ray::AgentLoopW
== 2026-09-05T07:30:34+09:00
Mem:            1007         477         528         368         374         529
    PID   RSS COMMAND
3187252 87684216 VLLM::Worker
3187251 87681928 VLLM::Worker
3187253 87681476 VLLM::Worker
3187250 87671940 VLLM::Worker
1317539 4827280 VLLM::Worker_TP
1317538 4820652 VLLM::Worker_TP
3118613 4363412 ray::WorkerDict
3118614 4214472 ray::WorkerDict
3118611 4142952 ray::WorkerDict
3118612 4024048 ray::WorkerDict
3193697 2055652 ray::AgentLoopW
3193691 2049280 ray::AgentLoopW
3193692 1801596 ray::AgentLoopW
== 2026-09-05T07:30:54+09:00
Mem:            1007         511         495         368         374         496
    PID   RSS COMMAND
3187252 87684216 VLLM::Worker
3187251 87681928 VLLM::Worker
3187253 87681476 VLLM::Worker
3187250 87671940 VLLM::Worker
3118611 13173288 ray::WorkerDict
3118613 13078724 ray::WorkerDict
3118612 13046172 ray::WorkerDict
3118614 12640060 ray::WorkerDict
1317539 4827280 VLLM::Worker_TP
1317538 4820652 VLLM::Worker_TP
3193697 2055652 ray::AgentLoopW
3193691 2049280 ray::AgentLoopW
3193692 1801596 ray::AgentLoopW
== 2026-09-05T07:31:14+09:00
Mem:            1007         644         361         368         374         362
    PID   RSS COMMAND
3187252 87684216 VLLM::Worker
3187251 87681928 VLLM::Worker
3187253 87681476 VLLM::Worker
3187250 87671940 VLLM::Worker
3118613 48068412 ray::WorkerDict
3118611 47911804 ray::WorkerDict
3118612 47810084 ray::WorkerDict
3118614 47646444 ray::WorkerDict
1317539 4827280 VLLM::Worker_TP
1317538 4820652 VLLM::Worker_TP
3193697 2055652 ray::AgentLoopW
3193691 2049280 ray::AgentLoopW
3193692 1801596 ray::AgentLoopW
== 2026-09-05T07:31:34+09:00
Mem:            1007         707         299         368         373         300
    PID   RSS COMMAND
3187252 87684216 VLLM::Worker
3187251 87681928 VLLM::Worker
3187253 87681476 VLLM::Worker
3187250 87671940 VLLM::Worker
3118613 64783248 ray::WorkerDict
3118614 64321544 ray::WorkerDict
3118611 64035012 ray::WorkerDict
3118612 64017904 ray::WorkerDict
1317539 4827280 VLLM::Worker_TP
1317538 4820652 VLLM::Worker_TP
3193697 2055652 ray::AgentLoopW
3193691 2049280 ray::AgentLoopW
3193692 1801596 ray::AgentLoopW
== 2026-09-05T07:31:54+09:00
Mem:            1007         706         300         368         373         300
    PID   RSS COMMAND
3187252 87684216 VLLM::Worker
3187251 87681928 VLLM::Worker
3187253 87681476 VLLM::Worker
3187250 87671940 VLLM::Worker
3118611 64413132 ray::WorkerDict
3118614 64242036 ray::WorkerDict
3118613 64104776 ray::WorkerDict
3118612 63902908 ray::WorkerDict
1317539 4827280 VLLM::Worker_TP
1317538 4820652 VLLM::Worker_TP
3193697 2055652 ray::AgentLoopW
3193691 2049280 ray::AgentLoopW
3193692 1801596 ray::AgentLoopW
== 2026-09-05T07:32:14+09:00
Mem:            1007         706         300         368         373         301
    PID   RSS COMMAND
3187252 87684216 VLLM::Worker
3187251 87681928 VLLM::Worker
3187253 87681476 VLLM::Worker
3187250 87671940 VLLM::Worker
3118611 64002256 ray::WorkerDict
3118614 63913256 ray::WorkerDict
3118612 63902908 ray::WorkerDict
3118613 63734652 ray::WorkerDict
1317539 4827280 VLLM::Worker_TP
1317538 4820652 VLLM::Worker_TP
3193697 2056252 ray::AgentLoopW
3193691 2049280 ray::AgentLoopW
3193693 1811236 ray::AgentLoopW
== 2026-09-05T07:32:34+09:00
Mem:            1007         706         298         368         375         300
    PID   RSS COMMAND
3187252 87684216 VLLM::Worker
3187251 87681928 VLLM::Worker
3187253 87681476 VLLM::Worker
3187250 87671940 VLLM::Worker
3118611 64002256 ray::WorkerDict
3118614 63913256 ray::WorkerDict
3118612 63902908 ray::WorkerDict
3118613 63734652 ray::WorkerDict
1317539 4827280 VLLM::Worker_TP
1317538 4820652 VLLM::Worker_TP
3193697 2056252 ray::AgentLoopW
3193691 2049280 ray::AgentLoopW
3193693 1811236 ray::AgentLoopW
== 2026-09-05T07:32:54+09:00
Mem:            1007         706         298         368         376         300
    PID   RSS COMMAND
3187252 87684216 VLLM::Worker
3187251 87681928 VLLM::Worker
3187253 87681476 VLLM::Worker
3187250 87671940 VLLM::Worker
3118611 64002256 ray::WorkerDict
3118614 63913256 ray::WorkerDict
3118612 63902908 ray::WorkerDict
3118613 63734652 ray::WorkerDict
1317539 4827280 VLLM::Worker_TP
1317538 4820652 VLLM::Worker_TP
3193697 2056252 ray::AgentLoopW
3193691 2049280 ray::AgentLoopW
3193693 1811236 ray::AgentLoopW
== 2026-09-05T07:33:14+09:00
Mem:            1007         706         298         368         376         300
    PID   RSS COMMAND
3187252 87684216 VLLM::Worker
3187251 87681928 VLLM::Worker
3187253 87681476 VLLM::Worker
3187250 87671940 VLLM::Worker
3118611 64002256 ray::WorkerDict
3118614 63913256 ray::WorkerDict
3118612 63902908 ray::WorkerDict
3118613 63734652 ray::WorkerDict
1317539 4827280 VLLM::Worker_TP
1317538 4820652 VLLM::Worker_TP
3193697 2056252 ray::AgentLoopW
3193691 2049280 ray::AgentLoopW
3193693 1810408 ray::AgentLoopW
== 2026-09-05T07:33:34+09:00
Mem:            1007         706         297         368         376         300
    PID   RSS COMMAND
3187252 87682532 VLLM::Worker
3187251 87681928 VLLM::Worker
3187253 87681476 VLLM::Worker
3187250 87671940 VLLM::Worker
3118611 64002256 ray::WorkerDict
3118614 63913256 ray::WorkerDict
3118612 63902908 ray::WorkerDict
3118613 63734652 ray::WorkerDict
1317539 4827280 VLLM::Worker_TP
1317538 4820652 VLLM::Worker_TP
3193697 2056252 ray::AgentLoopW
3193691 2049280 ray::AgentLoopW
3193693 1810408 ray::AgentLoopW
== 2026-09-05T07:33:54+09:00
Mem:            1007         706         297         368         376         300
    PID   RSS COMMAND
3187252 87682532 VLLM::Worker
3187251 87681928 VLLM::Worker
3187253 87681476 VLLM::Worker
3187250 87671940 VLLM::Worker
3118611 64002256 ray::WorkerDict
3118614 63913256 ray::WorkerDict
3118612 63902908 ray::WorkerDict
3118613 63734652 ray::WorkerDict
1317539 4827280 VLLM::Worker_TP
1317538 4820652 VLLM::Worker_TP
3193697 2056252 ray::AgentLoopW
3193691 2049280 ray::AgentLoopW
3193693 1810408 ray::AgentLoopW
== 2026-09-05T07:34:14+09:00
Mem:            1007         706         297         368         376         300
    PID   RSS COMMAND
3187252 87682532 VLLM::Worker
3187251 87681928 VLLM::Worker
3187253 87681476 VLLM::Worker
3187250 87671940 VLLM::Worker
3118611 64002256 ray::WorkerDict
3118614 63913256 ray::WorkerDict
3118612 63902908 ray::WorkerDict
3118613 63734652 ray::WorkerDict
1317539 4827280 VLLM::Worker_TP
1317538 4820652 VLLM::Worker_TP
3193697 2056252 ray::AgentLoopW
3193691 2049280 ray::AgentLoopW
3193693 1810408 ray::AgentLoopW
== 2026-09-05T07:34:34+09:00
Mem:            1007         706         297         368         376         300
    PID   RSS COMMAND
3187252 87682532 VLLM::Worker
3187251 87681928 VLLM::Worker
3187253 87681476 VLLM::Worker
3187250 87671940 VLLM::Worker
3118611 64002256 ray::WorkerDict
3118614 63913256 ray::WorkerDict
3118612 63902908 ray::WorkerDict
3118613 63734652 ray::WorkerDict
1317539 4827280 VLLM::Worker_TP
1317538 4820652 VLLM::Worker_TP
3193697 2056252 ray::AgentLoopW
3193691 2049280 ray::AgentLoopW
3193693 1810408 ray::AgentLoopW
== 2026-09-05T07:34:54+09:00
Mem:            1007         706         297         368         376         300
    PID   RSS COMMAND
3187252 87682532 VLLM::Worker
3187251 87681928 VLLM::Worker
3187253 87681476 VLLM::Worker
3187250 87671940 VLLM::Worker
3118611 64002256 ray::WorkerDict
3118614 63913256 ray::WorkerDict
3118612 63902908 ray::WorkerDict
3118613 63734652 ray::WorkerDict
1317539 4827280 VLLM::Worker_TP
1317538 4820652 VLLM::Worker_TP
3193697 2056252 ray::AgentLoopW
3193691 2049280 ray::AgentLoopW
3193693 1810408 ray::AgentLoopW
== 2026-09-05T07:35:14+09:00
Mem:            1007         706         297         368         376         300
    PID   RSS COMMAND
3187252 87682532 VLLM::Worker
3187251 87681928 VLLM::Worker
3187253 87681476 VLLM::Worker
3187250 87671940 VLLM::Worker
3118611 64002256 ray::WorkerDict
3118614 63913256 ray::WorkerDict
3118612 63902908 ray::WorkerDict
3118613 63734652 ray::WorkerDict
1317539 4827280 VLLM::Worker_TP
1317538 4820652 VLLM::Worker_TP
3193697 2056252 ray::AgentLoopW
3193691 2049280 ray::AgentLoopW
3193693 1810408 ray::AgentLoopW
== 2026-09-05T07:35:34+09:00
Mem:            1007         706         298         368         376         300
    PID   RSS COMMAND
3187252 87682532 VLLM::Worker
3187251 87681928 VLLM::Worker
3187253 87681476 VLLM::Worker
3187250 87671940 VLLM::Worker
3118611 64002256 ray::WorkerDict
3118614 63913256 ray::WorkerDict
3118612 63902908 ray::WorkerDict
3118613 63734652 ray::WorkerDict
1317539 4827280 VLLM::Worker_TP
1317538 4820652 VLLM::Worker_TP
3193697 2056252 ray::AgentLoopW
3193691 2049280 ray::AgentLoopW
3193693 1810408 ray::AgentLoopW
== 2026-09-05T07:35:54+09:00
Mem:            1007         478         526         368         376         529
    PID   RSS COMMAND
3187252 87682532 VLLM::Worker
3187251 87681928 VLLM::Worker
3187253 87681476 VLLM::Worker
3187250 87671940 VLLM::Worker
1317539 4827280 VLLM::Worker_TP
1317538 4820652 VLLM::Worker_TP
3118612 4295120 ray::WorkerDict
3118611 4156856 ray::WorkerDict
3118613 4102496 ray::WorkerDict
3118614 3919568 ray::WorkerDict
3193697 2056252 ray::AgentLoopW
3193691 2049280 ray::AgentLoopW
3193693 1810408 ray::AgentLoopW
== 2026-09-05T07:36:14+09:00
Mem:            1007         478         526         368         376         529
    PID   RSS COMMAND
3187252 87682532 VLLM::Worker
3187251 87681928 VLLM::Worker
3187253 87681476 VLLM::Worker
3187250 87671940 VLLM::Worker
1317539 4827280 VLLM::Worker_TP
1317538 4820652 VLLM::Worker_TP
3118612 4295120 ray::WorkerDict
3118611 4156856 ray::WorkerDict
3118613 4102496 ray::WorkerDict
3118614 3919568 ray::WorkerDict
3193697 2056252 ray::AgentLoopW
3193691 2049280 ray::AgentLoopW
3193693 1810408 ray::AgentLoopW
== 2026-09-05T07:36:34+09:00
Mem:            1007         478         526         368         376         529
    PID   RSS COMMAND
3187252 87682532 VLLM::Worker
3187251 87681928 VLLM::Worker
3187253 87681476 VLLM::Worker
3187250 87671940 VLLM::Worker
1317539 4827280 VLLM::Worker_TP
1317538 4820652 VLLM::Worker_TP
3118612 4298176 ray::WorkerDict
3118611 4157596 ray::WorkerDict
3118613 4102232 ray::WorkerDict
3118614 3919704 ray::WorkerDict
3193697 2056252 ray::AgentLoopW
3193691 2049280 ray::AgentLoopW
3193693 1810408 ray::AgentLoopW
== 2026-09-05T07:36:54+09:00
Mem:            1007         478         526         368         376         529
    PID   RSS COMMAND
3187252 87682532 VLLM::Worker
3187251 87681928 VLLM::Worker
3187253 87681476 VLLM::Worker
3187250 87671940 VLLM::Worker
1317539 4827280 VLLM::Worker_TP
1317538 4820652 VLLM::Worker_TP
3118612 4298176 ray::WorkerDict
3118611 4157596 ray::WorkerDict
3118613 4102232 ray::WorkerDict
3118614 3919704 ray::WorkerDict
3193697 2056252 ray::AgentLoopW
3193691 2049280 ray::AgentLoopW
3193693 1810408 ray::AgentLoopW
== 2026-09-05T07:37:14+09:00
Mem:            1007         478         526         368         376         529
    PID   RSS COMMAND
3187252 87682532 VLLM::Worker
3187251 87681928 VLLM::Worker
3187253 87681476 VLLM::Worker
3187250 87671940 VLLM::Worker
1317539 4827280 VLLM::Worker_TP
1317538 4820652 VLLM::Worker_TP
3118612 4298176 ray::WorkerDict
3118611 4157596 ray::WorkerDict
3118613 4102232 ray::WorkerDict
3118614 3919704 ray::WorkerDict
3193697 2056252 ray::AgentLoopW
3193691 2049280 ray::AgentLoopW
3193693 1810408 ray::AgentLoopW
== 2026-09-05T07:37:34+09:00
Mem:            1007         478         526         368         376         529
    PID   RSS COMMAND
3187252 87682532 VLLM::Worker
3187251 87681928 VLLM::Worker
3187253 87681476 VLLM::Worker
3187250 87671940 VLLM::Worker
1317539 4827280 VLLM::Worker_TP
1317538 4820652 VLLM::Worker_TP
3118612 4298176 ray::WorkerDict
3118611 4157596 ray::WorkerDict
3118613 4102232 ray::WorkerDict
3118614 3919704 ray::WorkerDict
3193697 2056252 ray::AgentLoopW
3193691 2049280 ray::AgentLoopW
3193693 1810408 ray::AgentLoopW
== 2026-09-05T07:37:54+09:00
Mem:            1007         478         526         368         376         529
    PID   RSS COMMAND
3187252 87682532 VLLM::Worker
3187251 87681928 VLLM::Worker
3187253 87681476 VLLM::Worker
3187250 87671940 VLLM::Worker
1317539 4827280 VLLM::Worker_TP
1317538 4820652 VLLM::Worker_TP
3118612 4298176 ray::WorkerDict
3118611 4157596 ray::WorkerDict
3118613 4102232 ray::WorkerDict
3118614 3919704 ray::WorkerDict
3193697 2056252 ray::AgentLoopW
3193691 2049280 ray::AgentLoopW
3193693 1810408 ray::AgentLoopW
== 2026-09-05T07:38:14+09:00
Mem:            1007         478         526         368         376         529
    PID   RSS COMMAND
3187252 87682532 VLLM::Worker
3187251 87681928 VLLM::Worker
3187253 87681476 VLLM::Worker
3187250 87671940 VLLM::Worker
1317539 4827280 VLLM::Worker_TP
1317538 4820652 VLLM::Worker_TP
3118612 4298176 ray::WorkerDict
3118611 4158364 ray::WorkerDict
3118613 4103000 ray::WorkerDict
3118614 3919704 ray::WorkerDict
3193697 2056252 ray::AgentLoopW
3193691 2049280 ray::AgentLoopW
3193693 1810408 ray::AgentLoopW
== 2026-09-05T07:38:35+09:00
Mem:            1007         598         406         368         376         409
    PID   RSS COMMAND
3187252 87682532 VLLM::Worker
3187251 87681928 VLLM::Worker
3187253 87681476 VLLM::Worker
3187250 87671940 VLLM::Worker
3118612 35938432 ray::WorkerDict
3118611 35799600 ray::WorkerDict
3118613 35343828 ray::WorkerDict
3118614 35173368 ray::WorkerDict
1317539 4827280 VLLM::Worker_TP
1317538 4820652 VLLM::Worker_TP
3193697 2056252 ray::AgentLoopW
3193691 2049280 ray::AgentLoopW
3193693 1810408 ray::AgentLoopW
== 2026-09-05T07:38:55+09:00
Mem:            1007         705         304         368         369         301
    PID   RSS COMMAND
3187252 87669476 VLLM::Worker
3187251 87668872 VLLM::Worker
3187253 87666884 VLLM::Worker
3187250 87657348 VLLM::Worker
3118612 64303984 ray::WorkerDict
3118611 64164360 ray::WorkerDict
3118613 64105636 ray::WorkerDict
3118614 63925116 ray::WorkerDict
1317539 4815760 VLLM::Worker_TP
1317538 4808364 VLLM::Worker_TP
3193697 2056252 ray::AgentLoopW
3193691 2049280 ray::AgentLoopW
3193693 1810408 ray::AgentLoopW
== 2026-09-05T07:39:15+09:00
Mem:            1007         706         303         368         369         301
    PID   RSS COMMAND
3187252 87669476 VLLM::Worker
3187251 87668872 VLLM::Worker
3187253 87667652 VLLM::Worker
3187250 87657348 VLLM::Worker
3118612 64695736 ray::WorkerDict
3118611 64289516 ray::WorkerDict
3118613 64048300 ray::WorkerDict
3118614 63971308 ray::WorkerDict
1317539 4815760 VLLM::Worker_TP
1317538 4811436 VLLM::Worker_TP
3193697 2056252 ray::AgentLoopW
3193691 2049280 ray::AgentLoopW
3193693 1810408 ray::AgentLoopW
== 2026-09-05T07:39:35+09:00
Mem:            1007         704         304         368         369         302
    PID   RSS COMMAND
3187252 87669476 VLLM::Worker
3187251 87668872 VLLM::Worker
3187253 87667652 VLLM::Worker
3187250 87657348 VLLM::Worker
3118611 63940348 ray::WorkerDict
3118613 63881916 ray::WorkerDict
3118614 63865020 ray::WorkerDict
3118612 63820396 ray::WorkerDict
1317539 4815760 VLLM::Worker_TP
1317538 4811436 VLLM::Worker_TP
3193697 2056252 ray::AgentLoopW
3193691 2049280 ray::AgentLoopW
3193693 1810408 ray::AgentLoopW
== 2026-09-05T07:39:55+09:00
Mem:            1007         704         305         368         369         302
    PID   RSS COMMAND
3187252 87674084 VLLM::Worker
3187251 87671944 VLLM::Worker
3187253 87670724 VLLM::Worker
3187250 87661956 VLLM::Worker
3118611 63941884 ray::WorkerDict
3118614 63835324 ray::WorkerDict
3118612 63823468 ray::WorkerDict
3118613 63720368 ray::WorkerDict
1317539 4815760 VLLM::Worker_TP
1317538 4811436 VLLM::Worker_TP
3193697 2056252 ray::AgentLoopW
3193691 2049280 ray::AgentLoopW
3193693 1810408 ray::AgentLoopW
== 2026-09-05T07:40:15+09:00
Mem:            1007         704         305         368         369         302
    PID   RSS COMMAND
3187252 87680228 VLLM::Worker
3187251 87679624 VLLM::Worker
3187253 87676868 VLLM::Worker
3187250 87668868 VLLM::Worker
3118611 63941884 ray::WorkerDict
3118614 63835324 ray::WorkerDict
3118612 63823468 ray::WorkerDict
3118613 63720368 ray::WorkerDict
1317539 4815760 VLLM::Worker_TP
1317538 4811436 VLLM::Worker_TP
3193697 2056252 ray::AgentLoopW
3193691 2049280 ray::AgentLoopW
3193692 1823316 ray::AgentLoopW
== 2026-09-05T07:40:35+09:00
Mem:            1007         705         303         368         370         301
    PID   RSS COMMAND
3187252 87680996 VLLM::Worker
3187251 87679624 VLLM::Worker
3187253 87676868 VLLM::Worker
3187250 87668868 VLLM::Worker
3118611 63941884 ray::WorkerDict
3118614 63835324 ray::WorkerDict
3118612 63823468 ray::WorkerDict
3118613 63720368 ray::WorkerDict
1317539 4815760 VLLM::Worker_TP
1317538 4811436 VLLM::Worker_TP
3193697 2056252 ray::AgentLoopW
3193691 2049280 ray::AgentLoopW
3193692 1824488 ray::AgentLoopW
== 2026-09-05T07:40:55+09:00
Mem:            1007         705         303         368         371         301
    PID   RSS COMMAND
3187252 87680996 VLLM::Worker
3187251 87679624 VLLM::Worker
3187253 87676868 VLLM::Worker
3187250 87668868 VLLM::Worker
3118611 63941884 ray::WorkerDict
3118614 63835324 ray::WorkerDict
3118612 63823468 ray::WorkerDict
3118613 63720368 ray::WorkerDict
1317539 4815760 VLLM::Worker_TP
1317538 4811436 VLLM::Worker_TP
3193697 2057020 ray::AgentLoopW
3193691 2049280 ray::AgentLoopW
3193692 1824488 ray::AgentLoopW
== 2026-09-05T07:41:15+09:00
Mem:            1007         705         303         368         371         301
    PID   RSS COMMAND
3187252 87680996 VLLM::Worker
3187251 87679624 VLLM::Worker
3187253 87676868 VLLM::Worker
3187250 87668868 VLLM::Worker
3118611 63941884 ray::WorkerDict
3118614 63835324 ray::WorkerDict
3118612 63823468 ray::WorkerDict
3118613 63720368 ray::WorkerDict
1317539 4815760 VLLM::Worker_TP
1317538 4811436 VLLM::Worker_TP
3193697 2057020 ray::AgentLoopW
3193691 2049280 ray::AgentLoopW
3193692 1824488 ray::AgentLoopW
== 2026-09-05T07:41:35+09:00
Mem:            1007         705         303         368         371         301
    PID   RSS COMMAND
3187252 87680996 VLLM::Worker
3187251 87679624 VLLM::Worker
3187253 87676868 VLLM::Worker
3187250 87668868 VLLM::Worker
3118611 63941884 ray::WorkerDict
3118614 63835324 ray::WorkerDict
3118612 63823468 ray::WorkerDict
3118613 63720368 ray::WorkerDict
1317539 4815760 VLLM::Worker_TP
1317538 4811436 VLLM::Worker_TP
3193697 2057020 ray::AgentLoopW
3193691 2049280 ray::AgentLoopW
3193692 1824488 ray::AgentLoopW
== 2026-09-05T07:41:55+09:00
Mem:            1007         705         303         368         371         301
    PID   RSS COMMAND
3187252 87682532 VLLM::Worker
3187251 87681160 VLLM::Worker
3187253 87676100 VLLM::Worker
3187250 87671172 VLLM::Worker
3118611 63941884 ray::WorkerDict
3118614 63835324 ray::WorkerDict
3118612 63823468 ray::WorkerDict
3118613 63720368 ray::WorkerDict
1317539 4815760 VLLM::Worker_TP
1317538 4811436 VLLM::Worker_TP
3193697 2057020 ray::AgentLoopW
3193691 2049280 ray::AgentLoopW
3193692 1824488 ray::AgentLoopW
== 2026-09-05T07:42:15+09:00
Mem:            1007         705         303         368         371         301
    PID   RSS COMMAND
3187252 87682532 VLLM::Worker
3187251 87680392 VLLM::Worker
3187253 87676100 VLLM::Worker
3187250 87671172 VLLM::Worker
3118611 63941884 ray::WorkerDict
3118614 63835324 ray::WorkerDict
3118612 63823468 ray::WorkerDict
3118613 63720368 ray::WorkerDict
1317539 4815760 VLLM::Worker_TP
1317538 4811436 VLLM::Worker_TP
3193697 2057020 ray::AgentLoopW
3193691 2049280 ray::AgentLoopW
3193692 1824488 ray::AgentLoopW
== 2026-09-05T07:42:35+09:00
Mem:            1007         705         303         368         371         301
    PID   RSS COMMAND
3187252 87682532 VLLM::Worker
3187251 87680392 VLLM::Worker
3187253 87676100 VLLM::Worker
3187250 87671172 VLLM::Worker
3118611 63941884 ray::WorkerDict
3118614 63835324 ray::WorkerDict
3118612 63823468 ray::WorkerDict
3118613 63720368 ray::WorkerDict
1317539 4815760 VLLM::Worker_TP
1317538 4811436 VLLM::Worker_TP
3193697 2057020 ray::AgentLoopW
3193691 2049280 ray::AgentLoopW
3193692 1824488 ray::AgentLoopW
== 2026-09-05T07:42:55+09:00
Mem:            1007         705         303         368         371         301
    PID   RSS COMMAND
3187252 87682532 VLLM::Worker
3187251 87680392 VLLM::Worker
3187253 87676100 VLLM::Worker
3187250 87671172 VLLM::Worker
3118611 63941884 ray::WorkerDict
3118614 63835324 ray::WorkerDict
3118612 63823468 ray::WorkerDict
3118613 63720368 ray::WorkerDict
1317539 4815760 VLLM::Worker_TP
1317538 4811436 VLLM::Worker_TP
3193697 2057020 ray::AgentLoopW
3193691 2049280 ray::AgentLoopW
3193692 1824488 ray::AgentLoopW
== 2026-09-05T07:43:15+09:00
Mem:            1007         705         303         368         371         301
    PID   RSS COMMAND
3187252 87682532 VLLM::Worker
3187251 87680392 VLLM::Worker
3187253 87676100 VLLM::Worker
3187250 87671172 VLLM::Worker
3118611 63941884 ray::WorkerDict
3118614 63835324 ray::WorkerDict
3118612 63823468 ray::WorkerDict
3118613 63720368 ray::WorkerDict
1317539 4815760 VLLM::Worker_TP
1317538 4811436 VLLM::Worker_TP
3193697 2057020 ray::AgentLoopW
3193691 2049280 ray::AgentLoopW
3193692 1824488 ray::AgentLoopW
== 2026-09-05T07:43:35+09:00
Mem:            1007         705         303         368         371         301
    PID   RSS COMMAND
3187252 87682532 VLLM::Worker
3187251 87680392 VLLM::Worker
3187253 87676100 VLLM::Worker
3187250 87671172 VLLM::Worker
3118611 63941884 ray::WorkerDict
3118614 63835324 ray::WorkerDict
3118612 63823468 ray::WorkerDict
3118613 63720368 ray::WorkerDict
1317539 4815760 VLLM::Worker_TP
1317538 4811436 VLLM::Worker_TP
3193697 2057020 ray::AgentLoopW
3193691 2049280 ray::AgentLoopW
3193692 1824488 ray::AgentLoopW
== 2026-09-05T07:43:55+09:00
Mem:            1007         705         303         368         371         301
    PID   RSS COMMAND
3187252 87682532 VLLM::Worker
3187251 87680392 VLLM::Worker
3187253 87676100 VLLM::Worker
3187250 87671172 VLLM::Worker
3118611 63941884 ray::WorkerDict
3118614 63835324 ray::WorkerDict
3118612 63823468 ray::WorkerDict
3118613 63720368 ray::WorkerDict
1317539 4815760 VLLM::Worker_TP
1317538 4811436 VLLM::Worker_TP
3193697 2057020 ray::AgentLoopW
3193691 2049280 ray::AgentLoopW
3193692 1824488 ray::AgentLoopW
== 2026-09-05T07:44:15+09:00
Mem:            1007         477         531         368         371         529
    PID   RSS COMMAND
3187252 87682532 VLLM::Worker
3187251 87680392 VLLM::Worker
3187253 87676100 VLLM::Worker
3187250 87671172 VLLM::Worker
1317539 4815760 VLLM::Worker_TP
1317538 4811436 VLLM::Worker_TP
3118614 4212016 ray::WorkerDict
3118612 4201188 ray::WorkerDict
3118611 4154868 ray::WorkerDict
3118613 4097208 ray::WorkerDict
3193697 2057020 ray::AgentLoopW
3193691 2049280 ray::AgentLoopW
3193692 1824488 ray::AgentLoopW
== 2026-09-05T07:44:35+09:00
Mem:            1007         477         531         368         371         530
    PID   RSS COMMAND
3187252 87682532 VLLM::Worker
3187251 87680392 VLLM::Worker
3187253 87676100 VLLM::Worker
3187250 87671172 VLLM::Worker
1317539 4815760 VLLM::Worker_TP
1317538 4811436 VLLM::Worker_TP
3118612 4183864 ray::WorkerDict
3118611 4164304 ray::WorkerDict
3118613 4099600 ray::WorkerDict
3118614 3921224 ray::WorkerDict
3193697 2057020 ray::AgentLoopW
3193691 2049280 ray::AgentLoopW
3193692 1824488 ray::AgentLoopW
== 2026-09-05T07:44:55+09:00
Mem:            1007         477         531         368         371         530
    PID   RSS COMMAND
3187252 87682532 VLLM::Worker
3187251 87680392 VLLM::Worker
3187253 87676100 VLLM::Worker
3187250 87671172 VLLM::Worker
1317539 4815760 VLLM::Worker_TP
1317538 4811436 VLLM::Worker_TP
3118612 4184632 ray::WorkerDict
3118611 4165072 ray::WorkerDict
3118613 4100368 ray::WorkerDict
3118614 3921992 ray::WorkerDict
3193697 2057020 ray::AgentLoopW
3193691 2049280 ray::AgentLoopW
3193692 1824488 ray::AgentLoopW
== 2026-09-05T07:45:15+09:00
Mem:            1007         616         392         368         371         391
    PID   RSS COMMAND
3187252 87682532 VLLM::Worker
3187251 87680392 VLLM::Worker
3187253 87676100 VLLM::Worker
3187250 87671172 VLLM::Worker
3118612 40693064 ray::WorkerDict
3118611 40674216 ray::WorkerDict
3118613 40387692 ray::WorkerDict
3118614 40220496 ray::WorkerDict
1317539 4815760 VLLM::Worker_TP
1317538 4811436 VLLM::Worker_TP
3193697 2057020 ray::AgentLoopW
3193691 2049280 ray::AgentLoopW
3193692 1824488 ray::AgentLoopW
== 2026-09-05T07:45:35+09:00
Mem:            1007         706         302         368         371         300
    PID   RSS COMMAND
3187252 87682532 VLLM::Worker
3187251 87680392 VLLM::Worker
3187253 87676100 VLLM::Worker
3187250 87671172 VLLM::Worker
3118613 64276568 ray::WorkerDict
3118611 64171652 ray::WorkerDict
3118612 64166868 ray::WorkerDict
3118614 63777948 ray::WorkerDict
1317539 4815760 VLLM::Worker_TP
1317538 4811436 VLLM::Worker_TP
3193697 2057020 ray::AgentLoopW
3193691 2049280 ray::AgentLoopW
3193692 1824488 ray::AgentLoopW
== 2026-09-05T07:45:55+09:00
Mem:            1007         707         301         368         371         300
    PID   RSS COMMAND
3187252 87682532 VLLM::Worker
3187251 87680392 VLLM::Worker
3187253 87676100 VLLM::Worker
3187250 87671172 VLLM::Worker
3118611 64586124 ray::WorkerDict
3118613 64103768 ray::WorkerDict
3118612 63930324 ray::WorkerDict
3118614 63689056 ray::WorkerDict
1317539 4815760 VLLM::Worker_TP
1317538 4811436 VLLM::Worker_TP
3193697 2057020 ray::AgentLoopW
3193691 2049280 ray::AgentLoopW
3193692 1824488 ray::AgentLoopW
== 2026-09-05T07:46:15+09:00
Mem:            1007         705         303         368         371         301
    PID   RSS COMMAND
3187252 87682532 VLLM::Worker
3187251 87680392 VLLM::Worker
3187253 87676100 VLLM::Worker
3187250 87671172 VLLM::Worker
3118611 63944312 ray::WorkerDict
3118613 63879528 ray::WorkerDict
3118612 63684816 ray::WorkerDict
3118614 63553696 ray::WorkerDict
1317539 4815760 VLLM::Worker_TP
1317538 4811436 VLLM::Worker_TP
3193697 2115388 ray::AgentLoopW
3193691 2049700 ray::AgentLoopW
3193692 1870568 ray::AgentLoopW
== 2026-09-05T07:46:35+09:00
Mem:            1007         706         302         368         371         301
    PID   RSS COMMAND
3187252 87682532 VLLM::Worker
3187251 87680392 VLLM::Worker
3187253 87676100 VLLM::Worker
3187250 87671172 VLLM::Worker
3118611 63944312 ray::WorkerDict
3118613 63879528 ray::WorkerDict
3118612 63684816 ray::WorkerDict
3118614 63553696 ray::WorkerDict
1317539 4815760 VLLM::Worker_TP
1317538 4811436 VLLM::Worker_TP
3193697 2115388 ray::AgentLoopW
3193691 2049700 ray::AgentLoopW
3193692 1870568 ray::AgentLoopW
== 2026-09-05T07:46:55+09:00
Mem:            1007         706         299         368         374         300
    PID   RSS COMMAND
3187252 87681516 VLLM::Worker
3187251 87680392 VLLM::Worker
3187253 87676100 VLLM::Worker
3187250 87671172 VLLM::Worker
3118611 63944312 ray::WorkerDict
3118613 63879528 ray::WorkerDict
3118612 63684816 ray::WorkerDict
3118614 63553696 ray::WorkerDict
1317539 4815760 VLLM::Worker_TP
1317538 4811436 VLLM::Worker_TP
3193697 2115388 ray::AgentLoopW
3193691 2049700 ray::AgentLoopW
3193692 1871548 ray::AgentLoopW
== 2026-09-05T07:47:15+09:00
Mem:            1007         706         299         368         374         300
    PID   RSS COMMAND
3187252 87681516 VLLM::Worker
3187251 87680392 VLLM::Worker
3187253 87676100 VLLM::Worker
3187250 87671172 VLLM::Worker
3118611 63944312 ray::WorkerDict
3118613 63879528 ray::WorkerDict
3118612 63684816 ray::WorkerDict
3118614 63553696 ray::WorkerDict
1317539 4815760 VLLM::Worker_TP
1317538 4811436 VLLM::Worker_TP
3193697 2115388 ray::AgentLoopW
3193691 2049700 ray::AgentLoopW
3193692 1871548 ray::AgentLoopW
== 2026-09-05T07:47:36+09:00
Mem:            1007         706         299         368         374         300
    PID   RSS COMMAND
3187252 87681516 VLLM::Worker
3187251 87680392 VLLM::Worker
3187253 87676100 VLLM::Worker
3187250 87671172 VLLM::Worker
3118611 63944312 ray::WorkerDict
3118613 63879528 ray::WorkerDict
3118612 63684816 ray::WorkerDict
3118614 63553696 ray::WorkerDict
1317539 4815760 VLLM::Worker_TP
1317538 4811436 VLLM::Worker_TP
3193697 2115388 ray::AgentLoopW
3193691 2049700 ray::AgentLoopW
3193692 1871548 ray::AgentLoopW
== 2026-09-05T07:47:56+09:00
Mem:            1007         706         299         368         374         300
    PID   RSS COMMAND
3187252 87681516 VLLM::Worker
3187251 87680392 VLLM::Worker
3187253 87676100 VLLM::Worker
3187250 87671172 VLLM::Worker
3118611 63944312 ray::WorkerDict
3118613 63879528 ray::WorkerDict
3118612 63684816 ray::WorkerDict
3118614 63553696 ray::WorkerDict
1317539 4815760 VLLM::Worker_TP
1317538 4811436 VLLM::Worker_TP
3193697 2115388 ray::AgentLoopW
3193691 2049700 ray::AgentLoopW
3193692 1871548 ray::AgentLoopW
== 2026-09-05T07:48:16+09:00
Mem:            1007         706         299         368         374         300
    PID   RSS COMMAND
3187252 87681516 VLLM::Worker
3187251 87680392 VLLM::Worker
3187253 87676100 VLLM::Worker
3187250 87671172 VLLM::Worker
3118611 63944312 ray::WorkerDict
3118613 63879528 ray::WorkerDict
3118612 63684816 ray::WorkerDict
3118614 63553696 ray::WorkerDict
1317539 4815760 VLLM::Worker_TP
1317538 4811436 VLLM::Worker_TP
3193697 2115388 ray::AgentLoopW
3193691 2049700 ray::AgentLoopW
3193692 1871548 ray::AgentLoopW
== 2026-09-05T07:48:36+09:00
Mem:            1007         706         299         368         374         300
    PID   RSS COMMAND
3187252 87681516 VLLM::Worker
3187251 87680392 VLLM::Worker
3187253 87676100 VLLM::Worker
3187250 87671172 VLLM::Worker
3118611 63944312 ray::WorkerDict
3118613 63879528 ray::WorkerDict
3118612 63684816 ray::WorkerDict
3118614 63553696 ray::WorkerDict
1317539 4815760 VLLM::Worker_TP
1317538 4811436 VLLM::Worker_TP
3193697 2115388 ray::AgentLoopW
3193691 2049700 ray::AgentLoopW
3193692 1871548 ray::AgentLoopW
== 2026-09-05T07:48:56+09:00
Mem:            1007         706         299         368         374         300
    PID   RSS COMMAND
3187252 87681516 VLLM::Worker
3187251 87680392 VLLM::Worker
3187253 87676100 VLLM::Worker
3187250 87671172 VLLM::Worker
3118611 63944312 ray::WorkerDict
3118613 63879528 ray::WorkerDict
3118612 63684816 ray::WorkerDict
3118614 63553696 ray::WorkerDict
1317539 4815760 VLLM::Worker_TP
1317538 4811436 VLLM::Worker_TP
3193697 2115388 ray::AgentLoopW
3193691 2049700 ray::AgentLoopW
3193692 1871548 ray::AgentLoopW
== 2026-09-05T07:49:16+09:00
Mem:            1007         706         299         368         374         300
    PID   RSS COMMAND
3187252 87681516 VLLM::Worker
3187251 87680392 VLLM::Worker
3187253 87676100 VLLM::Worker
3187250 87671172 VLLM::Worker
3118611 63944312 ray::WorkerDict
3118613 63879528 ray::WorkerDict
3118612 63684816 ray::WorkerDict
3118614 63553696 ray::WorkerDict
1317539 4815760 VLLM::Worker_TP
1317538 4811436 VLLM::Worker_TP
3193697 2115388 ray::AgentLoopW
3193691 2049700 ray::AgentLoopW
3193692 1871548 ray::AgentLoopW
== 2026-09-05T07:49:36+09:00
Mem:            1007         706         299         368         374         300
    PID   RSS COMMAND
3187252 87681516 VLLM::Worker
3187251 87680392 VLLM::Worker
3187253 87676100 VLLM::Worker
3187250 87671172 VLLM::Worker
3118611 63944312 ray::WorkerDict
3118613 63879528 ray::WorkerDict
3118612 63684816 ray::WorkerDict
3118614 63553696 ray::WorkerDict
1317539 4815760 VLLM::Worker_TP
1317538 4811436 VLLM::Worker_TP
3193697 2115388 ray::AgentLoopW
3193691 2049700 ray::AgentLoopW
3193692 1871548 ray::AgentLoopW
== 2026-09-05T07:49:56+09:00
Mem:            1007         706         299         368         374         300
    PID   RSS COMMAND
3187252 87681516 VLLM::Worker
3187251 87680392 VLLM::Worker
3187253 87676100 VLLM::Worker
3187250 87671172 VLLM::Worker
3118611 63944312 ray::WorkerDict
3118613 63879528 ray::WorkerDict
3118612 63684816 ray::WorkerDict
3118614 63553696 ray::WorkerDict
1317539 4815760 VLLM::Worker_TP
1317538 4811436 VLLM::Worker_TP
3193697 2115388 ray::AgentLoopW
3193691 2049700 ray::AgentLoopW
3193692 1871548 ray::AgentLoopW
== 2026-09-05T07:50:16+09:00
Mem:            1007         706         299         368         374         301
    PID   RSS COMMAND
3187252 87681516 VLLM::Worker
3187251 87680392 VLLM::Worker
3187253 87676100 VLLM::Worker
3187250 87671172 VLLM::Worker
3118611 63944312 ray::WorkerDict
3118613 63879528 ray::WorkerDict
3118612 63684816 ray::WorkerDict
3118614 63553696 ray::WorkerDict
1317539 4815760 VLLM::Worker_TP
1317538 4811436 VLLM::Worker_TP
3193697 2115388 ray::AgentLoopW
3193691 2049700 ray::AgentLoopW
3193692 1871548 ray::AgentLoopW
== 2026-09-05T07:50:36+09:00
Mem:            1007         706         299         368         374         301
    PID   RSS COMMAND
3187252 87681516 VLLM::Worker
3187251 87680392 VLLM::Worker
3187253 87676100 VLLM::Worker
3187250 87671172 VLLM::Worker
3118611 63944312 ray::WorkerDict
3118613 63879528 ray::WorkerDict
3118612 63684816 ray::WorkerDict
3118614 63553696 ray::WorkerDict
1317539 4815760 VLLM::Worker_TP
1317538 4811436 VLLM::Worker_TP
3193697 2115388 ray::AgentLoopW
3193691 2049700 ray::AgentLoopW
3193692 1871548 ray::AgentLoopW
== 2026-09-05T07:50:56+09:00
Mem:            1007         706         299         368         374         301
    PID   RSS COMMAND
3187252 87681516 VLLM::Worker
3187251 87680392 VLLM::Worker
3187253 87676100 VLLM::Worker
3187250 87671172 VLLM::Worker
3118611 63944312 ray::WorkerDict
3118613 63879528 ray::WorkerDict
3118612 63684816 ray::WorkerDict
3118614 63553696 ray::WorkerDict
1317539 4815760 VLLM::Worker_TP
1317538 4811436 VLLM::Worker_TP
3193697 2115388 ray::AgentLoopW
3193691 2049700 ray::AgentLoopW
3193692 1871548 ray::AgentLoopW
== 2026-09-05T07:51:16+09:00
Mem:            1007         706         299         368         374         301
    PID   RSS COMMAND
3187252 87681516 VLLM::Worker
3187251 87680392 VLLM::Worker
3187253 87676100 VLLM::Worker
3187250 87671172 VLLM::Worker
3118611 63944312 ray::WorkerDict
3118613 63879528 ray::WorkerDict
3118612 63684816 ray::WorkerDict
3118614 63553696 ray::WorkerDict
1317539 4815760 VLLM::Worker_TP
1317538 4811436 VLLM::Worker_TP
3193697 2115388 ray::AgentLoopW
3193691 2049700 ray::AgentLoopW
3193692 1871548 ray::AgentLoopW
== 2026-09-05T07:51:36+09:00
Mem:            1007         706         299         368         374         301
    PID   RSS COMMAND
3187252 87681516 VLLM::Worker
3187251 87680392 VLLM::Worker
3187253 87676100 VLLM::Worker
3187250 87671172 VLLM::Worker
3118611 63944312 ray::WorkerDict
3118613 63879528 ray::WorkerDict
3118612 63684816 ray::WorkerDict
3118614 63553696 ray::WorkerDict
1317539 4815760 VLLM::Worker_TP
1317538 4811436 VLLM::Worker_TP
3193697 2115388 ray::AgentLoopW
3193691 2049700 ray::AgentLoopW
3193692 1871548 ray::AgentLoopW
== 2026-09-05T07:51:56+09:00
Mem:            1007         706         299         368         374         301
    PID   RSS COMMAND
3187252 87682284 VLLM::Worker
3187251 87681160 VLLM::Worker
3187253 87676868 VLLM::Worker
3187250 87671940 VLLM::Worker
3118611 63944312 ray::WorkerDict
3118613 63879528 ray::WorkerDict
3118612 63684816 ray::WorkerDict
3118614 63553696 ray::WorkerDict
1317539 4815760 VLLM::Worker_TP
1317538 4811436 VLLM::Worker_TP
3193697 2115388 ray::AgentLoopW
3193691 2049700 ray::AgentLoopW
3193692 1871548 ray::AgentLoopW
== 2026-09-05T07:52:16+09:00
Mem:            1007         706         299         368         374         301
    PID   RSS COMMAND
3187252 87683820 VLLM::Worker
3187251 87681928 VLLM::Worker
3187253 87678404 VLLM::Worker
3187250 87672708 VLLM::Worker
3118611 63944312 ray::WorkerDict
3118613 63879528 ray::WorkerDict
3118612 63684816 ray::WorkerDict
3118614 63553696 ray::WorkerDict
1317539 4815760 VLLM::Worker_TP
1317538 4811436 VLLM::Worker_TP
3193697 2115388 ray::AgentLoopW
3193691 2049700 ray::AgentLoopW
3193692 1871548 ray::AgentLoopW
== 2026-09-05T07:52:36+09:00
Mem:            1007         706         299         368         374         301
    PID   RSS COMMAND
3187252 87683820 VLLM::Worker
3187251 87681928 VLLM::Worker
3187253 87678404 VLLM::Worker
3187250 87672708 VLLM::Worker
3118611 63944312 ray::WorkerDict
3118613 63879528 ray::WorkerDict
3118612 63684816 ray::WorkerDict
3118614 63553696 ray::WorkerDict
1317539 4815760 VLLM::Worker_TP
1317538 4811436 VLLM::Worker_TP
3193697 2115388 ray::AgentLoopW
3193691 2049700 ray::AgentLoopW
3193692 1871548 ray::AgentLoopW
== 2026-09-05T07:52:56+09:00
Mem:            1007         706         299         368         374         301
    PID   RSS COMMAND
3187252 87683820 VLLM::Worker
3187251 87681928 VLLM::Worker
3187253 87678404 VLLM::Worker
3187250 87672708 VLLM::Worker
3118611 63944312 ray::WorkerDict
3118613 63879528 ray::WorkerDict
3118612 63684816 ray::WorkerDict
3118614 63553696 ray::WorkerDict
1317539 4815760 VLLM::Worker_TP
1317538 4811436 VLLM::Worker_TP
3193697 2115388 ray::AgentLoopW
3193691 2049700 ray::AgentLoopW
3193692 1871548 ray::AgentLoopW
== 2026-09-05T07:53:16+09:00
Mem:            1007         706         299         368         374         300
    PID   RSS COMMAND
3187252 87683820 VLLM::Worker
3187251 87681928 VLLM::Worker
3187253 87678404 VLLM::Worker
3187250 87672708 VLLM::Worker
3118611 63944312 ray::WorkerDict
3118613 63879528 ray::WorkerDict
3118612 63684816 ray::WorkerDict
3118614 63553696 ray::WorkerDict
1317539 4815760 VLLM::Worker_TP
1317538 4811436 VLLM::Worker_TP
3193697 2115388 ray::AgentLoopW
3193691 2049700 ray::AgentLoopW
3193692 1871548 ray::AgentLoopW
== 2026-09-05T07:53:36+09:00
Mem:            1007         706         299         368         374         300
    PID   RSS COMMAND
3187252 87683820 VLLM::Worker
3187251 87681928 VLLM::Worker
3187253 87678404 VLLM::Worker
3187250 87672708 VLLM::Worker
3118611 63944312 ray::WorkerDict
3118613 63879528 ray::WorkerDict
3118612 63684816 ray::WorkerDict
3118614 63553696 ray::WorkerDict
1317539 4815760 VLLM::Worker_TP
1317538 4811436 VLLM::Worker_TP
3193697 2115388 ray::AgentLoopW
3193691 2049700 ray::AgentLoopW
3193692 1871548 ray::AgentLoopW
== 2026-09-05T07:53:56+09:00
Mem:            1007         706         299         368         374         300
    PID   RSS COMMAND
3187252 87683820 VLLM::Worker
3187251 87681928 VLLM::Worker
3187253 87678404 VLLM::Worker
3187250 87672708 VLLM::Worker
3118611 63944312 ray::WorkerDict
3118613 63879528 ray::WorkerDict
3118612 63684816 ray::WorkerDict
3118614 63553696 ray::WorkerDict
1317539 4815760 VLLM::Worker_TP
1317538 4811436 VLLM::Worker_TP
3193697 2115388 ray::AgentLoopW
3193691 2049700 ray::AgentLoopW
3193692 1871548 ray::AgentLoopW
== 2026-09-05T07:54:16+09:00
Mem:            1007         706         299         368         374         301
    PID   RSS COMMAND
3187252 87683820 VLLM::Worker
3187251 87681928 VLLM::Worker
3187253 87678404 VLLM::Worker
3187250 87672708 VLLM::Worker
3118611 63944312 ray::WorkerDict
3118613 63879528 ray::WorkerDict
3118612 63684816 ray::WorkerDict
3118614 63553696 ray::WorkerDict
1317539 4815760 VLLM::Worker_TP
1317538 4811436 VLLM::Worker_TP
3193697 2115388 ray::AgentLoopW
3193691 2049700 ray::AgentLoopW
3193692 1871548 ray::AgentLoopW
== 2026-09-05T07:54:36+09:00
Mem:            1007         706         299         368         374         301
    PID   RSS COMMAND
3187252 87683820 VLLM::Worker
3187251 87681928 VLLM::Worker
3187253 87678404 VLLM::Worker
3187250 87672708 VLLM::Worker
3118611 63944312 ray::WorkerDict
3118613 63879528 ray::WorkerDict
3118612 63684816 ray::WorkerDict
3118614 63553696 ray::WorkerDict
1317539 4815760 VLLM::Worker_TP
1317538 4811436 VLLM::Worker_TP
3193697 2115388 ray::AgentLoopW
3193691 2049700 ray::AgentLoopW
3193692 1871548 ray::AgentLoopW
== 2026-09-05T07:54:56+09:00
Mem:            1007         706         299         368         374         301
    PID   RSS COMMAND
3187252 87683820 VLLM::Worker
3187251 87681928 VLLM::Worker
3187253 87678404 VLLM::Worker
3187250 87672708 VLLM::Worker
3118611 63944312 ray::WorkerDict
3118613 63879528 ray::WorkerDict
3118612 63684816 ray::WorkerDict
3118614 63553696 ray::WorkerDict
1317539 4815760 VLLM::Worker_TP
1317538 4811436 VLLM::Worker_TP
3193697 2115388 ray::AgentLoopW
3193691 2049700 ray::AgentLoopW
3193692 1871548 ray::AgentLoopW
== 2026-09-05T07:55:16+09:00
Mem:            1007         706         299         368         374         301
    PID   RSS COMMAND
3187252 87683820 VLLM::Worker
3187251 87681928 VLLM::Worker
3187253 87678404 VLLM::Worker
3187250 87672708 VLLM::Worker
3118611 63944312 ray::WorkerDict
3118613 63879528 ray::WorkerDict
3118612 63684816 ray::WorkerDict
3118614 63553696 ray::WorkerDict
1317539 4815760 VLLM::Worker_TP
1317538 4811436 VLLM::Worker_TP
3193697 2115388 ray::AgentLoopW
3193691 2049700 ray::AgentLoopW
3193692 1871548 ray::AgentLoopW
== 2026-09-05T07:55:36+09:00
Mem:            1007         706         299         368         374         301
    PID   RSS COMMAND
3187252 87683820 VLLM::Worker
3187251 87681928 VLLM::Worker
3187253 87678404 VLLM::Worker
3187250 87672708 VLLM::Worker
3118611 63944312 ray::WorkerDict
3118613 63879528 ray::WorkerDict
3118612 63684816 ray::WorkerDict
3118614 63553696 ray::WorkerDict
1317539 4815760 VLLM::Worker_TP
1317538 4811436 VLLM::Worker_TP
3193697 2115388 ray::AgentLoopW
3193691 2049700 ray::AgentLoopW
3193692 1871548 ray::AgentLoopW
== 2026-09-05T07:55:56+09:00
Mem:            1007         706         299         368         374         301
    PID   RSS COMMAND
3187252 87683820 VLLM::Worker
3187251 87681928 VLLM::Worker
3187253 87678404 VLLM::Worker
3187250 87672708 VLLM::Worker
3118611 63944312 ray::WorkerDict
3118613 63879528 ray::WorkerDict
3118612 63684816 ray::WorkerDict
3118614 63553696 ray::WorkerDict
1317539 4815760 VLLM::Worker_TP
1317538 4811436 VLLM::Worker_TP
3193697 2115388 ray::AgentLoopW
3193691 2049700 ray::AgentLoopW
3193692 1871548 ray::AgentLoopW
== 2026-09-05T07:56:16+09:00
Mem:            1007         706         299         368         374         301
    PID   RSS COMMAND
3187252 87683820 VLLM::Worker
3187251 87681928 VLLM::Worker
3187253 87678404 VLLM::Worker
3187250 87672708 VLLM::Worker
3118611 63944312 ray::WorkerDict
3118613 63879528 ray::WorkerDict
3118612 63684816 ray::WorkerDict
3118614 63553696 ray::WorkerDict
1317539 4815760 VLLM::Worker_TP
1317538 4811436 VLLM::Worker_TP
3193697 2115388 ray::AgentLoopW
3193691 2049700 ray::AgentLoopW
3193692 1871548 ray::AgentLoopW
== 2026-09-05T07:56:36+09:00
Mem:            1007         706         299         368         374         301
    PID   RSS COMMAND
3187252 87683820 VLLM::Worker
3187251 87681928 VLLM::Worker
3187253 87678404 VLLM::Worker
3187250 87672708 VLLM::Worker
3118611 63944312 ray::WorkerDict
3118613 63879528 ray::WorkerDict
3118612 63684816 ray::WorkerDict
3118614 63553696 ray::WorkerDict
1317539 4815760 VLLM::Worker_TP
1317538 4811436 VLLM::Worker_TP
3193697 2115388 ray::AgentLoopW
3193691 2049700 ray::AgentLoopW
3193692 1871548 ray::AgentLoopW
== 2026-09-05T07:56:56+09:00
Mem:            1007         706         299         368         374         301
    PID   RSS COMMAND
3187252 87683820 VLLM::Worker
3187251 87681928 VLLM::Worker
3187253 87678404 VLLM::Worker
3187250 87672708 VLLM::Worker
3118611 63944312 ray::WorkerDict
3118613 63879528 ray::WorkerDict
3118612 63684816 ray::WorkerDict
3118614 63553696 ray::WorkerDict
1317539 4815760 VLLM::Worker_TP
1317538 4811436 VLLM::Worker_TP
3193697 2115388 ray::AgentLoopW
3193691 2049700 ray::AgentLoopW
3193692 1871548 ray::AgentLoopW
== 2026-09-05T07:57:16+09:00
Mem:            1007         706         299         368         374         301
    PID   RSS COMMAND
3187252 87683820 VLLM::Worker
3187251 87681928 VLLM::Worker
3187253 87678404 VLLM::Worker
3187250 87672708 VLLM::Worker
3118611 63944312 ray::WorkerDict
3118613 63879528 ray::WorkerDict
3118612 63684816 ray::WorkerDict
3118614 63553696 ray::WorkerDict
1317539 4815760 VLLM::Worker_TP
1317538 4811436 VLLM::Worker_TP
3193697 2115388 ray::AgentLoopW
3193691 2049700 ray::AgentLoopW
3193692 1871548 ray::AgentLoopW
== 2026-09-05T07:57:36+09:00
Mem:            1007         706         299         368         374         301
    PID   RSS COMMAND
3187252 87683820 VLLM::Worker
3187251 87681928 VLLM::Worker
3187253 87678404 VLLM::Worker
3187250 87672708 VLLM::Worker
3118611 63944312 ray::WorkerDict
3118613 63879528 ray::WorkerDict
3118612 63684816 ray::WorkerDict
3118614 63553696 ray::WorkerDict
1317539 4815760 VLLM::Worker_TP
1317538 4811436 VLLM::Worker_TP
3193697 2115388 ray::AgentLoopW
3193691 2049700 ray::AgentLoopW
3193692 1871548 ray::AgentLoopW
== 2026-09-05T07:57:57+09:00
Mem:            1007         706         299         368         374         301
    PID   RSS COMMAND
3187252 87683820 VLLM::Worker
3187251 87681928 VLLM::Worker
3187253 87678404 VLLM::Worker
3187250 87672708 VLLM::Worker
3118611 63944312 ray::WorkerDict
3118613 63879528 ray::WorkerDict
3118612 63684816 ray::WorkerDict
3118614 63553696 ray::WorkerDict
1317539 4815760 VLLM::Worker_TP
1317538 4811436 VLLM::Worker_TP
3193697 2115388 ray::AgentLoopW
3193691 2049700 ray::AgentLoopW
3193692 1871548 ray::AgentLoopW
== 2026-09-05T07:58:17+09:00
Mem:            1007         706         299         368         374         301
    PID   RSS COMMAND
3187252 87683820 VLLM::Worker
3187251 87681928 VLLM::Worker
3187253 87678404 VLLM::Worker
3187250 87672708 VLLM::Worker
3118611 63944312 ray::WorkerDict
3118613 63879528 ray::WorkerDict
3118612 63684816 ray::WorkerDict
3118614 63553696 ray::WorkerDict
1317539 4815760 VLLM::Worker_TP
1317538 4811436 VLLM::Worker_TP
3193697 2115388 ray::AgentLoopW
3193691 2049700 ray::AgentLoopW
3193692 1871548 ray::AgentLoopW
== 2026-09-05T07:58:37+09:00
Mem:            1007         706         299         368         374         301
    PID   RSS COMMAND
3187252 87683820 VLLM::Worker
3187251 87681928 VLLM::Worker
3187253 87678404 VLLM::Worker
3187250 87672708 VLLM::Worker
3118611 63944312 ray::WorkerDict
3118613 63879528 ray::WorkerDict
3118612 63684816 ray::WorkerDict
3118614 63553696 ray::WorkerDict
1317539 4815760 VLLM::Worker_TP
1317538 4811436 VLLM::Worker_TP
3193697 2115388 ray::AgentLoopW
3193691 2049700 ray::AgentLoopW
3193692 1871548 ray::AgentLoopW
== 2026-09-05T07:58:57+09:00
Mem:            1007         706         299         368         374         301
    PID   RSS COMMAND
3187252 87683820 VLLM::Worker
3187251 87681928 VLLM::Worker
3187253 87678404 VLLM::Worker
3187250 87672708 VLLM::Worker
3118611 63944312 ray::WorkerDict
3118613 63879528 ray::WorkerDict
3118612 63684816 ray::WorkerDict
3118614 63553696 ray::WorkerDict
1317539 4815760 VLLM::Worker_TP
1317538 4811436 VLLM::Worker_TP
3193697 2115388 ray::AgentLoopW
3193691 2049700 ray::AgentLoopW
3193692 1871548 ray::AgentLoopW
== 2026-09-05T07:59:17+09:00
Mem:            1007         706         299         368         374         301
    PID   RSS COMMAND
3187252 87683820 VLLM::Worker
3187251 87681928 VLLM::Worker
3187253 87678404 VLLM::Worker
3187250 87672708 VLLM::Worker
3118611 63944312 ray::WorkerDict
3118613 63879528 ray::WorkerDict
3118612 63684816 ray::WorkerDict
3118614 63553696 ray::WorkerDict
1317539 4815760 VLLM::Worker_TP
1317538 4811436 VLLM::Worker_TP
3193697 2115388 ray::AgentLoopW
3193691 2049700 ray::AgentLoopW
3193692 1871548 ray::AgentLoopW
== 2026-09-05T07:59:37+09:00
Mem:            1007         706         299         368         374         301
    PID   RSS COMMAND
3187252 87683820 VLLM::Worker
3187251 87681928 VLLM::Worker
3187253 87678404 VLLM::Worker
3187250 87672708 VLLM::Worker
3118611 63944312 ray::WorkerDict
3118613 63879528 ray::WorkerDict
3118612 63684816 ray::WorkerDict
3118614 63553696 ray::WorkerDict
1317539 4815760 VLLM::Worker_TP
1317538 4811436 VLLM::Worker_TP
3193697 2115388 ray::AgentLoopW
3193691 2049700 ray::AgentLoopW
3193692 1871548 ray::AgentLoopW
== 2026-09-05T07:59:57+09:00
Mem:            1007         706         299         368         374         301
    PID   RSS COMMAND
3187252 87683820 VLLM::Worker
3187251 87681928 VLLM::Worker
3187253 87678404 VLLM::Worker
3187250 87672708 VLLM::Worker
3118611 63944312 ray::WorkerDict
3118613 63879528 ray::WorkerDict
3118612 63684816 ray::WorkerDict
3118614 63553696 ray::WorkerDict
1317539 4815760 VLLM::Worker_TP
1317538 4811436 VLLM::Worker_TP
3193697 2115388 ray::AgentLoopW
3193691 2049700 ray::AgentLoopW
3193692 1871548 ray::AgentLoopW
== 2026-09-05T08:00:17+09:00
Mem:            1007         706         299         368         374         301
    PID   RSS COMMAND
3187252 87683820 VLLM::Worker
3187251 87681928 VLLM::Worker
3187253 87678404 VLLM::Worker
3187250 87672708 VLLM::Worker
3118611 63944312 ray::WorkerDict
3118613 63879528 ray::WorkerDict
3118612 63684816 ray::WorkerDict
3118614 63553696 ray::WorkerDict
1317539 4815760 VLLM::Worker_TP
1317538 4811436 VLLM::Worker_TP
3193697 2115388 ray::AgentLoopW
3193691 2049700 ray::AgentLoopW
3193692 1871548 ray::AgentLoopW
== 2026-09-05T08:00:37+09:00
Mem:            1007         706         299         368         374         301
    PID   RSS COMMAND
3187252 87683820 VLLM::Worker
3187251 87681928 VLLM::Worker
3187253 87678404 VLLM::Worker
3187250 87672708 VLLM::Worker
3118611 63944312 ray::WorkerDict
3118613 63879528 ray::WorkerDict
3118612 63684816 ray::WorkerDict
3118614 63553696 ray::WorkerDict
1317539 4815760 VLLM::Worker_TP
1317538 4811436 VLLM::Worker_TP
3193697 2115388 ray::AgentLoopW
3193691 2049700 ray::AgentLoopW
3193692 1871548 ray::AgentLoopW
== 2026-09-05T08:00:57+09:00
Mem:            1007         706         299         368         374         301
    PID   RSS COMMAND
3187252 87683820 VLLM::Worker
3187251 87681928 VLLM::Worker
3187253 87678404 VLLM::Worker
3187250 87672708 VLLM::Worker
3118611 63944312 ray::WorkerDict
3118613 63879528 ray::WorkerDict
3118612 63684816 ray::WorkerDict
3118614 63553696 ray::WorkerDict
1317539 4815760 VLLM::Worker_TP
1317538 4811436 VLLM::Worker_TP
3193697 2115388 ray::AgentLoopW
3193691 2049700 ray::AgentLoopW
3193692 1871548 ray::AgentLoopW
== 2026-09-05T08:01:17+09:00
Mem:            1007         706         299         368         374         301
    PID   RSS COMMAND
3187252 87683820 VLLM::Worker
3187251 87681928 VLLM::Worker
3187253 87678404 VLLM::Worker
3187250 87672708 VLLM::Worker
3118611 63944312 ray::WorkerDict
3118613 63879528 ray::WorkerDict
3118612 63684816 ray::WorkerDict
3118614 63553696 ray::WorkerDict
1317539 4815760 VLLM::Worker_TP
1317538 4811436 VLLM::Worker_TP
3193697 2115388 ray::AgentLoopW
3193691 2049700 ray::AgentLoopW
3193692 1871548 ray::AgentLoopW
== 2026-09-05T08:01:37+09:00
Mem:            1007         706         299         368         374         301
    PID   RSS COMMAND
3187252 87683820 VLLM::Worker
3187251 87681928 VLLM::Worker
3187253 87678404 VLLM::Worker
3187250 87672708 VLLM::Worker
3118611 63944312 ray::WorkerDict
3118613 63879528 ray::WorkerDict
3118612 63684816 ray::WorkerDict
3118614 63553696 ray::WorkerDict
1317539 4815760 VLLM::Worker_TP
1317538 4811436 VLLM::Worker_TP
3193697 2115388 ray::AgentLoopW
3193691 2049700 ray::AgentLoopW
3193692 1871548 ray::AgentLoopW
== 2026-09-05T08:01:57+09:00
Mem:            1007         478         527         368         374         529
    PID   RSS COMMAND
3187252 87683820 VLLM::Worker
3187251 87681928 VLLM::Worker
3187253 87678404 VLLM::Worker
3187250 87672708 VLLM::Worker
1317539 4815760 VLLM::Worker_TP
1317538 4811436 VLLM::Worker_TP
3118611 4164392 ray::WorkerDict
3118613 4100520 ray::WorkerDict
3118612 4075500 ray::WorkerDict
3118614 3920868 ray::WorkerDict
3193697 2115388 ray::AgentLoopW
3193691 2049700 ray::AgentLoopW
3193692 1871548 ray::AgentLoopW
== 2026-09-05T08:02:17+09:00
Mem:            1007         478         527         368         374         529
    PID   RSS COMMAND
3187252 87685356 VLLM::Worker
3187251 87681928 VLLM::Worker
3187253 87678404 VLLM::Worker
3187250 87672708 VLLM::Worker
1317539 4815760 VLLM::Worker_TP
1317538 4811436 VLLM::Worker_TP
3118611 4164744 ray::WorkerDict
3118613 4102896 ray::WorkerDict
3118612 4054188 ray::WorkerDict
3118614 3920976 ray::WorkerDict
3193697 2115388 ray::AgentLoopW
3193691 2049700 ray::AgentLoopW
3193692 1871548 ray::AgentLoopW
== 2026-09-05T08:02:37+09:00
Mem:            1007         478         527         368         374         529
    PID   RSS COMMAND
3187252 87685356 VLLM::Worker
3187251 87681928 VLLM::Worker
3187253 87678404 VLLM::Worker
3187250 87672708 VLLM::Worker
1317539 4815760 VLLM::Worker_TP
1317538 4811436 VLLM::Worker_TP
3118611 4164596 ray::WorkerDict
3118613 4104356 ray::WorkerDict
3118612 4077712 ray::WorkerDict
3118614 3921524 ray::WorkerDict
3193697 2115388 ray::AgentLoopW
3193691 2049700 ray::AgentLoopW
3193692 1871548 ray::AgentLoopW
== 2026-09-05T08:02:57+09:00
Mem:            1007         478         527         368         374         529
    PID   RSS COMMAND
3187252 87685356 VLLM::Worker
3187251 87681928 VLLM::Worker
3187253 87678404 VLLM::Worker
3187250 87672708 VLLM::Worker
1317539 4815760 VLLM::Worker_TP
1317538 4811436 VLLM::Worker_TP
3118611 4164596 ray::WorkerDict
3118613 4104356 ray::WorkerDict
3118612 4077712 ray::WorkerDict
3118614 3921524 ray::WorkerDict
3193697 2115388 ray::AgentLoopW
3193691 2049700 ray::AgentLoopW
3193692 1871548 ray::AgentLoopW
== 2026-09-05T08:03:17+09:00
Mem:            1007         478         527         368         374         529
    PID   RSS COMMAND
3187252 87685356 VLLM::Worker
3187251 87681928 VLLM::Worker
3187253 87678404 VLLM::Worker
3187250 87672708 VLLM::Worker
1317539 4815760 VLLM::Worker_TP
1317538 4811436 VLLM::Worker_TP
3118611 4164596 ray::WorkerDict
3118613 4104356 ray::WorkerDict
3118612 4077712 ray::WorkerDict
3118614 3921524 ray::WorkerDict
3193697 2115388 ray::AgentLoopW
3193691 2049700 ray::AgentLoopW
3193692 1871548 ray::AgentLoopW
== 2026-09-05T08:03:37+09:00
Mem:            1007         478         527         368         374         529
    PID   RSS COMMAND
3187252 87685356 VLLM::Worker
3187251 87681928 VLLM::Worker
3187253 87678404 VLLM::Worker
3187250 87672708 VLLM::Worker
1317539 4815760 VLLM::Worker_TP
1317538 4811436 VLLM::Worker_TP
3118611 4164596 ray::WorkerDict
3118613 4104356 ray::WorkerDict
3118612 4077712 ray::WorkerDict
3118614 3921524 ray::WorkerDict
3193697 2115388 ray::AgentLoopW
3193691 2049700 ray::AgentLoopW
3193692 1871548 ray::AgentLoopW
== 2026-09-05T08:03:57+09:00
Mem:            1007         478         527         368         374         529
    PID   RSS COMMAND
3187252 87685356 VLLM::Worker
3187251 87681928 VLLM::Worker
3187253 87678404 VLLM::Worker
3187250 87672708 VLLM::Worker
1317539 4815760 VLLM::Worker_TP
1317538 4811436 VLLM::Worker_TP
3118611 4164596 ray::WorkerDict
3118613 4104356 ray::WorkerDict
3118612 4077712 ray::WorkerDict
3118614 3921524 ray::WorkerDict
3193697 2115388 ray::AgentLoopW
3193691 2049700 ray::AgentLoopW
3193692 1871548 ray::AgentLoopW
== 2026-09-05T08:04:17+09:00
Mem:            1007         493         513         368         374         514
    PID   RSS COMMAND
3187252 87685356 VLLM::Worker
3187251 87681928 VLLM::Worker
3187253 87678404 VLLM::Worker
3187250 87672708 VLLM::Worker
3118611 8216128 ray::WorkerDict
3118612 8105064 ray::WorkerDict
3118613 7922644 ray::WorkerDict
3118614 7738768 ray::WorkerDict
1317539 4815760 VLLM::Worker_TP
1317538 4811436 VLLM::Worker_TP
3193697 2115388 ray::AgentLoopW
3193691 2049700 ray::AgentLoopW
3193692 1871548 ray::AgentLoopW
== 2026-09-05T08:04:37+09:00
Mem:            1007         627         379         368         374         380
    PID   RSS COMMAND
3187252 87685356 VLLM::Worker
3187251 87681928 VLLM::Worker
3187253 87678404 VLLM::Worker
3187250 87672708 VLLM::Worker
3118611 43107500 ray::WorkerDict
3118613 43016292 ray::WorkerDict
3118612 42999048 ray::WorkerDict
3118614 42827152 ray::WorkerDict
1317539 4815760 VLLM::Worker_TP
1317538 4811436 VLLM::Worker_TP
3193697 2115388 ray::AgentLoopW
3193691 2049700 ray::AgentLoopW
3193692 1871548 ray::AgentLoopW
== 2026-09-05T08:04:57+09:00
Mem:            1007         707         299         368         373         300
    PID   RSS COMMAND
3187252 87685356 VLLM::Worker
3187251 87681928 VLLM::Worker
3187253 87678404 VLLM::Worker
3187250 87672708 VLLM::Worker
3118611 64088892 ray::WorkerDict
3118612 63971428 ray::WorkerDict
3118614 63947636 ray::WorkerDict
3118613 63740672 ray::WorkerDict
1317539 4815760 VLLM::Worker_TP
1317538 4811436 VLLM::Worker_TP
3193697 2115388 ray::AgentLoopW
3193691 2049700 ray::AgentLoopW
3193692 1871548 ray::AgentLoopW
== 2026-09-05T08:05:17+09:00
Mem:            1007         707         299         368         373         299
    PID   RSS COMMAND
3187252 87685356 VLLM::Worker
3187251 87681928 VLLM::Worker
3187253 87678404 VLLM::Worker
3187250 87672708 VLLM::Worker
3118613 64568584 ray::WorkerDict
3118611 64157512 ray::WorkerDict
3118612 63944220 ray::WorkerDict
3118614 63858304 ray::WorkerDict
1317539 4815760 VLLM::Worker_TP
1317538 4811436 VLLM::Worker_TP
3193697 2115388 ray::AgentLoopW
3193691 2049700 ray::AgentLoopW
3193692 1871548 ray::AgentLoopW
== 2026-09-05T08:05:37+09:00
Mem:            1007         706         300         368         373         300
    PID   RSS COMMAND
3187252 87687660 VLLM::Worker
3187251 87681928 VLLM::Worker
3187253 87678404 VLLM::Worker
3187250 87672708 VLLM::Worker
3118614 63866072 ray::WorkerDict
3118611 63797824 ray::WorkerDict
3118613 63737604 ray::WorkerDict
3118612 63688804 ray::WorkerDict
1317539 4815760 VLLM::Worker_TP
1317538 4811436 VLLM::Worker_TP
3193697 2115388 ray::AgentLoopW
3193691 2074344 ray::AgentLoopW
3193692 1981292 ray::AgentLoopW
== 2026-09-05T08:05:57+09:00
Mem:            1007         707         299         368         373         300
    PID   RSS COMMAND
3187252 87691500 VLLM::Worker
3187251 87681928 VLLM::Worker
3187253 87678404 VLLM::Worker
3187250 87672708 VLLM::Worker
3118614 63866072 ray::WorkerDict
3118611 63797824 ray::WorkerDict
3118613 63737604 ray::WorkerDict
3118612 63688804 ray::WorkerDict
1317539 4815760 VLLM::Worker_TP
1317538 4811436 VLLM::Worker_TP
3193697 2115388 ray::AgentLoopW
3193691 2074344 ray::AgentLoopW
3193692 1981292 ray::AgentLoopW
== 2026-09-05T08:06:17+09:00
Mem:            1007         707         298         368         375         300
    PID   RSS COMMAND
3187252 87689688 VLLM::Worker
3187251 87681928 VLLM::Worker
3187253 87678404 VLLM::Worker
3187250 87671712 VLLM::Worker
3118614 63866072 ray::WorkerDict
3118611 63797824 ray::WorkerDict
3118613 63737604 ray::WorkerDict
3118612 63688804 ray::WorkerDict
1317539 4815760 VLLM::Worker_TP
1317538 4811436 VLLM::Worker_TP
3193697 2115388 ray::AgentLoopW
3193691 2074344 ray::AgentLoopW
3193692 1983596 ray::AgentLoopW
== 2026-09-05T08:06:37+09:00
Mem:            1007         707         297         368         375         300
    PID   RSS COMMAND
3187252 87689688 VLLM::Worker
3187251 87681928 VLLM::Worker
3187253 87678404 VLLM::Worker
3187250 87671712 VLLM::Worker
3118614 63866072 ray::WorkerDict
3118611 63797824 ray::WorkerDict
3118613 63737604 ray::WorkerDict
3118612 63688804 ray::WorkerDict
1317539 4815760 VLLM::Worker_TP
1317538 4811436 VLLM::Worker_TP
3193697 2115388 ray::AgentLoopW
3193691 2074344 ray::AgentLoopW
3193692 1983596 ray::AgentLoopW
== 2026-09-05T08:06:57+09:00
Mem:            1007         705         303         368         370         301
    PID   RSS COMMAND
3187252 87678772 VLLM::Worker
3187251 87673480 VLLM::Worker
3187253 87670724 VLLM::Worker
3187250 87664032 VLLM::Worker
3118614 63846872 ray::WorkerDict
3118611 63776320 ray::WorkerDict
3118613 63714564 ray::WorkerDict
3118612 63666532 ray::WorkerDict
1317539 4815760 VLLM::Worker_TP
1317538 4808364 VLLM::Worker_TP
3193697 2115388 ray::AgentLoopW
3193691 2073924 ray::AgentLoopW
3193692 1982424 ray::AgentLoopW
== 2026-09-05T08:07:17+09:00
Mem:            1007         705         303         368         370         301
    PID   RSS COMMAND
3187252 87680308 VLLM::Worker
3187251 87675016 VLLM::Worker
3187253 87672260 VLLM::Worker
3187250 87664800 VLLM::Worker
3118614 63846872 ray::WorkerDict
3118611 63776320 ray::WorkerDict
3118613 63714564 ray::WorkerDict
3118612 63666532 ray::WorkerDict
1317539 4815760 VLLM::Worker_TP
1317538 4808364 VLLM::Worker_TP
3193697 2115388 ray::AgentLoopW
3193691 2074344 ray::AgentLoopW
3193692 1982424 ray::AgentLoopW
== 2026-09-05T08:07:38+09:00
Mem:            1007         706         303         368         370         301
    PID   RSS COMMAND
3187252 87680308 VLLM::Worker
3187251 87675784 VLLM::Worker
3187253 87672260 VLLM::Worker
3187250 87664800 VLLM::Worker
3118614 63846872 ray::WorkerDict
3118611 63776320 ray::WorkerDict
3118613 63714564 ray::WorkerDict
3118612 63666532 ray::WorkerDict
1317539 4815760 VLLM::Worker_TP
1317538 4808364 VLLM::Worker_TP
3193697 2115388 ray::AgentLoopW
3193691 2074344 ray::AgentLoopW
3193692 1982424 ray::AgentLoopW
== 2026-09-05T08:07:58+09:00
Mem:            1007         706         303         368         371         301
    PID   RSS COMMAND
3187252 87680308 VLLM::Worker
3187251 87675784 VLLM::Worker
3187253 87672260 VLLM::Worker
3187250 87664800 VLLM::Worker
3118614 63846872 ray::WorkerDict
3118611 63776320 ray::WorkerDict
3118613 63715332 ray::WorkerDict
3118612 63666532 ray::WorkerDict
1317539 4815760 VLLM::Worker_TP
1317538 4808364 VLLM::Worker_TP
3193697 2115388 ray::AgentLoopW
3193691 2074344 ray::AgentLoopW
3193692 1982424 ray::AgentLoopW
== 2026-09-05T08:08:18+09:00
Mem:            1007         706         303         368         371         301
    PID   RSS COMMAND
3187252 87680308 VLLM::Worker
3187251 87675784 VLLM::Worker
3187253 87672260 VLLM::Worker
3187250 87664800 VLLM::Worker
3118614 63846872 ray::WorkerDict
3118611 63776320 ray::WorkerDict
3118613 63715332 ray::WorkerDict
3118612 63666532 ray::WorkerDict
1317539 4815760 VLLM::Worker_TP
1317538 4808364 VLLM::Worker_TP
3193697 2115388 ray::AgentLoopW
3193691 2074344 ray::AgentLoopW
3193692 1982424 ray::AgentLoopW
== 2026-09-05T08:08:38+09:00
Mem:            1007         706         303         368         371         301
    PID   RSS COMMAND
3187252 87681076 VLLM::Worker
3187251 87675784 VLLM::Worker
3187253 87672260 VLLM::Worker
3187250 87664800 VLLM::Worker
3118614 63846872 ray::WorkerDict
3118611 63776320 ray::WorkerDict
3118613 63715332 ray::WorkerDict
3118612 63666532 ray::WorkerDict
1317539 4815760 VLLM::Worker_TP
1317538 4808364 VLLM::Worker_TP
3193697 2115388 ray::AgentLoopW
3193691 2074344 ray::AgentLoopW
3193692 1982424 ray::AgentLoopW
== 2026-09-05T08:08:58+09:00
Mem:            1007         706         303         368         371         301
    PID   RSS COMMAND
3187252 87681076 VLLM::Worker
3187251 87675784 VLLM::Worker
3187253 87672260 VLLM::Worker
3187250 87664800 VLLM::Worker
3118614 63846872 ray::WorkerDict
3118611 63776320 ray::WorkerDict
3118613 63715332 ray::WorkerDict
3118612 63666532 ray::WorkerDict
1317539 4815760 VLLM::Worker_TP
1317538 4808364 VLLM::Worker_TP
3193697 2115388 ray::AgentLoopW
3193691 2074344 ray::AgentLoopW
3193692 1982424 ray::AgentLoopW
== 2026-09-05T08:09:18+09:00
Mem:            1007         706         302         368         371         301
    PID   RSS COMMAND
3187252 87681076 VLLM::Worker
3187251 87675784 VLLM::Worker
3187253 87673028 VLLM::Worker
3187250 87665568 VLLM::Worker
3118614 63846872 ray::WorkerDict
3118611 63776320 ray::WorkerDict
3118613 63715332 ray::WorkerDict
3118612 63666532 ray::WorkerDict
1317539 4815760 VLLM::Worker_TP
1317538 4811436 VLLM::Worker_TP
3193697 2115388 ray::AgentLoopW
3193691 2074344 ray::AgentLoopW
3193692 1982424 ray::AgentLoopW
== 2026-09-05T08:09:38+09:00
Mem:            1007         478         530         368         371         529
    PID   RSS COMMAND
3187252 87681076 VLLM::Worker
3187251 87675784 VLLM::Worker
3187253 87673028 VLLM::Worker
3187250 87665568 VLLM::Worker
1317539 4815760 VLLM::Worker_TP
1317538 4811436 VLLM::Worker_TP
3118611 4158520 ray::WorkerDict
3118613 4097116 ray::WorkerDict
3118612 4094872 ray::WorkerDict
3118614 3967132 ray::WorkerDict
3193697 2115388 ray::AgentLoopW
3193691 2074344 ray::AgentLoopW
3193692 1982424 ray::AgentLoopW
== 2026-09-05T08:09:58+09:00
Mem:            1007         478         530         368         371         529
    PID   RSS COMMAND
3187252 87681076 VLLM::Worker
3187251 87675784 VLLM::Worker
3187253 87673028 VLLM::Worker
3187250 87665568 VLLM::Worker
1317539 4815760 VLLM::Worker_TP
1317538 4811436 VLLM::Worker_TP
3118611 4159288 ray::WorkerDict
3118613 4097884 ray::WorkerDict
3118612 4095640 ray::WorkerDict
3118614 3967900 ray::WorkerDict
3193697 2115388 ray::AgentLoopW
3193691 2074344 ray::AgentLoopW
3193692 1982424 ray::AgentLoopW
== 2026-09-05T08:10:18+09:00
Mem:            1007         478         530         368         371         529
    PID   RSS COMMAND
3187252 87681076 VLLM::Worker
3187251 87675784 VLLM::Worker
3187253 87673028 VLLM::Worker
3187250 87665568 VLLM::Worker
1317539 4815760 VLLM::Worker_TP
1317538 4811436 VLLM::Worker_TP
3118611 4159288 ray::WorkerDict
3118613 4098652 ray::WorkerDict
3118612 4049304 ray::WorkerDict
3118614 3967900 ray::WorkerDict
3193697 2115388 ray::AgentLoopW
3193691 2074344 ray::AgentLoopW
3193692 1982424 ray::AgentLoopW
== 2026-09-05T08:10:38+09:00
Mem:            1007         478         530         368         371         529
    PID   RSS COMMAND
3187252 87681076 VLLM::Worker
3187251 87675784 VLLM::Worker
3187253 87673028 VLLM::Worker
3187250 87665568 VLLM::Worker
1317539 4815760 VLLM::Worker_TP
1317538 4811436 VLLM::Worker_TP
3118611 4165040 ray::WorkerDict
3118613 4105500 ray::WorkerDict
3118612 4103748 ray::WorkerDict
3118614 3977924 ray::WorkerDict
3193697 2115388 ray::AgentLoopW
3193691 2074344 ray::AgentLoopW
3193692 1982424 ray::AgentLoopW
== 2026-09-05T08:10:58+09:00
Mem:            1007         478         530         368         371         529
    PID   RSS COMMAND
3187252 87681076 VLLM::Worker
3187251 87675784 VLLM::Worker
3187253 87673028 VLLM::Worker
3187250 87665568 VLLM::Worker
1317539 4815760 VLLM::Worker_TP
1317538 4811436 VLLM::Worker_TP
3118611 4165040 ray::WorkerDict
3118613 4106268 ray::WorkerDict
3118612 4103748 ray::WorkerDict
3118614 3977924 ray::WorkerDict
3193697 2115388 ray::AgentLoopW
3193691 2074344 ray::AgentLoopW
3193692 1982424 ray::AgentLoopW
== 2026-09-05T08:11:18+09:00
Mem:            1007         478         530         368         371         529
    PID   RSS COMMAND
3187252 87681076 VLLM::Worker
3187251 87675784 VLLM::Worker
3187253 87673028 VLLM::Worker
3187250 87665568 VLLM::Worker
1317539 4815760 VLLM::Worker_TP
1317538 4811436 VLLM::Worker_TP
3118611 4165040 ray::WorkerDict
3118613 4106268 ray::WorkerDict
3118612 4103748 ray::WorkerDict
3118614 3977924 ray::WorkerDict
3193697 2115388 ray::AgentLoopW
3193691 2074344 ray::AgentLoopW
3193692 1982424 ray::AgentLoopW
== 2026-09-05T08:11:38+09:00
Mem:            1007         478         530         368         371         529
    PID   RSS COMMAND
3187252 87681076 VLLM::Worker
3187251 87675784 VLLM::Worker
3187253 87673028 VLLM::Worker
3187250 87665568 VLLM::Worker
1317539 4815760 VLLM::Worker_TP
1317538 4811436 VLLM::Worker_TP
3118611 4165040 ray::WorkerDict
3118613 4106268 ray::WorkerDict
3118612 4103748 ray::WorkerDict
3118614 3977924 ray::WorkerDict
3193697 2115388 ray::AgentLoopW
3193691 2074344 ray::AgentLoopW
3193692 1982424 ray::AgentLoopW
== 2026-09-05T08:11:58+09:00
Mem:            1007         478         530         368         371         529
    PID   RSS COMMAND
3187252 87681076 VLLM::Worker
3187251 87675784 VLLM::Worker
3187253 87673028 VLLM::Worker
3187250 87665568 VLLM::Worker
1317539 4815760 VLLM::Worker_TP
1317538 4811436 VLLM::Worker_TP
3118611 4165040 ray::WorkerDict
3118613 4106268 ray::WorkerDict
3118612 4104516 ray::WorkerDict
3118614 3978692 ray::WorkerDict
3193697 2115388 ray::AgentLoopW
3193691 2074344 ray::AgentLoopW
3193692 1982424 ray::AgentLoopW
== 2026-09-05T08:12:18+09:00
Mem:            1007         478         530         368         371         529
    PID   RSS COMMAND
3187252 87684148 VLLM::Worker
3187251 87678856 VLLM::Worker
3187253 87675332 VLLM::Worker
3187250 87668640 VLLM::Worker
1317539 4815760 VLLM::Worker_TP
1317538 4811436 VLLM::Worker_TP
3118611 4165040 ray::WorkerDict
3118613 4106268 ray::WorkerDict
3118612 4104516 ray::WorkerDict
3118614 3978692 ray::WorkerDict
3193697 2115388 ray::AgentLoopW
3193691 2074344 ray::AgentLoopW
3193692 1982424 ray::AgentLoopW
== 2026-09-05T08:12:38+09:00
Mem:            1007         478         530         368         371         529
    PID   RSS COMMAND
3187252 87684148 VLLM::Worker
3187251 87678856 VLLM::Worker
3187253 87675332 VLLM::Worker
3187250 87668640 VLLM::Worker
1317539 4815760 VLLM::Worker_TP
1317538 4811436 VLLM::Worker_TP
3118611 4165040 ray::WorkerDict
3118613 4106268 ray::WorkerDict
3118612 4104516 ray::WorkerDict
3118614 3978692 ray::WorkerDict
3193697 2115388 ray::AgentLoopW
3193691 2074344 ray::AgentLoopW
3193692 1982424 ray::AgentLoopW
== 2026-09-05T08:12:58+09:00
Mem:            1007         478         530         368         371         529
    PID   RSS COMMAND
3187252 87684148 VLLM::Worker
3187251 87678856 VLLM::Worker
3187253 87675332 VLLM::Worker
3187250 87668640 VLLM::Worker
1317539 4824208 VLLM::Worker_TP
1317538 4819884 VLLM::Worker_TP
3118611 4165040 ray::WorkerDict
3118613 4106268 ray::WorkerDict
3118612 4104516 ray::WorkerDict
3118614 3978692 ray::WorkerDict
3193697 2115388 ray::AgentLoopW
3193691 2074344 ray::AgentLoopW
3193692 1982424 ray::AgentLoopW
== 2026-09-05T08:13:18+09:00
Mem:            1007         478         530         368         371         529
    PID   RSS COMMAND
3187252 87684148 VLLM::Worker
3187251 87678856 VLLM::Worker
3187253 87675332 VLLM::Worker
3187250 87668640 VLLM::Worker
1317539 4827280 VLLM::Worker_TP
1317538 4822188 VLLM::Worker_TP
3118611 4165040 ray::WorkerDict
3118613 4106268 ray::WorkerDict
3118612 4104516 ray::WorkerDict
3118614 3978692 ray::WorkerDict
3193697 2115388 ray::AgentLoopW
3193691 2074344 ray::AgentLoopW
3193692 1982424 ray::AgentLoopW
== 2026-09-05T08:13:38+09:00
Mem:            1007         534         475         368         371         473
    PID   RSS COMMAND
3187252 87684148 VLLM::Worker
3187251 87678856 VLLM::Worker
3187253 87675332 VLLM::Worker
3187250 87668640 VLLM::Worker
3118611 18945520 ray::WorkerDict
3118612 18834872 ray::WorkerDict
3118613 18782780 ray::WorkerDict
3118614 18603376 ray::WorkerDict
1317539 4827280 VLLM::Worker_TP
1317538 4822188 VLLM::Worker_TP
3193697 2115388 ray::AgentLoopW
3193691 2074344 ray::AgentLoopW
3193692 1982424 ray::AgentLoopW
== 2026-09-05T08:13:58+09:00
Mem:            1007         670         338         368         371         336
    PID   RSS COMMAND
3187252 87684148 VLLM::Worker
3187251 87678856 VLLM::Worker
3187253 87675332 VLLM::Worker
3187250 87668640 VLLM::Worker
3118611 54566004 ray::WorkerDict
3118613 54489356 ray::WorkerDict
3118612 54461040 ray::WorkerDict
3118614 54305480 ray::WorkerDict
1317539 4827280 VLLM::Worker_TP
1317538 4822188 VLLM::Worker_TP
3193697 2115388 ray::AgentLoopW
3193691 2074344 ray::AgentLoopW
3193692 1982424 ray::AgentLoopW
== 2026-09-05T08:14:18+09:00
Mem:            1007         707         301         368         370         299
    PID   RSS COMMAND
3187252 87684148 VLLM::Worker
3187251 87678856 VLLM::Worker
3187253 87675332 VLLM::Worker
3187250 87668640 VLLM::Worker
3118611 64586288 ray::WorkerDict
3118613 64528232 ray::WorkerDict
3118612 64478428 ray::WorkerDict
3118614 63739428 ray::WorkerDict
1317539 4827280 VLLM::Worker_TP
1317538 4822956 VLLM::Worker_TP
3193697 2115388 ray::AgentLoopW
3193691 2074344 ray::AgentLoopW
3193692 1982424 ray::AgentLoopW
== 2026-09-05T08:14:38+09:00
Mem:            1007         706         303         368         370         301
    PID   RSS COMMAND
3187252 87684148 VLLM::Worker
3187251 87678856 VLLM::Worker
3187253 87675332 VLLM::Worker
3187250 87668640 VLLM::Worker
3118611 64013608 ray::WorkerDict
3118614 63924804 ray::WorkerDict
3118613 63905656 ray::WorkerDict
3118612 63691996 ray::WorkerDict
1317539 4827280 VLLM::Worker_TP
1317538 4822956 VLLM::Worker_TP
3193697 2115388 ray::AgentLoopW
3193691 2074344 ray::AgentLoopW
3193692 1982424 ray::AgentLoopW
== 2026-09-05T08:14:58+09:00
Mem:            1007         706         303         368         370         300
    PID   RSS COMMAND
3187252 87687988 VLLM::Worker
3187251 87681160 VLLM::Worker
3187253 87676868 VLLM::Worker
3187250 87670944 VLLM::Worker
3118611 64011304 ray::WorkerDict
3118614 63906116 ray::WorkerDict
3118613 63903352 ray::WorkerDict
3118612 63689692 ray::WorkerDict
1317539 4827280 VLLM::Worker_TP
1317538 4822956 VLLM::Worker_TP
3193697 2139196 ray::AgentLoopW
3193691 2092776 ray::AgentLoopW
3193692 1982424 ray::AgentLoopW
== 2026-09-05T08:15:18+09:00
Mem:            1007         707         301         368         371         300
    PID   RSS COMMAND
3187252 87687988 VLLM::Worker
3187251 87681160 VLLM::Worker
3187253 87676868 VLLM::Worker
3187250 87670944 VLLM::Worker
3118611 64011304 ray::WorkerDict
3118614 63906116 ray::WorkerDict
3118613 63903352 ray::WorkerDict
3118612 63689692 ray::WorkerDict
1317539 4827280 VLLM::Worker_TP
1317538 4822956 VLLM::Worker_TP
3193697 2139964 ray::AgentLoopW
3193691 2092776 ray::AgentLoopW
3193692 1982424 ray::AgentLoopW
== 2026-09-05T08:15:38+09:00
Mem:            1007         707         300         368         372         300
    PID   RSS COMMAND
3187252 87687988 VLLM::Worker
3187251 87681160 VLLM::Worker
3187253 87676868 VLLM::Worker
3187250 87670944 VLLM::Worker
3118611 64011304 ray::WorkerDict
3118614 63906116 ray::WorkerDict
3118613 63903352 ray::WorkerDict
3118612 63689692 ray::WorkerDict
1317539 4827280 VLLM::Worker_TP
1317538 4822956 VLLM::Worker_TP
3193697 2139964 ray::AgentLoopW
3193691 2092776 ray::AgentLoopW
3193692 1982424 ray::AgentLoopW
== 2026-09-05T08:15:58+09:00
Mem:            1007         707         300         368         372         300
    PID   RSS COMMAND
3187252 87687988 VLLM::Worker
3187251 87681160 VLLM::Worker
3187253 87676868 VLLM::Worker
3187250 87670944 VLLM::Worker
3118611 64011304 ray::WorkerDict
3118614 63906116 ray::WorkerDict
3118613 63903352 ray::WorkerDict
3118612 63689692 ray::WorkerDict
1317539 4827280 VLLM::Worker_TP
1317538 4822956 VLLM::Worker_TP
3193697 2139964 ray::AgentLoopW
3193691 2092776 ray::AgentLoopW
3193692 1982424 ray::AgentLoopW
== 2026-09-05T08:16:18+09:00
Mem:            1007         707         300         368         372         300
    PID   RSS COMMAND
3187252 87687988 VLLM::Worker
3187251 87681160 VLLM::Worker
3187253 87676868 VLLM::Worker
3187250 87670944 VLLM::Worker
3118611 64011304 ray::WorkerDict
3118614 63906116 ray::WorkerDict
3118613 63903352 ray::WorkerDict
3118612 63689692 ray::WorkerDict
1317539 4827280 VLLM::Worker_TP
1317538 4822956 VLLM::Worker_TP
3193697 2139964 ray::AgentLoopW
3193691 2092776 ray::AgentLoopW
3193692 1982424 ray::AgentLoopW
== 2026-09-05T08:16:38+09:00
Mem:            1007         707         300         368         372         300
    PID   RSS COMMAND
3187252 87687988 VLLM::Worker
3187251 87681160 VLLM::Worker
3187253 87676868 VLLM::Worker
3187250 87670944 VLLM::Worker
3118611 64011304 ray::WorkerDict
3118614 63906116 ray::WorkerDict
3118613 63903352 ray::WorkerDict
3118612 63689692 ray::WorkerDict
1317539 4827280 VLLM::Worker_TP
1317538 4822956 VLLM::Worker_TP
3193697 2139964 ray::AgentLoopW
3193691 2092776 ray::AgentLoopW
3193692 1982424 ray::AgentLoopW
== 2026-09-05T08:16:59+09:00
Mem:            1007         707         300         368         372         300
    PID   RSS COMMAND
3187252 87687988 VLLM::Worker
3187251 87681160 VLLM::Worker
3187253 87676868 VLLM::Worker
3187250 87670944 VLLM::Worker
3118611 64011304 ray::WorkerDict
3118614 63906116 ray::WorkerDict
3118613 63903352 ray::WorkerDict
3118612 63689692 ray::WorkerDict
1317539 4827280 VLLM::Worker_TP
1317538 4822956 VLLM::Worker_TP
3193697 2139964 ray::AgentLoopW
3193691 2092776 ray::AgentLoopW
3193692 1982424 ray::AgentLoopW
== 2026-09-05T08:17:19+09:00
Mem:            1007         707         300         368         372         300
    PID   RSS COMMAND
3187252 87687988 VLLM::Worker
3187251 87681160 VLLM::Worker
3187253 87676868 VLLM::Worker
3187250 87670944 VLLM::Worker
3118611 64011304 ray::WorkerDict
3118614 63906116 ray::WorkerDict
3118613 63903352 ray::WorkerDict
3118612 63689692 ray::WorkerDict
1317539 4827280 VLLM::Worker_TP
1317538 4822956 VLLM::Worker_TP
3193697 2139964 ray::AgentLoopW
3193691 2092776 ray::AgentLoopW
3193692 1982424 ray::AgentLoopW
== 2026-09-05T08:17:39+09:00
Mem:            1007         707         300         368         372         300
    PID   RSS COMMAND
3187252 87687988 VLLM::Worker
3187251 87681160 VLLM::Worker
3187253 87676868 VLLM::Worker
3187250 87670944 VLLM::Worker
3118611 64011304 ray::WorkerDict
3118614 63906116 ray::WorkerDict
3118613 63903352 ray::WorkerDict
3118612 63689692 ray::WorkerDict
1317539 4827280 VLLM::Worker_TP
1317538 4822956 VLLM::Worker_TP
3193697 2140732 ray::AgentLoopW
3193691 2092776 ray::AgentLoopW
3193692 1982424 ray::AgentLoopW
== 2026-09-05T08:17:59+09:00
Mem:            1007         707         300         368         372         300
    PID   RSS COMMAND
3187252 87687988 VLLM::Worker
3187251 87681160 VLLM::Worker
3187253 87676868 VLLM::Worker
3187250 87670944 VLLM::Worker
3118611 64011304 ray::WorkerDict
3118614 63906116 ray::WorkerDict
3118613 63903352 ray::WorkerDict
3118612 63689692 ray::WorkerDict
1317539 4827280 VLLM::Worker_TP
1317538 4822956 VLLM::Worker_TP
3193697 2140732 ray::AgentLoopW
3193691 2092776 ray::AgentLoopW
3193692 1982424 ray::AgentLoopW
== 2026-09-05T08:18:19+09:00
Mem:            1007         479         529         368         372         528
    PID   RSS COMMAND
3187252 87687988 VLLM::Worker
3187251 87681160 VLLM::Worker
3187253 87676868 VLLM::Worker
3187250 87670944 VLLM::Worker
1317539 4827280 VLLM::Worker_TP
1317538 4822956 VLLM::Worker_TP
3118611 4166700 ray::WorkerDict
3118613 4106896 ray::WorkerDict
3118612 4076460 ray::WorkerDict
3118614 3930408 ray::WorkerDict
3193697 2140732 ray::AgentLoopW
3193691 2092776 ray::AgentLoopW
3193692 1982424 ray::AgentLoopW
== 2026-09-05T08:18:39+09:00
Mem:            1007         479         529         368         372         528
    PID   RSS COMMAND
3187252 87687988 VLLM::Worker
3187251 87681160 VLLM::Worker
3187253 87676868 VLLM::Worker
3187250 87670944 VLLM::Worker
1317539 4827280 VLLM::Worker_TP
1317538 4822956 VLLM::Worker_TP
3118611 4166700 ray::WorkerDict
3118613 4106896 ray::WorkerDict
3118612 4076460 ray::WorkerDict
3118614 3930408 ray::WorkerDict
3193697 2140732 ray::AgentLoopW
3193691 2092776 ray::AgentLoopW
3193692 1982424 ray::AgentLoopW
== 2026-09-05T08:18:59+09:00
Mem:            1007         479         529         368         372         528
    PID   RSS COMMAND
3187252 87687988 VLLM::Worker
3187251 87681160 VLLM::Worker
3187253 87676868 VLLM::Worker
3187250 87670944 VLLM::Worker
1317539 4827280 VLLM::Worker_TP
1317538 4822956 VLLM::Worker_TP
3118611 4167100 ray::WorkerDict
3118613 4107632 ray::WorkerDict
3118612 4077844 ray::WorkerDict
3118614 3930296 ray::WorkerDict
3193697 2140732 ray::AgentLoopW
3193691 2092776 ray::AgentLoopW
3193692 1982424 ray::AgentLoopW
== 2026-09-05T08:19:19+09:00
Mem:            1007         479         529         368         372         528
    PID   RSS COMMAND
3187252 87687988 VLLM::Worker
3187251 87681160 VLLM::Worker
3187253 87676868 VLLM::Worker
3187250 87670944 VLLM::Worker
1317539 4827280 VLLM::Worker_TP
1317538 4822956 VLLM::Worker_TP
3118611 4167100 ray::WorkerDict
3118613 4107632 ray::WorkerDict
3118612 4077844 ray::WorkerDict
3118614 3930296 ray::WorkerDict
3193697 2140732 ray::AgentLoopW
3193691 2092776 ray::AgentLoopW
3193692 1982424 ray::AgentLoopW
== 2026-09-05T08:19:39+09:00
Mem:            1007         479         529         368         372         528
    PID   RSS COMMAND
3187252 87687988 VLLM::Worker
3187251 87681160 VLLM::Worker
3187253 87676868 VLLM::Worker
3187250 87670944 VLLM::Worker
1317539 4827280 VLLM::Worker_TP
1317538 4822956 VLLM::Worker_TP
3118611 4167100 ray::WorkerDict
3118613 4107632 ray::WorkerDict
3118612 4077844 ray::WorkerDict
3118614 3930296 ray::WorkerDict
3193697 2140732 ray::AgentLoopW
3193691 2092776 ray::AgentLoopW
3193692 1982424 ray::AgentLoopW
== 2026-09-05T08:19:59+09:00
Mem:            1007         479         529         368         372         528
    PID   RSS COMMAND
3187252 87687988 VLLM::Worker
3187251 87681160 VLLM::Worker
3187253 87676868 VLLM::Worker
3187250 87670944 VLLM::Worker
1317539 4827280 VLLM::Worker_TP
1317538 4822956 VLLM::Worker_TP
3118611 4167100 ray::WorkerDict
3118613 4107632 ray::WorkerDict
3118612 4077844 ray::WorkerDict
3118614 3930296 ray::WorkerDict
3193697 2140732 ray::AgentLoopW
3193691 2092776 ray::AgentLoopW
3193692 1982424 ray::AgentLoopW
== 2026-09-05T08:20:19+09:00
Mem:            1007         479         529         368         372         528
    PID   RSS COMMAND
3187252 87687988 VLLM::Worker
3187251 87681160 VLLM::Worker
3187253 87676868 VLLM::Worker
3187250 87670944 VLLM::Worker
1317539 4827280 VLLM::Worker_TP
1317538 4822956 VLLM::Worker_TP
3118611 4167100 ray::WorkerDict
3118613 4107632 ray::WorkerDict
3118612 4077844 ray::WorkerDict
3118614 3930296 ray::WorkerDict
3193697 2140732 ray::AgentLoopW
3193691 2092776 ray::AgentLoopW
3193692 1982424 ray::AgentLoopW
== 2026-09-05T08:20:39+09:00
Mem:            1007         478         529         368         372         528
    PID   RSS COMMAND
3187252 87687988 VLLM::Worker
3187251 87681160 VLLM::Worker
3187253 87676868 VLLM::Worker
3187250 87670944 VLLM::Worker
1317539 4827280 VLLM::Worker_TP
1317538 4822956 VLLM::Worker_TP
3118611 4167868 ray::WorkerDict
3118613 4107632 ray::WorkerDict
3118612 4058052 ray::WorkerDict
3118614 3931832 ray::WorkerDict
3193697 2140732 ray::AgentLoopW
3193691 2092776 ray::AgentLoopW
3193692 1982424 ray::AgentLoopW
== 2026-09-05T08:20:59+09:00
Mem:            1007         610         398         368         372         397
    PID   RSS COMMAND
3187252 87687988 VLLM::Worker
3187251 87681160 VLLM::Worker
3187253 87676868 VLLM::Worker
3187250 87670944 VLLM::Worker
3118611 38720044 ray::WorkerDict
3118612 38610180 ray::WorkerDict
3118613 38368836 ray::WorkerDict
3118614 38193276 ray::WorkerDict
1317539 4827280 VLLM::Worker_TP
1317538 4822956 VLLM::Worker_TP
3193697 2140732 ray::AgentLoopW
3193691 2092776 ray::AgentLoopW
3193692 1982424 ray::AgentLoopW
== 2026-09-05T08:21:19+09:00
Mem:            1007         707         301         368         371         299
    PID   RSS COMMAND
3187252 87687988 VLLM::Worker
3187251 87681160 VLLM::Worker
3187253 87676868 VLLM::Worker
3187250 87670944 VLLM::Worker
3118613 64233160 ray::WorkerDict
3118611 63817988 ray::WorkerDict
3118612 63726508 ray::WorkerDict
3118614 63625728 ray::WorkerDict
1317539 4827280 VLLM::Worker_TP
1317538 4822956 VLLM::Worker_TP
3193697 2140732 ray::AgentLoopW
3193691 2092776 ray::AgentLoopW
3193692 1982424 ray::AgentLoopW
== 2026-09-05T08:21:39+09:00
Mem:            1007         708         300         368         371         299
    PID   RSS COMMAND
3187252 87687988 VLLM::Worker
3187251 87681160 VLLM::Worker
3187253 87676868 VLLM::Worker
3187250 87670944 VLLM::Worker
3118614 64337160 ray::WorkerDict
3118613 64117960 ray::WorkerDict
3118612 64084652 ray::WorkerDict
3118611 63973124 ray::WorkerDict
1317539 4827280 VLLM::Worker_TP
1317538 4822956 VLLM::Worker_TP
3193697 2140732 ray::AgentLoopW
3193691 2092776 ray::AgentLoopW
3193692 1982424 ray::AgentLoopW
== 2026-09-05T08:21:59+09:00
Mem:            1007         706         302         368         371         301
    PID   RSS COMMAND
3187252 87687988 VLLM::Worker
3187251 87681160 VLLM::Worker
3187253 87676868 VLLM::Worker
3187250 87670944 VLLM::Worker
3118614 63859228 ray::WorkerDict
3118611 63800328 ray::WorkerDict
3118613 63740876 ray::WorkerDict
3118612 63692200 ray::WorkerDict
1317539 4827280 VLLM::Worker_TP
1317538 4822956 VLLM::Worker_TP
3193697 2140732 ray::AgentLoopW
3193691 2092776 ray::AgentLoopW
3193692 1982424 ray::AgentLoopW
== 2026-09-05T08:22:19+09:00
Mem:            1007         707         300         368         372         300
    PID   RSS COMMAND
3187252 87688756 VLLM::Worker
3187251 87681160 VLLM::Worker
3187253 87678404 VLLM::Worker
3187250 87671712 VLLM::Worker
3118614 63859228 ray::WorkerDict
3118611 63800328 ray::WorkerDict
3118613 63740876 ray::WorkerDict
3118612 63692200 ray::WorkerDict
1317539 4827280 VLLM::Worker_TP
1317538 4822956 VLLM::Worker_TP
3193697 2140732 ray::AgentLoopW
3193691 2108436 ray::AgentLoopW
3193692 1982424 ray::AgentLoopW
== 2026-09-05T08:22:39+09:00
Mem:            1007         707         300         368         373         300
    PID   RSS COMMAND
3187252 87688756 VLLM::Worker
3187251 87681160 VLLM::Worker
3187253 87678404 VLLM::Worker
3187250 87671712 VLLM::Worker
3118614 63859228 ray::WorkerDict
3118611 63800328 ray::WorkerDict
3118613 63740876 ray::WorkerDict
3118612 63692200 ray::WorkerDict
1317539 4827280 VLLM::Worker_TP
1317538 4822956 VLLM::Worker_TP
3193697 2140732 ray::AgentLoopW
3193691 2108436 ray::AgentLoopW
3193692 1982424 ray::AgentLoopW
== 2026-09-05T08:22:59+09:00
Mem:            1007         706         300         368         373         300
    PID   RSS COMMAND
3187252 87688756 VLLM::Worker
3187251 87681160 VLLM::Worker
3187253 87678404 VLLM::Worker
3187250 87671712 VLLM::Worker
3118614 63859228 ray::WorkerDict
3118611 63800328 ray::WorkerDict
3118613 63740876 ray::WorkerDict
3118612 63692200 ray::WorkerDict
1317539 4827280 VLLM::Worker_TP
1317538 4822956 VLLM::Worker_TP
3193697 2140732 ray::AgentLoopW
3193691 2108436 ray::AgentLoopW
3193692 1982424 ray::AgentLoopW
== 2026-09-05T08:23:19+09:00
Mem:            1007         706         300         368         373         300
    PID   RSS COMMAND
3187252 87688756 VLLM::Worker
3187251 87681160 VLLM::Worker
3187253 87678404 VLLM::Worker
3187250 87671712 VLLM::Worker
3118614 63859228 ray::WorkerDict
3118611 63800328 ray::WorkerDict
3118613 63740876 ray::WorkerDict
3118612 63692200 ray::WorkerDict
1317539 4827280 VLLM::Worker_TP
1317538 4822956 VLLM::Worker_TP
3193697 2140732 ray::AgentLoopW
3193691 2108436 ray::AgentLoopW
3193692 1982424 ray::AgentLoopW
== 2026-09-05T08:23:39+09:00
Mem:            1007         706         300         368         373         300
    PID   RSS COMMAND
3187252 87688756 VLLM::Worker
3187251 87681160 VLLM::Worker
3187253 87678404 VLLM::Worker
3187250 87671712 VLLM::Worker
3118614 63859228 ray::WorkerDict
3118611 63800328 ray::WorkerDict
3118613 63740876 ray::WorkerDict
3118612 63692200 ray::WorkerDict
1317539 4827280 VLLM::Worker_TP
1317538 4822956 VLLM::Worker_TP
3193697 2140732 ray::AgentLoopW
3193691 2108436 ray::AgentLoopW
3193692 1982424 ray::AgentLoopW
== 2026-09-05T08:23:59+09:00
Mem:            1007         706         300         368         373         300
    PID   RSS COMMAND
3187252 87688756 VLLM::Worker
3187251 87681160 VLLM::Worker
3187253 87678404 VLLM::Worker
3187250 87671712 VLLM::Worker
3118614 63859228 ray::WorkerDict
3118611 63800328 ray::WorkerDict
3118613 63740876 ray::WorkerDict
3118612 63692200 ray::WorkerDict
1317539 4827280 VLLM::Worker_TP
1317538 4822956 VLLM::Worker_TP
3193697 2140732 ray::AgentLoopW
3193691 2108436 ray::AgentLoopW
3193692 1982424 ray::AgentLoopW
== 2026-09-05T08:24:19+09:00
Mem:            1007         707         300         368         373         300
    PID   RSS COMMAND
3187252 87688756 VLLM::Worker
3187251 87681160 VLLM::Worker
3187253 87678404 VLLM::Worker
3187250 87671712 VLLM::Worker
3118614 63859228 ray::WorkerDict
3118611 63800328 ray::WorkerDict
3118613 63740876 ray::WorkerDict
3118612 63692200 ray::WorkerDict
1317539 4827280 VLLM::Worker_TP
1317538 4822956 VLLM::Worker_TP
3193697 2140732 ray::AgentLoopW
3193691 2108436 ray::AgentLoopW
3193692 1982424 ray::AgentLoopW
== 2026-09-05T08:24:39+09:00
Mem:            1007         707         300         368         373         300
    PID   RSS COMMAND
3187252 87688756 VLLM::Worker
3187251 87681160 VLLM::Worker
3187253 87678404 VLLM::Worker
3187250 87671712 VLLM::Worker
3118614 63859228 ray::WorkerDict
3118611 63800328 ray::WorkerDict
3118613 63740876 ray::WorkerDict
3118612 63692200 ray::WorkerDict
1317539 4827280 VLLM::Worker_TP
1317538 4822956 VLLM::Worker_TP
3193697 2140732 ray::AgentLoopW
3193691 2108436 ray::AgentLoopW
3193692 1982424 ray::AgentLoopW
== 2026-09-05T08:24:59+09:00
Mem:            1007         707         300         368         373         300
    PID   RSS COMMAND
3187252 87688756 VLLM::Worker
3187251 87681160 VLLM::Worker
3187253 87678404 VLLM::Worker
3187250 87671712 VLLM::Worker
3118614 63859228 ray::WorkerDict
3118611 63800328 ray::WorkerDict
3118613 63740876 ray::WorkerDict
3118612 63692200 ray::WorkerDict
1317539 4827280 VLLM::Worker_TP
1317538 4822956 VLLM::Worker_TP
3193697 2140732 ray::AgentLoopW
3193691 2108436 ray::AgentLoopW
3193692 1982424 ray::AgentLoopW
== 2026-09-05T08:25:19+09:00
Mem:            1007         707         300         368         373         300
    PID   RSS COMMAND
3187252 87688756 VLLM::Worker
3187251 87681160 VLLM::Worker
3187253 87678404 VLLM::Worker
3187250 87671712 VLLM::Worker
3118614 63859228 ray::WorkerDict
3118611 63800328 ray::WorkerDict
3118613 63740876 ray::WorkerDict
3118612 63692200 ray::WorkerDict
1317539 4827280 VLLM::Worker_TP
1317538 4822956 VLLM::Worker_TP
3193697 2140732 ray::AgentLoopW
3193691 2108436 ray::AgentLoopW
3193692 1982424 ray::AgentLoopW
== 2026-09-05T08:25:39+09:00
Mem:            1007         707         300         368         373         300
    PID   RSS COMMAND
3187252 87688756 VLLM::Worker
3187251 87681160 VLLM::Worker
3187253 87678404 VLLM::Worker
3187250 87671712 VLLM::Worker
3118614 63859228 ray::WorkerDict
3118611 63800328 ray::WorkerDict
3118613 63740876 ray::WorkerDict
3118612 63692200 ray::WorkerDict
1317539 4827280 VLLM::Worker_TP
1317538 4822956 VLLM::Worker_TP
3193697 2140732 ray::AgentLoopW
3193691 2108436 ray::AgentLoopW
3193692 1982424 ray::AgentLoopW
== 2026-09-05T08:25:59+09:00
Mem:            1007         479         528         368         373         528
    PID   RSS COMMAND
3187252 87688756 VLLM::Worker
3187251 87681160 VLLM::Worker
3187253 87678404 VLLM::Worker
3187250 87671712 VLLM::Worker
1317539 4827280 VLLM::Worker_TP
1317538 4822956 VLLM::Worker_TP
3118614 4228332 ray::WorkerDict
3118611 4169720 ray::WorkerDict
3118613 4109212 ray::WorkerDict
3118612 4059008 ray::WorkerDict
3193697 2140732 ray::AgentLoopW
3193691 2108436 ray::AgentLoopW
3193692 1982424 ray::AgentLoopW
== 2026-09-05T08:26:20+09:00
Mem:            1007         479         528         368         373         528
    PID   RSS COMMAND
3187252 87688756 VLLM::Worker
3187251 87681160 VLLM::Worker
3187253 87678404 VLLM::Worker
3187250 87671712 VLLM::Worker
1317539 4827280 VLLM::Worker_TP
1317538 4822956 VLLM::Worker_TP
3118614 4230064 ray::WorkerDict
3118611 4179588 ray::WorkerDict
3118613 4110544 ray::WorkerDict
3118612 4065896 ray::WorkerDict
3193697 2140732 ray::AgentLoopW
3193691 2108436 ray::AgentLoopW
3193692 1982424 ray::AgentLoopW
== 2026-09-05T08:26:40+09:00
Mem:            1007         479         528         368         373         528
    PID   RSS COMMAND
3187252 87688756 VLLM::Worker
3187251 87681160 VLLM::Worker
3187253 87678404 VLLM::Worker
3187250 87671712 VLLM::Worker
1317539 4827280 VLLM::Worker_TP
1317538 4822956 VLLM::Worker_TP
3118614 4230064 ray::WorkerDict
3118611 4179588 ray::WorkerDict
3118613 4111312 ray::WorkerDict
3118612 4065896 ray::WorkerDict
3193697 2140732 ray::AgentLoopW
3193691 2108436 ray::AgentLoopW
3193692 1982424 ray::AgentLoopW
== 2026-09-05T08:27:00+09:00
Mem:            1007         479         528         368         373         528
    PID   RSS COMMAND
3187252 87688756 VLLM::Worker
3187251 87681160 VLLM::Worker
3187253 87678404 VLLM::Worker
3187250 87671712 VLLM::Worker
1317539 4827280 VLLM::Worker_TP
1317538 4822956 VLLM::Worker_TP
3118614 4230064 ray::WorkerDict
3118611 4179588 ray::WorkerDict
3118613 4111312 ray::WorkerDict
3118612 4065896 ray::WorkerDict
3193697 2140732 ray::AgentLoopW
3193691 2108436 ray::AgentLoopW
3193692 1982424 ray::AgentLoopW
== 2026-09-05T08:27:20+09:00
Mem:            1007         500         506         368         373         506
    PID   RSS COMMAND
3187252 87688756 VLLM::Worker
3187251 87681160 VLLM::Worker
3187253 87678404 VLLM::Worker
3187250 87671712 VLLM::Worker
3118611 10239220 ray::WorkerDict
3118612 10120704 ray::WorkerDict
3118614 9592528 ray::WorkerDict
3118613 9473276 ray::WorkerDict
1317539 4827280 VLLM::Worker_TP
1317538 4822956 VLLM::Worker_TP
3193697 2140732 ray::AgentLoopW
3193691 2108436 ray::AgentLoopW
3193692 1982424 ray::AgentLoopW
== 2026-09-05T08:27:40+09:00
Mem:            1007         635         371         368         373         371
    PID   RSS COMMAND
3187252 87688756 VLLM::Worker
3187251 87681160 VLLM::Worker
3187253 87678404 VLLM::Worker
3187250 87671712 VLLM::Worker
3118611 45556856 ray::WorkerDict
3118612 45436088 ray::WorkerDict
3118614 45031968 ray::WorkerDict
3118613 44913996 ray::WorkerDict
1317539 4827280 VLLM::Worker_TP
1317538 4822956 VLLM::Worker_TP
3193697 2140732 ray::AgentLoopW
3193691 2108436 ray::AgentLoopW
3193692 1982424 ray::AgentLoopW
== 2026-09-05T08:28:00+09:00
Mem:            1007         708         299         368         372         298
    PID   RSS COMMAND
3187252 87688756 VLLM::Worker
3187251 87681160 VLLM::Worker
3187253 87678404 VLLM::Worker
3187250 87671712 VLLM::Worker
3118611 64325080 ray::WorkerDict
3118613 64319784 ray::WorkerDict
3118612 64308016 ray::WorkerDict
3118614 64126388 ray::WorkerDict
1317539 4827280 VLLM::Worker_TP
1317538 4822956 VLLM::Worker_TP
3193697 2140732 ray::AgentLoopW
3193691 2108436 ray::AgentLoopW
3193692 1982424 ray::AgentLoopW
== 2026-09-05T08:28:20+09:00
Mem:            1007         708         299         368         372         299
    PID   RSS COMMAND
3187252 87688756 VLLM::Worker
3187251 87681160 VLLM::Worker
3187253 87678404 VLLM::Worker
3187250 87671712 VLLM::Worker
3118613 64628784 ray::WorkerDict
3118614 64377852 ray::WorkerDict
3118611 64025836 ray::WorkerDict
3118612 63692260 ray::WorkerDict
1317539 4827280 VLLM::Worker_TP
1317538 4822956 VLLM::Worker_TP
3193697 2140732 ray::AgentLoopW
3193691 2108436 ray::AgentLoopW
3193692 1982424 ray::AgentLoopW
== 2026-09-05T08:28:40+09:00
Mem:            1007         707         301         368         372         300
    PID   RSS COMMAND
3187252 87688756 VLLM::Worker
3187251 87681160 VLLM::Worker
3187253 87678404 VLLM::Worker
3187250 87671712 VLLM::Worker
3118611 63910372 ray::WorkerDict
3118613 63743788 ray::WorkerDict
3118612 63691492 ray::WorkerDict
3118614 63567592 ray::WorkerDict
1317539 4827280 VLLM::Worker_TP
1317538 4822956 VLLM::Worker_TP
3193697 2140732 ray::AgentLoopW
3193691 2108436 ray::AgentLoopW
3193692 1997016 ray::AgentLoopW
== 2026-09-05T08:29:00+09:00
Mem:            1007         707         299         368         373         300
    PID   RSS COMMAND
3187252 87687748 VLLM::Worker
3187251 87681160 VLLM::Worker
3187253 87678404 VLLM::Worker
3187250 87671712 VLLM::Worker
3118611 63910372 ray::WorkerDict
3118613 63743788 ray::WorkerDict
3118612 63691492 ray::WorkerDict
3118614 63567592 ray::WorkerDict
1317539 4827280 VLLM::Worker_TP
1317538 4822956 VLLM::Worker_TP
3193697 2140732 ray::AgentLoopW
3193691 2108436 ray::AgentLoopW
3193692 1997016 ray::AgentLoopW
== 2026-09-05T08:29:20+09:00
Mem:            1007         707         298         368         374         300
    PID   RSS COMMAND
3187252 87687748 VLLM::Worker
3187251 87681160 VLLM::Worker
3187253 87678404 VLLM::Worker
3187250 87671712 VLLM::Worker
3118611 63910372 ray::WorkerDict
3118613 63743788 ray::WorkerDict
3118612 63691492 ray::WorkerDict
3118614 63567592 ray::WorkerDict
1317539 4827280 VLLM::Worker_TP
1317538 4822956 VLLM::Worker_TP
3193697 2140732 ray::AgentLoopW
3193691 2108436 ray::AgentLoopW
3193692 1997016 ray::AgentLoopW
== 2026-09-05T08:29:40+09:00
Mem:            1007         707         298         368         374         299
    PID   RSS COMMAND
3187252 87687748 VLLM::Worker
3187251 87681160 VLLM::Worker
3187253 87678404 VLLM::Worker
3187250 87671712 VLLM::Worker
3118611 63910372 ray::WorkerDict
3118613 63743788 ray::WorkerDict
3118612 63691492 ray::WorkerDict
3118614 63567592 ray::WorkerDict
1317539 4827280 VLLM::Worker_TP
1317538 4822956 VLLM::Worker_TP
3193697 2140732 ray::AgentLoopW
3193691 2108436 ray::AgentLoopW
3193692 1997016 ray::AgentLoopW
== 2026-09-05T08:30:00+09:00
Mem:            1007         707         298         368         374         300
    PID   RSS COMMAND
3187252 87687748 VLLM::Worker
3187251 87681160 VLLM::Worker
3187253 87678404 VLLM::Worker
3187250 87671712 VLLM::Worker
3118611 63910372 ray::WorkerDict
3118613 63743788 ray::WorkerDict
3118612 63691492 ray::WorkerDict
3118614 63567592 ray::WorkerDict
1317539 4827280 VLLM::Worker_TP
1317538 4822956 VLLM::Worker_TP
3193697 2140732 ray::AgentLoopW
3193691 2108436 ray::AgentLoopW
3193692 1997016 ray::AgentLoopW
== 2026-09-05T08:30:20+09:00
Mem:            1007         707         298         368         374         300
    PID   RSS COMMAND
3187252 87687748 VLLM::Worker
3187251 87681160 VLLM::Worker
3187253 87678404 VLLM::Worker
3187250 87671712 VLLM::Worker
3118611 63910372 ray::WorkerDict
3118613 63743788 ray::WorkerDict
3118612 63691492 ray::WorkerDict
3118614 63567592 ray::WorkerDict
1317539 4827280 VLLM::Worker_TP
1317538 4822956 VLLM::Worker_TP
3193697 2140732 ray::AgentLoopW
3193691 2108436 ray::AgentLoopW
3193692 1997016 ray::AgentLoopW
== 2026-09-05T08:30:40+09:00
Mem:            1007         707         298         368         374         300
    PID   RSS COMMAND
3187252 87687748 VLLM::Worker
3187251 87681160 VLLM::Worker
3187253 87678404 VLLM::Worker
3187250 87671712 VLLM::Worker
3118611 63910372 ray::WorkerDict
3118613 63743788 ray::WorkerDict
3118612 63691492 ray::WorkerDict
3118614 63567592 ray::WorkerDict
1317539 4827280 VLLM::Worker_TP
1317538 4822956 VLLM::Worker_TP
3193697 2140732 ray::AgentLoopW
3193691 2108436 ray::AgentLoopW
3193692 1997016 ray::AgentLoopW
== 2026-09-05T08:31:00+09:00
Mem:            1007         707         298         368         374         300
    PID   RSS COMMAND
3187252 87687748 VLLM::Worker
3187251 87681160 VLLM::Worker
3187253 87678404 VLLM::Worker
3187250 87671712 VLLM::Worker
3118611 63910372 ray::WorkerDict
3118613 63743788 ray::WorkerDict
3118612 63691492 ray::WorkerDict
3118614 63567592 ray::WorkerDict
1317539 4827280 VLLM::Worker_TP
1317538 4822956 VLLM::Worker_TP
3193697 2140732 ray::AgentLoopW
3193691 2108436 ray::AgentLoopW
3193692 1997016 ray::AgentLoopW
== 2026-09-05T08:31:20+09:00
Mem:            1007         707         298         368         374         300
    PID   RSS COMMAND
3187252 87687748 VLLM::Worker
3187251 87681160 VLLM::Worker
3187253 87678404 VLLM::Worker
3187250 87671712 VLLM::Worker
3118611 63910372 ray::WorkerDict
3118613 63743788 ray::WorkerDict
3118612 63691492 ray::WorkerDict
3118614 63567592 ray::WorkerDict
1317539 4827280 VLLM::Worker_TP
1317538 4822956 VLLM::Worker_TP
3193697 2140732 ray::AgentLoopW
3193691 2108436 ray::AgentLoopW
3193692 1997016 ray::AgentLoopW
== 2026-09-05T08:31:40+09:00
Mem:            1007         479         526         368         374         527
    PID   RSS COMMAND
3187252 87687748 VLLM::Worker
3187251 87681160 VLLM::Worker
3187253 87678404 VLLM::Worker
3187250 87671712 VLLM::Worker
1317539 4827280 VLLM::Worker_TP
1317538 4822956 VLLM::Worker_TP
3118611 4277176 ray::WorkerDict
3118613 4110564 ray::WorkerDict
3118612 4080556 ray::WorkerDict
3118614 3934448 ray::WorkerDict
3193697 2140732 ray::AgentLoopW
3193691 2108436 ray::AgentLoopW
3193692 1997016 ray::AgentLoopW
== 2026-09-05T08:32:00+09:00
Mem:            1007         479         526         368         374         527
    PID   RSS COMMAND
3187252 87687748 VLLM::Worker
3187251 87681160 VLLM::Worker
3187253 87678404 VLLM::Worker
3187250 87671712 VLLM::Worker
1317539 4827280 VLLM::Worker_TP
1317538 4822956 VLLM::Worker_TP
3118611 4277176 ray::WorkerDict
3118613 4110564 ray::WorkerDict
3118612 4080556 ray::WorkerDict
3118614 3934448 ray::WorkerDict
3193697 2140732 ray::AgentLoopW
3193691 2108436 ray::AgentLoopW
3193692 1997016 ray::AgentLoopW
== 2026-09-05T08:32:20+09:00
Mem:            1007         479         526         368         374         527
    PID   RSS COMMAND
3187252 87687748 VLLM::Worker
3187251 87681160 VLLM::Worker
3187253 87678404 VLLM::Worker
3187250 87671712 VLLM::Worker
1317539 4827280 VLLM::Worker_TP
1317538 4822956 VLLM::Worker_TP
3118611 4277808 ray::WorkerDict
3118613 4111272 ray::WorkerDict
3118612 4080788 ray::WorkerDict
3118614 3935280 ray::WorkerDict
3193697 2140732 ray::AgentLoopW
3193691 2108436 ray::AgentLoopW
3193692 1997016 ray::AgentLoopW
== 2026-09-05T08:32:40+09:00
Mem:            1007         479         526         368         374         527
    PID   RSS COMMAND
3187252 87687748 VLLM::Worker
3187251 87681160 VLLM::Worker
3187253 87678404 VLLM::Worker
3187250 87671712 VLLM::Worker
1317539 4827280 VLLM::Worker_TP
1317538 4822956 VLLM::Worker_TP
3118611 4277808 ray::WorkerDict
3118613 4111272 ray::WorkerDict
3118612 4080788 ray::WorkerDict
3118614 3935280 ray::WorkerDict
3193697 2140732 ray::AgentLoopW
3193691 2108436 ray::AgentLoopW
3193692 1997016 ray::AgentLoopW
== 2026-09-05T08:33:00+09:00
Mem:            1007         479         526         368         374         527
    PID   RSS COMMAND
3187252 87687748 VLLM::Worker
3187251 87681160 VLLM::Worker
3187253 87678404 VLLM::Worker
3187250 87671712 VLLM::Worker
1317539 4827280 VLLM::Worker_TP
1317538 4822956 VLLM::Worker_TP
3118611 4277808 ray::WorkerDict
3118613 4111272 ray::WorkerDict
3118612 4080788 ray::WorkerDict
3118614 3935280 ray::WorkerDict
3193697 2140732 ray::AgentLoopW
3193691 2108436 ray::AgentLoopW
3193692 1997016 ray::AgentLoopW
== 2026-09-05T08:33:20+09:00
Mem:            1007         479         526         368         374         527
    PID   RSS COMMAND
3187252 87687748 VLLM::Worker
3187251 87681160 VLLM::Worker
3187253 87678404 VLLM::Worker
3187250 87671712 VLLM::Worker
1317539 4827280 VLLM::Worker_TP
1317538 4822956 VLLM::Worker_TP
3118611 4277808 ray::WorkerDict
3118613 4111272 ray::WorkerDict
3118612 4080788 ray::WorkerDict
3118614 3935280 ray::WorkerDict
3193697 2140732 ray::AgentLoopW
3193691 2108436 ray::AgentLoopW
3193692 1997016 ray::AgentLoopW
== 2026-09-05T08:33:40+09:00
Mem:            1007         479         526         368         374         527
    PID   RSS COMMAND
3187252 87687748 VLLM::Worker
3187251 87681160 VLLM::Worker
3187253 87678404 VLLM::Worker
3187250 87671712 VLLM::Worker
1317539 4827280 VLLM::Worker_TP
1317538 4822956 VLLM::Worker_TP
3118611 4277808 ray::WorkerDict
3118613 4111272 ray::WorkerDict
3118612 4080788 ray::WorkerDict
3118614 3935280 ray::WorkerDict
3193697 2140732 ray::AgentLoopW
3193691 2108436 ray::AgentLoopW
3193692 1997016 ray::AgentLoopW
== 2026-09-05T08:34:00+09:00
Mem:            1007         479         526         368         374         527
    PID   RSS COMMAND
3187252 87687748 VLLM::Worker
3187251 87681160 VLLM::Worker
3187253 87678404 VLLM::Worker
3187250 87671712 VLLM::Worker
1317539 4827280 VLLM::Worker_TP
1317538 4822956 VLLM::Worker_TP
3118611 4277808 ray::WorkerDict
3118613 4111272 ray::WorkerDict
3118612 4080788 ray::WorkerDict
3118614 3936048 ray::WorkerDict
3193697 2140732 ray::AgentLoopW
3193691 2108436 ray::AgentLoopW
3193692 1997016 ray::AgentLoopW
== 2026-09-05T08:34:20+09:00
Mem:            1007         555         450         368         374         451
    PID   RSS COMMAND
3187252 87687748 VLLM::Worker
3187251 87681160 VLLM::Worker
3187253 87678404 VLLM::Worker
3187250 87671712 VLLM::Worker
3118611 24379108 ray::WorkerDict
3118612 24258764 ray::WorkerDict
3118613 23872496 ray::WorkerDict
3118614 23697332 ray::WorkerDict
1317539 4827280 VLLM::Worker_TP
1317538 4822956 VLLM::Worker_TP
3193697 2140732 ray::AgentLoopW
3193691 2108436 ray::AgentLoopW
3193692 1997016 ray::AgentLoopW
== 2026-09-05T08:34:40+09:00
Mem:            1007         690         315         368         374         317
    PID   RSS COMMAND
3187252 87687748 VLLM::Worker
3187251 87681160 VLLM::Worker
3187253 87678404 VLLM::Worker
3187250 87671712 VLLM::Worker
3118611 59411504 ray::WorkerDict
3118613 59319360 ray::WorkerDict
3118612 59291260 ray::WorkerDict
3118614 59141724 ray::WorkerDict
1317539 4827280 VLLM::Worker_TP
1317538 4822956 VLLM::Worker_TP
3193697 2140732 ray::AgentLoopW
3193691 2108436 ray::AgentLoopW
3193692 1997016 ray::AgentLoopW
== 2026-09-05T08:35:00+09:00
Mem:            1007         708         298         368         374         299
    PID   RSS COMMAND
3187252 87687748 VLLM::Worker
3187251 87681160 VLLM::Worker
3187253 87678404 VLLM::Worker
3187250 87671712 VLLM::Worker
3118611 64197780 ray::WorkerDict
3118613 64102240 ray::WorkerDict
3118612 63959952 ray::WorkerDict
3118614 63752496 ray::WorkerDict
1317539 4827280 VLLM::Worker_TP
1317538 4822956 VLLM::Worker_TP
3193697 2140732 ray::AgentLoopW
3193691 2108436 ray::AgentLoopW
3193692 1997016 ray::AgentLoopW
== 2026-09-05T08:35:21+09:00
Mem:            1007         707         298         368         374         299
    PID   RSS COMMAND
3187252 87687748 VLLM::Worker
3187251 87681160 VLLM::Worker
3187253 87678404 VLLM::Worker
3187250 87671712 VLLM::Worker
3118611 63928196 ray::WorkerDict
3118614 63880596 ray::WorkerDict
3118613 63874920 ray::WorkerDict
3118612 63692688 ray::WorkerDict
1317539 4827280 VLLM::Worker_TP
1317538 4822956 VLLM::Worker_TP
3193697 2140732 ray::AgentLoopW
3193691 2108436 ray::AgentLoopW
3193692 1997016 ray::AgentLoopW
== 2026-09-05T08:35:41+09:00
Mem:            1007         707         298         368         374         299
    PID   RSS COMMAND
3187252 87690052 VLLM::Worker
3187251 87681160 VLLM::Worker
3187253 87678404 VLLM::Worker
3187250 87673248 VLLM::Worker
3118614 63880596 ray::WorkerDict
3118613 63842152 ray::WorkerDict
3118611 63813500 ray::WorkerDict
3118612 63692688 ray::WorkerDict
1317539 4827280 VLLM::Worker_TP
1317538 4822956 VLLM::Worker_TP
3193697 2170388 ray::AgentLoopW
3193691 2108436 ray::AgentLoopW
3193690 2093192 ray::AgentLoopW
== 2026-09-05T08:36:01+09:00
Mem:            1007         708         297         368         374         299
    PID   RSS COMMAND
3187252 87693124 VLLM::Worker
3187251 87681928 VLLM::Worker
3187253 87678404 VLLM::Worker
3187250 87673248 VLLM::Worker
3118614 63880596 ray::WorkerDict
3118613 63842152 ray::WorkerDict
3118611 63813500 ray::WorkerDict
3118612 63692688 ray::WorkerDict
1317539 4827280 VLLM::Worker_TP
1317538 4822956 VLLM::Worker_TP
3193697 2170388 ray::AgentLoopW
3193691 2108436 ray::AgentLoopW
3193690 2093192 ray::AgentLoopW
== 2026-09-05T08:36:21+09:00
Mem:            1007         708         296         368         375         299
    PID   RSS COMMAND
3187252 87693124 VLLM::Worker
3187251 87681928 VLLM::Worker
3187253 87678404 VLLM::Worker
3187250 87672360 VLLM::Worker
3118614 63880596 ray::WorkerDict
3118613 63842152 ray::WorkerDict
3118611 63813500 ray::WorkerDict
3118612 63692688 ray::WorkerDict
1317539 4827280 VLLM::Worker_TP
1317538 4822956 VLLM::Worker_TP
3193697 2170388 ray::AgentLoopW
3193691 2108436 ray::AgentLoopW
3193690 2095580 ray::AgentLoopW
== 2026-09-05T08:36:41+09:00
Mem:            1007         708         296         368         375         299
    PID   RSS COMMAND
3187252 87693124 VLLM::Worker
3187251 87681928 VLLM::Worker
3187253 87678404 VLLM::Worker
3187250 87672360 VLLM::Worker
3118614 63880596 ray::WorkerDict
3118613 63842152 ray::WorkerDict
3118611 63813500 ray::WorkerDict
3118612 63692688 ray::WorkerDict
1317539 4827280 VLLM::Worker_TP
1317538 4822956 VLLM::Worker_TP
3193697 2170388 ray::AgentLoopW
3193691 2108436 ray::AgentLoopW
3193690 2095580 ray::AgentLoopW
== 2026-09-05T08:37:01+09:00
Mem:            1007         708         296         368         375         299
    PID   RSS COMMAND
3187252 87693124 VLLM::Worker
3187251 87681928 VLLM::Worker
3187253 87678404 VLLM::Worker
3187250 87672360 VLLM::Worker
3118614 63880596 ray::WorkerDict
3118613 63842152 ray::WorkerDict
3118611 63813500 ray::WorkerDict
3118612 63692688 ray::WorkerDict
1317539 4827280 VLLM::Worker_TP
1317538 4822956 VLLM::Worker_TP
3193697 2170388 ray::AgentLoopW
3193691 2108436 ray::AgentLoopW
3193690 2095580 ray::AgentLoopW
== 2026-09-05T08:37:21+09:00
Mem:            1007         708         296         368         375         299
    PID   RSS COMMAND
3187252 87693124 VLLM::Worker
3187251 87681928 VLLM::Worker
3187253 87678404 VLLM::Worker
3187250 87672360 VLLM::Worker
3118614 63880596 ray::WorkerDict
3118613 63842152 ray::WorkerDict
3118611 63813500 ray::WorkerDict
3118612 63692688 ray::WorkerDict
1317539 4827280 VLLM::Worker_TP
1317538 4822956 VLLM::Worker_TP
3193697 2170388 ray::AgentLoopW
3193691 2108436 ray::AgentLoopW
3193690 2095580 ray::AgentLoopW
== 2026-09-05T08:37:41+09:00
Mem:            1007         708         296         368         375         299
    PID   RSS COMMAND
3187252 87693124 VLLM::Worker
3187251 87681928 VLLM::Worker
3187253 87678404 VLLM::Worker
3187250 87672360 VLLM::Worker
3118614 63880596 ray::WorkerDict
3118613 63842152 ray::WorkerDict
3118611 63813500 ray::WorkerDict
3118612 63692688 ray::WorkerDict
1317539 4827280 VLLM::Worker_TP
1317538 4822956 VLLM::Worker_TP
3193697 2170388 ray::AgentLoopW
3193691 2108436 ray::AgentLoopW
3193690 2095580 ray::AgentLoopW
== 2026-09-05T08:38:01+09:00
Mem:            1007         708         296         368         375         299
    PID   RSS COMMAND
3187252 87693124 VLLM::Worker
3187251 87681928 VLLM::Worker
3187253 87678404 VLLM::Worker
3187250 87672360 VLLM::Worker
3118614 63880596 ray::WorkerDict
3118613 63842152 ray::WorkerDict
3118611 63813500 ray::WorkerDict
3118612 63692688 ray::WorkerDict
1317539 4827280 VLLM::Worker_TP
1317538 4822956 VLLM::Worker_TP
3193697 2170388 ray::AgentLoopW
3193691 2108436 ray::AgentLoopW
3193690 2095580 ray::AgentLoopW
== 2026-09-05T08:38:21+09:00
Mem:            1007         708         296         368         375         299
    PID   RSS COMMAND
3187252 87693124 VLLM::Worker
3187251 87681928 VLLM::Worker
3187253 87678404 VLLM::Worker
3187250 87672360 VLLM::Worker
3118614 63880596 ray::WorkerDict
3118613 63842152 ray::WorkerDict
3118611 63813500 ray::WorkerDict
3118612 63692688 ray::WorkerDict
1317539 4827280 VLLM::Worker_TP
1317538 4822956 VLLM::Worker_TP
3193697 2170388 ray::AgentLoopW
3193691 2108436 ray::AgentLoopW
3193690 2095580 ray::AgentLoopW
== 2026-09-05T08:38:41+09:00
Mem:            1007         708         296         368         375         299
    PID   RSS COMMAND
3187252 87691816 VLLM::Worker
3187251 87681928 VLLM::Worker
3187253 87678404 VLLM::Worker
3187250 87672360 VLLM::Worker
3118614 63880596 ray::WorkerDict
3118613 63842152 ray::WorkerDict
3118611 63813500 ray::WorkerDict
3118612 63692688 ray::WorkerDict
1317539 4827280 VLLM::Worker_TP
1317538 4822956 VLLM::Worker_TP
3193697 2170388 ray::AgentLoopW
3193691 2108436 ray::AgentLoopW
3193690 2095580 ray::AgentLoopW
== 2026-09-05T08:39:01+09:00
Mem:            1007         708         296         368         375         299
    PID   RSS COMMAND
3187252 87691816 VLLM::Worker
3187251 87681928 VLLM::Worker
3187253 87678404 VLLM::Worker
3187250 87672360 VLLM::Worker
3118614 63880596 ray::WorkerDict
3118613 63842152 ray::WorkerDict
3118611 63813500 ray::WorkerDict
3118612 63692688 ray::WorkerDict
1317539 4827280 VLLM::Worker_TP
1317538 4822956 VLLM::Worker_TP
3193697 2170388 ray::AgentLoopW
3193691 2108436 ray::AgentLoopW
3193690 2095580 ray::AgentLoopW
== 2026-09-05T08:39:21+09:00
Mem:            1007         480         524         368         375         527
    PID   RSS COMMAND
3187252 87691816 VLLM::Worker
3187251 87681928 VLLM::Worker
3187253 87678404 VLLM::Worker
3187250 87672360 VLLM::Worker
1317539 4827280 VLLM::Worker_TP
1317538 4822956 VLLM::Worker_TP
3118613 4210856 ray::WorkerDict
3118611 4182596 ray::WorkerDict
3118612 4111544 ray::WorkerDict
3118614 3938388 ray::WorkerDict
3193697 2170388 ray::AgentLoopW
3193691 2108436 ray::AgentLoopW
3193690 2095580 ray::AgentLoopW
== 2026-09-05T08:39:41+09:00
Mem:            1007         480         524         368         375         527
    PID   RSS COMMAND
3187252 87691816 VLLM::Worker
3187251 87681928 VLLM::Worker
3187253 87678404 VLLM::Worker
3187250 87672360 VLLM::Worker
1317539 4827280 VLLM::Worker_TP
1317538 4822956 VLLM::Worker_TP
3118613 4210856 ray::WorkerDict
3118611 4182596 ray::WorkerDict
3118612 4111544 ray::WorkerDict
3118614 3938388 ray::WorkerDict
3193697 2170388 ray::AgentLoopW
3193691 2108436 ray::AgentLoopW
3193690 2095580 ray::AgentLoopW
== 2026-09-05T08:40:01+09:00
Mem:            1007         480         524         368         375         527
    PID   RSS COMMAND
3187252 87691816 VLLM::Worker
3187251 87681928 VLLM::Worker
3187253 87678404 VLLM::Worker
3187250 87672360 VLLM::Worker
1317539 4827280 VLLM::Worker_TP
1317538 4822956 VLLM::Worker_TP
3118613 4210856 ray::WorkerDict
3118611 4182596 ray::WorkerDict
3118612 4111544 ray::WorkerDict
3118614 3938388 ray::WorkerDict
3193697 2170388 ray::AgentLoopW
3193691 2108436 ray::AgentLoopW
3193690 2095580 ray::AgentLoopW
== 2026-09-05T08:40:21+09:00
Mem:            1007         480         524         368         375         527
    PID   RSS COMMAND
3187252 87691816 VLLM::Worker
3187251 87681928 VLLM::Worker
3187253 87678404 VLLM::Worker
3187250 87672360 VLLM::Worker
1317539 4827280 VLLM::Worker_TP
1317538 4822956 VLLM::Worker_TP
3118613 4210856 ray::WorkerDict
3118611 4182596 ray::WorkerDict
3118612 4111544 ray::WorkerDict
3118614 3938388 ray::WorkerDict
3193697 2170388 ray::AgentLoopW
3193691 2108436 ray::AgentLoopW
3193690 2095580 ray::AgentLoopW
== 2026-09-05T08:40:41+09:00
Mem:            1007         480         524         368         375         527
    PID   RSS COMMAND
3187252 87691816 VLLM::Worker
3187251 87681928 VLLM::Worker
3187253 87678404 VLLM::Worker
3187250 87672360 VLLM::Worker
1317539 4827280 VLLM::Worker_TP
1317538 4822956 VLLM::Worker_TP
3118613 4215116 ray::WorkerDict
3118611 4191904 ray::WorkerDict
3118612 4118320 ray::WorkerDict
3118614 3942852 ray::WorkerDict
3193697 2170388 ray::AgentLoopW
3193691 2108436 ray::AgentLoopW
3193690 2095580 ray::AgentLoopW
== 2026-09-05T08:41:01+09:00
Mem:            1007         480         524         368         375         527
    PID   RSS COMMAND
3187252 87691816 VLLM::Worker
3187251 87681928 VLLM::Worker
3187253 87678404 VLLM::Worker
3187250 87672360 VLLM::Worker
1317539 4827280 VLLM::Worker_TP
1317538 4822956 VLLM::Worker_TP
3118613 4215116 ray::WorkerDict
3118611 4191904 ray::WorkerDict
3118612 4118320 ray::WorkerDict
3118614 3942852 ray::WorkerDict
3193697 2170388 ray::AgentLoopW
3193691 2108436 ray::AgentLoopW
3193690 2095580 ray::AgentLoopW
== 2026-09-05T08:41:21+09:00
Mem:            1007         480         524         368         375         527
    PID   RSS COMMAND
3187252 87691816 VLLM::Worker
3187251 87681928 VLLM::Worker
3187253 87678404 VLLM::Worker
3187250 87672360 VLLM::Worker
1317539 4827280 VLLM::Worker_TP
1317538 4822956 VLLM::Worker_TP
3118613 4215116 ray::WorkerDict
3118611 4191904 ray::WorkerDict
3118612 4118320 ray::WorkerDict
3118614 3942852 ray::WorkerDict
3193697 2170388 ray::AgentLoopW
3193691 2108436 ray::AgentLoopW
3193690 2095580 ray::AgentLoopW
== 2026-09-05T08:41:41+09:00
Mem:            1007         480         524         368         375         527
    PID   RSS COMMAND
3187252 87691816 VLLM::Worker
3187251 87681928 VLLM::Worker
3187253 87678404 VLLM::Worker
3187250 87672360 VLLM::Worker
1317539 4827280 VLLM::Worker_TP
1317538 4822956 VLLM::Worker_TP
3118613 4215116 ray::WorkerDict
3118611 4191904 ray::WorkerDict
3118612 4118320 ray::WorkerDict
3118614 3942852 ray::WorkerDict
3193697 2170388 ray::AgentLoopW
3193691 2108436 ray::AgentLoopW
3193690 2095580 ray::AgentLoopW
== 2026-09-05T08:42:01+09:00
Mem:            1007         480         524         368         375         527
    PID   RSS COMMAND
3187252 87691816 VLLM::Worker
3187251 87681928 VLLM::Worker
3187253 87678404 VLLM::Worker
3187250 87672360 VLLM::Worker
1317539 4827280 VLLM::Worker_TP
1317538 4822956 VLLM::Worker_TP
3118613 4215116 ray::WorkerDict
3118611 4191904 ray::WorkerDict
3118612 4118320 ray::WorkerDict
3118614 3942852 ray::WorkerDict
3193697 2170388 ray::AgentLoopW
3193691 2108436 ray::AgentLoopW
3193690 2095580 ray::AgentLoopW
== 2026-09-05T08:42:21+09:00
Mem:            1007         480         524         368         375         527
    PID   RSS COMMAND
3187252 87691816 VLLM::Worker
3187251 87681928 VLLM::Worker
3187253 87678404 VLLM::Worker
3187250 87672360 VLLM::Worker
1317539 4827280 VLLM::Worker_TP
1317538 4822956 VLLM::Worker_TP
3118613 4215116 ray::WorkerDict
3118611 4191904 ray::WorkerDict
3118612 4118320 ray::WorkerDict
3118614 3942852 ray::WorkerDict
3193697 2170388 ray::AgentLoopW
3193691 2108436 ray::AgentLoopW
3193690 2095580 ray::AgentLoopW
== 2026-09-05T08:42:41+09:00
Mem:            1007         480         524         368         375         527
    PID   RSS COMMAND
3187252 87691816 VLLM::Worker
3187251 87681928 VLLM::Worker
3187253 87678404 VLLM::Worker
3187250 87672360 VLLM::Worker
1317539 4827280 VLLM::Worker_TP
1317538 4822956 VLLM::Worker_TP
3118613 4215884 ray::WorkerDict
3118611 4192672 ray::WorkerDict
3118612 4118320 ray::WorkerDict
3118614 3943620 ray::WorkerDict
3193697 2171156 ray::AgentLoopW
3193691 2108436 ray::AgentLoopW
3193690 2095580 ray::AgentLoopW
== 2026-09-05T08:43:01+09:00
Mem:            1007         480         524         368         375         527
    PID   RSS COMMAND
3187252 87691816 VLLM::Worker
3187251 87681928 VLLM::Worker
3187253 87678404 VLLM::Worker
3187250 87672360 VLLM::Worker
1317539 4827280 VLLM::Worker_TP
1317538 4822956 VLLM::Worker_TP
3118613 4215884 ray::WorkerDict
3118611 4192672 ray::WorkerDict
3118612 4118320 ray::WorkerDict
3118614 3943620 ray::WorkerDict
3193697 2171156 ray::AgentLoopW
3193691 2108436 ray::AgentLoopW
3193690 2095580 ray::AgentLoopW
== 2026-09-05T08:43:21+09:00
Mem:            1007         480         524         368         375         527
    PID   RSS COMMAND
3187252 87691816 VLLM::Worker
3187251 87681928 VLLM::Worker
3187253 87678404 VLLM::Worker
3187250 87672360 VLLM::Worker
1317539 4827280 VLLM::Worker_TP
1317538 4822956 VLLM::Worker_TP
3118613 4215884 ray::WorkerDict
3118611 4192672 ray::WorkerDict
3118612 4118320 ray::WorkerDict
3118614 3943620 ray::WorkerDict
3193697 2171156 ray::AgentLoopW
3193691 2108436 ray::AgentLoopW
3193690 2095580 ray::AgentLoopW
== 2026-09-05T08:43:41+09:00
Mem:            1007         480         524         368         375         527
    PID   RSS COMMAND
3187252 87691816 VLLM::Worker
3187251 87681928 VLLM::Worker
3187253 87678404 VLLM::Worker
3187250 87672360 VLLM::Worker
1317539 4827280 VLLM::Worker_TP
1317538 4822956 VLLM::Worker_TP
3118613 4215884 ray::WorkerDict
3118611 4192672 ray::WorkerDict
3118612 4118320 ray::WorkerDict
3118614 3943620 ray::WorkerDict
3193697 2171156 ray::AgentLoopW
3193691 2108436 ray::AgentLoopW
3193690 2095580 ray::AgentLoopW
== 2026-09-05T08:44:01+09:00
Mem:            1007         480         524         368         375         527
    PID   RSS COMMAND
3187252 87680392 VLLM::Worker
3187251 87670512 VLLM::Worker
3187253 87667004 VLLM::Worker
3187250 87661736 VLLM::Worker
1317539 4821480 VLLM::Worker_TP
1317538 4814632 VLLM::Worker_TP
3118613 4195200 ray::WorkerDict
3118611 4171340 ray::WorkerDict
3118612 4098012 ray::WorkerDict
3118614 3922760 ray::WorkerDict
3193697 2171156 ray::AgentLoopW
3193691 2106480 ray::AgentLoopW
3193690 2095580 ray::AgentLoopW
== 2026-09-05T08:44:21+09:00
Mem:            1007         480         524         368         375         527
    PID   RSS COMMAND
3187252 87681160 VLLM::Worker
3187251 87670512 VLLM::Worker
3187253 87667004 VLLM::Worker
3187250 87661736 VLLM::Worker
1317539 4821480 VLLM::Worker_TP
1317538 4814632 VLLM::Worker_TP
3118613 4212096 ray::WorkerDict
3118611 4187468 ray::WorkerDict
3118612 4113372 ray::WorkerDict
3118614 3937352 ray::WorkerDict
3193697 2171156 ray::AgentLoopW
3193691 2106480 ray::AgentLoopW
3193690 2095580 ray::AgentLoopW
== 2026-09-05T08:44:41+09:00
Mem:            1007         480         524         368         375         527
    PID   RSS COMMAND
3187252 87681160 VLLM::Worker
3187251 87670512 VLLM::Worker
3187253 87667004 VLLM::Worker
3187250 87661736 VLLM::Worker
1317539 4822248 VLLM::Worker_TP
1317538 4814632 VLLM::Worker_TP
3118613 4212096 ray::WorkerDict
3118611 4187468 ray::WorkerDict
3118612 4113372 ray::WorkerDict
3118614 3938120 ray::WorkerDict
3193697 2171156 ray::AgentLoopW
3193691 2106480 ray::AgentLoopW
3193690 2095580 ray::AgentLoopW
== 2026-09-05T08:45:02+09:00
Mem:            1007         480         524         368         375         527
    PID   RSS COMMAND
3187252 87680212 VLLM::Worker
3187251 87669564 VLLM::Worker
3187253 87666124 VLLM::Worker
3187250 87660796 VLLM::Worker
1317539 4822248 VLLM::Worker_TP
1317538 4814632 VLLM::Worker_TP
3118613 4210328 ray::WorkerDict
3118611 4186456 ray::WorkerDict
3118612 4113132 ray::WorkerDict
3118614 3937120 ray::WorkerDict
3193697 2171156 ray::AgentLoopW
3193691 2106480 ray::AgentLoopW
3193690 2095580 ray::AgentLoopW
== 2026-09-05T08:45:22+09:00
Mem:            1007         480         524         368         375         527
    PID   RSS COMMAND
3187252 87680212 VLLM::Worker
3187251 87669564 VLLM::Worker
3187253 87666124 VLLM::Worker
3187250 87660796 VLLM::Worker
1317539 4822248 VLLM::Worker_TP
1317538 4814632 VLLM::Worker_TP
3118613 4211864 ray::WorkerDict
3118611 4187224 ray::WorkerDict
3118612 4113132 ray::WorkerDict
3118614 3937120 ray::WorkerDict
3193697 2171156 ray::AgentLoopW
3193691 2106480 ray::AgentLoopW
3193690 2095580 ray::AgentLoopW
== 2026-09-05T08:45:42+09:00
Mem:            1007         480         524         368         375         527
    PID   RSS COMMAND
3187252 87680980 VLLM::Worker
3187251 87670332 VLLM::Worker
3187253 87667660 VLLM::Worker
3187250 87661564 VLLM::Worker
1317539 4822248 VLLM::Worker_TP
1317538 4814632 VLLM::Worker_TP
3118611 4191832 ray::WorkerDict
3118613 4117396 ray::WorkerDict
3118612 4066420 ray::WorkerDict
3118614 3940192 ray::WorkerDict
3193697 2171156 ray::AgentLoopW
3193691 2106480 ray::AgentLoopW
3193690 2095580 ray::AgentLoopW
== 2026-09-05T08:46:02+09:00
Mem:            1007         608         396         368         375         398
    PID   RSS COMMAND
3187252 87680980 VLLM::Worker
3187251 87670332 VLLM::Worker
3187253 87667660 VLLM::Worker
3187250 87662332 VLLM::Worker
3118611 38266544 ray::WorkerDict
3118612 38141992 ray::WorkerDict
3118613 37552708 ray::WorkerDict
3118614 37375408 ray::WorkerDict
1317539 4822248 VLLM::Worker_TP
1317538 4814632 VLLM::Worker_TP
3193697 2171156 ray::AgentLoopW
3193691 2106480 ray::AgentLoopW
3193690 2095580 ray::AgentLoopW
== 2026-09-05T08:46:22+09:00
Mem:            1007         711         294         368         375         296
    PID   RSS COMMAND
3187252 87680980 VLLM::Worker
3187251 87671100 VLLM::Worker
3187253 87668428 VLLM::Worker
3187250 87662332 VLLM::Worker
3118611 64602272 ray::WorkerDict
3118613 64526912 ray::WorkerDict
3118612 64477924 ray::WorkerDict
3118614 64351132 ray::WorkerDict
1317539 4822248 VLLM::Worker_TP
1317538 4814632 VLLM::Worker_TP
3193697 2171156 ray::AgentLoopW
3193691 2106480 ray::AgentLoopW
3193690 2095580 ray::AgentLoopW
== 2026-09-05T08:46:42+09:00
Mem:            1007         709         296         368         375         297
    PID   RSS COMMAND
3187252 87680980 VLLM::Worker
3187251 87671100 VLLM::Worker
3187253 87668428 VLLM::Worker
3187250 87662332 VLLM::Worker
3118613 64433216 ray::WorkerDict
3118614 64351900 ray::WorkerDict
3118611 64073120 ray::WorkerDict
3118612 63779484 ray::WorkerDict
1317539 4822248 VLLM::Worker_TP
1317538 4814632 VLLM::Worker_TP
3193697 2171156 ray::AgentLoopW
3193691 2106480 ray::AgentLoopW
3193690 2095580 ray::AgentLoopW
== 2026-09-05T08:47:02+09:00
Mem:            1007         708         297         368         375         299
    PID   RSS COMMAND
3187252 87680980 VLLM::Worker
3187251 87671100 VLLM::Worker
3187253 87668428 VLLM::Worker
3187250 87662332 VLLM::Worker
3118613 63856716 ray::WorkerDict
3118614 63829172 ray::WorkerDict
3118611 63818148 ray::WorkerDict
3118612 63693796 ray::WorkerDict
1317539 4822248 VLLM::Worker_TP
1317538 4814632 VLLM::Worker_TP
3193697 2171156 ray::AgentLoopW
3193691 2106480 ray::AgentLoopW
3193690 2095580 ray::AgentLoopW
== 2026-09-05T08:47:22+09:00
Mem:            1007         708         297         368         375         299
    PID   RSS COMMAND
3187252 87688608 VLLM::Worker
3187251 87681852 VLLM::Worker
3187253 87678412 VLLM::Worker
3187250 87670012 VLLM::Worker
3118611 63816612 ray::WorkerDict
3118613 63743556 ray::WorkerDict
3118612 63693796 ray::WorkerDict
3118614 63616932 ray::WorkerDict
1317539 4822248 VLLM::Worker_TP
1317538 4814632 VLLM::Worker_TP
3193697 2171156 ray::AgentLoopW
3193691 2107548 ray::AgentLoopW
3193696 2099252 ray::AgentLoopW
== 2026-09-05T08:47:42+09:00
Mem:            1007         708         296         368         375         299
    PID   RSS COMMAND
3187252 87688324 VLLM::Worker
3187251 87681852 VLLM::Worker
3187253 87681484 VLLM::Worker
3187250 87670012 VLLM::Worker
3118611 63816612 ray::WorkerDict
3118613 63745092 ray::WorkerDict
3118612 63694564 ray::WorkerDict
3118614 63616932 ray::WorkerDict
1317539 4822248 VLLM::Worker_TP
1317538 4814632 VLLM::Worker_TP
3193697 2172472 ray::AgentLoopW
3193691 2110620 ray::AgentLoopW
3193696 2099252 ray::AgentLoopW
== 2026-09-05T08:48:02+09:00
Mem:            1007         708         296         368         376         298
    PID   RSS COMMAND
3187252 87688324 VLLM::Worker
3187251 87681852 VLLM::Worker
3187253 87681484 VLLM::Worker
3187250 87670012 VLLM::Worker
3118611 63816612 ray::WorkerDict
3118613 63745092 ray::WorkerDict
3118612 63694564 ray::WorkerDict
3118614 63616932 ray::WorkerDict
1317539 4822248 VLLM::Worker_TP
1317538 4814632 VLLM::Worker_TP
3193697 2173240 ray::AgentLoopW
3193691 2110620 ray::AgentLoopW
3193696 2101008 ray::AgentLoopW
== 2026-09-05T08:48:22+09:00
Mem:            1007         708         296         368         376         299
    PID   RSS COMMAND
3187252 87687556 VLLM::Worker
3187251 87681852 VLLM::Worker
3187253 87681484 VLLM::Worker
3187250 87670012 VLLM::Worker
3118611 63815844 ray::WorkerDict
3118613 63744324 ray::WorkerDict
3118612 63693028 ray::WorkerDict
3118614 63616164 ray::WorkerDict
1317539 4822248 VLLM::Worker_TP
1317538 4814632 VLLM::Worker_TP
3193697 2173240 ray::AgentLoopW
3193691 2110620 ray::AgentLoopW
3193696 2101008 ray::AgentLoopW
== 2026-09-05T08:48:42+09:00
Mem:            1007         708         296         368         376         299
    PID   RSS COMMAND
3187252 87687556 VLLM::Worker
3187251 87681852 VLLM::Worker
3187253 87681484 VLLM::Worker
3187250 87670012 VLLM::Worker
3118611 63815844 ray::WorkerDict
3118613 63744324 ray::WorkerDict
3118612 63693028 ray::WorkerDict
3118614 63616164 ray::WorkerDict
1317539 4822248 VLLM::Worker_TP
1317538 4814632 VLLM::Worker_TP
3193697 2173240 ray::AgentLoopW
3193691 2110620 ray::AgentLoopW
3193696 2101008 ray::AgentLoopW
== 2026-09-05T08:49:02+09:00
Mem:            1007         708         296         368         376         299
    PID   RSS COMMAND
3187252 87687556 VLLM::Worker
3187251 87681852 VLLM::Worker
3187253 87681484 VLLM::Worker
3187250 87670780 VLLM::Worker
3118611 63815844 ray::WorkerDict
3118613 63744324 ray::WorkerDict
3118612 63693028 ray::WorkerDict
3118614 63616164 ray::WorkerDict
1317539 4822248 VLLM::Worker_TP
1317538 4814632 VLLM::Worker_TP
3193697 2173240 ray::AgentLoopW
3193691 2110620 ray::AgentLoopW
3193696 2101008 ray::AgentLoopW
== 2026-09-05T08:49:22+09:00
Mem:            1007         708         296         368         376         299
    PID   RSS COMMAND
3187252 87687556 VLLM::Worker
3187251 87682620 VLLM::Worker
3187253 87681484 VLLM::Worker
3187250 87670780 VLLM::Worker
3118611 63816612 ray::WorkerDict
3118613 63744324 ray::WorkerDict
3118612 63693028 ray::WorkerDict
3118614 63616164 ray::WorkerDict
1317539 4822248 VLLM::Worker_TP
1317538 4817704 VLLM::Worker_TP
3193697 2173240 ray::AgentLoopW
3193691 2110620 ray::AgentLoopW
3193696 2101008 ray::AgentLoopW
== 2026-09-05T08:49:42+09:00
Mem:            1007         708         296         368         376         299
    PID   RSS COMMAND
3187252 87687556 VLLM::Worker
3187251 87682620 VLLM::Worker
3187253 87681484 VLLM::Worker
3187250 87670780 VLLM::Worker
3118611 63816612 ray::WorkerDict
3118613 63744324 ray::WorkerDict
3118612 63693028 ray::WorkerDict
3118614 63616164 ray::WorkerDict
1317539 4822248 VLLM::Worker_TP
1317538 4817704 VLLM::Worker_TP
3193697 2173240 ray::AgentLoopW
3193691 2110620 ray::AgentLoopW
3193696 2101008 ray::AgentLoopW
== 2026-09-05T08:50:02+09:00
Mem:            1007         708         296         368         376         299
    PID   RSS COMMAND
3187252 87687556 VLLM::Worker
3187251 87682620 VLLM::Worker
3187253 87681484 VLLM::Worker
3187250 87670780 VLLM::Worker
3118611 63816612 ray::WorkerDict
3118613 63744324 ray::WorkerDict
3118612 63693028 ray::WorkerDict
3118614 63616164 ray::WorkerDict
1317539 4822248 VLLM::Worker_TP
1317538 4817704 VLLM::Worker_TP
3193697 2173240 ray::AgentLoopW
3193691 2110620 ray::AgentLoopW
3193696 2101008 ray::AgentLoopW
== 2026-09-05T08:50:22+09:00
Mem:            1007         708         296         368         376         299
    PID   RSS COMMAND
3187252 87687556 VLLM::Worker
3187251 87682620 VLLM::Worker
3187253 87681484 VLLM::Worker
3187250 87670780 VLLM::Worker
3118611 63816612 ray::WorkerDict
3118613 63744324 ray::WorkerDict
3118612 63693028 ray::WorkerDict
3118614 63616164 ray::WorkerDict
1317539 4822248 VLLM::Worker_TP
1317538 4817704 VLLM::Worker_TP
3193697 2173240 ray::AgentLoopW
3193691 2110620 ray::AgentLoopW
3193696 2101008 ray::AgentLoopW
== 2026-09-05T08:50:42+09:00
Mem:            1007         708         296         368         376         299
    PID   RSS COMMAND
3187252 87687556 VLLM::Worker
3187251 87682620 VLLM::Worker
3187253 87681484 VLLM::Worker
3187250 87670780 VLLM::Worker
3118611 63816612 ray::WorkerDict
3118613 63744324 ray::WorkerDict
3118612 63693028 ray::WorkerDict
3118614 63616164 ray::WorkerDict
1317539 4822248 VLLM::Worker_TP
1317538 4817704 VLLM::Worker_TP
3193697 2173240 ray::AgentLoopW
3193691 2110620 ray::AgentLoopW
3193696 2101008 ray::AgentLoopW
== 2026-09-05T08:51:02+09:00
Mem:            1007         699         305         368         376         308
    PID   RSS COMMAND
3187252 87687556 VLLM::Worker
3187251 87682620 VLLM::Worker
3187253 87681484 VLLM::Worker
3187250 87670780 VLLM::Worker
3118611 61391084 ray::WorkerDict
3118613 61319136 ray::WorkerDict
3118612 61307388 ray::WorkerDict
3118614 61139424 ray::WorkerDict
1317539 4822248 VLLM::Worker_TP
1317538 4817704 VLLM::Worker_TP
3193697 2173240 ray::AgentLoopW
3193691 2110620 ray::AgentLoopW
3193696 2101008 ray::AgentLoopW
== 2026-09-05T08:51:22+09:00
Mem:            1007         480         524         368         376         527
    PID   RSS COMMAND
3187252 87687556 VLLM::Worker
3187251 87682620 VLLM::Worker
3187253 87681484 VLLM::Worker
3187250 87670780 VLLM::Worker
1317539 4822248 VLLM::Worker_TP
1317538 4817704 VLLM::Worker_TP
3118611 4192032 ray::WorkerDict
3118613 4120068 ray::WorkerDict
3118612 4109452 ray::WorkerDict
3118614 3941048 ray::WorkerDict
3193697 2173240 ray::AgentLoopW
3193691 2110620 ray::AgentLoopW
3193696 2101008 ray::AgentLoopW
== 2026-09-05T08:51:42+09:00
Mem:            1007         480         524         368         376         527
    PID   RSS COMMAND
3187252 87687556 VLLM::Worker
3187251 87682620 VLLM::Worker
3187253 87681484 VLLM::Worker
3187250 87670780 VLLM::Worker
1317539 4822248 VLLM::Worker_TP
1317538 4817704 VLLM::Worker_TP
3118611 4192032 ray::WorkerDict
3118613 4120068 ray::WorkerDict
3118612 4109452 ray::WorkerDict
3118614 3941048 ray::WorkerDict
3193697 2173240 ray::AgentLoopW
3193691 2110620 ray::AgentLoopW
3193696 2101008 ray::AgentLoopW
== 2026-09-05T08:52:02+09:00
Mem:            1007         480         524         368         376         526
    PID   RSS COMMAND
3187252 87687556 VLLM::Worker
3187251 87682620 VLLM::Worker
3187253 87681484 VLLM::Worker
3187250 87670780 VLLM::Worker
1317539 4822248 VLLM::Worker_TP
1317538 4817704 VLLM::Worker_TP
3118611 4197044 ray::WorkerDict
3118613 4123212 ray::WorkerDict
3118612 4114108 ray::WorkerDict
3118614 3945368 ray::WorkerDict
3193697 2173240 ray::AgentLoopW
3193691 2110620 ray::AgentLoopW
3193696 2101008 ray::AgentLoopW
== 2026-09-05T08:52:22+09:00
Mem:            1007         480         524         368         376         526
    PID   RSS COMMAND
3187252 87689860 VLLM::Worker
3187251 87684924 VLLM::Worker
3187253 87683788 VLLM::Worker
3187250 87674620 VLLM::Worker
1317539 4822248 VLLM::Worker_TP
1317538 4817704 VLLM::Worker_TP
3118611 4197044 ray::WorkerDict
3118613 4123212 ray::WorkerDict
3118612 4114108 ray::WorkerDict
3118614 3945368 ray::WorkerDict
3193697 2173240 ray::AgentLoopW
3193691 2110620 ray::AgentLoopW
3193696 2101008 ray::AgentLoopW
== 2026-09-05T08:52:42+09:00
Mem:            1007         480         524         368         376         526
    PID   RSS COMMAND
3187252 87689860 VLLM::Worker
3187251 87684924 VLLM::Worker
3187253 87683788 VLLM::Worker
3187250 87674620 VLLM::Worker
1317539 4822248 VLLM::Worker_TP
1317538 4817704 VLLM::Worker_TP
3118611 4197044 ray::WorkerDict
3118613 4123212 ray::WorkerDict
3118612 4114108 ray::WorkerDict
3118614 3945368 ray::WorkerDict
3193697 2173240 ray::AgentLoopW
3193691 2110620 ray::AgentLoopW
3193696 2101008 ray::AgentLoopW
== 2026-09-05T08:53:02+09:00
Mem:            1007         480         524         368         376         526
    PID   RSS COMMAND
3187252 87689860 VLLM::Worker
3187251 87684924 VLLM::Worker
3187253 87683788 VLLM::Worker
3187250 87674620 VLLM::Worker
1317539 4822248 VLLM::Worker_TP
1317538 4817704 VLLM::Worker_TP
3118611 4197044 ray::WorkerDict
3118613 4123212 ray::WorkerDict
3118612 4114108 ray::WorkerDict
3118614 3945368 ray::WorkerDict
3193697 2173240 ray::AgentLoopW
3193691 2110620 ray::AgentLoopW
3193696 2101008 ray::AgentLoopW
== 2026-09-05T08:53:22+09:00
Mem:            1007         480         524         368         376         526
    PID   RSS COMMAND
3187252 87689860 VLLM::Worker
3187251 87684924 VLLM::Worker
3187253 87683788 VLLM::Worker
3187250 87674620 VLLM::Worker
1317539 4822248 VLLM::Worker_TP
1317538 4817704 VLLM::Worker_TP
3118611 4197044 ray::WorkerDict
3118613 4123212 ray::WorkerDict
3118612 4114108 ray::WorkerDict
3118614 3945368 ray::WorkerDict
3193697 2173240 ray::AgentLoopW
3193691 2110620 ray::AgentLoopW
3193696 2101008 ray::AgentLoopW
== 2026-09-05T08:53:42+09:00
Mem:            1007         480         524         368         376         526
    PID   RSS COMMAND
3187252 87689860 VLLM::Worker
3187251 87684924 VLLM::Worker
3187253 87683788 VLLM::Worker
3187250 87674620 VLLM::Worker
1317539 4822248 VLLM::Worker_TP
1317538 4817704 VLLM::Worker_TP
3118611 4197044 ray::WorkerDict
3118613 4123212 ray::WorkerDict
3118612 4114108 ray::WorkerDict
3118614 3945368 ray::WorkerDict
3193697 2173240 ray::AgentLoopW
3193691 2110620 ray::AgentLoopW
3193696 2101008 ray::AgentLoopW
== 2026-09-05T08:54:02+09:00
Mem:            1007         480         524         368         376         526
    PID   RSS COMMAND
3187252 87689860 VLLM::Worker
3187251 87684924 VLLM::Worker
3187253 87683788 VLLM::Worker
3187250 87674620 VLLM::Worker
1317539 4822248 VLLM::Worker_TP
1317538 4817704 VLLM::Worker_TP
3118611 4197044 ray::WorkerDict
3118613 4123212 ray::WorkerDict
3118612 4114108 ray::WorkerDict
3118614 3945368 ray::WorkerDict
3193697 2173240 ray::AgentLoopW
3193691 2110620 ray::AgentLoopW
3193696 2101008 ray::AgentLoopW
== 2026-09-05T08:54:22+09:00
Mem:            1007         480         524         368         376         526
    PID   RSS COMMAND
3187252 87689860 VLLM::Worker
3187251 87684924 VLLM::Worker
3187253 87683788 VLLM::Worker
3187250 87674620 VLLM::Worker
1317539 4821480 VLLM::Worker_TP
1317538 4817704 VLLM::Worker_TP
3118611 4197044 ray::WorkerDict
3118613 4123980 ray::WorkerDict
3118612 4114108 ray::WorkerDict
3118614 3945368 ray::WorkerDict
3193697 2173240 ray::AgentLoopW
3193691 2110620 ray::AgentLoopW
3193696 2101008 ray::AgentLoopW
== 2026-09-05T08:54:43+09:00
Mem:            1007         480         524         368         376         526
    PID   RSS COMMAND
3187252 87689860 VLLM::Worker
3187251 87684924 VLLM::Worker
3187253 87683788 VLLM::Worker
3187250 87674620 VLLM::Worker
1317539 4821480 VLLM::Worker_TP
1317538 4817704 VLLM::Worker_TP
3118611 4197044 ray::WorkerDict
3118613 4123980 ray::WorkerDict
3118612 4114108 ray::WorkerDict
3118614 3945368 ray::WorkerDict
3193697 2173240 ray::AgentLoopW
3193691 2110620 ray::AgentLoopW
3193696 2101008 ray::AgentLoopW
== 2026-09-05T08:55:03+09:00
Mem:            1007         480         524         368         376         527
    PID   RSS COMMAND
3187252 87689860 VLLM::Worker
3187251 87684924 VLLM::Worker
3187253 87683788 VLLM::Worker
3187250 87674620 VLLM::Worker
1317539 4821480 VLLM::Worker_TP
1317538 4817704 VLLM::Worker_TP
3118611 4198580 ray::WorkerDict
3118613 4125516 ray::WorkerDict
3118612 4073360 ray::WorkerDict
3118614 3946904 ray::WorkerDict
3193697 2173240 ray::AgentLoopW
3193691 2110620 ray::AgentLoopW
3193696 2101008 ray::AgentLoopW
== 2026-09-05T08:55:23+09:00
Mem:            1007         609         394         368         376         397
    PID   RSS COMMAND
3187252 87689860 VLLM::Worker
3187251 87684924 VLLM::Worker
3187253 87683788 VLLM::Worker
3187250 87674620 VLLM::Worker
3118611 38273644 ray::WorkerDict
3118612 38148636 ray::WorkerDict
3118613 37728592 ray::WorkerDict
3118614 37557476 ray::WorkerDict
1317539 4821480 VLLM::Worker_TP
1317538 4817704 VLLM::Worker_TP
3193697 2173240 ray::AgentLoopW
3193691 2110620 ray::AgentLoopW
3193696 2101008 ray::AgentLoopW
== 2026-09-05T08:55:43+09:00
Mem:            1007         711         294         368         375         296
    PID   RSS COMMAND
3187252 87679108 VLLM::Worker
3187253 87674572 VLLM::Worker
3187251 87672636 VLLM::Worker
3187250 87664636 VLLM::Worker
3118611 64598904 ray::WorkerDict
3118613 64524880 ray::WorkerDict
3118612 64472612 ray::WorkerDict
3118614 64344548 ray::WorkerDict
1317539 4821480 VLLM::Worker_TP
1317538 4817704 VLLM::Worker_TP
3193697 2171156 ray::AgentLoopW
3193691 2106480 ray::AgentLoopW
3193696 2099252 ray::AgentLoopW
== 2026-09-05T08:56:03+09:00
Mem:            1007         709         295         368         375         297
    PID   RSS COMMAND
3187252 87680644 VLLM::Worker
3187253 87675340 VLLM::Worker
3187251 87673404 VLLM::Worker
3187250 87664636 VLLM::Worker
3118611 64404808 ray::WorkerDict
3118614 64351840 ray::WorkerDict
3118612 64056668 ray::WorkerDict
3118613 63861708 ray::WorkerDict
1317539 4821480 VLLM::Worker_TP
1317538 4817704 VLLM::Worker_TP
3193697 2171156 ray::AgentLoopW
3193691 2106480 ray::AgentLoopW
3193696 2099252 ray::AgentLoopW
== 2026-09-05T08:56:23+09:00
Mem:            1007         708         296         368         375         298
    PID   RSS COMMAND
3187252 87680644 VLLM::Worker
3187253 87675340 VLLM::Worker
3187251 87673404 VLLM::Worker
3187250 87664636 VLLM::Worker
3118611 63980860 ray::WorkerDict
3118613 63825364 ray::WorkerDict
3118614 63731492 ray::WorkerDict
3118612 63694940 ray::WorkerDict
1317539 4821480 VLLM::Worker_TP
1317538 4817704 VLLM::Worker_TP
3193697 2171156 ray::AgentLoopW
3193691 2106480 ray::AgentLoopW
3193696 2099252 ray::AgentLoopW
== 2026-09-05T08:56:43+09:00
Mem:            1007         708         296         368         375         298
    PID   RSS COMMAND
3187252 87687556 VLLM::Worker
3187253 87683788 VLLM::Worker
3187251 87681084 VLLM::Worker
3187250 87673852 VLLM::Worker
3118611 63818544 ray::WorkerDict
3118613 63746512 ray::WorkerDict
3118612 63697244 ray::WorkerDict
3118614 63570712 ray::WorkerDict
1317539 4821480 VLLM::Worker_TP
1317538 4817704 VLLM::Worker_TP
3193690 2255152 ray::AgentLoopW
3193691 2234220 ray::AgentLoopW
3193693 2233344 ray::AgentLoopW
== 2026-09-05T08:57:03+09:00
Mem:            1007         708         296         368         375         298
    PID   RSS COMMAND
3187252 87696004 VLLM::Worker
3187251 87684924 VLLM::Worker
3187253 87683788 VLLM::Worker
3187250 87676156 VLLM::Worker
3118611 63818544 ray::WorkerDict
3118613 63746512 ray::WorkerDict
3118612 63697244 ray::WorkerDict
3118614 63570712 ray::WorkerDict
1317539 4821480 VLLM::Worker_TP
1317538 4817704 VLLM::Worker_TP
3193690 2255152 ray::AgentLoopW
3193691 2234220 ray::AgentLoopW
3193693 2233344 ray::AgentLoopW
== 2026-09-05T08:57:23+09:00
Mem:            1007         709         296         368         375         298
    PID   RSS COMMAND
3187252 87696004 VLLM::Worker
3187251 87683932 VLLM::Worker
3187253 87683788 VLLM::Worker
3187250 87676156 VLLM::Worker
3118611 63818544 ray::WorkerDict
3118613 63746512 ray::WorkerDict
3118612 63697244 ray::WorkerDict
3118614 63570712 ray::WorkerDict
1317539 4821480 VLLM::Worker_TP
1317538 4817704 VLLM::Worker_TP
3193690 2255152 ray::AgentLoopW
3193693 2234880 ray::AgentLoopW
3193691 2234220 ray::AgentLoopW
== 2026-09-05T08:57:43+09:00
Mem:            1007         708         300         368         371         299
    PID   RSS COMMAND
3187252 87690628 VLLM::Worker
3187251 87684700 VLLM::Worker
3187253 87679180 VLLM::Worker
3187250 87675388 VLLM::Worker
3118611 63802416 ray::WorkerDict
3118613 63734992 ray::WorkerDict
3118612 63681884 ray::WorkerDict
3118614 63556888 ray::WorkerDict
1317539 4815336 VLLM::Worker_TP
1317538 4809256 VLLM::Worker_TP
3193690 2255812 ray::AgentLoopW
3193691 2234988 ray::AgentLoopW
3193693 2230672 ray::AgentLoopW
== 2026-09-05T08:58:03+09:00
Mem:            1007         708         298         368         372         298
    PID   RSS COMMAND
3187252 87685588 VLLM::Worker
3187251 87684700 VLLM::Worker
3187253 87679180 VLLM::Worker
3187250 87674596 VLLM::Worker
3118611 63802416 ray::WorkerDict
3118613 63734992 ray::WorkerDict
3118612 63683420 ray::WorkerDict
3118614 63556888 ray::WorkerDict
1317539 4815336 VLLM::Worker_TP
1317538 4809256 VLLM::Worker_TP
3193690 2259652 ray::AgentLoopW
3193691 2234988 ray::AgentLoopW
3193693 2230672 ray::AgentLoopW
== 2026-09-05T08:58:23+09:00
Mem:            1007         708         299         368         372         298
    PID   RSS COMMAND
3187252 87685588 VLLM::Worker
3187251 87682636 VLLM::Worker
3187253 87679180 VLLM::Worker
3187250 87674596 VLLM::Worker
3118611 63802416 ray::WorkerDict
3118613 63734992 ray::WorkerDict
3118612 63683420 ray::WorkerDict
3118614 63556888 ray::WorkerDict
1317539 4815336 VLLM::Worker_TP
1317538 4809256 VLLM::Worker_TP
3193690 2259652 ray::AgentLoopW
3193691 2235756 ray::AgentLoopW
3193693 2228900 ray::AgentLoopW
== 2026-09-05T08:58:43+09:00
Mem:            1007         708         299         368         372         298
    PID   RSS COMMAND
3187252 87684580 VLLM::Worker
3187251 87682636 VLLM::Worker
3187253 87679180 VLLM::Worker
3187250 87674596 VLLM::Worker
3118611 63802416 ray::WorkerDict
3118613 63734992 ray::WorkerDict
3118612 63683420 ray::WorkerDict
3118614 63556888 ray::WorkerDict
1317539 4815336 VLLM::Worker_TP
1317538 4809256 VLLM::Worker_TP
3193690 2259652 ray::AgentLoopW
3193691 2235756 ray::AgentLoopW
3193693 2225876 ray::AgentLoopW
== 2026-09-05T08:59:03+09:00
Mem:            1007         708         299         368         372         298
    PID   RSS COMMAND
3187252 87684580 VLLM::Worker
3187251 87682636 VLLM::Worker
3187253 87679180 VLLM::Worker
3187250 87674596 VLLM::Worker
3118611 63802416 ray::WorkerDict
3118613 63734992 ray::WorkerDict
3118612 63683420 ray::WorkerDict
3118614 63556888 ray::WorkerDict
1317539 4815336 VLLM::Worker_TP
1317538 4809256 VLLM::Worker_TP
3193690 2259652 ray::AgentLoopW
3193691 2235756 ray::AgentLoopW
3193693 2225876 ray::AgentLoopW
== 2026-09-05T08:59:23+09:00
Mem:            1007         708         299         368         372         298
    PID   RSS COMMAND
3187252 87684580 VLLM::Worker
3187251 87682636 VLLM::Worker
3187253 87679180 VLLM::Worker
3187250 87674596 VLLM::Worker
3118611 63802416 ray::WorkerDict
3118613 63734992 ray::WorkerDict
3118612 63684188 ray::WorkerDict
3118614 63556888 ray::WorkerDict
1317539 4815336 VLLM::Worker_TP
1317538 4813096 VLLM::Worker_TP
3193690 2259652 ray::AgentLoopW
3193691 2235756 ray::AgentLoopW
3193693 2225876 ray::AgentLoopW
== 2026-09-05T08:59:43+09:00
Mem:            1007         708         299         368         372         298
    PID   RSS COMMAND
3187252 87684580 VLLM::Worker
3187251 87682636 VLLM::Worker
3187253 87679180 VLLM::Worker
3187250 87674596 VLLM::Worker
3118611 63802416 ray::WorkerDict
3118613 63734992 ray::WorkerDict
3118612 63684188 ray::WorkerDict
3118614 63556888 ray::WorkerDict
1317539 4815336 VLLM::Worker_TP
1317538 4813096 VLLM::Worker_TP
3193690 2259652 ray::AgentLoopW
3193691 2235756 ray::AgentLoopW
3193693 2225876 ray::AgentLoopW
== 2026-09-05T09:00:03+09:00
Mem:            1007         708         299         368         372         298
    PID   RSS COMMAND
3187252 87685348 VLLM::Worker
3187251 87682636 VLLM::Worker
3187253 87679180 VLLM::Worker
3187250 87674596 VLLM::Worker
3118611 63802416 ray::WorkerDict
3118613 63734992 ray::WorkerDict
3118612 63684188 ray::WorkerDict
3118614 63556888 ray::WorkerDict
1317539 4815336 VLLM::Worker_TP
1317538 4813096 VLLM::Worker_TP
3193690 2259652 ray::AgentLoopW
3193691 2235756 ray::AgentLoopW
3193693 2225876 ray::AgentLoopW
== 2026-09-05T09:00:23+09:00
Mem:            1007         708         299         368         372         298
    PID   RSS COMMAND
3187252 87685348 VLLM::Worker
3187251 87682396 VLLM::Worker
3187253 87680716 VLLM::Worker
3187250 87674596 VLLM::Worker
3118611 63812400 ray::WorkerDict
3118612 63747164 ray::WorkerDict
3118613 63744976 ray::WorkerDict
3118614 63565704 ray::WorkerDict
1317539 4815336 VLLM::Worker_TP
1317538 4813096 VLLM::Worker_TP
3193690 2259652 ray::AgentLoopW
3193691 2235756 ray::AgentLoopW
3193693 2225876 ray::AgentLoopW
== 2026-09-05T09:00:43+09:00
Mem:            1007         480         527         368         372         526
    PID   RSS COMMAND
3187252 87685348 VLLM::Worker
3187251 87682396 VLLM::Worker
3187253 87680716 VLLM::Worker
3187250 87674596 VLLM::Worker
1317539 4815336 VLLM::Worker_TP
1317538 4813096 VLLM::Worker_TP
3118611 4185340 ray::WorkerDict
3118612 4119504 ray::WorkerDict
3118613 4117856 ray::WorkerDict
3118614 3938656 ray::WorkerDict
3193690 2259652 ray::AgentLoopW
3193691 2235756 ray::AgentLoopW
3193693 2225876 ray::AgentLoopW
== 2026-09-05T09:01:03+09:00
Mem:            1007         480         527         368         372         526
    PID   RSS COMMAND
3187252 87685348 VLLM::Worker
3187251 87682396 VLLM::Worker
3187253 87680716 VLLM::Worker
3187250 87674596 VLLM::Worker
1317539 4815336 VLLM::Worker_TP
1317538 4813096 VLLM::Worker_TP
3118611 4185340 ray::WorkerDict
3118612 4119504 ray::WorkerDict
3118613 4117856 ray::WorkerDict
3118614 3938656 ray::WorkerDict
3193690 2259652 ray::AgentLoopW
3193691 2235756 ray::AgentLoopW
3193693 2225876 ray::AgentLoopW
== 2026-09-05T09:01:23+09:00
Mem:            1007         480         527         368         372         526
    PID   RSS COMMAND
3187252 87685348 VLLM::Worker
3187251 87682396 VLLM::Worker
3187253 87680716 VLLM::Worker
3187250 87674596 VLLM::Worker
1317539 4815336 VLLM::Worker_TP
1317538 4813096 VLLM::Worker_TP
3118611 4185340 ray::WorkerDict
3118612 4119504 ray::WorkerDict
3118613 4117856 ray::WorkerDict
3118614 3938656 ray::WorkerDict
3193690 2259652 ray::AgentLoopW
3193691 2235756 ray::AgentLoopW
3193693 2225876 ray::AgentLoopW
== 2026-09-05T09:01:43+09:00
Mem:            1007         480         527         368         372         526
    PID   RSS COMMAND
3187252 87685348 VLLM::Worker
3187251 87682396 VLLM::Worker
3187253 87680716 VLLM::Worker
3187250 87674596 VLLM::Worker
1317539 4815336 VLLM::Worker_TP
1317538 4813096 VLLM::Worker_TP
3118611 4185340 ray::WorkerDict
3118612 4119504 ray::WorkerDict
3118613 4117856 ray::WorkerDict
3118614 3938656 ray::WorkerDict
3193690 2259652 ray::AgentLoopW
3193691 2235756 ray::AgentLoopW
3193693 2225876 ray::AgentLoopW
== 2026-09-05T09:02:03+09:00
Mem:            1007         480         527         368         372         526
    PID   RSS COMMAND
3187252 87685348 VLLM::Worker
3187251 87682396 VLLM::Worker
3187253 87680716 VLLM::Worker
3187250 87674596 VLLM::Worker
1317539 4815336 VLLM::Worker_TP
1317538 4813096 VLLM::Worker_TP
3118611 4188044 ray::WorkerDict
3118613 4122136 ray::WorkerDict
3118612 4121964 ray::WorkerDict
3118614 3941564 ray::WorkerDict
3193690 2259652 ray::AgentLoopW
3193691 2235756 ray::AgentLoopW
3193693 2225876 ray::AgentLoopW
== 2026-09-05T09:02:23+09:00
Mem:            1007         480         527         368         372         526
    PID   RSS COMMAND
3187252 87687652 VLLM::Worker
3187251 87683932 VLLM::Worker
3187253 87683788 VLLM::Worker
3187250 87676900 VLLM::Worker
1317539 4815336 VLLM::Worker_TP
1317538 4813096 VLLM::Worker_TP
3118611 4189580 ray::WorkerDict
3118613 4124440 ray::WorkerDict
3118612 4123500 ray::WorkerDict
3118614 3943868 ray::WorkerDict
3193690 2259652 ray::AgentLoopW
3193691 2235756 ray::AgentLoopW
3193693 2225876 ray::AgentLoopW
== 2026-09-05T09:02:43+09:00
Mem:            1007         480         527         368         372         526
    PID   RSS COMMAND
3187252 87687652 VLLM::Worker
3187251 87683932 VLLM::Worker
3187253 87683788 VLLM::Worker
3187250 87676900 VLLM::Worker
1317539 4815336 VLLM::Worker_TP
1317538 4813096 VLLM::Worker_TP
3118611 4190348 ray::WorkerDict
3118613 4124440 ray::WorkerDict
3118612 4123500 ray::WorkerDict
3118614 3943868 ray::WorkerDict
3193690 2259652 ray::AgentLoopW
3193691 2235756 ray::AgentLoopW
3193693 2225876 ray::AgentLoopW
== 2026-09-05T09:03:03+09:00
Mem:            1007         480         527         368         372         526
    PID   RSS COMMAND
3187252 87687652 VLLM::Worker
3187251 87683932 VLLM::Worker
3187253 87683788 VLLM::Worker
3187250 87676900 VLLM::Worker
1317539 4815336 VLLM::Worker_TP
1317538 4813096 VLLM::Worker_TP
3118611 4190348 ray::WorkerDict
3118613 4124440 ray::WorkerDict
3118612 4123500 ray::WorkerDict
3118614 3943868 ray::WorkerDict
3193690 2259652 ray::AgentLoopW
3193691 2235756 ray::AgentLoopW
3193693 2225876 ray::AgentLoopW
== 2026-09-05T09:03:23+09:00
Mem:            1007         480         527         368         372         526
    PID   RSS COMMAND
3187252 87687652 VLLM::Worker
3187251 87683932 VLLM::Worker
3187253 87683788 VLLM::Worker
3187250 87676900 VLLM::Worker
1317539 4815336 VLLM::Worker_TP
1317538 4813096 VLLM::Worker_TP
3118611 4190348 ray::WorkerDict
3118613 4124440 ray::WorkerDict
3118612 4123500 ray::WorkerDict
3118614 3943868 ray::WorkerDict
3193690 2259652 ray::AgentLoopW
3193691 2235756 ray::AgentLoopW
3193693 2225876 ray::AgentLoopW
== 2026-09-05T09:03:43+09:00
Mem:            1007         480         527         368         372         526
    PID   RSS COMMAND
3187252 87687652 VLLM::Worker
3187251 87683932 VLLM::Worker
3187253 87683788 VLLM::Worker
3187250 87676900 VLLM::Worker
1317539 4815336 VLLM::Worker_TP
1317538 4813096 VLLM::Worker_TP
3118611 4190348 ray::WorkerDict
3118613 4124440 ray::WorkerDict
3118612 4123500 ray::WorkerDict
3118614 3943868 ray::WorkerDict
3193690 2259652 ray::AgentLoopW
3193691 2235756 ray::AgentLoopW
3193693 2225876 ray::AgentLoopW
== 2026-09-05T09:04:03+09:00
Mem:            1007         480         527         368         372         526
    PID   RSS COMMAND
3187252 87687652 VLLM::Worker
3187251 87683932 VLLM::Worker
3187253 87683788 VLLM::Worker
3187250 87676900 VLLM::Worker
1317539 4815336 VLLM::Worker_TP
1317538 4813096 VLLM::Worker_TP
3118611 4190348 ray::WorkerDict
3118613 4124440 ray::WorkerDict
3118612 4123500 ray::WorkerDict
3118614 3943868 ray::WorkerDict
3193690 2259652 ray::AgentLoopW
3193691 2235756 ray::AgentLoopW
3193693 2225876 ray::AgentLoopW
== 2026-09-05T09:04:24+09:00
Mem:            1007         480         527         368         372         526
    PID   RSS COMMAND
3187252 87687652 VLLM::Worker
3187251 87683932 VLLM::Worker
3187253 87683788 VLLM::Worker
3187250 87676900 VLLM::Worker
1317539 4815336 VLLM::Worker_TP
1317538 4813096 VLLM::Worker_TP
3118611 4190348 ray::WorkerDict
3118613 4124440 ray::WorkerDict
3118612 4123500 ray::WorkerDict
3118614 3943868 ray::WorkerDict
3193690 2259652 ray::AgentLoopW
3193691 2235756 ray::AgentLoopW
3193693 2225876 ray::AgentLoopW
== 2026-09-05T09:04:44+09:00
Mem:            1007         480         527         368         372         526
    PID   RSS COMMAND
3187252 87687652 VLLM::Worker
3187251 87683932 VLLM::Worker
3187253 87683788 VLLM::Worker
3187250 87676900 VLLM::Worker
1317539 4815336 VLLM::Worker_TP
1317538 4813096 VLLM::Worker_TP
3118611 4190348 ray::WorkerDict
3118613 4124440 ray::WorkerDict
3118612 4123500 ray::WorkerDict
3118614 3943868 ray::WorkerDict
3193690 2259652 ray::AgentLoopW
3193691 2235756 ray::AgentLoopW
3193693 2225876 ray::AgentLoopW
== 2026-09-05T09:05:04+09:00
Mem:            1007         480         527         368         372         526
    PID   RSS COMMAND
3187252 87687652 VLLM::Worker
3187251 87683932 VLLM::Worker
3187253 87683788 VLLM::Worker
3187250 87676900 VLLM::Worker
1317539 4815336 VLLM::Worker_TP
1317538 4813096 VLLM::Worker_TP
3118611 4190348 ray::WorkerDict
3118613 4124440 ray::WorkerDict
3118612 4123500 ray::WorkerDict
3118614 3943868 ray::WorkerDict
3193690 2259652 ray::AgentLoopW
3193691 2235756 ray::AgentLoopW
3193693 2225876 ray::AgentLoopW
== 2026-09-05T09:05:24+09:00
Mem:            1007         480         527         368         372         526
    PID   RSS COMMAND
3187252 87687652 VLLM::Worker
3187251 87683932 VLLM::Worker
3187253 87683788 VLLM::Worker
3187250 87676900 VLLM::Worker
1317539 4815336 VLLM::Worker_TP
1317538 4813096 VLLM::Worker_TP
3118611 4190348 ray::WorkerDict
3118613 4124440 ray::WorkerDict
3118612 4123500 ray::WorkerDict
3118614 3943868 ray::WorkerDict
3193690 2259652 ray::AgentLoopW
3193691 2235756 ray::AgentLoopW
3193693 2225876 ray::AgentLoopW
== 2026-09-05T09:05:44+09:00
Mem:            1007         480         527         368         372         526
    PID   RSS COMMAND
3187252 87687652 VLLM::Worker
3187251 87683932 VLLM::Worker
3187253 87683788 VLLM::Worker
3187250 87676900 VLLM::Worker
1317539 4815336 VLLM::Worker_TP
1317538 4813096 VLLM::Worker_TP
3118611 4190348 ray::WorkerDict
3118613 4124440 ray::WorkerDict
3118612 4123500 ray::WorkerDict
3118614 3943868 ray::WorkerDict
3193690 2259652 ray::AgentLoopW
3193691 2235756 ray::AgentLoopW
3193693 2225876 ray::AgentLoopW
== 2026-09-05T09:06:04+09:00
Mem:            1007         480         527         368         372         526
    PID   RSS COMMAND
3187252 87687652 VLLM::Worker
3187251 87683932 VLLM::Worker
3187253 87683788 VLLM::Worker
3187250 87676900 VLLM::Worker
1317539 4815336 VLLM::Worker_TP
1317538 4813096 VLLM::Worker_TP
3118611 4190348 ray::WorkerDict
3118613 4124440 ray::WorkerDict
3118612 4123500 ray::WorkerDict
3118614 3943868 ray::WorkerDict
3193690 2259652 ray::AgentLoopW
3193691 2235756 ray::AgentLoopW
3193693 2225876 ray::AgentLoopW
== 2026-09-05T09:06:24+09:00
Mem:            1007         480         527         368         372         526
    PID   RSS COMMAND
3187252 87687652 VLLM::Worker
3187251 87683932 VLLM::Worker
3187253 87683788 VLLM::Worker
3187250 87676900 VLLM::Worker
1317539 4815336 VLLM::Worker_TP
1317538 4813096 VLLM::Worker_TP
3118611 4190348 ray::WorkerDict
3118613 4125208 ray::WorkerDict
3118612 4123500 ray::WorkerDict
3118614 3943868 ray::WorkerDict
3193690 2259652 ray::AgentLoopW
3193691 2235756 ray::AgentLoopW
3193693 2225876 ray::AgentLoopW
== 2026-09-05T09:06:44+09:00
Mem:            1007         480         527         368         372         526
    PID   RSS COMMAND
3187252 87687652 VLLM::Worker
3187251 87683932 VLLM::Worker
3187253 87683788 VLLM::Worker
3187250 87676900 VLLM::Worker
1317539 4815336 VLLM::Worker_TP
1317538 4813096 VLLM::Worker_TP
3118611 4190348 ray::WorkerDict
3118613 4125208 ray::WorkerDict
3118612 4123500 ray::WorkerDict
3118614 3943868 ray::WorkerDict
3193690 2259652 ray::AgentLoopW
3193691 2235756 ray::AgentLoopW
3193693 2225876 ray::AgentLoopW
== 2026-09-05T09:07:04+09:00
Mem:            1007         480         527         368         372         526
    PID   RSS COMMAND
3187252 87687652 VLLM::Worker
3187251 87683932 VLLM::Worker
3187253 87683788 VLLM::Worker
3187250 87676900 VLLM::Worker
1317539 4815336 VLLM::Worker_TP
1317538 4813096 VLLM::Worker_TP
3118611 4190348 ray::WorkerDict
3118613 4125208 ray::WorkerDict
3118612 4123500 ray::WorkerDict
3118614 3943868 ray::WorkerDict
3193690 2259652 ray::AgentLoopW
3193691 2235756 ray::AgentLoopW
3193693 2225876 ray::AgentLoopW
== 2026-09-05T09:07:24+09:00
Mem:            1007         480         527         368         372         526
    PID   RSS COMMAND
3187252 87687652 VLLM::Worker
3187251 87683932 VLLM::Worker
3187253 87683788 VLLM::Worker
3187250 87676900 VLLM::Worker
1317539 4815336 VLLM::Worker_TP
1317538 4813096 VLLM::Worker_TP
3118611 4190348 ray::WorkerDict
3118613 4125208 ray::WorkerDict
3118612 4123500 ray::WorkerDict
3118614 3943868 ray::WorkerDict
3193690 2259652 ray::AgentLoopW
3193691 2235756 ray::AgentLoopW
3193693 2225876 ray::AgentLoopW
== 2026-09-05T09:07:44+09:00
Mem:            1007         480         527         368         372         526
    PID   RSS COMMAND
3187252 87687652 VLLM::Worker
3187251 87683932 VLLM::Worker
3187253 87683788 VLLM::Worker
3187250 87676900 VLLM::Worker
1317539 4815336 VLLM::Worker_TP
1317538 4813096 VLLM::Worker_TP
3118611 4190348 ray::WorkerDict
3118613 4125208 ray::WorkerDict
3118612 4123500 ray::WorkerDict
3118614 3943868 ray::WorkerDict
3193690 2259652 ray::AgentLoopW
3193691 2235756 ray::AgentLoopW
3193693 2225876 ray::AgentLoopW
== 2026-09-05T09:08:04+09:00
Mem:            1007         480         526         368         372         526
    PID   RSS COMMAND
3187252 87687652 VLLM::Worker
3187251 87683932 VLLM::Worker
3187253 87683788 VLLM::Worker
3187250 87676900 VLLM::Worker
1317539 4815336 VLLM::Worker_TP
1317538 4813096 VLLM::Worker_TP
3118611 4190348 ray::WorkerDict
3118613 4125208 ray::WorkerDict
3118612 4123500 ray::WorkerDict
3118614 3943868 ray::WorkerDict
3193690 2259652 ray::AgentLoopW
3193691 2235756 ray::AgentLoopW
3193693 2225876 ray::AgentLoopW
== 2026-09-05T09:08:24+09:00
Mem:            1007         507         500         368         372         500
    PID   RSS COMMAND
3187252 87687652 VLLM::Worker
3187251 87683932 VLLM::Worker
3187253 87683788 VLLM::Worker
3187250 87676900 VLLM::Worker
3118611 11492404 ray::WorkerDict
3118612 11371776 ray::WorkerDict
3118613 10958304 ray::WorkerDict
3118614 10776880 ray::WorkerDict
1317539 4815336 VLLM::Worker_TP
1317538 4813096 VLLM::Worker_TP
3193690 2259652 ray::AgentLoopW
3193691 2235756 ray::AgentLoopW
3193693 2225876 ray::AgentLoopW
== 2026-09-05T09:08:44+09:00
Mem:            1007         641         366         368         372         365
    PID   RSS COMMAND
3187252 87687652 VLLM::Worker
3187251 87683932 VLLM::Worker
3187253 87683788 VLLM::Worker
3187250 87676900 VLLM::Worker
3118611 46596792 ray::WorkerDict
3118612 46481848 ray::WorkerDict
3118613 46229768 ray::WorkerDict
3118614 46050832 ray::WorkerDict
1317539 4815336 VLLM::Worker_TP
1317538 4813096 VLLM::Worker_TP
3193690 2259652 ray::AgentLoopW
3193691 2235756 ray::AgentLoopW
3193693 2225876 ray::AgentLoopW
== 2026-09-05T09:09:04+09:00
Mem:            1007         709         298         368         372         297
    PID   RSS COMMAND
3187252 87679972 VLLM::Worker
3187253 87675340 VLLM::Worker
3187251 87673180 VLLM::Worker
3187250 87666916 VLLM::Worker
3118611 64260944 ray::WorkerDict
3118612 64212280 ray::WorkerDict
3118613 64071168 ray::WorkerDict
3118614 63976320 ray::WorkerDict
1317539 4815336 VLLM::Worker_TP
1317538 4813096 VLLM::Worker_TP
3193690 2257456 ray::AgentLoopW
3193691 2234688 ray::AgentLoopW
3193693 2225876 ray::AgentLoopW
== 2026-09-05T09:09:24+09:00
Mem:            1007         709         298         368         372         297
    PID   RSS COMMAND
3187252 87679972 VLLM::Worker
3187253 87675340 VLLM::Worker
3187251 87673180 VLLM::Worker
3187250 87666916 VLLM::Worker
3118613 64531968 ray::WorkerDict
3118611 63972208 ray::WorkerDict
3118614 63914228 ray::WorkerDict
3118612 63688684 ray::WorkerDict
1317539 4815336 VLLM::Worker_TP
1317538 4813096 VLLM::Worker_TP
3193690 2257456 ray::AgentLoopW
3193691 2234688 ray::AgentLoopW
3193693 2225876 ray::AgentLoopW
== 2026-09-05T09:09:44+09:00
Mem:            1007         708         299         368         372         299
    PID   RSS COMMAND
3187252 87683812 VLLM::Worker
3187253 87679180 VLLM::Worker
3187251 87676252 VLLM::Worker
3187250 87669220 VLLM::Worker
3118611 63813972 ray::WorkerDict
3118613 63765764 ray::WorkerDict
3118612 63694060 ray::WorkerDict
3118614 63571768 ray::WorkerDict
1317539 4815336 VLLM::Worker_TP
1317538 4813096 VLLM::Worker_TP
3193690 2257456 ray::AgentLoopW
3193691 2234688 ray::AgentLoopW
3193693 2225876 ray::AgentLoopW
== 2026-09-05T09:10:04+09:00
Mem:            1007         708         299         368         372         298
    PID   RSS COMMAND
3187252 87688420 VLLM::Worker
3187253 87684556 VLLM::Worker
3187251 87681628 VLLM::Worker
3187250 87675364 VLLM::Worker
3118611 63813972 ray::WorkerDict
3118613 63749380 ray::WorkerDict
3118612 63694060 ray::WorkerDict
3118614 63571768 ray::WorkerDict
1317539 4815336 VLLM::Worker_TP
1317538 4813096 VLLM::Worker_TP
3193690 2278852 ray::AgentLoopW
3193693 2239744 ray::AgentLoopW
3193691 2238828 ray::AgentLoopW
== 2026-09-05T09:10:24+09:00
Mem:            1007         709         296         368         375         298
    PID   RSS COMMAND
3187252 87688420 VLLM::Worker
3187253 87684556 VLLM::Worker
3187251 87681628 VLLM::Worker
3187250 87675364 VLLM::Worker
3118611 63813972 ray::WorkerDict
3118613 63749380 ray::WorkerDict
3118612 63694060 ray::WorkerDict
3118614 63571768 ray::WorkerDict
1317539 4815336 VLLM::Worker_TP
1317538 4813096 VLLM::Worker_TP
3193690 2280388 ray::AgentLoopW
3193693 2241280 ray::AgentLoopW
3193691 2241132 ray::AgentLoopW
== 2026-09-05T09:10:44+09:00
Mem:            1007         709         295         368         375         298
    PID   RSS COMMAND
3187252 87688420 VLLM::Worker
3187253 87684556 VLLM::Worker
3187251 87681628 VLLM::Worker
3187250 87675364 VLLM::Worker
3118611 63813972 ray::WorkerDict
3118613 63749380 ray::WorkerDict
3118612 63694060 ray::WorkerDict
3118614 63571768 ray::WorkerDict
1317539 4815336 VLLM::Worker_TP
1317538 4813096 VLLM::Worker_TP
3193690 2280388 ray::AgentLoopW
3193693 2241280 ray::AgentLoopW
3193691 2241132 ray::AgentLoopW
== 2026-09-05T09:11:04+09:00
Mem:            1007         708         296         368         375         298
    PID   RSS COMMAND
3187252 87688420 VLLM::Worker
3187253 87684556 VLLM::Worker
3187251 87681628 VLLM::Worker
3187250 87675364 VLLM::Worker
3118611 63813972 ray::WorkerDict
3118613 63749380 ray::WorkerDict
3118612 63694060 ray::WorkerDict
3118614 63571768 ray::WorkerDict
1317539 4815336 VLLM::Worker_TP
1317538 4813096 VLLM::Worker_TP
3193690 2280388 ray::AgentLoopW
3193693 2241280 ray::AgentLoopW
3193691 2241132 ray::AgentLoopW
== 2026-09-05T09:11:24+09:00
Mem:            1007         708         296         368         375         298
    PID   RSS COMMAND
3187252 87688420 VLLM::Worker
3187253 87684556 VLLM::Worker
3187251 87681628 VLLM::Worker
3187250 87675364 VLLM::Worker
3118611 63813972 ray::WorkerDict
3118613 63749380 ray::WorkerDict
3118612 63694060 ray::WorkerDict
3118614 63571768 ray::WorkerDict
1317539 4815336 VLLM::Worker_TP
1317538 4813096 VLLM::Worker_TP
3193690 2280388 ray::AgentLoopW
3193693 2241280 ray::AgentLoopW
3193691 2241132 ray::AgentLoopW
== 2026-09-05T09:11:44+09:00
Mem:            1007         708         296         368         375         298
    PID   RSS COMMAND
3187252 87688420 VLLM::Worker
3187253 87684556 VLLM::Worker
3187251 87681628 VLLM::Worker
3187250 87675364 VLLM::Worker
3118611 63813972 ray::WorkerDict
3118613 63749380 ray::WorkerDict
3118612 63694060 ray::WorkerDict
3118614 63571768 ray::WorkerDict
1317539 4815336 VLLM::Worker_TP
1317538 4813096 VLLM::Worker_TP
3193690 2280388 ray::AgentLoopW
3193693 2241280 ray::AgentLoopW
3193691 2241132 ray::AgentLoopW
== 2026-09-05T09:12:04+09:00
Mem:            1007         708         296         368         375         298
    PID   RSS COMMAND
3187252 87688420 VLLM::Worker
3187253 87684556 VLLM::Worker
3187251 87681628 VLLM::Worker
3187250 87675364 VLLM::Worker
3118611 63813972 ray::WorkerDict
3118613 63749380 ray::WorkerDict
3118612 63694060 ray::WorkerDict
3118614 63571768 ray::WorkerDict
1317539 4815336 VLLM::Worker_TP
1317538 4813096 VLLM::Worker_TP
3193690 2280388 ray::AgentLoopW
3193693 2241280 ray::AgentLoopW
3193691 2241132 ray::AgentLoopW
== 2026-09-05T09:12:24+09:00
Mem:            1007         708         296         368         375         298
    PID   RSS COMMAND
3187252 87689188 VLLM::Worker
3187253 87686860 VLLM::Worker
3187251 87682396 VLLM::Worker
3187250 87678436 VLLM::Worker
3118611 63813972 ray::WorkerDict
3118613 63749380 ray::WorkerDict
3118612 63694060 ray::WorkerDict
3118614 63571768 ray::WorkerDict
1317539 4815336 VLLM::Worker_TP
1317538 4813096 VLLM::Worker_TP
3193690 2280388 ray::AgentLoopW
3193693 2241280 ray::AgentLoopW
3193691 2241132 ray::AgentLoopW
== 2026-09-05T09:12:44+09:00
Mem:            1007         708         296         368         375         298
    PID   RSS COMMAND
3187252 87689188 VLLM::Worker
3187253 87686860 VLLM::Worker
3187251 87682396 VLLM::Worker
3187250 87678436 VLLM::Worker
3118611 63813972 ray::WorkerDict
3118613 63749380 ray::WorkerDict
3118612 63694060 ray::WorkerDict
3118614 63571768 ray::WorkerDict
1317539 4815336 VLLM::Worker_TP
1317538 4813096 VLLM::Worker_TP
3193690 2280388 ray::AgentLoopW
3193693 2241280 ray::AgentLoopW
3193691 2241132 ray::AgentLoopW
== 2026-09-05T09:13:04+09:00
Mem:            1007         708         296         368         375         298
    PID   RSS COMMAND
3187252 87689188 VLLM::Worker
3187253 87686860 VLLM::Worker
3187251 87682396 VLLM::Worker
3187250 87678436 VLLM::Worker
3118611 63813972 ray::WorkerDict
3118613 63749380 ray::WorkerDict
3118612 63694060 ray::WorkerDict
3118614 63571768 ray::WorkerDict
1317539 4815336 VLLM::Worker_TP
1317538 4813096 VLLM::Worker_TP
3193690 2280388 ray::AgentLoopW
3193693 2241280 ray::AgentLoopW
3193691 2241132 ray::AgentLoopW
== 2026-09-05T09:13:24+09:00
Mem:            1007         699         305         368         375         308
    PID   RSS COMMAND
3187252 87686888 VLLM::Worker
3187253 87686860 VLLM::Worker
3187251 87682396 VLLM::Worker
3187250 87678436 VLLM::Worker
3118611 61387752 ray::WorkerDict
3118613 61324720 ray::WorkerDict
3118612 61284592 ray::WorkerDict
3118614 61145516 ray::WorkerDict
1317539 4815336 VLLM::Worker_TP
1317538 4813096 VLLM::Worker_TP
3193690 2280388 ray::AgentLoopW
3193693 2241280 ray::AgentLoopW
3193691 2241132 ray::AgentLoopW
== 2026-09-05T09:13:45+09:00
Mem:            1007         480         524         368         375         526
    PID   RSS COMMAND
3187252 87686888 VLLM::Worker
3187253 87686860 VLLM::Worker
3187251 87682396 VLLM::Worker
3187250 87678436 VLLM::Worker
1317539 4815336 VLLM::Worker_TP
1317538 4813096 VLLM::Worker_TP
3118611 4187828 ray::WorkerDict
3118613 4124028 ray::WorkerDict
3118612 4084668 ray::WorkerDict
3118614 3945592 ray::WorkerDict
3193690 2280388 ray::AgentLoopW
3193693 2241280 ray::AgentLoopW
3193691 2241132 ray::AgentLoopW
== 2026-09-05T09:14:05+09:00
Mem:            1007         481         524         368         375         526
    PID   RSS COMMAND
3187252 87686888 VLLM::Worker
3187253 87686860 VLLM::Worker
3187251 87682396 VLLM::Worker
3187250 87678436 VLLM::Worker
1317539 4815336 VLLM::Worker_TP
1317538 4813096 VLLM::Worker_TP
3118611 4191844 ray::WorkerDict
3118613 4126376 ray::WorkerDict
3118612 4070220 ray::WorkerDict
3118614 3948524 ray::WorkerDict
3193690 2280388 ray::AgentLoopW
3193693 2241280 ray::AgentLoopW
3193691 2241132 ray::AgentLoopW
== 2026-09-05T09:14:25+09:00
Mem:            1007         481         524         368         375         526
    PID   RSS COMMAND
3187252 87686888 VLLM::Worker
3187253 87686860 VLLM::Worker
3187251 87682396 VLLM::Worker
3187250 87678436 VLLM::Worker
1317539 4815336 VLLM::Worker_TP
1317538 4813096 VLLM::Worker_TP
3118611 4191844 ray::WorkerDict
3118613 4126376 ray::WorkerDict
3118612 4070220 ray::WorkerDict
3118614 3948524 ray::WorkerDict
3193690 2280388 ray::AgentLoopW
3193693 2241280 ray::AgentLoopW
3193691 2241132 ray::AgentLoopW
== 2026-09-05T09:14:45+09:00
Mem:            1007         481         523         368         375         526
    PID   RSS COMMAND
3187252 87686888 VLLM::Worker
3187253 87686860 VLLM::Worker
3187251 87682396 VLLM::Worker
3187250 87678436 VLLM::Worker
1317539 4815336 VLLM::Worker_TP
1317538 4813096 VLLM::Worker_TP
3118611 4191844 ray::WorkerDict
3118613 4126376 ray::WorkerDict
3118612 4070220 ray::WorkerDict
3118614 3948524 ray::WorkerDict
3193690 2280388 ray::AgentLoopW
3193693 2241280 ray::AgentLoopW
3193691 2241132 ray::AgentLoopW
== 2026-09-05T09:15:05+09:00
Mem:            1007         481         523         368         375         526
    PID   RSS COMMAND
3187252 87686888 VLLM::Worker
3187253 87686860 VLLM::Worker
3187251 87682396 VLLM::Worker
3187250 87678436 VLLM::Worker
1317539 4815336 VLLM::Worker_TP
1317538 4813096 VLLM::Worker_TP
3118611 4191844 ray::WorkerDict
3118613 4126376 ray::WorkerDict
3118612 4070220 ray::WorkerDict
3118614 3948524 ray::WorkerDict
3193690 2280388 ray::AgentLoopW
3193693 2241280 ray::AgentLoopW
3193691 2241132 ray::AgentLoopW
== 2026-09-05T09:15:25+09:00
Mem:            1007         481         523         368         375         526
    PID   RSS COMMAND
3187252 87686888 VLLM::Worker
3187253 87686860 VLLM::Worker
3187251 87682396 VLLM::Worker
3187250 87678436 VLLM::Worker
1317539 4815336 VLLM::Worker_TP
1317538 4813096 VLLM::Worker_TP
3118611 4192612 ray::WorkerDict
3118613 4126376 ray::WorkerDict
3118612 4070988 ray::WorkerDict
3118614 3948524 ray::WorkerDict
3193690 2280388 ray::AgentLoopW
3193693 2241280 ray::AgentLoopW
3193691 2241132 ray::AgentLoopW
== 2026-09-05T09:15:45+09:00
Mem:            1007         578         426         368         375         429
    PID   RSS COMMAND
3187252 87686888 VLLM::Worker
3187253 87686860 VLLM::Worker
3187251 87682396 VLLM::Worker
3187250 87678436 VLLM::Worker
3118611 29749368 ray::WorkerDict
3118612 29627444 ray::WorkerDict
3118613 29454168 ray::WorkerDict
3118614 29271484 ray::WorkerDict
1317539 4815336 VLLM::Worker_TP
1317538 4813096 VLLM::Worker_TP
3193690 2280388 ray::AgentLoopW
3193693 2241280 ray::AgentLoopW
3193691 2241132 ray::AgentLoopW
== 2026-09-05T09:16:05+09:00
Mem:            1007         712         293         368         375         295
    PID   RSS COMMAND
3187252 87680744 VLLM::Worker
3187253 87679948 VLLM::Worker
3187251 87676252 VLLM::Worker
3187250 87672292 VLLM::Worker
3118611 64602568 ray::WorkerDict
3118613 64536408 ray::WorkerDict
3118612 64481236 ray::WorkerDict
3118614 64358884 ray::WorkerDict
1317539 4815336 VLLM::Worker_TP
1317538 4813096 VLLM::Worker_TP
3193690 2277316 ray::AgentLoopW
3193691 2239296 ray::AgentLoopW
3193693 2238208 ray::AgentLoopW
== 2026-09-05T09:16:25+09:00
Mem:            1007         710         295         368         375         297
    PID   RSS COMMAND
3187252 87680744 VLLM::Worker
3187253 87679948 VLLM::Worker
3187251 87676252 VLLM::Worker
3187250 87672292 VLLM::Worker
3118614 64276304 ray::WorkerDict
3118613 64136940 ray::WorkerDict
3118611 64103112 ray::WorkerDict
3118612 63876248 ray::WorkerDict
1317539 4815336 VLLM::Worker_TP
1317538 4813096 VLLM::Worker_TP
3193690 2277316 ray::AgentLoopW
3193691 2239296 ray::AgentLoopW
3193693 2238208 ray::AgentLoopW
== 2026-09-05T09:16:45+09:00
Mem:            1007         709         295         368         375         298
    PID   RSS COMMAND
3187252 87680744 VLLM::Worker
3187253 87679948 VLLM::Worker
3187251 87677788 VLLM::Worker
3187250 87673060 VLLM::Worker
3118611 63934392 ray::WorkerDict
3118614 63885676 ray::WorkerDict
3118613 63752944 ray::WorkerDict
3118612 63697304 ray::WorkerDict
1317539 4815336 VLLM::Worker_TP
1317538 4813096 VLLM::Worker_TP
3193690 2277316 ray::AgentLoopW
3193691 2239296 ray::AgentLoopW
3193693 2238208 ray::AgentLoopW
== 2026-09-05T09:17:05+09:00
Mem:            1007         709         295         368         375         298
    PID   RSS COMMAND
3187252 87686888 VLLM::Worker
3187253 87685324 VLLM::Worker
3187251 87683164 VLLM::Worker
3187250 87678436 VLLM::Worker
3118611 63917260 ray::WorkerDict
3118614 63819368 ray::WorkerDict
3118613 63752944 ray::WorkerDict
3118612 63695768 ray::WorkerDict
1317539 4815336 VLLM::Worker_TP
1317538 4813096 VLLM::Worker_TP
3193690 2321092 ray::AgentLoopW
3193691 2241900 ray::AgentLoopW
3193693 2240512 ray::AgentLoopW
== 2026-09-05T09:17:25+09:00
Mem:            1007         709         294         368         376         297
    PID   RSS COMMAND
3187252 87686888 VLLM::Worker
3187253 87685324 VLLM::Worker
3187251 87683164 VLLM::Worker
3187250 87678436 VLLM::Worker
3118611 63917260 ray::WorkerDict
3118614 63819368 ray::WorkerDict
3118613 63752944 ray::WorkerDict
3118612 63695768 ray::WorkerDict
1317539 4815336 VLLM::Worker_TP
1317538 4813096 VLLM::Worker_TP
3193690 2321860 ray::AgentLoopW
3193693 2242816 ray::AgentLoopW
3193691 2242668 ray::AgentLoopW
== 2026-09-05T09:17:45+09:00
Mem:            1007         709         294         368         376         297
    PID   RSS COMMAND
3187252 87686888 VLLM::Worker
3187253 87685324 VLLM::Worker
3187251 87683164 VLLM::Worker
3187250 87678436 VLLM::Worker
3118611 63917260 ray::WorkerDict
3118614 63819368 ray::WorkerDict
3118613 63752944 ray::WorkerDict
3118612 63695768 ray::WorkerDict
1317539 4815336 VLLM::Worker_TP
1317538 4813096 VLLM::Worker_TP
3193690 2321860 ray::AgentLoopW
3193693 2242816 ray::AgentLoopW
3193691 2242668 ray::AgentLoopW
== 2026-09-05T09:18:05+09:00
Mem:            1007         709         295         368         376         298
    PID   RSS COMMAND
3187252 87686888 VLLM::Worker
3187253 87685324 VLLM::Worker
3187251 87683164 VLLM::Worker
3187250 87678436 VLLM::Worker
3118611 63917260 ray::WorkerDict
3118614 63819368 ray::WorkerDict
3118613 63752944 ray::WorkerDict
3118612 63695768 ray::WorkerDict
1317539 4815336 VLLM::Worker_TP
1317538 4813096 VLLM::Worker_TP
3193690 2321860 ray::AgentLoopW
3193693 2242816 ray::AgentLoopW
3193691 2242668 ray::AgentLoopW
== 2026-09-05T09:18:25+09:00
Mem:            1007         709         295         368         376         298
    PID   RSS COMMAND
3187252 87686888 VLLM::Worker
3187253 87685324 VLLM::Worker
3187251 87683164 VLLM::Worker
3187250 87678436 VLLM::Worker
3118611 63917260 ray::WorkerDict
3118614 63819368 ray::WorkerDict
3118613 63752944 ray::WorkerDict
3118612 63695768 ray::WorkerDict
1317539 4815336 VLLM::Worker_TP
1317538 4813096 VLLM::Worker_TP
3193690 2321860 ray::AgentLoopW
3193693 2242816 ray::AgentLoopW
3193691 2242668 ray::AgentLoopW
== 2026-09-05T09:18:45+09:00
Mem:            1007         709         295         368         376         298
    PID   RSS COMMAND
3187252 87686888 VLLM::Worker
3187253 87685324 VLLM::Worker
3187251 87683164 VLLM::Worker
3187250 87678436 VLLM::Worker
3118611 63917260 ray::WorkerDict
3118614 63819368 ray::WorkerDict
3118613 63752944 ray::WorkerDict
3118612 63695768 ray::WorkerDict
1317539 4815336 VLLM::Worker_TP
1317538 4813096 VLLM::Worker_TP
3193690 2321860 ray::AgentLoopW
3193693 2242816 ray::AgentLoopW
3193691 2242668 ray::AgentLoopW
== 2026-09-05T09:19:05+09:00
Mem:            1007         709         295         368         376         298
    PID   RSS COMMAND
3187252 87686888 VLLM::Worker
3187253 87685324 VLLM::Worker
3187251 87683164 VLLM::Worker
3187250 87678436 VLLM::Worker
3118611 63917260 ray::WorkerDict
3118614 63819368 ray::WorkerDict
3118613 63752944 ray::WorkerDict
3118612 63695768 ray::WorkerDict
1317539 4815336 VLLM::Worker_TP
1317538 4813096 VLLM::Worker_TP
3193690 2321860 ray::AgentLoopW
3193693 2242816 ray::AgentLoopW
3193691 2242668 ray::AgentLoopW
== 2026-09-05T09:19:25+09:00
Mem:            1007         709         295         368         376         298
    PID   RSS COMMAND
3187252 87686888 VLLM::Worker
3187253 87685324 VLLM::Worker
3187251 87683164 VLLM::Worker
3187250 87678436 VLLM::Worker
3118611 63917260 ray::WorkerDict
3118614 63819368 ray::WorkerDict
3118613 63752944 ray::WorkerDict
3118612 63695768 ray::WorkerDict
1317539 4815336 VLLM::Worker_TP
1317538 4813096 VLLM::Worker_TP
3193690 2321860 ray::AgentLoopW
3193693 2242816 ray::AgentLoopW
3193691 2242668 ray::AgentLoopW
== 2026-09-05T09:19:45+09:00
Mem:            1007         709         295         368         376         298
    PID   RSS COMMAND
3187252 87686888 VLLM::Worker
3187253 87685324 VLLM::Worker
3187251 87683164 VLLM::Worker
3187250 87678436 VLLM::Worker
3118611 63917260 ray::WorkerDict
3118614 63819368 ray::WorkerDict
3118613 63752944 ray::WorkerDict
3118612 63695768 ray::WorkerDict
1317539 4815336 VLLM::Worker_TP
1317538 4813096 VLLM::Worker_TP
3193690 2321860 ray::AgentLoopW
3193693 2242816 ray::AgentLoopW
3193691 2242668 ray::AgentLoopW
== 2026-09-05T09:20:05+09:00
Mem:            1007         709         295         368         376         298
    PID   RSS COMMAND
3187252 87686888 VLLM::Worker
3187253 87685324 VLLM::Worker
3187251 87683164 VLLM::Worker
3187250 87678436 VLLM::Worker
3118611 63917260 ray::WorkerDict
3118614 63819368 ray::WorkerDict
3118613 63752944 ray::WorkerDict
3118612 63695768 ray::WorkerDict
1317539 4815336 VLLM::Worker_TP
1317538 4813096 VLLM::Worker_TP
3193690 2321860 ray::AgentLoopW
3193693 2242816 ray::AgentLoopW
3193691 2242668 ray::AgentLoopW
== 2026-09-05T09:20:25+09:00
Mem:            1007         700         304         368         376         307
    PID   RSS COMMAND
3187252 87686888 VLLM::Worker
3187253 87686092 VLLM::Worker
3187251 87683164 VLLM::Worker
3187250 87678436 VLLM::Worker
3118611 61490120 ray::WorkerDict
3118614 61393036 ray::WorkerDict
3118613 61326812 ray::WorkerDict
3118612 61270448 ray::WorkerDict
1317539 4815336 VLLM::Worker_TP
1317538 4813096 VLLM::Worker_TP
3193690 2321860 ray::AgentLoopW
3193693 2242816 ray::AgentLoopW
3193691 2242668 ray::AgentLoopW
== 2026-09-05T09:20:45+09:00
Mem:            1007         481         523         368         376         526
    PID   RSS COMMAND
3187252 87686888 VLLM::Worker
3187253 87686092 VLLM::Worker
3187251 87683164 VLLM::Worker
3187250 87678436 VLLM::Worker
1317539 4815336 VLLM::Worker_TP
1317538 4813096 VLLM::Worker_TP
3118611 4290196 ray::WorkerDict
3118613 4126120 ray::WorkerDict
3118612 4070524 ray::WorkerDict
3118614 3946944 ray::WorkerDict
3193690 2321860 ray::AgentLoopW
3193693 2242816 ray::AgentLoopW
3193691 2242668 ray::AgentLoopW
== 2026-09-05T09:21:05+09:00
Mem:            1007         481         522         368         376         525
    PID   RSS COMMAND
3187252 87686888 VLLM::Worker
3187253 87686092 VLLM::Worker
3187251 87683164 VLLM::Worker
3187250 87678436 VLLM::Worker
1317539 4824552 VLLM::Worker_TP
1317538 4823080 VLLM::Worker_TP
3118611 4292572 ray::WorkerDict
3118613 4129592 ray::WorkerDict
3118612 4074076 ray::WorkerDict
3118614 3950124 ray::WorkerDict
3193690 2321860 ray::AgentLoopW
3193693 2242816 ray::AgentLoopW
3193691 2242668 ray::AgentLoopW
== 2026-09-05T09:21:25+09:00
Mem:            1007         481         523         368         376         526
    PID   RSS COMMAND
3187252 87686888 VLLM::Worker
3187253 87686092 VLLM::Worker
3187251 87683164 VLLM::Worker
3187250 87678436 VLLM::Worker
1317539 4826856 VLLM::Worker_TP
1317538 4823848 VLLM::Worker_TP
3118611 4292572 ray::WorkerDict
3118613 4129592 ray::WorkerDict
3118612 4074076 ray::WorkerDict
3118614 3950124 ray::WorkerDict
3193690 2321860 ray::AgentLoopW
3193693 2242816 ray::AgentLoopW
3193691 2242668 ray::AgentLoopW
== 2026-09-05T09:21:45+09:00
Mem:            1007         481         523         368         376         526
    PID   RSS COMMAND
3187252 87686888 VLLM::Worker
3187253 87686092 VLLM::Worker
3187251 87683164 VLLM::Worker
3187250 87678436 VLLM::Worker
1317539 4826856 VLLM::Worker_TP
1317538 4823848 VLLM::Worker_TP
3118611 4292572 ray::WorkerDict
3118613 4129592 ray::WorkerDict
3118612 4074076 ray::WorkerDict
3118614 3950124 ray::WorkerDict
3193690 2321860 ray::AgentLoopW
3193693 2242816 ray::AgentLoopW
3193691 2242668 ray::AgentLoopW
== 2026-09-05T09:22:05+09:00
Mem:            1007         481         523         368         376         526
    PID   RSS COMMAND
3187252 87686888 VLLM::Worker
3187253 87686092 VLLM::Worker
3187251 87683164 VLLM::Worker
3187250 87678436 VLLM::Worker
1317539 4826856 VLLM::Worker_TP
1317538 4823848 VLLM::Worker_TP
3118611 4292572 ray::WorkerDict
3118613 4129592 ray::WorkerDict
3118612 4074076 ray::WorkerDict
3118614 3950124 ray::WorkerDict
3193690 2321860 ray::AgentLoopW
3193693 2242816 ray::AgentLoopW
3193691 2242668 ray::AgentLoopW
== 2026-09-05T09:22:25+09:00
Mem:            1007         481         523         368         376         526
    PID   RSS COMMAND
3187252 87689960 VLLM::Worker
3187253 87687628 VLLM::Worker
3187251 87685468 VLLM::Worker
3187250 87679972 VLLM::Worker
1317539 4826856 VLLM::Worker_TP
1317538 4823848 VLLM::Worker_TP
3118611 4292572 ray::WorkerDict
3118613 4129592 ray::WorkerDict
3118612 4074076 ray::WorkerDict
3118614 3950124 ray::WorkerDict
3193690 2321860 ray::AgentLoopW
3193693 2242816 ray::AgentLoopW
3193691 2242668 ray::AgentLoopW
== 2026-09-05T09:22:45+09:00
Mem:            1007         558         446         368         376         449
    PID   RSS COMMAND
3187252 87689960 VLLM::Worker
3187253 87687628 VLLM::Worker
3187251 87685468 VLLM::Worker
3187250 87679972 VLLM::Worker
3118611 24864144 ray::WorkerDict
3118612 24644832 ray::WorkerDict
3118613 24046764 ray::WorkerDict
3118614 23857040 ray::WorkerDict
1317539 4826856 VLLM::Worker_TP
1317538 4823848 VLLM::Worker_TP
3193690 2321860 ray::AgentLoopW
3193693 2242816 ray::AgentLoopW
3193691 2242668 ray::AgentLoopW
== 2026-09-05T09:23:05+09:00
Mem:            1007         690         314         368         376         317
    PID   RSS COMMAND
3187252 87689960 VLLM::Worker
3187253 87687628 VLLM::Worker
3187251 87685468 VLLM::Worker
3187250 87679972 VLLM::Worker
3118611 59075276 ray::WorkerDict
3118613 58910860 ray::WorkerDict
3118612 58855040 ray::WorkerDict
3118614 58730608 ray::WorkerDict
1317539 4826856 VLLM::Worker_TP
1317538 4823848 VLLM::Worker_TP
3193690 2321860 ray::AgentLoopW
3193693 2242816 ray::AgentLoopW
3193691 2242668 ray::AgentLoopW
== 2026-09-05T09:23:26+09:00
Mem:            1007         710         293         368         376         296
    PID   RSS COMMAND
3187252 87683816 VLLM::Worker
3187253 87681484 VLLM::Worker
3187251 87679324 VLLM::Worker
3187250 87673828 VLLM::Worker
3118611 64683840 ray::WorkerDict
3118613 64397200 ray::WorkerDict
3118614 64039540 ray::WorkerDict
3118612 63927716 ray::WorkerDict
1317539 4826856 VLLM::Worker_TP
1317538 4823848 VLLM::Worker_TP
3193690 2319556 ray::AgentLoopW
3193693 2240512 ray::AgentLoopW
3193691 2240364 ray::AgentLoopW
== 2026-09-05T09:23:46+09:00
Mem:            1007         709         295         368         376         298
    PID   RSS COMMAND
3187252 87683816 VLLM::Worker
3187253 87681484 VLLM::Worker
3187251 87679324 VLLM::Worker
3187250 87673828 VLLM::Worker
3118611 63987756 ray::WorkerDict
3118614 63838604 ray::WorkerDict
3118613 63771540 ray::WorkerDict
3118612 63701156 ray::WorkerDict
1317539 4826856 VLLM::Worker_TP
1317538 4823848 VLLM::Worker_TP
3193690 2319556 ray::AgentLoopW
3193693 2240512 ray::AgentLoopW
3193691 2240364 ray::AgentLoopW
== 2026-09-05T09:24:06+09:00
Mem:            1007         709         294         368         376         297
    PID   RSS COMMAND
3187252 87690728 VLLM::Worker
3187253 87686092 VLLM::Worker
3187251 87683164 VLLM::Worker
3187250 87679972 VLLM::Worker
3118611 63923584 ray::WorkerDict
3118614 63839372 ray::WorkerDict
3118613 63772308 ray::WorkerDict
3118612 63701156 ray::WorkerDict
1317539 4826856 VLLM::Worker_TP
1317538 4823848 VLLM::Worker_TP
3193690 2322628 ray::AgentLoopW
3193691 2314092 ray::AgentLoopW
3193693 2242816 ray::AgentLoopW
== 2026-09-05T09:24:26+09:00
Mem:            1007         709         294         368         376         297
    PID   RSS COMMAND
3187252 87689960 VLLM::Worker
3187251 87682396 VLLM::Worker
3187253 87682252 VLLM::Worker
3187250 87676900 VLLM::Worker
3118611 63920512 ray::WorkerDict
3118614 63836300 ray::WorkerDict
3118613 63770772 ray::WorkerDict
3118612 63698084 ray::WorkerDict
1317539 4826856 VLLM::Worker_TP
1317538 4823848 VLLM::Worker_TP
3193690 2324164 ray::AgentLoopW
3193691 2313324 ray::AgentLoopW
3193693 2242816 ray::AgentLoopW
== 2026-09-05T09:24:46+09:00
Mem:            1007         709         294         368         376         297
    PID   RSS COMMAND
3187252 87690728 VLLM::Worker
3187251 87683932 VLLM::Worker
3187253 87683788 VLLM::Worker
3187250 87679204 VLLM::Worker
3118611 63920512 ray::WorkerDict
3118614 63836300 ray::WorkerDict
3118613 63770772 ray::WorkerDict
3118612 63698084 ray::WorkerDict
1317539 4826856 VLLM::Worker_TP
1317538 4823848 VLLM::Worker_TP
3193690 2324164 ray::AgentLoopW
3193691 2314860 ray::AgentLoopW
3193693 2244352 ray::AgentLoopW
== 2026-09-05T09:25:06+09:00
Mem:            1007         710         293         368         376         297
    PID   RSS COMMAND
3187252 87690728 VLLM::Worker
3187251 87683932 VLLM::Worker
3187253 87683788 VLLM::Worker
3187250 87679204 VLLM::Worker
3118611 63920512 ray::WorkerDict
3118614 63836300 ray::WorkerDict
3118613 63770772 ray::WorkerDict
3118612 63698084 ray::WorkerDict
1317539 4826856 VLLM::Worker_TP
1317538 4823848 VLLM::Worker_TP
3193690 2324932 ray::AgentLoopW
3193691 2314860 ray::AgentLoopW
3193693 2244352 ray::AgentLoopW
== 2026-09-05T09:25:26+09:00
Mem:            1007         710         294         368         376         297
    PID   RSS COMMAND
3187252 87688840 VLLM::Worker
3187251 87683932 VLLM::Worker
3187253 87683788 VLLM::Worker
3187250 87679204 VLLM::Worker
3118611 63920512 ray::WorkerDict
3118614 63836300 ray::WorkerDict
3118613 63770772 ray::WorkerDict
3118612 63698084 ray::WorkerDict
1317539 4826856 VLLM::Worker_TP
1317538 4823848 VLLM::Worker_TP
3193690 2324932 ray::AgentLoopW
3193691 2314860 ray::AgentLoopW
3193693 2244352 ray::AgentLoopW
== 2026-09-05T09:25:46+09:00
Mem:            1007         710         294         368         376         297
    PID   RSS COMMAND
3187252 87688840 VLLM::Worker
3187251 87683932 VLLM::Worker
3187253 87683788 VLLM::Worker
3187250 87679204 VLLM::Worker
3118611 63920512 ray::WorkerDict
3118614 63836300 ray::WorkerDict
3118613 63770772 ray::WorkerDict
3118612 63698084 ray::WorkerDict
1317539 4826856 VLLM::Worker_TP
1317538 4823848 VLLM::Worker_TP
3193690 2324932 ray::AgentLoopW
3193691 2314860 ray::AgentLoopW
3193693 2244352 ray::AgentLoopW
== 2026-09-05T09:26:06+09:00
Mem:            1007         710         294         368         376         297
    PID   RSS COMMAND
3187252 87688840 VLLM::Worker
3187251 87683932 VLLM::Worker
3187253 87683788 VLLM::Worker
3187250 87679204 VLLM::Worker
3118611 63920512 ray::WorkerDict
3118614 63836300 ray::WorkerDict
3118613 63770772 ray::WorkerDict
3118612 63698084 ray::WorkerDict
1317539 4826856 VLLM::Worker_TP
1317538 4823848 VLLM::Worker_TP
3193690 2324932 ray::AgentLoopW
3193691 2314860 ray::AgentLoopW
3193693 2244352 ray::AgentLoopW
== 2026-09-05T09:26:26+09:00
Mem:            1007         710         294         368         376         297
    PID   RSS COMMAND
3187252 87688840 VLLM::Worker
3187251 87683932 VLLM::Worker
3187253 87683788 VLLM::Worker
3187250 87679204 VLLM::Worker
3118611 63920512 ray::WorkerDict
3118614 63836300 ray::WorkerDict
3118613 63770772 ray::WorkerDict
3118612 63698084 ray::WorkerDict
1317539 4826856 VLLM::Worker_TP
1317538 4823848 VLLM::Worker_TP
3193690 2324932 ray::AgentLoopW
3193691 2314860 ray::AgentLoopW
3193693 2244352 ray::AgentLoopW
== 2026-09-05T09:26:46+09:00
Mem:            1007         709         294         368         376         297
    PID   RSS COMMAND
3187252 87688840 VLLM::Worker
3187251 87683932 VLLM::Worker
3187253 87683788 VLLM::Worker
3187250 87679204 VLLM::Worker
3118611 63920512 ray::WorkerDict
3118614 63836300 ray::WorkerDict
3118613 63770772 ray::WorkerDict
3118612 63698084 ray::WorkerDict
1317539 4826856 VLLM::Worker_TP
1317538 4823848 VLLM::Worker_TP
3193690 2324932 ray::AgentLoopW
3193691 2314860 ray::AgentLoopW
3193693 2244352 ray::AgentLoopW
== 2026-09-05T09:27:06+09:00
Mem:            1007         709         294         368         376         297
    PID   RSS COMMAND
3187252 87688840 VLLM::Worker
3187251 87683932 VLLM::Worker
3187253 87683788 VLLM::Worker
3187250 87679204 VLLM::Worker
3118611 63920512 ray::WorkerDict
3118614 63836300 ray::WorkerDict
3118613 63770772 ray::WorkerDict
3118612 63698084 ray::WorkerDict
1317539 4826856 VLLM::Worker_TP
1317538 4823848 VLLM::Worker_TP
3193690 2324932 ray::AgentLoopW
3193691 2314860 ray::AgentLoopW
3193693 2244352 ray::AgentLoopW
== 2026-09-05T09:27:26+09:00
Mem:            1007         709         294         368         376         297
    PID   RSS COMMAND
3187252 87688840 VLLM::Worker
3187251 87683932 VLLM::Worker
3187253 87683788 VLLM::Worker
3187250 87679204 VLLM::Worker
3118611 63920512 ray::WorkerDict
3118614 63836300 ray::WorkerDict
3118613 63770772 ray::WorkerDict
3118612 63698084 ray::WorkerDict
1317539 4826856 VLLM::Worker_TP
1317538 4823848 VLLM::Worker_TP
3193690 2324932 ray::AgentLoopW
3193691 2314860 ray::AgentLoopW
3193693 2244352 ray::AgentLoopW
== 2026-09-05T09:27:46+09:00
Mem:            1007         709         294         368         376         297
    PID   RSS COMMAND
3187252 87689608 VLLM::Worker
3187251 87683932 VLLM::Worker
3187253 87683788 VLLM::Worker
3187250 87679204 VLLM::Worker
3118611 63920512 ray::WorkerDict
3118614 63836300 ray::WorkerDict
3118613 63770772 ray::WorkerDict
3118612 63698084 ray::WorkerDict
1317539 4826856 VLLM::Worker_TP
1317538 4823848 VLLM::Worker_TP
3193690 2324932 ray::AgentLoopW
3193691 2314860 ray::AgentLoopW
3193693 2244352 ray::AgentLoopW
== 2026-09-05T09:28:06+09:00
Mem:            1007         481         522         368         376         525
    PID   RSS COMMAND
3187252 87688496 VLLM::Worker
3187251 87683932 VLLM::Worker
3187253 87683788 VLLM::Worker
3187250 87678240 VLLM::Worker
1317539 4826856 VLLM::Worker_TP
1317538 4823848 VLLM::Worker_TP
3118611 4294224 ray::WorkerDict
3118613 4127736 ray::WorkerDict
3118612 4071848 ray::WorkerDict
3118614 3947116 ray::WorkerDict
3193690 2324932 ray::AgentLoopW
3193691 2314860 ray::AgentLoopW
3193693 2244352 ray::AgentLoopW
== 2026-09-05T09:28:26+09:00
Mem:            1007         481         522         368         376         525
    PID   RSS COMMAND
3187252 87688496 VLLM::Worker
3187251 87683932 VLLM::Worker
3187253 87683788 VLLM::Worker
3187250 87678240 VLLM::Worker
1317539 4826856 VLLM::Worker_TP
1317538 4823848 VLLM::Worker_TP
3118611 4294224 ray::WorkerDict
3118613 4127736 ray::WorkerDict
3118612 4071848 ray::WorkerDict
3118614 3947116 ray::WorkerDict
3193690 2324932 ray::AgentLoopW
3193691 2314860 ray::AgentLoopW
3193693 2244352 ray::AgentLoopW
== 2026-09-05T09:28:46+09:00
Mem:            1007         481         522         368         376         525
    PID   RSS COMMAND
3187252 87688496 VLLM::Worker
3187251 87683932 VLLM::Worker
3187253 87683788 VLLM::Worker
3187250 87678240 VLLM::Worker
1317539 4826856 VLLM::Worker_TP
1317538 4823848 VLLM::Worker_TP
3118611 4294224 ray::WorkerDict
3118613 4127736 ray::WorkerDict
3118612 4071848 ray::WorkerDict
3118614 3947116 ray::WorkerDict
3193690 2324932 ray::AgentLoopW
3193691 2314860 ray::AgentLoopW
3193693 2244352 ray::AgentLoopW
== 2026-09-05T09:29:06+09:00
Mem:            1007         481         522         368         376         525
    PID   RSS COMMAND
3187252 87688496 VLLM::Worker
3187251 87683932 VLLM::Worker
3187253 87683788 VLLM::Worker
3187250 87678240 VLLM::Worker
1317539 4826856 VLLM::Worker_TP
1317538 4823848 VLLM::Worker_TP
3118611 4296292 ray::WorkerDict
3118613 4129896 ray::WorkerDict
3118612 4073336 ray::WorkerDict
3118614 3949268 ray::WorkerDict
3193690 2324932 ray::AgentLoopW
3193691 2314860 ray::AgentLoopW
3193693 2244352 ray::AgentLoopW
== 2026-09-05T09:29:26+09:00
Mem:            1007         481         522         368         376         525
    PID   RSS COMMAND
3187252 87688496 VLLM::Worker
3187251 87683932 VLLM::Worker
3187253 87683788 VLLM::Worker
3187250 87678240 VLLM::Worker
1317539 4826856 VLLM::Worker_TP
1317538 4823848 VLLM::Worker_TP
3118611 4296292 ray::WorkerDict
3118613 4129896 ray::WorkerDict
3118612 4073336 ray::WorkerDict
3118614 3949268 ray::WorkerDict
3193690 2324932 ray::AgentLoopW
3193691 2314860 ray::AgentLoopW
3193693 2244352 ray::AgentLoopW
== 2026-09-05T09:29:46+09:00
Mem:            1007         481         522         368         376         525
    PID   RSS COMMAND
3187252 87688496 VLLM::Worker
3187251 87683932 VLLM::Worker
3187253 87683788 VLLM::Worker
3187250 87678240 VLLM::Worker
1317539 4826856 VLLM::Worker_TP
1317538 4823848 VLLM::Worker_TP
3118611 4296292 ray::WorkerDict
3118613 4129896 ray::WorkerDict
3118612 4073336 ray::WorkerDict
3118614 3949268 ray::WorkerDict
3193690 2324932 ray::AgentLoopW
3193691 2314860 ray::AgentLoopW
3193693 2244352 ray::AgentLoopW
== 2026-09-05T09:30:06+09:00
Mem:            1007         481         522         368         376         525
    PID   RSS COMMAND
3187252 87688496 VLLM::Worker
3187251 87683932 VLLM::Worker
3187253 87683788 VLLM::Worker
3187250 87678240 VLLM::Worker
1317539 4826856 VLLM::Worker_TP
1317538 4823848 VLLM::Worker_TP
3118611 4296292 ray::WorkerDict
3118613 4129896 ray::WorkerDict
3118612 4073336 ray::WorkerDict
3118614 3949268 ray::WorkerDict
3193690 2324932 ray::AgentLoopW
3193691 2314860 ray::AgentLoopW
3193693 2244352 ray::AgentLoopW
== 2026-09-05T09:30:26+09:00
Mem:            1007         481         522         368         376         525
    PID   RSS COMMAND
3187252 87688496 VLLM::Worker
3187251 87683932 VLLM::Worker
3187253 87683788 VLLM::Worker
3187250 87678240 VLLM::Worker
1317539 4826856 VLLM::Worker_TP
1317538 4823848 VLLM::Worker_TP
3118611 4296292 ray::WorkerDict
3118613 4129896 ray::WorkerDict
3118612 4073336 ray::WorkerDict
3118614 3949268 ray::WorkerDict
3193690 2324932 ray::AgentLoopW
3193691 2314860 ray::AgentLoopW
3193693 2244352 ray::AgentLoopW
== 2026-09-05T09:30:46+09:00
Mem:            1007         481         522         368         376         525
    PID   RSS COMMAND
3187252 87688496 VLLM::Worker
3187251 87683932 VLLM::Worker
3187253 87683788 VLLM::Worker
3187250 87678240 VLLM::Worker
1317539 4826856 VLLM::Worker_TP
1317538 4823848 VLLM::Worker_TP
3118611 4296292 ray::WorkerDict
3118613 4129896 ray::WorkerDict
3118612 4073336 ray::WorkerDict
3118614 3949268 ray::WorkerDict
3193690 2324932 ray::AgentLoopW
3193691 2314860 ray::AgentLoopW
3193693 2244352 ray::AgentLoopW
== 2026-09-05T09:31:06+09:00
Mem:            1007         481         522         368         376         525
    PID   RSS COMMAND
3187252 87688496 VLLM::Worker
3187251 87683932 VLLM::Worker
3187253 87683788 VLLM::Worker
3187250 87678240 VLLM::Worker
1317539 4826856 VLLM::Worker_TP
1317538 4823848 VLLM::Worker_TP
3118611 4296292 ray::WorkerDict
3118613 4129896 ray::WorkerDict
3118612 4073336 ray::WorkerDict
3118614 3949268 ray::WorkerDict
3193690 2324932 ray::AgentLoopW
3193691 2314860 ray::AgentLoopW
3193693 2244352 ray::AgentLoopW
== 2026-09-05T09:31:26+09:00
Mem:            1007         481         522         368         376         525
    PID   RSS COMMAND
3187252 87688496 VLLM::Worker
3187251 87683932 VLLM::Worker
3187253 87683788 VLLM::Worker
3187250 87678240 VLLM::Worker
1317539 4826856 VLLM::Worker_TP
1317538 4823848 VLLM::Worker_TP
3118611 4296292 ray::WorkerDict
3118613 4129896 ray::WorkerDict
3118612 4073336 ray::WorkerDict
3118614 3949268 ray::WorkerDict
3193690 2324932 ray::AgentLoopW
3193691 2314860 ray::AgentLoopW
3193693 2244352 ray::AgentLoopW
== 2026-09-05T09:31:46+09:00
Mem:            1007         481         522         368         376         525
    PID   RSS COMMAND
3187252 87688496 VLLM::Worker
3187251 87683932 VLLM::Worker
3187253 87683788 VLLM::Worker
3187250 87678240 VLLM::Worker
1317539 4826856 VLLM::Worker_TP
1317538 4823848 VLLM::Worker_TP
3118611 4296292 ray::WorkerDict
3118613 4129896 ray::WorkerDict
3118612 4074104 ray::WorkerDict
3118614 3949268 ray::WorkerDict
3193690 2324932 ray::AgentLoopW
3193691 2314860 ray::AgentLoopW
3193693 2244352 ray::AgentLoopW
== 2026-09-05T09:32:06+09:00
Mem:            1007         481         522         368         376         525
    PID   RSS COMMAND
3187252 87688496 VLLM::Worker
3187251 87683932 VLLM::Worker
3187253 87683788 VLLM::Worker
3187250 87678240 VLLM::Worker
1317539 4826856 VLLM::Worker_TP
1317538 4823848 VLLM::Worker_TP
3118611 4296292 ray::WorkerDict
3118613 4129896 ray::WorkerDict
3118612 4074104 ray::WorkerDict
3118614 3949268 ray::WorkerDict
3193690 2324932 ray::AgentLoopW
3193691 2314860 ray::AgentLoopW
3193693 2244352 ray::AgentLoopW
== 2026-09-05T09:32:26+09:00
Mem:            1007         509         494         368         376         498
    PID   RSS COMMAND
3187252 87690800 VLLM::Worker
3187251 87685468 VLLM::Worker
3187253 87685324 VLLM::Worker
3187250 87679008 VLLM::Worker
3118611 11597560 ray::WorkerDict
3118612 11375176 ray::WorkerDict
3118613 11186572 ray::WorkerDict
3118614 10990592 ray::WorkerDict
1317539 4826856 VLLM::Worker_TP
1317538 4823848 VLLM::Worker_TP
3193690 2324932 ray::AgentLoopW
3193691 2314860 ray::AgentLoopW
3193693 2244352 ray::AgentLoopW
== 2026-09-05T09:32:46+09:00
Mem:            1007         643         360         368         376         363
    PID   RSS COMMAND
3187252 87690800 VLLM::Worker
3187251 87685468 VLLM::Worker
3187253 87685324 VLLM::Worker
3187250 87679008 VLLM::Worker
3118611 46884220 ray::WorkerDict
3118612 46662912 ray::WorkerDict
3118613 46355596 ray::WorkerDict
3118614 46169608 ray::WorkerDict
1317539 4826856 VLLM::Worker_TP
1317538 4823848 VLLM::Worker_TP
3193690 2324932 ray::AgentLoopW
3193691 2314860 ray::AgentLoopW
3193693 2244352 ray::AgentLoopW
== 2026-09-05T09:33:07+09:00
Mem:            1007         710         293         368         376         297
    PID   RSS COMMAND
3187252 87686960 VLLM::Worker
3187251 87680860 VLLM::Worker
3187253 87680716 VLLM::Worker
3187250 87675936 VLLM::Worker
3118611 64288964 ray::WorkerDict
3118613 64105720 ray::WorkerDict
3118612 63858728 ray::WorkerDict
3118614 63797664 ray::WorkerDict
1317539 4826856 VLLM::Worker_TP
1317538 4823848 VLLM::Worker_TP
3193690 2324164 ray::AgentLoopW
3193691 2313324 ray::AgentLoopW
3193693 2243584 ray::AgentLoopW
== 2026-09-05T09:33:27+09:00
Mem:            1007         710         293         368         376         297
    PID   RSS COMMAND
3187252 87686960 VLLM::Worker
3187251 87680860 VLLM::Worker
3187253 87680716 VLLM::Worker
3187250 87675936 VLLM::Worker
3118613 64180328 ray::WorkerDict
3118614 64014076 ray::WorkerDict
3118611 63922628 ray::WorkerDict
3118612 63698984 ray::WorkerDict
1317539 4826856 VLLM::Worker_TP
1317538 4823848 VLLM::Worker_TP
3193690 2324164 ray::AgentLoopW
3193691 2313324 ray::AgentLoopW
3193693 2243584 ray::AgentLoopW
== 2026-09-05T09:33:47+09:00
Mem:            1007         709         294         368         376         297
    PID   RSS COMMAND
3187252 87691568 VLLM::Worker
3187253 87686092 VLLM::Worker
3187251 87683932 VLLM::Worker
3187250 87679776 VLLM::Worker
3118611 63923396 ray::WorkerDict
3118613 63756976 ray::WorkerDict
3118614 63722744 ray::WorkerDict
3118612 63699752 ray::WorkerDict
1317539 4826856 VLLM::Worker_TP
1317538 4823848 VLLM::Worker_TP
3193691 2453100 ray::AgentLoopW
3193690 2324164 ray::AgentLoopW
3193693 2265088 ray::AgentLoopW
== 2026-09-05T09:34:07+09:00
Mem:            1007         709         294         368         376         297
    PID   RSS COMMAND
3187252 87693872 VLLM::Worker
3187253 87686092 VLLM::Worker
3187251 87684700 VLLM::Worker
3187250 87679776 VLLM::Worker
3118611 63923396 ray::WorkerDict
3118613 63756976 ray::WorkerDict
3118614 63722744 ray::WorkerDict
3118612 63699752 ray::WorkerDict
1317539 4826856 VLLM::Worker_TP
1317538 4823848 VLLM::Worker_TP
3193691 2453100 ray::AgentLoopW
3193690 2324164 ray::AgentLoopW
3193693 2265088 ray::AgentLoopW
== 2026-09-05T09:34:27+09:00
Mem:            1007         710         293         368         377         297
    PID   RSS COMMAND
3187252 87694640 VLLM::Worker
3187253 87686860 VLLM::Worker
3187251 87684700 VLLM::Worker
3187250 87679008 VLLM::Worker
3118611 63923396 ray::WorkerDict
3118613 63756208 ray::WorkerDict
3118614 63721976 ray::WorkerDict
3118612 63699752 ray::WorkerDict
1317539 4826856 VLLM::Worker_TP
1317538 4823848 VLLM::Worker_TP
3193691 2453868 ray::AgentLoopW
3193690 2324164 ray::AgentLoopW
3193693 2265856 ray::AgentLoopW
== 2026-09-05T09:34:47+09:00
Mem:            1007         710         293         368         377         297
    PID   RSS COMMAND
3187252 87692624 VLLM::Worker
3187253 87686860 VLLM::Worker
3187251 87683692 VLLM::Worker
3187250 87679008 VLLM::Worker
3118611 63923396 ray::WorkerDict
3118613 63756208 ray::WorkerDict
3118614 63721976 ray::WorkerDict
3118612 63699752 ray::WorkerDict
1317539 4826856 VLLM::Worker_TP
1317538 4823848 VLLM::Worker_TP
3193691 2463084 ray::AgentLoopW
3193690 2324164 ray::AgentLoopW
3193693 2265856 ray::AgentLoopW
== 2026-09-05T09:35:07+09:00
Mem:            1007         710         293         368         377         297
    PID   RSS COMMAND
3187252 87692624 VLLM::Worker
3187253 87686860 VLLM::Worker
3187251 87683692 VLLM::Worker
3187250 87679008 VLLM::Worker
3118611 63923396 ray::WorkerDict
3118613 63756208 ray::WorkerDict
3118614 63721976 ray::WorkerDict
3118612 63699752 ray::WorkerDict
1317539 4826856 VLLM::Worker_TP
1317538 4823848 VLLM::Worker_TP
3193691 2463084 ray::AgentLoopW
3193690 2324164 ray::AgentLoopW
3193693 2265856 ray::AgentLoopW
== 2026-09-05T09:35:27+09:00
Mem:            1007         709         293         368         377         297
    PID   RSS COMMAND
3187252 87692624 VLLM::Worker
3187253 87686860 VLLM::Worker
3187251 87683692 VLLM::Worker
3187250 87679008 VLLM::Worker
3118611 63923396 ray::WorkerDict
3118613 63756208 ray::WorkerDict
3118614 63721976 ray::WorkerDict
3118612 63699752 ray::WorkerDict
1317539 4826856 VLLM::Worker_TP
1317538 4823848 VLLM::Worker_TP
3193691 2463084 ray::AgentLoopW
3193690 2324164 ray::AgentLoopW
3193693 2265856 ray::AgentLoopW
== 2026-09-05T09:35:47+09:00
Mem:            1007         709         293         368         377         297
    PID   RSS COMMAND
3187252 87692624 VLLM::Worker
3187253 87686860 VLLM::Worker
3187251 87683692 VLLM::Worker
3187250 87679008 VLLM::Worker
3118611 63923396 ray::WorkerDict
3118613 63756208 ray::WorkerDict
3118614 63721976 ray::WorkerDict
3118612 63699752 ray::WorkerDict
1317539 4826856 VLLM::Worker_TP
1317538 4823848 VLLM::Worker_TP
3193691 2463084 ray::AgentLoopW
3193690 2324164 ray::AgentLoopW
3193693 2265856 ray::AgentLoopW
== 2026-09-05T09:36:07+09:00
Mem:            1007         710         293         368         377         297
    PID   RSS COMMAND
3187252 87692624 VLLM::Worker
3187253 87686860 VLLM::Worker
3187251 87683692 VLLM::Worker
3187250 87679008 VLLM::Worker
3118611 63923396 ray::WorkerDict
3118613 63756208 ray::WorkerDict
3118614 63721976 ray::WorkerDict
3118612 63699752 ray::WorkerDict
1317539 4826856 VLLM::Worker_TP
1317538 4823848 VLLM::Worker_TP
3193691 2463084 ray::AgentLoopW
3193690 2324164 ray::AgentLoopW
3193693 2265856 ray::AgentLoopW
== 2026-09-05T09:36:27+09:00
Mem:            1007         709         293         368         377         297
    PID   RSS COMMAND
3187252 87692624 VLLM::Worker
3187253 87686860 VLLM::Worker
3187251 87683692 VLLM::Worker
3187250 87679008 VLLM::Worker
3118611 63923396 ray::WorkerDict
3118613 63756208 ray::WorkerDict
3118614 63721976 ray::WorkerDict
3118612 63699752 ray::WorkerDict
1317539 4826856 VLLM::Worker_TP
1317538 4823848 VLLM::Worker_TP
3193691 2463084 ray::AgentLoopW
3193690 2324164 ray::AgentLoopW
3193693 2265856 ray::AgentLoopW
== 2026-09-05T09:36:47+09:00
Mem:            1007         709         293         368         377         297
    PID   RSS COMMAND
3187252 87692624 VLLM::Worker
3187253 87686860 VLLM::Worker
3187251 87683692 VLLM::Worker
3187250 87679008 VLLM::Worker
3118611 63923396 ray::WorkerDict
3118613 63756208 ray::WorkerDict
3118614 63721976 ray::WorkerDict
3118612 63699752 ray::WorkerDict
1317539 4826856 VLLM::Worker_TP
1317538 4823848 VLLM::Worker_TP
3193691 2463084 ray::AgentLoopW
3193690 2324164 ray::AgentLoopW
3193693 2265856 ray::AgentLoopW
== 2026-09-05T09:37:07+09:00
Mem:            1007         710         293         368         377         297
    PID   RSS COMMAND
3187252 87692624 VLLM::Worker
3187253 87686860 VLLM::Worker
3187251 87683692 VLLM::Worker
3187250 87679008 VLLM::Worker
3118611 63923396 ray::WorkerDict
3118613 63756208 ray::WorkerDict
3118614 63721976 ray::WorkerDict
3118612 63699752 ray::WorkerDict
1317539 4826856 VLLM::Worker_TP
1317538 4823848 VLLM::Worker_TP
3193691 2463084 ray::AgentLoopW
3193690 2324164 ray::AgentLoopW
3193693 2265856 ray::AgentLoopW
== 2026-09-05T09:37:27+09:00
Mem:            1007         482         521         368         377         525
    PID   RSS COMMAND
3187252 87692624 VLLM::Worker
3187253 87686860 VLLM::Worker
3187251 87684460 VLLM::Worker
3187250 87679776 VLLM::Worker
1317539 4826856 VLLM::Worker_TP
1317538 4823848 VLLM::Worker_TP
3118611 4295620 ray::WorkerDict
3118613 4128512 ray::WorkerDict
3118612 4072700 ray::WorkerDict
3118614 3947000 ray::WorkerDict
3193691 2463084 ray::AgentLoopW
3193690 2324164 ray::AgentLoopW
3193693 2265856 ray::AgentLoopW
== 2026-09-05T09:37:47+09:00
Mem:            1007         482         521         368         377         525
    PID   RSS COMMAND
3187252 87692624 VLLM::Worker
3187253 87686860 VLLM::Worker
3187251 87684460 VLLM::Worker
3187250 87679776 VLLM::Worker
1317539 4826856 VLLM::Worker_TP
1317538 4823848 VLLM::Worker_TP
3118611 4296388 ray::WorkerDict
3118613 4128512 ray::WorkerDict
3118612 4074236 ray::WorkerDict
3118614 3947768 ray::WorkerDict
3193691 2463084 ray::AgentLoopW
3193690 2324164 ray::AgentLoopW
3193693 2265856 ray::AgentLoopW
== 2026-09-05T09:38:07+09:00
Mem:            1007         482         521         368         377         525
    PID   RSS COMMAND
3187252 87692624 VLLM::Worker
3187253 87686860 VLLM::Worker
3187251 87684460 VLLM::Worker
3187250 87679776 VLLM::Worker
1317539 4826856 VLLM::Worker_TP
1317538 4823848 VLLM::Worker_TP
3118611 4296388 ray::WorkerDict
3118613 4128512 ray::WorkerDict
3118612 4074236 ray::WorkerDict
3118614 3947768 ray::WorkerDict
3193691 2463084 ray::AgentLoopW
3193690 2324164 ray::AgentLoopW
3193693 2265856 ray::AgentLoopW
== 2026-09-05T09:38:27+09:00
Mem:            1007         482         521         368         377         525
    PID   RSS COMMAND
3187252 87692624 VLLM::Worker
3187253 87686860 VLLM::Worker
3187251 87684460 VLLM::Worker
3187250 87679776 VLLM::Worker
1317539 4826856 VLLM::Worker_TP
1317538 4823848 VLLM::Worker_TP
3118611 4299604 ray::WorkerDict
3118613 4132572 ray::WorkerDict
3118612 4077192 ray::WorkerDict
3118614 3952148 ray::WorkerDict
3193691 2463084 ray::AgentLoopW
3193690 2324164 ray::AgentLoopW
3193693 2265856 ray::AgentLoopW
== 2026-09-05T09:38:47+09:00
Mem:            1007         482         521         368         377         525
    PID   RSS COMMAND
3187252 87692624 VLLM::Worker
3187253 87686860 VLLM::Worker
3187251 87684460 VLLM::Worker
3187250 87679776 VLLM::Worker
1317539 4826856 VLLM::Worker_TP
1317538 4823848 VLLM::Worker_TP
3118611 4299604 ray::WorkerDict
3118613 4132572 ray::WorkerDict
3118612 4077192 ray::WorkerDict
3118614 3952148 ray::WorkerDict
3193691 2463084 ray::AgentLoopW
3193690 2324164 ray::AgentLoopW
3193693 2265856 ray::AgentLoopW
== 2026-09-05T09:39:07+09:00
Mem:            1007         482         521         368         377         525
    PID   RSS COMMAND
3187252 87692624 VLLM::Worker
3187253 87686860 VLLM::Worker
3187251 87684460 VLLM::Worker
3187250 87679776 VLLM::Worker
1317539 4826856 VLLM::Worker_TP
1317538 4823848 VLLM::Worker_TP
3118611 4299604 ray::WorkerDict
3118613 4132572 ray::WorkerDict
3118612 4077192 ray::WorkerDict
3118614 3952148 ray::WorkerDict
3193691 2463084 ray::AgentLoopW
3193690 2324164 ray::AgentLoopW
3193693 2265856 ray::AgentLoopW
== 2026-09-05T09:39:27+09:00
Mem:            1007         482         521         368         377         525
    PID   RSS COMMAND
3187252 87692624 VLLM::Worker
3187253 87686860 VLLM::Worker
3187251 87684460 VLLM::Worker
3187250 87679776 VLLM::Worker
1317539 4826856 VLLM::Worker_TP
1317538 4823848 VLLM::Worker_TP
3118611 4299604 ray::WorkerDict
3118613 4132572 ray::WorkerDict
3118612 4077192 ray::WorkerDict
3118614 3952148 ray::WorkerDict
3193691 2463084 ray::AgentLoopW
3193690 2324164 ray::AgentLoopW
3193693 2265856 ray::AgentLoopW
== 2026-09-05T09:39:47+09:00
Mem:            1007         482         521         368         377         525
    PID   RSS COMMAND
3187252 87692624 VLLM::Worker
3187253 87686860 VLLM::Worker
3187251 87684460 VLLM::Worker
3187250 87679776 VLLM::Worker
1317539 4826856 VLLM::Worker_TP
1317538 4823848 VLLM::Worker_TP
3118611 4299604 ray::WorkerDict
3118613 4132572 ray::WorkerDict
3118612 4077960 ray::WorkerDict
3118614 3952148 ray::WorkerDict
3193691 2463084 ray::AgentLoopW
3193690 2324164 ray::AgentLoopW
3193693 2265856 ray::AgentLoopW
== 2026-09-05T09:40:07+09:00
Mem:            1007         482         520         368         377         525
    PID   RSS COMMAND
3187252 87692624 VLLM::Worker
3187253 87686860 VLLM::Worker
3187251 87684460 VLLM::Worker
3187250 87679776 VLLM::Worker
1317539 4826856 VLLM::Worker_TP
1317538 4823848 VLLM::Worker_TP
3118611 4299604 ray::WorkerDict
3118613 4132572 ray::WorkerDict
3118612 4077960 ray::WorkerDict
3118614 3952148 ray::WorkerDict
3193691 2463084 ray::AgentLoopW
3193690 2324164 ray::AgentLoopW
3193693 2265856 ray::AgentLoopW
== 2026-09-05T09:40:27+09:00
Mem:            1007         482         520         368         377         525
    PID   RSS COMMAND
3187252 87692624 VLLM::Worker
3187253 87686860 VLLM::Worker
3187251 87684460 VLLM::Worker
3187250 87679776 VLLM::Worker
1317539 4826856 VLLM::Worker_TP
1317538 4823848 VLLM::Worker_TP
3118611 4299604 ray::WorkerDict
3118613 4132572 ray::WorkerDict
3118612 4077960 ray::WorkerDict
3118614 3952148 ray::WorkerDict
3193691 2463084 ray::AgentLoopW
3193690 2324164 ray::AgentLoopW
3193693 2265856 ray::AgentLoopW
== 2026-09-05T09:40:47+09:00
Mem:            1007         482         520         368         377         525
    PID   RSS COMMAND
3187252 87692624 VLLM::Worker
3187253 87686860 VLLM::Worker
3187251 87684460 VLLM::Worker
3187250 87679776 VLLM::Worker
1317539 4826856 VLLM::Worker_TP
1317538 4823848 VLLM::Worker_TP
3118611 4299604 ray::WorkerDict
3118613 4132572 ray::WorkerDict
3118612 4077960 ray::WorkerDict
3118614 3952148 ray::WorkerDict
3193691 2463084 ray::AgentLoopW
3193690 2324164 ray::AgentLoopW
3193693 2265856 ray::AgentLoopW
== 2026-09-05T09:41:07+09:00
Mem:            1007         482         520         368         377         525
    PID   RSS COMMAND
3187252 87691848 VLLM::Worker
3187253 87686076 VLLM::Worker
3187251 87683680 VLLM::Worker
3187250 87678920 VLLM::Worker
1317539 4824012 VLLM::Worker_TP
1317538 4821204 VLLM::Worker_TP
3118611 4298688 ray::WorkerDict
3118613 4133104 ray::WorkerDict
3118612 4077020 ray::WorkerDict
3118614 3951980 ray::WorkerDict
3193691 2463084 ray::AgentLoopW
3193690 2324164 ray::AgentLoopW
3193693 2265856 ray::AgentLoopW
== 2026-09-05T09:41:27+09:00
Mem:            1007         482         521         368         377         525
    PID   RSS COMMAND
3187252 87685732 VLLM::Worker
3187253 87680796 VLLM::Worker
3187251 87678376 VLLM::Worker
3187250 87673504 VLLM::Worker
1317539 4824012 VLLM::Worker_TP
1317538 4819668 VLLM::Worker_TP
3118611 4292728 ray::WorkerDict
3118613 4125264 ray::WorkerDict
3118612 4068160 ray::WorkerDict
3118614 3945324 ray::WorkerDict
3193691 2458944 ray::AgentLoopW
3193690 2315132 ray::AgentLoopW
3193693 2258576 ray::AgentLoopW
== 2026-09-05T09:41:47+09:00
Mem:            1007         482         521         368         377         525
    PID   RSS COMMAND
3187252 87685732 VLLM::Worker
3187253 87680796 VLLM::Worker
3187251 87678376 VLLM::Worker
3187250 87673504 VLLM::Worker
1317539 4824012 VLLM::Worker_TP
1317538 4819668 VLLM::Worker_TP
3118611 4294264 ray::WorkerDict
3118613 4126032 ray::WorkerDict
3118612 4069696 ray::WorkerDict
3118614 3946092 ray::WorkerDict
3193691 2458944 ray::AgentLoopW
3193690 2315132 ray::AgentLoopW
3193693 2258576 ray::AgentLoopW
== 2026-09-05T09:42:07+09:00
Mem:            1007         508         494         368         377         498
    PID   RSS COMMAND
3187252 87686500 VLLM::Worker
3187253 87681564 VLLM::Worker
3187251 87678376 VLLM::Worker
3187250 87675040 VLLM::Worker
3118611 11599368 ray::WorkerDict
3118612 11372552 ray::WorkerDict
3118613 10728384 ray::WorkerDict
3118614 10546568 ray::WorkerDict
1317539 4824012 VLLM::Worker_TP
1317538 4819668 VLLM::Worker_TP
3193691 2458944 ray::AgentLoopW
3193690 2315132 ray::AgentLoopW
3193693 2258576 ray::AgentLoopW
== 2026-09-05T09:42:27+09:00
Mem:            1007         643         360         368         377         364
    PID   RSS COMMAND
3187252 87689572 VLLM::Worker
3187253 87684636 VLLM::Worker
3187251 87681448 VLLM::Worker
3187250 87677344 VLLM::Worker
3118611 46767500 ray::WorkerDict
3118612 46539712 ray::WorkerDict
3118613 46233544 ray::WorkerDict
3118614 46054320 ray::WorkerDict
1317539 4824012 VLLM::Worker_TP
1317538 4819668 VLLM::Worker_TP
3193691 2458944 ray::AgentLoopW
3193690 2315132 ray::AgentLoopW
3193693 2258576 ray::AgentLoopW
== 2026-09-05T09:42:47+09:00
Mem:            1007         710         292         368         377         296
    PID   RSS COMMAND
3187252 87688036 VLLM::Worker
3187253 87683100 VLLM::Worker
3187251 87679912 VLLM::Worker
3187250 87675808 VLLM::Worker
3118613 64150948 ray::WorkerDict
3118611 64131796 ray::WorkerDict
3118612 64122400 ray::WorkerDict
3118614 64067328 ray::WorkerDict
1317539 4824012 VLLM::Worker_TP
1317538 4819668 VLLM::Worker_TP
3193691 2458944 ray::AgentLoopW
3193690 2315132 ray::AgentLoopW
3193693 2258576 ray::AgentLoopW
== 2026-09-05T09:43:08+09:00
Mem:            1007         710         292         368         377         296
    PID   RSS COMMAND
3187252 87688036 VLLM::Worker
3187253 87683100 VLLM::Worker
3187251 87679912 VLLM::Worker
3187250 87675808 VLLM::Worker
3118613 64463852 ray::WorkerDict
3118611 64041440 ray::WorkerDict
3118614 63932616 ray::WorkerDict
3118612 63699924 ray::WorkerDict
1317539 4824012 VLLM::Worker_TP
1317538 4819668 VLLM::Worker_TP
3193691 2458944 ray::AgentLoopW
3193690 2315132 ray::AgentLoopW
3193693 2258576 ray::AgentLoopW
== 2026-09-05T09:43:28+09:00
Mem:            1007         710         293         368         377         297
    PID   RSS COMMAND
3187252 87693412 VLLM::Worker
3187253 87688476 VLLM::Worker
3187251 87684520 VLLM::Worker
3187250 87679648 VLLM::Worker
3118611 63927512 ray::WorkerDict
3118613 63874296 ray::WorkerDict
3118612 63701460 ray::WorkerDict
3118614 63579320 ray::WorkerDict
1317539 4824012 VLLM::Worker_TP
1317538 4819668 VLLM::Worker_TP
3193691 2445000 ray::AgentLoopW
3193693 2415672 ray::AgentLoopW
3193690 2321276 ray::AgentLoopW
== 2026-09-05T09:43:48+09:00
Mem:            1007         710         293         368         377         297
    PID   RSS COMMAND
3187252 87698788 VLLM::Worker
3187251 87690664 VLLM::Worker
3187253 87689244 VLLM::Worker
3187250 87680416 VLLM::Worker
3118611 63927512 ray::WorkerDict
3118613 63874296 ray::WorkerDict
3118612 63701460 ray::WorkerDict
3118614 63579320 ray::WorkerDict
1317539 4824012 VLLM::Worker_TP
1317538 4819668 VLLM::Worker_TP
3193691 2445000 ray::AgentLoopW
3193693 2415672 ray::AgentLoopW
3193690 2321276 ray::AgentLoopW
== 2026-09-05T09:44:08+09:00
Mem:            1007         710         292         368         377         296
    PID   RSS COMMAND
3187252 87701860 VLLM::Worker
3187251 87690664 VLLM::Worker
3187253 87689244 VLLM::Worker
3187250 87680416 VLLM::Worker
3118611 63927512 ray::WorkerDict
3118613 63874296 ray::WorkerDict
3118612 63701460 ray::WorkerDict
3118614 63579320 ray::WorkerDict
1317539 4824012 VLLM::Worker_TP
1317538 4819668 VLLM::Worker_TP
3193691 2445808 ray::AgentLoopW
3193693 2417208 ray::AgentLoopW
3193690 2322812 ray::AgentLoopW
== 2026-09-05T09:44:28+09:00
Mem:            1007         710         292         368         377         296
    PID   RSS COMMAND
3187252 87700876 VLLM::Worker
3187251 87690664 VLLM::Worker
3187253 87689244 VLLM::Worker
3187250 87680416 VLLM::Worker
3118611 63927512 ray::WorkerDict
3118613 63874296 ray::WorkerDict
3118612 63701460 ray::WorkerDict
3118614 63579320 ray::WorkerDict
1317539 4824012 VLLM::Worker_TP
1317538 4819668 VLLM::Worker_TP
3193691 2446576 ray::AgentLoopW
3193693 2417208 ray::AgentLoopW
3193690 2322812 ray::AgentLoopW
== 2026-09-05T09:44:48+09:00
Mem:            1007         710         291         368         378         296
    PID   RSS COMMAND
3187252 87698860 VLLM::Worker
3187251 87690664 VLLM::Worker
3187253 87689244 VLLM::Worker
3187250 87680416 VLLM::Worker
3118611 63927512 ray::WorkerDict
3118613 63874296 ray::WorkerDict
3118612 63701460 ray::WorkerDict
3118614 63579320 ray::WorkerDict
1317539 4824012 VLLM::Worker_TP
1317538 4819668 VLLM::Worker_TP
3193691 2447344 ray::AgentLoopW
3193693 2417208 ray::AgentLoopW
3193690 2322812 ray::AgentLoopW
== 2026-09-05T09:45:08+09:00
Mem:            1007         710         292         368         378         296
    PID   RSS COMMAND
3187252 87695836 VLLM::Worker
3187253 87688276 VLLM::Worker
3187251 87687644 VLLM::Worker
3187250 87680416 VLLM::Worker
3118611 63927512 ray::WorkerDict
3118613 63874296 ray::WorkerDict
3118612 63701460 ray::WorkerDict
3118614 63579320 ray::WorkerDict
1317539 4824012 VLLM::Worker_TP
1317538 4819668 VLLM::Worker_TP
3193691 2447344 ray::AgentLoopW
3193693 2414552 ray::AgentLoopW
3193690 2322812 ray::AgentLoopW
== 2026-09-05T09:45:28+09:00
Mem:            1007         710         292         368         378         296
    PID   RSS COMMAND
3187252 87695836 VLLM::Worker
3187253 87688276 VLLM::Worker
3187251 87687644 VLLM::Worker
3187250 87680416 VLLM::Worker
3118611 63927512 ray::WorkerDict
3118613 63874296 ray::WorkerDict
3118612 63701460 ray::WorkerDict
3118614 63579320 ray::WorkerDict
1317539 4824012 VLLM::Worker_TP
1317538 4819668 VLLM::Worker_TP
3193691 2447344 ray::AgentLoopW
3193693 2414552 ray::AgentLoopW
3193690 2322812 ray::AgentLoopW
== 2026-09-05T09:45:48+09:00
Mem:            1007         710         292         368         378         296
    PID   RSS COMMAND
3187252 87695836 VLLM::Worker
3187253 87688276 VLLM::Worker
3187251 87687644 VLLM::Worker
3187250 87680416 VLLM::Worker
3118611 63927512 ray::WorkerDict
3118613 63874296 ray::WorkerDict
3118612 63701460 ray::WorkerDict
3118614 63579320 ray::WorkerDict
1317539 4824012 VLLM::Worker_TP
1317538 4819668 VLLM::Worker_TP
3193691 2447344 ray::AgentLoopW
3193693 2414552 ray::AgentLoopW
3193690 2322812 ray::AgentLoopW
== 2026-09-05T09:46:08+09:00
Mem:            1007         710         291         368         378         296
    PID   RSS COMMAND
3187252 87695836 VLLM::Worker
3187253 87688276 VLLM::Worker
3187251 87687644 VLLM::Worker
3187250 87680416 VLLM::Worker
3118611 63927512 ray::WorkerDict
3118613 63874296 ray::WorkerDict
3118612 63701460 ray::WorkerDict
3118614 63579320 ray::WorkerDict
1317539 4824012 VLLM::Worker_TP
1317538 4819668 VLLM::Worker_TP
3193691 2447344 ray::AgentLoopW
3193693 2414552 ray::AgentLoopW
3193690 2322812 ray::AgentLoopW
== 2026-09-05T09:46:28+09:00
Mem:            1007         710         291         368         378         296
    PID   RSS COMMAND
3187252 87695836 VLLM::Worker
3187253 87688276 VLLM::Worker
3187251 87687644 VLLM::Worker
3187250 87680416 VLLM::Worker
3118611 63927512 ray::WorkerDict
3118613 63874296 ray::WorkerDict
3118612 63701460 ray::WorkerDict
3118614 63579320 ray::WorkerDict
1317539 4824012 VLLM::Worker_TP
1317538 4819668 VLLM::Worker_TP
3193691 2448112 ray::AgentLoopW
3193693 2414552 ray::AgentLoopW
3193690 2322812 ray::AgentLoopW
== 2026-09-05T09:46:48+09:00
Mem:            1007         710         291         368         378         296
    PID   RSS COMMAND
3187252 87693812 VLLM::Worker
3187253 87688276 VLLM::Worker
3187251 87687644 VLLM::Worker
3187250 87680416 VLLM::Worker
3118611 63927512 ray::WorkerDict
3118613 63874296 ray::WorkerDict
3118612 63701460 ray::WorkerDict
3118614 63579320 ray::WorkerDict
1317539 4824012 VLLM::Worker_TP
1317538 4819668 VLLM::Worker_TP
3193691 2448112 ray::AgentLoopW
3193693 2414552 ray::AgentLoopW
3193690 2322812 ray::AgentLoopW
== 2026-09-05T09:47:08+09:00
Mem:            1007         710         291         368         378         296
    PID   RSS COMMAND
3187252 87693812 VLLM::Worker
3187253 87688276 VLLM::Worker
3187251 87687644 VLLM::Worker
3187250 87680416 VLLM::Worker
3118611 63927512 ray::WorkerDict
3118613 63874296 ray::WorkerDict
3118612 63701460 ray::WorkerDict
3118614 63579320 ray::WorkerDict
1317539 4824012 VLLM::Worker_TP
1317538 4819668 VLLM::Worker_TP
3193691 2448112 ray::AgentLoopW
3193693 2414552 ray::AgentLoopW
3193690 2322812 ray::AgentLoopW
== 2026-09-05T09:47:28+09:00
Mem:            1007         710         291         368         378         296
    PID   RSS COMMAND
3187252 87693812 VLLM::Worker
3187253 87688276 VLLM::Worker
3187251 87687644 VLLM::Worker
3187250 87680416 VLLM::Worker
3118611 63927512 ray::WorkerDict
3118613 63874296 ray::WorkerDict
3118612 63701460 ray::WorkerDict
3118614 63579320 ray::WorkerDict
1317539 4824012 VLLM::Worker_TP
1317538 4819668 VLLM::Worker_TP
3193691 2448112 ray::AgentLoopW
3193693 2414552 ray::AgentLoopW
3193690 2322812 ray::AgentLoopW
== 2026-09-05T09:47:48+09:00
Mem:            1007         710         291         368         378         296
    PID   RSS COMMAND
3187252 87693812 VLLM::Worker
3187253 87688276 VLLM::Worker
3187251 87687644 VLLM::Worker
3187250 87680416 VLLM::Worker
3118611 63927512 ray::WorkerDict
3118613 63874296 ray::WorkerDict
3118612 63701460 ray::WorkerDict
3118614 63579320 ray::WorkerDict
1317539 4824012 VLLM::Worker_TP
1317538 4819668 VLLM::Worker_TP
3193691 2448112 ray::AgentLoopW
3193693 2414552 ray::AgentLoopW
3193690 2322812 ray::AgentLoopW
== 2026-09-05T09:48:08+09:00
Mem:            1007         710         291         368         378         296
    PID   RSS COMMAND
3187252 87693812 VLLM::Worker
3187253 87688276 VLLM::Worker
3187251 87687644 VLLM::Worker
3187250 87680416 VLLM::Worker
3118611 63927512 ray::WorkerDict
3118613 63874296 ray::WorkerDict
3118612 63701460 ray::WorkerDict
3118614 63579320 ray::WorkerDict
1317539 4824012 VLLM::Worker_TP
1317538 4819668 VLLM::Worker_TP
3193691 2448112 ray::AgentLoopW
3193693 2414552 ray::AgentLoopW
3193690 2322812 ray::AgentLoopW
== 2026-09-05T09:48:28+09:00
Mem:            1007         710         291         368         378         296
    PID   RSS COMMAND
3187252 87693812 VLLM::Worker
3187253 87688276 VLLM::Worker
3187251 87687644 VLLM::Worker
3187250 87680416 VLLM::Worker
3118611 63927512 ray::WorkerDict
3118613 63874296 ray::WorkerDict
3118612 63701460 ray::WorkerDict
3118614 63579320 ray::WorkerDict
1317539 4824012 VLLM::Worker_TP
1317538 4819668 VLLM::Worker_TP
3193691 2448112 ray::AgentLoopW
3193693 2414552 ray::AgentLoopW
3193690 2322812 ray::AgentLoopW
== 2026-09-05T09:48:48+09:00
Mem:            1007         710         291         368         378         296
    PID   RSS COMMAND
3187252 87693812 VLLM::Worker
3187253 87688276 VLLM::Worker
3187251 87687644 VLLM::Worker
3187250 87680416 VLLM::Worker
3118611 63927512 ray::WorkerDict
3118613 63874296 ray::WorkerDict
3118612 63701460 ray::WorkerDict
3118614 63579320 ray::WorkerDict
1317539 4824012 VLLM::Worker_TP
1317538 4819668 VLLM::Worker_TP
3193691 2448112 ray::AgentLoopW
3193693 2414552 ray::AgentLoopW
3193690 2322812 ray::AgentLoopW
== 2026-09-05T09:49:08+09:00
Mem:            1007         710         291         368         378         296
    PID   RSS COMMAND
3187252 87692912 VLLM::Worker
3187253 87687308 VLLM::Worker
3187251 87686816 VLLM::Worker
3187250 87679528 VLLM::Worker
3118611 63925936 ray::WorkerDict
3118613 63872724 ray::WorkerDict
3118612 63699888 ray::WorkerDict
3118614 63577748 ray::WorkerDict
1317539 4824012 VLLM::Worker_TP
1317538 4819668 VLLM::Worker_TP
3193691 2447236 ray::AgentLoopW
3193693 2412964 ray::AgentLoopW
3193690 2321940 ray::AgentLoopW
== 2026-09-05T09:49:28+09:00
Mem:            1007         710         291         368         378         296
    PID   RSS COMMAND
3187252 87692912 VLLM::Worker
3187253 87688076 VLLM::Worker
3187251 87686816 VLLM::Worker
3187250 87679528 VLLM::Worker
3118611 63925936 ray::WorkerDict
3118613 63872724 ray::WorkerDict
3118612 63699888 ray::WorkerDict
3118614 63577748 ray::WorkerDict
1317539 4824012 VLLM::Worker_TP
1317538 4821204 VLLM::Worker_TP
3193691 2448772 ray::AgentLoopW
3193693 2412964 ray::AgentLoopW
3193690 2321940 ray::AgentLoopW
== 2026-09-05T09:49:48+09:00
Mem:            1007         710         291         368         378         296
    PID   RSS COMMAND
3187252 87692912 VLLM::Worker
3187253 87688076 VLLM::Worker
3187251 87686816 VLLM::Worker
3187250 87679528 VLLM::Worker
3118611 63925936 ray::WorkerDict
3118613 63872724 ray::WorkerDict
3118612 63699888 ray::WorkerDict
3118614 63577748 ray::WorkerDict
1317539 4824012 VLLM::Worker_TP
1317538 4821204 VLLM::Worker_TP
3193691 2448772 ray::AgentLoopW
3193693 2412964 ray::AgentLoopW
3193690 2321940 ray::AgentLoopW
== 2026-09-05T09:50:08+09:00
Mem:            1007         710         291         368         378         296
    PID   RSS COMMAND
3187252 87692912 VLLM::Worker
3187253 87688076 VLLM::Worker
3187251 87686816 VLLM::Worker
3187250 87679528 VLLM::Worker
3118611 63925936 ray::WorkerDict
3118613 63872724 ray::WorkerDict
3118612 63699888 ray::WorkerDict
3118614 63577748 ray::WorkerDict
1317539 4824012 VLLM::Worker_TP
1317538 4821204 VLLM::Worker_TP
3193691 2448772 ray::AgentLoopW
3193693 2412964 ray::AgentLoopW
3193690 2321940 ray::AgentLoopW
== 2026-09-05T09:50:28+09:00
Mem:            1007         710         291         368         378         296
    PID   RSS COMMAND
3187252 87692120 VLLM::Worker
3187253 87687276 VLLM::Worker
3187251 87686016 VLLM::Worker
3187250 87678728 VLLM::Worker
3118611 63925016 ray::WorkerDict
3118613 63872724 ray::WorkerDict
3118612 63699888 ray::WorkerDict
3118614 63577748 ray::WorkerDict
1317539 4824012 VLLM::Worker_TP
1317538 4821204 VLLM::Worker_TP
3193691 2448772 ray::AgentLoopW
3193693 2412964 ray::AgentLoopW
3193690 2321940 ray::AgentLoopW
== 2026-09-05T09:50:48+09:00
Mem:            1007         710         291         368         378         296
    PID   RSS COMMAND
3187252 87692120 VLLM::Worker
3187253 87687276 VLLM::Worker
3187251 87686016 VLLM::Worker
3187250 87678728 VLLM::Worker
3118611 63925016 ray::WorkerDict
3118613 63872724 ray::WorkerDict
3118612 63699888 ray::WorkerDict
3118614 63577748 ray::WorkerDict
1317539 4824012 VLLM::Worker_TP
1317538 4821204 VLLM::Worker_TP
3193691 2448772 ray::AgentLoopW
3193693 2412964 ray::AgentLoopW
3193690 2321940 ray::AgentLoopW
== 2026-09-05T09:51:08+09:00
Mem:            1007         710         291         368         378         296
    PID   RSS COMMAND
3187252 87692120 VLLM::Worker
3187253 87687276 VLLM::Worker
3187251 87686016 VLLM::Worker
3187250 87678728 VLLM::Worker
3118611 63925016 ray::WorkerDict
3118613 63872724 ray::WorkerDict
3118612 63699888 ray::WorkerDict
3118614 63577748 ray::WorkerDict
1317539 4824012 VLLM::Worker_TP
1317538 4821204 VLLM::Worker_TP
3193691 2448772 ray::AgentLoopW
3193693 2412964 ray::AgentLoopW
3193690 2321940 ray::AgentLoopW
== 2026-09-05T09:51:28+09:00
Mem:            1007         710         292         368         378         296
    PID   RSS COMMAND
3187252 87692120 VLLM::Worker
3187253 87687276 VLLM::Worker
3187251 87686016 VLLM::Worker
3187250 87678728 VLLM::Worker
3118611 63925016 ray::WorkerDict
3118613 63872724 ray::WorkerDict
3118612 63699888 ray::WorkerDict
3118614 63577748 ray::WorkerDict
1317539 4824012 VLLM::Worker_TP
1317538 4821204 VLLM::Worker_TP
3193691 2448772 ray::AgentLoopW
3193693 2412964 ray::AgentLoopW
3193690 2321940 ray::AgentLoopW
== 2026-09-05T09:51:48+09:00
Mem:            1007         710         292         368         378         296
    PID   RSS COMMAND
3187252 87692120 VLLM::Worker
3187253 87687276 VLLM::Worker
3187251 87686016 VLLM::Worker
3187250 87678728 VLLM::Worker
3118611 63925016 ray::WorkerDict
3118613 63872724 ray::WorkerDict
3118612 63699888 ray::WorkerDict
3118614 63577748 ray::WorkerDict
1317539 4824012 VLLM::Worker_TP
1317538 4821204 VLLM::Worker_TP
3193691 2448772 ray::AgentLoopW
3193693 2412964 ray::AgentLoopW
3193690 2321940 ray::AgentLoopW
== 2026-09-05T09:52:08+09:00
Mem:            1007         710         291         368         378         296
    PID   RSS COMMAND
3187252 87692120 VLLM::Worker
3187253 87687276 VLLM::Worker
3187251 87686016 VLLM::Worker
3187250 87678728 VLLM::Worker
3118611 63925016 ray::WorkerDict
3118613 63872724 ray::WorkerDict
3118612 63699888 ray::WorkerDict
3118614 63577748 ray::WorkerDict
1317539 4824012 VLLM::Worker_TP
1317538 4821204 VLLM::Worker_TP
3193691 2448772 ray::AgentLoopW
3193693 2412148 ray::AgentLoopW
3193690 2321940 ray::AgentLoopW
== 2026-09-05T09:52:28+09:00
Mem:            1007         710         291         368         378         296
    PID   RSS COMMAND
3187252 87693600 VLLM::Worker
3187253 87687980 VLLM::Worker
3187251 87687496 VLLM::Worker
3187250 87680976 VLLM::Worker
3118611 63925016 ray::WorkerDict
3118613 63872724 ray::WorkerDict
3118612 63699888 ray::WorkerDict
3118614 63577748 ray::WorkerDict
1317539 4824012 VLLM::Worker_TP
1317538 4821204 VLLM::Worker_TP
3193691 2448772 ray::AgentLoopW
3193693 2412148 ray::AgentLoopW
3193690 2321940 ray::AgentLoopW
== 2026-09-05T09:52:49+09:00
Mem:            1007         710         292         368         378         296
    PID   RSS COMMAND
3187252 87693600 VLLM::Worker
3187253 87687980 VLLM::Worker
3187251 87687496 VLLM::Worker
3187250 87680208 VLLM::Worker
3118611 63925016 ray::WorkerDict
3118613 63872724 ray::WorkerDict
3118612 63699888 ray::WorkerDict
3118614 63577748 ray::WorkerDict
1317539 4824012 VLLM::Worker_TP
1317538 4820436 VLLM::Worker_TP
3193691 2448772 ray::AgentLoopW
3193693 2412148 ray::AgentLoopW
3193690 2321940 ray::AgentLoopW
== 2026-09-05T09:53:09+09:00
Mem:            1007         710         292         368         378         296
    PID   RSS COMMAND
3187252 87693600 VLLM::Worker
3187253 87687980 VLLM::Worker
3187251 87687496 VLLM::Worker
3187250 87680208 VLLM::Worker
3118611 63925016 ray::WorkerDict
3118613 63872724 ray::WorkerDict
3118612 63699888 ray::WorkerDict
3118614 63577748 ray::WorkerDict
1317539 4824012 VLLM::Worker_TP
1317538 4820436 VLLM::Worker_TP
3193691 2448772 ray::AgentLoopW
3193693 2412148 ray::AgentLoopW
3193690 2321940 ray::AgentLoopW
== 2026-09-05T09:53:29+09:00
Mem:            1007         710         292         368         378         296
    PID   RSS COMMAND
3187252 87693600 VLLM::Worker
3187253 87687980 VLLM::Worker
3187251 87687496 VLLM::Worker
3187250 87680208 VLLM::Worker
3118611 63925016 ray::WorkerDict
3118613 63872724 ray::WorkerDict
3118612 63699888 ray::WorkerDict
3118614 63577748 ray::WorkerDict
1317539 4824012 VLLM::Worker_TP
1317538 4820436 VLLM::Worker_TP
3193691 2448772 ray::AgentLoopW
3193693 2412148 ray::AgentLoopW
3193690 2321940 ray::AgentLoopW
== 2026-09-05T09:53:49+09:00
Mem:            1007         710         292         368         377         296
    PID   RSS COMMAND
3187252 87693600 VLLM::Worker
3187253 87687980 VLLM::Worker
3187251 87687496 VLLM::Worker
3187250 87680208 VLLM::Worker
3118611 63925016 ray::WorkerDict
3118613 63872724 ray::WorkerDict
3118612 63699888 ray::WorkerDict
3118614 63577748 ray::WorkerDict
1317539 4824012 VLLM::Worker_TP
1317538 4820436 VLLM::Worker_TP
3193691 2448772 ray::AgentLoopW
3193693 2412148 ray::AgentLoopW
3193690 2321940 ray::AgentLoopW
== 2026-09-05T09:54:09+09:00
Mem:            1007         710         292         368         377         296
    PID   RSS COMMAND
3187252 87693600 VLLM::Worker
3187253 87687980 VLLM::Worker
3187251 87687496 VLLM::Worker
3187250 87680208 VLLM::Worker
3118611 63925016 ray::WorkerDict
3118613 63872724 ray::WorkerDict
3118612 63699888 ray::WorkerDict
3118614 63577748 ray::WorkerDict
1317539 4824012 VLLM::Worker_TP
1317538 4818676 VLLM::Worker_TP
3193691 2448772 ray::AgentLoopW
3193693 2412148 ray::AgentLoopW
3193690 2321940 ray::AgentLoopW
== 2026-09-05T09:54:29+09:00
Mem:            1007         710         292         368         377         296
    PID   RSS COMMAND
3187252 87693600 VLLM::Worker
3187253 87687980 VLLM::Worker
3187251 87687496 VLLM::Worker
3187250 87680208 VLLM::Worker
3118611 63925016 ray::WorkerDict
3118613 63872724 ray::WorkerDict
3118612 63699888 ray::WorkerDict
3118614 63577748 ray::WorkerDict
1317539 4824012 VLLM::Worker_TP
1317538 4818676 VLLM::Worker_TP
3193691 2448772 ray::AgentLoopW
3193693 2412148 ray::AgentLoopW
3193690 2321940 ray::AgentLoopW
== 2026-09-05T09:54:49+09:00
Mem:            1007         710         292         368         377         296
    PID   RSS COMMAND
3187252 87693600 VLLM::Worker
3187253 87687980 VLLM::Worker
3187251 87687496 VLLM::Worker
3187250 87680208 VLLM::Worker
3118611 63925016 ray::WorkerDict
3118613 63872724 ray::WorkerDict
3118612 63699888 ray::WorkerDict
3118614 63577748 ray::WorkerDict
1317539 4824012 VLLM::Worker_TP
1317538 4818676 VLLM::Worker_TP
3193691 2448772 ray::AgentLoopW
3193693 2412148 ray::AgentLoopW
3193690 2321940 ray::AgentLoopW
== 2026-09-05T09:55:09+09:00
Mem:            1007         710         292         368         377         296
    PID   RSS COMMAND
3187252 87693600 VLLM::Worker
3187253 87687980 VLLM::Worker
3187251 87687496 VLLM::Worker
3187250 87680208 VLLM::Worker
3118611 63925016 ray::WorkerDict
3118613 63872724 ray::WorkerDict
3118612 63699888 ray::WorkerDict
3118614 63577748 ray::WorkerDict
1317539 4824012 VLLM::Worker_TP
1317538 4818676 VLLM::Worker_TP
3193691 2448772 ray::AgentLoopW
3193693 2412148 ray::AgentLoopW
3193690 2321940 ray::AgentLoopW
== 2026-09-05T09:55:29+09:00
Mem:            1007         710         292         368         377         296
    PID   RSS COMMAND
3187252 87693600 VLLM::Worker
3187253 87687980 VLLM::Worker
3187251 87687496 VLLM::Worker
3187250 87680208 VLLM::Worker
3118611 63925016 ray::WorkerDict
3118613 63872724 ray::WorkerDict
3118612 63699888 ray::WorkerDict
3118614 63577748 ray::WorkerDict
1317539 4824012 VLLM::Worker_TP
1317538 4818676 VLLM::Worker_TP
3193691 2448772 ray::AgentLoopW
3193693 2412148 ray::AgentLoopW
3193690 2321940 ray::AgentLoopW
== 2026-09-05T09:55:49+09:00
Mem:            1007         710         292         368         377         296
    PID   RSS COMMAND
3187252 87693600 VLLM::Worker
3187253 87687980 VLLM::Worker
3187251 87687496 VLLM::Worker
3187250 87680208 VLLM::Worker
3118611 63925016 ray::WorkerDict
3118613 63872724 ray::WorkerDict
3118612 63699888 ray::WorkerDict
3118614 63577748 ray::WorkerDict
1317539 4824012 VLLM::Worker_TP
1317538 4818676 VLLM::Worker_TP
3193691 2448772 ray::AgentLoopW
3193693 2412148 ray::AgentLoopW
3193690 2321940 ray::AgentLoopW
== 2026-09-05T09:56:09+09:00
Mem:            1007         710         292         368         377         296
    PID   RSS COMMAND
3187252 87693600 VLLM::Worker
3187253 87687980 VLLM::Worker
3187251 87687496 VLLM::Worker
3187250 87680208 VLLM::Worker
3118611 63925016 ray::WorkerDict
3118613 63872724 ray::WorkerDict
3118612 63699888 ray::WorkerDict
3118614 63577748 ray::WorkerDict
1317539 4824012 VLLM::Worker_TP
1317538 4818676 VLLM::Worker_TP
3193691 2448772 ray::AgentLoopW
3193693 2412148 ray::AgentLoopW
3193690 2321940 ray::AgentLoopW
== 2026-09-05T09:56:29+09:00
Mem:            1007         710         292         368         377         296
    PID   RSS COMMAND
3187252 87693600 VLLM::Worker
3187253 87687980 VLLM::Worker
3187251 87687496 VLLM::Worker
3187250 87680208 VLLM::Worker
3118611 63925016 ray::WorkerDict
3118613 63872724 ray::WorkerDict
3118612 63699888 ray::WorkerDict
3118614 63577748 ray::WorkerDict
1317539 4824012 VLLM::Worker_TP
1317538 4818676 VLLM::Worker_TP
3193691 2448772 ray::AgentLoopW
3193693 2412148 ray::AgentLoopW
3193690 2321940 ray::AgentLoopW
== 2026-09-05T09:56:49+09:00
Mem:            1007         710         292         368         377         296
    PID   RSS COMMAND
3187252 87693600 VLLM::Worker
3187253 87687980 VLLM::Worker
3187251 87687496 VLLM::Worker
3187250 87680208 VLLM::Worker
3118611 63925016 ray::WorkerDict
3118613 63872724 ray::WorkerDict
3118612 63699888 ray::WorkerDict
3118614 63577748 ray::WorkerDict
1317539 4824012 VLLM::Worker_TP
1317538 4818676 VLLM::Worker_TP
3193691 2448772 ray::AgentLoopW
3193693 2412148 ray::AgentLoopW
3193690 2321940 ray::AgentLoopW
== 2026-09-05T09:57:09+09:00
Mem:            1007         710         292         368         377         296
    PID   RSS COMMAND
3187252 87693600 VLLM::Worker
3187253 87687980 VLLM::Worker
3187251 87687496 VLLM::Worker
3187250 87680208 VLLM::Worker
3118611 63925016 ray::WorkerDict
3118613 63872724 ray::WorkerDict
3118612 63699888 ray::WorkerDict
3118614 63577748 ray::WorkerDict
1317539 4824012 VLLM::Worker_TP
1317538 4818676 VLLM::Worker_TP
3193691 2448772 ray::AgentLoopW
3193693 2412148 ray::AgentLoopW
3193690 2321940 ray::AgentLoopW
== 2026-09-05T09:57:29+09:00
Mem:            1007         710         292         368         377         296
    PID   RSS COMMAND
3187252 87693600 VLLM::Worker
3187253 87687980 VLLM::Worker
3187251 87687496 VLLM::Worker
3187250 87680208 VLLM::Worker
3118611 63925016 ray::WorkerDict
3118613 63872724 ray::WorkerDict
3118612 63699888 ray::WorkerDict
3118614 63577748 ray::WorkerDict
1317539 4824012 VLLM::Worker_TP
1317538 4818676 VLLM::Worker_TP
3193691 2448772 ray::AgentLoopW
3193693 2412148 ray::AgentLoopW
3193690 2321940 ray::AgentLoopW
== 2026-09-05T09:57:49+09:00
Mem:            1007         710         292         368         377         296
    PID   RSS COMMAND
3187252 87693600 VLLM::Worker
3187253 87687980 VLLM::Worker
3187251 87687496 VLLM::Worker
3187250 87680208 VLLM::Worker
3118611 63925016 ray::WorkerDict
3118613 63872724 ray::WorkerDict
3118612 63699888 ray::WorkerDict
3118614 63577748 ray::WorkerDict
1317539 4824012 VLLM::Worker_TP
1317538 4818676 VLLM::Worker_TP
3193691 2448772 ray::AgentLoopW
3193693 2412148 ray::AgentLoopW
3193690 2321940 ray::AgentLoopW
== 2026-09-05T09:58:09+09:00
Mem:            1007         710         292         368         377         296
    PID   RSS COMMAND
3187252 87693600 VLLM::Worker
3187253 87687980 VLLM::Worker
3187251 87687496 VLLM::Worker
3187250 87680208 VLLM::Worker
3118611 63925016 ray::WorkerDict
3118613 63872724 ray::WorkerDict
3118612 63699888 ray::WorkerDict
3118614 63577748 ray::WorkerDict
1317539 4824012 VLLM::Worker_TP
1317538 4818676 VLLM::Worker_TP
3193691 2448772 ray::AgentLoopW
3193693 2412148 ray::AgentLoopW
3193690 2321940 ray::AgentLoopW
== 2026-09-05T09:58:29+09:00
Mem:            1007         710         292         368         377         296
    PID   RSS COMMAND
3187252 87693600 VLLM::Worker
3187253 87687980 VLLM::Worker
3187251 87687496 VLLM::Worker
3187250 87680208 VLLM::Worker
3118611 63925016 ray::WorkerDict
3118613 63872724 ray::WorkerDict
3118612 63699888 ray::WorkerDict
3118614 63577748 ray::WorkerDict
1317539 4824012 VLLM::Worker_TP
1317538 4818676 VLLM::Worker_TP
3193691 2448772 ray::AgentLoopW
3193693 2412148 ray::AgentLoopW
3193690 2321940 ray::AgentLoopW
== 2026-09-05T09:58:49+09:00
Mem:            1007         710         292         368         377         296
    PID   RSS COMMAND
3187252 87693600 VLLM::Worker
3187253 87687980 VLLM::Worker
3187251 87687496 VLLM::Worker
3187250 87680208 VLLM::Worker
3118611 63925016 ray::WorkerDict
3118613 63872724 ray::WorkerDict
3118612 63699888 ray::WorkerDict
3118614 63577748 ray::WorkerDict
1317539 4824012 VLLM::Worker_TP
1317538 4818676 VLLM::Worker_TP
3193691 2448772 ray::AgentLoopW
3193693 2412148 ray::AgentLoopW
3193690 2321940 ray::AgentLoopW
== 2026-09-05T09:59:09+09:00
Mem:            1007         710         292         368         377         296
    PID   RSS COMMAND
3187252 87693600 VLLM::Worker
3187253 87687980 VLLM::Worker
3187251 87687496 VLLM::Worker
3187250 87680208 VLLM::Worker
3118611 63925016 ray::WorkerDict
3118613 63872724 ray::WorkerDict
3118612 63699888 ray::WorkerDict
3118614 63577748 ray::WorkerDict
1317539 4824012 VLLM::Worker_TP
1317538 4818676 VLLM::Worker_TP
3193691 2448772 ray::AgentLoopW
3193693 2412148 ray::AgentLoopW
3193690 2321940 ray::AgentLoopW
== 2026-09-05T09:59:29+09:00
Mem:            1007         710         292         368         377         296
    PID   RSS COMMAND
3187252 87693600 VLLM::Worker
3187253 87687980 VLLM::Worker
3187251 87687496 VLLM::Worker
3187250 87680208 VLLM::Worker
3118611 63925016 ray::WorkerDict
3118613 63872724 ray::WorkerDict
3118612 63699888 ray::WorkerDict
3118614 63577748 ray::WorkerDict
1317539 4824012 VLLM::Worker_TP
1317538 4820980 VLLM::Worker_TP
3193691 2448772 ray::AgentLoopW
3193693 2412148 ray::AgentLoopW
3193690 2321940 ray::AgentLoopW
== 2026-09-05T09:59:49+09:00
Mem:            1007         710         292         368         377         296
    PID   RSS COMMAND
3187252 87693600 VLLM::Worker
3187253 87687980 VLLM::Worker
3187251 87687496 VLLM::Worker
3187250 87680208 VLLM::Worker
3118611 63925016 ray::WorkerDict
3118613 63872724 ray::WorkerDict
3118612 63699888 ray::WorkerDict
3118614 63577748 ray::WorkerDict
1317539 4824012 VLLM::Worker_TP
1317538 4820980 VLLM::Worker_TP
3193691 2448772 ray::AgentLoopW
3193693 2412148 ray::AgentLoopW
3193690 2321940 ray::AgentLoopW
== 2026-09-05T10:00:09+09:00
Mem:            1007         701         301         368         377         306
    PID   RSS COMMAND
3187252 87694368 VLLM::Worker
3187253 87689516 VLLM::Worker
3187251 87687496 VLLM::Worker
3187250 87680976 VLLM::Worker
3118611 61499432 ray::WorkerDict
3118613 61330904 ray::WorkerDict
3118612 61274180 ray::WorkerDict
3118614 61150628 ray::WorkerDict
1317539 4824012 VLLM::Worker_TP
1317538 4820980 VLLM::Worker_TP
3193691 2448772 ray::AgentLoopW
3193693 2412148 ray::AgentLoopW
3193690 2321940 ray::AgentLoopW
== 2026-09-05T10:00:29+09:00
Mem:            1007         482         520         368         377         524
    PID   RSS COMMAND
3187252 87694368 VLLM::Worker
3187253 87689516 VLLM::Worker
3187251 87687496 VLLM::Worker
3187250 87680976 VLLM::Worker
1317539 4824012 VLLM::Worker_TP
1317538 4820980 VLLM::Worker_TP
3118611 4300276 ray::WorkerDict
3118613 4131828 ray::WorkerDict
3118612 4075116 ray::WorkerDict
3118614 3951468 ray::WorkerDict
3193691 2448772 ray::AgentLoopW
3193693 2412148 ray::AgentLoopW
3193690 2321940 ray::AgentLoopW
== 2026-09-05T10:00:49+09:00
Mem:            1007         482         520         368         377         524
    PID   RSS COMMAND
3187252 87694368 VLLM::Worker
3187253 87689516 VLLM::Worker
3187251 87687496 VLLM::Worker
3187250 87680976 VLLM::Worker
1317539 4824012 VLLM::Worker_TP
1317538 4820980 VLLM::Worker_TP
3118611 4300276 ray::WorkerDict
3118613 4131828 ray::WorkerDict
3118612 4075116 ray::WorkerDict
3118614 3951468 ray::WorkerDict
3193691 2448772 ray::AgentLoopW
3193693 2412148 ray::AgentLoopW
3193690 2321940 ray::AgentLoopW
== 2026-09-05T10:01:09+09:00
Mem:            1007         482         520         368         377         524
    PID   RSS COMMAND
3187252 87694368 VLLM::Worker
3187253 87689516 VLLM::Worker
3187251 87687496 VLLM::Worker
3187250 87680976 VLLM::Worker
1317539 4824012 VLLM::Worker_TP
1317538 4820980 VLLM::Worker_TP
3118611 4300276 ray::WorkerDict
3118613 4131828 ray::WorkerDict
3118612 4075116 ray::WorkerDict
3118614 3951468 ray::WorkerDict
3193691 2448772 ray::AgentLoopW
3193693 2412148 ray::AgentLoopW
3193690 2321940 ray::AgentLoopW
== 2026-09-05T10:01:29+09:00
Mem:            1007         482         520         368         377         524
    PID   RSS COMMAND
3187252 87694368 VLLM::Worker
3187253 87689516 VLLM::Worker
3187251 87687496 VLLM::Worker
3187250 87680976 VLLM::Worker
1317539 4824012 VLLM::Worker_TP
1317538 4820980 VLLM::Worker_TP
3118611 4300276 ray::WorkerDict
3118613 4131828 ray::WorkerDict
3118612 4075116 ray::WorkerDict
3118614 3951468 ray::WorkerDict
3193691 2448772 ray::AgentLoopW
3193693 2412148 ray::AgentLoopW
3193690 2321940 ray::AgentLoopW
== 2026-09-05T10:01:49+09:00
Mem:            1007         482         520         368         377         524
    PID   RSS COMMAND
3187252 87694368 VLLM::Worker
3187253 87689516 VLLM::Worker
3187251 87687496 VLLM::Worker
3187250 87680976 VLLM::Worker
1317539 4824012 VLLM::Worker_TP
1317538 4820980 VLLM::Worker_TP
3118611 4304240 ray::WorkerDict
3118613 4136292 ray::WorkerDict
3118612 4077540 ray::WorkerDict
3118614 3955264 ray::WorkerDict
3193691 2448772 ray::AgentLoopW
3193693 2412148 ray::AgentLoopW
3193690 2321940 ray::AgentLoopW
== 2026-09-05T10:02:09+09:00
Mem:            1007         482         520         368         377         524
    PID   RSS COMMAND
3187252 87694368 VLLM::Worker
3187253 87689516 VLLM::Worker
3187251 87687496 VLLM::Worker
3187250 87680976 VLLM::Worker
1317539 4824012 VLLM::Worker_TP
1317538 4820980 VLLM::Worker_TP
3118611 4305008 ray::WorkerDict
3118613 4136292 ray::WorkerDict
3118612 4077540 ray::WorkerDict
3118614 3955264 ray::WorkerDict
3193691 2448772 ray::AgentLoopW
3193693 2412148 ray::AgentLoopW
3193690 2321940 ray::AgentLoopW
== 2026-09-05T10:02:29+09:00
Mem:            1007         482         520         368         377         524
    PID   RSS COMMAND
3187252 87694368 VLLM::Worker
3187253 87689516 VLLM::Worker
3187251 87687496 VLLM::Worker
3187250 87681744 VLLM::Worker
1317539 4821784 VLLM::Worker_TP
1317538 4817284 VLLM::Worker_TP
3118611 4305008 ray::WorkerDict
3118613 4136292 ray::WorkerDict
3118612 4078308 ray::WorkerDict
3118614 3955264 ray::WorkerDict
3193691 2448772 ray::AgentLoopW
3193693 2412148 ray::AgentLoopW
3193690 2321940 ray::AgentLoopW
== 2026-09-05T10:02:49+09:00
Mem:            1007         482         520         368         377         524
    PID   RSS COMMAND
3187252 87694368 VLLM::Worker
3187253 87689516 VLLM::Worker
3187251 87687496 VLLM::Worker
3187250 87681744 VLLM::Worker
1317539 4821784 VLLM::Worker_TP
1317538 4817284 VLLM::Worker_TP
3118611 4305008 ray::WorkerDict
3118613 4136292 ray::WorkerDict
3118612 4078308 ray::WorkerDict
3118614 3955264 ray::WorkerDict
3193691 2448772 ray::AgentLoopW
3193693 2412148 ray::AgentLoopW
3193690 2321940 ray::AgentLoopW
== 2026-09-05T10:03:10+09:00
Mem:            1007         482         520         368         377         524
    PID   RSS COMMAND
3187252 87694368 VLLM::Worker
3187253 87689516 VLLM::Worker
3187251 87687496 VLLM::Worker
3187250 87681744 VLLM::Worker
1317539 4821784 VLLM::Worker_TP
1317538 4817284 VLLM::Worker_TP
3118611 4305008 ray::WorkerDict
3118613 4136292 ray::WorkerDict
3118612 4078308 ray::WorkerDict
3118614 3955264 ray::WorkerDict
3193691 2448772 ray::AgentLoopW
3193693 2412148 ray::AgentLoopW
3193690 2321940 ray::AgentLoopW
== 2026-09-05T10:03:30+09:00
Mem:            1007         482         520         368         377         524
    PID   RSS COMMAND
3187252 87694368 VLLM::Worker
3187253 87689516 VLLM::Worker
3187251 87687496 VLLM::Worker
3187250 87681744 VLLM::Worker
1317539 4821784 VLLM::Worker_TP
1317538 4817284 VLLM::Worker_TP
3118611 4305008 ray::WorkerDict
3118613 4136292 ray::WorkerDict
3118612 4078308 ray::WorkerDict
3118614 3955264 ray::WorkerDict
3193691 2448772 ray::AgentLoopW
3193693 2412148 ray::AgentLoopW
3193690 2321940 ray::AgentLoopW
== 2026-09-05T10:03:50+09:00
Mem:            1007         482         520         368         377         524
    PID   RSS COMMAND
3187252 87694368 VLLM::Worker
3187253 87689516 VLLM::Worker
3187251 87687496 VLLM::Worker
3187250 87681744 VLLM::Worker
1317539 4821784 VLLM::Worker_TP
1317538 4817284 VLLM::Worker_TP
3118611 4305008 ray::WorkerDict
3118613 4136292 ray::WorkerDict
3118612 4078308 ray::WorkerDict
3118614 3955264 ray::WorkerDict
3193691 2448772 ray::AgentLoopW
3193693 2412148 ray::AgentLoopW
3193690 2321940 ray::AgentLoopW
== 2026-09-05T10:04:10+09:00
Mem:            1007         482         520         368         377         524
    PID   RSS COMMAND
3187252 87694368 VLLM::Worker
3187253 87689516 VLLM::Worker
3187251 87687496 VLLM::Worker
3187250 87681744 VLLM::Worker
1317539 4821784 VLLM::Worker_TP
1317538 4817284 VLLM::Worker_TP
3118611 4305008 ray::WorkerDict
3118613 4136292 ray::WorkerDict
3118612 4078308 ray::WorkerDict
3118614 3955264 ray::WorkerDict
3193691 2448772 ray::AgentLoopW
3193693 2412148 ray::AgentLoopW
3193690 2321940 ray::AgentLoopW
== 2026-09-05T10:04:30+09:00
Mem:            1007         482         520         368         377         524
    PID   RSS COMMAND
3187252 87694368 VLLM::Worker
3187253 87689516 VLLM::Worker
3187251 87687496 VLLM::Worker
3187250 87681744 VLLM::Worker
1317539 4821784 VLLM::Worker_TP
1317538 4817284 VLLM::Worker_TP
3118611 4305008 ray::WorkerDict
3118613 4136292 ray::WorkerDict
3118612 4078308 ray::WorkerDict
3118614 3955264 ray::WorkerDict
3193691 2448772 ray::AgentLoopW
3193693 2412148 ray::AgentLoopW
3193690 2321940 ray::AgentLoopW
== 2026-09-05T10:04:50+09:00
Mem:            1007         482         520         368         377         524
    PID   RSS COMMAND
3187252 87694368 VLLM::Worker
3187253 87689516 VLLM::Worker
3187251 87687496 VLLM::Worker
3187250 87681744 VLLM::Worker
1317539 4821784 VLLM::Worker_TP
1317538 4817284 VLLM::Worker_TP
3118611 4305776 ray::WorkerDict
3118613 4137060 ray::WorkerDict
3118612 4078308 ray::WorkerDict
3118614 3956032 ray::WorkerDict
3193691 2448772 ray::AgentLoopW
3193693 2412148 ray::AgentLoopW
3193690 2321940 ray::AgentLoopW
== 2026-09-05T10:05:10+09:00
Mem:            1007         482         520         368         377         524
    PID   RSS COMMAND
3187252 87694368 VLLM::Worker
3187253 87689516 VLLM::Worker
3187251 87687496 VLLM::Worker
3187250 87681744 VLLM::Worker
1317539 4821784 VLLM::Worker_TP
1317538 4817284 VLLM::Worker_TP
3118611 4305776 ray::WorkerDict
3118613 4137060 ray::WorkerDict
3118612 4078308 ray::WorkerDict
3118614 3956032 ray::WorkerDict
3193691 2448772 ray::AgentLoopW
3193693 2412148 ray::AgentLoopW
3193690 2321940 ray::AgentLoopW
== 2026-09-05T10:05:30+09:00
Mem:            1007         482         520         368         377         524
    PID   RSS COMMAND
3187252 87694368 VLLM::Worker
3187253 87689516 VLLM::Worker
3187251 87687496 VLLM::Worker
3187250 87681744 VLLM::Worker
1317539 4821784 VLLM::Worker_TP
1317538 4817284 VLLM::Worker_TP
3118611 4305776 ray::WorkerDict
3118613 4137828 ray::WorkerDict
3118612 4078308 ray::WorkerDict
3118614 3956032 ray::WorkerDict
3193691 2448772 ray::AgentLoopW
3193693 2412148 ray::AgentLoopW
3193690 2321940 ray::AgentLoopW
== 2026-09-05T10:05:50+09:00
Mem:            1007         482         520         368         377         524
    PID   RSS COMMAND
3187252 87694368 VLLM::Worker
3187253 87689516 VLLM::Worker
3187251 87687496 VLLM::Worker
3187250 87681744 VLLM::Worker
1317539 4821784 VLLM::Worker_TP
1317538 4817284 VLLM::Worker_TP
3118611 4305776 ray::WorkerDict
3118613 4137828 ray::WorkerDict
3118612 4078308 ray::WorkerDict
3118614 3956032 ray::WorkerDict
3193691 2448772 ray::AgentLoopW
3193693 2412148 ray::AgentLoopW
3193690 2321940 ray::AgentLoopW
== 2026-09-05T10:06:10+09:00
Mem:            1007         482         520         368         377         524
    PID   RSS COMMAND
3187252 87694368 VLLM::Worker
3187253 87689516 VLLM::Worker
3187251 87687496 VLLM::Worker
3187250 87681744 VLLM::Worker
1317539 4821784 VLLM::Worker_TP
1317538 4817284 VLLM::Worker_TP
3118611 4305776 ray::WorkerDict
3118613 4137828 ray::WorkerDict
3118612 4078308 ray::WorkerDict
3118614 3956032 ray::WorkerDict
3193691 2448772 ray::AgentLoopW
3193693 2412148 ray::AgentLoopW
3193690 2321940 ray::AgentLoopW
== 2026-09-05T10:06:30+09:00
Mem:            1007         482         520         368         377         524
    PID   RSS COMMAND
3187252 87694368 VLLM::Worker
3187253 87689516 VLLM::Worker
3187251 87687496 VLLM::Worker
3187250 87681744 VLLM::Worker
1317539 4821784 VLLM::Worker_TP
1317538 4817284 VLLM::Worker_TP
3118611 4305776 ray::WorkerDict
3118613 4137828 ray::WorkerDict
3118612 4078308 ray::WorkerDict
3118614 3956032 ray::WorkerDict
3193691 2448772 ray::AgentLoopW
3193693 2412148 ray::AgentLoopW
3193690 2321940 ray::AgentLoopW
== 2026-09-05T10:06:50+09:00
Mem:            1007         482         520         368         377         524
    PID   RSS COMMAND
3187252 87694368 VLLM::Worker
3187253 87689516 VLLM::Worker
3187251 87687496 VLLM::Worker
3187250 87681744 VLLM::Worker
1317539 4821784 VLLM::Worker_TP
1317538 4817284 VLLM::Worker_TP
3118611 4305776 ray::WorkerDict
3118613 4137828 ray::WorkerDict
3118612 4078308 ray::WorkerDict
3118614 3956032 ray::WorkerDict
3193691 2448772 ray::AgentLoopW
3193693 2412148 ray::AgentLoopW
3193690 2321940 ray::AgentLoopW
== 2026-09-05T10:07:10+09:00
Mem:            1007         482         520         368         377         524
    PID   RSS COMMAND
3187252 87694368 VLLM::Worker
3187253 87689516 VLLM::Worker
3187251 87687496 VLLM::Worker
3187250 87681744 VLLM::Worker
1317539 4821784 VLLM::Worker_TP
1317538 4817284 VLLM::Worker_TP
3118611 4305776 ray::WorkerDict
3118613 4137828 ray::WorkerDict
3118612 4078308 ray::WorkerDict
3118614 3956032 ray::WorkerDict
3193691 2448772 ray::AgentLoopW
3193693 2412148 ray::AgentLoopW
3193690 2321940 ray::AgentLoopW
== 2026-09-05T10:07:30+09:00
Mem:            1007         519         483         368         377         487
    PID   RSS COMMAND
3187252 87694368 VLLM::Worker
3187253 87689516 VLLM::Worker
3187251 87688264 VLLM::Worker
3187250 87681744 VLLM::Worker
3118611 14095692 ray::WorkerDict
3118613 13892736 ray::WorkerDict
3118612 13866336 ray::WorkerDict
3118614 13711720 ray::WorkerDict
1317539 4821784 VLLM::Worker_TP
1317538 4817284 VLLM::Worker_TP
3193691 2448772 ray::AgentLoopW
3193693 2412148 ray::AgentLoopW
3193690 2321940 ray::AgentLoopW
== 2026-09-05T10:07:50+09:00
Mem:            1007         653         349         368         377         354
    PID   RSS COMMAND
3187252 87694368 VLLM::Worker
3187253 87689516 VLLM::Worker
3187251 87688264 VLLM::Worker
3187250 87681744 VLLM::Worker
3118611 49075592 ray::WorkerDict
3118613 48854944 ray::WorkerDict
3118612 48853200 ray::WorkerDict
3118614 48685960 ray::WorkerDict
1317539 4821784 VLLM::Worker_TP
1317538 4817284 VLLM::Worker_TP
3193691 2448772 ray::AgentLoopW
3193693 2412148 ray::AgentLoopW
3193690 2321940 ray::AgentLoopW
== 2026-09-05T10:08:10+09:00
Mem:            1007         712         290         368         377         295
    PID   RSS COMMAND
3187252 87693600 VLLM::Worker
3187253 87688748 VLLM::Worker
3187251 87688264 VLLM::Worker
3187250 87681744 VLLM::Worker
3118611 64722384 ray::WorkerDict
3118613 64446892 ray::WorkerDict
3118612 64205540 ray::WorkerDict
3118614 64066964 ray::WorkerDict
1317539 4821784 VLLM::Worker_TP
1317538 4817284 VLLM::Worker_TP
3193691 2448772 ray::AgentLoopW
3193693 2412148 ray::AgentLoopW
3193690 2321940 ray::AgentLoopW
== 2026-09-05T10:08:30+09:00
Mem:            1007         710         292         368         377         296
    PID   RSS COMMAND
3187252 87693600 VLLM::Worker
3187253 87688748 VLLM::Worker
3187251 87688264 VLLM::Worker
3187250 87681744 VLLM::Worker
3118611 63985108 ray::WorkerDict
3118613 63849908 ray::WorkerDict
3118612 63843484 ray::WorkerDict
3118614 63799208 ray::WorkerDict
1317539 4821784 VLLM::Worker_TP
1317538 4817284 VLLM::Worker_TP
3193691 2448772 ray::AgentLoopW
3193693 2412148 ray::AgentLoopW
3193690 2321940 ray::AgentLoopW
== 2026-09-05T10:08:50+09:00
Mem:            1007         710         292         368         377         296
    PID   RSS COMMAND
3187252 87697440 VLLM::Worker
3187253 87692588 VLLM::Worker
3187251 87689800 VLLM::Worker
3187250 87684816 VLLM::Worker
3118611 63933652 ray::WorkerDict
3118613 63766448 ray::WorkerDict
3118612 63707108 ray::WorkerDict
3118614 63583948 ray::WorkerDict
1317539 4821784 VLLM::Worker_TP
1317538 4817284 VLLM::Worker_TP
3193691 2450308 ray::AgentLoopW
3193693 2436144 ray::AgentLoopW
3193696 2361640 ray::AgentLoopW
== 2026-09-05T10:09:10+09:00
Mem:            1007         710         291         368         378         296
    PID   RSS COMMAND
3187252 87697440 VLLM::Worker
3187253 87692588 VLLM::Worker
3187251 87689800 VLLM::Worker
3187250 87684816 VLLM::Worker
3118611 63933652 ray::WorkerDict
3118613 63766448 ray::WorkerDict
3118612 63707108 ray::WorkerDict
3118614 63583948 ray::WorkerDict
1317539 4821784 VLLM::Worker_TP
1317538 4817284 VLLM::Worker_TP
3193691 2450308 ray::AgentLoopW
3193693 2436144 ray::AgentLoopW
3193696 2361640 ray::AgentLoopW
== 2026-09-05T10:09:30+09:00
Mem:            1007         711         291         368         378         296
    PID   RSS COMMAND
3187252 87701280 VLLM::Worker
3187253 87692588 VLLM::Worker
3187251 87691336 VLLM::Worker
3187250 87684816 VLLM::Worker
3118611 63933652 ray::WorkerDict
3118613 63766448 ray::WorkerDict
3118612 63707108 ray::WorkerDict
3118614 63583948 ray::WorkerDict
1317539 4821784 VLLM::Worker_TP
1317538 4818052 VLLM::Worker_TP
3193691 2450308 ray::AgentLoopW
3193693 2436136 ray::AgentLoopW
3193696 2362408 ray::AgentLoopW
== 2026-09-05T10:09:50+09:00
Mem:            1007         711         290         368         379         296
    PID   RSS COMMAND
3187252 87701280 VLLM::Worker
3187253 87692588 VLLM::Worker
3187251 87691336 VLLM::Worker
3187250 87686352 VLLM::Worker
3118611 63933652 ray::WorkerDict
3118613 63766448 ray::WorkerDict
3118612 63707108 ray::WorkerDict
3118614 63583948 ray::WorkerDict
1317539 4821784 VLLM::Worker_TP
1317538 4818052 VLLM::Worker_TP
3193691 2450308 ray::AgentLoopW
3193693 2436136 ray::AgentLoopW
3193696 2362408 ray::AgentLoopW
== 2026-09-05T10:10:10+09:00
Mem:            1007         711         290         368         379         296
    PID   RSS COMMAND
3187252 87701280 VLLM::Worker
3187253 87692588 VLLM::Worker
3187251 87691336 VLLM::Worker
3187250 87686352 VLLM::Worker
3118611 63933652 ray::WorkerDict
3118613 63766448 ray::WorkerDict
3118612 63707108 ray::WorkerDict
3118614 63583948 ray::WorkerDict
1317539 4821784 VLLM::Worker_TP
1317538 4818052 VLLM::Worker_TP
3193691 2450308 ray::AgentLoopW
3193693 2434760 ray::AgentLoopW
3193696 2362408 ray::AgentLoopW
== 2026-09-05T10:10:30+09:00
Mem:            1007         711         290         368         379         296
    PID   RSS COMMAND
3187252 87701280 VLLM::Worker
3187253 87692588 VLLM::Worker
3187251 87691336 VLLM::Worker
3187250 87686352 VLLM::Worker
3118611 63933652 ray::WorkerDict
3118613 63766448 ray::WorkerDict
3118612 63707108 ray::WorkerDict
3118614 63583948 ray::WorkerDict
1317539 4821784 VLLM::Worker_TP
1317538 4818052 VLLM::Worker_TP
3193691 2450308 ray::AgentLoopW
3193693 2434760 ray::AgentLoopW
3193696 2362408 ray::AgentLoopW
== 2026-09-05T10:10:50+09:00
Mem:            1007         711         290         368         379         296
    PID   RSS COMMAND
3187252 87697932 VLLM::Worker
3187253 87692588 VLLM::Worker
3187251 87691336 VLLM::Worker
3187250 87686352 VLLM::Worker
3118611 63933652 ray::WorkerDict
3118613 63766448 ray::WorkerDict
3118612 63707108 ray::WorkerDict
3118614 63583948 ray::WorkerDict
1317539 4821784 VLLM::Worker_TP
1317538 4818052 VLLM::Worker_TP
3193691 2450308 ray::AgentLoopW
3193693 2438600 ray::AgentLoopW
3193696 2362408 ray::AgentLoopW
== 2026-09-05T10:11:10+09:00
Mem:            1007         711         290         368         379         296
    PID   RSS COMMAND
3187252 87697932 VLLM::Worker
3187253 87692588 VLLM::Worker
3187251 87691336 VLLM::Worker
3187250 87686352 VLLM::Worker
3118611 63933652 ray::WorkerDict
3118613 63766448 ray::WorkerDict
3118612 63707108 ray::WorkerDict
3118614 63583948 ray::WorkerDict
1317539 4821784 VLLM::Worker_TP
1317538 4818052 VLLM::Worker_TP
3193691 2450308 ray::AgentLoopW
3193693 2438600 ray::AgentLoopW
3193696 2362408 ray::AgentLoopW
== 2026-09-05T10:11:30+09:00
Mem:            1007         711         290         368         379         296
    PID   RSS COMMAND
3187252 87697932 VLLM::Worker
3187253 87692588 VLLM::Worker
3187251 87691336 VLLM::Worker
3187250 87686352 VLLM::Worker
3118611 63933652 ray::WorkerDict
3118613 63766448 ray::WorkerDict
3118612 63707108 ray::WorkerDict
3118614 63583948 ray::WorkerDict
1317539 4821784 VLLM::Worker_TP
1317538 4818052 VLLM::Worker_TP
3193691 2450308 ray::AgentLoopW
3193693 2438600 ray::AgentLoopW
3193696 2362408 ray::AgentLoopW
== 2026-09-05T10:11:50+09:00
Mem:            1007         711         290         368         379         296
    PID   RSS COMMAND
3187252 87697932 VLLM::Worker
3187253 87692588 VLLM::Worker
3187251 87691336 VLLM::Worker
3187250 87686352 VLLM::Worker
3118611 63933652 ray::WorkerDict
3118613 63766448 ray::WorkerDict
3118612 63707108 ray::WorkerDict
3118614 63583948 ray::WorkerDict
1317539 4821784 VLLM::Worker_TP
1317538 4818052 VLLM::Worker_TP
3193691 2450308 ray::AgentLoopW
3193693 2438600 ray::AgentLoopW
3193696 2362408 ray::AgentLoopW
== 2026-09-05T10:12:10+09:00
Mem:            1007         711         290         368         379         296
    PID   RSS COMMAND
3187252 87697932 VLLM::Worker
3187253 87692588 VLLM::Worker
3187251 87691336 VLLM::Worker
3187250 87686352 VLLM::Worker
3118611 63933652 ray::WorkerDict
3118613 63766448 ray::WorkerDict
3118612 63707108 ray::WorkerDict
3118614 63583948 ray::WorkerDict
1317539 4821784 VLLM::Worker_TP
1317538 4818052 VLLM::Worker_TP
3193691 2450308 ray::AgentLoopW
3193693 2438600 ray::AgentLoopW
3193696 2362408 ray::AgentLoopW
== 2026-09-05T10:12:31+09:00
Mem:            1007         711         290         368         379         296
    PID   RSS COMMAND
3187252 87697868 VLLM::Worker
3187253 87692588 VLLM::Worker
3187251 87691336 VLLM::Worker
3187250 87687120 VLLM::Worker
3118611 63933652 ray::WorkerDict
3118613 63766448 ray::WorkerDict
3118612 63707108 ray::WorkerDict
3118614 63583948 ray::WorkerDict
1317539 4821784 VLLM::Worker_TP
1317538 4818052 VLLM::Worker_TP
3193691 2450308 ray::AgentLoopW
3193693 2438600 ray::AgentLoopW
3193696 2362408 ray::AgentLoopW
== 2026-09-05T10:12:51+09:00
Mem:            1007         483         518         368         379         524
    PID   RSS COMMAND
3187252 87698636 VLLM::Worker
3187253 87692588 VLLM::Worker
3187251 87690424 VLLM::Worker
3187250 87687888 VLLM::Worker
1317539 4821784 VLLM::Worker_TP
1317538 4818052 VLLM::Worker_TP
3118611 4305084 ray::WorkerDict
3118613 4138652 ray::WorkerDict
3118612 4080056 ray::WorkerDict
3118614 3957656 ray::WorkerDict
3193691 2450308 ray::AgentLoopW
3193693 2438600 ray::AgentLoopW
3193696 2362408 ray::AgentLoopW
== 2026-09-05T10:13:11+09:00
Mem:            1007         483         518         368         379         524
    PID   RSS COMMAND
3187252 87698636 VLLM::Worker
3187253 87692588 VLLM::Worker
3187251 87690424 VLLM::Worker
3187250 87687888 VLLM::Worker
1317539 4821784 VLLM::Worker_TP
1317538 4818052 VLLM::Worker_TP
3118611 4305084 ray::WorkerDict
3118613 4138652 ray::WorkerDict
3118612 4080056 ray::WorkerDict
3118614 3957656 ray::WorkerDict
3193691 2450308 ray::AgentLoopW
3193693 2438600 ray::AgentLoopW
3193696 2362408 ray::AgentLoopW
== 2026-09-05T10:13:31+09:00
Mem:            1007         483         518         368         379         524
    PID   RSS COMMAND
3187252 87698636 VLLM::Worker
3187253 87692588 VLLM::Worker
3187251 87690424 VLLM::Worker
3187250 87687888 VLLM::Worker
1317539 4821784 VLLM::Worker_TP
1317538 4818052 VLLM::Worker_TP
3118611 4305084 ray::WorkerDict
3118613 4138652 ray::WorkerDict
3118612 4080056 ray::WorkerDict
3118614 3957656 ray::WorkerDict
3193691 2450308 ray::AgentLoopW
3193693 2438600 ray::AgentLoopW
3193696 2362408 ray::AgentLoopW
== 2026-09-05T10:13:51+09:00
Mem:            1007         483         518         368         379         524
    PID   RSS COMMAND
3187252 87698636 VLLM::Worker
3187253 87692588 VLLM::Worker
3187251 87690424 VLLM::Worker
3187250 87687888 VLLM::Worker
1317539 4821784 VLLM::Worker_TP
1317538 4818052 VLLM::Worker_TP
3118611 4305084 ray::WorkerDict
3118613 4138652 ray::WorkerDict
3118612 4080056 ray::WorkerDict
3118614 3957656 ray::WorkerDict
3193691 2450308 ray::AgentLoopW
3193693 2438600 ray::AgentLoopW
3193696 2362408 ray::AgentLoopW
== 2026-09-05T10:14:11+09:00
Mem:            1007         483         518         368         379         524
    PID   RSS COMMAND
3187252 87698636 VLLM::Worker
3187253 87692588 VLLM::Worker
3187251 87690424 VLLM::Worker
3187250 87687888 VLLM::Worker
1317539 4821784 VLLM::Worker_TP
1317538 4818052 VLLM::Worker_TP
3118611 4305852 ray::WorkerDict
3118613 4139420 ray::WorkerDict
3118612 4080824 ray::WorkerDict
3118614 3957656 ray::WorkerDict
3193691 2450308 ray::AgentLoopW
3193693 2438600 ray::AgentLoopW
3193696 2362408 ray::AgentLoopW
== 2026-09-05T10:14:31+09:00
Mem:            1007         483         518         368         379         524
    PID   RSS COMMAND
3187252 87698636 VLLM::Worker
3187253 87692588 VLLM::Worker
3187251 87690424 VLLM::Worker
3187250 87687888 VLLM::Worker
1317539 4821784 VLLM::Worker_TP
1317538 4818052 VLLM::Worker_TP
3118611 4316280 ray::WorkerDict
3118613 4150984 ray::WorkerDict
3118612 4092136 ray::WorkerDict
3118614 3971304 ray::WorkerDict
3193691 2450308 ray::AgentLoopW
3193693 2438600 ray::AgentLoopW
3193696 2362408 ray::AgentLoopW
== 2026-09-05T10:14:51+09:00
Mem:            1007         483         518         368         379         524
    PID   RSS COMMAND
3187252 87698636 VLLM::Worker
3187253 87692588 VLLM::Worker
3187251 87690424 VLLM::Worker
3187250 87687888 VLLM::Worker
1317539 4821784 VLLM::Worker_TP
1317538 4818052 VLLM::Worker_TP
3118611 4316280 ray::WorkerDict
3118613 4150984 ray::WorkerDict
3118612 4092136 ray::WorkerDict
3118614 3971304 ray::WorkerDict
3193691 2450308 ray::AgentLoopW
3193693 2438600 ray::AgentLoopW
3193696 2362408 ray::AgentLoopW
== 2026-09-05T10:15:11+09:00
Mem:            1007         483         518         368         379         524
    PID   RSS COMMAND
3187252 87698636 VLLM::Worker
3187253 87692588 VLLM::Worker
3187251 87690424 VLLM::Worker
3187250 87687888 VLLM::Worker
1317539 4821784 VLLM::Worker_TP
1317538 4818052 VLLM::Worker_TP
3118611 4316280 ray::WorkerDict
3118613 4150984 ray::WorkerDict
3118612 4092136 ray::WorkerDict
3118614 3971304 ray::WorkerDict
3193691 2450308 ray::AgentLoopW
3193693 2438600 ray::AgentLoopW
3193696 2362408 ray::AgentLoopW
== 2026-09-05T10:15:31+09:00
Mem:            1007         483         518         368         379         524
    PID   RSS COMMAND
3187252 87698636 VLLM::Worker
3187253 87692588 VLLM::Worker
3187251 87690424 VLLM::Worker
3187250 87687888 VLLM::Worker
1317539 4821784 VLLM::Worker_TP
1317538 4817284 VLLM::Worker_TP
3118611 4316280 ray::WorkerDict
3118613 4150984 ray::WorkerDict
3118612 4092136 ray::WorkerDict
3118614 3971304 ray::WorkerDict
3193691 2450308 ray::AgentLoopW
3193693 2438600 ray::AgentLoopW
3193696 2362408 ray::AgentLoopW
== 2026-09-05T10:15:51+09:00
Mem:            1007         483         518         368         379         524
    PID   RSS COMMAND
3187252 87698636 VLLM::Worker
3187253 87692588 VLLM::Worker
3187251 87690424 VLLM::Worker
3187250 87687888 VLLM::Worker
1317539 4821784 VLLM::Worker_TP
1317538 4817284 VLLM::Worker_TP
3118611 4316280 ray::WorkerDict
3118613 4150984 ray::WorkerDict
3118612 4092136 ray::WorkerDict
3118614 3971304 ray::WorkerDict
3193691 2450308 ray::AgentLoopW
3193693 2438600 ray::AgentLoopW
3193696 2362408 ray::AgentLoopW
== 2026-09-05T10:16:11+09:00
Mem:            1007         483         518         368         379         524
    PID   RSS COMMAND
3187252 87698636 VLLM::Worker
3187253 87692588 VLLM::Worker
3187251 87690424 VLLM::Worker
3187250 87687888 VLLM::Worker
1317539 4821784 VLLM::Worker_TP
1317538 4817284 VLLM::Worker_TP
3118611 4316280 ray::WorkerDict
3118613 4150984 ray::WorkerDict
3118612 4092136 ray::WorkerDict
3118614 3971304 ray::WorkerDict
3193691 2450308 ray::AgentLoopW
3193693 2438600 ray::AgentLoopW
3193696 2362408 ray::AgentLoopW
== 2026-09-05T10:16:31+09:00
Mem:            1007         483         518         368         379         524
    PID   RSS COMMAND
3187252 87698636 VLLM::Worker
3187253 87692588 VLLM::Worker
3187251 87690424 VLLM::Worker
3187250 87687888 VLLM::Worker
1317539 4821784 VLLM::Worker_TP
1317538 4817284 VLLM::Worker_TP
3118611 4316280 ray::WorkerDict
3118613 4150984 ray::WorkerDict
3118612 4092136 ray::WorkerDict
3118614 3971304 ray::WorkerDict
3193691 2450308 ray::AgentLoopW
3193693 2438600 ray::AgentLoopW
3193696 2362408 ray::AgentLoopW
== 2026-09-05T10:16:51+09:00
Mem:            1007         483         518         368         379         524
    PID   RSS COMMAND
3187252 87698636 VLLM::Worker
3187253 87692588 VLLM::Worker
3187251 87690424 VLLM::Worker
3187250 87687888 VLLM::Worker
1317539 4821784 VLLM::Worker_TP
1317538 4817284 VLLM::Worker_TP
3118611 4316280 ray::WorkerDict
3118613 4150984 ray::WorkerDict
3118612 4092136 ray::WorkerDict
3118614 3971304 ray::WorkerDict
3193691 2450308 ray::AgentLoopW
3193693 2438600 ray::AgentLoopW
3193696 2362408 ray::AgentLoopW
== 2026-09-05T10:17:11+09:00
Mem:            1007         483         518         368         379         524
    PID   RSS COMMAND
3187252 87698636 VLLM::Worker
3187253 87692588 VLLM::Worker
3187251 87690424 VLLM::Worker
3187250 87687888 VLLM::Worker
1317539 4821784 VLLM::Worker_TP
1317538 4817284 VLLM::Worker_TP
3118611 4316280 ray::WorkerDict
3118613 4150984 ray::WorkerDict
3118612 4092136 ray::WorkerDict
3118614 3971304 ray::WorkerDict
3193691 2450308 ray::AgentLoopW
3193693 2438600 ray::AgentLoopW
3193696 2362408 ray::AgentLoopW
== 2026-09-05T10:17:31+09:00
Mem:            1007         483         518         368         379         524
    PID   RSS COMMAND
3187252 87698636 VLLM::Worker
3187253 87692588 VLLM::Worker
3187251 87690424 VLLM::Worker
3187250 87687888 VLLM::Worker
1317539 4820884 VLLM::Worker_TP
1317538 4816500 VLLM::Worker_TP
3118611 4316280 ray::WorkerDict
3118613 4150984 ray::WorkerDict
3118612 4092136 ray::WorkerDict
3118614 3971304 ray::WorkerDict
3193691 2450308 ray::AgentLoopW
3193693 2438600 ray::AgentLoopW
3193696 2362408 ray::AgentLoopW
== 2026-09-05T10:17:51+09:00
Mem:            1007         483         518         368         379         524
    PID   RSS COMMAND
3187252 87698636 VLLM::Worker
3187253 87692588 VLLM::Worker
3187251 87690424 VLLM::Worker
3187250 87687888 VLLM::Worker
1317539 4820884 VLLM::Worker_TP
1317538 4816500 VLLM::Worker_TP
3118611 4316280 ray::WorkerDict
3118613 4150984 ray::WorkerDict
3118612 4092136 ray::WorkerDict
3118614 3971304 ray::WorkerDict
3193691 2450308 ray::AgentLoopW
3193693 2438600 ray::AgentLoopW
3193696 2362408 ray::AgentLoopW
== 2026-09-05T10:18:11+09:00
Mem:            1007         483         518         368         379         524
    PID   RSS COMMAND
3187252 87698636 VLLM::Worker
3187253 87692588 VLLM::Worker
3187251 87690424 VLLM::Worker
3187250 87687888 VLLM::Worker
1317539 4820884 VLLM::Worker_TP
1317538 4816500 VLLM::Worker_TP
3118611 4316280 ray::WorkerDict
3118613 4150984 ray::WorkerDict
3118612 4092136 ray::WorkerDict
3118614 3971304 ray::WorkerDict
3193691 2450308 ray::AgentLoopW
3193693 2438600 ray::AgentLoopW
3193696 2362408 ray::AgentLoopW
== 2026-09-05T10:18:31+09:00
Mem:            1007         483         518         368         379         524
    PID   RSS COMMAND
3187252 87698636 VLLM::Worker
3187253 87692588 VLLM::Worker
3187251 87690424 VLLM::Worker
3187250 87687888 VLLM::Worker
1317539 4820884 VLLM::Worker_TP
1317538 4816500 VLLM::Worker_TP
3118611 4316280 ray::WorkerDict
3118613 4150984 ray::WorkerDict
3118612 4092136 ray::WorkerDict
3118614 3971304 ray::WorkerDict
3193691 2450308 ray::AgentLoopW
3193693 2438600 ray::AgentLoopW
3193696 2362408 ray::AgentLoopW
== 2026-09-05T10:18:51+09:00
Mem:            1007         483         518         368         379         524
    PID   RSS COMMAND
3187252 87698636 VLLM::Worker
3187253 87692588 VLLM::Worker
3187251 87690424 VLLM::Worker
3187250 87687888 VLLM::Worker
1317539 4820884 VLLM::Worker_TP
1317538 4816500 VLLM::Worker_TP
3118611 4316280 ray::WorkerDict
3118613 4150984 ray::WorkerDict
3118612 4092136 ray::WorkerDict
3118614 3971304 ray::WorkerDict
3193691 2450308 ray::AgentLoopW
3193693 2438600 ray::AgentLoopW
3193696 2362408 ray::AgentLoopW
== 2026-09-05T10:19:11+09:00
Mem:            1007         483         518         368         379         523
    PID   RSS COMMAND
3187252 87698636 VLLM::Worker
3187253 87692588 VLLM::Worker
3187251 87690424 VLLM::Worker
3187250 87687888 VLLM::Worker
1317539 4820884 VLLM::Worker_TP
1317538 4816500 VLLM::Worker_TP
3118611 4316280 ray::WorkerDict
3118613 4150984 ray::WorkerDict
3118612 4092136 ray::WorkerDict
3118614 3971304 ray::WorkerDict
3193691 2450308 ray::AgentLoopW
3193693 2438600 ray::AgentLoopW
3193696 2363176 ray::AgentLoopW
== 2026-09-05T10:19:31+09:00
Mem:            1007         483         518         368         379         523
    PID   RSS COMMAND
3187252 87698636 VLLM::Worker
3187253 87692588 VLLM::Worker
3187251 87690424 VLLM::Worker
3187250 87687888 VLLM::Worker
1317539 4820884 VLLM::Worker_TP
1317538 4816500 VLLM::Worker_TP
3118611 4316280 ray::WorkerDict
3118613 4150984 ray::WorkerDict
3118612 4092136 ray::WorkerDict
3118614 3971304 ray::WorkerDict
3193691 2450308 ray::AgentLoopW
3193693 2438600 ray::AgentLoopW
3193696 2363176 ray::AgentLoopW
== 2026-09-05T10:19:51+09:00
Mem:            1007         483         518         368         379         523
    PID   RSS COMMAND
3187252 87698636 VLLM::Worker
3187253 87692588 VLLM::Worker
3187251 87690424 VLLM::Worker
3187250 87687888 VLLM::Worker
1317539 4820884 VLLM::Worker_TP
1317538 4816500 VLLM::Worker_TP
3118611 4316280 ray::WorkerDict
3118613 4150984 ray::WorkerDict
3118612 4092136 ray::WorkerDict
3118614 3971304 ray::WorkerDict
3193691 2450308 ray::AgentLoopW
3193693 2438600 ray::AgentLoopW
3193696 2363176 ray::AgentLoopW
== 2026-09-05T10:20:11+09:00
Mem:            1007         483         518         368         379         523
    PID   RSS COMMAND
3187252 87698636 VLLM::Worker
3187253 87692588 VLLM::Worker
3187251 87690424 VLLM::Worker
3187250 87687888 VLLM::Worker
1317539 4820884 VLLM::Worker_TP
1317538 4816500 VLLM::Worker_TP
3118611 4316280 ray::WorkerDict
3118613 4150984 ray::WorkerDict
3118612 4092136 ray::WorkerDict
3118614 3971304 ray::WorkerDict
3193691 2450308 ray::AgentLoopW
3193693 2438600 ray::AgentLoopW
3193696 2363176 ray::AgentLoopW
== 2026-09-05T10:20:31+09:00
Mem:            1007         483         518         368         379         524
    PID   RSS COMMAND
3187252 87698636 VLLM::Worker
3187253 87692588 VLLM::Worker
3187251 87690424 VLLM::Worker
3187250 87687888 VLLM::Worker
1317539 4820884 VLLM::Worker_TP
1317538 4816500 VLLM::Worker_TP
3118611 4316280 ray::WorkerDict
3118613 4150984 ray::WorkerDict
3118612 4092136 ray::WorkerDict
3118614 3971304 ray::WorkerDict
3193691 2450308 ray::AgentLoopW
3193693 2438600 ray::AgentLoopW
3193696 2363176 ray::AgentLoopW
== 2026-09-05T10:20:51+09:00
Mem:            1007         538         455         368         386         468
    PID   RSS COMMAND
3187252 87698636 VLLM::Worker
3187253 87692588 VLLM::Worker
3187251 87690424 VLLM::Worker
3187250 87687888 VLLM::Worker
3118611 18775828 ray::WorkerDict
3118613 18610356 ray::WorkerDict
3118612 18551416 ray::WorkerDict
3118614 18430736 ray::WorkerDict
1317539 4820884 VLLM::Worker_TP
1317538 4816500 VLLM::Worker_TP
3193691 2450308 ray::AgentLoopW
3193693 2438600 ray::AgentLoopW
3193696 2363176 ray::AgentLoopW
== 2026-09-05T10:21:11+09:00
Mem:            1007         541         428         368         411         466
    PID   RSS COMMAND
3187252 87698636 VLLM::Worker
3187253 87692588 VLLM::Worker
3187251 87690424 VLLM::Worker
3187250 87687888 VLLM::Worker
3118611 18775828 ray::WorkerDict
3118613 18610356 ray::WorkerDict
3118612 18551416 ray::WorkerDict
3118614 18430736 ray::WorkerDict
1317539 4820884 VLLM::Worker_TP
1317538 4816500 VLLM::Worker_TP
3193691 2450308 ray::AgentLoopW
3193693 2438600 ray::AgentLoopW
3193696 2363176 ray::AgentLoopW
== 2026-09-05T10:21:31+09:00
Mem:            1007         542         411         368         426         465
    PID   RSS COMMAND
3187252 87698636 VLLM::Worker
3187253 87692588 VLLM::Worker
3187251 87690424 VLLM::Worker
3187250 87687888 VLLM::Worker
3118611 18775828 ray::WorkerDict
3118613 18610356 ray::WorkerDict
3118612 18551416 ray::WorkerDict
3118614 18430736 ray::WorkerDict
1317539 4820884 VLLM::Worker_TP
1317538 4816500 VLLM::Worker_TP
3193691 2450308 ray::AgentLoopW
3193693 2438600 ray::AgentLoopW
3193696 2363176 ray::AgentLoopW
== 2026-09-05T10:21:52+09:00
Mem:            1007         487         457         368         435         519
    PID   RSS COMMAND
3187252 87698636 VLLM::Worker
3187253 87692588 VLLM::Worker
3187251 87690424 VLLM::Worker
3187250 87687888 VLLM::Worker
1317539 4820884 VLLM::Worker_TP
1317538 4816500 VLLM::Worker_TP
3118611 4329704 ray::WorkerDict
3118613 4150376 ray::WorkerDict
3118612 4091532 ray::WorkerDict
3118614 3970848 ray::WorkerDict
3193691 2450308 ray::AgentLoopW
3193693 2438600 ray::AgentLoopW
3193696 2363176 ray::AgentLoopW
== 2026-09-05T10:22:12+09:00
Mem:            1007         612         332         368         435         394
    PID   RSS COMMAND
3187252 87698636 VLLM::Worker
3187253 87692588 VLLM::Worker
3187251 87690424 VLLM::Worker
3187250 87687888 VLLM::Worker
3118611 37188748 ray::WorkerDict
3118612 36949768 ray::WorkerDict
3118613 36680660 ray::WorkerDict
3118614 36497292 ray::WorkerDict
1317539 4820884 VLLM::Worker_TP
1317538 4816500 VLLM::Worker_TP
3193691 2450308 ray::AgentLoopW
3193693 2438600 ray::AgentLoopW
3193696 2363176 ray::AgentLoopW
== 2026-09-05T10:22:32+09:00
Mem:            1007         715         258         368         407         292
    PID   RSS COMMAND
3187252 87699404 VLLM::Worker
3187253 87692588 VLLM::Worker
3187251 87690424 VLLM::Worker
3187250 87687888 VLLM::Worker
3118612 64506664 ray::WorkerDict
3118613 64261296 ray::WorkerDict
3118614 64077928 ray::WorkerDict
3118611 63998100 ray::WorkerDict
1317539 4820884 VLLM::Worker_TP
1317538 4816500 VLLM::Worker_TP
3193691 2450308 ray::AgentLoopW
3193693 2438600 ray::AgentLoopW
3193696 2363176 ray::AgentLoopW
== 2026-09-05T10:22:52+09:00
Mem:            1007         714         259         368         407         293
    PID   RSS COMMAND
3187252 87699404 VLLM::Worker
3187253 87692588 VLLM::Worker
3187251 87690424 VLLM::Worker
3187250 87687888 VLLM::Worker
3118611 64425392 ray::WorkerDict
3118613 63836592 ray::WorkerDict
3118612 63745172 ray::WorkerDict
3118614 63725680 ray::WorkerDict
1317539 4820884 VLLM::Worker_TP
1317538 4816500 VLLM::Worker_TP
3193691 2450308 ray::AgentLoopW
3193693 2438600 ray::AgentLoopW
3193696 2363176 ray::AgentLoopW
== 2026-09-05T10:23:12+09:00
Mem:            1007         713         259         368         407         293
    PID   RSS COMMAND
3187252 87699404 VLLM::Worker
3187253 87692588 VLLM::Worker
3187251 87690424 VLLM::Worker
3187250 87687888 VLLM::Worker
3118611 63959700 ray::WorkerDict
3118613 63895228 ray::WorkerDict
3118612 63721692 ray::WorkerDict
3118614 63600236 ray::WorkerDict
1317539 4820884 VLLM::Worker_TP
1317538 4816500 VLLM::Worker_TP
3193691 2450308 ray::AgentLoopW
3193693 2438600 ray::AgentLoopW
3193696 2363176 ray::AgentLoopW
== 2026-09-05T10:23:32+09:00
Mem:            1007         715         257         368         407         291
    PID   RSS COMMAND
3187252 87699404 VLLM::Worker
3187253 87693356 VLLM::Worker
3187251 87690424 VLLM::Worker
3187250 87687888 VLLM::Worker
3118611 63959700 ray::WorkerDict
3118613 63895228 ray::WorkerDict
3118612 63721692 ray::WorkerDict
3118614 63600236 ray::WorkerDict
1317539 4820884 VLLM::Worker_TP
1317538 4816500 VLLM::Worker_TP
3193695 2611396 ray::AgentLoopW
3193694 2516216 ray::AgentLoopW
3193691 2455684 ray::AgentLoopW
== 2026-09-05T10:23:52+09:00
Mem:            1007         715         257         368         407         292
    PID   RSS COMMAND
3187252 87699404 VLLM::Worker
3187253 87693356 VLLM::Worker
3187251 87690424 VLLM::Worker
3187250 87687888 VLLM::Worker
3118611 63959700 ray::WorkerDict
3118613 63895228 ray::WorkerDict
3118612 63721692 ray::WorkerDict
3118614 63600236 ray::WorkerDict
1317539 4820884 VLLM::Worker_TP
1317538 4816500 VLLM::Worker_TP
3193695 2611396 ray::AgentLoopW
3193694 2516216 ray::AgentLoopW
3193691 2455684 ray::AgentLoopW
== 2026-09-05T10:24:12+09:00
Mem:            1007         715         255         368         409         291
    PID   RSS COMMAND
3187252 87699404 VLLM::Worker
3187253 87693356 VLLM::Worker
3187251 87690424 VLLM::Worker
3187250 87687888 VLLM::Worker
3118611 63959700 ray::WorkerDict
3118613 63895228 ray::WorkerDict
3118612 63721692 ray::WorkerDict
3118614 63600236 ray::WorkerDict
1317539 4820884 VLLM::Worker_TP
1317538 4816500 VLLM::Worker_TP
3193695 2615236 ray::AgentLoopW
3193694 2520824 ray::AgentLoopW
3193691 2455684 ray::AgentLoopW
== 2026-09-05T10:24:32+09:00
Mem:            1007         715         255         368         409         291
    PID   RSS COMMAND
3187252 87699404 VLLM::Worker
3187253 87693356 VLLM::Worker
3187251 87690424 VLLM::Worker
3187250 87687888 VLLM::Worker
3118611 63959700 ray::WorkerDict
3118613 63895228 ray::WorkerDict
3118612 63721692 ray::WorkerDict
3118614 63600236 ray::WorkerDict
1317539 4820884 VLLM::Worker_TP
1317538 4816500 VLLM::Worker_TP
3193695 2628292 ray::AgentLoopW
3193694 2523596 ray::AgentLoopW
3193691 2455684 ray::AgentLoopW
== 2026-09-05T10:24:52+09:00
Mem:            1007         715         255         368         410         291
    PID   RSS COMMAND
3187252 87699404 VLLM::Worker
3187253 87693356 VLLM::Worker
3187251 87690424 VLLM::Worker
3187250 87687888 VLLM::Worker
3118611 63959700 ray::WorkerDict
3118613 63895228 ray::WorkerDict
3118612 63721692 ray::WorkerDict
3118614 63600236 ray::WorkerDict
1317539 4820884 VLLM::Worker_TP
1317538 4816500 VLLM::Worker_TP
3193695 2641768 ray::AgentLoopW
3193694 2530012 ray::AgentLoopW
3193691 2455684 ray::AgentLoopW
== 2026-09-05T10:25:12+09:00
Mem:            1007         715         254         368         410         291
    PID   RSS COMMAND
3187252 87699404 VLLM::Worker
3187253 87693356 VLLM::Worker
3187251 87690424 VLLM::Worker
3187250 87687888 VLLM::Worker
3118611 63959700 ray::WorkerDict
3118613 63895228 ray::WorkerDict
3118612 63721692 ray::WorkerDict
3118614 63600236 ray::WorkerDict
1317539 4820884 VLLM::Worker_TP
1317538 4816500 VLLM::Worker_TP
3193695 2641296 ray::AgentLoopW
3193694 2539428 ray::AgentLoopW
3193691 2455684 ray::AgentLoopW
== 2026-09-05T10:25:32+09:00
Mem:            1007         715         255         368         410         291
    PID   RSS COMMAND
3187252 87699404 VLLM::Worker
3187253 87693356 VLLM::Worker
3187251 87690424 VLLM::Worker
3187250 87687888 VLLM::Worker
3118611 63959700 ray::WorkerDict
3118613 63895228 ray::WorkerDict
3118612 63721692 ray::WorkerDict
3118614 63600236 ray::WorkerDict
1317539 4820884 VLLM::Worker_TP
1317538 4816500 VLLM::Worker_TP
3193695 2641296 ray::AgentLoopW
3193694 2543252 ray::AgentLoopW
3193691 2455684 ray::AgentLoopW
== 2026-09-05T10:25:52+09:00
Mem:            1007         715         254         368         410         291
    PID   RSS COMMAND
3187252 87699404 VLLM::Worker
3187253 87693356 VLLM::Worker
3187251 87690424 VLLM::Worker
3187250 87687888 VLLM::Worker
3118611 63959700 ray::WorkerDict
3118613 63895228 ray::WorkerDict
3118612 63721692 ray::WorkerDict
3118614 63600236 ray::WorkerDict
1317539 4819060 VLLM::Worker_TP
1317538 4814168 VLLM::Worker_TP
3193695 2653224 ray::AgentLoopW
3193694 2543536 ray::AgentLoopW
3193691 2455684 ray::AgentLoopW
== 2026-09-05T10:26:12+09:00
Mem:            1007         715         254         368         410         291
    PID   RSS COMMAND
3187252 87699404 VLLM::Worker
3187253 87693356 VLLM::Worker
3187251 87690424 VLLM::Worker
3187250 87688656 VLLM::Worker
3118611 63959700 ray::WorkerDict
3118613 63895228 ray::WorkerDict
3118612 63721692 ray::WorkerDict
3118614 63600236 ray::WorkerDict
1317539 4816712 VLLM::Worker_TP
1317538 4812404 VLLM::Worker_TP
3193695 2666740 ray::AgentLoopW
3193694 2543536 ray::AgentLoopW
3193691 2455684 ray::AgentLoopW
== 2026-09-05T10:26:32+09:00
Mem:            1007         715         254         368         410         291
    PID   RSS COMMAND
3187252 87699404 VLLM::Worker
3187253 87693356 VLLM::Worker
3187251 87690424 VLLM::Worker
3187250 87688656 VLLM::Worker
3118611 63959700 ray::WorkerDict
3118613 63895228 ray::WorkerDict
3118612 63721692 ray::WorkerDict
3118614 63600236 ray::WorkerDict
1317539 4816712 VLLM::Worker_TP
1317538 4812404 VLLM::Worker_TP
3193695 2663676 ray::AgentLoopW
3193694 2546180 ray::AgentLoopW
3193691 2455684 ray::AgentLoopW
== 2026-09-05T10:26:53+09:00
Mem:            1007         715         254         368         410         291
    PID   RSS COMMAND
3187252 87699404 VLLM::Worker
3187253 87693356 VLLM::Worker
3187251 87690424 VLLM::Worker
3187250 87688656 VLLM::Worker
3118611 63959700 ray::WorkerDict
3118613 63895228 ray::WorkerDict
3118612 63721692 ray::WorkerDict
3118614 63600236 ray::WorkerDict
1317539 4816712 VLLM::Worker_TP
1317538 4812404 VLLM::Worker_TP
3193695 2665008 ray::AgentLoopW
3193694 2549812 ray::AgentLoopW
3193691 2455684 ray::AgentLoopW
== 2026-09-05T10:27:13+09:00
Mem:            1007         715         254         368         410         291
    PID   RSS COMMAND
3187252 87699404 VLLM::Worker
3187253 87693356 VLLM::Worker
3187251 87690424 VLLM::Worker
3187250 87688656 VLLM::Worker
3118611 63959700 ray::WorkerDict
3118613 63895228 ray::WorkerDict
3118612 63721692 ray::WorkerDict
3118614 63600236 ray::WorkerDict
1317539 4816712 VLLM::Worker_TP
1317538 4812404 VLLM::Worker_TP
3193695 2667972 ray::AgentLoopW
3193694 2547168 ray::AgentLoopW
3193691 2455684 ray::AgentLoopW
== 2026-09-05T10:27:33+09:00
Mem:            1007         715         254         368         410         291
    PID   RSS COMMAND
3187252 87699404 VLLM::Worker
3187253 87693356 VLLM::Worker
3187251 87690424 VLLM::Worker
3187250 87688656 VLLM::Worker
3118611 63959700 ray::WorkerDict
3118613 63895228 ray::WorkerDict
3118612 63721692 ray::WorkerDict
3118614 63600236 ray::WorkerDict
1317539 4816712 VLLM::Worker_TP
1317538 4812404 VLLM::Worker_TP
3193695 2662644 ray::AgentLoopW
3193694 2547168 ray::AgentLoopW
3193691 2455684 ray::AgentLoopW
== 2026-09-05T10:27:53+09:00
Mem:            1007         715         254         368         410         291
    PID   RSS COMMAND
3187252 87699404 VLLM::Worker
3187253 87693356 VLLM::Worker
3187251 87690424 VLLM::Worker
3187250 87688656 VLLM::Worker
3118611 63959700 ray::WorkerDict
3118613 63895228 ray::WorkerDict
3118612 63721692 ray::WorkerDict
3118614 63600236 ray::WorkerDict
1317539 4816712 VLLM::Worker_TP
1317538 4812404 VLLM::Worker_TP
3193695 2664228 ray::AgentLoopW
3193694 2547168 ray::AgentLoopW
3193691 2455684 ray::AgentLoopW
== 2026-09-05T10:28:13+09:00
Mem:            1007         715         254         368         410         291
    PID   RSS COMMAND
3187252 87699404 VLLM::Worker
3187253 87693356 VLLM::Worker
3187251 87690424 VLLM::Worker
3187250 87688656 VLLM::Worker
3118611 63959700 ray::WorkerDict
3118613 63895228 ray::WorkerDict
3118612 63721692 ray::WorkerDict
3118614 63600236 ray::WorkerDict
1317539 4816712 VLLM::Worker_TP
1317538 4812404 VLLM::Worker_TP
3193695 2664228 ray::AgentLoopW
3193694 2547168 ray::AgentLoopW
3193691 2455684 ray::AgentLoopW
== 2026-09-05T10:28:33+09:00
Mem:            1007         715         254         368         410         291
    PID   RSS COMMAND
3187252 87699404 VLLM::Worker
3187253 87693356 VLLM::Worker
3187251 87690424 VLLM::Worker
3187250 87688656 VLLM::Worker
3118611 63959700 ray::WorkerDict
3118613 63895228 ray::WorkerDict
3118612 63721692 ray::WorkerDict
3118614 63600236 ray::WorkerDict
1317539 4816712 VLLM::Worker_TP
1317538 4812404 VLLM::Worker_TP
3193695 2660148 ray::AgentLoopW
3193694 2547168 ray::AgentLoopW
3193691 2455684 ray::AgentLoopW
== 2026-09-05T10:28:53+09:00
Mem:            1007         716         254         368         410         291
    PID   RSS COMMAND
3187252 87699404 VLLM::Worker
3187253 87693356 VLLM::Worker
3187251 87690424 VLLM::Worker
3187250 87688656 VLLM::Worker
3118611 63959700 ray::WorkerDict
3118613 63895228 ray::WorkerDict
3118612 63721692 ray::WorkerDict
3118614 63600236 ray::WorkerDict
1317539 4816712 VLLM::Worker_TP
1317538 4812404 VLLM::Worker_TP
3193695 2660148 ray::AgentLoopW
3193694 2547168 ray::AgentLoopW
3193691 2455684 ray::AgentLoopW
== 2026-09-05T10:29:13+09:00
Mem:            1007         226         744          42          84         781
    PID   RSS COMMAND
1317539 4817480 VLLM::Worker_TP
1317538 4811636 VLLM::Worker_TP
1280658 1226204 vllm
3115985 1158512 ray::CodeTaskRu
1317375 965492 VLLM::EngineCor
3109287 706108 python
 588079 579256 sssd_be
 588080 367360 sssd_nss
1338534 306336 litellm
   2143 90928 systemd-journal
  84732 62540 dcgm-exporter
 661917 60520 nv-hostengine
1280652 30112 slurmstepd
== 2026-09-05T10:29:33+09:00
Mem:            1007          88         881          42          84         918
    PID   RSS COMMAND
1317539 4817480 VLLM::Worker_TP
1317538 4812404 VLLM::Worker_TP
1280658 1226204 vllm
3115985 1169264 ray::CodeTaskRu
1317375 965492 VLLM::EngineCor
3109287 716860 python
 588079 579256 sssd_be
 588080 367360 sssd_nss
1338534 306336 litellm
   2143 90928 systemd-journal
  84732 62540 dcgm-exporter
 661917 60520 nv-hostengine
1280652 30112 slurmstepd
