/scratch/r919a03/code_verl_test/rl/main_ppo_code.py:60: UserWarning: Disabled critic as algorithm.adv_estimator != gae. If it is not intended, please set critic.enable=True
  validate_config(config=config, use_reference_policy=need_reference_policy(config), use_critic=need_critic(config))
2026-09-06 01:10:05,600	INFO worker.py:2015 -- Started a local Ray instance. View the dashboard at [1m[32mhttp://127.0.0.1:8265 [39m[22m
[36m(CodeTaskRunner pid=1298220)[0m /scratch/r919a03/code_verl_test/.venv/lib/python3.12/site-packages/verl/workers/engine/__init__.py:31: UserWarning: torchtitan engine is not available: ModuleNotFoundError("No module named 'torchtitan'")
[36m(CodeTaskRunner pid=1298220)[0m   warnings.warn(f"torchtitan engine is not available: {e!r}", stacklevel=1)
[36m(CodeTaskRunner pid=1298220)[0m /scratch/r919a03/code_verl_test/.venv/lib/python3.12/site-packages/verl/workers/engine/__init__.py:40: UserWarning: veomni engine is not available: ModuleNotFoundError("No module named 'veomni'")
[36m(CodeTaskRunner pid=1298220)[0m   warnings.warn(f"veomni engine is not available: {e!r}", stacklevel=1)
[36m(CodeTaskRunner pid=1298220)[0m /scratch/r919a03/code_verl_test/.venv/lib/python3.12/site-packages/verl/workers/engine/__init__.py:49: UserWarning: automodel engine is not available: ModuleNotFoundError("No module named 'nemo_automodel'")
[36m(CodeTaskRunner pid=1298220)[0m   warnings.warn(f"automodel engine is not available: {e!r}", stacklevel=1)
[36m(CodeTaskRunner pid=1298220)[0m /scratch/r919a03/code_verl_test/.venv/lib/python3.12/site-packages/verl/workers/engine/mindspeed/transformer_impl.py:24: UserWarning: NPU not support router replay for now.
[36m(CodeTaskRunner pid=1298220)[0m   from verl.utils.megatron.router_replay_patch import RouterReplay
[36m(CodeTaskRunner pid=1298220)[0m /scratch/r919a03/code_verl_test/.venv/lib/python3.12/site-packages/verl/workers/engine/__init__.py:59: UserWarning: mindspeed engine is not available: ModuleNotFoundError("No module named 'megatron'")
[36m(CodeTaskRunner pid=1298220)[0m   warnings.warn(f"mindspeed engine is not available: {e!r}", stacklevel=1)
[36m(CodeTaskRunner pid=1298220)[0m /scratch/r919a03/code_verl_test/.venv/lib/python3.12/site-packages/verl/workers/engine/__init__.py:69: UserWarning: megatron engine is not available: ModuleNotFoundError("No module named 'megatron'")
[36m(CodeTaskRunner pid=1298220)[0m   warnings.warn(f"megatron engine is not available: {e!r}", stacklevel=1)
[validate_config] All configuration checks passed successfully!
ray init kwargs: {'num_cpus': None, 'object_store_memory': 40000000000, 'runtime_env': {'env_vars': {'VLLM_ALLOW_RUNTIME_LORA_UPDATING': 'true', 'VLLM_DISABLE_COMPILE_CACHE': '1', 'HCCL_HOST_SOCKET_PORT_RANGE': 'auto', 'HCCL_NPU_SOCKET_PORT_RANGE': 'auto', 'HSA_NO_SCRATCH_RECLAIM': '1', 'VERL_FULL_DETERMINISM': '0', 'VLLM_BATCH_INVARIANT': '0', 'VERL_RL_INSIGHT_ENABLE': '0'}, 'working_dir': None}}
[36m(CodeTaskRunner pid=1298220)[0m {'actor_rollout_ref': {'actor': {'_target_': 'verl.workers.config.FSDPActorConfig',
[36m(CodeTaskRunner pid=1298220)[0m                                  'calculate_entropy': False,
[36m(CodeTaskRunner pid=1298220)[0m                                  'calculate_sum_pi_squared': False,
[36m(CodeTaskRunner pid=1298220)[0m                                  'checkpoint': {'_target_': 'verl.trainer.config.CheckpointConfig',
[36m(CodeTaskRunner pid=1298220)[0m                                                 'async_save': False,
[36m(CodeTaskRunner pid=1298220)[0m                                                 'load_contents': ['model',
[36m(CodeTaskRunner pid=1298220)[0m                                                                   'optimizer',
[36m(CodeTaskRunner pid=1298220)[0m                                                                   'extra'],
[36m(CodeTaskRunner pid=1298220)[0m                                                 'save_contents': ['model',
[36m(CodeTaskRunner pid=1298220)[0m                                                                   'optimizer',
[36m(CodeTaskRunner pid=1298220)[0m                                                                   'extra'],
[36m(CodeTaskRunner pid=1298220)[0m                                                 'strict': True},
[36m(CodeTaskRunner pid=1298220)[0m                                  'clip_ratio': 0.2,
[36m(CodeTaskRunner pid=1298220)[0m                                  'clip_ratio_c': 3.0,
[36m(CodeTaskRunner pid=1298220)[0m                                  'clip_ratio_high': 0.0004,
[36m(CodeTaskRunner pid=1298220)[0m                                  'clip_ratio_low': 0.0003,
[36m(CodeTaskRunner pid=1298220)[0m                                  'data_loader_seed': 42,
[36m(CodeTaskRunner pid=1298220)[0m                                  'entropy_checkpointing': True,
[36m(CodeTaskRunner pid=1298220)[0m                                  'entropy_coeff': 0,
[36m(CodeTaskRunner pid=1298220)[0m                                  'entropy_from_logits_chunk_size': 2048,
[36m(CodeTaskRunner pid=1298220)[0m                                  'entropy_from_logits_with_chunking': True,
[36m(CodeTaskRunner pid=1298220)[0m                                  'freeze_vision_tower': False,
[36m(CodeTaskRunner pid=1298220)[0m                                  'fsdp_config': {'_target_': 'verl.workers.config.FSDPEngineConfig',
[36m(CodeTaskRunner pid=1298220)[0m                                                  'dtype': 'bfloat16',
[36m(CodeTaskRunner pid=1298220)[0m                                                  'entropy_checkpointing': True,
[36m(CodeTaskRunner pid=1298220)[0m                                                  'entropy_from_logits_chunk_size': 2048,
[36m(CodeTaskRunner pid=1298220)[0m                                                  'entropy_from_logits_with_chunking': True,
[36m(CodeTaskRunner pid=1298220)[0m                                                  'forward_only': False,
[36m(CodeTaskRunner pid=1298220)[0m                                                  'forward_prefetch': False,
[36m(CodeTaskRunner pid=1298220)[0m                                                  'fsdp_size': -1,
[36m(CodeTaskRunner pid=1298220)[0m                                                  'full_determinism': False,
[36m(CodeTaskRunner pid=1298220)[0m                                                  'model_dtype': 'bf16',
[36m(CodeTaskRunner pid=1298220)[0m                                                  'offload_policy': False,
[36m(CodeTaskRunner pid=1298220)[0m                                                  'optimizer_offload': False,
[36m(CodeTaskRunner pid=1298220)[0m                                                  'pad_to_length': False,
[36m(CodeTaskRunner pid=1298220)[0m                                                  'pad_to_length_bucket': 1024,
[36m(CodeTaskRunner pid=1298220)[0m                                                  'param_offload': False,
[36m(CodeTaskRunner pid=1298220)[0m                                                  'qat': {'_target_': 'verl.workers.config.QATEngineConfig',
[36m(CodeTaskRunner pid=1298220)[0m                                                          'activation_observer': 'static_minmax',
[36m(CodeTaskRunner pid=1298220)[0m                                                          'enable': False,
[36m(CodeTaskRunner pid=1298220)[0m                                                          'group_size': 16,
[36m(CodeTaskRunner pid=1298220)[0m                                                          'ignore_patterns': ['lm_head',
[36m(CodeTaskRunner pid=1298220)[0m                                                                              'embed_tokens',
[36m(CodeTaskRunner pid=1298220)[0m                                                                              're:.*mlp.gate$'],
[36m(CodeTaskRunner pid=1298220)[0m                                                          'mode': 'w4a16',
[36m(CodeTaskRunner pid=1298220)[0m                                                          'quantization_config_path': None},
[36m(CodeTaskRunner pid=1298220)[0m                                                  'reshard_after_forward': True,
[36m(CodeTaskRunner pid=1298220)[0m                                                  'seed': 42,
[36m(CodeTaskRunner pid=1298220)[0m                                                  'strategy': 'fsdp',
[36m(CodeTaskRunner pid=1298220)[0m                                                  'ulysses_sequence_parallel_size': 4,
[36m(CodeTaskRunner pid=1298220)[0m                                                  'use_orig_params': False,
[36m(CodeTaskRunner pid=1298220)[0m                                                  'use_torch_compile': True,
[36m(CodeTaskRunner pid=1298220)[0m                                                  'wrap_policy': {'min_num_params': 0}},
[36m(CodeTaskRunner pid=1298220)[0m                                  'grad_clip': 1.0,
[36m(CodeTaskRunner pid=1298220)[0m                                  'kl_loss_coef': 0.001,
[36m(CodeTaskRunner pid=1298220)[0m                                  'kl_loss_type': 'low_var_kl',
[36m(CodeTaskRunner pid=1298220)[0m                                  'loss_agg_mode': 'token-mean',
[36m(CodeTaskRunner pid=1298220)[0m                                  'loss_scale_factor': None,
[36m(CodeTaskRunner pid=1298220)[0m                                  'optim': {'_target_': 'verl.workers.config.FSDPOptimizerConfig',
[36m(CodeTaskRunner pid=1298220)[0m                                            'betas': [0.9, 0.999],
[36m(CodeTaskRunner pid=1298220)[0m                                            'clip_grad': 1.0,
[36m(CodeTaskRunner pid=1298220)[0m                                            'lr': 2e-05,
[36m(CodeTaskRunner pid=1298220)[0m                                            'lr_scheduler_type': 'constant',
[36m(CodeTaskRunner pid=1298220)[0m                                            'lr_warmup_steps': -1,
[36m(CodeTaskRunner pid=1298220)[0m                                            'lr_warmup_steps_ratio': 0.0,
[36m(CodeTaskRunner pid=1298220)[0m                                            'min_lr_ratio': 0.0,
[36m(CodeTaskRunner pid=1298220)[0m                                            'num_cycles': 0.5,
[36m(CodeTaskRunner pid=1298220)[0m                                            'optimizer': 'AdamW',
[36m(CodeTaskRunner pid=1298220)[0m                                            'optimizer_impl': 'torch.optim',
[36m(CodeTaskRunner pid=1298220)[0m                                            'override_optimizer_config': None,
[36m(CodeTaskRunner pid=1298220)[0m                                            'total_training_steps': -1,
[36m(CodeTaskRunner pid=1298220)[0m                                            'warmup_style': None,
[36m(CodeTaskRunner pid=1298220)[0m                                            'weight_decay': 0.01,
[36m(CodeTaskRunner pid=1298220)[0m                                            'zero_indexed_step': True},
[36m(CodeTaskRunner pid=1298220)[0m                                  'pad_to_length': False,
[36m(CodeTaskRunner pid=1298220)[0m                                  'policy_loss': {'_target_': 'verl.workers.config.PolicyLossConfig',
[36m(CodeTaskRunner pid=1298220)[0m                                                  'clip_cov_lb': 1.0,
[36m(CodeTaskRunner pid=1298220)[0m                                                  'clip_cov_ratio': 0.0002,
[36m(CodeTaskRunner pid=1298220)[0m                                                  'clip_cov_ub': 5.0,
[36m(CodeTaskRunner pid=1298220)[0m                                                  'dro_beta': None,
[36m(CodeTaskRunner pid=1298220)[0m                                                  'kl_cov_ratio': 0.0002,
[36m(CodeTaskRunner pid=1298220)[0m                                                  'loss_mode': 'gspo',
[36m(CodeTaskRunner pid=1298220)[0m                                                  'ppo_kl_coef': 0.1},
[36m(CodeTaskRunner pid=1298220)[0m                                  'ppo_epochs': 1,
[36m(CodeTaskRunner pid=1298220)[0m                                  'ppo_max_token_len_per_gpu': 34000,
[36m(CodeTaskRunner pid=1298220)[0m                                  'ppo_micro_batch_size': None,
[36m(CodeTaskRunner pid=1298220)[0m                                  'ppo_micro_batch_size_per_gpu': None,
[36m(CodeTaskRunner pid=1298220)[0m                                  'ppo_mini_batch_size': 24,
[36m(CodeTaskRunner pid=1298220)[0m                                  'profiler': {'_target_': 'verl.utils.profiler.ProfilerConfig',
[36m(CodeTaskRunner pid=1298220)[0m                                               'all_ranks': False,
[36m(CodeTaskRunner pid=1298220)[0m                                               'enable': False,
[36m(CodeTaskRunner pid=1298220)[0m                                               'ranks': [],
[36m(CodeTaskRunner pid=1298220)[0m                                               'save_path': 'outputs/profile',
[36m(CodeTaskRunner pid=1298220)[0m                                               'tool': None,
[36m(CodeTaskRunner pid=1298220)[0m                                               'tool_config': {'npu': {'_target_': 'verl.utils.profiler.config.NPUToolConfig',
[36m(CodeTaskRunner pid=1298220)[0m                                                                       'analysis': True,
[36m(CodeTaskRunner pid=1298220)[0m                                                                       'contents': [],
[36m(CodeTaskRunner pid=1298220)[0m                                                                       'discrete': False,
[36m(CodeTaskRunner pid=1298220)[0m                                                                       'level': 'level0'},
[36m(CodeTaskRunner pid=1298220)[0m                                                               'nsys': {'_target_': 'verl.utils.profiler.config.NsightToolConfig',
[36m(CodeTaskRunner pid=1298220)[0m                                                                        'discrete': False},
[36m(CodeTaskRunner pid=1298220)[0m                                                               'precision_debugger': {'_target_': 'verl.utils.profiler.config.PrecisionDebuggerToolConfig',
[36m(CodeTaskRunner pid=1298220)[0m                                                                                      'config_path': None,
[36m(CodeTaskRunner pid=1298220)[0m                                                                                      'stages': None,
[36m(CodeTaskRunner pid=1298220)[0m                                                                                      'steps': None,
[36m(CodeTaskRunner pid=1298220)[0m                                                                                      'strict': False},
[36m(CodeTaskRunner pid=1298220)[0m                                                               'torch': {'_target_': 'verl.utils.profiler.config.TorchProfilerToolConfig',
[36m(CodeTaskRunner pid=1298220)[0m                                                                         'contents': [],
[36m(CodeTaskRunner pid=1298220)[0m                                                                         'discrete': False,
[36m(CodeTaskRunner pid=1298220)[0m                                                                         'schedule': {'_target_': 'verl.utils.profiler.config.TorchProfilerScheduleConfig',
[36m(CodeTaskRunner pid=1298220)[0m                                                                                      'active': 0,
[36m(CodeTaskRunner pid=1298220)[0m                                                                                      'repeat': 0,
[36m(CodeTaskRunner pid=1298220)[0m                                                                                      'skip_first': 0,
[36m(CodeTaskRunner pid=1298220)[0m                                                                                      'wait': 0,
[36m(CodeTaskRunner pid=1298220)[0m                                                                                      'warmup': 0}},
[36m(CodeTaskRunner pid=1298220)[0m                                                               'torch_memory': {'_target_': 'verl.utils.profiler.config.TorchMemoryToolConfig',
[36m(CodeTaskRunner pid=1298220)[0m                                                                                'stack_depth': 32,
[36m(CodeTaskRunner pid=1298220)[0m                                                                                'trace_alloc_max_entries': 100000}}},
[36m(CodeTaskRunner pid=1298220)[0m                                  'qat': {'activation_observer': 'static_minmax',
[36m(CodeTaskRunner pid=1298220)[0m                                          'enable': False,
[36m(CodeTaskRunner pid=1298220)[0m                                          'group_size': 16,
[36m(CodeTaskRunner pid=1298220)[0m                                          'ignore_patterns': ['lm_head',
[36m(CodeTaskRunner pid=1298220)[0m                                                              'embed_tokens',
[36m(CodeTaskRunner pid=1298220)[0m                                                              're:.*mlp.gate$'],
[36m(CodeTaskRunner pid=1298220)[0m                                          'mode': 'w4a16',
[36m(CodeTaskRunner pid=1298220)[0m                                          'quantization_config_path': None},
[36m(CodeTaskRunner pid=1298220)[0m                                  'rollout_n': 6,
[36m(CodeTaskRunner pid=1298220)[0m                                  'router_replay': {'_target_': 'verl.workers.config.RouterReplayConfig',
[36m(CodeTaskRunner pid=1298220)[0m                                                    'mode': 'disabled',
[36m(CodeTaskRunner pid=1298220)[0m                                                    'record_file': None,
[36m(CodeTaskRunner pid=1298220)[0m                                                    'replay_file': None},
[36m(CodeTaskRunner pid=1298220)[0m                                  'shuffle': False,
[36m(CodeTaskRunner pid=1298220)[0m                                  'strategy': 'fsdp',
[36m(CodeTaskRunner pid=1298220)[0m                                  'tau_neg': 1.05,
[36m(CodeTaskRunner pid=1298220)[0m                                  'tau_pos': 1.0,
[36m(CodeTaskRunner pid=1298220)[0m                                  'ulysses_sequence_parallel_size': 4,
[36m(CodeTaskRunner pid=1298220)[0m                                  'use_dynamic_bsz': True,
[36m(CodeTaskRunner pid=1298220)[0m                                  'use_fused_kernels': False,
[36m(CodeTaskRunner pid=1298220)[0m                                  'use_kl_loss': False,
[36m(CodeTaskRunner pid=1298220)[0m                                  'use_prefix_grouper': False,
[36m(CodeTaskRunner pid=1298220)[0m                                  'use_remove_padding': True,
[36m(CodeTaskRunner pid=1298220)[0m                                  'use_torch_compile': True},
[36m(CodeTaskRunner pid=1298220)[0m                        'hybrid_engine': True,
[36m(CodeTaskRunner pid=1298220)[0m                        'model': {'_target_': 'verl.workers.config.HFModelConfig',
[36m(CodeTaskRunner pid=1298220)[0m                                  'custom_chat_template': None,
[36m(CodeTaskRunner pid=1298220)[0m                                  'enable_activation_offload': False,
[36m(CodeTaskRunner pid=1298220)[0m                                  'enable_gradient_checkpointing': True,
[36m(CodeTaskRunner pid=1298220)[0m                                  'exclude_modules': None,
[36m(CodeTaskRunner pid=1298220)[0m                                  'external_lib': 'rl.algos',
[36m(CodeTaskRunner pid=1298220)[0m                                  'fused_kernel_options': {'impl_backend': 'torch'},
[36m(CodeTaskRunner pid=1298220)[0m                                  'hf_config_path': None,
[36m(CodeTaskRunner pid=1298220)[0m                                  'lora': {'a2a_experimental': False,
[36m(CodeTaskRunner pid=1298220)[0m                                           'adapter_path': None,
[36m(CodeTaskRunner pid=1298220)[0m                                           'alpha': 32,
[36m(CodeTaskRunner pid=1298220)[0m                                           'dropout': 0.0,
[36m(CodeTaskRunner pid=1298220)[0m                                           'dropout_position': 'pre',
[36m(CodeTaskRunner pid=1298220)[0m                                           'dtype': None,
[36m(CodeTaskRunner pid=1298220)[0m                                           'exclude_modules': [],
[36m(CodeTaskRunner pid=1298220)[0m                                           'freeze_language_model': True,
[36m(CodeTaskRunner pid=1298220)[0m                                           'freeze_vision_model': True,
[36m(CodeTaskRunner pid=1298220)[0m                                           'freeze_vision_projection': True,
[36m(CodeTaskRunner pid=1298220)[0m                                           'lora_A_init_method': 'xavier',
[36m(CodeTaskRunner pid=1298220)[0m                                           'lora_B_init_method': 'zero',
[36m(CodeTaskRunner pid=1298220)[0m                                           'merge': False,
[36m(CodeTaskRunner pid=1298220)[0m                                           'rank': 0,
[36m(CodeTaskRunner pid=1298220)[0m                                           'target_modules': ['linear_qkv',
[36m(CodeTaskRunner pid=1298220)[0m                                                              'linear_proj',
[36m(CodeTaskRunner pid=1298220)[0m                                                              'linear_fc1',
[36m(CodeTaskRunner pid=1298220)[0m                                                              'linear_fc2'],
[36m(CodeTaskRunner pid=1298220)[0m                                           'type': 'lora'},
[36m(CodeTaskRunner pid=1298220)[0m                                  'lora_adapter_path': None,
[36m(CodeTaskRunner pid=1298220)[0m                                  'lora_alpha': 64,
[36m(CodeTaskRunner pid=1298220)[0m                                  'lora_rank': 32,
[36m(CodeTaskRunner pid=1298220)[0m                                  'mtp': {'_target_': 'verl.workers.config.MtpConfig',
[36m(CodeTaskRunner pid=1298220)[0m                                          'detach_encoder': False,
[36m(CodeTaskRunner pid=1298220)[0m                                          'enable': False,
[36m(CodeTaskRunner pid=1298220)[0m                                          'enable_rollout': False,
[36m(CodeTaskRunner pid=1298220)[0m                                          'enable_train': False,
[36m(CodeTaskRunner pid=1298220)[0m                                          'method': 'mtp',
[36m(CodeTaskRunner pid=1298220)[0m                                          'mtp_loss_scaling_factor': 0.1,
[36m(CodeTaskRunner pid=1298220)[0m                                          'num_speculative_tokens': 1,
[36m(CodeTaskRunner pid=1298220)[0m                                          'speculative_algorithm': 'EAGLE',
[36m(CodeTaskRunner pid=1298220)[0m                                          'speculative_eagle_topk': 1,
[36m(CodeTaskRunner pid=1298220)[0m                                          'speculative_num_draft_tokens': 4,
[36m(CodeTaskRunner pid=1298220)[0m                                          'speculative_num_steps': 3},
[36m(CodeTaskRunner pid=1298220)[0m                                  'override_config': {},
[36m(CodeTaskRunner pid=1298220)[0m                                  'path': '/scratch/r919a03/huggingface/hub/models--Qwen--Qwen3-30B-A3B-Instruct-2507/snapshots/0d7cf23991f47feeb3a57ecb4c9cee8ea4a17bfe',
[36m(CodeTaskRunner pid=1298220)[0m                                  'target_modules': ['q_proj',
[36m(CodeTaskRunner pid=1298220)[0m                                                     'k_proj',
[36m(CodeTaskRunner pid=1298220)[0m                                                     'v_proj',
[36m(CodeTaskRunner pid=1298220)[0m                                                     'o_proj'],
[36m(CodeTaskRunner pid=1298220)[0m                                  'tiled_mlp': {'enabled': False,
[36m(CodeTaskRunner pid=1298220)[0m                                                'num_shards': 4},
[36m(CodeTaskRunner pid=1298220)[0m                                  'tokenizer_path': None,
[36m(CodeTaskRunner pid=1298220)[0m                                  'trust_remote_code': False,
[36m(CodeTaskRunner pid=1298220)[0m                                  'use_fused_kernels': False,
[36m(CodeTaskRunner pid=1298220)[0m                                  'use_liger': False,
[36m(CodeTaskRunner pid=1298220)[0m                                  'use_remove_padding': True,
[36m(CodeTaskRunner pid=1298220)[0m                                  'use_shm': False},
[36m(CodeTaskRunner pid=1298220)[0m                        'nccl_timeout': 600,
[36m(CodeTaskRunner pid=1298220)[0m                        'ref': {'_target_': 'verl.workers.config.FSDPActorConfig',
[36m(CodeTaskRunner pid=1298220)[0m                                'entropy_checkpointing': False,
[36m(CodeTaskRunner pid=1298220)[0m                                'entropy_from_logits_chunk_size': 2048,
[36m(CodeTaskRunner pid=1298220)[0m                                'entropy_from_logits_with_chunking': False,
[36m(CodeTaskRunner pid=1298220)[0m                                'fsdp_config': {'_target_': 'verl.workers.config.FSDPEngineConfig',
[36m(CodeTaskRunner pid=1298220)[0m                                                'dtype': 'bfloat16',
[36m(CodeTaskRunner pid=1298220)[0m                                                'entropy_checkpointing': False,
[36m(CodeTaskRunner pid=1298220)[0m                                                'entropy_from_logits_chunk_size': 2048,
[36m(CodeTaskRunner pid=1298220)[0m                                                'entropy_from_logits_with_chunking': False,
[36m(CodeTaskRunner pid=1298220)[0m                                                'forward_only': True,
[36m(CodeTaskRunner pid=1298220)[0m                                                'forward_prefetch': False,
[36m(CodeTaskRunner pid=1298220)[0m                                                'fsdp_size': -1,
[36m(CodeTaskRunner pid=1298220)[0m                                                'full_determinism': False,
[36m(CodeTaskRunner pid=1298220)[0m                                                'model_dtype': 'fp32',
[36m(CodeTaskRunner pid=1298220)[0m                                                'offload_policy': False,
[36m(CodeTaskRunner pid=1298220)[0m                                                'optimizer_offload': False,
[36m(CodeTaskRunner pid=1298220)[0m                                                'pad_to_length': False,
[36m(CodeTaskRunner pid=1298220)[0m                                                'pad_to_length_bucket': 1024,
[36m(CodeTaskRunner pid=1298220)[0m                                                'param_offload': False,
[36m(CodeTaskRunner pid=1298220)[0m                                                'qat': {'_target_': 'verl.workers.config.QATEngineConfig',
[36m(CodeTaskRunner pid=1298220)[0m                                                        'activation_observer': 'static_minmax',
[36m(CodeTaskRunner pid=1298220)[0m                                                        'enable': False,
[36m(CodeTaskRunner pid=1298220)[0m                                                        'group_size': 16,
[36m(CodeTaskRunner pid=1298220)[0m                                                        'ignore_patterns': ['lm_head',
[36m(CodeTaskRunner pid=1298220)[0m                                                                            'embed_tokens',
[36m(CodeTaskRunner pid=1298220)[0m                                                                            're:.*mlp.gate$'],
[36m(CodeTaskRunner pid=1298220)[0m                                                        'mode': 'w4a16',
[36m(CodeTaskRunner pid=1298220)[0m                                                        'quantization_config_path': None},
[36m(CodeTaskRunner pid=1298220)[0m                                                'reshard_after_forward': True,
[36m(CodeTaskRunner pid=1298220)[0m                                                'seed': 42,
[36m(CodeTaskRunner pid=1298220)[0m                                                'strategy': 'fsdp',
[36m(CodeTaskRunner pid=1298220)[0m                                                'ulysses_sequence_parallel_size': 4,
[36m(CodeTaskRunner pid=1298220)[0m                                                'use_orig_params': False,
[36m(CodeTaskRunner pid=1298220)[0m                                                'use_torch_compile': True,
[36m(CodeTaskRunner pid=1298220)[0m                                                'wrap_policy': {'min_num_params': 0}},
[36m(CodeTaskRunner pid=1298220)[0m                                'log_prob_max_token_len_per_gpu': 34000,
[36m(CodeTaskRunner pid=1298220)[0m                                'log_prob_micro_batch_size': None,
[36m(CodeTaskRunner pid=1298220)[0m                                'log_prob_micro_batch_size_per_gpu': None,
[36m(CodeTaskRunner pid=1298220)[0m                                'log_prob_use_dynamic_bsz': True,
[36m(CodeTaskRunner pid=1298220)[0m                                'pad_to_length': False,
[36m(CodeTaskRunner pid=1298220)[0m                                'profiler': {'_target_': 'verl.utils.profiler.ProfilerConfig',
[36m(CodeTaskRunner pid=1298220)[0m                                             'all_ranks': False,
[36m(CodeTaskRunner pid=1298220)[0m                                             'enable': False,
[36m(CodeTaskRunner pid=1298220)[0m                                             'ranks': [],
[36m(CodeTaskRunner pid=1298220)[0m                                             'save_path': 'outputs/profile',
[36m(CodeTaskRunner pid=1298220)[0m                                             'tool': None,
[36m(CodeTaskRunner pid=1298220)[0m                                             'tool_config': {'npu': {'_target_': 'verl.utils.profiler.config.NPUToolConfig',
[36m(CodeTaskRunner pid=1298220)[0m                                                                     'analysis': True,
[36m(CodeTaskRunner pid=1298220)[0m                                                                     'contents': [],
[36m(CodeTaskRunner pid=1298220)[0m                                                                     'discrete': False,
[36m(CodeTaskRunner pid=1298220)[0m                                                                     'level': 'level0'},
[36m(CodeTaskRunner pid=1298220)[0m                                                             'nsys': {'_target_': 'verl.utils.profiler.config.NsightToolConfig',
[36m(CodeTaskRunner pid=1298220)[0m                                                                      'discrete': False},
[36m(CodeTaskRunner pid=1298220)[0m                                                             'precision_debugger': {'_target_': 'verl.utils.profiler.config.PrecisionDebuggerToolConfig',
[36m(CodeTaskRunner pid=1298220)[0m                                                                                    'config_path': None,
[36m(CodeTaskRunner pid=1298220)[0m                                                                                    'stages': None,
[36m(CodeTaskRunner pid=1298220)[0m                                                                                    'steps': None,
[36m(CodeTaskRunner pid=1298220)[0m                                                                                    'strict': False},
[36m(CodeTaskRunner pid=1298220)[0m                                                             'torch': {'_target_': 'verl.utils.profiler.config.TorchProfilerToolConfig',
[36m(CodeTaskRunner pid=1298220)[0m                                                                       'contents': [],
[36m(CodeTaskRunner pid=1298220)[0m                                                                       'discrete': False,
[36m(CodeTaskRunner pid=1298220)[0m                                                                       'schedule': {'_target_': 'verl.utils.profiler.config.TorchProfilerScheduleConfig',
[36m(CodeTaskRunner pid=1298220)[0m                                                                                    'active': 0,
[36m(CodeTaskRunner pid=1298220)[0m                                                                                    'repeat': 0,
[36m(CodeTaskRunner pid=1298220)[0m                                                                                    'skip_first': 0,
[36m(CodeTaskRunner pid=1298220)[0m                                                                                    'wait': 0,
[36m(CodeTaskRunner pid=1298220)[0m                                                                                    'warmup': 0}},
[36m(CodeTaskRunner pid=1298220)[0m                                                             'torch_memory': {'_target_': 'verl.utils.profiler.config.TorchMemoryToolConfig',
[36m(CodeTaskRunner pid=1298220)[0m                                                                              'stack_depth': 32,
[36m(CodeTaskRunner pid=1298220)[0m                                                                              'trace_alloc_max_entries': 100000}}},
[36m(CodeTaskRunner pid=1298220)[0m                                'rollout_n': 6,
[36m(CodeTaskRunner pid=1298220)[0m                                'router_replay': {'_target_': 'verl.workers.config.RouterReplayConfig',
[36m(CodeTaskRunner pid=1298220)[0m                                                  'mode': 'disabled',
[36m(CodeTaskRunner pid=1298220)[0m                                                  'record_file': None,
[36m(CodeTaskRunner pid=1298220)[0m                                                  'replay_file': None},
[36m(CodeTaskRunner pid=1298220)[0m                                'strategy': 'fsdp',
[36m(CodeTaskRunner pid=1298220)[0m                                'ulysses_sequence_parallel_size': 4,
[36m(CodeTaskRunner pid=1298220)[0m                                'use_torch_compile': True},
[36m(CodeTaskRunner pid=1298220)[0m                        'rollout': {'_target_': 'verl.workers.config.RolloutConfig',
[36m(CodeTaskRunner pid=1298220)[0m                                    'agent': {'_target_': 'verl.workers.config.AgentLoopConfig',
[36m(CodeTaskRunner pid=1298220)[0m                                              'agent_loop_config_path': '/scratch/r919a03/code_verl_test/configs/rl/agent_loop_rusca.yaml',
[36m(CodeTaskRunner pid=1298220)[0m                                              'custom_async_server': {'_target_': 'verl.workers.config.CustomAsyncServerConfig',
[36m(CodeTaskRunner pid=1298220)[0m                                                                      'name': None,
[36m(CodeTaskRunner pid=1298220)[0m                                                                      'path': None},
[36m(CodeTaskRunner pid=1298220)[0m                                              'default_agent_loop': 'rusca_scaffold_agent',
[36m(CodeTaskRunner pid=1298220)[0m                                              'num_workers': 8},
[36m(CodeTaskRunner pid=1298220)[0m                                    'calculate_log_probs': False,
[36m(CodeTaskRunner pid=1298220)[0m                                    'checkpoint_engine': {'_target_': 'verl.workers.config.CheckpointEngineConfig',
[36m(CodeTaskRunner pid=1298220)[0m                                                          'backend': 'naive',
[36m(CodeTaskRunner pid=1298220)[0m                                                          'custom_backend_module': None,
[36m(CodeTaskRunner pid=1298220)[0m                                                          'engine_kwargs': {},
[36m(CodeTaskRunner pid=1298220)[0m                                                          'update_weights_bucket_megabytes': 2048},
[36m(CodeTaskRunner pid=1298220)[0m                                    'cudagraph_capture_sizes': None,
[36m(CodeTaskRunner pid=1298220)[0m                                    'custom': {'rusca': {'enable': True,
[36m(CodeTaskRunner pid=1298220)[0m                                                         'total_steps': 20}},
[36m(CodeTaskRunner pid=1298220)[0m                                    'data_parallel_size': 1,
[36m(CodeTaskRunner pid=1298220)[0m                                    'disable_log_stats': True,
[36m(CodeTaskRunner pid=1298220)[0m                                    'disaggregation': {'bootstrap_port': None,
[36m(CodeTaskRunner pid=1298220)[0m                                                       'decode_replicas': 1,
[36m(CodeTaskRunner pid=1298220)[0m                                                       'decode_tensor_model_parallel_size': None,
[36m(CodeTaskRunner pid=1298220)[0m                                                       'enabled': False,
[36m(CodeTaskRunner pid=1298220)[0m                                                       'ib_device': None,
[36m(CodeTaskRunner pid=1298220)[0m                                                       'prefill_replicas': 1,
[36m(CodeTaskRunner pid=1298220)[0m                                                       'transfer_backend': 'nixl'},
[36m(CodeTaskRunner pid=1298220)[0m                                    'do_sample': True,
[36m(CodeTaskRunner pid=1298220)[0m                                    'dtype': 'bfloat16',
[36m(CodeTaskRunner pid=1298220)[0m                                    'enable_chunked_prefill': True,
[36m(CodeTaskRunner pid=1298220)[0m                                    'enable_prefix_caching': True,
[36m(CodeTaskRunner pid=1298220)[0m                                    'enable_rollout_routing_replay': False,
[36m(CodeTaskRunner pid=1298220)[0m                                    'enforce_eager': True,
[36m(CodeTaskRunner pid=1298220)[0m                                    'engine_kwargs': {'sglang': {},
[36m(CodeTaskRunner pid=1298220)[0m                                                      'trtllm': {},
[36m(CodeTaskRunner pid=1298220)[0m                                                      'vllm': {}},
[36m(CodeTaskRunner pid=1298220)[0m                                    'expert_parallel_size': 1,
[36m(CodeTaskRunner pid=1298220)[0m                                    'free_cache_engine': True,
[36m(CodeTaskRunner pid=1298220)[0m                                    'full_determinism': False,
[36m(CodeTaskRunner pid=1298220)[0m                                    'gpu_memory_utilization': 0.75,
[36m(CodeTaskRunner pid=1298220)[0m                                    'ignore_eos': False,
[36m(CodeTaskRunner pid=1298220)[0m                                    'layered_summon': True,
[36m(CodeTaskRunner pid=1298220)[0m                                    'load_format': 'safetensors',
[36m(CodeTaskRunner pid=1298220)[0m                                    'log_prob_max_token_len_per_gpu': 34000,
[36m(CodeTaskRunner pid=1298220)[0m                                    'log_prob_micro_batch_size': None,
[36m(CodeTaskRunner pid=1298220)[0m                                    'log_prob_micro_batch_size_per_gpu': None,
[36m(CodeTaskRunner pid=1298220)[0m                                    'log_prob_use_dynamic_bsz': True,
[36m(CodeTaskRunner pid=1298220)[0m                                    'logprobs_mode': 'processed_logprobs',
[36m(CodeTaskRunner pid=1298220)[0m                                    'max_model_len': 135168,
[36m(CodeTaskRunner pid=1298220)[0m                                    'max_num_batched_tokens': 65536,
[36m(CodeTaskRunner pid=1298220)[0m                                    'max_num_seqs': 64,
[36m(CodeTaskRunner pid=1298220)[0m                                    'mode': 'async',
[36m(CodeTaskRunner pid=1298220)[0m                                    'moe_load_balance_metrics_interval': 0,
[36m(CodeTaskRunner pid=1298220)[0m                                    'mtp': {'_target_': 'verl.workers.config.MtpConfig',
[36m(CodeTaskRunner pid=1298220)[0m                                            'detach_encoder': False,
[36m(CodeTaskRunner pid=1298220)[0m                                            'enable': False,
[36m(CodeTaskRunner pid=1298220)[0m                                            'enable_rollout': False,
[36m(CodeTaskRunner pid=1298220)[0m                                            'enable_train': False,
[36m(CodeTaskRunner pid=1298220)[0m                                            'method': 'mtp',
[36m(CodeTaskRunner pid=1298220)[0m                                            'mtp_loss_scaling_factor': 0.1,
[36m(CodeTaskRunner pid=1298220)[0m                                            'num_speculative_tokens': 1,
[36m(CodeTaskRunner pid=1298220)[0m                                            'speculative_algorithm': 'EAGLE',
[36m(CodeTaskRunner pid=1298220)[0m                                            'speculative_eagle_topk': 1,
[36m(CodeTaskRunner pid=1298220)[0m                                            'speculative_num_draft_tokens': 4,
[36m(CodeTaskRunner pid=1298220)[0m                                            'speculative_num_steps': 3},
[36m(CodeTaskRunner pid=1298220)[0m                                    'multi_stage_wake_up': False,
[36m(CodeTaskRunner pid=1298220)[0m                                    'multi_turn': {'_target_': 'verl.workers.config.MultiTurnConfig',
[36m(CodeTaskRunner pid=1298220)[0m                                                   'enable': False,
[36m(CodeTaskRunner pid=1298220)[0m                                                   'format': 'hermes',
[36m(CodeTaskRunner pid=1298220)[0m                                                   'function_tool_path': None,
[36m(CodeTaskRunner pid=1298220)[0m                                                   'max_assistant_turns': None,
[36m(CodeTaskRunner pid=1298220)[0m                                                   'max_parallel_calls': 1,
[36m(CodeTaskRunner pid=1298220)[0m                                                   'max_tool_response_length': 256,
[36m(CodeTaskRunner pid=1298220)[0m                                                   'max_user_turns': None,
[36m(CodeTaskRunner pid=1298220)[0m                                                   'num_repeat_rollouts': None,
[36m(CodeTaskRunner pid=1298220)[0m                                                   'tokenization_sanity_check_mode': 'strict',
[36m(CodeTaskRunner pid=1298220)[0m                                                   'tool_config_path': None,
[36m(CodeTaskRunner pid=1298220)[0m                                                   'tool_response_truncate_side': 'middle',
[36m(CodeTaskRunner pid=1298220)[0m                                                   'use_inference_chat_template': False},
[36m(CodeTaskRunner pid=1298220)[0m                                    'n': 6,
[36m(CodeTaskRunner pid=1298220)[0m                                    'n_gpus_per_node': 4,
[36m(CodeTaskRunner pid=1298220)[0m                                    'name': 'vllm',
[36m(CodeTaskRunner pid=1298220)[0m                                    'nnodes': 0,
[36m(CodeTaskRunner pid=1298220)[0m                                    'over_sample_rate': 0,
[36m(CodeTaskRunner pid=1298220)[0m                                    'pipeline_model_parallel_size': 1,
[36m(CodeTaskRunner pid=1298220)[0m                                    'profiler': {'_target_': 'verl.utils.profiler.ProfilerConfig',
[36m(CodeTaskRunner pid=1298220)[0m                                                 'all_ranks': False,
[36m(CodeTaskRunner pid=1298220)[0m                                                 'enable': False,
[36m(CodeTaskRunner pid=1298220)[0m                                                 'ranks': [],
[36m(CodeTaskRunner pid=1298220)[0m                                                 'save_path': 'outputs/profile',
[36m(CodeTaskRunner pid=1298220)[0m                                                 'tool': None,
[36m(CodeTaskRunner pid=1298220)[0m                                                 'tool_config': {'npu': {'_target_': 'verl.utils.profiler.config.NPUToolConfig',
[36m(CodeTaskRunner pid=1298220)[0m                                                                         'analysis': True,
[36m(CodeTaskRunner pid=1298220)[0m                                                                         'contents': [],
[36m(CodeTaskRunner pid=1298220)[0m                                                                         'discrete': False,
[36m(CodeTaskRunner pid=1298220)[0m                                                                         'level': 'level0',
[36m(CodeTaskRunner pid=1298220)[0m                                                                         'profile_token_end': None,
[36m(CodeTaskRunner pid=1298220)[0m                                                                         'profile_token_start': None},
[36m(CodeTaskRunner pid=1298220)[0m                                                                 'precision_debugger': {'_target_': 'verl.utils.profiler.config.PrecisionDebuggerToolConfig',
[36m(CodeTaskRunner pid=1298220)[0m                                                                                        'config_path': None,
[36m(CodeTaskRunner pid=1298220)[0m                                                                                        'stages': None,
[36m(CodeTaskRunner pid=1298220)[0m                                                                                        'steps': None,
[36m(CodeTaskRunner pid=1298220)[0m                                                                                        'strict': False},
[36m(CodeTaskRunner pid=1298220)[0m                                                                 'torch': {'_target_': 'verl.utils.profiler.config.TorchProfilerToolConfig',
[36m(CodeTaskRunner pid=1298220)[0m                                                                           'contents': [],
[36m(CodeTaskRunner pid=1298220)[0m                                                                           'discrete': False,
[36m(CodeTaskRunner pid=1298220)[0m                                                                           'profile_token_end': None,
[36m(CodeTaskRunner pid=1298220)[0m                                                                           'profile_token_start': None}}},
[36m(CodeTaskRunner pid=1298220)[0m                                    'prometheus': {'_target_': 'verl.workers.config.PrometheusConfig',
[36m(CodeTaskRunner pid=1298220)[0m                                                   'enable': False,
[36m(CodeTaskRunner pid=1298220)[0m                                                   'file': '/tmp/ray/session_latest/metrics/prometheus/prometheus.yml',
[36m(CodeTaskRunner pid=1298220)[0m                                                   'port': 9090,
[36m(CodeTaskRunner pid=1298220)[0m                                                   'served_model_name': '/scratch/r919a03/huggingface/hub/models--Qwen--Qwen3-30B-A3B-Instruct-2507/snapshots/0d7cf23991f47feeb3a57ecb4c9cee8ea4a17bfe'},
[36m(CodeTaskRunner pid=1298220)[0m                                    'prompt_length': 131072,
[36m(CodeTaskRunner pid=1298220)[0m                                    'qat': {'_target_': 'verl.workers.config.QATEngineConfig',
[36m(CodeTaskRunner pid=1298220)[0m                                            'activation_observer': 'static_minmax',
[36m(CodeTaskRunner pid=1298220)[0m                                            'enable': False,
[36m(CodeTaskRunner pid=1298220)[0m                                            'group_size': 16,
[36m(CodeTaskRunner pid=1298220)[0m                                            'ignore_patterns': ['lm_head',
[36m(CodeTaskRunner pid=1298220)[0m                                                                'embed_tokens',
[36m(CodeTaskRunner pid=1298220)[0m                                                                're:.*mlp.gate$'],
[36m(CodeTaskRunner pid=1298220)[0m                                            'mode': 'w4a16',
[36m(CodeTaskRunner pid=1298220)[0m                                            'quantization_config_path': None},
[36m(CodeTaskRunner pid=1298220)[0m                                    'quantization': None,
[36m(CodeTaskRunner pid=1298220)[0m                                    'quantization_config_file': None,
[36m(CodeTaskRunner pid=1298220)[0m                                    'response_length': 2048,
[36m(CodeTaskRunner pid=1298220)[0m                                    'scheduling_policy': 'fcfs',
[36m(CodeTaskRunner pid=1298220)[0m                                    'seed': 42,
[36m(CodeTaskRunner pid=1298220)[0m                                    'skip_tokenizer_init': True,
[36m(CodeTaskRunner pid=1298220)[0m                                    'temperature': 1.0,
[36m(CodeTaskRunner pid=1298220)[0m                                    'tensor_model_parallel_size': 1,
[36m(CodeTaskRunner pid=1298220)[0m                                    'top_k': -1,
[36m(CodeTaskRunner pid=1298220)[0m                                    'top_p': 1,
[36m(CodeTaskRunner pid=1298220)[0m                                    'trace': {'_target_': 'verl.workers.config.TraceConfig',
[36m(CodeTaskRunner pid=1298220)[0m                                              'backend': None,
[36m(CodeTaskRunner pid=1298220)[0m                                              'experiment_name': 'exp_Q005_p2p_tolerant',
[36m(CodeTaskRunner pid=1298220)[0m                                              'max_samples_per_step_per_worker': None,
[36m(CodeTaskRunner pid=1298220)[0m                                              'project_name': 'code_rl_reward_research',
[36m(CodeTaskRunner pid=1298220)[0m                                              'token2text': False},
[36m(CodeTaskRunner pid=1298220)[0m                                    'val_kwargs': {'_target_': 'verl.workers.config.SamplingConfig',
[36m(CodeTaskRunner pid=1298220)[0m                                                   'do_sample': False,
[36m(CodeTaskRunner pid=1298220)[0m                                                   'n': 1,
[36m(CodeTaskRunner pid=1298220)[0m                                                   'temperature': 0,
[36m(CodeTaskRunner pid=1298220)[0m                                                   'top_k': -1,
[36m(CodeTaskRunner pid=1298220)[0m                                                   'top_p': 1.0}}},
[36m(CodeTaskRunner pid=1298220)[0m  'algorithm': {'_target_': 'verl.trainer.config.AlgoConfig',
[36m(CodeTaskRunner pid=1298220)[0m                'adv_estimator': 'grpo',
[36m(CodeTaskRunner pid=1298220)[0m                'filter_groups': {'_target_': 'verl.trainer.config.FilterGroupsConfig',
[36m(CodeTaskRunner pid=1298220)[0m                                  'enable': False,
[36m(CodeTaskRunner pid=1298220)[0m                                  'max_inflight_gen_batches': 1,
[36m(CodeTaskRunner pid=1298220)[0m                                  'max_num_gen_batches': 0,
[36m(CodeTaskRunner pid=1298220)[0m                                  'metric': None},
[36m(CodeTaskRunner pid=1298220)[0m                'gamma': 1.0,
[36m(CodeTaskRunner pid=1298220)[0m                'kl_ctrl': {'_target_': 'verl.trainer.config.KLControlConfig',
[36m(CodeTaskRunner pid=1298220)[0m                            'horizon': 10000,
[36m(CodeTaskRunner pid=1298220)[0m                            'kl_coef': 0.001,
[36m(CodeTaskRunner pid=1298220)[0m                            'target_kl': 0.1,
[36m(CodeTaskRunner pid=1298220)[0m                            'type': 'fixed'},
[36m(CodeTaskRunner pid=1298220)[0m                'kl_penalty': 'kl',
[36m(CodeTaskRunner pid=1298220)[0m                'lam': 1.0,
[36m(CodeTaskRunner pid=1298220)[0m                'norm_adv_by_std_in_grpo': True,
[36m(CodeTaskRunner pid=1298220)[0m                'pf_ppo': {'reweight_method': 'pow', 'weight_pow': 2.0},
[36m(CodeTaskRunner pid=1298220)[0m                'rollout_correction': {'bypass_mode': False,
[36m(CodeTaskRunner pid=1298220)[0m                                       'loss_type': 'ppo_clip',
[36m(CodeTaskRunner pid=1298220)[0m                                       'rollout_is': None,
[36m(CodeTaskRunner pid=1298220)[0m                                       'rollout_is_batch_normalize': False,
[36m(CodeTaskRunner pid=1298220)[0m                                       'rollout_is_threshold': 2.0,
[36m(CodeTaskRunner pid=1298220)[0m                                       'rollout_rs': None,
[36m(CodeTaskRunner pid=1298220)[0m                                       'rollout_rs_threshold': None},
[36m(CodeTaskRunner pid=1298220)[0m                'use_kl_in_reward': False,
[36m(CodeTaskRunner pid=1298220)[0m                'use_pf_ppo': False},
[36m(CodeTaskRunner pid=1298220)[0m  'critic': {'_target_': 'verl.workers.config.FSDPCriticConfig',
[36m(CodeTaskRunner pid=1298220)[0m             'checkpoint': {'_target_': 'verl.trainer.config.CheckpointConfig',
[36m(CodeTaskRunner pid=1298220)[0m                            'async_save': False,
[36m(CodeTaskRunner pid=1298220)[0m                            'load_contents': ['model', 'optimizer', 'extra'],
[36m(CodeTaskRunner pid=1298220)[0m                            'save_contents': ['model', 'optimizer', 'extra']},
[36m(CodeTaskRunner pid=1298220)[0m             'cliprange_value': 0.5,
[36m(CodeTaskRunner pid=1298220)[0m             'data_loader_seed': 42,
[36m(CodeTaskRunner pid=1298220)[0m             'enable': None,
[36m(CodeTaskRunner pid=1298220)[0m             'forward_max_token_len_per_gpu': 32768,
[36m(CodeTaskRunner pid=1298220)[0m             'forward_micro_batch_size': None,
[36m(CodeTaskRunner pid=1298220)[0m             'forward_micro_batch_size_per_gpu': None,
[36m(CodeTaskRunner pid=1298220)[0m             'fsdp': {'_target_': 'verl.workers.config.FSDPEngineConfig',
[36m(CodeTaskRunner pid=1298220)[0m                      'dtype': 'bfloat16',
[36m(CodeTaskRunner pid=1298220)[0m                      'entropy_checkpointing': False,
[36m(CodeTaskRunner pid=1298220)[0m                      'entropy_from_logits_chunk_size': 2048,
[36m(CodeTaskRunner pid=1298220)[0m                      'entropy_from_logits_with_chunking': False,
[36m(CodeTaskRunner pid=1298220)[0m                      'forward_only': False,
[36m(CodeTaskRunner pid=1298220)[0m                      'forward_prefetch': False,
[36m(CodeTaskRunner pid=1298220)[0m                      'fsdp_size': -1,
[36m(CodeTaskRunner pid=1298220)[0m                      'full_determinism': False,
[36m(CodeTaskRunner pid=1298220)[0m                      'model_dtype': 'fp32',
[36m(CodeTaskRunner pid=1298220)[0m                      'offload_policy': False,
[36m(CodeTaskRunner pid=1298220)[0m                      'optimizer_offload': False,
[36m(CodeTaskRunner pid=1298220)[0m                      'pad_to_length': False,
[36m(CodeTaskRunner pid=1298220)[0m                      'pad_to_length_bucket': 1024,
[36m(CodeTaskRunner pid=1298220)[0m                      'param_offload': False,
[36m(CodeTaskRunner pid=1298220)[0m                      'qat': {'_target_': 'verl.workers.config.QATEngineConfig',
[36m(CodeTaskRunner pid=1298220)[0m                              'activation_observer': 'static_minmax',
[36m(CodeTaskRunner pid=1298220)[0m                              'enable': False,
[36m(CodeTaskRunner pid=1298220)[0m                              'group_size': 16,
[36m(CodeTaskRunner pid=1298220)[0m                              'ignore_patterns': ['lm_head',
[36m(CodeTaskRunner pid=1298220)[0m                                                  'embed_tokens',
[36m(CodeTaskRunner pid=1298220)[0m                                                  're:.*mlp.gate$'],
[36m(CodeTaskRunner pid=1298220)[0m                              'mode': 'w4a16',
[36m(CodeTaskRunner pid=1298220)[0m                              'quantization_config_path': None},
[36m(CodeTaskRunner pid=1298220)[0m                      'reshard_after_forward': True,
[36m(CodeTaskRunner pid=1298220)[0m                      'seed': 42,
[36m(CodeTaskRunner pid=1298220)[0m                      'strategy': 'fsdp',
[36m(CodeTaskRunner pid=1298220)[0m                      'ulysses_sequence_parallel_size': 1,
[36m(CodeTaskRunner pid=1298220)[0m                      'use_orig_params': False,
[36m(CodeTaskRunner pid=1298220)[0m                      'use_torch_compile': True,
[36m(CodeTaskRunner pid=1298220)[0m                      'wrap_policy': {'min_num_params': 0}},
[36m(CodeTaskRunner pid=1298220)[0m             'grad_clip': 1.0,
[36m(CodeTaskRunner pid=1298220)[0m             'loss_agg_mode': 'token-mean',
[36m(CodeTaskRunner pid=1298220)[0m             'loss_scale_factor': None,
[36m(CodeTaskRunner pid=1298220)[0m             'model': {'_target_': 'verl.workers.config.HFModelConfig',
[36m(CodeTaskRunner pid=1298220)[0m                       'custom_chat_template': None,
[36m(CodeTaskRunner pid=1298220)[0m                       'enable_activation_offload': False,
[36m(CodeTaskRunner pid=1298220)[0m                       'enable_gradient_checkpointing': True,
[36m(CodeTaskRunner pid=1298220)[0m                       'exclude_modules': None,
[36m(CodeTaskRunner pid=1298220)[0m                       'external_lib': None,
[36m(CodeTaskRunner pid=1298220)[0m                       'fused_kernel_options': {'impl_backend': 'torch'},
[36m(CodeTaskRunner pid=1298220)[0m                       'hf_config_path': None,
[36m(CodeTaskRunner pid=1298220)[0m                       'lora': {'a2a_experimental': False,
[36m(CodeTaskRunner pid=1298220)[0m                                'adapter_path': None,
[36m(CodeTaskRunner pid=1298220)[0m                                'alpha': 32,
[36m(CodeTaskRunner pid=1298220)[0m                                'dropout': 0.0,
[36m(CodeTaskRunner pid=1298220)[0m                                'dropout_position': 'pre',
[36m(CodeTaskRunner pid=1298220)[0m                                'dtype': None,
[36m(CodeTaskRunner pid=1298220)[0m                                'exclude_modules': [],
[36m(CodeTaskRunner pid=1298220)[0m                                'freeze_language_model': True,
[36m(CodeTaskRunner pid=1298220)[0m                                'freeze_vision_model': True,
[36m(CodeTaskRunner pid=1298220)[0m                                'freeze_vision_projection': True,
[36m(CodeTaskRunner pid=1298220)[0m                                'lora_A_init_method': 'xavier',
[36m(CodeTaskRunner pid=1298220)[0m                                'lora_B_init_method': 'zero',
[36m(CodeTaskRunner pid=1298220)[0m                                'merge': False,
[36m(CodeTaskRunner pid=1298220)[0m                                'rank': 0,
[36m(CodeTaskRunner pid=1298220)[0m                                'target_modules': ['linear_qkv',
[36m(CodeTaskRunner pid=1298220)[0m                                                   'linear_proj',
[36m(CodeTaskRunner pid=1298220)[0m                                                   'linear_fc1',
[36m(CodeTaskRunner pid=1298220)[0m                                                   'linear_fc2'],
[36m(CodeTaskRunner pid=1298220)[0m                                'type': 'lora'},
[36m(CodeTaskRunner pid=1298220)[0m                       'lora_adapter_path': None,
[36m(CodeTaskRunner pid=1298220)[0m                       'lora_alpha': 16,
[36m(CodeTaskRunner pid=1298220)[0m                       'lora_rank': 0,
[36m(CodeTaskRunner pid=1298220)[0m                       'mtp': {'_target_': 'verl.workers.config.MtpConfig',
[36m(CodeTaskRunner pid=1298220)[0m                               'detach_encoder': False,
[36m(CodeTaskRunner pid=1298220)[0m                               'enable': False,
[36m(CodeTaskRunner pid=1298220)[0m                               'enable_rollout': False,
[36m(CodeTaskRunner pid=1298220)[0m                               'enable_train': False,
[36m(CodeTaskRunner pid=1298220)[0m                               'method': 'mtp',
[36m(CodeTaskRunner pid=1298220)[0m                               'mtp_loss_scaling_factor': 0.1,
[36m(CodeTaskRunner pid=1298220)[0m                               'num_speculative_tokens': 1,
[36m(CodeTaskRunner pid=1298220)[0m                               'speculative_algorithm': 'EAGLE',
[36m(CodeTaskRunner pid=1298220)[0m                               'speculative_eagle_topk': 1,
[36m(CodeTaskRunner pid=1298220)[0m                               'speculative_num_draft_tokens': 4,
[36m(CodeTaskRunner pid=1298220)[0m                               'speculative_num_steps': 3},
[36m(CodeTaskRunner pid=1298220)[0m                       'override_config': {},
[36m(CodeTaskRunner pid=1298220)[0m                       'path': '~/models/deepseek-llm-7b-chat',
[36m(CodeTaskRunner pid=1298220)[0m                       'target_modules': 'all-linear',
[36m(CodeTaskRunner pid=1298220)[0m                       'tiled_mlp': {'enabled': False, 'num_shards': 4},
[36m(CodeTaskRunner pid=1298220)[0m                       'tokenizer_path': None,
[36m(CodeTaskRunner pid=1298220)[0m                       'trust_remote_code': False,
[36m(CodeTaskRunner pid=1298220)[0m                       'use_fused_kernels': False,
[36m(CodeTaskRunner pid=1298220)[0m                       'use_liger': False,
[36m(CodeTaskRunner pid=1298220)[0m                       'use_remove_padding': True,
[36m(CodeTaskRunner pid=1298220)[0m                       'use_shm': False},
[36m(CodeTaskRunner pid=1298220)[0m             'optim': {'_target_': 'verl.workers.config.FSDPOptimizerConfig',
[36m(CodeTaskRunner pid=1298220)[0m                       'betas': [0.9, 0.999],
[36m(CodeTaskRunner pid=1298220)[0m                       'clip_grad': 1.0,
[36m(CodeTaskRunner pid=1298220)[0m                       'lr': 1e-05,
[36m(CodeTaskRunner pid=1298220)[0m                       'lr_scheduler_type': 'constant',
[36m(CodeTaskRunner pid=1298220)[0m                       'lr_warmup_steps': -1,
[36m(CodeTaskRunner pid=1298220)[0m                       'lr_warmup_steps_ratio': 0.0,
[36m(CodeTaskRunner pid=1298220)[0m                       'min_lr_ratio': 0.0,
[36m(CodeTaskRunner pid=1298220)[0m                       'num_cycles': 0.5,
[36m(CodeTaskRunner pid=1298220)[0m                       'optimizer': 'AdamW',
[36m(CodeTaskRunner pid=1298220)[0m                       'optimizer_impl': 'torch.optim',
[36m(CodeTaskRunner pid=1298220)[0m                       'override_optimizer_config': None,
[36m(CodeTaskRunner pid=1298220)[0m                       'total_training_steps': -1,
[36m(CodeTaskRunner pid=1298220)[0m                       'warmup_style': None,
[36m(CodeTaskRunner pid=1298220)[0m                       'weight_decay': 0.01,
[36m(CodeTaskRunner pid=1298220)[0m                       'zero_indexed_step': True},
[36m(CodeTaskRunner pid=1298220)[0m             'ppo_epochs': 1,
[36m(CodeTaskRunner pid=1298220)[0m             'ppo_max_token_len_per_gpu': 32768,
[36m(CodeTaskRunner pid=1298220)[0m             'ppo_micro_batch_size': None,
[36m(CodeTaskRunner pid=1298220)[0m             'ppo_micro_batch_size_per_gpu': None,
[36m(CodeTaskRunner pid=1298220)[0m             'ppo_mini_batch_size': 24,
[36m(CodeTaskRunner pid=1298220)[0m             'profiler': {'_target_': 'verl.utils.profiler.ProfilerConfig',
[36m(CodeTaskRunner pid=1298220)[0m                          'all_ranks': False,
[36m(CodeTaskRunner pid=1298220)[0m                          'enable': False,
[36m(CodeTaskRunner pid=1298220)[0m                          'ranks': [],
[36m(CodeTaskRunner pid=1298220)[0m                          'save_path': 'outputs/profile',
[36m(CodeTaskRunner pid=1298220)[0m                          'tool': None,
[36m(CodeTaskRunner pid=1298220)[0m                          'tool_config': {'npu': {'_target_': 'verl.utils.profiler.config.NPUToolConfig',
[36m(CodeTaskRunner pid=1298220)[0m                                                  'analysis': True,
[36m(CodeTaskRunner pid=1298220)[0m                                                  'contents': [],
[36m(CodeTaskRunner pid=1298220)[0m                                                  'discrete': False,
[36m(CodeTaskRunner pid=1298220)[0m                                                  'level': 'level0'},
[36m(CodeTaskRunner pid=1298220)[0m                                          'nsys': {'_target_': 'verl.utils.profiler.config.NsightToolConfig',
[36m(CodeTaskRunner pid=1298220)[0m                                                   'discrete': False},
[36m(CodeTaskRunner pid=1298220)[0m                                          'precision_debugger': {'_target_': 'verl.utils.profiler.config.PrecisionDebuggerToolConfig',
[36m(CodeTaskRunner pid=1298220)[0m                                                                 'config_path': None,
[36m(CodeTaskRunner pid=1298220)[0m                                                                 'stages': None,
[36m(CodeTaskRunner pid=1298220)[0m                                                                 'steps': None,
[36m(CodeTaskRunner pid=1298220)[0m                                                                 'strict': False},
[36m(CodeTaskRunner pid=1298220)[0m                                          'torch': {'_target_': 'verl.utils.profiler.config.TorchProfilerToolConfig',
[36m(CodeTaskRunner pid=1298220)[0m                                                    'contents': [],
[36m(CodeTaskRunner pid=1298220)[0m                                                    'discrete': False,
[36m(CodeTaskRunner pid=1298220)[0m                                                    'schedule': {'_target_': 'verl.utils.profiler.config.TorchProfilerScheduleConfig',
[36m(CodeTaskRunner pid=1298220)[0m                                                                 'active': 0,
[36m(CodeTaskRunner pid=1298220)[0m                                                                 'repeat': 0,
[36m(CodeTaskRunner pid=1298220)[0m                                                                 'skip_first': 0,
[36m(CodeTaskRunner pid=1298220)[0m                                                                 'wait': 0,
[36m(CodeTaskRunner pid=1298220)[0m                                                                 'warmup': 0}},
[36m(CodeTaskRunner pid=1298220)[0m                                          'torch_memory': {'_target_': 'verl.utils.profiler.config.TorchMemoryToolConfig',
[36m(CodeTaskRunner pid=1298220)[0m                                                           'stack_depth': 32,
[36m(CodeTaskRunner pid=1298220)[0m                                                           'trace_alloc_max_entries': 100000}}},
[36m(CodeTaskRunner pid=1298220)[0m             'rollout_n': 6,
[36m(CodeTaskRunner pid=1298220)[0m             'shuffle': False,
[36m(CodeTaskRunner pid=1298220)[0m             'strategy': 'fsdp',
[36m(CodeTaskRunner pid=1298220)[0m             'ulysses_sequence_parallel_size': 1,
[36m(CodeTaskRunner pid=1298220)[0m             'use_dynamic_bsz': True},
[36m(CodeTaskRunner pid=1298220)[0m  'custom_reward_function': {'name': None, 'path': None},
[36m(CodeTaskRunner pid=1298220)[0m  'data': {'apply_chat_template_kwargs': {},
[36m(CodeTaskRunner pid=1298220)[0m           'audio_key': 'audios',
[36m(CodeTaskRunner pid=1298220)[0m           'continuous_token': {'enable': False, 'model_family': 'auto'},
[36m(CodeTaskRunner pid=1298220)[0m           'custom_cls': {'name': None, 'path': None},
[36m(CodeTaskRunner pid=1298220)[0m           'dataloader_num_workers': 8,
[36m(CodeTaskRunner pid=1298220)[0m           'filter_overlong_prompts': True,
[36m(CodeTaskRunner pid=1298220)[0m           'filter_overlong_prompts_workers': 1,
[36m(CodeTaskRunner pid=1298220)[0m           'function_tool_path': None,
[36m(CodeTaskRunner pid=1298220)[0m           'gen_batch_size': None,
[36m(CodeTaskRunner pid=1298220)[0m           'hier_sampler': {'task_key': 'data_source',
[36m(CodeTaskRunner pid=1298220)[0m                            'task_weights': {'t15_repo_patch': 0.25,
[36m(CodeTaskRunner pid=1298220)[0m                                             't15_unittest_impl': 0.75},
[36m(CodeTaskRunner pid=1298220)[0m                            'variant_key': 'variant_type',
[36m(CodeTaskRunner pid=1298220)[0m                            'variant_weights': {'swe_128k': 0.15,
[36m(CodeTaskRunner pid=1298220)[0m                                                'swe_32k': 0.5,
[36m(CodeTaskRunner pid=1298220)[0m                                                'swe_64k': 0.35,
[36m(CodeTaskRunner pid=1298220)[0m                                                'ut_function': 0.45,
[36m(CodeTaskRunner pid=1298220)[0m                                                'ut_pytest': 0.3,
[36m(CodeTaskRunner pid=1298220)[0m                                                'ut_stdio': 0.25}},
[36m(CodeTaskRunner pid=1298220)[0m           'image_key': 'images',
[36m(CodeTaskRunner pid=1298220)[0m           'image_patch_size': 14,
[36m(CodeTaskRunner pid=1298220)[0m           'max_prompt_length': 131072,
[36m(CodeTaskRunner pid=1298220)[0m           'max_response_length': 2048,
[36m(CodeTaskRunner pid=1298220)[0m           'mm_processor_kwargs': {},
[36m(CodeTaskRunner pid=1298220)[0m           'prompt_key': 'prompt',
[36m(CodeTaskRunner pid=1298220)[0m           'return_full_prompt': False,
[36m(CodeTaskRunner pid=1298220)[0m           'return_multi_modal_inputs': True,
[36m(CodeTaskRunner pid=1298220)[0m           'return_raw_chat': True,
[36m(CodeTaskRunner pid=1298220)[0m           'return_raw_input_ids': False,
[36m(CodeTaskRunner pid=1298220)[0m           'reward_fn_key': 'data_source',
[36m(CodeTaskRunner pid=1298220)[0m           'seed': 0,
[36m(CodeTaskRunner pid=1298220)[0m           'shuffle': True,
[36m(CodeTaskRunner pid=1298220)[0m           'tokenizer': None,
[36m(CodeTaskRunner pid=1298220)[0m           'tool_config_path': None,
[36m(CodeTaskRunner pid=1298220)[0m           'train_batch_size': 24,
[36m(CodeTaskRunner pid=1298220)[0m           'train_files': '/scratch/r919a03/code_verl_test/data/curated/curated_v3/train.parquet',
[36m(CodeTaskRunner pid=1298220)[0m           'train_max_samples': -1,
[36m(CodeTaskRunner pid=1298220)[0m           'truncation': 'error',
[36m(CodeTaskRunner pid=1298220)[0m           'trust_remote_code': False,
[36m(CodeTaskRunner pid=1298220)[0m           'use_shm': False,
[36m(CodeTaskRunner pid=1298220)[0m           'val_batch_size': None,
[36m(CodeTaskRunner pid=1298220)[0m           'val_files': '/scratch/r919a03/code_verl_test/data/curated/curated_v3/validation.parquet',
[36m(CodeTaskRunner pid=1298220)[0m           'val_max_samples': -1,
[36m(CodeTaskRunner pid=1298220)[0m           'validation_shuffle': False,
[36m(CodeTaskRunner pid=1298220)[0m           'video_key': 'videos'},
[36m(CodeTaskRunner pid=1298220)[0m  'distillation': {'_target_': 'verl.workers.config.DistillationConfig',
[36m(CodeTaskRunner pid=1298220)[0m                   'distillation_loss': {'_target_': 'verl.workers.config.DistillationLossConfig',
[36m(CodeTaskRunner pid=1298220)[0m                                         'clip_ratio': 0.2,
[36m(CodeTaskRunner pid=1298220)[0m                                         'clip_ratio_high': 0.2,
[36m(CodeTaskRunner pid=1298220)[0m                                         'clip_ratio_low': 0.2,
[36m(CodeTaskRunner pid=1298220)[0m                                         'distillation_loss_coef': 1.0,
[36m(CodeTaskRunner pid=1298220)[0m                                         'log_prob_min_clamp': None,
[36m(CodeTaskRunner pid=1298220)[0m                                         'loss_max_clamp': None,
[36m(CodeTaskRunner pid=1298220)[0m                                         'loss_mode': 'k3',
[36m(CodeTaskRunner pid=1298220)[0m                                         'policy_loss_mode': 'vanilla',
[36m(CodeTaskRunner pid=1298220)[0m                                         'topk': 32,
[36m(CodeTaskRunner pid=1298220)[0m                                         'use_policy_gradient': False,
[36m(CodeTaskRunner pid=1298220)[0m                                         'use_task_rewards': True},
[36m(CodeTaskRunner pid=1298220)[0m                   'enabled': False,
[36m(CodeTaskRunner pid=1298220)[0m                   'n_gpus_per_node': 8,
[36m(CodeTaskRunner pid=1298220)[0m                   'nnodes': 0,
[36m(CodeTaskRunner pid=1298220)[0m                   'teacher_key': 'data_source',
[36m(CodeTaskRunner pid=1298220)[0m                   'teacher_models': {'teacher_model': {'_target_': 'verl.workers.config.DistillationTeacherModelConfig',
[36m(CodeTaskRunner pid=1298220)[0m                                                        'inference': {'_target_': 'verl.workers.config.RolloutConfig',
[36m(CodeTaskRunner pid=1298220)[0m                                                                      'cudagraph_capture_sizes': None,
[36m(CodeTaskRunner pid=1298220)[0m                                                                      'data_parallel_size': 1,
[36m(CodeTaskRunner pid=1298220)[0m                                                                      'disable_log_stats': True,
[36m(CodeTaskRunner pid=1298220)[0m                                                                      'dtype': 'bfloat16',
[36m(CodeTaskRunner pid=1298220)[0m                                                                      'enable_chunked_prefill': True,
[36m(CodeTaskRunner pid=1298220)[0m                                                                      'enable_prefix_caching': True,
[36m(CodeTaskRunner pid=1298220)[0m                                                                      'enforce_eager': True,
[36m(CodeTaskRunner pid=1298220)[0m                                                                      'engine_kwargs': {},
[36m(CodeTaskRunner pid=1298220)[0m                                                                      'expert_parallel_size': 1,
[36m(CodeTaskRunner pid=1298220)[0m                                                                      'free_cache_engine': True,
[36m(CodeTaskRunner pid=1298220)[0m                                                                      'gpu_memory_utilization': 0.5,
[36m(CodeTaskRunner pid=1298220)[0m                                                                      'limit_images': None,
[36m(CodeTaskRunner pid=1298220)[0m                                                                      'load_format': 'auto',
[36m(CodeTaskRunner pid=1298220)[0m                                                                      'max_model_len': None,
[36m(CodeTaskRunner pid=1298220)[0m                                                                      'max_num_batched_tokens': 8192,
[36m(CodeTaskRunner pid=1298220)[0m                                                                      'max_num_seqs': 1024,
[36m(CodeTaskRunner pid=1298220)[0m                                                                      'name': 'vllm',
[36m(CodeTaskRunner pid=1298220)[0m                                                                      'prompt_length': 131072,
[36m(CodeTaskRunner pid=1298220)[0m                                                                      'response_length': 2048,
[36m(CodeTaskRunner pid=1298220)[0m                                                                      'skip_tokenizer_init': True,
[36m(CodeTaskRunner pid=1298220)[0m                                                                      'temperature': 1.0,
[36m(CodeTaskRunner pid=1298220)[0m                                                                      'tensor_model_parallel_size': 2},
[36m(CodeTaskRunner pid=1298220)[0m                                                        'key': None,
[36m(CodeTaskRunner pid=1298220)[0m                                                        'model_path': None,
[36m(CodeTaskRunner pid=1298220)[0m                                                        'num_replicas': 0}}},
[36m(CodeTaskRunner pid=1298220)[0m  'global_profiler': {'_target_': 'verl.utils.profiler.ProfilerConfig',
[36m(CodeTaskRunner pid=1298220)[0m                      'global_tool_config': {'nsys': {'_target_': 'verl.utils.profiler.config.NsightToolConfig',
[36m(CodeTaskRunner pid=1298220)[0m                                                      'controller_nsight_options': {'cuda-graph-trace': 'graph',
[36m(CodeTaskRunner pid=1298220)[0m                                                                                    'cuda-memory-usage': 'true',
[36m(CodeTaskRunner pid=1298220)[0m                                                                                    'trace': 'cuda,nvtx,cublas,ucx'},
[36m(CodeTaskRunner pid=1298220)[0m                                                      'discrete': False,
[36m(CodeTaskRunner pid=1298220)[0m                                                      'worker_nsight_options': {'capture-range': 'cudaProfilerApi',
[36m(CodeTaskRunner pid=1298220)[0m                                                                                'capture-range-end': None,
[36m(CodeTaskRunner pid=1298220)[0m                                                                                'cuda-graph-trace': 'graph',
[36m(CodeTaskRunner pid=1298220)[0m                                                                                'cuda-memory-usage': 'true',
[36m(CodeTaskRunner pid=1298220)[0m                                                                                'kill': 'none',
[36m(CodeTaskRunner pid=1298220)[0m                                                                                'trace': 'cuda,nvtx,cublas,ucx'}},
[36m(CodeTaskRunner pid=1298220)[0m                                             'precision_debugger': {'_target_': 'verl.utils.profiler.config.PrecisionDebuggerToolConfig',
[36m(CodeTaskRunner pid=1298220)[0m                                                                    'config_path': None,
[36m(CodeTaskRunner pid=1298220)[0m                                                                    'stages': None,
[36m(CodeTaskRunner pid=1298220)[0m                                                                    'steps': None,
[36m(CodeTaskRunner pid=1298220)[0m                                                                    'strict': False},
[36m(CodeTaskRunner pid=1298220)[0m                                             'torch_memory': {'context': 'all',
[36m(CodeTaskRunner pid=1298220)[0m                                                              'kw_args': {},
[36m(CodeTaskRunner pid=1298220)[0m                                                              'stack_depth': 32,
[36m(CodeTaskRunner pid=1298220)[0m                                                              'stacks': 'all',
[36m(CodeTaskRunner pid=1298220)[0m                                                              'trace_alloc_max_entries': 100000}},
[36m(CodeTaskRunner pid=1298220)[0m                      'profile_continuous_steps': False,
[36m(CodeTaskRunner pid=1298220)[0m                      'save_path': 'outputs/profile',
[36m(CodeTaskRunner pid=1298220)[0m                      'steps': None,
[36m(CodeTaskRunner pid=1298220)[0m                      'tool': None},
[36m(CodeTaskRunner pid=1298220)[0m  'model_engine': 'dp',
[36m(CodeTaskRunner pid=1298220)[0m  'ray_kwargs': {'ray_init': {'num_cpus': None,
[36m(CodeTaskRunner pid=1298220)[0m                              'object_store_memory': 40000000000},
[36m(CodeTaskRunner pid=1298220)[0m                 'timeline_json_file': None},
[36m(CodeTaskRunner pid=1298220)[0m  'reward': {'_target_': 'verl.workers.config.RewardConfig',
[36m(CodeTaskRunner pid=1298220)[0m             'custom_reward_function': {'name': 'compute_score',
[36m(CodeTaskRunner pid=1298220)[0m                                        'path': '/scratch/r919a03/code_verl_test/verifier/verl_reward.py'},
[36m(CodeTaskRunner pid=1298220)[0m             'num_workers': 4,
[36m(CodeTaskRunner pid=1298220)[0m             'reward_manager': {'_target_': 'verl.workers.config.reward.RewardManagerConfig',
[36m(CodeTaskRunner pid=1298220)[0m                                'module': {'_target_': 'verl.trainer.config.config.ModuleConfig',
[36m(CodeTaskRunner pid=1298220)[0m                                           'name': 'custom_reward_manager',
[36m(CodeTaskRunner pid=1298220)[0m                                           'path': None},
[36m(CodeTaskRunner pid=1298220)[0m                                'name': 'naive',
[36m(CodeTaskRunner pid=1298220)[0m                                'source': 'register'},
[36m(CodeTaskRunner pid=1298220)[0m             'reward_model': {'_target_': 'verl.workers.config.RewardModelConfig',
[36m(CodeTaskRunner pid=1298220)[0m                              'enable': False,
[36m(CodeTaskRunner pid=1298220)[0m                              'enable_resource_pool': False,
[36m(CodeTaskRunner pid=1298220)[0m                              'model_path': None,
[36m(CodeTaskRunner pid=1298220)[0m                              'n_gpus_per_node': 8,
[36m(CodeTaskRunner pid=1298220)[0m                              'nnodes': 0,
[36m(CodeTaskRunner pid=1298220)[0m                              'rollout': {'_target_': 'verl.workers.config.RolloutConfig',
[36m(CodeTaskRunner pid=1298220)[0m                                          'cudagraph_capture_sizes': None,
[36m(CodeTaskRunner pid=1298220)[0m                                          'data_parallel_size': 1,
[36m(CodeTaskRunner pid=1298220)[0m                                          'disable_log_stats': True,
[36m(CodeTaskRunner pid=1298220)[0m                                          'disaggregation': {'bootstrap_port': None,
[36m(CodeTaskRunner pid=1298220)[0m                                                             'decode_replicas': 1,
[36m(CodeTaskRunner pid=1298220)[0m                                                             'decode_tensor_model_parallel_size': None,
[36m(CodeTaskRunner pid=1298220)[0m                                                             'enabled': False,
[36m(CodeTaskRunner pid=1298220)[0m                                                             'ib_device': None,
[36m(CodeTaskRunner pid=1298220)[0m                                                             'prefill_replicas': 1,
[36m(CodeTaskRunner pid=1298220)[0m                                                             'transfer_backend': 'nixl'},
[36m(CodeTaskRunner pid=1298220)[0m                                          'do_sample': True,
[36m(CodeTaskRunner pid=1298220)[0m                                          'dtype': 'bfloat16',
[36m(CodeTaskRunner pid=1298220)[0m                                          'enable_chunked_prefill': True,
[36m(CodeTaskRunner pid=1298220)[0m                                          'enable_prefix_caching': True,
[36m(CodeTaskRunner pid=1298220)[0m                                          'enforce_eager': True,
[36m(CodeTaskRunner pid=1298220)[0m                                          'engine_kwargs': {},
[36m(CodeTaskRunner pid=1298220)[0m                                          'expert_parallel_size': 1,
[36m(CodeTaskRunner pid=1298220)[0m                                          'free_cache_engine': True,
[36m(CodeTaskRunner pid=1298220)[0m                                          'full_determinism': False,
[36m(CodeTaskRunner pid=1298220)[0m                                          'gpu_memory_utilization': 0.5,
[36m(CodeTaskRunner pid=1298220)[0m                                          'ignore_eos': False,
[36m(CodeTaskRunner pid=1298220)[0m                                          'layered_summon': False,
[36m(CodeTaskRunner pid=1298220)[0m                                          'limit_images': None,
[36m(CodeTaskRunner pid=1298220)[0m                                          'load_format': 'auto',
[36m(CodeTaskRunner pid=1298220)[0m                                          'max_model_len': None,
[36m(CodeTaskRunner pid=1298220)[0m                                          'max_num_batched_tokens': 8192,
[36m(CodeTaskRunner pid=1298220)[0m                                          'max_num_seqs': 1024,
[36m(CodeTaskRunner pid=1298220)[0m                                          'mtp': None,
[36m(CodeTaskRunner pid=1298220)[0m                                          'multi_stage_wake_up': False,
[36m(CodeTaskRunner pid=1298220)[0m                                          'n': 1,
[36m(CodeTaskRunner pid=1298220)[0m                                          'name': '???',
[36m(CodeTaskRunner pid=1298220)[0m                                          'pipeline_model_parallel_size': 1,
[36m(CodeTaskRunner pid=1298220)[0m                                          'prompt_length': 2048,
[36m(CodeTaskRunner pid=1298220)[0m                                          'quantization': None,
[36m(CodeTaskRunner pid=1298220)[0m                                          'quantization_config_file': None,
[36m(CodeTaskRunner pid=1298220)[0m                                          'response_length': 2048,
[36m(CodeTaskRunner pid=1298220)[0m                                          'scheduling_policy': 'fcfs',
[36m(CodeTaskRunner pid=1298220)[0m                                          'seed': 42,
[36m(CodeTaskRunner pid=1298220)[0m                                          'skip_tokenizer_init': False,
[36m(CodeTaskRunner pid=1298220)[0m                                          'temperature': 1.0,
[36m(CodeTaskRunner pid=1298220)[0m                                          'tensor_model_parallel_size': 2,
[36m(CodeTaskRunner pid=1298220)[0m                                          'top_k': -1,
[36m(CodeTaskRunner pid=1298220)[0m                                          'top_p': 1}},
[36m(CodeTaskRunner pid=1298220)[0m             'sandbox_fusion': {'_target_': 'verl.workers.config.SandboxFusionConfig',
[36m(CodeTaskRunner pid=1298220)[0m                                'max_concurrent': 64,
[36m(CodeTaskRunner pid=1298220)[0m                                'memory_limit_mb': 1024,
[36m(CodeTaskRunner pid=1298220)[0m                                'url': None}},
[36m(CodeTaskRunner pid=1298220)[0m  'reward_model': {'enable': None,
[36m(CodeTaskRunner pid=1298220)[0m                   'enable_resource_pool': None,
[36m(CodeTaskRunner pid=1298220)[0m                   'model': {'external_lib': None,
[36m(CodeTaskRunner pid=1298220)[0m                             'path': None,
[36m(CodeTaskRunner pid=1298220)[0m                             'trust_remote_code': None},
[36m(CodeTaskRunner pid=1298220)[0m                   'n_gpus_per_node': None,
[36m(CodeTaskRunner pid=1298220)[0m                   'nnodes': None,
[36m(CodeTaskRunner pid=1298220)[0m                   'num_workers': None,
[36m(CodeTaskRunner pid=1298220)[0m                   'reward_loop_class_name': None,
[36m(CodeTaskRunner pid=1298220)[0m                   'reward_loop_module_path': None,
[36m(CodeTaskRunner pid=1298220)[0m                   'reward_loop_source': None,
[36m(CodeTaskRunner pid=1298220)[0m                   'reward_manager': None,
[36m(CodeTaskRunner pid=1298220)[0m                   'rollout': {'cudagraph_capture_sizes': None,
[36m(CodeTaskRunner pid=1298220)[0m                               'data_parallel_size': None,
[36m(CodeTaskRunner pid=1298220)[0m                               'disable_log_stats': None,
[36m(CodeTaskRunner pid=1298220)[0m                               'dtype': None,
[36m(CodeTaskRunner pid=1298220)[0m                               'enable_chunked_prefill': None,
[36m(CodeTaskRunner pid=1298220)[0m                               'enable_prefix_caching': None,
[36m(CodeTaskRunner pid=1298220)[0m                               'enforce_eager': None,
[36m(CodeTaskRunner pid=1298220)[0m                               'engine_kwargs': None,
[36m(CodeTaskRunner pid=1298220)[0m                               'expert_parallel_size': None,
[36m(CodeTaskRunner pid=1298220)[0m                               'free_cache_engine': None,
[36m(CodeTaskRunner pid=1298220)[0m                               'gpu_memory_utilization': None,
[36m(CodeTaskRunner pid=1298220)[0m                               'limit_images': None,
[36m(CodeTaskRunner pid=1298220)[0m                               'load_format': None,
[36m(CodeTaskRunner pid=1298220)[0m                               'max_model_len': None,
[36m(CodeTaskRunner pid=1298220)[0m                               'max_num_batched_tokens': None,
[36m(CodeTaskRunner pid=1298220)[0m                               'max_num_seqs': None,
[36m(CodeTaskRunner pid=1298220)[0m                               'name': None,
[36m(CodeTaskRunner pid=1298220)[0m                               'prompt_length': None,
[36m(CodeTaskRunner pid=1298220)[0m                               'response_length': None,
[36m(CodeTaskRunner pid=1298220)[0m                               'skip_tokenizer_init': None,
[36m(CodeTaskRunner pid=1298220)[0m                               'tensor_model_parallel_size': None}},
[36m(CodeTaskRunner pid=1298220)[0m  'sandbox_fusion': {'max_concurrent': None,
[36m(CodeTaskRunner pid=1298220)[0m                     'memory_limit_mb': None,
[36m(CodeTaskRunner pid=1298220)[0m                     'url': None},
[36m(CodeTaskRunner pid=1298220)[0m  'skip': {'_target_': 'verl.utils.skip.SkipManagerConfig',
[36m(CodeTaskRunner pid=1298220)[0m           'async_rollout': {'action': 'cache',
[36m(CodeTaskRunner pid=1298220)[0m                             'dump_dir': '~/.verl/rollout_dump',
[36m(CodeTaskRunner pid=1298220)[0m                             'enable': False,
[36m(CodeTaskRunner pid=1298220)[0m                             'steps': []},
[36m(CodeTaskRunner pid=1298220)[0m           'rollout': {'action': 'cache',
[36m(CodeTaskRunner pid=1298220)[0m                       'dump_dir': '~/.verl/rollout_dump',
[36m(CodeTaskRunner pid=1298220)[0m                       'enable': False,
[36m(CodeTaskRunner pid=1298220)[0m                       'steps': []},
[36m(CodeTaskRunner pid=1298220)[0m           'rollout_tq': {'action': 'cache',
[36m(CodeTaskRunner pid=1298220)[0m                          'dump_dir': '~/.verl/rollout_dump',
[36m(CodeTaskRunner pid=1298220)[0m                          'enable': False,
[36m(CodeTaskRunner pid=1298220)[0m                          'steps': []}},
[36m(CodeTaskRunner pid=1298220)[0m  'trainer': {'balance_batch': True,
[36m(CodeTaskRunner pid=1298220)[0m              'critic_warmup': 0,
[36m(CodeTaskRunner pid=1298220)[0m              'default_hdfs_dir': None,
[36m(CodeTaskRunner pid=1298220)[0m              'default_local_dir': '/scratch/r919a03/code_verl_test/checkpoints/exp_Q005_p2p_tolerant',
[36m(CodeTaskRunner pid=1298220)[0m              'del_local_ckpt_after_load': False,
[36m(CodeTaskRunner pid=1298220)[0m              'device': 'cuda',
[36m(CodeTaskRunner pid=1298220)[0m              'esi_redundant_time': 0,
[36m(CodeTaskRunner pid=1298220)[0m              'experiment_name': 'exp_Q005_p2p_tolerant',
[36m(CodeTaskRunner pid=1298220)[0m              'log_val_generations': 0,
[36m(CodeTaskRunner pid=1298220)[0m              'logger': ['console'],
[36m(CodeTaskRunner pid=1298220)[0m              'max_actor_ckpt_to_keep': 1,
[36m(CodeTaskRunner pid=1298220)[0m              'max_critic_ckpt_to_keep': None,
[36m(CodeTaskRunner pid=1298220)[0m              'n_gpus_per_node': 4,[36m(CodeTaskRunner pid=1298220)[0m /scratch/r919a03/code_verl_test/.venv/lib/python3.12/site-packages/verl/trainer/ppo/v1/trainer_base.py:127: UserWarning: Disabled critic as algorithm.adv_estimator != gae. If it is not intended, please set critic.enable=True
[36m(CodeTaskRunner pid=1298220)[0m   self.use_critic = need_critic(self.config)
[36m(CodeTaskRunner pid=1298220)[0m Filtering prompts longer than 131072 tokens (num_proc=1):   0%|          | 0/2074 [00:00<?, ? examples/s]
[36m(CodeTaskRunner pid=1298220)[0m Filtering prompts longer than 131072 tokens (num_proc=1):  48%|████▊     | 1000/2074 [00:45<00:48, 22.08 examples/s]
[36m(CodeTaskRunner pid=1298220)[0m Filtering prompts longer than 131072 tokens (num_proc=1):  96%|█████████▋| 2000/2074 [00:45<00:01, 52.78 examples/s]
[36m(CodeTaskRunner pid=1298220)[0m Filtering prompts longer than 131072 tokens (num_proc=1): 100%|██████████| 2074/2074 [00:46<00:00, 44.23 examples/s]
[36m(CodeTaskRunner pid=1298220)[0m Filtering prompts longer than 131072 tokens (num_proc=1):   0%|          | 0/512 [00:00<?, ? examples/s]
[36m(CodeTaskRunner pid=1298220)[0m Filtering prompts longer than 131072 tokens (num_proc=1): 100%|██████████| 512/512 [00:12<00:00, 41.29 examples/s]
[36m(CodeTaskRunner pid=1298220)[0m Filtering prompts longer than 131072 tokens (num_proc=1): 100%|██████████| 512/512 [00:12<00:00, 40.99 examples/s]
[36m(CodeTaskRunner pid=1298220)[0m INFO:2026-09-06 01:11:29,083:train and validate dataloader initialized, train dataset size: 2074, val dataset size: 512
[36m(CodeTaskRunner pid=1298220)[0m INFO:2026-09-06 01:11:29,083:Total training steps: 20
[36m(CodeTaskRunner pid=1298220)[0m /scratch/r919a03/code_verl_test/.venv/lib/python3.12/site-packages/verl/trainer/ppo/v1/trainer_base.py:751: UserWarning: Disabled critic as algorithm.adv_estimator != gae. If it is not intended, please set critic.enable=True
[36m(CodeTaskRunner pid=1298220)[0m   if need_critic(config):
[36m(CodeTaskRunner pid=1298220)[0m INFO:2026-09-06 01:11:29,087:worker group kwargs: {'device_name': 'cuda'}
[36m(CodeTaskRunner pid=1298220)[0m INFO:2026-09-06 01:11:30,139:create worker group dict_keys(['actor_rollout'])
[36m(WorkerDict pid=1300801)[0m /scratch/r919a03/code_verl_test/.venv/lib/python3.12/site-packages/verl/workers/engine/__init__.py:31: UserWarning: torchtitan engine is not available: ModuleNotFoundError("No module named 'torchtitan'")
[36m(WorkerDict pid=1300801)[0m   warnings.warn(f"torchtitan engine is not available: {e!r}", stacklevel=1)
[36m(WorkerDict pid=1300801)[0m /scratch/r919a03/code_verl_test/.venv/lib/python3.12/site-packages/verl/workers/engine/__init__.py:40: UserWarning: veomni engine is not available: ModuleNotFoundError("No module named 'veomni'")
[36m(WorkerDict pid=1300801)[0m   warnings.warn(f"veomni engine is not available: {e!r}", stacklevel=1)
[36m(WorkerDict pid=1300801)[0m /scratch/r919a03/code_verl_test/.venv/lib/python3.12/site-packages/verl/workers/engine/__init__.py:49: UserWarning: automodel engine is not available: ModuleNotFoundError("No module named 'nemo_automodel'")
[36m(WorkerDict pid=1300801)[0m   warnings.warn(f"automodel engine is not available: {e!r}", stacklevel=1)
[36m(WorkerDict pid=1300801)[0m /scratch/r919a03/code_verl_test/.venv/lib/python3.12/site-packages/verl/workers/engine/mindspeed/transformer_impl.py:24: UserWarning: NPU not support router replay for now.
[36m(WorkerDict pid=1300801)[0m   from verl.utils.megatron.router_replay_patch import RouterReplay
[36m(WorkerDict pid=1300801)[0m /scratch/r919a03/code_verl_test/.venv/lib/python3.12/site-packages/verl/workers/engine/__init__.py:59: UserWarning: mindspeed engine is not available: ModuleNotFoundError("No module named 'megatron'")
[36m(WorkerDict pid=1300801)[0m   warnings.warn(f"mindspeed engine is not available: {e!r}", stacklevel=1)
[36m(WorkerDict pid=1300801)[0m /scratch/r919a03/code_verl_test/.venv/lib/python3.12/site-packages/verl/workers/engine/__init__.py:69: UserWarning: megatron engine is not available: ModuleNotFoundError("No module named 'megatron'")
[36m(WorkerDict pid=1300801)[0m   warnings.warn(f"megatron engine is not available: {e!r}", stacklevel=1)
[36m(WorkerDict pid=1300801)[0m Loading weights:   0%|          | 0/531 [00:00<?, ?it/s]
[36m(WorkerDict pid=1300802)[0m /scratch/r919a03/code_verl_test/.venv/lib/python3.12/site-packages/verl/workers/engine/__init__.py:31: UserWarning: torchtitan engine is not available: ModuleNotFoundError("No module named 'torchtitan'")[32m [repeated 3x across cluster] (Ray deduplicates logs by default. Set RAY_DEDUP_LOGS=0 to disable log deduplication, or see https://docs.ray.io/en/master/ray-observability/user-guides/configure-logging.html#log-deduplication for more options.)[0m
[36m(WorkerDict pid=1300802)[0m   warnings.warn(f"torchtitan engine is not available: {e!r}", stacklevel=1)[32m [repeated 3x across cluster][0m
[36m(WorkerDict pid=1300802)[0m /scratch/r919a03/code_verl_test/.venv/lib/python3.12/site-packages/verl/workers/engine/__init__.py:40: UserWarning: veomni engine is not available: ModuleNotFoundError("No module named 'veomni'")[32m [repeated 3x across cluster][0m
[36m(WorkerDict pid=1300802)[0m   warnings.warn(f"veomni engine is not available: {e!r}", stacklevel=1)[32m [repeated 3x across cluster][0m
[36m(WorkerDict pid=1300802)[0m /scratch/r919a03/code_verl_test/.venv/lib/python3.12/site-packages/verl/workers/engine/__init__.py:49: UserWarning: automodel engine is not available: ModuleNotFoundError("No module named 'nemo_automodel'")[32m [repeated 3x across cluster][0m
[36m(WorkerDict pid=1300802)[0m   warnings.warn(f"automodel engine is not available: {e!r}", stacklevel=1)[32m [repeated 3x across cluster][0m
[36m(WorkerDict pid=1300802)[0m /scratch/r919a03/code_verl_test/.venv/lib/python3.12/site-packages/verl/workers/engine/mindspeed/transformer_impl.py:24: UserWarning: NPU not support router replay for now.[32m [repeated 3x across cluster][0m
[36m(WorkerDict pid=1300802)[0m   from verl.utils.megatron.router_replay_patch import RouterReplay[32m [repeated 3x across cluster][0m
[36m(WorkerDict pid=1300802)[0m /scratch/r919a03/code_verl_test/.venv/lib/python3.12/site-packages/verl/workers/engine/__init__.py:59: UserWarning: mindspeed engine is not available: ModuleNotFoundError("No module named 'megatron'")[32m [repeated 3x across cluster][0m
[36m(WorkerDict pid=1300802)[0m   warnings.warn(f"mindspeed engine is not available: {e!r}", stacklevel=1)[32m [repeated 3x across cluster][0m
[36m(WorkerDict pid=1300802)[0m /scratch/r919a03/code_verl_test/.venv/lib/python3.12/site-packages/verl/workers/engine/__init__.py:69: UserWarning: megatron engine is not available: ModuleNotFoundError("No module named 'megatron'")[32m [repeated 3x across cluster][0m
[36m(WorkerDict pid=1300802)[0m   warnings.warn(f"megatron engine is not available: {e!r}", stacklevel=1)[32m [repeated 3x across cluster][0m
[36m(WorkerDict pid=1300801)[0m Loading weights:   0%|          | 2/531 [00:00<00:39, 13.25it/s]
[36m(WorkerDict pid=1300799)[0m Loading weights:   0%|          | 0/531 [00:00<?, ?it/s][32m [repeated 3x across cluster][0m
[36m(WorkerDict pid=1300799)[0m Loading weights:   1%|          | 4/531 [00:14<32:30,  3.70s/it]
[36m(WorkerDict pid=1300802)[0m Loading weights:   1%|          | 4/531 [00:14<32:45,  3.73s/it]
[36m(WorkerDict pid=1300799)[0m Loading weights:   1%|          | 5/531 [00:32<1:04:48,  7.39s/it][32m [repeated 3x across cluster][0m
[36m(WorkerDict pid=1300799)[0m Loading weights:   3%|▎         | 15/531 [00:45<22:05,  2.57s/it] [32m [repeated 7x across cluster][0m
[36m(WorkerDict pid=1300799)[0m Loading weights:   3%|▎         | 16/531 [01:00<32:32,  3.79s/it][32m [repeated 4x across cluster][0m
[36m(WorkerDict pid=1300799)[0m Loading weights:   5%|▍         | 26/531 [01:16<21:19,  2.53s/it][32m [repeated 4x across cluster][0m
[36m(WorkerDict pid=1300799)[0m Loading weights:   5%|▌         | 27/531 [01:38<33:36,  4.00s/it][32m [repeated 4x across cluster][0m
[36m(WorkerDict pid=1300799)[0m Loading weights:   7%|▋         | 37/531 [02:00<25:08,  3.05s/it][32m [repeated 4x across cluster][0m
[36m(WorkerDict pid=1300799)[0m Loading weights:   7%|▋         | 38/531 [02:36<44:25,  5.41s/it][32m [repeated 4x across cluster][0m
[36m(WorkerDict pid=1300799)[0m Loading weights:   9%|▉         | 48/531 [02:57<30:14,  3.76s/it][32m [repeated 4x across cluster][0m
[36m(WorkerDict pid=1300799)[0m Loading weights:   9%|▉         | 49/531 [03:31<46:24,  5.78s/it][32m [repeated 4x across cluster][0m
[36m(WorkerDict pid=1300799)[0m Loading weights:  11%|█         | 59/531 [03:53<31:26,  4.00s/it][32m [repeated 4x across cluster][0m
[36m(WorkerDict pid=1300799)[0m Loading weights:  11%|█▏        | 60/531 [04:28<47:21,  6.03s/it][32m [repeated 4x across cluster][0m
[36m(WorkerDict pid=1300799)[0m Loading weights:  13%|█▎        | 70/531 [04:43<29:35,  3.85s/it][32m [repeated 4x across cluster][0m
[36m(WorkerDict pid=1300799)[0m Loading weights:  13%|█▎        | 71/531 [05:08<40:11,  5.24s/it][32m [repeated 4x across cluster][0m
[36m(WorkerDict pid=1300799)[0m Loading weights:  15%|█▌        | 81/531 [05:25<26:19,  3.51s/it][32m [repeated 4x across cluster][0m
[36m(WorkerDict pid=1300799)[0m Loading weights:  15%|█▌        | 82/531 [05:47<35:12,  4.70s/it][32m [repeated 4x across cluster][0m
[36m(WorkerDict pid=1300799)[0m Loading weights:  17%|█▋        | 92/531 [06:02<23:19,  3.19s/it][32m [repeated 4x across cluster][0m
[36m(WorkerDict pid=1300799)[0m Loading weights:  18%|█▊        | 93/531 [06:26<33:07,  4.54s/it][32m [repeated 4x across cluster][0m
[36m(WorkerDict pid=1300799)[0m Loading weights:  19%|█▉        | 103/531 [06:42<22:09,  3.11s/it][32m [repeated 4x across cluster][0m
[36m(WorkerDict pid=1300799)[0m Loading weights:  20%|█▉        | 104/531 [07:04<30:32,  4.29s/it][32m [repeated 4x across cluster][0m
[36m(WorkerDict pid=1300799)[0m Loading weights:  21%|██▏       | 114/531 [07:19<20:44,  2.98s/it][32m [repeated 4x across cluster][0m
[36m(WorkerDict pid=1300799)[0m Loading weights:  22%|██▏       | 115/531 [07:44<30:25,  4.39s/it][32m [repeated 4x across cluster][0m
[36m(WorkerDict pid=1300799)[0m Loading weights:  24%|██▎       | 125/531 [08:00<20:35,  3.04s/it][32m [repeated 4x across cluster][0m
[36m(WorkerDict pid=1300799)[0m Loading weights:  24%|██▎       | 126/531 [08:23<29:02,  4.30s/it][32m [repeated 4x across cluster][0m
[36m(WorkerDict pid=1300799)[0m Loading weights:  26%|██▌       | 136/531 [08:41<20:44,  3.15s/it][32m [repeated 4x across cluster][0m
[36m(WorkerDict pid=1300799)[0m Loading weights:  26%|██▌       | 137/531 [09:13<32:38,  4.97s/it][32m [repeated 4x across cluster][0m
[36m(WorkerDict pid=1300799)[0m Loading weights:  28%|██▊       | 147/531 [09:35<23:14,  3.63s/it][32m [repeated 4x across cluster][0m
[36m(WorkerDict pid=1300799)[0m Loading weights:  28%|██▊       | 148/531 [10:06<34:17,  5.37s/it][32m [repeated 4x across cluster][0m
[36m(WorkerDict pid=1300799)[0m Loading weights:  30%|██▉       | 158/531 [10:26<23:38,  3.80s/it][32m [repeated 4x across cluster][0m
[36m(WorkerDict pid=1300799)[0m Loading weights:  30%|██▉       | 159/531 [10:57<34:02,  5.49s/it][32m [repeated 4x across cluster][0m
[36m(WorkerDict pid=1300799)[0m Loading weights:  32%|███▏      | 169/531 [11:18<23:34,  3.91s/it][32m [repeated 4x across cluster][0m
[36m(WorkerDict pid=1300799)[0m Loading weights:  32%|███▏      | 170/531 [11:51<34:42,  5.77s/it][32m [repeated 4x across cluster][0m
[36m(WorkerDict pid=1300799)[0m Loading weights:  34%|███▍      | 180/531 [12:11<23:14,  3.97s/it][32m [repeated 4x across cluster][0m
[36m(WorkerDict pid=1300799)[0m Loading weights:  34%|███▍      | 181/531 [12:40<32:23,  5.55s/it][32m [repeated 4x across cluster][0m
[36m(WorkerDict pid=1300799)[0m Loading weights:  36%|███▌      | 191/531 [13:02<22:16,  3.93s/it][32m [repeated 4x across cluster][0m
[36m(WorkerDict pid=1300799)[0m Loading weights:  36%|███▌      | 192/531 [13:33<31:54,  5.65s/it][32m [repeated 4x across cluster][0m
[36m(WorkerDict pid=1300799)[0m Loading weights:  38%|███▊      | 202/531 [13:52<21:09,  3.86s/it][32m [repeated 4x across cluster][0m
[36m(WorkerDict pid=1300799)[0m Loading weights:  38%|███▊      | 203/531 [14:23<30:53,  5.65s/it][32m [repeated 4x across cluster][0m
[36m(WorkerDict pid=1300799)[0m Loading weights:  40%|████      | 213/531 [14:39<19:35,  3.70s/it][32m [repeated 4x across cluster][0m
[36m(WorkerDict pid=1300799)[0m Loading weights:  40%|████      | 214/531 [14:58<24:43,  4.68s/it][32m [repeated 4x across cluster][0m
[36m(WorkerDict pid=1300799)[0m Loading weights:  42%|████▏     | 224/531 [15:14<16:21,  3.20s/it][32m [repeated 4x across cluster][0m
[36m(WorkerDict pid=1300799)[0m Loading weights:  42%|████▏     | 225/531 [15:39<23:33,  4.62s/it][32m [repeated 4x across cluster][0m
[36m(WorkerDict pid=1300799)[0m Loading weights:  44%|████▍     | 235/531 [15:54<15:29,  3.14s/it][32m [repeated 4x across cluster][0m
[36m(WorkerDict pid=1300799)[0m Loading weights:  44%|████▍     | 236/531 [16:20<22:34,  4.59s/it][32m [repeated 4x across cluster][0m
[36m(WorkerDict pid=1300799)[0m Loading weights:  46%|████▋     | 246/531 [16:35<14:40,  3.09s/it][32m [repeated 4x across cluster][0m
[36m(WorkerDict pid=1300799)[0m Loading weights:  47%|████▋     | 247/531 [16:53<19:03,  4.03s/it][32m [repeated 4x across cluster][0m
[36m(WorkerDict pid=1300799)[0m Loading weights:  48%|████▊     | 257/531 [17:07<12:42,  2.78s/it][32m [repeated 4x across cluster][0m
[36m(WorkerDict pid=1300799)[0m Loading weights:  49%|████▊     | 258/531 [17:23<16:27,  3.62s/it][32m [repeated 4x across cluster][0m
[36m(WorkerDict pid=1300799)[0m Loading weights:  50%|█████     | 268/531 [17:38<11:36,  2.65s/it][32m [repeated 4x across cluster][0m
[36m(WorkerDict pid=1300799)[0m Loading weights:  51%|█████     | 269/531 [17:58<16:19,  3.74s/it][32m [repeated 4x across cluster][0m
[36m(WorkerDict pid=1300799)[0m Loading weights:  53%|█████▎    | 279/531 [18:13<11:06,  2.64s/it][32m [repeated 4x across cluster][0m
[36m(WorkerDict pid=1300799)[0m Loading weights:  53%|█████▎    | 280/531 [18:29<14:47,  3.54s/it][32m [repeated 4x across cluster][0m
[36m(WorkerDict pid=1300799)[0m Loading weights:  55%|█████▍    | 290/531 [18:42<09:57,  2.48s/it][32m [repeated 4x across cluster][0m
[36m(WorkerDict pid=1300799)[0m Loading weights:  55%|█████▍    | 291/531 [18:57<12:58,  3.24s/it][32m [repeated 4x across cluster][0m
[36m(WorkerDict pid=1300799)[0m Loading weights:  57%|█████▋    | 301/531 [19:11<09:04,  2.37s/it][32m [repeated 4x across cluster][0m
[36m(WorkerDict pid=1300799)[0m Loading weights:  57%|█████▋    | 302/531 [19:27<12:19,  3.23s/it][32m [repeated 4x across cluster][0m
[36m(WorkerDict pid=1300799)[0m Loading weights:  59%|█████▉    | 312/531 [19:41<08:40,  2.38s/it][32m [repeated 4x across cluster][0m
[36m(WorkerDict pid=1300799)[0m Loading weights:  59%|█████▉    | 313/531 [19:56<11:36,  3.20s/it][32m [repeated 4x across cluster][0m
[36m(WorkerDict pid=1300799)[0m Loading weights:  61%|██████    | 323/531 [20:10<08:06,  2.34s/it][32m [repeated 4x across cluster][0m
[36m(WorkerDict pid=1300799)[0m Loading weights:  61%|██████    | 324/531 [20:28<11:18,  3.28s/it][32m [repeated 4x across cluster][0m
[36m(WorkerDict pid=1300799)[0m Loading weights:  63%|██████▎   | 334/531 [20:43<08:00,  2.44s/it][32m [repeated 4x across cluster][0m
[36m(WorkerDict pid=1300799)[0m Loading weights:  63%|██████▎   | 335/531 [21:01<11:17,  3.46s/it][32m [repeated 4x across cluster][0m
[36m(WorkerDict pid=1300799)[0m Loading weights:  65%|██████▍   | 345/531 [21:16<07:49,  2.53s/it][32m [repeated 4x across cluster][0m
[36m(WorkerDict pid=1300799)[0m Loading weights:  65%|██████▌   | 346/531 [21:35<11:03,  3.59s/it][32m [repeated 4x across cluster][0m
[36m(WorkerDict pid=1300799)[0m Loading weights:  67%|██████▋   | 356/531 [21:52<07:46,  2.67s/it][32m [repeated 4x across cluster][0m
[36m(WorkerDict pid=1300799)[0m Loading weights:  67%|██████▋   | 357/531 [22:16<11:39,  4.02s/it][32m [repeated 4x across cluster][0m
[36m(WorkerDict pid=1300799)[0m Loading weights:  69%|██████▉   | 367/531 [22:31<07:46,  2.84s/it][32m [repeated 4x across cluster][0m
[36m(WorkerDict pid=1300799)[0m Loading weights:  69%|██████▉   | 368/531 [22:51<10:35,  3.90s/it][32m [repeated 4x across cluster][0m
[36m(WorkerDict pid=1300799)[0m Loading weights:  71%|███████   | 378/531 [23:06<07:02,  2.76s/it][32m [repeated 4x across cluster][0m
[36m(WorkerDict pid=1300799)[0m Loading weights:  71%|███████▏  | 379/531 [23:27<09:59,  3.94s/it][32m [repeated 4x across cluster][0m
[36m(WorkerDict pid=1300799)[0m Loading weights:  73%|███████▎  | 389/531 [23:48<07:15,  3.06s/it][32m [repeated 4x across cluster][0m
[36m(WorkerDict pid=1300799)[0m Loading weights:  73%|███████▎  | 390/531 [24:13<10:26,  4.44s/it][32m [repeated 4x across cluster][0m
[36m(WorkerDict pid=1300799)[0m Loading weights:  75%|███████▌  | 400/531 [24:30<06:50,  3.14s/it][32m [repeated 4x across cluster][0m
[36m(WorkerDict pid=1300799)[0m Loading weights:  76%|███████▌  | 401/531 [24:57<10:09,  4.69s/it][32m [repeated 4x across cluster][0m
[36m(WorkerDict pid=1300799)[0m Loading weights:  77%|███████▋  | 411/531 [25:15<06:33,  3.28s/it][32m [repeated 4x across cluster][0m
[36m(WorkerDict pid=1300799)[0m Loading weights:  78%|███████▊  | 412/531 [25:40<09:18,  4.69s/it][32m [repeated 4x across cluster][0m
[36m(WorkerDict pid=1300799)[0m Loading weights:  79%|███████▉  | 422/531 [25:57<05:55,  3.26s/it][32m [repeated 4x across cluster][0m
[36m(WorkerDict pid=1300799)[0m Loading weights:  80%|███████▉  | 423/531 [26:22<08:25,  4.68s/it][32m [repeated 4x across cluster][0m
[36m(WorkerDict pid=1300799)[0m Loading weights:  82%|████████▏ | 433/531 [26:39<05:19,  3.26s/it][32m [repeated 4x across cluster][0m
[36m(WorkerDict pid=1300799)[0m Loading weights:  82%|████████▏ | 434/531 [27:07<07:44,  4.79s/it][32m [repeated 4x across cluster][0m
[36m(WorkerDict pid=1300799)[0m Loading weights:  84%|████████▎ | 444/531 [27:24<04:48,  3.32s/it][32m [repeated 4x across cluster][0m
[36m(WorkerDict pid=1300799)[0m Loading weights:  84%|████████▍ | 445/531 [27:51<06:57,  4.85s/it][32m [repeated 4x across cluster][0m
[36m(WorkerDict pid=1300799)[0m Loading weights:  86%|████████▌ | 455/531 [28:08<04:14,  3.35s/it][32m [repeated 4x across cluster][0m
[36m(WorkerDict pid=1300799)[0m Loading weights:  86%|████████▌ | 456/531 [28:26<05:23,  4.31s/it][32m [repeated 4x across cluster][0m
[36m(WorkerDict pid=1300799)[0m Loading weights:  88%|████████▊ | 466/531 [28:41<03:12,  2.96s/it][32m [repeated 4x across cluster][0m
[36m(WorkerDict pid=1300799)[0m Loading weights:  88%|████████▊ | 467/531 [29:03<04:25,  4.15s/it][32m [repeated 4x across cluster][0m
[36m(WorkerDict pid=1300799)[0m Loading weights:  90%|████████▉ | 477/531 [29:18<02:36,  2.90s/it][32m [repeated 4x across cluster][0m
[36m(WorkerDict pid=1300799)[0m Loading weights:  90%|█████████ | 478/531 [29:35<03:21,  3.81s/it][32m [repeated 4x across cluster][0m
[36m(WorkerDict pid=1300799)[0m Loading weights:  92%|█████████▏| 488/531 [29:52<02:00,  2.80s/it]
[36m(WorkerDict pid=1300800)[0m Loading weights:  90%|█████████ | 478/531 [29:36<03:21,  3.81s/it][32m [repeated 3x across cluster][0m
[36m(WorkerDict pid=1300799)[0m Loading weights:  92%|█████████▏| 489/531 [30:20<03:04,  4.39s/it][32m [repeated 4x across cluster][0m
[36m(WorkerDict pid=1300799)[0m Loading weights:  94%|█████████▍| 499/531 [30:39<01:43,  3.22s/it][32m [repeated 4x across cluster][0m
[36m(WorkerDict pid=1300799)[0m Loading weights:  94%|█████████▍| 500/531 [31:04<02:22,  4.58s/it][32m [repeated 4x across cluster][0m
[36m(WorkerDict pid=1300799)[0m Loading weights:  96%|█████████▌| 510/531 [31:21<01:07,  3.20s/it][32m [repeated 4x across cluster][0m
[36m(WorkerDict pid=1300799)[0m Loading weights:  96%|█████████▌| 511/531 [31:52<01:39,  4.98s/it][32m [repeated 4x across cluster][0m
[36m(WorkerDict pid=1300799)[0m Loading weights:  98%|█████████▊| 521/531 [32:16<00:37,  3.76s/it][32m [repeated 4x across cluster][0m
[36m(WorkerDict pid=1300799)[0m Loading weights:  98%|█████████▊| 522/531 [32:49<00:50,  5.62s/it]Loading weights: 100%|██████████| 531/531 [32:49<00:00,  3.71s/it]
[36m(WorkerDict pid=1300800)[0m Loading weights:  98%|█████████▊| 521/531 [32:16<00:37,  3.76s/it][32m [repeated 3x across cluster][0m
[36m(WorkerDict pid=1300801)[0m /scratch/r919a03/code_verl_test/.venv/lib/python3.12/site-packages/verl/workers/engine/fsdp/transformer_impl.py:469: FutureWarning: FSDP.state_dict_type() and FSDP.set_state_dict_type() are being deprecated. Please use APIs, get_state_dict() and set_state_dict(), which can support different parallelisms, FSDP1, FSDP2, DDP. API doc: https://pytorch.org/docs/stable/distributed.checkpoint.html#torch.distributed.checkpoint.state_dict.get_state_dict .Tutorial: https://pytorch.org/tutorials/recipes/distributed_checkpoint_recipe.html .
[36m(WorkerDict pid=1300801)[0m   FSDP.set_state_dict_type(
[36m(WorkerDict pid=1300800)[0m Loading weights:  98%|█████████▊| 522/531 [32:49<00:50,  5.62s/it]Loading weights: 100%|██████████| 531/531 [32:49<00:00,  3.71s/it][32m [repeated 3x across cluster][0m
[36m(WorkerDict pid=1300801)[0m WARNING:2026-09-06 01:45:06,626:Setting the sleep level to 1 may cause a memory overflow.
[36m(CodeTaskRunner pid=1298220)[0m INFO:2026-09-06 01:45:07,292:actor and ref model engine initialized
[36m(CodeTaskRunner pid=1298220)[0m INFO:2026-09-06 01:45:07,606:reward loop manager initialized

[36m(CodeTaskRunner pid=1298220)[0m              'nnodes': 1,
[36m(CodeTaskRunner pid=1298220)[0m              'project_name': 'code_rl_reward_research',
[36m(CodeTaskRunner pid=1298220)[0m              'ray_wait_register_center_timeout': 300,
[36m(CodeTaskRunner pid=1298220)[0m              'resume_from_path': None,
[36m(CodeTaskRunner pid=1298220)[0m              'resume_mode': 'auto',
[36m(CodeTaskRunner pid=1298220)[0m              'rollout_data_dir': None,
[36m(CodeTaskRunner pid=1298220)[0m              'save_freq': 20,
[36m(CodeTaskRunner pid=1298220)[0m              'test_freq': 20,
[36m(CodeTaskRunner pid=1298220)[0m              'total_epochs': 1,
[36m(CodeTaskRunner pid=1298220)[0m              'total_training_steps': 20,
[36m(CodeTaskRunner pid=1298220)[0m              'use_v1': True,
[36m(CodeTaskRunner pid=1298220)[0m              'v1': {'colocate_async': {'num_warmup_batches': 1},
[36m(CodeTaskRunner pid=1298220)[0m                     'sampler': {'custom_sampler': {'name': None, 'path': None},
[36m(CodeTaskRunner pid=1298220)[0m                                 'max_off_policy_strategy': 'drop',
[36m(CodeTaskRunner pid=1298220)[0m                                 'max_off_policy_threshold': 8,
[36m(CodeTaskRunner pid=1298220)[0m                                 'sampler_kwargs': {},
[36m(CodeTaskRunner pid=1298220)[0m                                 'sync_refill_failed_groups': False},
[36m(CodeTaskRunner pid=1298220)[0m                     'separate_async': {'num_warmup_batches': 1,
[36m(CodeTaskRunner pid=1298220)[0m                                        'parameter_sync_step': 4},
[36m(CodeTaskRunner pid=1298220)[0m                     'sync': {},
[36m(CodeTaskRunner pid=1298220)[0m                     'trainer_mode': 'sync'},
[36m(CodeTaskRunner pid=1298220)[0m              'val_before_train': False,
[36m(CodeTaskRunner pid=1298220)[0m              'val_only': False,
[36m(CodeTaskRunner pid=1298220)[0m              'validation_data_dir': None},
[36m(CodeTaskRunner pid=1298220)[0m  'transfer_queue': {'backend': {'MooncakeStore': {'auto_init': False,
[36m(CodeTaskRunner pid=1298220)[0m                                                   'device_name': '',
[36m(CodeTaskRunner pid=1298220)[0m                                                   'global_segment_size': 4294967296,
[36m(CodeTaskRunner pid=1298220)[0m                                                   'local_buffer_size': 1073741824,
[36m(CodeTaskRunner pid=1298220)[0m                                                   'local_hostname': 'localhost',
[36m(CodeTaskRunner pid=1298220)[0m                                                   'master_server_address': 'localhost:50124',
[36m(CodeTaskRunner pid=1298220)[0m                                                   'metadata_server': 'localhost:50123',
[36m(CodeTaskRunner pid=1298220)[0m                                                   'protocol': 'tcp'},
[36m(CodeTaskRunner pid=1298220)[0m                                 'SimpleStorage': {'num_data_storage_units': 8,
[36m(CodeTaskRunner pid=1298220)[0m                                                   'total_storage_size': 100000},
[36m(CodeTaskRunner pid=1298220)[0m                                 'storage_backend': 'SimpleStorage'},
[36m(CodeTaskRunner pid=1298220)[0m                     'enable': True,
[36m(CodeTaskRunner pid=1298220)[0m                     'metrics': {'enabled': False, 'port': 0}}}
[36m(CodeTaskRunner pid=1298220)[0m Using dataset class: RLHFDataset
[36m(CodeTaskRunner pid=1298220)[0m dataset len: 2074
[36m(CodeTaskRunner pid=1298220)[0m filter dataset len: 2074
[36m(CodeTaskRunner pid=1298220)[0m Using dataset class: RLHFDataset
[36m(CodeTaskRunner pid=1298220)[0m dataset len: 512
[36m(CodeTaskRunner pid=1298220)[0m filter dataset len: 512
[36m(CodeTaskRunner pid=1298220)[0m [hier_sampler] tasks=['t15_repo_patch', 't15_unittest_impl'] variants={'t15_repo_patch': ['swe_128k', 'swe_32k', 'swe_64k'], 't15_unittest_impl': ['ut_function', 'ut_pytest', 'ut_stdio']} weights={'t15_repo_patch': 0.25, 't15_unittest_impl': 0.75}/{'swe_32k': 0.5, 'swe_64k': 0.35, 'swe_128k': 0.15, 'ut_function': 0.45, 'ut_pytest': 0.3, 'ut_stdio': 0.25} n=2074
[36m(CodeTaskRunner pid=1298220)[0m colocated worker base class <class 'verl.single_controller.base.worker.Worker'>
[36m(WorkerDict pid=1300799)[0m Monkey patch _flash_attention_forward in transformers.integrations.flash_attention
[36m(WorkerDict pid=1300799)[0m Skipping monkey patch for Qwen3MoeForCausalLM as use_fused_kernels is False or fused_kernels_backend is torch
[36m(WorkerDict pid=1300799)[0m PeftModelForCausalLM contains 30.56B parameters
[36m(WorkerDict pid=1300799)[0m Before FSDP, memory allocated (GB): 0.00, memory reserved (GB): 0.00, device memory used/total (GB): 0.51/139.80
[36m(WorkerDict pid=1300799)[0m After FSDP, memory allocated (GB): 14.27, memory reserved (GB): 18.25, device memory used/total (GB): 19.71/139.80
[36m(WorkerDict pid=1300799)[0m Total steps: 20, num_warmup_steps: 0
[36m(WorkerDict pid=1300802)[0m Monkey patch _flash_attention_forward in transformers.integrations.flash_attention[32m [repeated 3x across cluster][0m
[36m(WorkerDict pid=1300802)[0m Skipping monkey patch for Qwen3MoeForCausalLM as use_fused_kernels is False or fused_kernels_backend is torch[32m [repeated 3x across cluster][0m
[36m(vLLMHttpServer pid=1348232)[0m WARNING 09-06 01:45:23 [vllm.py:1062] Enforce eager set, disabling torch.compile and CUDAGraphs. This is equivalent to setting -cc.mode=none -cc.cudagraph_mode=none
[36m(vLLMHttpServer pid=1348232)[0m WARNING 09-06 01:45:23 [vllm.py:1110] Inductor compilation was disabled by user settings, optimizations settings that are only active during inductor compilation will be ignored.
[36m(vLLMHttpServer pid=1348230)[0m ['serve',
[36m(vLLMHttpServer pid=1348230)[0m  '/scratch/r919a03/huggingface/hub/models--Qwen--Qwen3-30B-A3B-Instruct-2507/snapshots/0d7cf23991f47feeb3a57ecb4c9cee8ea4a17bfe',
[36m(vLLMHttpServer pid=1348230)[0m  '--dtype',
[36m(vLLMHttpServer pid=1348230)[0m  'bfloat16',
[36m(vLLMHttpServer pid=1348230)[0m  '--load_format',
[36m(vLLMHttpServer pid=1348230)[0m  'safetensors',
[36m(vLLMHttpServer pid=1348230)[0m  '--distributed_executor_backend',
[36m(vLLMHttpServer pid=1348230)[0m  'mp',
[36m(vLLMHttpServer pid=1348230)[0m  '--worker_extension_cls',
[36m(vLLMHttpServer pid=1348230)[0m  'verl.workers.rollout.vllm_rollout.utils.vLLMColocateWorkerExtension',
[36m(vLLMHttpServer pid=1348230)[0m  '--max_model_len',
[36m(vLLMHttpServer pid=1348230)[0m  '135168',
[36m(vLLMHttpServer pid=1348230)[0m  '--max_num_seqs',
[36m(vLLMHttpServer pid=1348230)[0m  '64',
[36m(vLLMHttpServer pid=1348230)[0m  '--enable_chunked_prefill',
[36m(vLLMHttpServer pid=1348230)[0m  '--max_num_batched_tokens',
[36m(vLLMHttpServer pid=1348230)[0m  '65536',
[36m(vLLMHttpServer pid=1348230)[0m  '--enable_prefix_caching',
[36m(vLLMHttpServer pid=1348230)[0m  '--enable_sleep_mode',
[36m(vLLMHttpServer pid=1348230)[0m  '--logprobs_mode',
[36m(vLLMHttpServer pid=1348230)[0m  'processed_logprobs',
[36m(vLLMHttpServer pid=1348230)[0m  '--enforce_eager',
[36m(vLLMHttpServer pid=1348230)[0m  '--gpu_memory_utilization',
[36m(vLLMHttpServer pid=1348230)[0m  '0.75',
[36m(vLLMHttpServer pid=1348230)[0m  '--disable_log_stats',
[36m(vLLMHttpServer pid=1348230)[0m  '--tensor_parallel_size',
[36m(vLLMHttpServer pid=1348230)[0m  '1',
[36m(vLLMHttpServer pid=1348230)[0m  '--seed',
[36m(vLLMHttpServer pid=1348230)[0m  '42',
[36m(vLLMHttpServer pid=1348230)[0m  '--override_generation_config',
[36m(vLLMHttpServer pid=1348230)[0m  '{"temperature": 1.0, "top_k": -1, "top_p": 1, "repetition_penalty": 1.0, '
[36m(vLLMHttpServer pid=1348230)[0m  '"max_new_tokens": 2048}',
[36m(vLLMHttpServer pid=1348230)[0m  '--hf_overrides',
[36m(vLLMHttpServer pid=1348230)[0m  '{}',
[36m(vLLMHttpServer pid=1348230)[0m  '--scheduling_policy',
[36m(vLLMHttpServer pid=1348230)[0m  'fcfs',
[36m(vLLMHttpServer pid=1348230)[0m  '--compilation_config',[36m(vLLMHttpServer pid=1348231)[0m (Worker pid=1348858) Loading safetensors checkpoint shards:   0% Completed | 0/16 [00:00<?, ?it/s]
[36m(WorkerDict pid=1300799)[0m /scratch/r919a03/code_verl_test/.venv/lib/python3.12/site-packages/verl/workers/engine/fsdp/transformer_impl.py:469: FutureWarning: FSDP.state_dict_type() and FSDP.set_state_dict_type() are being deprecated. Please use APIs, get_state_dict() and set_state_dict(), which can support different parallelisms, FSDP1, FSDP2, DDP. API doc: https://pytorch.org/docs/stable/distributed.checkpoint.html#torch.distributed.checkpoint.state_dict.get_state_dict .Tutorial: https://pytorch.org/tutorials/recipes/distributed_checkpoint_recipe.html .[32m [repeated 3x across cluster][0m
[36m(WorkerDict pid=1300799)[0m   FSDP.set_state_dict_type([32m [repeated 3x across cluster][0m
[36m(WorkerDict pid=1300799)[0m WARNING:2026-09-06 01:45:06,750:Setting the sleep level to 1 may cause a memory overflow.[32m [repeated 3x across cluster][0m
[36m(vLLMHttpServer pid=1348231)[0m (Worker pid=1348858) Loading safetensors checkpoint shards:   6% Completed | 1/16 [00:04<01:13,  4.91s/it]
[36m(vLLMHttpServer pid=1348232)[0m (Worker pid=1348859) Loading safetensors checkpoint shards:   0% Completed | 0/16 [00:00<?, ?it/s][32m [repeated 3x across cluster][0m
[36m(vLLMHttpServer pid=1348231)[0m (Worker pid=1348858) Loading safetensors checkpoint shards:  19% Completed | 3/16 [00:13<00:56,  4.33s/it][32m [repeated 8x across cluster][0m
[36m(vLLMHttpServer pid=1348231)[0m (Worker pid=1348858) Loading safetensors checkpoint shards:  31% Completed | 5/16 [00:21<00:46,  4.23s/it][32m [repeated 8x across cluster][0m
[36m(vLLMHttpServer pid=1348231)[0m (Worker pid=1348858) Loading safetensors checkpoint shards:  44% Completed | 7/16 [00:29<00:37,  4.19s/it][32m [repeated 8x across cluster][0m
[36m(vLLMHttpServer pid=1348231)[0m (Worker pid=1348858) Loading safetensors checkpoint shards:  56% Completed | 9/16 [00:37<00:28,  4.09s/it][32m [repeated 8x across cluster][0m
[36m(vLLMHttpServer pid=1348231)[0m (Worker pid=1348858) Loading safetensors checkpoint shards:  69% Completed | 11/16 [00:45<00:19,  3.95s/it][32m [repeated 8x across cluster][0m
[36m(vLLMHttpServer pid=1348231)[0m (Worker pid=1348858) Loading safetensors checkpoint shards:  81% Completed | 13/16 [00:53<00:11,  3.97s/it][32m [repeated 8x across cluster][0m
[36m(vLLMHttpServer pid=1348231)[0m (Worker pid=1348858) Loading safetensors checkpoint shards:  94% Completed | 15/16 [01:01<00:04,  4.04s/it][32m [repeated 8x across cluster][0m
[36m(vLLMHttpServer pid=1348231)[0m (Worker pid=1348858) 
[36m(vLLMHttpServer pid=1348231)[0m (Worker pid=1348858) 2026-09-06 01:47:29,350 - INFO - autotuner.py:622 - flashinfer.jit: [Autotuner]: Autotuning process starts ...
[36m(vLLMHttpServer pid=1348232)[0m (Worker pid=1348859) Loading safetensors checkpoint shards: 100% Completed | 16/16 [01:02<00:00,  3.92s/it][32m [repeated 11x across cluster][0m
[36m(vLLMHttpServer pid=1348232)[0m (Worker pid=1348859) [32m [repeated 3x across cluster][0m
[36m(vLLMHttpServer pid=1348231)[0m (Worker pid=1348858) 2026-09-06 01:47:30,229 - INFO - autotuner.py:641 - flashinfer.jit: [Autotuner]: Autotuning process ends
[36m(CodeTaskRunner pid=1298220)[0m INFO:2026-09-06 01:47:34,746:checkpoint engine manager initialized
[36m(vLLMHttpServer pid=1348232)[0m (Worker pid=1348859) 2026-09-06 01:47:29,351 - INFO - autotuner.py:622 - flashinfer.jit: [Autotuner]: Autotuning process starts ...[32m [repeated 3x across cluster][0m
[36m(CodeTaskRunner pid=1298220)[0m INFO:2026-09-06 01:48:02,441:Training from scratch
[36m(CodeTaskRunner pid=1298220)[0m INFO:2026-09-06 01:48:02,442:all initialize finished, ready to fit
[36m(vLLMHttpServer pid=1348232)[0m (Worker pid=1348859) 2026-09-06 01:47:30,229 - INFO - autotuner.py:641 - flashinfer.jit: [Autotuner]: Autotuning process ends[32m [repeated 3x across cluster][0m
[36m(WorkerDict pid=1300799)[0m /scratch/r919a03/code_verl_test/.venv/lib/python3.12/site-packages/verl/plugin/platform/platform_cuda.py:99: FutureWarning: torch.cuda._set_allocator_settings is deprecated. Use torch._C._accelerator_setAllocatorSettings instead.
[36m(WorkerDict pid=1300799)[0m   torch.cuda.memory._set_allocator_settings(settings)
[36m(WorkerDict pid=1300799)[0m /scratch/r919a03/code_verl_test/.venv/lib/python3.12/site-packages/torch/distributed/fsdp/_unshard_param_utils.py:248: UserWarning: offload_to_cpu=True and rank0_only=False may result in theunsharded parameters being redundantly copied to CPU memory for GPUs sharing the same CPU memory, which risks CPU OOM. We recommend using offload_to_cpu=True with rank0_only=True.
[36m(WorkerDict pid=1300799)[0m   _validate_unshard_params_args(
[36m(WorkerDict pid=1300799)[0m /scratch/r919a03/code_verl_test/.venv/lib/python3.12/site-packages/torch/distributed/fsdp/_unshard_param_utils.py:174: UserWarning: offload_to_cpu=True and rank0_only=False may result in theunsharded parameters being redundantly copied to CPU memory for GPUs sharing the same CPU memory, which risks CPU OOM. We recommend using offload_to_cpu=True with rank0_only=True.
[36m(WorkerDict pid=1300799)[0m   _validate_unshard_params_args(
[36m(WorkerDict pid=1300801)[0m /scratch/r919a03/code_verl_test/.venv/lib/python3.12/site-packages/verl/plugin/platform/platform_cuda.py:99: FutureWarning: torch.cuda._set_allocator_settings is deprecated. Use torch._C._accelerator_setAllocatorSettings instead.[32m [repeated 4x across cluster][0m
[36m(WorkerDict pid=1300801)[0m   torch.cuda.memory._set_allocator_settings(settings)[32m [repeated 4x across cluster][0m
[36m(WorkerDict pid=1300800)[0m /scratch/r919a03/code_verl_test/.venv/lib/python3.12/site-packages/torch/distributed/fsdp/_unshard_param_utils.py:174: UserWarning: offload_to_cpu=True and rank0_only=False may result in theunsharded parameters being redundantly copied to CPU memory for GPUs sharing the same CPU memory, which risks CPU OOM. We recommend using offload_to_cpu=True with rank0_only=True.[32m [repeated 6x across cluster][0m
[36m(WorkerDict pid=1300800)[0m   _validate_unshard_params_args([32m [repeated 6x across cluster][0m
[36m(CodeTaskRunner pid=1298220)[0m Training Progress:   0%|          | 0/20 [00:00<?, ?it/s]
[36m(TransferQueueController pid=1298470)[0m 2026-09-06 01:49:29,272 - INFO - transfer_queue.utils.perf_utils - TQ_CONTROLLER_21d8c9ff: [Performance] Total success requests: 1, Total req/min: 0.03, Total avg process time: 0.0529s; 
[36m(TransferQueueController pid=1298470)[0m Time range: last 39.14 minutes; 
[36m(TransferQueueController pid=1298470)[0m Per-operation statistics: KV_RETRIEVE_META: req_count=1, req/min=0.03, avg_time=0.052863s, max_time=0.052863s, min_time=0.052863s
[36m(pid=1360356)[0m /scratch/r919a03/code_verl_test/.venv/lib/python3.12/site-packages/verl/workers/engine/__init__.py:31: UserWarning: torchtitan engine is not available: ModuleNotFoundError("No module named 'torchtitan'")
[36m(pid=1360356)[0m   warnings.warn(f"torchtitan engine is not available: {e!r}", stacklevel=1)
[36m(WorkerDict pid=1300799)[0m /scratch/r919a03/code_verl_test/.venv/lib/python3.12/site-packages/verl/plugin/platform/platform_cuda.py:99: FutureWarning: torch.cuda._set_allocator_settings is deprecated. Use torch._C._accelerator_setAllocatorSettings instead.[32m [repeated 3x across cluster][0m
[36m(WorkerDict pid=1300799)[0m   torch.cuda.memory._set_allocator_settings(settings)[32m [repeated 3x across cluster][0m
[36m(pid=1360356)[0m /scratch/r919a03/code_verl_test/.venv/lib/python3.12/site-packages/verl/workers/engine/__init__.py:40: UserWarning: veomni engine is not available: ModuleNotFoundError("No module named 'veomni'")
[36m(pid=1360356)[0m   warnings.warn(f"veomni engine is not available: {e!r}", stacklevel=1)
[36m(pid=1360356)[0m /scratch/r919a03/code_verl_test/.venv/lib/python3.12/site-packages/verl/workers/engine/__init__.py:49: UserWarning: automodel engine is not available: ModuleNotFoundError("No module named 'nemo_automodel'")
[36m(pid=1360356)[0m   warnings.warn(f"automodel engine is not available: {e!r}", stacklevel=1)
[36m(pid=1360356)[0m /scratch/r919a03/code_verl_test/.venv/lib/python3.12/site-packages/verl/workers/engine/mindspeed/transformer_impl.py:24: UserWarning: NPU not support router replay for now.
[36m(pid=1360356)[0m   from verl.utils.megatron.router_replay_patch import RouterReplay
[36m(pid=1360356)[0m /scratch/r919a03/code_verl_test/.venv/lib/python3.12/site-packages/verl/workers/engine/__init__.py:59: UserWarning: mindspeed engine is not available: ModuleNotFoundError("No module named 'megatron'")
[36m(pid=1360356)[0m   warnings.warn(f"mindspeed engine is not available: {e!r}", stacklevel=1)
[36m(pid=1360356)[0m /scratch/r919a03/code_verl_test/.venv/lib/python3.12/site-packages/verl/workers/engine/__init__.py:69: UserWarning: megatron engine is not available: ModuleNotFoundError("No module named 'megatron'")
[36m(pid=1360356)[0m   warnings.warn(f"megatron engine is not available: {e!r}", stacklevel=1)
[36m(AgentLoopWorkerTQ pid=1360359)[0m Using blocking ray.get inside async actor. This blocks the event loop. Please use `await` on object ref with asyncio.gather if you want to yield execution to the event loop instead.
[36m(SimpleStorageUnit pid=1298781)[0m 2026-09-06 01:53:11,755 - INFO - transfer_queue.utils.perf_utils - TQ_STORAGE_UNIT_8288bab0: [Performance] Total success requests: 1, Total req/min: 0.02, Total avg process time: 0.0040s; 
[36m(SimpleStorageUnit pid=1298781)[0m Time range: last 42.78 minutes; 
[36m(SimpleStorageUnit pid=1298781)[0m Per-operation statistics: PUT_DATA: req_count=1, req/min=0.02, avg_time=0.003961s, max_time=0.003961s, min_time=0.003961s
[36m(pid=1360360)[0m /scratch/r919a03/code_verl_test/.venv/lib/python3.12/site-packages/verl/workers/engine/__init__.py:31: UserWarning: torchtitan engine is not available: ModuleNotFoundError("No module named 'torchtitan'")[32m [repeated 7x across cluster][0m
[36m(pid=1360360)[0m   warnings.warn(f"torchtitan engine is not available: {e!r}", stacklevel=1)[32m [repeated 7x across cluster][0m
[36m(pid=1360360)[0m /scratch/r919a03/code_verl_test/.venv/lib/python3.12/site-packages/verl/workers/engine/__init__.py:40: UserWarning: veomni engine is not available: ModuleNotFoundError("No module named 'veomni'")[32m [repeated 7x across cluster][0m
[36m(pid=1360360)[0m   warnings.warn(f"veomni engine is not available: {e!r}", stacklevel=1)[32m [repeated 7x across cluster][0m
[36m(pid=1360360)[0m /scratch/r919a03/code_verl_test/.venv/lib/python3.12/site-packages/verl/workers/engine/__init__.py:49: UserWarning: automodel engine is not available: ModuleNotFoundError("No module named 'nemo_automodel'")[32m [repeated 7x across cluster][0m
[36m(pid=1360360)[0m   warnings.warn(f"automodel engine is not available: {e!r}", stacklevel=1)[32m [repeated 7x across cluster][0m
[36m(pid=1360360)[0m /scratch/r919a03/code_verl_test/.venv/lib/python3.12/site-packages/verl/workers/engine/mindspeed/transformer_impl.py:24: UserWarning: NPU not support router replay for now.[32m [repeated 7x across cluster][0m
[36m(pid=1360360)[0m   from verl.utils.megatron.router_replay_patch import RouterReplay[32m [repeated 7x across cluster][0m
[36m(pid=1360360)[0m /scratch/r919a03/code_verl_test/.venv/lib/python3.12/site-packages/verl/workers/engine/__init__.py:59: UserWarning: mindspeed engine is not available: ModuleNotFoundError("No module named 'megatron'")[32m [repeated 7x across cluster][0m
[36m(pid=1360360)[0m   warnings.warn(f"mindspeed engine is not available: {e!r}", stacklevel=1)[32m [repeated 7x across cluster][0m
[36m(pid=1360360)[0m /scratch/r919a03/code_verl_test/.venv/lib/python3.12/site-packages/verl/workers/engine/__init__.py:69: UserWarning: megatron engine is not available: ModuleNotFoundError("No module named 'megatron'")[32m [repeated 7x across cluster][0m
[36m(pid=1360360)[0m   warnings.warn(f"megatron engine is not available: {e!r}", stacklevel=1)[32m [repeated 7x across cluster][0m
[36m(AgentLoopWorkerTQ pid=1360360)[0m Using blocking ray.get inside async actor. This blocks the event loop. Please use `await` on object ref with asyncio.gather if you want to yield execution to the event loop instead.[32m [repeated 7x across cluster][0m
[36m(CodeTaskRunner pid=1298220)[0m INFO:2026-09-06 01:53:17,393:pending: 0, running: 23, finished: 1, failure: 0
[36m(SimpleStorageUnit pid=1298788)[0m 2026-09-06 01:53:13,055 - INFO - transfer_queue.utils.perf_utils - TQ_STORAGE_UNIT_18c60b9c: [Performance] Total success requests: 1, Total req/min: 0.02, Total avg process time: 0.0034s; [32m [repeated 7x across cluster][0m
[36m(SimpleStorageUnit pid=1298788)[0m Time range: last 42.80 minutes; [32m [repeated 7x across cluster][0m
[36m(SimpleStorageUnit pid=1298788)[0m Per-operation statistics: PUT_DATA: req_count=1, req/min=0.02, avg_time=0.003434s, max_time=0.003434s, min_time=0.003434s[32m [repeated 7x across cluster][0m
[36m(CodeTaskRunner pid=1298220)[0m INFO:2026-09-06 01:54:17,445:pending: 0, running: 7, finished: 17, failure: 0

[36m(vLLMHttpServer pid=1348230)[0m  '{"cudagraph_mode": "FULL_AND_PIECEWISE"}',
[36m(vLLMHttpServer pid=1348230)[0m  '--enable_lora',
[36m(vLLMHttpServer pid=1348230)[0m  '--max_loras',
[36m(vLLMHttpServer pid=1348230)[0m  '1',
[36m(vLLMHttpServer pid=1348230)[0m  '--max_lora_rank',
[36m(vLLMHttpServer pid=1348230)[0m  '32']
[36m(vLLMHttpServer pid=1348232)[0m WARNING 09-06 01:45:25 [system_utils.py:157] We must use the `spawn` multiprocessing start method. Overriding VLLM_WORKER_MULTIPROC_METHOD to 'spawn'. See https://docs.vllm.ai/en/latest/usage/troubleshooting.html#python-multiprocessing for more information. Reasons: In a Ray actor and can only be spawned; CUDA is initialized
[36m(vLLMHttpServer pid=1348231)[0m (EngineCore pid=1348703) WARNING 09-06 01:47:32 [vllm.py:1062] Enforce eager set, disabling torch.compile and CUDAGraphs. This is equivalent to setting -cc.mode=none -cc.cudagraph_mode=none
[36m(vLLMHttpServer pid=1348231)[0m (EngineCore pid=1348703) WARNING 09-06 01:47:32 [vllm.py:1110] Inductor compilation was disabled by user settings, optimizations settings that are only active during inductor compilation will be ignored.
[36m(vLLMHttpServer pid=1348241)[0m WARNING 09-06 01:45:24 [vllm.py:1062] Enforce eager set, disabling torch.compile and CUDAGraphs. This is equivalent to setting -cc.mode=none -cc.cudagraph_mode=none[32m [repeated 3x across cluster][0m
[36m(vLLMHttpServer pid=1348241)[0m WARNING 09-06 01:45:24 [vllm.py:1110] Inductor compilation was disabled by user settings, optimizations settings that are only active during inductor compilation will be ignored.[32m [repeated 3x across cluster][0m
[36m(vLLMHttpServer pid=1348241)[0m WARNING 09-06 01:45:27 [system_utils.py:157] We must use the `spawn` multiprocessing start method. Overriding VLLM_WORKER_MULTIPROC_METHOD to 'spawn'. See https://docs.vllm.ai/en/latest/usage/troubleshooting.html#python-multiprocessing for more information. Reasons: In a Ray actor and can only be spawned; CUDA is initialized[32m [repeated 3x across cluster][0m
[36m(vLLMHttpServer pid=1348231)[0m WARNING 09-06 01:47:33 [api_router.py:30] LoRA dynamic loading & unloading is enabled in the API server. This should ONLY be used for local development!
[36m(vLLMHttpServer pid=1348231)[0m WARNING 09-06 01:47:33 [model.py:1477] Default vLLM sampling parameters have been overridden by the model's `generation_config.json`: `{'repetition_penalty': 1.0, 'temperature': 1.0, 'top_k': -1, 'top_p': 1, 'max_tokens': 2048}`. If this is not intended, please relaunch vLLM instance with `--generation-config vllm`.
[36m(CodeTaskRunner pid=1298220)[0m LLMServerManager: ['150.183.158.81:43045', '150.183.158.81:34765', '150.183.158.81:36225', '150.183.158.81:37975']
[36m(CodeTaskRunner pid=1298220)[0m Checkpoint tracker file does not exist: /scratch/r919a03/code_verl_test/checkpoints/exp_Q005_p2p_tolerant/latest_checkpointed_iteration.txt
[36m(vLLMHttpServer pid=1348232)[0m (EngineCore pid=1348695) WARNING 09-06 01:47:32 [vllm.py:1062] Enforce eager set, disabling torch.compile and CUDAGraphs. This is equivalent to setting -cc.mode=none -cc.cudagraph_mode=none[32m [repeated 3x across cluster][0m
[36m(vLLMHttpServer pid=1348232)[0m (EngineCore pid=1348695) WARNING 09-06 01:47:32 [vllm.py:1110] Inductor compilation was disabled by user settings, optimizations settings that are only active during inductor compilation will be ignored.[32m [repeated 3x across cluster][0m
[36m(vLLMHttpServer pid=1348232)[0m WARNING 09-06 01:47:33 [api_router.py:30] LoRA dynamic loading & unloading is enabled in the API server. This should ONLY be used for local development![32m [repeated 3x across cluster][0m
[36m(vLLMHttpServer pid=1348232)[0m WARNING 09-06 01:47:33 [model.py:1477] Default vLLM sampling parameters have been overridden by the model's `generation_config.json`: `{'repetition_penalty': 1.0, 'temperature': 1.0, 'top_k': -1, 'top_p': 1, 'max_tokens': 2048}`. If this is not intended, please relaunch vLLM instance with `--generation-config vllm`.[32m [repeated 3x across cluster][0m
[36m(AgentLoopWorkerTQ pid=1360359)[0m Using dataset class: RLHFDataset
[36m(vLLMHttpServer pid=1348231)[0m WARNING 09-06 01:52:38 [input_processor.py:157] vLLM has deprecated support for supporting different tokenizers for different LoRAs. By default, vLLM uses base model's tokenizer. If you are using a LoRA with its own tokenizer, consider specifying `--tokenizer [lora_path]` to use the LoRA tokenizer.
[36m(vLLMHttpServer pid=1348231)[0m WARNING 09-06 01:52:38 [input_processor.py:282] Passing raw prompts to InputProcessor is deprecated and will be removed in v0.18. You should instead pass the outputs of Renderer.render_cmpl() or Renderer.render_chat().
[36m(AgentLoopWorkerTQ pid=1360360)[0m Using dataset class: RLHFDataset[32m [repeated 7x across cluster][0m
[36m(vLLMHttpServer pid=1348231)[0m (Worker pid=1348858) WARNING 09-06 01:52:39 [jit_monitor.py:106] Triton kernel JIT compilation during inference: _compute_slot_mapping_kernel. This causes a latency spike; consider extending warmup to cover this shape/config.
[36m(vLLMHttpServer pid=1348231)[0m (Worker pid=1348858) WARNING 09-06 01:52:42 [utils.py:279] Using default LoRA kernel configs
[36m(vLLMHttpServer pid=1348231)[0m (Worker pid=1348858) WARNING 09-06 01:52:42 [jit_monitor.py:106] Triton kernel JIT compilation during inference: _lora_expand_kernel. This causes a latency spike; consider extending warmup to cover this shape/config.
[36m(vLLMHttpServer pid=1348231)[0m (Worker pid=1348858) WARNING 09-06 01:52:43 [jit_monitor.py:106] Triton kernel JIT compilation during inference: _lora_shrink_kernel. This causes a latency spike; consider extending warmup to cover this shape/config.
[36m(vLLMHttpServer pid=1348232)[0m WARNING 09-06 01:52:38 [input_processor.py:157] vLLM has deprecated support for supporting different tokenizers for different LoRAs. By default, vLLM uses base model's tokenizer. If you are using a LoRA with its own tokenizer, consider specifying `--tokenizer [lora_path]` to use the LoRA tokenizer.[32m [repeated 3x across cluster][0m
[36m(vLLMHttpServer pid=1348232)[0m WARNING 09-06 01:52:38 [input_processor.py:282] Passing raw prompts to InputProcessor is deprecated and will be removed in v0.18. You should instead pass the outputs of Renderer.render_cmpl() or Renderer.render_chat().[32m [repeated 3x across cluster][0m
[36m(vLLMHttpServer pid=1348231)[0m (Worker pid=1348858) WARNING 09-06 01:52:44 [jit_monitor.py:106] Triton kernel JIT compilation during inference: fused_moe_kernel. This causes a latency spike; consider extending warmup to cover this shape/config.
[36m(vLLMHttpServer pid=1348231)[0m (Worker pid=1348858) WARNING 09-06 01:52:44 [jit_monitor.py:106] Triton kernel JIT compilation during inference: _fused_moe_lora_one_shot_kernel. This causes a latency spike; consider extending warmup to cover this shape/config.
[36m(vLLMHttpServer pid=1348230)[0m (Worker pid=1348870) WARNING 09-06 01:52:45 [jit_monitor.py:106] Triton kernel JIT compilation during inference: _fused_moe_lora_small_batch_kernel. This causes a latency spike; consider extending warmup to cover this shape/config.
[36m(vLLMHttpServer pid=1348232)[0m (Worker pid=1348859) WARNING 09-06 01:52:39 [jit_monitor.py:106] Triton kernel JIT compilation during inference: _compute_slot_mapping_kernel. This causes a latency spike; consider extending warmup to cover this shape/config.[32m [repeated 3x across cluster][0m
[36m(vLLMHttpServer pid=1348232)[0m (Worker pid=1348859) WARNING 09-06 01:52:42 [utils.py:279] Using default LoRA kernel configs[32m [repeated 3x across cluster][0m
[36m(vLLMHttpServer pid=1348232)[0m (Worker pid=1348859) WARNING 09-06 01:52:42 [jit_monitor.py:106] Triton kernel JIT compilation during inference: _lora_expand_kernel. This causes a latency spike; consider extending warmup to cover this shape/config.[32m [repeated 3x across cluster][0m
[36m(vLLMHttpServer pid=1348232)[0m (Worker pid=1348859) WARNING 09-06 01:52:43 [jit_monitor.py:106] Triton kernel JIT compilation during inference: _lora_shrink_kernel. This causes a latency spike; consider extending warmup to cover this shape/config.[32m [repeated 3x across cluster][0m[36m(TransferQueueController pid=1298470)[0m 2026-09-06 01:54:29,458 - INFO - transfer_queue.utils.perf_utils - TQ_CONTROLLER_21d8c9ff: [Performance] Total success requests: 539, Total req/min: 107.73, Total avg process time: 0.0020s; 
[36m(TransferQueueController pid=1298470)[0m Time range: last 5.00 minutes; 
[36m(TransferQueueController pid=1298470)[0m Per-operation statistics: SET_CUSTOM_META: req_count=172, req/min=34.38, avg_time=0.000015s, max_time=0.000049s, min_time=0.000005s; KV_RETRIEVE_META: req_count=171, req/min=34.18, avg_time=0.004761s, max_time=0.753522s, min_time=0.000049s; KV_LIST: req_count=67, req/min=13.39, avg_time=0.000050s, max_time=0.000073s, min_time=0.000023s; NOTIFY_DATA_UPDATE: req_count=129, req/min=25.78, avg_time=0.002100s, max_time=0.251352s, min_time=0.000091s
[36m(CodeTaskRunner pid=1298220)[0m INFO:2026-09-06 01:55:17,498:pending: 0, running: 5, finished: 19, failure: 0
[36m(WorkerDict pid=1300799)[0m Using blocking ray.get inside async actor. This blocks the event loop. Please use `await` on object ref with asyncio.gather if you want to yield execution to the event loop instead.
[36m(WorkerDict pid=1300799)[0m [rank0]:W0906 01:56:14.023000 1300799 .venv/lib/python3.12/site-packages/torch/fx/_symbolic_trace.py:53] is_fx_tracing will return true for both fx.symbolic_trace and torch.export. Please use is_fx_tracing_symbolic_tracing() for specifically fx.symbolic_trace or torch.compiler.is_compiling() for specifically torch.export/compile.
[36m(WorkerDict pid=1300799)[0m /scratch/r919a03/code_verl_test/.venv/lib/python3.12/site-packages/torch/_dynamo/eval_frame.py:1263: UserWarning: torch.utils.checkpoint: the use_reentrant parameter should be passed explicitly. Starting in PyTorch 2.9, calling checkpoint without use_reentrant will raise an exception. use_reentrant=False is recommended, but if you need to preserve the current default behavior, you can pass use_reentrant=True. Refer to docs for more details on the differences between the two variants.
[36m(WorkerDict pid=1300799)[0m   return fn(*args, **kwargs)
[36m(WorkerDict pid=1300800)[0m Using blocking ray.get inside async actor. This blocks the event loop. Please use `await` on object ref with asyncio.gather if you want to yield execution to the event loop instead.[32m [repeated 3x across cluster][0m
[36m(WorkerDict pid=1300800)[0m [rank1]:W0906 01:56:14.020000 1300800 .venv/lib/python3.12/site-packages/torch/fx/_symbolic_trace.py:53] is_fx_tracing will return true for both fx.symbolic_trace and torch.export. Please use is_fx_tracing_symbolic_tracing() for specifically fx.symbolic_trace or torch.compiler.is_compiling() for specifically torch.export/compile.[32m [repeated 3x across cluster][0m
[36m(WorkerDict pid=1300799)[0m /scratch/r919a03/code_verl_test/.venv/lib/python3.12/site-packages/torch/utils/checkpoint.py:232: UserWarning: None of the inputs have requires_grad=True. Gradients will be None
[36m(WorkerDict pid=1300799)[0m   check_backward_validity(args)
[36m(WorkerDict pid=1300799)[0m /scratch/r919a03/code_verl_test/.venv/lib/python3.12/site-packages/torch/_inductor/lowering.py:7836: UserWarning: 
[36m(WorkerDict pid=1300799)[0m Online softmax is disabled on the fly since Inductor decides to
[36m(WorkerDict pid=1300799)[0m split the reduction. Cut an issue to PyTorch if this is an
[36m(WorkerDict pid=1300799)[0m important use case and you want to speed it up with online
[36m(WorkerDict pid=1300799)[0m softmax.
[36m(WorkerDict pid=1300799)[0m 
[36m(WorkerDict pid=1300799)[0m   warnings.warn(
[36m(WorkerDict pid=1300800)[0m /scratch/r919a03/code_verl_test/.venv/lib/python3.12/site-packages/torch/_dynamo/eval_frame.py:1263: UserWarning: torch.utils.checkpoint: the use_reentrant parameter should be passed explicitly. Starting in PyTorch 2.9, calling checkpoint without use_reentrant will raise an exception. use_reentrant=False is recommended, but if you need to preserve the current default behavior, you can pass use_reentrant=True. Refer to docs for more details on the differences between the two variants.[32m [repeated 3x across cluster][0m
[36m(WorkerDict pid=1300800)[0m   return fn(*args, **kwargs)[32m [repeated 3x across cluster][0m
[36m(WorkerDict pid=1300800)[0m /scratch/r919a03/code_verl_test/.venv/lib/python3.12/site-packages/torch/utils/checkpoint.py:232: UserWarning: None of the inputs have requires_grad=True. Gradients will be None[32m [repeated 3x across cluster][0m
[36m(WorkerDict pid=1300800)[0m   check_backward_validity(args)[32m [repeated 3x across cluster][0m
[36m(WorkerDict pid=1300801)[0m 
[36m(WorkerDict pid=1300802)[0m 
[36m(WorkerDict pid=1300800)[0m 
[36m(WorkerDict pid=1300800)[0m /scratch/r919a03/code_verl_test/.venv/lib/python3.12/site-packages/torch/_inductor/lowering.py:7836: UserWarning: [32m [repeated 3x across cluster][0m
[36m(WorkerDict pid=1300800)[0m Online softmax is disabled on the fly since Inductor decides to[32m [repeated 3x across cluster][0m
[36m(WorkerDict pid=1300800)[0m split the reduction. Cut an issue to PyTorch if this is an[32m [repeated 3x across cluster][0m
[36m(WorkerDict pid=1300800)[0m important use case and you want to speed it up with online[32m [repeated 3x across cluster][0m
[36m(WorkerDict pid=1300800)[0m softmax.[32m [repeated 3x across cluster][0m
[36m(WorkerDict pid=1300800)[0m   warnings.warn([32m [repeated 3x across cluster][0m
[36m(WorkerDict pid=1300799)[0m /scratch/r919a03/code_verl_test/.venv/lib/python3.12/site-packages/torch/_dynamo/eval_frame.py:1263: UserWarning: torch.utils.checkpoint: the use_reentrant parameter should be passed explicitly. Starting in PyTorch 2.9, calling checkpoint without use_reentrant will raise an exception. use_reentrant=False is recommended, but if you need to preserve the current default behavior, you can pass use_reentrant=True. Refer to docs for more details on the differences between the two variants.
[36m(WorkerDict pid=1300799)[0m   return fn(*args, **kwargs)
[36m(WorkerDict pid=1300799)[0m /scratch/r919a03/code_verl_test/.venv/lib/python3.12/site-packages/torch/utils/checkpoint.py:232: UserWarning: None of the inputs have requires_grad=True. Gradients will be None
[36m(WorkerDict pid=1300799)[0m   check_backward_validity(args)
[36m(WorkerDict pid=1300801)[0m /scratch/r919a03/code_verl_test/.venv/lib/python3.12/site-packages/torch/_dynamo/eval_frame.py:1263: UserWarning: torch.utils.checkpoint: the use_reentrant parameter should be passed explicitly. Starting in PyTorch 2.9, calling checkpoint without use_reentrant will raise an exception. use_reentrant=False is recommended, but if you need to preserve the current default behavior, you can pass use_reentrant=True. Refer to docs for more details on the differences between the two variants.
[36m(WorkerDict pid=1300801)[0m   return fn(*args, **kwargs)
[36m(WorkerDict pid=1300801)[0m /scratch/r919a03/code_verl_test/.venv/lib/python3.12/site-packages/torch/utils/checkpoint.py:232: UserWarning: None of the inputs have requires_grad=True. Gradients will be None
[36m(WorkerDict pid=1300801)[0m   check_backward_validity(args)
[36m(WorkerDict pid=1300799)[0m 
[36m(WorkerDict pid=1300801)[0m 
[36m(WorkerDict pid=1300802)[0m 
[36m(WorkerDict pid=1300800)[0m 
[36m(WorkerDict pid=1300800)[0m /scratch/r919a03/code_verl_test/.venv/lib/python3.12/site-packages/torch/_inductor/lowering.py:7836: UserWarning: [32m [repeated 4x across cluster][0m
[36m(WorkerDict pid=1300800)[0m Online softmax is disabled on the fly since Inductor decides to[32m [repeated 4x across cluster][0m
[36m(WorkerDict pid=1300800)[0m split the reduction. Cut an issue to PyTorch if this is an[32m [repeated 4x across cluster][0m
[36m(WorkerDict pid=1300800)[0m important use case and you want to speed it up with online[32m [repeated 4x across cluster][0m
[36m(WorkerDict pid=1300800)[0m softmax.[32m [repeated 4x across cluster][0m
[36m(WorkerDict pid=1300800)[0m   warnings.warn([32m [repeated 4x across cluster][0m
[36m(WorkerDict pid=1300799)[0m /scratch/r919a03/code_verl_test/.venv/lib/python3.12/site-packages/torch/_dynamo/eval_frame.py:1263: UserWarning: torch.utils.checkpoint: the use_reentrant parameter should be passed explicitly. Starting in PyTorch 2.9, calling checkpoint without use_reentrant will raise an exception. use_reentrant=False is recommended, but if you need to preserve the current default behavior, you can pass use_reentrant=True. Refer to docs for more details on the differences between the two variants.[32m [repeated 3x across cluster][0m
[36m(WorkerDict pid=1300799)[0m   return fn(*args, **kwargs)[32m [repeated 3x across cluster][0m
[36m(WorkerDict pid=1300799)[0m /scratch/r919a03/code_verl_test/.venv/lib/python3.12/site-packages/torch/utils/checkpoint.py:232: UserWarning: None of the inputs have requires_grad=True. Gradients will be None[32m [repeated 3x across cluster][0m
[36m(WorkerDict pid=1300799)[0m   check_backward_validity(args)[32m [repeated 3x across cluster][0m
[36m(WorkerDict pid=1300799)[0m 
[36m(WorkerDict pid=1300801)[0m 
[36m(WorkerDict pid=1300802)[0m 
[36m(WorkerDict pid=1300800)[0m 
[36m(WorkerDict pid=1300800)[0m /scratch/r919a03/code_verl_test/.venv/lib/python3.12/site-packages/torch/_inductor/lowering.py:7836: UserWarning: [32m [repeated 4x across cluster][0m
[36m(WorkerDict pid=1300800)[0m Online softmax is disabled on the fly since Inductor decides to[32m [repeated 4x across cluster][0m
[36m(WorkerDict pid=1300800)[0m split the reduction. Cut an issue to PyTorch if this is an[32m [repeated 4x across cluster][0m
[36m(WorkerDict pid=1300800)[0m important use case and you want to speed it up with online[32m [repeated 4x across cluster][0m
[36m(WorkerDict pid=1300800)[0m softmax.[32m [repeated 4x across cluster][0m
[36m(WorkerDict pid=1300800)[0m   warnings.warn([32m [repeated 4x across cluster][0m
[36m(WorkerDict pid=1300799)[0m /scratch/r919a03/code_verl_test/.venv/lib/python3.12/site-packages/torch/_dynamo/eval_frame.py:1263: UserWarning: torch.utils.checkpoint: the use_reentrant parameter should be passed explicitly. Starting in PyTorch 2.9, calling checkpoint without use_reentrant will raise an exception. use_reentrant=False is recommended, but if you need to preserve the current default behavior, you can pass use_reentrant=True. Refer to docs for more details on the differences between the two variants.[32m [repeated 4x across cluster][0m
[36m(WorkerDict pid=1300799)[0m   return fn(*args, **kwargs)[32m [repeated 4x across cluster][0m
[36m(WorkerDict pid=1300799)[0m /scratch/r919a03/code_verl_test/.venv/lib/python3.12/site-packages/torch/utils/checkpoint.py:232: UserWarning: None of the inputs have requires_grad=True. Gradients will be None[32m [repeated 4x across cluster][0m
[36m(WorkerDict pid=1300799)[0m   check_backward_validity(args)[32m [repeated 4x across cluster][0m
[36m(WorkerDict pid=1300802)[0m 
[36m(WorkerDict pid=1300799)[0m 
[36m(WorkerDict pid=1300801)[0m 
[36m(WorkerDict pid=1300800)[0m 
[36m(WorkerDict pid=1300800)[0m /scratch/r919a03/code_verl_test/.venv/lib/python3.12/site-packages/torch/_inductor/lowering.py:7836: UserWarning: [32m [repeated 4x across cluster][0m
[36m(WorkerDict pid=1300800)[0m Online softmax is disabled on the fly since Inductor decides to[32m [repeated 4x across cluster][0m
[36m(WorkerDict pid=1300800)[0m split the reduction. Cut an issue to PyTorch if this is an[32m [repeated 4x across cluster][0m
[36m(WorkerDict pid=1300800)[0m important use case and you want to speed it up with online[32m [repeated 4x across cluster][0m
[36m(WorkerDict pid=1300800)[0m softmax.[32m [repeated 4x across cluster][0m
[36m(WorkerDict pid=1300800)[0m   warnings.warn([32m [repeated 4x across cluster][0m
[36m(WorkerDict pid=1300799)[0m /scratch/r919a03/code_verl_test/.venv/lib/python3.12/site-packages/torch/_dynamo/eval_frame.py:1263: UserWarning: torch.utils.checkpoint: the use_reentrant parameter should be passed explicitly. Starting in PyTorch 2.9, calling checkpoint without use_reentrant will raise an exception. use_reentrant=False is recommended, but if you need to preserve the current default behavior, you can pass use_reentrant=True. Refer to docs for more details on the differences between the two variants.[32m [repeated 4x across cluster][0m
[36m(WorkerDict pid=1300799)[0m   return fn(*args, **kwargs)[32m [repeated 4x across cluster][0m
[36m(WorkerDict pid=1300799)[0m /scratch/r919a03/code_verl_test/.venv/lib/python3.12/site-packages/torch/utils/checkpoint.py:232: UserWarning: None of the inputs have requires_grad=True. Gradients will be None[32m [repeated 4x across cluster][0m
[36m(WorkerDict pid=1300799)[0m   check_backward_validity(args)[32m [repeated 4x across cluster][0m
[36m(WorkerDict pid=1300799)[0m 
[36m(WorkerDict pid=1300801)[0m 
[36m(WorkerDict pid=1300802)[0m 
[36m(WorkerDict pid=1300800)[0m 
[36m(WorkerDict pid=1300800)[0m /scratch/r919a03/code_verl_test/.venv/lib/python3.12/site-packages/torch/_inductor/lowering.py:7836: UserWarning: [32m [repeated 4x across cluster][0m
[36m(WorkerDict pid=1300800)[0m Online softmax is disabled on the fly since Inductor decides to[32m [repeated 4x across cluster][0m
[36m(WorkerDict pid=1300800)[0m split the reduction. Cut an issue to PyTorch if this is an[32m [repeated 4x across cluster][0m
[36m(WorkerDict pid=1300800)[0m important use case and you want to speed it up with online[32m [repeated 4x across cluster][0m
[36m(WorkerDict pid=1300800)[0m softmax.[32m [repeated 4x across cluster][0m
[36m(WorkerDict pid=1300800)[0m   warnings.warn([32m [repeated 4x across cluster][0m
[36m(WorkerDict pid=1300799)[0m /scratch/r919a03/code_verl_test/.venv/lib/python3.12/site-packages/torch/_dynamo/eval_frame.py:1263: UserWarning: torch.utils.checkpoint: the use_reentrant parameter should be passed explicitly. Starting in PyTorch 2.9, calling checkpoint without use_reentrant will raise an exception. use_reentrant=False is recommended, but if you need to preserve the current default behavior, you can pass use_reentrant=True. Refer to docs for more details on the differences between the two variants.[32m [repeated 4x across cluster][0m
[36m(WorkerDict pid=1300799)[0m   return fn(*args, **kwargs)[32m [repeated 4x across cluster][0m
[36m(WorkerDict pid=1300799)[0m /scratch/r919a03/code_verl_test/.venv/lib/python3.12/site-packages/torch/utils/checkpoint.py:232: UserWarning: None of the inputs have requires_grad=True. Gradients will be None[32m [repeated 4x across cluster][0m
[36m(WorkerDict pid=1300799)[0m   check_backward_validity(args)[32m [repeated 4x across cluster][0m
[36m(WorkerDict pid=1300799)[0m 
[36m(WorkerDict pid=1300801)[0m 
[36m(WorkerDict pid=1300802)[0m 
[36m(WorkerDict pid=1300800)[0m 
[36m(WorkerDict pid=1300800)[0m /scratch/r919a03/code_verl_test/.venv/lib/python3.12/site-packages/torch/_inductor/lowering.py:7836: UserWarning: [32m [repeated 4x across cluster][0m
[36m(WorkerDict pid=1300800)[0m Online softmax is disabled on the fly since Inductor decides to[32m [repeated 4x across cluster][0m
[36m(WorkerDict pid=1300800)[0m split the reduction. Cut an issue to PyTorch if this is an[32m [repeated 4x across cluster][0m
[36m(WorkerDict pid=1300800)[0m important use case and you want to speed it up with online[32m [repeated 4x across cluster][0m
[36m(WorkerDict pid=1300800)[0m softmax.[32m [repeated 4x across cluster][0m
[36m(WorkerDict pid=1300800)[0m   warnings.warn([32m [repeated 4x across cluster][0m
[36m(WorkerDict pid=1300799)[0m /scratch/r919a03/code_verl_test/.venv/lib/python3.12/site-packages/torch/_dynamo/eval_frame.py:1263: UserWarning: torch.utils.checkpoint: the use_reentrant parameter should be passed explicitly. Starting in PyTorch 2.9, calling checkpoint without use_reentrant will raise an exception. use_reentrant=False is recommended, but if you need to preserve the current default behavior, you can pass use_reentrant=True. Refer to docs for more details on the differences between the two variants.[32m [repeated 4x across cluster][0m
[36m(WorkerDict pid=1300799)[0m   return fn(*args, **kwargs)[32m [repeated 4x across cluster][0m
[36m(WorkerDict pid=1300799)[0m /scratch/r919a03/code_verl_test/.venv/lib/python3.12/site-packages/torch/utils/checkpoint.py:232: UserWarning: None of the inputs have requires_grad=True. Gradients will be None[32m [repeated 4x across cluster][0m
[36m(WorkerDict pid=1300799)[0m   check_backward_validity(args)[32m [repeated 4x across cluster][0m
[36m(WorkerDict pid=1300799)[0m 
[36m(WorkerDict pid=1300801)[0m 
[36m(WorkerDict pid=1300802)[0m 
[36m(WorkerDict pid=1300800)[0m 
[36m(WorkerDict pid=1300800)[0m /scratch/r919a03/code_verl_test/.venv/lib/python3.12/site-packages/torch/_inductor/lowering.py:7836: UserWarning: [32m [repeated 4x across cluster][0m
[36m(WorkerDict pid=1300800)[0m Online softmax is disabled on the fly since Inductor decides to[32m [repeated 4x across cluster][0m
[36m(WorkerDict pid=1300800)[0m split the reduction. Cut an issue to PyTorch if this is an[32m [repeated 4x across cluster][0m
[36m(WorkerDict pid=1300800)[0m important use case and you want to speed it up with online[32m [repeated 4x across cluster][0m
[36m(WorkerDict pid=1300800)[0m softmax.[32m [repeated 4x across cluster][0m
[36m(WorkerDict pid=1300800)[0m   warnings.warn([32m [repeated 4x across cluster][0m
[36m(WorkerDict pid=1300799)[0m /scratch/r919a03/code_verl_test/.venv/lib/python3.12/site-packages/torch/_dynamo/eval_frame.py:1263: UserWarning: torch.utils.checkpoint: the use_reentrant parameter should be passed explicitly. Starting in PyTorch 2.9, calling checkpoint without use_reentrant will raise an exception. use_reentrant=False is recommended, but if you need to preserve the current default behavior, you can pass use_reentrant=True. Refer to docs for more details on the differences between the two variants.[32m [repeated 4x across cluster][0m
[36m(WorkerDict pid=1300799)[0m   return fn(*args, **kwargs)[32m [repeated 4x across cluster][0m
[36m(WorkerDict pid=1300799)[0m /scratch/r919a03/code_verl_test/.venv/lib/python3.12/site-packages/torch/utils/checkpoint.py:232: UserWarning: None of the inputs have requires_grad=True. Gradients will be None[32m [repeated 4x across cluster][0m
[36m(WorkerDict pid=1300799)[0m   check_backward_validity(args)[32m [repeated 4x across cluster][0m
[36m(WorkerDict pid=1300799)[0m 
[36m(WorkerDict pid=1300801)[0m 
[36m(WorkerDict pid=1300802)[0m 
[36m(WorkerDict pid=1300800)[0m 
[36m(WorkerDict pid=1300799)[0m [rank0]:W0906 01:58:03.986000 1300799 .venv/lib/python3.12/site-packages/torch/_dynamo/convert_frame.py:1743] [0/8] torch._dynamo hit config.recompile_limit (8)
[36m(WorkerDict pid=1300799)[0m [rank0]:W0906 01:58:03.986000 1300799 .venv/lib/python3.12/site-packages/torch/_dynamo/convert_frame.py:1743] [0/8]    function: 'entropy_from_logits_with_chunking' (/scratch/r919a03/code_verl_test/.venv/lib/python3.12/site-packages/verl/utils/torch_functional.py:248)
[36m(WorkerDict pid=1300799)[0m [rank0]:W0906 01:58:03.986000 1300799 .venv/lib/python3.12/site-packages/torch/_dynamo/convert_frame.py:1743] [0/8]    last reason: 0/7: tensor 'logits' size mismatch at index 0. expected 28182, actual 28591
[36m(WorkerDict pid=1300799)[0m [rank0]:W0906 01:58:03.986000 1300799 .venv/lib/python3.12/site-packages/torch/_dynamo/convert_frame.py:1743] [0/8] To log all recompilation reasons, use TORCH_LOGS="recompiles".
[36m(WorkerDict pid=1300799)[0m [rank0]:W0906 01:58:03.986000 1300799 .venv/lib/python3.12/site-packages/torch/_dynamo/convert_frame.py:1743] [0/8] To diagnose recompilation issues, see https://docs.pytorch.org/docs/main/user_guide/torch_compiler/compile/programming_model.recompilation.html
[36m(WorkerDict pid=1300800)[0m /scratch/r919a03/code_verl_test/.venv/lib/python3.12/site-packages/torch/_inductor/lowering.py:7836: UserWarning: [32m [repeated 4x across cluster][0m
[36m(WorkerDict pid=1300800)[0m Online softmax is disabled on the fly since Inductor decides to[32m [repeated 4x across cluster][0m
[36m(WorkerDict pid=1300800)[0m split the reduction. Cut an issue to PyTorch if this is an[32m [repeated 4x across cluster][0m
[36m(WorkerDict pid=1300800)[0m important use case and you want to speed it up with online[32m [repeated 4x across cluster][0m
[36m(WorkerDict pid=1300800)[0m softmax.[32m [repeated 4x across cluster][0m
[36m(WorkerDict pid=1300800)[0m   warnings.warn([32m [repeated 4x across cluster][0m
[36m(WorkerDict pid=1300799)[0m /scratch/r919a03/code_verl_test/.venv/lib/python3.12/site-packages/torch/_dynamo/eval_frame.py:1263: UserWarning: torch.utils.checkpoint: the use_reentrant parameter should be passed explicitly. Starting in PyTorch 2.9, calling checkpoint without use_reentrant will raise an exception. use_reentrant=False is recommended, but if you need to preserve the current default behavior, you can pass use_reentrant=True. Refer to docs for more details on the differences between the two variants.[32m [repeated 4x across cluster][0m
[36m(WorkerDict pid=1300799)[0m   return fn(*args, **kwargs)[32m [repeated 4x across cluster][0m
[36m(WorkerDict pid=1300799)[0m /scratch/r919a03/code_verl_test/.venv/lib/python3.12/site-packages/torch/utils/checkpoint.py:232: UserWarning: None of the inputs have requires_grad=True. Gradients will be None[32m [repeated 4x across cluster][0m
[36m(WorkerDict pid=1300799)[0m   check_backward_validity(args)[32m [repeated 4x across cluster][0m
[36m(SimpleStorageUnit pid=1298788)[0m 2026-09-06 01:59:09,386 - INFO - transfer_queue.utils.perf_utils - TQ_STORAGE_UNIT_18c60b9c: [Performance] Total success requests: 23, Total req/min: 3.87, Total avg process time: 0.0022s; 
[36m(SimpleStorageUnit pid=1298788)[0m Time range: last 5.94 minutes; 
[36m(SimpleStorageUnit pid=1298788)[0m Per-operation statistics: PUT_DATA: req_count=18, req/min=3.03, avg_time=0.001765s, max_time=0.002637s, min_time=0.001632s; CLEAR_DATA: req_count=1, req/min=0.17, avg_time=0.004217s, max_time=0.004217s, min_time=0.004217s; GET_DATA: req_count=4, req/min=0.67, avg_time=0.003821s, max_time=0.004625s, min_time=0.003331s
[36m(WorkerDict pid=1300800)[0m [rank1]:W0906 01:58:03.986000 1300800 .venv/lib/python3.12/site-packages/torch/_dynamo/convert_frame.py:1743] [0/8] torch._dynamo hit config.recompile_limit (8)[32m [repeated 3x across cluster][0m
[36m(WorkerDict pid=1300800)[0m [rank1]:W0906 01:58:03.986000 1300800 .venv/lib/python3.12/site-packages/torch/_dynamo/convert_frame.py:1743] [0/8]    function: 'entropy_from_logits_with_chunking' (/scratch/r919a03/code_verl_test/.venv/lib/python3.12/site-packages/verl/utils/torch_functional.py:248)[32m [repeated 3x across cluster][0m
[36m(WorkerDict pid=1300800)[0m [rank1]:W0906 01:58:03.986000 1300800 .venv/lib/python3.12/site-packages/torch/_dynamo/convert_frame.py:1743] [0/8]    last reason: 0/7: tensor 'logits' size mismatch at index 0. expected 28182, actual 28591[32m [repeated 3x across cluster][0m
[36m(WorkerDict pid=1300800)[0m [rank1]:W0906 01:58:03.986000 1300800 .venv/lib/python3.12/site-packages/torch/_dynamo/convert_frame.py:1743] [0/8] To log all recompilation reasons, use TORCH_LOGS="recompiles".[32m [repeated 3x across cluster][0m
[36m(WorkerDict pid=1300800)[0m [rank1]:W0906 01:58:03.986000 1300800 .venv/lib/python3.12/site-packages/torch/_dynamo/convert_frame.py:1743] [0/8] To diagnose recompilation issues, see https://docs.pytorch.org/docs/main/user_guide/torch_compiler/compile/programming_model.recompilation.html[32m [repeated 3x across cluster][0m
[36m(WorkerDict pid=1300800)[0m /scratch/r919a03/code_verl_test/.venv/lib/python3.12/site-packages/torch/_dynamo/eval_frame.py:1263: UserWarning: torch.utils.checkpoint: the use_reentrant parameter should be passed explicitly. Starting in PyTorch 2.9, calling checkpoint without use_reentrant will raise an exception. use_reentrant=False is recommended, but if you need to preserve the current default behavior, you can pass use_reentrant=True. Refer to docs for more details on the differences between the two variants.[32m [repeated 3x across cluster][0m
[36m(WorkerDict pid=1300800)[0m   return fn(*args, **kwargs)[32m [repeated 3x across cluster][0m
[36m(WorkerDict pid=1300800)[0m /scratch/r919a03/code_verl_test/.venv/lib/python3.12/site-packages/torch/utils/checkpoint.py:232: UserWarning: None of the inputs have requires_grad=True. Gradients will be None[32m [repeated 3x across cluster][0m
[36m(WorkerDict pid=1300800)[0m   check_backward_validity(args)[32m [repeated 3x across cluster][0m
[36m(WorkerDict pid=1300799)[0m /scratch/r919a03/code_verl_test/.venv/lib/python3.12/site-packages/verl/plugin/platform/platform_cuda.py:99: FutureWarning: torch.cuda._set_allocator_settings is deprecated. Use torch._C._accelerator_setAllocatorSettings instead.
[36m(WorkerDict pid=1300799)[0m   torch.cuda.memory._set_allocator_settings(settings)
[36m(SimpleStorageUnit pid=1298782)[0m 2026-09-06 01:59:09,380 - INFO - transfer_queue.utils.perf_utils - TQ_STORAGE_UNIT_31cb2fbf: [Performance] Total success requests: 23, Total req/min: 3.86, Total avg process time: 0.0023s; [32m [repeated 7x across cluster][0m
[36m(SimpleStorageUnit pid=1298782)[0m Time range: last 5.96 minutes; [32m [repeated 7x across cluster][0m
[36m(SimpleStorageUnit pid=1298782)[0m Per-operation statistics: PUT_DATA: req_count=18, req/min=3.02, avg_time=0.001816s, max_time=0.003312s, min_time=0.001573s; CLEAR_DATA: req_count=1, req/min=0.17, avg_time=0.003867s, max_time=0.003867s, min_time=0.003867s; GET_DATA: req_count=4, req/min=0.67, avg_time=0.004365s, max_time=0.004662s, min_time=0.003946s[32m [repeated 7x across cluster][0m
[36m(WorkerDict pid=1300799)[0m /scratch/r919a03/code_verl_test/.venv/lib/python3.12/site-packages/torch/distributed/fsdp/_unshard_param_utils.py:248: UserWarning: offload_to_cpu=True and rank0_only=False may result in theunsharded parameters being redundantly copied to CPU memory for GPUs sharing the same CPU memory, which risks CPU OOM. We recommend using offload_to_cpu=True with rank0_only=True.
[36m(WorkerDict pid=1300799)[0m   _validate_unshard_params_args(
[36m(WorkerDict pid=1300799)[0m /scratch/r919a03/code_verl_test/.venv/lib/python3.12/site-packages/torch/distributed/fsdp/_unshard_param_utils.py:174: UserWarning: offload_to_cpu=True and rank0_only=False may result in theunsharded parameters being redundantly copied to CPU memory for GPUs sharing the same CPU memory, which risks CPU OOM. We recommend using offload_to_cpu=True with rank0_only=True.
[36m(WorkerDict pid=1300799)[0m   _validate_unshard_params_args(
[36m(TransferQueueController pid=1298470)[0m Per-operation statistics: KV_RETRIEVE_META: req_count=29, req/min=2.22, avg_time=0.019218s, max_time=0.491738s, min_time=0.000166s; NOTIFY_DATA_UPDATE: req_count=18, req/min=1.38, avg_time=0.000173s, max_time=0.000514s, min_time=0.000111s; SET_CUSTOM_META: req_count=24, req/min=1.84, avg_time=0.000017s, max_time=0.000038s, min_time=0.000012s; KV_LIST: req_count=49, req/min=3.75, avg_time=0.000055s, max_time=0.000172s, min_time=0.000045s; CLEAR_META: req_count=1, req/min=0.08, avg_time=0.002745s, max_time=0.002745s, min_time=0.002745s; KV_RETRIEVE_KEYS: req_count=1, req/min=0.08, avg_time=0.000063s, max_time=0.000063s, min_time=0.000063s
[36m(WorkerDict pid=1300800)[0m /scratch/r919a03/code_verl_test/.venv/lib/python3.12/site-packages/verl/plugin/platform/platform_cuda.py:99: FutureWarning: torch.cuda._set_allocator_settings is deprecated. Use torch._C._accelerator_setAllocatorSettings instead.[32m [repeated 3x across cluster][0m
[36m(WorkerDict pid=1300800)[0m   torch.cuda.memory._set_allocator_settings(settings)[32m [repeated 3x across cluster][0m
[36m(TransferQueueController pid=1298470)[0m 2026-09-06 02:07:32,717 - INFO - transfer_queue.utils.perf_utils - TQ_CONTROLLER_21d8c9ff: [Performance] Total success requests: 122, Total req/min: 9.35, Total avg process time: 0.0046s; 
[36m(TransferQueueController pid=1298470)[0m Time range: last 13.05 minutes; 
[36m(WorkerDict pid=1300800)[0m /scratch/r919a03/code_verl_test/.venv/lib/python3.12/site-packages/torch/distributed/fsdp/_unshard_param_utils.py:174: UserWarning: offload_to_cpu=True and rank0_only=False may result in theunsharded parameters being redundantly copied to CPU memory for GPUs sharing the same CPU memory, which risks CPU OOM. We recommend using offload_to_cpu=True with rank0_only=True.[32m [repeated 6x across cluster][0m
[36m(WorkerDict pid=1300800)[0m   _validate_unshard_params_args([32m [repeated 6x across cluster][0m
[36m(SimpleStorageUnit pid=1298788)[0m 2026-09-06 02:07:32,805 - INFO - transfer_queue.utils.perf_utils - TQ_STORAGE_UNIT_18c60b9c: [Performance] Total success requests: 9, Total req/min: 1.07, Total avg process time: 0.0029s; 
[36m(SimpleStorageUnit pid=1298788)[0m Time range: last 8.39 minutes; 
[36m(SimpleStorageUnit pid=1298788)[0m Per-operation statistics: GET_DATA: req_count=7, req/min=0.83, avg_time=0.003083s, max_time=0.003927s, min_time=0.002054s; PUT_DATA: req_count=2, req/min=0.24, avg_time=0.002289s, max_time=0.002348s, min_time=0.002230s
[36m(CodeTaskRunner pid=1298220)[0m Training Progress:   5%|▌         | 1/20 [18:06<5:43:55, 1086.06s/it]
[36m(CodeTaskRunner pid=1298220)[0m INFO:2026-09-06 02:08:35,625:pending: 0, running: 8, finished: 16, failure: 0
[36m(SimpleStorageUnit pid=1298782)[0m 2026-09-06 02:07:32,803 - INFO - transfer_queue.utils.perf_utils - TQ_STORAGE_UNIT_31cb2fbf: [Performance] Total success requests: 9, Total req/min: 1.07, Total avg process time: 0.0026s; [32m [repeated 7x across cluster][0m
[36m(SimpleStorageUnit pid=1298782)[0m Time range: last 8.39 minutes; [32m [repeated 7x across cluster][0m
[36m(SimpleStorageUnit pid=1298782)[0m Per-operation statistics: GET_DATA: req_count=7, req/min=0.83, avg_time=0.002809s, max_time=0.004144s, min_time=0.001963s; PUT_DATA: req_count=2, req/min=0.24, avg_time=0.001866s, max_time=0.001895s, min_time=0.001837s[32m [repeated 7x across cluster][0m
[36m(CodeTaskRunner pid=1298220)[0m INFO:2026-09-06 02:09:35,678:pending: 0, running: 2, finished: 22, failure: 0
[36m(TransferQueueController pid=1298470)[0m 2026-09-06 02:15:00,908 - INFO - transfer_queue.utils.perf_utils - TQ_CONTROLLER_21d8c9ff: [Performance] Total success requests: 637, Total req/min: 85.28, Total avg process time: 0.0003s; 
[36m(TransferQueueController pid=1298470)[0m Time range: last 7.47 minutes; 
[36m(TransferQueueController pid=1298470)[0m Per-operation statistics: KV_RETRIEVE_META: req_count=202, req/min=27.04, avg_time=0.000379s, max_time=0.003077s, min_time=0.000114s; CLEAR_META: req_count=2, req/min=0.27, avg_time=0.008364s, max_time=0.016252s, min_time=0.000475s; SET_CUSTOM_META: req_count=196, req/min=26.24, avg_time=0.000016s, max_time=0.000046s, min_time=0.000006s; KV_LIST: req_count=89, req/min=11.91, avg_time=0.000055s, max_time=0.000097s, min_time=0.000026s; NOTIFY_DATA_UPDATE: req_count=147, req/min=19.68, avg_time=0.000657s, max_time=0.065752s, min_time=0.000073s; KV_RETRIEVE_KEYS: req_count=1, req/min=0.13, avg_time=0.000055s, max_time=0.000055s, min_time=0.000055s
[36m(SimpleStorageUnit pid=1298788)[0m Per-operation statistics: CLEAR_DATA: req_count=2, req/min=0.27, avg_time=0.004504s, max_time=0.004676s, min_time=0.004331s; PUT_DATA: req_count=21, req/min=2.81, avg_time=0.001821s, max_time=0.002545s, min_time=0.001663s; GET_DATA: req_count=11, req/min=1.47, avg_time=0.003557s, max_time=0.004141s, min_time=0.001781s
[36m(CodeTaskRunner pid=1298220)[0m Training Progress:  10%|█         | 2/20 [25:32<3:32:52, 709.61s/it] 
[36m(CodeTaskRunner pid=1298220)[0m INFO:2026-09-06 02:16:01,090:pending: 0, running: 11, finished: 13, failure: 0
[36m(SimpleStorageUnit pid=1298782)[0m 2026-09-06 02:15:00,919 - INFO - transfer_queue.utils.perf_utils - TQ_STORAGE_UNIT_31cb2fbf: [Performance] Total success requests: 34, Total req/min: 4.55, Total avg process time: 0.0027s; [32m [repeated 8x across cluster][0m
[36m(SimpleStorageUnit pid=1298782)[0m Time range: last 7.47 minutes; [32m [repeated 8x across cluster][0m
[36m(SimpleStorageUnit pid=1298782)[0m Per-operation statistics: CLEAR_DATA: req_count=2, req/min=0.27, avg_time=0.004303s, max_time=0.004588s, min_time=0.004019s; PUT_DATA: req_count=21, req/min=2.81, avg_time=0.002317s, max_time=0.012337s, min_time=0.001594s; GET_DATA: req_count=11, req/min=1.47, avg_time=0.003101s, max_time=0.004262s, min_time=0.001938s[32m [repeated 7x across cluster][0m
[36m(CodeTaskRunner pid=1298220)[0m INFO:2026-09-06 02:17:01,143:pending: 0, running: 4, finished: 20, failure: 0
[36m(CodeTaskRunner pid=1298220)[0m INFO:2026-09-06 02:18:01,194:pending: 0, running: 3, finished: 21, failure: 0
[36m(TransferQueueController pid=1298470)[0m 2026-09-06 02:24:41,386 - INFO - transfer_queue.utils.perf_utils - TQ_CONTROLLER_21d8c9ff: [Performance] Total success requests: 642, Total req/min: 66.36, Total avg process time: 0.0002s; 
[36m(TransferQueueController pid=1298470)[0m Time range: last 9.67 minutes; 
[36m(TransferQueueController pid=1298470)[0m Per-operation statistics: KV_RETRIEVE_META: req_count=202, req/min=20.88, avg_time=0.000373s, max_time=0.003264s, min_time=0.000118s; CLEAR_META: req_count=2, req/min=0.21, avg_time=0.000414s, max_time=0.000418s, min_time=0.000410s; SET_CUSTOM_META: req_count=196, req/min=20.26, avg_time=0.000015s, max_time=0.000052s, min_time=0.000006s; KV_LIST: req_count=94, req/min=9.72, avg_time=0.000055s, max_time=0.000108s, min_time=0.000033s; NOTIFY_DATA_UPDATE: req_count=147, req/min=15.19, avg_time=0.000149s, max_time=0.000766s, min_time=0.000075s; KV_RETRIEVE_KEYS: req_count=1, req/min=0.10, avg_time=0.000053s, max_time=0.000053s, min_time=0.000053s
[36m(SimpleStorageUnit pid=1298788)[0m Per-operation statistics: CLEAR_DATA: req_count=2, req/min=0.21, avg_time=0.004597s, max_time=0.004705s, min_time=0.004489s; PUT_DATA: req_count=21, req/min=2.17, avg_time=0.001899s, max_time=0.002698s, min_time=0.001690s; GET_DATA: req_count=11, req/min=1.14, avg_time=0.003885s, max_time=0.004504s, min_time=0.003028s
[36m(CodeTaskRunner pid=1298220)[0m Training Progress:  15%|█▌        | 3/20 [35:12<3:04:21, 650.67s/it]

[36m(vLLMHttpServer pid=1348232)[0m (Worker pid=1348859) WARNING 09-06 01:52:44 [jit_monitor.py:106] Triton kernel JIT compilation during inference: fused_moe_kernel. This causes a latency spike; consider extending warmup to cover this shape/config.[32m [repeated 3x across cluster][0m
[36m(vLLMHttpServer pid=1348232)[0m (Worker pid=1348859) WARNING 09-06 01:52:44 [jit_monitor.py:106] Triton kernel JIT compilation during inference: _fused_moe_lora_one_shot_kernel. This causes a latency spike; consider extending warmup to cover this shape/config.[32m [repeated 3x across cluster][0m
[36m(vLLMHttpServer pid=1348241)[0m (Worker pid=1348871) WARNING 09-06 01:54:23 [jit_monitor.py:106] Triton kernel JIT compilation during inference: _fused_moe_lora_small_batch_kernel. This causes a latency spike; consider extending warmup to cover this shape/config.
[36m(vLLMHttpServer pid=1348231)[0m (Worker pid=1348858) WARNING 09-06 01:54:36 [jit_monitor.py:106] Triton kernel JIT compilation during inference: _fused_moe_lora_small_batch_kernel. This causes a latency spike; consider extending warmup to cover this shape/config.
[36m(vLLMHttpServer pid=1348232)[0m (Worker pid=1348859) WARNING 09-06 01:54:51 [jit_monitor.py:106] Triton kernel JIT compilation during inference: _fused_moe_lora_small_batch_kernel. This causes a latency spike; consider extending warmup to cover this shape/config.
[36m(CodeTaskRunner pid=1298220)[0m step:1 - global_seqlen/min:3257227.0 - global_seqlen/max:3257227.0 - global_seqlen/minmax_diff:0.0 - global_seqlen/balanced_min:3257227.0 - global_seqlen/balanced_max:3257227.0 - global_seqlen/mean:3257227.0 - actor/entropy:0.22870126366615295 - actor/pg_clipfrac:0.0 - actor/ppo_kl:0.0 - actor/pg_clipfrac_lower:0.0 - actor/pg_loss:6.28642737865448e-09 - actor/loss:7.450580596923828e-09 - actor/grad_norm:0.09375 - actor/lr:2e-05 - actor/perf/max_memory_allocated_gb:49.52954721450806 - actor/perf/max_memory_reserved_gb:53.142578125 - actor/perf/cpu_memory_used_gb:471.4025764465332 - perf/mfu/actor:0.21430429115154226 - training/global_step:1 - training/epoch:0 - critic/score/mean:0.4551027715206146 - critic/score/max:1.0 - critic/score/min:0.0 - critic/rewards/mean:0.4551027715206146 - critic/rewards/max:1.0 - critic/rewards/min:0.0 - critic/advantages/mean:-0.07180613279342651 - critic/advantages/max:2.0411930084228516 - critic/advantages/min:-2.041236162185669 - critic/returns/mean:-0.07180613279342651 - critic/returns/max:2.0411930084228516 - critic/returns/min:-2.041236162185669 - response_length/mean:393.6319580078125 - response_length/max:2048.0 - response_length/min:41.0 - response_length/clip_ratio:0.013888888992369175 - response_length_non_aborted/mean:393.6319580078125 - response_length_non_aborted/max:2048.0 - response_length_non_aborted/min:41.0 - response_length_non_aborted/clip_ratio:0.013888888992369175 - response/aborted_ratio:0.0 - prompt_length/mean:22226.0 - prompt_length/max:118385.0 - prompt_length/min:113.0 - prompt_length/clip_ratio:0.0416666679084301 - timing_s/gen:233.5739881710033 - timing_s/old_log_prob:179.08964453299996 - timing_s/adv:0.2838455430464819 - timing_s/update_actor:415.4257995620137 - timing_s/update_weights:86.54631897102809 - timing_s/step:1083.2897228009533 - timing_per_token_ms/adv:8.714331025945748e-05 - timing_per_token_ms/gen:4.120706175943463 - timing_per_token_ms/update_actor:0.12753971386151894 - perf/total_num_tokens:3257227 - perf/time_per_step:1083.2897228009533 - perf/throughput:751.6980294934664 - training/num_turns/mean:np.float64(2.0) - training/num_turns/max:np.int64(2) - training/num_turns/min:np.int64(2) - training/off_policy/trajectory_spans/mean:np.float64(1.0) - training/off_policy/trajectory_spans/max:np.int64(1) - training/off_policy/trajectory_spans/min:np.int64(1) - training/off_policy/trajectory_staleness/mean:np.float64(0.0) - training/off_policy/trajectory_staleness/max:np.int64(0) - training/off_policy/trajectory_staleness/min:np.int64(0) - training/off_policy/trajectory_staleness_worst/mean:np.float64(0.0) - training/off_policy/trajectory_staleness_worst/max:np.int64(0) - training/off_policy/trajectory_staleness_worst/min:np.int64(0)
[36m(CodeTaskRunner pid=1298220)[0m step:2 - global_seqlen/min:1490433.0 - global_seqlen/max:1490433.0 - global_seqlen/minmax_diff:0.0 - global_seqlen/balanced_min:1490433.0 - global_seqlen/balanced_max:1490433.0 - global_seqlen/mean:1490433.0 - actor/entropy:0.24448969960212708 - actor/pg_clipfrac:0.0 - actor/ppo_kl:0.0 - actor/pg_clipfrac_lower:0.0 - actor/pg_loss:-6.868503987789154e-09 - actor/loss:-7.450580596923828e-09 - actor/grad_norm:0.123046875 - actor/lr:2e-05 - actor/perf/max_memory_allocated_gb:49.52954721450806 - actor/perf/max_memory_reserved_gb:53.142578125 - actor/perf/cpu_memory_used_gb:474.7900276184082 - perf/mfu/actor:0.20837043413334547 - training/global_step:2 - training/epoch:0 - critic/score/mean:0.5277063846588135 - critic/score/max:1.0 - critic/score/min:0.0 - critic/rewards/mean:0.5277063846588135 - critic/rewards/max:1.0 - critic/rewards/min:0.0 - critic/advantages/mean:-0.15977777540683746 - critic/advantages/max:2.041234254837036 - critic/advantages/min:-2.041236162185669 - critic/returns/mean:-0.15977777540683746 - critic/returns/max:2.041234254837036 - critic/returns/min:-2.041236162185669 - response_length/mean:372.9375 - response_length/max:2048.0 - response_length/min:66.0 - response_length/clip_ratio:0.013888888992369175 - response_length_non_aborted/mean:372.9375 - response_length_non_aborted/max:2048.0 - response_length_non_aborted/min:66.0 - response_length_non_aborted/clip_ratio:0.013888888992369175 - response/aborted_ratio:0.0 - prompt_length/mean:9977.2919921875 - prompt_length/max:62289.0 - prompt_length/min:111.0 - prompt_length/clip_ratio:0.0416666679084301 - timing_s/gen:178.77817249298096 - timing_s/old_log_prob:40.20098369801417 - timing_s/adv:0.10706615197705105 - timing_s/update_actor:143.98817151703406 - timing_s/update_weights:82.00501962000271 - timing_s/step:445.9705526549951 - timing_per_token_ms/adv:7.183560212169957e-05 - timing_per_token_ms/gen:3.329016488706049 - timing_per_token_ms/update_actor:0.09660828196707538 - perf/total_num_tokens:1490433 - perf/time_per_step:445.9705526549951 - perf/throughput:835.4996709575385 - training/num_turns/mean:np.float64(2.0) - training/num_turns/max:np.int64(2) - training/num_turns/min:np.int64(2) - training/off_policy/trajectory_spans/mean:np.float64(1.0) - training/off_policy/trajectory_spans/max:np.int64(1) - training/off_policy/trajectory_spans/min:np.int64(1) - training/off_policy/trajectory_staleness/mean:np.float64(0.0) - training/off_policy/trajectory_staleness/max:np.int64(0) - training/off_policy/trajectory_staleness/min:np.int64(0) - training/off_policy/trajectory_staleness_worst/mean:np.float64(0.0) - training/off_policy/trajectory_staleness_worst/max:np.int64(0) - training/off_policy/trajectory_staleness_worst/min:np.int64(0)
[36m(CodeTaskRunner pid=1298220)[0m step:3 - global_seqlen/min:1917118.0 - global_seqlen/max:1917118.0 - global_seqlen/minmax_diff:0.0 - global_seqlen/balanced_min:1917118.0 - global_seqlen/balanced_max:1917118.0 - global_seqlen/mean:1917118.0 - actor/entropy:0.28881165385246277 - actor/pg_clipfrac:0.0 - actor/ppo_kl:0.0 - actor/pg_clipfrac_lower:0.0 - actor/pg_loss:-0.0006109314781497233 - actor/loss:-0.0006109289824962616 - actor/grad_norm:0.1357421875 - actor/lr:2e-05 - actor/perf/max_memory_allocated_gb:49.52954721450806 - actor/perf/max_memory_reserved_gb:53.142578125 - actor/perf/cpu_memory_used_gb:477.0158500671387 - perf/mfu/actor:0.21446283528673415 - training/global_step:3 - training/epoch:0 - critic/score/mean:0.5401731729507446 - critic/score/max:1.0 - critic/score/min:0.0 - critic/rewards/mean:0.5401731729507446 - critic/rewards/max:1.0 - critic/rewards/min:0.0 - critic/advantages/mean:-0.07112186402082443 - critic/advantages/max:2.041236162185669 - critic/advantages/min:-2.041236162185669 - critic/returns/mean:-0.07112186402082443 - critic/returns/max:2.041236162185669 - critic/returns/min:-2.041236162185669 - response_length/mean:432.9861145019531 - response_length/max:2048.0 - response_length/min:38.0 - response_length/clip_ratio:0.0555555559694767 - response_length_non_aborted/mean:432.9861145019531 - response_length_non_aborted/max:2048.0 - response_length_non_aborted/min:38.0 - response_length_non_aborted/clip_ratio:0.0555555559694767 - response/aborted_ratio:0.0 - prompt_length/mean:12880.3330078125 - prompt_length/max:116996.0 - prompt_length/min:124.0 - prompt_length/clip_ratio:0.0416666679084301 - timing_s/gen:188.75212732102955 - timing_s/old_log_prob:63.619032980990596 - timing_s/adv:0.17253830301342532 - timing_s/update_actor:246.54162583098514 - timing_s/update_weights:81.08633043401642 - timing_s/step:580.3575150170363 - timing_per_token_ms/adv:8.999879142203313e-05 - timing_per_token_ms/gen:3.027299556071043 - timing_per_token_ms/update_actor:0.12860013094185394 - perf/total_num_tokens:1917118 - perf/time_per_step:580.3575150170363 - perf/throughput:825.834916578845 - training/num_turns/mean:np.float64(2.0) - training/num_turns/max:np.int64(2) - training/num_turns/min:np.int64(2) - training/off_policy/trajectory_spans/mean:np.float64(1.0) - training/off_policy/trajectory_spans/max:np.int64(1) - training/off_policy/trajectory_spans/min:np.int64(1) - training/off_policy/trajectory_staleness/mean:np.float64(0.0) - training/off_policy/trajectory_staleness/max:np.int64(0) - training/off_policy/trajectory_staleness/min:np.int64(0) - training/off_policy/trajectory_staleness_worst/mean:np.float64(0.0) - training/off_policy/trajectory_staleness_worst/max:np.int64(0) - training/off_policy/trajectory_staleness_worst/min:np.int64(0)[36m(CodeTaskRunner pid=1298220)[0m INFO:2026-09-06 02:25:41,626:pending: 0, running: 9, finished: 15, failure: 0
[36m(SimpleStorageUnit pid=1298782)[0m 2026-09-06 02:24:41,398 - INFO - transfer_queue.utils.perf_utils - TQ_STORAGE_UNIT_31cb2fbf: [Performance] Total success requests: 34, Total req/min: 3.51, Total avg process time: 0.0025s; [32m [repeated 8x across cluster][0m
[36m(SimpleStorageUnit pid=1298782)[0m Time range: last 9.67 minutes; [32m [repeated 8x across cluster][0m
[36m(SimpleStorageUnit pid=1298782)[0m Per-operation statistics: CLEAR_DATA: req_count=2, req/min=0.21, avg_time=0.004158s, max_time=0.004353s, min_time=0.003963s; PUT_DATA: req_count=21, req/min=2.17, avg_time=0.001785s, max_time=0.002482s, min_time=0.001599s; GET_DATA: req_count=11, req/min=1.14, avg_time=0.003627s, max_time=0.004574s, min_time=0.001762s[32m [repeated 7x across cluster][0m
[36m(CodeTaskRunner pid=1298220)[0m INFO:2026-09-06 02:26:41,680:pending: 0, running: 3, finished: 21, failure: 0
[36m(TransferQueueController pid=1298470)[0m 2026-09-06 02:33:16,830 - INFO - transfer_queue.utils.perf_utils - TQ_CONTROLLER_21d8c9ff: [Performance] Total success requests: 638, Total req/min: 74.27, Total avg process time: 0.0002s; 
[36m(TransferQueueController pid=1298470)[0m Time range: last 8.59 minutes; 
[36m(TransferQueueController pid=1298470)[0m Per-operation statistics: KV_RETRIEVE_META: req_count=202, req/min=23.51, avg_time=0.000380s, max_time=0.003953s, min_time=0.000116s; CLEAR_META: req_count=2, req/min=0.23, avg_time=0.000443s, max_time=0.000460s, min_time=0.000426s; SET_CUSTOM_META: req_count=196, req/min=22.82, avg_time=0.000016s, max_time=0.000047s, min_time=0.000007s; KV_LIST: req_count=90, req/min=10.48, avg_time=0.000054s, max_time=0.000090s, min_time=0.000032s; NOTIFY_DATA_UPDATE: req_count=147, req/min=17.11, avg_time=0.000148s, max_time=0.000358s, min_time=0.000084s; KV_RETRIEVE_KEYS: req_count=1, req/min=0.12, avg_time=0.000059s, max_time=0.000059s, min_time=0.000059s
[36m(SimpleStorageUnit pid=1298788)[0m Per-operation statistics: CLEAR_DATA: req_count=2, req/min=0.23, avg_time=0.004170s, max_time=0.004583s, min_time=0.003758s; PUT_DATA: req_count=21, req/min=2.44, avg_time=0.001831s, max_time=0.002662s, min_time=0.001631s; GET_DATA: req_count=11, req/min=1.28, avg_time=0.003251s, max_time=0.004017s, min_time=0.001773s
[36m(CodeTaskRunner pid=1298220)[0m Training Progress:  20%|██        | 4/20 [43:48<2:39:16, 597.27s/it]
[36m(CodeTaskRunner pid=1298220)[0m INFO:2026-09-06 02:34:17,036:pending: 0, running: 7, finished: 17, failure: 0
[36m(SimpleStorageUnit pid=1298782)[0m 2026-09-06 02:33:16,842 - INFO - transfer_queue.utils.perf_utils - TQ_STORAGE_UNIT_31cb2fbf: [Performance] Total success requests: 34, Total req/min: 3.96, Total avg process time: 0.0023s; [32m [repeated 8x across cluster][0m
[36m(SimpleStorageUnit pid=1298782)[0m Time range: last 8.59 minutes; [32m [repeated 8x across cluster][0m
[36m(SimpleStorageUnit pid=1298782)[0m Per-operation statistics: CLEAR_DATA: req_count=2, req/min=0.23, avg_time=0.003772s, max_time=0.004804s, min_time=0.002740s; PUT_DATA: req_count=21, req/min=2.44, avg_time=0.001753s, max_time=0.002506s, min_time=0.001580s; GET_DATA: req_count=11, req/min=1.28, avg_time=0.003182s, max_time=0.004295s, min_time=0.001856s[32m [repeated 7x across cluster][0m
[36m(CodeTaskRunner pid=1298220)[0m INFO:2026-09-06 02:35:17,091:pending: 0, running: 1, finished: 23, failure: 0
[36m(TransferQueueController pid=1298470)[0m 2026-09-06 02:39:39,078 - INFO - transfer_queue.utils.perf_utils - TQ_CONTROLLER_21d8c9ff: [Performance] Total success requests: 624, Total req/min: 97.95, Total avg process time: 0.0002s; 
[36m(TransferQueueController pid=1298470)[0m Time range: last 6.37 minutes; 
[36m(TransferQueueController pid=1298470)[0m Per-operation statistics: KV_RETRIEVE_META: req_count=202, req/min=31.71, avg_time=0.000376s, max_time=0.003958s, min_time=0.000113s; CLEAR_META: req_count=2, req/min=0.31, avg_time=0.000544s, max_time=0.000565s, min_time=0.000524s; SET_CUSTOM_META: req_count=196, req/min=30.77, avg_time=0.000015s, max_time=0.000049s, min_time=0.000006s; KV_LIST: req_count=76, req/min=11.93, avg_time=0.000058s, max_time=0.000200s, min_time=0.000031s; NOTIFY_DATA_UPDATE: req_count=147, req/min=23.07, avg_time=0.000146s, max_time=0.000332s, min_time=0.000095s; KV_RETRIEVE_KEYS: req_count=1, req/min=0.16, avg_time=0.000066s, max_time=0.000066s, min_time=0.000066s
[36m(SimpleStorageUnit pid=1298788)[0m Per-operation statistics: CLEAR_DATA: req_count=2, req/min=0.31, avg_time=0.004410s, max_time=0.004896s, min_time=0.003924s; PUT_DATA: req_count=21, req/min=3.30, avg_time=0.001846s, max_time=0.002601s, min_time=0.001660s; GET_DATA: req_count=11, req/min=1.73, avg_time=0.003668s, max_time=0.004576s, min_time=0.001922s
[36m(CodeTaskRunner pid=1298220)[0m Training Progress:  25%|██▌       | 5/20 [50:10<2:09:55, 519.72s/it]
[36m(CodeTaskRunner pid=1298220)[0m INFO:2026-09-06 02:40:39,270:pending: 0, running: 7, finished: 17, failure: 0
[36m(SimpleStorageUnit pid=1298782)[0m 2026-09-06 02:39:39,089 - INFO - transfer_queue.utils.perf_utils - TQ_STORAGE_UNIT_31cb2fbf: [Performance] Total success requests: 34, Total req/min: 5.34, Total avg process time: 0.0024s; [32m [repeated 8x across cluster][0m
[36m(SimpleStorageUnit pid=1298782)[0m Time range: last 6.37 minutes; [32m [repeated 8x across cluster][0m
[36m(SimpleStorageUnit pid=1298782)[0m Per-operation statistics: CLEAR_DATA: req_count=2, req/min=0.31, avg_time=0.004374s, max_time=0.005159s, min_time=0.003589s; PUT_DATA: req_count=21, req/min=3.30, avg_time=0.001728s, max_time=0.002219s, min_time=0.001594s; GET_DATA: req_count=11, req/min=1.73, avg_time=0.003207s, max_time=0.003916s, min_time=0.001939s[32m [repeated 7x across cluster][0m
[36m(CodeTaskRunner pid=1298220)[0m INFO:2026-09-06 02:41:39,323:pending: 0, running: 7, finished: 17, failure: 0
[36m(TransferQueueController pid=1298470)[0m 2026-09-06 02:44:40,897 - INFO - transfer_queue.utils.perf_utils - TQ_CONTROLLER_21d8c9ff: [Performance] Total success requests: 637, Total req/min: 126.63, Total avg process time: 0.0002s; 
[36m(TransferQueueController pid=1298470)[0m Time range: last 5.03 minutes; 
[36m(TransferQueueController pid=1298470)[0m Per-operation statistics: KV_RETRIEVE_META: req_count=202, req/min=40.16, avg_time=0.000366s, max_time=0.003035s, min_time=0.000117s; CLEAR_META: req_count=2, req/min=0.40, avg_time=0.000487s, max_time=0.000573s, min_time=0.000402s; SET_CUSTOM_META: req_count=196, req/min=38.96, avg_time=0.000015s, max_time=0.000041s, min_time=0.000006s; KV_LIST: req_count=89, req/min=17.69, avg_time=0.000056s, max_time=0.000198s, min_time=0.000029s; NOTIFY_DATA_UPDATE: req_count=147, req/min=29.22, avg_time=0.000144s, max_time=0.000243s, min_time=0.000061s; KV_RETRIEVE_KEYS: req_count=1, req/min=0.20, avg_time=0.000041s, max_time=0.000041s, min_time=0.000041s
[36m(SimpleStorageUnit pid=1298788)[0m Per-operation statistics: CLEAR_DATA: req_count=2, req/min=0.40, avg_time=0.004926s, max_time=0.005041s, min_time=0.004811s; PUT_DATA: req_count=21, req/min=4.17, avg_time=0.001865s, max_time=0.002630s, min_time=0.001665s; GET_DATA: req_count=11, req/min=2.19, avg_time=0.003688s, max_time=0.004187s, min_time=0.002370s
[36m(CodeTaskRunner pid=1298220)[0m Training Progress:  30%|███       | 6/20 [55:12<1:43:58, 445.62s/it]

[36m(CodeTaskRunner pid=1298220)[0m step:4 - global_seqlen/min:2028104.0 - global_seqlen/max:2028104.0 - global_seqlen/minmax_diff:0.0 - global_seqlen/balanced_min:2028104.0 - global_seqlen/balanced_max:2028104.0 - global_seqlen/mean:2028104.0 - actor/entropy:0.19615571200847626 - actor/pg_clipfrac:0.0 - actor/ppo_kl:0.0 - actor/pg_clipfrac_lower:0.0 - actor/pg_loss:-1.3336020288079453e-08 - actor/loss:-1.1175870895385742e-08 - actor/grad_norm:0.054443359375 - actor/lr:2e-05 - actor/perf/max_memory_allocated_gb:49.52954721450806 - actor/perf/max_memory_reserved_gb:53.142578125 - actor/perf/cpu_memory_used_gb:478.1765556335449 - perf/mfu/actor:0.20917310624343483 - training/global_step:4 - training/epoch:0 - critic/score/mean:0.4454052150249481 - critic/score/max:1.0 - critic/score/min:0.0 - critic/rewards/mean:0.4454052150249481 - critic/rewards/max:1.0 - critic/rewards/min:0.0 - critic/advantages/mean:-0.135425865650177 - critic/advantages/max:2.0412347316741943 - critic/advantages/min:-2.0412356853485107 - critic/returns/mean:-0.135425865650177 - critic/returns/max:2.0412347316741943 - critic/returns/min:-2.0412356853485107 - response_length/mean:396.1805419921875 - response_length/max:2048.0 - response_length/min:92.0 - response_length/clip_ratio:0.02083333395421505 - response_length_non_aborted/mean:396.1805419921875 - response_length_non_aborted/max:2048.0 - response_length_non_aborted/min:92.0 - response_length_non_aborted/clip_ratio:0.02083333395421505 - response/aborted_ratio:0.0 - prompt_length/mean:13687.875 - prompt_length/max:62336.0 - prompt_length/min:123.0 - prompt_length/clip_ratio:0.0416666679084301 - timing_s/gen:180.7434964099666 - timing_s/old_log_prob:54.95382106397301 - timing_s/adv:0.11629635404096916 - timing_s/update_actor:197.07925782405073 - timing_s/update_weights:82.19855273497524 - timing_s/step:515.2682331149699 - timing_per_token_ms/adv:5.734240159329559e-05 - timing_per_token_ms/gen:3.168159446274612 - timing_per_token_ms/update_actor:0.09717413792589075 - perf/total_num_tokens:2028104 - perf/time_per_step:515.2682331149699 - perf/throughput:984.0039952295471 - training/num_turns/mean:np.float64(2.0) - training/num_turns/max:np.int64(2) - training/num_turns/min:np.int64(2) - training/off_policy/trajectory_spans/mean:np.float64(1.0) - training/off_policy/trajectory_spans/max:np.int64(1) - training/off_policy/trajectory_spans/min:np.int64(1) - training/off_policy/trajectory_staleness/mean:np.float64(0.0) - training/off_policy/trajectory_staleness/max:np.int64(0) - training/off_policy/trajectory_staleness/min:np.int64(0) - training/off_policy/trajectory_staleness_worst/mean:np.float64(0.0) - training/off_policy/trajectory_staleness_worst/max:np.int64(0) - training/off_policy/trajectory_staleness_worst/min:np.int64(0)
[36m(CodeTaskRunner pid=1298220)[0m step:5 - global_seqlen/min:1361030.0 - global_seqlen/max:1361030.0 - global_seqlen/minmax_diff:0.0 - global_seqlen/balanced_min:1361030.0 - global_seqlen/balanced_max:1361030.0 - global_seqlen/mean:1361030.0 - actor/entropy:0.1565016657114029 - actor/pg_clipfrac:0.0 - actor/ppo_kl:0.0 - actor/pg_clipfrac_lower:0.0 - actor/pg_loss:4.0745362639427185e-09 - actor/loss:4.6566128730773926e-09 - actor/grad_norm:0.08203125 - actor/lr:2e-05 - actor/perf/max_memory_allocated_gb:49.52954721450806 - actor/perf/max_memory_reserved_gb:53.142578125 - actor/perf/cpu_memory_used_gb:478.88706970214844 - perf/mfu/actor:0.20482973665169962 - training/global_step:5 - training/epoch:0 - critic/score/mean:0.5318765640258789 - critic/score/max:1.0 - critic/score/min:0.0 - critic/rewards/mean:0.5318765640258789 - critic/rewards/max:1.0 - critic/rewards/min:0.0 - critic/advantages/mean:-0.008961494080722332 - critic/advantages/max:2.0412356853485107 - critic/advantages/min:-2.0412330627441406 - critic/returns/mean:-0.008961494080722332 - critic/returns/max:2.0412356853485107 - critic/returns/min:-2.0412330627441406 - response_length/mean:335.2638854980469 - response_length/max:1791.0 - response_length/min:33.0 - response_length/clip_ratio:0.0069444444961845875 - response_length_non_aborted/mean:335.2638854980469 - response_length_non_aborted/max:1791.0 - response_length_non_aborted/min:33.0 - response_length_non_aborted/clip_ratio:0.0069444444961845875 - response/aborted_ratio:0.0 - prompt_length/mean:9116.3330078125 - prompt_length/max:58364.0 - prompt_length/min:105.0 - prompt_length/clip_ratio:0.0416666679084301 - timing_s/gen:153.38236572197638 - timing_s/old_log_prob:34.253631976025645 - timing_s/adv:0.13380732701625675 - timing_s/update_actor:118.25276216695784 - timing_s/update_weights:75.86881328601157 - timing_s/step:382.1041966630146 - timing_per_token_ms/adv:9.83132825993966e-05 - timing_per_token_ms/gen:3.1770654484853638 - timing_per_token_ms/update_actor:0.08688475798987373 - perf/total_num_tokens:1361030 - perf/time_per_step:382.1041966630146 - perf/throughput:890.4835460367372 - training/num_turns/mean:np.float64(2.0) - training/num_turns/max:np.int64(2) - training/num_turns/min:np.int64(2) - training/off_policy/trajectory_spans/mean:np.float64(1.0) - training/off_policy/trajectory_spans/max:np.int64(1) - training/off_policy/trajectory_spans/min:np.int64(1) - training/off_policy/trajectory_staleness/mean:np.float64(0.0) - training/off_policy/trajectory_staleness/max:np.int64(0) - training/off_policy/trajectory_staleness/min:np.int64(0) - training/off_policy/trajectory_staleness_worst/mean:np.float64(0.0) - training/off_policy/trajectory_staleness_worst/max:np.int64(0) - training/off_policy/trajectory_staleness_worst/min:np.int64(0)
[36m(CodeTaskRunner pid=1298220)[0m step:6 - global_seqlen/min:450560.0 - global_seqlen/max:450560.0 - global_seqlen/minmax_diff:0.0 - global_seqlen/balanced_min:450560.0 - global_seqlen/balanced_max:450560.0 - global_seqlen/mean:450560.0 - actor/entropy:0.2949810028076172 - actor/pg_clipfrac:0.0 - actor/ppo_kl:0.0 - actor/pg_clipfrac_lower:0.0 - actor/pg_loss:0.0035337936133146286 - actor/loss:0.0035337917506694794 - actor/grad_norm:0.0498046875 - actor/lr:2e-05 - actor/perf/max_memory_allocated_gb:49.52954721450806 - actor/perf/max_memory_reserved_gb:53.142578125 - actor/perf/cpu_memory_used_gb:479.23328018188477 - perf/mfu/actor:0.1799186477632026 - training/global_step:6 - training/epoch:0 - critic/score/mean:0.5920581817626953 - critic/score/max:1.0 - critic/score/min:0.0 - critic/rewards/mean:0.5920581817626953 - critic/rewards/max:1.0 - critic/rewards/min:0.0 - critic/advantages/mean:-0.26131778955459595 - critic/advantages/max:2.041236162185669 - critic/advantages/min:-2.0412356853485107 - critic/returns/mean:-0.26131778955459595 - critic/returns/max:2.041236162185669 - critic/returns/min:-2.0412356853485107 - response_length/mean:550.8472290039062 - response_length/max:2048.0 - response_length/min:83.0 - response_length/clip_ratio:0.1319444477558136 - response_length_non_aborted/mean:550.8472290039062 - response_length_non_aborted/max:2048.0 - response_length_non_aborted/min:83.0 - response_length_non_aborted/clip_ratio:0.1319444477558136 - response/aborted_ratio:0.0 - prompt_length/mean:2578.041748046875 - prompt_length/max:28271.0 - prompt_length/min:124.0 - prompt_length/clip_ratio:0.0416666679084301 - timing_s/gen:178.68697734700982 - timing_s/old_log_prob:12.482307558995672 - timing_s/adv:0.09793380700284615 - timing_s/update_actor:29.302967292955145 - timing_s/update_weights:80.95339536597021 - timing_s/step:301.70202743599657 - timing_per_token_ms/adv:0.00021736018954822032 - timing_per_token_ms/gen:2.2526786685536146 - timing_per_token_ms/update_actor:0.06503677044778752 - perf/total_num_tokens:450560 - perf/time_per_step:301.70202743599657 - perf/throughput:373.34850202123874 - training/num_turns/mean:np.float64(2.0) - training/num_turns/max:np.int64(2) - training/num_turns/min:np.int64(2) - training/off_policy/trajectory_spans/mean:np.float64(1.0) - training/off_policy/trajectory_spans/max:np.int64(1) - training/off_policy/trajectory_spans/min:np.int64(1) - training/off_policy/trajectory_staleness/mean:np.float64(0.0) - training/off_policy/trajectory_staleness/max:np.int64(0) - training/off_policy/trajectory_staleness/min:np.int64(0) - training/off_policy/trajectory_staleness_worst/mean:np.float64(0.0) - training/off_policy/trajectory_staleness_worst/max:np.int64(0) - training/off_policy/trajectory_staleness_worst/min:np.int64(0)[36m(CodeTaskRunner pid=1298220)[0m INFO:2026-09-06 02:45:41,081:pending: 0, running: 13, finished: 11, failure: 0
[36m(SimpleStorageUnit pid=1298782)[0m 2026-09-06 02:44:40,907 - INFO - transfer_queue.utils.perf_utils - TQ_STORAGE_UNIT_31cb2fbf: [Performance] Total success requests: 34, Total req/min: 6.76, Total avg process time: 0.0026s; [32m [repeated 8x across cluster][0m
[36m(SimpleStorageUnit pid=1298782)[0m Time range: last 5.03 minutes; [32m [repeated 8x across cluster][0m
[36m(SimpleStorageUnit pid=1298782)[0m Per-operation statistics: CLEAR_DATA: req_count=2, req/min=0.40, avg_time=0.004338s, max_time=0.004605s, min_time=0.004072s; PUT_DATA: req_count=21, req/min=4.17, avg_time=0.001854s, max_time=0.002376s, min_time=0.001601s; GET_DATA: req_count=11, req/min=2.19, avg_time=0.003644s, max_time=0.004358s, min_time=0.002068s[32m [repeated 7x across cluster][0m
[36m(CodeTaskRunner pid=1298220)[0m INFO:2026-09-06 02:46:41,137:pending: 0, running: 4, finished: 20, failure: 0
[36m(CodeTaskRunner pid=1298220)[0m INFO:2026-09-06 02:47:41,190:pending: 0, running: 1, finished: 23, failure: 0
[36m(CodeTaskRunner pid=1298220)[0m INFO:2026-09-06 02:48:41,243:pending: 0, running: 1, finished: 23, failure: 0
[36m(CodeTaskRunner pid=1298220)[0m INFO:2026-09-06 02:49:41,295:pending: 0, running: 1, finished: 23, failure: 0
[36m(TransferQueueController pid=1298470)[0m 2026-09-06 02:49:41,296 - INFO - transfer_queue.utils.perf_utils - TQ_CONTROLLER_21d8c9ff: [Performance] Total success requests: 672, Total req/min: 134.22, Total avg process time: 0.0001s; 
[36m(TransferQueueController pid=1298470)[0m Time range: last 5.01 minutes; 
[36m(TransferQueueController pid=1298470)[0m Per-operation statistics: KV_RETRIEVE_META: req_count=190, req/min=37.95, avg_time=0.000287s, max_time=0.002976s, min_time=0.000115s; CLEAR_META: req_count=1, req/min=0.20, avg_time=0.000383s, max_time=0.000383s, min_time=0.000383s; SET_CUSTOM_META: req_count=189, req/min=37.75, avg_time=0.000015s, max_time=0.000034s, min_time=0.000006s; KV_LIST: req_count=151, req/min=30.16, avg_time=0.000056s, max_time=0.000093s, min_time=0.000031s; NOTIFY_DATA_UPDATE: req_count=141, req/min=28.16, avg_time=0.000148s, max_time=0.000272s, min_time=0.000084s
[36m(CodeTaskRunner pid=1298220)[0m INFO:2026-09-06 02:50:41,348:pending: 0, running: 1, finished: 23, failure: 0
[36m(CodeTaskRunner pid=1298220)[0m INFO:2026-09-06 02:51:41,400:pending: 0, running: 1, finished: 23, failure: 0
[36m(CodeTaskRunner pid=1298220)[0m INFO:2026-09-06 02:52:41,452:pending: 0, running: 1, finished: 23, failure: 0
[36m(CodeTaskRunner pid=1298220)[0m INFO:2026-09-06 02:53:41,504:pending: 0, running: 1, finished: 23, failure: 0
[36m(CodeTaskRunner pid=1298220)[0m INFO:2026-09-06 02:54:41,555:pending: 0, running: 1, finished: 23, failure: 0
[36m(TransferQueueController pid=1298470)[0m 2026-09-06 02:54:41,556 - INFO - transfer_queue.utils.perf_utils - TQ_CONTROLLER_21d8c9ff: [Performance] Total success requests: 150, Total req/min: 29.97, Total avg process time: 0.0001s; 
[36m(TransferQueueController pid=1298470)[0m Time range: last 5.00 minutes; 
[36m(TransferQueueController pid=1298470)[0m Per-operation statistics: KV_LIST: req_count=150, req/min=29.97, avg_time=0.000054s, max_time=0.000081s, min_time=0.000043s
[36m(CodeTaskRunner pid=1298220)[0m INFO:2026-09-06 02:55:41,607:pending: 0, running: 1, finished: 23, failure: 0
[36m(CodeTaskRunner pid=1298220)[0m INFO:2026-09-06 02:56:41,659:pending: 0, running: 1, finished: 23, failure: 0
[36m(CodeTaskRunner pid=1298220)[0m INFO:2026-09-06 02:57:41,711:pending: 0, running: 1, finished: 23, failure: 0
[36m(CodeTaskRunner pid=1298220)[0m INFO:2026-09-06 02:58:41,763:pending: 0, running: 1, finished: 23, failure: 0
[36m(CodeTaskRunner pid=1298220)[0m INFO:2026-09-06 02:59:41,815:pending: 0, running: 1, finished: 23, failure: 0
[36m(TransferQueueController pid=1298470)[0m 2026-09-06 02:59:41,816 - INFO - transfer_queue.utils.perf_utils - TQ_CONTROLLER_21d8c9ff: [Performance] Total success requests: 150, Total req/min: 29.97, Total avg process time: 0.0001s; 
[36m(TransferQueueController pid=1298470)[0m Time range: last 5.00 minutes; 
[36m(TransferQueueController pid=1298470)[0m Per-operation statistics: KV_LIST: req_count=150, req/min=29.97, avg_time=0.000053s, max_time=0.000147s, min_time=0.000043s
[36m(SimpleStorageUnit pid=1298783)[0m Per-operation statistics: CLEAR_DATA: req_count=1, req/min=0.07, avg_time=0.004825s, max_time=0.004825s, min_time=0.004825s; PUT_DATA: req_count=18, req/min=1.18, avg_time=0.001755s, max_time=0.002174s, min_time=0.001615s
[36m(SimpleStorageUnit pid=1298783)[0m 2026-09-06 02:59:53,511 - INFO - transfer_queue.utils.perf_utils - TQ_STORAGE_UNIT_3acb293c: [Performance] Total success requests: 19, Total req/min: 1.25, Total avg process time: 0.0019s; 
[36m(SimpleStorageUnit pid=1298783)[0m Time range: last 15.21 minutes; 
[36m(SimpleStorageUnit pid=1298787)[0m 2026-09-06 03:00:09,313 - INFO - transfer_queue.utils.perf_utils - TQ_STORAGE_UNIT_52b830d6: [Performance] Total success requests: 19, Total req/min: 1.23, Total avg process time: 0.0020s; 
[36m(SimpleStorageUnit pid=1298787)[0m Time range: last 15.47 minutes; 
[36m(SimpleStorageUnit pid=1298787)[0m Per-operation statistics: CLEAR_DATA: req_count=1, req/min=0.06, avg_time=0.005110s, max_time=0.005110s, min_time=0.005110s; PUT_DATA: req_count=18, req/min=1.16, avg_time=0.001845s, max_time=0.003204s, min_time=0.001623s
[36m(SimpleStorageUnit pid=1298788)[0m Per-operation statistics: CLEAR_DATA: req_count=1, req/min=0.06, avg_time=0.005433s, max_time=0.005433s, min_time=0.005433s; PUT_DATA: req_count=18, req/min=1.16, avg_time=0.001781s, max_time=0.001990s, min_time=0.001669s
[36m(CodeTaskRunner pid=1298220)[0m Training Progress:  35%|███▌      | 7/20 [1:14:29<2:26:56, 678.20s/it]
[36m(SimpleStorageUnit pid=1298782)[0m 2026-09-06 03:00:09,850 - INFO - transfer_queue.utils.perf_utils - TQ_STORAGE_UNIT_31cb2fbf: [Performance] Total success requests: 20, Total req/min: 1.29, Total avg process time: 0.0021s; [32m [repeated 6x across cluster][0m
[36m(SimpleStorageUnit pid=1298782)[0m Time range: last 15.48 minutes; [32m [repeated 6x across cluster][0m
[36m(SimpleStorageUnit pid=1298782)[0m Per-operation statistics: CLEAR_DATA: req_count=2, req/min=0.13, avg_time=0.004275s, max_time=0.005473s, min_time=0.003077s; PUT_DATA: req_count=18, req/min=1.16, avg_time=0.001847s, max_time=0.003005s, min_time=0.001683s[32m [repeated 5x across cluster][0m
[36m(TransferQueueController pid=1298470)[0m Per-operation statistics: KV_LIST: req_count=37, req/min=7.39, avg_time=0.000063s, max_time=0.000460s, min_time=0.000033s; KV_RETRIEVE_META: req_count=130, req/min=25.98, avg_time=0.000436s, max_time=0.003027s, min_time=0.000115s; NOTIFY_DATA_UPDATE: req_count=90, req/min=17.98, avg_time=0.000157s, max_time=0.000308s, min_time=0.000078s; SET_CUSTOM_META: req_count=124, req/min=24.78, avg_time=0.000016s, max_time=0.000047s, min_time=0.000007s; CLEAR_META: req_count=2, req/min=0.40, avg_time=0.000449s, max_time=0.000490s, min_time=0.000408s; KV_RETRIEVE_KEYS: req_count=1, req/min=0.20, avg_time=0.000062s, max_time=0.000062s, min_time=0.000062s
[36m(TransferQueueController pid=1298470)[0m 2026-09-06 03:04:42,098 - INFO - transfer_queue.utils.perf_utils - TQ_CONTROLLER_21d8c9ff: [Performance] Total success requests: 384, Total req/min: 76.73, Total avg process time: 0.0002s; 
[36m(TransferQueueController pid=1298470)[0m Time range: last 5.00 minutes; 
[36m(SimpleStorageUnit pid=1298783)[0m 2026-09-06 03:04:57,591 - INFO - transfer_queue.utils.perf_utils - TQ_STORAGE_UNIT_3acb293c: [Performance] Total success requests: 30, Total req/min: 5.92, Total avg process time: 0.0024s; 
[36m(SimpleStorageUnit pid=1298783)[0m Time range: last 5.07 minutes; 
[36m(SimpleStorageUnit pid=1298783)[0m Per-operation statistics: CLEAR_DATA: req_count=2, req/min=0.39, avg_time=0.003608s, max_time=0.004396s, min_time=0.002820s; GET_DATA: req_count=11, req/min=2.17, avg_time=0.003169s, max_time=0.004025s, min_time=0.002005s; PUT_DATA: req_count=17, req/min=3.35, avg_time=0.001753s, max_time=0.002062s, min_time=0.001634s
[36m(CodeTaskRunner pid=1298220)[0m INFO:2026-09-06 03:04:58,112:pending: 0, running: 11, finished: 13, failure: 0
[36m(SimpleStorageUnit pid=1298788)[0m 2026-09-06 03:05:09,721 - INFO - transfer_queue.utils.perf_utils - TQ_STORAGE_UNIT_18c60b9c: [Performance] Total success requests: 31, Total req/min: 6.19, Total avg process time: 0.0024s; 
[36m(SimpleStorageUnit pid=1298788)[0m Time range: last 5.01 minutes; 
[36m(SimpleStorageUnit pid=1298788)[0m Per-operation statistics: CLEAR_DATA: req_count=2, req/min=0.40, avg_time=0.003476s, max_time=0.004270s, min_time=0.002682s; GET_DATA: req_count=11, req/min=2.20, avg_time=0.003197s, max_time=0.003774s, min_time=0.002532s; PUT_DATA: req_count=18, req/min=3.60, avg_time=0.001743s, max_time=0.001924s, min_time=0.001608s
[36m(SimpleStorageUnit pid=1298781)[0m 2026-09-06 03:05:10,411 - INFO - transfer_queue.utils.perf_utils - TQ_STORAGE_UNIT_8288bab0: [Performance] Total success requests: 31, Total req/min: 6.19, Total avg process time: 0.0021s; 
[36m(SimpleStorageUnit pid=1298781)[0m Time range: last 5.01 minutes; 
[36m(SimpleStorageUnit pid=1298781)[0m Per-operation statistics: GET_DATA: req_count=11, req/min=2.20, avg_time=0.002483s, max_time=0.003412s, min_time=0.001665s; PUT_DATA: req_count=19, req/min=3.79, avg_time=0.001807s, max_time=0.003007s, min_time=0.001617s; CLEAR_DATA: req_count=1, req/min=0.20, avg_time=0.003201s, max_time=0.003201s, min_time=0.003201s
[36m(SimpleStorageUnit pid=1298787)[0m Per-operation statistics: CLEAR_DATA: req_count=2, req/min=0.39, avg_time=0.003990s, max_time=0.005070s, min_time=0.002909s; GET_DATA: req_count=11, req/min=2.13, avg_time=0.003178s, max_time=0.004155s, min_time=0.001616s; PUT_DATA: req_count=19, req/min=3.67, avg_time=0.001887s, max_time=0.002240s, min_time=0.001707s
[36m(SimpleStorageUnit pid=1298787)[0m 2026-09-06 03:05:19,542 - INFO - transfer_queue.utils.perf_utils - TQ_STORAGE_UNIT_52b830d6: [Performance] Total success requests: 32, Total req/min: 6.19, Total avg process time: 0.0025s; [32m [repeated 5x across cluster][0m
[36m(SimpleStorageUnit pid=1298787)[0m Time range: last 5.17 minutes; [32m [repeated 5x across cluster][0m
[36m(SimpleStorageUnit pid=1298786)[0m Per-operation statistics: GET_DATA: req_count=11, req/min=2.16, avg_time=0.003526s, max_time=0.004303s, min_time=0.002383s; PUT_DATA: req_count=19, req/min=3.73, avg_time=0.001775s, max_time=0.002151s, min_time=0.001628s; CLEAR_DATA: req_count=1, req/min=0.20, avg_time=0.004558s, max_time=0.004558s, min_time=0.004558s[32m [repeated 4x across cluster][0m
[36m(CodeTaskRunner pid=1298220)[0m INFO:2026-09-06 03:05:58,166:pending: 0, running: 4, finished: 20, failure: 0
[36m(CodeTaskRunner pid=1298220)[0m INFO:2026-09-06 03:06:58,218:pending: 0, running: 3, finished: 21, failure: 0
[36m(TransferQueueController pid=1298470)[0m 2026-09-06 03:12:48,755 - INFO - transfer_queue.utils.perf_utils - TQ_CONTROLLER_21d8c9ff: [Performance] Total success requests: 313, Total req/min: 38.59, Total avg process time: 0.0004s; 
[36m(TransferQueueController pid=1298470)[0m Time range: last 8.11 minutes; 
[36m(TransferQueueController pid=1298470)[0m Per-operation statistics: KV_RETRIEVE_META: req_count=84, req/min=10.36, avg_time=0.001285s, max_time=0.069162s, min_time=0.000173s; NOTIFY_DATA_UPDATE: req_count=63, req/min=7.77, avg_time=0.000142s, max_time=0.000295s, min_time=0.000070s; SET_CUSTOM_META: req_count=79, req/min=9.74, avg_time=0.000015s, max_time=0.000035s, min_time=0.000009s; KV_LIST: req_count=85, req/min=10.48, avg_time=0.000056s, max_time=0.000185s, min_time=0.000041s; CLEAR_META: req_count=1, req/min=0.12, avg_time=0.000471s, max_time=0.000471s, min_time=0.000471s; KV_RETRIEVE_KEYS: req_count=1, req/min=0.12, avg_time=0.000061s, max_time=0.000061s, min_time=0.000061s
[36m(SimpleStorageUnit pid=1298783)[0m Per-operation statistics: PUT_DATA: req_count=7, req/min=0.89, avg_time=0.002127s, max_time=0.002908s, min_time=0.001659s; CLEAR_DATA: req_count=1, req/min=0.13, avg_time=0.003809s, max_time=0.003809s, min_time=0.003809s; GET_DATA: req_count=11, req/min=1.40, avg_time=0.003275s, max_time=0.004143s, min_time=0.002288s
[36m(CodeTaskRunner pid=1298220)[0m Training Progress:  40%|████      | 8/20 [1:23:20<2:06:16, 631.35s/it]
[36m(CodeTaskRunner pid=1298220)[0m INFO:2026-09-06 03:13:49,134:pending: 0, running: 10, finished: 14, failure: 0
[36m(SimpleStorageUnit pid=1298787)[0m 2026-09-06 03:12:48,778 - INFO - transfer_queue.utils.perf_utils - TQ_STORAGE_UNIT_52b830d6: [Performance] Total success requests: 17, Total req/min: 2.27, Total avg process time: 0.0033s; [32m [repeated 8x across cluster][0m
[36m(SimpleStorageUnit pid=1298787)[0m Time range: last 7.49 minutes; [32m [repeated 8x across cluster][0m
[36m(SimpleStorageUnit pid=1298787)[0m Per-operation statistics: PUT_DATA: req_count=5, req/min=0.67, avg_time=0.002387s, max_time=0.002800s, min_time=0.001791s; CLEAR_DATA: req_count=1, req/min=0.13, avg_time=0.004457s, max_time=0.004457s, min_time=0.004457s; GET_DATA: req_count=11, req/min=1.47, avg_time=0.003542s, max_time=0.004145s, min_time=0.002685s[32m [repeated 7x across cluster][0m
[36m(CodeTaskRunner pid=1298220)[0m INFO:2026-09-06 03:14:49,188:pending: 0, running: 3, finished: 21, failure: 0
[36m(TransferQueueController pid=1298470)[0m 2026-09-06 03:19:33,676 - INFO - transfer_queue.utils.perf_utils - TQ_CONTROLLER_21d8c9ff: [Performance] Total success requests: 635, Total req/min: 94.09, Total avg process time: 0.0002s; 
[36m(TransferQueueController pid=1298470)[0m Time range: last 6.75 minutes; 
[36m(TransferQueueController pid=1298470)[0m Per-operation statistics: KV_RETRIEVE_META: req_count=202, req/min=29.93, avg_time=0.000422s, max_time=0.012663s, min_time=0.000116s; CLEAR_META: req_count=2, req/min=0.30, avg_time=0.000459s, max_time=0.000500s, min_time=0.000418s; SET_CUSTOM_META: req_count=196, req/min=29.04, avg_time=0.000015s, max_time=0.000046s, min_time=0.000006s; KV_LIST: req_count=87, req/min=12.89, avg_time=0.000056s, max_time=0.000135s, min_time=0.000025s; NOTIFY_DATA_UPDATE: req_count=147, req/min=21.78, avg_time=0.000146s, max_time=0.000431s, min_time=0.000075s; KV_RETRIEVE_KEYS: req_count=1, req/min=0.15, avg_time=0.000044s, max_time=0.000044s, min_time=0.000044s
[36m(SimpleStorageUnit pid=1298781)[0m Per-operation statistics: CLEAR_DATA: req_count=2, req/min=0.30, avg_time=0.004123s, max_time=0.004359s, min_time=0.003888s; PUT_DATA: req_count=21, req/min=3.11, avg_time=0.001804s, max_time=0.002889s, min_time=0.001617s; GET_DATA: req_count=11, req/min=1.63, avg_time=0.003255s, max_time=0.005383s, min_time=0.002202s
[36m(CodeTaskRunner pid=1298220)[0m Training Progress:  45%|████▌     | 9/20 [1:30:04<1:42:45, 560.51s/it]

[36m(CodeTaskRunner pid=1298220)[0m step:7 - global_seqlen/min:1483079.0 - global_seqlen/max:1483079.0 - global_seqlen/minmax_diff:0.0 - global_seqlen/balanced_min:1483079.0 - global_seqlen/balanced_max:1483079.0 - global_seqlen/mean:1483079.0 - actor/entropy:0.14364252984523773 - actor/pg_clipfrac:0.0 - actor/ppo_kl:0.0 - actor/pg_clipfrac_lower:0.0 - actor/pg_loss:-3.15194483846426e-08 - actor/loss:-3.073364496231079e-08 - actor/grad_norm:0.06591796875 - actor/lr:2e-05 - actor/perf/max_memory_allocated_gb:49.52954721450806 - actor/perf/max_memory_reserved_gb:53.142578125 - actor/perf/cpu_memory_used_gb:479.654972076416 - perf/mfu/actor:0.20165947101821902 - training/global_step:7 - training/epoch:0 - critic/score/mean:0.5754041075706482 - critic/score/max:1.0 - critic/score/min:0.0 - critic/rewards/mean:0.5754041075706482 - critic/rewards/max:1.0 - critic/rewards/min:0.0 - critic/advantages/mean:-0.054378729313611984 - critic/advantages/max:2.037001371383667 - critic/advantages/min:-2.0412356853485107 - critic/returns/mean:-0.054378729313611984 - critic/returns/max:2.037001371383667 - critic/returns/min:-2.0412356853485107 - response_length/mean:440.90972900390625 - response_length/max:2048.0 - response_length/min:81.0 - response_length/clip_ratio:0.02083333395421505 - response_length_non_aborted/mean:440.90972900390625 - response_length_non_aborted/max:2048.0 - response_length_non_aborted/min:81.0 - response_length_non_aborted/clip_ratio:0.02083333395421505 - response/aborted_ratio:0.0 - prompt_length/mean:9858.25 - prompt_length/max:58054.0 - prompt_length/min:136.0 - prompt_length/clip_ratio:0.0416666679084301 - timing_s/gen:931.3467161279987 - timing_s/old_log_prob:34.07460568996612 - timing_s/adv:0.1631716939737089 - timing_s/update_actor:115.66859340498922 - timing_s/update_weights:75.39610066998284 - timing_s/step:1156.9121520910412 - timing_per_token_ms/adv:0.00011002225368554804 - timing_per_token_ms/gen:14.668956484037087 - timing_per_token_ms/update_actor:0.07799219960972358 - perf/total_num_tokens:1483079 - perf/time_per_step:1156.9121520910412 - perf/throughput:320.482198522903 - training/num_turns/mean:np.float64(2.0) - training/num_turns/max:np.int64(2) - training/num_turns/min:np.int64(2) - training/off_policy/trajectory_spans/mean:np.float64(1.0) - training/off_policy/trajectory_spans/max:np.int64(1) - training/off_policy/trajectory_spans/min:np.int64(1) - training/off_policy/trajectory_staleness/mean:np.float64(0.0) - training/off_policy/trajectory_staleness/max:np.int64(0) - training/off_policy/trajectory_staleness/min:np.int64(0) - training/off_policy/trajectory_staleness_worst/mean:np.float64(0.0) - training/off_policy/trajectory_staleness_worst/max:np.int64(0) - training/off_policy/trajectory_staleness_worst/min:np.int64(0)
[36m(CodeTaskRunner pid=1298220)[0m step:8 - global_seqlen/min:2038524.0 - global_seqlen/max:2038524.0 - global_seqlen/minmax_diff:0.0 - global_seqlen/balanced_min:2038524.0 - global_seqlen/balanced_max:2038524.0 - global_seqlen/mean:2038524.0 - actor/entropy:0.15835632383823395 - actor/pg_clipfrac:0.0 - actor/ppo_kl:0.0 - actor/pg_clipfrac_lower:0.0 - actor/pg_loss:8.575931076393317e-09 - actor/loss:7.450580596923828e-09 - actor/grad_norm:0.05517578125 - actor/lr:2e-05 - actor/perf/max_memory_allocated_gb:49.52954721450806 - actor/perf/max_memory_reserved_gb:53.142578125 - actor/perf/cpu_memory_used_gb:480.08255767822266 - perf/mfu/actor:0.2066520992748758 - training/global_step:8 - training/epoch:0 - critic/score/mean:0.5662751793861389 - critic/score/max:1.0 - critic/score/min:0.0 - critic/rewards/mean:0.5662751793861389 - critic/rewards/max:1.0 - critic/rewards/min:0.0 - critic/advantages/mean:-0.13910631835460663 - critic/advantages/max:2.0412356853485107 - critic/advantages/min:-2.041236162185669 - critic/returns/mean:-0.13910631835460663 - critic/returns/max:2.0412356853485107 - critic/returns/min:-2.041236162185669 - response_length/mean:422.5 - response_length/max:2048.0 - response_length/min:96.0 - response_length/clip_ratio:0.0486111119389534 - response_length_non_aborted/mean:422.5 - response_length_non_aborted/max:2048.0 - response_length_non_aborted/min:96.0 - response_length_non_aborted/clip_ratio:0.0486111119389534 - response/aborted_ratio:0.0 - prompt_length/mean:13733.9169921875 - prompt_length/max:75653.0 - prompt_length/min:132.0 - prompt_length/clip_ratio:0.0416666679084301 - timing_s/gen:216.76240793301258 - timing_s/old_log_prob:50.37123213498853 - timing_s/adv:0.12262658501276746 - timing_s/update_actor:181.46485238801688 - timing_s/update_weights:81.6916068700375 - timing_s/step:530.6484519490041 - timing_per_token_ms/adv:6.015459470321049e-05 - timing_per_token_ms/gen:3.5628272178338687 - timing_per_token_ms/update_actor:0.08901776598559392 - perf/total_num_tokens:2038524 - perf/time_per_step:530.6484519490041 - perf/throughput:960.3928893567678 - training/num_turns/mean:np.float64(2.0) - training/num_turns/max:np.int64(2) - training/num_turns/min:np.int64(2) - training/off_policy/trajectory_spans/mean:np.float64(1.0) - training/off_policy/trajectory_spans/max:np.int64(1) - training/off_policy/trajectory_spans/min:np.int64(1) - training/off_policy/trajectory_staleness/mean:np.float64(0.0) - training/off_policy/trajectory_staleness/max:np.int64(0) - training/off_policy/trajectory_staleness/min:np.int64(0) - training/off_policy/trajectory_staleness_worst/mean:np.float64(0.0) - training/off_policy/trajectory_staleness_worst/max:np.int64(0) - training/off_policy/trajectory_staleness_worst/min:np.int64(0)
[36m(CodeTaskRunner pid=1298220)[0m step:9 - global_seqlen/min:1302502.0 - global_seqlen/max:1302502.0 - global_seqlen/minmax_diff:0.0 - global_seqlen/balanced_min:1302502.0 - global_seqlen/balanced_max:1302502.0 - global_seqlen/mean:1302502.0 - actor/entropy:0.2113673985004425 - actor/pg_clipfrac:0.0 - actor/ppo_kl:0.0 - actor/pg_clipfrac_lower:0.0 - actor/pg_loss:-1.1641532182693481e-08 - actor/loss:-1.210719347000122e-08 - actor/grad_norm:0.0673828125 - actor/lr:2e-05 - actor/perf/max_memory_allocated_gb:49.52954721450806 - actor/perf/max_memory_reserved_gb:53.142578125 - actor/perf/cpu_memory_used_gb:480.2159881591797 - perf/mfu/actor:0.20588034356189042 - training/global_step:9 - training/epoch:0 - critic/score/mean:0.535414457321167 - critic/score/max:1.0 - critic/score/min:0.0 - critic/rewards/mean:0.535414457321167 - critic/rewards/max:1.0 - critic/rewards/min:0.0 - critic/advantages/mean:-0.10352455079555511 - critic/advantages/max:2.041213035583496 - critic/advantages/min:-2.0412354469299316 - critic/returns/mean:-0.10352455079555511 - critic/returns/max:2.041213035583496 - critic/returns/min:-2.0412354469299316 - response_length/mean:456.6111145019531 - response_length/max:2048.0 - response_length/min:46.0 - response_length/clip_ratio:0.0625 - response_length_non_aborted/mean:456.6111145019531 - response_length_non_aborted/max:2048.0 - response_length_non_aborted/min:46.0 - response_length_non_aborted/clip_ratio:0.0625 - response/aborted_ratio:0.0 - prompt_length/mean:8588.5419921875 - prompt_length/max:62216.0 - prompt_length/min:106.0 - prompt_length/clip_ratio:0.0416666679084301 - timing_s/gen:174.8296484070015 - timing_s/old_log_prob:33.97425865702098 - timing_s/adv:0.11551267601316795 - timing_s/update_actor:112.23403306503315 - timing_s/update_weights:83.20487477601273 - timing_s/step:404.6317698030034 - timing_per_token_ms/adv:8.86852196873156e-05 - timing_per_token_ms/gen:2.658925179568705 - timing_per_token_ms/update_actor:0.08616803126984307 - perf/total_num_tokens:1302502 - perf/time_per_step:404.6317698030034 - perf/throughput:804.7452629795532 - training/num_turns/mean:np.float64(2.0) - training/num_turns/max:np.int64(2) - training/num_turns/min:np.int64(2) - training/off_policy/trajectory_spans/mean:np.float64(1.0) - training/off_policy/trajectory_spans/max:np.int64(1) - training/off_policy/trajectory_spans/min:np.int64(1) - training/off_policy/trajectory_staleness/mean:np.float64(0.0) - training/off_policy/trajectory_staleness/max:np.int64(0) - training/off_policy/trajectory_staleness/min:np.int64(0) - training/off_policy/trajectory_staleness_worst/mean:np.float64(0.0) - training/off_policy/trajectory_staleness_worst/max:np.int64(0) - training/off_policy/trajectory_staleness_worst/min:np.int64(0)[36m(CodeTaskRunner pid=1298220)[0m INFO:2026-09-06 03:20:34,131:pending: 0, running: 3, finished: 21, failure: 0
[36m(SimpleStorageUnit pid=1298784)[0m 2026-09-06 03:19:33,688 - INFO - transfer_queue.utils.perf_utils - TQ_STORAGE_UNIT_f3cf976e: [Performance] Total success requests: 34, Total req/min: 5.04, Total avg process time: 0.0027s; [32m [repeated 8x across cluster][0m
[36m(SimpleStorageUnit pid=1298784)[0m Time range: last 6.75 minutes; [32m [repeated 8x across cluster][0m
[36m(SimpleStorageUnit pid=1298784)[0m Per-operation statistics: CLEAR_DATA: req_count=2, req/min=0.30, avg_time=0.005033s, max_time=0.006025s, min_time=0.004042s; PUT_DATA: req_count=21, req/min=3.11, avg_time=0.001929s, max_time=0.003045s, min_time=0.001630s; GET_DATA: req_count=11, req/min=1.63, avg_time=0.003892s, max_time=0.005244s, min_time=0.002416s[32m [repeated 7x across cluster][0m
[36m(CodeTaskRunner pid=1298220)[0m INFO:2026-09-06 03:21:34,184:pending: 0, running: 3, finished: 21, failure: 0
[36m(TransferQueueController pid=1298470)[0m 2026-09-06 03:25:30,458 - INFO - transfer_queue.utils.perf_utils - TQ_CONTROLLER_21d8c9ff: [Performance] Total success requests: 636, Total req/min: 106.96, Total avg process time: 0.0002s; 
[36m(TransferQueueController pid=1298470)[0m Time range: last 5.95 minutes; 
[36m(TransferQueueController pid=1298470)[0m Per-operation statistics: KV_RETRIEVE_META: req_count=202, req/min=33.97, avg_time=0.000367s, max_time=0.003061s, min_time=0.000116s; CLEAR_META: req_count=2, req/min=0.34, avg_time=0.000431s, max_time=0.000456s, min_time=0.000406s; SET_CUSTOM_META: req_count=196, req/min=32.96, avg_time=0.000016s, max_time=0.000057s, min_time=0.000007s; KV_LIST: req_count=88, req/min=14.80, avg_time=0.000056s, max_time=0.000179s, min_time=0.000031s; NOTIFY_DATA_UPDATE: req_count=147, req/min=24.72, avg_time=0.000147s, max_time=0.000341s, min_time=0.000070s; KV_RETRIEVE_KEYS: req_count=1, req/min=0.17, avg_time=0.000046s, max_time=0.000046s, min_time=0.000046s
[36m(SimpleStorageUnit pid=1298781)[0m Per-operation statistics: CLEAR_DATA: req_count=2, req/min=0.34, avg_time=0.003582s, max_time=0.003754s, min_time=0.003411s; PUT_DATA: req_count=21, req/min=3.53, avg_time=0.001719s, max_time=0.001951s, min_time=0.001594s; GET_DATA: req_count=11, req/min=1.85, avg_time=0.002978s, max_time=0.003825s, min_time=0.001989s
[36m(CodeTaskRunner pid=1298220)[0m Training Progress:  50%|█████     | 10/20 [1:36:01<1:22:56, 497.61s/it]
[36m(CodeTaskRunner pid=1298220)[0m INFO:2026-09-06 03:26:30,636:pending: 0, running: 12, finished: 12, failure: 0
[36m(SimpleStorageUnit pid=1298788)[0m 2026-09-06 03:25:30,471 - INFO - transfer_queue.utils.perf_utils - TQ_STORAGE_UNIT_18c60b9c: [Performance] Total success requests: 34, Total req/min: 5.72, Total avg process time: 0.0025s; [32m [repeated 8x across cluster][0m
[36m(SimpleStorageUnit pid=1298788)[0m Time range: last 5.95 minutes; [32m [repeated 8x across cluster][0m
[36m(SimpleStorageUnit pid=1298788)[0m Per-operation statistics: CLEAR_DATA: req_count=2, req/min=0.34, avg_time=0.004240s, max_time=0.004461s, min_time=0.004020s; PUT_DATA: req_count=21, req/min=3.53, avg_time=0.001852s, max_time=0.002469s, min_time=0.001617s; GET_DATA: req_count=11, req/min=1.85, avg_time=0.003567s, max_time=0.003992s, min_time=0.002618s[32m [repeated 7x across cluster][0m
[36m(CodeTaskRunner pid=1298220)[0m INFO:2026-09-06 03:27:30,692:pending: 0, running: 2, finished: 22, failure: 0
[36m(CodeTaskRunner pid=1298220)[0m INFO:2026-09-06 03:28:30,744:pending: 0, running: 2, finished: 22, failure: 0
[36m(TransferQueueController pid=1298470)[0m 2026-09-06 03:32:42,590 - INFO - transfer_queue.utils.perf_utils - TQ_CONTROLLER_21d8c9ff: [Performance] Total success requests: 643, Total req/min: 89.28, Total avg process time: 0.0002s; 
[36m(TransferQueueController pid=1298470)[0m Time range: last 7.20 minutes; 
[36m(TransferQueueController pid=1298470)[0m Per-operation statistics: KV_RETRIEVE_META: req_count=202, req/min=28.05, avg_time=0.000377s, max_time=0.003398s, min_time=0.000120s; CLEAR_META: req_count=2, req/min=0.28, avg_time=0.000456s, max_time=0.000487s, min_time=0.000426s; SET_CUSTOM_META: req_count=196, req/min=27.21, avg_time=0.000016s, max_time=0.000043s, min_time=0.000006s; KV_LIST: req_count=95, req/min=13.19, avg_time=0.000061s, max_time=0.000250s, min_time=0.000029s; NOTIFY_DATA_UPDATE: req_count=147, req/min=20.41, avg_time=0.000148s, max_time=0.000314s, min_time=0.000075s; KV_RETRIEVE_KEYS: req_count=1, req/min=0.14, avg_time=0.000047s, max_time=0.000047s, min_time=0.000047s
[36m(SimpleStorageUnit pid=1298781)[0m Per-operation statistics: CLEAR_DATA: req_count=2, req/min=0.28, avg_time=0.003762s, max_time=0.003785s, min_time=0.003738s; PUT_DATA: req_count=21, req/min=2.92, avg_time=0.001842s, max_time=0.004400s, min_time=0.001593s; GET_DATA: req_count=11, req/min=1.53, avg_time=0.002907s, max_time=0.003661s, min_time=0.001826s
[36m(CodeTaskRunner pid=1298220)[0m Training Progress:  55%|█████▌    | 11/20 [1:43:13<1:11:38, 477.58s/it]
[36m(CodeTaskRunner pid=1298220)[0m INFO:2026-09-06 03:33:42,806:pending: 0, running: 9, finished: 15, failure: 0
[36m(SimpleStorageUnit pid=1298784)[0m 2026-09-06 03:32:42,603 - INFO - transfer_queue.utils.perf_utils - TQ_STORAGE_UNIT_f3cf976e: [Performance] Total success requests: 34, Total req/min: 4.72, Total avg process time: 0.0028s; [32m [repeated 8x across cluster][0m
[36m(SimpleStorageUnit pid=1298784)[0m Time range: last 7.20 minutes; [32m [repeated 8x across cluster][0m
[36m(SimpleStorageUnit pid=1298784)[0m Per-operation statistics: CLEAR_DATA: req_count=2, req/min=0.28, avg_time=0.004709s, max_time=0.005851s, min_time=0.003567s; PUT_DATA: req_count=21, req/min=2.92, avg_time=0.001836s, max_time=0.002580s, min_time=0.001627s; GET_DATA: req_count=11, req/min=1.53, avg_time=0.004176s, max_time=0.005262s, min_time=0.002826s[32m [repeated 7x across cluster][0m
[36m(CodeTaskRunner pid=1298220)[0m INFO:2026-09-06 03:34:42,860:pending: 0, running: 5, finished: 19, failure: 0
[36m(CodeTaskRunner pid=1298220)[0m INFO:2026-09-06 03:35:42,913:pending: 0, running: 3, finished: 21, failure: 0
[36m(TransferQueueController pid=1298470)[0m 2026-09-06 03:43:52,848 - INFO - transfer_queue.utils.perf_utils - TQ_CONTROLLER_21d8c9ff: [Performance] Total success requests: 647, Total req/min: 57.92, Total avg process time: 0.0002s; 
[36m(TransferQueueController pid=1298470)[0m Time range: last 11.17 minutes; 
[36m(TransferQueueController pid=1298470)[0m Per-operation statistics: KV_RETRIEVE_META: req_count=202, req/min=18.08, avg_time=0.000380s, max_time=0.004286s, min_time=0.000121s; CLEAR_META: req_count=2, req/min=0.18, avg_time=0.000470s, max_time=0.000525s, min_time=0.000416s; SET_CUSTOM_META: req_count=196, req/min=17.55, avg_time=0.000016s, max_time=0.000040s, min_time=0.000007s; KV_LIST: req_count=99, req/min=8.86, avg_time=0.000056s, max_time=0.000127s, min_time=0.000017s; NOTIFY_DATA_UPDATE: req_count=147, req/min=13.16, avg_time=0.000147s, max_time=0.000342s, min_time=0.000076s; KV_RETRIEVE_KEYS: req_count=1, req/min=0.09, avg_time=0.000074s, max_time=0.000074s, min_time=0.000074s
[36m(SimpleStorageUnit pid=1298788)[0m Per-operation statistics: CLEAR_DATA: req_count=2, req/min=0.18, avg_time=0.004226s, max_time=0.004597s, min_time=0.003856s; PUT_DATA: req_count=21, req/min=1.88, avg_time=0.001851s, max_time=0.002867s, min_time=0.001633s; GET_DATA: req_count=11, req/min=0.98, avg_time=0.003117s, max_time=0.004000s, min_time=0.002459s
[36m(CodeTaskRunner pid=1298220)[0m Training Progress:  60%|██████    | 12/20 [1:54:24<1:11:29, 536.21s/it]

[36m(CodeTaskRunner pid=1298220)[0m step:10 - global_seqlen/min:937981.0 - global_seqlen/max:937981.0 - global_seqlen/minmax_diff:0.0 - global_seqlen/balanced_min:937981.0 - global_seqlen/balanced_max:937981.0 - global_seqlen/mean:937981.0 - actor/entropy:0.24079811573028564 - actor/pg_clipfrac:0.0 - actor/ppo_kl:0.0 - actor/pg_clipfrac_lower:0.0 - actor/pg_loss:-4.487810656428337e-08 - actor/loss:-4.470348358154297e-08 - actor/grad_norm:0.06396484375 - actor/lr:2e-05 - actor/perf/max_memory_allocated_gb:49.52954721450806 - actor/perf/max_memory_reserved_gb:53.142578125 - actor/perf/cpu_memory_used_gb:480.4339599609375 - perf/mfu/actor:0.19931960819580077 - training/global_step:10 - training/epoch:0 - critic/score/mean:0.5961119532585144 - critic/score/max:1.0 - critic/score/min:0.0 - critic/rewards/mean:0.5961119532585144 - critic/rewards/max:1.0 - critic/rewards/min:0.0 - critic/advantages/mean:-0.17360030114650726 - critic/advantages/max:2.041236162185669 - critic/advantages/min:-2.041236162185669 - critic/returns/mean:-0.17360030114650726 - critic/returns/max:2.041236162185669 - critic/returns/min:-2.041236162185669 - response_length/mean:409.5069580078125 - response_length/max:2048.0 - response_length/min:69.0 - response_length/clip_ratio:0.0763888880610466 - response_length_non_aborted/mean:409.5069580078125 - response_length_non_aborted/max:2048.0 - response_length_non_aborted/min:69.0 - response_length_non_aborted/clip_ratio:0.0763888880610466 - response/aborted_ratio:0.0 - prompt_length/mean:6104.25 - prompt_length/max:58525.0 - prompt_length/min:129.0 - prompt_length/clip_ratio:0.0416666679084301 - timing_s/gen:177.01309581904206 - timing_s/old_log_prob:23.85800757195102 - timing_s/adv:0.15732247894629836 - timing_s/update_actor:72.02770175697515 - timing_s/update_weights:83.1190518970252 - timing_s/step:356.65663410001434 - timing_per_token_ms/adv:0.00016772459031291504 - timing_per_token_ms/gen:3.0017991795526813 - timing_per_token_ms/update_actor:0.07679015007444197 - perf/total_num_tokens:937981 - perf/time_per_step:356.65663410001434 - perf/throughput:657.4818118600939 - training/num_turns/mean:np.float64(2.0) - training/num_turns/max:np.int64(2) - training/num_turns/min:np.int64(2) - training/off_policy/trajectory_spans/mean:np.float64(1.0) - training/off_policy/trajectory_spans/max:np.int64(1) - training/off_policy/trajectory_spans/min:np.int64(1) - training/off_policy/trajectory_staleness/mean:np.float64(0.0) - training/off_policy/trajectory_staleness/max:np.int64(0) - training/off_policy/trajectory_staleness/min:np.int64(0) - training/off_policy/trajectory_staleness_worst/mean:np.float64(0.0) - training/off_policy/trajectory_staleness_worst/max:np.int64(0) - training/off_policy/trajectory_staleness_worst/min:np.int64(0)
[36m(CodeTaskRunner pid=1298220)[0m step:11 - global_seqlen/min:1441272.0 - global_seqlen/max:1441272.0 - global_seqlen/minmax_diff:0.0 - global_seqlen/balanced_min:1441272.0 - global_seqlen/balanced_max:1441272.0 - global_seqlen/mean:1441272.0 - actor/entropy:0.19738133251667023 - actor/pg_clipfrac:0.0 - actor/ppo_kl:0.0 - actor/pg_clipfrac_lower:0.0 - actor/pg_loss:-0.0012025017640553415 - actor/loss:-0.0012025004252791405 - actor/grad_norm:0.2021484375 - actor/lr:2e-05 - actor/perf/max_memory_allocated_gb:49.52954721450806 - actor/perf/max_memory_reserved_gb:53.142578125 - actor/perf/cpu_memory_used_gb:480.4618911743164 - perf/mfu/actor:0.20649360820377674 - training/global_step:11 - training/epoch:0 - critic/score/mean:0.625093936920166 - critic/score/max:1.0 - critic/score/min:0.0 - critic/rewards/mean:0.625093936920166 - critic/rewards/max:1.0 - critic/rewards/min:0.0 - critic/advantages/mean:-0.12425660341978073 - critic/advantages/max:2.0412352085113525 - critic/advantages/min:-2.041236162185669 - critic/returns/mean:-0.12425660341978073 - critic/returns/max:2.0412352085113525 - critic/returns/min:-2.041236162185669 - response_length/mean:376.0416564941406 - response_length/max:2048.0 - response_length/min:70.0 - response_length/clip_ratio:0.02777777798473835 - response_length_non_aborted/mean:376.0416564941406 - response_length_non_aborted/max:2048.0 - response_length_non_aborted/min:70.0 - response_length_non_aborted/clip_ratio:0.02777777798473835 - response/aborted_ratio:0.0 - prompt_length/mean:9632.7919921875 - prompt_length/max:58292.0 - prompt_length/min:108.0 - prompt_length/clip_ratio:0.0416666679084301 - timing_s/gen:190.73116637201747 - timing_s/old_log_prob:35.80368502700003 - timing_s/adv:0.14169477799441665 - timing_s/update_actor:123.5168373339693 - timing_s/update_weights:81.67331023700535 - timing_s/step:432.01790519600036 - timing_per_token_ms/adv:9.831230884553135e-05 - timing_per_token_ms/gen:3.5222745405728064 - timing_per_token_ms/update_actor:0.08569987992132595 - perf/total_num_tokens:1441272 - perf/time_per_step:432.01790519600036 - perf/throughput:834.0348760233187 - training/num_turns/mean:np.float64(2.0) - training/num_turns/max:np.int64(2) - training/num_turns/min:np.int64(2) - training/off_policy/trajectory_spans/mean:np.float64(1.0) - training/off_policy/trajectory_spans/max:np.int64(1) - training/off_policy/trajectory_spans/min:np.int64(1) - training/off_policy/trajectory_staleness/mean:np.float64(0.0) - training/off_policy/trajectory_staleness/max:np.int64(0) - training/off_policy/trajectory_staleness/min:np.int64(0) - training/off_policy/trajectory_staleness_worst/mean:np.float64(0.0) - training/off_policy/trajectory_staleness_worst/max:np.int64(0) - training/off_policy/trajectory_staleness_worst/min:np.int64(0)
[36m(CodeTaskRunner pid=1298220)[0m step:12 - global_seqlen/min:2112099.0 - global_seqlen/max:2112099.0 - global_seqlen/minmax_diff:0.0 - global_seqlen/balanced_min:2112099.0 - global_seqlen/balanced_max:2112099.0 - global_seqlen/mean:2112099.0 - actor/entropy:0.2929096519947052 - actor/pg_clipfrac:0.0 - actor/ppo_kl:0.0 - actor/pg_clipfrac_lower:0.0 - actor/pg_loss:4.190951585769653e-09 - actor/loss:3.725290298461914e-09 - actor/grad_norm:0.06298828125 - actor/lr:2e-05 - actor/perf/max_memory_allocated_gb:49.70242881774902 - actor/perf/max_memory_reserved_gb:53.142578125 - actor/perf/cpu_memory_used_gb:480.95468521118164 - perf/mfu/actor:0.21616961825228911 - training/global_step:12 - training/epoch:0 - critic/score/mean:0.5316714644432068 - critic/score/max:1.0 - critic/score/min:0.0 - critic/rewards/mean:0.5316714644432068 - critic/rewards/max:1.0 - critic/rewards/min:0.0 - critic/advantages/mean:-0.14591453969478607 - critic/advantages/max:2.0412356853485107 - critic/advantages/min:-2.041236162185669 - critic/returns/mean:-0.14591453969478607 - critic/returns/max:2.0412356853485107 - critic/returns/min:-2.041236162185669 - response_length/mean:409.0625 - response_length/max:2048.0 - response_length/min:31.0 - response_length/clip_ratio:0.0694444477558136 - response_length_non_aborted/mean:409.0625 - response_length_non_aborted/max:2048.0 - response_length_non_aborted/min:31.0 - response_length_non_aborted/clip_ratio:0.0694444477558136 - response/aborted_ratio:0.0 - prompt_length/mean:14258.2919921875 - prompt_length/max:118116.0 - prompt_length/min:114.0 - prompt_length/clip_ratio:0.0416666679084301 - timing_s/gen:199.00971136102453 - timing_s/old_log_prob:77.5471981940209 - timing_s/adv:0.1317841860000044 - timing_s/update_actor:310.1770381819806 - timing_s/update_weights:83.18839834397659 - timing_s/step:670.1110857540043 - timing_per_token_ms/adv:6.239489058041523e-05 - timing_per_token_ms/gen:3.3784858901795185 - timing_per_token_ms/update_actor:0.14685724399376193 - perf/total_num_tokens:2112099 - perf/time_per_step:670.1110857540043 - perf/throughput:787.9659973179972 - training/num_turns/mean:np.float64(2.0) - training/num_turns/max:np.int64(2) - training/num_turns/min:np.int64(2) - training/off_policy/trajectory_spans/mean:np.float64(1.0) - training/off_policy/trajectory_spans/max:np.int64(1) - training/off_policy/trajectory_spans/min:np.int64(1) - training/off_policy/trajectory_staleness/mean:np.float64(0.0) - training/off_policy/trajectory_staleness/max:np.int64(0) - training/off_policy/trajectory_staleness/min:np.int64(0) - training/off_policy/trajectory_staleness_worst/mean:np.float64(0.0) - training/off_policy/trajectory_staleness_worst/max:np.int64(0) - training/off_policy/trajectory_staleness_worst/min:np.int64(0)[36m(CodeTaskRunner pid=1298220)[0m INFO:2026-09-06 03:44:53,100:pending: 0, running: 10, finished: 14, failure: 0
[36m(SimpleStorageUnit pid=1298782)[0m 2026-09-06 03:43:52,860 - INFO - transfer_queue.utils.perf_utils - TQ_STORAGE_UNIT_31cb2fbf: [Performance] Total success requests: 34, Total req/min: 3.04, Total avg process time: 0.0024s; [32m [repeated 8x across cluster][0m
[36m(SimpleStorageUnit pid=1298782)[0m Time range: last 11.17 minutes; [32m [repeated 8x across cluster][0m
[36m(SimpleStorageUnit pid=1298782)[0m Per-operation statistics: CLEAR_DATA: req_count=2, req/min=0.18, avg_time=0.004220s, max_time=0.004779s, min_time=0.003661s; PUT_DATA: req_count=21, req/min=1.88, avg_time=0.001675s, max_time=0.001811s, min_time=0.001589s; GET_DATA: req_count=11, req/min=0.98, avg_time=0.003325s, max_time=0.005182s, min_time=0.002412s[32m [repeated 7x across cluster][0m
[36m(CodeTaskRunner pid=1298220)[0m INFO:2026-09-06 03:45:53,156:pending: 0, running: 5, finished: 19, failure: 0
[36m(CodeTaskRunner pid=1298220)[0m INFO:2026-09-06 03:46:53,209:pending: 0, running: 3, finished: 21, failure: 0
[36m(TransferQueueController pid=1298470)[0m 2026-09-06 03:52:15,826 - INFO - transfer_queue.utils.perf_utils - TQ_CONTROLLER_21d8c9ff: [Performance] Total success requests: 640, Total req/min: 76.35, Total avg process time: 0.0002s; 
[36m(TransferQueueController pid=1298470)[0m Time range: last 8.38 minutes; 
[36m(TransferQueueController pid=1298470)[0m Per-operation statistics: KV_RETRIEVE_META: req_count=202, req/min=24.10, avg_time=0.000385s, max_time=0.003513s, min_time=0.000119s; CLEAR_META: req_count=2, req/min=0.24, avg_time=0.000557s, max_time=0.000657s, min_time=0.000457s; SET_CUSTOM_META: req_count=196, req/min=23.38, avg_time=0.000015s, max_time=0.000045s, min_time=0.000006s; KV_LIST: req_count=92, req/min=10.97, avg_time=0.000058s, max_time=0.000137s, min_time=0.000023s; NOTIFY_DATA_UPDATE: req_count=147, req/min=17.54, avg_time=0.000153s, max_time=0.000456s, min_time=0.000074s; KV_RETRIEVE_KEYS: req_count=1, req/min=0.12, avg_time=0.000067s, max_time=0.000067s, min_time=0.000067s
[36m(SimpleStorageUnit pid=1298788)[0m Per-operation statistics: CLEAR_DATA: req_count=2, req/min=0.24, avg_time=0.004762s, max_time=0.006538s, min_time=0.002987s; PUT_DATA: req_count=21, req/min=2.51, avg_time=0.001791s, max_time=0.002542s, min_time=0.001611s; GET_DATA: req_count=11, req/min=1.31, avg_time=0.003528s, max_time=0.003992s, min_time=0.002532s
[36m(CodeTaskRunner pid=1298220)[0m Training Progress:  65%|██████▌   | 13/20 [2:02:47<1:01:22, 526.13s/it]
[36m(CodeTaskRunner pid=1298220)[0m INFO:2026-09-06 03:53:16,030:pending: 0, running: 15, finished: 9, failure: 0
[36m(SimpleStorageUnit pid=1298782)[0m 2026-09-06 03:52:15,837 - INFO - transfer_queue.utils.perf_utils - TQ_STORAGE_UNIT_31cb2fbf: [Performance] Total success requests: 34, Total req/min: 4.06, Total avg process time: 0.0024s; [32m [repeated 8x across cluster][0m
[36m(SimpleStorageUnit pid=1298782)[0m Time range: last 8.38 minutes; [32m [repeated 8x across cluster][0m
[36m(SimpleStorageUnit pid=1298782)[0m Per-operation statistics: CLEAR_DATA: req_count=2, req/min=0.24, avg_time=0.004365s, max_time=0.006270s, min_time=0.002461s; PUT_DATA: req_count=21, req/min=2.51, avg_time=0.001752s, max_time=0.002358s, min_time=0.001594s; GET_DATA: req_count=11, req/min=1.31, avg_time=0.003386s, max_time=0.004617s, min_time=0.001942s[32m [repeated 7x across cluster][0m
[36m(CodeTaskRunner pid=1298220)[0m INFO:2026-09-06 03:54:16,083:pending: 0, running: 5, finished: 19, failure: 0
[36m(CodeTaskRunner pid=1298220)[0m INFO:2026-09-06 03:55:16,136:pending: 0, running: 3, finished: 21, failure: 0
[36m(TransferQueueController pid=1298470)[0m 2026-09-06 04:04:38,942 - INFO - transfer_queue.utils.perf_utils - TQ_CONTROLLER_21d8c9ff: [Performance] Total success requests: 645, Total req/min: 52.08, Total avg process time: 0.0002s; 
[36m(TransferQueueController pid=1298470)[0m Time range: last 12.39 minutes; 
[36m(TransferQueueController pid=1298470)[0m Per-operation statistics: KV_RETRIEVE_META: req_count=202, req/min=16.31, avg_time=0.000378s, max_time=0.003244s, min_time=0.000119s; CLEAR_META: req_count=2, req/min=0.16, avg_time=0.000452s, max_time=0.000485s, min_time=0.000420s; SET_CUSTOM_META: req_count=196, req/min=15.83, avg_time=0.000016s, max_time=0.000042s, min_time=0.000006s; KV_LIST: req_count=97, req/min=7.83, avg_time=0.000054s, max_time=0.000165s, min_time=0.000033s; NOTIFY_DATA_UPDATE: req_count=147, req/min=11.87, avg_time=0.000150s, max_time=0.000364s, min_time=0.000080s; KV_RETRIEVE_KEYS: req_count=1, req/min=0.08, avg_time=0.000045s, max_time=0.000045s, min_time=0.000045s
[36m(SimpleStorageUnit pid=1298788)[0m Per-operation statistics: CLEAR_DATA: req_count=2, req/min=0.16, avg_time=0.004818s, max_time=0.004855s, min_time=0.004780s; PUT_DATA: req_count=21, req/min=1.70, avg_time=0.001829s, max_time=0.002651s, min_time=0.001621s; GET_DATA: req_count=11, req/min=0.89, avg_time=0.003548s, max_time=0.004519s, min_time=0.002030s
[36m(CodeTaskRunner pid=1298220)[0m Training Progress:  70%|███████   | 14/20 [2:15:10<59:10, 591.68s/it]  
[36m(CodeTaskRunner pid=1298220)[0m INFO:2026-09-06 04:05:39,213:pending: 0, running: 5, finished: 19, failure: 0
[36m(SimpleStorageUnit pid=1298782)[0m 2026-09-06 04:04:38,954 - INFO - transfer_queue.utils.perf_utils - TQ_STORAGE_UNIT_31cb2fbf: [Performance] Total success requests: 34, Total req/min: 2.75, Total avg process time: 0.0028s; [32m [repeated 8x across cluster][0m
[36m(SimpleStorageUnit pid=1298782)[0m Time range: last 12.39 minutes; [32m [repeated 8x across cluster][0m
[36m(SimpleStorageUnit pid=1298782)[0m Per-operation statistics: CLEAR_DATA: req_count=2, req/min=0.16, avg_time=0.004724s, max_time=0.004789s, min_time=0.004659s; PUT_DATA: req_count=21, req/min=1.70, avg_time=0.001884s, max_time=0.003161s, min_time=0.001630s; GET_DATA: req_count=11, req/min=0.89, avg_time=0.004069s, max_time=0.005606s, min_time=0.002105s[32m [repeated 7x across cluster][0m
[36m(CodeTaskRunner pid=1298220)[0m INFO:2026-09-06 04:06:39,266:pending: 0, running: 3, finished: 21, failure: 0
[36m(TransferQueueController pid=1298470)[0m 2026-09-06 04:11:01,019 - INFO - transfer_queue.utils.perf_utils - TQ_CONTROLLER_21d8c9ff: [Performance] Total success requests: 637, Total req/min: 100.03, Total avg process time: 0.0002s; 
[36m(TransferQueueController pid=1298470)[0m Time range: last 6.37 minutes; 
[36m(TransferQueueController pid=1298470)[0m Per-operation statistics: KV_RETRIEVE_META: req_count=202, req/min=31.72, avg_time=0.000593s, max_time=0.048244s, min_time=0.000116s; CLEAR_META: req_count=2, req/min=0.31, avg_time=0.000467s, max_time=0.000495s, min_time=0.000439s; SET_CUSTOM_META: req_count=196, req/min=30.78, avg_time=0.000015s, max_time=0.000035s, min_time=0.000006s; KV_LIST: req_count=89, req/min=13.98, avg_time=0.000054s, max_time=0.000100s, min_time=0.000034s; NOTIFY_DATA_UPDATE: req_count=147, req/min=23.08, avg_time=0.000144s, max_time=0.000319s, min_time=0.000063s; KV_RETRIEVE_KEYS: req_count=1, req/min=0.16, avg_time=0.000062s, max_time=0.000062s, min_time=0.000062s
[36m(SimpleStorageUnit pid=1298788)[0m Per-operation statistics: CLEAR_DATA: req_count=2, req/min=0.31, avg_time=0.004613s, max_time=0.004642s, min_time=0.004583s; PUT_DATA: req_count=21, req/min=3.30, avg_time=0.001910s, max_time=0.002792s, min_time=0.001685s; GET_DATA: req_count=11, req/min=1.73, avg_time=0.003907s, max_time=0.004809s, min_time=0.002969s
[36m(CodeTaskRunner pid=1298220)[0m Training Progress:  75%|███████▌  | 15/20 [2:21:32<44:02, 528.50s/it]

[36m(CodeTaskRunner pid=1298220)[0m step:13 - global_seqlen/min:1867034.0 - global_seqlen/max:1867034.0 - global_seqlen/minmax_diff:0.0 - global_seqlen/balanced_min:1867034.0 - global_seqlen/balanced_max:1867034.0 - global_seqlen/mean:1867034.0 - actor/entropy:0.22148030996322632 - actor/pg_clipfrac:0.0 - actor/ppo_kl:0.0 - actor/pg_clipfrac_lower:0.0 - actor/pg_loss:0.0006109061359893531 - actor/loss:0.0006109103560447693 - actor/grad_norm:0.06298828125 - actor/lr:2e-05 - actor/perf/max_memory_allocated_gb:49.70242881774902 - actor/perf/max_memory_reserved_gb:53.142578125 - actor/perf/cpu_memory_used_gb:481.5087356567383 - perf/mfu/actor:0.20737826296291031 - training/global_step:13 - training/epoch:0 - critic/score/mean:0.468030720949173 - critic/score/max:1.0 - critic/score/min:0.0 - critic/rewards/mean:0.468030720949173 - critic/rewards/max:1.0 - critic/rewards/min:0.0 - critic/advantages/mean:-0.06396126002073288 - critic/advantages/max:2.041229248046875 - critic/advantages/min:-2.041231393814087 - critic/returns/mean:-0.06396126002073288 - critic/returns/max:2.041229248046875 - critic/returns/min:-2.041231393814087 - response_length/mean:502.34722900390625 - response_length/max:2048.0 - response_length/min:64.0 - response_length/clip_ratio:0.0833333358168602 - response_length_non_aborted/mean:502.34722900390625 - response_length_non_aborted/max:2048.0 - response_length_non_aborted/min:64.0 - response_length_non_aborted/clip_ratio:0.0833333358168602 - response/aborted_ratio:0.0 - prompt_length/mean:12463.1669921875 - prompt_length/max:75767.0 - prompt_length/min:110.0 - prompt_length/clip_ratio:0.0416666679084301 - timing_s/gen:184.78778964700177 - timing_s/old_log_prob:50.07742420700379 - timing_s/adv:0.11219637701287866 - timing_s/update_actor:185.11048173496965 - timing_s/update_weights:82.6495530299726 - timing_s/step:502.7907908069901 - timing_per_token_ms/adv:6.009337645317582e-05 - timing_per_token_ms/gen:2.554505096173543 - timing_per_token_ms/update_actor:0.0991468188233153 - perf/total_num_tokens:1867034 - perf/time_per_step:502.7907908069901 - perf/throughput:928.3354200876322 - training/num_turns/mean:np.float64(2.0) - training/num_turns/max:np.int64(2) - training/num_turns/min:np.int64(2) - training/off_policy/trajectory_spans/mean:np.float64(1.0) - training/off_policy/trajectory_spans/max:np.int64(1) - training/off_policy/trajectory_spans/min:np.int64(1) - training/off_policy/trajectory_staleness/mean:np.float64(0.0) - training/off_policy/trajectory_staleness/max:np.int64(0) - training/off_policy/trajectory_staleness/min:np.int64(0) - training/off_policy/trajectory_staleness_worst/mean:np.float64(0.0) - training/off_policy/trajectory_staleness_worst/max:np.int64(0) - training/off_policy/trajectory_staleness_worst/min:np.int64(0)
[36m(CodeTaskRunner pid=1298220)[0m step:14 - global_seqlen/min:2359082.0 - global_seqlen/max:2359082.0 - global_seqlen/minmax_diff:0.0 - global_seqlen/balanced_min:2359082.0 - global_seqlen/balanced_max:2359082.0 - global_seqlen/mean:2359082.0 - actor/entropy:0.21547342836856842 - actor/pg_clipfrac:0.0 - actor/ppo_kl:0.0 - actor/pg_clipfrac_lower:0.0 - actor/pg_loss:-0.0012025115647702478 - actor/loss:-0.0012025125324726105 - actor/grad_norm:0.049072265625 - actor/lr:2e-05 - actor/perf/max_memory_allocated_gb:49.70242881774902 - actor/perf/max_memory_reserved_gb:53.142578125 - actor/perf/cpu_memory_used_gb:482.0803527832031 - perf/mfu/actor:0.21797332307138256 - training/global_step:14 - training/epoch:0 - critic/score/mean:0.5757173895835876 - critic/score/max:1.0 - critic/score/min:0.0 - critic/rewards/mean:0.5757173895835876 - critic/rewards/max:1.0 - critic/rewards/min:0.0 - critic/advantages/mean:-0.14492949843406677 - critic/advantages/max:2.0412354469299316 - critic/advantages/min:-2.041236162185669 - critic/returns/mean:-0.14492949843406677 - critic/returns/max:2.0412354469299316 - critic/returns/min:-2.041236162185669 - response_length/mean:400.47222900390625 - response_length/max:2048.0 - response_length/min:47.0 - response_length/clip_ratio:0.0347222238779068 - response_length_non_aborted/mean:400.47222900390625 - response_length_non_aborted/max:2048.0 - response_length_non_aborted/min:47.0 - response_length_non_aborted/clip_ratio:0.0347222238779068 - response/aborted_ratio:0.0 - prompt_length/mean:15982.0419921875 - prompt_length/max:118808.0 - prompt_length/min:110.0 - prompt_length/clip_ratio:0.0416666679084301 - timing_s/gen:195.0226689800038 - timing_s/old_log_prob:91.48508373298682 - timing_s/adv:0.0990779889980331 - timing_s/update_actor:374.01702783600194 - timing_s/update_weights:82.29429061099654 - timing_s/step:742.974722339015 - timing_per_token_ms/adv:4.1998535446429206e-05 - timing_per_token_ms/gen:3.381817801553787 - timing_per_token_ms/update_actor:0.158543462175542 - perf/total_num_tokens:2359082 - perf/time_per_step:742.974722339015 - perf/throughput:793.7961848059902 - training/num_turns/mean:np.float64(2.0) - training/num_turns/max:np.int64(2) - training/num_turns/min:np.int64(2) - training/off_policy/trajectory_spans/mean:np.float64(1.0) - training/off_policy/trajectory_spans/max:np.int64(1) - training/off_policy/trajectory_spans/min:np.int64(1) - training/off_policy/trajectory_staleness/mean:np.float64(0.0) - training/off_policy/trajectory_staleness/max:np.int64(0) - training/off_policy/trajectory_staleness/min:np.int64(0) - training/off_policy/trajectory_staleness_worst/mean:np.float64(0.0) - training/off_policy/trajectory_staleness_worst/max:np.int64(0) - training/off_policy/trajectory_staleness_worst/min:np.int64(0)
[36m(CodeTaskRunner pid=1298220)[0m step:15 - global_seqlen/min:1140821.0 - global_seqlen/max:1140821.0 - global_seqlen/minmax_diff:0.0 - global_seqlen/balanced_min:1140821.0 - global_seqlen/balanced_max:1140821.0 - global_seqlen/mean:1140821.0 - actor/entropy:0.21953144669532776 - actor/pg_clipfrac:0.0 - actor/ppo_kl:0.0 - actor/pg_clipfrac_lower:0.0 - actor/pg_loss:-3.114109858870506e-08 - actor/loss:-3.073364496231079e-08 - actor/grad_norm:0.11328125 - actor/lr:2e-05 - actor/perf/max_memory_allocated_gb:49.70242881774902 - actor/perf/max_memory_reserved_gb:53.142578125 - actor/perf/cpu_memory_used_gb:482.19177627563477 - perf/mfu/actor:0.2024312687207789 - training/global_step:15 - training/epoch:0 - critic/score/mean:0.6035574674606323 - critic/score/max:1.0 - critic/score/min:0.0 - critic/rewards/mean:0.6035574674606323 - critic/rewards/max:1.0 - critic/rewards/min:0.0 - critic/advantages/mean:-0.14348788559436798 - critic/advantages/max:2.0412356853485107 - critic/advantages/min:-2.0412347316741943 - critic/returns/mean:-0.14348788559436798 - critic/returns/max:2.0412356853485107 - critic/returns/min:-2.0412347316741943 - response_length/mean:424.0763854980469 - response_length/max:2048.0 - response_length/min:19.0 - response_length/clip_ratio:0.0694444477558136 - response_length_non_aborted/mean:424.0763854980469 - response_length_non_aborted/max:2048.0 - response_length_non_aborted/min:19.0 - response_length_non_aborted/clip_ratio:0.0694444477558136 - response/aborted_ratio:0.0 - prompt_length/mean:7498.29150390625 - prompt_length/max:58327.0 - prompt_length/min:120.0 - prompt_length/clip_ratio:0.0416666679084301 - timing_s/gen:178.69039762602188 - timing_s/old_log_prob:27.795093074964825 - timing_s/adv:0.12837292498443276 - timing_s/update_actor:91.96750815602718 - timing_s/update_weights:83.19361965201097 - timing_s/step:381.85418013995513 - timing_per_token_ms/adv:0.00011252678990344037 - timing_per_token_ms/gen:2.926136827190166 - timing_per_token_ms/update_actor:0.08061519568453525 - perf/total_num_tokens:1140821 - perf/time_per_step:381.85418013995513 - perf/throughput:746.8957126394901 - training/num_turns/mean:np.float64(2.0) - training/num_turns/max:np.int64(2) - training/num_turns/min:np.int64(2) - training/off_policy/trajectory_spans/mean:np.float64(1.0) - training/off_policy/trajectory_spans/max:np.int64(1) - training/off_policy/trajectory_spans/min:np.int64(1) - training/off_policy/trajectory_staleness/mean:np.float64(0.0) - training/off_policy/trajectory_staleness/max:np.int64(0) - training/off_policy/trajectory_staleness/min:np.int64(0) - training/off_policy/trajectory_staleness_worst/mean:np.float64(0.0) - training/off_policy/trajectory_staleness_worst/max:np.int64(0) - training/off_policy/trajectory_staleness_worst/min:np.int64(0)[36m(CodeTaskRunner pid=1298220)[0m INFO:2026-09-06 04:12:01,274:pending: 0, running: 6, finished: 18, failure: 0
[36m(SimpleStorageUnit pid=1298782)[0m 2026-09-06 04:11:01,031 - INFO - transfer_queue.utils.perf_utils - TQ_STORAGE_UNIT_31cb2fbf: [Performance] Total success requests: 34, Total req/min: 5.34, Total avg process time: 0.0026s; [32m [repeated 8x across cluster][0m
[36m(SimpleStorageUnit pid=1298782)[0m Time range: last 6.37 minutes; [32m [repeated 8x across cluster][0m
[36m(SimpleStorageUnit pid=1298782)[0m Per-operation statistics: CLEAR_DATA: req_count=2, req/min=0.31, avg_time=0.005517s, max_time=0.006781s, min_time=0.004254s; PUT_DATA: req_count=21, req/min=3.30, avg_time=0.001829s, max_time=0.003188s, min_time=0.001550s; GET_DATA: req_count=11, req/min=1.73, avg_time=0.003683s, max_time=0.004617s, min_time=0.002054s[32m [repeated 7x across cluster][0m
[36m(CodeTaskRunner pid=1298220)[0m INFO:2026-09-06 04:13:01,326:pending: 0, running: 2, finished: 22, failure: 0
[36m(TransferQueueController pid=1298470)[0m 2026-09-06 04:17:23,253 - INFO - transfer_queue.utils.perf_utils - TQ_CONTROLLER_21d8c9ff: [Performance] Total success requests: 635, Total req/min: 99.68, Total avg process time: 0.0002s; 
[36m(TransferQueueController pid=1298470)[0m Time range: last 6.37 minutes; 
[36m(TransferQueueController pid=1298470)[0m Per-operation statistics: KV_RETRIEVE_META: req_count=202, req/min=31.71, avg_time=0.000376s, max_time=0.003902s, min_time=0.000124s; CLEAR_META: req_count=2, req/min=0.31, avg_time=0.000506s, max_time=0.000549s, min_time=0.000463s; SET_CUSTOM_META: req_count=196, req/min=30.77, avg_time=0.000016s, max_time=0.000054s, min_time=0.000007s; KV_LIST: req_count=87, req/min=13.66, avg_time=0.000054s, max_time=0.000104s, min_time=0.000033s; NOTIFY_DATA_UPDATE: req_count=147, req/min=23.07, avg_time=0.000145s, max_time=0.000361s, min_time=0.000080s; KV_RETRIEVE_KEYS: req_count=1, req/min=0.16, avg_time=0.000053s, max_time=0.000053s, min_time=0.000053s
[36m(SimpleStorageUnit pid=1298788)[0m Per-operation statistics: CLEAR_DATA: req_count=2, req/min=0.31, avg_time=0.004033s, max_time=0.005373s, min_time=0.002694s; PUT_DATA: req_count=21, req/min=3.30, avg_time=0.001827s, max_time=0.002510s, min_time=0.001664s; GET_DATA: req_count=11, req/min=1.73, avg_time=0.003670s, max_time=0.004462s, min_time=0.001680s
[36m(CodeTaskRunner pid=1298220)[0m Training Progress:  80%|████████  | 16/20 [2:27:54<32:17, 484.46s/it]
[36m(CodeTaskRunner pid=1298220)[0m INFO:2026-09-06 04:18:23,560:pending: 0, running: 10, finished: 14, failure: 0
[36m(SimpleStorageUnit pid=1298782)[0m 2026-09-06 04:17:23,265 - INFO - transfer_queue.utils.perf_utils - TQ_STORAGE_UNIT_31cb2fbf: [Performance] Total success requests: 34, Total req/min: 5.34, Total avg process time: 0.0028s; [32m [repeated 8x across cluster][0m
[36m(SimpleStorageUnit pid=1298782)[0m Time range: last 6.37 minutes; [32m [repeated 8x across cluster][0m
[36m(SimpleStorageUnit pid=1298782)[0m Per-operation statistics: CLEAR_DATA: req_count=2, req/min=0.31, avg_time=0.004904s, max_time=0.005014s, min_time=0.004793s; PUT_DATA: req_count=21, req/min=3.30, avg_time=0.001867s, max_time=0.002831s, min_time=0.001592s; GET_DATA: req_count=11, req/min=1.73, avg_time=0.004112s, max_time=0.004714s, min_time=0.003031s[32m [repeated 7x across cluster][0m
[36m(CodeTaskRunner pid=1298220)[0m INFO:2026-09-06 04:19:23,613:pending: 0, running: 5, finished: 19, failure: 0
[36m(CodeTaskRunner pid=1298220)[0m INFO:2026-09-06 04:20:23,665:pending: 0, running: 3, finished: 21, failure: 0
[36m(TransferQueueController pid=1298470)[0m 2026-09-06 04:26:07,522 - INFO - transfer_queue.utils.perf_utils - TQ_CONTROLLER_21d8c9ff: [Performance] Total success requests: 642, Total req/min: 73.47, Total avg process time: 0.0002s; 
[36m(TransferQueueController pid=1298470)[0m Time range: last 8.74 minutes; 
[36m(TransferQueueController pid=1298470)[0m Per-operation statistics: KV_RETRIEVE_META: req_count=202, req/min=23.12, avg_time=0.000384s, max_time=0.004365s, min_time=0.000113s; CLEAR_META: req_count=2, req/min=0.23, avg_time=0.000514s, max_time=0.000519s, min_time=0.000508s; SET_CUSTOM_META: req_count=196, req/min=22.43, avg_time=0.000016s, max_time=0.000046s, min_time=0.000006s; KV_LIST: req_count=94, req/min=10.76, avg_time=0.000054s, max_time=0.000125s, min_time=0.000031s; NOTIFY_DATA_UPDATE: req_count=147, req/min=16.82, avg_time=0.000150s, max_time=0.000302s, min_time=0.000067s; KV_RETRIEVE_KEYS: req_count=1, req/min=0.11, avg_time=0.000052s, max_time=0.000052s, min_time=0.000052s
[36m(SimpleStorageUnit pid=1298788)[0m Per-operation statistics: CLEAR_DATA: req_count=2, req/min=0.23, avg_time=0.004630s, max_time=0.004865s, min_time=0.004395s; PUT_DATA: req_count=21, req/min=2.40, avg_time=0.001782s, max_time=0.002447s, min_time=0.001632s; GET_DATA: req_count=11, req/min=1.26, avg_time=0.003628s, max_time=0.004299s, min_time=0.002416s
[36m(CodeTaskRunner pid=1298220)[0m Training Progress:  85%|████████▌ | 17/20 [2:36:38<24:49, 496.45s/it]
[36m(CodeTaskRunner pid=1298220)[0m INFO:2026-09-06 04:27:07,776:pending: 0, running: 10, finished: 14, failure: 0
[36m(SimpleStorageUnit pid=1298782)[0m 2026-09-06 04:26:07,536 - INFO - transfer_queue.utils.perf_utils - TQ_STORAGE_UNIT_31cb2fbf: [Performance] Total success requests: 34, Total req/min: 3.89, Total avg process time: 0.0026s; [32m [repeated 8x across cluster][0m
[36m(SimpleStorageUnit pid=1298782)[0m Time range: last 8.74 minutes; [32m [repeated 8x across cluster][0m
[36m(SimpleStorageUnit pid=1298782)[0m Per-operation statistics: CLEAR_DATA: req_count=2, req/min=0.23, avg_time=0.004951s, max_time=0.005728s, min_time=0.004174s; PUT_DATA: req_count=21, req/min=2.40, avg_time=0.001970s, max_time=0.004601s, min_time=0.001647s; GET_DATA: req_count=11, req/min=1.26, avg_time=0.003450s, max_time=0.004521s, min_time=0.001965s[32m [repeated 7x across cluster][0m
[36m(CodeTaskRunner pid=1298220)[0m INFO:2026-09-06 04:28:07,829:pending: 0, running: 3, finished: 21, failure: 0
[36m(CodeTaskRunner pid=1298220)[0m INFO:2026-09-06 04:29:07,882:pending: 0, running: 2, finished: 22, failure: 0
[36m(TransferQueueController pid=1298470)[0m 2026-09-06 04:35:15,573 - INFO - transfer_queue.utils.perf_utils - TQ_CONTROLLER_21d8c9ff: [Performance] Total success requests: 642, Total req/min: 70.29, Total avg process time: 0.0002s; 
[36m(TransferQueueController pid=1298470)[0m Time range: last 9.13 minutes; 
[36m(TransferQueueController pid=1298470)[0m Per-operation statistics: KV_RETRIEVE_META: req_count=202, req/min=22.11, avg_time=0.000379s, max_time=0.003836s, min_time=0.000113s; CLEAR_META: req_count=2, req/min=0.22, avg_time=0.000475s, max_time=0.000480s, min_time=0.000470s; SET_CUSTOM_META: req_count=196, req/min=21.46, avg_time=0.000016s, max_time=0.000051s, min_time=0.000006s; KV_LIST: req_count=94, req/min=10.29, avg_time=0.000056s, max_time=0.000093s, min_time=0.000030s; NOTIFY_DATA_UPDATE: req_count=147, req/min=16.09, avg_time=0.000143s, max_time=0.000278s, min_time=0.000076s; KV_RETRIEVE_KEYS: req_count=1, req/min=0.11, avg_time=0.000057s, max_time=0.000057s, min_time=0.000057s
[36m(SimpleStorageUnit pid=1298788)[0m Per-operation statistics: CLEAR_DATA: req_count=2, req/min=0.22, avg_time=0.004700s, max_time=0.004796s, min_time=0.004604s; PUT_DATA: req_count=21, req/min=2.30, avg_time=0.001863s, max_time=0.002458s, min_time=0.001652s; GET_DATA: req_count=11, req/min=1.20, avg_time=0.003648s, max_time=0.004083s, min_time=0.002265s
[36m(CodeTaskRunner pid=1298220)[0m Training Progress:  90%|█████████ | 18/20 [2:45:46<17:03, 511.94s/it]

[36m(CodeTaskRunner pid=1298220)[0m step:16 - global_seqlen/min:1008663.0 - global_seqlen/max:1008663.0 - global_seqlen/minmax_diff:0.0 - global_seqlen/balanced_min:1008663.0 - global_seqlen/balanced_max:1008663.0 - global_seqlen/mean:1008663.0 - actor/entropy:0.19027867913246155 - actor/pg_clipfrac:0.0 - actor/ppo_kl:0.0 - actor/pg_clipfrac_lower:0.0 - actor/pg_loss:0.0006108700763434172 - actor/loss:0.0006108712404966354 - actor/grad_norm:0.055419921875 - actor/lr:2e-05 - actor/perf/max_memory_allocated_gb:49.70242881774902 - actor/perf/max_memory_reserved_gb:53.142578125 - actor/perf/cpu_memory_used_gb:482.22373962402344 - perf/mfu/actor:0.20569327738452983 - training/global_step:16 - training/epoch:0 - critic/score/mean:0.5306020975112915 - critic/score/max:1.0 - critic/score/min:0.0 - critic/rewards/mean:0.5306020975112915 - critic/rewards/max:1.0 - critic/rewards/min:0.0 - critic/advantages/mean:-0.0851123258471489 - critic/advantages/max:2.04123592376709 - critic/advantages/min:-2.0412356853485107 - critic/returns/mean:-0.0851123258471489 - critic/returns/max:2.04123592376709 - critic/returns/min:-2.0412356853485107 - response_length/mean:404.2708435058594 - response_length/max:2048.0 - response_length/min:101.0 - response_length/clip_ratio:0.0347222238779068 - response_length_non_aborted/mean:404.2708435058594 - response_length_non_aborted/max:2048.0 - response_length_non_aborted/min:101.0 - response_length_non_aborted/clip_ratio:0.0347222238779068 - response/aborted_ratio:0.0 - prompt_length/mean:6600.33349609375 - prompt_length/max:57444.0 - prompt_length/min:128.0 - prompt_length/clip_ratio:0.0416666679084301 - timing_s/gen:174.67047199199442 - timing_s/old_log_prob:28.590348300989717 - timing_s/adv:0.15486359602073207 - timing_s/update_actor:96.43078408797737 - timing_s/update_weights:82.10352132900152 - timing_s/step:382.02318346197717 - timing_per_token_ms/adv:0.00015353353500696673 - timing_per_token_ms/gen:3.000437550321986 - timing_per_token_ms/update_actor:0.0956025789465633 - perf/total_num_tokens:1008663 - perf/time_per_step:382.02318346197717 - perf/throughput:660.0797043645863 - training/num_turns/mean:np.float64(2.0) - training/num_turns/max:np.int64(2) - training/num_turns/min:np.int64(2) - training/off_policy/trajectory_spans/mean:np.float64(1.0) - training/off_policy/trajectory_spans/max:np.int64(1) - training/off_policy/trajectory_spans/min:np.int64(1) - training/off_policy/trajectory_staleness/mean:np.float64(0.0) - training/off_policy/trajectory_staleness/max:np.int64(0) - training/off_policy/trajectory_staleness/min:np.int64(0) - training/off_policy/trajectory_staleness_worst/mean:np.float64(0.0) - training/off_policy/trajectory_staleness_worst/max:np.int64(0) - training/off_policy/trajectory_staleness_worst/min:np.int64(0)
[36m(CodeTaskRunner pid=1298220)[0m step:17 - global_seqlen/min:2091516.0 - global_seqlen/max:2091516.0 - global_seqlen/minmax_diff:0.0 - global_seqlen/balanced_min:2091516.0 - global_seqlen/balanced_max:2091516.0 - global_seqlen/mean:2091516.0 - actor/entropy:0.24458123743534088 - actor/pg_clipfrac:0.0 - actor/ppo_kl:0.0 - actor/pg_clipfrac_lower:0.0 - actor/pg_loss:0.002331300114747137 - actor/loss:0.0023313015699386597 - actor/grad_norm:0.041015625 - actor/lr:2e-05 - actor/perf/max_memory_allocated_gb:49.70242881774902 - actor/perf/max_memory_reserved_gb:53.142578125 - actor/perf/cpu_memory_used_gb:482.5004196166992 - perf/mfu/actor:0.20832322706669493 - training/global_step:17 - training/epoch:0 - critic/score/mean:0.6206982731819153 - critic/score/max:1.0 - critic/score/min:0.0 - critic/rewards/mean:0.6206982731819153 - critic/rewards/max:1.0 - critic/rewards/min:0.0 - critic/advantages/mean:-0.1251794844865799 - critic/advantages/max:1.9799466133117676 - critic/advantages/min:-2.0412356853485107 - critic/returns/mean:-0.1251794844865799 - critic/returns/max:1.9799466133117676 - critic/returns/min:-2.0412356853485107 - response_length/mean:461.5833435058594 - response_length/max:2048.0 - response_length/min:74.0 - response_length/clip_ratio:0.0694444477558136 - response_length_non_aborted/mean:461.5833435058594 - response_length_non_aborted/max:2048.0 - response_length_non_aborted/min:74.0 - response_length_non_aborted/clip_ratio:0.0694444477558136 - response/aborted_ratio:0.0 - prompt_length/mean:14062.8330078125 - prompt_length/max:96287.0 - prompt_length/min:146.0 - prompt_length/clip_ratio:0.0416666679084301 - timing_s/gen:188.8750750150066 - timing_s/old_log_prob:54.29211010900326 - timing_s/adv:0.1117972030187957 - timing_s/update_actor:203.05427121801767 - timing_s/update_weights:77.63251375698019 - timing_s/step:524.1178129850305 - timing_per_token_ms/adv:5.345271229997557e-05 - timing_per_token_ms/gen:2.841594075570298 - timing_per_token_ms/update_actor:0.09708473242280607 - perf/total_num_tokens:2091516 - perf/time_per_step:524.1178129850305 - perf/throughput:997.6363845029899 - training/num_turns/mean:np.float64(2.0) - training/num_turns/max:np.int64(2) - training/num_turns/min:np.int64(2) - training/off_policy/trajectory_spans/mean:np.float64(1.0) - training/off_policy/trajectory_spans/max:np.int64(1) - training/off_policy/trajectory_spans/min:np.int64(1) - training/off_policy/trajectory_staleness/mean:np.float64(0.0) - training/off_policy/trajectory_staleness/max:np.int64(0) - training/off_policy/trajectory_staleness/min:np.int64(0) - training/off_policy/trajectory_staleness_worst/mean:np.float64(0.0) - training/off_policy/trajectory_staleness_worst/max:np.int64(0) - training/off_policy/trajectory_staleness_worst/min:np.int64(0)
[36m(CodeTaskRunner pid=1298220)[0m step:18 - global_seqlen/min:1910347.0 - global_seqlen/max:1910347.0 - global_seqlen/minmax_diff:0.0 - global_seqlen/balanced_min:1910347.0 - global_seqlen/balanced_max:1910347.0 - global_seqlen/mean:1910347.0 - actor/entropy:0.20796266198158264 - actor/pg_clipfrac:0.0 - actor/ppo_kl:0.0 - actor/pg_clipfrac_lower:0.0 - actor/pg_loss:8.847564458847046e-09 - actor/loss:1.1175870895385742e-08 - actor/grad_norm:0.043701171875 - actor/lr:2e-05 - actor/perf/max_memory_allocated_gb:49.70242881774902 - actor/perf/max_memory_reserved_gb:53.142578125 - actor/perf/cpu_memory_used_gb:482.7364730834961 - perf/mfu/actor:0.21166863909313632 - training/global_step:18 - training/epoch:0 - critic/score/mean:0.5554679036140442 - critic/score/max:1.0 - critic/score/min:0.0 - critic/rewards/mean:0.5554679036140442 - critic/rewards/max:1.0 - critic/rewards/min:0.0 - critic/advantages/mean:-0.002931012539193034 - critic/advantages/max:2.04123592376709 - critic/advantages/min:-2.041229248046875 - critic/returns/mean:-0.002931012539193034 - critic/returns/max:2.04123592376709 - critic/returns/min:-2.041229248046875 - response_length/mean:418.6736145019531 - response_length/max:2048.0 - response_length/min:82.0 - response_length/clip_ratio:0.0625 - response_length_non_aborted/mean:418.6736145019531 - response_length_non_aborted/max:2048.0 - response_length_non_aborted/min:82.0 - response_length_non_aborted/clip_ratio:0.0625 - response/aborted_ratio:0.0 - prompt_length/mean:12847.625 - prompt_length/max:96325.0 - prompt_length/min:81.0 - prompt_length/clip_ratio:0.0416666679084301 - timing_s/gen:188.70835730503313 - timing_s/old_log_prob:56.834395299025346 - timing_s/adv:0.12274387996876612 - timing_s/update_actor:219.77912921301322 - timing_s/update_weights:82.36226295900997 - timing_s/step:547.8602533690282 - timing_per_token_ms/adv:6.425213846948545e-05 - timing_per_token_ms/gen:3.1300628191715427 - timing_per_token_ms/update_actor:0.11504670576236319 - perf/total_num_tokens:1910347 - perf/time_per_step:547.8602533690282 - perf/throughput:871.730969828736 - training/num_turns/mean:np.float64(2.0) - training/num_turns/max:np.int64(2) - training/num_turns/min:np.int64(2) - training/off_policy/trajectory_spans/mean:np.float64(1.0) - training/off_policy/trajectory_spans/max:np.int64(1) - training/off_policy/trajectory_spans/min:np.int64(1) - training/off_policy/trajectory_staleness/mean:np.float64(0.0) - training/off_policy/trajectory_staleness/max:np.int64(0) - training/off_policy/trajectory_staleness/min:np.int64(0) - training/off_policy/trajectory_staleness_worst/mean:np.float64(0.0) - training/off_policy/trajectory_staleness_worst/max:np.int64(0) - training/off_policy/trajectory_staleness_worst/min:np.int64(0)[36m(CodeTaskRunner pid=1298220)[0m INFO:2026-09-06 04:36:15,795:pending: 0, running: 14, finished: 10, failure: 0
[36m(SimpleStorageUnit pid=1298782)[0m 2026-09-06 04:35:15,584 - INFO - transfer_queue.utils.perf_utils - TQ_STORAGE_UNIT_31cb2fbf: [Performance] Total success requests: 34, Total req/min: 3.72, Total avg process time: 0.0024s; [32m [repeated 8x across cluster][0m
[36m(SimpleStorageUnit pid=1298782)[0m Time range: last 9.13 minutes; [32m [repeated 8x across cluster][0m
[36m(SimpleStorageUnit pid=1298782)[0m Per-operation statistics: CLEAR_DATA: req_count=2, req/min=0.22, avg_time=0.004525s, max_time=0.004866s, min_time=0.004185s; PUT_DATA: req_count=21, req/min=2.30, avg_time=0.001866s, max_time=0.002988s, min_time=0.001602s; GET_DATA: req_count=11, req/min=1.20, avg_time=0.003118s, max_time=0.003745s, min_time=0.002090s[32m [repeated 7x across cluster][0m
[36m(CodeTaskRunner pid=1298220)[0m INFO:2026-09-06 04:37:15,855:pending: 0, running: 3, finished: 21, failure: 0
[36m(CodeTaskRunner pid=1298220)[0m INFO:2026-09-06 04:38:15,909:pending: 0, running: 2, finished: 22, failure: 0
[36m(TransferQueueController pid=1298470)[0m 2026-09-06 04:40:17,245 - INFO - transfer_queue.utils.perf_utils - TQ_CONTROLLER_21d8c9ff: [Performance] Total success requests: 643, Total req/min: 127.89, Total avg process time: 0.0001s; 
[36m(TransferQueueController pid=1298470)[0m Time range: last 5.03 minutes; 
[36m(TransferQueueController pid=1298470)[0m Per-operation statistics: KV_RETRIEVE_META: req_count=196, req/min=38.98, avg_time=0.000295s, max_time=0.003112s, min_time=0.000117s; CLEAR_META: req_count=2, req/min=0.40, avg_time=0.000539s, max_time=0.000601s, min_time=0.000477s; SET_CUSTOM_META: req_count=193, req/min=38.39, avg_time=0.000015s, max_time=0.000052s, min_time=0.000006s; KV_LIST: req_count=107, req/min=21.28, avg_time=0.000055s, max_time=0.000158s, min_time=0.000024s; NOTIFY_DATA_UPDATE: req_count=145, req/min=28.84, avg_time=0.000147s, max_time=0.000287s, min_time=0.000091s
[36m(SimpleStorageUnit pid=1298788)[0m Per-operation statistics: CLEAR_DATA: req_count=2, req/min=0.40, avg_time=0.004602s, max_time=0.004997s, min_time=0.004207s; PUT_DATA: req_count=19, req/min=3.78, avg_time=0.001754s, max_time=0.002147s, min_time=0.001643s; GET_DATA: req_count=4, req/min=0.80, avg_time=0.003288s, max_time=0.003800s, min_time=0.002545s
[36m(TransferQueueController pid=1298470)[0m Per-operation statistics: SET_CUSTOM_META: req_count=3, req/min=0.43, avg_time=0.000032s, max_time=0.000033s, min_time=0.000032s; KV_RETRIEVE_KEYS: req_count=1, req/min=0.14, avg_time=0.000071s, max_time=0.000071s, min_time=0.000071s; KV_RETRIEVE_META: req_count=6, req/min=0.85, avg_time=0.002977s, max_time=0.003292s, min_time=0.002831s; NOTIFY_DATA_UPDATE: req_count=2, req/min=0.28, avg_time=0.000160s, max_time=0.000171s, min_time=0.000149s
[36m(TransferQueueController pid=1298470)[0m 2026-09-06 04:47:19,316 - INFO - transfer_queue.utils.perf_utils - TQ_CONTROLLER_21d8c9ff: [Performance] Total success requests: 12, Total req/min: 1.71, Total avg process time: 0.0015s; [32m [repeated 9x across cluster][0m
[36m(TransferQueueController pid=1298470)[0m Time range: last 7.03 minutes; [32m [repeated 9x across cluster][0m
[36m(SimpleStorageUnit pid=1298782)[0m Per-operation statistics: CLEAR_DATA: req_count=2, req/min=0.40, avg_time=0.004981s, max_time=0.005359s, min_time=0.004602s; PUT_DATA: req_count=19, req/min=3.78, avg_time=0.001828s, max_time=0.002060s, min_time=0.001694s; GET_DATA: req_count=4, req/min=0.80, avg_time=0.003245s, max_time=0.003994s, min_time=0.001819s[32m [repeated 7x across cluster][0m
[36m(SimpleStorageUnit pid=1298788)[0m Per-operation statistics: GET_DATA: req_count=7, req/min=1.00, avg_time=0.003644s, max_time=0.004113s, min_time=0.002509s; PUT_DATA: req_count=2, req/min=0.28, avg_time=0.002551s, max_time=0.002625s, min_time=0.002477s
[36m(CodeTaskRunner pid=1298220)[0m Training Progress:  95%|█████████▌| 19/20 [2:57:50<09:35, 575.57s/it]
[36m(CodeTaskRunner pid=1298220)[0m INFO:2026-09-06 04:48:19,584:pending: 0, running: 15, finished: 9, failure: 0
[36m(SimpleStorageUnit pid=1298782)[0m 2026-09-06 04:47:19,330 - INFO - transfer_queue.utils.perf_utils - TQ_STORAGE_UNIT_31cb2fbf: [Performance] Total success requests: 9, Total req/min: 1.28, Total avg process time: 0.0035s; [32m [repeated 8x across cluster][0m
[36m(SimpleStorageUnit pid=1298782)[0m Time range: last 7.03 minutes; [32m [repeated 8x across cluster][0m
[36m(SimpleStorageUnit pid=1298782)[0m Per-operation statistics: GET_DATA: req_count=7, req/min=1.00, avg_time=0.003777s, max_time=0.004858s, min_time=0.002195s; PUT_DATA: req_count=2, req/min=0.28, avg_time=0.002467s, max_time=0.002547s, min_time=0.002388s[32m [repeated 7x across cluster][0m
[36m(CodeTaskRunner pid=1298220)[0m INFO:2026-09-06 04:49:19,638:pending: 0, running: 5, finished: 19, failure: 0
[36m(CodeTaskRunner pid=1298220)[0m INFO:2026-09-06 04:50:19,692:pending: 0, running: 1, finished: 23, failure: 0
[36m(CodeTaskRunner pid=1298220)[0m INFO:2026-09-06 04:58:27,575:Saving checkpoint to /scratch/r919a03/code_verl_test/checkpoints/exp_Q005_p2p_tolerant/global_step_20
[36m(WorkerDict pid=1300799)[0m /scratch/r919a03/code_verl_test/.venv/lib/python3.12/site-packages/verl/plugin/platform/platform_cuda.py:99: FutureWarning: torch.cuda._set_allocator_settings is deprecated. Use torch._C._accelerator_setAllocatorSettings instead.
[36m(WorkerDict pid=1300799)[0m   torch.cuda.memory._set_allocator_settings(settings)
[36m(WorkerDict pid=1300800)[0m /scratch/r919a03/code_verl_test/.venv/lib/python3.12/site-packages/torch/distributed/fsdp/_unshard_param_utils.py:248: UserWarning: offload_to_cpu=True and rank0_only=False may result in theunsharded parameters being redundantly copied to CPU memory for GPUs sharing the same CPU memory, which risks CPU OOM. We recommend using offload_to_cpu=True with rank0_only=True.
[36m(WorkerDict pid=1300800)[0m   _validate_unshard_params_args(
[36m(WorkerDict pid=1300800)[0m /scratch/r919a03/code_verl_test/.venv/lib/python3.12/site-packages/torch/distributed/fsdp/_unshard_param_utils.py:174: UserWarning: offload_to_cpu=True and rank0_only=False may result in theunsharded parameters being redundantly copied to CPU memory for GPUs sharing the same CPU memory, which risks CPU OOM. We recommend using offload_to_cpu=True with rank0_only=True.
[36m(WorkerDict pid=1300800)[0m   _validate_unshard_params_args(
[36m(TransferQueueController pid=1298470)[0m 2026-09-06 05:00:35,607 - INFO - transfer_queue.utils.perf_utils - TQ_CONTROLLER_21d8c9ff: [Performance] Total success requests: 647, Total req/min: 48.75, Total avg process time: 0.0002s; 
[36m(TransferQueueController pid=1298470)[0m Time range: last 13.27 minutes; 
[36m(TransferQueueController pid=1298470)[0m Per-operation statistics: KV_RETRIEVE_META: req_count=202, req/min=15.22, avg_time=0.000370s, max_time=0.003113s, min_time=0.000119s; CLEAR_META: req_count=2, req/min=0.15, avg_time=0.000509s, max_time=0.000553s, min_time=0.000465s; SET_CUSTOM_META: req_count=196, req/min=14.77, avg_time=0.000015s, max_time=0.000040s, min_time=0.000008s; KV_LIST: req_count=99, req/min=7.46, avg_time=0.000055s, max_time=0.000107s, min_time=0.000034s; NOTIFY_DATA_UPDATE: req_count=147, req/min=11.08, avg_time=0.000155s, max_time=0.000724s, min_time=0.000107s; KV_RETRIEVE_KEYS: req_count=1, req/min=0.08, avg_time=0.000050s, max_time=0.000050s, min_time=0.000050s
[36m(WorkerDict pid=1300800)[0m /scratch/r919a03/code_verl_test/.venv/lib/python3.12/site-packages/verl/plugin/platform/platform_cuda.py:99: FutureWarning: torch.cuda._set_allocator_settings is deprecated. Use torch._C._accelerator_setAllocatorSettings instead.[32m [repeated 3x across cluster][0m
[36m(WorkerDict pid=1300800)[0m   torch.cuda.memory._set_allocator_settings(settings)[32m [repeated 3x across cluster][0m
[36m(WorkerDict pid=1300802)[0m /scratch/r919a03/code_verl_test/.venv/lib/python3.12/site-packages/torch/distributed/fsdp/_unshard_param_utils.py:174: UserWarning: offload_to_cpu=True and rank0_only=False may result in theunsharded parameters being redundantly copied to CPU memory for GPUs sharing the same CPU memory, which risks CPU OOM. We recommend using offload_to_cpu=True with rank0_only=True.[32m [repeated 6x across cluster][0m
[36m(WorkerDict pid=1300802)[0m   _validate_unshard_params_args([32m [repeated 6x across cluster][0m
[36m(SimpleStorageUnit pid=1298781)[0m Per-operation statistics: CLEAR_DATA: req_count=2, req/min=0.15, avg_time=0.004004s, max_time=0.004024s, min_time=0.003984s; PUT_DATA: req_count=22, req/min=1.61, avg_time=0.001729s, max_time=0.002090s, min_time=0.001565s; GET_DATA: req_count=10, req/min=0.73, avg_time=0.003100s, max_time=0.005773s, min_time=0.001746s
[36m(SimpleStorageUnit pid=1298781)[0m 2026-09-06 05:00:58,817 - INFO - transfer_queue.utils.perf_utils - TQ_STORAGE_UNIT_8288bab0: [Performance] Total success requests: 34, Total req/min: 2.49, Total avg process time: 0.0023s; 
[36m(SimpleStorageUnit pid=1298781)[0m Time range: last 13.66 minutes; 
[36m(SimpleStorageUnit pid=1298782)[0m 2026-09-06 05:00:59,376 - INFO - transfer_queue.utils.perf_utils - TQ_STORAGE_UNIT_31cb2fbf: [Performance] Total success requests: 34, Total req/min: 2.49, Total avg process time: 0.0023s; 
[36m(SimpleStorageUnit pid=1298782)[0m Time range: last 13.67 minutes; 
[36m(CodeTaskRunner pid=1298220)[0m INFO:2026-09-06 05:01:36,076:pending: 0, running: 326, finished: 186, failure: 0
[36m(SimpleStorageUnit pid=1298788)[0m Per-operation statistics: CLEAR_DATA: req_count=2, req/min=0.15, avg_time=0.004658s, max_time=0.004997s, min_time=0.004319s; PUT_DATA: req_count=22, req/min=1.60, avg_time=0.001792s, max_time=0.002569s, min_time=0.001621s; GET_DATA: req_count=10, req/min=0.73, avg_time=0.003031s, max_time=0.004080s, min_time=0.002281s[32m [repeated 7x across cluster][0m
[36m(SimpleStorageUnit pid=1298788)[0m 2026-09-06 05:01:03,127 - INFO - transfer_queue.utils.perf_utils - TQ_STORAGE_UNIT_18c60b9c: [Performance] Total success requests: 34, Total req/min: 2.48, Total avg process time: 0.0023s; [32m [repeated 6x across cluster][0m
[36m(SimpleStorageUnit pid=1298788)[0m Time range: last 13.73 minutes; [32m [repeated 6x across cluster][0m
[36m(CodeTaskRunner pid=1298220)[0m INFO:2026-09-06 05:02:36,247:pending: 0, running: 91, finished: 421, failure: 0
[36m(CodeTaskRunner pid=1298220)[0m INFO:2026-09-06 05:03:36,395:pending: 0, running: 52, finished: 460, failure: 0
[36m(CodeTaskRunner pid=1298220)[0m INFO:2026-09-06 05:04:36,540:pending: 0, running: 31, finished: 481, failure: 0
[36m(CodeTaskRunner pid=1298220)[0m INFO:2026-09-06 05:05:36,698:pending: 0, running: 12, finished: 500, failure: 0
[36m(TransferQueueController pid=1298470)[0m 2026-09-06 05:05:36,699 - INFO - transfer_queue.utils.perf_utils - TQ_CONTROLLER_21d8c9ff: [Performance] Total success requests: 3681, Total req/min: 733.53, Total avg process time: 0.0001s; 
[36m(TransferQueueController pid=1298470)[0m Time range: last 5.02 minutes; 
[36m(TransferQueueController pid=1298470)[0m Per-operation statistics: SET_CUSTOM_META: req_count=1515, req/min=301.90, avg_time=0.000013s, max_time=0.000101s, min_time=0.000005s; KV_RETRIEVE_META: req_count=1514, req/min=301.70, avg_time=0.000193s, max_time=0.000868s, min_time=0.000048s; KV_LIST: req_count=151, req/min=30.09, avg_time=0.000204s, max_time=0.000628s, min_time=0.000119s; NOTIFY_DATA_UPDATE: req_count=501, req/min=99.84, avg_time=0.000150s, max_time=0.000402s, min_time=0.000068s
[36m(SimpleStorageUnit pid=1298784)[0m Per-operation statistics: PUT_DATA: req_count=63, req/min=12.27, avg_time=0.001761s, max_time=0.002355s, min_time=0.001628s
[36m(SimpleStorageUnit pid=1298784)[0m 2026-09-06 05:06:08,339 - INFO - transfer_queue.utils.perf_utils - TQ_STORAGE_UNIT_f3cf976e: [Performance] Total success requests: 63, Total req/min: 12.27, Total avg process time: 0.0018s; 
[36m(SimpleStorageUnit pid=1298784)[0m Time range: last 5.13 minutes; 
[36m(SimpleStorageUnit pid=1298785)[0m 2026-09-06 05:06:18,910 - INFO - transfer_queue.utils.perf_utils - TQ_STORAGE_UNIT_6a7eef20: [Performance] Total success requests: 63, Total req/min: 11.89, Total avg process time: 0.0018s; 
[36m(SimpleStorageUnit pid=1298785)[0m Time range: last 5.30 minutes; 
[36m(SimpleStorageUnit pid=1298785)[0m Per-operation statistics: PUT_DATA: req_count=63, req/min=11.89, avg_time=0.001780s, max_time=0.002548s, min_time=0.001609s
[36m(SimpleStorageUnit pid=1298786)[0m Per-operation statistics: PUT_DATA: req_count=63, req/min=11.30, avg_time=0.001729s, max_time=0.002426s, min_time=0.001596s
[36m(SimpleStorageUnit pid=1298786)[0m 2026-09-06 05:06:35,711 - INFO - transfer_queue.utils.perf_utils - TQ_STORAGE_UNIT_8890473d: [Performance] Total success requests: 63, Total req/min: 11.30, Total avg process time: 0.0017s; 
[36m(SimpleStorageUnit pid=1298786)[0m Time range: last 5.57 minutes; 
[36m(CodeTaskRunner pid=1298220)[0m INFO:2026-09-06 05:06:36,843:pending: 0, running: 4, finished: 508, failure: 0
[36m(SimpleStorageUnit pid=1298783)[0m 2026-09-06 05:06:41,948 - INFO - transfer_queue.utils.perf_utils - TQ_STORAGE_UNIT_3acb293c: [Performance] Total success requests: 63, Total req/min: 11.12, Total avg process time: 0.0018s; 
[36m(SimpleStorageUnit pid=1298783)[0m Time range: last 5.66 minutes; 
[36m(SimpleStorageUnit pid=1298783)[0m Per-operation statistics: PUT_DATA: req_count=63, req/min=11.12, avg_time=0.001789s, max_time=0.003949s, min_time=0.001606s
[36m(SimpleStorageUnit pid=1298787)[0m Per-operation statistics: PUT_DATA: req_count=63, req/min=11.09, avg_time=0.001840s, max_time=0.003610s, min_time=0.001616s
[36m(SimpleStorageUnit pid=1298781)[0m Per-operation statistics: PUT_DATA: req_count=63, req/min=10.86, avg_time=0.001793s, max_time=0.004044s, min_time=0.001612s; CLEAR_DATA: req_count=1, req/min=0.17, avg_time=0.003988s, max_time=0.003988s, min_time=0.003988s

[36m(CodeTaskRunner pid=1298220)[0m step:19 - global_seqlen/min:2638539.0 - global_seqlen/max:2638539.0 - global_seqlen/minmax_diff:0.0 - global_seqlen/balanced_min:2638539.0 - global_seqlen/balanced_max:2638539.0 - global_seqlen/mean:2638539.0 - actor/entropy:0.1526186764240265 - actor/pg_clipfrac:0.0 - actor/ppo_kl:0.0 - actor/pg_clipfrac_lower:0.0 - actor/pg_loss:-9.313225746154785e-09 - actor/loss:-1.1175870895385742e-08 - actor/grad_norm:0.421875 - actor/lr:2e-05 - actor/perf/max_memory_allocated_gb:54.52714729309082 - actor/perf/max_memory_reserved_gb:57.705078125 - actor/perf/cpu_memory_used_gb:483.1182327270508 - perf/mfu/actor:0.21611303606387217 - training/global_step:19 - training/epoch:0 - critic/score/mean:0.568048894405365 - critic/score/max:1.0 - critic/score/min:0.0 - critic/rewards/mean:0.568048894405365 - critic/rewards/max:1.0 - critic/rewards/min:0.0 - critic/advantages/mean:0.0075984313152730465 - critic/advantages/max:2.0412356853485107 - critic/advantages/min:-2.0412356853485107 - critic/returns/mean:0.0075984313152730465 - critic/returns/max:2.0412356853485107 - critic/returns/min:-2.0412356853485107 - response_length/mean:372.2708435058594 - response_length/max:2048.0 - response_length/min:87.0 - response_length/clip_ratio:0.013888888992369175 - response_length_non_aborted/mean:372.2708435058594 - response_length_non_aborted/max:2048.0 - response_length_non_aborted/min:87.0 - response_length_non_aborted/clip_ratio:0.013888888992369175 - response/aborted_ratio:0.0 - prompt_length/mean:17950.916015625 - prompt_length/max:118693.0 - prompt_length/min:132.0 - prompt_length/clip_ratio:0.0416666679084301 - timing_s/gen:215.57963261101395 - timing_s/old_log_prob:86.02623574004974 - timing_s/adv:0.12749368901131675 - timing_s/update_actor:339.4063890419784 - timing_s/update_weights:82.39353806199506 - timing_s/step:723.5870670609875 - timing_per_token_ms/adv:4.831980463859611e-05 - timing_per_token_ms/gen:4.021482877441639 - timing_per_token_ms/update_actor:0.12863421349541485 - perf/total_num_tokens:2638539 - perf/time_per_step:723.5870670609875 - perf/throughput:911.6176615472907 - training/num_turns/mean:np.float64(2.0) - training/num_turns/max:np.int64(2) - training/num_turns/min:np.int64(2) - training/off_policy/trajectory_spans/mean:np.float64(1.0) - training/off_policy/trajectory_spans/max:np.int64(1) - training/off_policy/trajectory_spans/min:np.int64(1) - training/off_policy/trajectory_staleness/mean:np.float64(0.0) - training/off_policy/trajectory_staleness/max:np.int64(0) - training/off_policy/trajectory_staleness/min:np.int64(0) - training/off_policy/trajectory_staleness_worst/mean:np.float64(0.0) - training/off_policy/trajectory_staleness_worst/max:np.int64(0) - training/off_policy/trajectory_staleness_worst/min:np.int64(0)
[36m(CodeTaskRunner pid=1298220)[0m Training Progress: 100%|██████████| 20/20 [3:17:23<00:00, 755.05s/it]Training Progress: 100%|██████████| 20/20 [3:17:23<00:00, 592.20s/it]
[36m(SimpleStorageUnit pid=1298782)[0m 2026-09-06 05:06:46,886 - INFO - transfer_queue.utils.perf_utils - TQ_STORAGE_UNIT_31cb2fbf: [Performance] Total success requests: 64, Total req/min: 11.05, Total avg process time: 0.0018s; [32m [repeated 4x across cluster][0m
[36m(SimpleStorageUnit pid=1298782)[0m Time range: last 5.79 minutes; [32m [repeated 4x across cluster][0m
[36m(SimpleStorageUnit pid=1298788)[0m Per-operation statistics: PUT_DATA: req_count=63, req/min=11.03, avg_time=0.001826s, max_time=0.005343s, min_time=0.001600s
[36m(SimpleStorageUnit pid=1298782)[0m Per-operation statistics: PUT_DATA: req_count=63, req/min=10.88, avg_time=0.001785s, max_time=0.006872s, min_time=0.001543s; CLEAR_DATA: req_count=1, req/min=0.17, avg_time=0.004094s, max_time=0.004094s, min_time=0.004094s
[36m(CodeTaskRunner pid=1298220)[0m step:20 - global_seqlen/min:2766353.0 - global_seqlen/max:2766353.0 - global_seqlen/minmax_diff:0.0 - global_seqlen/balanced_min:2766353.0 - global_seqlen/balanced_max:2766353.0 - global_seqlen/mean:2766353.0 - actor/entropy:0.16352972388267517 - actor/pg_clipfrac:0.0 - actor/ppo_kl:0.0 - actor/pg_clipfrac_lower:0.0 - actor/pg_loss:1.1641532182693481e-10 - actor/loss:0.0 - actor/grad_norm:0.08544921875 - actor/lr:2e-05 - actor/perf/max_memory_allocated_gb:54.52714729309082 - actor/perf/max_memory_reserved_gb:57.705078125 - actor/perf/cpu_memory_used_gb:483.63977813720703 - perf/mfu/actor:0.21613019078287235 - val-core/t15_unittest_impl/reward/mean@1:np.float64(0.8144427149370312) - val-aux/t15_unittest_impl/patch_extraction_score/mean@1:np.float64(0.965) - val-aux/t15_unittest_impl/patch_format_score/mean@1:np.float64(0.965) - val-aux/t15_unittest_impl/patch_apply_score/mean@1:np.float64(0.965) - val-aux/t15_unittest_impl/f2p_score/mean@1:np.float64(0.8290711916149729) - val-aux/t15_unittest_impl/f2p_frac/mean@1:np.float64(0.8470032467532468) - val-aux/t15_unittest_impl/p2p_preservation_score/mean@1:np.float64(1.0) - val-aux/t15_unittest_impl/p2p_frac/mean@1:np.float64(1.0) - val-aux/t15_unittest_impl/rubric_score/mean@1:np.float64(0.772) - val-aux/t15_unittest_impl/rule_correctness_score/mean@1:np.float64(0.735) - val-aux/t15_unittest_impl/timeout_error_penalty/mean@1:np.float64(0.0) - val-aux/t15_unittest_impl/length_component/mean@1:np.float64(0.0) - val-aux/t15_unittest_impl/final_reward/mean@1:np.float64(0.8144427149689836) - val-aux/t15_unittest_impl/score_before_overlong/mean@1:np.float64(0.8144427149689836) - val-aux/t15_unittest_impl/answer_match/mean@1:np.float64(0.735) - val-aux/t15_unittest_impl/infra_excluded/mean@1:np.float64(0.0) - val-aux/t15_unittest_impl/gated_out/mean@1:np.float64(0.035) - val-aux/t15_unittest_impl/n_f2p/mean@1:np.float64(7.01) - val-aux/t15_unittest_impl/t_f2p/mean@1:np.float64(7.97) - val-aux/t15_unittest_impl/n_p2p/mean@1:np.float64(0.0) - val-aux/t15_unittest_impl/t_p2p/mean@1:np.float64(0.0) - val-aux/t15_unittest_impl/touched_files/mean@1:np.float64(0.0) - val-aux/t15_unittest_impl/score/mean@1:np.float64(0.8144427149689836) - val-aux/t15_unittest_impl/verify_runtime_s/mean@1:np.float64(0.769625) - val-aux/t15_unittest_impl/rusca_step/mean@1:np.float64(20.0) - val-core/t15_repo_patch/reward/mean@1:np.float64(0.2175049902871251) - val-aux/t15_repo_patch/patch_extraction_score/mean@1:np.float64(0.9821428571428571) - val-aux/t15_repo_patch/patch_format_score/mean@1:np.float64(0.8571428571428571) - val-aux/t15_repo_patch/patch_apply_score/mean@1:np.float64(0.8214285714285714) - val-aux/t15_repo_patch/f2p_score/mean@1:np.float64(0.1913773637542848) - val-aux/t15_repo_patch/f2p_frac/mean@1:np.float64(0.24092757936507936) - val-aux/t15_repo_patch/p2p_preservation_score/mean@1:np.float64(1.0) - val-aux/t15_repo_patch/p2p_frac/mean@1:np.float64(0.9977678571428571) - val-aux/t15_repo_patch/rubric_score/mean@1:np.float64(0.3997376543209876) - val-aux/t15_repo_patch/rule_correctness_score/mean@1:np.float64(0.0625) - val-aux/t15_repo_patch/timeout_error_penalty/mean@1:np.float64(0.0) - val-aux/t15_repo_patch/length_component/mean@1:np.float64(0.0) - val-aux/t15_repo_patch/final_reward/mean@1:np.float64(0.21750498968114235) - val-aux/t15_repo_patch/score_before_overlong/mean@1:np.float64(0.21750498968114235) - val-aux/t15_repo_patch/answer_match/mean@1:np.float64(0.0625) - val-aux/t15_repo_patch/infra_excluded/mean@1:np.float64(0.0) - val-aux/t15_repo_patch/gated_out/mean@1:np.float64(0.17857142857142858) - val-aux/t15_repo_patch/n_f2p/mean@1:np.float64(1.2232142857142858) - val-aux/t15_repo_patch/t_f2p/mean@1:np.float64(4.508928571428571) - val-aux/t15_repo_patch/n_p2p/mean@1:np.float64(17.169642857142858) - val-aux/t15_repo_patch/t_p2p/mean@1:np.float64(17.178571428571427) - val-aux/t15_repo_patch/touched_files/mean@1:np.float64(0.9196428571428571) - val-aux/t15_repo_patch/score/mean@1:np.float64(0.21750498968114235) - val-aux/t15_repo_patch/verify_runtime_s/mean@1:np.float64(2.5516071428571427) - val-aux/t15_repo_patch/rusca_step/mean@1:np.float64(20.0) - val-aux/num_turns/min:np.int64(2) - val-aux/num_turns/max:np.int64(2) - val-aux/num_turns/mean:np.float64(2.0) - training/global_step:20 - training/epoch:0 - critic/score/mean:0.5603336691856384 - critic/score/max:1.0 - critic/score/min:0.0 - critic/rewards/mean:0.5603336691856384 - critic/rewards/max:1.0 - critic/rewards/min:0.0 - critic/advantages/mean:-0.04210740700364113 - critic/advantages/max:2.041233539581299 - critic/advantages/min:-2.0412356853485107 - critic/returns/mean:-0.04210740700364113 - critic/returns/max:2.041233539581299 - critic/returns/min:-2.0412356853485107 - response_length/mean:385.53472900390625 - response_length/max:2048.0 - response_length/min:57.0 - response_length/clip_ratio:0.0069444444961845875 - response_length_non_aborted/mean:385.53472900390625 - response_length_non_aborted/max:2048.0 - response_length_non_aborted/min:57.0 - response_length_non_aborted/clip_ratio:0.0069444444961845875 - response/aborted_ratio:0.0 - prompt_length/mean:18825.25 - prompt_length/max:118910.0 - prompt_length/min:122.0 - prompt_length/clip_ratio:0.0416666679084301 - timing_s/gen:198.71231481200084 - timing_s/old_log_prob:93.79543939401628 - timing_s/adv:0.12501840299228206 - timing_s/update_actor:375.36996243102476 - timing_s/save_checkpoint:44.27101946499897 - timing_s/update_weights:80.96295615501003 - timing_s/step:793.2949176920229 - timing_s/testing:379.8574169180356 - timing_per_token_ms/adv:4.519249820694686e-05 - timing_per_token_ms/gen:3.579305704775129 - timing_per_token_ms/update_actor:0.1356912738291262 - perf/total_num_tokens:2766353 - perf/time_per_step:793.2949176920229 - perf/throughput:871.7921098146907 - training/num_turns/mean:np.float64(2.0) - training/num_turns/max:np.int64(2) - training/num_turns/min:np.int64(2) - training/off_policy/trajectory_spans/mean:np.float64(1.0) - training/off_policy/trajectory_spans/max:np.int64(1) - training/off_policy/trajectory_spans/min:np.int64(1) - training/off_policy/trajectory_staleness/mean:np.float64(0.0) - training/off_policy/trajectory_staleness/max:np.int64(0) - training/off_policy/trajectory_staleness/min:np.int64(0) - training/off_policy/trajectory_staleness_worst/mean:np.float64(0.0) - training/off_policy/trajectory_staleness_worst/max:np.int64(0) - training/off_policy/trajectory_staleness_worst/min:np.int64(0)
[36m(CodeTaskRunner pid=1298220)[0m ("Final validation metrics: {'val-core/t15_unittest_impl/reward/mean@1': "
[36m(CodeTaskRunner pid=1298220)[0m  'np.float64(0.8144427149370312), '
[36m(CodeTaskRunner pid=1298220)[0m  "'val-aux/t15_unittest_impl/patch_extraction_score/mean@1': "
[36m(CodeTaskRunner pid=1298220)[0m  "np.float64(0.965), 'val-aux/t15_unittest_impl/patch_format_score/mean@1': "
[36m(CodeTaskRunner pid=1298220)[0m  "np.float64(0.965), 'val-aux/t15_unittest_impl/patch_apply_score/mean@1': "
[36m(CodeTaskRunner pid=1298220)[0m  "np.float64(0.965), 'val-aux/t15_unittest_impl/f2p_score/mean@1': "
[36m(CodeTaskRunner pid=1298220)[0m  "np.float64(0.8290711916149729), 'val-aux/t15_unittest_impl/f2p_frac/mean@1': "
[36m(CodeTaskRunner pid=1298220)[0m  'np.float64(0.8470032467532468), '
[36m(CodeTaskRunner pid=1298220)[0m  "'val-aux/t15_unittest_impl/p2p_preservation_score/mean@1': np.float64(1.0), "
[36m(CodeTaskRunner pid=1298220)[0m  "'val-aux/t15_unittest_impl/p2p_frac/mean@1': np.float64(1.0), "
[36m(CodeTaskRunner pid=1298220)[0m  "'val-aux/t15_unittest_impl/rubric_score/mean@1': np.float64(0.772), "
[36m(CodeTaskRunner pid=1298220)[0m  "'val-aux/t15_unittest_impl/rule_correctness_score/mean@1': "
[36m(CodeTaskRunner pid=1298220)[0m  "np.float64(0.735), 'val-aux/t15_unittest_impl/timeout_error_penalty/mean@1': "
[36m(CodeTaskRunner pid=1298220)[0m  "np.float64(0.0), 'val-aux/t15_unittest_impl/length_component/mean@1': "
[36m(CodeTaskRunner pid=1298220)[0m  "np.float64(0.0), 'val-aux/t15_unittest_impl/final_reward/mean@1': "
[36m(CodeTaskRunner pid=1298220)[0m  'np.float64(0.8144427149689836), '
[36m(CodeTaskRunner pid=1298220)[0m  "'val-aux/t15_unittest_impl/score_before_overlong/mean@1': "
[36m(CodeTaskRunner pid=1298220)[0m  'np.float64(0.8144427149689836), '
[36m(CodeTaskRunner pid=1298220)[0m  "'val-aux/t15_unittest_impl/answer_match/mean@1': np.float64(0.735), "
[36m(CodeTaskRunner pid=1298220)[0m  "'val-aux/t15_unittest_impl/infra_excluded/mean@1': np.float64(0.0), "
[36m(CodeTaskRunner pid=1298220)[0m  "'val-aux/t15_unittest_impl/gated_out/mean@1': np.float64(0.035), "
[36m(CodeTaskRunner pid=1298220)[0m  "'val-aux/t15_unittest_impl/n_f2p/mean@1': np.float64(7.01), "
[36m(CodeTaskRunner pid=1298220)[0m  "'val-aux/t15_unittest_impl/t_f2p/mean@1': np.float64(7.97), "
[36m(CodeTaskRunner pid=1298220)[0m  "'val-aux/t15_unittest_impl/n_p2p/mean@1': np.float64(0.0), "
[36m(CodeTaskRunner pid=1298220)[0m  "'val-aux/t15_unittest_impl/t_p2p/mean@1': np.float64(0.0), "
[36m(CodeTaskRunner pid=1298220)[0m  "'val-aux/t15_unittest_impl/touched_files/mean@1': np.float64(0.0), "
[36m(CodeTaskRunner pid=1298220)[0m  "'val-aux/t15_unittest_impl/score/mean@1': np.float64(0.8144427149689836), "
[36m(CodeTaskRunner pid=1298220)[0m  "'val-aux/t15_unittest_impl/verify_runtime_s/mean@1': np.float64(0.769625), "
[36m(CodeTaskRunner pid=1298220)[0m  "'val-aux/t15_unittest_impl/rusca_step/mean@1': np.float64(20.0), "
[36m(CodeTaskRunner pid=1298220)[0m  "'val-core/t15_repo_patch/reward/mean@1': np.float64(0.2175049902871251), "
[36m(CodeTaskRunner pid=1298220)[0m  "'val-aux/t15_repo_patch/patch_extraction_score/mean@1': "
[36m(CodeTaskRunner pid=1298220)[0m  'np.float64(0.9821428571428571), '
[36m(CodeTaskRunner pid=1298220)[0m  "'val-aux/t15_repo_patch/patch_format_score/mean@1': "
[36m(CodeTaskRunner pid=1298220)[0m  'np.float64(0.8571428571428571), '
[36m(CodeTaskRunner pid=1298220)[0m  "'val-aux/t15_repo_patch/patch_apply_score/mean@1': "
[36m(CodeTaskRunner pid=1298220)[0m  "np.float64(0.8214285714285714), 'val-aux/t15_repo_patch/f2p_score/mean@1': "
[36m(CodeTaskRunner pid=1298220)[0m  "np.float64(0.1913773637542848), 'val-aux/t15_repo_patch/f2p_frac/mean@1': "
[36m(CodeTaskRunner pid=1298220)[0m  'np.float64(0.24092757936507936), '
[36m(CodeTaskRunner pid=1298220)[0m  "'val-aux/t15_repo_patch/p2p_preservation_score/mean@1': np.float64(1.0), "
[36m(CodeTaskRunner pid=1298220)[0m  "'val-aux/t15_repo_patch/p2p_frac/mean@1': np.float64(0.9977678571428571), "
[36m(CodeTaskRunner pid=1298220)[0m  "'val-aux/t15_repo_patch/rubric_score/mean@1': "
[36m(CodeTaskRunner pid=1298220)[0m  'np.float64(0.3997376543209876), '
[36m(CodeTaskRunner pid=1298220)[0m  "'val-aux/t15_repo_patch/rule_correctness_score/mean@1': np.float64(0.0625), "
[36m(CodeTaskRunner pid=1298220)[0m  "'val-aux/t15_repo_patch/timeout_error_penalty/mean@1': np.float64(0.0), "
[36m(CodeTaskRunner pid=1298220)[0m  "'val-aux/t15_repo_patch/length_component/mean@1': np.float64(0.0), "
[36m(CodeTaskRunner pid=1298220)[0m  "'val-aux/t15_repo_patch/final_reward/mean@1': "
[36m(CodeTaskRunner pid=1298220)[0m  'np.float64(0.21750498968114235), '
[36m(CodeTaskRunner pid=1298220)[0m  "'val-aux/t15_repo_patch/score_before_overlong/mean@1': "
[36m(CodeTaskRunner pid=1298220)[0m  'np.float64(0.21750498968114235), '
[36m(CodeTaskRunner pid=1298220)[0m  "'val-aux/t15_repo_patch/answer_match/mean@1': np.float64(0.0625), "
[36m(CodeTaskRunner pid=1298220)[0m  "'val-aux/t15_repo_patch/infra_excluded/mean@1': np.float64(0.0), "
[36m(CodeTaskRunner pid=1298220)[0m  "'val-aux/t15_repo_patch/gated_out/mean@1': np.float64(0.17857142857142858), "
[36m(CodeTaskRunner pid=1298220)[0m  "'val-aux/t15_repo_patch/n_f2p/mean@1': np.float64(1.2232142857142858), "
[36m(CodeTaskRunner pid=1298220)[0m  "'val-aux/t15_repo_patch/t_f2p/mean@1': np.float64(4.508928571428571), "
[36m(CodeTaskRunner pid=1298220)[0m  "'val-aux/t15_repo_patch/n_p2p/mean@1': np.float64(17.169642857142858), "
[36m(CodeTaskRunner pid=1298220)[0m  "'val-aux/t15_repo_patch/t_p2p/mean@1': np.float64(17.178571428571427), "
[36m(CodeTaskRunner pid=1298220)[0m  "'val-aux/t15_repo_patch/touched_files/mean@1': "
[36m(CodeTaskRunner pid=1298220)[0m  "np.float64(0.9196428571428571), 'val-aux/t15_repo_patch/score/mean@1': "
[36m(CodeTaskRunner pid=1298220)[0m  'np.float64(0.21750498968114235), '
[36m(CodeTaskRunner pid=1298220)[0m  "'val-aux/t15_repo_patch/verify_runtime_s/mean@1': "
[36m(CodeTaskRunner pid=1298220)[0m  "np.float64(2.5516071428571427), 'val-aux/t15_repo_patch/rusca_step/mean@1': "
[36m(CodeTaskRunner pid=1298220)[0m  "np.float64(20.0), 'val-aux/num_turns/min': np.int64(2), "
[36m(CodeTaskRunner pid=1298220)[0m  "'val-aux/num_turns/max': np.int64(2), 'val-aux/num_turns/mean': "
[36m(CodeTaskRunner pid=1298220)[0m  'np.float64(2.0)}')
