== 2026-09-04T20:32:29+09:00
Mem:            1007         138         871          98         100         869
    PID   RSS COMMAND
1317539 4820964 VLLM::Worker_TP
1317538 4815556 VLLM::Worker_TP
1280658 1212496 vllm
1317375 960252 VLLM::EngineCor
 588079 581284 sssd_be
 588080 367360 sssd_nss
1338534 294748 litellm
   2143 72496 systemd-journal
  84732 61540 dcgm-exporter
 661917 60520 nv-hostengine
1707709 30608 slurmstepd
1280479 30104 slurmstepd
1708000 29544 slurmstepd
== 2026-09-04T20:32:49+09:00
Mem:            1007         139         870          98         100         868
    PID   RSS COMMAND
1317539 4820964 VLLM::Worker_TP
1317538 4815556 VLLM::Worker_TP
1280658 1212496 vllm
1317375 960252 VLLM::EngineCor
1711154 781300 python
 588079 581284 sssd_be
 588080 367360 sssd_nss
1338534 294748 litellm
   2143 72496 systemd-journal
  84732 61540 dcgm-exporter
 661917 60520 nv-hostengine
1707709 30608 slurmstepd
1280479 30104 slurmstepd
== 2026-09-04T20:33:09+09:00
Mem:            1007         139         870          98         100         868
    PID   RSS COMMAND
1317539 4820964 VLLM::Worker_TP
1317538 4815556 VLLM::Worker_TP
1280658 1212496 vllm
1317375 960252 VLLM::EngineCor
1711154 894812 python
 588079 581284 sssd_be
 588080 367360 sssd_nss
1338534 294748 litellm
   2143 72496 systemd-journal
  84732 61540 dcgm-exporter
 661917 60520 nv-hostengine
1707709 30608 slurmstepd
1280479 30104 slurmstepd
== 2026-09-04T20:33:29+09:00
Mem:            1007         149         860          98         100         858
    PID   RSS COMMAND
1317539 4820964 VLLM::Worker_TP
1317538 4815556 VLLM::Worker_TP
1280658 1212496 vllm
1711714 1001580 gcs_server
1317375 960252 VLLM::EngineCor
1711154 911532 python
1717881 796484 ray::TaskRunner
 588079 581284 sssd_be
1712391 472952 raylet
 588080 367360 sssd_nss
1711951 327980 ray-dashboard-R
1711950 315764 ray-dashboard-N
1711883 307200 python
== 2026-09-04T20:33:49+09:00
Mem:            1007         153         856          98         100         854
    PID   RSS COMMAND
1317539 4820964 VLLM::Worker_TP
1317538 4815556 VLLM::Worker_TP
1280658 1212496 vllm
1719098 1149832 ray::TaskRunner
1717881 1033436 ray::TaskRunner
1711714 1003096 gcs_server
1317375 960252 VLLM::EngineCor
1711154 911532 python
1719102 776728 ray::TaskRunner
1718456 603600 ray::SimpleStor
1718370 601944 ray::TransferQu
1718452 600364 ray::SimpleStor
1718457 600240 ray::SimpleStor
== 2026-09-04T20:34:09+09:00
Mem:            1007         153         856          98         100         854
    PID   RSS COMMAND
1317539 4820964 VLLM::Worker_TP
1317538 4815556 VLLM::Worker_TP
1280658 1212496 vllm
1719098 1142272 ray::TaskRunner
1717881 1033436 ray::TaskRunner
1711714 1006172 gcs_server
1317375 960252 VLLM::EngineCor
1711154 911532 python
1719102 776728 ray::TaskRunner
1718456 603600 ray::SimpleStor
1718370 601944 ray::TransferQu
1718452 600364 ray::SimpleStor
1718457 600240 ray::SimpleStor
== 2026-09-04T20:34:29+09:00
Mem:            1007         153         856          98         100         854
    PID   RSS COMMAND
1317539 4820964 VLLM::Worker_TP
1317538 4815556 VLLM::Worker_TP
1280658 1212496 vllm
1717881 1039852 ray::TaskRunner
1711714 1007524 gcs_server
1317375 960252 VLLM::EngineCor
1719995 949736 ray::TaskRunner
1711154 911532 python
1719999 832576 ray::TaskRunner
1718456 603600 ray::SimpleStor
1718370 601944 ray::TransferQu
1718452 600364 ray::SimpleStor
1718457 600240 ray::SimpleStor
== 2026-09-04T20:34:49+09:00
Mem:            1007         154         855          98         100         852
    PID   RSS COMMAND
1317539 4820964 VLLM::Worker_TP
1317538 4815556 VLLM::Worker_TP
1280658 1212496 vllm
1711714 1007020 gcs_server
1717881 990656 ray::TaskRunner
1317375 960252 VLLM::EngineCor
1711154 911532 python
1720305 784664 ray::zP6xyCWork
1720306 780480 ray::zP6xyCWork
1720304 780464 ray::zP6xyCWork
1720303 777248 ray::zP6xyCWork
1718456 603600 ray::SimpleStor
1718370 601944 ray::TransferQu
== 2026-09-04T20:35:09+09:00
Mem:            1007         156         853          98         100         851
    PID   RSS COMMAND
1317539 4820964 VLLM::Worker_TP
1317538 4815556 VLLM::Worker_TP
1720305 1357796 ray::WorkerDict
1720306 1350364 ray::WorkerDict
1720304 1348976 ray::WorkerDict
1720303 1347108 ray::WorkerDict
1280658 1212496 vllm
1711714 1010636 gcs_server
1717881 990656 ray::TaskRunner
1317375 960252 VLLM::EngineCor
1711154 911532 python
1718456 603600 ray::SimpleStor
1718370 601944 ray::TransferQu
== 2026-09-04T20:35:29+09:00
Mem:            1007         158         851          98         101         849
    PID   RSS COMMAND
1317539 4820964 VLLM::Worker_TP
1317538 4815556 VLLM::Worker_TP
1720305 2153232 ray::WorkerDict
1720306 2148448 ray::WorkerDict
1720304 2148432 ray::WorkerDict
1720303 2143000 ray::WorkerDict
1280658 1212496 vllm
1711714 1012940 gcs_server
1717881 990656 ray::TaskRunner
1317375 960252 VLLM::EngineCor
1711154 911532 python
1718456 603600 ray::SimpleStor
1718370 601944 ray::TransferQu
== 2026-09-04T20:35:49+09:00
Mem:            1007         160         848          98         101         846
    PID   RSS COMMAND
1317539 4820964 VLLM::Worker_TP
1317538 4815556 VLLM::Worker_TP
1720305 3238320 ray::WorkerDict
1720304 3232644 ray::WorkerDict
1720306 3230300 ray::WorkerDict
1720303 3226372 ray::WorkerDict
1280658 1212496 vllm
1711714 1013668 gcs_server
1717881 990656 ray::TaskRunner
1317375 960252 VLLM::EngineCor
1711154 911532 python
1718456 603600 ray::SimpleStor
1718370 601944 ray::TransferQu
== 2026-09-04T20:36:09+09:00
Mem:            1007         159         849          98         102         848
    PID   RSS COMMAND
1317539 4820964 VLLM::Worker_TP
1317538 4815556 VLLM::Worker_TP
1720303 4197500 ray::WorkerDict
1720305 3028588 ray::WorkerDict
1720304 3023188 ray::WorkerDict
1720306 3020568 ray::WorkerDict
1280658 1212496 vllm
1711714 1014344 gcs_server
1717881 990656 ray::TaskRunner
1317375 960252 VLLM::EngineCor
1711154 911532 python
1718456 603600 ray::SimpleStor
1718370 601944 ray::TransferQu
== 2026-09-04T20:36:29+09:00
Mem:            1007         160         847          98         102         846
    PID   RSS COMMAND
1720303 5091972 ray::WorkerDict
1317539 4820964 VLLM::Worker_TP
1317538 4815556 VLLM::Worker_TP
1720305 3924920 ray::WorkerDict
1720304 3919520 ray::WorkerDict
1720306 3918108 ray::WorkerDict
1280658 1212496 vllm
1711714 1012168 gcs_server
1717881 990656 ray::TaskRunner
1317375 960252 VLLM::EngineCor
1711154 911532 python
1718456 603600 ray::SimpleStor
1718370 601944 ray::TransferQu
== 2026-09-04T20:36:49+09:00
Mem:            1007         159         848          98         103         848
    PID   RSS COMMAND
1720303 6004140 ray::WorkerDict
1317539 4820964 VLLM::Worker_TP
1317538 4815556 VLLM::Worker_TP
1720305 3653936 ray::WorkerDict
1720304 3649724 ray::WorkerDict
1720306 3647792 ray::WorkerDict
1280658 1212496 vllm
1711714 1014452 gcs_server
1717881 990656 ray::TaskRunner
1317375 960252 VLLM::EngineCor
1711154 911532 python
1718456 603600 ray::SimpleStor
1718370 601944 ray::TransferQu
== 2026-09-04T20:37:09+09:00
Mem:            1007         160         846          98         103         846
    PID   RSS COMMAND
1720303 6671956 ray::WorkerDict
1317539 4820964 VLLM::Worker_TP
1317538 4815556 VLLM::Worker_TP
1720305 4320596 ray::WorkerDict
1720304 4316160 ray::WorkerDict
1720306 4315368 ray::WorkerDict
1280658 1212496 vllm
1711714 1015988 gcs_server
1717881 990656 ray::TaskRunner
1317375 960252 VLLM::EngineCor
1711154 911532 python
1718456 603600 ray::SimpleStor
1718370 601944 ray::TransferQu
== 2026-09-04T20:37:29+09:00
Mem:            1007         162         844          98         103         845
    PID   RSS COMMAND
1720303 7552884 ray::WorkerDict
1720305 5202228 ray::WorkerDict
1720306 5198372 ray::WorkerDict
1720304 5197332 ray::WorkerDict
1317539 4820964 VLLM::Worker_TP
1317538 4815556 VLLM::Worker_TP
1280658 1212496 vllm
1711714 1016264 gcs_server
1717881 990656 ray::TaskRunner
1317375 960252 VLLM::EngineCor
1711154 911532 python
1718456 603600 ray::SimpleStor
1718370 601944 ray::TransferQu
== 2026-09-04T20:37:49+09:00
Mem:            1007         160         846          98         104         846
    PID   RSS COMMAND
1720303 8343724 ray::WorkerDict
1317539 4820964 VLLM::Worker_TP
1317538 4815556 VLLM::Worker_TP
1720305 4812520 ray::WorkerDict
1720306 4809844 ray::WorkerDict
1720304 4808320 ray::WorkerDict
1280658 1212496 vllm
1711714 1017012 gcs_server
1717881 990656 ray::TaskRunner
1317375 960252 VLLM::EngineCor
1711154 911532 python
1718456 603600 ray::SimpleStor
1718370 601944 ray::TransferQu
== 2026-09-04T20:38:09+09:00
Mem:            1007         161         844          98         104         845
    PID   RSS COMMAND
1720303 8930352 ray::WorkerDict
1720305 5400808 ray::WorkerDict
1720306 5398132 ray::WorkerDict
1720304 5396608 ray::WorkerDict
1317539 4820964 VLLM::Worker_TP
1317538 4815556 VLLM::Worker_TP
1280658 1212496 vllm
1711714 1016664 gcs_server
1717881 990656 ray::TaskRunner
1317375 960252 VLLM::EngineCor
1711154 911532 python
1718456 603600 ray::SimpleStor
1718370 601944 ray::TransferQu
== 2026-09-04T20:38:29+09:00
Mem:            1007         162         843          98         104         844
    PID   RSS COMMAND
1720303 9453628 ray::WorkerDict
1720305 5921324 ray::WorkerDict
1720306 5919232 ray::WorkerDict
1720304 5917124 ray::WorkerDict
1317539 4820964 VLLM::Worker_TP
1317538 4815556 VLLM::Worker_TP
1280658 1212496 vllm
1711714 1015244 gcs_server
1717881 990656 ray::TaskRunner
1317375 960252 VLLM::EngineCor
1711154 911532 python
1718456 603600 ray::SimpleStor
1718370 601944 ray::TransferQu
== 2026-09-04T20:38:50+09:00
Mem:            1007         164         841          98         105         843
    PID   RSS COMMAND
1720303 10234964 ray::WorkerDict
1720305 6703412 ray::WorkerDict
1720306 6702088 ray::WorkerDict
1720304 6699212 ray::WorkerDict
1317539 4820964 VLLM::Worker_TP
1317538 4815556 VLLM::Worker_TP
1280658 1212496 vllm
1711714 1016264 gcs_server
1717881 990656 ray::TaskRunner
1317375 960252 VLLM::EngineCor
1711154 911532 python
1718456 603600 ray::SimpleStor
1718370 601944 ray::TransferQu
== 2026-09-04T20:39:10+09:00
Mem:            1007         162         842          98         105         845
    PID   RSS COMMAND
1720303 11001936 ray::WorkerDict
1720305 6292780 ray::WorkerDict
1720306 6290624 ray::WorkerDict
1720304 6287748 ray::WorkerDict
1317539 4820964 VLLM::Worker_TP
1317538 4815556 VLLM::Worker_TP
1280658 1212496 vllm
1711714 1015668 gcs_server
1717881 990656 ray::TaskRunner
1317375 960252 VLLM::EngineCor
1711154 911532 python
1718456 603600 ray::SimpleStor
1718370 601944 ray::TransferQu
== 2026-09-04T20:39:30+09:00
Mem:            1007         163         841          98         105         843
    PID   RSS COMMAND
1720303 11783260 ray::WorkerDict
1720305 7072608 ray::WorkerDict
1720306 7070068 ray::WorkerDict
1720304 7067080 ray::WorkerDict
1317539 4820964 VLLM::Worker_TP
1317538 4815556 VLLM::Worker_TP
1280658 1212496 vllm
1711714 1016028 gcs_server
1717881 990656 ray::TaskRunner
1317375 960252 VLLM::EngineCor
1711154 911532 python
1718456 603600 ray::SimpleStor
1718370 601944 ray::TransferQu
== 2026-09-04T20:39:50+09:00
Mem:            1007         165         839          98         106         842
    PID   RSS COMMAND
1720303 12550176 ray::WorkerDict
1720305 7840104 ray::WorkerDict
1720306 7837564 ray::WorkerDict
1720304 7834576 ray::WorkerDict
1317539 4820964 VLLM::Worker_TP
1317538 4815556 VLLM::Worker_TP
1280658 1212496 vllm
1711714 1020328 gcs_server
1717881 990656 ray::TaskRunner
1317375 960252 VLLM::EngineCor
1711154 911532 python
1718456 603600 ray::SimpleStor
1718370 601944 ray::TransferQu
== 2026-09-04T20:40:10+09:00
Mem:            1007         163         841          98         106         844
    PID   RSS COMMAND
1720303 13181796 ray::WorkerDict
1720305 7292560 ray::WorkerDict
1720306 7289652 ray::WorkerDict
1720304 7286664 ray::WorkerDict
1317539 4820964 VLLM::Worker_TP
1317538 4815556 VLLM::Worker_TP
1280658 1212496 vllm
1711714 1020036 gcs_server
1717881 990656 ray::TaskRunner
1317375 960252 VLLM::EngineCor
1711154 911532 python
1718456 603600 ray::SimpleStor
1718370 601944 ray::TransferQu
== 2026-09-04T20:40:30+09:00
Mem:            1007         164         839          98         106         843
    PID   RSS COMMAND
1720303 13744184 ray::WorkerDict
1720305 7858048 ray::WorkerDict
1720306 7854968 ray::WorkerDict
1720304 7851980 ray::WorkerDict
1317539 4820964 VLLM::Worker_TP
1317538 4815556 VLLM::Worker_TP
1280658 1212496 vllm
1711714 1019472 gcs_server
1717881 990656 ray::TaskRunner
1317375 960252 VLLM::EngineCor
1711154 911532 python
1718456 603600 ray::SimpleStor
1718370 601944 ray::TransferQu
== 2026-09-04T20:40:50+09:00
Mem:            1007         165         837          98         107         841
    PID   RSS COMMAND
1720303 14513976 ray::WorkerDict
1720305 8626540 ray::WorkerDict
1720306 8623992 ray::WorkerDict
1720304 8621004 ray::WorkerDict
1317539 4820964 VLLM::Worker_TP
1317538 4815556 VLLM::Worker_TP
1280658 1212496 vllm
1711714 1020772 gcs_server
1717881 990656 ray::TaskRunner
1317375 960252 VLLM::EngineCor
1711154 911532 python
1718456 603600 ray::SimpleStor
1718370 601944 ray::TransferQu
== 2026-09-04T20:41:10+09:00
Mem:            1007         167         835          98         107         840
    PID   RSS COMMAND
1720303 15294532 ray::WorkerDict
1720305 9406824 ray::WorkerDict
1720306 9402496 ray::WorkerDict
1720304 9399508 ray::WorkerDict
1317539 4820964 VLLM::Worker_TP
1317538 4815556 VLLM::Worker_TP
1280658 1212496 vllm
1711714 1020288 gcs_server
1717881 990656 ray::TaskRunner
1317375 960252 VLLM::EngineCor
1711154 911532 python
1718456 603600 ray::SimpleStor
1718370 601944 ray::TransferQu
== 2026-09-04T20:41:30+09:00
Mem:            1007         165         837          98         108         841
    PID   RSS COMMAND
1720303 16172152 ray::WorkerDict
1720305 9106016 ray::WorkerDict
1720306 9102456 ray::WorkerDict
1720304 9100180 ray::WorkerDict
1317539 4820964 VLLM::Worker_TP
1317538 4815556 VLLM::Worker_TP
1280658 1212496 vllm
1711714 1019768 gcs_server
1717881 990656 ray::TaskRunner
1317375 960252 VLLM::EngineCor
1711154 911532 python
1718456 603600 ray::SimpleStor
1718370 601944 ray::TransferQu
== 2026-09-04T20:41:50+09:00
Mem:            1007         167         834          98         108         839
    PID   RSS COMMAND
1720303 17248804 ray::WorkerDict
1720305 10179432 ray::WorkerDict
1720306 10176504 ray::WorkerDict
1720304 10173764 ray::WorkerDict
1317539 4820964 VLLM::Worker_TP
1317538 4815556 VLLM::Worker_TP
1280658 1212496 vllm
1711714 1018648 gcs_server
1717881 990656 ray::TaskRunner
1317375 960252 VLLM::EngineCor
1711154 911532 python
1718456 603600 ray::SimpleStor
1718370 601944 ray::TransferQu
== 2026-09-04T20:42:10+09:00
Mem:            1007         166         835          98         108         841
    PID   RSS COMMAND
1720303 18084380 ray::WorkerDict
1720305 9837340 ray::WorkerDict
1720306 9834412 ray::WorkerDict
1720304 9832440 ray::WorkerDict
1317539 4820964 VLLM::Worker_TP
1317538 4815556 VLLM::Worker_TP
1280658 1212496 vllm
1711714 1016820 gcs_server
1717881 990656 ray::TaskRunner
1317375 960252 VLLM::EngineCor
1711154 911532 python
1718456 603600 ray::SimpleStor
1718370 601944 ray::TransferQu
== 2026-09-04T20:42:30+09:00
Mem:            1007         167         833          98         109         839
    PID   RSS COMMAND
1720303 18991784 ray::WorkerDict
1720305 10743136 ray::WorkerDict
1720306 10740208 ray::WorkerDict
1720304 10738880 ray::WorkerDict
1317539 4820964 VLLM::Worker_TP
1317538 4815556 VLLM::Worker_TP
1280658 1212496 vllm
1711714 1018276 gcs_server
1717881 990656 ray::TaskRunner
1317375 960252 VLLM::EngineCor
1711154 911532 python
1718456 603600 ray::SimpleStor
1718370 601944 ray::TransferQu
== 2026-09-04T20:42:50+09:00
Mem:            1007         169         831          98         109         837
    PID   RSS COMMAND
1720303 19930816 ray::WorkerDict
1720305 11684200 ray::WorkerDict
1720306 11681272 ray::WorkerDict
1720304 11679944 ray::WorkerDict
1317539 4820964 VLLM::Worker_TP
1317538 4815556 VLLM::Worker_TP
1280658 1212496 vllm
1711714 1018060 gcs_server
1717881 990656 ray::TaskRunner
1317375 960252 VLLM::EngineCor
1711154 911532 python
1718456 603600 ray::SimpleStor
1718370 601944 ray::TransferQu
== 2026-09-04T20:43:10+09:00
Mem:            1007         167         832          98         110         839
    PID   RSS COMMAND
1720303 20778132 ray::WorkerDict
1720305 11351844 ray::WorkerDict
1720306 11348652 ray::WorkerDict
1720304 11347516 ray::WorkerDict
1317539 4820964 VLLM::Worker_TP
1317538 4815556 VLLM::Worker_TP
1280658 1212496 vllm
1711714 1015860 gcs_server
1717881 990656 ray::TaskRunner
1317375 960252 VLLM::EngineCor
1711154 911532 python
1718456 603600 ray::SimpleStor
1718370 601944 ray::TransferQu
== 2026-09-04T20:43:30+09:00
Mem:            1007         170         830          98         110         837
    PID   RSS COMMAND
1720303 21863064 ray::WorkerDict
1720305 12436848 ray::WorkerDict
1720306 12433656 ray::WorkerDict
1720304 12432520 ray::WorkerDict
1317539 4820964 VLLM::Worker_TP
1317538 4815556 VLLM::Worker_TP
1280658 1212496 vllm
1711714 1016500 gcs_server
1717881 990656 ray::TaskRunner
1317375 960252 VLLM::EngineCor
1711154 911532 python
1718456 603600 ray::SimpleStor
1718370 601944 ray::TransferQu
== 2026-09-04T20:43:50+09:00
Mem:            1007         168         830          98         111         838
    PID   RSS COMMAND
1720303 22896528 ray::WorkerDict
1720305 12289316 ray::WorkerDict
1720304 12285488 ray::WorkerDict
1720306 12285356 ray::WorkerDict
1317539 4820964 VLLM::Worker_TP
1317538 4815556 VLLM::Worker_TP
1280658 1212496 vllm
1711714 1017268 gcs_server
1717881 990656 ray::TaskRunner
1317375 960252 VLLM::EngineCor
1711154 911532 python
1718456 603600 ray::SimpleStor
1718370 601944 ray::TransferQu
== 2026-09-04T20:44:10+09:00
Mem:            1007         170         828          98         111         836
    PID   RSS COMMAND
1720303 23834012 ray::WorkerDict
1720305 13226856 ray::WorkerDict
1720306 13223664 ray::WorkerDict
1720304 13223028 ray::WorkerDict
1317539 4820964 VLLM::Worker_TP
1317538 4815556 VLLM::Worker_TP
1280658 1212496 vllm
1711714 1016296 gcs_server
1717881 990656 ray::TaskRunner
1317375 960252 VLLM::EngineCor
1711154 911532 python
1718456 603600 ray::SimpleStor
1718370 601944 ray::TransferQu
== 2026-09-04T20:44:30+09:00
Mem:            1007         169         829          98         112         838
    PID   RSS COMMAND
1720303 24872104 ray::WorkerDict
1720305 13087272 ray::WorkerDict
1720306 13083308 ray::WorkerDict
1720304 13081904 ray::WorkerDict
1317539 4820964 VLLM::Worker_TP
1317538 4815556 VLLM::Worker_TP
1280658 1212496 vllm
1711714 1014712 gcs_server
1717881 990656 ray::TaskRunner
1317375 960252 VLLM::EngineCor
1711154 911532 python
1718456 603600 ray::SimpleStor
1718370 601944 ray::TransferQu
== 2026-09-04T20:44:50+09:00
Mem:            1007         170         827          98         112         836
    PID   RSS COMMAND
1720303 25714868 ray::WorkerDict
1720305 13930092 ray::WorkerDict
1720306 13925360 ray::WorkerDict
1720304 13924724 ray::WorkerDict
1317539 4820964 VLLM::Worker_TP
1317538 4815556 VLLM::Worker_TP
1280658 1212496 vllm
1711714 1015300 gcs_server
1717881 990656 ray::TaskRunner
1317375 960252 VLLM::EngineCor
1711154 911532 python
1718456 603600 ray::SimpleStor
1718370 601944 ray::TransferQu
== 2026-09-04T20:45:10+09:00
Mem:            1007         173         824          98         113         834
    PID   RSS COMMAND
1720303 26801856 ray::WorkerDict
1720305 15015796 ray::WorkerDict
1720306 15011468 ray::WorkerDict
1720304 15010428 ray::WorkerDict
1317539 4820964 VLLM::Worker_TP
1317538 4815556 VLLM::Worker_TP
1280658 1212496 vllm
1711714 1015300 gcs_server
1717881 990656 ray::TaskRunner
1317375 960252 VLLM::EngineCor
1711154 911532 python
1718456 603600 ray::SimpleStor
1718370 601944 ray::TransferQu
== 2026-09-04T20:45:30+09:00
Mem:            1007         171         825          98         113         836
    PID   RSS COMMAND
1720303 27706808 ray::WorkerDict
1720305 14743080 ray::WorkerDict
1720306 14740260 ray::WorkerDict
1720304 14737712 ray::WorkerDict
1317539 4820964 VLLM::Worker_TP
1317538 4815556 VLLM::Worker_TP
1280658 1212496 vllm
1711714 1014796 gcs_server
1717881 990656 ray::TaskRunner
1317375 960252 VLLM::EngineCor
1711154 911532 python
1718456 603600 ray::SimpleStor
1718370 601944 ray::TransferQu
== 2026-09-04T20:45:50+09:00
Mem:            1007         173         823          98         114         834
    PID   RSS COMMAND
1720303 28679652 ray::WorkerDict
1720305 15713908 ray::WorkerDict
1720306 15710344 ray::WorkerDict
1720304 15709308 ray::WorkerDict
1317539 4820964 VLLM::Worker_TP
1317538 4815556 VLLM::Worker_TP
1280658 1212496 vllm
1711714 1015040 gcs_server
1717881 990656 ray::TaskRunner
1317375 960252 VLLM::EngineCor
1711154 911532 python
1718456 603600 ray::SimpleStor
1718370 601944 ray::TransferQu
== 2026-09-04T20:46:10+09:00
Mem:            1007         172         824          98         114         835
    PID   RSS COMMAND
1720303 29715420 ray::WorkerDict
1720305 15572776 ray::WorkerDict
1720306 15569280 ray::WorkerDict
1720304 15567408 ray::WorkerDict
1317539 4820964 VLLM::Worker_TP
1317538 4815556 VLLM::Worker_TP
1280658 1212496 vllm
1711714 1011708 gcs_server
1717881 990656 ray::TaskRunner
1317375 960252 VLLM::EngineCor
1711154 911532 python
1718456 603600 ray::SimpleStor
1718370 601944 ray::TransferQu
== 2026-09-04T20:46:30+09:00
Mem:            1007         173         823          98         114         834
    PID   RSS COMMAND
1720303 30220504 ray::WorkerDict
1720305 16075816 ray::WorkerDict
1720306 16073088 ray::WorkerDict
1720304 16071216 ray::WorkerDict
1317539 4820964 VLLM::Worker_TP
1317538 4815556 VLLM::Worker_TP
1280658 1212496 vllm
1711714 1012344 gcs_server
1717881 990656 ray::TaskRunner
1317375 960252 VLLM::EngineCor
1711154 911532 python
1718456 603600 ray::SimpleStor
1718370 601944 ray::TransferQu
== 2026-09-04T20:46:50+09:00
Mem:            1007         174         821          98         115         832
    PID   RSS COMMAND
1720303 30993892 ray::WorkerDict
1720305 16850028 ray::WorkerDict
1720306 16847900 ray::WorkerDict
1720304 16846004 ray::WorkerDict
1317539 4820964 VLLM::Worker_TP
1317538 4815556 VLLM::Worker_TP
1280658 1212496 vllm
1711714 1014620 gcs_server
1717881 990656 ray::TaskRunner
1317375 960252 VLLM::EngineCor
1711154 911532 python
1718456 603600 ray::SimpleStor
1718370 601944 ray::TransferQu
== 2026-09-04T20:47:10+09:00
Mem:            1007         172         822          98         115         834
    PID   RSS COMMAND
1720303 31864808 ray::WorkerDict
1720305 16539944 ray::WorkerDict
1720306 16537048 ray::WorkerDict
1720304 16535920 ray::WorkerDict
1317539 4820964 VLLM::Worker_TP
1317538 4815556 VLLM::Worker_TP
1280658 1212496 vllm
1711714 1016016 gcs_server
1717881 990656 ray::TaskRunner
1317375 960252 VLLM::EngineCor
1711154 911532 python
1718456 603600 ray::SimpleStor
1718370 601944 ray::TransferQu
== 2026-09-04T20:47:30+09:00
Mem:            1007         173         821          98         115         833
    PID   RSS COMMAND
1720303 32451816 ray::WorkerDict
1720305 17128232 ray::WorkerDict
1720306 17126916 ray::WorkerDict
1720304 17124976 ray::WorkerDict
1317539 4820964 VLLM::Worker_TP
1317538 4815556 VLLM::Worker_TP
1280658 1212496 vllm
1711714 1017552 gcs_server
1717881 990656 ray::TaskRunner
1317375 960252 VLLM::EngineCor
1711154 911532 python
1718456 603600 ray::SimpleStor
1718370 601944 ray::TransferQu
== 2026-09-04T20:47:50+09:00
Mem:            1007         175         819          98         116         832
    PID   RSS COMMAND
1720303 33144872 ray::WorkerDict
1720305 17820012 ray::WorkerDict
1720306 17817928 ray::WorkerDict
1720304 17816756 ray::WorkerDict
1317539 4820964 VLLM::Worker_TP
1317538 4815556 VLLM::Worker_TP
1280658 1212496 vllm
1711714 1015624 gcs_server
1717881 990656 ray::TaskRunner
1317375 960252 VLLM::EngineCor
1711154 911532 python
1718456 603600 ray::SimpleStor
1718370 601944 ray::TransferQu
== 2026-09-04T20:48:10+09:00
Mem:            1007         177         817          98         116         830
    PID   RSS COMMAND
1720303 34032436 ray::WorkerDict
1720305 18709108 ray::WorkerDict
1720306 18707024 ray::WorkerDict
1720304 18705864 ray::WorkerDict
1317539 4820964 VLLM::Worker_TP
1317538 4815556 VLLM::Worker_TP
1280658 1212496 vllm
1711714 1017640 gcs_server
1717881 990656 ray::TaskRunner
1317375 960252 VLLM::EngineCor
1711154 911532 python
1718456 603600 ray::SimpleStor
1718370 601944 ray::TransferQu
== 2026-09-04T20:48:30+09:00
Mem:            1007         175         818          98         116         832
    PID   RSS COMMAND
1720303 34724048 ray::WorkerDict
1720305 18220340 ray::WorkerDict
1720306 18217476 ray::WorkerDict
1720304 18216320 ray::WorkerDict
1317539 4820964 VLLM::Worker_TP
1317538 4815556 VLLM::Worker_TP
1280658 1212496 vllm
1711714 1015708 gcs_server
1717881 990656 ray::TaskRunner
1317375 960252 VLLM::EngineCor
1711154 911532 python
1718456 603600 ray::SimpleStor
1718370 601944 ray::TransferQu
== 2026-09-04T20:48:50+09:00
Mem:            1007         176         817          98         117         831
    PID   RSS COMMAND
1720303 35367388 ray::WorkerDict
1720305 18862968 ray::WorkerDict
1720306 18860872 ray::WorkerDict
1720304 18858948 ray::WorkerDict
1317539 4820964 VLLM::Worker_TP
1317538 4815556 VLLM::Worker_TP
1280658 1212496 vllm
1711714 1015432 gcs_server
1717881 990656 ray::TaskRunner
1317375 960252 VLLM::EngineCor
1711154 911532 python
1718456 603600 ray::SimpleStor
1718370 601944 ray::TransferQu
== 2026-09-04T20:49:11+09:00
Mem:            1007         178         815          98         117         829
    PID   RSS COMMAND
1720303 36260072 ray::WorkerDict
1720305 19756116 ray::WorkerDict
1720306 19754320 ray::WorkerDict
1720304 19752396 ray::WorkerDict
1317539 4820964 VLLM::Worker_TP
1317538 4815556 VLLM::Worker_TP
1280658 1212496 vllm
1711714 1014288 gcs_server
1717881 990656 ray::TaskRunner
1317375 960252 VLLM::EngineCor
1711154 911532 python
1718456 603600 ray::SimpleStor
1718370 601944 ray::TransferQu
== 2026-09-04T20:49:31+09:00
Mem:            1007         176         816          98         117         831
    PID   RSS COMMAND
1720303 37013216 ray::WorkerDict
1720305 19329544 ray::WorkerDict
1720306 19326980 ray::WorkerDict
1720304 19325056 ray::WorkerDict
1317539 4820964 VLLM::Worker_TP
1317538 4815556 VLLM::Worker_TP
1280658 1212496 vllm
1711714 1010976 gcs_server
1717881 990656 ray::TaskRunner
1317375 960252 VLLM::EngineCor
1711154 911532 python
1718456 603600 ray::SimpleStor
1718370 601944 ray::TransferQu
== 2026-09-04T20:49:51+09:00
Mem:            1007         177         814          98         118         829
    PID   RSS COMMAND
1720303 37848044 ray::WorkerDict
1720305 20164428 ray::WorkerDict
1720306 20162016 ray::WorkerDict
1720304 20159940 ray::WorkerDict
1317539 4820964 VLLM::Worker_TP
1317538 4815556 VLLM::Worker_TP
1280658 1212496 vllm
1711714 1012152 gcs_server
1717881 990656 ray::TaskRunner
1317375 960252 VLLM::EngineCor
1711154 911532 python
1718456 603600 ray::SimpleStor
1718370 601944 ray::TransferQu
== 2026-09-04T20:50:11+09:00
Mem:            1007         179         812          98         118         827
    PID   RSS COMMAND
1720303 38769532 ray::WorkerDict
1720305 21085780 ray::WorkerDict
1720306 21082088 ray::WorkerDict
1720304 21080780 ray::WorkerDict
1317539 4820964 VLLM::Worker_TP
1317538 4815556 VLLM::Worker_TP
1280658 1212496 vllm
1711714 1014456 gcs_server
1717881 990656 ray::TaskRunner
1317375 960252 VLLM::EngineCor
1711154 911532 python
1718456 603600 ray::SimpleStor
1718370 601944 ray::TransferQu
== 2026-09-04T20:50:31+09:00
Mem:            1007         177         814          98         119         829
    PID   RSS COMMAND
1720303 39499636 ray::WorkerDict
1720305 20634632 ray::WorkerDict
1720306 20632476 ray::WorkerDict
1720304 20630412 ray::WorkerDict
1317539 4820964 VLLM::Worker_TP
1317538 4815556 VLLM::Worker_TP
1280658 1212496 vllm
1711714 1013684 gcs_server
1717881 990656 ray::TaskRunner
1317375 960252 VLLM::EngineCor
1711154 911532 python
1718456 603600 ray::SimpleStor
1718370 601944 ray::TransferQu
== 2026-09-04T20:50:51+09:00
Mem:            1007         178         812          98         119         828
    PID   RSS COMMAND
1720303 40114048 ray::WorkerDict
1720305 21250536 ray::WorkerDict
1720306 21246944 ray::WorkerDict
1720304 21244880 ray::WorkerDict
1317539 4820964 VLLM::Worker_TP
1317538 4815556 VLLM::Worker_TP
1280658 1212496 vllm
1711714 1014412 gcs_server
1717881 990656 ray::TaskRunner
1317375 960252 VLLM::EngineCor
1711154 911532 python
1718456 603600 ray::SimpleStor
1718370 601944 ray::TransferQu
== 2026-09-04T20:51:11+09:00
Mem:            1007         180         810          98         119         827
    PID   RSS COMMAND
1720303 40859288 ray::WorkerDict
1720305 21994992 ray::WorkerDict
1720306 21992168 ray::WorkerDict
1720304 21990416 ray::WorkerDict
1317539 4820964 VLLM::Worker_TP
1317538 4815556 VLLM::Worker_TP
1280658 1212496 vllm
1711714 1014264 gcs_server
1717881 990656 ray::TaskRunner
1317375 960252 VLLM::EngineCor
1711154 911532 python
1718456 603600 ray::SimpleStor
1718370 601944 ray::TransferQu
== 2026-09-04T20:51:31+09:00
Mem:            1007         178         812          98         120         829
    PID   RSS COMMAND
1720303 41504656 ray::WorkerDict
1720305 21462180 ray::WorkerDict
1720306 21457052 ray::WorkerDict
1720304 21456836 ray::WorkerDict
1317539 4820964 VLLM::Worker_TP
1317538 4815556 VLLM::Worker_TP
1280658 1212496 vllm
1711714 1014848 gcs_server
1717881 990656 ray::TaskRunner
1317375 960252 VLLM::EngineCor
1711154 911532 python
1718456 603600 ray::SimpleStor
1718370 601944 ray::TransferQu
== 2026-09-04T20:51:51+09:00
Mem:            1007         179         811          98         120         828
    PID   RSS COMMAND
1720303 42056860 ray::WorkerDict
1720305 22010856 ray::WorkerDict
1720306 22007264 ray::WorkerDict
1720304 22007076 ray::WorkerDict
1317539 4820964 VLLM::Worker_TP
1317538 4815556 VLLM::Worker_TP
1280658 1212496 vllm
1711714 1013704 gcs_server
1717881 990656 ray::TaskRunner
1317375 960252 VLLM::EngineCor
1711154 911532 python
1718456 603600 ray::SimpleStor
1718370 601944 ray::TransferQu
== 2026-09-04T20:52:11+09:00
Mem:            1007         180         809          98         120         827
    PID   RSS COMMAND
1720303 42687900 ray::WorkerDict
1720305 22644712 ray::WorkerDict
1720306 22640352 ray::WorkerDict
1720304 22640164 ray::WorkerDict
1317539 4820964 VLLM::Worker_TP
1317538 4815556 VLLM::Worker_TP
1280658 1212496 vllm
1711714 1013704 gcs_server
1717881 990656 ray::TaskRunner
1317375 960252 VLLM::EngineCor
1711154 911532 python
1718456 603600 ray::SimpleStor
1718370 601944 ray::TransferQu
== 2026-09-04T20:52:31+09:00
Mem:            1007         182         807          98         120         825
    PID   RSS COMMAND
1720303 43503272 ray::WorkerDict
1720305 23459312 ray::WorkerDict
1720306 23455720 ray::WorkerDict
1720304 23454764 ray::WorkerDict
1317539 4820964 VLLM::Worker_TP
1317538 4815556 VLLM::Worker_TP
1280658 1212496 vllm
1711714 1015096 gcs_server
1717881 990656 ray::TaskRunner
1317375 960252 VLLM::EngineCor
1711154 911532 python
1718456 603600 ray::SimpleStor
1718370 601944 ray::TransferQu
== 2026-09-04T20:52:51+09:00
Mem:            1007         179         809          98         121         827
    PID   RSS COMMAND
1720303 44087968 ray::WorkerDict
1720305 22863524 ray::WorkerDict
1720306 22860700 ray::WorkerDict
1720304 22858976 ray::WorkerDict
1317539 4820964 VLLM::Worker_TP
1317538 4815556 VLLM::Worker_TP
1280658 1212496 vllm
1711714 1015244 gcs_server
1717881 990656 ray::TaskRunner
1317375 960252 VLLM::EngineCor
1711154 911532 python
1718456 603600 ray::SimpleStor
1718370 601944 ray::TransferQu
== 2026-09-04T20:53:11+09:00
Mem:            1007         181         807          98         121         826
    PID   RSS COMMAND
1720303 44859308 ray::WorkerDict
1720305 23634152 ray::WorkerDict
1720306 23631328 ray::WorkerDict
1720304 23629604 ray::WorkerDict
1317539 4820964 VLLM::Worker_TP
1317538 4815556 VLLM::Worker_TP
1280658 1212496 vllm
1711714 1015936 gcs_server
1717881 990656 ray::TaskRunner
1317375 960252 VLLM::EngineCor
1711154 911532 python
1718456 603600 ray::SimpleStor
1718370 601944 ray::TransferQu
== 2026-09-04T20:53:31+09:00
Mem:            1007         182         805          98         122         824
    PID   RSS COMMAND
1720303 45647800 ray::WorkerDict
1720305 24423408 ray::WorkerDict
1720306 24420584 ray::WorkerDict
1720304 24418864 ray::WorkerDict
1317539 4820964 VLLM::Worker_TP
1317538 4815556 VLLM::Worker_TP
1280658 1212496 vllm
1711714 1016432 gcs_server
1717881 990656 ray::TaskRunner
1317375 960252 VLLM::EngineCor
1711154 911532 python
1718456 603600 ray::SimpleStor
1718370 601944 ray::TransferQu
== 2026-09-04T20:53:51+09:00
Mem:            1007         181         807          98         122         826
    PID   RSS COMMAND
1720303 46508720 ray::WorkerDict
1720305 24103844 ray::WorkerDict
1720306 24101640 ray::WorkerDict
1720304 24098532 ray::WorkerDict
1317539 4820964 VLLM::Worker_TP
1317538 4815556 VLLM::Worker_TP
1280658 1212496 vllm
1711714 1017200 gcs_server
1717881 990656 ray::TaskRunner
1317375 960252 VLLM::EngineCor
1711154 911532 python
1718456 603600 ray::SimpleStor
1718370 601944 ray::TransferQu
== 2026-09-04T20:54:11+09:00
Mem:            1007         182         805          98         122         824
    PID   RSS COMMAND
1720303 47319740 ray::WorkerDict
1720305 24914920 ray::WorkerDict
1720306 24912716 ray::WorkerDict
1720304 24910376 ray::WorkerDict
1317539 4820964 VLLM::Worker_TP
1317538 4815556 VLLM::Worker_TP
1280658 1212496 vllm
1711714 1017968 gcs_server
1717881 990656 ray::TaskRunner
1317375 960252 VLLM::EngineCor
1711154 911532 python
1718456 603600 ray::SimpleStor
1718370 601944 ray::TransferQu
== 2026-09-04T20:54:31+09:00
Mem:            1007         184         803          98         123         823
    PID   RSS COMMAND
1720303 48211656 ray::WorkerDict
1720305 25806832 ray::WorkerDict
1720306 25804628 ray::WorkerDict
1720304 25802288 ray::WorkerDict
1317539 4820964 VLLM::Worker_TP
1317538 4815556 VLLM::Worker_TP
1280658 1212496 vllm
1711714 1017188 gcs_server
1717881 990656 ray::TaskRunner
1317375 960252 VLLM::EngineCor
1711154 911532 python
1718456 603600 ray::SimpleStor
1718370 601944 ray::TransferQu
== 2026-09-04T20:54:51+09:00
Mem:            1007         182         804          98         123         824
    PID   RSS COMMAND
1720303 49019844 ray::WorkerDict
1720305 25433764 ray::WorkerDict
1720306 25431560 ray::WorkerDict
1720304 25429220 ray::WorkerDict
1317539 4820964 VLLM::Worker_TP
1317538 4815556 VLLM::Worker_TP
1280658 1212496 vllm
1711714 1018540 gcs_server
1717881 990656 ray::TaskRunner
1317375 960252 VLLM::EngineCor
1711154 911532 python
1718456 603600 ray::SimpleStor
1718370 601944 ray::TransferQu
== 2026-09-04T20:55:11+09:00
Mem:            1007         184         802          98         124         822
    PID   RSS COMMAND
1720303 49973212 ray::WorkerDict
1720305 26387952 ray::WorkerDict
1720306 26384988 ray::WorkerDict
1720304 26383472 ray::WorkerDict
1317539 4820964 VLLM::Worker_TP
1317538 4815556 VLLM::Worker_TP
1280658 1212496 vllm
1711714 1017452 gcs_server
1717881 990656 ray::TaskRunner
1317375 960252 VLLM::EngineCor
1711154 911532 python
1718456 603600 ray::SimpleStor
1718370 601944 ray::TransferQu
== 2026-09-04T20:55:31+09:00
Mem:            1007         183         803          98         124         824
    PID   RSS COMMAND
1720303 50922196 ray::WorkerDict
1720305 26157220 ray::WorkerDict
1720306 26154256 ray::WorkerDict
1720304 26152740 ray::WorkerDict
1317539 4820964 VLLM::Worker_TP
1317538 4815556 VLLM::Worker_TP
1280658 1212496 vllm
1711714 1016824 gcs_server
1717881 990656 ray::TaskRunner
1317375 960252 VLLM::EngineCor
1711154 911532 python
1718456 603600 ray::SimpleStor
1718370 601944 ray::TransferQu
== 2026-09-04T20:55:51+09:00
Mem:            1007         184         801          98         124         823
    PID   RSS COMMAND
1720303 51676128 ray::WorkerDict
1720305 26910440 ray::WorkerDict
1720306 26907476 ray::WorkerDict
1720304 26906728 ray::WorkerDict
1317539 4820964 VLLM::Worker_TP
1317538 4815556 VLLM::Worker_TP
1280658 1212496 vllm
1711714 1015820 gcs_server
1717881 990656 ray::TaskRunner
1317375 960252 VLLM::EngineCor
1711154 911532 python
1718456 603600 ray::SimpleStor
1718370 601944 ray::TransferQu
== 2026-09-04T20:56:11+09:00
Mem:            1007         186         799          98         125         821
    PID   RSS COMMAND
1720303 52636652 ray::WorkerDict
1720305 27869680 ray::WorkerDict
1720306 27866716 ray::WorkerDict
1720304 27864432 ray::WorkerDict
1317539 4820964 VLLM::Worker_TP
1317538 4815556 VLLM::Worker_TP
1280658 1212496 vllm
1711714 1019116 gcs_server
1717881 990656 ray::TaskRunner
1317375 960252 VLLM::EngineCor
1711154 911532 python
1718456 603600 ray::SimpleStor
1718370 601944 ray::TransferQu
== 2026-09-04T20:56:31+09:00
Mem:            1007         184         800          98         125         823
    PID   RSS COMMAND
1720303 53397732 ray::WorkerDict
1720305 27453092 ray::WorkerDict
1720306 27449360 ray::WorkerDict
1720304 27447844 ray::WorkerDict
1317539 4820964 VLLM::Worker_TP
1317538 4815556 VLLM::Worker_TP
1280658 1212496 vllm
1711714 1020652 gcs_server
1717881 990656 ray::TaskRunner
1317375 960252 VLLM::EngineCor
1711154 911532 python
1718456 603600 ray::SimpleStor
1718370 601944 ray::TransferQu
== 2026-09-04T20:56:51+09:00
Mem:            1007         186         798          98         126         821
    PID   RSS COMMAND
1720303 54270960 ray::WorkerDict
1720305 28326376 ray::WorkerDict
1720306 28323412 ray::WorkerDict
1720304 28321132 ray::WorkerDict
1317539 4820964 VLLM::Worker_TP
1317538 4815556 VLLM::Worker_TP
1280658 1212496 vllm
1711714 1022188 gcs_server
1717881 990656 ray::TaskRunner
1317375 960252 VLLM::EngineCor
1711154 911532 python
1718456 603600 ray::SimpleStor
1718370 601944 ray::TransferQu
== 2026-09-04T20:57:11+09:00
Mem:            1007         188         795          98         126         819
    PID   RSS COMMAND
1720303 55337724 ray::WorkerDict
1720305 29395452 ray::WorkerDict
1720306 29391708 ray::WorkerDict
1720304 29390200 ray::WorkerDict
1317539 4820964 VLLM::Worker_TP
1317538 4815556 VLLM::Worker_TP
1280658 1212496 vllm
1711714 1021400 gcs_server
1717881 990656 ray::TaskRunner
1317375 960252 VLLM::EngineCor
1711154 911532 python
1718456 603600 ray::SimpleStor
1718370 601944 ray::TransferQu
== 2026-09-04T20:57:31+09:00
Mem:            1007         186         797          98         126         821
    PID   RSS COMMAND
1720303 55951348 ray::WorkerDict
1720305 28828592 ray::WorkerDict
1720306 28825616 ray::WorkerDict
1720304 28824108 ray::WorkerDict
1317539 4820964 VLLM::Worker_TP
1317538 4815556 VLLM::Worker_TP
1280658 1212496 vllm
1711714 1020328 gcs_server
1717881 990656 ray::TaskRunner
1317375 960252 VLLM::EngineCor
1711154 911532 python
1718456 603600 ray::SimpleStor
1718370 601944 ray::TransferQu
== 2026-09-04T20:57:51+09:00
Mem:            1007         187         795          98         127         819
    PID   RSS COMMAND
1720303 56851968 ray::WorkerDict
1720305 29729268 ray::WorkerDict
1720306 29726292 ray::WorkerDict
1720304 29724024 ray::WorkerDict
1317539 4820964 VLLM::Worker_TP
1317538 4815556 VLLM::Worker_TP
1280658 1212496 vllm
1711714 1020852 gcs_server
1717881 990656 ray::TaskRunner
1317375 960252 VLLM::EngineCor
1711154 911532 python
1718456 603600 ray::SimpleStor
1718370 601944 ray::TransferQu
== 2026-09-04T20:58:11+09:00
Mem:            1007         192         790          98         127         815
    PID   RSS COMMAND
1720303 57754996 ray::WorkerDict
1720305 29451696 ray::WorkerDict
1720306 29447988 ray::WorkerDict
1720304 29445680 ray::WorkerDict
1317539 4820964 VLLM::Worker_TP
1317538 4815556 VLLM::Worker_TP
1280658 1212496 vllm
1711714 1021620 gcs_server
1717881 990656 ray::TaskRunner
1317375 960252 VLLM::EngineCor
1711154 911532 python
1718456 603600 ray::SimpleStor
1718370 601944 ray::TransferQu
== 2026-09-04T20:58:31+09:00
Mem:            1007         187         795          98         128         819
    PID   RSS COMMAND
1720303 58481160 ray::WorkerDict
1720305 30179288 ray::WorkerDict
1720306 30175032 ray::WorkerDict
1720304 30173496 ray::WorkerDict
1317539 4820964 VLLM::Worker_TP
1317538 4815556 VLLM::Worker_TP
1280658 1212496 vllm
1711714 1019908 gcs_server
1717881 990656 ray::TaskRunner
1317375 960252 VLLM::EngineCor
1711154 911532 python
1718456 603600 ray::SimpleStor
1718370 601944 ray::TransferQu
== 2026-09-04T20:58:51+09:00
Mem:            1007         189         792          98         128         817
    PID   RSS COMMAND
1720303 59475744 ray::WorkerDict
1720305 31175460 ray::WorkerDict
1720306 31170436 ray::WorkerDict
1720304 31168900 ray::WorkerDict
1317539 4820964 VLLM::Worker_TP
1317538 4815556 VLLM::Worker_TP
1280658 1212496 vllm
1711714 1016472 gcs_server
1717881 990656 ray::TaskRunner
1317375 960252 VLLM::EngineCor
1711154 911532 python
1718456 603600 ray::SimpleStor
1718370 601944 ray::TransferQu
== 2026-09-04T20:59:12+09:00
Mem:            1007         187         794          98         128         819
    PID   RSS COMMAND
1720303 60194840 ray::WorkerDict
1720305 30712024 ray::WorkerDict
1720306 30707768 ray::WorkerDict
1720304 30706232 ray::WorkerDict
1317539 4821732 VLLM::Worker_TP
1317538 4815556 VLLM::Worker_TP
1280658 1212496 vllm
1711714 1017240 gcs_server
1717881 990656 ray::TaskRunner
1317375 960252 VLLM::EngineCor
1711154 911532 python
1718456 603600 ray::SimpleStor
1718370 601944 ray::TransferQu
== 2026-09-04T20:59:32+09:00
Mem:            1007         189         792          98         129         818
    PID   RSS COMMAND
1720303 60998692 ray::WorkerDict
1720305 31518660 ray::WorkerDict
1720306 31512956 ray::WorkerDict
1720304 31510668 ray::WorkerDict
1317539 4821732 VLLM::Worker_TP
1317538 4815556 VLLM::Worker_TP
1280658 1212496 vllm
1711714 1016444 gcs_server
1717881 990656 ray::TaskRunner
1317375 960252 VLLM::EngineCor
1711154 911532 python
1718456 603600 ray::SimpleStor
1718370 601944 ray::TransferQu
== 2026-09-04T20:59:52+09:00
Mem:            1007         191         789          98         129         815
    PID   RSS COMMAND
1720303 62206512 ray::WorkerDict
1720305 32726500 ray::WorkerDict
1720306 32720004 ray::WorkerDict
1720304 32718484 ray::WorkerDict
1317539 4821732 VLLM::Worker_TP
1317538 4815556 VLLM::Worker_TP
1280658 1212496 vllm
1711714 1014600 gcs_server
1717881 990656 ray::TaskRunner
1317375 960252 VLLM::EngineCor
1711154 911532 python
1718456 603600 ray::SimpleStor
1718370 601944 ray::TransferQu
== 2026-09-04T21:00:12+09:00
Mem:            1007         190         789          98         130         816
    PID   RSS COMMAND
1720303 63396916 ray::WorkerDict
1720305 32735196 ray::WorkerDict
1720306 32727932 ray::WorkerDict
1720304 32726412 ray::WorkerDict
1317539 4821732 VLLM::Worker_TP
1317538 4815556 VLLM::Worker_TP
1280658 1212496 vllm
1711714 1012496 gcs_server
1717881 990656 ray::TaskRunner
1317375 960252 VLLM::EngineCor
1711154 911532 python
1718456 603600 ray::SimpleStor
1718370 601944 ray::TransferQu
== 2026-09-04T21:00:32+09:00
Mem:            1007         192         787          98         130         815
    PID   RSS COMMAND
1720303 64326464 ray::WorkerDict
1720305 33666788 ray::WorkerDict
1720306 33661064 ray::WorkerDict
1720304 33658004 ray::WorkerDict
1317539 4821732 VLLM::Worker_TP
1317538 4815556 VLLM::Worker_TP
1280658 1212496 vllm
1711714 1012964 gcs_server
1717881 990656 ray::TaskRunner
1317375 960252 VLLM::EngineCor
1711154 911532 python
1718456 603600 ray::SimpleStor
1718370 601944 ray::TransferQu
== 2026-09-04T21:00:52+09:00
Mem:            1007         190         788          98         131         816
    PID   RSS COMMAND
1720303 65161272 ray::WorkerDict
1720305 33321880 ray::WorkerDict
1720306 33316156 ray::WorkerDict
1720304 33313864 ray::WorkerDict
1317539 4821732 VLLM::Worker_TP
1317538 4815556 VLLM::Worker_TP
1280658 1212496 vllm
1711714 1013124 gcs_server
1717881 990656 ray::TaskRunner
1317375 960252 VLLM::EngineCor
1711154 911532 python
1718456 603600 ray::SimpleStor
1718370 601944 ray::TransferQu
== 2026-09-04T21:01:12+09:00
Mem:            1007         192         786          98         131         815
    PID   RSS COMMAND
1720303 66123332 ray::WorkerDict
1720305 34283996 ray::WorkerDict
1720306 34278272 ray::WorkerDict
1720304 34276748 ray::WorkerDict
1317539 4821732 VLLM::Worker_TP
1317538 4815556 VLLM::Worker_TP
1280658 1212496 vllm
1711714 1012852 gcs_server
1717881 990656 ray::TaskRunner
1317375 960252 VLLM::EngineCor
1711154 911532 python
1718456 603600 ray::SimpleStor
1718370 601944 ray::TransferQu
== 2026-09-04T21:01:32+09:00
Mem:            1007         191         786          98         132         815
    PID   RSS COMMAND
1720303 67404872 ray::WorkerDict
1720305 34386584 ray::WorkerDict
1720306 34380860 ray::WorkerDict
1720304 34377800 ray::WorkerDict
1317539 4821732 VLLM::Worker_TP
1317538 4815556 VLLM::Worker_TP
1280658 1212496 vllm
1711714 1013552 gcs_server
1717881 990656 ray::TaskRunner
1317375 960252 VLLM::EngineCor
1711154 911532 python
1718456 603600 ray::SimpleStor
1718370 601944 ray::TransferQu
== 2026-09-04T21:01:52+09:00
Mem:            1007         193         784          98         133         813
    PID   RSS COMMAND
1720303 68472404 ray::WorkerDict
1720305 35451356 ray::WorkerDict
1720306 35446412 ray::WorkerDict
1720304 35444876 ray::WorkerDict
1317539 4821732 VLLM::Worker_TP
1317538 4815556 VLLM::Worker_TP
1280658 1212496 vllm
1711714 1014136 gcs_server
1717881 990656 ray::TaskRunner
1317375 960252 VLLM::EngineCor
1711154 911532 python
1718456 603600 ray::SimpleStor
1718370 601944 ray::TransferQu
== 2026-09-04T21:02:12+09:00
Mem:            1007         195         782          98         133         812
    PID   RSS COMMAND
1720303 69324648 ray::WorkerDict
1720305 36306404 ray::WorkerDict
1720306 36299924 ray::WorkerDict
1720304 36298388 ray::WorkerDict
1317539 4821732 VLLM::Worker_TP
1317538 4815556 VLLM::Worker_TP
1280658 1212496 vllm
1711714 1013828 gcs_server
1717881 990656 ray::TaskRunner
1317375 960252 VLLM::EngineCor
1711154 911532 python
1718456 603600 ray::SimpleStor
1718370 601944 ray::TransferQu
== 2026-09-04T21:02:32+09:00
Mem:            1007         193         783          98         133         813
    PID   RSS COMMAND
1720303 70122592 ray::WorkerDict
1720305 35923864 ray::WorkerDict
1720306 35918152 ray::WorkerDict
1720304 35916616 ray::WorkerDict
1317539 4821732 VLLM::Worker_TP
1317538 4815556 VLLM::Worker_TP
1280658 1212496 vllm
1711714 1015364 gcs_server
1717881 990656 ray::TaskRunner
1317375 960252 VLLM::EngineCor
1711154 911532 python
1718456 603600 ray::SimpleStor
1718370 601944 ray::TransferQu
== 2026-09-04T21:02:52+09:00
Mem:            1007         194         781          98         134         812
    PID   RSS COMMAND
1720303 70826604 ray::WorkerDict
1720305 36627932 ray::WorkerDict
1720306 36622228 ray::WorkerDict
1720304 36621452 ray::WorkerDict
1317539 4821732 VLLM::Worker_TP
1317538 4815556 VLLM::Worker_TP
1280658 1212496 vllm
1711714 1013756 gcs_server
1717881 990656 ray::TaskRunner
1317375 960252 VLLM::EngineCor
1711154 911532 python
1718456 603600 ray::SimpleStor
1718370 601944 ray::TransferQu
== 2026-09-04T21:03:12+09:00
Mem:            1007         196         780          98         134         811
    PID   RSS COMMAND
1720303 71559544 ray::WorkerDict
1720305 37360868 ray::WorkerDict
1720306 37355172 ray::WorkerDict
1720304 37354388 ray::WorkerDict
1317539 4821732 VLLM::Worker_TP
1317538 4815556 VLLM::Worker_TP
1280658 1212496 vllm
1711714 1014484 gcs_server
1717881 990656 ray::TaskRunner
1317375 960252 VLLM::EngineCor
1711154 911532 python
1718456 603600 ray::SimpleStor
1718370 601944 ray::TransferQu
== 2026-09-04T21:03:32+09:00
Mem:            1007         194         781          98         134         812
    PID   RSS COMMAND
1720303 72349552 ray::WorkerDict
1720305 36971160 ray::WorkerDict
1720306 36965464 ray::WorkerDict
1720304 36964680 ray::WorkerDict
1317539 4821732 VLLM::Worker_TP
1317538 4815556 VLLM::Worker_TP
1280658 1212496 vllm
1711714 1014128 gcs_server
1717881 990656 ray::TaskRunner
1317375 960252 VLLM::EngineCor
1711154 911532 python
1718456 603600 ray::SimpleStor
1718370 601944 ray::TransferQu
== 2026-09-04T21:03:52+09:00
Mem:            1007         195         779          98         135         811
    PID   RSS COMMAND
1720303 73032572 ray::WorkerDict
1720305 37655772 ray::WorkerDict
1720306 37650076 ray::WorkerDict
1720304 37648524 ray::WorkerDict
1317539 4821732 VLLM::Worker_TP
1317538 4815556 VLLM::Worker_TP
1280658 1212496 vllm
1711714 1015664 gcs_server
1717881 990656 ray::TaskRunner
1317375 960252 VLLM::EngineCor
1711154 911532 python
1718456 603600 ray::SimpleStor
1718370 601944 ray::TransferQu
== 2026-09-04T21:04:12+09:00
Mem:            1007         197         777          98         135         809
    PID   RSS COMMAND
1720303 74088584 ray::WorkerDict
1720305 38711012 ray::WorkerDict
1720306 38705320 ray::WorkerDict
1720304 38704532 ray::WorkerDict
1317539 4821732 VLLM::Worker_TP
1317538 4815556 VLLM::Worker_TP
1280658 1212496 vllm
1711714 1013788 gcs_server
1717881 990656 ray::TaskRunner
1317375 960252 VLLM::EngineCor
1711154 911532 python
1718456 603600 ray::SimpleStor
1718370 601944 ray::TransferQu
== 2026-09-04T21:04:32+09:00
Mem:            1007         196         778          98         136         810
    PID   RSS COMMAND
1720303 75131532 ray::WorkerDict
1720305 38575068 ray::WorkerDict
1720306 38568608 ray::WorkerDict
1720304 38568588 ray::WorkerDict
1317539 4821732 VLLM::Worker_TP
1317538 4815556 VLLM::Worker_TP
1280658 1212496 vllm
1711714 1012500 gcs_server
1717881 990656 ray::TaskRunner
1317375 960252 VLLM::EngineCor
1711154 911532 python
1718456 603600 ray::SimpleStor
1718370 601944 ray::TransferQu
== 2026-09-04T21:04:52+09:00
Mem:            1007         198         775          98         136         808
    PID   RSS COMMAND
1720303 76188312 ray::WorkerDict
1720305 39631844 ray::WorkerDict
1720306 39625384 ray::WorkerDict
1720304 39623828 ray::WorkerDict
1317539 4821732 VLLM::Worker_TP
1317538 4815556 VLLM::Worker_TP
1280658 1212496 vllm
1711714 1012580 gcs_server
1717881 990656 ray::TaskRunner
1317375 960252 VLLM::EngineCor
1711154 911532 python
1718456 603600 ray::SimpleStor
1718370 601944 ray::TransferQu
== 2026-09-04T21:05:12+09:00
Mem:            1007         196         776          98         137         810
    PID   RSS COMMAND
1720303 77006480 ray::WorkerDict
1720305 39270300 ray::WorkerDict
1720306 39264604 ray::WorkerDict
1720304 39263048 ray::WorkerDict
1317539 4821732 VLLM::Worker_TP
1317538 4815556 VLLM::Worker_TP
1280658 1212496 vllm
1711714 1011516 gcs_server
1717881 990656 ray::TaskRunner
1317375 960252 VLLM::EngineCor
1711154 911532 python
1718456 603600 ray::SimpleStor
1718370 601944 ray::TransferQu
== 2026-09-04T21:05:32+09:00
Mem:            1007         198         774          98         137         808
    PID   RSS COMMAND
1720303 78060444 ray::WorkerDict
1720305 40322784 ray::WorkerDict
1720304 40317072 ray::WorkerDict
1720306 40316320 ray::WorkerDict
1317539 4821732 VLLM::Worker_TP
1317538 4815556 VLLM::Worker_TP
1280658 1212496 vllm
1711714 1011292 gcs_server
1717881 990656 ray::TaskRunner
1317375 960252 VLLM::EngineCor
1711154 911532 python
1718456 603600 ray::SimpleStor
1718370 601944 ray::TransferQu
== 2026-09-04T21:05:52+09:00
Mem:            1007         197         774          98         138         809
    PID   RSS COMMAND
1720303 79229856 ray::WorkerDict
1720305 40312476 ray::WorkerDict
1720306 40306012 ray::WorkerDict
1720304 40306000 ray::WorkerDict
1317539 4821732 VLLM::Worker_TP
1317538 4815556 VLLM::Worker_TP
1280658 1212496 vllm
1711714 1014364 gcs_server
1717881 990656 ray::TaskRunner
1317375 960252 VLLM::EngineCor
1711154 911532 python
1718456 603600 ray::SimpleStor
1718370 601944 ray::TransferQu
== 2026-09-04T21:06:12+09:00
Mem:            1007         199         772          98         138         807
    PID   RSS COMMAND
1720303 80220076 ray::WorkerDict
1720305 41303520 ray::WorkerDict
1720306 41298592 ray::WorkerDict
1720304 41297812 ray::WorkerDict
1317539 4821732 VLLM::Worker_TP
1317538 4815556 VLLM::Worker_TP
1280658 1212496 vllm
1711714 1015404 gcs_server
1717881 990656 ray::TaskRunner
1317375 960252 VLLM::EngineCor
1711154 911532 python
1718456 603600 ray::SimpleStor
1718370 601944 ray::TransferQu
== 2026-09-04T21:06:32+09:00
Mem:            1007         198         772          98         139         808
    PID   RSS COMMAND
1720303 81480624 ray::WorkerDict
1720305 41384348 ray::WorkerDict
1720306 41379420 ray::WorkerDict
1720304 41377872 ray::WorkerDict
1317539 4821732 VLLM::Worker_TP
1317538 4815556 VLLM::Worker_TP
1280658 1212496 vllm
1711714 1014880 gcs_server
1717881 990656 ray::TaskRunner
1317375 960252 VLLM::EngineCor
1711154 911532 python
1718456 603600 ray::SimpleStor
1718370 601944 ray::TransferQu
== 2026-09-04T21:06:52+09:00
Mem:            1007         200         771          98         139         807
    PID   RSS COMMAND
1720303 82118320 ray::WorkerDict
1720305 42023392 ray::WorkerDict
1720306 42019232 ray::WorkerDict
1720304 42016916 ray::WorkerDict
1317539 4821732 VLLM::Worker_TP
1317538 4815556 VLLM::Worker_TP
1280658 1212496 vllm
1711714 1014584 gcs_server
1717881 990656 ray::TaskRunner
1317375 960252 VLLM::EngineCor
1711154 911532 python
1718456 603600 ray::SimpleStor
1718370 601944 ray::TransferQu
== 2026-09-04T21:07:12+09:00
Mem:            1007         201         769          98         139         805
    PID   RSS COMMAND
1720303 82948040 ray::WorkerDict
1720305 42850280 ray::WorkerDict
1720306 42845356 ray::WorkerDict
1720304 42844572 ray::WorkerDict
1317539 4821732 VLLM::Worker_TP
1317538 4815556 VLLM::Worker_TP
1280658 1212496 vllm
1711714 1014920 gcs_server
1717881 990656 ray::TaskRunner
1317375 960252 VLLM::EngineCor
1711154 911532 python
1718456 603600 ray::SimpleStor
1718370 601944 ray::TransferQu
== 2026-09-04T21:07:32+09:00
Mem:            1007         200         770          98         140         807
    PID   RSS COMMAND
1720303 83801536 ray::WorkerDict
1720305 42524060 ray::WorkerDict
1720306 42520672 ray::WorkerDict
1720304 42519120 ray::WorkerDict
1317539 4821732 VLLM::Worker_TP
1317538 4815556 VLLM::Worker_TP
1280658 1212496 vllm
1711714 1017224 gcs_server
1717881 990656 ray::TaskRunner
1317375 960252 VLLM::EngineCor
1711154 911532 python
1718456 603600 ray::SimpleStor
1718370 601944 ray::TransferQu
== 2026-09-04T21:07:52+09:00
Mem:            1007         201         768          98         140         805
    PID   RSS COMMAND
1720303 84767948 ray::WorkerDict
1720305 43491296 ray::WorkerDict
1720306 43487140 ray::WorkerDict
1720304 43485596 ray::WorkerDict
1317539 4821732 VLLM::Worker_TP
1317538 4815556 VLLM::Worker_TP
1280658 1212496 vllm
1711714 1016932 gcs_server
1717881 990656 ray::TaskRunner
1317375 960252 VLLM::EngineCor
1711154 911532 python
1718456 603600 ray::SimpleStor
1718370 601944 ray::TransferQu
== 2026-09-04T21:08:12+09:00
Mem:            1007         201         768          98         141         806
    PID   RSS COMMAND
1720303 86122448 ray::WorkerDict
1720305 43666844 ray::WorkerDict
1720306 43661920 ray::WorkerDict
1720304 43659608 ray::WorkerDict
1317539 4821732 VLLM::Worker_TP
1317538 4815556 VLLM::Worker_TP
1280658 1212496 vllm
1711714 1016920 gcs_server
1717881 990656 ray::TaskRunner
1317375 960252 VLLM::EngineCor
1711154 911532 python
1718456 603600 ray::SimpleStor
1718370 601944 ray::TransferQu
== 2026-09-04T21:08:32+09:00
Mem:            1007         202         766          98         141         804
    PID   RSS COMMAND
1720303 86909660 ray::WorkerDict
1720305 44454112 ray::WorkerDict
1720306 44449188 ray::WorkerDict
1720304 44447644 ray::WorkerDict
1317539 4821732 VLLM::Worker_TP
1317538 4815556 VLLM::Worker_TP
1280658 1212496 vllm
1711714 1018120 gcs_server
1717881 990656 ray::TaskRunner
1317375 960252 VLLM::EngineCor
1711154 911532 python
1718456 603600 ray::SimpleStor
1718370 601944 ray::TransferQu
== 2026-09-04T21:08:52+09:00
Mem:            1007         204         763          98         142         802
    PID   RSS COMMAND
1720303 87977192 ray::WorkerDict
1720305 45518824 ray::WorkerDict
1720306 45513900 ray::WorkerDict
1720304 45512356 ray::WorkerDict
1317539 4821732 VLLM::Worker_TP
1317538 4815556 VLLM::Worker_TP
1280658 1212496 vllm
1711714 1016536 gcs_server
1717881 990656 ray::TaskRunner
1317375 960252 VLLM::EngineCor
1711154 911532 python
1718456 603600 ray::SimpleStor
1718370 601944 ray::TransferQu
== 2026-09-04T21:09:13+09:00
Mem:            1007         203         765          98         142         804
    PID   RSS COMMAND
1720303 88861152 ray::WorkerDict
1720305 45226652 ray::WorkerDict
1720306 45220960 ray::WorkerDict
1720304 45219420 ray::WorkerDict
1317539 4821732 VLLM::Worker_TP
1317538 4815556 VLLM::Worker_TP
1280658 1212496 vllm
1711714 1016156 gcs_server
1717881 990656 ray::TaskRunner
1317375 960252 VLLM::EngineCor
1711154 911532 python
1718456 603600 ray::SimpleStor
1718370 601944 ray::TransferQu
== 2026-09-04T21:09:33+09:00
Mem:            1007         204         762          98         143         802
    PID   RSS COMMAND
1720303 89753836 ray::WorkerDict
1720305 46115808 ray::WorkerDict
1720306 46110884 ray::WorkerDict
1720304 46108576 ray::WorkerDict
1317539 4821732 VLLM::Worker_TP
1317538 4815556 VLLM::Worker_TP
1280658 1212496 vllm
1711714 1017920 gcs_server
1717881 990656 ray::TaskRunner
1317375 960252 VLLM::EngineCor
1711154 911532 python
1718456 603600 ray::SimpleStor
1718370 601944 ray::TransferQu
== 2026-09-04T21:09:53+09:00
Mem:            1007         203         763          98         143         803
    PID   RSS COMMAND
1720303 90826480 ray::WorkerDict
1720305 46008732 ray::WorkerDict
1720306 46003040 ray::WorkerDict
1720304 46002268 ray::WorkerDict
1317539 4821732 VLLM::Worker_TP
1317538 4815556 VLLM::Worker_TP
1280658 1212496 vllm
1711714 1015860 gcs_server
1717881 990656 ray::TaskRunner
1317375 960252 VLLM::EngineCor
1711154 911532 python
1718456 603600 ray::SimpleStor
1718370 601944 ray::TransferQu
== 2026-09-04T21:10:13+09:00
Mem:            1007         205         761          98         144         802
    PID   RSS COMMAND
1720303 91555836 ray::WorkerDict
1720305 46740192 ray::WorkerDict
1720306 46735268 ray::WorkerDict
1720304 46732960 ray::WorkerDict
1317539 4821732 VLLM::Worker_TP
1317538 4815556 VLLM::Worker_TP
1280658 1212496 vllm
1711714 1015068 gcs_server
1717881 990656 ray::TaskRunner
1317375 960252 VLLM::EngineCor
1711154 911532 python
1718456 603600 ray::SimpleStor
1718370 601944 ray::TransferQu
== 2026-09-04T21:10:33+09:00
Mem:            1007         206         759          98         144         800
    PID   RSS COMMAND
1720303 92477448 ray::WorkerDict
1720305 47661800 ray::WorkerDict
1720306 47657644 ray::WorkerDict
1720304 47654568 ray::WorkerDict
1317539 4821732 VLLM::Worker_TP
1317538 4815556 VLLM::Worker_TP
1280658 1212496 vllm
1711714 1015836 gcs_server
1717881 990656 ray::TaskRunner
1317375 960252 VLLM::EngineCor
1711154 911532 python
1718456 603600 ray::SimpleStor
1718370 601944 ray::TransferQu
== 2026-09-04T21:10:53+09:00
Mem:            1007         205         760          98         144         802
    PID   RSS COMMAND
1720303 93368576 ray::WorkerDict
1720305 47373212 ray::WorkerDict
1720306 47369056 ray::WorkerDict
1720304 47366748 ray::WorkerDict
1317539 4821732 VLLM::Worker_TP
1317538 4815556 VLLM::Worker_TP
1280658 1212496 vllm
1711714 1014596 gcs_server
1717881 990656 ray::TaskRunner
1317375 960252 VLLM::EngineCor
1711154 911532 python
1718456 603600 ray::SimpleStor
1718370 601944 ray::TransferQu
== 2026-09-04T21:11:13+09:00
Mem:            1007         206         758          98         145         800
    PID   RSS COMMAND
1720303 94147852 ray::WorkerDict
1720305 48151776 ray::WorkerDict
1720306 48146852 ray::WorkerDict
1720304 48146080 ray::WorkerDict
1317539 4821732 VLLM::Worker_TP
1317538 4815556 VLLM::Worker_TP
1280658 1212496 vllm
1711714 1014856 gcs_server
1717881 990656 ray::TaskRunner
1317375 960252 VLLM::EngineCor
1711154 911532 python
1718456 603600 ray::SimpleStor
1718370 601944 ray::TransferQu
== 2026-09-04T21:11:33+09:00
Mem:            1007         208         756          98         145         798
    PID   RSS COMMAND
1720303 95125016 ray::WorkerDict
1720305 49129704 ray::WorkerDict
1720306 49124780 ray::WorkerDict
1720304 49124008 ray::WorkerDict
1317539 4821732 VLLM::Worker_TP
1317538 4815556 VLLM::Worker_TP
1280658 1212496 vllm
1711714 1013436 gcs_server
1717881 990656 ray::TaskRunner
1317375 960252 VLLM::EngineCor
1711154 911532 python
1718456 603600 ray::SimpleStor
1718370 601944 ray::TransferQu
== 2026-09-04T21:11:53+09:00
Mem:            1007         206         757          98         146         800
    PID   RSS COMMAND
1720303 95972112 ray::WorkerDict
1720305 48797852 ray::WorkerDict
1720306 48792160 ray::WorkerDict
1720304 48792156 ray::WorkerDict
1317539 4821732 VLLM::Worker_TP
1317538 4815556 VLLM::Worker_TP
1280658 1212496 vllm
1711714 1014204 gcs_server
1717881 990656 ray::TaskRunner
1317375 960252 VLLM::EngineCor
1711154 911532 python
1718456 603600 ray::SimpleStor
1718370 601944 ray::TransferQu
== 2026-09-04T21:12:13+09:00
Mem:            1007         208         755          98         146         798
    PID   RSS COMMAND
1720303 96866844 ray::WorkerDict
1720305 49690592 ray::WorkerDict
1720304 49685664 ray::WorkerDict
1720306 49684900 ray::WorkerDict
1317539 4821732 VLLM::Worker_TP
1317538 4815556 VLLM::Worker_TP
1280658 1212496 vllm
1711714 1014092 gcs_server
1717881 990656 ray::TaskRunner
1317375 960252 VLLM::EngineCor
1711154 911532 python
1718456 603600 ray::SimpleStor
1718370 601944 ray::TransferQu
== 2026-09-04T21:12:33+09:00
Mem:            1007         207         756          98         147         800
    PID   RSS COMMAND
1720303 97969184 ray::WorkerDict
1720305 49614144 ray::WorkerDict
1720304 49609564 ray::WorkerDict
1720306 49608452 ray::WorkerDict
1317539 4821732 VLLM::Worker_TP
1317538 4815556 VLLM::Worker_TP
1280658 1212496 vllm
1711714 1013992 gcs_server
1717881 990656 ray::TaskRunner
1317375 960252 VLLM::EngineCor
1711154 911532 python
1718456 603600 ray::SimpleStor
1718370 601944 ray::TransferQu
== 2026-09-04T21:12:53+09:00
Mem:            1007         209         754          98         147         798
    PID   RSS COMMAND
1720303 98905132 ray::WorkerDict
1720305 50549984 ray::WorkerDict
1720304 50544288 ray::WorkerDict
1720306 50543176 ray::WorkerDict
1317539 4821732 VLLM::Worker_TP
1317538 4815556 VLLM::Worker_TP
1280658 1212496 vllm
1711714 1014484 gcs_server
1717881 990656 ray::TaskRunner
1317375 960252 VLLM::EngineCor
1711154 911532 python
1718456 603600 ray::SimpleStor
1718370 601944 ray::TransferQu
== 2026-09-04T21:13:13+09:00
Mem:            1007         211         751          98         147         796
    PID   RSS COMMAND
1720303 99901240 ray::WorkerDict
1720305 51546600 ray::WorkerDict
1720304 51542440 ray::WorkerDict
1720306 51541328 ray::WorkerDict
1317539 4821732 VLLM::Worker_TP
1317538 4815556 VLLM::Worker_TP
1280658 1212496 vllm
1711714 1013904 gcs_server
1717881 990656 ray::TaskRunner
1317375 960252 VLLM::EngineCor
1711154 911532 python
1718456 603600 ray::SimpleStor
1718370 601944 ray::TransferQu
== 2026-09-04T21:13:33+09:00
Mem:            1007         209         752          98         148         797
    PID   RSS COMMAND
1720303 100816944 ray::WorkerDict
1720305 51281308 ray::WorkerDict
1720304 51275612 ray::WorkerDict
1720306 51275268 ray::WorkerDict
1317539 4821732 VLLM::Worker_TP
1317538 4815556 VLLM::Worker_TP
1280658 1212496 vllm
1711714 1014228 gcs_server
1717881 990656 ray::TaskRunner
1317375 960252 VLLM::EngineCor
1711154 911532 python
1718456 603600 ray::SimpleStor
1718370 601944 ray::TransferQu
== 2026-09-04T21:13:53+09:00
Mem:            1007         212         749          98         149         795
    PID   RSS COMMAND
1720303 102045000 ray::WorkerDict
1720305 52509416 ray::WorkerDict
1720306 52502956 ray::WorkerDict
1720304 52502952 ray::WorkerDict
1317539 4821732 VLLM::Worker_TP
1317538 4815556 VLLM::Worker_TP
1280658 1212496 vllm
1711714 1014508 gcs_server
1717881 990656 ray::TaskRunner
1317375 960252 VLLM::EngineCor
1711154 911532 python
1718456 603600 ray::SimpleStor
1718370 601944 ray::TransferQu
== 2026-09-04T21:14:13+09:00
Mem:            1007         210         750          98         149         796
    PID   RSS COMMAND
1720303 103000640 ray::WorkerDict
1720305 52286620 ray::WorkerDict
1720306 52280928 ray::WorkerDict
1720304 52280924 ray::WorkerDict
1317539 4821732 VLLM::Worker_TP
1317538 4815556 VLLM::Worker_TP
1280658 1212496 vllm
1711714 1013616 gcs_server
1717881 990656 ray::TaskRunner
1317375 960252 VLLM::EngineCor
1711154 911532 python
1718456 603600 ray::SimpleStor
1718370 601944 ray::TransferQu
== 2026-09-04T21:14:33+09:00
Mem:            1007         212         748          98         149         795
    PID   RSS COMMAND
1720303 103854156 ray::WorkerDict
1720305 53138912 ray::WorkerDict
1720304 53133984 ray::WorkerDict
1720306 53132456 ray::WorkerDict
1317539 4821732 VLLM::Worker_TP
1317538 4815556 VLLM::Worker_TP
1280658 1212496 vllm
1711714 1014516 gcs_server
1717881 990656 ray::TaskRunner
1317375 960252 VLLM::EngineCor
1711154 911532 python
1718456 603600 ray::SimpleStor
1718370 601944 ray::TransferQu
== 2026-09-04T21:14:53+09:00
Mem:            1007         214         746          98         150         793
    PID   RSS COMMAND
1720303 104836440 ray::WorkerDict
1720305 54121960 ray::WorkerDict
1720304 54116268 ray::WorkerDict
1720306 54114740 ray::WorkerDict
1317539 4821732 VLLM::Worker_TP
1317538 4815556 VLLM::Worker_TP
1280658 1212496 vllm
1711714 1012744 gcs_server
1717881 990656 ray::TaskRunner
1317375 960252 VLLM::EngineCor
1711154 911532 python
1718456 603600 ray::SimpleStor
1718370 601944 ray::TransferQu
== 2026-09-04T21:15:13+09:00
Mem:            1007         212         747          98         150         795
    PID   RSS COMMAND
1720303 105676368 ray::WorkerDict
1720305 53783452 ray::WorkerDict
1720306 53777772 ray::WorkerDict
1720304 53777764 ray::WorkerDict
1317539 4821732 VLLM::Worker_TP
1317538 4815556 VLLM::Worker_TP
1280658 1212496 vllm
1711714 1012076 gcs_server
1717881 990656 ray::TaskRunner
1317375 960252 VLLM::EngineCor
1711154 911532 python
1718456 603600 ray::SimpleStor
1718370 601944 ray::TransferQu
== 2026-09-04T21:15:33+09:00
Mem:            1007         214         745          98         151         793
    PID   RSS COMMAND
1720303 106699112 ray::WorkerDict
1720305 54806248 ray::WorkerDict
1720306 54801336 ray::WorkerDict
1720304 54800560 ray::WorkerDict
1317539 4821732 VLLM::Worker_TP
1317538 4815556 VLLM::Worker_TP
1280658 1212496 vllm
1711714 1011120 gcs_server
1717881 990656 ray::TaskRunner
1317375 960252 VLLM::EngineCor
1711154 912300 python
1718456 603600 ray::SimpleStor
1718370 601944 ray::TransferQu
== 2026-09-04T21:15:53+09:00
Mem:            1007         212         746          98         151         794
    PID   RSS COMMAND
1720303 107624288 ray::WorkerDict
1720305 54549660 ray::WorkerDict
1720306 54543980 ray::WorkerDict
1720304 54543972 ray::WorkerDict
1317539 4821732 VLLM::Worker_TP
1317538 4815556 VLLM::Worker_TP
1280658 1212496 vllm
1711714 1011740 gcs_server
1717881 990656 ray::TaskRunner
1317375 960252 VLLM::EngineCor
1711154 912300 python
1718456 603600 ray::SimpleStor
1718370 601944 ray::TransferQu
== 2026-09-04T21:16:13+09:00
Mem:            1007         214         744          98         152         793
    PID   RSS COMMAND
1720303 108453484 ray::WorkerDict
1720305 55380192 ray::WorkerDict
1720306 55375280 ray::WorkerDict
1720304 55375272 ray::WorkerDict
1317539 4821732 VLLM::Worker_TP
1317538 4815556 VLLM::Worker_TP
1280658 1212496 vllm
1711714 1011080 gcs_server
1717881 990656 ray::TaskRunner
1317375 960252 VLLM::EngineCor
1711154 912300 python
1718456 603600 ray::SimpleStor
1718370 601944 ray::TransferQu
== 2026-09-04T21:16:33+09:00
Mem:            1007         216         741          98         152         790
    PID   RSS COMMAND
1720303 109562232 ray::WorkerDict
1720305 56488936 ray::WorkerDict
1720306 56483256 ray::WorkerDict
1720304 56482480 ray::WorkerDict
1317539 4821732 VLLM::Worker_TP
1317538 4815556 VLLM::Worker_TP
1280658 1212496 vllm
1711714 1011512 gcs_server
1717881 990656 ray::TaskRunner
1317375 960252 VLLM::EngineCor
1711154 912300 python
1718456 603600 ray::SimpleStor
1718370 601944 ray::TransferQu
== 2026-09-04T21:16:53+09:00
Mem:            1007         214         742          98         153         792
    PID   RSS COMMAND
1720303 110393456 ray::WorkerDict
1720305 56140444 ray::WorkerDict
1720306 56135532 ray::WorkerDict
1720304 56133988 ray::WorkerDict
1317539 4821732 VLLM::Worker_TP
1317538 4815556 VLLM::Worker_TP
1280658 1212496 vllm
1711714 1011336 gcs_server
1717881 990656 ray::TaskRunner
1317375 960252 VLLM::EngineCor
1711154 912300 python
1718456 603600 ray::SimpleStor
1718370 601944 ray::TransferQu
== 2026-09-04T21:17:13+09:00
Mem:            1007         216         740          98         153         790
    PID   RSS COMMAND
1720303 111347592 ray::WorkerDict
1720305 57093868 ray::WorkerDict
1720306 57088952 ray::WorkerDict
1720304 57088176 ray::WorkerDict
1317539 4821732 VLLM::Worker_TP
1317538 4815556 VLLM::Worker_TP
1280658 1212496 vllm
1711714 1009904 gcs_server
1717881 990656 ray::TaskRunner
1317375 960252 VLLM::EngineCor
1711154 912300 python
1718456 603600 ray::SimpleStor
1718370 601944 ray::TransferQu
== 2026-09-04T21:17:33+09:00
Mem:            1007         215         741          98         153         792
    PID   RSS COMMAND
1720303 112308864 ray::WorkerDict
1720305 56875424 ray::WorkerDict
1720306 56870508 ray::WorkerDict
1720304 56869732 ray::WorkerDict
1317539 4821732 VLLM::Worker_TP
1317538 4815556 VLLM::Worker_TP
1280658 1212496 vllm
1711714 1009544 gcs_server
1717881 990656 ray::TaskRunner
1317375 960252 VLLM::EngineCor
1711154 912300 python
1718456 603600 ray::SimpleStor
1718370 601944 ray::TransferQu
== 2026-09-04T21:17:53+09:00
Mem:            1007         217         739          98         154         790
    PID   RSS COMMAND
1720303 113332364 ray::WorkerDict
1720305 57896164 ray::WorkerDict
1720306 57891248 ray::WorkerDict
1720304 57891240 ray::WorkerDict
1317539 4821732 VLLM::Worker_TP
1317538 4815556 VLLM::Worker_TP
1280658 1212496 vllm
1711714 1010168 gcs_server
1717881 990656 ray::TaskRunner
1317375 960252 VLLM::EngineCor
1711154 912300 python
1718456 603600 ray::SimpleStor
1718370 601944 ray::TransferQu
== 2026-09-04T21:18:13+09:00
Mem:            1007         215         740          98         154         791
    PID   RSS COMMAND
1720303 114338952 ray::WorkerDict
1720305 57716476 ray::WorkerDict
1720306 57709452 ray::WorkerDict
1720304 57705124 ray::WorkerDict
1317539 4821732 VLLM::Worker_TP
1317538 4815556 VLLM::Worker_TP
1280658 1212496 vllm
1711714 1010180 gcs_server
1717881 990656 ray::TaskRunner
1317375 960252 VLLM::EngineCor
1711154 912300 python
1718456 603600 ray::SimpleStor
1718370 601944 ray::TransferQu
== 2026-09-04T21:18:33+09:00
Mem:            1007         187         767          98         155         819
    PID   RSS COMMAND
1720303 57697396 ray::WorkerDict
1317539 4821732 VLLM::Worker_TP
1317538 4815556 VLLM::Worker_TP
1720305 1448892 ray::WorkerDict
1720306 1445536 ray::WorkerDict
1720304 1443840 ray::WorkerDict
1280658 1212496 vllm
1711714 1010828 gcs_server
1717881 990656 ray::TaskRunner
1317375 960252 VLLM::EngineCor
1711154 912300 python
1718456 603600 ray::SimpleStor
1718370 601944 ray::TransferQu
== 2026-09-04T21:18:53+09:00
Mem:            1007         164         788          98         157         842
    PID   RSS COMMAND
1317539 4821732 VLLM::Worker_TP
1317538 4815556 VLLM::Worker_TP
1720303 1530108 ray::WorkerDict
1720305 1517840 ray::WorkerDict
1720306 1517144 ray::WorkerDict
1720304 1514720 ray::WorkerDict
1280658 1212496 vllm
1717881 1045184 ray::TaskRunner
1711714 1009772 gcs_server
1317375 960252 VLLM::EngineCor
1711154 912300 python
1784810 611036 ray::IDLE
1784809 610900 ray::IDLE
== 2026-09-04T21:19:14+09:00
Mem:            1007         171         781          98         157         835
    PID   RSS COMMAND
1317539 4821732 VLLM::Worker_TP
1317538 4815556 VLLM::Worker_TP
1720303 1530108 ray::WorkerDict
1720305 1518608 ray::WorkerDict
1720306 1517144 ray::WorkerDict
1720304 1515488 ray::WorkerDict
1785087 1396916 ray::vLLMHttpSe
1785086 1382580 ray::vLLMHttpSe
1785088 1381292 ray::vLLMHttpSe
1785085 1375636 ray::vLLMHttpSe
1280658 1212496 vllm
1717881 1048256 ray::TaskRunner
1711714 1013744 gcs_server
== 2026-09-04T21:19:34+09:00
Mem:            1007         176         776          99         158         830
    PID   RSS COMMAND
1317539 4821732 VLLM::Worker_TP
1317538 4815556 VLLM::Worker_TP
1720303 1530108 ray::WorkerDict
1720305 1518608 ray::WorkerDict
1720306 1517144 ray::WorkerDict
1720304 1515488 ray::WorkerDict
1786197 1408276 VLLM::Worker
1786196 1406080 VLLM::Worker
1786195 1405184 VLLM::Worker
1786194 1401308 VLLM::Worker
1785087 1396916 ray::vLLMHttpSe
1785086 1382580 ray::vLLMHttpSe
1785088 1381292 ray::vLLMHttpSe
== 2026-09-04T21:19:54+09:00
Mem:            1007         176         776          99         158         830
    PID   RSS COMMAND
1317539 4815404 VLLM::Worker_TP
1317538 4808640 VLLM::Worker_TP
1720303 1530108 ray::WorkerDict
1720305 1518608 ray::WorkerDict
1720306 1517144 ray::WorkerDict
1720304 1515488 ray::WorkerDict
1786196 1493480 VLLM::Worker
1786197 1491288 VLLM::Worker
1786195 1491104 VLLM::Worker
1786194 1488996 VLLM::Worker
1785087 1396916 ray::vLLMHttpSe
1785086 1382580 ray::vLLMHttpSe
1785088 1381292 ray::vLLMHttpSe
== 2026-09-04T21:20:14+09:00
Mem:            1007         177         775          99         158         829
    PID   RSS COMMAND
1317539 4816172 VLLM::Worker_TP
1317538 4808640 VLLM::Worker_TP
1786196 3932512 VLLM::Worker
1786195 3932336 VLLM::Worker
1786194 3928092 VLLM::Worker
1786197 3926948 VLLM::Worker
1720303 1530108 ray::WorkerDict
1720305 1518608 ray::WorkerDict
1720306 1517144 ray::WorkerDict
1720304 1515488 ray::WorkerDict
1785087 1396916 ray::vLLMHttpSe
1785086 1382580 ray::vLLMHttpSe
1785088 1381292 ray::vLLMHttpSe
== 2026-09-04T21:20:34+09:00
Mem:            1007         177         775          99         158         829
    PID   RSS COMMAND
1317539 4816172 VLLM::Worker_TP
1317538 4806596 VLLM::Worker_TP
1786196 3543136 VLLM::Worker
1786195 3542960 VLLM::Worker
1786194 3538532 VLLM::Worker
1786197 3536948 VLLM::Worker
1720303 1530108 ray::WorkerDict
1720305 1518608 ray::WorkerDict
1720306 1517144 ray::WorkerDict
1720304 1515488 ray::WorkerDict
1785087 1396916 ray::vLLMHttpSe
1785086 1382580 ray::vLLMHttpSe
1785088 1381292 ray::vLLMHttpSe
== 2026-09-04T21:20:54+09:00
Mem:            1007         177         775          99         158         830
    PID   RSS COMMAND
1317539 4816172 VLLM::Worker_TP
1317538 4806596 VLLM::Worker_TP
1786196 3951608 VLLM::Worker
1786195 3947592 VLLM::Worker
1786194 3946236 VLLM::Worker
1786197 3945804 VLLM::Worker
1720303 1530108 ray::WorkerDict
1720305 1518608 ray::WorkerDict
1720306 1517144 ray::WorkerDict
1720304 1515488 ray::WorkerDict
1785087 1396916 ray::vLLMHttpSe
1785086 1382580 ray::vLLMHttpSe
1785088 1381292 ray::vLLMHttpSe
== 2026-09-04T21:21:14+09:00
Mem:            1007         184         768         103         162         823
    PID   RSS COMMAND
1317539 4816172 VLLM::Worker_TP
1317538 4806596 VLLM::Worker_TP
1786196 3436968 VLLM::Worker
1786195 3433672 VLLM::Worker
1786194 3430756 VLLM::Worker
1786197 3430252 VLLM::Worker
1720303 1530108 ray::WorkerDict
1720305 1518608 ray::WorkerDict
1720306 1517144 ray::WorkerDict
1720304 1515488 ray::WorkerDict
1785087 1396916 ray::vLLMHttpSe
1785086 1382580 ray::vLLMHttpSe
1785088 1381292 ray::vLLMHttpSe
== 2026-09-04T21:21:34+09:00
Mem:            1007         258         694         173         232         749
    PID   RSS COMMAND
1786195 23893200 VLLM::Worker
1786196 22325536 VLLM::Worker
1786197 21266612 VLLM::Worker
1786194 21262480 VLLM::Worker
1317539 4816172 VLLM::Worker_TP
1317538 4806596 VLLM::Worker_TP
1720303 1530108 ray::WorkerDict
1720305 1518608 ray::WorkerDict
1720306 1517144 ray::WorkerDict
1720304 1515488 ray::WorkerDict
1785087 1474508 ray::vLLMHttpSe
1785088 1456868 ray::vLLMHttpSe
1785086 1455300 ray::vLLMHttpSe
== 2026-09-04T21:21:54+09:00
Mem:            1007         490         462         401         461         517
    PID   RSS COMMAND
1786195 87856080 VLLM::Worker
1786196 82757152 VLLM::Worker
1786194 78741904 VLLM::Worker
1786197 78736820 VLLM::Worker
1317539 4816172 VLLM::Worker_TP
1317538 4806596 VLLM::Worker_TP
1720303 1530108 ray::WorkerDict
1720305 1518608 ray::WorkerDict
1720306 1517144 ray::WorkerDict
1720304 1515488 ray::WorkerDict
1785087 1474508 ray::vLLMHttpSe
1785088 1456868 ray::vLLMHttpSe
1785086 1455300 ray::vLLMHttpSe
== 2026-09-04T21:22:14+09:00
Mem:            1007         601         350         423         484         406
    PID   RSS COMMAND
1786196 87874336 VLLM::Worker
1786197 87863732 VLLM::Worker
1786194 87858064 VLLM::Worker
1786195 87856080 VLLM::Worker
1720304 24701676 ray::WorkerDict
1720303 24698468 ray::WorkerDict
1720306 24553516 ray::WorkerDict
1720305 24553484 ray::WorkerDict
1317539 4816172 VLLM::Worker_TP
1317538 4806596 VLLM::Worker_TP
1785087 1474508 ray::vLLMHttpSe
1785088 1456868 ray::vLLMHttpSe
1785086 1455300 ray::vLLMHttpSe
== 2026-09-04T21:22:34+09:00
Mem:            1007         732         219         423         484         275
    PID   RSS COMMAND
1786196 87874336 VLLM::Worker
1786197 87863732 VLLM::Worker
1786194 87858064 VLLM::Worker
1786195 87856080 VLLM::Worker
1720304 58916220 ray::WorkerDict
1720303 58912316 ray::WorkerDict
1720305 58888612 ray::WorkerDict
1720306 58886960 ray::WorkerDict
1317539 4816172 VLLM::Worker_TP
1317538 4806596 VLLM::Worker_TP
1785087 1474508 ray::vLLMHttpSe
1785088 1456868 ray::vLLMHttpSe
1785086 1455300 ray::vLLMHttpSe
== 2026-09-04T21:22:54+09:00
Mem:            1007         745         207         423         484         262
    PID   RSS COMMAND
1786196 87874336 VLLM::Worker
1786197 87863732 VLLM::Worker
1786194 87858064 VLLM::Worker
1786195 87856080 VLLM::Worker
1720306 62264936 ray::WorkerDict
1720305 62119700 ray::WorkerDict
1720304 61759404 ray::WorkerDict
1720303 61754136 ray::WorkerDict
1317539 4816172 VLLM::Worker_TP
1317538 4806596 VLLM::Worker_TP
1785087 1474508 ray::vLLMHttpSe
1785088 1456868 ray::vLLMHttpSe
1785086 1455300 ray::vLLMHttpSe
== 2026-09-04T21:23:14+09:00
Mem:            1007         745         206         423         484         261
    PID   RSS COMMAND
1786196 87874336 VLLM::Worker
1786197 87863732 VLLM::Worker
1786194 87858064 VLLM::Worker
1786195 87856080 VLLM::Worker
1720306 62427868 ray::WorkerDict
1720305 62394176 ray::WorkerDict
1720304 62350424 ray::WorkerDict
1720303 62263228 ray::WorkerDict
1317539 4816172 VLLM::Worker_TP
1317538 4806596 VLLM::Worker_TP
1785087 1474508 ray::vLLMHttpSe
1785088 1456868 ray::vLLMHttpSe
1785086 1455300 ray::vLLMHttpSe
== 2026-09-04T21:23:34+09:00
Mem:            1007         743         234         424         458         264
    PID   RSS COMMAND
1786196 87702304 VLLM::Worker
1786197 87693236 VLLM::Worker
1786194 87686800 VLLM::Worker
1786195 87684816 VLLM::Worker
1720304 62099584 ray::WorkerDict
1720305 62005064 ray::WorkerDict
1720306 61999904 ray::WorkerDict
1720303 61993156 ray::WorkerDict
1317539 4810028 VLLM::Worker_TP
1317538 4801988 VLLM::Worker_TP
1785087 1260236 ray::vLLMHttpSe
1785088 1241828 ray::vLLMHttpSe
1785086 1241796 ray::vLLMHttpSe
== 2026-09-04T21:23:54+09:00
Mem:            1007         739         270         424         425         268
    PID   RSS COMMAND
1786196 87657760 VLLM::Worker
1786197 87650996 VLLM::Worker
1786194 87641488 VLLM::Worker
1786195 87640272 VLLM::Worker
1720304 62078080 ray::WorkerDict
1720305 61982024 ray::WorkerDict
1720303 61979332 ray::WorkerDict
1720306 61978400 ray::WorkerDict
1317539 4806956 VLLM::Worker_TP
1317538 4801988 VLLM::Worker_TP
1785087 1260236 ray::vLLMHttpSe
1785088 1241828 ray::vLLMHttpSe
1785086 1241796 ray::vLLMHttpSe
== 2026-09-04T21:24:14+09:00
Mem:            1007         739         270         424         425         268
    PID   RSS COMMAND
1786196 87656224 VLLM::Worker
1786197 87649460 VLLM::Worker
1786194 87641488 VLLM::Worker
1786195 87639504 VLLM::Worker
1720304 62078080 ray::WorkerDict
1720305 61980488 ray::WorkerDict
1720303 61980100 ray::WorkerDict
1720306 61978400 ray::WorkerDict
1317539 4806956 VLLM::Worker_TP
1317538 4799684 VLLM::Worker_TP
1785087 1260236 ray::vLLMHttpSe
1785088 1241828 ray::vLLMHttpSe
1785086 1241796 ray::vLLMHttpSe
== 2026-09-04T21:24:34+09:00
Mem:            1007         738         270         424         425         268
    PID   RSS COMMAND
1786196 87656224 VLLM::Worker
1786197 87650228 VLLM::Worker
1786195 87641040 VLLM::Worker
1786194 87639184 VLLM::Worker
1720304 62081920 ray::WorkerDict
1720305 61984328 ray::WorkerDict
1720303 61981636 ray::WorkerDict
1720306 61980704 ray::WorkerDict
1317539 4806188 VLLM::Worker_TP
1317538 4800452 VLLM::Worker_TP
1785087 1260236 ray::vLLMHttpSe
1785088 1241828 ray::vLLMHttpSe
1785086 1241796 ray::vLLMHttpSe
== 2026-09-04T21:24:54+09:00
Mem:            1007         739         270         424         425         268
    PID   RSS COMMAND
1786196 87657760 VLLM::Worker
1786197 87652532 VLLM::Worker
1786194 87644560 VLLM::Worker
1786195 87642576 VLLM::Worker
1720304 62081920 ray::WorkerDict
1720305 61982792 ray::WorkerDict
1720306 61981472 ray::WorkerDict
1720303 61980868 ray::WorkerDict
1317539 4806188 VLLM::Worker_TP
1317538 4796612 VLLM::Worker_TP
1785087 1260236 ray::vLLMHttpSe
1785088 1241828 ray::vLLMHttpSe
1785086 1241796 ray::vLLMHttpSe
== 2026-09-04T21:25:14+09:00
Mem:            1007         739         270         424         425         268
    PID   RSS COMMAND
1786196 87661600 VLLM::Worker
1786197 87654836 VLLM::Worker
1786194 87645328 VLLM::Worker
1786195 87637968 VLLM::Worker
1720304 62081920 ray::WorkerDict
1720305 61985096 ray::WorkerDict
1720306 61980704 ray::WorkerDict
1720303 61980100 ray::WorkerDict
1317539 4807724 VLLM::Worker_TP
1317538 4796612 VLLM::Worker_TP
1785087 1260236 ray::vLLMHttpSe
1785088 1241828 ray::vLLMHttpSe
1785086 1241796 ray::vLLMHttpSe
== 2026-09-04T21:25:34+09:00
Mem:            1007         739         270         424         425         268
    PID   RSS COMMAND
1786196 87656224 VLLM::Worker
1786197 87651764 VLLM::Worker
1786194 87644560 VLLM::Worker
1786195 87641040 VLLM::Worker
1720304 62079616 ray::WorkerDict
1720305 61983560 ray::WorkerDict
1720306 61979936 ray::WorkerDict
1720303 61979332 ray::WorkerDict
1317539 4806956 VLLM::Worker_TP
1317538 4796612 VLLM::Worker_TP
1785087 1260236 ray::vLLMHttpSe
1785088 1241828 ray::vLLMHttpSe
1785086 1241796 ray::vLLMHttpSe
== 2026-09-04T21:25:54+09:00
Mem:            1007         739         270         424         425         268
    PID   RSS COMMAND
1786196 87656224 VLLM::Worker
1786197 87650996 VLLM::Worker
1786194 87644560 VLLM::Worker
1786195 87643344 VLLM::Worker
1720304 62079616 ray::WorkerDict
1720305 61984328 ray::WorkerDict
1720303 61979332 ray::WorkerDict
1720306 61977632 ray::WorkerDict
1317539 4807724 VLLM::Worker_TP
1317538 4797380 VLLM::Worker_TP
1785087 1260236 ray::vLLMHttpSe
1785088 1241828 ray::vLLMHttpSe
1785086 1241796 ray::vLLMHttpSe
== 2026-09-04T21:26:14+09:00
Mem:            1007         739         270         424         425         268
    PID   RSS COMMAND
1786196 87656992 VLLM::Worker
1786197 87650228 VLLM::Worker
1786194 87644560 VLLM::Worker
1786195 87640272 VLLM::Worker
1720304 62081152 ray::WorkerDict
1720305 61984328 ray::WorkerDict
1720303 61980868 ray::WorkerDict
1720306 61979168 ray::WorkerDict
1317539 4809260 VLLM::Worker_TP
1317538 4797380 VLLM::Worker_TP
1785087 1260236 ray::vLLMHttpSe
1785088 1241828 ray::vLLMHttpSe
1785086 1241796 ray::vLLMHttpSe
== 2026-09-04T21:26:34+09:00
Mem:            1007         739         270         424         425         268
    PID   RSS COMMAND
1786196 87659296 VLLM::Worker
1786197 87651764 VLLM::Worker
1786194 87646864 VLLM::Worker
1786195 87638736 VLLM::Worker
1720304 62081152 ray::WorkerDict
1720305 61982792 ray::WorkerDict
1720303 61979332 ray::WorkerDict
1720306 61978400 ray::WorkerDict
1317539 4808492 VLLM::Worker_TP
1317538 4794308 VLLM::Worker_TP
1785087 1260236 ray::vLLMHttpSe
1785088 1241828 ray::vLLMHttpSe
1785086 1241796 ray::vLLMHttpSe
== 2026-09-04T21:26:54+09:00
Mem:            1007         739         270         424         425         268
    PID   RSS COMMAND
1786196 87656224 VLLM::Worker
1786197 87650228 VLLM::Worker
1786194 87645328 VLLM::Worker
1786195 87643344 VLLM::Worker
1720304 62079616 ray::WorkerDict
1720305 61983560 ray::WorkerDict
1720303 61980100 ray::WorkerDict
1720306 61978400 ray::WorkerDict
1317539 4806956 VLLM::Worker_TP
1317538 4793540 VLLM::Worker_TP
1785087 1260236 ray::vLLMHttpSe
1785088 1241828 ray::vLLMHttpSe
1785086 1241796 ray::vLLMHttpSe
== 2026-09-04T21:27:14+09:00
Mem:            1007         739         270         424         425         267
    PID   RSS COMMAND
1786196 87656992 VLLM::Worker
1786197 87650996 VLLM::Worker
1786194 87646096 VLLM::Worker
1786195 87639504 VLLM::Worker
1720304 62084224 ray::WorkerDict
1720305 61989704 ray::WorkerDict
1720306 61982240 ray::WorkerDict
1720303 61981636 ray::WorkerDict
1317539 4809260 VLLM::Worker_TP
1317538 4796612 VLLM::Worker_TP
1785087 1260236 ray::vLLMHttpSe
1785088 1241828 ray::vLLMHttpSe
1785086 1241796 ray::vLLMHttpSe
== 2026-09-04T21:27:34+09:00
Mem:            1007         740         269         424         425         267
    PID   RSS COMMAND
1786196 87656992 VLLM::Worker
1786197 87650996 VLLM::Worker
1786194 87646096 VLLM::Worker
1786195 87639504 VLLM::Worker
1720304 62084224 ray::WorkerDict
1720305 61989704 ray::WorkerDict
1720306 61982240 ray::WorkerDict
1720303 61981636 ray::WorkerDict
1317539 4808492 VLLM::Worker_TP
1317538 4795844 VLLM::Worker_TP
1785087 1260236 ray::vLLMHttpSe
1785088 1241828 ray::vLLMHttpSe
1785086 1241796 ray::vLLMHttpSe
== 2026-09-04T21:27:54+09:00
Mem:            1007         740         269         424         425         266
    PID   RSS COMMAND
1786196 87656992 VLLM::Worker
1786197 87650996 VLLM::Worker
1786194 87646096 VLLM::Worker
1786195 87639504 VLLM::Worker
1720304 62084224 ray::WorkerDict
1720305 61989704 ray::WorkerDict
1720306 61982240 ray::WorkerDict
1720303 61981636 ray::WorkerDict
1317539 4808492 VLLM::Worker_TP
1317538 4796612 VLLM::Worker_TP
1785087 1260236 ray::vLLMHttpSe
1785088 1241828 ray::vLLMHttpSe
1785086 1241796 ray::vLLMHttpSe
== 2026-09-04T21:28:14+09:00
Mem:            1007         741         268         424         425         266
    PID   RSS COMMAND
1786196 87656992 VLLM::Worker
1786197 87650996 VLLM::Worker
1786194 87646096 VLLM::Worker
1786195 87639504 VLLM::Worker
1720304 62084992 ray::WorkerDict
1720305 61989704 ray::WorkerDict
1720306 61982240 ray::WorkerDict
1720303 61981636 ray::WorkerDict
1317539 4809260 VLLM::Worker_TP
1317538 4799684 VLLM::Worker_TP
1785087 1260236 ray::vLLMHttpSe
1785088 1241828 ray::vLLMHttpSe
1785086 1241796 ray::vLLMHttpSe
== 2026-09-04T21:28:34+09:00
Mem:            1007         742         267         424         425         265
    PID   RSS COMMAND
1786196 87656992 VLLM::Worker
1786197 87650996 VLLM::Worker
1786194 87646096 VLLM::Worker
1786195 87639504 VLLM::Worker
1720304 62084992 ray::WorkerDict
1720305 61989704 ray::WorkerDict
1720306 61982240 ray::WorkerDict
1720303 61981636 ray::WorkerDict
1317539 4808492 VLLM::Worker_TP
1317538 4798148 VLLM::Worker_TP
1785087 1260236 ray::vLLMHttpSe
1785088 1241828 ray::vLLMHttpSe
1785086 1241796 ray::vLLMHttpSe
== 2026-09-04T21:28:55+09:00
Mem:            1007         742         266         424         426         264
    PID   RSS COMMAND
1786196 87656992 VLLM::Worker
1786197 87650996 VLLM::Worker
1786194 87646096 VLLM::Worker
1786195 87639504 VLLM::Worker
1720304 62084992 ray::WorkerDict
1720305 61989704 ray::WorkerDict
1720306 61982240 ray::WorkerDict
1720303 61981636 ray::WorkerDict
1317539 4808492 VLLM::Worker_TP
1317538 4798916 VLLM::Worker_TP
1785087 1260236 ray::vLLMHttpSe
1785088 1241828 ray::vLLMHttpSe
1785086 1241796 ray::vLLMHttpSe
== 2026-09-04T21:29:15+09:00
Mem:            1007         742         266         424         426         264
    PID   RSS COMMAND
1786196 87656992 VLLM::Worker
1786197 87650996 VLLM::Worker
1786194 87646096 VLLM::Worker
1786195 87639504 VLLM::Worker
1720304 62084992 ray::WorkerDict
1720305 61989704 ray::WorkerDict
1720306 61982240 ray::WorkerDict
1720303 61981636 ray::WorkerDict
1317539 4810028 VLLM::Worker_TP
1317538 4798916 VLLM::Worker_TP
1785087 1260236 ray::vLLMHttpSe
1785088 1241828 ray::vLLMHttpSe
1785086 1241796 ray::vLLMHttpSe
== 2026-09-04T21:29:35+09:00
Mem:            1007         743         266         424         426         264
    PID   RSS COMMAND
1786196 87660064 VLLM::Worker
1786197 87654836 VLLM::Worker
1786194 87649168 VLLM::Worker
1786195 87644112 VLLM::Worker
1720304 62084992 ray::WorkerDict
1720305 61989704 ray::WorkerDict
1720306 61982240 ray::WorkerDict
1720303 61981636 ray::WorkerDict
1317539 4807724 VLLM::Worker_TP
1317538 4798148 VLLM::Worker_TP
1785087 1260236 ray::vLLMHttpSe
1785088 1241828 ray::vLLMHttpSe
1785086 1241796 ray::vLLMHttpSe
== 2026-09-04T21:29:55+09:00
Mem:            1007         743         266         424         426         263
    PID   RSS COMMAND
1786196 87660064 VLLM::Worker
1786197 87654836 VLLM::Worker
1786194 87649168 VLLM::Worker
1786195 87644112 VLLM::Worker
1720304 62084992 ray::WorkerDict
1720305 61989704 ray::WorkerDict
1720306 61982240 ray::WorkerDict
1720303 61981636 ray::WorkerDict
1317539 4807724 VLLM::Worker_TP
1317538 4798148 VLLM::Worker_TP
1785087 1260236 ray::vLLMHttpSe
1785088 1241828 ray::vLLMHttpSe
1785086 1241796 ray::vLLMHttpSe
== 2026-09-04T21:30:15+09:00
Mem:            1007         744         265         424         426         263
    PID   RSS COMMAND
1786196 87660064 VLLM::Worker
1786197 87654836 VLLM::Worker
1786194 87649168 VLLM::Worker
1786195 87644112 VLLM::Worker
1720304 62084992 ray::WorkerDict
1720305 61989704 ray::WorkerDict
1720306 61982240 ray::WorkerDict
1720303 61981636 ray::WorkerDict
1317539 4809260 VLLM::Worker_TP
1317538 4797380 VLLM::Worker_TP
1785087 1260236 ray::vLLMHttpSe
1785088 1241828 ray::vLLMHttpSe
1785086 1241796 ray::vLLMHttpSe
== 2026-09-04T21:30:35+09:00
Mem:            1007         749         259         424         426         257
    PID   RSS COMMAND
1786196 87660064 VLLM::Worker
1786197 87654836 VLLM::Worker
1786194 87649168 VLLM::Worker
1786195 87644112 VLLM::Worker
1720304 62084992 ray::WorkerDict
1720305 61989704 ray::WorkerDict
1720306 61982240 ray::WorkerDict
1720303 61981636 ray::WorkerDict
1317539 4808492 VLLM::Worker_TP
1317538 4798148 VLLM::Worker_TP
1796798 2977832 ray::AgentLoopW
1796796 2935540 ray::AgentLoopW
1785087 1260236 ray::vLLMHttpSe
== 2026-09-04T21:30:55+09:00
Mem:            1007         750         259         424         426         257
    PID   RSS COMMAND
1786196 87669280 VLLM::Worker
1786197 87664052 VLLM::Worker
1786195 87652560 VLLM::Worker
1786194 87266320 VLLM::Worker
1720304 62084992 ray::WorkerDict
1720305 61989704 ray::WorkerDict
1720306 61982240 ray::WorkerDict
1720303 61981636 ray::WorkerDict
1317539 4808492 VLLM::Worker_TP
1317538 4798148 VLLM::Worker_TP
1796798 3044780 ray::AgentLoopW
1796796 3011792 ray::AgentLoopW
1785087 1303244 ray::vLLMHttpSe
== 2026-09-04T21:31:15+09:00
Mem:            1007         752         257         424         426         255
    PID   RSS COMMAND
1786196 87682336 VLLM::Worker
1786197 87673268 VLLM::Worker
1786195 87663312 VLLM::Worker
1786194 87276304 VLLM::Worker
1720304 62084992 ray::WorkerDict
1720305 61989704 ray::WorkerDict
1720306 61982240 ray::WorkerDict
1720303 61981636 ray::WorkerDict
1317539 4807724 VLLM::Worker_TP
1317538 4797380 VLLM::Worker_TP
1796798 3044780 ray::AgentLoopW
1796796 3011792 ray::AgentLoopW
1785087 1303244 ray::vLLMHttpSe
== 2026-09-04T21:31:35+09:00
Mem:            1007         753         255         424         428         254
    PID   RSS COMMAND
1786196 87689104 VLLM::Worker
1786197 87682448 VLLM::Worker
1786195 87669456 VLLM::Worker
1786194 87287056 VLLM::Worker
1720304 62084992 ray::WorkerDict
1720305 61989704 ray::WorkerDict
1720306 61982240 ray::WorkerDict
1720303 61981636 ray::WorkerDict
1317539 4808492 VLLM::Worker_TP
1317538 4797380 VLLM::Worker_TP
1796798 3050156 ray::AgentLoopW
1796796 3019472 ray::AgentLoopW
1785087 1303244 ray::vLLMHttpSe
== 2026-09-04T21:31:55+09:00
Mem:            1007         752         254         424         429         254
    PID   RSS COMMAND
1786196 87689104 VLLM::Worker
1786197 87683984 VLLM::Worker
1786195 87670992 VLLM::Worker
1786194 87287056 VLLM::Worker
1720304 62084992 ray::WorkerDict
1720305 61989704 ray::WorkerDict
1720306 61982240 ray::WorkerDict
1720303 61981636 ray::WorkerDict
1317539 4808492 VLLM::Worker_TP
1317538 4797380 VLLM::Worker_TP
1796798 3056408 ray::AgentLoopW
1796796 3022544 ray::AgentLoopW
1785087 1303244 ray::vLLMHttpSe
== 2026-09-04T21:32:15+09:00
Mem:            1007         752         254         424         429         254
    PID   RSS COMMAND
1786196 87689872 VLLM::Worker
1786197 87684752 VLLM::Worker
1786195 87670992 VLLM::Worker
1786194 87324376 VLLM::Worker
1720304 62084992 ray::WorkerDict
1720305 61989704 ray::WorkerDict
1720306 61982240 ray::WorkerDict
1720303 61981636 ray::WorkerDict
1317539 4809260 VLLM::Worker_TP
1317538 4797380 VLLM::Worker_TP
1796798 3066516 ray::AgentLoopW
1796796 3030224 ray::AgentLoopW
1785087 1302388 ray::vLLMHttpSe
== 2026-09-04T21:32:35+09:00
Mem:            1007         752         254         424         429         254
    PID   RSS COMMAND
1786196 87689872 VLLM::Worker
1786197 87684752 VLLM::Worker
1786195 87672528 VLLM::Worker
1786194 87326680 VLLM::Worker
1720304 62084992 ray::WorkerDict
1720305 61989704 ray::WorkerDict
1720306 61982240 ray::WorkerDict
1720303 61981636 ray::WorkerDict
1317539 4809260 VLLM::Worker_TP
1317538 4797380 VLLM::Worker_TP
1796798 3076960 ray::AgentLoopW
1796796 3032528 ray::AgentLoopW
1785087 1302388 ray::vLLMHttpSe
== 2026-09-04T21:32:55+09:00
Mem:            1007         752         254         424         429         254
    PID   RSS COMMAND
1786196 87690400 VLLM::Worker
1786197 87686288 VLLM::Worker
1786195 87672528 VLLM::Worker
1786194 87327448 VLLM::Worker
1720304 62084992 ray::WorkerDict
1720305 61989704 ray::WorkerDict
1720306 61982240 ray::WorkerDict
1720303 61981636 ray::WorkerDict
1317539 4810028 VLLM::Worker_TP
1317538 4797380 VLLM::Worker_TP
1796798 3075956 ray::AgentLoopW
1796796 3032528 ray::AgentLoopW
1785087 1302388 ray::vLLMHttpSe
== 2026-09-04T21:33:15+09:00
Mem:            1007         752         254         424         429         254
    PID   RSS COMMAND
1786196 87689544 VLLM::Worker
1786197 87686288 VLLM::Worker
1786195 87673296 VLLM::Worker
1786194 87327448 VLLM::Worker
1720304 62084992 ray::WorkerDict
1720305 61989704 ray::WorkerDict
1720306 61982240 ray::WorkerDict
1720303 61981636 ray::WorkerDict
1317539 4809260 VLLM::Worker_TP
1317538 4797380 VLLM::Worker_TP
1796798 3070640 ray::AgentLoopW
1796796 3035052 ray::AgentLoopW
1785087 1299964 ray::vLLMHttpSe
== 2026-09-04T21:33:35+09:00
Mem:            1007         752         254         424         429         254
    PID   RSS COMMAND
1786196 87689544 VLLM::Worker
1786197 87686288 VLLM::Worker
1786195 87673296 VLLM::Worker
1786194 87327448 VLLM::Worker
1720304 62084992 ray::WorkerDict
1720305 61989704 ray::WorkerDict
1720306 61982240 ray::WorkerDict
1720303 61981636 ray::WorkerDict
1317539 4810028 VLLM::Worker_TP
1317538 4796612 VLLM::Worker_TP
1796798 3069144 ray::AgentLoopW
1796796 3037112 ray::AgentLoopW
1785087 1299964 ray::vLLMHttpSe
== 2026-09-04T21:33:55+09:00
Mem:            1007         752         254         424         429         254
    PID   RSS COMMAND
1786196 87690312 VLLM::Worker
1786197 87687056 VLLM::Worker
1786195 87673296 VLLM::Worker
1786194 87327448 VLLM::Worker
1720304 62084992 ray::WorkerDict
1720305 61989704 ray::WorkerDict
1720306 61982240 ray::WorkerDict
1720303 61981636 ray::WorkerDict
1317539 4808492 VLLM::Worker_TP
1317538 4799684 VLLM::Worker_TP
1796798 3066428 ray::AgentLoopW
1796796 3028820 ray::AgentLoopW
1785087 1297916 ray::vLLMHttpSe
== 2026-09-04T21:34:15+09:00
Mem:            1007         752         254         424         429         254
    PID   RSS COMMAND
1786196 87690312 VLLM::Worker
1786197 87687056 VLLM::Worker
1786195 87673296 VLLM::Worker
1786194 87327448 VLLM::Worker
1720304 62084992 ray::WorkerDict
1720305 61989704 ray::WorkerDict
1720306 61982240 ray::WorkerDict
1720303 61981636 ray::WorkerDict
1317539 4809260 VLLM::Worker_TP
1317538 4798916 VLLM::Worker_TP
1796798 3062456 ray::AgentLoopW
1796796 3028820 ray::AgentLoopW
1785087 1296892 ray::vLLMHttpSe
== 2026-09-04T21:34:35+09:00
Mem:            1007         753         254         424         429         254
    PID   RSS COMMAND
1786196 87691080 VLLM::Worker
1786197 87687056 VLLM::Worker
1786195 87673296 VLLM::Worker
1786194 87328216 VLLM::Worker
1720304 62084992 ray::WorkerDict
1720305 61989704 ray::WorkerDict
1720306 61982240 ray::WorkerDict
1720303 61981636 ray::WorkerDict
1317539 4810028 VLLM::Worker_TP
1317538 4797380 VLLM::Worker_TP
1796798 3056448 ray::AgentLoopW
1796796 3027308 ray::AgentLoopW
1785087 1296892 ray::vLLMHttpSe
== 2026-09-04T21:34:55+09:00
Mem:            1007         752         254         424         429         254
    PID   RSS COMMAND
1786196 87691080 VLLM::Worker
1786197 87687056 VLLM::Worker
1786195 87673296 VLLM::Worker
1786194 87328216 VLLM::Worker
1720304 62084992 ray::WorkerDict
1720305 61989704 ray::WorkerDict
1720306 61982240 ray::WorkerDict
1720303 61981636 ray::WorkerDict
1317539 4809260 VLLM::Worker_TP
1317538 4798148 VLLM::Worker_TP
1796798 3054460 ray::AgentLoopW
1796796 3028752 ray::AgentLoopW
1785087 1294844 ray::vLLMHttpSe
== 2026-09-04T21:35:15+09:00
Mem:            1007         752         254         424         429         254
    PID   RSS COMMAND
1786196 87691080 VLLM::Worker
1786197 87687056 VLLM::Worker
1786195 87673296 VLLM::Worker
1786194 87328216 VLLM::Worker
1720304 62084992 ray::WorkerDict
1720305 61989704 ray::WorkerDict
1720306 61982240 ray::WorkerDict
1720303 61981636 ray::WorkerDict
1317539 4808492 VLLM::Worker_TP
1317538 4797380 VLLM::Worker_TP
1796798 3045604 ray::AgentLoopW
1796796 3026140 ray::AgentLoopW
1785087 1294844 ray::vLLMHttpSe
== 2026-09-04T21:35:35+09:00
Mem:            1007         752         254         424         429         254
    PID   RSS COMMAND
1786196 87691080 VLLM::Worker
1786197 87687056 VLLM::Worker
1786195 87673296 VLLM::Worker
1786194 87328216 VLLM::Worker
1720304 62084992 ray::WorkerDict
1720305 61989704 ray::WorkerDict
1720306 61982240 ray::WorkerDict
1720303 61981636 ray::WorkerDict
1317539 4809260 VLLM::Worker_TP
1317538 4796612 VLLM::Worker_TP
1796798 3046484 ray::AgentLoopW
1796796 3017644 ray::AgentLoopW
1785087 1292800 ray::vLLMHttpSe
== 2026-09-04T21:35:55+09:00
Mem:            1007         752         254         424         429         254
    PID   RSS COMMAND
1786196 87690072 VLLM::Worker
1786197 87687056 VLLM::Worker
1786195 87673296 VLLM::Worker
1786194 87328216 VLLM::Worker
1720304 62084992 ray::WorkerDict
1720305 61989704 ray::WorkerDict
1720306 61982240 ray::WorkerDict
1720303 61981636 ray::WorkerDict
1317539 4808492 VLLM::Worker_TP
1317538 4796612 VLLM::Worker_TP
1796798 3045580 ray::AgentLoopW
1796796 3012932 ray::AgentLoopW
1785087 1291776 ray::vLLMHttpSe
== 2026-09-04T21:36:15+09:00
Mem:            1007         752         253         424         429         254
    PID   RSS COMMAND
1786196 87690072 VLLM::Worker
1786197 87687056 VLLM::Worker
1786195 87673296 VLLM::Worker
1786194 87328984 VLLM::Worker
1720304 62084992 ray::WorkerDict
1720305 61989704 ray::WorkerDict
1720306 61982240 ray::WorkerDict
1720303 61981636 ray::WorkerDict
1317539 4823852 VLLM::Worker_TP
1317538 4811204 VLLM::Worker_TP
1796798 3041920 ray::AgentLoopW
1796796 3011080 ray::AgentLoopW
1785087 1290752 ray::vLLMHttpSe
== 2026-09-04T21:36:35+09:00
Mem:            1007         752         253         424         429         254
    PID   RSS COMMAND
1786196 87690072 VLLM::Worker
1786197 87687056 VLLM::Worker
1786195 87673296 VLLM::Worker
1786194 87328984 VLLM::Worker
1720304 62084992 ray::WorkerDict
1720305 61989704 ray::WorkerDict
1720306 61982240 ray::WorkerDict
1720303 61981636 ray::WorkerDict
1317539 4823852 VLLM::Worker_TP
1317538 4811972 VLLM::Worker_TP
1796798 3042096 ray::AgentLoopW
1796796 3011080 ray::AgentLoopW
1785087 1288704 ray::vLLMHttpSe
== 2026-09-04T21:36:55+09:00
Mem:            1007         752         253         424         429         254
    PID   RSS COMMAND
1786196 87690072 VLLM::Worker
1786197 87687056 VLLM::Worker
1786195 87673296 VLLM::Worker
1786194 87328984 VLLM::Worker
1720304 62084992 ray::WorkerDict
1720305 61989704 ray::WorkerDict
1720306 61982240 ray::WorkerDict
1720303 61981636 ray::WorkerDict
1317539 4823852 VLLM::Worker_TP
1317538 4811972 VLLM::Worker_TP
1796798 3034632 ray::AgentLoopW
1796796 3005000 ray::AgentLoopW
1785087 1288704 ray::vLLMHttpSe
== 2026-09-04T21:37:15+09:00
Mem:            1007         752         253         424         429         254
    PID   RSS COMMAND
1786196 87690072 VLLM::Worker
1786197 87687056 VLLM::Worker
1786195 87673296 VLLM::Worker
1786194 87328984 VLLM::Worker
1720304 62084992 ray::WorkerDict
1720305 61989704 ray::WorkerDict
1720306 61982240 ray::WorkerDict
1720303 61981636 ray::WorkerDict
1317539 4823852 VLLM::Worker_TP
1317538 4811972 VLLM::Worker_TP
1796798 3026892 ray::AgentLoopW
1796796 3005000 ray::AgentLoopW
1785087 1281540 ray::vLLMHttpSe
== 2026-09-04T21:37:35+09:00
Mem:            1007         756         250         424         429         251
    PID   RSS COMMAND
1786196 87690072 VLLM::Worker
1786197 87687056 VLLM::Worker
1786195 87674832 VLLM::Worker
1786194 87329752 VLLM::Worker
1720304 62084992 ray::WorkerDict
1720305 61989704 ray::WorkerDict
1720306 61982240 ray::WorkerDict
1720303 61981636 ray::WorkerDict
1317539 4823852 VLLM::Worker_TP
1317538 4811972 VLLM::Worker_TP
1796796 2982104 ray::AgentLoopW
1796798 2929008 ray::AgentLoopW
1796799 2129220 ray::AgentLoopW
== 2026-09-04T21:37:55+09:00
Mem:            1007         756         250         424         429         251
    PID   RSS COMMAND
1786196 87703128 VLLM::Worker
1786197 87690128 VLLM::Worker
1786195 87684816 VLLM::Worker
1786194 87332824 VLLM::Worker
1720304 62084992 ray::WorkerDict
1720305 61989704 ray::WorkerDict
1720306 61982240 ray::WorkerDict
1720303 61981636 ray::WorkerDict
1317539 4823852 VLLM::Worker_TP
1317538 4811972 VLLM::Worker_TP
1796796 2982104 ray::AgentLoopW
1796798 2929008 ray::AgentLoopW
1796799 2129220 ray::AgentLoopW
== 2026-09-04T21:38:16+09:00
Mem:            1007         756         248         424         431         250
    PID   RSS COMMAND
1786196 87707204 VLLM::Worker
1786197 87691664 VLLM::Worker
1786195 87683704 VLLM::Worker
1786194 87332824 VLLM::Worker
1720304 62084992 ray::WorkerDict
1720305 61989704 ray::WorkerDict
1720306 61982240 ray::WorkerDict
1720303 61981636 ray::WorkerDict
1317539 4823852 VLLM::Worker_TP
1317538 4814276 VLLM::Worker_TP
1796796 2982104 ray::AgentLoopW
1796798 2929008 ray::AgentLoopW
1796799 2152712 ray::AgentLoopW
== 2026-09-04T21:38:36+09:00
Mem:            1007         756         248         424         432         251
    PID   RSS COMMAND
1786196 87707204 VLLM::Worker
1786197 87691664 VLLM::Worker
1786195 87683704 VLLM::Worker
1786194 87332824 VLLM::Worker
1720304 62084992 ray::WorkerDict
1720305 61989704 ray::WorkerDict
1720306 61982240 ray::WorkerDict
1720303 61981636 ray::WorkerDict
1317539 4823852 VLLM::Worker_TP
1317538 4814276 VLLM::Worker_TP
1796796 2982104 ray::AgentLoopW
1796798 2929008 ray::AgentLoopW
1796799 2145380 ray::AgentLoopW
== 2026-09-04T21:38:56+09:00
Mem:            1007         756         248         424         432         251
    PID   RSS COMMAND
1786196 87707204 VLLM::Worker
1786197 87692432 VLLM::Worker
1786195 87681672 VLLM::Worker
1786194 87332824 VLLM::Worker
1720304 62084992 ray::WorkerDict
1720305 61989704 ray::WorkerDict
1720306 61982240 ray::WorkerDict
1720303 61981636 ray::WorkerDict
1317539 4823852 VLLM::Worker_TP
1317538 4814276 VLLM::Worker_TP
1796796 2982104 ray::AgentLoopW
1796798 2929008 ray::AgentLoopW
1796799 2144016 ray::AgentLoopW
== 2026-09-04T21:39:16+09:00
Mem:            1007         756         248         424         432         251
    PID   RSS COMMAND
1786196 87706196 VLLM::Worker
1786197 87692432 VLLM::Worker
1786195 87679624 VLLM::Worker
1786194 87332824 VLLM::Worker
1720304 62084992 ray::WorkerDict
1720305 61989704 ray::WorkerDict
1720306 61982240 ray::WorkerDict
1720303 61981636 ray::WorkerDict
1317539 4823852 VLLM::Worker_TP
1317538 4814276 VLLM::Worker_TP
1796796 2982104 ray::AgentLoopW
1796798 2929008 ray::AgentLoopW
1796799 2144016 ray::AgentLoopW
== 2026-09-04T21:39:36+09:00
Mem:            1007         756         248         424         432         251
    PID   RSS COMMAND
1786196 87700100 VLLM::Worker
1786197 87692432 VLLM::Worker
1786195 87679624 VLLM::Worker
1786194 87332824 VLLM::Worker
1720304 62084992 ray::WorkerDict
1720305 61989704 ray::WorkerDict
1720306 61982240 ray::WorkerDict
1720303 61981636 ray::WorkerDict
1317539 4823852 VLLM::Worker_TP
1317538 4814276 VLLM::Worker_TP
1796796 2982104 ray::AgentLoopW
1796798 2929008 ray::AgentLoopW
1796799 2138024 ray::AgentLoopW
== 2026-09-04T21:39:56+09:00
Mem:            1007         756         248         424         432         251
    PID   RSS COMMAND
1786196 87700100 VLLM::Worker
1786197 87692432 VLLM::Worker
1786195 87679624 VLLM::Worker
1786194 87332824 VLLM::Worker
1720304 62084992 ray::WorkerDict
1720305 61989704 ray::WorkerDict
1720306 61982240 ray::WorkerDict
1720303 61981636 ray::WorkerDict
1317539 4823852 VLLM::Worker_TP
1317538 4814276 VLLM::Worker_TP
1796796 2982104 ray::AgentLoopW
1796798 2929008 ray::AgentLoopW
1796799 2132032 ray::AgentLoopW
== 2026-09-04T21:40:16+09:00
Mem:            1007         756         248         424         432         251
    PID   RSS COMMAND
1786196 87700100 VLLM::Worker
1786197 87692432 VLLM::Worker
1786195 87679624 VLLM::Worker
1786194 87330840 VLLM::Worker
1720304 62084992 ray::WorkerDict
1720305 61989704 ray::WorkerDict
1720306 61982240 ray::WorkerDict
1720303 61981636 ray::WorkerDict
1317539 4823852 VLLM::Worker_TP
1317538 4814276 VLLM::Worker_TP
1796796 2982104 ray::AgentLoopW
1796798 2929008 ray::AgentLoopW
1796799 2132032 ray::AgentLoopW
== 2026-09-04T21:40:36+09:00
Mem:            1007         756         248         424         432         251
    PID   RSS COMMAND
1786196 87700100 VLLM::Worker
1786197 87692432 VLLM::Worker
1786195 87679624 VLLM::Worker
1786194 87330840 VLLM::Worker
1720304 62084992 ray::WorkerDict
1720305 61989704 ray::WorkerDict
1720306 61982240 ray::WorkerDict
1720303 61981636 ray::WorkerDict
1317539 4823852 VLLM::Worker_TP
1317538 4814276 VLLM::Worker_TP
1796796 2982104 ray::AgentLoopW
1796798 2929008 ray::AgentLoopW
1796799 2132032 ray::AgentLoopW
== 2026-09-04T21:40:56+09:00
Mem:            1007         757         247         424         432         250
    PID   RSS COMMAND
1786196 87695044 VLLM::Worker
1786197 87689668 VLLM::Worker
1786195 87680392 VLLM::Worker
1786194 87330840 VLLM::Worker
1720304 62330860 ray::WorkerDict
1720305 62232760 ray::WorkerDict
1720303 62229168 ray::WorkerDict
1720306 62226420 ray::WorkerDict
1317539 4823852 VLLM::Worker_TP
1317538 4814276 VLLM::Worker_TP
1796796 2982104 ray::AgentLoopW
1796798 2929008 ray::AgentLoopW
1796799 2132032 ray::AgentLoopW
== 2026-09-04T21:41:16+09:00
Mem:            1007         529         474         424         432         477
    PID   RSS COMMAND
1786196 87695044 VLLM::Worker
1786197 87689668 VLLM::Worker
1786195 87680392 VLLM::Worker
1786194 87330840 VLLM::Worker
1317539 4823852 VLLM::Worker_TP
1317538 4814276 VLLM::Worker_TP
1796796 2982104 ray::AgentLoopW
1796798 2929008 ray::AgentLoopW
1720304 2728632 ray::WorkerDict
1720305 2648320 ray::WorkerDict
1720303 2644556 ray::WorkerDict
1720306 2641312 ray::WorkerDict
1796799 2132032 ray::AgentLoopW
== 2026-09-04T21:41:36+09:00
Mem:            1007         529         474         424         432         477
    PID   RSS COMMAND
1786196 87695044 VLLM::Worker
1786197 87689668 VLLM::Worker
1786195 87680392 VLLM::Worker
1786194 87330840 VLLM::Worker
1317539 4823852 VLLM::Worker_TP
1317538 4814276 VLLM::Worker_TP
1796796 2982104 ray::AgentLoopW
1796798 2929008 ray::AgentLoopW
1720304 2737080 ray::WorkerDict
1720305 2657536 ray::WorkerDict
1720303 2652236 ray::WorkerDict
1720306 2650528 ray::WorkerDict
1796799 2132032 ray::AgentLoopW
== 2026-09-04T21:41:56+09:00
Mem:            1007         529         474         424         432         477
    PID   RSS COMMAND
1786196 87695044 VLLM::Worker
1786197 87689668 VLLM::Worker
1786195 87680392 VLLM::Worker
1786194 87330840 VLLM::Worker
1317539 4823852 VLLM::Worker_TP
1317538 4814276 VLLM::Worker_TP
1796796 2982104 ray::AgentLoopW
1796798 2929008 ray::AgentLoopW
1720304 2797752 ray::WorkerDict
1720305 2729104 ray::WorkerDict
1720303 2724624 ray::WorkerDict
1720306 2721596 ray::WorkerDict
1796799 2132032 ray::AgentLoopW
== 2026-09-04T21:42:16+09:00
Mem:            1007         530         473         424         432         477
    PID   RSS COMMAND
1786196 87695044 VLLM::Worker
1786197 87689668 VLLM::Worker
1786195 87680392 VLLM::Worker
1786194 87330840 VLLM::Worker
1317539 4823852 VLLM::Worker_TP
1317538 4814276 VLLM::Worker_TP
1796796 2982104 ray::AgentLoopW
1796798 2929008 ray::AgentLoopW
1720304 2832312 ray::WorkerDict
1720305 2814636 ray::WorkerDict
1720303 2813440 ray::WorkerDict
1720306 2810544 ray::WorkerDict
1796799 2132032 ray::AgentLoopW
== 2026-09-04T21:42:36+09:00
Mem:            1007         530         473         424         432         477
    PID   RSS COMMAND
1786196 87695044 VLLM::Worker
1786197 87689668 VLLM::Worker
1786195 87680392 VLLM::Worker
1786194 87330840 VLLM::Worker
1317539 4823852 VLLM::Worker_TP
1317538 4814276 VLLM::Worker_TP
1796796 2982104 ray::AgentLoopW
1796798 2929008 ray::AgentLoopW
1720304 2915176 ray::WorkerDict
1720303 2898896 ray::WorkerDict
1720305 2898008 ray::WorkerDict
1720306 2891936 ray::WorkerDict
1796799 2132032 ray::AgentLoopW
== 2026-09-04T21:42:56+09:00
Mem:            1007         530         473         424         432         476
    PID   RSS COMMAND
1786196 87695044 VLLM::Worker
1786197 87689668 VLLM::Worker
1786195 87680392 VLLM::Worker
1786194 87330840 VLLM::Worker
1317539 4823852 VLLM::Worker_TP
1317538 4814276 VLLM::Worker_TP
1796796 2982104 ray::AgentLoopW
1720304 2938320 ray::WorkerDict
1796798 2929008 ray::AgentLoopW
1720305 2918188 ray::WorkerDict
1720303 2917988 ray::WorkerDict
1720306 2914480 ray::WorkerDict
1796799 2132032 ray::AgentLoopW
== 2026-09-04T21:43:16+09:00
Mem:            1007         530         473         424         432         476
    PID   RSS COMMAND
1786196 87695044 VLLM::Worker
1786197 87689668 VLLM::Worker
1786195 87680392 VLLM::Worker
1786194 87330840 VLLM::Worker
1317539 4823852 VLLM::Worker_TP
1317538 4814276 VLLM::Worker_TP
1796796 2982104 ray::AgentLoopW
1720304 2963764 ray::WorkerDict
1720305 2948460 ray::WorkerDict
1720303 2947880 ray::WorkerDict
1720306 2942692 ray::WorkerDict
1796798 2929008 ray::AgentLoopW
1796799 2132032 ray::AgentLoopW
== 2026-09-04T21:43:36+09:00
Mem:            1007         530         473         424         432         476
    PID   RSS COMMAND
1786196 87695044 VLLM::Worker
1786197 87689668 VLLM::Worker
1786195 87680392 VLLM::Worker
1786194 87330840 VLLM::Worker
1317539 4823852 VLLM::Worker_TP
1317538 4814276 VLLM::Worker_TP
1796796 2982104 ray::AgentLoopW
1720304 2963764 ray::WorkerDict
1720305 2948460 ray::WorkerDict
1720303 2947880 ray::WorkerDict
1720306 2942692 ray::WorkerDict
1796798 2929008 ray::AgentLoopW
1796799 2132032 ray::AgentLoopW
== 2026-09-04T21:43:56+09:00
Mem:            1007         530         473         424         432         476
    PID   RSS COMMAND
1786196 87695044 VLLM::Worker
1786197 87689668 VLLM::Worker
1786195 87680392 VLLM::Worker
1786194 87330840 VLLM::Worker
1317539 4823852 VLLM::Worker_TP
1317538 4814276 VLLM::Worker_TP
1796796 2982104 ray::AgentLoopW
1720304 2966068 ray::WorkerDict
1720305 2950764 ray::WorkerDict
1720303 2950184 ray::WorkerDict
1720306 2944996 ray::WorkerDict
1796798 2929008 ray::AgentLoopW
1796799 2132032 ray::AgentLoopW
== 2026-09-04T21:44:16+09:00
Mem:            1007         532         471         424         432         475
    PID   RSS COMMAND
1786196 87695044 VLLM::Worker
1786197 87689668 VLLM::Worker
1786195 87680392 VLLM::Worker
1786194 87330840 VLLM::Worker
1317539 4823852 VLLM::Worker_TP
1317538 4814276 VLLM::Worker_TP
1720303 3332192 ray::WorkerDict
1720304 3304688 ray::WorkerDict
1720305 3284748 ray::WorkerDict
1720306 3281396 ray::WorkerDict
1796796 2982104 ray::AgentLoopW
1796798 2929008 ray::AgentLoopW
1796799 2132032 ray::AgentLoopW
== 2026-09-04T21:44:36+09:00
Mem:            1007         532         471         424         432         475
    PID   RSS COMMAND
1786196 87695044 VLLM::Worker
1786197 87689668 VLLM::Worker
1786195 87680392 VLLM::Worker
1786194 87330840 VLLM::Worker
1317539 4823852 VLLM::Worker_TP
1317538 4814276 VLLM::Worker_TP
1720303 3337568 ray::WorkerDict
1720304 3310064 ray::WorkerDict
1720305 3289356 ray::WorkerDict
1720306 3287540 ray::WorkerDict
1796796 2982104 ray::AgentLoopW
1796798 2929008 ray::AgentLoopW
1796799 2132032 ray::AgentLoopW
== 2026-09-04T21:44:56+09:00
Mem:            1007         532         471         424         432         475
    PID   RSS COMMAND
1786196 87695044 VLLM::Worker
1786197 87689668 VLLM::Worker
1786195 87680392 VLLM::Worker
1786194 87330840 VLLM::Worker
1317539 4823852 VLLM::Worker_TP
1317538 4814276 VLLM::Worker_TP
1720303 3338336 ray::WorkerDict
1720304 3310832 ray::WorkerDict
1720305 3290124 ray::WorkerDict
1720306 3288308 ray::WorkerDict
1796796 2982104 ray::AgentLoopW
1796798 2929008 ray::AgentLoopW
1796799 2132032 ray::AgentLoopW
== 2026-09-04T21:45:16+09:00
Mem:            1007         532         471         424         432         475
    PID   RSS COMMAND
1786196 87695044 VLLM::Worker
1786197 87689668 VLLM::Worker
1786195 87680392 VLLM::Worker
1786194 87330840 VLLM::Worker
1317539 4823852 VLLM::Worker_TP
1317538 4814276 VLLM::Worker_TP
1720303 3338336 ray::WorkerDict
1720304 3310832 ray::WorkerDict
1720305 3290124 ray::WorkerDict
1720306 3288308 ray::WorkerDict
1796796 2982104 ray::AgentLoopW
1796798 2929008 ray::AgentLoopW
1796799 2132032 ray::AgentLoopW
== 2026-09-04T21:45:36+09:00
Mem:            1007         532         471         424         432         475
    PID   RSS COMMAND
1786196 87695044 VLLM::Worker
1786197 87689668 VLLM::Worker
1786195 87680392 VLLM::Worker
1786194 87330840 VLLM::Worker
1317539 4823852 VLLM::Worker_TP
1317538 4814276 VLLM::Worker_TP
1720303 3339104 ray::WorkerDict
1720304 3310832 ray::WorkerDict
1720305 3290124 ray::WorkerDict
1720306 3288308 ray::WorkerDict
1796796 2982104 ray::AgentLoopW
1796798 2929008 ray::AgentLoopW
1796799 2132032 ray::AgentLoopW
== 2026-09-04T21:45:56+09:00
Mem:            1007         532         471         424         432         475
    PID   RSS COMMAND
1786196 87695044 VLLM::Worker
1786197 87689668 VLLM::Worker
1786195 87680392 VLLM::Worker
1786194 87330840 VLLM::Worker
1317539 4823852 VLLM::Worker_TP
1317538 4814276 VLLM::Worker_TP
1720303 3339104 ray::WorkerDict
1720304 3310832 ray::WorkerDict
1720305 3290124 ray::WorkerDict
1720306 3288308 ray::WorkerDict
1796796 2982104 ray::AgentLoopW
1796798 2929008 ray::AgentLoopW
1796799 2132032 ray::AgentLoopW
== 2026-09-04T21:46:16+09:00
Mem:            1007         532         471         424         432         475
    PID   RSS COMMAND
1786196 87695044 VLLM::Worker
1786197 87689668 VLLM::Worker
1786195 87680392 VLLM::Worker
1786194 87330840 VLLM::Worker
1317539 4823852 VLLM::Worker_TP
1317538 4814276 VLLM::Worker_TP
1720303 3339104 ray::WorkerDict
1720304 3310832 ray::WorkerDict
1720305 3290124 ray::WorkerDict
1720306 3288308 ray::WorkerDict
1796796 2982104 ray::AgentLoopW
1796798 2929008 ray::AgentLoopW
1796799 2132032 ray::AgentLoopW
== 2026-09-04T21:46:36+09:00
Mem:            1007         532         471         424         432         475
    PID   RSS COMMAND
1786196 87695044 VLLM::Worker
1786197 87689668 VLLM::Worker
1786195 87680392 VLLM::Worker
1786194 87330840 VLLM::Worker
1317539 4823852 VLLM::Worker_TP
1317538 4814276 VLLM::Worker_TP
1720303 3339104 ray::WorkerDict
1720304 3310832 ray::WorkerDict
1720305 3290124 ray::WorkerDict
1720306 3288308 ray::WorkerDict
1796796 2982104 ray::AgentLoopW
1796798 2929008 ray::AgentLoopW
1796799 2132032 ray::AgentLoopW
== 2026-09-04T21:46:56+09:00
Mem:            1007         532         471         424         432         475
    PID   RSS COMMAND
1786196 87695044 VLLM::Worker
1786197 87689668 VLLM::Worker
1786195 87680392 VLLM::Worker
1786194 87330840 VLLM::Worker
1317539 4823852 VLLM::Worker_TP
1317538 4814276 VLLM::Worker_TP
1720303 3339104 ray::WorkerDict
1720304 3310832 ray::WorkerDict
1720305 3290124 ray::WorkerDict
1720306 3288308 ray::WorkerDict
1796796 2982104 ray::AgentLoopW
1796798 2929008 ray::AgentLoopW
1796799 2132032 ray::AgentLoopW
== 2026-09-04T21:47:16+09:00
Mem:            1007         532         471         424         432         475
    PID   RSS COMMAND
1786196 87695044 VLLM::Worker
1786197 87689668 VLLM::Worker
1786195 87680392 VLLM::Worker
1786194 87330840 VLLM::Worker
1317539 4823852 VLLM::Worker_TP
1317538 4814276 VLLM::Worker_TP
1720303 3339104 ray::WorkerDict
1720304 3310832 ray::WorkerDict
1720305 3290124 ray::WorkerDict
1720306 3288308 ray::WorkerDict
1796796 2982104 ray::AgentLoopW
1796798 2929008 ray::AgentLoopW
1796799 2132032 ray::AgentLoopW
== 2026-09-04T21:47:36+09:00
Mem:            1007         532         471         424         432         475
    PID   RSS COMMAND
1786196 87695044 VLLM::Worker
1786197 87689668 VLLM::Worker
1786195 87680392 VLLM::Worker
1786194 87330840 VLLM::Worker
1317539 4823852 VLLM::Worker_TP
1317538 4814276 VLLM::Worker_TP
1720303 3339104 ray::WorkerDict
1720304 3310832 ray::WorkerDict
1720305 3290124 ray::WorkerDict
1720306 3288308 ray::WorkerDict
1796796 2982104 ray::AgentLoopW
1796798 2929008 ray::AgentLoopW
1796799 2132032 ray::AgentLoopW
== 2026-09-04T21:47:56+09:00
Mem:            1007         532         471         424         432         475
    PID   RSS COMMAND
1786196 87695044 VLLM::Worker
1786197 87689668 VLLM::Worker
1786195 87680392 VLLM::Worker
1786194 87330840 VLLM::Worker
1317539 4823852 VLLM::Worker_TP
1317538 4814276 VLLM::Worker_TP
1720303 3339104 ray::WorkerDict
1720304 3310832 ray::WorkerDict
1720305 3290124 ray::WorkerDict
1720306 3288308 ray::WorkerDict
1796796 2982104 ray::AgentLoopW
1796798 2929008 ray::AgentLoopW
1796799 2132032 ray::AgentLoopW
== 2026-09-04T21:48:17+09:00
Mem:            1007         532         471         424         432         475
    PID   RSS COMMAND
1786196 87695044 VLLM::Worker
1786197 87689668 VLLM::Worker
1786195 87680392 VLLM::Worker
1786194 87330840 VLLM::Worker
1317539 4823852 VLLM::Worker_TP
1317538 4814276 VLLM::Worker_TP
1720303 3339104 ray::WorkerDict
1720304 3310832 ray::WorkerDict
1720305 3290124 ray::WorkerDict
1720306 3288308 ray::WorkerDict
1796796 2982104 ray::AgentLoopW
1796798 2929008 ray::AgentLoopW
1796799 2132032 ray::AgentLoopW
== 2026-09-04T21:48:37+09:00
Mem:            1007         532         471         424         432         475
    PID   RSS COMMAND
1786196 87695044 VLLM::Worker
1786197 87689668 VLLM::Worker
1786195 87680392 VLLM::Worker
1786194 87330840 VLLM::Worker
1317539 4823852 VLLM::Worker_TP
1317538 4814276 VLLM::Worker_TP
1720303 3339104 ray::WorkerDict
1720304 3311600 ray::WorkerDict
1720305 3290892 ray::WorkerDict
1720306 3289076 ray::WorkerDict
1796796 2982104 ray::AgentLoopW
1796798 2929008 ray::AgentLoopW
1796799 2132032 ray::AgentLoopW
== 2026-09-04T21:48:57+09:00
Mem:            1007         532         471         424         432         475
    PID   RSS COMMAND
1786196 87695044 VLLM::Worker
1786197 87689668 VLLM::Worker
1786195 87680392 VLLM::Worker
1786194 87330840 VLLM::Worker
1317539 4823852 VLLM::Worker_TP
1317538 4814276 VLLM::Worker_TP
1720303 3339104 ray::WorkerDict
1720304 3311600 ray::WorkerDict
1720305 3290892 ray::WorkerDict
1720306 3289076 ray::WorkerDict
1796796 2982104 ray::AgentLoopW
1796798 2929008 ray::AgentLoopW
1796799 2132032 ray::AgentLoopW
== 2026-09-04T21:49:17+09:00
Mem:            1007         532         471         424         432         475
    PID   RSS COMMAND
1786196 87695044 VLLM::Worker
1786197 87689668 VLLM::Worker
1786195 87680392 VLLM::Worker
1786194 87330840 VLLM::Worker
1317539 4823852 VLLM::Worker_TP
1317538 4814276 VLLM::Worker_TP
1720303 3339104 ray::WorkerDict
1720304 3311600 ray::WorkerDict
1720305 3290892 ray::WorkerDict
1720306 3289076 ray::WorkerDict
1796796 2982104 ray::AgentLoopW
1796798 2929008 ray::AgentLoopW
1796799 2132032 ray::AgentLoopW
== 2026-09-04T21:49:37+09:00
Mem:            1007         532         471         424         432         475
    PID   RSS COMMAND
1786196 87695044 VLLM::Worker
1786197 87689668 VLLM::Worker
1786195 87680392 VLLM::Worker
1786194 87330840 VLLM::Worker
1317539 4823852 VLLM::Worker_TP
1317538 4814276 VLLM::Worker_TP
1720303 3339872 ray::WorkerDict
1720304 3312368 ray::WorkerDict
1720305 3291660 ray::WorkerDict
1720306 3289076 ray::WorkerDict
1796796 2982104 ray::AgentLoopW
1796798 2929008 ray::AgentLoopW
1796799 2132032 ray::AgentLoopW
== 2026-09-04T21:49:57+09:00
Mem:            1007         532         471         424         432         475
    PID   RSS COMMAND
1786196 87695044 VLLM::Worker
1786197 87689668 VLLM::Worker
1786195 87680392 VLLM::Worker
1786194 87330840 VLLM::Worker
1317539 4823852 VLLM::Worker_TP
1317538 4814276 VLLM::Worker_TP
1720303 3339872 ray::WorkerDict
1720304 3312368 ray::WorkerDict
1720305 3291660 ray::WorkerDict
1720306 3289076 ray::WorkerDict
1796796 2982104 ray::AgentLoopW
1796798 2929008 ray::AgentLoopW
1796799 2132032 ray::AgentLoopW
== 2026-09-04T21:50:17+09:00
Mem:            1007         532         471         424         432         475
    PID   RSS COMMAND
1786196 87695044 VLLM::Worker
1786197 87689668 VLLM::Worker
1786195 87680392 VLLM::Worker
1786194 87330840 VLLM::Worker
1317539 4823852 VLLM::Worker_TP
1317538 4814276 VLLM::Worker_TP
1720303 3339872 ray::WorkerDict
1720304 3312368 ray::WorkerDict
1720305 3291660 ray::WorkerDict
1720306 3289076 ray::WorkerDict
1796796 2982104 ray::AgentLoopW
1796798 2929008 ray::AgentLoopW
1796799 2132032 ray::AgentLoopW
== 2026-09-04T21:50:37+09:00
Mem:            1007         532         471         424         432         475
    PID   RSS COMMAND
1786196 87695044 VLLM::Worker
1786197 87689668 VLLM::Worker
1786195 87680392 VLLM::Worker
1786194 87330840 VLLM::Worker
1317539 4823852 VLLM::Worker_TP
1317538 4814276 VLLM::Worker_TP
1720303 3340640 ray::WorkerDict
1720304 3313136 ray::WorkerDict
1720305 3292428 ray::WorkerDict
1720306 3289844 ray::WorkerDict
1796796 2982104 ray::AgentLoopW
1796798 2929008 ray::AgentLoopW
1796799 2132032 ray::AgentLoopW
== 2026-09-04T21:50:57+09:00
Mem:            1007         532         471         424         432         475
    PID   RSS COMMAND
1786196 87695044 VLLM::Worker
1786197 87689668 VLLM::Worker
1786195 87680392 VLLM::Worker
1786194 87330840 VLLM::Worker
1317539 4823852 VLLM::Worker_TP
1317538 4814276 VLLM::Worker_TP
1720303 3340640 ray::WorkerDict
1720304 3313136 ray::WorkerDict
1720305 3292428 ray::WorkerDict
1720306 3289844 ray::WorkerDict
1796796 2982104 ray::AgentLoopW
1796798 2929008 ray::AgentLoopW
1796799 2132032 ray::AgentLoopW
== 2026-09-04T21:51:17+09:00
Mem:            1007         576         433         424         425         431
    PID   RSS COMMAND
1786196 87674308 VLLM::Worker
1786197 87668164 VLLM::Worker
1786195 87659656 VLLM::Worker
1786194 87309336 VLLM::Worker
1720304 15470304 ray::WorkerDict
1720303 15410448 ray::WorkerDict
1720306 15257260 ray::WorkerDict
1720305 15180960 ray::WorkerDict
1317539 4810796 VLLM::Worker_TP
1317538 4801988 VLLM::Worker_TP
1796796 2774744 ray::AgentLoopW
1796798 2723952 ray::AgentLoopW
1796799 1926976 ray::AgentLoopW
== 2026-09-04T21:51:37+09:00
Mem:            1007         710         299         424         425         296
    PID   RSS COMMAND
1786196 87675076 VLLM::Worker
1786197 87668164 VLLM::Worker
1786195 87659656 VLLM::Worker
1786194 87310104 VLLM::Worker
1720304 50764440 ray::WorkerDict
1720303 50704276 ray::WorkerDict
1720306 50371692 ray::WorkerDict
1720305 50293232 ray::WorkerDict
1317539 4810796 VLLM::Worker_TP
1317538 4801988 VLLM::Worker_TP
1796796 2774744 ray::AgentLoopW
1796798 2723952 ray::AgentLoopW
1796799 1926976 ray::AgentLoopW
== 2026-09-04T21:51:57+09:00
Mem:            1007         760         249         424         425         246
    PID   RSS COMMAND
1786196 87675076 VLLM::Worker
1786197 87668164 VLLM::Worker
1786195 87659656 VLLM::Worker
1786194 87310104 VLLM::Worker
1720304 64182200 ray::WorkerDict
1720303 63577288 ray::WorkerDict
1720305 63567516 ray::WorkerDict
1720306 63407960 ray::WorkerDict
1317539 4810796 VLLM::Worker_TP
1317538 4801988 VLLM::Worker_TP
1796796 2774744 ray::AgentLoopW
1796798 2723952 ray::AgentLoopW
1796799 1926976 ray::AgentLoopW
== 2026-09-04T21:52:17+09:00
Mem:            1007         762         247         424         425         244
    PID   RSS COMMAND
1786196 87675076 VLLM::Worker
1786197 87668164 VLLM::Worker
1786195 87659656 VLLM::Worker
1786194 87310104 VLLM::Worker
1720306 64590372 ray::WorkerDict
1720305 64033232 ray::WorkerDict
1720303 63957968 ray::WorkerDict
1720304 63904912 ray::WorkerDict
1317539 4810796 VLLM::Worker_TP
1317538 4801988 VLLM::Worker_TP
1796796 2774744 ray::AgentLoopW
1796798 2723952 ray::AgentLoopW
1796799 1926976 ray::AgentLoopW
== 2026-09-04T21:52:37+09:00
Mem:            1007         762         247         424         426         245
    PID   RSS COMMAND
1786196 87679684 VLLM::Worker
1786197 87675076 VLLM::Worker
1786195 87664264 VLLM::Worker
1786194 87313944 VLLM::Worker
1720304 63891600 ray::WorkerDict
1720303 63764420 ray::WorkerDict
1720305 63616708 ray::WorkerDict
1720306 63595468 ray::WorkerDict
1317539 4810796 VLLM::Worker_TP
1317538 4801988 VLLM::Worker_TP
1796796 2774744 ray::AgentLoopW
1796798 2723952 ray::AgentLoopW
1796799 2141864 ray::AgentLoopW
== 2026-09-04T21:52:57+09:00
Mem:            1007         762         247         424         426         245
    PID   RSS COMMAND
1786196 87684060 VLLM::Worker
1786197 87680452 VLLM::Worker
1786195 87670160 VLLM::Worker
1786194 87319320 VLLM::Worker
1720304 63891600 ray::WorkerDict
1720303 63764420 ray::WorkerDict
1720305 63616708 ray::WorkerDict
1720306 63595468 ray::WorkerDict
1317539 4810796 VLLM::Worker_TP
1317538 4801988 VLLM::Worker_TP
1796796 2774744 ray::AgentLoopW
1796798 2723952 ray::AgentLoopW
1796799 2141864 ray::AgentLoopW
== 2026-09-04T21:53:17+09:00
Mem:            1007         762         247         424         426         244
    PID   RSS COMMAND
1786196 87684060 VLLM::Worker
1786197 87681220 VLLM::Worker
1786195 87670928 VLLM::Worker
1786194 87320088 VLLM::Worker
1720304 63891600 ray::WorkerDict
1720303 63764420 ray::WorkerDict
1720305 63615940 ray::WorkerDict
1720306 63594700 ray::WorkerDict
1317539 4810028 VLLM::Worker_TP
1317538 4801988 VLLM::Worker_TP
1796796 2776280 ray::AgentLoopW
1796798 2723952 ray::AgentLoopW
1796799 2142632 ray::AgentLoopW
== 2026-09-04T21:53:37+09:00
Mem:            1007         762         247         424         426         245
    PID   RSS COMMAND
1786196 87685596 VLLM::Worker
1786197 87678148 VLLM::Worker
1786195 87670160 VLLM::Worker
1786194 87318552 VLLM::Worker
1720304 63883152 ray::WorkerDict
1720303 63753668 ray::WorkerDict
1720305 63606724 ray::WorkerDict
1720306 63588556 ray::WorkerDict
1317539 4810796 VLLM::Worker_TP
1317538 4800452 VLLM::Worker_TP
1796796 2774744 ray::AgentLoopW
1796798 2723952 ray::AgentLoopW
1796799 2142632 ray::AgentLoopW
== 2026-09-04T21:53:57+09:00
Mem:            1007         762         246         424         426         244
    PID   RSS COMMAND
1786196 87685596 VLLM::Worker
1786197 87678148 VLLM::Worker
1786195 87670160 VLLM::Worker
1786194 87318552 VLLM::Worker
1720304 63883920 ray::WorkerDict
1720303 63754436 ray::WorkerDict
1720305 63607492 ray::WorkerDict
1720306 63588556 ray::WorkerDict
1317539 4810796 VLLM::Worker_TP
1317538 4800452 VLLM::Worker_TP
1796796 2774744 ray::AgentLoopW
1796798 2723952 ray::AgentLoopW
1796799 2138604 ray::AgentLoopW
== 2026-09-04T21:54:17+09:00
Mem:            1007         762         246         424         426         244
    PID   RSS COMMAND
1786196 87685596 VLLM::Worker
1786197 87678148 VLLM::Worker
1786195 87670160 VLLM::Worker
1786194 87318552 VLLM::Worker
1720304 63883920 ray::WorkerDict
1720303 63754436 ray::WorkerDict
1720305 63607492 ray::WorkerDict
1720306 63588556 ray::WorkerDict
1317539 4810796 VLLM::Worker_TP
1317538 4799684 VLLM::Worker_TP
1796796 2774744 ray::AgentLoopW
1796798 2723952 ray::AgentLoopW
1796799 2131068 ray::AgentLoopW
== 2026-09-04T21:54:37+09:00
Mem:            1007         762         246         424         427         244
    PID   RSS COMMAND
1786196 87685596 VLLM::Worker
1786197 87678148 VLLM::Worker
1786195 87670160 VLLM::Worker
1786194 87317784 VLLM::Worker
1720304 63883920 ray::WorkerDict
1720303 63755204 ray::WorkerDict
1720305 63608260 ray::WorkerDict
1720306 63589324 ray::WorkerDict
1317539 4810796 VLLM::Worker_TP
1317538 4800452 VLLM::Worker_TP
1796796 2774744 ray::AgentLoopW
1796798 2723952 ray::AgentLoopW
1796799 2127892 ray::AgentLoopW
== 2026-09-04T21:54:57+09:00
Mem:            1007         762         246         424         427         244
    PID   RSS COMMAND
1786196 87685596 VLLM::Worker
1786197 87678148 VLLM::Worker
1786195 87670160 VLLM::Worker
1786194 87317784 VLLM::Worker
1720304 63883920 ray::WorkerDict
1720303 63755204 ray::WorkerDict
1720305 63608260 ray::WorkerDict
1720306 63589324 ray::WorkerDict
1317539 4810796 VLLM::Worker_TP
1317538 4801220 VLLM::Worker_TP
1796796 2774744 ray::AgentLoopW
1796798 2723952 ray::AgentLoopW
1796799 2127892 ray::AgentLoopW
== 2026-09-04T21:55:17+09:00
Mem:            1007         762         246         424         427         244
    PID   RSS COMMAND
1786196 87685596 VLLM::Worker
1786197 87678148 VLLM::Worker
1786195 87670160 VLLM::Worker
1786194 87317784 VLLM::Worker
1720304 63883920 ray::WorkerDict
1720303 63755204 ray::WorkerDict
1720305 63608260 ray::WorkerDict
1720306 63589324 ray::WorkerDict
1317539 4810796 VLLM::Worker_TP
1317538 4799684 VLLM::Worker_TP
1796796 2774744 ray::AgentLoopW
1796798 2723952 ray::AgentLoopW
1796799 2127892 ray::AgentLoopW
== 2026-09-04T21:55:37+09:00
Mem:            1007         762         246         424         427         244
    PID   RSS COMMAND
1786196 87685596 VLLM::Worker
1786197 87678148 VLLM::Worker
1786195 87670160 VLLM::Worker
1786194 87317784 VLLM::Worker
1720304 63883920 ray::WorkerDict
1720303 63755204 ray::WorkerDict
1720305 63608260 ray::WorkerDict
1720306 63589324 ray::WorkerDict
1317539 4810796 VLLM::Worker_TP
1317538 4799684 VLLM::Worker_TP
1796796 2774744 ray::AgentLoopW
1796798 2723952 ray::AgentLoopW
1796799 2127892 ray::AgentLoopW
== 2026-09-04T21:55:57+09:00
Mem:            1007         592         416         424         427         414
    PID   RSS COMMAND
1786196 87684588 VLLM::Worker
1786197 87676588 VLLM::Worker
1786195 87670160 VLLM::Worker
1786194 87317784 VLLM::Worker
1720305 19048660 ray::WorkerDict
1720306 18990252 ray::WorkerDict
1720304 18895244 ray::WorkerDict
1720303 18788472 ray::WorkerDict
1317539 4810796 VLLM::Worker_TP
1317538 4799684 VLLM::Worker_TP
1796796 2774744 ray::AgentLoopW
1796798 2723952 ray::AgentLoopW
1796799 2127892 ray::AgentLoopW
== 2026-09-04T21:56:17+09:00
Mem:            1007         535         474         424         427         472
    PID   RSS COMMAND
1786196 87684588 VLLM::Worker
1786197 87676588 VLLM::Worker
1786195 87670160 VLLM::Worker
1786194 87317784 VLLM::Worker
1317539 4810796 VLLM::Worker_TP
1317538 4799684 VLLM::Worker_TP
1720304 4291580 ray::WorkerDict
1720303 4184808 ray::WorkerDict
1720305 4042480 ray::WorkerDict
1720306 3777196 ray::WorkerDict
1796796 2774744 ray::AgentLoopW
1796798 2723952 ray::AgentLoopW
1796799 2127892 ray::AgentLoopW
== 2026-09-04T21:56:37+09:00
Mem:            1007         534         474         424         427         472
    PID   RSS COMMAND
1786196 87684588 VLLM::Worker
1786197 87676588 VLLM::Worker
1786195 87670160 VLLM::Worker
1786194 87317784 VLLM::Worker
1317539 4810796 VLLM::Worker_TP
1317538 4799684 VLLM::Worker_TP
1720303 4231660 ray::WorkerDict
1720305 4055420 ray::WorkerDict
1720304 4037428 ray::WorkerDict
1720306 3792212 ray::WorkerDict
1796796 2774744 ray::AgentLoopW
1796798 2723952 ray::AgentLoopW
1796799 2127892 ray::AgentLoopW
== 2026-09-04T21:56:57+09:00
Mem:            1007         534         474         424         427         472
    PID   RSS COMMAND
1786196 87684588 VLLM::Worker
1786197 87676588 VLLM::Worker
1786195 87670160 VLLM::Worker
1786194 87317784 VLLM::Worker
1317539 4810796 VLLM::Worker_TP
1317538 4799684 VLLM::Worker_TP
1720303 4233196 ray::WorkerDict
1720305 4056956 ray::WorkerDict
1720304 4038964 ray::WorkerDict
1720306 3793748 ray::WorkerDict
1796796 2774744 ray::AgentLoopW
1796798 2723952 ray::AgentLoopW
1796799 2127892 ray::AgentLoopW
== 2026-09-04T21:57:18+09:00
Mem:            1007         534         474         424         427         472
    PID   RSS COMMAND
1786196 87684588 VLLM::Worker
1786197 87676588 VLLM::Worker
1786195 87670160 VLLM::Worker
1786194 87317784 VLLM::Worker
1317539 4810796 VLLM::Worker_TP
1317538 4799684 VLLM::Worker_TP
1720303 4233196 ray::WorkerDict
1720305 4056956 ray::WorkerDict
1720304 4038964 ray::WorkerDict
1720306 3793748 ray::WorkerDict
1796796 2774744 ray::AgentLoopW
1796798 2723952 ray::AgentLoopW
1796799 2127892 ray::AgentLoopW
== 2026-09-04T21:57:38+09:00
Mem:            1007         534         474         424         427         472
    PID   RSS COMMAND
1786196 87684588 VLLM::Worker
1786197 87676588 VLLM::Worker
1786195 87670160 VLLM::Worker
1786194 87317784 VLLM::Worker
1317539 4810796 VLLM::Worker_TP
1317538 4799684 VLLM::Worker_TP
1720303 4233196 ray::WorkerDict
1720305 4056956 ray::WorkerDict
1720304 4038964 ray::WorkerDict
1720306 3793748 ray::WorkerDict
1796796 2774744 ray::AgentLoopW
1796798 2723952 ray::AgentLoopW
1796799 2127892 ray::AgentLoopW
== 2026-09-04T21:57:58+09:00
Mem:            1007         534         474         424         427         472
    PID   RSS COMMAND
1786196 87684588 VLLM::Worker
1786197 87676588 VLLM::Worker
1786195 87670160 VLLM::Worker
1786194 87317784 VLLM::Worker
1317539 4810796 VLLM::Worker_TP
1317538 4799684 VLLM::Worker_TP
1720303 4233196 ray::WorkerDict
1720305 4056956 ray::WorkerDict
1720304 4038964 ray::WorkerDict
1720306 3793748 ray::WorkerDict
1796796 2774744 ray::AgentLoopW
1796798 2723952 ray::AgentLoopW
1796799 2127892 ray::AgentLoopW
== 2026-09-04T21:58:18+09:00
Mem:            1007         534         474         424         427         472
    PID   RSS COMMAND
1786196 87684588 VLLM::Worker
1786197 87676588 VLLM::Worker
1786195 87670160 VLLM::Worker
1786194 87317784 VLLM::Worker
1317539 4810796 VLLM::Worker_TP
1317538 4801988 VLLM::Worker_TP
1720303 4233196 ray::WorkerDict
1720305 4056956 ray::WorkerDict
1720304 4039732 ray::WorkerDict
1720306 3793748 ray::WorkerDict
1796796 2774744 ray::AgentLoopW
1796798 2723952 ray::AgentLoopW
1796799 2127892 ray::AgentLoopW
== 2026-09-04T21:58:38+09:00
Mem:            1007         534         474         424         427         472
    PID   RSS COMMAND
1786196 87684588 VLLM::Worker
1786197 87676588 VLLM::Worker
1786195 87670160 VLLM::Worker
1786194 87317784 VLLM::Worker
1317539 4810796 VLLM::Worker_TP
1317538 4801988 VLLM::Worker_TP
1720303 4233196 ray::WorkerDict
1720305 4056956 ray::WorkerDict
1720304 4039732 ray::WorkerDict
1720306 3793748 ray::WorkerDict
1796796 2774744 ray::AgentLoopW
1796798 2723952 ray::AgentLoopW
1796799 2127892 ray::AgentLoopW
== 2026-09-04T21:58:58+09:00
Mem:            1007         534         474         424         427         472
    PID   RSS COMMAND
1786196 87684588 VLLM::Worker
1786197 87676588 VLLM::Worker
1786195 87670160 VLLM::Worker
1786194 87317784 VLLM::Worker
1317539 4810796 VLLM::Worker_TP
1317538 4802756 VLLM::Worker_TP
1720303 4211460 ray::WorkerDict
1720304 4041268 ray::WorkerDict
1720305 4035888 ray::WorkerDict
1720306 3767220 ray::WorkerDict
1796796 2774744 ray::AgentLoopW
1796798 2723952 ray::AgentLoopW
1796799 2127892 ray::AgentLoopW
== 2026-09-04T21:59:18+09:00
Mem:            1007         622         386         424         427         384
    PID   RSS COMMAND
1786196 87679212 VLLM::Worker
1786197 87671980 VLLM::Worker
1786195 87664784 VLLM::Worker
1786194 87313944 VLLM::Worker
1720303 27325572 ray::WorkerDict
1720304 27154184 ray::WorkerDict
1720305 27150736 ray::WorkerDict
1720306 26866456 ray::WorkerDict
1317539 4810796 VLLM::Worker_TP
1317538 4802756 VLLM::Worker_TP
1796796 2774744 ray::AgentLoopW
1796798 2723952 ray::AgentLoopW
1796799 2127892 ray::AgentLoopW
== 2026-09-04T21:59:38+09:00
Mem:            1007         757         251         424         427         250
    PID   RSS COMMAND
1786196 87683052 VLLM::Worker
1786197 87675052 VLLM::Worker
1786195 87668624 VLLM::Worker
1786194 87317016 VLLM::Worker
1720303 62620380 ray::WorkerDict
1720304 62447808 ray::WorkerDict
1720305 62177528 ray::WorkerDict
1720306 61896792 ray::WorkerDict
1317539 4810796 VLLM::Worker_TP
1317538 4802756 VLLM::Worker_TP
1796796 2774744 ray::AgentLoopW
1796798 2723952 ray::AgentLoopW
1796799 2127892 ray::AgentLoopW
== 2026-09-04T21:59:58+09:00
Mem:            1007         763         246         424         427         244
    PID   RSS COMMAND
1786196 87683052 VLLM::Worker
1786197 87675052 VLLM::Worker
1786195 87668624 VLLM::Worker
1786194 87317016 VLLM::Worker
1720305 63899672 ray::WorkerDict
1720304 63887008 ray::WorkerDict
1720303 63881960 ray::WorkerDict
1720306 63624924 ray::WorkerDict
1317539 4810796 VLLM::Worker_TP
1317538 4802756 VLLM::Worker_TP
1796796 2774744 ray::AgentLoopW
1796798 2723952 ray::AgentLoopW
1796799 2127892 ray::AgentLoopW
== 2026-09-04T22:00:18+09:00
Mem:            1007         763         245         424         427         243
    PID   RSS COMMAND
1786196 87680748 VLLM::Worker
1786197 87672748 VLLM::Worker
1786195 87666320 VLLM::Worker
1786194 87314712 VLLM::Worker
1720305 64333760 ray::WorkerDict
1720303 63950752 ray::WorkerDict
1720304 63929268 ray::WorkerDict
1720306 63844840 ray::WorkerDict
1317539 4810796 VLLM::Worker_TP
1317538 4803524 VLLM::Worker_TP
1796796 2774744 ray::AgentLoopW
1796798 2723952 ray::AgentLoopW
1796799 2127892 ray::AgentLoopW
== 2026-09-04T22:00:38+09:00
Mem:            1007         763         245         424         427         243
    PID   RSS COMMAND
1786196 87686636 VLLM::Worker
1786197 87680428 VLLM::Worker
1786195 87672208 VLLM::Worker
1786194 87321624 VLLM::Worker
1720303 63853536 ray::WorkerDict
1720306 63699680 ray::WorkerDict
1720305 63677372 ray::WorkerDict
1720304 63668688 ray::WorkerDict
1317539 4810796 VLLM::Worker_TP
1317538 4803524 VLLM::Worker_TP
1796796 2792408 ray::AgentLoopW
1796798 2735472 ray::AgentLoopW
1796799 2124052 ray::AgentLoopW
== 2026-09-04T22:00:58+09:00
Mem:            1007         763         245         424         427         243
    PID   RSS COMMAND
1786196 87687644 VLLM::Worker
1786197 87683500 VLLM::Worker
1786195 87672976 VLLM::Worker
1786194 87321624 VLLM::Worker
1720303 63853536 ray::WorkerDict
1720306 63699680 ray::WorkerDict
1720305 63677372 ray::WorkerDict
1720304 63668688 ray::WorkerDict
1317539 4810796 VLLM::Worker_TP
1317538 4803524 VLLM::Worker_TP
1796796 2792408 ray::AgentLoopW
1796798 2735472 ray::AgentLoopW
1796799 2124052 ray::AgentLoopW
== 2026-09-04T22:01:18+09:00
Mem:            1007         764         245         424         427         243
    PID   RSS COMMAND
1786196 87687644 VLLM::Worker
1786197 87683500 VLLM::Worker
1786195 87672976 VLLM::Worker
1786194 87321624 VLLM::Worker
1720303 63853536 ray::WorkerDict
1720306 63699680 ray::WorkerDict
1720305 63677372 ray::WorkerDict
1720304 63668688 ray::WorkerDict
1317539 4810796 VLLM::Worker_TP
1317538 4803524 VLLM::Worker_TP
1796796 2792408 ray::AgentLoopW
1796798 2737008 ray::AgentLoopW
1796799 2124052 ray::AgentLoopW
== 2026-09-04T22:01:38+09:00
Mem:            1007         764         243         424         428         243
    PID   RSS COMMAND
1786196 87687644 VLLM::Worker
1786197 87683500 VLLM::Worker
1786195 87672976 VLLM::Worker
1786194 87321624 VLLM::Worker
1720303 63853536 ray::WorkerDict
1720306 63699680 ray::WorkerDict
1720305 63677372 ray::WorkerDict
1720304 63668688 ray::WorkerDict
1317539 4810796 VLLM::Worker_TP
1317538 4803524 VLLM::Worker_TP
1796796 2792408 ray::AgentLoopW
1796798 2737008 ray::AgentLoopW
1796799 2124052 ray::AgentLoopW
== 2026-09-04T22:01:58+09:00
Mem:            1007         764         242         424         430         242
    PID   RSS COMMAND
1786196 87686636 VLLM::Worker
1786197 87683500 VLLM::Worker
1786195 87671972 VLLM::Worker
1786194 87320616 VLLM::Worker
1720303 63853536 ray::WorkerDict
1720306 63699680 ray::WorkerDict
1720305 63677372 ray::WorkerDict
1720304 63668688 ray::WorkerDict
1317539 4810796 VLLM::Worker_TP
1317538 4803524 VLLM::Worker_TP
1796796 2794712 ray::AgentLoopW
1796798 2737008 ray::AgentLoopW
1796799 2124052 ray::AgentLoopW
== 2026-09-04T22:02:18+09:00
Mem:            1007         764         242         424         430         242
    PID   RSS COMMAND
1786196 87686636 VLLM::Worker
1786197 87682592 VLLM::Worker
1786195 87671972 VLLM::Worker
1786194 87320616 VLLM::Worker
1720303 63853536 ray::WorkerDict
1720306 63699680 ray::WorkerDict
1720305 63677372 ray::WorkerDict
1720304 63668688 ray::WorkerDict
1317539 4810796 VLLM::Worker_TP
1317538 4803524 VLLM::Worker_TP
1796796 2794712 ray::AgentLoopW
1796798 2737008 ray::AgentLoopW
1796799 2124052 ray::AgentLoopW
== 2026-09-04T22:02:38+09:00
Mem:            1007         764         242         424         430         243
    PID   RSS COMMAND
1786196 87686636 VLLM::Worker
1786197 87682592 VLLM::Worker
1786195 87671972 VLLM::Worker
1786194 87320616 VLLM::Worker
1720303 63853536 ray::WorkerDict
1720306 63699680 ray::WorkerDict
1720305 63677372 ray::WorkerDict
1720304 63668688 ray::WorkerDict
1317539 4810796 VLLM::Worker_TP
1317538 4803524 VLLM::Worker_TP
1796796 2794712 ray::AgentLoopW
1796798 2737008 ray::AgentLoopW
1796799 2124052 ray::AgentLoopW
== 2026-09-04T22:02:58+09:00
Mem:            1007         764         242         424         430         243
    PID   RSS COMMAND
1786196 87686636 VLLM::Worker
1786197 87682592 VLLM::Worker
1786195 87671972 VLLM::Worker
1786194 87320616 VLLM::Worker
1720303 63853536 ray::WorkerDict
1720306 63699680 ray::WorkerDict
1720305 63677372 ray::WorkerDict
1720304 63668688 ray::WorkerDict
1317539 4810796 VLLM::Worker_TP
1317538 4803524 VLLM::Worker_TP
1796796 2794712 ray::AgentLoopW
1796798 2737008 ray::AgentLoopW
1796799 2124052 ray::AgentLoopW
== 2026-09-04T22:03:18+09:00
Mem:            1007         765         241         424         430         242
    PID   RSS COMMAND
1786196 87686636 VLLM::Worker
1786197 87682592 VLLM::Worker
1786195 87671972 VLLM::Worker
1786194 87320616 VLLM::Worker
1720303 63853536 ray::WorkerDict
1720306 63699680 ray::WorkerDict
1720305 63677372 ray::WorkerDict
1720304 63669456 ray::WorkerDict
1317539 4810796 VLLM::Worker_TP
1317538 4803524 VLLM::Worker_TP
1796796 2794712 ray::AgentLoopW
1796798 2737008 ray::AgentLoopW
1796799 2124052 ray::AgentLoopW
== 2026-09-04T22:03:38+09:00
Mem:            1007         765         241         424         430         242
    PID   RSS COMMAND
1786196 87686636 VLLM::Worker
1786197 87682592 VLLM::Worker
1786195 87671972 VLLM::Worker
1786194 87320616 VLLM::Worker
1720303 63853536 ray::WorkerDict
1720306 63699680 ray::WorkerDict
1720305 63677372 ray::WorkerDict
1720304 63669456 ray::WorkerDict
1317539 4810796 VLLM::Worker_TP
1317538 4803524 VLLM::Worker_TP
1796796 2794712 ray::AgentLoopW
1796798 2737008 ray::AgentLoopW
1796799 2124052 ray::AgentLoopW
== 2026-09-04T22:03:58+09:00
Mem:            1007         765         241         424         430         242
    PID   RSS COMMAND
1786196 87686636 VLLM::Worker
1786197 87682592 VLLM::Worker
1786195 87671972 VLLM::Worker
1786194 87319608 VLLM::Worker
1720303 63853536 ray::WorkerDict
1720306 63699680 ray::WorkerDict
1720305 63677372 ray::WorkerDict
1720304 63669456 ray::WorkerDict
1317539 4810796 VLLM::Worker_TP
1317538 4803524 VLLM::Worker_TP
1796796 2794712 ray::AgentLoopW
1796798 2737008 ray::AgentLoopW
1796799 2123044 ray::AgentLoopW
== 2026-09-04T22:04:18+09:00
Mem:            1007         749         257         424         430         258
    PID   RSS COMMAND
1786196 87686636 VLLM::Worker
1786197 87681588 VLLM::Worker
1786195 87671972 VLLM::Worker
1786194 87319608 VLLM::Worker
1720306 59446280 ray::WorkerDict
1720305 59438752 ray::WorkerDict
1720303 59033980 ray::WorkerDict
1720304 58813728 ray::WorkerDict
1317539 4810796 VLLM::Worker_TP
1317538 4803524 VLLM::Worker_TP
1796796 2794712 ray::AgentLoopW
1796798 2737008 ray::AgentLoopW
1796799 2123044 ray::AgentLoopW
== 2026-09-04T22:04:38+09:00
Mem:            1007         537         469         424         430         470
    PID   RSS COMMAND
1786196 87686636 VLLM::Worker
1786197 87681588 VLLM::Worker
1786195 87671972 VLLM::Worker
1786194 87319608 VLLM::Worker
1317539 4810796 VLLM::Worker_TP
1317538 4803524 VLLM::Worker_TP
1720303 4267360 ray::WorkerDict
1720305 4085988 ray::WorkerDict
1720306 4081676 ray::WorkerDict
1720304 4047108 ray::WorkerDict
1796796 2794712 ray::AgentLoopW
1796798 2737008 ray::AgentLoopW
1796799 2123044 ray::AgentLoopW
== 2026-09-04T22:04:58+09:00
Mem:            1007         537         469         424         430         470
    PID   RSS COMMAND
1786196 87686636 VLLM::Worker
1786197 87681588 VLLM::Worker
1786195 87671972 VLLM::Worker
1786194 87319608 VLLM::Worker
1317539 4810796 VLLM::Worker_TP
1317538 4803524 VLLM::Worker_TP
1720303 4267360 ray::WorkerDict
1720305 4085988 ray::WorkerDict
1720306 4081676 ray::WorkerDict
1720304 4047108 ray::WorkerDict
1796796 2794712 ray::AgentLoopW
1796798 2737008 ray::AgentLoopW
1796799 2123044 ray::AgentLoopW
== 2026-09-04T22:05:18+09:00
Mem:            1007         537         469         424         430         469
    PID   RSS COMMAND
1786196 87686636 VLLM::Worker
1786197 87681588 VLLM::Worker
1786195 87671972 VLLM::Worker
1786194 87319608 VLLM::Worker
1317539 4810796 VLLM::Worker_TP
1317538 4803524 VLLM::Worker_TP
1720303 4279220 ray::WorkerDict
1720305 4101104 ray::WorkerDict
1720306 4085776 ray::WorkerDict
1720304 4055960 ray::WorkerDict
1796796 2794712 ray::AgentLoopW
1796798 2737008 ray::AgentLoopW
1796799 2123044 ray::AgentLoopW
== 2026-09-04T22:05:38+09:00
Mem:            1007         537         469         424         430         469
    PID   RSS COMMAND
1786196 87686636 VLLM::Worker
1786197 87681588 VLLM::Worker
1786195 87671972 VLLM::Worker
1786194 87319608 VLLM::Worker
1317539 4810796 VLLM::Worker_TP
1317538 4803524 VLLM::Worker_TP
1720303 4279988 ray::WorkerDict
1720305 4101872 ray::WorkerDict
1720306 4087312 ray::WorkerDict
1720304 4056728 ray::WorkerDict
1796796 2794712 ray::AgentLoopW
1796798 2737008 ray::AgentLoopW
1796799 2123044 ray::AgentLoopW
== 2026-09-04T22:05:58+09:00
Mem:            1007         537         469         424         430         469
    PID   RSS COMMAND
1786196 87686636 VLLM::Worker
1786197 87681588 VLLM::Worker
1786195 87671972 VLLM::Worker
1786194 87319608 VLLM::Worker
1317539 4810796 VLLM::Worker_TP
1317538 4803524 VLLM::Worker_TP
1720303 4279988 ray::WorkerDict
1720305 4101872 ray::WorkerDict
1720306 4087312 ray::WorkerDict
1720304 4056728 ray::WorkerDict
1796796 2794712 ray::AgentLoopW
1796798 2737008 ray::AgentLoopW
1796799 2123044 ray::AgentLoopW
== 2026-09-04T22:06:18+09:00
Mem:            1007         537         469         424         430         469
    PID   RSS COMMAND
1786196 87686636 VLLM::Worker
1786197 87681588 VLLM::Worker
1786195 87671972 VLLM::Worker
1786194 87319608 VLLM::Worker
1317539 4810796 VLLM::Worker_TP
1317538 4803524 VLLM::Worker_TP
1720303 4279988 ray::WorkerDict
1720305 4101872 ray::WorkerDict
1720306 4087312 ray::WorkerDict
1720304 4056728 ray::WorkerDict
1796796 2794712 ray::AgentLoopW
1796798 2737008 ray::AgentLoopW
1796799 2123044 ray::AgentLoopW
== 2026-09-04T22:06:39+09:00
Mem:            1007         537         469         424         430         469
    PID   RSS COMMAND
1786196 87686636 VLLM::Worker
1786197 87681588 VLLM::Worker
1786195 87671972 VLLM::Worker
1786194 87319608 VLLM::Worker
1317539 4810796 VLLM::Worker_TP
1317538 4803524 VLLM::Worker_TP
1720303 4279988 ray::WorkerDict
1720305 4101872 ray::WorkerDict
1720306 4087312 ray::WorkerDict
1720304 4056728 ray::WorkerDict
1796796 2794712 ray::AgentLoopW
1796798 2737008 ray::AgentLoopW
1796799 2123044 ray::AgentLoopW
== 2026-09-04T22:06:59+09:00
Mem:            1007         537         469         424         430         469
    PID   RSS COMMAND
1786196 87686636 VLLM::Worker
1786197 87681588 VLLM::Worker
1786195 87671972 VLLM::Worker
1786194 87319608 VLLM::Worker
1317539 4810796 VLLM::Worker_TP
1317538 4803524 VLLM::Worker_TP
1720303 4279988 ray::WorkerDict
1720305 4101872 ray::WorkerDict
1720306 4087312 ray::WorkerDict
1720304 4056728 ray::WorkerDict
1796796 2794712 ray::AgentLoopW
1796798 2737008 ray::AgentLoopW
1796799 2123044 ray::AgentLoopW
== 2026-09-04T22:07:19+09:00
Mem:            1007         537         469         424         430         469
    PID   RSS COMMAND
1786196 87686636 VLLM::Worker
1786197 87681588 VLLM::Worker
1786195 87671972 VLLM::Worker
1786194 87319608 VLLM::Worker
1317539 4810796 VLLM::Worker_TP
1317538 4803524 VLLM::Worker_TP
1720303 4279988 ray::WorkerDict
1720305 4101872 ray::WorkerDict
1720306 4087312 ray::WorkerDict
1720304 4056728 ray::WorkerDict
1796796 2794712 ray::AgentLoopW
1796798 2737008 ray::AgentLoopW
1796799 2123044 ray::AgentLoopW
== 2026-09-04T22:07:39+09:00
Mem:            1007         537         469         424         430         469
    PID   RSS COMMAND
1786196 87686636 VLLM::Worker
1786197 87681588 VLLM::Worker
1786195 87671972 VLLM::Worker
1786194 87319608 VLLM::Worker
1317539 4810796 VLLM::Worker_TP
1317538 4803524 VLLM::Worker_TP
1720303 4280756 ray::WorkerDict
1720305 4102640 ray::WorkerDict
1720306 4088080 ray::WorkerDict
1720304 4057496 ray::WorkerDict
1796796 2794712 ray::AgentLoopW
1796798 2737008 ray::AgentLoopW
1796799 2123044 ray::AgentLoopW
== 2026-09-04T22:07:59+09:00
Mem:            1007         537         469         424         430         469
    PID   RSS COMMAND
1786196 87686636 VLLM::Worker
1786197 87681588 VLLM::Worker
1786195 87671972 VLLM::Worker
1786194 87319608 VLLM::Worker
1317539 4810796 VLLM::Worker_TP
1317538 4803524 VLLM::Worker_TP
1720303 4280756 ray::WorkerDict
1720305 4102640 ray::WorkerDict
1720306 4088080 ray::WorkerDict
1720304 4057496 ray::WorkerDict
1796796 2794712 ray::AgentLoopW
1796798 2737008 ray::AgentLoopW
1796799 2123044 ray::AgentLoopW
== 2026-09-04T22:08:19+09:00
Mem:            1007         537         469         424         430         469
    PID   RSS COMMAND
1786196 87686636 VLLM::Worker
1786197 87681588 VLLM::Worker
1786195 87671972 VLLM::Worker
1786194 87319608 VLLM::Worker
1317539 4810796 VLLM::Worker_TP
1317538 4803524 VLLM::Worker_TP
1720303 4280756 ray::WorkerDict
1720305 4102640 ray::WorkerDict
1720306 4088080 ray::WorkerDict
1720304 4057496 ray::WorkerDict
1796796 2794712 ray::AgentLoopW
1796798 2737008 ray::AgentLoopW
1796799 2123044 ray::AgentLoopW
== 2026-09-04T22:08:39+09:00
Mem:            1007         537         469         424         430         469
    PID   RSS COMMAND
1786196 87686636 VLLM::Worker
1786197 87681588 VLLM::Worker
1786195 87671972 VLLM::Worker
1786194 87319608 VLLM::Worker
1317539 4810796 VLLM::Worker_TP
1317538 4803524 VLLM::Worker_TP
1720303 4280756 ray::WorkerDict
1720305 4102640 ray::WorkerDict
1720306 4088080 ray::WorkerDict
1720304 4057496 ray::WorkerDict
1796796 2794712 ray::AgentLoopW
1796798 2737008 ray::AgentLoopW
1796799 2123044 ray::AgentLoopW
== 2026-09-04T22:08:59+09:00
Mem:            1007         537         469         424         430         469
    PID   RSS COMMAND
1786196 87686636 VLLM::Worker
1786197 87681588 VLLM::Worker
1786195 87671972 VLLM::Worker
1786194 87319608 VLLM::Worker
1317539 4810796 VLLM::Worker_TP
1317538 4803524 VLLM::Worker_TP
1720303 4280756 ray::WorkerDict
1720305 4102640 ray::WorkerDict
1720306 4088080 ray::WorkerDict
1720304 4057496 ray::WorkerDict
1796796 2794712 ray::AgentLoopW
1796798 2737008 ray::AgentLoopW
1796799 2123044 ray::AgentLoopW
== 2026-09-04T22:09:19+09:00
Mem:            1007         537         469         424         430         469
    PID   RSS COMMAND
1786196 87686636 VLLM::Worker
1786197 87681588 VLLM::Worker
1786195 87671972 VLLM::Worker
1786194 87319608 VLLM::Worker
1317539 4810796 VLLM::Worker_TP
1317538 4803524 VLLM::Worker_TP
1720303 4280756 ray::WorkerDict
1720305 4102640 ray::WorkerDict
1720306 4088080 ray::WorkerDict
1720304 4057496 ray::WorkerDict
1796796 2794712 ray::AgentLoopW
1796798 2737008 ray::AgentLoopW
1796799 2123044 ray::AgentLoopW
== 2026-09-04T22:09:39+09:00
Mem:            1007         625         381         424         430         381
    PID   RSS COMMAND
1786196 87689708 VLLM::Worker
1786197 87683124 VLLM::Worker
1786195 87674276 VLLM::Worker
1786194 87321912 VLLM::Worker
1720303 27428460 ray::WorkerDict
1720305 27246696 ray::WorkerDict
1720304 27232100 ray::WorkerDict
1720306 27231428 ray::WorkerDict
1317539 4810796 VLLM::Worker_TP
1317538 4803524 VLLM::Worker_TP
1796796 2794712 ray::AgentLoopW
1796798 2737008 ray::AgentLoopW
1796799 2123044 ray::AgentLoopW
== 2026-09-04T22:09:59+09:00
Mem:            1007         761         245         424         430         246
    PID   RSS COMMAND
1786196 87689708 VLLM::Worker
1786197 87683124 VLLM::Worker
1786195 87674276 VLLM::Worker
1786194 87321912 VLLM::Worker
1720303 63009988 ray::WorkerDict
1720304 62805532 ray::WorkerDict
1720305 62650184 ray::WorkerDict
1720306 62633932 ray::WorkerDict
1317539 4810796 VLLM::Worker_TP
1317538 4803524 VLLM::Worker_TP
1796796 2794712 ray::AgentLoopW
1796798 2737008 ray::AgentLoopW
1796799 2123044 ray::AgentLoopW
== 2026-09-04T22:10:19+09:00
Mem:            1007         766         242         424         428         241
    PID   RSS COMMAND
1786196 87689708 VLLM::Worker
1786197 87683124 VLLM::Worker
1786195 87674276 VLLM::Worker
1786194 87321912 VLLM::Worker
1720303 64276436 ray::WorkerDict
1720306 64221272 ray::WorkerDict
1720305 63991220 ray::WorkerDict
1720304 63937508 ray::WorkerDict
1317539 4810796 VLLM::Worker_TP
1317538 4803524 VLLM::Worker_TP
1796796 2794712 ray::AgentLoopW
1796798 2737008 ray::AgentLoopW
1796799 2123044 ray::AgentLoopW
== 2026-09-04T22:10:39+09:00
Mem:            1007         765         243         424         428         242
    PID   RSS COMMAND
1786196 87689708 VLLM::Worker
1786197 87683124 VLLM::Worker
1786195 87674276 VLLM::Worker
1786194 87321912 VLLM::Worker
1720304 63951352 ray::WorkerDict
1720306 63929556 ray::WorkerDict
1720303 63900348 ray::WorkerDict
1720305 63883272 ray::WorkerDict
1317539 4810796 VLLM::Worker_TP
1317538 4803524 VLLM::Worker_TP
1796796 2794712 ray::AgentLoopW
1796798 2737008 ray::AgentLoopW
1796799 2123044 ray::AgentLoopW
== 2026-09-04T22:10:59+09:00
Mem:            1007         765         243         424         428         241
    PID   RSS COMMAND
1786196 87691244 VLLM::Worker
1786197 87687732 VLLM::Worker
1786195 87678116 VLLM::Worker
1786194 87324984 VLLM::Worker
1720304 63951352 ray::WorkerDict
1720303 63883964 ray::WorkerDict
1720305 63736576 ray::WorkerDict
1720306 63732936 ray::WorkerDict
1317539 4810796 VLLM::Worker_TP
1317538 4804292 VLLM::Worker_TP
1796796 2772696 ray::AgentLoopW
1796798 2710960 ray::AgentLoopW
1796799 2302644 ray::AgentLoopW
== 2026-09-04T22:11:19+09:00
Mem:            1007         765         243         424         428         241
    PID   RSS COMMAND
1786196 87694316 VLLM::Worker
1786197 87689908 VLLM::Worker
1786195 87678116 VLLM::Worker
1786194 87327288 VLLM::Worker
1720304 63951352 ray::WorkerDict
1720303 63883964 ray::WorkerDict
1720305 63736576 ray::WorkerDict
1720306 63732936 ray::WorkerDict
1317539 4810796 VLLM::Worker_TP
1317538 4804292 VLLM::Worker_TP
1796796 2772696 ray::AgentLoopW
1796798 2710960 ray::AgentLoopW
1796799 2302644 ray::AgentLoopW
== 2026-09-04T22:11:39+09:00
Mem:            1007         765         241         424         429         241
    PID   RSS COMMAND
1786196 87693500 VLLM::Worker
1786197 87689908 VLLM::Worker
1786195 87678116 VLLM::Worker
1786194 87326008 VLLM::Worker
1720304 63951352 ray::WorkerDict
1720303 63883964 ray::WorkerDict
1720305 63736576 ray::WorkerDict
1720306 63732936 ray::WorkerDict
1317539 4810796 VLLM::Worker_TP
1317538 4804292 VLLM::Worker_TP
1796796 2772696 ray::AgentLoopW
1796798 2710960 ray::AgentLoopW
1796799 2299260 ray::AgentLoopW
== 2026-09-04T22:11:59+09:00
Mem:            1007         765         241         424         429         241
    PID   RSS COMMAND
1786196 87691484 VLLM::Worker
1786197 87689908 VLLM::Worker
1786195 87677116 VLLM::Worker
1786194 87324728 VLLM::Worker
1720304 63951352 ray::WorkerDict
1720303 63883964 ray::WorkerDict
1720305 63736576 ray::WorkerDict
1720306 63732936 ray::WorkerDict
1317539 4810796 VLLM::Worker_TP
1317538 4804292 VLLM::Worker_TP
1796796 2772696 ray::AgentLoopW
1796798 2710960 ray::AgentLoopW
1796799 2295920 ray::AgentLoopW
== 2026-09-04T22:12:19+09:00
Mem:            1007         765         240         424         430         241
    PID   RSS COMMAND
1786196 87691484 VLLM::Worker
1786197 87689908 VLLM::Worker
1786195 87677116 VLLM::Worker
1786194 87324728 VLLM::Worker
1720304 63951352 ray::WorkerDict
1720303 63883964 ray::WorkerDict
1720305 63736576 ray::WorkerDict
1720306 63732936 ray::WorkerDict
1317539 4810796 VLLM::Worker_TP
1317538 4804292 VLLM::Worker_TP
1796796 2772696 ray::AgentLoopW
1796798 2710960 ray::AgentLoopW
1796799 2295100 ray::AgentLoopW
== 2026-09-04T22:12:39+09:00
Mem:            1007         765         240         424         430         241
    PID   RSS COMMAND
1786196 87691484 VLLM::Worker
1786197 87686836 VLLM::Worker
1786195 87677116 VLLM::Worker
1786194 87324728 VLLM::Worker
1720304 63951352 ray::WorkerDict
1720303 63883964 ray::WorkerDict
1720305 63736576 ray::WorkerDict
1720306 63732936 ray::WorkerDict
1317539 4810796 VLLM::Worker_TP
1317538 4804292 VLLM::Worker_TP
1796796 2772696 ray::AgentLoopW
1796798 2710960 ray::AgentLoopW
1796799 2295100 ray::AgentLoopW
== 2026-09-04T22:12:59+09:00
Mem:            1007         765         241         424         430         241
    PID   RSS COMMAND
1786196 87691484 VLLM::Worker
1786197 87686836 VLLM::Worker
1786195 87677116 VLLM::Worker
1786194 87324728 VLLM::Worker
1720304 63951352 ray::WorkerDict
1720303 63883964 ray::WorkerDict
1720305 63736576 ray::WorkerDict
1720306 63732936 ray::WorkerDict
1317539 4810796 VLLM::Worker_TP
1317538 4804292 VLLM::Worker_TP
1796796 2772696 ray::AgentLoopW
1796798 2710960 ray::AgentLoopW
1796799 2295100 ray::AgentLoopW
== 2026-09-04T22:13:19+09:00
Mem:            1007         765         240         424         430         241
    PID   RSS COMMAND
1786196 87691484 VLLM::Worker
1786197 87686836 VLLM::Worker
1786195 87677116 VLLM::Worker
1786194 87324728 VLLM::Worker
1720304 63951352 ray::WorkerDict
1720303 63883964 ray::WorkerDict
1720305 63736576 ray::WorkerDict
1720306 63732936 ray::WorkerDict
1317539 4810796 VLLM::Worker_TP
1317538 4804292 VLLM::Worker_TP
1796796 2772696 ray::AgentLoopW
1796798 2710960 ray::AgentLoopW
1796799 2295100 ray::AgentLoopW
== 2026-09-04T22:13:39+09:00
Mem:            1007         765         240         424         430         241
    PID   RSS COMMAND
1786196 87691484 VLLM::Worker
1786197 87686836 VLLM::Worker
1786195 87677116 VLLM::Worker
1786194 87323716 VLLM::Worker
1720304 63951352 ray::WorkerDict
1720303 63883964 ray::WorkerDict
1720305 63736576 ray::WorkerDict
1720306 63732936 ray::WorkerDict
1317539 4810796 VLLM::Worker_TP
1317538 4804292 VLLM::Worker_TP
1796796 2772696 ray::AgentLoopW
1796798 2710960 ray::AgentLoopW
1796799 2295100 ray::AgentLoopW
== 2026-09-04T22:13:59+09:00
Mem:            1007         537         468         424         430         469
    PID   RSS COMMAND
1786196 87691484 VLLM::Worker
1786197 87686836 VLLM::Worker
1786195 87677116 VLLM::Worker
1786194 87323716 VLLM::Worker
1317539 4810796 VLLM::Worker_TP
1317538 4804292 VLLM::Worker_TP
1720303 4282260 ray::WorkerDict
1720305 4111752 ray::WorkerDict
1720306 4103184 ray::WorkerDict
1720304 4063672 ray::WorkerDict
1796796 2772696 ray::AgentLoopW
1796798 2710960 ray::AgentLoopW
1796799 2295100 ray::AgentLoopW
== 2026-09-04T22:14:19+09:00
Mem:            1007         537         468         424         430         469
    PID   RSS COMMAND
1786196 87691484 VLLM::Worker
1786197 87686836 VLLM::Worker
1786195 87677116 VLLM::Worker
1786194 87323716 VLLM::Worker
1317539 4810796 VLLM::Worker_TP
1317538 4804292 VLLM::Worker_TP
1720303 4282260 ray::WorkerDict
1720305 4111752 ray::WorkerDict
1720306 4103184 ray::WorkerDict
1720304 4063672 ray::WorkerDict
1796796 2772696 ray::AgentLoopW
1796798 2710960 ray::AgentLoopW
1796799 2295100 ray::AgentLoopW
== 2026-09-04T22:14:39+09:00
Mem:            1007         537         468         424         430         469
    PID   RSS COMMAND
1786196 87691484 VLLM::Worker
1786197 87686836 VLLM::Worker
1786195 87677116 VLLM::Worker
1786194 87323716 VLLM::Worker
1317539 4810796 VLLM::Worker_TP
1317538 4804292 VLLM::Worker_TP
1720303 4284020 ray::WorkerDict
1720305 4116464 ray::WorkerDict
1720306 4112640 ray::WorkerDict
1720304 4067376 ray::WorkerDict
1796796 2772696 ray::AgentLoopW
1796798 2710960 ray::AgentLoopW
1796799 2295100 ray::AgentLoopW
== 2026-09-04T22:14:59+09:00
Mem:            1007         537         468         424         430         469
    PID   RSS COMMAND
1786196 87691484 VLLM::Worker
1786197 87686836 VLLM::Worker
1786195 87677116 VLLM::Worker
1786194 87323716 VLLM::Worker
1317539 4810796 VLLM::Worker_TP
1317538 4804292 VLLM::Worker_TP
1720303 4284020 ray::WorkerDict
1720305 4116464 ray::WorkerDict
1720306 4112640 ray::WorkerDict
1720304 4067376 ray::WorkerDict
1796796 2772696 ray::AgentLoopW
1796798 2710960 ray::AgentLoopW
1796799 2295100 ray::AgentLoopW
== 2026-09-04T22:15:19+09:00
Mem:            1007         538         468         424         430         469
    PID   RSS COMMAND
1786196 87691484 VLLM::Worker
1786197 87686836 VLLM::Worker
1786195 87677116 VLLM::Worker
1786194 87323716 VLLM::Worker
1317539 4810796 VLLM::Worker_TP
1317538 4804292 VLLM::Worker_TP
1720303 4284020 ray::WorkerDict
1720305 4116464 ray::WorkerDict
1720306 4112640 ray::WorkerDict
1720304 4067376 ray::WorkerDict
1796796 2772696 ray::AgentLoopW
1796798 2710960 ray::AgentLoopW
1796799 2295100 ray::AgentLoopW
== 2026-09-04T22:15:39+09:00
Mem:            1007         538         468         424         430         469
    PID   RSS COMMAND
1786196 87691484 VLLM::Worker
1786197 87686836 VLLM::Worker
1786195 87677116 VLLM::Worker
1786194 87323716 VLLM::Worker
1317539 4810796 VLLM::Worker_TP
1317538 4804292 VLLM::Worker_TP
1720303 4284020 ray::WorkerDict
1720305 4116464 ray::WorkerDict
1720306 4112640 ray::WorkerDict
1720304 4067376 ray::WorkerDict
1796796 2772696 ray::AgentLoopW
1796798 2710960 ray::AgentLoopW
1796799 2295100 ray::AgentLoopW
== 2026-09-04T22:15:59+09:00
Mem:            1007         538         468         424         430         469
    PID   RSS COMMAND
1786196 87691484 VLLM::Worker
1786197 87686836 VLLM::Worker
1786195 87677116 VLLM::Worker
1786194 87323716 VLLM::Worker
1317539 4810796 VLLM::Worker_TP
1317538 4804292 VLLM::Worker_TP
1720303 4284020 ray::WorkerDict
1720305 4116464 ray::WorkerDict
1720306 4112640 ray::WorkerDict
1720304 4067376 ray::WorkerDict
1796796 2772696 ray::AgentLoopW
1796798 2710960 ray::AgentLoopW
1796799 2295100 ray::AgentLoopW
== 2026-09-04T22:16:20+09:00
Mem:            1007         538         468         424         430         469
    PID   RSS COMMAND
1786196 87691484 VLLM::Worker
1786197 87686836 VLLM::Worker
1786195 87677116 VLLM::Worker
1786194 87323716 VLLM::Worker
1317539 4810796 VLLM::Worker_TP
1317538 4804292 VLLM::Worker_TP
1720303 4284020 ray::WorkerDict
1720305 4116464 ray::WorkerDict
1720306 4112640 ray::WorkerDict
1720304 4067376 ray::WorkerDict
1796796 2772696 ray::AgentLoopW
1796798 2710960 ray::AgentLoopW
1796799 2295100 ray::AgentLoopW
== 2026-09-04T22:16:40+09:00
Mem:            1007         538         468         424         430         469
    PID   RSS COMMAND
1786196 87691484 VLLM::Worker
1786197 87686836 VLLM::Worker
1786195 87677116 VLLM::Worker
1786194 87323716 VLLM::Worker
1317539 4810796 VLLM::Worker_TP
1317538 4804292 VLLM::Worker_TP
1720303 4284020 ray::WorkerDict
1720305 4116464 ray::WorkerDict
1720306 4112640 ray::WorkerDict
1720304 4067376 ray::WorkerDict
1796796 2772696 ray::AgentLoopW
1796798 2710960 ray::AgentLoopW
1796799 2295100 ray::AgentLoopW
== 2026-09-04T22:17:00+09:00
Mem:            1007         538         468         424         430         469
    PID   RSS COMMAND
1786196 87691484 VLLM::Worker
1786197 87686836 VLLM::Worker
1786195 87677116 VLLM::Worker
1786194 87323716 VLLM::Worker
1317539 4810796 VLLM::Worker_TP
1317538 4804292 VLLM::Worker_TP
1720303 4284020 ray::WorkerDict
1720305 4116464 ray::WorkerDict
1720306 4112640 ray::WorkerDict
1720304 4067376 ray::WorkerDict
1796796 2772696 ray::AgentLoopW
1796798 2710960 ray::AgentLoopW
1796799 2295100 ray::AgentLoopW
== 2026-09-04T22:17:20+09:00
Mem:            1007         538         468         424         430         469
    PID   RSS COMMAND
1786196 87691484 VLLM::Worker
1786197 87686836 VLLM::Worker
1786195 87677116 VLLM::Worker
1786194 87323716 VLLM::Worker
1317539 4810796 VLLM::Worker_TP
1317538 4804292 VLLM::Worker_TP
1720303 4284020 ray::WorkerDict
1720305 4116464 ray::WorkerDict
1720306 4112640 ray::WorkerDict
1720304 4067376 ray::WorkerDict
1796796 2772696 ray::AgentLoopW
1796798 2710960 ray::AgentLoopW
1796799 2295100 ray::AgentLoopW
== 2026-09-04T22:17:40+09:00
Mem:            1007         538         468         424         430         469
    PID   RSS COMMAND
1786196 87691484 VLLM::Worker
1786197 87686836 VLLM::Worker
1786195 87677116 VLLM::Worker
1786194 87323716 VLLM::Worker
1317539 4810796 VLLM::Worker_TP
1317538 4804292 VLLM::Worker_TP
1720303 4284788 ray::WorkerDict
1720305 4116464 ray::WorkerDict
1720306 4112640 ray::WorkerDict
1720304 4067376 ray::WorkerDict
1796796 2772696 ray::AgentLoopW
1796798 2710960 ray::AgentLoopW
1796799 2295100 ray::AgentLoopW
== 2026-09-04T22:18:00+09:00
Mem:            1007         574         432         424         430         432
    PID   RSS COMMAND
1786196 87691484 VLLM::Worker
1786197 87686836 VLLM::Worker
1786195 87677116 VLLM::Worker
1786194 87323716 VLLM::Worker
1720303 14019876 ray::WorkerDict
1720304 13802484 ray::WorkerDict
1720305 13599480 ray::WorkerDict
1720306 13574984 ray::WorkerDict
1317539 4810796 VLLM::Worker_TP
1317538 4804292 VLLM::Worker_TP
1796796 2772696 ray::AgentLoopW
1796798 2710960 ray::AgentLoopW
1796799 2295100 ray::AgentLoopW
== 2026-09-04T22:18:20+09:00
Mem:            1007         708         297         424         430         298
    PID   RSS COMMAND
1786196 87691484 VLLM::Worker
1786197 87686836 VLLM::Worker
1786195 87677116 VLLM::Worker
1786194 87323716 VLLM::Worker
1720303 49313972 ray::WorkerDict
1720304 49096116 ray::WorkerDict
1720305 48835308 ray::WorkerDict
1720306 48813372 ray::WorkerDict
1317539 4810796 VLLM::Worker_TP
1317538 4804292 VLLM::Worker_TP
1796796 2772696 ray::AgentLoopW
1796798 2710960 ray::AgentLoopW
1796799 2295100 ray::AgentLoopW
== 2026-09-04T22:18:40+09:00
Mem:            1007         766         242         424         427         240
    PID   RSS COMMAND
1786196 87691484 VLLM::Worker
1786197 87686836 VLLM::Worker
1786195 87677116 VLLM::Worker
1786194 87323716 VLLM::Worker
1720303 64246720 ray::WorkerDict
1720306 64145212 ray::WorkerDict
1720304 64035044 ray::WorkerDict
1720305 63975152 ray::WorkerDict
1317539 4810796 VLLM::Worker_TP
1317538 4804292 VLLM::Worker_TP
1796796 2772696 ray::AgentLoopW
1796798 2710960 ray::AgentLoopW
1796799 2295100 ray::AgentLoopW
== 2026-09-04T22:19:00+09:00
Mem:            1007         766         242         424         427         240
    PID   RSS COMMAND
1786196 87691484 VLLM::Worker
1786197 87686836 VLLM::Worker
1786195 87677116 VLLM::Worker
1786194 87323716 VLLM::Worker
1720306 64533128 ray::WorkerDict
1720303 64259008 ray::WorkerDict
1720304 64112984 ray::WorkerDict
1720305 63825392 ray::WorkerDict
1317539 4810796 VLLM::Worker_TP
1317538 4804292 VLLM::Worker_TP
1796796 2772696 ray::AgentLoopW
1796798 2710960 ray::AgentLoopW
1796799 2295100 ray::AgentLoopW
== 2026-09-04T22:19:20+09:00
Mem:            1007         765         243         424         427         241
    PID   RSS COMMAND
1786196 87691484 VLLM::Worker
1786197 87686836 VLLM::Worker
1786195 87677116 VLLM::Worker
1786194 87323716 VLLM::Worker
1720303 63918784 ray::WorkerDict
1720304 63864744 ray::WorkerDict
1720306 63861396 ray::WorkerDict
1720305 63848768 ray::WorkerDict
1317539 4810796 VLLM::Worker_TP
1317538 4804292 VLLM::Worker_TP
1796796 2772696 ray::AgentLoopW
1796798 2710960 ray::AgentLoopW
1796799 2295100 ray::AgentLoopW
== 2026-09-04T22:19:40+09:00
Mem:            1007         766         242         424         427         241
    PID   RSS COMMAND
1786196 87693020 VLLM::Worker
1786197 87687604 VLLM::Worker
1786195 87676892 VLLM::Worker
1786194 87324484 VLLM::Worker
1720303 63918784 ray::WorkerDict
1720304 63864744 ray::WorkerDict
1720306 63861396 ray::WorkerDict
1720305 63750460 ray::WorkerDict
1317539 4810796 VLLM::Worker_TP
1317538 4804292 VLLM::Worker_TP
1796796 2773464 ray::AgentLoopW
1796798 2716336 ray::AgentLoopW
1796799 2292752 ray::AgentLoopW
== 2026-09-04T22:20:00+09:00
Mem:            1007         764         244         424         426         242
    PID   RSS COMMAND
1786196 87677660 VLLM::Worker
1786197 87674548 VLLM::Worker
1786195 87664604 VLLM::Worker
1786194 87310660 VLLM::Worker
1720303 63894208 ray::WorkerDict
1720304 63844008 ray::WorkerDict
1720306 63835284 ray::WorkerDict
1720305 63728956 ray::WorkerDict
1317539 4810796 VLLM::Worker_TP
1317538 4799684 VLLM::Worker_TP
1796796 2773464 ray::AgentLoopW
1796798 2714800 ray::AgentLoopW
1796799 2292752 ray::AgentLoopW
== 2026-09-04T22:20:20+09:00
Mem:            1007         765         243         424         427         241
    PID   RSS COMMAND
1786196 87687644 VLLM::Worker
1786197 87682996 VLLM::Worker
1786195 87673820 VLLM::Worker
1786194 87319876 VLLM::Worker
1720303 63896512 ray::WorkerDict
1720304 63846312 ray::WorkerDict
1720306 63839892 ray::WorkerDict
1720305 63729724 ray::WorkerDict
1317539 4810796 VLLM::Worker_TP
1317538 4799684 VLLM::Worker_TP
1796796 2773464 ray::AgentLoopW
1796798 2714800 ray::AgentLoopW
1796799 2292752 ray::AgentLoopW
== 2026-09-04T22:20:40+09:00
Mem:            1007         764         244         424         426         242
    PID   RSS COMMAND
1786196 87681500 VLLM::Worker
1786197 87677620 VLLM::Worker
1786195 87665372 VLLM::Worker
1786194 87312964 VLLM::Worker
1720303 63898048 ray::WorkerDict
1720304 63844776 ray::WorkerDict
1720306 63839892 ray::WorkerDict
1720305 63730492 ray::WorkerDict
1317539 4810028 VLLM::Worker_TP
1317538 4800452 VLLM::Worker_TP
1796796 2773464 ray::AgentLoopW
1796798 2714800 ray::AgentLoopW
1796799 2292752 ray::AgentLoopW
== 2026-09-04T22:21:00+09:00
Mem:            1007         765         244         424         426         242
    PID   RSS COMMAND
1786196 87686876 VLLM::Worker
1786197 87683764 VLLM::Worker
1786195 87671516 VLLM::Worker
1786194 87319876 VLLM::Worker
1720303 63899584 ray::WorkerDict
1720304 63846312 ray::WorkerDict
1720306 63841428 ray::WorkerDict
1720305 63731260 ray::WorkerDict
1317539 4810028 VLLM::Worker_TP
1317538 4800452 VLLM::Worker_TP
1796796 2774232 ray::AgentLoopW
1796798 2714800 ray::AgentLoopW
1796799 2292752 ray::AgentLoopW
== 2026-09-04T22:21:20+09:00
Mem:            1007         765         244         424         427         242
    PID   RSS COMMAND
1786196 87686876 VLLM::Worker
1786197 87683764 VLLM::Worker
1786195 87671516 VLLM::Worker
1786194 87320644 VLLM::Worker
1720303 63899584 ray::WorkerDict
1720304 63846312 ray::WorkerDict
1720306 63841428 ray::WorkerDict
1720305 63731260 ray::WorkerDict
1317539 4810796 VLLM::Worker_TP
1317538 4801220 VLLM::Worker_TP
1796796 2774232 ray::AgentLoopW
1796798 2714800 ray::AgentLoopW
1796799 2292752 ray::AgentLoopW
== 2026-09-04T22:21:40+09:00
Mem:            1007         765         244         424         427         242
    PID   RSS COMMAND
1786196 87686876 VLLM::Worker
1786197 87683764 VLLM::Worker
1786195 87671516 VLLM::Worker
1786194 87320644 VLLM::Worker
1720303 63899584 ray::WorkerDict
1720304 63846312 ray::WorkerDict
1720306 63841428 ray::WorkerDict
1720305 63731260 ray::WorkerDict
1317539 4810796 VLLM::Worker_TP
1317538 4801220 VLLM::Worker_TP
1796796 2774232 ray::AgentLoopW
1796798 2714800 ray::AgentLoopW
1796799 2292752 ray::AgentLoopW
== 2026-09-04T22:22:00+09:00
Mem:            1007         765         244         424         427         242
    PID   RSS COMMAND
1786196 87686876 VLLM::Worker
1786197 87683764 VLLM::Worker
1786195 87671516 VLLM::Worker
1786194 87320644 VLLM::Worker
1720303 63899584 ray::WorkerDict
1720304 63846312 ray::WorkerDict
1720306 63841428 ray::WorkerDict
1720305 63731260 ray::WorkerDict
1317539 4810796 VLLM::Worker_TP
1317538 4801220 VLLM::Worker_TP
1796796 2774232 ray::AgentLoopW
1796798 2714800 ray::AgentLoopW
1796799 2292752 ray::AgentLoopW
== 2026-09-04T22:22:20+09:00
Mem:            1007         765         243         424         427         242
    PID   RSS COMMAND
1786196 87686876 VLLM::Worker
1786197 87683764 VLLM::Worker
1786195 87671516 VLLM::Worker
1786194 87320644 VLLM::Worker
1720303 63899584 ray::WorkerDict
1720304 63846312 ray::WorkerDict
1720306 63841428 ray::WorkerDict
1720305 63732028 ray::WorkerDict
1317539 4810796 VLLM::Worker_TP
1317538 4801220 VLLM::Worker_TP
1796796 2774232 ray::AgentLoopW
1796798 2714800 ray::AgentLoopW
1796799 2292752 ray::AgentLoopW
== 2026-09-04T22:22:40+09:00
Mem:            1007         755         253         424         427         251
    PID   RSS COMMAND
1786196 87686876 VLLM::Worker
1786197 87684532 VLLM::Worker
1786195 87672284 VLLM::Worker
1786194 87321412 VLLM::Worker
1720303 61447856 ray::WorkerDict
1720305 61310700 ray::WorkerDict
1720306 61307732 ray::WorkerDict
1720304 61261764 ray::WorkerDict
1317539 4810796 VLLM::Worker_TP
1317538 4800452 VLLM::Worker_TP
1796796 2774232 ray::AgentLoopW
1796798 2714800 ray::AgentLoopW
1796799 2292752 ray::AgentLoopW
== 2026-09-04T22:23:00+09:00
Mem:            1007         537         471         424         427         470
    PID   RSS COMMAND
1786196 87686876 VLLM::Worker
1786197 87684532 VLLM::Worker
1786195 87672284 VLLM::Worker
1786194 87321412 VLLM::Worker
1317539 4810028 VLLM::Worker_TP
1317538 4800452 VLLM::Worker_TP
1720303 4251688 ray::WorkerDict
1720305 4113124 ray::WorkerDict
1720306 4110136 ray::WorkerDict
1720304 4064772 ray::WorkerDict
1796796 2774232 ray::AgentLoopW
1796798 2714800 ray::AgentLoopW
1796799 2292752 ray::AgentLoopW
== 2026-09-04T22:23:20+09:00
Mem:            1007         537         471         424         427         470
    PID   RSS COMMAND
1786196 87686876 VLLM::Worker
1786197 87684532 VLLM::Worker
1786195 87672284 VLLM::Worker
1786194 87321412 VLLM::Worker
1317539 4810028 VLLM::Worker_TP
1317538 4800452 VLLM::Worker_TP
1720303 4255240 ray::WorkerDict
1720305 4116964 ray::WorkerDict
1720306 4112384 ray::WorkerDict
1720304 4069252 ray::WorkerDict
1796796 2774232 ray::AgentLoopW
1796798 2714800 ray::AgentLoopW
1796799 2292752 ray::AgentLoopW
== 2026-09-04T22:23:40+09:00
Mem:            1007         537         471         424         427         470
    PID   RSS COMMAND
1786196 87686876 VLLM::Worker
1786197 87684532 VLLM::Worker
1786195 87672284 VLLM::Worker
1786194 87321412 VLLM::Worker
1317539 4810028 VLLM::Worker_TP
1317538 4800452 VLLM::Worker_TP
1720303 4256008 ray::WorkerDict
1720305 4117732 ray::WorkerDict
1720306 4113152 ray::WorkerDict
1720304 4069252 ray::WorkerDict
1796796 2774232 ray::AgentLoopW
1796798 2714800 ray::AgentLoopW
1796799 2292752 ray::AgentLoopW
== 2026-09-04T22:24:00+09:00
Mem:            1007         537         471         424         427         470
    PID   RSS COMMAND
1786196 87686876 VLLM::Worker
1786197 87684532 VLLM::Worker
1786195 87672284 VLLM::Worker
1786194 87321412 VLLM::Worker
1317539 4810028 VLLM::Worker_TP
1317538 4800452 VLLM::Worker_TP
1720303 4256008 ray::WorkerDict
1720305 4117732 ray::WorkerDict
1720306 4113152 ray::WorkerDict
1720304 4069252 ray::WorkerDict
1796796 2774232 ray::AgentLoopW
1796798 2714800 ray::AgentLoopW
1796799 2292752 ray::AgentLoopW
== 2026-09-04T22:24:20+09:00
Mem:            1007         537         471         424         427         470
    PID   RSS COMMAND
1786196 87686876 VLLM::Worker
1786197 87684532 VLLM::Worker
1786195 87672284 VLLM::Worker
1786194 87321412 VLLM::Worker
1317539 4810028 VLLM::Worker_TP
1317538 4800452 VLLM::Worker_TP
1720303 4256008 ray::WorkerDict
1720305 4117732 ray::WorkerDict
1720306 4113152 ray::WorkerDict
1720304 4069252 ray::WorkerDict
1796796 2774232 ray::AgentLoopW
1796798 2714800 ray::AgentLoopW
1796799 2292752 ray::AgentLoopW
== 2026-09-04T22:24:40+09:00
Mem:            1007         537         471         424         427         470
    PID   RSS COMMAND
1786196 87686876 VLLM::Worker
1786197 87684532 VLLM::Worker
1786195 87672284 VLLM::Worker
1786194 87321412 VLLM::Worker
1317539 4810028 VLLM::Worker_TP
1317538 4800452 VLLM::Worker_TP
1720303 4256008 ray::WorkerDict
1720305 4117732 ray::WorkerDict
1720306 4113152 ray::WorkerDict
1720304 4069252 ray::WorkerDict
1796796 2774232 ray::AgentLoopW
1796798 2714800 ray::AgentLoopW
1796799 2292752 ray::AgentLoopW
== 2026-09-04T22:25:00+09:00
Mem:            1007         537         471         424         427         470
    PID   RSS COMMAND
1786196 87686876 VLLM::Worker
1786197 87684532 VLLM::Worker
1786195 87672284 VLLM::Worker
1786194 87321412 VLLM::Worker
1317539 4810028 VLLM::Worker_TP
1317538 4800452 VLLM::Worker_TP
1720303 4256008 ray::WorkerDict
1720305 4117732 ray::WorkerDict
1720306 4113152 ray::WorkerDict
1720304 4069252 ray::WorkerDict
1796796 2774232 ray::AgentLoopW
1796798 2714800 ray::AgentLoopW
1796799 2292752 ray::AgentLoopW
== 2026-09-04T22:25:21+09:00
Mem:            1007         538         470         424         427         468
    PID   RSS COMMAND
1786196 87686876 VLLM::Worker
1786197 87684532 VLLM::Worker
1786195 87672284 VLLM::Worker
1786194 87321412 VLLM::Worker
1317539 4810028 VLLM::Worker_TP
1317538 4800452 VLLM::Worker_TP
1720303 4670256 ray::WorkerDict
1720305 4530252 ray::WorkerDict
1720306 4525364 ray::WorkerDict
1720304 4484236 ray::WorkerDict
1796796 2774232 ray::AgentLoopW
1796798 2714800 ray::AgentLoopW
1796799 2292752 ray::AgentLoopW
== 2026-09-04T22:25:41+09:00
Mem:            1007         669         339         424         427         337
    PID   RSS COMMAND
1786196 87686876 VLLM::Worker
1786197 87684532 VLLM::Worker
1786195 87672284 VLLM::Worker
1786194 87321412 VLLM::Worker
1720303 39380120 ray::WorkerDict
1720304 39195944 ray::WorkerDict
1720306 38610840 ray::WorkerDict
1720305 38609584 ray::WorkerDict
1317539 4810028 VLLM::Worker_TP
1317538 4800452 VLLM::Worker_TP
1796796 2774232 ray::AgentLoopW
1796798 2714800 ray::AgentLoopW
1796799 2292752 ray::AgentLoopW
== 2026-09-04T22:26:01+09:00
Mem:            1007         764         244         424         426         242
    PID   RSS COMMAND
1786196 87678428 VLLM::Worker
1786197 87676852 VLLM::Worker
1786195 87663836 VLLM::Worker
1786194 87313732 VLLM::Worker
1720303 64317860 ray::WorkerDict
1720306 63939508 ray::WorkerDict
1720305 63912884 ray::WorkerDict
1720304 63810896 ray::WorkerDict
1317539 4809260 VLLM::Worker_TP
1317538 4800452 VLLM::Worker_TP
1796796 2773464 ray::AgentLoopW
1796798 2714800 ray::AgentLoopW
1796799 2292752 ray::AgentLoopW
== 2026-09-04T22:26:21+09:00
Mem:            1007         765         244         424         426         242
    PID   RSS COMMAND
1786196 87678428 VLLM::Worker
1786197 87676852 VLLM::Worker
1786195 87663836 VLLM::Worker
1786194 87313732 VLLM::Worker
1720305 64128696 ray::WorkerDict
1720304 64079880 ray::WorkerDict
1720303 63972992 ray::WorkerDict
1720306 63899572 ray::WorkerDict
1317539 4809260 VLLM::Worker_TP
1317538 4800452 VLLM::Worker_TP
1796796 2773464 ray::AgentLoopW
1796798 2714800 ray::AgentLoopW
1796799 2292752 ray::AgentLoopW
== 2026-09-04T22:26:41+09:00
Mem:            1007         764         245         424         426         243
    PID   RSS COMMAND
1786196 87678428 VLLM::Worker
1786197 87676852 VLLM::Worker
1786195 87663836 VLLM::Worker
1786194 87313732 VLLM::Worker
1720303 63874404 ray::WorkerDict
1720305 63786936 ray::WorkerDict
1720304 63754252 ray::WorkerDict
1720306 63730612 ray::WorkerDict
1317539 4809260 VLLM::Worker_TP
1317538 4800452 VLLM::Worker_TP
1796796 2773464 ray::AgentLoopW
1796798 2714800 ray::AgentLoopW
1796799 2292752 ray::AgentLoopW
== 2026-09-04T22:27:01+09:00
Mem:            1007         764         245         424         426         243
    PID   RSS COMMAND
1786196 87685340 VLLM::Worker
1786197 87684532 VLLM::Worker
1786195 87670748 VLLM::Worker
1786194 87319876 VLLM::Worker
1720303 63879012 ray::WorkerDict
1720305 63740088 ray::WorkerDict
1720306 63733684 ray::WorkerDict
1720304 63692552 ray::WorkerDict
1317539 4809260 VLLM::Worker_TP
1317538 4800452 VLLM::Worker_TP
1796796 2775000 ray::AgentLoopW
1796798 2714800 ray::AgentLoopW
1796799 2294288 ray::AgentLoopW
== 2026-09-04T22:27:21+09:00
Mem:            1007         764         244         424         426         242
    PID   RSS COMMAND
1786197 87687604 VLLM::Worker
1786196 87686876 VLLM::Worker
1786195 87676892 VLLM::Worker
1786194 87324484 VLLM::Worker
1720303 63878244 ray::WorkerDict
1720305 63740088 ray::WorkerDict
1720306 63732916 ray::WorkerDict
1720304 63691784 ray::WorkerDict
1317539 4810796 VLLM::Worker_TP
1317538 4802756 VLLM::Worker_TP
1796796 2774232 ray::AgentLoopW
1796798 2717872 ray::AgentLoopW
1796799 2296592 ray::AgentLoopW
== 2026-09-04T22:27:41+09:00
Mem:            1007         765         243         424         427         242
    PID   RSS COMMAND
1786197 87687604 VLLM::Worker
1786196 87686876 VLLM::Worker
1786195 87676892 VLLM::Worker
1786194 87324484 VLLM::Worker
1720303 63878244 ray::WorkerDict
1720305 63740088 ray::WorkerDict
1720306 63732916 ray::WorkerDict
1720304 63691784 ray::WorkerDict
1317539 4811564 VLLM::Worker_TP
1317538 4801988 VLLM::Worker_TP
1796796 2778072 ray::AgentLoopW
1796798 2718640 ray::AgentLoopW
1796799 2296592 ray::AgentLoopW
== 2026-09-04T22:28:01+09:00
Mem:            1007         765         243         424         427         242
    PID   RSS COMMAND
1786197 87687604 VLLM::Worker
1786196 87686876 VLLM::Worker
1786195 87676892 VLLM::Worker
1786194 87324484 VLLM::Worker
1720303 63878244 ray::WorkerDict
1720305 63740088 ray::WorkerDict
1720306 63732916 ray::WorkerDict
1720304 63691784 ray::WorkerDict
1317539 4810796 VLLM::Worker_TP
1317538 4801988 VLLM::Worker_TP
1796796 2778072 ray::AgentLoopW
1796798 2718640 ray::AgentLoopW
1796799 2296592 ray::AgentLoopW
== 2026-09-04T22:28:21+09:00
Mem:            1007         765         243         424         427         242
    PID   RSS COMMAND
1786197 87687604 VLLM::Worker
1786196 87686876 VLLM::Worker
1786195 87676892 VLLM::Worker
1786194 87324484 VLLM::Worker
1720303 63878244 ray::WorkerDict
1720305 63740088 ray::WorkerDict
1720306 63732916 ray::WorkerDict
1720304 63691784 ray::WorkerDict
1317539 4810796 VLLM::Worker_TP
1317538 4805060 VLLM::Worker_TP
1796796 2778840 ray::AgentLoopW
1796798 2718640 ray::AgentLoopW
1796799 2296592 ray::AgentLoopW
== 2026-09-04T22:28:41+09:00
Mem:            1007         765         243         424         427         242
    PID   RSS COMMAND
1786197 87687604 VLLM::Worker
1786196 87686876 VLLM::Worker
1786195 87676892 VLLM::Worker
1786194 87324484 VLLM::Worker
1720303 63878244 ray::WorkerDict
1720305 63740088 ray::WorkerDict
1720306 63732916 ray::WorkerDict
1720304 63691784 ray::WorkerDict
1317539 4810796 VLLM::Worker_TP
1317538 4805060 VLLM::Worker_TP
1796796 2778840 ray::AgentLoopW
1796798 2718640 ray::AgentLoopW
1796799 2296592 ray::AgentLoopW
== 2026-09-04T22:29:01+09:00
Mem:            1007         765         243         424         427         242
    PID   RSS COMMAND
1786197 87687604 VLLM::Worker
1786196 87686876 VLLM::Worker
1786195 87676892 VLLM::Worker
1786194 87324484 VLLM::Worker
1720303 63878244 ray::WorkerDict
1720305 63740088 ray::WorkerDict
1720306 63732916 ray::WorkerDict
1720304 63691784 ray::WorkerDict
1317539 4810796 VLLM::Worker_TP
1317538 4805060 VLLM::Worker_TP
1796796 2778840 ray::AgentLoopW
1796798 2718640 ray::AgentLoopW
1796799 2296592 ray::AgentLoopW
== 2026-09-04T22:29:21+09:00
Mem:            1007         765         243         424         427         242
    PID   RSS COMMAND
1786197 87687604 VLLM::Worker
1786196 87686876 VLLM::Worker
1786195 87676892 VLLM::Worker
1786194 87324484 VLLM::Worker
1720303 63878244 ray::WorkerDict
1720305 63740088 ray::WorkerDict
1720306 63732916 ray::WorkerDict
1720304 63691784 ray::WorkerDict
1317539 4810796 VLLM::Worker_TP
1317538 4805060 VLLM::Worker_TP
1796796 2778840 ray::AgentLoopW
1796798 2718640 ray::AgentLoopW
1796799 2296592 ray::AgentLoopW
== 2026-09-04T22:29:41+09:00
Mem:            1007         765         243         424         427         242
    PID   RSS COMMAND
1786196 87687644 VLLM::Worker
1786197 87687604 VLLM::Worker
1786195 87676892 VLLM::Worker
1786194 87326020 VLLM::Worker
1720303 63878244 ray::WorkerDict
1720305 63740088 ray::WorkerDict
1720306 63732916 ray::WorkerDict
1720304 63691784 ray::WorkerDict
1317539 4810796 VLLM::Worker_TP
1317538 4805060 VLLM::Worker_TP
1796796 2778840 ray::AgentLoopW
1796798 2718640 ray::AgentLoopW
1796799 2296592 ray::AgentLoopW
== 2026-09-04T22:30:01+09:00
Mem:            1007         765         243         424         427         242
    PID   RSS COMMAND
1786196 87690716 VLLM::Worker
1786197 87690676 VLLM::Worker
1786195 87677660 VLLM::Worker
1786194 87329092 VLLM::Worker
1720303 63878244 ray::WorkerDict
1720305 63740088 ray::WorkerDict
1720306 63732916 ray::WorkerDict
1720304 63691784 ray::WorkerDict
1317539 4810796 VLLM::Worker_TP
1317538 4805060 VLLM::Worker_TP
1796796 2778840 ray::AgentLoopW
1796798 2718640 ray::AgentLoopW
1796799 2296592 ray::AgentLoopW
== 2026-09-04T22:30:21+09:00
Mem:            1007         765         243         424         427         242
    PID   RSS COMMAND
1786196 87690716 VLLM::Worker
1786197 87690676 VLLM::Worker
1786195 87677660 VLLM::Worker
1786194 87329092 VLLM::Worker
1720303 63878244 ray::WorkerDict
1720305 63740088 ray::WorkerDict
1720306 63732916 ray::WorkerDict
1720304 63691784 ray::WorkerDict
1317539 4810796 VLLM::Worker_TP
1317538 4805060 VLLM::Worker_TP
1796796 2778840 ray::AgentLoopW
1796798 2718640 ray::AgentLoopW
1796799 2296592 ray::AgentLoopW
== 2026-09-04T22:30:41+09:00
Mem:            1007         765         243         424         427         242
    PID   RSS COMMAND
1786196 87690716 VLLM::Worker
1786197 87690676 VLLM::Worker
1786195 87677660 VLLM::Worker
1786194 87329092 VLLM::Worker
1720303 63878244 ray::WorkerDict
1720305 63740088 ray::WorkerDict
1720306 63732916 ray::WorkerDict
1720304 63691784 ray::WorkerDict
1317539 4810796 VLLM::Worker_TP
1317538 4805060 VLLM::Worker_TP
1796796 2778840 ray::AgentLoopW
1796798 2718640 ray::AgentLoopW
1796799 2296592 ray::AgentLoopW
== 2026-09-04T22:31:01+09:00
Mem:            1007         739         269         424         427         268
    PID   RSS COMMAND
1786196 87690716 VLLM::Worker
1786197 87690676 VLLM::Worker
1786195 87677660 VLLM::Worker
1786194 87329860 VLLM::Worker
1720305 56890056 ray::WorkerDict
1720306 56883496 ray::WorkerDict
1720303 56588572 ray::WorkerDict
1720304 56401688 ray::WorkerDict
1317539 4810796 VLLM::Worker_TP
1317538 4805060 VLLM::Worker_TP
1796796 2778840 ray::AgentLoopW
1796798 2718640 ray::AgentLoopW
1796799 2296592 ray::AgentLoopW
== 2026-09-04T22:31:21+09:00
Mem:            1007         537         471         424         427         469
    PID   RSS COMMAND
1786196 87690716 VLLM::Worker
1786197 87690676 VLLM::Worker
1786195 87677660 VLLM::Worker
1786194 87329860 VLLM::Worker
1317539 4810796 VLLM::Worker_TP
1317538 4805060 VLLM::Worker_TP
1720303 4263872 ray::WorkerDict
1720305 4120364 ray::WorkerDict
1720306 4113868 ray::WorkerDict
1720304 4073764 ray::WorkerDict
1796796 2778840 ray::AgentLoopW
1796798 2718640 ray::AgentLoopW
1796799 2296592 ray::AgentLoopW
== 2026-09-04T22:31:41+09:00
Mem:            1007         537         471         424         427         469
    PID   RSS COMMAND
1786196 87690716 VLLM::Worker
1786197 87690676 VLLM::Worker
1786195 87677660 VLLM::Worker
1786194 87329860 VLLM::Worker
1317539 4810796 VLLM::Worker_TP
1317538 4805060 VLLM::Worker_TP
1720303 4263872 ray::WorkerDict
1720305 4121132 ray::WorkerDict
1720306 4113868 ray::WorkerDict
1720304 4073764 ray::WorkerDict
1796796 2778840 ray::AgentLoopW
1796798 2718640 ray::AgentLoopW
1796799 2296592 ray::AgentLoopW
== 2026-09-04T22:32:01+09:00
Mem:            1007         639         369         424         427         368
    PID   RSS COMMAND
1786196 87690716 VLLM::Worker
1786197 87690676 VLLM::Worker
1786195 87677660 VLLM::Worker
1786194 87329860 VLLM::Worker
1720303 31037428 ray::WorkerDict
1720304 30847020 ray::WorkerDict
1720305 30544912 ray::WorkerDict
1720306 30519684 ray::WorkerDict
1317539 4810796 VLLM::Worker_TP
1317538 4805060 VLLM::Worker_TP
1796796 2778840 ray::AgentLoopW
1796798 2718640 ray::AgentLoopW
1796799 2296592 ray::AgentLoopW
== 2026-09-04T22:32:21+09:00
Mem:            1007         767         241         424         426         239
    PID   RSS COMMAND
1786196 87690716 VLLM::Worker
1786197 87690676 VLLM::Worker
1786195 87677660 VLLM::Worker
1786194 87329860 VLLM::Worker
1720303 64683564 ray::WorkerDict
1720304 64494020 ray::WorkerDict
1720306 64462112 ray::WorkerDict
1720305 64460204 ray::WorkerDict
1317539 4810796 VLLM::Worker_TP
1317538 4805060 VLLM::Worker_TP
1796796 2778840 ray::AgentLoopW
1796798 2718640 ray::AgentLoopW
1796799 2296592 ray::AgentLoopW
== 2026-09-04T22:32:41+09:00
Mem:            1007         766         243         424         426         241
    PID   RSS COMMAND
1786196 87690716 VLLM::Worker
1786197 87690676 VLLM::Worker
1786195 87677660 VLLM::Worker
1786194 87329860 VLLM::Worker
1720306 64460140 ray::WorkerDict
1720304 64038268 ray::WorkerDict
1720305 63907684 ray::WorkerDict
1720303 63896336 ray::WorkerDict
1317539 4810796 VLLM::Worker_TP
1317538 4805060 VLLM::Worker_TP
1796796 2778840 ray::AgentLoopW
1796798 2718640 ray::AgentLoopW
1796799 2296592 ray::AgentLoopW
== 2026-09-04T22:33:01+09:00
Mem:            1007         765         244         424         426         242
    PID   RSS COMMAND
1786196 87690716 VLLM::Worker
1786197 87690676 VLLM::Worker
1786195 87677660 VLLM::Worker
1786194 87329860 VLLM::Worker
1720303 63912724 ray::WorkerDict
1720306 63861036 ray::WorkerDict
1720304 63820932 ray::WorkerDict
1720305 63819188 ray::WorkerDict
1317539 4810796 VLLM::Worker_TP
1317538 4805060 VLLM::Worker_TP
1796796 2778840 ray::AgentLoopW
1796798 2718640 ray::AgentLoopW
1796799 2296592 ray::AgentLoopW
== 2026-09-04T22:33:21+09:00
Mem:            1007         765         244         424         426         242
    PID   RSS COMMAND
1786196 87690716 VLLM::Worker
1786197 87690676 VLLM::Worker
1786195 87678428 VLLM::Worker
1786194 87329860 VLLM::Worker
1720303 63896340 ray::WorkerDict
1720306 63861036 ray::WorkerDict
1720304 63820932 ray::WorkerDict
1720305 63819188 ray::WorkerDict
1317539 4810796 VLLM::Worker_TP
1317538 4805060 VLLM::Worker_TP
1796796 2778840 ray::AgentLoopW
1796798 2754472 ray::AgentLoopW
1796799 2296592 ray::AgentLoopW
== 2026-09-04T22:33:41+09:00
Mem:            1007         764         244         424         426         242
    PID   RSS COMMAND
1786197 87680692 VLLM::Worker
1786196 87679964 VLLM::Worker
1786195 87669212 VLLM::Worker
1786194 87316036 VLLM::Worker
1720303 63876372 ray::WorkerDict
1720306 63841836 ray::WorkerDict
1720304 63804804 ray::WorkerDict
1720305 63799988 ray::WorkerDict
1317539 4810028 VLLM::Worker_TP
1317538 4801988 VLLM::Worker_TP
1796796 2773464 ray::AgentLoopW
1796798 2750632 ray::AgentLoopW
1796799 2292752 ray::AgentLoopW
== 2026-09-04T22:34:01+09:00
Mem:            1007         765         244         424         426         242
    PID   RSS COMMAND
1786196 87692252 VLLM::Worker
1786197 87685292 VLLM::Worker
1786195 87676876 VLLM::Worker
1786194 87322936 VLLM::Worker
1720303 63873300 ray::WorkerDict
1720306 63841836 ray::WorkerDict
1720304 63804036 ray::WorkerDict
1720305 63797684 ray::WorkerDict
1317539 4809260 VLLM::Worker_TP
1317538 4800452 VLLM::Worker_TP
1796796 2773464 ray::AgentLoopW
1796798 2750632 ray::AgentLoopW
1796799 2292752 ray::AgentLoopW
== 2026-09-04T22:34:22+09:00
Mem:            1007         765         244         424         426         242
    PID   RSS COMMAND
1786196 87689180 VLLM::Worker
1786197 87687596 VLLM::Worker
1786195 87676108 VLLM::Worker
1786194 87325240 VLLM::Worker
1720303 63875604 ray::WorkerDict
1720306 63844140 ray::WorkerDict
1720304 63800188 ray::WorkerDict
1720305 63798452 ray::WorkerDict
1317539 4809260 VLLM::Worker_TP
1317538 4798916 VLLM::Worker_TP
1796796 2773464 ray::AgentLoopW
1796798 2750632 ray::AgentLoopW
1796799 2292752 ray::AgentLoopW
== 2026-09-04T22:34:42+09:00
Mem:            1007         765         243         424         427         241
    PID   RSS COMMAND
1786196 87690716 VLLM::Worker
1786197 87689900 VLLM::Worker
1786195 87677644 VLLM::Worker
1786194 87324472 VLLM::Worker
1720303 63876372 ray::WorkerDict
1720306 63844140 ray::WorkerDict
1720305 63801524 ray::WorkerDict
1720304 63800956 ray::WorkerDict
1317539 4810028 VLLM::Worker_TP
1317538 4799684 VLLM::Worker_TP
1796796 2775000 ray::AgentLoopW
1796798 2751400 ray::AgentLoopW
1796799 2295824 ray::AgentLoopW
== 2026-09-04T22:35:02+09:00
Mem:            1007         765         243         424         426         241
    PID   RSS COMMAND
1786196 87692252 VLLM::Worker
1786197 87686828 VLLM::Worker
1786195 87676876 VLLM::Worker
1786194 87321400 VLLM::Worker
1720303 63875604 ray::WorkerDict
1720306 63842604 ray::WorkerDict
1720304 63803260 ray::WorkerDict
1720305 63800756 ray::WorkerDict
1317539 4809260 VLLM::Worker_TP
1317538 4799684 VLLM::Worker_TP
1796796 2773464 ray::AgentLoopW
1796798 2750632 ray::AgentLoopW
1796799 2293520 ray::AgentLoopW
== 2026-09-04T22:35:22+09:00
Mem:            1007         765         243         424         426         241
    PID   RSS COMMAND
1786196 87692252 VLLM::Worker
1786197 87686828 VLLM::Worker
1786195 87676876 VLLM::Worker
1786194 87322168 VLLM::Worker
1720303 63875604 ray::WorkerDict
1720306 63842604 ray::WorkerDict
1720304 63803260 ray::WorkerDict
1720305 63800756 ray::WorkerDict
1317539 4809260 VLLM::Worker_TP
1317538 4798916 VLLM::Worker_TP
1796796 2773464 ray::AgentLoopW
1796798 2750632 ray::AgentLoopW
1796799 2294288 ray::AgentLoopW
== 2026-09-04T22:35:42+09:00
Mem:            1007         765         243         424         426         241
    PID   RSS COMMAND
1786196 87692252 VLLM::Worker
1786197 87686828 VLLM::Worker
1786195 87676876 VLLM::Worker
1786194 87322168 VLLM::Worker
1720303 63875604 ray::WorkerDict
1720306 63842604 ray::WorkerDict
1720304 63803260 ray::WorkerDict
1720305 63800756 ray::WorkerDict
1317539 4809260 VLLM::Worker_TP
1317538 4798916 VLLM::Worker_TP
1796796 2773464 ray::AgentLoopW
1796798 2750632 ray::AgentLoopW
1796799 2294288 ray::AgentLoopW
== 2026-09-04T22:36:02+09:00
Mem:            1007         765         243         424         427         241
    PID   RSS COMMAND
1786196 87692252 VLLM::Worker
1786197 87686828 VLLM::Worker
1786195 87676876 VLLM::Worker
1786194 87322168 VLLM::Worker
1720303 63875604 ray::WorkerDict
1720306 63842604 ray::WorkerDict
1720304 63803260 ray::WorkerDict
1720305 63800756 ray::WorkerDict
1317539 4809260 VLLM::Worker_TP
1317538 4798916 VLLM::Worker_TP
1796796 2773464 ray::AgentLoopW
1796798 2750632 ray::AgentLoopW
1796799 2294288 ray::AgentLoopW
== 2026-09-04T22:36:22+09:00
Mem:            1007         765         243         424         427         241
    PID   RSS COMMAND
1786196 87692252 VLLM::Worker
1786197 87686828 VLLM::Worker
1786195 87676876 VLLM::Worker
1786194 87322168 VLLM::Worker
1720303 63875604 ray::WorkerDict
1720306 63842604 ray::WorkerDict
1720304 63803260 ray::WorkerDict
1720305 63800756 ray::WorkerDict
1317539 4809260 VLLM::Worker_TP
1317538 4798916 VLLM::Worker_TP
1796796 2773464 ray::AgentLoopW
1796798 2750632 ray::AgentLoopW
1796799 2294288 ray::AgentLoopW
== 2026-09-04T22:36:42+09:00
Mem:            1007         765         243         424         427         241
    PID   RSS COMMAND
1786196 87692252 VLLM::Worker
1786197 87686000 VLLM::Worker
1786195 87676876 VLLM::Worker
1786194 87322936 VLLM::Worker
1720303 63875604 ray::WorkerDict
1720306 63842604 ray::WorkerDict
1720304 63803260 ray::WorkerDict
1720305 63800756 ray::WorkerDict
1317539 4810028 VLLM::Worker_TP
1317538 4798916 VLLM::Worker_TP
1796796 2773464 ray::AgentLoopW
1796798 2750632 ray::AgentLoopW
1796799 2295056 ray::AgentLoopW
== 2026-09-04T22:37:02+09:00
Mem:            1007         765         243         424         427         241
    PID   RSS COMMAND
1786196 87692252 VLLM::Worker
1786197 87686000 VLLM::Worker
1786195 87676876 VLLM::Worker
1786194 87322936 VLLM::Worker
1720303 63875604 ray::WorkerDict
1720306 63842604 ray::WorkerDict
1720304 63803260 ray::WorkerDict
1720305 63800756 ray::WorkerDict
1317539 4810796 VLLM::Worker_TP
1317538 4798916 VLLM::Worker_TP
1796796 2773464 ray::AgentLoopW
1796798 2750632 ray::AgentLoopW
1796799 2295056 ray::AgentLoopW
== 2026-09-04T22:37:22+09:00
Mem:            1007         765         243         424         427         241
    PID   RSS COMMAND
1786196 87692252 VLLM::Worker
1786197 87686000 VLLM::Worker
1786195 87676876 VLLM::Worker
1786194 87322936 VLLM::Worker
1720303 63875604 ray::WorkerDict
1720306 63842604 ray::WorkerDict
1720304 63803260 ray::WorkerDict
1720305 63800756 ray::WorkerDict
1317539 4810028 VLLM::Worker_TP
1317538 4798916 VLLM::Worker_TP
1796796 2773464 ray::AgentLoopW
1796798 2750632 ray::AgentLoopW
1796799 2295056 ray::AgentLoopW
== 2026-09-04T22:37:42+09:00
Mem:            1007         765         243         424         427         241
    PID   RSS COMMAND
1786196 87692252 VLLM::Worker
1786197 87686000 VLLM::Worker
1786195 87676876 VLLM::Worker
1786194 87322936 VLLM::Worker
1720303 63875604 ray::WorkerDict
1720306 63842604 ray::WorkerDict
1720304 63803260 ray::WorkerDict
1720305 63800756 ray::WorkerDict
1317539 4810028 VLLM::Worker_TP
1317538 4798916 VLLM::Worker_TP
1796796 2773464 ray::AgentLoopW
1796798 2750632 ray::AgentLoopW
1796799 2295056 ray::AgentLoopW
== 2026-09-04T22:38:02+09:00
Mem:            1007         765         243         424         427         241
    PID   RSS COMMAND
1786196 87692252 VLLM::Worker
1786197 87686000 VLLM::Worker
1786195 87676876 VLLM::Worker
1786194 87322936 VLLM::Worker
1720303 63875604 ray::WorkerDict
1720306 63842604 ray::WorkerDict
1720304 63803260 ray::WorkerDict
1720305 63800756 ray::WorkerDict
1317539 4810796 VLLM::Worker_TP
1317538 4798916 VLLM::Worker_TP
1796796 2773464 ray::AgentLoopW
1796798 2750632 ray::AgentLoopW
1796799 2295056 ray::AgentLoopW
== 2026-09-04T22:38:22+09:00
Mem:            1007         765         243         424         427         241
    PID   RSS COMMAND
1786196 87692252 VLLM::Worker
1786197 87686000 VLLM::Worker
1786195 87676876 VLLM::Worker
1786194 87322936 VLLM::Worker
1720303 63875604 ray::WorkerDict
1720306 63842604 ray::WorkerDict
1720304 63804028 ray::WorkerDict
1720305 63800756 ray::WorkerDict
1317539 4810028 VLLM::Worker_TP
1317538 4801988 VLLM::Worker_TP
1796796 2773464 ray::AgentLoopW
1796798 2750632 ray::AgentLoopW
1796799 2295056 ray::AgentLoopW
== 2026-09-04T22:38:42+09:00
Mem:            1007         765         243         424         427         241
    PID   RSS COMMAND
1786196 87692252 VLLM::Worker
1786197 87686000 VLLM::Worker
1786195 87676876 VLLM::Worker
1786194 87322936 VLLM::Worker
1720303 63875604 ray::WorkerDict
1720306 63842604 ray::WorkerDict
1720304 63804028 ray::WorkerDict
1720305 63800756 ray::WorkerDict
1317539 4810028 VLLM::Worker_TP
1317538 4801988 VLLM::Worker_TP
1796796 2773464 ray::AgentLoopW
1796798 2750632 ray::AgentLoopW
1796799 2295056 ray::AgentLoopW
== 2026-09-04T22:39:02+09:00
Mem:            1007         765         243         424         427         241
    PID   RSS COMMAND
1786196 87692252 VLLM::Worker
1786197 87686000 VLLM::Worker
1786195 87676876 VLLM::Worker
1786194 87322936 VLLM::Worker
1720303 63875604 ray::WorkerDict
1720306 63842604 ray::WorkerDict
1720304 63804028 ray::WorkerDict
1720305 63800756 ray::WorkerDict
1317539 4810028 VLLM::Worker_TP
1317538 4801988 VLLM::Worker_TP
1796796 2773464 ray::AgentLoopW
1796798 2750632 ray::AgentLoopW
1796799 2295056 ray::AgentLoopW
== 2026-09-04T22:39:22+09:00
Mem:            1007         765         243         424         427         241
    PID   RSS COMMAND
1786196 87692252 VLLM::Worker
1786197 87686000 VLLM::Worker
1786195 87676876 VLLM::Worker
1786194 87322936 VLLM::Worker
1720303 63875604 ray::WorkerDict
1720306 63842604 ray::WorkerDict
1720304 63804028 ray::WorkerDict
1720305 63800756 ray::WorkerDict
1317539 4810028 VLLM::Worker_TP
1317538 4801988 VLLM::Worker_TP
1796796 2773464 ray::AgentLoopW
1796798 2750632 ray::AgentLoopW
1796799 2295056 ray::AgentLoopW
== 2026-09-04T22:39:42+09:00
Mem:            1007         765         243         424         427         241
    PID   RSS COMMAND
1786196 87692252 VLLM::Worker
1786197 87686000 VLLM::Worker
1786195 87676876 VLLM::Worker
1786194 87322936 VLLM::Worker
1720303 63875604 ray::WorkerDict
1720306 63842604 ray::WorkerDict
1720304 63804028 ray::WorkerDict
1720305 63800756 ray::WorkerDict
1317539 4810028 VLLM::Worker_TP
1317538 4801988 VLLM::Worker_TP
1796796 2773464 ray::AgentLoopW
1796798 2750632 ray::AgentLoopW
1796799 2295056 ray::AgentLoopW
== 2026-09-04T22:40:02+09:00
Mem:            1007         765         243         424         427         241
    PID   RSS COMMAND
1786196 87696092 VLLM::Worker
1786197 87689840 VLLM::Worker
1786195 87679948 VLLM::Worker
1786194 87325240 VLLM::Worker
1720303 63875604 ray::WorkerDict
1720306 63842604 ray::WorkerDict
1720304 63804028 ray::WorkerDict
1720305 63800756 ray::WorkerDict
1317539 4810028 VLLM::Worker_TP
1317538 4801220 VLLM::Worker_TP
1796796 2773464 ray::AgentLoopW
1796798 2750632 ray::AgentLoopW
1796799 2295056 ray::AgentLoopW
== 2026-09-04T22:40:22+09:00
Mem:            1007         765         243         424         427         241
    PID   RSS COMMAND
1786196 87696092 VLLM::Worker
1786197 87689840 VLLM::Worker
1786195 87679948 VLLM::Worker
1786194 87325240 VLLM::Worker
1720303 63875604 ray::WorkerDict
1720306 63842604 ray::WorkerDict
1720304 63804028 ray::WorkerDict
1720305 63800756 ray::WorkerDict
1317539 4810028 VLLM::Worker_TP
1317538 4801988 VLLM::Worker_TP
1796796 2773464 ray::AgentLoopW
1796798 2750632 ray::AgentLoopW
1796799 2295056 ray::AgentLoopW
== 2026-09-04T22:40:42+09:00
Mem:            1007         765         243         424         427         241
    PID   RSS COMMAND
1786196 87696092 VLLM::Worker
1786197 87689840 VLLM::Worker
1786195 87679948 VLLM::Worker
1786194 87325240 VLLM::Worker
1720303 63875604 ray::WorkerDict
1720306 63842604 ray::WorkerDict
1720304 63804028 ray::WorkerDict
1720305 63800756 ray::WorkerDict
1317539 4810028 VLLM::Worker_TP
1317538 4801988 VLLM::Worker_TP
1796796 2773464 ray::AgentLoopW
1796798 2750632 ray::AgentLoopW
1796799 2295056 ray::AgentLoopW
== 2026-09-04T22:41:02+09:00
Mem:            1007         765         243         424         427         241
    PID   RSS COMMAND
1786196 87696092 VLLM::Worker
1786197 87689840 VLLM::Worker
1786195 87679948 VLLM::Worker
1786194 87325240 VLLM::Worker
1720303 63875604 ray::WorkerDict
1720306 63842604 ray::WorkerDict
1720304 63804028 ray::WorkerDict
1720305 63800756 ray::WorkerDict
1317539 4810028 VLLM::Worker_TP
1317538 4801220 VLLM::Worker_TP
1796796 2773464 ray::AgentLoopW
1796798 2750632 ray::AgentLoopW
1796799 2295056 ray::AgentLoopW
== 2026-09-04T22:41:22+09:00
Mem:            1007         765         243         424         427         241
    PID   RSS COMMAND
1786196 87696092 VLLM::Worker
1786197 87689840 VLLM::Worker
1786195 87679948 VLLM::Worker
1786194 87325240 VLLM::Worker
1720303 63875604 ray::WorkerDict
1720306 63842604 ray::WorkerDict
1720304 63804028 ray::WorkerDict
1720305 63800756 ray::WorkerDict
1317539 4810028 VLLM::Worker_TP
1317538 4801220 VLLM::Worker_TP
1796796 2773464 ray::AgentLoopW
1796798 2750632 ray::AgentLoopW
1796799 2295056 ray::AgentLoopW
== 2026-09-04T22:41:42+09:00
Mem:            1007         765         243         424         427         241
    PID   RSS COMMAND
1786196 87696092 VLLM::Worker
1786197 87689840 VLLM::Worker
1786195 87679948 VLLM::Worker
1786194 87325240 VLLM::Worker
1720303 63875604 ray::WorkerDict
1720306 63842604 ray::WorkerDict
1720304 63804028 ray::WorkerDict
1720305 63800756 ray::WorkerDict
1317539 4810028 VLLM::Worker_TP
1317538 4801220 VLLM::Worker_TP
1796796 2773464 ray::AgentLoopW
1796798 2750632 ray::AgentLoopW
1796799 2295056 ray::AgentLoopW
== 2026-09-04T22:42:02+09:00
Mem:            1007         765         243         424         427         241
    PID   RSS COMMAND
1786196 87696092 VLLM::Worker
1786197 87689840 VLLM::Worker
1786195 87679948 VLLM::Worker
1786194 87325240 VLLM::Worker
1720303 63875604 ray::WorkerDict
1720306 63842604 ray::WorkerDict
1720304 63804028 ray::WorkerDict
1720305 63800756 ray::WorkerDict
1317539 4810028 VLLM::Worker_TP
1317538 4801988 VLLM::Worker_TP
1796796 2773464 ray::AgentLoopW
1796798 2750632 ray::AgentLoopW
1796799 2295056 ray::AgentLoopW
== 2026-09-04T22:42:22+09:00
Mem:            1007         765         243         424         427         241
    PID   RSS COMMAND
1786196 87696092 VLLM::Worker
1786197 87689840 VLLM::Worker
1786195 87679948 VLLM::Worker
1786194 87325240 VLLM::Worker
1720303 63875604 ray::WorkerDict
1720306 63842604 ray::WorkerDict
1720304 63804028 ray::WorkerDict
1720305 63800756 ray::WorkerDict
1317539 4810028 VLLM::Worker_TP
1317538 4801220 VLLM::Worker_TP
1796796 2773464 ray::AgentLoopW
1796798 2750632 ray::AgentLoopW
1796799 2295056 ray::AgentLoopW
== 2026-09-04T22:42:42+09:00
Mem:            1007         765         243         424         427         241
    PID   RSS COMMAND
1786196 87696092 VLLM::Worker
1786197 87689840 VLLM::Worker
1786195 87679948 VLLM::Worker
1786194 87325240 VLLM::Worker
1720303 63875604 ray::WorkerDict
1720306 63842604 ray::WorkerDict
1720304 63804028 ray::WorkerDict
1720305 63800756 ray::WorkerDict
1317539 4810028 VLLM::Worker_TP
1317538 4801220 VLLM::Worker_TP
1796796 2773464 ray::AgentLoopW
1796798 2750632 ray::AgentLoopW
1796799 2295056 ray::AgentLoopW
== 2026-09-04T22:43:02+09:00
Mem:            1007         765         243         424         427         241
    PID   RSS COMMAND
1786196 87696092 VLLM::Worker
1786197 87689840 VLLM::Worker
1786195 87679948 VLLM::Worker
1786194 87325240 VLLM::Worker
1720303 63875604 ray::WorkerDict
1720306 63842604 ray::WorkerDict
1720304 63804028 ray::WorkerDict
1720305 63800756 ray::WorkerDict
1317539 4810028 VLLM::Worker_TP
1317538 4801988 VLLM::Worker_TP
1796796 2773464 ray::AgentLoopW
1796798 2750632 ray::AgentLoopW
1796799 2295056 ray::AgentLoopW
== 2026-09-04T22:43:22+09:00
Mem:            1007         765         243         424         427         241
    PID   RSS COMMAND
1786196 87696092 VLLM::Worker
1786197 87689840 VLLM::Worker
1786195 87679948 VLLM::Worker
1786194 87325240 VLLM::Worker
1720303 63875604 ray::WorkerDict
1720306 63842604 ray::WorkerDict
1720304 63804028 ray::WorkerDict
1720305 63800756 ray::WorkerDict
1317539 4810028 VLLM::Worker_TP
1317538 4801988 VLLM::Worker_TP
1796796 2773464 ray::AgentLoopW
1796798 2750632 ray::AgentLoopW
1796799 2295056 ray::AgentLoopW
== 2026-09-04T22:43:42+09:00
Mem:            1007         765         243         424         427         241
    PID   RSS COMMAND
1786196 87696092 VLLM::Worker
1786197 87689840 VLLM::Worker
1786195 87679948 VLLM::Worker
1786194 87325240 VLLM::Worker
1720303 63875604 ray::WorkerDict
1720306 63842604 ray::WorkerDict
1720304 63804028 ray::WorkerDict
1720305 63800756 ray::WorkerDict
1317539 4810028 VLLM::Worker_TP
1317538 4801220 VLLM::Worker_TP
1796796 2773464 ray::AgentLoopW
1796798 2750632 ray::AgentLoopW
1796799 2295056 ray::AgentLoopW
== 2026-09-04T22:44:03+09:00
Mem:            1007         765         243         424         427         241
    PID   RSS COMMAND
1786196 87696092 VLLM::Worker
1786197 87689840 VLLM::Worker
1786195 87679948 VLLM::Worker
1786194 87325240 VLLM::Worker
1720303 63875604 ray::WorkerDict
1720306 63842604 ray::WorkerDict
1720304 63804028 ray::WorkerDict
1720305 63800756 ray::WorkerDict
1317539 4809260 VLLM::Worker_TP
1317538 4801220 VLLM::Worker_TP
1796796 2773464 ray::AgentLoopW
1796798 2750632 ray::AgentLoopW
1796799 2295056 ray::AgentLoopW
== 2026-09-04T22:44:23+09:00
Mem:            1007         765         243         424         427         241
    PID   RSS COMMAND
1786196 87696092 VLLM::Worker
1786197 87689840 VLLM::Worker
1786195 87679948 VLLM::Worker
1786194 87325240 VLLM::Worker
1720303 63875604 ray::WorkerDict
1720306 63842604 ray::WorkerDict
1720304 63804028 ray::WorkerDict
1720305 63800756 ray::WorkerDict
1317539 4811564 VLLM::Worker_TP
1317538 4804292 VLLM::Worker_TP
1796796 2773464 ray::AgentLoopW
1796798 2750632 ray::AgentLoopW
1796799 2295056 ray::AgentLoopW
== 2026-09-04T22:44:43+09:00
Mem:            1007         765         243         424         427         241
    PID   RSS COMMAND
1786196 87696092 VLLM::Worker
1786197 87689840 VLLM::Worker
1786195 87679948 VLLM::Worker
1786194 87325240 VLLM::Worker
1720303 63875604 ray::WorkerDict
1720306 63842604 ray::WorkerDict
1720304 63804028 ray::WorkerDict
1720305 63800756 ray::WorkerDict
1317539 4819244 VLLM::Worker_TP
1317538 4811204 VLLM::Worker_TP
1796796 2773464 ray::AgentLoopW
1796798 2750632 ray::AgentLoopW
1796799 2295056 ray::AgentLoopW
== 2026-09-04T22:45:03+09:00
Mem:            1007         766         243         424         427         241
    PID   RSS COMMAND
1786196 87696092 VLLM::Worker
1786197 87689840 VLLM::Worker
1786195 87679948 VLLM::Worker
1786194 87325240 VLLM::Worker
1720303 63875604 ray::WorkerDict
1720306 63842604 ray::WorkerDict
1720304 63804028 ray::WorkerDict
1720305 63800756 ray::WorkerDict
1317539 4820012 VLLM::Worker_TP
1317538 4811972 VLLM::Worker_TP
1796796 2773464 ray::AgentLoopW
1796798 2750632 ray::AgentLoopW
1796799 2295056 ray::AgentLoopW
== 2026-09-04T22:45:23+09:00
Mem:            1007         766         243         424         427         241
    PID   RSS COMMAND
1786196 87696092 VLLM::Worker
1786197 87689840 VLLM::Worker
1786195 87679948 VLLM::Worker
1786194 87325240 VLLM::Worker
1720303 63875604 ray::WorkerDict
1720306 63842604 ray::WorkerDict
1720304 63804028 ray::WorkerDict
1720305 63800756 ray::WorkerDict
1317539 4821548 VLLM::Worker_TP
1317538 4811204 VLLM::Worker_TP
1796796 2773464 ray::AgentLoopW
1796798 2750632 ray::AgentLoopW
1796799 2295056 ray::AgentLoopW
== 2026-09-04T22:45:43+09:00
Mem:            1007         766         243         424         427         241
    PID   RSS COMMAND
1786196 87696092 VLLM::Worker
1786197 87689840 VLLM::Worker
1786195 87679948 VLLM::Worker
1786194 87325240 VLLM::Worker
1720303 63875604 ray::WorkerDict
1720306 63842604 ray::WorkerDict
1720304 63804028 ray::WorkerDict
1720305 63800756 ray::WorkerDict
1317539 4820780 VLLM::Worker_TP
1317538 4811204 VLLM::Worker_TP
1796796 2773464 ray::AgentLoopW
1796798 2750632 ray::AgentLoopW
1796799 2295056 ray::AgentLoopW
== 2026-09-04T22:46:03+09:00
Mem:            1007         766         243         424         427         241
    PID   RSS COMMAND
1786196 87696092 VLLM::Worker
1786197 87689840 VLLM::Worker
1786195 87679948 VLLM::Worker
1786194 87325240 VLLM::Worker
1720303 63875604 ray::WorkerDict
1720306 63842604 ray::WorkerDict
1720304 63804028 ray::WorkerDict
1720305 63800756 ray::WorkerDict
1317539 4820780 VLLM::Worker_TP
1317538 4811204 VLLM::Worker_TP
1796796 2773464 ray::AgentLoopW
1796798 2750632 ray::AgentLoopW
1796799 2295056 ray::AgentLoopW
== 2026-09-04T22:46:23+09:00
Mem:            1007         766         243         424         427         241
    PID   RSS COMMAND
1786196 87696092 VLLM::Worker
1786197 87689840 VLLM::Worker
1786195 87679948 VLLM::Worker
1786194 87325240 VLLM::Worker
1720303 63875604 ray::WorkerDict
1720306 63842604 ray::WorkerDict
1720304 63804028 ray::WorkerDict
1720305 63800756 ray::WorkerDict
1317539 4820780 VLLM::Worker_TP
1317538 4811204 VLLM::Worker_TP
1796796 2773464 ray::AgentLoopW
1796798 2750632 ray::AgentLoopW
1796799 2295056 ray::AgentLoopW
== 2026-09-04T22:46:43+09:00
Mem:            1007         766         243         424         427         241
    PID   RSS COMMAND
1786196 87696092 VLLM::Worker
1786197 87689840 VLLM::Worker
1786195 87679948 VLLM::Worker
1786194 87325240 VLLM::Worker
1720303 63875604 ray::WorkerDict
1720306 63842604 ray::WorkerDict
1720304 63804028 ray::WorkerDict
1720305 63800756 ray::WorkerDict
1317539 4820780 VLLM::Worker_TP
1317538 4811204 VLLM::Worker_TP
1796796 2773464 ray::AgentLoopW
1796798 2750632 ray::AgentLoopW
1796799 2295056 ray::AgentLoopW
== 2026-09-04T22:47:03+09:00
Mem:            1007         766         243         424         427         241
    PID   RSS COMMAND
1786196 87696092 VLLM::Worker
1786197 87689840 VLLM::Worker
1786195 87679948 VLLM::Worker
1786194 87325240 VLLM::Worker
1720303 63875604 ray::WorkerDict
1720306 63842604 ray::WorkerDict
1720304 63804028 ray::WorkerDict
1720305 63800756 ray::WorkerDict
1317539 4821548 VLLM::Worker_TP
1317538 4811204 VLLM::Worker_TP
1796796 2773464 ray::AgentLoopW
1796798 2750632 ray::AgentLoopW
1796799 2295056 ray::AgentLoopW
== 2026-09-04T22:47:23+09:00
Mem:            1007         766         243         424         427         241
    PID   RSS COMMAND
1786196 87696092 VLLM::Worker
1786197 87689840 VLLM::Worker
1786195 87679948 VLLM::Worker
1786194 87325240 VLLM::Worker
1720303 63875604 ray::WorkerDict
1720306 63842604 ray::WorkerDict
1720304 63804028 ray::WorkerDict
1720305 63800756 ray::WorkerDict
1317539 4821548 VLLM::Worker_TP
1317538 4811204 VLLM::Worker_TP
1796796 2773464 ray::AgentLoopW
1796798 2750632 ray::AgentLoopW
1796799 2295056 ray::AgentLoopW
== 2026-09-04T22:47:43+09:00
Mem:            1007         766         243         424         427         241
    PID   RSS COMMAND
1786196 87696092 VLLM::Worker
1786197 87689840 VLLM::Worker
1786195 87679948 VLLM::Worker
1786194 87325240 VLLM::Worker
1720303 63875604 ray::WorkerDict
1720306 63842604 ray::WorkerDict
1720304 63804028 ray::WorkerDict
1720305 63800756 ray::WorkerDict
1317539 4821548 VLLM::Worker_TP
1317538 4811204 VLLM::Worker_TP
1796796 2773464 ray::AgentLoopW
1796798 2750632 ray::AgentLoopW
1796799 2295056 ray::AgentLoopW
== 2026-09-04T22:48:03+09:00
Mem:            1007         766         243         424         427         241
    PID   RSS COMMAND
1786196 87696092 VLLM::Worker
1786197 87689840 VLLM::Worker
1786195 87679948 VLLM::Worker
1786194 87325240 VLLM::Worker
1720303 63875604 ray::WorkerDict
1720306 63842604 ray::WorkerDict
1720304 63804028 ray::WorkerDict
1720305 63800756 ray::WorkerDict
1317539 4821548 VLLM::Worker_TP
1317538 4811204 VLLM::Worker_TP
1796796 2773464 ray::AgentLoopW
1796798 2750632 ray::AgentLoopW
1796799 2295056 ray::AgentLoopW
== 2026-09-04T22:48:23+09:00
Mem:            1007         766         243         424         427         241
    PID   RSS COMMAND
1786196 87696092 VLLM::Worker
1786197 87689840 VLLM::Worker
1786195 87679948 VLLM::Worker
1786194 87325240 VLLM::Worker
1720303 63875604 ray::WorkerDict
1720306 63842604 ray::WorkerDict
1720304 63804028 ray::WorkerDict
1720305 63800756 ray::WorkerDict
1317539 4821548 VLLM::Worker_TP
1317538 4811204 VLLM::Worker_TP
1796796 2773464 ray::AgentLoopW
1796798 2750632 ray::AgentLoopW
1796799 2295056 ray::AgentLoopW
== 2026-09-04T22:48:43+09:00
Mem:            1007         766         243         424         427         241
    PID   RSS COMMAND
1786196 87696092 VLLM::Worker
1786197 87689840 VLLM::Worker
1786195 87679948 VLLM::Worker
1786194 87325240 VLLM::Worker
1720303 63875604 ray::WorkerDict
1720306 63842604 ray::WorkerDict
1720304 63804028 ray::WorkerDict
1720305 63800756 ray::WorkerDict
1317539 4820780 VLLM::Worker_TP
1317538 4811204 VLLM::Worker_TP
1796796 2773464 ray::AgentLoopW
1796798 2750632 ray::AgentLoopW
1796799 2295056 ray::AgentLoopW
== 2026-09-04T22:49:03+09:00
Mem:            1007         765         243         424         427         241
    PID   RSS COMMAND
1786196 87696092 VLLM::Worker
1786197 87689840 VLLM::Worker
1786195 87679948 VLLM::Worker
1786194 87325240 VLLM::Worker
1720303 63875604 ray::WorkerDict
1720306 63842604 ray::WorkerDict
1720304 63804028 ray::WorkerDict
1720305 63800756 ray::WorkerDict
1317539 4821548 VLLM::Worker_TP
1317538 4811204 VLLM::Worker_TP
1796796 2773464 ray::AgentLoopW
1796798 2750632 ray::AgentLoopW
1796799 2295056 ray::AgentLoopW
== 2026-09-04T22:49:23+09:00
Mem:            1007         765         243         424         427         241
    PID   RSS COMMAND
1786196 87696092 VLLM::Worker
1786197 87689840 VLLM::Worker
1786195 87679948 VLLM::Worker
1786194 87325240 VLLM::Worker
1720303 63875604 ray::WorkerDict
1720306 63842604 ray::WorkerDict
1720304 63804028 ray::WorkerDict
1720305 63800756 ray::WorkerDict
1317539 4820780 VLLM::Worker_TP
1317538 4811204 VLLM::Worker_TP
1796796 2773464 ray::AgentLoopW
1796798 2750632 ray::AgentLoopW
1796799 2295056 ray::AgentLoopW
== 2026-09-04T22:49:43+09:00
Mem:            1007         765         243         424         427         241
    PID   RSS COMMAND
1786196 87696092 VLLM::Worker
1786197 87689840 VLLM::Worker
1786195 87679948 VLLM::Worker
1786194 87325240 VLLM::Worker
1720303 63875604 ray::WorkerDict
1720306 63842604 ray::WorkerDict
1720304 63804028 ray::WorkerDict
1720305 63801524 ray::WorkerDict
1317539 4820780 VLLM::Worker_TP
1317538 4811204 VLLM::Worker_TP
1796796 2773464 ray::AgentLoopW
1796798 2750632 ray::AgentLoopW
1796799 2295056 ray::AgentLoopW
== 2026-09-04T22:50:03+09:00
Mem:            1007         537         471         424         427         469
    PID   RSS COMMAND
1786196 87696092 VLLM::Worker
1786197 87689840 VLLM::Worker
1786195 87679948 VLLM::Worker
1786194 87325240 VLLM::Worker
1317539 4820780 VLLM::Worker_TP
1317538 4811204 VLLM::Worker_TP
1720303 4257576 ray::WorkerDict
1720304 4184360 ray::WorkerDict
1720305 4118272 ray::WorkerDict
1720306 4109944 ray::WorkerDict
1796796 2773464 ray::AgentLoopW
1796798 2750632 ray::AgentLoopW
1796799 2295056 ray::AgentLoopW
== 2026-09-04T22:50:23+09:00
Mem:            1007         537         471         424         427         469
    PID   RSS COMMAND
1786196 87696092 VLLM::Worker
1786197 87689840 VLLM::Worker
1786195 87679948 VLLM::Worker
1786194 87325240 VLLM::Worker
1317539 4820780 VLLM::Worker_TP
1317538 4811204 VLLM::Worker_TP
1720303 4257576 ray::WorkerDict
1720304 4184360 ray::WorkerDict
1720305 4118272 ray::WorkerDict
1720306 4109944 ray::WorkerDict
1796796 2773464 ray::AgentLoopW
1796798 2750632 ray::AgentLoopW
1796799 2295056 ray::AgentLoopW
== 2026-09-04T22:50:43+09:00
Mem:            1007         537         471         424         427         469
    PID   RSS COMMAND
1786196 87696092 VLLM::Worker
1786197 87689840 VLLM::Worker
1786195 87679948 VLLM::Worker
1786194 87325240 VLLM::Worker
1317539 4820780 VLLM::Worker_TP
1317538 4811204 VLLM::Worker_TP
1720303 4261712 ray::WorkerDict
1720304 4189000 ray::WorkerDict
1720305 4119828 ray::WorkerDict
1720306 4115848 ray::WorkerDict
1796796 2773464 ray::AgentLoopW
1796798 2750632 ray::AgentLoopW
1796799 2295056 ray::AgentLoopW
== 2026-09-04T22:51:03+09:00
Mem:            1007         537         471         424         427         469
    PID   RSS COMMAND
1786196 87696092 VLLM::Worker
1786197 87689840 VLLM::Worker
1786195 87679948 VLLM::Worker
1786194 87325240 VLLM::Worker
1317539 4820780 VLLM::Worker_TP
1317538 4811204 VLLM::Worker_TP
1720303 4261712 ray::WorkerDict
1720304 4189000 ray::WorkerDict
1720305 4119828 ray::WorkerDict
1720306 4115848 ray::WorkerDict
1796796 2773464 ray::AgentLoopW
1796798 2750632 ray::AgentLoopW
1796799 2295056 ray::AgentLoopW
== 2026-09-04T22:51:23+09:00
Mem:            1007         537         471         424         427         469
    PID   RSS COMMAND
1786196 87696092 VLLM::Worker
1786197 87689840 VLLM::Worker
1786195 87679948 VLLM::Worker
1786194 87325240 VLLM::Worker
1317539 4820780 VLLM::Worker_TP
1317538 4811204 VLLM::Worker_TP
1720303 4261712 ray::WorkerDict
1720304 4189000 ray::WorkerDict
1720305 4119828 ray::WorkerDict
1720306 4115848 ray::WorkerDict
1796796 2773464 ray::AgentLoopW
1796798 2750632 ray::AgentLoopW
1796799 2295056 ray::AgentLoopW
== 2026-09-04T22:51:43+09:00
Mem:            1007         537         471         424         427         469
    PID   RSS COMMAND
1786196 87696092 VLLM::Worker
1786197 87689840 VLLM::Worker
1786195 87679948 VLLM::Worker
1786194 87325240 VLLM::Worker
1317539 4820780 VLLM::Worker_TP
1317538 4811204 VLLM::Worker_TP
1720303 4261712 ray::WorkerDict
1720305 4119828 ray::WorkerDict
1720306 4115848 ray::WorkerDict
1720304 4074312 ray::WorkerDict
1796796 2773464 ray::AgentLoopW
1796798 2750632 ray::AgentLoopW
1796799 2295056 ray::AgentLoopW
== 2026-09-04T22:52:03+09:00
Mem:            1007         537         471         424         427         469
    PID   RSS COMMAND
1786196 87696092 VLLM::Worker
1786197 87689840 VLLM::Worker
1786195 87679948 VLLM::Worker
1786194 87325240 VLLM::Worker
1317539 4820780 VLLM::Worker_TP
1317538 4811204 VLLM::Worker_TP
1720303 4261712 ray::WorkerDict
1720305 4119828 ray::WorkerDict
1720306 4115848 ray::WorkerDict
1720304 4074312 ray::WorkerDict
1796796 2773464 ray::AgentLoopW
1796798 2750632 ray::AgentLoopW
1796799 2295056 ray::AgentLoopW
== 2026-09-04T22:52:23+09:00
Mem:            1007         537         471         424         427         469
    PID   RSS COMMAND
1786196 87696092 VLLM::Worker
1786197 87689840 VLLM::Worker
1786195 87679948 VLLM::Worker
1786194 87325240 VLLM::Worker
1317539 4820780 VLLM::Worker_TP
1317538 4811204 VLLM::Worker_TP
1720303 4262480 ray::WorkerDict
1720305 4121364 ray::WorkerDict
1720306 4117384 ray::WorkerDict
1720304 4075080 ray::WorkerDict
1796796 2773464 ray::AgentLoopW
1796798 2750632 ray::AgentLoopW
1796799 2295056 ray::AgentLoopW
== 2026-09-04T22:52:43+09:00
Mem:            1007         650         358         424         427         357
    PID   RSS COMMAND
1786196 87696092 VLLM::Worker
1786197 87689840 VLLM::Worker
1786195 87679948 VLLM::Worker
1786194 87325240 VLLM::Worker
1720303 33969092 ray::WorkerDict
1720304 33781384 ray::WorkerDict
1720305 33530040 ray::WorkerDict
1720306 33526676 ray::WorkerDict
1317539 4820780 VLLM::Worker_TP
1317538 4811204 VLLM::Worker_TP
1796796 2773464 ray::AgentLoopW
1796798 2750632 ray::AgentLoopW
1796799 2295056 ray::AgentLoopW
== 2026-09-04T22:53:04+09:00
Mem:            1007         766         243         424         426         241
    PID   RSS COMMAND
1786196 87696092 VLLM::Worker
1786197 87689840 VLLM::Worker
1786195 87679948 VLLM::Worker
1786194 87325240 VLLM::Worker
1720305 64542668 ray::WorkerDict
1720303 64234932 ray::WorkerDict
1720304 63978968 ray::WorkerDict
1720306 63861644 ray::WorkerDict
1317539 4820780 VLLM::Worker_TP
1317538 4811204 VLLM::Worker_TP
1796796 2773464 ray::AgentLoopW
1796798 2750632 ray::AgentLoopW
1796799 2295056 ray::AgentLoopW
== 2026-09-04T22:53:24+09:00
Mem:            1007         765         244         424         426         242
    PID   RSS COMMAND
1786196 87694556 VLLM::Worker
1786197 87688304 VLLM::Worker
1786195 87677644 VLLM::Worker
1786194 87323704 VLLM::Worker
1720303 64155828 ray::WorkerDict
1720306 63892696 ray::WorkerDict
1720305 63796432 ray::WorkerDict
1720304 63735184 ray::WorkerDict
1317539 4820780 VLLM::Worker_TP
1317538 4811204 VLLM::Worker_TP
1796796 2773464 ray::AgentLoopW
1796798 2750632 ray::AgentLoopW
1796799 2295056 ray::AgentLoopW
== 2026-09-04T22:53:44+09:00
Mem:            1007         764         244         424         426         242
    PID   RSS COMMAND
1786196 87694556 VLLM::Worker
1786197 87688304 VLLM::Worker
1786195 87677644 VLLM::Worker
1786194 87323704 VLLM::Worker
1720303 63912092 ray::WorkerDict
1720304 63870620 ray::WorkerDict
1720305 63868452 ray::WorkerDict
1720306 63749844 ray::WorkerDict
1317539 4820780 VLLM::Worker_TP
1317538 4811204 VLLM::Worker_TP
1796796 2773464 ray::AgentLoopW
1796798 2750632 ray::AgentLoopW
1796799 2295056 ray::AgentLoopW
== 2026-09-04T22:54:04+09:00
Mem:            1007         765         244         424         426         242
    PID   RSS COMMAND
1786196 87699164 VLLM::Worker
1786197 87690608 VLLM::Worker
1786195 87683020 VLLM::Worker
1786194 87325240 VLLM::Worker
1720303 63895708 ray::WorkerDict
1720305 63869220 ray::WorkerDict
1720306 63749844 ray::WorkerDict
1720304 63707540 ray::WorkerDict
1317539 4820780 VLLM::Worker_TP
1317538 4811204 VLLM::Worker_TP
1796798 2754472 ray::AgentLoopW
1796796 2750608 ray::AgentLoopW
1796799 2295824 ray::AgentLoopW
== 2026-09-04T22:54:24+09:00
Mem:            1007         765         244         424         426         242
    PID   RSS COMMAND
1786196 87686640 VLLM::Worker
1786197 87686000 VLLM::Worker
1786195 87674572 VLLM::Worker
1786194 87320632 VLLM::Worker
1720303 63874972 ray::WorkerDict
1720305 63849252 ray::WorkerDict
1720306 63729108 ray::WorkerDict
1720304 63686036 ray::WorkerDict
1317539 4809260 VLLM::Worker_TP
1317538 4796612 VLLM::Worker_TP
1796798 2750632 ray::AgentLoopW
1796796 2748304 ray::AgentLoopW
1796799 2293520 ray::AgentLoopW
== 2026-09-04T22:54:44+09:00
Mem:            1007         765         243         424         426         241
    PID   RSS COMMAND
1786196 87695088 VLLM::Worker
1786197 87694448 VLLM::Worker
1786195 87685324 VLLM::Worker
1786194 87330380 VLLM::Worker
1720303 63879580 ray::WorkerDict
1720305 63853092 ray::WorkerDict
1720306 63734484 ray::WorkerDict
1720304 63688340 ray::WorkerDict
1317539 4810796 VLLM::Worker_TP
1317538 4796612 VLLM::Worker_TP
1796798 2750632 ray::AgentLoopW
1796796 2696416 ray::AgentLoopW
1796799 2293520 ray::AgentLoopW
== 2026-09-04T22:55:04+09:00
Mem:            1007         765         243         424         426         241
    PID   RSS COMMAND
1786197 87695896 VLLM::Worker
1786196 87692692 VLLM::Worker
1786195 87681428 VLLM::Worker
1786194 87329520 VLLM::Worker
1720303 63878812 ray::WorkerDict
1720305 63851556 ray::WorkerDict
1720306 63732948 ray::WorkerDict
1720304 63686036 ray::WorkerDict
1317539 4809260 VLLM::Worker_TP
1317538 4801220 VLLM::Worker_TP
1796798 2750632 ray::AgentLoopW
1796796 2696416 ray::AgentLoopW
1796799 2293520 ray::AgentLoopW
== 2026-09-04T22:55:24+09:00
Mem:            1007         766         243         424         427         241
    PID   RSS COMMAND
1786196 87698068 VLLM::Worker
1786197 87690456 VLLM::Worker
1786195 87683732 VLLM::Worker
1786194 87330288 VLLM::Worker
1720303 63881116 ray::WorkerDict
1720305 63853860 ray::WorkerDict
1720306 63735252 ray::WorkerDict
1720304 63692948 ray::WorkerDict
1317539 4810028 VLLM::Worker_TP
1317538 4800452 VLLM::Worker_TP
1796798 2755240 ray::AgentLoopW
1796796 2696416 ray::AgentLoopW
1796799 2293520 ray::AgentLoopW
== 2026-09-04T22:55:44+09:00
Mem:            1007         765         244         424         426         242
    PID   RSS COMMAND
1786196 87691924 VLLM::Worker
1786197 87687384 VLLM::Worker
1786195 87675540 VLLM::Worker
1786194 87324144 VLLM::Worker
1720303 63876508 ray::WorkerDict
1720305 63850788 ray::WorkerDict
1720306 63733716 ray::WorkerDict
1720304 63686804 ray::WorkerDict
1317539 4809260 VLLM::Worker_TP
1317538 4798916 VLLM::Worker_TP
1796798 2750632 ray::AgentLoopW
1796796 2696416 ray::AgentLoopW
1796799 2293520 ray::AgentLoopW
== 2026-09-04T22:56:04+09:00
Mem:            1007         765         244         424         426         242
    PID   RSS COMMAND
1786196 87697300 VLLM::Worker
1786197 87695064 VLLM::Worker
1786195 87679380 VLLM::Worker
1786194 87331056 VLLM::Worker
1720303 63877276 ray::WorkerDict
1720305 63850020 ray::WorkerDict
1720306 63734484 ray::WorkerDict
1720304 63688340 ray::WorkerDict
1317539 4810028 VLLM::Worker_TP
1317538 4799684 VLLM::Worker_TP
1796798 2755240 ray::AgentLoopW
1796796 2696416 ray::AgentLoopW
1796799 2293520 ray::AgentLoopW
== 2026-09-04T22:56:24+09:00
Mem:            1007         765         244         424         426         242
    PID   RSS COMMAND
1786196 87695764 VLLM::Worker
1786197 87694296 VLLM::Worker
1786195 87682452 VLLM::Worker
1786194 87331056 VLLM::Worker
1720303 63881884 ray::WorkerDict
1720305 63856932 ray::WorkerDict
1720306 63736788 ray::WorkerDict
1720304 63689108 ray::WorkerDict
1317539 4809260 VLLM::Worker_TP
1317538 4798148 VLLM::Worker_TP
1796798 2750632 ray::AgentLoopW
1796796 2696416 ray::AgentLoopW
1796799 2293520 ray::AgentLoopW
== 2026-09-04T22:56:44+09:00
Mem:            1007         765         244         424         426         242
    PID   RSS COMMAND
1786197 87695832 VLLM::Worker
1786196 87694996 VLLM::Worker
1786195 87682452 VLLM::Worker
1786194 87330816 VLLM::Worker
1720303 63879580 ray::WorkerDict
1720305 63856932 ray::WorkerDict
1720306 63736020 ray::WorkerDict
1720304 63690644 ray::WorkerDict
1317539 4809260 VLLM::Worker_TP
1317538 4798916 VLLM::Worker_TP
1796798 2750632 ray::AgentLoopW
1796796 2696416 ray::AgentLoopW
1796799 2293520 ray::AgentLoopW
== 2026-09-04T22:57:04+09:00
Mem:            1007         765         243         424         426         241
    PID   RSS COMMAND
1786197 87695832 VLLM::Worker
1786196 87695764 VLLM::Worker
1786195 87681632 VLLM::Worker
1786194 87330816 VLLM::Worker
1720303 63880348 ray::WorkerDict
1720305 63857700 ray::WorkerDict
1720306 63736788 ray::WorkerDict
1720304 63691412 ray::WorkerDict
1317539 4809260 VLLM::Worker_TP
1317538 4798916 VLLM::Worker_TP
1796798 2750632 ray::AgentLoopW
1796796 2696416 ray::AgentLoopW
1796799 2293520 ray::AgentLoopW
== 2026-09-04T22:57:24+09:00
Mem:            1007         765         243         424         426         241
    PID   RSS COMMAND
1786197 87695832 VLLM::Worker
1786196 87695764 VLLM::Worker
1786195 87681632 VLLM::Worker
1786194 87330816 VLLM::Worker
1720303 63880348 ray::WorkerDict
1720305 63857700 ray::WorkerDict
1720306 63736788 ray::WorkerDict
1720304 63691412 ray::WorkerDict
1317539 4809260 VLLM::Worker_TP
1317538 4798916 VLLM::Worker_TP
1796798 2750632 ray::AgentLoopW
1796796 2696416 ray::AgentLoopW
1796799 2293520 ray::AgentLoopW
== 2026-09-04T22:57:44+09:00
Mem:            1007         765         243         424         426         241
    PID   RSS COMMAND
1786197 87695832 VLLM::Worker
1786196 87695764 VLLM::Worker
1786195 87681632 VLLM::Worker
1786194 87330816 VLLM::Worker
1720303 63880348 ray::WorkerDict
1720305 63857700 ray::WorkerDict
1720306 63736788 ray::WorkerDict
1720304 63691412 ray::WorkerDict
1317539 4809260 VLLM::Worker_TP
1317538 4798916 VLLM::Worker_TP
1796798 2750632 ray::AgentLoopW
1796796 2696416 ray::AgentLoopW
1796799 2298896 ray::AgentLoopW
== 2026-09-04T22:58:04+09:00
Mem:            1007         683         326         424         426         324
    PID   RSS COMMAND
1786197 87695832 VLLM::Worker
1786196 87695524 VLLM::Worker
1786195 87681632 VLLM::Worker
1786194 87330816 VLLM::Worker
1720303 42022760 ray::WorkerDict
1720305 41951140 ray::WorkerDict
1720306 41905232 ray::WorkerDict
1720304 41805424 ray::WorkerDict
1317539 4809260 VLLM::Worker_TP
1317538 4798916 VLLM::Worker_TP
1796798 2750632 ray::AgentLoopW
1796796 2696416 ray::AgentLoopW
1796799 2298896 ray::AgentLoopW
== 2026-09-04T22:58:24+09:00
Mem:            1007         537         471         424         426         469
    PID   RSS COMMAND
1786197 87695832 VLLM::Worker
1786196 87695524 VLLM::Worker
1786195 87681632 VLLM::Worker
1786194 87330816 VLLM::Worker
1317539 4809260 VLLM::Worker_TP
1317538 4801988 VLLM::Worker_TP
1720303 4295412 ray::WorkerDict
1720305 4131724 ray::WorkerDict
1720306 4124608 ray::WorkerDict
1720304 4078844 ray::WorkerDict
1796798 2750632 ray::AgentLoopW
1796796 2696416 ray::AgentLoopW
1796799 2298896 ray::AgentLoopW
== 2026-09-04T22:58:44+09:00
Mem:            1007         537         471         424         426         469
    PID   RSS COMMAND
1786197 87695832 VLLM::Worker
1786196 87695524 VLLM::Worker
1786195 87681632 VLLM::Worker
1786194 87330816 VLLM::Worker
1317539 4809260 VLLM::Worker_TP
1317538 4801988 VLLM::Worker_TP
1720303 4296180 ray::WorkerDict
1720305 4131724 ray::WorkerDict
1720306 4125376 ray::WorkerDict
1720304 4078844 ray::WorkerDict
1796798 2750632 ray::AgentLoopW
1796796 2696416 ray::AgentLoopW
1796799 2298896 ray::AgentLoopW
== 2026-09-04T22:59:04+09:00
Mem:            1007         537         471         424         426         469
    PID   RSS COMMAND
1786197 87695832 VLLM::Worker
1786196 87695524 VLLM::Worker
1786195 87681632 VLLM::Worker
1786194 87330816 VLLM::Worker
1317539 4809260 VLLM::Worker_TP
1317538 4801988 VLLM::Worker_TP
1720303 4308272 ray::WorkerDict
1720305 4138508 ray::WorkerDict
1720306 4134572 ray::WorkerDict
1720304 4089272 ray::WorkerDict
1796798 2750632 ray::AgentLoopW
1796796 2696416 ray::AgentLoopW
1796799 2298896 ray::AgentLoopW
== 2026-09-04T22:59:24+09:00
Mem:            1007         537         471         424         426         469
    PID   RSS COMMAND
1786197 87695832 VLLM::Worker
1786196 87695524 VLLM::Worker
1786195 87681632 VLLM::Worker
1786194 87330816 VLLM::Worker
1317539 4809260 VLLM::Worker_TP
1317538 4801988 VLLM::Worker_TP
1720303 4308272 ray::WorkerDict
1720305 4138508 ray::WorkerDict
1720306 4135340 ray::WorkerDict
1720304 4089272 ray::WorkerDict
1796798 2750632 ray::AgentLoopW
1796796 2696416 ray::AgentLoopW
1796799 2298896 ray::AgentLoopW
== 2026-09-04T22:59:44+09:00
Mem:            1007         537         471         424         426         469
    PID   RSS COMMAND
1786197 87695832 VLLM::Worker
1786196 87695524 VLLM::Worker
1786195 87681632 VLLM::Worker
1786194 87330816 VLLM::Worker
1317539 4809260 VLLM::Worker_TP
1317538 4801988 VLLM::Worker_TP
1720303 4308272 ray::WorkerDict
1720305 4138508 ray::WorkerDict
1720306 4135340 ray::WorkerDict
1720304 4089272 ray::WorkerDict
1796798 2750632 ray::AgentLoopW
1796796 2696416 ray::AgentLoopW
1796799 2298896 ray::AgentLoopW
== 2026-09-04T23:00:04+09:00
Mem:            1007         537         471         424         426         469
    PID   RSS COMMAND
1786197 87698904 VLLM::Worker
1786196 87697828 VLLM::Worker
1786195 87683936 VLLM::Worker
1786194 87333888 VLLM::Worker
1317539 4809260 VLLM::Worker_TP
1317538 4801988 VLLM::Worker_TP
1720303 4309040 ray::WorkerDict
1720305 4139276 ray::WorkerDict
1720306 4136108 ray::WorkerDict
1720304 4090040 ray::WorkerDict
1796798 2750632 ray::AgentLoopW
1796796 2696416 ray::AgentLoopW
1796799 2298896 ray::AgentLoopW
== 2026-09-04T23:00:24+09:00
Mem:            1007         537         471         424         426         469
    PID   RSS COMMAND
1786197 87698904 VLLM::Worker
1786196 87697828 VLLM::Worker
1786195 87683936 VLLM::Worker
1786194 87333888 VLLM::Worker
1317539 4809260 VLLM::Worker_TP
1317538 4801988 VLLM::Worker_TP
1720303 4309040 ray::WorkerDict
1720305 4139276 ray::WorkerDict
1720306 4136108 ray::WorkerDict
1720304 4090040 ray::WorkerDict
1796798 2750632 ray::AgentLoopW
1796796 2696416 ray::AgentLoopW
1796799 2298896 ray::AgentLoopW
== 2026-09-04T23:00:44+09:00
Mem:            1007         537         471         424         426         469
    PID   RSS COMMAND
1786197 87698904 VLLM::Worker
1786196 87697828 VLLM::Worker
1786195 87683936 VLLM::Worker
1786194 87333888 VLLM::Worker
1317539 4809260 VLLM::Worker_TP
1317538 4801988 VLLM::Worker_TP
1720303 4309040 ray::WorkerDict
1720305 4139276 ray::WorkerDict
1720306 4136108 ray::WorkerDict
1720304 4090040 ray::WorkerDict
1796798 2750632 ray::AgentLoopW
1796796 2696416 ray::AgentLoopW
1796799 2298896 ray::AgentLoopW
== 2026-09-04T23:01:04+09:00
Mem:            1007         537         471         424         426         469
    PID   RSS COMMAND
1786197 87698904 VLLM::Worker
1786196 87697828 VLLM::Worker
1786195 87683936 VLLM::Worker
1786194 87333888 VLLM::Worker
1317539 4809260 VLLM::Worker_TP
1317538 4801988 VLLM::Worker_TP
1720303 4309040 ray::WorkerDict
1720305 4139276 ray::WorkerDict
1720306 4136108 ray::WorkerDict
1720304 4090040 ray::WorkerDict
1796798 2750632 ray::AgentLoopW
1796796 2696416 ray::AgentLoopW
1796799 2298896 ray::AgentLoopW
== 2026-09-04T23:01:24+09:00
Mem:            1007         537         471         424         426         469
    PID   RSS COMMAND
1786197 87698904 VLLM::Worker
1786196 87697828 VLLM::Worker
1786195 87683936 VLLM::Worker
1786194 87333888 VLLM::Worker
1317539 4809260 VLLM::Worker_TP
1317538 4801988 VLLM::Worker_TP
1720303 4309040 ray::WorkerDict
1720305 4140044 ray::WorkerDict
1720306 4136108 ray::WorkerDict
1720304 4090808 ray::WorkerDict
1796798 2750632 ray::AgentLoopW
1796796 2696416 ray::AgentLoopW
1796799 2298896 ray::AgentLoopW
== 2026-09-04T23:01:44+09:00
Mem:            1007         537         471         424         426         469
    PID   RSS COMMAND
1786197 87698904 VLLM::Worker
1786196 87697828 VLLM::Worker
1786195 87683936 VLLM::Worker
1786194 87333888 VLLM::Worker
1317539 4809260 VLLM::Worker_TP
1317538 4801988 VLLM::Worker_TP
1720303 4309040 ray::WorkerDict
1720305 4140044 ray::WorkerDict
1720306 4136108 ray::WorkerDict
1720304 4090808 ray::WorkerDict
1796798 2750632 ray::AgentLoopW
1796796 2696416 ray::AgentLoopW
1796799 2298896 ray::AgentLoopW
== 2026-09-04T23:02:04+09:00
Mem:            1007         574         434         424         426         432
    PID   RSS COMMAND
1786197 87698904 VLLM::Worker
1786196 87697828 VLLM::Worker
1786195 87683936 VLLM::Worker
1786194 87333888 VLLM::Worker
1720303 14005776 ray::WorkerDict
1720305 13854856 ray::WorkerDict
1720306 13844148 ray::WorkerDict
1720304 13825892 ray::WorkerDict
1317539 4809260 VLLM::Worker_TP
1317538 4801988 VLLM::Worker_TP
1796798 2750632 ray::AgentLoopW
1796796 2696416 ray::AgentLoopW
1796799 2298896 ray::AgentLoopW
== 2026-09-04T23:02:25+09:00
Mem:            1007         709         300         424         426         298
    PID   RSS COMMAND
1786197 87698904 VLLM::Worker
1786196 87697828 VLLM::Worker
1786195 87683936 VLLM::Worker
1786194 87333888 VLLM::Worker
1720303 49300116 ray::WorkerDict
1720304 49120028 ray::WorkerDict
1720305 49074664 ray::WorkerDict
1720306 49065376 ray::WorkerDict
1317539 4809260 VLLM::Worker_TP
1317538 4801988 VLLM::Worker_TP
1796798 2750632 ray::AgentLoopW
1796796 2696416 ray::AgentLoopW
1796799 2298896 ray::AgentLoopW
== 2026-09-04T23:02:45+09:00
Mem:            1007         767         242         424         426         240
    PID   RSS COMMAND
1786197 87692760 VLLM::Worker
1786196 87691684 VLLM::Worker
1786195 87677024 VLLM::Worker
1786194 87327744 VLLM::Worker
1720305 64552764 ray::WorkerDict
1720304 64502604 ray::WorkerDict
1720303 64359340 ray::WorkerDict
1720306 63766952 ray::WorkerDict
1317539 4809260 VLLM::Worker_TP
1317538 4801988 VLLM::Worker_TP
1796798 2750632 ray::AgentLoopW
1796796 2696416 ray::AgentLoopW
1796799 2297360 ray::AgentLoopW
== 2026-09-04T23:03:05+09:00
Mem:            1007         766         243         424         426         240
    PID   RSS COMMAND
1786197 87692760 VLLM::Worker
1786196 87691684 VLLM::Worker
1786195 87677024 VLLM::Worker
1786194 87327744 VLLM::Worker
1720305 64475380 ray::WorkerDict
1720304 64189776 ray::WorkerDict
1720306 64062708 ray::WorkerDict
1720303 63911596 ray::WorkerDict
1317539 4809260 VLLM::Worker_TP
1317538 4801988 VLLM::Worker_TP
1796798 2750632 ray::AgentLoopW
1796796 2696416 ray::AgentLoopW
1796799 2297360 ray::AgentLoopW
== 2026-09-04T23:03:25+09:00
Mem:            1007         765         244         424         426         242
    PID   RSS COMMAND
1786197 87687384 VLLM::Worker
1786196 87686308 VLLM::Worker
1786195 87670880 VLLM::Worker
1786194 87323136 VLLM::Worker
1720303 63880112 ray::WorkerDict
1720305 63749424 ray::WorkerDict
1720306 63747060 ray::WorkerDict
1720304 63700952 ray::WorkerDict
1317539 4809260 VLLM::Worker_TP
1317538 4798916 VLLM::Worker_TP
1796798 2750632 ray::AgentLoopW
1796796 2696416 ray::AgentLoopW
1796799 2293520 ray::AgentLoopW
== 2026-09-04T23:03:45+09:00
Mem:            1007         764         244         424         426         242
    PID   RSS COMMAND
1786196 87691684 VLLM::Worker
1786197 87688664 VLLM::Worker
1786195 87674720 VLLM::Worker
1786194 87325968 VLLM::Worker
1720303 63888560 ray::WorkerDict
1720305 63756336 ray::WorkerDict
1720306 63754740 ray::WorkerDict
1720304 63707096 ray::WorkerDict
1317539 4810028 VLLM::Worker_TP
1317538 4800452 VLLM::Worker_TP
1796798 2750632 ray::AgentLoopW
1796796 2696416 ray::AgentLoopW
1796799 2293520 ray::AgentLoopW
== 2026-09-04T23:04:05+09:00
Mem:            1007         765         244         424         426         242
    PID   RSS COMMAND
1786196 87698596 VLLM::Worker
1786197 87695576 VLLM::Worker
1786195 87681632 VLLM::Worker
1786194 87334416 VLLM::Worker
1720303 63888560 ray::WorkerDict
1720305 63756336 ray::WorkerDict
1720306 63754740 ray::WorkerDict
1720304 63707096 ray::WorkerDict
1317539 4810028 VLLM::Worker_TP
1317538 4801220 VLLM::Worker_TP
1796798 2756776 ray::AgentLoopW
1796796 2725364 ray::AgentLoopW
1796799 2311808 ray::AgentLoopW
== 2026-09-04T23:04:25+09:00
Mem:            1007         765         244         424         426         242
    PID   RSS COMMAND
1786196 87697048 VLLM::Worker
1786197 87693272 VLLM::Worker
1786195 87680836 VLLM::Worker
1786194 87333648 VLLM::Worker
1720303 63883184 ray::WorkerDict
1720305 63751728 ray::WorkerDict
1720306 63749364 ray::WorkerDict
1720304 63707096 ray::WorkerDict
1317539 4811564 VLLM::Worker_TP
1317538 4798916 VLLM::Worker_TP
1796798 2750632 ray::AgentLoopW
1796796 2719988 ray::AgentLoopW
1796799 2304896 ray::AgentLoopW
== 2026-09-04T23:04:45+09:00
Mem:            1007         766         242         424         427         241
    PID   RSS COMMAND
1786196 87700120 VLLM::Worker
1786197 87694808 VLLM::Worker
1786195 87680068 VLLM::Worker
1786194 87330576 VLLM::Worker
1720303 63883952 ray::WorkerDict
1720305 63750960 ray::WorkerDict
1720306 63750132 ray::WorkerDict
1720304 63705560 ray::WorkerDict
1317539 4810028 VLLM::Worker_TP
1317538 4798148 VLLM::Worker_TP
1796798 2756776 ray::AgentLoopW
1796796 2728436 ray::AgentLoopW
1796799 2311808 ray::AgentLoopW
== 2026-09-04T23:05:05+09:00
Mem:            1007         766         242         424         427         241
    PID   RSS COMMAND
1786196 87700120 VLLM::Worker
1786197 87694808 VLLM::Worker
1786195 87680068 VLLM::Worker
1786194 87330576 VLLM::Worker
1720303 63883952 ray::WorkerDict
1720305 63750960 ray::WorkerDict
1720306 63750132 ray::WorkerDict
1720304 63705560 ray::WorkerDict
1317539 4810028 VLLM::Worker_TP
1317538 4797380 VLLM::Worker_TP
1796798 2756776 ray::AgentLoopW
1796796 2728436 ray::AgentLoopW
1796799 2312576 ray::AgentLoopW
== 2026-09-04T23:05:25+09:00
Mem:            1007         766         242         424         427         241
    PID   RSS COMMAND
1786196 87700120 VLLM::Worker
1786197 87694808 VLLM::Worker
1786195 87679836 VLLM::Worker
1786194 87330576 VLLM::Worker
1720303 63883952 ray::WorkerDict
1720305 63750960 ray::WorkerDict
1720306 63750132 ray::WorkerDict
1720304 63705560 ray::WorkerDict
1317539 4810028 VLLM::Worker_TP
1317538 4797380 VLLM::Worker_TP
1796798 2756776 ray::AgentLoopW
1796796 2728436 ray::AgentLoopW
1796799 2312576 ray::AgentLoopW
== 2026-09-04T23:05:45+09:00
Mem:            1007         766         242         424         427         241
    PID   RSS COMMAND
1786196 87700120 VLLM::Worker
1786197 87694808 VLLM::Worker
1786195 87679836 VLLM::Worker
1786194 87330576 VLLM::Worker
1720303 63883952 ray::WorkerDict
1720305 63750960 ray::WorkerDict
1720306 63750132 ray::WorkerDict
1720304 63705560 ray::WorkerDict
1317539 4810028 VLLM::Worker_TP
1317538 4797380 VLLM::Worker_TP
1796798 2756776 ray::AgentLoopW
1796796 2728436 ray::AgentLoopW
1796799 2312576 ray::AgentLoopW
== 2026-09-04T23:06:05+09:00
Mem:            1007         766         242         424         427         241
    PID   RSS COMMAND
1786196 87700120 VLLM::Worker
1786197 87694808 VLLM::Worker
1786195 87679836 VLLM::Worker
1786194 87330576 VLLM::Worker
1720303 63883952 ray::WorkerDict
1720305 63750960 ray::WorkerDict
1720306 63750132 ray::WorkerDict
1720304 63705560 ray::WorkerDict
1317539 4810028 VLLM::Worker_TP
1317538 4797380 VLLM::Worker_TP
1796798 2756776 ray::AgentLoopW
1796796 2728436 ray::AgentLoopW
1796799 2312576 ray::AgentLoopW
== 2026-09-04T23:06:25+09:00
Mem:            1007         766         242         424         427         241
    PID   RSS COMMAND
1786196 87700120 VLLM::Worker
1786197 87694808 VLLM::Worker
1786195 87679836 VLLM::Worker
1786194 87330576 VLLM::Worker
1720303 63883952 ray::WorkerDict
1720305 63750960 ray::WorkerDict
1720306 63750132 ray::WorkerDict
1720304 63705560 ray::WorkerDict
1317539 4810028 VLLM::Worker_TP
1317538 4797380 VLLM::Worker_TP
1796798 2756776 ray::AgentLoopW
1796796 2728436 ray::AgentLoopW
1796799 2313344 ray::AgentLoopW
== 2026-09-04T23:06:45+09:00
Mem:            1007         766         242         424         427         241
    PID   RSS COMMAND
1786196 87700120 VLLM::Worker
1786197 87694808 VLLM::Worker
1786195 87679836 VLLM::Worker
1786194 87330576 VLLM::Worker
1720303 63883952 ray::WorkerDict
1720305 63750960 ray::WorkerDict
1720306 63750132 ray::WorkerDict
1720304 63705560 ray::WorkerDict
1317539 4810028 VLLM::Worker_TP
1317538 4797380 VLLM::Worker_TP
1796798 2756776 ray::AgentLoopW
1796796 2728436 ray::AgentLoopW
1796799 2313344 ray::AgentLoopW
== 2026-09-04T23:07:05+09:00
Mem:            1007         766         242         424         427         241
    PID   RSS COMMAND
1786196 87700120 VLLM::Worker
1786197 87694808 VLLM::Worker
1786195 87679836 VLLM::Worker
1786194 87330576 VLLM::Worker
1720303 63883952 ray::WorkerDict
1720305 63750960 ray::WorkerDict
1720306 63750132 ray::WorkerDict
1720304 63705560 ray::WorkerDict
1317539 4810028 VLLM::Worker_TP
1317538 4797380 VLLM::Worker_TP
1796798 2756776 ray::AgentLoopW
1796796 2728436 ray::AgentLoopW
1796799 2313344 ray::AgentLoopW
== 2026-09-04T23:07:25+09:00
Mem:            1007         766         242         424         427         241
    PID   RSS COMMAND
1786196 87700120 VLLM::Worker
1786197 87694808 VLLM::Worker
1786195 87679836 VLLM::Worker
1786194 87330576 VLLM::Worker
1720303 63883952 ray::WorkerDict
1720305 63750960 ray::WorkerDict
1720306 63750132 ray::WorkerDict
1720304 63705560 ray::WorkerDict
1317539 4810028 VLLM::Worker_TP
1317538 4797380 VLLM::Worker_TP
1796798 2756776 ray::AgentLoopW
1796796 2728436 ray::AgentLoopW
1796799 2313344 ray::AgentLoopW
== 2026-09-04T23:07:45+09:00
Mem:            1007         766         242         424         427         241
    PID   RSS COMMAND
1786196 87700888 VLLM::Worker
1786197 87694808 VLLM::Worker
1786195 87680604 VLLM::Worker
1786194 87330576 VLLM::Worker
1720303 63883952 ray::WorkerDict
1720305 63750960 ray::WorkerDict
1720306 63750132 ray::WorkerDict
1720304 63705560 ray::WorkerDict
1317539 4810028 VLLM::Worker_TP
1317538 4797380 VLLM::Worker_TP
1796798 2756776 ray::AgentLoopW
1796796 2728436 ray::AgentLoopW
1796799 2313344 ray::AgentLoopW
== 2026-09-04T23:08:05+09:00
Mem:            1007         538         470         424         427         468
    PID   RSS COMMAND
1786196 87700888 VLLM::Worker
1786197 87694808 VLLM::Worker
1786195 87680604 VLLM::Worker
1786194 87331344 VLLM::Worker
1317539 4810028 VLLM::Worker_TP
1317538 4797380 VLLM::Worker_TP
1720303 4285568 ray::WorkerDict
1720305 4133800 ray::WorkerDict
1720306 4130968 ray::WorkerDict
1720304 4089452 ray::WorkerDict
1796798 2756776 ray::AgentLoopW
1796796 2728436 ray::AgentLoopW
1796799 2313344 ray::AgentLoopW
== 2026-09-04T23:08:25+09:00
Mem:            1007         538         470         424         427         468
    PID   RSS COMMAND
1786196 87700888 VLLM::Worker
1786197 87694808 VLLM::Worker
1786195 87680604 VLLM::Worker
1786194 87331344 VLLM::Worker
1317539 4810028 VLLM::Worker_TP
1317538 4800452 VLLM::Worker_TP
1720303 4288960 ray::WorkerDict
1720305 4134340 ray::WorkerDict
1720306 4132240 ray::WorkerDict
1720304 4090928 ray::WorkerDict
1796798 2756776 ray::AgentLoopW
1796796 2728436 ray::AgentLoopW
1796799 2313344 ray::AgentLoopW
== 2026-09-04T23:08:45+09:00
Mem:            1007         538         470         424         427         468
    PID   RSS COMMAND
1786196 87700888 VLLM::Worker
1786197 87694808 VLLM::Worker
1786195 87680604 VLLM::Worker
1786194 87331344 VLLM::Worker
1317539 4810028 VLLM::Worker_TP
1317538 4800452 VLLM::Worker_TP
1720303 4290496 ray::WorkerDict
1720305 4136644 ray::WorkerDict
1720306 4135312 ray::WorkerDict
1720304 4092464 ray::WorkerDict
1796798 2756776 ray::AgentLoopW
1796796 2728436 ray::AgentLoopW
1796799 2313344 ray::AgentLoopW
== 2026-09-04T23:09:05+09:00
Mem:            1007         538         470         424         427         468
    PID   RSS COMMAND
1786196 87700888 VLLM::Worker
1786197 87694808 VLLM::Worker
1786195 87680604 VLLM::Worker
1786194 87331344 VLLM::Worker
1317539 4810028 VLLM::Worker_TP
1317538 4800452 VLLM::Worker_TP
1720303 4290496 ray::WorkerDict
1720305 4136644 ray::WorkerDict
1720306 4135312 ray::WorkerDict
1720304 4092464 ray::WorkerDict
1796798 2756776 ray::AgentLoopW
1796796 2728436 ray::AgentLoopW
1796799 2313344 ray::AgentLoopW
== 2026-09-04T23:09:25+09:00
Mem:            1007         538         470         424         427         468
    PID   RSS COMMAND
1786196 87700888 VLLM::Worker
1786197 87694808 VLLM::Worker
1786195 87680604 VLLM::Worker
1786194 87331344 VLLM::Worker
1317539 4810028 VLLM::Worker_TP
1317538 4800452 VLLM::Worker_TP
1720303 4290496 ray::WorkerDict
1720305 4136644 ray::WorkerDict
1720306 4135312 ray::WorkerDict
1720304 4092464 ray::WorkerDict
1796798 2756776 ray::AgentLoopW
1796796 2728436 ray::AgentLoopW
1796799 2313344 ray::AgentLoopW
== 2026-09-04T23:09:45+09:00
Mem:            1007         538         470         424         427         468
    PID   RSS COMMAND
1786196 87700888 VLLM::Worker
1786197 87694808 VLLM::Worker
1786195 87680604 VLLM::Worker
1786194 87331344 VLLM::Worker
1317539 4810028 VLLM::Worker_TP
1317538 4800452 VLLM::Worker_TP
1720303 4290496 ray::WorkerDict
1720305 4136644 ray::WorkerDict
1720306 4135312 ray::WorkerDict
1720304 4092464 ray::WorkerDict
1796798 2756776 ray::AgentLoopW
1796796 2728436 ray::AgentLoopW
1796799 2313344 ray::AgentLoopW
== 2026-09-04T23:10:05+09:00
Mem:            1007         538         470         424         427         468
    PID   RSS COMMAND
1786196 87703960 VLLM::Worker
1786197 87697880 VLLM::Worker
1786195 87684444 VLLM::Worker
1786194 87334416 VLLM::Worker
1317539 4810028 VLLM::Worker_TP
1317538 4800452 VLLM::Worker_TP
1720303 4290496 ray::WorkerDict
1720305 4136644 ray::WorkerDict
1720306 4135312 ray::WorkerDict
1720304 4092464 ray::WorkerDict
1796798 2756776 ray::AgentLoopW
1796796 2728436 ray::AgentLoopW
1796799 2313344 ray::AgentLoopW
== 2026-09-04T23:10:25+09:00
Mem:            1007         565         443         424         427         442
    PID   RSS COMMAND
1786196 87703960 VLLM::Worker
1786197 87697880 VLLM::Worker
1786195 87684444 VLLM::Worker
1786194 87334416 VLLM::Worker
1720303 11593264 ray::WorkerDict
1720304 11395244 ray::WorkerDict
1720306 10887764 ray::WorkerDict
1720305 10874332 ray::WorkerDict
1317539 4810028 VLLM::Worker_TP
1317538 4800452 VLLM::Worker_TP
1796798 2756776 ray::AgentLoopW
1796796 2728436 ray::AgentLoopW
1796799 2313344 ray::AgentLoopW
== 2026-09-04T23:10:45+09:00
Mem:            1007         699         309         424         427         307
    PID   RSS COMMAND
1786196 87703960 VLLM::Worker
1786197 87697880 VLLM::Worker
1786195 87684444 VLLM::Worker
1786194 87334416 VLLM::Worker
1720303 46887092 ray::WorkerDict
1720304 46689380 ray::WorkerDict
1720306 46045960 ray::WorkerDict
1720305 46035088 ray::WorkerDict
1317539 4810028 VLLM::Worker_TP
1317538 4800452 VLLM::Worker_TP
1796798 2756776 ray::AgentLoopW
1796796 2728436 ray::AgentLoopW
1796799 2313344 ray::AgentLoopW
== 2026-09-04T23:11:05+09:00
Mem:            1007         769         239         424         427         238
    PID   RSS COMMAND
1786196 87703960 VLLM::Worker
1786197 87697880 VLLM::Worker
1786195 87684444 VLLM::Worker
1786194 87334416 VLLM::Worker
1720303 64644860 ray::WorkerDict
1720306 64536724 ray::WorkerDict
1720304 64513988 ray::WorkerDict
1720305 64319772 ray::WorkerDict
1317539 4810028 VLLM::Worker_TP
1317538 4800452 VLLM::Worker_TP
1796798 2756776 ray::AgentLoopW
1796796 2728436 ray::AgentLoopW
1796799 2313344 ray::AgentLoopW
== 2026-09-04T23:11:25+09:00
Mem:            1007         768         240         424         427         238
    PID   RSS COMMAND
1786196 87703960 VLLM::Worker
1786197 87697880 VLLM::Worker
1786195 87684444 VLLM::Worker
1786194 87334416 VLLM::Worker
1720305 64557852 ray::WorkerDict
1720306 64555924 ray::WorkerDict
1720303 64318488 ray::WorkerDict
1720304 63897720 ray::WorkerDict
1317539 4810028 VLLM::Worker_TP
1317538 4800452 VLLM::Worker_TP
1796798 2756776 ray::AgentLoopW
1796796 2728436 ray::AgentLoopW
1796799 2313344 ray::AgentLoopW
== 2026-09-04T23:11:46+09:00
Mem:            1007         766         241         424         427         240
    PID   RSS COMMAND
1786196 87703960 VLLM::Worker
1786197 87698648 VLLM::Worker
1786195 87684444 VLLM::Worker
1786194 87335184 VLLM::Worker
1720303 63974160 ray::WorkerDict
1720305 63886120 ray::WorkerDict
1720304 63875464 ray::WorkerDict
1720306 63770260 ray::WorkerDict
1317539 4810028 VLLM::Worker_TP
1317538 4800452 VLLM::Worker_TP
1796798 2756776 ray::AgentLoopW
1796796 2728436 ray::AgentLoopW
1796799 2313344 ray::AgentLoopW
== 2026-09-04T23:12:06+09:00
Mem:            1007         766         243         424         426         241
    PID   RSS COMMAND
1786196 87691432 VLLM::Worker
1786197 87687896 VLLM::Worker
1786195 87672156 VLLM::Worker
1786194 87320592 VLLM::Worker
1720303 63947280 ray::WorkerDict
1720305 63862312 ray::WorkerDict
1720304 63850888 ray::WorkerDict
1720306 63749524 ray::WorkerDict
1317539 4808492 VLLM::Worker_TP
1317538 4796612 VLLM::Worker_TP
1796798 2750632 ray::AgentLoopW
1796796 2721524 ray::AgentLoopW
1796799 2304896 ray::AgentLoopW
== 2026-09-04T23:12:26+09:00
Mem:            1007         766         243         424         426         241
    PID   RSS COMMAND
1786197 87696936 VLLM::Worker
1786196 87694460 VLLM::Worker
1786195 87680604 VLLM::Worker
1786194 87331200 VLLM::Worker
1720303 63951120 ray::WorkerDict
1720305 63868456 ray::WorkerDict
1720304 63855496 ray::WorkerDict
1720306 63750292 ray::WorkerDict
1317539 4807724 VLLM::Worker_TP
1317538 4799684 VLLM::Worker_TP
1796798 2752168 ray::AgentLoopW
1796796 2727668 ray::AgentLoopW
1796799 2312576 ray::AgentLoopW
== 2026-09-04T23:12:46+09:00
Mem:            1007         766         242         424         427         240
    PID   RSS COMMAND
1786196 87698300 VLLM::Worker
1786197 87696936 VLLM::Worker
1786195 87682908 VLLM::Worker
1786194 87330432 VLLM::Worker
1720303 63957264 ray::WorkerDict
1720305 63869224 ray::WorkerDict
1720304 63855496 ray::WorkerDict
1720306 63754132 ray::WorkerDict
1317539 4809260 VLLM::Worker_TP
1317538 4799684 VLLM::Worker_TP
1796798 2755240 ray::AgentLoopW
1796796 2728436 ray::AgentLoopW
1796799 2305664 ray::AgentLoopW
== 2026-09-04T23:13:06+09:00
Mem:            1007         766         242         424         427         240
    PID   RSS COMMAND
1786196 87698300 VLLM::Worker
1786197 87696936 VLLM::Worker
1786195 87682908 VLLM::Worker
1786194 87330432 VLLM::Worker
1720303 63957264 ray::WorkerDict
1720305 63869224 ray::WorkerDict
1720304 63855496 ray::WorkerDict
1720306 63754132 ray::WorkerDict
1317539 4809260 VLLM::Worker_TP
1317538 4800452 VLLM::Worker_TP
1796798 2755240 ray::AgentLoopW
1796796 2729204 ray::AgentLoopW
1796799 2305664 ray::AgentLoopW
== 2026-09-04T23:13:26+09:00
Mem:            1007         766         242         424         427         240
    PID   RSS COMMAND
1786196 87698300 VLLM::Worker
1786197 87696936 VLLM::Worker
1786195 87682908 VLLM::Worker
1786194 87330432 VLLM::Worker
1720303 63957264 ray::WorkerDict
1720305 63869224 ray::WorkerDict
1720304 63855496 ray::WorkerDict
1720306 63754132 ray::WorkerDict
1317539 4809260 VLLM::Worker_TP
1317538 4800452 VLLM::Worker_TP
1796798 2755240 ray::AgentLoopW
1796796 2729204 ray::AgentLoopW
1796799 2306432 ray::AgentLoopW
== 2026-09-04T23:13:46+09:00
Mem:            1007         766         241         424         428         240
    PID   RSS COMMAND
1786196 87698300 VLLM::Worker
1786197 87696936 VLLM::Worker
1786195 87682908 VLLM::Worker
1786194 87330432 VLLM::Worker
1720303 63957264 ray::WorkerDict
1720305 63869224 ray::WorkerDict
1720304 63855496 ray::WorkerDict
1720306 63754132 ray::WorkerDict
1317539 4808492 VLLM::Worker_TP
1317538 4800452 VLLM::Worker_TP
1796798 2755240 ray::AgentLoopW
1796796 2729204 ray::AgentLoopW
1796799 2306432 ray::AgentLoopW
== 2026-09-04T23:14:06+09:00
Mem:            1007         766         241         424         428         240
    PID   RSS COMMAND
1786196 87698300 VLLM::Worker
1786197 87696936 VLLM::Worker
1786195 87682908 VLLM::Worker
1786194 87330432 VLLM::Worker
1720303 63957264 ray::WorkerDict
1720305 63869224 ray::WorkerDict
1720304 63855496 ray::WorkerDict
1720306 63754132 ray::WorkerDict
1317539 4809260 VLLM::Worker_TP
1317538 4800452 VLLM::Worker_TP
1796798 2755240 ray::AgentLoopW
1796796 2729204 ray::AgentLoopW
1796799 2306432 ray::AgentLoopW
== 2026-09-04T23:14:26+09:00
Mem:            1007         766         241         424         428         240
    PID   RSS COMMAND
1786196 87698300 VLLM::Worker
1786197 87696936 VLLM::Worker
1786195 87682908 VLLM::Worker
1786194 87330432 VLLM::Worker
1720303 63957264 ray::WorkerDict
1720305 63869224 ray::WorkerDict
1720304 63855496 ray::WorkerDict
1720306 63754132 ray::WorkerDict
1317539 4808492 VLLM::Worker_TP
1317538 4800452 VLLM::Worker_TP
1796798 2755240 ray::AgentLoopW
1796796 2729204 ray::AgentLoopW
1796799 2306432 ray::AgentLoopW
== 2026-09-04T23:14:46+09:00
Mem:            1007         766         241         424         428         240
    PID   RSS COMMAND
1786196 87698300 VLLM::Worker
1786197 87696936 VLLM::Worker
1786195 87682908 VLLM::Worker
1786194 87330432 VLLM::Worker
1720303 63957264 ray::WorkerDict
1720305 63869224 ray::WorkerDict
1720304 63855496 ray::WorkerDict
1720306 63754132 ray::WorkerDict
1317539 4808492 VLLM::Worker_TP
1317538 4800452 VLLM::Worker_TP
1796798 2755240 ray::AgentLoopW
1796796 2729204 ray::AgentLoopW
1796799 2306432 ray::AgentLoopW
== 2026-09-04T23:15:06+09:00
Mem:            1007         766         241         424         428         240
    PID   RSS COMMAND
1786196 87698300 VLLM::Worker
1786197 87696936 VLLM::Worker
1786195 87682908 VLLM::Worker
1786194 87330432 VLLM::Worker
1720303 63957264 ray::WorkerDict
1720305 63869224 ray::WorkerDict
1720304 63855496 ray::WorkerDict
1720306 63754132 ray::WorkerDict
1317539 4808492 VLLM::Worker_TP
1317538 4800452 VLLM::Worker_TP
1796798 2757544 ray::AgentLoopW
1796796 2729204 ray::AgentLoopW
1796799 2306432 ray::AgentLoopW
== 2026-09-04T23:15:26+09:00
Mem:            1007         766         241         424         428         240
    PID   RSS COMMAND
1786196 87698300 VLLM::Worker
1786197 87696936 VLLM::Worker
1786195 87682908 VLLM::Worker
1786194 87330432 VLLM::Worker
1720303 63957264 ray::WorkerDict
1720305 63869224 ray::WorkerDict
1720304 63855496 ray::WorkerDict
1720306 63754132 ray::WorkerDict
1317539 4808492 VLLM::Worker_TP
1317538 4800452 VLLM::Worker_TP
1796798 2757544 ray::AgentLoopW
1796796 2729204 ray::AgentLoopW
1796799 2306432 ray::AgentLoopW
== 2026-09-04T23:15:46+09:00
Mem:            1007         538         469         424         428         468
    PID   RSS COMMAND
1786196 87699068 VLLM::Worker
1786197 87696936 VLLM::Worker
1786195 87682908 VLLM::Worker
1786194 87330432 VLLM::Worker
1317539 4808492 VLLM::Worker_TP
1317538 4799684 VLLM::Worker_TP
1720303 4256224 ray::WorkerDict
1720306 4140364 ray::WorkerDict
1720305 4136560 ray::WorkerDict
1720304 4102420 ray::WorkerDict
1796798 2757544 ray::AgentLoopW
1796796 2729204 ray::AgentLoopW
1796799 2306432 ray::AgentLoopW
== 2026-09-04T23:16:06+09:00
Mem:            1007         539         469         424         428         468
    PID   RSS COMMAND
1786196 87699068 VLLM::Worker
1786197 87696936 VLLM::Worker
1786195 87682908 VLLM::Worker
1786194 87330432 VLLM::Worker
1317539 4808492 VLLM::Worker_TP
1317538 4799684 VLLM::Worker_TP
1720303 4251844 ray::WorkerDict
1720306 4142928 ray::WorkerDict
1720305 4138936 ray::WorkerDict
1720304 4105660 ray::WorkerDict
1796798 2757544 ray::AgentLoopW
1796796 2729204 ray::AgentLoopW
1796799 2306432 ray::AgentLoopW
== 2026-09-04T23:16:26+09:00
Mem:            1007         539         469         424         428         468
    PID   RSS COMMAND
1786196 87699068 VLLM::Worker
1786197 87696936 VLLM::Worker
1786195 87682908 VLLM::Worker
1786194 87330432 VLLM::Worker
1317539 4808492 VLLM::Worker_TP
1317538 4799684 VLLM::Worker_TP
1720303 4252612 ray::WorkerDict
1720306 4144464 ray::WorkerDict
1720305 4140472 ray::WorkerDict
1720304 4107196 ray::WorkerDict
1796798 2757544 ray::AgentLoopW
1796796 2729204 ray::AgentLoopW
1796799 2306432 ray::AgentLoopW
== 2026-09-04T23:16:46+09:00
Mem:            1007         539         469         424         428         468
    PID   RSS COMMAND
1786196 87699068 VLLM::Worker
1786197 87696936 VLLM::Worker
1786195 87682908 VLLM::Worker
1786194 87330432 VLLM::Worker
1317539 4808492 VLLM::Worker_TP
1317538 4799684 VLLM::Worker_TP
1720303 4252612 ray::WorkerDict
1720306 4144464 ray::WorkerDict
1720305 4140472 ray::WorkerDict
1720304 4107196 ray::WorkerDict
1796798 2757544 ray::AgentLoopW
1796796 2729204 ray::AgentLoopW
1796799 2306432 ray::AgentLoopW
== 2026-09-04T23:17:06+09:00
Mem:            1007         539         469         424         428         468
    PID   RSS COMMAND
1786196 87699068 VLLM::Worker
1786197 87696936 VLLM::Worker
1786195 87682908 VLLM::Worker
1786194 87330432 VLLM::Worker
1317539 4808492 VLLM::Worker_TP
1317538 4799684 VLLM::Worker_TP
1720303 4252612 ray::WorkerDict
1720306 4144464 ray::WorkerDict
1720305 4140472 ray::WorkerDict
1720304 4107196 ray::WorkerDict
1796798 2757544 ray::AgentLoopW
1796796 2729204 ray::AgentLoopW
1796799 2306432 ray::AgentLoopW
== 2026-09-04T23:17:26+09:00
Mem:            1007         574         433         424         428         432
    PID   RSS COMMAND
1786196 87699068 VLLM::Worker
1786197 87696936 VLLM::Worker
1786195 87682908 VLLM::Worker
1786194 87330432 VLLM::Worker
1720303 13982356 ray::WorkerDict
1720304 13836528 ray::WorkerDict
1720305 13265188 ray::WorkerDict
1720306 13259956 ray::WorkerDict
1317539 4808492 VLLM::Worker_TP
1317538 4799684 VLLM::Worker_TP
1796798 2757544 ray::AgentLoopW
1796796 2729204 ray::AgentLoopW
1796799 2306432 ray::AgentLoopW
== 2026-09-04T23:17:46+09:00
Mem:            1007         710         298         424         428         297
    PID   RSS COMMAND
1786196 87699068 VLLM::Worker
1786197 87696936 VLLM::Worker
1786195 87682908 VLLM::Worker
1786194 87330432 VLLM::Worker
1720303 49276696 ray::WorkerDict
1720304 49130664 ray::WorkerDict
1720305 48769060 ray::WorkerDict
1720306 48767060 ray::WorkerDict
1317539 4808492 VLLM::Worker_TP
1317538 4799684 VLLM::Worker_TP
1796798 2757544 ray::AgentLoopW
1796796 2729204 ray::AgentLoopW
1796799 2306432 ray::AgentLoopW
== 2026-09-04T23:18:06+09:00
Mem:            1007         768         240         424         428         239
    PID   RSS COMMAND
1786196 87699068 VLLM::Worker
1786197 87696936 VLLM::Worker
1786195 87682908 VLLM::Worker
1786194 87330432 VLLM::Worker
1720304 64128144 ray::WorkerDict
1720306 64105880 ray::WorkerDict
1720305 64103944 ray::WorkerDict
1720303 63881264 ray::WorkerDict
1317539 4808492 VLLM::Worker_TP
1317538 4799684 VLLM::Worker_TP
1796798 2757544 ray::AgentLoopW
1796796 2729204 ray::AgentLoopW
1796799 2306432 ray::AgentLoopW
== 2026-09-04T23:18:26+09:00
Mem:            1007         768         240         424         428         239
    PID   RSS COMMAND
1786196 87699068 VLLM::Worker
1786197 87696936 VLLM::Worker
1786195 87682908 VLLM::Worker
1786194 87330432 VLLM::Worker
1720303 64290252 ray::WorkerDict
1720304 64092488 ray::WorkerDict
1720306 64035664 ray::WorkerDict
1720305 63835072 ray::WorkerDict
1317539 4808492 VLLM::Worker_TP
1317538 4802756 VLLM::Worker_TP
1796798 2757544 ray::AgentLoopW
1796796 2729972 ray::AgentLoopW
1796799 2306432 ray::AgentLoopW
== 2026-09-04T23:18:46+09:00
Mem:            1007         767         241         424         428         240
    PID   RSS COMMAND
1786196 87699068 VLLM::Worker
1786197 87696936 VLLM::Worker
1786195 87682908 VLLM::Worker
1786194 87331200 VLLM::Worker
1720303 64029360 ray::WorkerDict
1720304 63850136 ray::WorkerDict
1720305 63791628 ray::WorkerDict
1720306 63773336 ray::WorkerDict
1317539 4808492 VLLM::Worker_TP
1317538 4802756 VLLM::Worker_TP
1796798 2757544 ray::AgentLoopW
1796796 2729972 ray::AgentLoopW
1796799 2306432 ray::AgentLoopW
== 2026-09-04T23:19:06+09:00
Mem:            1007         767         241         424         427         239
    PID   RSS COMMAND
1786196 87701372 VLLM::Worker
1786197 87697704 VLLM::Worker
1786195 87685212 VLLM::Worker
1786194 87332736 VLLM::Worker
1720303 64027056 ray::WorkerDict
1720304 63847832 ray::WorkerDict
1720305 63789324 ray::WorkerDict
1720306 63771800 ray::WorkerDict
1317539 4808492 VLLM::Worker_TP
1317538 4802756 VLLM::Worker_TP
1796798 3045288 ray::AgentLoopW
1796796 2845196 ray::AgentLoopW
1796799 2317184 ray::AgentLoopW
== 2026-09-04T23:19:26+09:00
Mem:            1007         767         242         424         426         240
    PID   RSS COMMAND
1786196 87699068 VLLM::Worker
1786197 87696168 VLLM::Worker
1786195 87683676 VLLM::Worker
1786194 87331200 VLLM::Worker
1720303 64010928 ray::WorkerDict
1720304 63834008 ray::WorkerDict
1720305 63773964 ray::WorkerDict
1720306 63752600 ray::WorkerDict
1317539 4808492 VLLM::Worker_TP
1317538 4798916 VLLM::Worker_TP
1796798 3039144 ray::AgentLoopW
1796796 2844428 ray::AgentLoopW
1796799 2314112 ray::AgentLoopW
== 2026-09-04T23:19:46+09:00
Mem:            1007         767         242         424         426         239
    PID   RSS COMMAND
1786196 87699068 VLLM::Worker
1786197 87696168 VLLM::Worker
1786195 87684444 VLLM::Worker
1786194 87331200 VLLM::Worker
1720303 64010928 ray::WorkerDict
1720304 63834008 ray::WorkerDict
1720305 63773964 ray::WorkerDict
1720306 63753368 ray::WorkerDict
1317539 4808492 VLLM::Worker_TP
1317538 4798916 VLLM::Worker_TP
1796798 3039144 ray::AgentLoopW
1796796 2844428 ray::AgentLoopW
1796799 2314112 ray::AgentLoopW
== 2026-09-04T23:20:06+09:00
Mem:            1007         767         241         424         427         239
    PID   RSS COMMAND
1786197 87701544 VLLM::Worker
1786196 87700604 VLLM::Worker
1786195 87685212 VLLM::Worker
1786194 87337344 VLLM::Worker
1720303 64012464 ray::WorkerDict
1720304 63832472 ray::WorkerDict
1720305 63774732 ray::WorkerDict
1720306 63754136 ray::WorkerDict
1317539 4807724 VLLM::Worker_TP
1317538 4798916 VLLM::Worker_TP
1796798 3047592 ray::AgentLoopW
1796796 2845196 ray::AgentLoopW
1796799 2318720 ray::AgentLoopW
== 2026-09-04T23:20:26+09:00
Mem:            1007         767         241         424         427         239
    PID   RSS COMMAND
1786196 87702140 VLLM::Worker
1786197 87701544 VLLM::Worker
1786195 87685980 VLLM::Worker
1786194 87337344 VLLM::Worker
1720303 64012464 ray::WorkerDict
1720304 63832472 ray::WorkerDict
1720305 63774732 ray::WorkerDict
1720306 63754136 ray::WorkerDict
1317539 4807724 VLLM::Worker_TP
1317538 4798916 VLLM::Worker_TP
1796798 3048360 ray::AgentLoopW
1796796 2845196 ray::AgentLoopW
1796799 2318720 ray::AgentLoopW
== 2026-09-04T23:20:47+09:00
Mem:            1007         767         241         424         427         239
    PID   RSS COMMAND
1786196 87702908 VLLM::Worker
1786197 87701544 VLLM::Worker
1786195 87688284 VLLM::Worker
1786194 87338880 VLLM::Worker
1720303 64012464 ray::WorkerDict
1720304 63832472 ray::WorkerDict
1720305 63774732 ray::WorkerDict
1720306 63754136 ray::WorkerDict
1317539 4807724 VLLM::Worker_TP
1317538 4798916 VLLM::Worker_TP
1796798 3048360 ray::AgentLoopW
1796796 2845196 ray::AgentLoopW
1796799 2318720 ray::AgentLoopW
== 2026-09-04T23:21:07+09:00
Mem:            1007         767         241         424         427         239
    PID   RSS COMMAND
1786196 87702908 VLLM::Worker
1786197 87701544 VLLM::Worker
1786195 87689052 VLLM::Worker
1786194 87339648 VLLM::Worker
1720303 64012464 ray::WorkerDict
1720304 63832472 ray::WorkerDict
1720305 63774732 ray::WorkerDict
1720306 63754136 ray::WorkerDict
1317539 4807724 VLLM::Worker_TP
1317538 4798916 VLLM::Worker_TP
1796798 3048360 ray::AgentLoopW
1796796 2849804 ray::AgentLoopW
1796799 2318720 ray::AgentLoopW
== 2026-09-04T23:21:27+09:00
Mem:            1007         767         241         424         427         239
    PID   RSS COMMAND
1786196 87703676 VLLM::Worker
1786197 87701544 VLLM::Worker
1786195 87689052 VLLM::Worker
1786194 87339648 VLLM::Worker
1720303 64012464 ray::WorkerDict
1720304 63832472 ray::WorkerDict
1720305 63774732 ray::WorkerDict
1720306 63754136 ray::WorkerDict
1317539 4807724 VLLM::Worker_TP
1317538 4798916 VLLM::Worker_TP
1796798 3048360 ray::AgentLoopW
1796796 2857484 ray::AgentLoopW
1796799 2318720 ray::AgentLoopW
== 2026-09-04T23:21:47+09:00
Mem:            1007         767         241         424         427         239
    PID   RSS COMMAND
1786196 87703676 VLLM::Worker
1786197 87701544 VLLM::Worker
1786195 87689052 VLLM::Worker
1786194 87339648 VLLM::Worker
1720303 64012464 ray::WorkerDict
1720304 63832472 ray::WorkerDict
1720305 63774732 ray::WorkerDict
1720306 63754136 ray::WorkerDict
1317539 4807724 VLLM::Worker_TP
1317538 4798916 VLLM::Worker_TP
1796798 3048360 ray::AgentLoopW
1796796 2866416 ray::AgentLoopW
1796799 2318720 ray::AgentLoopW
== 2026-09-04T23:22:07+09:00
Mem:            1007         767         241         424         427         239
    PID   RSS COMMAND
1786196 87704444 VLLM::Worker
1786197 87701544 VLLM::Worker
1786195 87689052 VLLM::Worker
1786194 87339648 VLLM::Worker
1720303 64012464 ray::WorkerDict
1720304 63832472 ray::WorkerDict
1720305 63774732 ray::WorkerDict
1720306 63754136 ray::WorkerDict
1317539 4807724 VLLM::Worker_TP
1317538 4798916 VLLM::Worker_TP
1796798 3049128 ray::AgentLoopW
1796796 2865964 ray::AgentLoopW
1796799 2318720 ray::AgentLoopW
== 2026-09-04T23:22:27+09:00
Mem:            1007         767         241         424         427         239
    PID   RSS COMMAND
1786196 87704444 VLLM::Worker
1786197 87701544 VLLM::Worker
1786195 87689052 VLLM::Worker
1786194 87339648 VLLM::Worker
1720303 64012464 ray::WorkerDict
1720304 63832472 ray::WorkerDict
1720305 63774732 ray::WorkerDict
1720306 63754136 ray::WorkerDict
1317539 4807724 VLLM::Worker_TP
1317538 4798916 VLLM::Worker_TP
1796798 3049128 ray::AgentLoopW
1796796 2867624 ray::AgentLoopW
1796799 2318720 ray::AgentLoopW
== 2026-09-04T23:22:47+09:00
Mem:            1007         767         241         424         427         239
    PID   RSS COMMAND
1786196 87704444 VLLM::Worker
1786197 87701544 VLLM::Worker
1786195 87689052 VLLM::Worker
1786194 87339648 VLLM::Worker
1720303 64012464 ray::WorkerDict
1720304 63832472 ray::WorkerDict
1720305 63774732 ray::WorkerDict
1720306 63754136 ray::WorkerDict
1317539 4807724 VLLM::Worker_TP
1317538 4798916 VLLM::Worker_TP
1796798 3049128 ray::AgentLoopW
1796796 2866252 ray::AgentLoopW
1796799 2318720 ray::AgentLoopW
== 2026-09-04T23:23:07+09:00
Mem:            1007         767         241         424         427         239
    PID   RSS COMMAND
1786196 87704444 VLLM::Worker
1786197 87701544 VLLM::Worker
1786195 87689052 VLLM::Worker
1786194 87339648 VLLM::Worker
1720303 64012464 ray::WorkerDict
1720304 63832472 ray::WorkerDict
1720305 63774732 ray::WorkerDict
1720306 63754136 ray::WorkerDict
1317539 4807724 VLLM::Worker_TP
1317538 4798916 VLLM::Worker_TP
1796798 3049128 ray::AgentLoopW
1796796 2870348 ray::AgentLoopW
1796799 2318720 ray::AgentLoopW
== 2026-09-04T23:23:27+09:00
Mem:            1007         767         241         424         427         239
    PID   RSS COMMAND
1786196 87704444 VLLM::Worker
1786197 87701544 VLLM::Worker
1786195 87689168 VLLM::Worker
1786194 87339648 VLLM::Worker
1720303 64012464 ray::WorkerDict
1720304 63832472 ray::WorkerDict
1720305 63774732 ray::WorkerDict
1720306 63754136 ray::WorkerDict
1317539 4807724 VLLM::Worker_TP
1317538 4798916 VLLM::Worker_TP
1796798 3049128 ray::AgentLoopW
1796796 2870348 ray::AgentLoopW
1796799 2318720 ray::AgentLoopW
== 2026-09-04T23:23:47+09:00
Mem:            1007         767         241         424         427         239
    PID   RSS COMMAND
1786196 87704444 VLLM::Worker
1786197 87701544 VLLM::Worker
1786195 87689168 VLLM::Worker
1786194 87339648 VLLM::Worker
1720303 64012464 ray::WorkerDict
1720304 63832472 ray::WorkerDict
1720305 63774732 ray::WorkerDict
1720306 63754136 ray::WorkerDict
1317539 4807724 VLLM::Worker_TP
1317538 4798916 VLLM::Worker_TP
1796798 3048332 ray::AgentLoopW
1796796 2870348 ray::AgentLoopW
1796799 2318720 ray::AgentLoopW
== 2026-09-04T23:24:07+09:00
Mem:            1007         767         241         424         427         239
    PID   RSS COMMAND
1786196 87704444 VLLM::Worker
1786197 87701544 VLLM::Worker
1786195 87689168 VLLM::Worker
1786194 87339648 VLLM::Worker
1720303 64012464 ray::WorkerDict
1720304 63832472 ray::WorkerDict
1720305 63774732 ray::WorkerDict
1720306 63754136 ray::WorkerDict
1317539 4807724 VLLM::Worker_TP
1317538 4798916 VLLM::Worker_TP
1796798 3046216 ray::AgentLoopW
1796796 2868912 ray::AgentLoopW
1796799 2318720 ray::AgentLoopW
== 2026-09-04T23:24:27+09:00
Mem:            1007         767         241         424         427         239
    PID   RSS COMMAND
1786196 87704444 VLLM::Worker
1786197 87701544 VLLM::Worker
1786195 87689168 VLLM::Worker
1786194 87339648 VLLM::Worker
1720303 64012464 ray::WorkerDict
1720304 63832472 ray::WorkerDict
1720305 63774732 ray::WorkerDict
1720306 63754136 ray::WorkerDict
1317539 4807724 VLLM::Worker_TP
1317538 4798916 VLLM::Worker_TP
1796798 3047080 ray::AgentLoopW
1796796 2868912 ray::AgentLoopW
1796799 2318720 ray::AgentLoopW
== 2026-09-04T23:24:47+09:00
Mem:            1007         767         241         424         427         239
    PID   RSS COMMAND
1786196 87704444 VLLM::Worker
1786197 87701544 VLLM::Worker
1786195 87689168 VLLM::Worker
1786194 87339648 VLLM::Worker
1720303 64013232 ray::WorkerDict
1720304 63832472 ray::WorkerDict
1720305 63774732 ray::WorkerDict
1720306 63754136 ray::WorkerDict
1317539 4807724 VLLM::Worker_TP
1317538 4798916 VLLM::Worker_TP
1796798 3043272 ray::AgentLoopW
1796796 2872752 ray::AgentLoopW
1796799 2318720 ray::AgentLoopW
== 2026-09-04T23:25:07+09:00
Mem:            1007         767         241         424         427         239
    PID   RSS COMMAND
1786196 87702756 VLLM::Worker
1786197 87701544 VLLM::Worker
1786195 87689168 VLLM::Worker
1786194 87339648 VLLM::Worker
1720303 64013232 ray::WorkerDict
1720304 63832472 ray::WorkerDict
1720305 63774732 ray::WorkerDict
1720306 63754136 ray::WorkerDict
1317539 4807724 VLLM::Worker_TP
1317538 4798916 VLLM::Worker_TP
1796798 3043272 ray::AgentLoopW
1796796 2872752 ray::AgentLoopW
1796799 2318720 ray::AgentLoopW
== 2026-09-04T23:25:27+09:00
Mem:            1007         767         241         424         427         239
    PID   RSS COMMAND
1786196 87702756 VLLM::Worker
1786197 87701544 VLLM::Worker
1786195 87689168 VLLM::Worker
1786194 87339648 VLLM::Worker
1720303 64013232 ray::WorkerDict
1720304 63832472 ray::WorkerDict
1720305 63774732 ray::WorkerDict
1720306 63754136 ray::WorkerDict
1317539 4807724 VLLM::Worker_TP
1317538 4798916 VLLM::Worker_TP
1796798 3043272 ray::AgentLoopW
1796796 2872752 ray::AgentLoopW
1796799 2318720 ray::AgentLoopW
== 2026-09-04T23:25:47+09:00
Mem:            1007         767         241         424         427         239
    PID   RSS COMMAND
1786196 87702756 VLLM::Worker
1786197 87700732 VLLM::Worker
1786195 87689168 VLLM::Worker
1786194 87339648 VLLM::Worker
1720303 64013232 ray::WorkerDict
1720304 63832472 ray::WorkerDict
1720305 63774732 ray::WorkerDict
1720306 63754136 ray::WorkerDict
1317539 4807724 VLLM::Worker_TP
1317538 4798916 VLLM::Worker_TP
1796798 3034356 ray::AgentLoopW
1796796 2872752 ray::AgentLoopW
1796799 2318720 ray::AgentLoopW
== 2026-09-04T23:26:07+09:00
Mem:            1007         767         242         424         427         240
    PID   RSS COMMAND
1786196 87702756 VLLM::Worker
1786197 87701500 VLLM::Worker
1786195 87689168 VLLM::Worker
1786194 87339648 VLLM::Worker
1720303 64013232 ray::WorkerDict
1720304 63832472 ray::WorkerDict
1720305 63774732 ray::WorkerDict
1720306 63754136 ray::WorkerDict
1317539 4807724 VLLM::Worker_TP
1317538 4798916 VLLM::Worker_TP
1796798 3027992 ray::AgentLoopW
1796796 2851804 ray::AgentLoopW
1796799 2320256 ray::AgentLoopW
== 2026-09-04T23:26:27+09:00
Mem:            1007         766         242         424         426         240
    PID   RSS COMMAND
1786196 87691236 VLLM::Worker
1786197 87689212 VLLM::Worker
1786195 87680720 VLLM::Worker
1786194 87328896 VLLM::Worker
1720303 64006320 ray::WorkerDict
1720304 63828632 ray::WorkerDict
1720305 63770124 ray::WorkerDict
1720306 63751832 ray::WorkerDict
1317539 4807724 VLLM::Worker_TP
1317538 4798916 VLLM::Worker_TP
1796798 3014936 ray::AgentLoopW
1796796 2841052 ray::AgentLoopW
1796799 2305664 ray::AgentLoopW
== 2026-09-04T23:26:47+09:00
Mem:            1007         767         242         424         427         240
    PID   RSS COMMAND
1786196 87700452 VLLM::Worker
1786197 87694540 VLLM::Worker
1786195 87685328 VLLM::Worker
1786194 87331200 VLLM::Worker
1720303 64007088 ray::WorkerDict
1720304 63826328 ray::WorkerDict
1720305 63773964 ray::WorkerDict
1720306 63758744 ray::WorkerDict
1317539 4807724 VLLM::Worker_TP
1317538 4798148 VLLM::Worker_TP
1796798 3024152 ray::AgentLoopW
1796796 2847196 ray::AgentLoopW
1796799 2311808 ray::AgentLoopW
== 2026-09-04T23:27:07+09:00
Mem:            1007         767         241         424         427         240
    PID   RSS COMMAND
1786196 87700452 VLLM::Worker
1786197 87694540 VLLM::Worker
1786195 87685328 VLLM::Worker
1786194 87331200 VLLM::Worker
1720303 64007088 ray::WorkerDict
1720304 63826328 ray::WorkerDict
1720305 63773964 ray::WorkerDict
1720306 63758744 ray::WorkerDict
1317539 4807724 VLLM::Worker_TP
1317538 4798916 VLLM::Worker_TP
1796798 3024920 ray::AgentLoopW
1796796 2847196 ray::AgentLoopW
1796799 2311808 ray::AgentLoopW
== 2026-09-04T23:27:27+09:00
Mem:            1007         767         241         424         427         240
    PID   RSS COMMAND
1786196 87700452 VLLM::Worker
1786197 87695308 VLLM::Worker
1786195 87685328 VLLM::Worker
1786194 87331200 VLLM::Worker
1720303 64007088 ray::WorkerDict
1720304 63827096 ray::WorkerDict
1720305 63773964 ray::WorkerDict
1720306 63758744 ray::WorkerDict
1317539 4807724 VLLM::Worker_TP
1317538 4798148 VLLM::Worker_TP
1796798 3024920 ray::AgentLoopW
1796796 2847196 ray::AgentLoopW
1796799 2312576 ray::AgentLoopW
== 2026-09-04T23:27:47+09:00
Mem:            1007         767         241         424         427         240
    PID   RSS COMMAND
1786196 87700452 VLLM::Worker
1786197 87695308 VLLM::Worker
1786195 87685328 VLLM::Worker
1786194 87331200 VLLM::Worker
1720303 64007088 ray::WorkerDict
1720304 63827096 ray::WorkerDict
1720305 63773964 ray::WorkerDict
1720306 63758744 ray::WorkerDict
1317539 4806956 VLLM::Worker_TP
1317538 4798148 VLLM::Worker_TP
1796798 3024920 ray::AgentLoopW
1796796 2847196 ray::AgentLoopW
1796799 2312576 ray::AgentLoopW
== 2026-09-04T23:28:07+09:00
Mem:            1007         767         241         424         427         240
    PID   RSS COMMAND
1786196 87700452 VLLM::Worker
1786197 87695308 VLLM::Worker
1786195 87685328 VLLM::Worker
1786194 87331200 VLLM::Worker
1720303 64007088 ray::WorkerDict
1720304 63827096 ray::WorkerDict
1720305 63773964 ray::WorkerDict
1720306 63758744 ray::WorkerDict
1317539 4808492 VLLM::Worker_TP
1317538 4798148 VLLM::Worker_TP
1796798 3024920 ray::AgentLoopW
1796796 2847196 ray::AgentLoopW
1796799 2312576 ray::AgentLoopW
== 2026-09-04T23:28:27+09:00
Mem:            1007         767         241         424         427         240
    PID   RSS COMMAND
1786196 87700452 VLLM::Worker
1786197 87695308 VLLM::Worker
1786195 87685328 VLLM::Worker
1786194 87331200 VLLM::Worker
1720303 64007856 ray::WorkerDict
1720304 63827096 ray::WorkerDict
1720305 63773964 ray::WorkerDict
1720306 63758744 ray::WorkerDict
1317539 4808492 VLLM::Worker_TP
1317538 4799684 VLLM::Worker_TP
1796798 3025688 ray::AgentLoopW
1796796 2847196 ray::AgentLoopW
1796799 2312576 ray::AgentLoopW
== 2026-09-04T23:28:47+09:00
Mem:            1007         767         241         424         427         240
    PID   RSS COMMAND
1786196 87700452 VLLM::Worker
1786197 87695308 VLLM::Worker
1786195 87685328 VLLM::Worker
1786194 87331200 VLLM::Worker
1720303 64007856 ray::WorkerDict
1720304 63827096 ray::WorkerDict
1720305 63773964 ray::WorkerDict
1720306 63758744 ray::WorkerDict
1317539 4807724 VLLM::Worker_TP
1317538 4801220 VLLM::Worker_TP
1796798 3025688 ray::AgentLoopW
1796796 2847196 ray::AgentLoopW
1796799 2312576 ray::AgentLoopW
== 2026-09-04T23:29:07+09:00
Mem:            1007         767         241         424         427         240
    PID   RSS COMMAND
1786196 87700452 VLLM::Worker
1786197 87695308 VLLM::Worker
1786195 87685328 VLLM::Worker
1786194 87331200 VLLM::Worker
1720303 64007856 ray::WorkerDict
1720304 63827096 ray::WorkerDict
1720305 63773964 ray::WorkerDict
1720306 63758744 ray::WorkerDict
1317539 4807724 VLLM::Worker_TP
1317538 4800452 VLLM::Worker_TP
1796798 3025688 ray::AgentLoopW
1796796 2847196 ray::AgentLoopW
1796799 2312576 ray::AgentLoopW
== 2026-09-04T23:29:27+09:00
Mem:            1007         767         241         424         427         240
    PID   RSS COMMAND
1786196 87700452 VLLM::Worker
1786197 87695308 VLLM::Worker
1786195 87685328 VLLM::Worker
1786194 87331200 VLLM::Worker
1720303 64007856 ray::WorkerDict
1720304 63827096 ray::WorkerDict
1720305 63773964 ray::WorkerDict
1720306 63758744 ray::WorkerDict
1317539 4806956 VLLM::Worker_TP
1317538 4800452 VLLM::Worker_TP
1796798 3025688 ray::AgentLoopW
1796796 2847196 ray::AgentLoopW
1796799 2312576 ray::AgentLoopW
== 2026-09-04T23:29:48+09:00
Mem:            1007         757         251         424         427         250
    PID   RSS COMMAND
1786196 87700452 VLLM::Worker
1786197 87696844 VLLM::Worker
1786195 87685328 VLLM::Worker
1786194 87331968 VLLM::Worker
1720303 61463032 ray::WorkerDict
1720305 61337376 ray::WorkerDict
1720306 61337288 ray::WorkerDict
1720304 61293688 ray::WorkerDict
1317539 4806956 VLLM::Worker_TP
1317538 4800452 VLLM::Worker_TP
1796798 3025688 ray::AgentLoopW
1796796 2847196 ray::AgentLoopW
1796799 2312576 ray::AgentLoopW
== 2026-09-04T23:30:08+09:00
Mem:            1007         539         469         424         427         468
    PID   RSS COMMAND
1786196 87703524 VLLM::Worker
1786197 87699148 VLLM::Worker
1786195 87688400 VLLM::Worker
1786194 87335040 VLLM::Worker
1317539 4807724 VLLM::Worker_TP
1317538 4800452 VLLM::Worker_TP
1720303 4266180 ray::WorkerDict
1720306 4140444 ray::WorkerDict
1720305 4139752 ray::WorkerDict
1720304 4096104 ray::WorkerDict
1796798 3025688 ray::AgentLoopW
1796796 2847196 ray::AgentLoopW
1796799 2312576 ray::AgentLoopW
== 2026-09-04T23:30:28+09:00
Mem:            1007         539         469         424         427         468
    PID   RSS COMMAND
1786196 87703524 VLLM::Worker
1786197 87699148 VLLM::Worker
1786195 87688400 VLLM::Worker
1786194 87335040 VLLM::Worker
1317539 4807724 VLLM::Worker_TP
1317538 4800452 VLLM::Worker_TP
1720303 4266168 ray::WorkerDict
1720306 4141240 ray::WorkerDict
1720305 4140964 ray::WorkerDict
1720304 4097640 ray::WorkerDict
1796798 3025688 ray::AgentLoopW
1796796 2847196 ray::AgentLoopW
1796799 2312576 ray::AgentLoopW
== 2026-09-04T23:30:48+09:00
Mem:            1007         539         469         424         427         468
    PID   RSS COMMAND
1786196 87703524 VLLM::Worker
1786197 87699148 VLLM::Worker
1786195 87688400 VLLM::Worker
1786194 87335040 VLLM::Worker
1317539 4807724 VLLM::Worker_TP
1317538 4800452 VLLM::Worker_TP
1720303 4268472 ray::WorkerDict
1720306 4143544 ray::WorkerDict
1720305 4143268 ray::WorkerDict
1720304 4100712 ray::WorkerDict
1796798 3025688 ray::AgentLoopW
1796796 2847196 ray::AgentLoopW
1796799 2312576 ray::AgentLoopW
== 2026-09-04T23:31:08+09:00
Mem:            1007         539         469         424         427         468
    PID   RSS COMMAND
1786196 87703524 VLLM::Worker
1786197 87699148 VLLM::Worker
1786195 87688400 VLLM::Worker
1786194 87335040 VLLM::Worker
1317539 4807724 VLLM::Worker_TP
1317538 4800452 VLLM::Worker_TP
1720303 4268472 ray::WorkerDict
1720306 4143544 ray::WorkerDict
1720305 4143268 ray::WorkerDict
1720304 4100712 ray::WorkerDict
1796798 3025688 ray::AgentLoopW
1796796 2847196 ray::AgentLoopW
1796799 2312576 ray::AgentLoopW
== 2026-09-04T23:31:28+09:00
Mem:            1007         539         469         424         427         468
    PID   RSS COMMAND
1786196 87703524 VLLM::Worker
1786197 87699148 VLLM::Worker
1786195 87688400 VLLM::Worker
1786194 87335040 VLLM::Worker
1317539 4807724 VLLM::Worker_TP
1317538 4800452 VLLM::Worker_TP
1720303 4268472 ray::WorkerDict
1720306 4143544 ray::WorkerDict
1720305 4143268 ray::WorkerDict
1720304 4100712 ray::WorkerDict
1796798 3025688 ray::AgentLoopW
1796796 2847196 ray::AgentLoopW
1796799 2312576 ray::AgentLoopW
== 2026-09-04T23:31:48+09:00
Mem:            1007         539         469         424         427         468
    PID   RSS COMMAND
1786196 87703524 VLLM::Worker
1786197 87699148 VLLM::Worker
1786195 87688400 VLLM::Worker
1786194 87335040 VLLM::Worker
1317539 4807724 VLLM::Worker_TP
1317538 4800452 VLLM::Worker_TP
1720303 4268472 ray::WorkerDict
1720306 4143544 ray::WorkerDict
1720305 4143268 ray::WorkerDict
1720304 4101480 ray::WorkerDict
1796798 3025688 ray::AgentLoopW
1796796 2847196 ray::AgentLoopW
1796799 2312576 ray::AgentLoopW
== 2026-09-04T23:32:08+09:00
Mem:            1007         539         469         424         427         468
    PID   RSS COMMAND
1786196 87703524 VLLM::Worker
1786197 87699148 VLLM::Worker
1786195 87688400 VLLM::Worker
1786194 87335040 VLLM::Worker
1317539 4807724 VLLM::Worker_TP
1317538 4800452 VLLM::Worker_TP
1720303 4268472 ray::WorkerDict
1720306 4143544 ray::WorkerDict
1720305 4143268 ray::WorkerDict
1720304 4101480 ray::WorkerDict
1796798 3025688 ray::AgentLoopW
1796796 2847196 ray::AgentLoopW
1796799 2312576 ray::AgentLoopW
== 2026-09-04T23:32:28+09:00
Mem:            1007         539         469         424         427         468
    PID   RSS COMMAND
1786196 87703524 VLLM::Worker
1786197 87699148 VLLM::Worker
1786195 87688400 VLLM::Worker
1786194 87335040 VLLM::Worker
1317539 4807724 VLLM::Worker_TP
1317538 4800452 VLLM::Worker_TP
1720303 4270008 ray::WorkerDict
1720305 4144804 ray::WorkerDict
1720306 4144312 ray::WorkerDict
1720304 4101480 ray::WorkerDict
1796798 3025688 ray::AgentLoopW
1796796 2847196 ray::AgentLoopW
1796799 2312576 ray::AgentLoopW
== 2026-09-04T23:32:48+09:00
Mem:            1007         622         386         424         427         384
    PID   RSS COMMAND
1786196 87703524 VLLM::Worker
1786197 87699148 VLLM::Worker
1786195 87688400 VLLM::Worker
1786194 87335040 VLLM::Worker
1720303 26241608 ray::WorkerDict
1720304 26098972 ray::WorkerDict
1720305 26085688 ray::WorkerDict
1720306 26084512 ray::WorkerDict
1317539 4807724 VLLM::Worker_TP
1317538 4800452 VLLM::Worker_TP
1796798 3025688 ray::AgentLoopW
1796796 2847196 ray::AgentLoopW
1796799 2313344 ray::AgentLoopW
== 2026-09-04T23:33:08+09:00
Mem:            1007         754         255         424         427         253
    PID   RSS COMMAND
1786196 87703524 VLLM::Worker
1786197 87699148 VLLM::Worker
1786195 87688400 VLLM::Worker
1786194 87335040 VLLM::Worker
1720303 60743280 ray::WorkerDict
1720304 60598204 ray::WorkerDict
1720306 60334552 ray::WorkerDict
1720305 60332760 ray::WorkerDict
1317539 4807724 VLLM::Worker_TP
1317538 4800452 VLLM::Worker_TP
1796798 3025688 ray::AgentLoopW
1796796 2845948 ray::AgentLoopW
1796799 2313344 ray::AgentLoopW
== 2026-09-04T23:33:28+09:00
Mem:            1007         766         242         424         426         240
    PID   RSS COMMAND
1786196 87692772 VLLM::Worker
1786197 87688396 VLLM::Worker
1786195 87677648 VLLM::Worker
1786194 87326592 VLLM::Worker
1720306 64056080 ray::WorkerDict
1720303 63875660 ray::WorkerDict
1720305 63835292 ray::WorkerDict
1720304 63791896 ray::WorkerDict
1317539 4807724 VLLM::Worker_TP
1317538 4800452 VLLM::Worker_TP
1796798 3016472 ray::AgentLoopW
1796796 2839036 ray::AgentLoopW
1796799 2308736 ray::AgentLoopW
== 2026-09-04T23:33:48+09:00
Mem:            1007         767         242         424         426         240
    PID   RSS COMMAND
1786196 87692772 VLLM::Worker
1786197 87688396 VLLM::Worker
1786195 87677648 VLLM::Worker
1786194 87326592 VLLM::Worker
1720306 64038852 ray::WorkerDict
1720303 63961548 ray::WorkerDict
1720305 63946580 ray::WorkerDict
1720304 63788060 ray::WorkerDict
1317539 4807724 VLLM::Worker_TP
1317538 4800452 VLLM::Worker_TP
1796798 3016472 ray::AgentLoopW
1796796 2839036 ray::AgentLoopW
1796799 2308736 ray::AgentLoopW
== 2026-09-04T23:34:08+09:00
Mem:            1007         766         243         424         426         241
    PID   RSS COMMAND
1786196 87696612 VLLM::Worker
1786197 87693004 VLLM::Worker
1786195 87681488 VLLM::Worker
1786194 87331200 VLLM::Worker
1720303 63966924 ray::WorkerDict
1720306 63766540 ray::WorkerDict
1720305 63763868 ray::WorkerDict
1720304 63726360 ray::WorkerDict
1317539 4807724 VLLM::Worker_TP
1317538 4800452 VLLM::Worker_TP
1796798 3016472 ray::AgentLoopW
1796796 2839036 ray::AgentLoopW
1796799 2308736 ray::AgentLoopW
== 2026-09-04T23:34:28+09:00
Mem:            1007         766         242         424         426         240
    PID   RSS COMMAND
1786196 87703524 VLLM::Worker
1786197 87701452 VLLM::Worker
1786195 87689168 VLLM::Worker
1786194 87346332 VLLM::Worker
1720303 63966924 ray::WorkerDict
1720306 63766540 ray::WorkerDict
1720305 63763868 ray::WorkerDict
1720304 63726360 ray::WorkerDict
1317539 4807724 VLLM::Worker_TP
1317538 4800452 VLLM::Worker_TP
1796798 3026456 ray::AgentLoopW
1796796 2845180 ray::AgentLoopW
1796799 2317184 ray::AgentLoopW
== 2026-09-04T23:34:48+09:00
Mem:            1007         767         242         424         426         240
    PID   RSS COMMAND
1786196 87705828 VLLM::Worker
1786197 87701452 VLLM::Worker
1786195 87690704 VLLM::Worker
1786194 87346332 VLLM::Worker
1720303 63966924 ray::WorkerDict
1720306 63766540 ray::WorkerDict
1720305 63763868 ray::WorkerDict
1720304 63726360 ray::WorkerDict
1317539 4807724 VLLM::Worker_TP
1317538 4800452 VLLM::Worker_TP
1796798 3026456 ray::AgentLoopW
1796796 2847484 ray::AgentLoopW
1796799 2317184 ray::AgentLoopW
== 2026-09-04T23:35:08+09:00
Mem:            1007         768         240         424         428         239
    PID   RSS COMMAND
1786196 87705828 VLLM::Worker
1786197 87699820 VLLM::Worker
1786195 87690704 VLLM::Worker
1786194 87342548 VLLM::Worker
1720303 63966924 ray::WorkerDict
1720306 63766540 ray::WorkerDict
1720305 63763868 ray::WorkerDict
1720304 63726360 ray::WorkerDict
1317539 4807724 VLLM::Worker_TP
1317538 4800452 VLLM::Worker_TP
1796798 3027992 ray::AgentLoopW
1796796 2849020 ray::AgentLoopW
1796799 2319488 ray::AgentLoopW
== 2026-09-04T23:35:28+09:00
Mem:            1007         767         241         424         428         239
    PID   RSS COMMAND
1786196 87704820 VLLM::Worker
1786197 87699820 VLLM::Worker
1786195 87688344 VLLM::Worker
1786194 87342548 VLLM::Worker
1720303 63966924 ray::WorkerDict
1720306 63766540 ray::WorkerDict
1720305 63763868 ray::WorkerDict
1720304 63726360 ray::WorkerDict
1317539 4807724 VLLM::Worker_TP
1317538 4800452 VLLM::Worker_TP
1796798 3027992 ray::AgentLoopW
1796796 2849788 ray::AgentLoopW
1796799 2319488 ray::AgentLoopW
== 2026-09-04T23:35:48+09:00
Mem:            1007         766         242         424         426         240
    PID   RSS COMMAND
1786196 87700980 VLLM::Worker
1786197 87699052 VLLM::Worker
1786195 87684504 VLLM::Worker
1786194 87337172 VLLM::Worker
1720303 63960012 ray::WorkerDict
1720306 63755020 ray::WorkerDict
1720305 63754652 ray::WorkerDict
1720304 63717144 ray::WorkerDict
1317539 4808492 VLLM::Worker_TP
1317538 4798148 VLLM::Worker_TP
1796798 3016472 ray::AgentLoopW
1796796 2840572 ray::AgentLoopW
1796799 2314112 ray::AgentLoopW
== 2026-09-04T23:36:08+09:00
Mem:            1007         766         242         424         426         240
    PID   RSS COMMAND
1786196 87700212 VLLM::Worker
1786197 87699052 VLLM::Worker
1786195 87682968 VLLM::Worker
1786194 87338708 VLLM::Worker
1720303 63957708 ray::WorkerDict
1720306 63755788 ray::WorkerDict
1720305 63753116 ray::WorkerDict
1720304 63715608 ray::WorkerDict
1317539 4807724 VLLM::Worker_TP
1317538 4799684 VLLM::Worker_TP
1796798 3016472 ray::AgentLoopW
1796796 2839036 ray::AgentLoopW
1796799 2311808 ray::AgentLoopW
== 2026-09-04T23:36:29+09:00
Mem:            1007         767         242         424         426         240
    PID   RSS COMMAND
1786196 87700212 VLLM::Worker
1786197 87699052 VLLM::Worker
1786195 87684504 VLLM::Worker
1786194 87339476 VLLM::Worker
1720303 63957708 ray::WorkerDict
1720306 63755788 ray::WorkerDict
1720305 63753116 ray::WorkerDict
1720304 63715608 ray::WorkerDict
1317539 4808492 VLLM::Worker_TP
1317538 4800452 VLLM::Worker_TP
1796798 3017240 ray::AgentLoopW
1796796 2839804 ray::AgentLoopW
1796799 2314112 ray::AgentLoopW
== 2026-09-04T23:36:49+09:00
Mem:            1007         767         242         424         426         240
    PID   RSS COMMAND
1786196 87700212 VLLM::Worker
1786197 87699052 VLLM::Worker
1786195 87684504 VLLM::Worker
1786194 87339476 VLLM::Worker
1720303 63957708 ray::WorkerDict
1720306 63755788 ray::WorkerDict
1720305 63753116 ray::WorkerDict
1720304 63715608 ray::WorkerDict
1317539 4809260 VLLM::Worker_TP
1317538 4800452 VLLM::Worker_TP
1796798 3017240 ray::AgentLoopW
1796796 2839804 ray::AgentLoopW
1796799 2314112 ray::AgentLoopW
== 2026-09-04T23:37:09+09:00
Mem:            1007         767         242         424         426         240
    PID   RSS COMMAND
1786196 87700212 VLLM::Worker
1786197 87699052 VLLM::Worker
1786195 87684504 VLLM::Worker
1786194 87339476 VLLM::Worker
1720303 63957708 ray::WorkerDict
1720306 63755788 ray::WorkerDict
1720305 63753116 ray::WorkerDict
1720304 63715608 ray::WorkerDict
1317539 4809260 VLLM::Worker_TP
1317538 4799684 VLLM::Worker_TP
1796798 3017240 ray::AgentLoopW
1796796 2839804 ray::AgentLoopW
1796799 2314112 ray::AgentLoopW
== 2026-09-04T23:37:29+09:00
Mem:            1007         767         242         424         426         240
    PID   RSS COMMAND
1786196 87700212 VLLM::Worker
1786197 87699052 VLLM::Worker
1786195 87684504 VLLM::Worker
1786194 87339476 VLLM::Worker
1720303 63957708 ray::WorkerDict
1720306 63755788 ray::WorkerDict
1720305 63753116 ray::WorkerDict
1720304 63715608 ray::WorkerDict
1317539 4809260 VLLM::Worker_TP
1317538 4800452 VLLM::Worker_TP
1796798 3017240 ray::AgentLoopW
1796796 2839804 ray::AgentLoopW
1796799 2314112 ray::AgentLoopW
== 2026-09-04T23:37:49+09:00
Mem:            1007         767         242         424         426         240
    PID   RSS COMMAND
1786196 87700212 VLLM::Worker
1786197 87699052 VLLM::Worker
1786195 87685272 VLLM::Worker
1786194 87339476 VLLM::Worker
1720303 63957708 ray::WorkerDict
1720306 63755788 ray::WorkerDict
1720305 63753116 ray::WorkerDict
1720304 63715608 ray::WorkerDict
1317539 4809260 VLLM::Worker_TP
1317538 4799684 VLLM::Worker_TP
1796798 3017240 ray::AgentLoopW
1796796 2847484 ray::AgentLoopW
1796799 2314112 ray::AgentLoopW
== 2026-09-04T23:38:09+09:00
Mem:            1007         767         242         424         426         240
    PID   RSS COMMAND
1786196 87700212 VLLM::Worker
1786197 87699052 VLLM::Worker
1786195 87685272 VLLM::Worker
1786194 87339476 VLLM::Worker
1720303 63957708 ray::WorkerDict
1720306 63755788 ray::WorkerDict
1720305 63753116 ray::WorkerDict
1720304 63715608 ray::WorkerDict
1317539 4809260 VLLM::Worker_TP
1317538 4799684 VLLM::Worker_TP
1796798 3017240 ray::AgentLoopW
1796796 2847484 ray::AgentLoopW
1796799 2314112 ray::AgentLoopW
== 2026-09-04T23:38:29+09:00
Mem:            1007         539         470         424         426         468
    PID   RSS COMMAND
1786196 87700980 VLLM::Worker
1786197 87699052 VLLM::Worker
1786195 87686040 VLLM::Worker
1786194 87339476 VLLM::Worker
1317539 4809260 VLLM::Worker_TP
1317538 4802756 VLLM::Worker_TP
1720303 4292164 ray::WorkerDict
1720305 4146604 ray::WorkerDict
1720306 4137184 ray::WorkerDict
1720304 4098760 ray::WorkerDict
1796798 3017240 ray::AgentLoopW
1796796 2847484 ray::AgentLoopW
1796799 2314112 ray::AgentLoopW
== 2026-09-04T23:38:49+09:00
Mem:            1007         539         470         424         426         468
    PID   RSS COMMAND
1786196 87700980 VLLM::Worker
1786197 87699052 VLLM::Worker
1786195 87686040 VLLM::Worker
1786194 87339476 VLLM::Worker
1317539 4809260 VLLM::Worker_TP
1317538 4802756 VLLM::Worker_TP
1720303 4292932 ray::WorkerDict
1720305 4147372 ray::WorkerDict
1720306 4137952 ray::WorkerDict
1720304 4099528 ray::WorkerDict
1796798 3017240 ray::AgentLoopW
1796796 2847484 ray::AgentLoopW
1796799 2314112 ray::AgentLoopW
== 2026-09-04T23:39:09+09:00
Mem:            1007         539         470         424         426         468
    PID   RSS COMMAND
1786196 87700980 VLLM::Worker
1786197 87699052 VLLM::Worker
1786195 87686040 VLLM::Worker
1786194 87339476 VLLM::Worker
1317539 4809260 VLLM::Worker_TP
1317538 4802756 VLLM::Worker_TP
1720303 4292932 ray::WorkerDict
1720305 4147372 ray::WorkerDict
1720306 4137952 ray::WorkerDict
1720304 4099528 ray::WorkerDict
1796798 3017240 ray::AgentLoopW
1796796 2847484 ray::AgentLoopW
1796799 2314112 ray::AgentLoopW
== 2026-09-04T23:39:29+09:00
Mem:            1007         539         470         424         426         468
    PID   RSS COMMAND
1786196 87700980 VLLM::Worker
1786197 87699052 VLLM::Worker
1786195 87686040 VLLM::Worker
1786194 87339476 VLLM::Worker
1317539 4809260 VLLM::Worker_TP
1317538 4802756 VLLM::Worker_TP
1720303 4292932 ray::WorkerDict
1720305 4147372 ray::WorkerDict
1720306 4137952 ray::WorkerDict
1720304 4099528 ray::WorkerDict
1796798 3017240 ray::AgentLoopW
1796796 2847484 ray::AgentLoopW
1796799 2314112 ray::AgentLoopW
== 2026-09-04T23:39:49+09:00
Mem:            1007         539         470         424         426         468
    PID   RSS COMMAND
1786196 87700980 VLLM::Worker
1786197 87699052 VLLM::Worker
1786195 87686040 VLLM::Worker
1786194 87339476 VLLM::Worker
1317539 4809260 VLLM::Worker_TP
1317538 4802756 VLLM::Worker_TP
1720303 4304828 ray::WorkerDict
1720305 4158928 ray::WorkerDict
1720306 4146068 ray::WorkerDict
1720304 4143592 ray::WorkerDict
1796798 3017240 ray::AgentLoopW
1796796 2847484 ray::AgentLoopW
1796799 2314112 ray::AgentLoopW
== 2026-09-04T23:40:09+09:00
Mem:            1007         539         470         424         426         468
    PID   RSS COMMAND
1786196 87703284 VLLM::Worker
1786197 87702124 VLLM::Worker
1786195 87689880 VLLM::Worker
1786194 87342548 VLLM::Worker
1317539 4809260 VLLM::Worker_TP
1317538 4802756 VLLM::Worker_TP
1720303 4304828 ray::WorkerDict
1720305 4158928 ray::WorkerDict
1720306 4146068 ray::WorkerDict
1720304 4143592 ray::WorkerDict
1796798 3017240 ray::AgentLoopW
1796796 2847484 ray::AgentLoopW
1796799 2314112 ray::AgentLoopW
== 2026-09-04T23:40:29+09:00
Mem:            1007         539         470         424         426         468
    PID   RSS COMMAND
1786196 87703284 VLLM::Worker
1786197 87702124 VLLM::Worker
1786195 87689880 VLLM::Worker
1786194 87342548 VLLM::Worker
1317539 4809260 VLLM::Worker_TP
1317538 4802756 VLLM::Worker_TP
1720303 4304828 ray::WorkerDict
1720305 4158928 ray::WorkerDict
1720306 4146068 ray::WorkerDict
1720304 4143592 ray::WorkerDict
1796798 3017240 ray::AgentLoopW
1796796 2847484 ray::AgentLoopW
1796799 2314112 ray::AgentLoopW
== 2026-09-04T23:40:49+09:00
Mem:            1007         539         470         424         426         468
    PID   RSS COMMAND
1786196 87703284 VLLM::Worker
1786197 87702124 VLLM::Worker
1786195 87689880 VLLM::Worker
1786194 87342548 VLLM::Worker
1317539 4809260 VLLM::Worker_TP
1317538 4802756 VLLM::Worker_TP
1720303 4304828 ray::WorkerDict
1720305 4158928 ray::WorkerDict
1720306 4146068 ray::WorkerDict
1720304 4143592 ray::WorkerDict
1796798 3017240 ray::AgentLoopW
1796796 2847484 ray::AgentLoopW
1796799 2314112 ray::AgentLoopW
== 2026-09-04T23:41:09+09:00
Mem:            1007         539         470         424         426         468
    PID   RSS COMMAND
1786196 87703284 VLLM::Worker
1786197 87702124 VLLM::Worker
1786195 87689880 VLLM::Worker
1786194 87342548 VLLM::Worker
1317539 4809260 VLLM::Worker_TP
1317538 4802756 VLLM::Worker_TP
1720303 4304828 ray::WorkerDict
1720305 4158928 ray::WorkerDict
1720306 4146068 ray::WorkerDict
1720304 4143592 ray::WorkerDict
1796798 3017240 ray::AgentLoopW
1796796 2847484 ray::AgentLoopW
1796799 2314112 ray::AgentLoopW
== 2026-09-04T23:41:29+09:00
Mem:            1007         539         470         424         426         468
    PID   RSS COMMAND
1786196 87703284 VLLM::Worker
1786197 87702124 VLLM::Worker
1786195 87689880 VLLM::Worker
1786194 87342548 VLLM::Worker
1317539 4809260 VLLM::Worker_TP
1317538 4802756 VLLM::Worker_TP
1720303 4304828 ray::WorkerDict
1720305 4158928 ray::WorkerDict
1720306 4146068 ray::WorkerDict
1720304 4143592 ray::WorkerDict
1796798 3017240 ray::AgentLoopW
1796796 2847484 ray::AgentLoopW
1796799 2314112 ray::AgentLoopW
== 2026-09-04T23:41:49+09:00
Mem:            1007         539         470         424         426         468
    PID   RSS COMMAND
1786196 87703284 VLLM::Worker
1786197 87702124 VLLM::Worker
1786195 87689880 VLLM::Worker
1786194 87342548 VLLM::Worker
1317539 4809260 VLLM::Worker_TP
1317538 4802756 VLLM::Worker_TP
1720303 4304828 ray::WorkerDict
1720305 4158928 ray::WorkerDict
1720306 4146068 ray::WorkerDict
1720304 4143592 ray::WorkerDict
1796798 3017240 ray::AgentLoopW
1796796 2847484 ray::AgentLoopW
1796799 2314112 ray::AgentLoopW
== 2026-09-04T23:42:09+09:00
Mem:            1007         539         470         424         426         468
    PID   RSS COMMAND
1786196 87703284 VLLM::Worker
1786197 87702124 VLLM::Worker
1786195 87689880 VLLM::Worker
1786194 87342548 VLLM::Worker
1317539 4809260 VLLM::Worker_TP
1317538 4802756 VLLM::Worker_TP
1720303 4304828 ray::WorkerDict
1720305 4158928 ray::WorkerDict
1720306 4146068 ray::WorkerDict
1720304 4143592 ray::WorkerDict
1796798 3017240 ray::AgentLoopW
1796796 2847484 ray::AgentLoopW
1796799 2314112 ray::AgentLoopW
== 2026-09-04T23:42:29+09:00
Mem:            1007         539         470         424         426         468
    PID   RSS COMMAND
1786196 87703284 VLLM::Worker
1786197 87702124 VLLM::Worker
1786195 87689880 VLLM::Worker
1786194 87342548 VLLM::Worker
1317539 4809260 VLLM::Worker_TP
1317538 4802756 VLLM::Worker_TP
1720303 4304828 ray::WorkerDict
1720305 4158928 ray::WorkerDict
1720306 4146068 ray::WorkerDict
1720304 4143592 ray::WorkerDict
1796798 3017240 ray::AgentLoopW
1796796 2847484 ray::AgentLoopW
1796799 2314112 ray::AgentLoopW
== 2026-09-04T23:42:49+09:00
Mem:            1007         539         470         424         426         468
    PID   RSS COMMAND
1786196 87703284 VLLM::Worker
1786197 87702124 VLLM::Worker
1786195 87689880 VLLM::Worker
1786194 87342548 VLLM::Worker
1317539 4809260 VLLM::Worker_TP
1317538 4802756 VLLM::Worker_TP
1720303 4304828 ray::WorkerDict
1720305 4158928 ray::WorkerDict
1720306 4146068 ray::WorkerDict
1720304 4143592 ray::WorkerDict
1796798 3017240 ray::AgentLoopW
1796796 2847484 ray::AgentLoopW
1796799 2314112 ray::AgentLoopW
== 2026-09-04T23:43:09+09:00
Mem:            1007         539         470         424         426         468
    PID   RSS COMMAND
1786196 87703284 VLLM::Worker
1786197 87702124 VLLM::Worker
1786195 87689880 VLLM::Worker
1786194 87342548 VLLM::Worker
1317539 4809260 VLLM::Worker_TP
1317538 4802756 VLLM::Worker_TP
1720303 4304828 ray::WorkerDict
1720305 4158928 ray::WorkerDict
1720306 4146068 ray::WorkerDict
1720304 4143592 ray::WorkerDict
1796798 3017240 ray::AgentLoopW
1796796 2847484 ray::AgentLoopW
1796799 2314112 ray::AgentLoopW
== 2026-09-04T23:43:29+09:00
Mem:            1007         539         470         424         426         468
    PID   RSS COMMAND
1786196 87703284 VLLM::Worker
1786197 87702124 VLLM::Worker
1786195 87689880 VLLM::Worker
1786194 87342548 VLLM::Worker
1317539 4809260 VLLM::Worker_TP
1317538 4802756 VLLM::Worker_TP
1720303 4304828 ray::WorkerDict
1720305 4158928 ray::WorkerDict
1720306 4146068 ray::WorkerDict
1720304 4143592 ray::WorkerDict
1796798 3017240 ray::AgentLoopW
1796796 2847484 ray::AgentLoopW
1796799 2314112 ray::AgentLoopW
== 2026-09-04T23:43:49+09:00
Mem:            1007         539         470         424         426         468
    PID   RSS COMMAND
1786196 87703284 VLLM::Worker
1786197 87702124 VLLM::Worker
1786195 87689880 VLLM::Worker
1786194 87342548 VLLM::Worker
1317539 4809260 VLLM::Worker_TP
1317538 4802756 VLLM::Worker_TP
1720303 4304828 ray::WorkerDict
1720305 4158928 ray::WorkerDict
1720306 4146068 ray::WorkerDict
1720304 4143592 ray::WorkerDict
1796798 3017240 ray::AgentLoopW
1796796 2847484 ray::AgentLoopW
1796799 2314112 ray::AgentLoopW
== 2026-09-04T23:44:09+09:00
Mem:            1007         539         469         424         426         468
    PID   RSS COMMAND
1786196 87703284 VLLM::Worker
1786197 87702124 VLLM::Worker
1786195 87689880 VLLM::Worker
1786194 87342548 VLLM::Worker
1317539 4809260 VLLM::Worker_TP
1317538 4802756 VLLM::Worker_TP
1720303 4304828 ray::WorkerDict
1720305 4158928 ray::WorkerDict
1720306 4146068 ray::WorkerDict
1720304 4143592 ray::WorkerDict
1796798 3017240 ray::AgentLoopW
1796796 2847484 ray::AgentLoopW
1796799 2314112 ray::AgentLoopW
== 2026-09-04T23:44:29+09:00
Mem:            1007         539         470         424         426         468
    PID   RSS COMMAND
1786196 87703284 VLLM::Worker
1786197 87702124 VLLM::Worker
1786195 87689880 VLLM::Worker
1786194 87342548 VLLM::Worker
1317539 4809260 VLLM::Worker_TP
1317538 4802756 VLLM::Worker_TP
1720303 4304828 ray::WorkerDict
1720305 4158928 ray::WorkerDict
1720306 4146068 ray::WorkerDict
1720304 4143592 ray::WorkerDict
1796798 3017240 ray::AgentLoopW
1796796 2847484 ray::AgentLoopW
1796799 2314112 ray::AgentLoopW
== 2026-09-04T23:44:49+09:00
Mem:            1007         539         470         424         426         468
    PID   RSS COMMAND
1786196 87703284 VLLM::Worker
1786197 87702124 VLLM::Worker
1786195 87689880 VLLM::Worker
1786194 87342548 VLLM::Worker
1317539 4809260 VLLM::Worker_TP
1317538 4802756 VLLM::Worker_TP
1720303 4304828 ray::WorkerDict
1720305 4158928 ray::WorkerDict
1720306 4146068 ray::WorkerDict
1720304 4143592 ray::WorkerDict
1796798 3017240 ray::AgentLoopW
1796796 2847484 ray::AgentLoopW
1796799 2314112 ray::AgentLoopW
== 2026-09-04T23:45:09+09:00
Mem:            1007         617         392         424         426         390
    PID   RSS COMMAND
1786196 87703284 VLLM::Worker
1786197 87702124 VLLM::Worker
1786195 87689880 VLLM::Worker
1786194 87342548 VLLM::Worker
1720303 24993164 ray::WorkerDict
1720304 24798020 ray::WorkerDict
1720306 24513912 ray::WorkerDict
1720305 24511364 ray::WorkerDict
1317539 4809260 VLLM::Worker_TP
1317538 4802756 VLLM::Worker_TP
1796798 3017240 ray::AgentLoopW
1796796 2847484 ray::AgentLoopW
1796799 2314112 ray::AgentLoopW
== 2026-09-04T23:45:29+09:00
Mem:            1007         752         257         424         426         255
    PID   RSS COMMAND
1786196 87703284 VLLM::Worker
1786197 87702124 VLLM::Worker
1786195 87689880 VLLM::Worker
1786194 87342548 VLLM::Worker
1720303 60287456 ray::WorkerDict
1720304 60092156 ray::WorkerDict
1720306 59924864 ray::WorkerDict
1720305 59922060 ray::WorkerDict
1317539 4809260 VLLM::Worker_TP
1317538 4802756 VLLM::Worker_TP
1796798 3017240 ray::AgentLoopW
1796796 2847484 ray::AgentLoopW
1796799 2314112 ray::AgentLoopW
== 2026-09-04T23:45:49+09:00
Mem:            1007         768         240         424         426         239
    PID   RSS COMMAND
1786196 87703284 VLLM::Worker
1786197 87702124 VLLM::Worker
1786195 87689880 VLLM::Worker
1786194 87342548 VLLM::Worker
1720303 64431124 ray::WorkerDict
1720304 64224520 ray::WorkerDict
1720305 64184232 ray::WorkerDict
1720306 64056144 ray::WorkerDict
1317539 4809260 VLLM::Worker_TP
1317538 4802756 VLLM::Worker_TP
1796798 3017240 ray::AgentLoopW
1796796 2847484 ray::AgentLoopW
1796799 2314112 ray::AgentLoopW
== 2026-09-04T23:46:09+09:00
Mem:            1007         767         242         424         426         240
    PID   RSS COMMAND
1786196 87703284 VLLM::Worker
1786197 87702124 VLLM::Worker
1786195 87689880 VLLM::Worker
1786194 87342548 VLLM::Worker
1720303 64086932 ray::WorkerDict
1720305 63918064 ray::WorkerDict
1720306 63853468 ray::WorkerDict
1720304 63809296 ray::WorkerDict
1317539 4809260 VLLM::Worker_TP
1317538 4802756 VLLM::Worker_TP
1796798 3017240 ray::AgentLoopW
1796796 2847484 ray::AgentLoopW
1796799 2314112 ray::AgentLoopW
== 2026-09-04T23:46:30+09:00
Mem:            1007         767         242         424         426         240
    PID   RSS COMMAND
1786196 87704820 VLLM::Worker
1786197 87704428 VLLM::Worker
1786195 87690648 VLLM::Worker
1786194 87344084 VLLM::Worker
1720303 64086932 ray::WorkerDict
1720304 63810064 ray::WorkerDict
1720305 63792116 ray::WorkerDict
1720306 63779300 ray::WorkerDict
1317539 4809260 VLLM::Worker_TP
1317538 4802756 VLLM::Worker_TP
1796798 2999212 ray::AgentLoopW
1796796 2829856 ray::AgentLoopW
1796799 2316416 ray::AgentLoopW
== 2026-09-04T23:46:50+09:00
Mem:            1007         767         242         424         426         240
    PID   RSS COMMAND
1786196 87704820 VLLM::Worker
1786197 87704216 VLLM::Worker
1786195 87691416 VLLM::Worker
1786194 87344852 VLLM::Worker
1720303 64086932 ray::WorkerDict
1720304 63810064 ray::WorkerDict
1720305 63792116 ray::WorkerDict
1720306 63779300 ray::WorkerDict
1317539 4809260 VLLM::Worker_TP
1317538 4802756 VLLM::Worker_TP
1796798 3002284 ray::AgentLoopW
1796796 2829856 ray::AgentLoopW
1796799 2316416 ray::AgentLoopW
== 2026-09-04T23:47:10+09:00
Mem:            1007         768         241         424         427         239
    PID   RSS COMMAND
1786196 87701748 VLLM::Worker
1786197 87699608 VLLM::Worker
1786195 87687576 VLLM::Worker
1786194 87341012 VLLM::Worker
1720303 64064660 ray::WorkerDict
1720304 63792400 ray::WorkerDict
1720305 63774452 ray::WorkerDict
1720306 63760100 ray::WorkerDict
1317539 4808492 VLLM::Worker_TP
1317538 4798916 VLLM::Worker_TP
1796798 2993068 ray::AgentLoopW
1796796 2821408 ray::AgentLoopW
1796799 2317952 ray::AgentLoopW
== 2026-09-04T23:47:30+09:00
Mem:            1007         767         241         424         427         239
    PID   RSS COMMAND
1786196 87700752 VLLM::Worker
1786197 87699608 VLLM::Worker
1786195 87687576 VLLM::Worker
1786194 87341012 VLLM::Worker
1720303 64064660 ray::WorkerDict
1720304 63792400 ray::WorkerDict
1720305 63774452 ray::WorkerDict
1720306 63760100 ray::WorkerDict
1317539 4808492 VLLM::Worker_TP
1317538 4798916 VLLM::Worker_TP
1796798 2994604 ray::AgentLoopW
1796796 2830624 ray::AgentLoopW
1796799 2317952 ray::AgentLoopW
== 2026-09-04T23:47:50+09:00
Mem:            1007         767         242         424         426         240
    PID   RSS COMMAND
1786197 87700376 VLLM::Worker
1786196 87699216 VLLM::Worker
1786195 87685272 VLLM::Worker
1786194 87341012 VLLM::Worker
1720303 64065428 ray::WorkerDict
1720304 63792400 ray::WorkerDict
1720305 63773684 ray::WorkerDict
1720306 63757796 ray::WorkerDict
1317539 4809260 VLLM::Worker_TP
1317538 4799684 VLLM::Worker_TP
1796798 2999980 ray::AgentLoopW
1796796 2829856 ray::AgentLoopW
1796799 2307200 ray::AgentLoopW
== 2026-09-04T23:48:10+09:00
Mem:            1007         767         241         424         426         240
    PID   RSS COMMAND
1786197 87700376 VLLM::Worker
1786196 87699984 VLLM::Worker
1786195 87685272 VLLM::Worker
1786194 87340004 VLLM::Worker
1720303 64065428 ray::WorkerDict
1720304 63792400 ray::WorkerDict
1720305 63773684 ray::WorkerDict
1720306 63757796 ray::WorkerDict
1317539 4809260 VLLM::Worker_TP
1317538 4799684 VLLM::Worker_TP
1796798 3001516 ray::AgentLoopW
1796796 2829856 ray::AgentLoopW
1796799 2307200 ray::AgentLoopW
== 2026-09-04T23:48:30+09:00
Mem:            1007         767         241         424         426         239
    PID   RSS COMMAND
1786196 87700752 VLLM::Worker
1786197 87699544 VLLM::Worker
1786195 87685272 VLLM::Worker
1786194 87340004 VLLM::Worker
1720303 64065428 ray::WorkerDict
1720304 63792400 ray::WorkerDict
1720305 63773684 ray::WorkerDict
1720306 63757796 ray::WorkerDict
1317539 4809260 VLLM::Worker_TP
1317538 4802756 VLLM::Worker_TP
1796798 3002284 ray::AgentLoopW
1796796 2830624 ray::AgentLoopW
1796799 2307200 ray::AgentLoopW
== 2026-09-04T23:48:50+09:00
Mem:            1007         767         241         424         426         239
    PID   RSS COMMAND
1786196 87700752 VLLM::Worker
1786197 87699544 VLLM::Worker
1786195 87685272 VLLM::Worker
1786194 87340004 VLLM::Worker
1720303 64065428 ray::WorkerDict
1720304 63792400 ray::WorkerDict
1720305 63773684 ray::WorkerDict
1720306 63757796 ray::WorkerDict
1317539 4809260 VLLM::Worker_TP
1317538 4802756 VLLM::Worker_TP
1796798 3002284 ray::AgentLoopW
1796796 2830624 ray::AgentLoopW
1796799 2307200 ray::AgentLoopW
== 2026-09-04T23:49:10+09:00
Mem:            1007         767         241         424         426         239
    PID   RSS COMMAND
1786196 87700752 VLLM::Worker
1786197 87699544 VLLM::Worker
1786195 87685272 VLLM::Worker
1786194 87340004 VLLM::Worker
1720303 64065428 ray::WorkerDict
1720304 63792400 ray::WorkerDict
1720305 63773684 ray::WorkerDict
1720306 63757796 ray::WorkerDict
1317539 4809260 VLLM::Worker_TP
1317538 4802756 VLLM::Worker_TP
1796798 3002284 ray::AgentLoopW
1796796 2830624 ray::AgentLoopW
1796799 2307200 ray::AgentLoopW
== 2026-09-04T23:49:30+09:00
Mem:            1007         767         241         424         426         239
    PID   RSS COMMAND
1786196 87700752 VLLM::Worker
1786197 87699544 VLLM::Worker
1786195 87685272 VLLM::Worker
1786194 87340004 VLLM::Worker
1720303 64065428 ray::WorkerDict
1720304 63792400 ray::WorkerDict
1720305 63773684 ray::WorkerDict
1720306 63757796 ray::WorkerDict
1317539 4809260 VLLM::Worker_TP
1317538 4802756 VLLM::Worker_TP
1796798 3002284 ray::AgentLoopW
1796796 2830624 ray::AgentLoopW
1796799 2307200 ray::AgentLoopW
== 2026-09-04T23:49:50+09:00
Mem:            1007         767         241         424         427         240
    PID   RSS COMMAND
1786196 87700512 VLLM::Worker
1786197 87699544 VLLM::Worker
1786195 87685020 VLLM::Worker
1786194 87340004 VLLM::Worker
1720303 63926844 ray::WorkerDict
1720305 63783668 ray::WorkerDict
1720306 63765476 ray::WorkerDict
1720304 63735308 ray::WorkerDict
1317539 4809260 VLLM::Worker_TP
1317538 4802756 VLLM::Worker_TP
1796798 3003052 ray::AgentLoopW
1796796 2830624 ray::AgentLoopW
1796799 2307200 ray::AgentLoopW
== 2026-09-04T23:50:10+09:00
Mem:            1007         539         469         424         427         467
    PID   RSS COMMAND
1786196 87703584 VLLM::Worker
1786197 87701848 VLLM::Worker
1786195 87688092 VLLM::Worker
1786194 87342308 VLLM::Worker
1317539 4809260 VLLM::Worker_TP
1317538 4802756 VLLM::Worker_TP
1720303 4301332 ray::WorkerDict
1720305 4159616 ray::WorkerDict
1720306 4140876 ray::WorkerDict
1720304 4109716 ray::WorkerDict
1796798 3003052 ray::AgentLoopW
1796796 2830624 ray::AgentLoopW
1796799 2307200 ray::AgentLoopW
== 2026-09-04T23:50:30+09:00
Mem:            1007         539         469         424         427         467
    PID   RSS COMMAND
1786196 87703584 VLLM::Worker
1786197 87701848 VLLM::Worker
1786195 87688092 VLLM::Worker
1786194 87342308 VLLM::Worker
1317539 4809260 VLLM::Worker_TP
1317538 4802756 VLLM::Worker_TP
1720303 4301332 ray::WorkerDict
1720305 4159616 ray::WorkerDict
1720306 4140876 ray::WorkerDict
1720304 4109716 ray::WorkerDict
1796798 3003052 ray::AgentLoopW
1796796 2830624 ray::AgentLoopW
1796799 2307200 ray::AgentLoopW
== 2026-09-04T23:50:50+09:00
Mem:            1007         539         469         424         427         467
    PID   RSS COMMAND
1786196 87703584 VLLM::Worker
1786197 87701848 VLLM::Worker
1786195 87688092 VLLM::Worker
1786194 87342308 VLLM::Worker
1317539 4809260 VLLM::Worker_TP
1317538 4802756 VLLM::Worker_TP
1720303 4293024 ray::WorkerDict
1720305 4162128 ray::WorkerDict
1720306 4144572 ray::WorkerDict
1720304 4116636 ray::WorkerDict
1796798 3003052 ray::AgentLoopW
1796796 2830624 ray::AgentLoopW
1796799 2307200 ray::AgentLoopW
== 2026-09-04T23:51:10+09:00
Mem:            1007         539         469         424         427         467
    PID   RSS COMMAND
1786196 87703584 VLLM::Worker
1786197 87701848 VLLM::Worker
1786195 87688092 VLLM::Worker
1786194 87342308 VLLM::Worker
1317539 4809260 VLLM::Worker_TP
1317538 4802756 VLLM::Worker_TP
1720303 4293024 ray::WorkerDict
1720305 4162128 ray::WorkerDict
1720306 4145340 ray::WorkerDict
1720304 4116636 ray::WorkerDict
1796798 3003052 ray::AgentLoopW
1796796 2830624 ray::AgentLoopW
1796799 2307200 ray::AgentLoopW
== 2026-09-04T23:51:30+09:00
Mem:            1007         539         469         424         427         467
    PID   RSS COMMAND
1786196 87703584 VLLM::Worker
1786197 87701848 VLLM::Worker
1786195 87688092 VLLM::Worker
1786194 87342308 VLLM::Worker
1317539 4809260 VLLM::Worker_TP
1317538 4802756 VLLM::Worker_TP
1720303 4293024 ray::WorkerDict
1720305 4162128 ray::WorkerDict
1720306 4145340 ray::WorkerDict
1720304 4116636 ray::WorkerDict
1796798 3003052 ray::AgentLoopW
1796796 2830624 ray::AgentLoopW
1796799 2307200 ray::AgentLoopW
== 2026-09-04T23:51:50+09:00
Mem:            1007         539         469         424         427         467
    PID   RSS COMMAND
1786196 87703584 VLLM::Worker
1786197 87701848 VLLM::Worker
1786195 87688092 VLLM::Worker
1786194 87342308 VLLM::Worker
1317539 4809260 VLLM::Worker_TP
1317538 4802756 VLLM::Worker_TP
1720303 4293024 ray::WorkerDict
1720305 4162128 ray::WorkerDict
1720306 4145340 ray::WorkerDict
1720304 4116636 ray::WorkerDict
1796798 3003052 ray::AgentLoopW
1796796 2830624 ray::AgentLoopW
1796799 2307200 ray::AgentLoopW
== 2026-09-04T23:52:10+09:00
Mem:            1007         539         469         424         427         467
    PID   RSS COMMAND
1786196 87703584 VLLM::Worker
1786197 87701848 VLLM::Worker
1786195 87688092 VLLM::Worker
1786194 87342308 VLLM::Worker
1317539 4809260 VLLM::Worker_TP
1317538 4802756 VLLM::Worker_TP
1720303 4293024 ray::WorkerDict
1720305 4162128 ray::WorkerDict
1720306 4146108 ray::WorkerDict
1720304 4116636 ray::WorkerDict
1796798 3003052 ray::AgentLoopW
1796796 2830624 ray::AgentLoopW
1796799 2307200 ray::AgentLoopW
== 2026-09-04T23:52:30+09:00
Mem:            1007         539         469         424         427         467
    PID   RSS COMMAND
1786196 87703584 VLLM::Worker
1786197 87701848 VLLM::Worker
1786195 87688092 VLLM::Worker
1786194 87342308 VLLM::Worker
1317539 4809260 VLLM::Worker_TP
1317538 4802756 VLLM::Worker_TP
1720303 4293024 ray::WorkerDict
1720305 4162128 ray::WorkerDict
1720306 4146108 ray::WorkerDict
1720304 4116636 ray::WorkerDict
1796798 3003052 ray::AgentLoopW
1796796 2830624 ray::AgentLoopW
1796799 2307200 ray::AgentLoopW
== 2026-09-04T23:52:50+09:00
Mem:            1007         539         469         424         427         467
    PID   RSS COMMAND
1786196 87703584 VLLM::Worker
1786197 87701848 VLLM::Worker
1786195 87688092 VLLM::Worker
1786194 87342308 VLLM::Worker
1317539 4809260 VLLM::Worker_TP
1317538 4802756 VLLM::Worker_TP
1720303 4293024 ray::WorkerDict
1720305 4162128 ray::WorkerDict
1720306 4146108 ray::WorkerDict
1720304 4116636 ray::WorkerDict
1796798 3003052 ray::AgentLoopW
1796796 2830624 ray::AgentLoopW
1796799 2307200 ray::AgentLoopW
== 2026-09-04T23:53:10+09:00
Mem:            1007         539         469         424         427         467
    PID   RSS COMMAND
1786196 87703584 VLLM::Worker
1786197 87701848 VLLM::Worker
1786195 87688092 VLLM::Worker
1786194 87342308 VLLM::Worker
1317539 4809260 VLLM::Worker_TP
1317538 4802756 VLLM::Worker_TP
1720303 4293024 ray::WorkerDict
1720305 4162128 ray::WorkerDict
1720306 4146108 ray::WorkerDict
1720304 4116636 ray::WorkerDict
1796798 3003052 ray::AgentLoopW
1796796 2830624 ray::AgentLoopW
1796799 2307200 ray::AgentLoopW
== 2026-09-04T23:53:30+09:00
Mem:            1007         539         469         424         427         467
    PID   RSS COMMAND
1786196 87703584 VLLM::Worker
1786197 87701848 VLLM::Worker
1786195 87688092 VLLM::Worker
1786194 87342308 VLLM::Worker
1317539 4809260 VLLM::Worker_TP
1317538 4802756 VLLM::Worker_TP
1720303 4293792 ray::WorkerDict
1720305 4164432 ray::WorkerDict
1720306 4147644 ray::WorkerDict
1720304 4118172 ray::WorkerDict
1796798 3003052 ray::AgentLoopW
1796796 2830624 ray::AgentLoopW
1796799 2307200 ray::AgentLoopW
== 2026-09-04T23:53:50+09:00
Mem:            1007         539         469         424         427         467
    PID   RSS COMMAND
1786196 87703584 VLLM::Worker
1786197 87701848 VLLM::Worker
1786195 87688092 VLLM::Worker
1786194 87342308 VLLM::Worker
1317539 4809260 VLLM::Worker_TP
1317538 4802756 VLLM::Worker_TP
1720303 4259448 ray::WorkerDict
1720305 4165968 ray::WorkerDict
1720306 4148412 ray::WorkerDict
1720304 4118940 ray::WorkerDict
1796798 3003052 ray::AgentLoopW
1796796 2830624 ray::AgentLoopW
1796799 2307200 ray::AgentLoopW
== 2026-09-04T23:54:10+09:00
Mem:            1007         660         348         424         427         346
    PID   RSS COMMAND
1786196 87703584 VLLM::Worker
1786197 87701848 VLLM::Worker
1786195 87688092 VLLM::Worker
1786194 87342308 VLLM::Worker
1720303 35901084 ray::WorkerDict
1720305 35763356 ray::WorkerDict
1720304 35759604 ray::WorkerDict
1720306 35743312 ray::WorkerDict
1317539 4809260 VLLM::Worker_TP
1317538 4802756 VLLM::Worker_TP
1796798 3003052 ray::AgentLoopW
1796796 2830624 ray::AgentLoopW
1796799 2307200 ray::AgentLoopW
== 2026-09-04T23:54:30+09:00
Mem:            1007         770         239         424         427         237
    PID   RSS COMMAND
1786196 87703584 VLLM::Worker
1786197 87701848 VLLM::Worker
1786195 87688092 VLLM::Worker
1786194 87342308 VLLM::Worker
1720305 64585424 ray::WorkerDict
1720306 64568068 ray::WorkerDict
1720303 64482676 ray::WorkerDict
1720304 64090396 ray::WorkerDict
1317539 4809260 VLLM::Worker_TP
1317538 4802756 VLLM::Worker_TP
1796798 3003052 ray::AgentLoopW
1796796 2830624 ray::AgentLoopW
1796799 2307200 ray::AgentLoopW
== 2026-09-04T23:54:50+09:00
Mem:            1007         768         240         424         427         238
    PID   RSS COMMAND
1786196 87703584 VLLM::Worker
1786197 87701848 VLLM::Worker
1786195 87688092 VLLM::Worker
1786194 87342308 VLLM::Worker
1720304 64385640 ray::WorkerDict
1720305 64117276 ray::WorkerDict
1720303 64056752 ray::WorkerDict
1720306 63837700 ray::WorkerDict
1317539 4809260 VLLM::Worker_TP
1317538 4802756 VLLM::Worker_TP
1796798 3003052 ray::AgentLoopW
1796796 2830624 ray::AgentLoopW
1796799 2307200 ray::AgentLoopW
== 2026-09-04T23:55:10+09:00
Mem:            1007         767         241         424         427         239
    PID   RSS COMMAND
1786196 87703584 VLLM::Worker
1786197 87701848 VLLM::Worker
1786195 87688092 VLLM::Worker
1786194 87342308 VLLM::Worker
1720303 63989208 ray::WorkerDict
1720304 63946796 ray::WorkerDict
1720305 63845844 ray::WorkerDict
1720306 63780868 ray::WorkerDict
1317539 4809260 VLLM::Worker_TP
1317538 4802756 VLLM::Worker_TP
1796798 3003052 ray::AgentLoopW
1796796 2830624 ray::AgentLoopW
1796799 2307200 ray::AgentLoopW
== 2026-09-04T23:55:30+09:00
Mem:            1007         768         241         424         427         239
    PID   RSS COMMAND
1786196 87707424 VLLM::Worker
1786197 87705688 VLLM::Worker
1786195 87698844 VLLM::Worker
1786194 87343844 VLLM::Worker
1720303 63989208 ray::WorkerDict
1720305 63796692 ray::WorkerDict
1720306 63780868 ray::WorkerDict
1720304 63750944 ray::WorkerDict
1317539 4809260 VLLM::Worker_TP
1317538 4802756 VLLM::Worker_TP
1796798 3003820 ray::AgentLoopW
1796796 2832160 ray::AgentLoopW
1796795 2415272 ray::AgentLoopW
== 2026-09-04T23:55:51+09:00
Mem:            1007         767         242         424         426         240
    PID   RSS COMMAND
1786196 87695904 VLLM::Worker
1786197 87694168 VLLM::Worker
1786195 87687324 VLLM::Worker
1786194 87337700 VLLM::Worker
1720303 63966936 ray::WorkerDict
1720305 63777492 ray::WorkerDict
1720306 63763972 ray::WorkerDict
1720304 63730208 ray::WorkerDict
1317539 4808492 VLLM::Worker_TP
1317538 4798916 VLLM::Worker_TP
1796798 2991532 ray::AgentLoopW
1796796 2819872 ray::AgentLoopW
1796795 2407592 ray::AgentLoopW
== 2026-09-04T23:56:11+09:00
Mem:            1007         767         241         424         426         239
    PID   RSS COMMAND
1786196 87698976 VLLM::Worker
1786197 87694168 VLLM::Worker
1786195 87687324 VLLM::Worker
1786194 87338468 VLLM::Worker
1720303 63967704 ray::WorkerDict
1720305 63778260 ray::WorkerDict
1720306 63763972 ray::WorkerDict
1720304 63730208 ray::WorkerDict
1317539 4806956 VLLM::Worker_TP
1317538 4798916 VLLM::Worker_TP
1796798 2995468 ray::AgentLoopW
1796796 2821408 ray::AgentLoopW
1796795 2408360 ray::AgentLoopW
== 2026-09-04T23:56:31+09:00
Mem:            1007         768         240         424         427         239
    PID   RSS COMMAND
1786196 87702048 VLLM::Worker
1786197 87699544 VLLM::Worker
1786195 87695772 VLLM::Worker
1786194 87343844 VLLM::Worker
1720303 63968472 ray::WorkerDict
1720305 63778260 ray::WorkerDict
1720306 63765508 ray::WorkerDict
1720304 63728672 ray::WorkerDict
1317539 4806956 VLLM::Worker_TP
1317538 4801220 VLLM::Worker_TP
1796798 3001612 ray::AgentLoopW
1796796 2826784 ray::AgentLoopW
1796795 2419112 ray::AgentLoopW
== 2026-09-04T23:56:51+09:00
Mem:            1007         768         240         424         427         239
    PID   RSS COMMAND
1786196 87700032 VLLM::Worker
1786197 87699544 VLLM::Worker
1786195 87693276 VLLM::Worker
1786194 87340820 VLLM::Worker
1720303 63969240 ray::WorkerDict
1720305 63779796 ray::WorkerDict
1720306 63766276 ray::WorkerDict
1720304 63728672 ray::WorkerDict
1317539 4806956 VLLM::Worker_TP
1317538 4801220 VLLM::Worker_TP
1796798 3001612 ray::AgentLoopW
1796796 2826784 ray::AgentLoopW
1796795 2416340 ray::AgentLoopW
== 2026-09-04T23:57:11+09:00
Mem:            1007         768         240         424         427         238
    PID   RSS COMMAND
1786196 87700032 VLLM::Worker
1786197 87699544 VLLM::Worker
1786195 87689180 VLLM::Worker
1786194 87339812 VLLM::Worker
1720303 63969240 ray::WorkerDict
1720305 63779796 ray::WorkerDict
1720306 63766276 ray::WorkerDict
1720304 63728672 ray::WorkerDict
1317539 4806956 VLLM::Worker_TP
1317538 4801220 VLLM::Worker_TP
1796798 3001612 ray::AgentLoopW
1796796 2826784 ray::AgentLoopW
1796795 2414324 ray::AgentLoopW
== 2026-09-04T23:57:31+09:00
Mem:            1007         768         240         424         427         239
    PID   RSS COMMAND
1786196 87700032 VLLM::Worker
1786197 87699544 VLLM::Worker
1786195 87689180 VLLM::Worker
1786194 87339572 VLLM::Worker
1720303 63969240 ray::WorkerDict
1720305 63779796 ray::WorkerDict
1720306 63766276 ray::WorkerDict
1720304 63728672 ray::WorkerDict
1317539 4817708 VLLM::Worker_TP
1317538 4812740 VLLM::Worker_TP
1796798 3001612 ray::AgentLoopW
1796796 2826784 ray::AgentLoopW
1796795 2414324 ray::AgentLoopW
== 2026-09-04T23:57:51+09:00
Mem:            1007         768         240         424         427         239
    PID   RSS COMMAND
1786196 87700032 VLLM::Worker
1786197 87699544 VLLM::Worker
1786195 87689180 VLLM::Worker
1786194 87339572 VLLM::Worker
1720303 63969240 ray::WorkerDict
1720305 63779796 ray::WorkerDict
1720306 63766276 ray::WorkerDict
1720304 63728672 ray::WorkerDict
1317539 4817708 VLLM::Worker_TP
1317538 4812740 VLLM::Worker_TP
1796798 3001612 ray::AgentLoopW
1796796 2826784 ray::AgentLoopW
1796795 2414324 ray::AgentLoopW
== 2026-09-04T23:58:11+09:00
Mem:            1007         768         240         424         427         239
    PID   RSS COMMAND
1786196 87700032 VLLM::Worker
1786197 87699544 VLLM::Worker
1786195 87689180 VLLM::Worker
1786194 87339572 VLLM::Worker
1720303 63969240 ray::WorkerDict
1720305 63779796 ray::WorkerDict
1720306 63766276 ray::WorkerDict
1720304 63728672 ray::WorkerDict
1317539 4817708 VLLM::Worker_TP
1317538 4813508 VLLM::Worker_TP
1796798 3001612 ray::AgentLoopW
1796796 2826784 ray::AgentLoopW
1796795 2414324 ray::AgentLoopW
== 2026-09-04T23:58:31+09:00
Mem:            1007         768         241         424         427         239
    PID   RSS COMMAND
1786197 87699544 VLLM::Worker
1786196 87699036 VLLM::Worker
1786195 87689180 VLLM::Worker
1786194 87339572 VLLM::Worker
1720303 63969240 ray::WorkerDict
1720305 63779796 ray::WorkerDict
1720306 63766276 ray::WorkerDict
1720304 63728672 ray::WorkerDict
1317539 4817708 VLLM::Worker_TP
1317538 4815812 VLLM::Worker_TP
1796798 3001612 ray::AgentLoopW
1796796 2826784 ray::AgentLoopW
1796795 2414324 ray::AgentLoopW
== 2026-09-04T23:58:51+09:00
Mem:            1007         768         241         424         427         239
    PID   RSS COMMAND
1786197 87699544 VLLM::Worker
1786196 87699036 VLLM::Worker
1786195 87689180 VLLM::Worker
1786194 87339572 VLLM::Worker
1720303 63969240 ray::WorkerDict
1720305 63779796 ray::WorkerDict
1720306 63766276 ray::WorkerDict
1720304 63728672 ray::WorkerDict
1317539 4817708 VLLM::Worker_TP
1317538 4815812 VLLM::Worker_TP
1796798 3001612 ray::AgentLoopW
1796796 2826784 ray::AgentLoopW
1796795 2414324 ray::AgentLoopW
== 2026-09-04T23:59:11+09:00
Mem:            1007         768         241         424         427         239
    PID   RSS COMMAND
1786196 87698800 VLLM::Worker
1786197 87698540 VLLM::Worker
1786195 87689180 VLLM::Worker
1786194 87339572 VLLM::Worker
1720303 63969240 ray::WorkerDict
1720305 63779796 ray::WorkerDict
1720306 63766276 ray::WorkerDict
1720304 63728672 ray::WorkerDict
1317539 4818476 VLLM::Worker_TP
1317538 4815812 VLLM::Worker_TP
1796798 3001612 ray::AgentLoopW
1796796 2826784 ray::AgentLoopW
1796795 2414324 ray::AgentLoopW
== 2026-09-04T23:59:31+09:00
Mem:            1007         540         468         424         427         467
    PID   RSS COMMAND
1786197 87699308 VLLM::Worker
1786196 87698800 VLLM::Worker
1786195 87689180 VLLM::Worker
1786194 87339572 VLLM::Worker
1317539 4818476 VLLM::Worker_TP
1317538 4815812 VLLM::Worker_TP
1720303 4310032 ray::WorkerDict
1720305 4166428 ray::WorkerDict
1720306 4147468 ray::WorkerDict
1720304 4110876 ray::WorkerDict
1796798 3001612 ray::AgentLoopW
1796796 2826784 ray::AgentLoopW
1796795 2414324 ray::AgentLoopW
== 2026-09-04T23:59:51+09:00
Mem:            1007         540         468         424         427         467
    PID   RSS COMMAND
1786197 87699308 VLLM::Worker
1786196 87698800 VLLM::Worker
1786195 87689180 VLLM::Worker
1786194 87339572 VLLM::Worker
1317539 4818476 VLLM::Worker_TP
1317538 4815812 VLLM::Worker_TP
1720303 4310032 ray::WorkerDict
1720305 4166428 ray::WorkerDict
1720306 4147468 ray::WorkerDict
1720304 4110876 ray::WorkerDict
1796798 3001612 ray::AgentLoopW
1796796 2826784 ray::AgentLoopW
1796795 2414324 ray::AgentLoopW
== 2026-09-05T00:00:11+09:00
Mem:            1007         540         468         424         427         467
    PID   RSS COMMAND
1786197 87703148 VLLM::Worker
1786196 87701872 VLLM::Worker
1786195 87691484 VLLM::Worker
1786194 87341876 VLLM::Worker
1317539 4818476 VLLM::Worker_TP
1317538 4815812 VLLM::Worker_TP
1720303 4310032 ray::WorkerDict
1720305 4166428 ray::WorkerDict
1720306 4147468 ray::WorkerDict
1720304 4110876 ray::WorkerDict
1796798 3001612 ray::AgentLoopW
1796796 2826784 ray::AgentLoopW
1796795 2414324 ray::AgentLoopW
== 2026-09-05T00:00:31+09:00
Mem:            1007         540         468         424         427         467
    PID   RSS COMMAND
1786197 87703148 VLLM::Worker
1786196 87701872 VLLM::Worker
1786195 87691484 VLLM::Worker
1786194 87341876 VLLM::Worker
1317539 4818476 VLLM::Worker_TP
1317538 4815812 VLLM::Worker_TP
1720303 4310032 ray::WorkerDict
1720305 4166428 ray::WorkerDict
1720306 4147468 ray::WorkerDict
1720304 4110876 ray::WorkerDict
1796798 3001612 ray::AgentLoopW
1796796 2826784 ray::AgentLoopW
1796795 2414324 ray::AgentLoopW
== 2026-09-05T00:00:51+09:00
Mem:            1007         540         468         424         427         467
    PID   RSS COMMAND
1786197 87703148 VLLM::Worker
1786196 87701872 VLLM::Worker
1786195 87691484 VLLM::Worker
1786194 87341876 VLLM::Worker
1317539 4818476 VLLM::Worker_TP
1317538 4815812 VLLM::Worker_TP
1720303 4310032 ray::WorkerDict
1720306 4147468 ray::WorkerDict
1720305 4111740 ray::WorkerDict
1720304 4110876 ray::WorkerDict
1796798 3001612 ray::AgentLoopW
1796796 2826784 ray::AgentLoopW
1796795 2414324 ray::AgentLoopW
== 2026-09-05T00:01:11+09:00
Mem:            1007         540         468         424         427         467
    PID   RSS COMMAND
1786197 87703148 VLLM::Worker
1786196 87701872 VLLM::Worker
1786195 87691484 VLLM::Worker
1786194 87341876 VLLM::Worker
1317539 4818476 VLLM::Worker_TP
1317538 4816580 VLLM::Worker_TP
1720303 4313344 ray::WorkerDict
1720305 4168304 ray::WorkerDict
1720306 4151648 ray::WorkerDict
1720304 4115380 ray::WorkerDict
1796798 3001612 ray::AgentLoopW
1796796 2826784 ray::AgentLoopW
1796795 2414324 ray::AgentLoopW
== 2026-09-05T00:01:31+09:00
Mem:            1007         540         468         424         427         467
    PID   RSS COMMAND
1786197 87703148 VLLM::Worker
1786196 87701872 VLLM::Worker
1786195 87691484 VLLM::Worker
1786194 87341876 VLLM::Worker
1317539 4818476 VLLM::Worker_TP
1317538 4816580 VLLM::Worker_TP
1720303 4313344 ray::WorkerDict
1720305 4168304 ray::WorkerDict
1720306 4151648 ray::WorkerDict
1720304 4115380 ray::WorkerDict
1796798 3001612 ray::AgentLoopW
1796796 2826784 ray::AgentLoopW
1796795 2414324 ray::AgentLoopW
== 2026-09-05T00:01:51+09:00
Mem:            1007         540         468         424         427         467
    PID   RSS COMMAND
1786197 87703148 VLLM::Worker
1786196 87701872 VLLM::Worker
1786195 87691484 VLLM::Worker
1786194 87341876 VLLM::Worker
1317539 4818476 VLLM::Worker_TP
1317538 4816580 VLLM::Worker_TP
1720303 4313344 ray::WorkerDict
1720305 4168304 ray::WorkerDict
1720306 4151648 ray::WorkerDict
1720304 4115380 ray::WorkerDict
1796798 3001612 ray::AgentLoopW
1796796 2826784 ray::AgentLoopW
1796795 2414324 ray::AgentLoopW
== 2026-09-05T00:02:11+09:00
Mem:            1007         540         468         424         427         467
    PID   RSS COMMAND
1786197 87703148 VLLM::Worker
1786196 87701872 VLLM::Worker
1786195 87691484 VLLM::Worker
1786194 87341876 VLLM::Worker
1317539 4818476 VLLM::Worker_TP
1317538 4816580 VLLM::Worker_TP
1720303 4313344 ray::WorkerDict
1720305 4168304 ray::WorkerDict
1720306 4151648 ray::WorkerDict
1720304 4115380 ray::WorkerDict
1796798 3001612 ray::AgentLoopW
1796796 2826784 ray::AgentLoopW
1796795 2414324 ray::AgentLoopW
== 2026-09-05T00:02:31+09:00
Mem:            1007         540         468         424         427         467
    PID   RSS COMMAND
1786197 87703148 VLLM::Worker
1786196 87701872 VLLM::Worker
1786195 87691484 VLLM::Worker
1786194 87341876 VLLM::Worker
1317539 4818476 VLLM::Worker_TP
1317538 4816580 VLLM::Worker_TP
1720303 4313344 ray::WorkerDict
1720305 4168304 ray::WorkerDict
1720306 4151648 ray::WorkerDict
1720304 4115380 ray::WorkerDict
1796798 3001612 ray::AgentLoopW
1796796 2826784 ray::AgentLoopW
1796795 2414324 ray::AgentLoopW
== 2026-09-05T00:02:51+09:00
Mem:            1007         540         468         424         427         467
    PID   RSS COMMAND
1786197 87703148 VLLM::Worker
1786196 87701872 VLLM::Worker
1786195 87691484 VLLM::Worker
1786194 87341876 VLLM::Worker
1317539 4818476 VLLM::Worker_TP
1317538 4816580 VLLM::Worker_TP
1720303 4313344 ray::WorkerDict
1720305 4168304 ray::WorkerDict
1720306 4151648 ray::WorkerDict
1720304 4115380 ray::WorkerDict
1796798 3001612 ray::AgentLoopW
1796796 2826784 ray::AgentLoopW
1796795 2414324 ray::AgentLoopW
== 2026-09-05T00:03:11+09:00
Mem:            1007         540         468         424         427         466
    PID   RSS COMMAND
1786197 87703148 VLLM::Worker
1786196 87701872 VLLM::Worker
1786195 87691484 VLLM::Worker
1786194 87341876 VLLM::Worker
1317539 4818476 VLLM::Worker_TP
1317538 4816580 VLLM::Worker_TP
1720303 4313344 ray::WorkerDict
1720305 4168304 ray::WorkerDict
1720306 4151648 ray::WorkerDict
1720304 4115380 ray::WorkerDict
1796798 3001612 ray::AgentLoopW
1796796 2826784 ray::AgentLoopW
1796795 2414324 ray::AgentLoopW
== 2026-09-05T00:03:31+09:00
Mem:            1007         540         468         424         427         466
    PID   RSS COMMAND
1786197 87703148 VLLM::Worker
1786196 87701872 VLLM::Worker
1786195 87691484 VLLM::Worker
1786194 87341876 VLLM::Worker
1317539 4818476 VLLM::Worker_TP
1317538 4816580 VLLM::Worker_TP
1720303 4313344 ray::WorkerDict
1720305 4168304 ray::WorkerDict
1720306 4151648 ray::WorkerDict
1720304 4115380 ray::WorkerDict
1796798 3001612 ray::AgentLoopW
1796796 2826784 ray::AgentLoopW
1796795 2414324 ray::AgentLoopW
== 2026-09-05T00:03:51+09:00
Mem:            1007         540         468         424         427         466
    PID   RSS COMMAND
1786197 87703148 VLLM::Worker
1786196 87701872 VLLM::Worker
1786195 87691484 VLLM::Worker
1786194 87341876 VLLM::Worker
1317539 4818476 VLLM::Worker_TP
1317538 4816580 VLLM::Worker_TP
1720303 4313344 ray::WorkerDict
1720305 4168304 ray::WorkerDict
1720306 4151648 ray::WorkerDict
1720304 4115380 ray::WorkerDict
1796798 3001612 ray::AgentLoopW
1796796 2826784 ray::AgentLoopW
1796795 2414324 ray::AgentLoopW
== 2026-09-05T00:04:11+09:00
Mem:            1007         540         468         424         427         467
    PID   RSS COMMAND
1786197 87703148 VLLM::Worker
1786196 87701872 VLLM::Worker
1786195 87691484 VLLM::Worker
1786194 87341876 VLLM::Worker
1317539 4818476 VLLM::Worker_TP
1317538 4816580 VLLM::Worker_TP
1720303 4313344 ray::WorkerDict
1720305 4168304 ray::WorkerDict
1720306 4151648 ray::WorkerDict
1720304 4115380 ray::WorkerDict
1796798 3001612 ray::AgentLoopW
1796796 2826784 ray::AgentLoopW
1796795 2414324 ray::AgentLoopW
== 2026-09-05T00:04:31+09:00
Mem:            1007         540         468         424         427         467
    PID   RSS COMMAND
1786197 87703148 VLLM::Worker
1786196 87701872 VLLM::Worker
1786195 87691484 VLLM::Worker
1786194 87341876 VLLM::Worker
1317539 4818476 VLLM::Worker_TP
1317538 4816580 VLLM::Worker_TP
1720303 4313344 ray::WorkerDict
1720305 4168304 ray::WorkerDict
1720306 4151648 ray::WorkerDict
1720304 4115380 ray::WorkerDict
1796798 3001612 ray::AgentLoopW
1796796 2826784 ray::AgentLoopW
1796795 2414324 ray::AgentLoopW
== 2026-09-05T00:04:51+09:00
Mem:            1007         540         468         424         427         467
    PID   RSS COMMAND
1786197 87703148 VLLM::Worker
1786196 87701872 VLLM::Worker
1786195 87691484 VLLM::Worker
1786194 87341876 VLLM::Worker
1317539 4818476 VLLM::Worker_TP
1317538 4816580 VLLM::Worker_TP
1720303 4313344 ray::WorkerDict
1720305 4168304 ray::WorkerDict
1720306 4151648 ray::WorkerDict
1720304 4115380 ray::WorkerDict
1796798 3001612 ray::AgentLoopW
1796796 2826784 ray::AgentLoopW
1796795 2414324 ray::AgentLoopW
== 2026-09-05T00:05:12+09:00
Mem:            1007         483         525         367         370         523
    PID   RSS COMMAND
1786197 87703148 VLLM::Worker
1786196 87701872 VLLM::Worker
1786195 87691484 VLLM::Worker
1786194 87341876 VLLM::Worker
1317539 4818476 VLLM::Worker_TP
1317538 4816580 VLLM::Worker_TP
1720303 4313344 ray::WorkerDict
1720305 4168304 ray::WorkerDict
1720306 4151648 ray::WorkerDict
1720304 4115380 ray::WorkerDict
1796798 3001612 ray::AgentLoopW
1796796 2826784 ray::AgentLoopW
1796795 2414324 ray::AgentLoopW
== 2026-09-05T00:05:32+09:00
Mem:            1007         483         525         367         370         523
    PID   RSS COMMAND
1786197 87703148 VLLM::Worker
1786196 87701872 VLLM::Worker
1786195 87691484 VLLM::Worker
1786194 87341876 VLLM::Worker
1317539 4818476 VLLM::Worker_TP
1317538 4816580 VLLM::Worker_TP
1720303 4313344 ray::WorkerDict
1720305 4168304 ray::WorkerDict
1720306 4151648 ray::WorkerDict
1720304 4115380 ray::WorkerDict
1796798 3001612 ray::AgentLoopW
1796796 2826784 ray::AgentLoopW
1796795 2414324 ray::AgentLoopW
== 2026-09-05T00:05:52+09:00
Mem:            1007         483         525         367         370         523
    PID   RSS COMMAND
1786197 87703148 VLLM::Worker
1786196 87701872 VLLM::Worker
1786195 87691484 VLLM::Worker
1786194 87341876 VLLM::Worker
1317539 4818476 VLLM::Worker_TP
1317538 4816580 VLLM::Worker_TP
1720303 4313344 ray::WorkerDict
1720305 4168304 ray::WorkerDict
1720306 4151648 ray::WorkerDict
1720304 4115380 ray::WorkerDict
1796798 3001612 ray::AgentLoopW
1796796 2826784 ray::AgentLoopW
1796795 2414324 ray::AgentLoopW
== 2026-09-05T00:06:12+09:00
Mem:            1007         483         525         367         370         523
    PID   RSS COMMAND
1786197 87703148 VLLM::Worker
1786196 87701872 VLLM::Worker
1786195 87691484 VLLM::Worker
1786194 87341876 VLLM::Worker
1317539 4818476 VLLM::Worker_TP
1317538 4816580 VLLM::Worker_TP
1720303 4313344 ray::WorkerDict
1720305 4170608 ray::WorkerDict
1720306 4152416 ray::WorkerDict
1720304 4116916 ray::WorkerDict
1796798 3001612 ray::AgentLoopW
1796796 2826784 ray::AgentLoopW
1796795 2414324 ray::AgentLoopW
== 2026-09-05T00:06:32+09:00
Mem:            1007         483         525         367         370         523
    PID   RSS COMMAND
1786197 87703148 VLLM::Worker
1786196 87701872 VLLM::Worker
1786195 87691484 VLLM::Worker
1786194 87341876 VLLM::Worker
1317539 4818476 VLLM::Worker_TP
1317538 4816580 VLLM::Worker_TP
1720303 4313344 ray::WorkerDict
1720305 4170608 ray::WorkerDict
1720306 4152416 ray::WorkerDict
1720304 4116916 ray::WorkerDict
1796798 3001612 ray::AgentLoopW
1796796 2826784 ray::AgentLoopW
1796795 2414324 ray::AgentLoopW
== 2026-09-05T00:06:52+09:00
Mem:            1007         483         525         367         370         523
    PID   RSS COMMAND
1786197 87703148 VLLM::Worker
1786196 87701872 VLLM::Worker
1786195 87691484 VLLM::Worker
1786194 87341876 VLLM::Worker
1317539 4818476 VLLM::Worker_TP
1317538 4816580 VLLM::Worker_TP
1720303 4313344 ray::WorkerDict
1720305 4170608 ray::WorkerDict
1720306 4152416 ray::WorkerDict
1720304 4116916 ray::WorkerDict
1796798 3001612 ray::AgentLoopW
1796796 2826784 ray::AgentLoopW
1796795 2414324 ray::AgentLoopW
== 2026-09-05T00:07:12+09:00
Mem:            1007         483         525         367         370         524
    PID   RSS COMMAND
1786197 87703148 VLLM::Worker
1786196 87701872 VLLM::Worker
1786195 87691484 VLLM::Worker
1786194 87341876 VLLM::Worker
1317539 4818476 VLLM::Worker_TP
1317538 4816580 VLLM::Worker_TP
1720303 4315648 ray::WorkerDict
1720306 4153184 ray::WorkerDict
1720305 4118072 ray::WorkerDict
1720304 4117684 ray::WorkerDict
1796798 3001612 ray::AgentLoopW
1796796 2826784 ray::AgentLoopW
1796795 2414324 ray::AgentLoopW
== 2026-09-05T00:07:32+09:00
Mem:            1007         598         410         367         370         409
    PID   RSS COMMAND
1786197 87703148 VLLM::Worker
1786196 87701872 VLLM::Worker
1786195 87691484 VLLM::Worker
1786194 87341876 VLLM::Worker
1720303 34737820 ray::WorkerDict
1720304 34539256 ray::WorkerDict
1720306 34159696 ray::WorkerDict
1720305 34123232 ray::WorkerDict
1317539 4818476 VLLM::Worker_TP
1317538 4816580 VLLM::Worker_TP
1796798 3001612 ray::AgentLoopW
1796796 2826784 ray::AgentLoopW
1796795 2414324 ray::AgentLoopW
== 2026-09-05T00:07:52+09:00
Mem:            1007         713         295         367         370         293
    PID   RSS COMMAND
1786196 87691120 VLLM::Worker
1786197 87690092 VLLM::Worker
1786195 87679196 VLLM::Worker
1786194 87330356 VLLM::Worker
1720303 64712828 ray::WorkerDict
1720306 64552528 ray::WorkerDict
1720304 64515400 ray::WorkerDict
1720305 64515296 ray::WorkerDict
1317539 4818476 VLLM::Worker_TP
1317538 4816580 VLLM::Worker_TP
1796798 2991628 ray::AgentLoopW
1796796 2818336 ray::AgentLoopW
1796795 2405108 ray::AgentLoopW
== 2026-09-05T00:08:12+09:00
Mem:            1007         711         297         367         370         295
    PID   RSS COMMAND
1786196 87691120 VLLM::Worker
1786197 87690092 VLLM::Worker
1786195 87679964 VLLM::Worker
1786194 87329588 VLLM::Worker
1720306 64269900 ray::WorkerDict
1720303 64240160 ray::WorkerDict
1720304 63983176 ray::WorkerDict
1720305 63968888 ray::WorkerDict
1317539 4818476 VLLM::Worker_TP
1317538 4816580 VLLM::Worker_TP
1796798 2991628 ray::AgentLoopW
1796796 2819104 ray::AgentLoopW
1796795 2405108 ray::AgentLoopW
== 2026-09-05T00:08:32+09:00
Mem:            1007         711         298         367         370         296
    PID   RSS COMMAND
1786196 87691120 VLLM::Worker
1786197 87690860 VLLM::Worker
1786195 87679964 VLLM::Worker
1786194 87329588 VLLM::Worker
1720303 64079364 ray::WorkerDict
1720304 63900504 ray::WorkerDict
1720306 63770700 ray::WorkerDict
1720305 63752132 ray::WorkerDict
1317539 4818476 VLLM::Worker_TP
1317538 4816580 VLLM::Worker_TP
1796798 2991628 ray::AgentLoopW
1796796 2819104 ray::AgentLoopW
1796795 2405108 ray::AgentLoopW
== 2026-09-05T00:08:52+09:00
Mem:            1007         710         298         367         370         296
    PID   RSS COMMAND
1786196 87701872 VLLM::Worker
1786197 87699308 VLLM::Worker
1786195 87689180 VLLM::Worker
1786194 87338804 VLLM::Worker
1720303 64082436 ray::WorkerDict
1720306 63773004 ray::WorkerDict
1720305 63739588 ray::WorkerDict
1720304 63738188 ray::WorkerDict
1317539 4818476 VLLM::Worker_TP
1317538 4816580 VLLM::Worker_TP
1796798 2971096 ray::AgentLoopW
1796796 2826784 ray::AgentLoopW
1796795 2412788 ray::AgentLoopW
== 2026-09-05T00:09:12+09:00
Mem:            1007         711         297         367         370         295
    PID   RSS COMMAND
1786196 87701872 VLLM::Worker
1786197 87699308 VLLM::Worker
1786195 87689948 VLLM::Worker
1786194 87338804 VLLM::Worker
1720303 64082436 ray::WorkerDict
1720306 63773004 ray::WorkerDict
1720305 63739588 ray::WorkerDict
1720304 63738188 ray::WorkerDict
1317539 4818476 VLLM::Worker_TP
1317538 4816580 VLLM::Worker_TP
1796798 2973400 ray::AgentLoopW
1796796 2829088 ray::AgentLoopW
1796795 2415092 ray::AgentLoopW
== 2026-09-05T00:09:32+09:00
Mem:            1007         712         295         367         372         295
    PID   RSS COMMAND
1786196 87701872 VLLM::Worker
1786197 87699308 VLLM::Worker
1786195 87689948 VLLM::Worker
1786194 87338804 VLLM::Worker
1720303 64082436 ray::WorkerDict
1720306 63773004 ray::WorkerDict
1720305 63739588 ray::WorkerDict
1720304 63738188 ray::WorkerDict
1317539 4818476 VLLM::Worker_TP
1317538 4816580 VLLM::Worker_TP
1796798 2973400 ray::AgentLoopW
1796796 2829088 ray::AgentLoopW
1796795 2415092 ray::AgentLoopW
== 2026-09-05T00:09:52+09:00
Mem:            1007         711         295         367         373         295
    PID   RSS COMMAND
1786196 87701872 VLLM::Worker
1786197 87699308 VLLM::Worker
1786195 87689948 VLLM::Worker
1786194 87337964 VLLM::Worker
1720303 64082436 ray::WorkerDict
1720306 63773004 ray::WorkerDict
1720305 63739588 ray::WorkerDict
1720304 63738188 ray::WorkerDict
1317539 4818476 VLLM::Worker_TP
1317538 4816580 VLLM::Worker_TP
1796798 2973400 ray::AgentLoopW
1796796 2829088 ray::AgentLoopW
1796795 2415092 ray::AgentLoopW
== 2026-09-05T00:10:12+09:00
Mem:            1007         711         295         367         373         295
    PID   RSS COMMAND
1786196 87704176 VLLM::Worker
1786197 87701612 VLLM::Worker
1786195 87692252 VLLM::Worker
1786194 87340268 VLLM::Worker
1720303 64082436 ray::WorkerDict
1720306 63773004 ray::WorkerDict
1720305 63739588 ray::WorkerDict
1720304 63738188 ray::WorkerDict
1317539 4818476 VLLM::Worker_TP
1317538 4816580 VLLM::Worker_TP
1796798 2973400 ray::AgentLoopW
1796796 2829088 ray::AgentLoopW
1796795 2415092 ray::AgentLoopW
== 2026-09-05T00:10:32+09:00
Mem:            1007         711         295         367         373         295
    PID   RSS COMMAND
1786196 87704176 VLLM::Worker
1786197 87701612 VLLM::Worker
1786195 87692252 VLLM::Worker
1786194 87340268 VLLM::Worker
1720303 64082436 ray::WorkerDict
1720306 63773004 ray::WorkerDict
1720305 63739588 ray::WorkerDict
1720304 63738188 ray::WorkerDict
1317539 4818476 VLLM::Worker_TP
1317538 4816580 VLLM::Worker_TP
1796798 2973400 ray::AgentLoopW
1796796 2829088 ray::AgentLoopW
1796795 2415092 ray::AgentLoopW
== 2026-09-05T00:10:52+09:00
Mem:            1007         711         295         367         373         295
    PID   RSS COMMAND
1786196 87704176 VLLM::Worker
1786197 87701612 VLLM::Worker
1786195 87692252 VLLM::Worker
1786194 87340268 VLLM::Worker
1720303 64082436 ray::WorkerDict
1720306 63773004 ray::WorkerDict
1720305 63739588 ray::WorkerDict
1720304 63738188 ray::WorkerDict
1317539 4818476 VLLM::Worker_TP
1317538 4816580 VLLM::Worker_TP
1796798 2973400 ray::AgentLoopW
1796796 2829088 ray::AgentLoopW
1796795 2415092 ray::AgentLoopW
== 2026-09-05T00:11:12+09:00
Mem:            1007         711         295         367         373         295
    PID   RSS COMMAND
1786196 87704176 VLLM::Worker
1786197 87701612 VLLM::Worker
1786195 87692252 VLLM::Worker
1786194 87340268 VLLM::Worker
1720303 64082436 ray::WorkerDict
1720306 63773004 ray::WorkerDict
1720305 63739588 ray::WorkerDict
1720304 63738188 ray::WorkerDict
1317539 4818476 VLLM::Worker_TP
1317538 4816580 VLLM::Worker_TP
1796798 2973400 ray::AgentLoopW
1796796 2829088 ray::AgentLoopW
1796795 2415092 ray::AgentLoopW
== 2026-09-05T00:11:32+09:00
Mem:            1007         711         295         367         373         295
    PID   RSS COMMAND
1786196 87704176 VLLM::Worker
1786197 87701612 VLLM::Worker
1786195 87692252 VLLM::Worker
1786194 87340268 VLLM::Worker
1720303 64082436 ray::WorkerDict
1720306 63773004 ray::WorkerDict
1720305 63739588 ray::WorkerDict
1720304 63738188 ray::WorkerDict
1317539 4818476 VLLM::Worker_TP
1317538 4816580 VLLM::Worker_TP
1796798 2973400 ray::AgentLoopW
1796796 2829088 ray::AgentLoopW
1796795 2415092 ray::AgentLoopW
== 2026-09-05T00:11:52+09:00
Mem:            1007         711         295         367         373         295
    PID   RSS COMMAND
1786196 87704176 VLLM::Worker
1786197 87701612 VLLM::Worker
1786195 87692252 VLLM::Worker
1786194 87340268 VLLM::Worker
1720303 64082436 ray::WorkerDict
1720306 63773004 ray::WorkerDict
1720305 63739588 ray::WorkerDict
1720304 63738188 ray::WorkerDict
1317539 4818476 VLLM::Worker_TP
1317538 4816580 VLLM::Worker_TP
1796798 2973400 ray::AgentLoopW
1796796 2829088 ray::AgentLoopW
1796795 2415092 ray::AgentLoopW
== 2026-09-05T00:12:12+09:00
Mem:            1007         483         523         367         373         523
    PID   RSS COMMAND
1786196 87704176 VLLM::Worker
1786197 87701612 VLLM::Worker
1786195 87692252 VLLM::Worker
1786194 87340268 VLLM::Worker
1317539 4818476 VLLM::Worker_TP
1317538 4816580 VLLM::Worker_TP
1720303 4311960 ray::WorkerDict
1720306 4147460 ray::WorkerDict
1720304 4123276 ray::WorkerDict
1720305 4123264 ray::WorkerDict
1796798 2973400 ray::AgentLoopW
1796796 2829088 ray::AgentLoopW
1796795 2415092 ray::AgentLoopW
== 2026-09-05T00:12:32+09:00
Mem:            1007         483         523         367         373         523
    PID   RSS COMMAND
1786196 87704176 VLLM::Worker
1786197 87701612 VLLM::Worker
1786195 87692252 VLLM::Worker
1786194 87340268 VLLM::Worker
1317539 4818476 VLLM::Worker_TP
1317538 4816580 VLLM::Worker_TP
1720303 4267128 ray::WorkerDict
1720306 4148688 ray::WorkerDict
1720305 4132032 ray::WorkerDict
1720304 4125652 ray::WorkerDict
1796798 2973400 ray::AgentLoopW
1796796 2829088 ray::AgentLoopW
1796795 2415092 ray::AgentLoopW
== 2026-09-05T00:12:52+09:00
Mem:            1007         483         523         367         373         523
    PID   RSS COMMAND
1786196 87704176 VLLM::Worker
1786197 87701612 VLLM::Worker
1786195 87692252 VLLM::Worker
1786194 87340268 VLLM::Worker
1317539 4818476 VLLM::Worker_TP
1317538 4816580 VLLM::Worker_TP
1720303 4269432 ray::WorkerDict
1720306 4150992 ray::WorkerDict
1720305 4133568 ray::WorkerDict
1720304 4127188 ray::WorkerDict
1796798 2973400 ray::AgentLoopW
1796796 2829088 ray::AgentLoopW
1796795 2415092 ray::AgentLoopW
== 2026-09-05T00:13:12+09:00
Mem:            1007         483         523         367         373         523
    PID   RSS COMMAND
1786196 87704176 VLLM::Worker
1786197 87701612 VLLM::Worker
1786195 87692252 VLLM::Worker
1786194 87340268 VLLM::Worker
1317539 4818476 VLLM::Worker_TP
1317538 4816580 VLLM::Worker_TP
1720303 4269432 ray::WorkerDict
1720306 4150992 ray::WorkerDict
1720305 4133568 ray::WorkerDict
1720304 4127188 ray::WorkerDict
1796798 2973400 ray::AgentLoopW
1796796 2829088 ray::AgentLoopW
1796795 2415092 ray::AgentLoopW
== 2026-09-05T00:13:32+09:00
Mem:            1007         483         523         367         373         523
    PID   RSS COMMAND
1786196 87704176 VLLM::Worker
1786197 87701612 VLLM::Worker
1786195 87692252 VLLM::Worker
1786194 87340268 VLLM::Worker
1317539 4818476 VLLM::Worker_TP
1317538 4816580 VLLM::Worker_TP
1720303 4269432 ray::WorkerDict
1720306 4150992 ray::WorkerDict
1720305 4133568 ray::WorkerDict
1720304 4127188 ray::WorkerDict
1796798 2973400 ray::AgentLoopW
1796796 2829088 ray::AgentLoopW
1796795 2415092 ray::AgentLoopW
== 2026-09-05T00:13:52+09:00
Mem:            1007         483         523         367         373         523
    PID   RSS COMMAND
1786196 87704176 VLLM::Worker
1786197 87701612 VLLM::Worker
1786195 87692252 VLLM::Worker
1786194 87340268 VLLM::Worker
1317539 4818476 VLLM::Worker_TP
1317538 4816580 VLLM::Worker_TP
1720303 4269432 ray::WorkerDict
1720306 4150992 ray::WorkerDict
1720305 4133568 ray::WorkerDict
1720304 4127188 ray::WorkerDict
1796798 2973400 ray::AgentLoopW
1796796 2829088 ray::AgentLoopW
1796795 2415092 ray::AgentLoopW
== 2026-09-05T00:14:13+09:00
Mem:            1007         503         503         367         373         504
    PID   RSS COMMAND
1786196 87704176 VLLM::Worker
1786197 87701612 VLLM::Worker
1786195 87692252 VLLM::Worker
1786194 87340268 VLLM::Worker
1720303 9468928 ray::WorkerDict
1720304 9326700 ray::WorkerDict
1720306 9145056 ray::WorkerDict
1720305 9130504 ray::WorkerDict
1317539 4818476 VLLM::Worker_TP
1317538 4816580 VLLM::Worker_TP
1796798 2973400 ray::AgentLoopW
1796796 2829088 ray::AgentLoopW
1796795 2415092 ray::AgentLoopW
== 2026-09-05T00:14:33+09:00
Mem:            1007         636         370         367         373         371
    PID   RSS COMMAND
1786196 87704176 VLLM::Worker
1786197 87701612 VLLM::Worker
1786195 87692252 VLLM::Worker
1786194 87340268 VLLM::Worker
1720303 44420204 ray::WorkerDict
1720304 44277772 ray::WorkerDict
1720306 43977436 ray::WorkerDict
1720305 43967168 ray::WorkerDict
1317539 4818476 VLLM::Worker_TP
1317538 4816580 VLLM::Worker_TP
1796798 2973400 ray::AgentLoopW
1796796 2829088 ray::AgentLoopW
1796795 2415092 ray::AgentLoopW
== 2026-09-05T00:14:53+09:00
Mem:            1007         712         294         367         373         295
    PID   RSS COMMAND
1786196 87704176 VLLM::Worker
1786197 87701612 VLLM::Worker
1786195 87692252 VLLM::Worker
1786194 87340268 VLLM::Worker
1720306 64020768 ray::WorkerDict
1720304 63933008 ray::WorkerDict
1720303 63915264 ray::WorkerDict
1720305 63812284 ray::WorkerDict
1317539 4818476 VLLM::Worker_TP
1317538 4816580 VLLM::Worker_TP
1796798 2973400 ray::AgentLoopW
1796796 2829088 ray::AgentLoopW
1796795 2415092 ray::AgentLoopW
== 2026-09-05T00:15:13+09:00
Mem:            1007         713         293         367         373         293
    PID   RSS COMMAND
1786196 87704176 VLLM::Worker
1786197 87701612 VLLM::Worker
1786195 87692252 VLLM::Worker
1786194 87340268 VLLM::Worker
1720303 64777060 ray::WorkerDict
1720304 64570452 ray::WorkerDict
1720305 64186628 ray::WorkerDict
1720306 64174884 ray::WorkerDict
1317539 4818476 VLLM::Worker_TP
1317538 4816580 VLLM::Worker_TP
1796798 2973400 ray::AgentLoopW
1796796 2829088 ray::AgentLoopW
1796795 2415092 ray::AgentLoopW
== 2026-09-05T00:15:33+09:00
Mem:            1007         711         295         367         373         295
    PID   RSS COMMAND
1786196 87704944 VLLM::Worker
1786197 87701612 VLLM::Worker
1786195 87693020 VLLM::Worker
1786194 87340268 VLLM::Worker
1720303 64023908 ray::WorkerDict
1720304 63817048 ray::WorkerDict
1720305 63783688 ray::WorkerDict
1720306 63781920 ray::WorkerDict
1317539 4818476 VLLM::Worker_TP
1317538 4816580 VLLM::Worker_TP
1796798 2974936 ray::AgentLoopW
1796796 2829088 ray::AgentLoopW
1796795 2431988 ray::AgentLoopW
== 2026-09-05T00:15:53+09:00
Mem:            1007         712         294         367         373         295
    PID   RSS COMMAND
1786196 87704944 VLLM::Worker
1786197 87701612 VLLM::Worker
1786195 87693020 VLLM::Worker
1786194 87340268 VLLM::Worker
1720303 64023908 ray::WorkerDict
1720304 63817048 ray::WorkerDict
1720305 63783688 ray::WorkerDict
1720306 63781920 ray::WorkerDict
1317539 4818476 VLLM::Worker_TP
1317538 4816580 VLLM::Worker_TP
1796798 2974936 ray::AgentLoopW
1796796 2829088 ray::AgentLoopW
1796795 2431988 ray::AgentLoopW
== 2026-09-05T00:16:13+09:00
Mem:            1007         712         293         367         373         295
    PID   RSS COMMAND
1786196 87704944 VLLM::Worker
1786197 87701612 VLLM::Worker
1786195 87693020 VLLM::Worker
1786194 87340268 VLLM::Worker
1720303 64023908 ray::WorkerDict
1720304 63817048 ray::WorkerDict
1720305 63783688 ray::WorkerDict
1720306 63781920 ray::WorkerDict
1317539 4818476 VLLM::Worker_TP
1317538 4816580 VLLM::Worker_TP
1796798 2974936 ray::AgentLoopW
1796796 2829088 ray::AgentLoopW
1796795 2431988 ray::AgentLoopW
== 2026-09-05T00:16:33+09:00
Mem:            1007         712         294         367         373         295
    PID   RSS COMMAND
1786196 87704944 VLLM::Worker
1786197 87701612 VLLM::Worker
1786195 87693020 VLLM::Worker
1786194 87340268 VLLM::Worker
1720303 64023908 ray::WorkerDict
1720304 63817048 ray::WorkerDict
1720305 63783688 ray::WorkerDict
1720306 63781920 ray::WorkerDict
1317539 4818476 VLLM::Worker_TP
1317538 4816580 VLLM::Worker_TP
1796798 2974936 ray::AgentLoopW
1796796 2829088 ray::AgentLoopW
1796795 2431988 ray::AgentLoopW
== 2026-09-05T00:16:53+09:00
Mem:            1007         712         294         367         373         295
    PID   RSS COMMAND
1786196 87704944 VLLM::Worker
1786197 87701612 VLLM::Worker
1786195 87693020 VLLM::Worker
1786194 87340268 VLLM::Worker
1720303 64023908 ray::WorkerDict
1720304 63817048 ray::WorkerDict
1720305 63783688 ray::WorkerDict
1720306 63781920 ray::WorkerDict
1317539 4818476 VLLM::Worker_TP
1317538 4816580 VLLM::Worker_TP
1796798 2974936 ray::AgentLoopW
1796796 2829088 ray::AgentLoopW
1796795 2431988 ray::AgentLoopW
== 2026-09-05T00:17:13+09:00
Mem:            1007         712         294         367         373         295
    PID   RSS COMMAND
1786196 87704944 VLLM::Worker
1786197 87701612 VLLM::Worker
1786195 87693020 VLLM::Worker
1786194 87340268 VLLM::Worker
1720303 64023908 ray::WorkerDict
1720304 63817048 ray::WorkerDict
1720305 63783688 ray::WorkerDict
1720306 63781920 ray::WorkerDict
1317539 4818476 VLLM::Worker_TP
1317538 4816580 VLLM::Worker_TP
1796798 2974936 ray::AgentLoopW
1796796 2829088 ray::AgentLoopW
1796795 2431988 ray::AgentLoopW
== 2026-09-05T00:17:33+09:00
Mem:            1007         712         294         367         373         295
    PID   RSS COMMAND
1786196 87704944 VLLM::Worker
1786197 87701612 VLLM::Worker
1786195 87693020 VLLM::Worker
1786194 87340268 VLLM::Worker
1720303 64023908 ray::WorkerDict
1720304 63817048 ray::WorkerDict
1720305 63783688 ray::WorkerDict
1720306 63781920 ray::WorkerDict
1317539 4818476 VLLM::Worker_TP
1317538 4816580 VLLM::Worker_TP
1796798 2974936 ray::AgentLoopW
1796796 2829088 ray::AgentLoopW
1796795 2431988 ray::AgentLoopW
== 2026-09-05T00:17:53+09:00
Mem:            1007         712         294         367         373         295
    PID   RSS COMMAND
1786196 87704944 VLLM::Worker
1786197 87701612 VLLM::Worker
1786195 87693020 VLLM::Worker
1786194 87340268 VLLM::Worker
1720303 64023908 ray::WorkerDict
1720304 63817048 ray::WorkerDict
1720305 63783688 ray::WorkerDict
1720306 63781920 ray::WorkerDict
1317539 4818476 VLLM::Worker_TP
1317538 4816580 VLLM::Worker_TP
1796798 2974936 ray::AgentLoopW
1796796 2829088 ray::AgentLoopW
1796795 2431988 ray::AgentLoopW
== 2026-09-05T00:18:13+09:00
Mem:            1007         712         294         367         373         295
    PID   RSS COMMAND
1786196 87704944 VLLM::Worker
1786197 87701612 VLLM::Worker
1786195 87693020 VLLM::Worker
1786194 87340268 VLLM::Worker
1720303 64023908 ray::WorkerDict
1720304 63817048 ray::WorkerDict
1720305 63783688 ray::WorkerDict
1720306 63781920 ray::WorkerDict
1317539 4818476 VLLM::Worker_TP
1317538 4816580 VLLM::Worker_TP
1796798 2974936 ray::AgentLoopW
1796796 2829088 ray::AgentLoopW
1796795 2431988 ray::AgentLoopW
== 2026-09-05T00:18:33+09:00
Mem:            1007         690         315         367         373         316
    PID   RSS COMMAND
1786196 87704944 VLLM::Worker
1786197 87701612 VLLM::Worker
1786195 87693020 VLLM::Worker
1786194 87340268 VLLM::Worker
1720306 58270372 ray::WorkerDict
1720305 58262692 ray::WorkerDict
1720303 57809976 ray::WorkerDict
1720304 57668672 ray::WorkerDict
1317539 4818476 VLLM::Worker_TP
1317538 4816580 VLLM::Worker_TP
1796798 2974936 ray::AgentLoopW
1796796 2829088 ray::AgentLoopW
1796795 2431988 ray::AgentLoopW
== 2026-09-05T00:18:53+09:00
Mem:            1007         484         522         367         373         523
    PID   RSS COMMAND
1786196 87704944 VLLM::Worker
1786197 87701612 VLLM::Worker
1786195 87693020 VLLM::Worker
1786194 87340268 VLLM::Worker
1317539 4818476 VLLM::Worker_TP
1317538 4816580 VLLM::Worker_TP
1720303 4260392 ray::WorkerDict
1720306 4149952 ray::WorkerDict
1720305 4134080 ray::WorkerDict
1720304 4119088 ray::WorkerDict
1796798 2974936 ray::AgentLoopW
1796796 2829088 ray::AgentLoopW
1796795 2431988 ray::AgentLoopW
== 2026-09-05T00:19:13+09:00
Mem:            1007         484         522         367         373         523
    PID   RSS COMMAND
1786196 87704944 VLLM::Worker
1786197 87701612 VLLM::Worker
1786195 87693020 VLLM::Worker
1786194 87340268 VLLM::Worker
1317539 4818476 VLLM::Worker_TP
1317538 4816580 VLLM::Worker_TP
1720303 4268348 ray::WorkerDict
1720306 4150864 ray::WorkerDict
1720305 4135580 ray::WorkerDict
1720304 4120140 ray::WorkerDict
1796798 2974936 ray::AgentLoopW
1796796 2829088 ray::AgentLoopW
1796795 2431988 ray::AgentLoopW
== 2026-09-05T00:19:33+09:00
Mem:            1007         484         522         367         373         523
    PID   RSS COMMAND
1786196 87704944 VLLM::Worker
1786197 87701612 VLLM::Worker
1786195 87693020 VLLM::Worker
1786194 87340268 VLLM::Worker
1317539 4818476 VLLM::Worker_TP
1317538 4816580 VLLM::Worker_TP
1720303 4268348 ray::WorkerDict
1720306 4150864 ray::WorkerDict
1720305 4135580 ray::WorkerDict
1720304 4120140 ray::WorkerDict
1796798 2974936 ray::AgentLoopW
1796796 2829088 ray::AgentLoopW
1796795 2431988 ray::AgentLoopW
== 2026-09-05T00:19:53+09:00
Mem:            1007         484         522         367         373         523
    PID   RSS COMMAND
1786196 87704944 VLLM::Worker
1786197 87701612 VLLM::Worker
1786195 87693020 VLLM::Worker
1786194 87340268 VLLM::Worker
1317539 4818476 VLLM::Worker_TP
1317538 4816580 VLLM::Worker_TP
1720303 4268348 ray::WorkerDict
1720306 4150864 ray::WorkerDict
1720305 4135580 ray::WorkerDict
1720304 4120140 ray::WorkerDict
1796798 2974936 ray::AgentLoopW
1796796 2829088 ray::AgentLoopW
1796795 2431988 ray::AgentLoopW
== 2026-09-05T00:20:13+09:00
Mem:            1007         484         522         367         373         523
    PID   RSS COMMAND
1786196 87704944 VLLM::Worker
1786197 87702380 VLLM::Worker
1786195 87693020 VLLM::Worker
1786194 87341036 VLLM::Worker
1317539 4818476 VLLM::Worker_TP
1317538 4816580 VLLM::Worker_TP
1720303 4268348 ray::WorkerDict
1720306 4150864 ray::WorkerDict
1720305 4135580 ray::WorkerDict
1720304 4120140 ray::WorkerDict
1796798 2974936 ray::AgentLoopW
1796796 2829088 ray::AgentLoopW
1796795 2431988 ray::AgentLoopW
== 2026-09-05T00:20:33+09:00
Mem:            1007         484         522         367         373         523
    PID   RSS COMMAND
1786196 87704944 VLLM::Worker
1786197 87702380 VLLM::Worker
1786195 87693020 VLLM::Worker
1786194 87341036 VLLM::Worker
1317539 4818476 VLLM::Worker_TP
1317538 4816580 VLLM::Worker_TP
1720303 4268348 ray::WorkerDict
1720306 4150864 ray::WorkerDict
1720305 4136348 ray::WorkerDict
1720304 4120908 ray::WorkerDict
1796798 2974936 ray::AgentLoopW
1796796 2829088 ray::AgentLoopW
1796795 2431988 ray::AgentLoopW
== 2026-09-05T00:20:53+09:00
Mem:            1007         590         416         367         373         417
    PID   RSS COMMAND
1786196 87704944 VLLM::Worker
1786197 87702380 VLLM::Worker
1786195 87693020 VLLM::Worker
1786194 87341036 VLLM::Worker
1720303 32250520 ray::WorkerDict
1720304 32110952 ray::WorkerDict
1720306 31854828 ray::WorkerDict
1720305 31848140 ray::WorkerDict
1317539 4818476 VLLM::Worker_TP
1317538 4816580 VLLM::Worker_TP
1796798 2974936 ray::AgentLoopW
1796796 2829088 ray::AgentLoopW
1796795 2431988 ray::AgentLoopW
== 2026-09-05T00:21:13+09:00
Mem:            1007         714         291         367         373         292
    PID   RSS COMMAND
1786196 87704944 VLLM::Worker
1786197 87702380 VLLM::Worker
1786195 87693020 VLLM::Worker
1786194 87341036 VLLM::Worker
1720303 64680604 ray::WorkerDict
1720306 64571288 ray::WorkerDict
1720305 64555744 ray::WorkerDict
1720304 64540392 ray::WorkerDict
1317539 4818476 VLLM::Worker_TP
1317538 4816580 VLLM::Worker_TP
1796798 2974936 ray::AgentLoopW
1796796 2829088 ray::AgentLoopW
1796795 2431988 ray::AgentLoopW
== 2026-09-05T00:21:33+09:00
Mem:            1007         713         293         367         373         294
    PID   RSS COMMAND
1786196 87704944 VLLM::Worker
1786197 87702380 VLLM::Worker
1786195 87693020 VLLM::Worker
1786194 87341036 VLLM::Worker
1720305 64555564 ray::WorkerDict
1720303 64129180 ray::WorkerDict
1720306 64050256 ray::WorkerDict
1720304 64041192 ray::WorkerDict
1317539 4818476 VLLM::Worker_TP
1317538 4816580 VLLM::Worker_TP
1796798 2974936 ray::AgentLoopW
1796796 2829088 ray::AgentLoopW
1796795 2431988 ray::AgentLoopW
== 2026-09-05T00:21:53+09:00
Mem:            1007         711         294         367         373         295
    PID   RSS COMMAND
1786196 87704944 VLLM::Worker
1786197 87702380 VLLM::Worker
1786195 87693020 VLLM::Worker
1786194 87341036 VLLM::Worker
1720303 64025116 ray::WorkerDict
1720304 63917996 ray::WorkerDict
1720306 63784856 ray::WorkerDict
1720305 63769312 ray::WorkerDict
1317539 4818476 VLLM::Worker_TP
1317538 4816580 VLLM::Worker_TP
1796798 2974936 ray::AgentLoopW
1796796 2829088 ray::AgentLoopW
1796795 2431988 ray::AgentLoopW
== 2026-09-05T00:22:13+09:00
Mem:            1007         712         294         367         373         295
    PID   RSS COMMAND
1786196 87706480 VLLM::Worker
1786197 87705452 VLLM::Worker
1786195 87695180 VLLM::Worker
1786194 87344096 VLLM::Worker
1720303 64025116 ray::WorkerDict
1720304 63917996 ray::WorkerDict
1720306 63784856 ray::WorkerDict
1720305 63769312 ray::WorkerDict
1317539 4818476 VLLM::Worker_TP
1317538 4816580 VLLM::Worker_TP
1796798 2974936 ray::AgentLoopW
1796796 2864416 ray::AgentLoopW
1796795 2431988 ray::AgentLoopW
== 2026-09-05T00:22:33+09:00
Mem:            1007         712         293         367         374         295
    PID   RSS COMMAND
1786196 87706480 VLLM::Worker
1786197 87705452 VLLM::Worker
1786195 87694156 VLLM::Worker
1786194 87344096 VLLM::Worker
1720303 64025116 ray::WorkerDict
1720304 63917996 ray::WorkerDict
1720306 63784856 ray::WorkerDict
1720305 63769312 ray::WorkerDict
1317539 4818476 VLLM::Worker_TP
1317538 4816580 VLLM::Worker_TP
1796798 2974936 ray::AgentLoopW
1796796 2867488 ray::AgentLoopW
1796795 2431988 ray::AgentLoopW
== 2026-09-05T00:22:53+09:00
Mem:            1007         712         292         367         374         295
    PID   RSS COMMAND
1786196 87705484 VLLM::Worker
1786197 87702188 VLLM::Worker
1786195 87694156 VLLM::Worker
1786194 87343092 VLLM::Worker
1720303 64025116 ray::WorkerDict
1720304 63917996 ray::WorkerDict
1720306 63784856 ray::WorkerDict
1720305 63769312 ray::WorkerDict
1317539 4818476 VLLM::Worker_TP
1317538 4816580 VLLM::Worker_TP
1796798 2974936 ray::AgentLoopW
1796796 2867488 ray::AgentLoopW
1796795 2431988 ray::AgentLoopW
== 2026-09-05T00:23:13+09:00
Mem:            1007         712         292         367         374         295
    PID   RSS COMMAND
1786196 87705484 VLLM::Worker
1786197 87702188 VLLM::Worker
1786195 87694156 VLLM::Worker
1786194 87343092 VLLM::Worker
1720303 64025116 ray::WorkerDict
1720304 63917996 ray::WorkerDict
1720306 63784856 ray::WorkerDict
1720305 63769312 ray::WorkerDict
1317539 4818476 VLLM::Worker_TP
1317538 4816580 VLLM::Worker_TP
1796798 2974936 ray::AgentLoopW
1796796 2867488 ray::AgentLoopW
1796795 2431988 ray::AgentLoopW
== 2026-09-05T00:23:34+09:00
Mem:            1007         712         293         367         374         295
    PID   RSS COMMAND
1786196 87705484 VLLM::Worker
1786197 87702188 VLLM::Worker
1786195 87694156 VLLM::Worker
1786194 87343092 VLLM::Worker
1720303 64025116 ray::WorkerDict
1720304 63917996 ray::WorkerDict
1720306 63784856 ray::WorkerDict
1720305 63769312 ray::WorkerDict
1317539 4818476 VLLM::Worker_TP
1317538 4816580 VLLM::Worker_TP
1796798 2974936 ray::AgentLoopW
1796796 2867488 ray::AgentLoopW
1796795 2431988 ray::AgentLoopW
== 2026-09-05T00:23:54+09:00
Mem:            1007         712         293         367         374         295
    PID   RSS COMMAND
1786196 87705484 VLLM::Worker
1786197 87702188 VLLM::Worker
1786195 87694156 VLLM::Worker
1786194 87343092 VLLM::Worker
1720303 64025116 ray::WorkerDict
1720304 63917996 ray::WorkerDict
1720306 63784856 ray::WorkerDict
1720305 63769312 ray::WorkerDict
1317539 4818476 VLLM::Worker_TP
1317538 4816580 VLLM::Worker_TP
1796798 2974936 ray::AgentLoopW
1796796 2867488 ray::AgentLoopW
1796795 2431988 ray::AgentLoopW
== 2026-09-05T00:24:14+09:00
Mem:            1007         712         293         367         374         295
    PID   RSS COMMAND
1786196 87705484 VLLM::Worker
1786197 87702188 VLLM::Worker
1786195 87694156 VLLM::Worker
1786194 87343092 VLLM::Worker
1720303 64025116 ray::WorkerDict
1720304 63917996 ray::WorkerDict
1720306 63784856 ray::WorkerDict
1720305 63769312 ray::WorkerDict
1317539 4818476 VLLM::Worker_TP
1317538 4816580 VLLM::Worker_TP
1796798 2974936 ray::AgentLoopW
1796796 2867488 ray::AgentLoopW
1796795 2431988 ray::AgentLoopW
== 2026-09-05T00:24:34+09:00
Mem:            1007         712         293         367         374         295
    PID   RSS COMMAND
1786196 87705484 VLLM::Worker
1786197 87702188 VLLM::Worker
1786195 87694156 VLLM::Worker
1786194 87343092 VLLM::Worker
1720303 64025116 ray::WorkerDict
1720304 63917996 ray::WorkerDict
1720306 63784856 ray::WorkerDict
1720305 63769312 ray::WorkerDict
1317539 4818476 VLLM::Worker_TP
1317538 4816580 VLLM::Worker_TP
1796798 2974936 ray::AgentLoopW
1796796 2867488 ray::AgentLoopW
1796795 2431988 ray::AgentLoopW
== 2026-09-05T00:24:54+09:00
Mem:            1007         712         293         367         374         295
    PID   RSS COMMAND
1786196 87705484 VLLM::Worker
1786197 87702188 VLLM::Worker
1786195 87694156 VLLM::Worker
1786194 87343092 VLLM::Worker
1720303 64025116 ray::WorkerDict
1720304 63917996 ray::WorkerDict
1720306 63784856 ray::WorkerDict
1720305 63769312 ray::WorkerDict
1317539 4818476 VLLM::Worker_TP
1317538 4816580 VLLM::Worker_TP
1796798 2974936 ray::AgentLoopW
1796796 2867488 ray::AgentLoopW
1796795 2431988 ray::AgentLoopW
== 2026-09-05T00:25:14+09:00
Mem:            1007         484         521         367         374         523
    PID   RSS COMMAND
1786196 87705484 VLLM::Worker
1786197 87701164 VLLM::Worker
1786195 87693132 VLLM::Worker
1786194 87342104 VLLM::Worker
1317539 4818476 VLLM::Worker_TP
1317538 4816580 VLLM::Worker_TP
1720303 4426064 ray::WorkerDict
1720306 4152948 ray::WorkerDict
1720305 4151040 ray::WorkerDict
1720304 4121712 ray::WorkerDict
1796798 2974936 ray::AgentLoopW
1796796 2867488 ray::AgentLoopW
1796795 2431988 ray::AgentLoopW
== 2026-09-05T00:25:34+09:00
Mem:            1007         484         521         367         374         523
    PID   RSS COMMAND
1786196 87705484 VLLM::Worker
1786197 87701164 VLLM::Worker
1786195 87693132 VLLM::Worker
1786194 87342104 VLLM::Worker
1317539 4818476 VLLM::Worker_TP
1317538 4816580 VLLM::Worker_TP
1720303 4426064 ray::WorkerDict
1720306 4152948 ray::WorkerDict
1720305 4151040 ray::WorkerDict
1720304 4121712 ray::WorkerDict
1796798 2974936 ray::AgentLoopW
1796796 2867488 ray::AgentLoopW
1796795 2431988 ray::AgentLoopW
== 2026-09-05T00:25:54+09:00
Mem:            1007         484         521         367         374         523
    PID   RSS COMMAND
1786196 87705484 VLLM::Worker
1786197 87701164 VLLM::Worker
1786195 87693132 VLLM::Worker
1786194 87342104 VLLM::Worker
1317539 4818476 VLLM::Worker_TP
1317538 4816580 VLLM::Worker_TP
1720303 4426064 ray::WorkerDict
1720306 4152948 ray::WorkerDict
1720305 4151040 ray::WorkerDict
1720304 4121712 ray::WorkerDict
1796798 2974936 ray::AgentLoopW
1796796 2867488 ray::AgentLoopW
1796795 2431988 ray::AgentLoopW
== 2026-09-05T00:26:14+09:00
Mem:            1007         484         520         367         374         522
    PID   RSS COMMAND
1786196 87705484 VLLM::Worker
1786197 87701164 VLLM::Worker
1786195 87693132 VLLM::Worker
1786194 87342104 VLLM::Worker
1317539 4818476 VLLM::Worker_TP
1317538 4816580 VLLM::Worker_TP
1720303 4426908 ray::WorkerDict
1720305 4160624 ray::WorkerDict
1720306 4155956 ray::WorkerDict
1720304 4122304 ray::WorkerDict
1796798 2974936 ray::AgentLoopW
1796796 2867488 ray::AgentLoopW
1796795 2431988 ray::AgentLoopW
== 2026-09-05T00:26:34+09:00
Mem:            1007         484         520         367         374         522
    PID   RSS COMMAND
1786196 87705484 VLLM::Worker
1786197 87701164 VLLM::Worker
1786195 87693132 VLLM::Worker
1786194 87342104 VLLM::Worker
1317539 4818476 VLLM::Worker_TP
1317538 4816580 VLLM::Worker_TP
1720303 4426908 ray::WorkerDict
1720305 4160624 ray::WorkerDict
1720306 4155956 ray::WorkerDict
1720304 4122304 ray::WorkerDict
1796798 2974936 ray::AgentLoopW
1796796 2867488 ray::AgentLoopW
1796795 2431988 ray::AgentLoopW
== 2026-09-05T00:26:54+09:00
Mem:            1007         484         520         367         374         522
    PID   RSS COMMAND
1786196 87705484 VLLM::Worker
1786197 87701164 VLLM::Worker
1786195 87693132 VLLM::Worker
1786194 87342104 VLLM::Worker
1317539 4818476 VLLM::Worker_TP
1317538 4816580 VLLM::Worker_TP
1720303 4426908 ray::WorkerDict
1720305 4160624 ray::WorkerDict
1720306 4155956 ray::WorkerDict
1720304 4122304 ray::WorkerDict
1796798 2974936 ray::AgentLoopW
1796796 2867488 ray::AgentLoopW
1796795 2431988 ray::AgentLoopW
== 2026-09-05T00:27:14+09:00
Mem:            1007         484         520         367         374         523
    PID   RSS COMMAND
1786196 87705484 VLLM::Worker
1786197 87701164 VLLM::Worker
1786195 87693132 VLLM::Worker
1786194 87342104 VLLM::Worker
1317539 4818476 VLLM::Worker_TP
1317538 4816580 VLLM::Worker_TP
1720303 4426908 ray::WorkerDict
1720305 4160624 ray::WorkerDict
1720306 4155956 ray::WorkerDict
1720304 4122304 ray::WorkerDict
1796798 2974936 ray::AgentLoopW
1796796 2867488 ray::AgentLoopW
1796795 2431988 ray::AgentLoopW
== 2026-09-05T00:27:34+09:00
Mem:            1007         484         520         367         374         523
    PID   RSS COMMAND
1786196 87705484 VLLM::Worker
1786197 87701164 VLLM::Worker
1786195 87693132 VLLM::Worker
1786194 87342104 VLLM::Worker
1317539 4818476 VLLM::Worker_TP
1317538 4816580 VLLM::Worker_TP
1720303 4426908 ray::WorkerDict
1720305 4160624 ray::WorkerDict
1720306 4155956 ray::WorkerDict
1720304 4122304 ray::WorkerDict
1796798 2974936 ray::AgentLoopW
1796796 2867488 ray::AgentLoopW
1796795 2431988 ray::AgentLoopW
== 2026-09-05T00:27:54+09:00
Mem:            1007         484         520         367         374         523
    PID   RSS COMMAND
1786196 87705484 VLLM::Worker
1786197 87701164 VLLM::Worker
1786195 87693132 VLLM::Worker
1786194 87342104 VLLM::Worker
1317539 4818476 VLLM::Worker_TP
1317538 4816580 VLLM::Worker_TP
1720303 4426908 ray::WorkerDict
1720305 4160624 ray::WorkerDict
1720306 4155956 ray::WorkerDict
1720304 4122304 ray::WorkerDict
1796798 2974936 ray::AgentLoopW
1796796 2867488 ray::AgentLoopW
1796795 2431988 ray::AgentLoopW
== 2026-09-05T00:28:14+09:00
Mem:            1007         484         520         367         374         523
    PID   RSS COMMAND
1786196 87705484 VLLM::Worker
1786197 87701164 VLLM::Worker
1786195 87693132 VLLM::Worker
1786194 87342104 VLLM::Worker
1317539 4818476 VLLM::Worker_TP
1317538 4816580 VLLM::Worker_TP
1720303 4426908 ray::WorkerDict
1720305 4160624 ray::WorkerDict
1720306 4155956 ray::WorkerDict
1720304 4122304 ray::WorkerDict
1796798 2974936 ray::AgentLoopW
1796796 2867488 ray::AgentLoopW
1796795 2431988 ray::AgentLoopW
== 2026-09-05T00:28:34+09:00
Mem:            1007         484         520         367         374         522
    PID   RSS COMMAND
1786196 87705484 VLLM::Worker
1786197 87701164 VLLM::Worker
1786195 87693132 VLLM::Worker
1786194 87342104 VLLM::Worker
1317539 4818476 VLLM::Worker_TP
1317538 4816580 VLLM::Worker_TP
1720303 4426908 ray::WorkerDict
1720305 4160624 ray::WorkerDict
1720306 4155956 ray::WorkerDict
1720304 4122304 ray::WorkerDict
1796798 2974936 ray::AgentLoopW
1796796 2867488 ray::AgentLoopW
1796795 2431988 ray::AgentLoopW
== 2026-09-05T00:28:54+09:00
Mem:            1007         484         520         367         374         523
    PID   RSS COMMAND
1786196 87705484 VLLM::Worker
1786197 87701164 VLLM::Worker
1786195 87693132 VLLM::Worker
1786194 87342104 VLLM::Worker
1317539 4818476 VLLM::Worker_TP
1317538 4816580 VLLM::Worker_TP
1720303 4426908 ray::WorkerDict
1720305 4160624 ray::WorkerDict
1720306 4155956 ray::WorkerDict
1720304 4122304 ray::WorkerDict
1796798 2974936 ray::AgentLoopW
1796796 2867488 ray::AgentLoopW
1796795 2431988 ray::AgentLoopW
== 2026-09-05T00:29:14+09:00
Mem:            1007         484         520         367         374         523
    PID   RSS COMMAND
1786196 87705484 VLLM::Worker
1786197 87701164 VLLM::Worker
1786195 87693132 VLLM::Worker
1786194 87342104 VLLM::Worker
1317539 4818476 VLLM::Worker_TP
1317538 4816580 VLLM::Worker_TP
1720303 4426908 ray::WorkerDict
1720305 4160624 ray::WorkerDict
1720306 4155956 ray::WorkerDict
1720304 4122304 ray::WorkerDict
1796798 2974936 ray::AgentLoopW
1796796 2867488 ray::AgentLoopW
1796795 2431988 ray::AgentLoopW
== 2026-09-05T00:29:34+09:00
Mem:            1007         566         438         367         374         440
    PID   RSS COMMAND
1786196 87705484 VLLM::Worker
1786197 87701164 VLLM::Worker
1786195 87693132 VLLM::Worker
1786194 87342104 VLLM::Worker
1720303 26298764 ray::WorkerDict
1720304 26027372 ray::WorkerDict
1720305 25641344 ray::WorkerDict
1720306 25637672 ray::WorkerDict
1317539 4818476 VLLM::Worker_TP
1317538 4816580 VLLM::Worker_TP
1796798 2974936 ray::AgentLoopW
1796796 2867488 ray::AgentLoopW
1796795 2431988 ray::AgentLoopW
== 2026-09-05T00:29:54+09:00
Mem:            1007         701         303         367         374         305
    PID   RSS COMMAND
1786196 87705484 VLLM::Worker
1786197 87701164 VLLM::Worker
1786195 87693132 VLLM::Worker
1786194 87342104 VLLM::Worker
1720303 61593056 ray::WorkerDict
1720304 61320996 ray::WorkerDict
1720305 61027712 ray::WorkerDict
1720306 61023720 ray::WorkerDict
1317539 4818476 VLLM::Worker_TP
1317538 4816580 VLLM::Worker_TP
1796798 2974936 ray::AgentLoopW
1796796 2867488 ray::AgentLoopW
1796795 2431988 ray::AgentLoopW
== 2026-09-05T00:30:14+09:00
Mem:            1007         713         292         367         374         294
    PID   RSS COMMAND
1786196 87705484 VLLM::Worker
1786197 87701164 VLLM::Worker
1786195 87693132 VLLM::Worker
1786194 87342104 VLLM::Worker
1720305 64580308 ray::WorkerDict
1720303 64158728 ray::WorkerDict
1720304 63999516 ray::WorkerDict
1720306 63874428 ray::WorkerDict
1317539 4818476 VLLM::Worker_TP
1317538 4816580 VLLM::Worker_TP
1796798 2974936 ray::AgentLoopW
1796796 2867488 ray::AgentLoopW
1796795 2431988 ray::AgentLoopW
== 2026-09-05T00:30:34+09:00
Mem:            1007         712         293         367         374         295
    PID   RSS COMMAND
1786196 87705484 VLLM::Worker
1786197 87701164 VLLM::Worker
1786195 87693132 VLLM::Worker
1786194 87342104 VLLM::Worker
1720303 64060168 ray::WorkerDict
1720304 63886628 ray::WorkerDict
1720305 63793876 ray::WorkerDict
1720306 63790716 ray::WorkerDict
1317539 4818476 VLLM::Worker_TP
1317538 4816580 VLLM::Worker_TP
1796798 2974936 ray::AgentLoopW
1796796 2867488 ray::AgentLoopW
1796795 2431988 ray::AgentLoopW
== 2026-09-05T00:30:54+09:00
Mem:            1007         712         293         367         374         295
    PID   RSS COMMAND
1786196 87705484 VLLM::Worker
1786197 87704236 VLLM::Worker
1786195 87694412 VLLM::Worker
1786194 87343640 VLLM::Worker
1720303 64060168 ray::WorkerDict
1720304 63804704 ray::WorkerDict
1720305 63793876 ray::WorkerDict
1720306 63790716 ray::WorkerDict
1317539 4818476 VLLM::Worker_TP
1317538 4816580 VLLM::Worker_TP
1796798 2974936 ray::AgentLoopW
1796796 2867488 ray::AgentLoopW
1796795 2431988 ray::AgentLoopW
== 2026-09-05T00:31:14+09:00
Mem:            1007         712         292         367         374         294
    PID   RSS COMMAND
1786196 87705484 VLLM::Worker
1786197 87704236 VLLM::Worker
1786195 87694412 VLLM::Worker
1786194 87343640 VLLM::Worker
1720303 64060168 ray::WorkerDict
1720304 63804704 ray::WorkerDict
1720305 63793876 ray::WorkerDict
1720306 63790716 ray::WorkerDict
1317539 4818476 VLLM::Worker_TP
1317538 4816580 VLLM::Worker_TP
1796798 2974936 ray::AgentLoopW
1796796 2867488 ray::AgentLoopW
1796795 2431988 ray::AgentLoopW
== 2026-09-05T00:31:34+09:00
Mem:            1007         712         292         367         375         294
    PID   RSS COMMAND
1786196 87705484 VLLM::Worker
1786197 87704236 VLLM::Worker
1786195 87694412 VLLM::Worker
1786194 87342632 VLLM::Worker
1720303 64060168 ray::WorkerDict
1720304 63804704 ray::WorkerDict
1720305 63793876 ray::WorkerDict
1720306 63790716 ray::WorkerDict
1317539 4818476 VLLM::Worker_TP
1317538 4816580 VLLM::Worker_TP
1796798 2974936 ray::AgentLoopW
1796796 2867488 ray::AgentLoopW
1796795 2431988 ray::AgentLoopW
== 2026-09-05T00:31:54+09:00
Mem:            1007         712         292         367         375         294
    PID   RSS COMMAND
1786196 87705484 VLLM::Worker
1786197 87704236 VLLM::Worker
1786195 87693376 VLLM::Worker
1786194 87342632 VLLM::Worker
1720303 64060168 ray::WorkerDict
1720304 63804704 ray::WorkerDict
1720305 63793876 ray::WorkerDict
1720306 63790716 ray::WorkerDict
1317539 4818476 VLLM::Worker_TP
1317538 4816580 VLLM::Worker_TP
1796798 2974936 ray::AgentLoopW
1796796 2867488 ray::AgentLoopW
1796795 2431988 ray::AgentLoopW
== 2026-09-05T00:32:14+09:00
Mem:            1007         712         292         367         375         294
    PID   RSS COMMAND
1786196 87705484 VLLM::Worker
1786197 87704236 VLLM::Worker
1786195 87693376 VLLM::Worker
1786194 87342632 VLLM::Worker
1720303 64060168 ray::WorkerDict
1720304 63804704 ray::WorkerDict
1720305 63793876 ray::WorkerDict
1720306 63790716 ray::WorkerDict
1317539 4818476 VLLM::Worker_TP
1317538 4816580 VLLM::Worker_TP
1796798 2974936 ray::AgentLoopW
1796796 2867488 ray::AgentLoopW
1796795 2431988 ray::AgentLoopW
== 2026-09-05T00:32:34+09:00
Mem:            1007         712         292         367         375         294
    PID   RSS COMMAND
1786196 87705484 VLLM::Worker
1786197 87704236 VLLM::Worker
1786195 87693376 VLLM::Worker
1786194 87342632 VLLM::Worker
1720303 64060168 ray::WorkerDict
1720304 63804704 ray::WorkerDict
1720305 63793876 ray::WorkerDict
1720306 63790716 ray::WorkerDict
1317539 4818476 VLLM::Worker_TP
1317538 4816580 VLLM::Worker_TP
1796798 2974936 ray::AgentLoopW
1796796 2867488 ray::AgentLoopW
1796795 2431988 ray::AgentLoopW
== 2026-09-05T00:32:55+09:00
Mem:            1007         712         292         367         375         294
    PID   RSS COMMAND
1786196 87705484 VLLM::Worker
1786197 87704236 VLLM::Worker
1786195 87693376 VLLM::Worker
1786194 87342632 VLLM::Worker
1720303 64060168 ray::WorkerDict
1720304 63804704 ray::WorkerDict
1720305 63793876 ray::WorkerDict
1720306 63790716 ray::WorkerDict
1317539 4818476 VLLM::Worker_TP
1317538 4816580 VLLM::Worker_TP
1796798 2974936 ray::AgentLoopW
1796796 2867488 ray::AgentLoopW
1796795 2431988 ray::AgentLoopW
== 2026-09-05T00:33:15+09:00
Mem:            1007         712         292         367         375         294
    PID   RSS COMMAND
1786196 87705484 VLLM::Worker
1786197 87704236 VLLM::Worker
1786195 87693376 VLLM::Worker
1786194 87342632 VLLM::Worker
1720303 64060168 ray::WorkerDict
1720304 63804704 ray::WorkerDict
1720305 63793876 ray::WorkerDict
1720306 63790716 ray::WorkerDict
1317539 4818476 VLLM::Worker_TP
1317538 4816580 VLLM::Worker_TP
1796798 2974936 ray::AgentLoopW
1796796 2867488 ray::AgentLoopW
1796795 2431988 ray::AgentLoopW
== 2026-09-05T00:33:35+09:00
Mem:            1007         712         292         367         375         294
    PID   RSS COMMAND
1786196 87705484 VLLM::Worker
1786197 87704236 VLLM::Worker
1786195 87693376 VLLM::Worker
1786194 87342632 VLLM::Worker
1720303 64060168 ray::WorkerDict
1720304 63804704 ray::WorkerDict
1720305 63793876 ray::WorkerDict
1720306 63790716 ray::WorkerDict
1317539 4818476 VLLM::Worker_TP
1317538 4816580 VLLM::Worker_TP
1796798 2974936 ray::AgentLoopW
1796796 2867488 ray::AgentLoopW
1796795 2431988 ray::AgentLoopW
== 2026-09-05T00:33:55+09:00
Mem:            1007         541         463         367         375         465
    PID   RSS COMMAND
1786196 87704472 VLLM::Worker
1786197 87701896 VLLM::Worker
1786195 87692352 VLLM::Worker
1786194 87342632 VLLM::Worker
1720303 19060560 ray::WorkerDict
1720304 18776040 ray::WorkerDict
1720305 18765100 ray::WorkerDict
1720306 18762192 ray::WorkerDict
1317539 4818476 VLLM::Worker_TP
1317538 4816580 VLLM::Worker_TP
1796798 2974936 ray::AgentLoopW
1796796 2867488 ray::AgentLoopW
1796795 2431988 ray::AgentLoopW
== 2026-09-05T00:34:15+09:00
Mem:            1007         484         520         367         375         522
    PID   RSS COMMAND
1786196 87704472 VLLM::Worker
1786197 87701896 VLLM::Worker
1786195 87692352 VLLM::Worker
1786194 87342632 VLLM::Worker
1317539 4818476 VLLM::Worker_TP
1317538 4816580 VLLM::Worker_TP
1720303 4456128 ray::WorkerDict
1720304 4171608 ray::WorkerDict
1720305 4160668 ray::WorkerDict
1720306 4157760 ray::WorkerDict
1796798 2974936 ray::AgentLoopW
1796796 2867488 ray::AgentLoopW
1796795 2431988 ray::AgentLoopW
== 2026-09-05T00:34:35+09:00
Mem:            1007         484         519         367         375         522
    PID   RSS COMMAND
1786196 87704472 VLLM::Worker
1786197 87701896 VLLM::Worker
1786195 87692352 VLLM::Worker
1786194 87342632 VLLM::Worker
1317539 4818476 VLLM::Worker_TP
1317538 4816580 VLLM::Worker_TP
1720303 4456128 ray::WorkerDict
1720304 4171608 ray::WorkerDict
1720305 4160668 ray::WorkerDict
1720306 4157760 ray::WorkerDict
1796798 2974936 ray::AgentLoopW
1796796 2867488 ray::AgentLoopW
1796795 2431988 ray::AgentLoopW
== 2026-09-05T00:34:55+09:00
Mem:            1007         484         519         367         375         522
    PID   RSS COMMAND
1786196 87704472 VLLM::Worker
1786197 87701896 VLLM::Worker
1786195 87692352 VLLM::Worker
1786194 87342632 VLLM::Worker
1317539 4818476 VLLM::Worker_TP
1317538 4816580 VLLM::Worker_TP
1720303 4463176 ray::WorkerDict
1720304 4172292 ray::WorkerDict
1720305 4161420 ray::WorkerDict
1720306 4158080 ray::WorkerDict
1796798 2974936 ray::AgentLoopW
1796796 2867488 ray::AgentLoopW
1796795 2431988 ray::AgentLoopW
== 2026-09-05T00:35:15+09:00
Mem:            1007         484         519         367         375         522
    PID   RSS COMMAND
1786196 87704472 VLLM::Worker
1786197 87701896 VLLM::Worker
1786195 87692352 VLLM::Worker
1786194 87342632 VLLM::Worker
1317539 4818476 VLLM::Worker_TP
1317538 4816580 VLLM::Worker_TP
1720303 4463176 ray::WorkerDict
1720304 4172292 ray::WorkerDict
1720305 4161420 ray::WorkerDict
1720306 4158080 ray::WorkerDict
1796798 2974936 ray::AgentLoopW
1796796 2867488 ray::AgentLoopW
1796795 2431988 ray::AgentLoopW
== 2026-09-05T00:35:35+09:00
Mem:            1007         484         519         367         375         522
    PID   RSS COMMAND
1786196 87704472 VLLM::Worker
1786197 87701896 VLLM::Worker
1786195 87692352 VLLM::Worker
1786194 87342632 VLLM::Worker
1317539 4818476 VLLM::Worker_TP
1317538 4816580 VLLM::Worker_TP
1720303 4463176 ray::WorkerDict
1720304 4173060 ray::WorkerDict
1720305 4162188 ray::WorkerDict
1720306 4158080 ray::WorkerDict
1796798 2974936 ray::AgentLoopW
1796796 2867488 ray::AgentLoopW
1796795 2431988 ray::AgentLoopW
== 2026-09-05T00:35:55+09:00
Mem:            1007         484         519         367         375         522
    PID   RSS COMMAND
1786196 87704472 VLLM::Worker
1786197 87701896 VLLM::Worker
1786195 87692352 VLLM::Worker
1786194 87342632 VLLM::Worker
1317539 4818476 VLLM::Worker_TP
1317538 4816580 VLLM::Worker_TP
1720303 4463176 ray::WorkerDict
1720304 4173060 ray::WorkerDict
1720305 4162188 ray::WorkerDict
1720306 4158080 ray::WorkerDict
1796798 2974936 ray::AgentLoopW
1796796 2867488 ray::AgentLoopW
1796795 2431988 ray::AgentLoopW
== 2026-09-05T00:36:15+09:00
Mem:            1007         484         519         367         375         522
    PID   RSS COMMAND
1786196 87704472 VLLM::Worker
1786197 87701896 VLLM::Worker
1786195 87692352 VLLM::Worker
1786194 87342632 VLLM::Worker
1317539 4818476 VLLM::Worker_TP
1317538 4816580 VLLM::Worker_TP
1720303 4463176 ray::WorkerDict
1720304 4173060 ray::WorkerDict
1720305 4162188 ray::WorkerDict
1720306 4158080 ray::WorkerDict
1796798 2974936 ray::AgentLoopW
1796796 2867488 ray::AgentLoopW
1796795 2431988 ray::AgentLoopW
== 2026-09-05T00:36:35+09:00
Mem:            1007         484         519         367         375         522
    PID   RSS COMMAND
1786196 87704472 VLLM::Worker
1786197 87701896 VLLM::Worker
1786195 87692352 VLLM::Worker
1786194 87342632 VLLM::Worker
1317539 4818476 VLLM::Worker_TP
1317538 4816580 VLLM::Worker_TP
1720303 4463176 ray::WorkerDict
1720304 4173060 ray::WorkerDict
1720305 4162188 ray::WorkerDict
1720306 4158080 ray::WorkerDict
1796798 2974936 ray::AgentLoopW
1796796 2867488 ray::AgentLoopW
1796795 2431988 ray::AgentLoopW
== 2026-09-05T00:36:55+09:00
Mem:            1007         484         519         367         375         522
    PID   RSS COMMAND
1786196 87704472 VLLM::Worker
1786197 87701896 VLLM::Worker
1786195 87692352 VLLM::Worker
1786194 87342632 VLLM::Worker
1317539 4818476 VLLM::Worker_TP
1317538 4816580 VLLM::Worker_TP
1720303 4463176 ray::WorkerDict
1720304 4173060 ray::WorkerDict
1720305 4162188 ray::WorkerDict
1720306 4158080 ray::WorkerDict
1796798 2974936 ray::AgentLoopW
1796796 2867488 ray::AgentLoopW
1796795 2431988 ray::AgentLoopW
== 2026-09-05T00:37:15+09:00
Mem:            1007         484         519         367         375         522
    PID   RSS COMMAND
1786196 87704472 VLLM::Worker
1786197 87701896 VLLM::Worker
1786195 87692352 VLLM::Worker
1786194 87342632 VLLM::Worker
1317539 4818476 VLLM::Worker_TP
1317538 4816580 VLLM::Worker_TP
1720303 4463176 ray::WorkerDict
1720304 4173060 ray::WorkerDict
1720305 4162188 ray::WorkerDict
1720306 4158080 ray::WorkerDict
1796798 2974936 ray::AgentLoopW
1796796 2867488 ray::AgentLoopW
1796795 2431988 ray::AgentLoopW
== 2026-09-05T00:37:35+09:00
Mem:            1007         484         519         367         375         522
    PID   RSS COMMAND
1786196 87704472 VLLM::Worker
1786197 87701896 VLLM::Worker
1786195 87692352 VLLM::Worker
1786194 87342632 VLLM::Worker
1317539 4818476 VLLM::Worker_TP
1317538 4816580 VLLM::Worker_TP
1720303 4463176 ray::WorkerDict
1720304 4173060 ray::WorkerDict
1720305 4162188 ray::WorkerDict
1720306 4158080 ray::WorkerDict
1796798 2974936 ray::AgentLoopW
1796796 2867488 ray::AgentLoopW
1796795 2431988 ray::AgentLoopW
== 2026-09-05T00:37:55+09:00
Mem:            1007         484         519         367         375         522
    PID   RSS COMMAND
1786196 87704472 VLLM::Worker
1786197 87701896 VLLM::Worker
1786195 87692352 VLLM::Worker
1786194 87342632 VLLM::Worker
1317539 4818476 VLLM::Worker_TP
1317538 4816580 VLLM::Worker_TP
1720303 4463176 ray::WorkerDict
1720304 4173060 ray::WorkerDict
1720305 4162188 ray::WorkerDict
1720306 4158080 ray::WorkerDict
1796798 2974936 ray::AgentLoopW
1796796 2867488 ray::AgentLoopW
1796795 2431988 ray::AgentLoopW
== 2026-09-05T00:38:15+09:00
Mem:            1007         484         519         367         375         522
    PID   RSS COMMAND
1786196 87704472 VLLM::Worker
1786197 87701896 VLLM::Worker
1786195 87692352 VLLM::Worker
1786194 87342632 VLLM::Worker
1317539 4818476 VLLM::Worker_TP
1317538 4816580 VLLM::Worker_TP
1720303 4463176 ray::WorkerDict
1720304 4173060 ray::WorkerDict
1720305 4162188 ray::WorkerDict
1720306 4158080 ray::WorkerDict
1796798 2974936 ray::AgentLoopW
1796796 2867488 ray::AgentLoopW
1796795 2431988 ray::AgentLoopW
== 2026-09-05T00:38:35+09:00
Mem:            1007         545         458         367         375         461
    PID   RSS COMMAND
1786196 87704472 VLLM::Worker
1786197 87701896 VLLM::Worker
1786195 87692352 VLLM::Worker
1786194 87342632 VLLM::Worker
1720303 20771124 ray::WorkerDict
1720304 20467796 ray::WorkerDict
1720305 20193216 ray::WorkerDict
1720306 20188596 ray::WorkerDict
1317539 4818476 VLLM::Worker_TP
1317538 4816580 VLLM::Worker_TP
1796798 2974936 ray::AgentLoopW
1796796 2867488 ray::AgentLoopW
1796795 2431988 ray::AgentLoopW
== 2026-09-05T00:38:55+09:00
Mem:            1007         681         323         367         375         326
    PID   RSS COMMAND
1786196 87704472 VLLM::Worker
1786197 87701896 VLLM::Worker
1786195 87692352 VLLM::Worker
1786194 87342632 VLLM::Worker
1720303 56162488 ray::WorkerDict
1720304 55861004 ray::WorkerDict
1720305 55529664 ray::WorkerDict
1720306 55524276 ray::WorkerDict
1317539 4818476 VLLM::Worker_TP
1317538 4816580 VLLM::Worker_TP
1796798 2974936 ray::AgentLoopW
1796796 2867488 ray::AgentLoopW
1796795 2431988 ray::AgentLoopW
== 2026-09-05T00:39:15+09:00
Mem:            1007         714         290         367         375         293
    PID   RSS COMMAND
1786196 87704472 VLLM::Worker
1786197 87701896 VLLM::Worker
1786195 87692352 VLLM::Worker
1786194 87342632 VLLM::Worker
1720305 64581844 ray::WorkerDict
1720303 64335912 ray::WorkerDict
1720304 64150040 ray::WorkerDict
1720306 64115400 ray::WorkerDict
1317539 4818476 VLLM::Worker_TP
1317538 4816580 VLLM::Worker_TP
1796798 2974936 ray::AgentLoopW
1796796 2867488 ray::AgentLoopW
1796795 2431988 ray::AgentLoopW
== 2026-09-05T00:39:35+09:00
Mem:            1007         712         292         367         375         294
    PID   RSS COMMAND
1786196 87704472 VLLM::Worker
1786197 87701896 VLLM::Worker
1786195 87692352 VLLM::Worker
1786194 87342632 VLLM::Worker
1720303 64076864 ray::WorkerDict
1720304 63937392 ray::WorkerDict
1720305 63795412 ray::WorkerDict
1720306 63791304 ray::WorkerDict
1317539 4818476 VLLM::Worker_TP
1317538 4816580 VLLM::Worker_TP
1796798 2974936 ray::AgentLoopW
1796796 2867488 ray::AgentLoopW
1796795 2431988 ray::AgentLoopW
== 2026-09-05T00:39:55+09:00
Mem:            1007         712         292         367         375         294
    PID   RSS COMMAND
1786196 87706776 VLLM::Worker
1786197 87703432 VLLM::Worker
1786195 87697728 VLLM::Worker
1786194 87345704 VLLM::Worker
1720303 64076864 ray::WorkerDict
1720304 63806312 ray::WorkerDict
1720305 63795412 ray::WorkerDict
1720306 63791304 ray::WorkerDict
1317539 4818476 VLLM::Worker_TP
1317538 4816580 VLLM::Worker_TP
1796798 2974936 ray::AgentLoopW
1796796 2866512 ray::AgentLoopW
1796794 2474976 ray::AgentLoopW
== 2026-09-05T00:40:15+09:00
Mem:            1007         712         291         367         375         294
    PID   RSS COMMAND
1786196 87706776 VLLM::Worker
1786197 87705736 VLLM::Worker
1786195 87700032 VLLM::Worker
1786194 87348008 VLLM::Worker
1720303 64076864 ray::WorkerDict
1720304 63806312 ray::WorkerDict
1720305 63795412 ray::WorkerDict
1720306 63791304 ray::WorkerDict
1317539 4818476 VLLM::Worker_TP
1317538 4816580 VLLM::Worker_TP
1796798 2974936 ray::AgentLoopW
1796796 2866512 ray::AgentLoopW
1796794 2474976 ray::AgentLoopW
== 2026-09-05T00:40:35+09:00
Mem:            1007         712         291         367         375         294
    PID   RSS COMMAND
1786196 87712152 VLLM::Worker
1786197 87704720 VLLM::Worker
1786195 87700032 VLLM::Worker
1786194 87347064 VLLM::Worker
1720303 64076864 ray::WorkerDict
1720304 63806312 ray::WorkerDict
1720305 63795412 ray::WorkerDict
1720306 63791304 ray::WorkerDict
1317539 4818476 VLLM::Worker_TP
1317538 4816580 VLLM::Worker_TP
1796798 2974936 ray::AgentLoopW
1796796 2866512 ray::AgentLoopW
1796794 2474976 ray::AgentLoopW
== 2026-09-05T00:40:55+09:00
Mem:            1007         712         291         367         376         294
    PID   RSS COMMAND
1786196 87712152 VLLM::Worker
1786197 87704720 VLLM::Worker
1786195 87700032 VLLM::Worker
1786194 87347064 VLLM::Worker
1720303 64076864 ray::WorkerDict
1720304 63806312 ray::WorkerDict
1720305 63795412 ray::WorkerDict
1720306 63791304 ray::WorkerDict
1317539 4818476 VLLM::Worker_TP
1317538 4816580 VLLM::Worker_TP
1796798 2974936 ray::AgentLoopW
1796796 2866512 ray::AgentLoopW
1796794 2474976 ray::AgentLoopW
== 2026-09-05T00:41:15+09:00
Mem:            1007         712         291         367         376         294
    PID   RSS COMMAND
1786196 87705292 VLLM::Worker
1786197 87704720 VLLM::Worker
1786195 87700032 VLLM::Worker
1786194 87345048 VLLM::Worker
1720303 64076864 ray::WorkerDict
1720304 63806312 ray::WorkerDict
1720305 63795412 ray::WorkerDict
1720306 63791304 ray::WorkerDict
1317539 4818476 VLLM::Worker_TP
1317538 4816580 VLLM::Worker_TP
1796798 2974936 ray::AgentLoopW
1796796 2866512 ray::AgentLoopW
1796794 2473604 ray::AgentLoopW
== 2026-09-05T00:41:35+09:00
Mem:            1007         712         291         367         376         294
    PID   RSS COMMAND
1786196 87705292 VLLM::Worker
1786197 87704720 VLLM::Worker
1786195 87694760 VLLM::Worker
1786194 87344040 VLLM::Worker
1720303 64076864 ray::WorkerDict
1720304 63806312 ray::WorkerDict
1720305 63795412 ray::WorkerDict
1720306 63791304 ray::WorkerDict
1317539 4818476 VLLM::Worker_TP
1317538 4816580 VLLM::Worker_TP
1796798 2974936 ray::AgentLoopW
1796796 2866512 ray::AgentLoopW
1796794 2470740 ray::AgentLoopW
== 2026-09-05T00:41:55+09:00
Mem:            1007         712         291         367         376         294
    PID   RSS COMMAND
1786196 87705292 VLLM::Worker
1786197 87704720 VLLM::Worker
1786195 87694760 VLLM::Worker
1786194 87344040 VLLM::Worker
1720303 64076864 ray::WorkerDict
1720304 63806312 ray::WorkerDict
1720305 63795412 ray::WorkerDict
1720306 63791304 ray::WorkerDict
1317539 4818476 VLLM::Worker_TP
1317538 4816580 VLLM::Worker_TP
1796798 2974936 ray::AgentLoopW
1796796 2866512 ray::AgentLoopW
1796794 2470740 ray::AgentLoopW
== 2026-09-05T00:42:15+09:00
Mem:            1007         712         291         367         376         294
    PID   RSS COMMAND
1786196 87705292 VLLM::Worker
1786197 87704720 VLLM::Worker
1786195 87694760 VLLM::Worker
1786194 87344040 VLLM::Worker
1720303 64076864 ray::WorkerDict
1720304 63806312 ray::WorkerDict
1720305 63795412 ray::WorkerDict
1720306 63791304 ray::WorkerDict
1317539 4818476 VLLM::Worker_TP
1317538 4816580 VLLM::Worker_TP
1796798 2974936 ray::AgentLoopW
1796796 2866512 ray::AgentLoopW
1796794 2470740 ray::AgentLoopW
== 2026-09-05T00:42:36+09:00
Mem:            1007         712         291         367         376         294
    PID   RSS COMMAND
1786196 87705292 VLLM::Worker
1786197 87704720 VLLM::Worker
1786195 87694760 VLLM::Worker
1786194 87344040 VLLM::Worker
1720303 64076864 ray::WorkerDict
1720304 63806312 ray::WorkerDict
1720305 63795412 ray::WorkerDict
1720306 63791304 ray::WorkerDict
1317539 4818476 VLLM::Worker_TP
1317538 4816580 VLLM::Worker_TP
1796798 2974936 ray::AgentLoopW
1796796 2866512 ray::AgentLoopW
1796794 2470740 ray::AgentLoopW
== 2026-09-05T00:42:56+09:00
Mem:            1007         712         291         367         376         294
    PID   RSS COMMAND
1786196 87705292 VLLM::Worker
1786197 87702864 VLLM::Worker
1786195 87694760 VLLM::Worker
1786194 87344040 VLLM::Worker
1720303 64076864 ray::WorkerDict
1720304 63806312 ray::WorkerDict
1720305 63795412 ray::WorkerDict
1720306 63791304 ray::WorkerDict
1317539 4818476 VLLM::Worker_TP
1317538 4816580 VLLM::Worker_TP
1796798 2974936 ray::AgentLoopW
1796796 2866512 ray::AgentLoopW
1796794 2470740 ray::AgentLoopW
== 2026-09-05T00:43:16+09:00
Mem:            1007         485         519         367         376         522
    PID   RSS COMMAND
1786196 87705292 VLLM::Worker
1786197 87702864 VLLM::Worker
1786195 87694760 VLLM::Worker
1786194 87344040 VLLM::Worker
1317539 4818476 VLLM::Worker_TP
1317538 4816580 VLLM::Worker_TP
1720303 4508784 ray::WorkerDict
1720305 4185108 ray::WorkerDict
1720306 4158080 ray::WorkerDict
1720304 4125468 ray::WorkerDict
1796798 2974936 ray::AgentLoopW
1796796 2866512 ray::AgentLoopW
1796794 2470740 ray::AgentLoopW
== 2026-09-05T00:43:36+09:00
Mem:            1007         485         519         367         376         522
    PID   RSS COMMAND
1786196 87705292 VLLM::Worker
1786197 87702864 VLLM::Worker
1786195 87694760 VLLM::Worker
1786194 87344040 VLLM::Worker
1317539 4818476 VLLM::Worker_TP
1317538 4816580 VLLM::Worker_TP
1720303 4508784 ray::WorkerDict
1720305 4185108 ray::WorkerDict
1720306 4158080 ray::WorkerDict
1720304 4125468 ray::WorkerDict
1796798 2974936 ray::AgentLoopW
1796796 2866512 ray::AgentLoopW
1796794 2470740 ray::AgentLoopW
== 2026-09-05T00:43:56+09:00
Mem:            1007         485         519         367         376         522
    PID   RSS COMMAND
1786196 87705292 VLLM::Worker
1786197 87702864 VLLM::Worker
1786195 87694760 VLLM::Worker
1786194 87344040 VLLM::Worker
1317539 4818476 VLLM::Worker_TP
1317538 4816580 VLLM::Worker_TP
1720303 4508784 ray::WorkerDict
1720305 4185108 ray::WorkerDict
1720306 4158080 ray::WorkerDict
1720304 4125468 ray::WorkerDict
1796798 2974936 ray::AgentLoopW
1796796 2866512 ray::AgentLoopW
1796794 2470740 ray::AgentLoopW
== 2026-09-05T00:44:16+09:00
Mem:            1007         485         518         367         376         522
    PID   RSS COMMAND
1786196 87705292 VLLM::Worker
1786197 87702864 VLLM::Worker
1786195 87694760 VLLM::Worker
1786194 87344040 VLLM::Worker
1317539 4818476 VLLM::Worker_TP
1317538 4816580 VLLM::Worker_TP
1720303 4508784 ray::WorkerDict
1720305 4185108 ray::WorkerDict
1720306 4158848 ray::WorkerDict
1720304 4125468 ray::WorkerDict
1796798 2974936 ray::AgentLoopW
1796796 2866512 ray::AgentLoopW
1796794 2470740 ray::AgentLoopW
== 2026-09-05T00:44:36+09:00
Mem:            1007         485         518         367         376         522
    PID   RSS COMMAND
1786196 87705292 VLLM::Worker
1786197 87702864 VLLM::Worker
1786195 87694760 VLLM::Worker
1786194 87344040 VLLM::Worker
1317539 4818476 VLLM::Worker_TP
1317538 4816580 VLLM::Worker_TP
1720303 4521796 ray::WorkerDict
1720305 4188932 ray::WorkerDict
1720306 4161848 ray::WorkerDict
1720304 4128248 ray::WorkerDict
1796798 2974936 ray::AgentLoopW
1796796 2866512 ray::AgentLoopW
1796794 2470740 ray::AgentLoopW
== 2026-09-05T00:44:56+09:00
Mem:            1007         485         518         367         376         522
    PID   RSS COMMAND
1786196 87705292 VLLM::Worker
1786197 87702864 VLLM::Worker
1786195 87694760 VLLM::Worker
1786194 87344040 VLLM::Worker
1317539 4818476 VLLM::Worker_TP
1317538 4816580 VLLM::Worker_TP
1720303 4521796 ray::WorkerDict
1720305 4188932 ray::WorkerDict
1720306 4161848 ray::WorkerDict
1720304 4128248 ray::WorkerDict
1796798 2974936 ray::AgentLoopW
1796796 2866512 ray::AgentLoopW
1796794 2470740 ray::AgentLoopW
== 2026-09-05T00:45:16+09:00
Mem:            1007         485         518         367         376         522
    PID   RSS COMMAND
1786196 87705292 VLLM::Worker
1786197 87702864 VLLM::Worker
1786195 87694760 VLLM::Worker
1786194 87344040 VLLM::Worker
1317539 4818476 VLLM::Worker_TP
1317538 4816580 VLLM::Worker_TP
1720303 4521796 ray::WorkerDict
1720305 4188932 ray::WorkerDict
1720306 4161848 ray::WorkerDict
1720304 4128248 ray::WorkerDict
1796798 2974936 ray::AgentLoopW
1796796 2866512 ray::AgentLoopW
1796794 2470740 ray::AgentLoopW
== 2026-09-05T00:45:36+09:00
Mem:            1007         485         518         367         376         522
    PID   RSS COMMAND
1786196 87705292 VLLM::Worker
1786197 87702864 VLLM::Worker
1786195 87694760 VLLM::Worker
1786194 87344040 VLLM::Worker
1317539 4818476 VLLM::Worker_TP
1317538 4816580 VLLM::Worker_TP
1720303 4521796 ray::WorkerDict
1720305 4188932 ray::WorkerDict
1720306 4161848 ray::WorkerDict
1720304 4128248 ray::WorkerDict
1796798 2974936 ray::AgentLoopW
1796796 2866512 ray::AgentLoopW
1796794 2470740 ray::AgentLoopW
== 2026-09-05T00:45:56+09:00
Mem:            1007         485         518         367         376         522
    PID   RSS COMMAND
1786196 87705292 VLLM::Worker
1786197 87702864 VLLM::Worker
1786195 87694760 VLLM::Worker
1786194 87344040 VLLM::Worker
1317539 4818476 VLLM::Worker_TP
1317538 4816580 VLLM::Worker_TP
1720303 4521796 ray::WorkerDict
1720305 4188932 ray::WorkerDict
1720306 4161848 ray::WorkerDict
1720304 4128248 ray::WorkerDict
1796798 2974936 ray::AgentLoopW
1796796 2866512 ray::AgentLoopW
1796794 2470740 ray::AgentLoopW
== 2026-09-05T00:46:16+09:00
Mem:            1007         485         518         367         376         522
    PID   RSS COMMAND
1786196 87705292 VLLM::Worker
1786197 87702864 VLLM::Worker
1786195 87694760 VLLM::Worker
1786194 87344040 VLLM::Worker
1317539 4818476 VLLM::Worker_TP
1317538 4816580 VLLM::Worker_TP
1720303 4521796 ray::WorkerDict
1720305 4188932 ray::WorkerDict
1720306 4161848 ray::WorkerDict
1720304 4128248 ray::WorkerDict
1796798 2974936 ray::AgentLoopW
1796796 2866512 ray::AgentLoopW
1796794 2470740 ray::AgentLoopW
== 2026-09-05T00:46:36+09:00
Mem:            1007         485         518         367         376         522
    PID   RSS COMMAND
1786196 87705292 VLLM::Worker
1786197 87702864 VLLM::Worker
1786195 87694760 VLLM::Worker
1786194 87344040 VLLM::Worker
1317539 4818476 VLLM::Worker_TP
1317538 4816580 VLLM::Worker_TP
1720303 4521796 ray::WorkerDict
1720305 4188932 ray::WorkerDict
1720306 4161848 ray::WorkerDict
1720304 4128248 ray::WorkerDict
1796798 2974936 ray::AgentLoopW
1796796 2866512 ray::AgentLoopW
1796794 2470740 ray::AgentLoopW
== 2026-09-05T00:46:56+09:00
Mem:            1007         485         518         367         376         522
    PID   RSS COMMAND
1786196 87705292 VLLM::Worker
1786197 87702864 VLLM::Worker
1786195 87694760 VLLM::Worker
1786194 87344040 VLLM::Worker
1317539 4818476 VLLM::Worker_TP
1317538 4816580 VLLM::Worker_TP
1720303 4524100 ray::WorkerDict
1720305 4188932 ray::WorkerDict
1720306 4161848 ray::WorkerDict
1720304 4128248 ray::WorkerDict
1796798 2974936 ray::AgentLoopW
1796796 2866512 ray::AgentLoopW
1796794 2470740 ray::AgentLoopW
== 2026-09-05T00:47:16+09:00
Mem:            1007         485         518         367         376         522
    PID   RSS COMMAND
1786196 87705292 VLLM::Worker
1786197 87702864 VLLM::Worker
1786195 87694760 VLLM::Worker
1786194 87344040 VLLM::Worker
1317539 4818476 VLLM::Worker_TP
1317538 4816580 VLLM::Worker_TP
1720303 4524100 ray::WorkerDict
1720305 4188932 ray::WorkerDict
1720306 4161848 ray::WorkerDict
1720304 4128248 ray::WorkerDict
1796798 2974936 ray::AgentLoopW
1796796 2866512 ray::AgentLoopW
1796794 2470740 ray::AgentLoopW
== 2026-09-05T00:47:36+09:00
Mem:            1007         485         518         367         376         522
    PID   RSS COMMAND
1786196 87705292 VLLM::Worker
1786197 87702864 VLLM::Worker
1786195 87694760 VLLM::Worker
1786194 87344040 VLLM::Worker
1317539 4818476 VLLM::Worker_TP
1317538 4816580 VLLM::Worker_TP
1720303 4524100 ray::WorkerDict
1720305 4188932 ray::WorkerDict
1720306 4161848 ray::WorkerDict
1720304 4128248 ray::WorkerDict
1796798 2974936 ray::AgentLoopW
1796796 2866512 ray::AgentLoopW
1796794 2470740 ray::AgentLoopW
== 2026-09-05T00:47:56+09:00
Mem:            1007         485         518         367         376         522
    PID   RSS COMMAND
1786196 87705292 VLLM::Worker
1786197 87702864 VLLM::Worker
1786195 87694760 VLLM::Worker
1786194 87344040 VLLM::Worker
1317539 4818476 VLLM::Worker_TP
1317538 4816580 VLLM::Worker_TP
1720303 4524100 ray::WorkerDict
1720305 4188932 ray::WorkerDict
1720306 4161848 ray::WorkerDict
1720304 4128248 ray::WorkerDict
1796798 2974936 ray::AgentLoopW
1796796 2866512 ray::AgentLoopW
1796794 2470740 ray::AgentLoopW
== 2026-09-05T00:48:16+09:00
Mem:            1007         485         518         367         376         522
    PID   RSS COMMAND
1786196 87705292 VLLM::Worker
1786197 87702864 VLLM::Worker
1786195 87694760 VLLM::Worker
1786194 87344040 VLLM::Worker
1317539 4818476 VLLM::Worker_TP
1317538 4816580 VLLM::Worker_TP
1720303 4524100 ray::WorkerDict
1720305 4188932 ray::WorkerDict
1720306 4162616 ray::WorkerDict
1720304 4128248 ray::WorkerDict
1796798 2974936 ray::AgentLoopW
1796796 2866512 ray::AgentLoopW
1796794 2470740 ray::AgentLoopW
== 2026-09-05T00:48:36+09:00
Mem:            1007         485         518         367         376         522
    PID   RSS COMMAND
1786196 87705292 VLLM::Worker
1786197 87702864 VLLM::Worker
1786195 87694760 VLLM::Worker
1786194 87344040 VLLM::Worker
1317539 4818476 VLLM::Worker_TP
1317538 4816580 VLLM::Worker_TP
1720303 4524100 ray::WorkerDict
1720305 4188932 ray::WorkerDict
1720306 4162616 ray::WorkerDict
1720304 4128248 ray::WorkerDict
1796798 2974936 ray::AgentLoopW
1796796 2866512 ray::AgentLoopW
1796794 2470740 ray::AgentLoopW
== 2026-09-05T00:48:56+09:00
Mem:            1007         485         518         367         376         522
    PID   RSS COMMAND
1786196 87705292 VLLM::Worker
1786197 87702864 VLLM::Worker
1786195 87694760 VLLM::Worker
1786194 87344040 VLLM::Worker
1317539 4818476 VLLM::Worker_TP
1317538 4816580 VLLM::Worker_TP
1720303 4524868 ray::WorkerDict
1720305 4188932 ray::WorkerDict
1720306 4162616 ray::WorkerDict
1720304 4128248 ray::WorkerDict
1796798 2974936 ray::AgentLoopW
1796796 2866512 ray::AgentLoopW
1796794 2470740 ray::AgentLoopW
== 2026-09-05T00:49:16+09:00
Mem:            1007         485         518         367         376         522
    PID   RSS COMMAND
1786196 87705292 VLLM::Worker
1786197 87702864 VLLM::Worker
1786195 87694760 VLLM::Worker
1786194 87344040 VLLM::Worker
1317539 4818476 VLLM::Worker_TP
1317538 4816580 VLLM::Worker_TP
1720303 4524868 ray::WorkerDict
1720305 4188932 ray::WorkerDict
1720306 4162616 ray::WorkerDict
1720304 4129016 ray::WorkerDict
1796798 2974936 ray::AgentLoopW
1796796 2866512 ray::AgentLoopW
1796794 2470740 ray::AgentLoopW
== 2026-09-05T00:49:36+09:00
Mem:            1007         485         518         367         376         522
    PID   RSS COMMAND
1786196 87705292 VLLM::Worker
1786197 87702864 VLLM::Worker
1786195 87694760 VLLM::Worker
1786194 87344040 VLLM::Worker
1317539 4818476 VLLM::Worker_TP
1317538 4816580 VLLM::Worker_TP
1720303 4525636 ray::WorkerDict
1720305 4189700 ray::WorkerDict
1720306 4163384 ray::WorkerDict
1720304 4129784 ray::WorkerDict
1796798 2974936 ray::AgentLoopW
1796796 2866512 ray::AgentLoopW
1796794 2470740 ray::AgentLoopW
== 2026-09-05T00:49:56+09:00
Mem:            1007         485         518         367         376         522
    PID   RSS COMMAND
1786196 87705292 VLLM::Worker
1786197 87702864 VLLM::Worker
1786195 87694760 VLLM::Worker
1786194 87344040 VLLM::Worker
1317539 4818476 VLLM::Worker_TP
1317538 4816580 VLLM::Worker_TP
1720303 4525636 ray::WorkerDict
1720305 4189700 ray::WorkerDict
1720306 4163384 ray::WorkerDict
1720304 4129784 ray::WorkerDict
1796798 2974936 ray::AgentLoopW
1796796 2866512 ray::AgentLoopW
1796794 2470740 ray::AgentLoopW
== 2026-09-05T00:50:16+09:00
Mem:            1007         558         445         367         376         448
    PID   RSS COMMAND
1786196 87705292 VLLM::Worker
1786197 87702864 VLLM::Worker
1786195 87693736 VLLM::Worker
1786194 87344040 VLLM::Worker
1720303 23924712 ray::WorkerDict
1720304 23600536 ray::WorkerDict
1720306 23240120 ray::WorkerDict
1720305 23207952 ray::WorkerDict
1317539 4818476 VLLM::Worker_TP
1317538 4816580 VLLM::Worker_TP
1796798 2974936 ray::AgentLoopW
1796796 2866512 ray::AgentLoopW
1796794 2470740 ray::AgentLoopW
== 2026-09-05T00:50:36+09:00
Mem:            1007         693         310         367         376         313
    PID   RSS COMMAND
1786196 87705292 VLLM::Worker
1786197 87702864 VLLM::Worker
1786195 87693736 VLLM::Worker
1786194 87344040 VLLM::Worker
1720303 59219004 ray::WorkerDict
1720304 58894672 ray::WorkerDict
1720306 58670264 ray::WorkerDict
1720305 58641216 ray::WorkerDict
1317539 4818476 VLLM::Worker_TP
1317538 4816580 VLLM::Worker_TP
1796798 2974936 ray::AgentLoopW
1796796 2866512 ray::AgentLoopW
1796794 2470740 ray::AgentLoopW
== 2026-09-05T00:50:56+09:00
Mem:            1007         714         289         367         376         293
    PID   RSS COMMAND
1786196 87705292 VLLM::Worker
1786197 87702864 VLLM::Worker
1786195 87693736 VLLM::Worker
1786194 87344040 VLLM::Worker
1720304 64549056 ray::WorkerDict
1720303 64480404 ray::WorkerDict
1720305 63944436 ray::WorkerDict
1720306 63922676 ray::WorkerDict
1317539 4818476 VLLM::Worker_TP
1317538 4816580 VLLM::Worker_TP
1796798 2974936 ray::AgentLoopW
1796796 2866512 ray::AgentLoopW
1796794 2470740 ray::AgentLoopW
== 2026-09-05T00:51:16+09:00
Mem:            1007         713         290         367         376         294
    PID   RSS COMMAND
1786196 87705292 VLLM::Worker
1786197 87702864 VLLM::Worker
1786195 87693736 VLLM::Worker
1786194 87344040 VLLM::Worker
1720303 64103572 ray::WorkerDict
1720304 63976072 ray::WorkerDict
1720306 63796724 ray::WorkerDict
1720305 63778808 ray::WorkerDict
1317539 4818476 VLLM::Worker_TP
1317538 4816580 VLLM::Worker_TP
1796798 2974936 ray::AgentLoopW
1796796 2866512 ray::AgentLoopW
1796794 2470740 ray::AgentLoopW
== 2026-09-05T00:51:36+09:00
Mem:            1007         713         290         367         376         294
    PID   RSS COMMAND
1786196 87709900 VLLM::Worker
1786197 87702864 VLLM::Worker
1786195 87694504 VLLM::Worker
1786194 87345576 VLLM::Worker
1720303 64103572 ray::WorkerDict
1720306 63796724 ray::WorkerDict
1720305 63778808 ray::WorkerDict
1720304 63763064 ray::WorkerDict
1317539 4818476 VLLM::Worker_TP
1317538 4816580 VLLM::Worker_TP
1796798 2998844 ray::AgentLoopW
1796796 2867280 ray::AgentLoopW
1796794 2541188 ray::AgentLoopW
== 2026-09-05T00:51:56+09:00
Mem:            1007         713         290         367         376         294
    PID   RSS COMMAND
1786196 87712972 VLLM::Worker
1786197 87702864 VLLM::Worker
1786195 87694504 VLLM::Worker
1786194 87345576 VLLM::Worker
1720303 64103572 ray::WorkerDict
1720306 63796724 ray::WorkerDict
1720305 63778808 ray::WorkerDict
1720304 63763064 ray::WorkerDict
1317539 4818476 VLLM::Worker_TP
1317538 4816580 VLLM::Worker_TP
1796798 2998844 ray::AgentLoopW
1796796 2867280 ray::AgentLoopW
1796794 2541188 ray::AgentLoopW
== 2026-09-05T00:52:17+09:00
Mem:            1007         713         290         367         376         294
    PID   RSS COMMAND
1786196 87704596 VLLM::Worker
1786197 87699792 VLLM::Worker
1786195 87691432 VLLM::Worker
1786194 87340200 VLLM::Worker
1720303 64087444 ray::WorkerDict
1720306 63782132 ray::WorkerDict
1720305 63764216 ray::WorkerDict
1720304 63748472 ray::WorkerDict
1317539 4818476 VLLM::Worker_TP
1317538 4816580 VLLM::Worker_TP
1796798 2994236 ray::AgentLoopW
1796796 2865744 ray::AgentLoopW
1796794 2540292 ray::AgentLoopW
== 2026-09-05T00:52:37+09:00
Mem:            1007         713         290         367         376         294
    PID   RSS COMMAND
1786196 87703232 VLLM::Worker
1786197 87699792 VLLM::Worker
1786195 87691432 VLLM::Worker
1786194 87343272 VLLM::Worker
1720303 64088212 ray::WorkerDict
1720306 63782132 ray::WorkerDict
1720305 63764984 ray::WorkerDict
1720304 63748472 ray::WorkerDict
1317539 4818476 VLLM::Worker_TP
1317538 4816580 VLLM::Worker_TP
1796798 2995004 ray::AgentLoopW
1796796 2864208 ray::AgentLoopW
1796794 2541828 ray::AgentLoopW
== 2026-09-05T00:52:57+09:00
Mem:            1007         713         289         367         377         294
    PID   RSS COMMAND
1786196 87702488 VLLM::Worker
1786197 87700260 VLLM::Worker
1786195 87692492 VLLM::Worker
1786194 87343292 VLLM::Worker
1720303 64081312 ray::WorkerDict
1720306 63775744 ray::WorkerDict
1720305 63758352 ray::WorkerDict
1720304 63744804 ray::WorkerDict
1317539 4813580 VLLM::Worker_TP
1317538 4810136 VLLM::Worker_TP
1796798 2998620 ray::AgentLoopW
1796796 2865224 ray::AgentLoopW
1796794 2547776 ray::AgentLoopW
== 2026-09-05T00:53:17+09:00
Mem:            1007         713         289         367         377         294
    PID   RSS COMMAND
1786196 87702488 VLLM::Worker
1786197 87700260 VLLM::Worker
1786195 87692492 VLLM::Worker
1786194 87340268 VLLM::Worker
1720303 64081312 ray::WorkerDict
1720306 63775744 ray::WorkerDict
1720305 63758352 ray::WorkerDict
1720304 63744804 ray::WorkerDict
1317539 4813580 VLLM::Worker_TP
1317538 4810136 VLLM::Worker_TP
1796798 3000156 ray::AgentLoopW
1796796 2865224 ray::AgentLoopW
1796794 2547776 ray::AgentLoopW
== 2026-09-05T00:53:37+09:00
Mem:            1007         713         289         367         377         294
    PID   RSS COMMAND
1786196 87702488 VLLM::Worker
1786197 87700260 VLLM::Worker
1786195 87692492 VLLM::Worker
1786194 87340268 VLLM::Worker
1720303 64081312 ray::WorkerDict
1720306 63775744 ray::WorkerDict
1720305 63758352 ray::WorkerDict
1720304 63744804 ray::WorkerDict
1317539 4813580 VLLM::Worker_TP
1317538 4810136 VLLM::Worker_TP
1796798 3000156 ray::AgentLoopW
1796796 2865224 ray::AgentLoopW
1796794 2547776 ray::AgentLoopW
== 2026-09-05T00:53:57+09:00
Mem:            1007         713         289         367         377         294
    PID   RSS COMMAND
1786196 87702488 VLLM::Worker
1786197 87700260 VLLM::Worker
1786195 87691468 VLLM::Worker
1786194 87340268 VLLM::Worker
1720303 64081312 ray::WorkerDict
1720306 63775744 ray::WorkerDict
1720305 63758352 ray::WorkerDict
1720304 63744804 ray::WorkerDict
1317539 4813580 VLLM::Worker_TP
1317538 4810136 VLLM::Worker_TP
1796798 3000156 ray::AgentLoopW
1796796 2865224 ray::AgentLoopW
1796794 2547776 ray::AgentLoopW
== 2026-09-05T00:54:17+09:00
Mem:            1007         713         289         367         377         294
    PID   RSS COMMAND
1786196 87702488 VLLM::Worker
1786197 87700260 VLLM::Worker
1786195 87691468 VLLM::Worker
1786194 87340268 VLLM::Worker
1720303 64081312 ray::WorkerDict
1720306 63775744 ray::WorkerDict
1720305 63758352 ray::WorkerDict
1720304 63744804 ray::WorkerDict
1317539 4813580 VLLM::Worker_TP
1317538 4810136 VLLM::Worker_TP
1796798 3000156 ray::AgentLoopW
1796796 2865224 ray::AgentLoopW
1796794 2546260 ray::AgentLoopW
== 2026-09-05T00:54:37+09:00
Mem:            1007         713         289         367         377         294
    PID   RSS COMMAND
1786196 87702488 VLLM::Worker
1786197 87700260 VLLM::Worker
1786195 87690452 VLLM::Worker
1786194 87339260 VLLM::Worker
1720303 64081312 ray::WorkerDict
1720306 63775744 ray::WorkerDict
1720305 63758352 ray::WorkerDict
1720304 63744804 ray::WorkerDict
1317539 4813580 VLLM::Worker_TP
1317538 4810136 VLLM::Worker_TP
1796798 3000156 ray::AgentLoopW
1796796 2865224 ray::AgentLoopW
1796794 2546260 ray::AgentLoopW
== 2026-09-05T00:54:57+09:00
Mem:            1007         713         289         367         377         294
    PID   RSS COMMAND
1786196 87701504 VLLM::Worker
1786197 87700260 VLLM::Worker
1786195 87690452 VLLM::Worker
1786194 87339260 VLLM::Worker
1720303 64081312 ray::WorkerDict
1720306 63775744 ray::WorkerDict
1720305 63758352 ray::WorkerDict
1720304 63744804 ray::WorkerDict
1317539 4813580 VLLM::Worker_TP
1317538 4810136 VLLM::Worker_TP
1796798 3000156 ray::AgentLoopW
1796796 2865224 ray::AgentLoopW
1796794 2546260 ray::AgentLoopW
== 2026-09-05T00:55:17+09:00
Mem:            1007         485         517         367         377         522
    PID   RSS COMMAND
1786196 87701504 VLLM::Worker
1786197 87700260 VLLM::Worker
1786195 87690452 VLLM::Worker
1786194 87339260 VLLM::Worker
1317539 4813580 VLLM::Worker_TP
1317538 4810136 VLLM::Worker_TP
1720303 4527344 ray::WorkerDict
1720305 4186816 ray::WorkerDict
1720306 4161296 ray::WorkerDict
1720304 4130160 ray::WorkerDict
1796798 3000156 ray::AgentLoopW
1796796 2865224 ray::AgentLoopW
1796794 2546260 ray::AgentLoopW
== 2026-09-05T00:55:37+09:00
Mem:            1007         485         517         367         377         522
    PID   RSS COMMAND
1786196 87701504 VLLM::Worker
1786197 87700260 VLLM::Worker
1786195 87690452 VLLM::Worker
1786194 87339260 VLLM::Worker
1317539 4813580 VLLM::Worker_TP
1317538 4810136 VLLM::Worker_TP
1720303 4527344 ray::WorkerDict
1720305 4186816 ray::WorkerDict
1720306 4162064 ray::WorkerDict
1720304 4130928 ray::WorkerDict
1796798 3000156 ray::AgentLoopW
1796796 2865224 ray::AgentLoopW
1796794 2546260 ray::AgentLoopW
== 2026-09-05T00:55:57+09:00
Mem:            1007         485         517         367         377         522
    PID   RSS COMMAND
1786196 87701504 VLLM::Worker
1786197 87700260 VLLM::Worker
1786195 87690452 VLLM::Worker
1786194 87339260 VLLM::Worker
1317539 4813580 VLLM::Worker_TP
1317538 4810136 VLLM::Worker_TP
1720303 4527344 ray::WorkerDict
1720305 4186816 ray::WorkerDict
1720306 4162064 ray::WorkerDict
1720304 4130928 ray::WorkerDict
1796798 3000156 ray::AgentLoopW
1796796 2865224 ray::AgentLoopW
1796794 2546260 ray::AgentLoopW
== 2026-09-05T00:56:17+09:00
Mem:            1007         485         517         367         377         522
    PID   RSS COMMAND
1786196 87701504 VLLM::Worker
1786197 87700260 VLLM::Worker
1786195 87690452 VLLM::Worker
1786194 87339260 VLLM::Worker
1317539 4813580 VLLM::Worker_TP
1317538 4810136 VLLM::Worker_TP
1720303 4527344 ray::WorkerDict
1720305 4186816 ray::WorkerDict
1720306 4162064 ray::WorkerDict
1720304 4130928 ray::WorkerDict
1796798 3000156 ray::AgentLoopW
1796796 2865224 ray::AgentLoopW
1796794 2546260 ray::AgentLoopW
== 2026-09-05T00:56:37+09:00
Mem:            1007         485         517         367         377         522
    PID   RSS COMMAND
1786196 87701504 VLLM::Worker
1786197 87700260 VLLM::Worker
1786195 87690452 VLLM::Worker
1786194 87339260 VLLM::Worker
1317539 4813580 VLLM::Worker_TP
1317538 4810136 VLLM::Worker_TP
1720303 4527344 ray::WorkerDict
1720305 4186816 ray::WorkerDict
1720306 4162064 ray::WorkerDict
1720304 4130928 ray::WorkerDict
1796798 3000156 ray::AgentLoopW
1796796 2865224 ray::AgentLoopW
1796794 2546260 ray::AgentLoopW
== 2026-09-05T00:56:57+09:00
Mem:            1007         485         517         367         377         522
    PID   RSS COMMAND
1786196 87701504 VLLM::Worker
1786197 87700260 VLLM::Worker
1786195 87690452 VLLM::Worker
1786194 87339260 VLLM::Worker
1317539 4813580 VLLM::Worker_TP
1317538 4810136 VLLM::Worker_TP
1720303 4538692 ray::WorkerDict
1720305 4194876 ray::WorkerDict
1720306 4174232 ray::WorkerDict
1720304 4137188 ray::WorkerDict
1796798 3000156 ray::AgentLoopW
1796796 2865224 ray::AgentLoopW
1796794 2546260 ray::AgentLoopW
== 2026-09-05T00:57:17+09:00
Mem:            1007         485         517         367         377         522
    PID   RSS COMMAND
1786196 87701504 VLLM::Worker
1786197 87700260 VLLM::Worker
1786195 87690452 VLLM::Worker
1786194 87339260 VLLM::Worker
1317539 4813580 VLLM::Worker_TP
1317538 4810136 VLLM::Worker_TP
1720303 4538692 ray::WorkerDict
1720305 4194876 ray::WorkerDict
1720306 4174232 ray::WorkerDict
1720304 4137188 ray::WorkerDict
1796798 3000156 ray::AgentLoopW
1796796 2865224 ray::AgentLoopW
1796794 2546260 ray::AgentLoopW
== 2026-09-05T00:57:37+09:00
Mem:            1007         485         517         367         377         522
    PID   RSS COMMAND
1786196 87701504 VLLM::Worker
1786197 87700260 VLLM::Worker
1786195 87690452 VLLM::Worker
1786194 87339260 VLLM::Worker
1317539 4813580 VLLM::Worker_TP
1317538 4810136 VLLM::Worker_TP
1720303 4538692 ray::WorkerDict
1720305 4194876 ray::WorkerDict
1720306 4174232 ray::WorkerDict
1720304 4137188 ray::WorkerDict
1796798 3000156 ray::AgentLoopW
1796796 2865224 ray::AgentLoopW
1796794 2546260 ray::AgentLoopW
== 2026-09-05T00:57:57+09:00
Mem:            1007         485         517         367         377         522
    PID   RSS COMMAND
1786196 87701504 VLLM::Worker
1786197 87700260 VLLM::Worker
1786195 87690452 VLLM::Worker
1786194 87339260 VLLM::Worker
1317539 4813580 VLLM::Worker_TP
1317538 4810136 VLLM::Worker_TP
1720303 4538692 ray::WorkerDict
1720305 4194876 ray::WorkerDict
1720306 4174232 ray::WorkerDict
1720304 4137188 ray::WorkerDict
1796798 3000156 ray::AgentLoopW
1796796 2865224 ray::AgentLoopW
1796794 2546260 ray::AgentLoopW
== 2026-09-05T00:58:17+09:00
Mem:            1007         485         517         367         377         522
    PID   RSS COMMAND
1786196 87701504 VLLM::Worker
1786197 87700260 VLLM::Worker
1786195 87690452 VLLM::Worker
1786194 87339260 VLLM::Worker
1317539 4813580 VLLM::Worker_TP
1317538 4810136 VLLM::Worker_TP
1720303 4538692 ray::WorkerDict
1720305 4194876 ray::WorkerDict
1720306 4174232 ray::WorkerDict
1720304 4137188 ray::WorkerDict
1796798 3000156 ray::AgentLoopW
1796796 2865224 ray::AgentLoopW
1796794 2546260 ray::AgentLoopW
== 2026-09-05T00:58:37+09:00
Mem:            1007         485         517         367         377         522
    PID   RSS COMMAND
1786196 87701504 VLLM::Worker
1786197 87700260 VLLM::Worker
1786195 87690452 VLLM::Worker
1786194 87339260 VLLM::Worker
1317539 4813580 VLLM::Worker_TP
1317538 4813208 VLLM::Worker_TP
1720303 4538692 ray::WorkerDict
1720305 4194876 ray::WorkerDict
1720306 4174232 ray::WorkerDict
1720304 4137188 ray::WorkerDict
1796798 3000156 ray::AgentLoopW
1796796 2865224 ray::AgentLoopW
1796794 2546260 ray::AgentLoopW
== 2026-09-05T00:58:57+09:00
Mem:            1007         485         517         367         377         522
    PID   RSS COMMAND
1786196 87701504 VLLM::Worker
1786197 87700260 VLLM::Worker
1786195 87690452 VLLM::Worker
1786194 87339260 VLLM::Worker
1317539 4813580 VLLM::Worker_TP
1317538 4813208 VLLM::Worker_TP
1720303 4538692 ray::WorkerDict
1720305 4194876 ray::WorkerDict
1720306 4174232 ray::WorkerDict
1720304 4137188 ray::WorkerDict
1796798 3000156 ray::AgentLoopW
1796796 2865224 ray::AgentLoopW
1796794 2546260 ray::AgentLoopW
== 2026-09-05T00:59:17+09:00
Mem:            1007         485         517         367         377         522
    PID   RSS COMMAND
1786196 87701504 VLLM::Worker
1786197 87700260 VLLM::Worker
1786195 87690452 VLLM::Worker
1786194 87339260 VLLM::Worker
1317539 4813580 VLLM::Worker_TP
1317538 4813208 VLLM::Worker_TP
1720303 4538692 ray::WorkerDict
1720305 4194876 ray::WorkerDict
1720306 4174232 ray::WorkerDict
1720304 4137188 ray::WorkerDict
1796798 3000156 ray::AgentLoopW
1796796 2865224 ray::AgentLoopW
1796794 2546260 ray::AgentLoopW
== 2026-09-05T00:59:37+09:00
Mem:            1007         485         517         367         377         522
    PID   RSS COMMAND
1786196 87701504 VLLM::Worker
1786197 87700260 VLLM::Worker
1786195 87690452 VLLM::Worker
1786194 87339260 VLLM::Worker
1317539 4813580 VLLM::Worker_TP
1317538 4813208 VLLM::Worker_TP
1720303 4538692 ray::WorkerDict
1720305 4194876 ray::WorkerDict
1720306 4174232 ray::WorkerDict
1720304 4137188 ray::WorkerDict
1796798 3000156 ray::AgentLoopW
1796796 2865224 ray::AgentLoopW
1796794 2546260 ray::AgentLoopW
== 2026-09-05T00:59:57+09:00
Mem:            1007         485         517         367         377         522
    PID   RSS COMMAND
1786196 87701504 VLLM::Worker
1786197 87700260 VLLM::Worker
1786195 87690452 VLLM::Worker
1786194 87339260 VLLM::Worker
1317539 4813580 VLLM::Worker_TP
1317538 4813208 VLLM::Worker_TP
1720303 4538692 ray::WorkerDict
1720305 4194876 ray::WorkerDict
1720306 4174232 ray::WorkerDict
1720304 4137188 ray::WorkerDict
1796798 3000156 ray::AgentLoopW
1796796 2865224 ray::AgentLoopW
1796794 2546260 ray::AgentLoopW
== 2026-09-05T01:00:17+09:00
Mem:            1007         485         517         367         377         522
    PID   RSS COMMAND
1786196 87705344 VLLM::Worker
1786197 87703332 VLLM::Worker
1786195 87693524 VLLM::Worker
1786194 87342332 VLLM::Worker
1317539 4813580 VLLM::Worker_TP
1317538 4813208 VLLM::Worker_TP
1720303 4539460 ray::WorkerDict
1720305 4195644 ray::WorkerDict
1720306 4174232 ray::WorkerDict
1720304 4137188 ray::WorkerDict
1796798 3000156 ray::AgentLoopW
1796796 2865224 ray::AgentLoopW
1796794 2546260 ray::AgentLoopW
== 2026-09-05T01:00:37+09:00
Mem:            1007         485         517         367         377         522
    PID   RSS COMMAND
1786196 87705344 VLLM::Worker
1786197 87703332 VLLM::Worker
1786195 87693524 VLLM::Worker
1786194 87342332 VLLM::Worker
1317539 4813580 VLLM::Worker_TP
1317538 4813208 VLLM::Worker_TP
1720303 4539460 ray::WorkerDict
1720305 4195644 ray::WorkerDict
1720306 4174232 ray::WorkerDict
1720304 4137188 ray::WorkerDict
1796798 3000156 ray::AgentLoopW
1796796 2865224 ray::AgentLoopW
1796794 2546260 ray::AgentLoopW
== 2026-09-05T01:00:57+09:00
Mem:            1007         485         517         367         377         522
    PID   RSS COMMAND
1786196 87705344 VLLM::Worker
1786197 87703332 VLLM::Worker
1786195 87693524 VLLM::Worker
1786194 87342332 VLLM::Worker
1317539 4813580 VLLM::Worker_TP
1317538 4813208 VLLM::Worker_TP
1720303 4539460 ray::WorkerDict
1720305 4195644 ray::WorkerDict
1720306 4174232 ray::WorkerDict
1720304 4137188 ray::WorkerDict
1796798 3000156 ray::AgentLoopW
1796796 2865224 ray::AgentLoopW
1796794 2546260 ray::AgentLoopW
== 2026-09-05T01:01:17+09:00
Mem:            1007         485         517         367         377         522
    PID   RSS COMMAND
1786196 87705344 VLLM::Worker
1786197 87703332 VLLM::Worker
1786195 87693524 VLLM::Worker
1786194 87342332 VLLM::Worker
1317539 4812796 VLLM::Worker_TP
1317538 4811428 VLLM::Worker_TP
1720303 4539460 ray::WorkerDict
1720305 4195644 ray::WorkerDict
1720306 4174232 ray::WorkerDict
1720304 4137188 ray::WorkerDict
1796798 3000156 ray::AgentLoopW
1796796 2865224 ray::AgentLoopW
1796794 2546260 ray::AgentLoopW
== 2026-09-05T01:01:37+09:00
Mem:            1007         485         517         367         377         522
    PID   RSS COMMAND
1786196 87705344 VLLM::Worker
1786197 87703332 VLLM::Worker
1786195 87693524 VLLM::Worker
1786194 87342332 VLLM::Worker
1317539 4812796 VLLM::Worker_TP
1317538 4811428 VLLM::Worker_TP
1720303 4539460 ray::WorkerDict
1720305 4195644 ray::WorkerDict
1720306 4174232 ray::WorkerDict
1720304 4137188 ray::WorkerDict
1796798 3000156 ray::AgentLoopW
1796796 2865224 ray::AgentLoopW
1796794 2546260 ray::AgentLoopW
== 2026-09-05T01:01:57+09:00
Mem:            1007         485         517         367         377         522
    PID   RSS COMMAND
1786196 87705344 VLLM::Worker
1786197 87703332 VLLM::Worker
1786195 87693524 VLLM::Worker
1786194 87342332 VLLM::Worker
1317539 4811832 VLLM::Worker_TP
1317538 4810296 VLLM::Worker_TP
1720303 4539460 ray::WorkerDict
1720305 4195644 ray::WorkerDict
1720306 4174232 ray::WorkerDict
1720304 4137188 ray::WorkerDict
1796798 3000156 ray::AgentLoopW
1796796 2865224 ray::AgentLoopW
1796794 2546260 ray::AgentLoopW
== 2026-09-05T01:02:18+09:00
Mem:            1007         485         517         367         377         522
    PID   RSS COMMAND
1786196 87705344 VLLM::Worker
1786197 87703332 VLLM::Worker
1786195 87693524 VLLM::Worker
1786194 87342332 VLLM::Worker
1317539 4809936 VLLM::Worker_TP
1317538 4808360 VLLM::Worker_TP
1720303 4539460 ray::WorkerDict
1720305 4195644 ray::WorkerDict
1720306 4174232 ray::WorkerDict
1720304 4137188 ray::WorkerDict
1796798 3000156 ray::AgentLoopW
1796796 2865224 ray::AgentLoopW
1796794 2546260 ray::AgentLoopW
== 2026-09-05T01:02:38+09:00
Mem:            1007         485         517         367         377         522
    PID   RSS COMMAND
1786196 87705344 VLLM::Worker
1786197 87703332 VLLM::Worker
1786195 87693524 VLLM::Worker
1786194 87342332 VLLM::Worker
1317539 4809936 VLLM::Worker_TP
1317538 4806056 VLLM::Worker_TP
1720303 4542532 ray::WorkerDict
1720305 4195644 ray::WorkerDict
1720306 4174232 ray::WorkerDict
1720304 4137188 ray::WorkerDict
1796798 3000156 ray::AgentLoopW
1796796 2865224 ray::AgentLoopW
1796794 2546260 ray::AgentLoopW
== 2026-09-05T01:02:58+09:00
Mem:            1007         485         517         367         377         522
    PID   RSS COMMAND
1786196 87705344 VLLM::Worker
1786197 87703332 VLLM::Worker
1786195 87693524 VLLM::Worker
1786194 87342332 VLLM::Worker
1317539 4810704 VLLM::Worker_TP
1317538 4806056 VLLM::Worker_TP
1720303 4542532 ray::WorkerDict
1720305 4195644 ray::WorkerDict
1720306 4174232 ray::WorkerDict
1720304 4137188 ray::WorkerDict
1796798 3000156 ray::AgentLoopW
1796796 2865224 ray::AgentLoopW
1796794 2546260 ray::AgentLoopW
== 2026-09-05T01:03:18+09:00
Mem:            1007         541         454         367         384         466
    PID   RSS COMMAND
1786196 87705344 VLLM::Worker
1786197 87703332 VLLM::Worker
1786195 87693524 VLLM::Worker
1786194 87342332 VLLM::Worker
1720303 18744636 ray::WorkerDict
1720306 18633556 ray::WorkerDict
1720304 18596428 ray::WorkerDict
1720305 18591012 ray::WorkerDict
1317539 4810704 VLLM::Worker_TP
1317538 4806056 VLLM::Worker_TP
1796798 3000156 ray::AgentLoopW
1796796 2865224 ray::AgentLoopW
1796794 2546260 ray::AgentLoopW
== 2026-09-05T01:03:38+09:00
Mem:            1007         543         429         367         407         464
    PID   RSS COMMAND
1786196 87705344 VLLM::Worker
1786197 87703332 VLLM::Worker
1786195 87693524 VLLM::Worker
1786194 87342332 VLLM::Worker
1720303 18744636 ray::WorkerDict
1720306 18633556 ray::WorkerDict
1720304 18596428 ray::WorkerDict
1720305 18591012 ray::WorkerDict
1317539 4810704 VLLM::Worker_TP
1317538 4806056 VLLM::Worker_TP
1796798 3000156 ray::AgentLoopW
1796796 2865224 ray::AgentLoopW
1796794 2546260 ray::AgentLoopW
== 2026-09-05T01:03:58+09:00
Mem:            1007         544         412         367         423         463
    PID   RSS COMMAND
1786196 87705344 VLLM::Worker
1786197 87703332 VLLM::Worker
1786195 87693524 VLLM::Worker
1786194 87342332 VLLM::Worker
1720303 18744636 ray::WorkerDict
1720306 18633556 ray::WorkerDict
1720304 18596428 ray::WorkerDict
1720305 18591012 ray::WorkerDict
1317539 4810704 VLLM::Worker_TP
1317538 4806056 VLLM::Worker_TP
1796798 3000156 ray::AgentLoopW
1796796 2865224 ray::AgentLoopW
1796794 2546260 ray::AgentLoopW
== 2026-09-05T01:04:18+09:00
Mem:            1007         492         454         367         433         515
    PID   RSS COMMAND
1786196 87705344 VLLM::Worker
1786197 87703332 VLLM::Worker
1786195 87693524 VLLM::Worker
1786194 87342332 VLLM::Worker
1720303 5079436 ray::WorkerDict
1720306 4936120 ray::WorkerDict
1720304 4914528 ray::WorkerDict
1720305 4894528 ray::WorkerDict
1317539 4810704 VLLM::Worker_TP
1317538 4806056 VLLM::Worker_TP
1796798 3000156 ray::AgentLoopW
1796796 2865224 ray::AgentLoopW
1796794 2546260 ray::AgentLoopW
== 2026-09-05T01:04:38+09:00
Mem:            1007         628         318         367         433         379
    PID   RSS COMMAND
1786196 87705344 VLLM::Worker
1786197 87703332 VLLM::Worker
1786195 87693524 VLLM::Worker
1786194 87342332 VLLM::Worker
1720303 40809228 ray::WorkerDict
1720304 40646164 ray::WorkerDict
1720306 40041756 ray::WorkerDict
1720305 39989740 ray::WorkerDict
1317539 4810704 VLLM::Worker_TP
1317538 4806056 VLLM::Worker_TP
1796798 3000156 ray::AgentLoopW
1796796 2865224 ray::AgentLoopW
1796794 2546260 ray::AgentLoopW
== 2026-09-05T01:04:58+09:00
Mem:            1007         718         228         367         433         288
    PID   RSS COMMAND
1786196 87705344 VLLM::Worker
1786197 87703332 VLLM::Worker
1786195 87693524 VLLM::Worker
1786194 87342332 VLLM::Worker
1720303 64326604 ray::WorkerDict
1720306 64201392 ray::WorkerDict
1720304 64159576 ray::WorkerDict
1720305 64098360 ray::WorkerDict
1317539 4810704 VLLM::Worker_TP
1317538 4806056 VLLM::Worker_TP
1796798 3000156 ray::AgentLoopW
1796796 2865224 ray::AgentLoopW
1796794 2546260 ray::AgentLoopW
== 2026-09-05T01:05:18+09:00
Mem:            1007         718         227         367         433         288
    PID   RSS COMMAND
1786196 87705344 VLLM::Worker
1786197 87703332 VLLM::Worker
1786195 87693524 VLLM::Worker
1786194 87342332 VLLM::Worker
1720305 64417408 ray::WorkerDict
1720306 64138744 ray::WorkerDict
1720304 64085080 ray::WorkerDict
1720303 63971020 ray::WorkerDict
1317539 4810704 VLLM::Worker_TP
1317538 4806056 VLLM::Worker_TP
1796798 3000156 ray::AgentLoopW
1796796 2865224 ray::AgentLoopW
1796794 2546260 ray::AgentLoopW
== 2026-09-05T01:05:38+09:00
Mem:            1007         717         229         367         433         289
    PID   RSS COMMAND
1786196 87704420 VLLM::Worker
1786197 87704100 VLLM::Worker
1786195 87693524 VLLM::Worker
1786194 87343100 VLLM::Worker
1720303 63981644 ray::WorkerDict
1720306 63808504 ray::WorkerDict
1720304 63771300 ray::WorkerDict
1720305 63766912 ray::WorkerDict
1317539 4810704 VLLM::Worker_TP
1317538 4806056 VLLM::Worker_TP
1796798 3000156 ray::AgentLoopW
1796796 2865224 ray::AgentLoopW
1796794 2546260 ray::AgentLoopW
== 2026-09-05T01:05:58+09:00
Mem:            1007         718         229         367         432         288
    PID   RSS COMMAND
1786197 87705636 VLLM::Worker
1786196 87704180 VLLM::Worker
1786195 87694804 VLLM::Worker
1786194 87344636 VLLM::Worker
1720303 63981644 ray::WorkerDict
1720306 63808504 ray::WorkerDict
1720304 63771300 ray::WorkerDict
1720305 63766912 ray::WorkerDict
1317539 4810704 VLLM::Worker_TP
1317538 4806056 VLLM::Worker_TP
1796798 3112940 ray::AgentLoopW
1796796 3002644 ray::AgentLoopW
1796794 2549256 ray::AgentLoopW
== 2026-09-05T01:06:18+09:00
Mem:            1007         718         228         367         432         288
    PID   RSS COMMAND
1786197 87705636 VLLM::Worker
1786196 87704180 VLLM::Worker
1786195 87694804 VLLM::Worker
1786194 87344636 VLLM::Worker
1720303 63981644 ray::WorkerDict
1720306 63808504 ray::WorkerDict
1720304 63771300 ray::WorkerDict
1720305 63766912 ray::WorkerDict
1317539 4810704 VLLM::Worker_TP
1317538 4806056 VLLM::Worker_TP
1796798 3112940 ray::AgentLoopW
1796796 3002644 ray::AgentLoopW
1796794 2549256 ray::AgentLoopW
== 2026-09-05T01:06:38+09:00
Mem:            1007         718         228         367         432         288
    PID   RSS COMMAND
1786197 87705636 VLLM::Worker
1786196 87704180 VLLM::Worker
1786195 87694804 VLLM::Worker
1786194 87344636 VLLM::Worker
1720303 63981644 ray::WorkerDict
1720306 63808504 ray::WorkerDict
1720304 63771300 ray::WorkerDict
1720305 63766912 ray::WorkerDict
1317539 4810704 VLLM::Worker_TP
1317538 4806056 VLLM::Worker_TP
1796798 3114476 ray::AgentLoopW
1796796 3002644 ray::AgentLoopW
1796794 2549256 ray::AgentLoopW
== 2026-09-05T01:06:59+09:00
Mem:            1007         718         228         367         432         288
    PID   RSS COMMAND
1786197 87705636 VLLM::Worker
1786196 87704180 VLLM::Worker
1786195 87694804 VLLM::Worker
1786194 87346172 VLLM::Worker
1720303 63981644 ray::WorkerDict
1720306 63808504 ray::WorkerDict
1720304 63771300 ray::WorkerDict
1720305 63766912 ray::WorkerDict
1317539 4810704 VLLM::Worker_TP
1317538 4806056 VLLM::Worker_TP
1796798 3114476 ray::AgentLoopW
1796796 3002644 ray::AgentLoopW
1796794 2549256 ray::AgentLoopW
== 2026-09-05T01:07:19+09:00
Mem:            1007         718         228         367         433         288
    PID   RSS COMMAND
1786197 87705636 VLLM::Worker
1786196 87704180 VLLM::Worker
1786195 87694804 VLLM::Worker
1786194 87346172 VLLM::Worker
1720303 63981644 ray::WorkerDict
1720306 63808504 ray::WorkerDict
1720304 63771300 ray::WorkerDict
1720305 63766912 ray::WorkerDict
1317539 4810704 VLLM::Worker_TP
1317538 4806056 VLLM::Worker_TP
1796798 3114476 ray::AgentLoopW
1796796 3002644 ray::AgentLoopW
1796794 2549256 ray::AgentLoopW
== 2026-09-05T01:07:39+09:00
Mem:            1007         718         228         367         432         288
    PID   RSS COMMAND
1786197 87705636 VLLM::Worker
1786196 87704180 VLLM::Worker
1786195 87694804 VLLM::Worker
1786194 87346172 VLLM::Worker
1720303 63981644 ray::WorkerDict
1720306 63808504 ray::WorkerDict
1720304 63771300 ray::WorkerDict
1720305 63766912 ray::WorkerDict
1317539 4810704 VLLM::Worker_TP
1317538 4806056 VLLM::Worker_TP
1796798 3114476 ray::AgentLoopW
1796796 3017176 ray::AgentLoopW
1796794 2549256 ray::AgentLoopW
== 2026-09-05T01:07:59+09:00
Mem:            1007         718         228         367         433         288
    PID   RSS COMMAND
1786197 87705636 VLLM::Worker
1786196 87704180 VLLM::Worker
1786195 87694804 VLLM::Worker
1786194 87346172 VLLM::Worker
1720303 63981644 ray::WorkerDict
1720306 63808504 ray::WorkerDict
1720304 63771300 ray::WorkerDict
1720305 63766912 ray::WorkerDict
1317539 4810704 VLLM::Worker_TP
1317538 4806056 VLLM::Worker_TP
1796798 3114476 ray::AgentLoopW
1796796 3017176 ray::AgentLoopW
1796794 2549256 ray::AgentLoopW
== 2026-09-05T01:08:19+09:00
Mem:            1007         718         228         367         433         288
    PID   RSS COMMAND
1786197 87705636 VLLM::Worker
1786196 87704180 VLLM::Worker
1786195 87694804 VLLM::Worker
1786194 87346172 VLLM::Worker
1720303 63981644 ray::WorkerDict
1720306 63808504 ray::WorkerDict
1720304 63771300 ray::WorkerDict
1720305 63766912 ray::WorkerDict
1317539 4810704 VLLM::Worker_TP
1317538 4806056 VLLM::Worker_TP
1796798 3114476 ray::AgentLoopW
1796796 3021016 ray::AgentLoopW
1796794 2549256 ray::AgentLoopW
== 2026-09-05T01:08:39+09:00
Mem:            1007         718         228         367         433         288
    PID   RSS COMMAND
1786197 87705636 VLLM::Worker
1786196 87704180 VLLM::Worker
1786195 87694804 VLLM::Worker
1786194 87346172 VLLM::Worker
1720303 63981644 ray::WorkerDict
1720306 63808504 ray::WorkerDict
1720304 63771300 ray::WorkerDict
1720305 63766912 ray::WorkerDict
1317539 4810704 VLLM::Worker_TP
1317538 4809128 VLLM::Worker_TP
1796798 3114476 ray::AgentLoopW
1796796 3024504 ray::AgentLoopW
1796794 2549256 ray::AgentLoopW
== 2026-09-05T01:08:59+09:00
Mem:            1007         718         228         367         433         288
    PID   RSS COMMAND
1786197 87705636 VLLM::Worker
1786196 87704180 VLLM::Worker
1786195 87694804 VLLM::Worker
1786194 87346172 VLLM::Worker
1720303 63981644 ray::WorkerDict
1720306 63808504 ray::WorkerDict
1720304 63771300 ray::WorkerDict
1720305 63766912 ray::WorkerDict
1317539 4820688 VLLM::Worker_TP
1317538 4817576 VLLM::Worker_TP
1796798 3112760 ray::AgentLoopW
1796796 3027880 ray::AgentLoopW
1796794 2549256 ray::AgentLoopW
== 2026-09-05T01:09:19+09:00
Mem:            1007         718         228         367         433         288
    PID   RSS COMMAND
1786197 87704620 VLLM::Worker
1786196 87704180 VLLM::Worker
1786195 87694804 VLLM::Worker
1786194 87346172 VLLM::Worker
1720303 63981644 ray::WorkerDict
1720306 63808504 ray::WorkerDict
1720304 63771300 ray::WorkerDict
1720305 63766912 ray::WorkerDict
1317539 4820688 VLLM::Worker_TP
1317538 4817576 VLLM::Worker_TP
1796798 3111488 ray::AgentLoopW
1796796 3027880 ray::AgentLoopW
1796794 2549256 ray::AgentLoopW
== 2026-09-05T01:09:39+09:00
Mem:            1007         718         228         367         433         288
    PID   RSS COMMAND
1786197 87704620 VLLM::Worker
1786196 87704180 VLLM::Worker
1786195 87694804 VLLM::Worker
1786194 87346172 VLLM::Worker
1720303 63981644 ray::WorkerDict
1720306 63808504 ray::WorkerDict
1720304 63771300 ray::WorkerDict
1720305 63766912 ray::WorkerDict
1317539 4821456 VLLM::Worker_TP
1317538 4817576 VLLM::Worker_TP
1796798 3111488 ray::AgentLoopW
1796796 3027880 ray::AgentLoopW
1796794 2549256 ray::AgentLoopW
== 2026-09-05T01:09:59+09:00
Mem:            1007         718         228         367         433         288
    PID   RSS COMMAND
1786197 87704620 VLLM::Worker
1786196 87703172 VLLM::Worker
1786195 87694804 VLLM::Worker
1786194 87346172 VLLM::Worker
1720303 63981644 ray::WorkerDict
1720306 63808504 ray::WorkerDict
1720304 63771300 ray::WorkerDict
1720305 63766912 ray::WorkerDict
1317539 4821456 VLLM::Worker_TP
1317538 4817576 VLLM::Worker_TP
1796798 3105300 ray::AgentLoopW
1796796 3027880 ray::AgentLoopW
1796794 2549256 ray::AgentLoopW
== 2026-09-05T01:10:19+09:00
Mem:            1007         718         228         367         433         288
    PID   RSS COMMAND
1786197 87704620 VLLM::Worker
1786196 87703172 VLLM::Worker
1786195 87694804 VLLM::Worker
1786194 87346172 VLLM::Worker
1720303 63981644 ray::WorkerDict
1720306 63808504 ray::WorkerDict
1720304 63771300 ray::WorkerDict
1720305 63766912 ray::WorkerDict
1317539 4821456 VLLM::Worker_TP
1317538 4817576 VLLM::Worker_TP
1796798 3109852 ray::AgentLoopW
1796796 3027880 ray::AgentLoopW
1796794 2549256 ray::AgentLoopW
== 2026-09-05T01:10:39+09:00
Mem:            1007         718         228         367         433         288
    PID   RSS COMMAND
1786197 87704620 VLLM::Worker
1786196 87703172 VLLM::Worker
1786195 87694804 VLLM::Worker
1786194 87344228 VLLM::Worker
1720303 63981644 ray::WorkerDict
1720306 63808504 ray::WorkerDict
1720304 63771300 ray::WorkerDict
1720305 63766912 ray::WorkerDict
1317539 4821456 VLLM::Worker_TP
1317538 4817576 VLLM::Worker_TP
1796798 3109852 ray::AgentLoopW
1796796 3030092 ray::AgentLoopW
1796794 2549256 ray::AgentLoopW
== 2026-09-05T01:10:59+09:00
Mem:            1007         718         228         367         433         288
    PID   RSS COMMAND
1786197 87704620 VLLM::Worker
1786196 87703172 VLLM::Worker
1786195 87694804 VLLM::Worker
1786194 87344228 VLLM::Worker
1720303 63981644 ray::WorkerDict
1720306 63808504 ray::WorkerDict
1720304 63771300 ray::WorkerDict
1720305 63766912 ray::WorkerDict
1317539 4821456 VLLM::Worker_TP
1317538 4817576 VLLM::Worker_TP
1796798 3109656 ray::AgentLoopW
1796796 3030092 ray::AgentLoopW
1796794 2549256 ray::AgentLoopW
== 2026-09-05T01:11:19+09:00
Mem:            1007         718         228         367         433         288
    PID   RSS COMMAND
1786197 87704620 VLLM::Worker
1786196 87703172 VLLM::Worker
1786195 87694804 VLLM::Worker
1786194 87344228 VLLM::Worker
1720303 63981644 ray::WorkerDict
1720306 63808504 ray::WorkerDict
1720304 63771300 ray::WorkerDict
1720305 63766912 ray::WorkerDict
1317539 4821456 VLLM::Worker_TP
1317538 4817576 VLLM::Worker_TP
1796798 3109656 ray::AgentLoopW
1796796 3031500 ray::AgentLoopW
1796794 2549256 ray::AgentLoopW
== 2026-09-05T01:11:39+09:00
Mem:            1007         718         228         367         433         288
    PID   RSS COMMAND
1786197 87704620 VLLM::Worker
1786196 87703172 VLLM::Worker
1786195 87694804 VLLM::Worker
1786194 87344228 VLLM::Worker
1720303 63981644 ray::WorkerDict
1720306 63808504 ray::WorkerDict
1720304 63771300 ray::WorkerDict
1720305 63766912 ray::WorkerDict
1317539 4821456 VLLM::Worker_TP
1317538 4817576 VLLM::Worker_TP
1796798 3111700 ray::AgentLoopW
1796796 3031500 ray::AgentLoopW
1796794 2549256 ray::AgentLoopW
== 2026-09-05T01:11:59+09:00
Mem:            1007         719         227         367         433         288
    PID   RSS COMMAND
1786197 87704620 VLLM::Worker
1786196 87703172 VLLM::Worker
1786195 87694804 VLLM::Worker
1786194 87344228 VLLM::Worker
1720303 63981644 ray::WorkerDict
1720306 63808504 ray::WorkerDict
1720304 63771300 ray::WorkerDict
1720305 63766912 ray::WorkerDict
1317539 4821456 VLLM::Worker_TP
1317538 4817576 VLLM::Worker_TP
1796798 3114188 ray::AgentLoopW
1796796 3031500 ray::AgentLoopW
1796794 2549256 ray::AgentLoopW
== 2026-09-05T01:12:19+09:00
Mem:            1007         244         702          42         107         762
    PID   RSS COMMAND
1317539 4821456 VLLM::Worker_TP
1317538 4817576 VLLM::Worker_TP
1280658 1226948 vllm
1717881 1171184 ray::CodeTaskRu
1317375 965620 VLLM::EngineCor
1711154 713240 python
 588079 591512 sssd_be
1718453 493240 ray::SimpleStor
1718451 481068 ray::SimpleStor
1718458 481064 ray::SimpleStor
1718455 480932 ray::SimpleStor
1718454 479156 ray::SimpleStor
1718457 478452 ray::SimpleStor
