== 2026-09-06T09:34:40+09:00
Mem:            1007          85         914          43          56         922
    PID   RSS COMMAND
1317539 4832492 VLLM::Worker_TP
1317538 4828772 VLLM::Worker_TP
1280658 1228484 vllm
1317375 970196 VLLM::EngineCor
 588079 577788 sssd_be
 588080 367360 sssd_nss
1338534 306392 litellm
   2143 120112 systemd-journal
  84732 63832 dcgm-exporter
 661917 60520 nv-hostengine
2546501 30324 slurmstepd
1280652 30112 slurmstepd
1280479 30104 slurmstepd
== 2026-09-06T09:35:00+09:00
Mem:            1007          86         913          43          56         921
    PID   RSS COMMAND
1317539 4832492 VLLM::Worker_TP
1317538 4828772 VLLM::Worker_TP
1280658 1228484 vllm
1317375 970196 VLLM::EngineCor
2548319 787420 python
 588079 578556 sssd_be
 588080 367360 sssd_nss
1338534 306392 litellm
   2143 120112 systemd-journal
  84732 63832 dcgm-exporter
 661917 60520 nv-hostengine
2546501 30324 slurmstepd
1280652 30112 slurmstepd
== 2026-09-06T09:35:20+09:00
Mem:            1007          86         913          43          56         921
    PID   RSS COMMAND
1317539 4832492 VLLM::Worker_TP
1317538 4828772 VLLM::Worker_TP
1280658 1228484 vllm
1317375 970196 VLLM::EngineCor
2548319 889596 python
 588079 578556 sssd_be
 588080 367360 sssd_nss
1338534 306392 litellm
   2143 120112 systemd-journal
  84732 63832 dcgm-exporter
 661917 60520 nv-hostengine
2546501 30324 slurmstepd
1280652 30112 slurmstepd
== 2026-09-06T09:35:40+09:00
Mem:            1007          96         903          43          56         911
    PID   RSS COMMAND
1317539 4832492 VLLM::Worker_TP
1317538 4828772 VLLM::Worker_TP
1280658 1228484 vllm
2549075 999360 gcs_server
1317375 970196 VLLM::EngineCor
2548319 912592 python
2555197 740284 ray::TaskRunner
 588079 578556 sssd_be
2549752 401580 raylet
 588080 367360 sssd_nss
2549312 323244 ray-dashboard-R
2549244 319972 python
1338534 306392 litellm
== 2026-09-06T09:36:00+09:00
Mem:            1007         100         899          43          56         907
    PID   RSS COMMAND
1317539 4832492 VLLM::Worker_TP
1317538 4828772 VLLM::Worker_TP
1280658 1228484 vllm
2556415 1149700 ray::TaskRunner
2549075 1004500 gcs_server
2555197 984040 ray::TaskRunner
1317375 970196 VLLM::EngineCor
2548319 912592 python
2556419 779932 ray::TaskRunner
2555694 601076 ray::TransferQu
2555778 599980 ray::SimpleStor
2555767 599872 ray::SimpleStor
2555766 598040 ray::SimpleStor
== 2026-09-06T09:36:20+09:00
Mem:            1007         100         899          43          56         907
    PID   RSS COMMAND
1317539 4832492 VLLM::Worker_TP
1317538 4828772 VLLM::Worker_TP
1280658 1228484 vllm
2556415 1149364 ray::TaskRunner
2549075 1010020 gcs_server
2555197 984040 ray::TaskRunner
1317375 970196 VLLM::EngineCor
2548319 912592 python
2556419 779932 ray::TaskRunner
2555694 601076 ray::TransferQu
2555778 599980 ray::SimpleStor
2555767 599872 ray::SimpleStor
2555766 598040 ray::SimpleStor
== 2026-09-06T09:36:40+09:00
Mem:            1007         100         899          43          56         907
    PID   RSS COMMAND
1317539 4832492 VLLM::Worker_TP
1317538 4828772 VLLM::Worker_TP
1280658 1228484 vllm
2556415 1120092 ray::TaskRunner
2549075 1010012 gcs_server
2555197 984040 ray::TaskRunner
1317375 970196 VLLM::EngineCor
2548319 912592 python
2556419 779932 ray::TaskRunner
2555694 601076 ray::TransferQu
2555778 599980 ray::SimpleStor
2555767 599872 ray::SimpleStor
2555766 598040 ray::SimpleStor
== 2026-09-06T09:37:01+09:00
Mem:            1007         100         898          43          56         906
    PID   RSS COMMAND
1317539 4832492 VLLM::Worker_TP
1317538 4828772 VLLM::Worker_TP
1280658 1228484 vllm
2549075 1010436 gcs_server
2555197 991772 ray::TaskRunner
1317375 970196 VLLM::EngineCor
2548319 912592 python
2555694 601076 ray::TransferQu
2555778 599980 ray::SimpleStor
2555767 599872 ray::SimpleStor
2555766 598040 ray::SimpleStor
2555769 597680 ray::SimpleStor
2555780 597512 ray::SimpleStor
== 2026-09-06T09:37:21+09:00
Mem:            1007         103         896          43          56         904
    PID   RSS COMMAND
1317539 4832492 VLLM::Worker_TP
1317538 4828772 VLLM::Worker_TP
2557622 1336572 ray::WorkerDict
2557619 1334340 ray::WorkerDict
2557621 1333772 ray::WorkerDict
2557620 1329540 ray::WorkerDict
1280658 1228484 vllm
2549075 1010248 gcs_server
2555197 991772 ray::TaskRunner
1317375 970196 VLLM::EngineCor
2548319 912592 python
2555694 601076 ray::TransferQu
2555778 599980 ray::SimpleStor
== 2026-09-06T09:37:41+09:00
Mem:            1007         105         893          43          57         902
    PID   RSS COMMAND
1317539 4832492 VLLM::Worker_TP
1317538 4828772 VLLM::Worker_TP
2557622 2497524 ray::WorkerDict
2557621 2495348 ray::WorkerDict
2557620 2493500 ray::WorkerDict
2557619 2493488 ray::WorkerDict
1280658 1228484 vllm
2549075 1010188 gcs_server
2555197 991772 ray::TaskRunner
1317375 970196 VLLM::EngineCor
2548319 912592 python
2555694 601076 ray::TransferQu
2555778 599980 ray::SimpleStor
== 2026-09-06T09:38:01+09:00
Mem:            1007         104         893          43          58         902
    PID   RSS COMMAND
1317539 4832492 VLLM::Worker_TP
1317538 4828772 VLLM::Worker_TP
2557619 3715496 ray::WorkerDict
2557622 2538364 ray::WorkerDict
2557621 2531912 ray::WorkerDict
2557620 2529576 ray::WorkerDict
1280658 1228484 vllm
2549075 1012640 gcs_server
2555197 991772 ray::TaskRunner
1317375 970196 VLLM::EngineCor
2548319 912592 python
2555694 601076 ray::TransferQu
2555778 599980 ray::SimpleStor
== 2026-09-06T09:38:21+09:00
Mem:            1007         106         891          43          58         901
    PID   RSS COMMAND
1317539 4832492 VLLM::Worker_TP
1317538 4828772 VLLM::Worker_TP
2557619 4687376 ray::WorkerDict
2557622 3509388 ray::WorkerDict
2557621 3504920 ray::WorkerDict
2557620 3500396 ray::WorkerDict
1280658 1228484 vllm
2549075 1011560 gcs_server
2555197 991772 ray::TaskRunner
1317375 970196 VLLM::EngineCor
2548319 912592 python
2555694 601076 ray::TransferQu
2555778 599980 ray::SimpleStor
== 2026-09-06T09:38:41+09:00
Mem:            1007         106         890          43          59         901
    PID   RSS COMMAND
2557619 6208788 ray::WorkerDict
1317539 4832492 VLLM::Worker_TP
1317538 4828772 VLLM::Worker_TP
2557622 3851848 ray::WorkerDict
2557621 3846616 ray::WorkerDict
2557620 3844380 ray::WorkerDict
1280658 1228484 vllm
2549075 1013864 gcs_server
2555197 991772 ray::TaskRunner
1317375 970196 VLLM::EngineCor
2548319 912592 python
2555694 601076 ray::TransferQu
2555778 599980 ray::SimpleStor
== 2026-09-06T09:39:01+09:00
Mem:            1007         107         888          43          59         899
    PID   RSS COMMAND
2557619 6999492 ray::WorkerDict
1317539 4832492 VLLM::Worker_TP
1317538 4828772 VLLM::Worker_TP
2557622 4641932 ray::WorkerDict
2557621 4636944 ray::WorkerDict
2557620 4634800 ray::WorkerDict
1280658 1228484 vllm
2549075 1012192 gcs_server
2555197 991772 ray::TaskRunner
1317375 970196 VLLM::EngineCor
2548319 912592 python
2555694 601076 ray::TransferQu
2555778 599980 ray::SimpleStor
== 2026-09-06T09:39:21+09:00
Mem:            1007         109         886          43          60         897
    PID   RSS COMMAND
2557619 8035280 ray::WorkerDict
2557622 5676948 ray::WorkerDict
2557621 5671960 ray::WorkerDict
2557620 5669816 ray::WorkerDict
1317539 4832492 VLLM::Worker_TP
1317538 4828772 VLLM::Worker_TP
1280658 1228484 vllm
2549075 1011864 gcs_server
2555197 991772 ray::TaskRunner
1317375 970196 VLLM::EngineCor
2548319 912592 python
2555694 601076 ray::TransferQu
2555778 599980 ray::SimpleStor
== 2026-09-06T09:39:41+09:00
Mem:            1007         107         888          43          60         899
    PID   RSS COMMAND
2557619 8671692 ray::WorkerDict
2557622 5136200 ray::WorkerDict
2557621 5131324 ray::WorkerDict
2557620 5128300 ray::WorkerDict
1317539 4832492 VLLM::Worker_TP
1317538 4828772 VLLM::Worker_TP
1280658 1228484 vllm
2549075 1011780 gcs_server
2555197 991772 ray::TaskRunner
1317375 970196 VLLM::EngineCor
2548319 912592 python
2555694 601076 ray::TransferQu
2555778 599980 ray::SimpleStor
== 2026-09-06T09:40:01+09:00
Mem:            1007         108         886          43          60         898
    PID   RSS COMMAND
2557619 9261012 ray::WorkerDict
2557622 5725712 ray::WorkerDict
2557621 5721704 ray::WorkerDict
2557620 5719164 ray::WorkerDict
1317539 4832492 VLLM::Worker_TP
1317538 4828772 VLLM::Worker_TP
1280658 1228484 vllm
2549075 1012548 gcs_server
2555197 991772 ray::TaskRunner
1317375 970196 VLLM::EngineCor
2548319 912592 python
2555694 601076 ray::TransferQu
2555778 599980 ray::SimpleStor
== 2026-09-06T09:40:21+09:00
Mem:            1007         110         884          43          61         897
    PID   RSS COMMAND
2557619 10028512 ray::WorkerDict
2557622 6492560 ray::WorkerDict
2557621 6489412 ray::WorkerDict
2557620 6484612 ray::WorkerDict
1317539 4832492 VLLM::Worker_TP
1317538 4828772 VLLM::Worker_TP
1280658 1228484 vllm
2549075 1012204 gcs_server
2555197 991772 ray::TaskRunner
1317375 970196 VLLM::EngineCor
2548319 912592 python
2555694 601076 ray::TransferQu
2555778 599980 ray::SimpleStor
== 2026-09-06T09:40:41+09:00
Mem:            1007         108         887          43          60         899
    PID   RSS COMMAND
2557619 10771632 ray::WorkerDict
2557622 6053756 ray::WorkerDict
2557621 6050644 ray::WorkerDict
2557620 6047416 ray::WorkerDict
1317539 4830956 VLLM::Worker_TP
1317538 4827236 VLLM::Worker_TP
1280658 1227716 vllm
2549075 1014508 gcs_server
2555197 991772 ray::TaskRunner
1317375 969428 VLLM::EngineCor
2548319 912592 python
2555694 601076 ray::TransferQu
2555778 599980 ray::SimpleStor
== 2026-09-06T09:41:01+09:00
Mem:            1007         109         886          43          60         898
    PID   RSS COMMAND
2557619 11419644 ray::WorkerDict
2557622 6701472 ray::WorkerDict
2557621 6698296 ray::WorkerDict
2557620 6694628 ray::WorkerDict
1317539 4830956 VLLM::Worker_TP
1317538 4827236 VLLM::Worker_TP
1280658 1227716 vllm
2549075 1013708 gcs_server
2555197 991772 ray::TaskRunner
1317375 969428 VLLM::EngineCor
2548319 912592 python
2555694 601076 ray::TransferQu
2555778 599980 ray::SimpleStor
== 2026-09-06T09:41:21+09:00
Mem:            1007         110         884          43          60         896
    PID   RSS COMMAND
2557619 12148220 ray::WorkerDict
2557622 7429280 ray::WorkerDict
2557621 7426104 ray::WorkerDict
2557620 7423204 ray::WorkerDict
1317539 4830956 VLLM::Worker_TP
1317538 4827236 VLLM::Worker_TP
1280658 1227716 vllm
2549075 1014476 gcs_server
2555197 991772 ray::TaskRunner
1317375 969428 VLLM::EngineCor
2548319 912592 python
2555694 601076 ray::TransferQu
2555778 599980 ray::SimpleStor
== 2026-09-06T09:41:41+09:00
Mem:            1007         112         883          43          60         895
    PID   RSS COMMAND
2557619 12881088 ray::WorkerDict
2557622 8162216 ray::WorkerDict
2557621 8159040 ray::WorkerDict
2557620 8156140 ray::WorkerDict
1317539 4830956 VLLM::Worker_TP
1317538 4827236 VLLM::Worker_TP
1280658 1227716 vllm
2549075 1016388 gcs_server
2555197 991772 ray::TaskRunner
1317375 969428 VLLM::EngineCor
2548319 912592 python
2555694 601076 ray::TransferQu
2555778 599980 ray::SimpleStor
== 2026-09-06T09:42:01+09:00
Mem:            1007         109         885          43          61         897
    PID   RSS COMMAND
2557619 13413120 ray::WorkerDict
2557622 7514460 ray::WorkerDict
2557621 7512056 ray::WorkerDict
2557620 7508404 ray::WorkerDict
1317539 4830956 VLLM::Worker_TP
1317538 4828004 VLLM::Worker_TP
1280658 1227716 vllm
2549075 1017992 gcs_server
2555197 991772 ray::TaskRunner
1317375 969428 VLLM::EngineCor
2548319 912592 python
2555694 601076 ray::TransferQu
2555778 599980 ray::SimpleStor
== 2026-09-06T09:42:21+09:00
Mem:            1007         111         883          43          61         896
    PID   RSS COMMAND
2557619 14056388 ray::WorkerDict
2557622 8159904 ray::WorkerDict
2557621 8157500 ray::WorkerDict
2557620 8153848 ray::WorkerDict
1317539 4830956 VLLM::Worker_TP
1317538 4828004 VLLM::Worker_TP
1280658 1227716 vllm
2549075 1017128 gcs_server
2555197 991772 ray::TaskRunner
1317375 969428 VLLM::EngineCor
2548319 912592 python
2555694 601076 ray::TransferQu
2555778 599980 ray::SimpleStor
== 2026-09-06T09:42:41+09:00
Mem:            1007         112         881          43          61         894
    PID   RSS COMMAND
2557619 14810320 ray::WorkerDict
2557622 8912296 ray::WorkerDict
2557621 8909892 ray::WorkerDict
2557620 8907264 ray::WorkerDict
1317539 4830956 VLLM::Worker_TP
1317538 4828004 VLLM::Worker_TP
1280658 1227716 vllm
2549075 1016504 gcs_server
2555197 991772 ray::TaskRunner
1317375 969428 VLLM::EngineCor
2548319 912592 python
2555694 601076 ray::TransferQu
2555778 599980 ray::SimpleStor
== 2026-09-06T09:43:01+09:00
Mem:            1007         110         883          43          62         896
    PID   RSS COMMAND
2557619 15616200 ray::WorkerDict
2557622 8539852 ray::WorkerDict
2557621 8536824 ray::WorkerDict
2557620 8534152 ray::WorkerDict
1317539 4830956 VLLM::Worker_TP
1317538 4828004 VLLM::Worker_TP
1280658 1227716 vllm
2549075 1016640 gcs_server
2555197 991772 ray::TaskRunner
1317375 969428 VLLM::EngineCor
2548319 912592 python
2555694 601076 ray::TransferQu
2555778 599980 ray::SimpleStor
== 2026-09-06T09:43:21+09:00
Mem:            1007         112         880          43          62         894
    PID   RSS COMMAND
2557619 16537056 ray::WorkerDict
2557622 9461156 ray::WorkerDict
2557621 9456972 ray::WorkerDict
2557620 9455892 ray::WorkerDict
1317539 4830956 VLLM::Worker_TP
1317538 4828004 VLLM::Worker_TP
1280658 1227716 vllm
2549075 1017892 gcs_server
2555197 991772 ray::TaskRunner
1317375 969428 VLLM::EngineCor
2548319 912592 python
2555694 601076 ray::TransferQu
2555778 599980 ray::SimpleStor
== 2026-09-06T09:43:41+09:00
Mem:            1007         114         878          43          62         892
    PID   RSS COMMAND
2557619 17621860 ray::WorkerDict
2557622 10546092 ray::WorkerDict
2557621 10542676 ray::WorkerDict
2557620 10541492 ray::WorkerDict
1317539 4830956 VLLM::Worker_TP
1317538 4828004 VLLM::Worker_TP
1280658 1227716 vllm
2549075 1017892 gcs_server
2555197 991772 ray::TaskRunner
1317375 969428 VLLM::EngineCor
2548319 912592 python
2555694 601076 ray::TransferQu
2555778 599980 ray::SimpleStor
== 2026-09-06T09:44:01+09:00
Mem:            1007         113         879          43          63         894
    PID   RSS COMMAND
2557619 18506920 ray::WorkerDict
2557622 10250596 ray::WorkerDict
2557621 10246988 ray::WorkerDict
2557620 10245804 ray::WorkerDict
1317539 4830956 VLLM::Worker_TP
1317538 4828004 VLLM::Worker_TP
1280658 1227716 vllm
2549075 1020196 gcs_server
2555197 991772 ray::TaskRunner
1317375 969428 VLLM::EngineCor
2548319 912592 python
2555694 601076 ray::TransferQu
2555778 599980 ray::SimpleStor
== 2026-09-06T09:44:21+09:00
Mem:            1007         115         877          43          63         892
    PID   RSS COMMAND
2557619 19505076 ray::WorkerDict
2557622 11246700 ray::WorkerDict
2557621 11243092 ray::WorkerDict
2557620 11241908 ray::WorkerDict
1317539 4830956 VLLM::Worker_TP
1317538 4828004 VLLM::Worker_TP
1280658 1227716 vllm
2549075 1020196 gcs_server
2555197 991772 ray::TaskRunner
1317375 969428 VLLM::EngineCor
2548319 912592 python
2555694 601076 ray::TransferQu
2555778 599980 ray::SimpleStor
== 2026-09-06T09:44:41+09:00
Mem:            1007         113         878          43          64         893
    PID   RSS COMMAND
2557619 20446892 ray::WorkerDict
2557622 11012516 ray::WorkerDict
2557620 11008188 ray::WorkerDict
2557621 11008008 ray::WorkerDict
1317539 4830956 VLLM::Worker_TP
1317538 4828004 VLLM::Worker_TP
1280658 1227716 vllm
2549075 1020840 gcs_server
2555197 991772 ray::TaskRunner
1317375 969428 VLLM::EngineCor
2548319 912592 python
2555694 601076 ray::TransferQu
2555778 599980 ray::SimpleStor
== 2026-09-06T09:45:01+09:00
Mem:            1007         115         875          43          64         892
    PID   RSS COMMAND
2557619 21392312 ray::WorkerDict
2557622 11954584 ray::WorkerDict
2557620 11951228 ray::WorkerDict
2557621 11949900 ray::WorkerDict
1317539 4830956 VLLM::Worker_TP
1317538 4828004 VLLM::Worker_TP
1280658 1227716 vllm
2549075 1020832 gcs_server
2555197 991772 ray::TaskRunner
1317375 969428 VLLM::EngineCor
2548319 912592 python
2555694 601076 ray::TransferQu
2555778 599980 ray::SimpleStor
== 2026-09-06T09:45:21+09:00
Mem:            1007         114         876          43          65         893
    PID   RSS COMMAND
2557619 22482408 ray::WorkerDict
2557622 11867728 ray::WorkerDict
2557621 11863828 ray::WorkerDict
2557620 11862876 ray::WorkerDict
1317539 4830956 VLLM::Worker_TP
1317538 4828004 VLLM::Worker_TP
1280658 1227716 vllm
2549075 1021560 gcs_server
2555197 991772 ray::TaskRunner
1317375 969428 VLLM::EngineCor
2548319 912592 python
2555694 601076 ray::TransferQu
2555778 599980 ray::SimpleStor
== 2026-09-06T09:45:41+09:00
Mem:            1007         115         874          43          65         891
    PID   RSS COMMAND
2557619 23316960 ray::WorkerDict
2557622 12701848 ray::WorkerDict
2557621 12699224 ray::WorkerDict
2557620 12697568 ray::WorkerDict
1317539 4830956 VLLM::Worker_TP
1317538 4828004 VLLM::Worker_TP
1280658 1227716 vllm
2549075 1024220 gcs_server
2555197 991772 ray::TaskRunner
1317375 969428 VLLM::EngineCor
2548319 912592 python
2555694 601076 ray::TransferQu
2555778 599980 ray::SimpleStor
== 2026-09-06T09:46:01+09:00
Mem:            1007         117         872          43          66         889
    PID   RSS COMMAND
2557619 24275816 ray::WorkerDict
2557622 13659552 ray::WorkerDict
2557621 13657212 ray::WorkerDict
2557620 13655272 ray::WorkerDict
1317539 4830956 VLLM::Worker_TP
1317538 4828004 VLLM::Worker_TP
1280658 1227716 vllm
2549075 1024988 gcs_server
2555197 991772 ray::TaskRunner
1317375 969428 VLLM::EngineCor
2548319 912592 python
2555694 601076 ray::TransferQu
2555778 599980 ray::SimpleStor
== 2026-09-06T09:46:21+09:00
Mem:            1007         116         873          43          66         891
    PID   RSS COMMAND
2557619 25216864 ray::WorkerDict
2557622 13421652 ray::WorkerDict
2557621 13418812 ray::WorkerDict
2557620 13416604 ray::WorkerDict
1317539 4830956 VLLM::Worker_TP
1317538 4828004 VLLM::Worker_TP
1280658 1227716 vllm
2549075 1022256 gcs_server
2555197 991772 ray::TaskRunner
1317375 969428 VLLM::EngineCor
2548319 912592 python
2555694 601076 ray::TransferQu
2555778 599980 ray::SimpleStor
== 2026-09-06T09:46:41+09:00
Mem:            1007         117         871          43          67         889
    PID   RSS COMMAND
2557619 26125420 ray::WorkerDict
2557622 14330264 ray::WorkerDict
2557621 14327424 ray::WorkerDict
2557620 14325216 ray::WorkerDict
1317539 4830956 VLLM::Worker_TP
1317538 4828004 VLLM::Worker_TP
1280658 1227716 vllm
2549075 1021292 gcs_server
2555197 991772 ray::TaskRunner
1317375 969428 VLLM::EngineCor
2548319 912592 python
2555694 601076 ray::TransferQu
2555778 599980 ray::SimpleStor
== 2026-09-06T09:47:01+09:00
Mem:            1007         116         872          43          67         890
    PID   RSS COMMAND
2557619 27149680 ray::WorkerDict
2557622 14174036 ray::WorkerDict
2557621 14171964 ray::WorkerDict
2557620 14170524 ray::WorkerDict
1317539 4830956 VLLM::Worker_TP
1317538 4828004 VLLM::Worker_TP
1280658 1227716 vllm
2549075 1021292 gcs_server
2555197 991772 ray::TaskRunner
1317375 969428 VLLM::EngineCor
2548319 912592 python
2555694 601076 ray::TransferQu
2555778 599980 ray::SimpleStor
== 2026-09-06T09:47:22+09:00
Mem:            1007         118         869          43          68         889
    PID   RSS COMMAND
2557619 28009852 ray::WorkerDict
2557622 15035032 ray::WorkerDict
2557621 15031960 ray::WorkerDict
2557620 15029984 ray::WorkerDict
1317539 4830956 VLLM::Worker_TP
1317538 4828004 VLLM::Worker_TP
1280658 1227716 vllm
2549075 1021292 gcs_server
2555197 991772 ray::TaskRunner
1317375 969428 VLLM::EngineCor
2548319 912592 python
2555694 601076 ray::TransferQu
2555778 599980 ray::SimpleStor
== 2026-09-06T09:47:42+09:00
Mem:            1007         120         867          43          68         887
    PID   RSS COMMAND
2557619 28983444 ray::WorkerDict
2557622 16007840 ray::WorkerDict
2557621 16006304 ray::WorkerDict
2557620 16003560 ray::WorkerDict
1317539 4830956 VLLM::Worker_TP
1317538 4828004 VLLM::Worker_TP
1280658 1227716 vllm
2549075 1021020 gcs_server
2555197 991772 ray::TaskRunner
1317375 969428 VLLM::EngineCor
2548319 912592 python
2555694 601076 ray::TransferQu
2555778 599980 ray::SimpleStor
== 2026-09-06T09:48:02+09:00
Mem:            1007         118         868          43          68         888
    PID   RSS COMMAND
2557619 29845644 ray::WorkerDict
2557622 15689044 ray::WorkerDict
2557621 15686740 ray::WorkerDict
2557620 15683996 ray::WorkerDict
1317539 4830956 VLLM::Worker_TP
1317538 4828004 VLLM::Worker_TP
1280658 1227716 vllm
2549075 1023124 gcs_server
2555197 991772 ray::TaskRunner
1317375 969428 VLLM::EngineCor
2548319 912592 python
2555694 601076 ray::TransferQu
2555778 599980 ray::SimpleStor
== 2026-09-06T09:48:22+09:00
Mem:            1007         120         866          43          69         887
    PID   RSS COMMAND
2557619 30562736 ray::WorkerDict
2557622 16409752 ray::WorkerDict
2557621 16406684 ray::WorkerDict
2557620 16403936 ray::WorkerDict
1317539 4830956 VLLM::Worker_TP
1317538 4828004 VLLM::Worker_TP
1280658 1227716 vllm
2549075 1020260 gcs_server
2555197 991772 ray::TaskRunner
1317375 969428 VLLM::EngineCor
2548319 912592 python
2555694 601076 ray::TransferQu
2555778 599980 ray::SimpleStor
== 2026-09-06T09:48:42+09:00
Mem:            1007         121         864          43          69         885
    PID   RSS COMMAND
2557619 31393980 ray::WorkerDict
2557622 17239456 ray::WorkerDict
2557621 17237924 ray::WorkerDict
2557620 17234408 ray::WorkerDict
1317539 4830956 VLLM::Worker_TP
1317538 4828004 VLLM::Worker_TP
1280658 1227716 vllm
2549075 1021028 gcs_server
2555197 991772 ray::TaskRunner
1317375 969428 VLLM::EngineCor
2548319 912592 python
2555694 601076 ray::TransferQu
2555778 599980 ray::SimpleStor
== 2026-09-06T09:49:02+09:00
Mem:            1007         119         866          43          69         888
    PID   RSS COMMAND
2557619 32073396 ray::WorkerDict
2557622 16739752 ray::WorkerDict
2557621 16736856 ray::WorkerDict
2557620 16733340 ray::WorkerDict
1317539 4830956 VLLM::Worker_TP
1317538 4828004 VLLM::Worker_TP
1280658 1227716 vllm
2549075 1021356 gcs_server
2555197 991772 ray::TaskRunner
1317375 969428 VLLM::EngineCor
2548319 912592 python
2555694 601076 ray::TransferQu
2555778 599980 ray::SimpleStor
== 2026-09-06T09:49:22+09:00
Mem:            1007         120         865          43          70         887
    PID   RSS COMMAND
2557619 32551904 ray::WorkerDict
2557622 17218216 ray::WorkerDict
2557621 17216088 ray::WorkerDict
2557620 17212572 ray::WorkerDict
1317539 4830956 VLLM::Worker_TP
1317538 4828004 VLLM::Worker_TP
1280658 1227716 vllm
2549075 1022892 gcs_server
2555197 991772 ray::TaskRunner
1317375 969428 VLLM::EngineCor
2548319 912592 python
2555694 601076 ray::TransferQu
2555778 599980 ray::SimpleStor
== 2026-09-06T09:49:42+09:00
Mem:            1007         121         864          43          70         885
    PID   RSS COMMAND
2557619 33142508 ray::WorkerDict
2557622 17808108 ray::WorkerDict
2557621 17805980 ray::WorkerDict
2557620 17802464 ray::WorkerDict
1317539 4830956 VLLM::Worker_TP
1317538 4828004 VLLM::Worker_TP
1280658 1227716 vllm
2549075 1022332 gcs_server
2555197 991772 ray::TaskRunner
1317375 969428 VLLM::EngineCor
2548319 912592 python
2555694 601076 ray::TransferQu
2555778 599980 ray::SimpleStor
== 2026-09-06T09:50:02+09:00
Mem:            1007         123         862          43          70         884
    PID   RSS COMMAND
2557619 34063604 ray::WorkerDict
2557622 18729716 ray::WorkerDict
2557621 18726820 ray::WorkerDict
2557620 18724072 ray::WorkerDict
1317539 4830956 VLLM::Worker_TP
1317538 4828004 VLLM::Worker_TP
1280658 1227476 vllm
2549075 1021960 gcs_server
2555197 991772 ray::TaskRunner
1317375 969428 VLLM::EngineCor
2548319 912592 python
2555694 601076 ray::TransferQu
2555778 599980 ray::SimpleStor
== 2026-09-06T09:50:22+09:00
Mem:            1007         121         864          43          70         886
    PID   RSS COMMAND
2557619 34609900 ray::WorkerDict
2557622 18095016 ray::WorkerDict
2557621 18092120 ray::WorkerDict
2557620 18088604 ray::WorkerDict
1317539 4830956 VLLM::Worker_TP
1317538 4828004 VLLM::Worker_TP
1280658 1227476 vllm
2549075 1020220 gcs_server
2555197 991772 ray::TaskRunner
1317375 969428 VLLM::EngineCor
2548319 912592 python
2555694 601076 ray::TransferQu
2555778 599980 ray::SimpleStor
== 2026-09-06T09:50:42+09:00
Mem:            1007         122         863          43          70         885
    PID   RSS COMMAND
2557619 35249656 ray::WorkerDict
2557622 18736876 ray::WorkerDict
2557621 18733980 ray::WorkerDict
2557620 18730464 ray::WorkerDict
1317539 4829420 VLLM::Worker_TP
1317538 4827236 VLLM::Worker_TP
1280658 1227476 vllm
2549075 1020452 gcs_server
2555197 991772 ray::TaskRunner
1317375 969428 VLLM::EngineCor
2548319 912592 python
2555694 601076 ray::TransferQu
2555778 599980 ray::SimpleStor
== 2026-09-06T09:51:02+09:00
Mem:            1007         123         861          43          70         883
    PID   RSS COMMAND
2557619 36030980 ray::WorkerDict
2557622 19515380 ray::WorkerDict
2557621 19512484 ray::WorkerDict
2557620 19508968 ray::WorkerDict
1317539 4829420 VLLM::Worker_TP
1317538 4827236 VLLM::Worker_TP
1280658 1227476 vllm
2549075 1019944 gcs_server
2555197 991772 ray::TaskRunner
1317375 969428 VLLM::EngineCor
2548319 912592 python
2555694 601076 ray::TransferQu
2555778 599980 ray::SimpleStor
== 2026-09-06T09:51:22+09:00
Mem:            1007         121         863          43          71         885
    PID   RSS COMMAND
2557619 36771836 ray::WorkerDict
2557622 19076520 ray::WorkerDict
2557621 19074392 ray::WorkerDict
2557620 19070108 ray::WorkerDict
1317539 4829420 VLLM::Worker_TP
1317538 4827236 VLLM::Worker_TP
1280658 1227476 vllm
2549075 1022248 gcs_server
2555197 991772 ray::TaskRunner
1317375 969428 VLLM::EngineCor
2548319 912592 python
2555694 601076 ray::TransferQu
2555778 599980 ray::SimpleStor
== 2026-09-06T09:51:42+09:00
Mem:            1007         122         861          43          71         884
    PID   RSS COMMAND
2557619 37304588 ray::WorkerDict
2557622 19611304 ray::WorkerDict
2557621 19609176 ray::WorkerDict
2557620 19605660 ray::WorkerDict
1317539 4829420 VLLM::Worker_TP
1317538 4827236 VLLM::Worker_TP
1280658 1227476 vllm
2549075 1022928 gcs_server
2555197 991772 ray::TaskRunner
1317375 969428 VLLM::EngineCor
2548319 912592 python
2555694 601076 ray::TransferQu
2555778 599980 ray::SimpleStor
== 2026-09-06T09:52:02+09:00
Mem:            1007         124         860          43          71         883
    PID   RSS COMMAND
2557619 38024472 ray::WorkerDict
2557622 20331464 ray::WorkerDict
2557621 20327836 ray::WorkerDict
2557620 20323552 ray::WorkerDict
1317539 4829420 VLLM::Worker_TP
1317538 4827236 VLLM::Worker_TP
1280658 1227476 vllm
2549075 1022888 gcs_server
2555197 991772 ray::TaskRunner
1317375 969428 VLLM::EngineCor
2548319 912592 python
2555694 601076 ray::TransferQu
2555778 599980 ray::SimpleStor
== 2026-09-06T09:52:22+09:00
Mem:            1007         125         858          43          72         881
    PID   RSS COMMAND
2557619 38888228 ray::WorkerDict
2557622 21195760 ray::WorkerDict
2557621 21191588 ray::WorkerDict
2557620 21187304 ray::WorkerDict
1317539 4829420 VLLM::Worker_TP
1317538 4827236 VLLM::Worker_TP
1280658 1227476 vllm
2549075 1022888 gcs_server
2555197 991772 ray::TaskRunner
1317375 969428 VLLM::EngineCor
2548319 912592 python
2555694 601076 ray::TransferQu
2555778 599980 ray::SimpleStor
== 2026-09-06T09:52:42+09:00
Mem:            1007         123         859          43          72         883
    PID   RSS COMMAND
2557619 39460680 ray::WorkerDict
2557622 20590500 ray::WorkerDict
2557621 20586328 ray::WorkerDict
2557620 20582836 ray::WorkerDict
1317539 4829420 VLLM::Worker_TP
1317538 4827236 VLLM::Worker_TP
1280658 1227476 vllm
2549075 1022312 gcs_server
2555197 991772 ray::TaskRunner
1317375 969428 VLLM::EngineCor
2548319 912592 python
2555694 601076 ray::TransferQu
2555778 599980 ray::SimpleStor
== 2026-09-06T09:53:02+09:00
Mem:            1007         124         858          43          72         882
    PID   RSS COMMAND
2557619 40075092 ray::WorkerDict
2557622 21203432 ray::WorkerDict
2557621 21200796 ray::WorkerDict
2557620 21196536 ray::WorkerDict
1317539 4829420 VLLM::Worker_TP
1317538 4827236 VLLM::Worker_TP
1280658 1227476 vllm
2549075 1022572 gcs_server
2555197 991772 ray::TaskRunner
1317375 969428 VLLM::EngineCor
2548319 912592 python
2555694 601076 ray::TransferQu
2555778 599980 ray::SimpleStor
== 2026-09-06T09:53:22+09:00
Mem:            1007         126         856          43          73         881
    PID   RSS COMMAND
2557619 40868704 ray::WorkerDict
2557622 21994992 ray::WorkerDict
2557621 21991588 ray::WorkerDict
2557620 21988096 ray::WorkerDict
1317539 4829420 VLLM::Worker_TP
1317538 4827236 VLLM::Worker_TP
1280658 1227476 vllm
2549075 1021412 gcs_server
2555197 991772 ray::TaskRunner
1317375 969428 VLLM::EngineCor
2548319 912592 python
2555694 601076 ray::TransferQu
2555778 599980 ray::SimpleStor
== 2026-09-06T09:53:42+09:00
Mem:            1007         124         858          43          73         883
    PID   RSS COMMAND
2557619 41575000 ray::WorkerDict
2557622 21522852 ray::WorkerDict
2557621 21519448 ray::WorkerDict
2557620 21515188 ray::WorkerDict
1317539 4829420 VLLM::Worker_TP
1317538 4827236 VLLM::Worker_TP
1280658 1227476 vllm
2549075 1018944 gcs_server
2555197 991772 ray::TaskRunner
1317375 969428 VLLM::EngineCor
2548319 912592 python
2555694 601076 ray::TransferQu
2555778 599980 ray::SimpleStor
== 2026-09-06T09:54:02+09:00
Mem:            1007         125         856          43          73         881
    PID   RSS COMMAND
2557619 42196580 ray::WorkerDict
2557622 22144488 ray::WorkerDict
2557621 22141852 ray::WorkerDict
2557620 22138360 ray::WorkerDict
1317539 4829420 VLLM::Worker_TP
1317538 4827236 VLLM::Worker_TP
1280658 1227476 vllm
2549075 1016904 gcs_server
2555197 991772 ray::TaskRunner
1317375 969428 VLLM::EngineCor
2548319 912592 python
2555694 601076 ray::TransferQu
2555778 599980 ray::SimpleStor
== 2026-09-06T09:54:22+09:00
Mem:            1007         127         854          43          74         880
    PID   RSS COMMAND
2557619 42962800 ray::WorkerDict
2557622 22910704 ray::WorkerDict
2557621 22908224 ray::WorkerDict
2557620 22903808 ray::WorkerDict
1317539 4829420 VLLM::Worker_TP
1317538 4827236 VLLM::Worker_TP
1280658 1227476 vllm
2549075 1016864 gcs_server
2555197 991772 ray::TaskRunner
1317375 969428 VLLM::EngineCor
2548319 912592 python
2555694 601076 ray::TransferQu
2555778 599980 ray::SimpleStor
== 2026-09-06T09:54:42+09:00
Mem:            1007         125         856          43          74         882
    PID   RSS COMMAND
2557619 43719528 ray::WorkerDict
2557622 22487716 ray::WorkerDict
2557621 22484468 ray::WorkerDict
2557620 22480820 ray::WorkerDict
1317539 4829420 VLLM::Worker_TP
1317538 4827236 VLLM::Worker_TP
1280658 1227476 vllm
2549075 1015232 gcs_server
2555197 991772 ray::TaskRunner
1317375 969428 VLLM::EngineCor
2548319 912592 python
2555694 601076 ray::TransferQu
2555778 599980 ray::SimpleStor
== 2026-09-06T09:55:02+09:00
Mem:            1007         126         855          43          74         881
    PID   RSS COMMAND
2557619 44124264 ray::WorkerDict
2557622 22893220 ray::WorkerDict
2557621 22890740 ray::WorkerDict
2557620 22887092 ray::WorkerDict
1317539 4829420 VLLM::Worker_TP
1317538 4827236 VLLM::Worker_TP
1280658 1227476 vllm
2549075 1018072 gcs_server
2555197 991772 ray::TaskRunner
1317375 969428 VLLM::EngineCor
2548319 912592 python
2555694 601076 ray::TransferQu
2555778 599980 ray::SimpleStor
== 2026-09-06T09:55:22+09:00
Mem:            1007         127         853          43          75         880
    PID   RSS COMMAND
2557619 44800116 ray::WorkerDict
2557622 23568360 ray::WorkerDict
2557621 23566648 ray::WorkerDict
2557620 23562232 ray::WorkerDict
1317539 4829420 VLLM::Worker_TP
1317538 4827236 VLLM::Worker_TP
1280658 1227476 vllm
2549075 1016252 gcs_server
2555197 991772 ray::TaskRunner
1317375 969428 VLLM::EngineCor
2548319 912592 python
2555694 601076 ray::TransferQu
2555778 599980 ray::SimpleStor
== 2026-09-06T09:55:42+09:00
Mem:            1007         128         851          43          75         878
    PID   RSS COMMAND
2557619 45639296 ray::WorkerDict
2557622 24406768 ray::WorkerDict
2557621 24405056 ray::WorkerDict
2557620 24400396 ray::WorkerDict
1317539 4829420 VLLM::Worker_TP
1317538 4827236 VLLM::Worker_TP
1280658 1227476 vllm
2549075 1016060 gcs_server
2555197 991772 ray::TaskRunner
1317375 969428 VLLM::EngineCor
2548319 912592 python
2555694 601076 ray::TransferQu
2555778 599980 ray::SimpleStor
== 2026-09-06T09:56:02+09:00
Mem:            1007         127         852          43          75         880
    PID   RSS COMMAND
2557619 46560888 ray::WorkerDict
2557622 24147876 ray::WorkerDict
2557621 24146164 ray::WorkerDict
2557620 24142272 ray::WorkerDict
1317539 4829420 VLLM::Worker_TP
1317538 4827236 VLLM::Worker_TP
1280658 1227476 vllm
2549075 1016672 gcs_server
2555197 991772 ray::TaskRunner
1317375 969428 VLLM::EngineCor
2548319 912592 python
2555694 601076 ray::TransferQu
2555778 599980 ray::SimpleStor
== 2026-09-06T09:56:22+09:00
Mem:            1007         129         850          43          76         877
    PID   RSS COMMAND
2557619 47695760 ray::WorkerDict
2557622 25283568 ray::WorkerDict
2557621 25280320 ray::WorkerDict
2557620 25276428 ray::WorkerDict
1317539 4829420 VLLM::Worker_TP
1317538 4827236 VLLM::Worker_TP
1280658 1227476 vllm
2549075 1016584 gcs_server
2555197 991772 ray::TaskRunner
1317375 969428 VLLM::EngineCor
2548319 912592 python
2555694 601076 ray::TransferQu
2555778 599980 ray::SimpleStor
== 2026-09-06T09:56:42+09:00
Mem:            1007         128         850          43          76         879
    PID   RSS COMMAND
2557619 48764040 ray::WorkerDict
2557622 25171364 ray::WorkerDict
2557621 25169652 ray::WorkerDict
2557620 25164992 ray::WorkerDict
1317539 4829420 VLLM::Worker_TP
1317538 4827236 VLLM::Worker_TP
1280658 1227476 vllm
2549075 1017288 gcs_server
2555197 991772 ray::TaskRunner
1317375 969428 VLLM::EngineCor
2548319 912592 python
2555694 601076 ray::TransferQu
2555778 599980 ray::SimpleStor
== 2026-09-06T09:57:03+09:00
Mem:            1007         130         848          43          77         877
    PID   RSS COMMAND
2557619 49783188 ray::WorkerDict
2557622 26191340 ray::WorkerDict
2557621 26188856 ray::WorkerDict
2557620 26184204 ray::WorkerDict
1317539 4829420 VLLM::Worker_TP
1317538 4827236 VLLM::Worker_TP
1280658 1227476 vllm
2549075 1013472 gcs_server
2555197 991772 ray::TaskRunner
1317375 969428 VLLM::EngineCor
2548319 912592 python
2555694 601076 ray::TransferQu
2555778 599980 ray::SimpleStor
== 2026-09-06T09:57:23+09:00
Mem:            1007         129         849          43          77         878
    PID   RSS COMMAND
2557619 50932376 ray::WorkerDict
2557622 26160808 ray::WorkerDict
2557621 26158324 ray::WorkerDict
2557620 26153672 ray::WorkerDict
1317539 4829420 VLLM::Worker_TP
1317538 4827236 VLLM::Worker_TP
1280658 1227476 vllm
2549075 1015008 gcs_server
2555197 991772 ray::TaskRunner
1317375 969428 VLLM::EngineCor
2548319 912592 python
2555694 601076 ray::TransferQu
2555778 599980 ray::SimpleStor
== 2026-09-06T09:57:43+09:00
Mem:            1007         130         846          43          78         876
    PID   RSS COMMAND
2557619 51801252 ray::WorkerDict
2557622 27029740 ray::WorkerDict
2557621 27026488 ray::WorkerDict
2557620 27021836 ray::WorkerDict
1317539 4829420 VLLM::Worker_TP
1317538 4827236 VLLM::Worker_TP
1280658 1227476 vllm
2549075 1013856 gcs_server
2555197 991772 ray::TaskRunner
1317375 969428 VLLM::EngineCor
2548319 912592 python
2555694 601076 ray::TransferQu
2555778 599980 ray::SimpleStor
== 2026-09-06T09:58:03+09:00
Mem:            1007         133         844          43          78         874
    PID   RSS COMMAND
2557619 53025712 ray::WorkerDict
2557622 28253428 ray::WorkerDict
2557621 28250176 ray::WorkerDict
2557620 28246300 ray::WorkerDict
1317539 4829420 VLLM::Worker_TP
1317538 4827236 VLLM::Worker_TP
1280658 1227476 vllm
2549075 1013824 gcs_server
2555197 991772 ray::TaskRunner
1317375 969428 VLLM::EngineCor
2548319 912592 python
2555694 601076 ray::TransferQu
2555778 599980 ray::SimpleStor
== 2026-09-06T09:58:23+09:00
Mem:            1007         131         844          43          79         875
    PID   RSS COMMAND
2557619 53973940 ray::WorkerDict
2557622 28020716 ray::WorkerDict
2557621 28017464 ray::WorkerDict
2557620 28013588 ray::WorkerDict
1317539 4829420 VLLM::Worker_TP
1317538 4827236 VLLM::Worker_TP
1280658 1227476 vllm
2549075 1015360 gcs_server
2555197 991772 ray::TaskRunner
1317375 969428 VLLM::EngineCor
2548319 912592 python
2555694 601076 ray::TransferQu
2555778 599980 ray::SimpleStor
== 2026-09-06T09:58:43+09:00
Mem:            1007         134         842          43          79         873
    PID   RSS COMMAND
2557619 55209920 ray::WorkerDict
2557622 29255924 ray::WorkerDict
2557621 29253440 ray::WorkerDict
2557620 29248796 ray::WorkerDict
1317539 4829420 VLLM::Worker_TP
1317538 4827236 VLLM::Worker_TP
1280658 1227476 vllm
2549075 1016896 gcs_server
2555197 991772 ray::TaskRunner
1317375 969428 VLLM::EngineCor
2548319 912592 python
2555694 601076 ray::TransferQu
2555778 599980 ray::SimpleStor
== 2026-09-06T09:59:03+09:00
Mem:            1007         132         842          43          80         874
    PID   RSS COMMAND
2557619 56221124 ray::WorkerDict
2557622 29090284 ray::WorkerDict
2557621 29087800 ray::WorkerDict
2557620 29083156 ray::WorkerDict
1317539 4829420 VLLM::Worker_TP
1317538 4827236 VLLM::Worker_TP
1280658 1227476 vllm
2549075 1015444 gcs_server
2555197 991772 ray::TaskRunner
1317375 969428 VLLM::EngineCor
2548319 912592 python
2555694 601076 ray::TransferQu
2555778 599980 ray::SimpleStor
== 2026-09-06T09:59:23+09:00
Mem:            1007         135         840          43          81         872
    PID   RSS COMMAND
2557619 57412304 ray::WorkerDict
2557622 30282228 ray::WorkerDict
2557621 30280512 ray::WorkerDict
2557620 30275100 ray::WorkerDict
1317539 4829420 VLLM::Worker_TP
1317538 4827236 VLLM::Worker_TP
1280658 1227476 vllm
2549075 1015384 gcs_server
2555197 991772 ray::TaskRunner
1317375 969428 VLLM::EngineCor
2548319 912592 python
2555694 601076 ray::TransferQu
2555778 599980 ray::SimpleStor
== 2026-09-06T09:59:43+09:00
Mem:            1007         133         840          43          81         873
    PID   RSS COMMAND
2557619 58419912 ray::WorkerDict
2557622 30110424 ray::WorkerDict
2557621 30107636 ray::WorkerDict
2557620 30102240 ray::WorkerDict
1317539 4829420 VLLM::Worker_TP
1317538 4827236 VLLM::Worker_TP
1280658 1227476 vllm
2549075 1013892 gcs_server
2555197 991772 ray::TaskRunner
1317375 969428 VLLM::EngineCor
2548319 912592 python
2555694 601076 ray::TransferQu
2555778 599980 ray::SimpleStor
== 2026-09-06T10:00:03+09:00
Mem:            1007         135         838          43          82         871
    PID   RSS COMMAND
2557619 59533024 ray::WorkerDict
2557622 31225124 ray::WorkerDict
2557621 31220800 ray::WorkerDict
2557620 31216172 ray::WorkerDict
1317539 4829420 VLLM::Worker_TP
1317538 4827236 VLLM::Worker_TP
1280658 1227476 vllm
2549075 1013808 gcs_server
2555197 991772 ray::TaskRunner
1317375 969428 VLLM::EngineCor
2548319 912592 python
2555694 601076 ray::TransferQu
2555778 599980 ray::SimpleStor
== 2026-09-06T10:00:23+09:00
Mem:            1007         134         838          43          82         872
    PID   RSS COMMAND
2557619 60628696 ray::WorkerDict
2557622 31141080 ray::WorkerDict
2557621 31137524 ray::WorkerDict
2557620 31132128 ray::WorkerDict
1317539 4829420 VLLM::Worker_TP
1317538 4827236 VLLM::Worker_TP
1280658 1227476 vllm
2549075 1014576 gcs_server
2555197 991772 ray::TaskRunner
1317375 969428 VLLM::EngineCor
2548319 912592 python
2555694 601076 ray::TransferQu
2555778 599980 ray::SimpleStor
== 2026-09-06T10:00:43+09:00
Mem:            1007         136         836          43          83         870
    PID   RSS COMMAND
2557619 61640012 ray::WorkerDict
2557622 32152348 ray::WorkerDict
2557621 32149560 ray::WorkerDict
2557620 32143396 ray::WorkerDict
1317539 4829420 VLLM::Worker_TP
1317538 4827236 VLLM::Worker_TP
1280658 1227476 vllm
2549075 1015244 gcs_server
2555197 991772 ray::TaskRunner
1317375 969428 VLLM::EngineCor
2548319 912592 python
2555694 601076 ray::TransferQu
2555778 599980 ray::SimpleStor
== 2026-09-06T10:01:03+09:00
Mem:            1007         135         837          43          83         872
    PID   RSS COMMAND
2557619 62811728 ray::WorkerDict
2557622 32144344 ray::WorkerDict
2557621 32140788 ray::WorkerDict
2557620 32136928 ray::WorkerDict
1317539 4829420 VLLM::Worker_TP
1317538 4827236 VLLM::Worker_TP
1280658 1227476 vllm
2549075 1015924 gcs_server
2555197 991772 ray::TaskRunner
1317375 969428 VLLM::EngineCor
2548319 912592 python
2555694 601076 ray::TransferQu
2555778 599980 ray::SimpleStor
== 2026-09-06T10:01:23+09:00
Mem:            1007         137         834          43          84         870
    PID   RSS COMMAND
2557619 63810652 ray::WorkerDict
2557622 33143324 ray::WorkerDict
2557621 33139768 ray::WorkerDict
2557620 33135140 ray::WorkerDict
1317539 4829420 VLLM::Worker_TP
1317538 4827236 VLLM::Worker_TP
1280658 1227476 vllm
2549075 1015896 gcs_server
2555197 991772 ray::TaskRunner
1317375 969428 VLLM::EngineCor
2548319 912592 python
2555694 601076 ray::TransferQu
2555778 599980 ray::SimpleStor
== 2026-09-06T10:01:43+09:00
Mem:            1007         136         835          43          84         871
    PID   RSS COMMAND
2557619 64951904 ray::WorkerDict
2557622 33104088 ray::WorkerDict
2557621 33100556 ray::WorkerDict
2557620 33096672 ray::WorkerDict
1317539 4829420 VLLM::Worker_TP
1317538 4827236 VLLM::Worker_TP
1280658 1227476 vllm
2549075 1016460 gcs_server
2555197 991772 ray::TaskRunner
1317375 969428 VLLM::EngineCor
2548319 912592 python
2555694 601076 ray::TransferQu
2555778 599980 ray::SimpleStor
== 2026-09-06T10:02:03+09:00
Mem:            1007         138         832          43          85         869
    PID   RSS COMMAND
2557619 65892972 ray::WorkerDict
2557622 34046748 ray::WorkerDict
2557621 34042448 ray::WorkerDict
2557620 34038564 ray::WorkerDict
1317539 4829420 VLLM::Worker_TP
1317538 4827236 VLLM::Worker_TP
1280658 1227476 vllm
2549075 1016640 gcs_server
2555197 991772 ray::TaskRunner
1317375 969428 VLLM::EngineCor
2548319 912592 python
2555694 601076 ray::TransferQu
2555778 599980 ray::SimpleStor
== 2026-09-06T10:02:23+09:00
Mem:            1007         140         830          43          85         867
    PID   RSS COMMAND
2557619 67071096 ray::WorkerDict
2557622 35222052 ray::WorkerDict
2557621 35217752 ray::WorkerDict
2557620 35214636 ray::WorkerDict
1317539 4829420 VLLM::Worker_TP
1317538 4827236 VLLM::Worker_TP
1280658 1227476 vllm
2549075 1018140 gcs_server
2555197 991772 ray::TaskRunner
1317375 969428 VLLM::EngineCor
2548319 912592 python
2555694 601076 ray::TransferQu
2555778 599980 ray::SimpleStor
== 2026-09-06T10:02:43+09:00
Mem:            1007         138         831          43          86         868
    PID   RSS COMMAND
2557619 68002172 ray::WorkerDict
2557622 34975516 ray::WorkerDict
2557621 34971216 ray::WorkerDict
2557620 34967332 ray::WorkerDict
1317539 4829420 VLLM::Worker_TP
1317538 4827236 VLLM::Worker_TP
1280658 1227476 vllm
2549075 1018140 gcs_server
2555197 991772 ray::TaskRunner
1317375 969428 VLLM::EngineCor
2548319 912592 python
2555694 601076 ray::TransferQu
2555778 599980 ray::SimpleStor
== 2026-09-06T10:03:03+09:00
Mem:            1007         140         828          43          86         866
    PID   RSS COMMAND
2557619 69072520 ray::WorkerDict
2557622 36044580 ray::WorkerDict
2557621 36040280 ray::WorkerDict
2557620 36036396 ray::WorkerDict
1317539 4829420 VLLM::Worker_TP
1317538 4825356 VLLM::Worker_TP
1280658 1226624 vllm
2549075 1017948 gcs_server
2555197 991772 ray::TaskRunner
1317375 969428 VLLM::EngineCor
2548319 912592 python
2555694 601076 ray::TransferQu
2555778 599980 ray::SimpleStor
== 2026-09-06T10:03:23+09:00
Mem:            1007         139         829          43          87         867
    PID   RSS COMMAND
2557619 70076544 ray::WorkerDict
2557622 35870168 ray::WorkerDict
2557621 35865868 ray::WorkerDict
2557620 35863532 ray::WorkerDict
1317539 4830188 VLLM::Worker_TP
1317538 4825356 VLLM::Worker_TP
1280658 1227392 vllm
2549075 1017828 gcs_server
2555197 991772 ray::TaskRunner
1317375 969428 VLLM::EngineCor
2548319 912592 python
2555694 601076 ray::TransferQu
2555778 599980 ray::SimpleStor
== 2026-09-06T10:03:43+09:00
Mem:            1007         141         826          43          87         865
    PID   RSS COMMAND
2557619 71230116 ray::WorkerDict
2557622 37023780 ray::WorkerDict
2557621 37019480 ray::WorkerDict
2557620 37017144 ray::WorkerDict
1317539 4830188 VLLM::Worker_TP
1317538 4825356 VLLM::Worker_TP
1280658 1227392 vllm
2549075 1017800 gcs_server
2555197 991772 ray::TaskRunner
1317375 969428 VLLM::EngineCor
2548319 912592 python
2555694 601076 ray::TransferQu
2555778 599980 ray::SimpleStor
== 2026-09-06T10:04:03+09:00
Mem:            1007         140         827          43          88         866
    PID   RSS COMMAND
2557619 72315804 ray::WorkerDict
2557622 36929752 ray::WorkerDict
2557621 36925452 ray::WorkerDict
2557620 36922348 ray::WorkerDict
1317539 4830188 VLLM::Worker_TP
1317538 4825356 VLLM::Worker_TP
1280658 1227392 vllm
2549075 1019984 gcs_server
2555197 991772 ray::TaskRunner
1317375 969428 VLLM::EngineCor
2548319 912592 python
2555694 601076 ray::TransferQu
2555778 599980 ray::SimpleStor
== 2026-09-06T10:04:23+09:00
Mem:            1007         142         824          43          88         864
    PID   RSS COMMAND
2557619 73334184 ray::WorkerDict
2557622 37945372 ray::WorkerDict
2557621 37941840 ray::WorkerDict
2557620 37938736 ray::WorkerDict
1317539 4830188 VLLM::Worker_TP
1317538 4825356 VLLM::Worker_TP
1280658 1227392 vllm
2549075 1020752 gcs_server
2555197 991772 ray::TaskRunner
1317375 969428 VLLM::EngineCor
2548319 912592 python
2555694 601076 ray::TransferQu
2555778 599980 ray::SimpleStor
== 2026-09-06T10:04:43+09:00
Mem:            1007         141         825          43          89         866
    PID   RSS COMMAND
2557619 74440876 ray::WorkerDict
2557622 37874392 ray::WorkerDict
2557621 37870860 ray::WorkerDict
2557620 37867756 ray::WorkerDict
1317539 4830188 VLLM::Worker_TP
1317538 4825356 VLLM::Worker_TP
1280658 1227392 vllm
2549075 1017636 gcs_server
2555197 991772 ray::TaskRunner
1317375 969428 VLLM::EngineCor
2548319 912592 python
2555694 601076 ray::TransferQu
2555778 599980 ray::SimpleStor
== 2026-09-06T10:05:03+09:00
Mem:            1007         143         823          43          89         864
    PID   RSS COMMAND
2557619 75399352 ray::WorkerDict
2557622 38832156 ray::WorkerDict
2557621 38828624 ray::WorkerDict
2557620 38825520 ray::WorkerDict
1317539 4830188 VLLM::Worker_TP
1317538 4825356 VLLM::Worker_TP
1280658 1227392 vllm
2549075 1018136 gcs_server
2555197 991772 ray::TaskRunner
1317375 969428 VLLM::EngineCor
2548319 912592 python
2555694 601076 ray::TransferQu
2555778 599980 ray::SimpleStor
== 2026-09-06T10:05:23+09:00
Mem:            1007         145         820          43          90         861
    PID   RSS COMMAND
2557619 76581060 ray::WorkerDict
2557622 40014628 ray::WorkerDict
2557621 40011096 ray::WorkerDict
2557620 40007992 ray::WorkerDict
1317539 4830188 VLLM::Worker_TP
1317538 4825356 VLLM::Worker_TP
1280658 1227392 vllm
2549075 1017648 gcs_server
2555197 991772 ray::TaskRunner
1317375 969428 VLLM::EngineCor
2548319 912592 python
2555694 601076 ray::TransferQu
2555778 599980 ray::SimpleStor
== 2026-09-06T10:05:43+09:00
Mem:            1007         144         821          43          90         863
    PID   RSS COMMAND
2557619 77616676 ray::WorkerDict
2557622 39870752 ray::WorkerDict
2557621 39867216 ray::WorkerDict
2557620 39864112 ray::WorkerDict
1317539 4830188 VLLM::Worker_TP
1317538 4825356 VLLM::Worker_TP
1280658 1227392 vllm
2549075 1015208 gcs_server
2555197 991772 ray::TaskRunner
1317375 969428 VLLM::EngineCor
2548319 912592 python
2555694 601076 ray::TransferQu
2555778 599980 ray::SimpleStor
== 2026-09-06T10:06:03+09:00
Mem:            1007         146         818          43          91         861
    PID   RSS COMMAND
2557619 78791380 ray::WorkerDict
2557622 41046056 ray::WorkerDict
2557621 41042520 ray::WorkerDict
2557620 41038648 ray::WorkerDict
1317539 4830188 VLLM::Worker_TP
1317538 4825356 VLLM::Worker_TP
1280658 1227392 vllm
2549075 1015968 gcs_server
2555197 991772 ray::TaskRunner
1317375 969428 VLLM::EngineCor
2548319 912592 python
2555694 601076 ray::TransferQu
2555778 599980 ray::SimpleStor
== 2026-09-06T10:06:23+09:00
Mem:            1007         144         819          43          91         862
    PID   RSS COMMAND
2557619 79728076 ray::WorkerDict
2557622 40802268 ray::WorkerDict
2557621 40799500 ray::WorkerDict
2557620 40795628 ray::WorkerDict
1317539 4830188 VLLM::Worker_TP
1317538 4825356 VLLM::Worker_TP
1280658 1227392 vllm
2549075 1017504 gcs_server
2555197 991772 ray::TaskRunner
1317375 969428 VLLM::EngineCor
2548319 912592 python
2555694 601076 ray::TransferQu
2555778 599980 ray::SimpleStor
== 2026-09-06T10:06:44+09:00
Mem:            1007         146         816          43          92         860
    PID   RSS COMMAND
2557619 80797156 ray::WorkerDict
2557622 41871400 ray::WorkerDict
2557621 41870168 ray::WorkerDict
2557620 41865528 ray::WorkerDict
1317539 4830188 VLLM::Worker_TP
1317538 4825356 VLLM::Worker_TP
1280658 1227392 vllm
2549075 1018256 gcs_server
2555197 991772 ray::TaskRunner
1317375 969428 VLLM::EngineCor
2548319 912592 python
2555694 601076 ray::TransferQu
2555778 599980 ray::SimpleStor
== 2026-09-06T10:07:04+09:00
Mem:            1007         145         817          43          92         861
    PID   RSS COMMAND
2557619 81840092 ray::WorkerDict
2557622 41734620 ray::WorkerDict
2557621 41732620 ray::WorkerDict
2557620 41729524 ray::WorkerDict
1317539 4829420 VLLM::Worker_TP
1317538 4824588 VLLM::Worker_TP
1280658 1227392 vllm
2549075 1019712 gcs_server
2555197 991772 ray::TaskRunner
1317375 969428 VLLM::EngineCor
2548319 912592 python
2555694 601076 ray::TransferQu
2555778 599980 ray::SimpleStor
== 2026-09-06T10:07:24+09:00
Mem:            1007         147         815          43          93         859
    PID   RSS COMMAND
2557619 82881768 ray::WorkerDict
2557622 42774816 ray::WorkerDict
2557621 42772816 ray::WorkerDict
2557620 42768952 ray::WorkerDict
1317539 4829420 VLLM::Worker_TP
1317538 4824588 VLLM::Worker_TP
1280658 1227392 vllm
2549075 1021248 gcs_server
2555197 991772 ray::TaskRunner
1317375 969428 VLLM::EngineCor
2548319 912592 python
2555694 601076 ray::TransferQu
2555778 599980 ray::SimpleStor
== 2026-09-06T10:07:44+09:00
Mem:            1007         146         816          43          93         861
    PID   RSS COMMAND
2557619 83916012 ray::WorkerDict
2557622 42630876 ray::WorkerDict
2557621 42628108 ray::WorkerDict
2557620 42625012 ray::WorkerDict
1317539 4829420 VLLM::Worker_TP
1317538 4824588 VLLM::Worker_TP
1280658 1227392 vllm
2549075 1020480 gcs_server
2555197 991772 ray::TaskRunner
1317375 969428 VLLM::EngineCor
2548319 912592 python
2555694 601076 ray::TransferQu
2555778 599980 ray::SimpleStor
== 2026-09-06T10:08:04+09:00
Mem:            1007         148         813          43          94         859
    PID   RSS COMMAND
2557619 84823800 ray::WorkerDict
2557622 43539488 ray::WorkerDict
2557621 43535952 ray::WorkerDict
2557620 43533624 ray::WorkerDict
1317539 4829420 VLLM::Worker_TP
1317538 4824588 VLLM::Worker_TP
1280658 1227392 vllm
2549075 1019516 gcs_server
2555197 991772 ray::TaskRunner
1317375 969428 VLLM::EngineCor
2548319 912592 python
2555694 601076 ray::TransferQu
2555778 599980 ray::SimpleStor
== 2026-09-06T10:08:24+09:00
Mem:            1007         150         811          43          94         857
    PID   RSS COMMAND
2557619 85814020 ray::WorkerDict
2557622 44526120 ray::WorkerDict
2557621 44524120 ray::WorkerDict
2557620 44521024 ray::WorkerDict
1317539 4829420 VLLM::Worker_TP
1317538 4824588 VLLM::Worker_TP
1280658 1227392 vllm
2549075 1019384 gcs_server
2555197 991772 ray::TaskRunner
1317375 969428 VLLM::EngineCor
2548319 912592 python
2555694 601076 ray::TransferQu
2555778 599980 ray::SimpleStor
== 2026-09-06T10:08:44+09:00
Mem:            1007         148         812          43          95         859
    PID   RSS COMMAND
2557619 86674700 ray::WorkerDict
2557622 44210448 ray::WorkerDict
2557621 44206604 ray::WorkerDict
2557620 44204276 ray::WorkerDict
1317539 4829420 VLLM::Worker_TP
1317538 4824588 VLLM::Worker_TP
1280658 1227392 vllm
2549075 1020152 gcs_server
2555197 991772 ray::TaskRunner
1317375 969428 VLLM::EngineCor
2548319 912592 python
2555694 601076 ray::TransferQu
2555778 599980 ray::SimpleStor
== 2026-09-06T10:09:04+09:00
Mem:            1007         150         810          43          95         857
    PID   RSS COMMAND
2557619 87750948 ray::WorkerDict
2557622 45287516 ray::WorkerDict
2557621 45285208 ray::WorkerDict
2557620 45281344 ray::WorkerDict
1317539 4829420 VLLM::Worker_TP
1317538 4824588 VLLM::Worker_TP
1280658 1227392 vllm
2549075 1019352 gcs_server
2555197 991772 ray::TaskRunner
1317375 969428 VLLM::EngineCor
2548319 912592 python
2555694 601076 ray::TransferQu
2555778 599980 ray::SimpleStor
== 2026-09-06T10:09:24+09:00
Mem:            1007         148         811          43          96         858
    PID   RSS COMMAND
2557619 88729628 ray::WorkerDict
2557622 45085328 ray::WorkerDict
2557621 45082636 ray::WorkerDict
2557620 45079544 ray::WorkerDict
1317539 4829420 VLLM::Worker_TP
1317538 4824588 VLLM::Worker_TP
1280658 1227392 vllm
2549075 1019188 gcs_server
2555197 991772 ray::TaskRunner
1317375 969428 VLLM::EngineCor
2548319 912592 python
2555694 601076 ray::TransferQu
2555778 599980 ray::SimpleStor
== 2026-09-06T10:09:44+09:00
Mem:            1007         150         809          43          96         856
    PID   RSS COMMAND
2557619 89617960 ray::WorkerDict
2557622 45974484 ray::WorkerDict
2557621 45971024 ray::WorkerDict
2557620 45968700 ray::WorkerDict
1317539 4829420 VLLM::Worker_TP
1317538 4824588 VLLM::Worker_TP
1280658 1227392 vllm
2549075 1016816 gcs_server
2555197 991772 ray::TaskRunner
1317375 969428 VLLM::EngineCor
2548319 912592 python
2555694 601076 ray::TransferQu
2555778 599980 ray::SimpleStor
== 2026-09-06T10:10:04+09:00
Mem:            1007         152         806          43          96         854
    PID   RSS COMMAND
2557619 90595124 ray::WorkerDict
2557622 46950876 ray::WorkerDict
2557621 46948184 ray::WorkerDict
2557620 46945860 ray::WorkerDict
1317539 4829420 VLLM::Worker_TP
1317538 4824588 VLLM::Worker_TP
1280658 1227392 vllm
2549075 1017420 gcs_server
2555197 991772 ray::TaskRunner
1317375 969428 VLLM::EngineCor
2548319 912592 python
2555694 601076 ray::TransferQu
2555778 599980 ray::SimpleStor
== 2026-09-06T10:10:24+09:00
Mem:            1007         151         807          43          97         856
    PID   RSS COMMAND
2557619 91558712 ray::WorkerDict
2557622 46734036 ray::WorkerDict
2557621 46732880 ray::WorkerDict
2557620 46728252 ray::WorkerDict
1317539 4829420 VLLM::Worker_TP
1317538 4824588 VLLM::Worker_TP
1280658 1227392 vllm
2549075 1017252 gcs_server
2555197 991772 ray::TaskRunner
1317375 969428 VLLM::EngineCor
2548319 912592 python
2555694 601076 ray::TransferQu
2555778 599980 ray::SimpleStor
== 2026-09-06T10:10:44+09:00
Mem:            1007         153         804          43          97         854
    PID   RSS COMMAND
2557619 92772932 ray::WorkerDict
2557622 47946984 ray::WorkerDict
2557621 47944280 ray::WorkerDict
2557620 47939652 ray::WorkerDict
1317539 4829420 VLLM::Worker_TP
1317538 4824588 VLLM::Worker_TP
1280658 1227392 vllm
2549075 1017764 gcs_server
2555197 991772 ray::TaskRunner
1317375 969428 VLLM::EngineCor
2548319 912592 python
 588079 638208 sssd_be
2555694 601076 ray::TransferQu
== 2026-09-06T10:11:04+09:00
Mem:            1007         152         805          43          98         855
    PID   RSS COMMAND
2557619 93857852 ray::WorkerDict
2557622 47853468 ray::WorkerDict
2557621 47851532 ray::WorkerDict
2557620 47847672 ray::WorkerDict
1317539 4829420 VLLM::Worker_TP
1317538 4824588 VLLM::Worker_TP
1280658 1227392 vllm
2549075 1019120 gcs_server
2555197 991772 ray::TaskRunner
1317375 969428 VLLM::EngineCor
2548319 912592 python
 588079 636352 sssd_be
2555694 601076 ray::TransferQu
== 2026-09-06T10:11:24+09:00
Mem:            1007         154         802          43          99         853
    PID   RSS COMMAND
2557619 95013716 ray::WorkerDict
2557622 49010152 ray::WorkerDict
2557621 49007448 ray::WorkerDict
2557620 49003588 ray::WorkerDict
1317539 4829420 VLLM::Worker_TP
1317538 4824588 VLLM::Worker_TP
1280658 1227392 vllm
2549075 1019512 gcs_server
2555197 991772 ray::TaskRunner
1317375 969428 VLLM::EngineCor
2548319 912592 python
2555694 601076 ray::TransferQu
2555778 599980 ray::SimpleStor
== 2026-09-06T10:11:44+09:00
Mem:            1007         153         803          43          99         854
    PID   RSS COMMAND
2557619 96060236 ray::WorkerDict
2557622 48876956 ray::WorkerDict
2557621 48874252 ray::WorkerDict
2557620 48870392 ray::WorkerDict
1317539 4829420 VLLM::Worker_TP
1317538 4824588 VLLM::Worker_TP
1280658 1227392 vllm
2549075 1018728 gcs_server
2555197 991772 ray::TaskRunner
1317375 969428 VLLM::EngineCor
2548319 912592 python
2555694 601076 ray::TransferQu
2555778 599980 ray::SimpleStor
== 2026-09-06T10:12:04+09:00
Mem:            1007         155         800          43         100         852
    PID   RSS COMMAND
2557619 97153124 ray::WorkerDict
2557622 49970664 ray::WorkerDict
2557621 49969496 ray::WorkerDict
2557620 49964100 ray::WorkerDict
1317539 4825512 VLLM::Worker_TP
1317538 4820740 VLLM::Worker_TP
1280658 1227392 vllm
2549075 1018668 gcs_server
2555197 991772 ray::TaskRunner
1317375 969428 VLLM::EngineCor
2548319 912592 python
2555694 601076 ray::TransferQu
2555778 599980 ray::SimpleStor
== 2026-09-06T10:12:24+09:00
Mem:            1007         153         802          43         100         853
    PID   RSS COMMAND
2557619 98241628 ray::WorkerDict
2557622 49880220 ray::WorkerDict
2557621 49877516 ray::WorkerDict
2557620 49872888 ray::WorkerDict
1317539 4824744 VLLM::Worker_TP
1317538 4819972 VLLM::Worker_TP
1280658 1227392 vllm
2549075 1017700 gcs_server
2555197 991772 ray::TaskRunner
1317375 969428 VLLM::EngineCor
2548319 912592 python
2555694 601076 ray::TransferQu
2555778 599980 ray::SimpleStor
== 2026-09-06T10:12:44+09:00
Mem:            1007         155         800          43         100         851
    PID   RSS COMMAND
2557619 99192168 ray::WorkerDict
2557622 50830048 ray::WorkerDict
2557621 50828112 ray::WorkerDict
2557620 50824252 ray::WorkerDict
1317539 4822132 VLLM::Worker_TP
1317538 4817612 VLLM::Worker_TP
1280658 1227392 vllm
2549075 1019236 gcs_server
2555197 991772 ray::TaskRunner
1317375 969428 VLLM::EngineCor
2548319 912592 python
2555694 601076 ray::TransferQu
2555778 599980 ray::SimpleStor
== 2026-09-06T10:13:04+09:00
Mem:            1007         154         800          43         100         852
    PID   RSS COMMAND
2557619 100362348 ray::WorkerDict
2557622 50819740 ray::WorkerDict
2557621 50818572 ray::WorkerDict
2557620 50813944 ray::WorkerDict
1317539 4822132 VLLM::Worker_TP
1317538 4817612 VLLM::Worker_TP
1280658 1227392 vllm
2549075 1020772 gcs_server
2555197 991772 ray::TaskRunner
1317375 969428 VLLM::EngineCor
2548319 912592 python
2555694 601076 ray::TransferQu
2555778 599980 ray::SimpleStor
== 2026-09-06T10:13:24+09:00
Mem:            1007         156         799          43         100         851
    PID   RSS COMMAND
2557619 101226872 ray::WorkerDict
2557622 51684320 ray::WorkerDict
2557621 51683152 ray::WorkerDict
2557620 51678524 ray::WorkerDict
1317539 4822132 VLLM::Worker_TP
1317538 4817612 VLLM::Worker_TP
1280658 1227392 vllm
2549075 1020288 gcs_server
2555197 991772 ray::TaskRunner
1317375 969428 VLLM::EngineCor
2548319 912592 python
2555694 601076 ray::TransferQu
2555778 599980 ray::SimpleStor
== 2026-09-06T10:13:44+09:00
Mem:            1007         158         796          43         100         849
    PID   RSS COMMAND
2557619 102314628 ray::WorkerDict
2557622 52771304 ray::WorkerDict
2557621 52770904 ray::WorkerDict
2557620 52766276 ray::WorkerDict
1317539 4822132 VLLM::Worker_TP
1317538 4817612 VLLM::Worker_TP
1280658 1227392 vllm
2549075 1020280 gcs_server
2555197 991772 ray::TaskRunner
1317375 969428 VLLM::EngineCor
2548319 912592 python
2555694 601076 ray::TransferQu
2555778 599980 ray::SimpleStor
== 2026-09-06T10:14:04+09:00
Mem:            1007         156         797          43         101         850
    PID   RSS COMMAND
2557619 103268744 ray::WorkerDict
2557622 52546460 ray::WorkerDict
2557621 52545292 ray::WorkerDict
2557620 52539896 ray::WorkerDict
1317539 4822132 VLLM::Worker_TP
1317538 4817612 VLLM::Worker_TP
1280658 1227392 vllm
2549075 1019764 gcs_server
2555197 991772 ray::TaskRunner
1317375 969428 VLLM::EngineCor
2548319 912592 python
2555694 601076 ray::TransferQu
2555778 599980 ray::SimpleStor
== 2026-09-06T10:14:24+09:00
Mem:            1007         158         795          43         101         848
    PID   RSS COMMAND
2557619 104300960 ray::WorkerDict
2557622 53578728 ray::WorkerDict
2557621 53578328 ray::WorkerDict
2557620 53572932 ray::WorkerDict
1317539 4822132 VLLM::Worker_TP
1317538 4817612 VLLM::Worker_TP
1280658 1227392 vllm
2549075 1020328 gcs_server
2555197 991772 ray::TaskRunner
1317375 969428 VLLM::EngineCor
2548319 912592 python
2555694 601076 ray::TransferQu
2555778 599980 ray::SimpleStor
== 2026-09-06T10:14:44+09:00
Mem:            1007         157         796          43         102         849
    PID   RSS COMMAND
2557619 105311384 ray::WorkerDict
2557622 53410204 ray::WorkerDict
2557621 53409036 ray::WorkerDict
2557620 53403640 ray::WorkerDict
1317539 4822132 VLLM::Worker_TP
1317538 4817612 VLLM::Worker_TP
1280658 1227392 vllm
2549075 1021096 gcs_server
2555197 991772 ray::TaskRunner
1317375 969428 VLLM::EngineCor
2548319 912592 python
2555694 601076 ray::TransferQu
2555778 599980 ray::SimpleStor
== 2026-09-06T10:15:04+09:00
Mem:            1007         159         796          43         100         848
    PID   RSS COMMAND
2557619 106235812 ray::WorkerDict
2557622 54331872 ray::WorkerDict
2557621 54329936 ray::WorkerDict
2557620 54325308 ray::WorkerDict
1317539 4822132 VLLM::Worker_TP
1317538 4817612 VLLM::Worker_TP
1280658 1227392 vllm
2549075 1021048 gcs_server
2555197 991772 ray::TaskRunner
1317375 969428 VLLM::EngineCor
2548319 912592 python
2555694 601076 ray::TransferQu
2555778 599980 ray::SimpleStor
== 2026-09-06T10:15:24+09:00
Mem:            1007         158         797          43         100         849
    PID   RSS COMMAND
2557619 107350440 ray::WorkerDict
2557622 54269596 ray::WorkerDict
2557621 54267660 ray::WorkerDict
2557620 54263032 ray::WorkerDict
1317539 4822132 VLLM::Worker_TP
1317538 4817612 VLLM::Worker_TP
1280658 1227392 vllm
2549075 1019668 gcs_server
2555197 991772 ray::TaskRunner
1317375 969428 VLLM::EngineCor
2548319 912592 python
2555694 601076 ray::TransferQu
2555778 599980 ray::SimpleStor
== 2026-09-06T10:15:44+09:00
Mem:            1007         159         795          43         101         847
    PID   RSS COMMAND
2557619 108241588 ray::WorkerDict
2557622 55160800 ray::WorkerDict
2557621 55158864 ray::WorkerDict
2557620 55154236 ray::WorkerDict
1317539 4822132 VLLM::Worker_TP
1317538 4817612 VLLM::Worker_TP
1280658 1227392 vllm
2549075 1019616 gcs_server
2555197 991772 ray::TaskRunner
1317375 969428 VLLM::EngineCor
2548319 912592 python
2555694 601076 ray::TransferQu
2555778 599980 ray::SimpleStor
== 2026-09-06T10:16:04+09:00
Mem:            1007         162         792          43         101         845
    PID   RSS COMMAND
2557619 109385152 ray::WorkerDict
2557622 56304360 ray::WorkerDict
2557621 56300888 ray::WorkerDict
2557620 56295492 ray::WorkerDict
1317539 4822132 VLLM::Worker_TP
1317538 4817612 VLLM::Worker_TP
1280658 1227392 vllm
2549075 1019564 gcs_server
2555197 988700 ray::TaskRunner
1317375 969428 VLLM::EngineCor
2548319 910288 python
2555766 599576 ray::SimpleStor
2555694 599540 ray::TransferQu
== 2026-09-06T10:16:24+09:00
Mem:            1007         160         793          43         102         846
    PID   RSS COMMAND
2557619 110334904 ray::WorkerDict
2557622 56074396 ray::WorkerDict
2557621 56070924 ray::WorkerDict
2557620 56065528 ray::WorkerDict
1317539 4822132 VLLM::Worker_TP
1317538 4817612 VLLM::Worker_TP
1280658 1227392 vllm
2549075 1021064 gcs_server
2555197 988700 ray::TaskRunner
1317375 969428 VLLM::EngineCor
2548319 910288 python
2555766 599576 ray::SimpleStor
2555694 599540 ray::TransferQu
== 2026-09-06T10:16:45+09:00
Mem:            1007         162         791          43         102         844
    PID   RSS COMMAND
2557619 111373520 ray::WorkerDict
2557622 57113840 ray::WorkerDict
2557621 57110360 ray::WorkerDict
2557620 57103428 ray::WorkerDict
1317539 4822132 VLLM::Worker_TP
1317538 4817612 VLLM::Worker_TP
1280658 1227392 vllm
2549075 1019156 gcs_server
2555197 988700 ray::TaskRunner
1317375 969428 VLLM::EngineCor
2548319 910288 python
2555766 599576 ray::SimpleStor
2555694 599540 ray::TransferQu
== 2026-09-06T10:17:05+09:00
Mem:            1007         161         791          43         103         846
    PID   RSS COMMAND
2557619 112410056 ray::WorkerDict
2557622 56970660 ray::WorkerDict
2557621 56966412 ray::WorkerDict
2557620 56960248 ray::WorkerDict
1317539 4822132 VLLM::Worker_TP
1317538 4817612 VLLM::Worker_TP
1280658 1227392 vllm
2549075 1019924 gcs_server
2555197 988700 ray::TaskRunner
1317375 969428 VLLM::EngineCor
2548319 910288 python
2555766 599576 ray::SimpleStor
2555694 599540 ray::TransferQu
== 2026-09-06T10:17:25+09:00
Mem:            1007         163         789          43         103         844
    PID   RSS COMMAND
2557619 113361876 ray::WorkerDict
2557622 57923304 ray::WorkerDict
2557621 57919056 ray::WorkerDict
2557620 57912892 ray::WorkerDict
1317539 4822132 VLLM::Worker_TP
1317538 4817612 VLLM::Worker_TP
1280658 1227392 vllm
2549075 1019872 gcs_server
2555197 988700 ray::TaskRunner
1317375 969428 VLLM::EngineCor
2548319 910288 python
2555766 599576 ray::SimpleStor
2555694 599540 ray::TransferQu
== 2026-09-06T10:17:45+09:00
Mem:            1007         161         790          43         103         846
    PID   RSS COMMAND
2557619 114373816 ray::WorkerDict
1317539 4822132 VLLM::Worker_TP
1317538 4817612 VLLM::Worker_TP
1280658 1227392 vllm
2557622 1095768 ray::WorkerDict
2557621 1091316 ray::WorkerDict
2557620 1083180 ray::WorkerDict
2549075 1018972 gcs_server
2555197 988700 ray::TaskRunner
1317375 969428 VLLM::EngineCor
2548319 910288 python
2555766 599576 ray::SimpleStor
2555694 599540 ray::TransferQu
== 2026-09-06T10:18:05+09:00
Mem:            1007         118         832          43         105         888
    PID   RSS COMMAND
2557619 27202884 ray::WorkerDict
1317539 4822132 VLLM::Worker_TP
1317538 4817612 VLLM::Worker_TP
2557622 1445644 ray::WorkerDict
2557621 1439472 ray::WorkerDict
2557620 1435596 ray::WorkerDict
1280658 1227392 vllm
2549075 1017216 gcs_server
2555197 988700 ray::TaskRunner
1317375 969428 VLLM::EngineCor
2548319 910288 python
2555766 599576 ray::SimpleStor
2555694 599540 ray::TransferQu
== 2026-09-06T10:18:25+09:00
Mem:            1007         113         836          43         106         894
    PID   RSS COMMAND
1317539 4822132 VLLM::Worker_TP
1317538 4817612 VLLM::Worker_TP
2557619 1532192 ray::WorkerDict
2557622 1516016 ray::WorkerDict
2557621 1509908 ray::WorkerDict
2557620 1505764 ray::WorkerDict
1280658 1227392 vllm
2555197 1046300 ray::TaskRunner
2549075 1020532 gcs_server
1317375 969428 VLLM::EngineCor
2548319 910288 python
2618948 802708 ray::RewardLoop
2618949 800668 ray::RewardLoop
== 2026-09-06T10:18:45+09:00
Mem:            1007         119         830          43         106         888
    PID   RSS COMMAND
1317539 4822132 VLLM::Worker_TP
1317538 4817612 VLLM::Worker_TP
2557619 1532192 ray::WorkerDict
2557622 1516016 ray::WorkerDict
2557621 1509908 ray::WorkerDict
2557620 1505764 ray::WorkerDict
2619203 1390148 ray::vLLMHttpSe
2619202 1388544 ray::vLLMHttpSe
2619204 1379304 ray::vLLMHttpSe
2619205 1350204 ray::vLLMHttpSe
1280658 1227392 vllm
2555197 1046300 ray::TaskRunner
2549075 1019968 gcs_server
== 2026-09-06T10:19:05+09:00
Mem:            1007         122         826          45         107         884
    PID   RSS COMMAND
1317539 4822132 VLLM::Worker_TP
1317538 4817612 VLLM::Worker_TP
2557619 1532192 ray::WorkerDict
2557622 1516016 ray::WorkerDict
2557621 1509908 ray::WorkerDict
2557620 1505764 ray::WorkerDict
2619835 1461860 VLLM::Worker
2619836 1459336 VLLM::Worker
2619838 1456900 VLLM::Worker
2619837 1450032 VLLM::Worker
2619203 1390148 ray::vLLMHttpSe
2619202 1388544 ray::vLLMHttpSe
2619204 1379304 ray::vLLMHttpSe
== 2026-09-06T10:19:25+09:00
Mem:            1007         123         826          45         107         884
    PID   RSS COMMAND
1317539 4822132 VLLM::Worker_TP
1317538 4817612 VLLM::Worker_TP
2619838 2734476 VLLM::Worker
2619835 2733960 VLLM::Worker
2619836 2732604 VLLM::Worker
2619837 2725840 VLLM::Worker
2557619 1532192 ray::WorkerDict
2557622 1516016 ray::WorkerDict
2557621 1509908 ray::WorkerDict
2557620 1505764 ray::WorkerDict
2619203 1390148 ray::vLLMHttpSe
2619202 1389312 ray::vLLMHttpSe
2619204 1379304 ray::vLLMHttpSe
== 2026-09-06T10:19:45+09:00
Mem:            1007         123         826          45         107         884
    PID   RSS COMMAND
1317539 4822132 VLLM::Worker_TP
1317538 4817612 VLLM::Worker_TP
2619838 2629992 VLLM::Worker
2619835 2628708 VLLM::Worker
2619836 2628120 VLLM::Worker
2619837 2621356 VLLM::Worker
2557619 1532192 ray::WorkerDict
2557622 1516016 ray::WorkerDict
2557621 1509908 ray::WorkerDict
2557620 1505764 ray::WorkerDict
2619203 1390148 ray::vLLMHttpSe
2619202 1389312 ray::vLLMHttpSe
2619204 1379304 ray::vLLMHttpSe
== 2026-09-06T10:20:05+09:00
Mem:            1007         123         826          45         107         884
    PID   RSS COMMAND
1317539 4822132 VLLM::Worker_TP
1317538 4817612 VLLM::Worker_TP
2619838 2814976 VLLM::Worker
2619835 2814460 VLLM::Worker
2619836 2813104 VLLM::Worker
2619837 2806340 VLLM::Worker
2557619 1532192 ray::WorkerDict
2557622 1516016 ray::WorkerDict
2557621 1509908 ray::WorkerDict
2557620 1505764 ray::WorkerDict
2619203 1390148 ray::vLLMHttpSe
2619202 1389312 ray::vLLMHttpSe
2619204 1379304 ray::vLLMHttpSe
== 2026-09-06T10:20:25+09:00
Mem:            1007         130         818          48         111         877
    PID   RSS COMMAND
1317539 4822132 VLLM::Worker_TP
1317538 4817612 VLLM::Worker_TP
2619838 3418788 VLLM::Worker
2619835 3418532 VLLM::Worker
2619836 3417108 VLLM::Worker
2619837 3410280 VLLM::Worker
2557619 1532192 ray::WorkerDict
2557622 1516016 ray::WorkerDict
2557621 1509908 ray::WorkerDict
2557620 1505764 ray::WorkerDict
2619203 1390148 ray::vLLMHttpSe
2619202 1389312 ray::vLLMHttpSe
2619204 1379304 ray::vLLMHttpSe
== 2026-09-06T10:20:45+09:00
Mem:            1007         132         816          48         111         874
    PID   RSS COMMAND
1317539 4822132 VLLM::Worker_TP
1317538 4817612 VLLM::Worker_TP
2619838 3872212 VLLM::Worker
2619835 3851660 VLLM::Worker
2619836 3837520 VLLM::Worker
2619837 3830344 VLLM::Worker
2557619 1532192 ray::WorkerDict
2557622 1516016 ray::WorkerDict
2557621 1509908 ray::WorkerDict
2557620 1505764 ray::WorkerDict
2619203 1469976 ray::vLLMHttpSe
2619202 1469956 ray::vLLMHttpSe
2619204 1453588 ray::vLLMHttpSe
== 2026-09-06T10:21:05+09:00
Mem:            1007         362         585         274         338         644
    PID   RSS COMMAND
2619835 68423564 VLLM::Worker
2619837 63457864 VLLM::Worker
2619838 60345556 VLLM::Worker
2619836 60307024 VLLM::Worker
1317539 4822132 VLLM::Worker_TP
1317538 4817612 VLLM::Worker_TP
2557619 1532192 ray::WorkerDict
2557622 1516016 ray::WorkerDict
2557621 1509908 ray::WorkerDict
2557620 1505764 ray::WorkerDict
2619202 1472576 ray::vLLMHttpSe
2619203 1469976 ray::vLLMHttpSe
2619204 1455916 ray::vLLMHttpSe
== 2026-09-06T10:21:25+09:00
Mem:            1007         452         557         369         370         555
    PID   RSS COMMAND
2619838 87640476 VLLM::Worker
2619835 87626068 VLLM::Worker
2619836 87607320 VLLM::Worker
2619837 87602448 VLLM::Worker
1317539 4830580 VLLM::Worker_TP
1317538 4821452 VLLM::Worker_TP
2557619 1311776 ray::WorkerDict
2557622 1299440 ray::WorkerDict
2557621 1292564 ray::WorkerDict
2557620 1290724 ray::WorkerDict
2619202 1259840 ray::vLLMHttpSe
2619203 1254936 ray::vLLMHttpSe
2619204 1244716 ray::vLLMHttpSe
== 2026-09-06T10:21:45+09:00
Mem:            1007         452         557         369         370         555
    PID   RSS COMMAND
2619838 87643548 VLLM::Worker
2619835 87626836 VLLM::Worker
2619836 87608088 VLLM::Worker
2619837 87603984 VLLM::Worker
1317539 4835956 VLLM::Worker_TP
1317538 4826828 VLLM::Worker_TP
2557619 1346420 ray::WorkerDict
2557622 1343548 ray::WorkerDict
2557621 1341500 ray::WorkerDict
2557620 1337588 ray::WorkerDict
2619202 1259840 ray::vLLMHttpSe
2619203 1254936 ray::vLLMHttpSe
2619204 1244716 ray::vLLMHttpSe
== 2026-09-06T10:22:05+09:00
Mem:            1007         584         425         369         370         422
    PID   RSS COMMAND
2619838 87643548 VLLM::Worker
2619835 87626836 VLLM::Worker
2619836 87608088 VLLM::Worker
2619837 87603984 VLLM::Worker
2557619 36304036 ray::WorkerDict
2557620 36294944 ray::WorkerDict
2557621 35793220 ray::WorkerDict
2557622 35791612 ray::WorkerDict
1317539 4835956 VLLM::Worker_TP
1317538 4829900 VLLM::Worker_TP
2619202 1259840 ray::vLLMHttpSe
2619203 1254936 ray::vLLMHttpSe
2619204 1244716 ray::vLLMHttpSe
== 2026-09-06T10:22:25+09:00
Mem:            1007         682         327         369         370         325
    PID   RSS COMMAND
2619838 87643548 VLLM::Worker
2619835 87626836 VLLM::Worker
2619836 87608088 VLLM::Worker
2619837 87603984 VLLM::Worker
2557619 61815808 ray::WorkerDict
2557620 61534348 ray::WorkerDict
2557621 61501156 ray::WorkerDict
2557622 61265780 ray::WorkerDict
1317539 4835956 VLLM::Worker_TP
1317538 4829900 VLLM::Worker_TP
2619202 1259840 ray::vLLMHttpSe
2619203 1254936 ray::vLLMHttpSe
2619204 1244716 ray::vLLMHttpSe
== 2026-09-06T10:22:45+09:00
Mem:            1007         685         324         369         370         322
    PID   RSS COMMAND
2619838 87643548 VLLM::Worker
2619835 87626836 VLLM::Worker
2619836 87608088 VLLM::Worker
2619837 87603984 VLLM::Worker
2557619 62611916 ray::WorkerDict
2557621 62539772 ray::WorkerDict
2557620 62113300 ray::WorkerDict
2557622 61986376 ray::WorkerDict
1317539 4835956 VLLM::Worker_TP
1317538 4829900 VLLM::Worker_TP
2619202 1259840 ray::vLLMHttpSe
2619203 1254936 ray::vLLMHttpSe
2619204 1244716 ray::vLLMHttpSe
== 2026-09-06T10:23:05+09:00
Mem:            1007         684         325         369         371         323
    PID   RSS COMMAND
2619838 87692700 VLLM::Worker
2619835 87676756 VLLM::Worker
2619836 87658776 VLLM::Worker
2619837 87656208 VLLM::Worker
2557619 62082236 ray::WorkerDict
2557622 61899324 ray::WorkerDict
2557621 61896832 ray::WorkerDict
2557620 61890152 ray::WorkerDict
1317539 4835956 VLLM::Worker_TP
1317538 4829900 VLLM::Worker_TP
2619202 1259840 ray::vLLMHttpSe
2619203 1254936 ray::vLLMHttpSe
2619204 1244716 ray::vLLMHttpSe
== 2026-09-06T10:23:25+09:00
Mem:            1007         684         324         369         371         322
    PID   RSS COMMAND
2619838 87692700 VLLM::Worker
2619835 87676756 VLLM::Worker
2619836 87658776 VLLM::Worker
2619837 87273628 VLLM::Worker
2557619 62083964 ray::WorkerDict
2557622 61901024 ray::WorkerDict
2557621 61897600 ray::WorkerDict
2557620 61891688 ray::WorkerDict
1317539 4835956 VLLM::Worker_TP
1317538 4829900 VLLM::Worker_TP
2619202 1259840 ray::vLLMHttpSe
2619203 1254936 ray::vLLMHttpSe
2619204 1244716 ray::vLLMHttpSe
== 2026-09-06T10:23:45+09:00
Mem:            1007         685         324         369         371         322
    PID   RSS COMMAND
2619838 87692700 VLLM::Worker
2619835 87676756 VLLM::Worker
2619836 87658776 VLLM::Worker
2619837 87273628 VLLM::Worker
2557619 62083964 ray::WorkerDict
2557622 61901024 ray::WorkerDict
2557621 61897600 ray::WorkerDict
2557620 61891688 ray::WorkerDict
1317539 4835956 VLLM::Worker_TP
1317538 4829900 VLLM::Worker_TP
2619202 1259840 ray::vLLMHttpSe
2619203 1254936 ray::vLLMHttpSe
2619204 1244716 ray::vLLMHttpSe
== 2026-09-06T10:24:05+09:00
Mem:            1007         686         323         369         371         321
    PID   RSS COMMAND
2619838 87692700 VLLM::Worker
2619835 87676756 VLLM::Worker
2619836 87658776 VLLM::Worker
2619837 87273628 VLLM::Worker
2557619 62083964 ray::WorkerDict
2557622 61901024 ray::WorkerDict
2557621 61897600 ray::WorkerDict
2557620 61891688 ray::WorkerDict
1317539 4835956 VLLM::Worker_TP
1317538 4829900 VLLM::Worker_TP
2619202 1259840 ray::vLLMHttpSe
2619203 1254936 ray::vLLMHttpSe
2619204 1244716 ray::vLLMHttpSe
== 2026-09-06T10:24:25+09:00
Mem:            1007         687         322         369         371         320
    PID   RSS COMMAND
2619838 87692700 VLLM::Worker
2619835 87676756 VLLM::Worker
2619836 87658776 VLLM::Worker
2619837 87273628 VLLM::Worker
2557619 62083964 ray::WorkerDict
2557622 61901024 ray::WorkerDict
2557621 61897600 ray::WorkerDict
2557620 61891688 ray::WorkerDict
1317539 4835956 VLLM::Worker_TP
1317538 4829900 VLLM::Worker_TP
2619202 1259840 ray::vLLMHttpSe
2619203 1254936 ray::vLLMHttpSe
2619204 1244716 ray::vLLMHttpSe
== 2026-09-06T10:24:45+09:00
Mem:            1007         687         322         369         371         320
    PID   RSS COMMAND
2619838 87692700 VLLM::Worker
2619835 87676756 VLLM::Worker
2619836 87658776 VLLM::Worker
2619837 87273628 VLLM::Worker
2557619 62083964 ray::WorkerDict
2557622 61901024 ray::WorkerDict
2557621 61897600 ray::WorkerDict
2557620 61891688 ray::WorkerDict
1317539 4835956 VLLM::Worker_TP
1317538 4829900 VLLM::Worker_TP
2619202 1259840 ray::vLLMHttpSe
2619203 1254936 ray::vLLMHttpSe
2619204 1244716 ray::vLLMHttpSe
== 2026-09-06T10:25:05+09:00
Mem:            1007         687         321         369         371         319
    PID   RSS COMMAND
2619838 87692700 VLLM::Worker
2619835 87676756 VLLM::Worker
2619836 87658776 VLLM::Worker
2619837 87273628 VLLM::Worker
2557619 62083964 ray::WorkerDict
2557622 61901024 ray::WorkerDict
2557621 61897600 ray::WorkerDict
2557620 61891688 ray::WorkerDict
1317539 4835956 VLLM::Worker_TP
1317538 4829900 VLLM::Worker_TP
2619202 1259840 ray::vLLMHttpSe
2619203 1254936 ray::vLLMHttpSe
2619204 1244716 ray::vLLMHttpSe
== 2026-09-06T10:25:25+09:00
Mem:            1007         689         320         369         371         318
    PID   RSS COMMAND
2619838 87692700 VLLM::Worker
2619835 87676756 VLLM::Worker
2619836 87658776 VLLM::Worker
2619837 87273628 VLLM::Worker
2557619 62083964 ray::WorkerDict
2557622 61901024 ray::WorkerDict
2557621 61897600 ray::WorkerDict
2557620 61891688 ray::WorkerDict
1317539 4835956 VLLM::Worker_TP
1317538 4829900 VLLM::Worker_TP
2619202 1259840 ray::vLLMHttpSe
2619203 1254936 ray::vLLMHttpSe
2619204 1244716 ray::vLLMHttpSe
== 2026-09-06T10:25:45+09:00
Mem:            1007         693         315         369         371         313
    PID   RSS COMMAND
2619838 87692700 VLLM::Worker
2619835 87676756 VLLM::Worker
2619836 87658776 VLLM::Worker
2619837 87273628 VLLM::Worker
2557619 62083964 ray::WorkerDict
2557622 61901024 ray::WorkerDict
2557621 61897600 ray::WorkerDict
2557620 61891688 ray::WorkerDict
1317539 4835956 VLLM::Worker_TP
1317538 4829900 VLLM::Worker_TP
2626916 1878296 ray::AgentLoopW
2626912 1878260 ray::AgentLoopW
2626911 1687008 ray::AgentLoopW
== 2026-09-06T10:26:05+09:00
Mem:            1007         694         315         369         371         313
    PID   RSS COMMAND
2619838 87720348 VLLM::Worker
2619835 87705172 VLLM::Worker
2619836 87681816 VLLM::Worker
2619837 87301092 VLLM::Worker
2557619 62083964 ray::WorkerDict
2557622 61901024 ray::WorkerDict
2557621 61897600 ray::WorkerDict
2557620 61891688 ray::WorkerDict
1317539 4835956 VLLM::Worker_TP
1317538 4829900 VLLM::Worker_TP
2626916 1889844 ray::AgentLoopW
2626912 1889780 ray::AgentLoopW
2626911 1700500 ray::AgentLoopW
== 2026-09-06T10:26:26+09:00
Mem:            1007         696         312         369         372         311
    PID   RSS COMMAND
2619838 87724828 VLLM::Worker
2619835 87706708 VLLM::Worker
2619836 87682344 VLLM::Worker
2619837 87305700 VLLM::Worker
2557619 62083964 ray::WorkerDict
2557622 61901024 ray::WorkerDict
2557621 61897600 ray::WorkerDict
2557620 61891688 ray::WorkerDict
1317539 4835956 VLLM::Worker_TP
1317538 4829900 VLLM::Worker_TP
2626912 1895372 ray::AgentLoopW
2626916 1889844 ray::AgentLoopW
2626911 1700500 ray::AgentLoopW
== 2026-09-06T10:26:46+09:00
Mem:            1007         696         311         369         374         311
    PID   RSS COMMAND
2619838 87725596 VLLM::Worker
2619835 87706708 VLLM::Worker
2619836 87682344 VLLM::Worker
2619837 87305700 VLLM::Worker
2557619 62083964 ray::WorkerDict
2557622 61901024 ray::WorkerDict
2557621 61897600 ray::WorkerDict
2557620 61891688 ray::WorkerDict
1317539 4835956 VLLM::Worker_TP
1317538 4829900 VLLM::Worker_TP
2626916 1896756 ray::AgentLoopW
2626912 1896140 ray::AgentLoopW
2626911 1702036 ray::AgentLoopW
== 2026-09-06T10:27:06+09:00
Mem:            1007         696         311         369         374         311
    PID   RSS COMMAND
2619838 87725596 VLLM::Worker
2619835 87707476 VLLM::Worker
2619836 87687720 VLLM::Worker
2619837 87306468 VLLM::Worker
2557619 62083964 ray::WorkerDict
2557622 61901024 ray::WorkerDict
2557621 61897600 ray::WorkerDict
2557620 61891688 ray::WorkerDict
1317539 4835956 VLLM::Worker_TP
1317538 4829900 VLLM::Worker_TP
2626916 1896756 ray::AgentLoopW
2626912 1896140 ray::AgentLoopW
2626911 1702036 ray::AgentLoopW
== 2026-09-06T10:27:26+09:00
Mem:            1007         696         310         369         374         311
    PID   RSS COMMAND
2619838 87725596 VLLM::Worker
2619835 87710548 VLLM::Worker
2619836 87687720 VLLM::Worker
2619837 87305492 VLLM::Worker
2557619 62083964 ray::WorkerDict
2557622 61901024 ray::WorkerDict
2557621 61897600 ray::WorkerDict
2557620 61891688 ray::WorkerDict
1317539 4835956 VLLM::Worker_TP
1317538 4829900 VLLM::Worker_TP
2626912 1897944 ray::AgentLoopW
2626916 1896756 ray::AgentLoopW
2626911 1718520 ray::AgentLoopW
== 2026-09-06T10:27:46+09:00
Mem:            1007         696         310         369         374         311
    PID   RSS COMMAND
2619838 87725596 VLLM::Worker
2619835 87710548 VLLM::Worker
2619836 87687720 VLLM::Worker
2619837 87303424 VLLM::Worker
2557619 62083964 ray::WorkerDict
2557622 61901024 ray::WorkerDict
2557621 61897600 ray::WorkerDict
2557620 61891688 ray::WorkerDict
1317539 4835956 VLLM::Worker_TP
1317538 4829900 VLLM::Worker_TP
2626916 1894140 ray::AgentLoopW
2626912 1893848 ray::AgentLoopW
2626911 1718264 ray::AgentLoopW
== 2026-09-06T10:28:06+09:00
Mem:            1007         696         310         369         374         311
    PID   RSS COMMAND
2619838 87724592 VLLM::Worker
2619835 87706992 VLLM::Worker
2619836 87685208 VLLM::Worker
2619837 87302400 VLLM::Worker
2557619 62083964 ray::WorkerDict
2557622 61901024 ray::WorkerDict
2557621 61897600 ray::WorkerDict
2557620 61891688 ray::WorkerDict
1317539 4835956 VLLM::Worker_TP
1317538 4829900 VLLM::Worker_TP
2626916 1886472 ray::AgentLoopW
2626912 1875624 ray::AgentLoopW
2626911 1718264 ray::AgentLoopW
== 2026-09-06T10:28:26+09:00
Mem:            1007         696         310         369         374         311
    PID   RSS COMMAND
2619838 87724592 VLLM::Worker
2619835 87706992 VLLM::Worker
2619836 87683908 VLLM::Worker
2619837 87302400 VLLM::Worker
2557619 62083964 ray::WorkerDict
2557622 61901024 ray::WorkerDict
2557621 61897600 ray::WorkerDict
2557620 61891688 ray::WorkerDict
1317539 4835956 VLLM::Worker_TP
1317538 4829900 VLLM::Worker_TP
2626916 1883400 ray::AgentLoopW
2626912 1875624 ray::AgentLoopW
2626911 1714956 ray::AgentLoopW
== 2026-09-06T10:28:46+09:00
Mem:            1007         696         310         369         374         311
    PID   RSS COMMAND
2619838 87724592 VLLM::Worker
2619835 87706992 VLLM::Worker
2619836 87682692 VLLM::Worker
2619837 87302400 VLLM::Worker
2557619 62083964 ray::WorkerDict
2557622 61901024 ray::WorkerDict
2557621 61897600 ray::WorkerDict
2557620 61891688 ray::WorkerDict
1317539 4835956 VLLM::Worker_TP
1317538 4829900 VLLM::Worker_TP
2626916 1883400 ray::AgentLoopW
2626912 1875624 ray::AgentLoopW
2626911 1713180 ray::AgentLoopW
== 2026-09-06T10:29:06+09:00
Mem:            1007         696         310         369         374         311
    PID   RSS COMMAND
2619838 87727664 VLLM::Worker
2619835 87709296 VLLM::Worker
2619836 87684228 VLLM::Worker
2619837 87303936 VLLM::Worker
2557619 62083964 ray::WorkerDict
2557622 61901024 ray::WorkerDict
2557621 61897600 ray::WorkerDict
2557620 61891688 ray::WorkerDict
1317539 4835956 VLLM::Worker_TP
1317538 4829900 VLLM::Worker_TP
2626916 1883400 ray::AgentLoopW
2626912 1875624 ray::AgentLoopW
2626911 1713180 ray::AgentLoopW
== 2026-09-06T10:29:26+09:00
Mem:            1007         574         432         369         374         433
    PID   RSS COMMAND
2619838 87726680 VLLM::Worker
2619835 87709296 VLLM::Worker
2619836 87684228 VLLM::Worker
2619837 87303936 VLLM::Worker
2557622 29729216 ray::WorkerDict
2557621 29704576 ray::WorkerDict
2557619 29467148 ray::WorkerDict
2557620 29381896 ray::WorkerDict
1317539 4835956 VLLM::Worker_TP
1317538 4829900 VLLM::Worker_TP
2626916 1883400 ray::AgentLoopW
2626912 1875624 ray::AgentLoopW
2626911 1713180 ray::AgentLoopW
== 2026-09-06T10:29:46+09:00
Mem:            1007         469         537         369         374         537
    PID   RSS COMMAND
2619838 87726680 VLLM::Worker
2619835 87709296 VLLM::Worker
2619836 87684228 VLLM::Worker
2619837 87303936 VLLM::Worker
1317539 4835956 VLLM::Worker_TP
1317538 4829900 VLLM::Worker_TP
2557619 2703888 ray::WorkerDict
2557622 2619640 ray::WorkerDict
2557620 2618440 ray::WorkerDict
2557621 2616500 ray::WorkerDict
2626916 1883400 ray::AgentLoopW
2626912 1875624 ray::AgentLoopW
2626911 1713180 ray::AgentLoopW
== 2026-09-06T10:30:06+09:00
Mem:            1007         470         536         369         375         537
    PID   RSS COMMAND
2619838 87726680 VLLM::Worker
2619835 87709296 VLLM::Worker
2619836 87684228 VLLM::Worker
2619837 87303936 VLLM::Worker
1317539 4835956 VLLM::Worker_TP
1317538 4829900 VLLM::Worker_TP
2557619 2766288 ray::WorkerDict
2557622 2693172 ray::WorkerDict
2557620 2691920 ray::WorkerDict
2557621 2689888 ray::WorkerDict
2626916 1883400 ray::AgentLoopW
2626912 1875624 ray::AgentLoopW
2626911 1713180 ray::AgentLoopW
== 2026-09-06T10:30:26+09:00
Mem:            1007         470         536         369         375         537
    PID   RSS COMMAND
2619838 87726680 VLLM::Worker
2619835 87709296 VLLM::Worker
2619836 87684228 VLLM::Worker
2619837 87303936 VLLM::Worker
1317539 4835956 VLLM::Worker_TP
1317538 4829900 VLLM::Worker_TP
2557619 2845556 ray::WorkerDict
2557620 2792508 ray::WorkerDict
2557622 2789836 ray::WorkerDict
2557621 2789500 ray::WorkerDict
2626916 1883400 ray::AgentLoopW
2626912 1875624 ray::AgentLoopW
2626911 1713180 ray::AgentLoopW
== 2026-09-06T10:30:46+09:00
Mem:            1007         470         535         369         375         536
    PID   RSS COMMAND
2619838 87726680 VLLM::Worker
2619835 87709296 VLLM::Worker
2619836 87684228 VLLM::Worker
2619837 87303936 VLLM::Worker
1317539 4835956 VLLM::Worker_TP
1317538 4829900 VLLM::Worker_TP
2557619 2929140 ray::WorkerDict
2557620 2871520 ray::WorkerDict
2557621 2869756 ray::WorkerDict
2557622 2867892 ray::WorkerDict
2626916 1883400 ray::AgentLoopW
2626912 1875624 ray::AgentLoopW
2626911 1713180 ray::AgentLoopW
== 2026-09-06T10:31:06+09:00
Mem:            1007         471         535         369         375         536
    PID   RSS COMMAND
2619838 87726680 VLLM::Worker
2619835 87709296 VLLM::Worker
2619836 87684228 VLLM::Worker
2619837 87303936 VLLM::Worker
1317539 4835956 VLLM::Worker_TP
1317538 4829900 VLLM::Worker_TP
2557619 2990004 ray::WorkerDict
2557620 2930340 ray::WorkerDict
2557621 2929636 ray::WorkerDict
2557622 2928444 ray::WorkerDict
2626916 1883400 ray::AgentLoopW
2626912 1875624 ray::AgentLoopW
2626911 1713180 ray::AgentLoopW
== 2026-09-06T10:31:26+09:00
Mem:            1007         471         535         369         375         536
    PID   RSS COMMAND
2619838 87726680 VLLM::Worker
2619835 87709296 VLLM::Worker
2619836 87684228 VLLM::Worker
2619837 87303936 VLLM::Worker
1317539 4835956 VLLM::Worker_TP
1317538 4829900 VLLM::Worker_TP
2557619 2997600 ray::WorkerDict
2557621 2938084 ray::WorkerDict
2557620 2938020 ray::WorkerDict
2557622 2936892 ray::WorkerDict
2626916 1883400 ray::AgentLoopW
2626912 1875624 ray::AgentLoopW
2626911 1713180 ray::AgentLoopW
== 2026-09-06T10:31:46+09:00
Mem:            1007         471         535         369         375         536
    PID   RSS COMMAND
2619838 87726680 VLLM::Worker
2619835 87709296 VLLM::Worker
2619836 87684228 VLLM::Worker
2619837 87303936 VLLM::Worker
1317539 4835956 VLLM::Worker_TP
1317538 4829900 VLLM::Worker_TP
2557619 2997600 ray::WorkerDict
2557621 2938084 ray::WorkerDict
2557620 2938020 ray::WorkerDict
2557622 2937660 ray::WorkerDict
2626916 1883400 ray::AgentLoopW
2626912 1875624 ray::AgentLoopW
2626911 1713180 ray::AgentLoopW
== 2026-09-06T10:32:06+09:00
Mem:            1007         471         535         369         375         536
    PID   RSS COMMAND
2619838 87726680 VLLM::Worker
2619835 87709296 VLLM::Worker
2619836 87684228 VLLM::Worker
2619837 87303936 VLLM::Worker
1317539 4835956 VLLM::Worker_TP
1317538 4829900 VLLM::Worker_TP
2557619 2998368 ray::WorkerDict
2557621 2939620 ray::WorkerDict
2557620 2939556 ray::WorkerDict
2557622 2938428 ray::WorkerDict
2626916 1883400 ray::AgentLoopW
2626912 1875624 ray::AgentLoopW
2626911 1713180 ray::AgentLoopW
== 2026-09-06T10:32:26+09:00
Mem:            1007         472         533         369         375         534
    PID   RSS COMMAND
2619838 87726680 VLLM::Worker
2619835 87709296 VLLM::Worker
2619836 87684228 VLLM::Worker
2619837 87303936 VLLM::Worker
1317539 4835956 VLLM::Worker_TP
1317538 4829900 VLLM::Worker_TP
2557619 3386020 ray::WorkerDict
2557621 3268512 ray::WorkerDict
2557620 3268320 ray::WorkerDict
2557622 3263900 ray::WorkerDict
2626916 1883400 ray::AgentLoopW
2626912 1875624 ray::AgentLoopW
2626911 1713180 ray::AgentLoopW
== 2026-09-06T10:32:46+09:00
Mem:            1007         472         533         369         375         534
    PID   RSS COMMAND
2619838 87726680 VLLM::Worker
2619835 87709296 VLLM::Worker
2619836 87684228 VLLM::Worker
2619837 87303936 VLLM::Worker
1317539 4835956 VLLM::Worker_TP
1317538 4829900 VLLM::Worker_TP
2557619 3387556 ray::WorkerDict
2557621 3270048 ray::WorkerDict
2557620 3269856 ray::WorkerDict
2557622 3265436 ray::WorkerDict
2626916 1883400 ray::AgentLoopW
2626912 1875624 ray::AgentLoopW
2626911 1713180 ray::AgentLoopW
== 2026-09-06T10:33:06+09:00
Mem:            1007         472         533         369         375         534
    PID   RSS COMMAND
2619838 87726680 VLLM::Worker
2619835 87709296 VLLM::Worker
2619836 87684228 VLLM::Worker
2619837 87303936 VLLM::Worker
1317539 4835956 VLLM::Worker_TP
1317538 4829900 VLLM::Worker_TP
2557619 3388324 ray::WorkerDict
2557620 3270624 ray::WorkerDict
2557621 3270048 ray::WorkerDict
2557622 3266204 ray::WorkerDict
2626916 1883400 ray::AgentLoopW
2626912 1875624 ray::AgentLoopW
2626911 1713180 ray::AgentLoopW
== 2026-09-06T10:33:26+09:00
Mem:            1007         472         533         369         375         534
    PID   RSS COMMAND
2619838 87726680 VLLM::Worker
2619835 87709296 VLLM::Worker
2619836 87684228 VLLM::Worker
2619837 87303936 VLLM::Worker
1317539 4835956 VLLM::Worker_TP
1317538 4829900 VLLM::Worker_TP
2557619 3388324 ray::WorkerDict
2557620 3270624 ray::WorkerDict
2557621 3270048 ray::WorkerDict
2557622 3266204 ray::WorkerDict
2626916 1883400 ray::AgentLoopW
2626912 1875624 ray::AgentLoopW
2626911 1713180 ray::AgentLoopW
== 2026-09-06T10:33:46+09:00
Mem:            1007         472         533         369         375         534
    PID   RSS COMMAND
2619838 87726680 VLLM::Worker
2619835 87709296 VLLM::Worker
2619836 87684228 VLLM::Worker
2619837 87303936 VLLM::Worker
1317539 4835956 VLLM::Worker_TP
1317538 4829900 VLLM::Worker_TP
2557619 3389092 ray::WorkerDict
2557621 3270816 ray::WorkerDict
2557620 3270624 ray::WorkerDict
2557622 3266972 ray::WorkerDict
2626916 1883400 ray::AgentLoopW
2626912 1875624 ray::AgentLoopW
2626911 1713180 ray::AgentLoopW
== 2026-09-06T10:34:06+09:00
Mem:            1007         472         533         369         375         534
    PID   RSS COMMAND
2619838 87726680 VLLM::Worker
2619835 87709296 VLLM::Worker
2619836 87684228 VLLM::Worker
2619837 87303936 VLLM::Worker
1317539 4835956 VLLM::Worker_TP
1317538 4829900 VLLM::Worker_TP
2557619 3389092 ray::WorkerDict
2557620 3271392 ray::WorkerDict
2557621 3270816 ray::WorkerDict
2557622 3266972 ray::WorkerDict
2626916 1883400 ray::AgentLoopW
2626912 1875624 ray::AgentLoopW
2626911 1713180 ray::AgentLoopW
== 2026-09-06T10:34:26+09:00
Mem:            1007         472         533         369         375         534
    PID   RSS COMMAND
2619838 87726680 VLLM::Worker
2619835 87709296 VLLM::Worker
2619836 87684228 VLLM::Worker
2619837 87303936 VLLM::Worker
1317539 4835956 VLLM::Worker_TP
1317538 4829900 VLLM::Worker_TP
2557619 3389092 ray::WorkerDict
2557620 3271392 ray::WorkerDict
2557621 3270816 ray::WorkerDict
2557622 3266972 ray::WorkerDict
2626916 1883400 ray::AgentLoopW
2626912 1875624 ray::AgentLoopW
2626911 1713180 ray::AgentLoopW
== 2026-09-06T10:34:46+09:00
Mem:            1007         472         533         369         375         534
    PID   RSS COMMAND
2619838 87726680 VLLM::Worker
2619835 87709296 VLLM::Worker
2619836 87684228 VLLM::Worker
2619837 87303936 VLLM::Worker
1317539 4835956 VLLM::Worker_TP
1317538 4829900 VLLM::Worker_TP
2557619 3389092 ray::WorkerDict
2557620 3271392 ray::WorkerDict
2557621 3270816 ray::WorkerDict
2557622 3266972 ray::WorkerDict
2626916 1883400 ray::AgentLoopW
2626912 1875624 ray::AgentLoopW
2626911 1713180 ray::AgentLoopW
== 2026-09-06T10:35:06+09:00
Mem:            1007         472         533         369         375         534
    PID   RSS COMMAND
2619838 87726680 VLLM::Worker
2619835 87709296 VLLM::Worker
2619836 87684228 VLLM::Worker
2619837 87303936 VLLM::Worker
1317539 4835956 VLLM::Worker_TP
1317538 4829900 VLLM::Worker_TP
2557619 3389092 ray::WorkerDict
2557620 3271392 ray::WorkerDict
2557621 3270816 ray::WorkerDict
2557622 3266972 ray::WorkerDict
2626916 1883400 ray::AgentLoopW
2626912 1875624 ray::AgentLoopW
2626911 1713180 ray::AgentLoopW
== 2026-09-06T10:35:26+09:00
Mem:            1007         472         533         369         375         534
    PID   RSS COMMAND
2619838 87726680 VLLM::Worker
2619835 87709296 VLLM::Worker
2619836 87684228 VLLM::Worker
2619837 87303936 VLLM::Worker
1317539 4835956 VLLM::Worker_TP
1317538 4829900 VLLM::Worker_TP
2557619 3389092 ray::WorkerDict
2557620 3271392 ray::WorkerDict
2557621 3270816 ray::WorkerDict
2557622 3266972 ray::WorkerDict
2626916 1883400 ray::AgentLoopW
2626912 1875624 ray::AgentLoopW
2626911 1713180 ray::AgentLoopW
== 2026-09-06T10:35:46+09:00
Mem:            1007         472         533         369         375         534
    PID   RSS COMMAND
2619838 87726680 VLLM::Worker
2619835 87709296 VLLM::Worker
2619836 87684228 VLLM::Worker
2619837 87303936 VLLM::Worker
1317539 4835956 VLLM::Worker_TP
1317538 4829900 VLLM::Worker_TP
2557619 3389092 ray::WorkerDict
2557621 3271584 ray::WorkerDict
2557620 3271392 ray::WorkerDict
2557622 3266972 ray::WorkerDict
2626916 1883400 ray::AgentLoopW
2626912 1875624 ray::AgentLoopW
2626911 1713180 ray::AgentLoopW
== 2026-09-06T10:36:06+09:00
Mem:            1007         472         533         369         375         534
    PID   RSS COMMAND
2619838 87726680 VLLM::Worker
2619835 87709296 VLLM::Worker
2619836 87684228 VLLM::Worker
2619837 87303936 VLLM::Worker
1317539 4835956 VLLM::Worker_TP
1317538 4829900 VLLM::Worker_TP
2557619 3389092 ray::WorkerDict
2557621 3271584 ray::WorkerDict
2557620 3271392 ray::WorkerDict
2557622 3266972 ray::WorkerDict
2626916 1883400 ray::AgentLoopW
2626912 1875624 ray::AgentLoopW
2626911 1713180 ray::AgentLoopW
== 2026-09-06T10:36:27+09:00
Mem:            1007         472         533         369         375         534
    PID   RSS COMMAND
2619838 87726680 VLLM::Worker
2619835 87709296 VLLM::Worker
2619836 87684228 VLLM::Worker
2619837 87303936 VLLM::Worker
1317539 4835956 VLLM::Worker_TP
1317538 4829900 VLLM::Worker_TP
2557619 3389092 ray::WorkerDict
2557621 3271584 ray::WorkerDict
2557620 3271392 ray::WorkerDict
2557622 3266972 ray::WorkerDict
2626916 1883400 ray::AgentLoopW
2626912 1875624 ray::AgentLoopW
2626911 1713180 ray::AgentLoopW
== 2026-09-06T10:36:47+09:00
Mem:            1007         472         533         369         375         534
    PID   RSS COMMAND
2619838 87726680 VLLM::Worker
2619835 87709296 VLLM::Worker
2619836 87684228 VLLM::Worker
2619837 87303936 VLLM::Worker
1317539 4835956 VLLM::Worker_TP
1317538 4829900 VLLM::Worker_TP
2557619 3389092 ray::WorkerDict
2557621 3271584 ray::WorkerDict
2557620 3271392 ray::WorkerDict
2557622 3266972 ray::WorkerDict
2626916 1883400 ray::AgentLoopW
2626912 1875624 ray::AgentLoopW
2626911 1713180 ray::AgentLoopW
== 2026-09-06T10:37:07+09:00
Mem:            1007         472         533         369         375         534
    PID   RSS COMMAND
2619838 87726680 VLLM::Worker
2619835 87709296 VLLM::Worker
2619836 87684228 VLLM::Worker
2619837 87303936 VLLM::Worker
1317539 4835956 VLLM::Worker_TP
1317538 4829900 VLLM::Worker_TP
2557619 3389092 ray::WorkerDict
2557621 3271584 ray::WorkerDict
2557620 3271392 ray::WorkerDict
2557622 3266972 ray::WorkerDict
2626916 1883400 ray::AgentLoopW
2626912 1875624 ray::AgentLoopW
2626911 1713180 ray::AgentLoopW
== 2026-09-06T10:37:27+09:00
Mem:            1007         472         533         369         375         534
    PID   RSS COMMAND
2619838 87726680 VLLM::Worker
2619835 87709296 VLLM::Worker
2619836 87684228 VLLM::Worker
2619837 87303936 VLLM::Worker
1317539 4835956 VLLM::Worker_TP
1317538 4829900 VLLM::Worker_TP
2557619 3389092 ray::WorkerDict
2557621 3271584 ray::WorkerDict
2557620 3271392 ray::WorkerDict
2557622 3266972 ray::WorkerDict
2626916 1883400 ray::AgentLoopW
2626912 1875624 ray::AgentLoopW
2626911 1713180 ray::AgentLoopW
== 2026-09-06T10:37:47+09:00
Mem:            1007         472         533         369         375         534
    PID   RSS COMMAND
2619838 87726680 VLLM::Worker
2619835 87709296 VLLM::Worker
2619836 87684228 VLLM::Worker
2619837 87303936 VLLM::Worker
1317539 4835956 VLLM::Worker_TP
1317538 4829900 VLLM::Worker_TP
2557619 3389092 ray::WorkerDict
2557621 3271584 ray::WorkerDict
2557620 3271392 ray::WorkerDict
2557622 3266972 ray::WorkerDict
2626916 1883400 ray::AgentLoopW
2626912 1875624 ray::AgentLoopW
2626911 1713180 ray::AgentLoopW
== 2026-09-06T10:38:07+09:00
Mem:            1007         472         533         369         375         534
    PID   RSS COMMAND
2619838 87726680 VLLM::Worker
2619835 87709296 VLLM::Worker
2619836 87684228 VLLM::Worker
2619837 87303936 VLLM::Worker
1317539 4835956 VLLM::Worker_TP
1317538 4829900 VLLM::Worker_TP
2557619 3389092 ray::WorkerDict
2557621 3271584 ray::WorkerDict
2557620 3271392 ray::WorkerDict
2557622 3266972 ray::WorkerDict
2626916 1883400 ray::AgentLoopW
2626912 1875624 ray::AgentLoopW
2626911 1713180 ray::AgentLoopW
== 2026-09-06T10:38:27+09:00
Mem:            1007         472         533         369         375         534
    PID   RSS COMMAND
2619838 87726680 VLLM::Worker
2619835 87709296 VLLM::Worker
2619836 87684228 VLLM::Worker
2619837 87303936 VLLM::Worker
1317539 4835956 VLLM::Worker_TP
1317538 4829900 VLLM::Worker_TP
2557619 3389092 ray::WorkerDict
2557621 3271584 ray::WorkerDict
2557620 3271392 ray::WorkerDict
2557622 3266972 ray::WorkerDict
2626916 1883400 ray::AgentLoopW
2626912 1875624 ray::AgentLoopW
2626911 1713180 ray::AgentLoopW
== 2026-09-06T10:38:47+09:00
Mem:            1007         472         533         369         375         534
    PID   RSS COMMAND
2619838 87726680 VLLM::Worker
2619835 87709296 VLLM::Worker
2619836 87684228 VLLM::Worker
2619837 87303936 VLLM::Worker
1317539 4835956 VLLM::Worker_TP
1317538 4829900 VLLM::Worker_TP
2557619 3389860 ray::WorkerDict
2557621 3272352 ray::WorkerDict
2557620 3272160 ray::WorkerDict
2557622 3267740 ray::WorkerDict
2626916 1883400 ray::AgentLoopW
2626912 1875624 ray::AgentLoopW
2626911 1713180 ray::AgentLoopW
== 2026-09-06T10:39:07+09:00
Mem:            1007         472         533         369         375         534
    PID   RSS COMMAND
2619838 87726680 VLLM::Worker
2619835 87709296 VLLM::Worker
2619836 87684228 VLLM::Worker
2619837 87303936 VLLM::Worker
1317539 4835956 VLLM::Worker_TP
1317538 4829900 VLLM::Worker_TP
2557619 3389860 ray::WorkerDict
2557621 3272352 ray::WorkerDict
2557620 3272160 ray::WorkerDict
2557622 3267740 ray::WorkerDict
2626916 1883400 ray::AgentLoopW
2626912 1875624 ray::AgentLoopW
2626911 1713180 ray::AgentLoopW
== 2026-09-06T10:39:27+09:00
Mem:            1007         516         493         369         371         491
    PID   RSS COMMAND
2619838 87706712 VLLM::Worker
2619835 87689328 VLLM::Worker
2619836 87665028 VLLM::Worker
2619837 87284736 VLLM::Worker
2557620 15427520 ray::WorkerDict
2557619 15379384 ray::WorkerDict
2557622 14916472 ray::WorkerDict
2557621 14824544 ray::WorkerDict
1317539 4823668 VLLM::Worker_TP
1317538 4816076 VLLM::Worker_TP
2626916 1700616 ray::AgentLoopW
2626912 1692840 ray::AgentLoopW
2626911 1533468 ray::AgentLoopW
== 2026-09-06T10:39:47+09:00
Mem:            1007         650         358         369         371         356
    PID   RSS COMMAND
2619838 87706712 VLLM::Worker
2619835 87689328 VLLM::Worker
2619836 87665028 VLLM::Worker
2619837 87284736 VLLM::Worker
2557620 50734192 ray::WorkerDict
2557619 50684224 ray::WorkerDict
2557622 50115448 ray::WorkerDict
2557621 50024316 ray::WorkerDict
1317539 4823668 VLLM::Worker_TP
1317538 4816076 VLLM::Worker_TP
2626916 1700616 ray::AgentLoopW
2626912 1692840 ray::AgentLoopW
2626911 1533468 ray::AgentLoopW
== 2026-09-06T10:40:07+09:00
Mem:            1007         702         307         369         371         305
    PID   RSS COMMAND
2619838 87706712 VLLM::Worker
2619835 87689328 VLLM::Worker
2619836 87665028 VLLM::Worker
2619837 87284736 VLLM::Worker
2557620 64007336 ray::WorkerDict
2557619 63813344 ray::WorkerDict
2557622 63272392 ray::WorkerDict
2557621 63061620 ray::WorkerDict
1317539 4823668 VLLM::Worker_TP
1317538 4816076 VLLM::Worker_TP
2626916 1700616 ray::AgentLoopW
2626912 1692840 ray::AgentLoopW
2626911 1533468 ray::AgentLoopW
== 2026-09-06T10:40:27+09:00
Mem:            1007         703         306         369         371         304
    PID   RSS COMMAND
2619838 87706712 VLLM::Worker
2619835 87689328 VLLM::Worker
2619836 87665028 VLLM::Worker
2619837 87284736 VLLM::Worker
2557622 64233496 ray::WorkerDict
2557621 63986164 ray::WorkerDict
2557619 63934476 ray::WorkerDict
2557620 63869072 ray::WorkerDict
1317539 4823668 VLLM::Worker_TP
1317538 4816076 VLLM::Worker_TP
2626916 1700616 ray::AgentLoopW
2626912 1692840 ray::AgentLoopW
2626911 1533468 ray::AgentLoopW
== 2026-09-06T10:40:47+09:00
Mem:            1007         703         306         369         371         304
    PID   RSS COMMAND
2619838 87710552 VLLM::Worker
2619835 87693168 VLLM::Worker
2619836 87668100 VLLM::Worker
2619837 87289344 VLLM::Worker
2557622 64263448 ray::WorkerDict
2557619 63824388 ray::WorkerDict
2557620 63806604 ray::WorkerDict
2557621 63755000 ray::WorkerDict
1317539 4823668 VLLM::Worker_TP
1317538 4816076 VLLM::Worker_TP
2626916 1776116 ray::AgentLoopW
2626912 1694136 ray::AgentLoopW
2626910 1643496 ray::AgentLoopW
== 2026-09-06T10:41:07+09:00
Mem:            1007         703         306         369         371         304
    PID   RSS COMMAND
2619838 87713624 VLLM::Worker
2619835 87697776 VLLM::Worker
2619836 87674244 VLLM::Worker
2619837 87295488 VLLM::Worker
2557622 64263448 ray::WorkerDict
2557619 63824388 ray::WorkerDict
2557620 63806604 ray::WorkerDict
2557621 63755000 ray::WorkerDict
1317539 4823668 VLLM::Worker_TP
1317538 4816076 VLLM::Worker_TP
2626916 1776116 ray::AgentLoopW
2626912 1694136 ray::AgentLoopW
2626910 1643496 ray::AgentLoopW
== 2026-09-06T10:41:27+09:00
Mem:            1007         704         304         369         372         303
    PID   RSS COMMAND
2619838 87713624 VLLM::Worker
2619835 87697776 VLLM::Worker
2619836 87674244 VLLM::Worker
2619837 87295488 VLLM::Worker
2557622 64263448 ray::WorkerDict
2557619 63824388 ray::WorkerDict
2557620 63806604 ray::WorkerDict
2557621 63755000 ray::WorkerDict
1317539 4823668 VLLM::Worker_TP
1317538 4816076 VLLM::Worker_TP
2626916 1780724 ray::AgentLoopW
2626912 1694136 ray::AgentLoopW
2626910 1645800 ray::AgentLoopW
== 2026-09-06T10:41:47+09:00
Mem:            1007         704         303         369         374         302
    PID   RSS COMMAND
2619838 87713624 VLLM::Worker
2619835 87697776 VLLM::Worker
2619836 87674244 VLLM::Worker
2619837 87295488 VLLM::Worker
2557622 64263448 ray::WorkerDict
2557619 63824388 ray::WorkerDict
2557620 63806604 ray::WorkerDict
2557621 63755000 ray::WorkerDict
1317539 4823668 VLLM::Worker_TP
1317538 4816076 VLLM::Worker_TP
2626916 1789172 ray::AgentLoopW
2626912 1694136 ray::AgentLoopW
2626910 1644592 ray::AgentLoopW
== 2026-09-06T10:42:07+09:00
Mem:            1007         704         303         369         374         302
    PID   RSS COMMAND
2619838 87713624 VLLM::Worker
2619835 87697776 VLLM::Worker
2619836 87674244 VLLM::Worker
2619837 87295488 VLLM::Worker
2557622 64263448 ray::WorkerDict
2557619 63824388 ray::WorkerDict
2557620 63806604 ray::WorkerDict
2557621 63755000 ray::WorkerDict
1317539 4823668 VLLM::Worker_TP
1317538 4819148 VLLM::Worker_TP
2626916 1792244 ray::AgentLoopW
2626912 1694136 ray::AgentLoopW
2626910 1641852 ray::AgentLoopW
== 2026-09-06T10:42:27+09:00
Mem:            1007         704         303         369         374         302
    PID   RSS COMMAND
2619838 87713624 VLLM::Worker
2619835 87697776 VLLM::Worker
2619836 87674244 VLLM::Worker
2619837 87295488 VLLM::Worker
2557622 64263448 ray::WorkerDict
2557619 63824388 ray::WorkerDict
2557620 63806604 ray::WorkerDict
2557621 63755000 ray::WorkerDict
1317539 4823668 VLLM::Worker_TP
1317538 4819148 VLLM::Worker_TP
2626916 1793012 ray::AgentLoopW
2626912 1694136 ray::AgentLoopW
2626910 1641852 ray::AgentLoopW
== 2026-09-06T10:42:47+09:00
Mem:            1007         704         303         369         374         302
    PID   RSS COMMAND
2619838 87713624 VLLM::Worker
2619835 87697776 VLLM::Worker
2619836 87674244 VLLM::Worker
2619837 87295488 VLLM::Worker
2557622 64263448 ray::WorkerDict
2557619 63824388 ray::WorkerDict
2557620 63806604 ray::WorkerDict
2557621 63755000 ray::WorkerDict
1317539 4823668 VLLM::Worker_TP
1317538 4819148 VLLM::Worker_TP
2626916 1793012 ray::AgentLoopW
2626912 1694136 ray::AgentLoopW
2626910 1639204 ray::AgentLoopW
== 2026-09-06T10:43:07+09:00
Mem:            1007         704         303         369         374         302
    PID   RSS COMMAND
2619838 87713624 VLLM::Worker
2619835 87697776 VLLM::Worker
2619836 87674244 VLLM::Worker
2619837 87295488 VLLM::Worker
2557622 64263448 ray::WorkerDict
2557619 63824388 ray::WorkerDict
2557620 63806604 ray::WorkerDict
2557621 63755000 ray::WorkerDict
1317539 4823668 VLLM::Worker_TP
1317538 4819148 VLLM::Worker_TP
2626916 1793012 ray::AgentLoopW
2626912 1694136 ray::AgentLoopW
2626910 1637844 ray::AgentLoopW
== 2026-09-06T10:43:27+09:00
Mem:            1007         704         303         369         374         302
    PID   RSS COMMAND
2619838 87713624 VLLM::Worker
2619835 87697776 VLLM::Worker
2619836 87674244 VLLM::Worker
2619837 87295488 VLLM::Worker
2557622 64263448 ray::WorkerDict
2557619 63824388 ray::WorkerDict
2557620 63806604 ray::WorkerDict
2557621 63755000 ray::WorkerDict
1317539 4823668 VLLM::Worker_TP
1317538 4819148 VLLM::Worker_TP
2626916 1793012 ray::AgentLoopW
2626912 1694136 ray::AgentLoopW
2626910 1637844 ray::AgentLoopW
== 2026-09-06T10:43:47+09:00
Mem:            1007         704         303         369         374         302
    PID   RSS COMMAND
2619838 87712616 VLLM::Worker
2619835 87697776 VLLM::Worker
2619836 87674244 VLLM::Worker
2619837 87295488 VLLM::Worker
2557622 64263448 ray::WorkerDict
2557619 63824388 ray::WorkerDict
2557620 63806604 ray::WorkerDict
2557621 63755000 ray::WorkerDict
1317539 4823668 VLLM::Worker_TP
1317538 4819148 VLLM::Worker_TP
2626916 1793012 ray::AgentLoopW
2626912 1694136 ray::AgentLoopW
2626910 1637844 ray::AgentLoopW
== 2026-09-06T10:44:07+09:00
Mem:            1007         704         303         369         374         302
    PID   RSS COMMAND
2619838 87712616 VLLM::Worker
2619835 87697776 VLLM::Worker
2619836 87674244 VLLM::Worker
2619837 87295488 VLLM::Worker
2557622 64263448 ray::WorkerDict
2557619 63824388 ray::WorkerDict
2557620 63806604 ray::WorkerDict
2557621 63755000 ray::WorkerDict
1317539 4823668 VLLM::Worker_TP
1317538 4819148 VLLM::Worker_TP
2626916 1793012 ray::AgentLoopW
2626912 1694136 ray::AgentLoopW
2626910 1637844 ray::AgentLoopW
== 2026-09-06T10:44:27+09:00
Mem:            1007         704         303         369         374         302
    PID   RSS COMMAND
2619838 87712616 VLLM::Worker
2619835 87697776 VLLM::Worker
2619836 87674244 VLLM::Worker
2619837 87295488 VLLM::Worker
2557622 64263448 ray::WorkerDict
2557619 63824388 ray::WorkerDict
2557620 63806604 ray::WorkerDict
2557621 63755000 ray::WorkerDict
1317539 4823668 VLLM::Worker_TP
1317538 4819148 VLLM::Worker_TP
2626916 1793012 ray::AgentLoopW
2626912 1694136 ray::AgentLoopW
2626910 1637844 ray::AgentLoopW
== 2026-09-06T10:44:47+09:00
Mem:            1007         704         303         369         374         302
    PID   RSS COMMAND
2619838 87712616 VLLM::Worker
2619835 87697776 VLLM::Worker
2619836 87674244 VLLM::Worker
2619837 87295488 VLLM::Worker
2557622 64263448 ray::WorkerDict
2557619 63824388 ray::WorkerDict
2557620 63806604 ray::WorkerDict
2557621 63755000 ray::WorkerDict
1317539 4823668 VLLM::Worker_TP
1317538 4819148 VLLM::Worker_TP
2626916 1793012 ray::AgentLoopW
2626912 1694136 ray::AgentLoopW
2626910 1637844 ray::AgentLoopW
== 2026-09-06T10:45:07+09:00
Mem:            1007         704         303         369         374         302
    PID   RSS COMMAND
2619838 87712616 VLLM::Worker
2619835 87697776 VLLM::Worker
2619836 87674244 VLLM::Worker
2619837 87295488 VLLM::Worker
2557622 64263448 ray::WorkerDict
2557619 63824388 ray::WorkerDict
2557620 63806604 ray::WorkerDict
2557621 63755000 ray::WorkerDict
1317539 4823668 VLLM::Worker_TP
1317538 4819148 VLLM::Worker_TP
2626916 1793012 ray::AgentLoopW
2626912 1694136 ray::AgentLoopW
2626910 1637844 ray::AgentLoopW
== 2026-09-06T10:45:27+09:00
Mem:            1007         704         303         369         374         302
    PID   RSS COMMAND
2619838 87712616 VLLM::Worker
2619835 87697776 VLLM::Worker
2619836 87674244 VLLM::Worker
2619837 87295488 VLLM::Worker
2557622 64263448 ray::WorkerDict
2557619 63824388 ray::WorkerDict
2557620 63806604 ray::WorkerDict
2557621 63755000 ray::WorkerDict
1317539 4823668 VLLM::Worker_TP
1317538 4819148 VLLM::Worker_TP
2626916 1793012 ray::AgentLoopW
2626912 1694136 ray::AgentLoopW
2626910 1638612 ray::AgentLoopW
== 2026-09-06T10:45:48+09:00
Mem:            1007         704         303         369         374         302
    PID   RSS COMMAND
2619838 87712616 VLLM::Worker
2619835 87697776 VLLM::Worker
2619836 87674244 VLLM::Worker
2619837 87295488 VLLM::Worker
2557622 64263448 ray::WorkerDict
2557619 63824388 ray::WorkerDict
2557620 63806604 ray::WorkerDict
2557621 63755000 ray::WorkerDict
1317539 4823668 VLLM::Worker_TP
1317538 4819148 VLLM::Worker_TP
2626916 1793012 ray::AgentLoopW
2626912 1694136 ray::AgentLoopW
2626910 1638612 ray::AgentLoopW
== 2026-09-06T10:46:08+09:00
Mem:            1007         704         303         369         374         302
    PID   RSS COMMAND
2619838 87712616 VLLM::Worker
2619835 87697776 VLLM::Worker
2619836 87674244 VLLM::Worker
2619837 87295488 VLLM::Worker
2557622 64263448 ray::WorkerDict
2557619 63824388 ray::WorkerDict
2557620 63806604 ray::WorkerDict
2557621 63755000 ray::WorkerDict
1317539 4823668 VLLM::Worker_TP
1317538 4819148 VLLM::Worker_TP
2626916 1793012 ray::AgentLoopW
2626912 1694136 ray::AgentLoopW
2626910 1638612 ray::AgentLoopW
== 2026-09-06T10:46:28+09:00
Mem:            1007         704         303         369         374         302
    PID   RSS COMMAND
2619838 87712616 VLLM::Worker
2619835 87697776 VLLM::Worker
2619836 87674244 VLLM::Worker
2619837 87295488 VLLM::Worker
2557622 64263448 ray::WorkerDict
2557619 63824388 ray::WorkerDict
2557620 63806604 ray::WorkerDict
2557621 63755000 ray::WorkerDict
1317539 4823668 VLLM::Worker_TP
1317538 4819148 VLLM::Worker_TP
2626916 1793012 ray::AgentLoopW
2626912 1694136 ray::AgentLoopW
2626910 1638612 ray::AgentLoopW
== 2026-09-06T10:46:48+09:00
Mem:            1007         695         312         369         374         312
    PID   RSS COMMAND
2619838 87712616 VLLM::Worker
2619835 87697776 VLLM::Worker
2619836 87674244 VLLM::Worker
2619837 87295488 VLLM::Worker
2557622 61885208 ray::WorkerDict
2557620 61430660 ray::WorkerDict
2557619 61429508 ray::WorkerDict
2557621 61261184 ray::WorkerDict
1317539 4823668 VLLM::Worker_TP
1317538 4819148 VLLM::Worker_TP
2626916 1793012 ray::AgentLoopW
2626912 1694136 ray::AgentLoopW
2626910 1638612 ray::AgentLoopW
== 2026-09-06T10:47:08+09:00
Mem:            1007         476         531         369         374         530
    PID   RSS COMMAND
2619838 87712616 VLLM::Worker
2619835 87697776 VLLM::Worker
2619836 87674244 VLLM::Worker
2619837 87295488 VLLM::Worker
1317539 4823668 VLLM::Worker_TP
1317538 4819148 VLLM::Worker_TP
2557622 4688300 ray::WorkerDict
2557620 4233040 ray::WorkerDict
2557619 4231120 ray::WorkerDict
2557621 4063048 ray::WorkerDict
2626916 1793012 ray::AgentLoopW
2626912 1694136 ray::AgentLoopW
2626910 1638612 ray::AgentLoopW
== 2026-09-06T10:47:28+09:00
Mem:            1007         477         531         369         374         530
    PID   RSS COMMAND
2619838 87712616 VLLM::Worker
2619835 87697776 VLLM::Worker
2619836 87674244 VLLM::Worker
2619837 87295488 VLLM::Worker
1317539 4823668 VLLM::Worker_TP
1317538 4819148 VLLM::Worker_TP
2557622 4691920 ray::WorkerDict
2557619 4251612 ray::WorkerDict
2557620 4242580 ray::WorkerDict
2557621 4072156 ray::WorkerDict
2626916 1793012 ray::AgentLoopW
2626912 1694136 ray::AgentLoopW
2626910 1638612 ray::AgentLoopW
== 2026-09-06T10:47:48+09:00
Mem:            1007         476         531         369         374         530
    PID   RSS COMMAND
2619838 87712616 VLLM::Worker
2619835 87697776 VLLM::Worker
2619836 87674244 VLLM::Worker
2619837 87295488 VLLM::Worker
1317539 4823668 VLLM::Worker_TP
1317538 4819148 VLLM::Worker_TP
2557622 4694224 ray::WorkerDict
2557619 4253916 ray::WorkerDict
2557620 4244884 ray::WorkerDict
2557621 4074460 ray::WorkerDict
2626916 1793012 ray::AgentLoopW
2626912 1694136 ray::AgentLoopW
2626910 1638612 ray::AgentLoopW
== 2026-09-06T10:48:08+09:00
Mem:            1007         476         531         369         374         530
    PID   RSS COMMAND
2619838 87712616 VLLM::Worker
2619835 87697776 VLLM::Worker
2619836 87674244 VLLM::Worker
2619837 87295488 VLLM::Worker
1317539 4823668 VLLM::Worker_TP
1317538 4819148 VLLM::Worker_TP
2557622 4694224 ray::WorkerDict
2557619 4254684 ray::WorkerDict
2557620 4245652 ray::WorkerDict
2557621 4074460 ray::WorkerDict
2626916 1793012 ray::AgentLoopW
2626912 1694136 ray::AgentLoopW
2626910 1638612 ray::AgentLoopW
== 2026-09-06T10:48:28+09:00
Mem:            1007         476         531         369         374         530
    PID   RSS COMMAND
2619838 87712616 VLLM::Worker
2619835 87697776 VLLM::Worker
2619836 87674244 VLLM::Worker
2619837 87295488 VLLM::Worker
1317539 4823668 VLLM::Worker_TP
1317538 4819148 VLLM::Worker_TP
2557622 4694224 ray::WorkerDict
2557619 4254684 ray::WorkerDict
2557620 4245652 ray::WorkerDict
2557621 4074460 ray::WorkerDict
2626916 1793012 ray::AgentLoopW
2626912 1694136 ray::AgentLoopW
2626910 1638612 ray::AgentLoopW
== 2026-09-06T10:48:48+09:00
Mem:            1007         476         531         369         374         530
    PID   RSS COMMAND
2619838 87712616 VLLM::Worker
2619835 87697776 VLLM::Worker
2619836 87674244 VLLM::Worker
2619837 87295488 VLLM::Worker
1317539 4823668 VLLM::Worker_TP
1317538 4819148 VLLM::Worker_TP
2557622 4694224 ray::WorkerDict
2557619 4254684 ray::WorkerDict
2557620 4245652 ray::WorkerDict
2557621 4074460 ray::WorkerDict
2626916 1793012 ray::AgentLoopW
2626912 1694136 ray::AgentLoopW
2626910 1638612 ray::AgentLoopW
== 2026-09-06T10:49:08+09:00
Mem:            1007         476         531         369         374         530
    PID   RSS COMMAND
2619838 87715688 VLLM::Worker
2619835 87700848 VLLM::Worker
2619836 87676548 VLLM::Worker
2619837 87297792 VLLM::Worker
1317539 4823668 VLLM::Worker_TP
1317538 4819148 VLLM::Worker_TP
2557622 4694224 ray::WorkerDict
2557619 4254684 ray::WorkerDict
2557620 4245652 ray::WorkerDict
2557621 4074460 ray::WorkerDict
2626916 1793012 ray::AgentLoopW
2626912 1694136 ray::AgentLoopW
2626910 1638612 ray::AgentLoopW
== 2026-09-06T10:49:28+09:00
Mem:            1007         476         531         369         374         530
    PID   RSS COMMAND
2619838 87715688 VLLM::Worker
2619835 87700848 VLLM::Worker
2619836 87676548 VLLM::Worker
2619837 87297792 VLLM::Worker
1317539 4823668 VLLM::Worker_TP
1317538 4819148 VLLM::Worker_TP
2557622 4694224 ray::WorkerDict
2557619 4254684 ray::WorkerDict
2557620 4245652 ray::WorkerDict
2557621 4074460 ray::WorkerDict
2626916 1793012 ray::AgentLoopW
2626912 1694136 ray::AgentLoopW
2626910 1638612 ray::AgentLoopW
== 2026-09-06T10:49:48+09:00
Mem:            1007         476         531         369         374         530
    PID   RSS COMMAND
2619838 87715688 VLLM::Worker
2619835 87700848 VLLM::Worker
2619836 87676548 VLLM::Worker
2619837 87297792 VLLM::Worker
1317539 4823668 VLLM::Worker_TP
1317538 4819148 VLLM::Worker_TP
2557622 4694224 ray::WorkerDict
2557619 4254684 ray::WorkerDict
2557620 4245652 ray::WorkerDict
2557621 4074460 ray::WorkerDict
2626916 1793012 ray::AgentLoopW
2626912 1694136 ray::AgentLoopW
2626910 1638612 ray::AgentLoopW
== 2026-09-06T10:50:08+09:00
Mem:            1007         554         453         369         374         453
    PID   RSS COMMAND
2619838 87715688 VLLM::Worker
2619835 87700848 VLLM::Worker
2619836 87676548 VLLM::Worker
2619837 87297792 VLLM::Worker
2557619 24943560 ray::WorkerDict
2557620 24835600 ray::WorkerDict
2557622 24689528 ray::WorkerDict
2557621 24067184 ray::WorkerDict
1317539 4823668 VLLM::Worker_TP
1317538 4819148 VLLM::Worker_TP
2626916 1793012 ray::AgentLoopW
2626912 1694136 ray::AgentLoopW
2626910 1638612 ray::AgentLoopW
== 2026-09-06T10:50:28+09:00
Mem:            1007         687         320         369         374         319
    PID   RSS COMMAND
2619838 87715688 VLLM::Worker
2619835 87700848 VLLM::Worker
2619836 87676548 VLLM::Worker
2619837 87297792 VLLM::Worker
2557622 59856248 ray::WorkerDict
2557619 59470876 ray::WorkerDict
2557620 59367832 ray::WorkerDict
2557621 59233904 ray::WorkerDict
1317539 4823668 VLLM::Worker_TP
1317538 4819148 VLLM::Worker_TP
2626916 1793012 ray::AgentLoopW
2626912 1694136 ray::AgentLoopW
2626910 1638612 ray::AgentLoopW
== 2026-09-06T10:50:48+09:00
Mem:            1007         705         302         369         374         302
    PID   RSS COMMAND
2619838 87715688 VLLM::Worker
2619835 87700848 VLLM::Worker
2619836 87676548 VLLM::Worker
2619837 87297792 VLLM::Worker
2557622 64904776 ray::WorkerDict
2557619 64128656 ray::WorkerDict
2557620 63901908 ray::WorkerDict
2557621 63775404 ray::WorkerDict
1317539 4823668 VLLM::Worker_TP
1317538 4819148 VLLM::Worker_TP
2626916 1793012 ray::AgentLoopW
2626912 1694136 ray::AgentLoopW
2626910 1638612 ray::AgentLoopW
== 2026-09-06T10:51:08+09:00
Mem:            1007         706         301         369         374         301
    PID   RSS COMMAND
2619838 87715688 VLLM::Worker
2619835 87700848 VLLM::Worker
2619836 87676548 VLLM::Worker
2619837 87297792 VLLM::Worker
2557622 65262192 ray::WorkerDict
2557620 64043500 ray::WorkerDict
2557619 63966424 ray::WorkerDict
2557621 63798964 ray::WorkerDict
1317539 4823668 VLLM::Worker_TP
1317538 4819148 VLLM::Worker_TP
2626916 1793012 ray::AgentLoopW
2626912 1694136 ray::AgentLoopW
2626910 1638612 ray::AgentLoopW
== 2026-09-06T10:51:28+09:00
Mem:            1007         706         301         369         374         301
    PID   RSS COMMAND
2619838 87715688 VLLM::Worker
2619835 87703920 VLLM::Worker
2619836 87679620 VLLM::Worker
2619837 87298560 VLLM::Worker
2557622 64671556 ray::WorkerDict
2557619 63900116 ray::WorkerDict
2557620 63780568 ray::WorkerDict
2557621 63699888 ray::WorkerDict
1317539 4823668 VLLM::Worker_TP
1317538 4819148 VLLM::Worker_TP
2626912 1911852 ray::AgentLoopW
2626916 1794128 ray::AgentLoopW
2626913 1692224 ray::AgentLoopW
== 2026-09-06T10:51:48+09:00
Mem:            1007         706         301         369         374         300
    PID   RSS COMMAND
2619838 87715688 VLLM::Worker
2619835 87703920 VLLM::Worker
2619836 87679620 VLLM::Worker
2619837 87299328 VLLM::Worker
2557622 64671556 ray::WorkerDict
2557619 63900116 ray::WorkerDict
2557620 63780568 ray::WorkerDict
2557621 63699888 ray::WorkerDict
1317539 4823668 VLLM::Worker_TP
1317538 4819148 VLLM::Worker_TP
2626912 1911852 ray::AgentLoopW
2626916 1794128 ray::AgentLoopW
2626913 1692224 ray::AgentLoopW
== 2026-09-06T10:52:08+09:00
Mem:            1007         706         299         369         375         300
    PID   RSS COMMAND
2619838 87715688 VLLM::Worker
2619835 87703920 VLLM::Worker
2619836 87679620 VLLM::Worker
2619837 87299328 VLLM::Worker
2557622 64671556 ray::WorkerDict
2557619 63900116 ray::WorkerDict
2557620 63780568 ray::WorkerDict
2557621 63699888 ray::WorkerDict
1317539 4823668 VLLM::Worker_TP
1317538 4819148 VLLM::Worker_TP
2626912 1911852 ray::AgentLoopW
2626916 1794128 ray::AgentLoopW
2626913 1694528 ray::AgentLoopW
== 2026-09-06T10:52:28+09:00
Mem:            1007         706         299         369         376         300
    PID   RSS COMMAND
2619838 87715688 VLLM::Worker
2619835 87703920 VLLM::Worker
2619836 87678576 VLLM::Worker
2619837 87299328 VLLM::Worker
2557622 64671556 ray::WorkerDict
2557619 63900116 ray::WorkerDict
2557620 63780568 ray::WorkerDict
2557621 63699888 ray::WorkerDict
1317539 4823668 VLLM::Worker_TP
1317538 4819148 VLLM::Worker_TP
2626912 1911852 ray::AgentLoopW
2626916 1794128 ray::AgentLoopW
2626913 1695296 ray::AgentLoopW
== 2026-09-06T10:52:48+09:00
Mem:            1007         706         299         369         376         300
    PID   RSS COMMAND
2619838 87715688 VLLM::Worker
2619835 87703920 VLLM::Worker
2619836 87678576 VLLM::Worker
2619837 87299328 VLLM::Worker
2557622 64671556 ray::WorkerDict
2557619 63900116 ray::WorkerDict
2557620 63780568 ray::WorkerDict
2557621 63699888 ray::WorkerDict
1317539 4823668 VLLM::Worker_TP
1317538 4819148 VLLM::Worker_TP
2626912 1911852 ray::AgentLoopW
2626916 1794128 ray::AgentLoopW
2626913 1693440 ray::AgentLoopW
== 2026-09-06T10:53:08+09:00
Mem:            1007         706         299         369         376         300
    PID   RSS COMMAND
2619838 87715688 VLLM::Worker
2619835 87703920 VLLM::Worker
2619836 87678576 VLLM::Worker
2619837 87299328 VLLM::Worker
2557622 64671556 ray::WorkerDict
2557619 63900116 ray::WorkerDict
2557620 63780568 ray::WorkerDict
2557621 63699888 ray::WorkerDict
1317539 4823668 VLLM::Worker_TP
1317538 4819148 VLLM::Worker_TP
2626912 1911852 ray::AgentLoopW
2626916 1794128 ray::AgentLoopW
2626913 1693440 ray::AgentLoopW
== 2026-09-06T10:53:28+09:00
Mem:            1007         706         299         369         376         300
    PID   RSS COMMAND
2619838 87715688 VLLM::Worker
2619835 87703920 VLLM::Worker
2619836 87678576 VLLM::Worker
2619837 87298360 VLLM::Worker
2557622 64671556 ray::WorkerDict
2557619 63900116 ray::WorkerDict
2557620 63780568 ray::WorkerDict
2557621 63699888 ray::WorkerDict
1317539 4823668 VLLM::Worker_TP
1317538 4819148 VLLM::Worker_TP
2626912 1911852 ray::AgentLoopW
2626916 1794128 ray::AgentLoopW
2626913 1693440 ray::AgentLoopW
== 2026-09-06T10:53:48+09:00
Mem:            1007         706         299         369         376         300
    PID   RSS COMMAND
2619838 87715688 VLLM::Worker
2619835 87703920 VLLM::Worker
2619836 87678576 VLLM::Worker
2619837 87298360 VLLM::Worker
2557622 64671556 ray::WorkerDict
2557619 63900116 ray::WorkerDict
2557620 63780568 ray::WorkerDict
2557621 63699888 ray::WorkerDict
1317539 4823668 VLLM::Worker_TP
1317538 4819148 VLLM::Worker_TP
2626912 1911852 ray::AgentLoopW
2626916 1794128 ray::AgentLoopW
2626913 1693440 ray::AgentLoopW
== 2026-09-06T10:54:08+09:00
Mem:            1007         706         299         369         376         300
    PID   RSS COMMAND
2619838 87715688 VLLM::Worker
2619835 87703920 VLLM::Worker
2619836 87678576 VLLM::Worker
2619837 87298360 VLLM::Worker
2557622 64671556 ray::WorkerDict
2557619 63900116 ray::WorkerDict
2557620 63780568 ray::WorkerDict
2557621 63699888 ray::WorkerDict
1317539 4823668 VLLM::Worker_TP
1317538 4819148 VLLM::Worker_TP
2626912 1911852 ray::AgentLoopW
2626916 1794128 ray::AgentLoopW
2626913 1693440 ray::AgentLoopW
== 2026-09-06T10:54:28+09:00
Mem:            1007         706         299         369         376         300
    PID   RSS COMMAND
2619838 87715688 VLLM::Worker
2619835 87703920 VLLM::Worker
2619836 87677616 VLLM::Worker
2619837 87298360 VLLM::Worker
2557622 64671556 ray::WorkerDict
2557619 63900116 ray::WorkerDict
2557620 63780568 ray::WorkerDict
2557621 63699888 ray::WorkerDict
1317539 4823668 VLLM::Worker_TP
1317538 4819148 VLLM::Worker_TP
2626912 1911852 ray::AgentLoopW
2626916 1794128 ray::AgentLoopW
2626913 1693440 ray::AgentLoopW
== 2026-09-06T10:54:48+09:00
Mem:            1007         706         299         369         376         300
    PID   RSS COMMAND
2619838 87715688 VLLM::Worker
2619835 87703920 VLLM::Worker
2619836 87677616 VLLM::Worker
2619837 87298360 VLLM::Worker
2557622 64671556 ray::WorkerDict
2557619 63900116 ray::WorkerDict
2557620 63780568 ray::WorkerDict
2557621 63699888 ray::WorkerDict
1317539 4823668 VLLM::Worker_TP
1317538 4819148 VLLM::Worker_TP
2626912 1911852 ray::AgentLoopW
2626916 1794128 ray::AgentLoopW
2626913 1694188 ray::AgentLoopW
== 2026-09-06T10:55:08+09:00
Mem:            1007         706         299         369         376         300
    PID   RSS COMMAND
2619838 87715688 VLLM::Worker
2619835 87703920 VLLM::Worker
2619836 87677616 VLLM::Worker
2619837 87298360 VLLM::Worker
2557622 64671556 ray::WorkerDict
2557619 63900116 ray::WorkerDict
2557620 63780568 ray::WorkerDict
2557621 63699888 ray::WorkerDict
1317539 4823668 VLLM::Worker_TP
1317538 4819148 VLLM::Worker_TP
2626912 1911852 ray::AgentLoopW
2626916 1794128 ray::AgentLoopW
2626913 1694188 ray::AgentLoopW
== 2026-09-06T10:55:29+09:00
Mem:            1007         706         299         369         376         300
    PID   RSS COMMAND
2619838 87715688 VLLM::Worker
2619835 87703920 VLLM::Worker
2619836 87677616 VLLM::Worker
2619837 87298360 VLLM::Worker
2557622 64671556 ray::WorkerDict
2557619 63900116 ray::WorkerDict
2557620 63780568 ray::WorkerDict
2557621 63699888 ray::WorkerDict
1317539 4823668 VLLM::Worker_TP
1317538 4819148 VLLM::Worker_TP
2626912 1911852 ray::AgentLoopW
2626916 1794128 ray::AgentLoopW
2626913 1694188 ray::AgentLoopW
== 2026-09-06T10:55:49+09:00
Mem:            1007         706         299         369         376         300
    PID   RSS COMMAND
2619838 87715688 VLLM::Worker
2619835 87703920 VLLM::Worker
2619836 87677616 VLLM::Worker
2619837 87298360 VLLM::Worker
2557622 64671556 ray::WorkerDict
2557619 63900116 ray::WorkerDict
2557620 63780568 ray::WorkerDict
2557621 63699888 ray::WorkerDict
1317539 4823668 VLLM::Worker_TP
1317538 4819148 VLLM::Worker_TP
2626912 1911852 ray::AgentLoopW
2626916 1794128 ray::AgentLoopW
2626913 1694188 ray::AgentLoopW
== 2026-09-06T10:56:09+09:00
Mem:            1007         706         299         369         376         300
    PID   RSS COMMAND
2619838 87715688 VLLM::Worker
2619835 87703920 VLLM::Worker
2619836 87677616 VLLM::Worker
2619837 87298360 VLLM::Worker
2557622 64671556 ray::WorkerDict
2557619 63900116 ray::WorkerDict
2557620 63780568 ray::WorkerDict
2557621 63699888 ray::WorkerDict
1317539 4823668 VLLM::Worker_TP
1317538 4819148 VLLM::Worker_TP
2626912 1911852 ray::AgentLoopW
2626916 1794128 ray::AgentLoopW
2626913 1694188 ray::AgentLoopW
== 2026-09-06T10:56:29+09:00
Mem:            1007         706         299         369         376         300
    PID   RSS COMMAND
2619838 87715688 VLLM::Worker
2619835 87703920 VLLM::Worker
2619836 87677616 VLLM::Worker
2619837 87298360 VLLM::Worker
2557622 64671556 ray::WorkerDict
2557619 63900116 ray::WorkerDict
2557620 63780568 ray::WorkerDict
2557621 63699888 ray::WorkerDict
1317539 4823668 VLLM::Worker_TP
1317538 4819148 VLLM::Worker_TP
2626912 1911852 ray::AgentLoopW
2626916 1794128 ray::AgentLoopW
2626913 1694188 ray::AgentLoopW
== 2026-09-06T10:56:49+09:00
Mem:            1007         706         299         369         376         300
    PID   RSS COMMAND
2619838 87715688 VLLM::Worker
2619835 87703920 VLLM::Worker
2619836 87677616 VLLM::Worker
2619837 87298360 VLLM::Worker
2557622 64671556 ray::WorkerDict
2557619 63900116 ray::WorkerDict
2557620 63780568 ray::WorkerDict
2557621 63699888 ray::WorkerDict
1317539 4823668 VLLM::Worker_TP
1317538 4819148 VLLM::Worker_TP
2626912 1911852 ray::AgentLoopW
2626916 1794128 ray::AgentLoopW
2626913 1694188 ray::AgentLoopW
== 2026-09-06T10:57:09+09:00
Mem:            1007         706         299         369         376         300
    PID   RSS COMMAND
2619838 87715688 VLLM::Worker
2619835 87703920 VLLM::Worker
2619836 87677616 VLLM::Worker
2619837 87298360 VLLM::Worker
2557622 64671556 ray::WorkerDict
2557619 63900116 ray::WorkerDict
2557620 63780568 ray::WorkerDict
2557621 63699888 ray::WorkerDict
1317539 4823668 VLLM::Worker_TP
1317538 4819148 VLLM::Worker_TP
2626912 1911852 ray::AgentLoopW
2626916 1794128 ray::AgentLoopW
2626913 1694188 ray::AgentLoopW
== 2026-09-06T10:57:29+09:00
Mem:            1007         478         526         369         376         528
    PID   RSS COMMAND
2619838 87715688 VLLM::Worker
2619835 87703920 VLLM::Worker
2619836 87677616 VLLM::Worker
2619837 87298360 VLLM::Worker
2557622 5026848 ray::WorkerDict
1317539 4823668 VLLM::Worker_TP
1317538 4819148 VLLM::Worker_TP
2557619 4300440 ray::WorkerDict
2557620 4170200 ray::WorkerDict
2557621 4100380 ray::WorkerDict
2626912 1911852 ray::AgentLoopW
2626916 1794128 ray::AgentLoopW
2626913 1694188 ray::AgentLoopW
== 2026-09-06T10:57:49+09:00
Mem:            1007         478         526         369         376         528
    PID   RSS COMMAND
2619838 87715688 VLLM::Worker
2619835 87703920 VLLM::Worker
2619836 87677616 VLLM::Worker
2619837 87298360 VLLM::Worker
2557622 5026848 ray::WorkerDict
1317539 4823668 VLLM::Worker_TP
1317538 4819148 VLLM::Worker_TP
2557619 4300440 ray::WorkerDict
2557620 4170200 ray::WorkerDict
2557621 4100380 ray::WorkerDict
2626912 1911852 ray::AgentLoopW
2626916 1794128 ray::AgentLoopW
2626913 1694188 ray::AgentLoopW
== 2026-09-06T10:58:09+09:00
Mem:            1007         478         526         369         376         528
    PID   RSS COMMAND
2619838 87715688 VLLM::Worker
2619835 87703920 VLLM::Worker
2619836 87677616 VLLM::Worker
2619837 87298360 VLLM::Worker
2557622 5026848 ray::WorkerDict
1317539 4823668 VLLM::Worker_TP
1317538 4819148 VLLM::Worker_TP
2557619 4300440 ray::WorkerDict
2557620 4170200 ray::WorkerDict
2557621 4100380 ray::WorkerDict
2626912 1911852 ray::AgentLoopW
2626916 1794128 ray::AgentLoopW
2626913 1694188 ray::AgentLoopW
== 2026-09-06T10:58:29+09:00
Mem:            1007         479         526         369         376         528
    PID   RSS COMMAND
2619838 87715688 VLLM::Worker
2619835 87703920 VLLM::Worker
2619836 87677616 VLLM::Worker
2619837 87298360 VLLM::Worker
2557622 5042432 ray::WorkerDict
1317539 4823668 VLLM::Worker_TP
1317538 4819148 VLLM::Worker_TP
2557619 4305908 ray::WorkerDict
2557620 4177788 ray::WorkerDict
2557621 4104812 ray::WorkerDict
2626912 1911852 ray::AgentLoopW
2626916 1794128 ray::AgentLoopW
2626913 1694188 ray::AgentLoopW
== 2026-09-06T10:58:49+09:00
Mem:            1007         479         526         369         376         528
    PID   RSS COMMAND
2619838 87715688 VLLM::Worker
2619835 87703920 VLLM::Worker
2619836 87677616 VLLM::Worker
2619837 87298360 VLLM::Worker
2557622 5042432 ray::WorkerDict
1317539 4823668 VLLM::Worker_TP
1317538 4819148 VLLM::Worker_TP
2557619 4305908 ray::WorkerDict
2557620 4177788 ray::WorkerDict
2557621 4104812 ray::WorkerDict
2626912 1911852 ray::AgentLoopW
2626916 1794128 ray::AgentLoopW
2626913 1694188 ray::AgentLoopW
== 2026-09-06T10:59:09+09:00
Mem:            1007         478         526         369         376         528
    PID   RSS COMMAND
2619838 87715688 VLLM::Worker
2619835 87703920 VLLM::Worker
2619836 87677616 VLLM::Worker
2619837 87298360 VLLM::Worker
2557622 5042432 ray::WorkerDict
1317539 4823668 VLLM::Worker_TP
1317538 4819148 VLLM::Worker_TP
2557619 4305908 ray::WorkerDict
2557620 4177788 ray::WorkerDict
2557621 4104812 ray::WorkerDict
2626912 1911852 ray::AgentLoopW
2626916 1794128 ray::AgentLoopW
2626913 1694188 ray::AgentLoopW
== 2026-09-06T10:59:29+09:00
Mem:            1007         478         526         369         376         528
    PID   RSS COMMAND
2619838 87715688 VLLM::Worker
2619835 87703920 VLLM::Worker
2619836 87677616 VLLM::Worker
2619837 87298360 VLLM::Worker
2557622 5042432 ray::WorkerDict
1317539 4823668 VLLM::Worker_TP
1317538 4819148 VLLM::Worker_TP
2557619 4306676 ray::WorkerDict
2557620 4177788 ray::WorkerDict
2557621 4104812 ray::WorkerDict
2626912 1911852 ray::AgentLoopW
2626916 1794128 ray::AgentLoopW
2626913 1694188 ray::AgentLoopW
== 2026-09-06T10:59:49+09:00
Mem:            1007         478         526         369         376         528
    PID   RSS COMMAND
2619838 87715688 VLLM::Worker
2619835 87703920 VLLM::Worker
2619836 87677616 VLLM::Worker
2619837 87298360 VLLM::Worker
2557622 5042432 ray::WorkerDict
1317539 4823668 VLLM::Worker_TP
1317538 4819148 VLLM::Worker_TP
2557619 4306676 ray::WorkerDict
2557620 4177788 ray::WorkerDict
2557621 4104812 ray::WorkerDict
2626912 1911852 ray::AgentLoopW
2626916 1794128 ray::AgentLoopW
2626913 1694188 ray::AgentLoopW
== 2026-09-06T11:00:09+09:00
Mem:            1007         479         526         369         376         528
    PID   RSS COMMAND
2619838 87715688 VLLM::Worker
2619835 87703920 VLLM::Worker
2619836 87677616 VLLM::Worker
2619837 87298360 VLLM::Worker
2557622 5042432 ray::WorkerDict
1317539 4823668 VLLM::Worker_TP
1317538 4819148 VLLM::Worker_TP
2557619 4306676 ray::WorkerDict
2557620 4177788 ray::WorkerDict
2557621 4104812 ray::WorkerDict
2626912 1911852 ray::AgentLoopW
2626916 1794128 ray::AgentLoopW
2626913 1694188 ray::AgentLoopW
== 2026-09-06T11:00:29+09:00
Mem:            1007         479         526         369         376         528
    PID   RSS COMMAND
2619838 87715688 VLLM::Worker
2619835 87703920 VLLM::Worker
2619836 87677616 VLLM::Worker
2619837 87298360 VLLM::Worker
2557622 5043200 ray::WorkerDict
1317539 4823668 VLLM::Worker_TP
1317538 4819148 VLLM::Worker_TP
2557619 4307444 ray::WorkerDict
2557620 4177788 ray::WorkerDict
2557621 4105580 ray::WorkerDict
2626912 1911852 ray::AgentLoopW
2626916 1794128 ray::AgentLoopW
2626913 1694188 ray::AgentLoopW
== 2026-09-06T11:00:49+09:00
Mem:            1007         479         526         369         376         528
    PID   RSS COMMAND
2619838 87715688 VLLM::Worker
2619835 87703920 VLLM::Worker
2619836 87677616 VLLM::Worker
2619837 87298360 VLLM::Worker
2557622 5043200 ray::WorkerDict
1317539 4823668 VLLM::Worker_TP
1317538 4819148 VLLM::Worker_TP
2557619 4307444 ray::WorkerDict
2557620 4177788 ray::WorkerDict
2557621 4105580 ray::WorkerDict
2626912 1911852 ray::AgentLoopW
2626916 1794128 ray::AgentLoopW
2626913 1694188 ray::AgentLoopW
== 2026-09-06T11:01:09+09:00
Mem:            1007         479         526         369         376         528
    PID   RSS COMMAND
2619838 87715688 VLLM::Worker
2619835 87703920 VLLM::Worker
2619836 87677616 VLLM::Worker
2619837 87298360 VLLM::Worker
2557622 5043200 ray::WorkerDict
1317539 4823668 VLLM::Worker_TP
1317538 4819148 VLLM::Worker_TP
2557619 4307444 ray::WorkerDict
2557620 4177788 ray::WorkerDict
2557621 4105580 ray::WorkerDict
2626912 1911852 ray::AgentLoopW
2626916 1794128 ray::AgentLoopW
2626913 1694188 ray::AgentLoopW
== 2026-09-06T11:01:29+09:00
Mem:            1007         479         526         369         376         528
    PID   RSS COMMAND
2619838 87715688 VLLM::Worker
2619835 87703920 VLLM::Worker
2619836 87677616 VLLM::Worker
2619837 87298360 VLLM::Worker
2557622 5043200 ray::WorkerDict
1317539 4823668 VLLM::Worker_TP
1317538 4819148 VLLM::Worker_TP
2557619 4307444 ray::WorkerDict
2557620 4177788 ray::WorkerDict
2557621 4105580 ray::WorkerDict
2626912 1911852 ray::AgentLoopW
2626916 1794128 ray::AgentLoopW
2626913 1694188 ray::AgentLoopW
== 2026-09-06T11:01:49+09:00
Mem:            1007         478         526         369         376         528
    PID   RSS COMMAND
2619838 87715688 VLLM::Worker
2619835 87703920 VLLM::Worker
2619836 87677616 VLLM::Worker
2619837 87298360 VLLM::Worker
2557622 5043200 ray::WorkerDict
1317539 4823668 VLLM::Worker_TP
1317538 4819148 VLLM::Worker_TP
2557619 4307444 ray::WorkerDict
2557620 4177788 ray::WorkerDict
2557621 4105580 ray::WorkerDict
2626912 1911852 ray::AgentLoopW
2626916 1794128 ray::AgentLoopW
2626913 1694188 ray::AgentLoopW
== 2026-09-06T11:02:09+09:00
Mem:            1007         478         526         369         376         528
    PID   RSS COMMAND
2619838 87715688 VLLM::Worker
2619835 87703920 VLLM::Worker
2619836 87677616 VLLM::Worker
2619837 87298360 VLLM::Worker
2557622 5043200 ray::WorkerDict
1317539 4823668 VLLM::Worker_TP
1317538 4819148 VLLM::Worker_TP
2557619 4307444 ray::WorkerDict
2557620 4177788 ray::WorkerDict
2557621 4105580 ray::WorkerDict
2626912 1911852 ray::AgentLoopW
2626916 1794128 ray::AgentLoopW
2626913 1694188 ray::AgentLoopW
== 2026-09-06T11:02:29+09:00
Mem:            1007         497         508         369         376         510
    PID   RSS COMMAND
2619838 87715688 VLLM::Worker
2619835 87703920 VLLM::Worker
2619836 87677616 VLLM::Worker
2619837 87298360 VLLM::Worker
2557622 9873164 ray::WorkerDict
2557619 9145620 ray::WorkerDict
2557620 9001000 ray::WorkerDict
2557621 8971648 ray::WorkerDict
1317539 4823668 VLLM::Worker_TP
1317538 4819148 VLLM::Worker_TP
2626912 1911852 ray::AgentLoopW
2626916 1794128 ray::AgentLoopW
2626913 1694188 ray::AgentLoopW
== 2026-09-06T11:02:49+09:00
Mem:            1007         631         374         369         376         375
    PID   RSS COMMAND
2619838 87715688 VLLM::Worker
2619835 87703920 VLLM::Worker
2619836 87677616 VLLM::Worker
2619837 87298360 VLLM::Worker
2557622 44860940 ray::WorkerDict
2557619 44439960 ray::WorkerDict
2557620 44295136 ray::WorkerDict
2557621 43957948 ray::WorkerDict
1317539 4823668 VLLM::Worker_TP
1317538 4819148 VLLM::Worker_TP
2626912 1911852 ray::AgentLoopW
2626916 1794128 ray::AgentLoopW
2626913 1694188 ray::AgentLoopW
== 2026-09-06T11:03:09+09:00
Mem:            1007         709         296         369         376         298
    PID   RSS COMMAND
2619838 87715688 VLLM::Worker
2619835 87703920 VLLM::Worker
2619836 87677616 VLLM::Worker
2619837 87298360 VLLM::Worker
2557622 65426744 ray::WorkerDict
2557619 64464912 ray::WorkerDict
2557620 64322596 ray::WorkerDict
2557621 64253708 ray::WorkerDict
1317539 4823668 VLLM::Worker_TP
1317538 4819148 VLLM::Worker_TP
2626912 1911852 ray::AgentLoopW
2626916 1794128 ray::AgentLoopW
2626913 1694188 ray::AgentLoopW
== 2026-09-06T11:03:29+09:00
Mem:            1007         709         296         369         376         298
    PID   RSS COMMAND
2619838 87715688 VLLM::Worker
2619835 87703920 VLLM::Worker
2619836 87677616 VLLM::Worker
2619837 87298360 VLLM::Worker
2557622 65721140 ray::WorkerDict
2557620 64485172 ray::WorkerDict
2557619 64425744 ray::WorkerDict
2557621 64131704 ray::WorkerDict
1317539 4823668 VLLM::Worker_TP
1317538 4819148 VLLM::Worker_TP
2626912 1911852 ray::AgentLoopW
2626916 1794128 ray::AgentLoopW
2626913 1694188 ray::AgentLoopW
== 2026-09-06T11:03:49+09:00
Mem:            1007         708         297         369         376         299
    PID   RSS COMMAND
2619838 87715688 VLLM::Worker
2619835 87704504 VLLM::Worker
2619836 87681256 VLLM::Worker
2619837 87301432 VLLM::Worker
2557622 65034620 ray::WorkerDict
2557619 63912724 ray::WorkerDict
2557620 63768284 ray::WorkerDict
2557621 63755204 ray::WorkerDict
1317539 4823668 VLLM::Worker_TP
1317538 4819148 VLLM::Worker_TP
2626912 2281560 ray::AgentLoopW
2626916 2055068 ray::AgentLoopW
2626911 1741420 ray::AgentLoopW
== 2026-09-06T11:04:09+09:00
Mem:            1007         708         297         369         376         299
    PID   RSS COMMAND
2619838 87715688 VLLM::Worker
2619835 87707588 VLLM::Worker
2619836 87683560 VLLM::Worker
2619837 87300372 VLLM::Worker
2557622 65034620 ray::WorkerDict
2557619 63912724 ray::WorkerDict
2557620 63768284 ray::WorkerDict
2557621 63755204 ray::WorkerDict
1317539 4823668 VLLM::Worker_TP
1317538 4819148 VLLM::Worker_TP
2626912 2281560 ray::AgentLoopW
2626916 2055068 ray::AgentLoopW
2626911 1741420 ray::AgentLoopW
== 2026-09-06T11:04:29+09:00
Mem:            1007         708         296         369         377         299
    PID   RSS COMMAND
2619838 87715688 VLLM::Worker
2619835 87707588 VLLM::Worker
2619836 87683560 VLLM::Worker
2619837 87300372 VLLM::Worker
2557622 65034620 ray::WorkerDict
2557619 63912724 ray::WorkerDict
2557620 63768284 ray::WorkerDict
2557621 63755204 ray::WorkerDict
1317539 4823668 VLLM::Worker_TP
1317538 4819148 VLLM::Worker_TP
2626912 2281560 ray::AgentLoopW
2626916 2055068 ray::AgentLoopW
2626911 1740368 ray::AgentLoopW
== 2026-09-06T11:04:49+09:00
Mem:            1007         708         296         369         377         299
    PID   RSS COMMAND
2619838 87715688 VLLM::Worker
2619835 87707588 VLLM::Worker
2619836 87682552 VLLM::Worker
2619837 87300372 VLLM::Worker
2557622 65034620 ray::WorkerDict
2557619 63912724 ray::WorkerDict
2557620 63768284 ray::WorkerDict
2557621 63755204 ray::WorkerDict
1317539 4823668 VLLM::Worker_TP
1317538 4819148 VLLM::Worker_TP
2626912 2281560 ray::AgentLoopW
2626916 2054104 ray::AgentLoopW
2626911 1740368 ray::AgentLoopW
== 2026-09-06T11:05:10+09:00
Mem:            1007         708         295         369         378         298
    PID   RSS COMMAND
2619838 87715688 VLLM::Worker
2619835 87707588 VLLM::Worker
2619836 87682552 VLLM::Worker
2619837 87300372 VLLM::Worker
2557622 65034620 ray::WorkerDict
2557619 63912724 ray::WorkerDict
2557620 63768284 ray::WorkerDict
2557621 63755204 ray::WorkerDict
1317539 4823668 VLLM::Worker_TP
1317538 4819148 VLLM::Worker_TP
2626912 2281560 ray::AgentLoopW
2626916 2054104 ray::AgentLoopW
2626911 1740368 ray::AgentLoopW
== 2026-09-06T11:05:30+09:00
Mem:            1007         707         296         369         377         299
    PID   RSS COMMAND
2619838 87715688 VLLM::Worker
2619835 87707588 VLLM::Worker
2619836 87682552 VLLM::Worker
2619837 87300372 VLLM::Worker
2557619 63912724 ray::WorkerDict
2557620 63768284 ray::WorkerDict
2557621 63755204 ray::WorkerDict
2557622 63691972 ray::WorkerDict
1317539 4823668 VLLM::Worker_TP
1317538 4819148 VLLM::Worker_TP
2626912 2281560 ray::AgentLoopW
2626916 2054104 ray::AgentLoopW
2626911 1739392 ray::AgentLoopW
== 2026-09-06T11:05:50+09:00
Mem:            1007         707         296         369         377         300
    PID   RSS COMMAND
2619838 87715688 VLLM::Worker
2619835 87707588 VLLM::Worker
2619836 87682552 VLLM::Worker
2619837 87300372 VLLM::Worker
2557619 63912724 ray::WorkerDict
2557620 63768284 ray::WorkerDict
2557621 63755204 ray::WorkerDict
2557622 63691972 ray::WorkerDict
1317539 4823668 VLLM::Worker_TP
1317538 4819148 VLLM::Worker_TP
2626912 2280052 ray::AgentLoopW
2626916 2054104 ray::AgentLoopW
2626911 1739392 ray::AgentLoopW
== 2026-09-06T11:06:10+09:00
Mem:            1007         707         296         369         377         300
    PID   RSS COMMAND
2619838 87715688 VLLM::Worker
2619835 87707588 VLLM::Worker
2619836 87682552 VLLM::Worker
2619837 87300372 VLLM::Worker
2557619 63912724 ray::WorkerDict
2557620 63768284 ray::WorkerDict
2557621 63755204 ray::WorkerDict
2557622 63691972 ray::WorkerDict
1317539 4823668 VLLM::Worker_TP
1317538 4819148 VLLM::Worker_TP
2626912 2280052 ray::AgentLoopW
2626916 2050420 ray::AgentLoopW
2626911 1739392 ray::AgentLoopW
== 2026-09-06T11:06:30+09:00
Mem:            1007         707         296         369         377         300
    PID   RSS COMMAND
2619838 87715688 VLLM::Worker
2619835 87707588 VLLM::Worker
2619836 87682552 VLLM::Worker
2619837 87300372 VLLM::Worker
2557619 63912724 ray::WorkerDict
2557620 63768284 ray::WorkerDict
2557621 63755204 ray::WorkerDict
2557622 63691972 ray::WorkerDict
1317539 4823668 VLLM::Worker_TP
1317538 4819148 VLLM::Worker_TP
2626912 2279028 ray::AgentLoopW
2626916 2050420 ray::AgentLoopW
2626911 1739392 ray::AgentLoopW
== 2026-09-06T11:06:50+09:00
Mem:            1007         707         296         369         377         300
    PID   RSS COMMAND
2619838 87715688 VLLM::Worker
2619835 87707588 VLLM::Worker
2619836 87681544 VLLM::Worker
2619837 87300372 VLLM::Worker
2557619 63912724 ray::WorkerDict
2557620 63768284 ray::WorkerDict
2557621 63755204 ray::WorkerDict
2557622 63691972 ray::WorkerDict
1317539 4823668 VLLM::Worker_TP
1317538 4819148 VLLM::Worker_TP
2626912 2277456 ray::AgentLoopW
2626916 2050420 ray::AgentLoopW
2626911 1739392 ray::AgentLoopW
== 2026-09-06T11:07:10+09:00
Mem:            1007         707         296         369         377         300
    PID   RSS COMMAND
2619838 87715688 VLLM::Worker
2619835 87707588 VLLM::Worker
2619836 87681544 VLLM::Worker
2619837 87300372 VLLM::Worker
2557619 63912724 ray::WorkerDict
2557620 63768284 ray::WorkerDict
2557621 63755204 ray::WorkerDict
2557622 63691972 ray::WorkerDict
1317539 4823668 VLLM::Worker_TP
1317538 4819148 VLLM::Worker_TP
2626912 2277456 ray::AgentLoopW
2626916 2050420 ray::AgentLoopW
2626911 1739392 ray::AgentLoopW
== 2026-09-06T11:07:30+09:00
Mem:            1007         707         296         369         377         300
    PID   RSS COMMAND
2619838 87715688 VLLM::Worker
2619835 87707588 VLLM::Worker
2619836 87681544 VLLM::Worker
2619837 87300372 VLLM::Worker
2557619 63912724 ray::WorkerDict
2557620 63768284 ray::WorkerDict
2557621 63755204 ray::WorkerDict
2557622 63691972 ray::WorkerDict
1317539 4823668 VLLM::Worker_TP
1317538 4819148 VLLM::Worker_TP
2626912 2277456 ray::AgentLoopW
2626916 2050420 ray::AgentLoopW
2626911 1739392 ray::AgentLoopW
== 2026-09-06T11:07:50+09:00
Mem:            1007         707         296         369         377         300
    PID   RSS COMMAND
2619838 87715688 VLLM::Worker
2619835 87707588 VLLM::Worker
2619836 87681544 VLLM::Worker
2619837 87300372 VLLM::Worker
2557619 63912724 ray::WorkerDict
2557620 63768284 ray::WorkerDict
2557621 63755204 ray::WorkerDict
2557622 63691972 ray::WorkerDict
1317539 4823668 VLLM::Worker_TP
1317538 4819148 VLLM::Worker_TP
2626912 2277456 ray::AgentLoopW
2626916 2050420 ray::AgentLoopW
2626911 1739392 ray::AgentLoopW
== 2026-09-06T11:08:10+09:00
Mem:            1007         707         296         369         377         300
    PID   RSS COMMAND
2619838 87715688 VLLM::Worker
2619835 87707588 VLLM::Worker
2619836 87681544 VLLM::Worker
2619837 87300372 VLLM::Worker
2557619 63912724 ray::WorkerDict
2557620 63768284 ray::WorkerDict
2557621 63755204 ray::WorkerDict
2557622 63691972 ray::WorkerDict
1317539 4823668 VLLM::Worker_TP
1317538 4819148 VLLM::Worker_TP
2626912 2277456 ray::AgentLoopW
2626916 2050420 ray::AgentLoopW
2626911 1739392 ray::AgentLoopW
== 2026-09-06T11:08:30+09:00
Mem:            1007         707         296         369         377         300
    PID   RSS COMMAND
2619838 87715688 VLLM::Worker
2619835 87707588 VLLM::Worker
2619836 87681544 VLLM::Worker
2619837 87300372 VLLM::Worker
2557619 63912724 ray::WorkerDict
2557620 63768284 ray::WorkerDict
2557621 63755204 ray::WorkerDict
2557622 63691972 ray::WorkerDict
1317539 4823668 VLLM::Worker_TP
1317538 4819148 VLLM::Worker_TP
2626912 2277456 ray::AgentLoopW
2626916 2050420 ray::AgentLoopW
2626911 1739392 ray::AgentLoopW
== 2026-09-06T11:08:50+09:00
Mem:            1007         498         506         369         377         509
    PID   RSS COMMAND
2619838 87715688 VLLM::Worker
2619835 87707588 VLLM::Worker
2619836 87681544 VLLM::Worker
2619837 87300372 VLLM::Worker
2557619 8705648 ray::WorkerDict
2557620 8554312 ray::WorkerDict
2557621 8505380 ray::WorkerDict
2557622 8382556 ray::WorkerDict
1317539 4823668 VLLM::Worker_TP
1317538 4819148 VLLM::Worker_TP
2626912 2277456 ray::AgentLoopW
2626916 2050420 ray::AgentLoopW
2626911 1739392 ray::AgentLoopW
== 2026-09-06T11:09:10+09:00
Mem:            1007         479         524         369         377         527
    PID   RSS COMMAND
2619838 87715688 VLLM::Worker
2619835 87707588 VLLM::Worker
2619836 87681544 VLLM::Worker
2619837 87300372 VLLM::Worker
1317539 4823668 VLLM::Worker_TP
1317538 4819148 VLLM::Worker_TP
2557619 4327216 ray::WorkerDict
2557620 4183868 ray::WorkerDict
2557621 4141080 ray::WorkerDict
2557622 4059216 ray::WorkerDict
2626912 2277456 ray::AgentLoopW
2626916 2050420 ray::AgentLoopW
2626911 1739392 ray::AgentLoopW
== 2026-09-06T11:09:30+09:00
Mem:            1007         479         524         369         377         527
    PID   RSS COMMAND
2619838 87715688 VLLM::Worker
2619835 87707588 VLLM::Worker
2619836 87681544 VLLM::Worker
2619837 87300372 VLLM::Worker
1317539 4823668 VLLM::Worker_TP
1317538 4819148 VLLM::Worker_TP
2557619 4327216 ray::WorkerDict
2557620 4183868 ray::WorkerDict
2557621 4141080 ray::WorkerDict
2557622 4059216 ray::WorkerDict
2626912 2277456 ray::AgentLoopW
2626916 2050420 ray::AgentLoopW
2626911 1739392 ray::AgentLoopW
== 2026-09-06T11:09:50+09:00
Mem:            1007         479         525         369         377         528
    PID   RSS COMMAND
2619838 87715688 VLLM::Worker
2619835 87707588 VLLM::Worker
2619836 87681544 VLLM::Worker
2619837 87300372 VLLM::Worker
1317539 4823668 VLLM::Worker_TP
1317538 4819148 VLLM::Worker_TP
2557619 4314000 ray::WorkerDict
2557620 4185956 ray::WorkerDict
2557621 4136332 ray::WorkerDict
2557622 3669812 ray::WorkerDict
2626912 2277456 ray::AgentLoopW
2626916 2050420 ray::AgentLoopW
2626911 1739392 ray::AgentLoopW
== 2026-09-06T11:10:10+09:00
Mem:            1007         479         525         369         377         528
    PID   RSS COMMAND
2619838 87715688 VLLM::Worker
2619835 87707588 VLLM::Worker
2619836 87681544 VLLM::Worker
2619837 87300372 VLLM::Worker
1317539 4823668 VLLM::Worker_TP
1317538 4819148 VLLM::Worker_TP
2557619 4314768 ray::WorkerDict
2557620 4186724 ray::WorkerDict
2557621 4137100 ray::WorkerDict
2557622 3670580 ray::WorkerDict
2626912 2277456 ray::AgentLoopW
2626916 2050420 ray::AgentLoopW
2626911 1739392 ray::AgentLoopW
== 2026-09-06T11:10:30+09:00
Mem:            1007         479         525         369         377         528
    PID   RSS COMMAND
2619838 87715688 VLLM::Worker
2619835 87707588 VLLM::Worker
2619836 87681544 VLLM::Worker
2619837 87300372 VLLM::Worker
1317539 4823668 VLLM::Worker_TP
1317538 4819148 VLLM::Worker_TP
2557619 4314768 ray::WorkerDict
2557620 4186724 ray::WorkerDict
2557621 4137100 ray::WorkerDict
2557622 3670580 ray::WorkerDict
2626912 2277456 ray::AgentLoopW
2626916 2050420 ray::AgentLoopW
2626911 1739392 ray::AgentLoopW
== 2026-09-06T11:10:50+09:00
Mem:            1007         479         525         369         377         528
    PID   RSS COMMAND
2619838 87715688 VLLM::Worker
2619835 87707588 VLLM::Worker
2619836 87681544 VLLM::Worker
2619837 87300372 VLLM::Worker
1317539 4823668 VLLM::Worker_TP
1317538 4819148 VLLM::Worker_TP
2557619 4314768 ray::WorkerDict
2557620 4186724 ray::WorkerDict
2557621 4137100 ray::WorkerDict
2557622 3670580 ray::WorkerDict
2626912 2277456 ray::AgentLoopW
2626916 2050420 ray::AgentLoopW
2626911 1739392 ray::AgentLoopW
== 2026-09-06T11:11:10+09:00
Mem:            1007         479         525         369         377         528
    PID   RSS COMMAND
2619838 87715688 VLLM::Worker
2619835 87707588 VLLM::Worker
2619836 87681544 VLLM::Worker
2619837 87300372 VLLM::Worker
1317539 4823668 VLLM::Worker_TP
1317538 4819148 VLLM::Worker_TP
2557619 4314768 ray::WorkerDict
2557620 4186724 ray::WorkerDict
2557621 4137100 ray::WorkerDict
2557622 3670580 ray::WorkerDict
2626912 2277456 ray::AgentLoopW
2626916 2050420 ray::AgentLoopW
2626911 1739392 ray::AgentLoopW
== 2026-09-06T11:11:30+09:00
Mem:            1007         479         525         369         377         528
    PID   RSS COMMAND
2619838 87715688 VLLM::Worker
2619835 87707588 VLLM::Worker
2619836 87681544 VLLM::Worker
2619837 87300372 VLLM::Worker
1317539 4823668 VLLM::Worker_TP
1317538 4819148 VLLM::Worker_TP
2557619 4314768 ray::WorkerDict
2557620 4186724 ray::WorkerDict
2557621 4137100 ray::WorkerDict
2557622 3670580 ray::WorkerDict
2626912 2277456 ray::AgentLoopW
2626916 2050420 ray::AgentLoopW
2626911 1739392 ray::AgentLoopW
== 2026-09-06T11:11:50+09:00
Mem:            1007         479         525         369         377         528
    PID   RSS COMMAND
2619838 87715688 VLLM::Worker
2619835 87707588 VLLM::Worker
2619836 87681544 VLLM::Worker
2619837 87300372 VLLM::Worker
1317539 4823668 VLLM::Worker_TP
1317538 4819148 VLLM::Worker_TP
2557619 4314768 ray::WorkerDict
2557620 4186724 ray::WorkerDict
2557621 4137100 ray::WorkerDict
2557622 3670580 ray::WorkerDict
2626912 2277456 ray::AgentLoopW
2626916 2050420 ray::AgentLoopW
2626911 1739392 ray::AgentLoopW
== 2026-09-06T11:12:10+09:00
Mem:            1007         479         525         369         377         528
    PID   RSS COMMAND
2619838 87715688 VLLM::Worker
2619835 87707588 VLLM::Worker
2619836 87681544 VLLM::Worker
2619837 87300372 VLLM::Worker
1317539 4823668 VLLM::Worker_TP
1317538 4819148 VLLM::Worker_TP
2557619 4314768 ray::WorkerDict
2557620 4186724 ray::WorkerDict
2557621 4137100 ray::WorkerDict
2557622 3670580 ray::WorkerDict
2626912 2277456 ray::AgentLoopW
2626916 2050420 ray::AgentLoopW
2626911 1739392 ray::AgentLoopW
== 2026-09-06T11:12:30+09:00
Mem:            1007         479         525         369         377         528
    PID   RSS COMMAND
2619838 87715688 VLLM::Worker
2619835 87707588 VLLM::Worker
2619836 87681544 VLLM::Worker
2619837 87300372 VLLM::Worker
1317539 4823668 VLLM::Worker_TP
1317538 4819148 VLLM::Worker_TP
2557619 4314768 ray::WorkerDict
2557620 4186724 ray::WorkerDict
2557621 4137100 ray::WorkerDict
2557622 3670580 ray::WorkerDict
2626912 2277456 ray::AgentLoopW
2626916 2050420 ray::AgentLoopW
2626911 1739392 ray::AgentLoopW
== 2026-09-06T11:12:50+09:00
Mem:            1007         479         525         369         377         528
    PID   RSS COMMAND
2619838 87715688 VLLM::Worker
2619835 87707588 VLLM::Worker
2619836 87681544 VLLM::Worker
2619837 87300372 VLLM::Worker
1317539 4823668 VLLM::Worker_TP
1317538 4819148 VLLM::Worker_TP
2557619 4314768 ray::WorkerDict
2557620 4186724 ray::WorkerDict
2557621 4137100 ray::WorkerDict
2557622 3670580 ray::WorkerDict
2626912 2277456 ray::AgentLoopW
2626916 2050420 ray::AgentLoopW
2626911 1739392 ray::AgentLoopW
== 2026-09-06T11:13:10+09:00
Mem:            1007         575         429         369         377         432
    PID   RSS COMMAND
2619838 87715688 VLLM::Worker
2619835 87707588 VLLM::Worker
2619836 87681544 VLLM::Worker
2619837 87300372 VLLM::Worker
2557619 29838900 ray::WorkerDict
2557620 29695172 ray::WorkerDict
2557621 28964544 ray::WorkerDict
2557622 28529740 ray::WorkerDict
1317539 4823668 VLLM::Worker_TP
1317538 4819148 VLLM::Worker_TP
2626912 2277456 ray::AgentLoopW
2626916 2050420 ray::AgentLoopW
2626911 1739392 ray::AgentLoopW
== 2026-09-06T11:13:30+09:00
Mem:            1007         709         294         369         377         298
    PID   RSS COMMAND
2619838 87715688 VLLM::Worker
2619835 87707588 VLLM::Worker
2619836 87681544 VLLM::Worker
2619837 87300372 VLLM::Worker
2557619 64675112 ray::WorkerDict
2557620 64529900 ray::WorkerDict
2557621 64470088 ray::WorkerDict
2557622 64034036 ray::WorkerDict
1317539 4823668 VLLM::Worker_TP
1317538 4819148 VLLM::Worker_TP
2626912 2277456 ray::AgentLoopW
2626916 2050420 ray::AgentLoopW
2626911 1739392 ray::AgentLoopW
== 2026-09-06T11:13:50+09:00
Mem:            1007         708         296         369         377         299
    PID   RSS COMMAND
2619838 87715688 VLLM::Worker
2619835 87707588 VLLM::Worker
2619836 87681544 VLLM::Worker
2619837 87300372 VLLM::Worker
2557619 64151196 ray::WorkerDict
2557621 64132996 ray::WorkerDict
2557620 64006624 ray::WorkerDict
2557622 63914312 ray::WorkerDict
1317539 4823668 VLLM::Worker_TP
1317538 4819148 VLLM::Worker_TP
2626912 2277456 ray::AgentLoopW
2626916 2050420 ray::AgentLoopW
2626911 1739392 ray::AgentLoopW
== 2026-09-06T11:14:10+09:00
Mem:            1007         707         296         369         377         299
    PID   RSS COMMAND
2619838 87715688 VLLM::Worker
2619835 87706636 VLLM::Worker
2619836 87681544 VLLM::Worker
2619837 87300372 VLLM::Worker
2557622 63959216 ray::WorkerDict
2557619 63916440 ray::WorkerDict
2557620 63887412 ray::WorkerDict
2557621 63740108 ray::WorkerDict
1317539 4823668 VLLM::Worker_TP
1317538 4819148 VLLM::Worker_TP
2626912 2277456 ray::AgentLoopW
2626916 2050420 ray::AgentLoopW
2626911 1739392 ray::AgentLoopW
== 2026-09-06T11:14:30+09:00
Mem:            1007         708         295         369         378         299
    PID   RSS COMMAND
2619838 87715688 VLLM::Worker
2619835 87706636 VLLM::Worker
2619836 87682312 VLLM::Worker
2619837 87300372 VLLM::Worker
2557619 63916440 ray::WorkerDict
2557620 63887412 ray::WorkerDict
2557622 63844520 ray::WorkerDict
2557621 63723724 ray::WorkerDict
1317539 4823668 VLLM::Worker_TP
1317538 4819148 VLLM::Worker_TP
2626912 2277456 ray::AgentLoopW
2626916 2050420 ray::AgentLoopW
2626911 1752448 ray::AgentLoopW
== 2026-09-06T11:14:51+09:00
Mem:            1007         708         294         369         379         299
    PID   RSS COMMAND
2619838 87715688 VLLM::Worker
2619835 87706636 VLLM::Worker
2619836 87682312 VLLM::Worker
2619837 87300372 VLLM::Worker
2557619 63916440 ray::WorkerDict
2557620 63887412 ray::WorkerDict
2557622 63844520 ray::WorkerDict
2557621 63723724 ray::WorkerDict
1317539 4823668 VLLM::Worker_TP
1317538 4819148 VLLM::Worker_TP
2626912 2277456 ray::AgentLoopW
2626916 2050420 ray::AgentLoopW
2626911 1752448 ray::AgentLoopW
== 2026-09-06T11:15:11+09:00
Mem:            1007         708         294         369         379         299
    PID   RSS COMMAND
2619838 87715688 VLLM::Worker
2619835 87706636 VLLM::Worker
2619836 87682312 VLLM::Worker
2619837 87300372 VLLM::Worker
2557619 63916440 ray::WorkerDict
2557620 63887412 ray::WorkerDict
2557622 63844520 ray::WorkerDict
2557621 63723724 ray::WorkerDict
1317539 4823668 VLLM::Worker_TP
1317538 4819148 VLLM::Worker_TP
2626912 2277456 ray::AgentLoopW
2626916 2050420 ray::AgentLoopW
2626911 1752448 ray::AgentLoopW
== 2026-09-06T11:15:31+09:00
Mem:            1007         708         294         369         379         299
    PID   RSS COMMAND
2619838 87715688 VLLM::Worker
2619835 87706636 VLLM::Worker
2619836 87681524 VLLM::Worker
2619837 87300372 VLLM::Worker
2557619 63916440 ray::WorkerDict
2557620 63887412 ray::WorkerDict
2557622 63844520 ray::WorkerDict
2557621 63723724 ray::WorkerDict
1317539 4823668 VLLM::Worker_TP
1317538 4819148 VLLM::Worker_TP
2626912 2277456 ray::AgentLoopW
2626916 2050420 ray::AgentLoopW
2626911 1752448 ray::AgentLoopW
== 2026-09-06T11:15:51+09:00
Mem:            1007         708         294         369         379         299
    PID   RSS COMMAND
2619838 87715688 VLLM::Worker
2619835 87706636 VLLM::Worker
2619836 87681524 VLLM::Worker
2619837 87300372 VLLM::Worker
2557619 63916440 ray::WorkerDict
2557620 63887412 ray::WorkerDict
2557622 63844520 ray::WorkerDict
2557621 63723724 ray::WorkerDict
1317539 4823668 VLLM::Worker_TP
1317538 4819148 VLLM::Worker_TP
2626912 2277456 ray::AgentLoopW
2626916 2050420 ray::AgentLoopW
2626911 1752448 ray::AgentLoopW
== 2026-09-06T11:16:11+09:00
Mem:            1007         708         294         369         379         299
    PID   RSS COMMAND
2619838 87715688 VLLM::Worker
2619835 87706636 VLLM::Worker
2619836 87681524 VLLM::Worker
2619837 87300372 VLLM::Worker
2557619 63916440 ray::WorkerDict
2557620 63887412 ray::WorkerDict
2557622 63844520 ray::WorkerDict
2557621 63723724 ray::WorkerDict
1317539 4823668 VLLM::Worker_TP
1317538 4819148 VLLM::Worker_TP
2626912 2277456 ray::AgentLoopW
2626916 2050420 ray::AgentLoopW
2626911 1752448 ray::AgentLoopW
== 2026-09-06T11:16:31+09:00
Mem:            1007         708         294         369         379         299
    PID   RSS COMMAND
2619838 87715688 VLLM::Worker
2619835 87706636 VLLM::Worker
2619836 87681524 VLLM::Worker
2619837 87300372 VLLM::Worker
2557619 63916440 ray::WorkerDict
2557620 63887412 ray::WorkerDict
2557622 63844520 ray::WorkerDict
2557621 63723724 ray::WorkerDict
1317539 4823668 VLLM::Worker_TP
1317538 4819148 VLLM::Worker_TP
2626912 2277456 ray::AgentLoopW
2626916 2050420 ray::AgentLoopW
2626911 1752448 ray::AgentLoopW
== 2026-09-06T11:16:51+09:00
Mem:            1007         708         294         369         379         299
    PID   RSS COMMAND
2619838 87715688 VLLM::Worker
2619835 87706636 VLLM::Worker
2619836 87681524 VLLM::Worker
2619837 87300372 VLLM::Worker
2557619 63916440 ray::WorkerDict
2557620 63887412 ray::WorkerDict
2557622 63844520 ray::WorkerDict
2557621 63723724 ray::WorkerDict
1317539 4823668 VLLM::Worker_TP
1317538 4819148 VLLM::Worker_TP
2626912 2277456 ray::AgentLoopW
2626916 2050420 ray::AgentLoopW
2626911 1752448 ray::AgentLoopW
== 2026-09-06T11:17:11+09:00
Mem:            1007         479         523         369         379         527
    PID   RSS COMMAND
2619838 87715688 VLLM::Worker
2619835 87706636 VLLM::Worker
2619836 87681524 VLLM::Worker
2619837 87300372 VLLM::Worker
1317539 4823668 VLLM::Worker_TP
1317538 4819148 VLLM::Worker_TP
2557619 4284108 ray::WorkerDict
2557620 4159868 ray::WorkerDict
2557621 4113188 ray::WorkerDict
2557622 3719836 ray::WorkerDict
2626912 2277456 ray::AgentLoopW
2626916 2050420 ray::AgentLoopW
2626911 1752448 ray::AgentLoopW
== 2026-09-06T11:17:31+09:00
Mem:            1007         479         523         369         379         527
    PID   RSS COMMAND
2619838 87715688 VLLM::Worker
2619835 87706636 VLLM::Worker
2619836 87681524 VLLM::Worker
2619837 87300372 VLLM::Worker
1317539 4823668 VLLM::Worker_TP
1317538 4819148 VLLM::Worker_TP
2557619 4284108 ray::WorkerDict
2557620 4159868 ray::WorkerDict
2557621 4113188 ray::WorkerDict
2557622 3719836 ray::WorkerDict
2626912 2277456 ray::AgentLoopW
2626916 2050420 ray::AgentLoopW
2626911 1752448 ray::AgentLoopW
== 2026-09-06T11:17:51+09:00
Mem:            1007         479         523         369         379         527
    PID   RSS COMMAND
2619838 87715688 VLLM::Worker
2619835 87706636 VLLM::Worker
2619836 87681524 VLLM::Worker
2619837 87300372 VLLM::Worker
1317539 4823668 VLLM::Worker_TP
1317538 4819148 VLLM::Worker_TP
2557619 4284568 ray::WorkerDict
2557620 4160196 ray::WorkerDict
2557621 4113624 ray::WorkerDict
2557622 3719752 ray::WorkerDict
2626912 2277456 ray::AgentLoopW
2626916 2050420 ray::AgentLoopW
2626911 1752448 ray::AgentLoopW
== 2026-09-06T11:18:11+09:00
Mem:            1007         479         523         369         379         527
    PID   RSS COMMAND
2619838 87715688 VLLM::Worker
2619835 87706636 VLLM::Worker
2619836 87681524 VLLM::Worker
2619837 87300372 VLLM::Worker
1317539 4823668 VLLM::Worker_TP
1317538 4819148 VLLM::Worker_TP
2557619 4284568 ray::WorkerDict
2557620 4160196 ray::WorkerDict
2557621 4113624 ray::WorkerDict
2557622 3719752 ray::WorkerDict
2626912 2277456 ray::AgentLoopW
2626916 2050420 ray::AgentLoopW
2626911 1752448 ray::AgentLoopW
== 2026-09-06T11:18:31+09:00
Mem:            1007         479         523         369         379         527
    PID   RSS COMMAND
2619838 87715688 VLLM::Worker
2619835 87706636 VLLM::Worker
2619836 87681524 VLLM::Worker
2619837 87300372 VLLM::Worker
1317539 4823668 VLLM::Worker_TP
1317538 4819148 VLLM::Worker_TP
2557619 4284568 ray::WorkerDict
2557620 4160196 ray::WorkerDict
2557621 4113624 ray::WorkerDict
2557622 3720520 ray::WorkerDict
2626912 2277456 ray::AgentLoopW
2626916 2050420 ray::AgentLoopW
2626911 1752448 ray::AgentLoopW
== 2026-09-06T11:18:51+09:00
Mem:            1007         479         523         369         379         527
    PID   RSS COMMAND
2619838 87715688 VLLM::Worker
2619835 87706636 VLLM::Worker
2619836 87681524 VLLM::Worker
2619837 87300372 VLLM::Worker
1317539 4823668 VLLM::Worker_TP
1317538 4819148 VLLM::Worker_TP
2557619 4284568 ray::WorkerDict
2557620 4160196 ray::WorkerDict
2557621 4113624 ray::WorkerDict
2557622 3720520 ray::WorkerDict
2626912 2277456 ray::AgentLoopW
2626916 2050420 ray::AgentLoopW
2626911 1752448 ray::AgentLoopW
== 2026-09-06T11:19:11+09:00
Mem:            1007         479         523         369         379         527
    PID   RSS COMMAND
2619838 87715688 VLLM::Worker
2619835 87706636 VLLM::Worker
2619836 87681524 VLLM::Worker
2619837 87300372 VLLM::Worker
1317539 4823668 VLLM::Worker_TP
1317538 4819148 VLLM::Worker_TP
2557619 4284568 ray::WorkerDict
2557620 4160196 ray::WorkerDict
2557621 4113624 ray::WorkerDict
2557622 3720520 ray::WorkerDict
2626912 2277456 ray::AgentLoopW
2626916 2050420 ray::AgentLoopW
2626911 1752448 ray::AgentLoopW
== 2026-09-06T11:19:31+09:00
Mem:            1007         479         523         369         379         527
    PID   RSS COMMAND
2619838 87715688 VLLM::Worker
2619835 87706636 VLLM::Worker
2619836 87681524 VLLM::Worker
2619837 87300372 VLLM::Worker
1317539 4823668 VLLM::Worker_TP
1317538 4819148 VLLM::Worker_TP
2557619 4284568 ray::WorkerDict
2557620 4160196 ray::WorkerDict
2557621 4113624 ray::WorkerDict
2557622 3720520 ray::WorkerDict
2626912 2277456 ray::AgentLoopW
2626916 2050420 ray::AgentLoopW
2626911 1752448 ray::AgentLoopW
== 2026-09-06T11:19:51+09:00
Mem:            1007         581         420         369         379         425
    PID   RSS COMMAND
2619838 87715688 VLLM::Worker
2619835 87706636 VLLM::Worker
2619836 87681524 VLLM::Worker
2619837 87300372 VLLM::Worker
2557619 31118252 ray::WorkerDict
2557620 30974264 ray::WorkerDict
2557621 30891028 ray::WorkerDict
2557622 30517888 ray::WorkerDict
1317539 4823668 VLLM::Worker_TP
1317538 4819148 VLLM::Worker_TP
2626912 2277456 ray::AgentLoopW
2626916 2050420 ray::AgentLoopW
2626911 1752448 ray::AgentLoopW
== 2026-09-06T11:20:11+09:00
Mem:            1007         710         293         369         378         297
    PID   RSS COMMAND
2619838 87715688 VLLM::Worker
2619835 87706636 VLLM::Worker
2619836 87681524 VLLM::Worker
2619837 87300372 VLLM::Worker
2557619 64704992 ray::WorkerDict
2557620 64558776 ray::WorkerDict
2557621 64468544 ray::WorkerDict
2557622 64039588 ray::WorkerDict
1317539 4823668 VLLM::Worker_TP
1317538 4819148 VLLM::Worker_TP
2626912 2277456 ray::AgentLoopW
2626916 2050420 ray::AgentLoopW
2626911 1752448 ray::AgentLoopW
== 2026-09-06T11:20:31+09:00
Mem:            1007         708         294         369         378         298
    PID   RSS COMMAND
2619838 87715688 VLLM::Worker
2619835 87706636 VLLM::Worker
2619836 87681524 VLLM::Worker
2619837 87300372 VLLM::Worker
2557622 64303792 ray::WorkerDict
2557621 64082240 ray::WorkerDict
2557619 64039136 ray::WorkerDict
2557620 63954288 ray::WorkerDict
1317539 4823668 VLLM::Worker_TP
1317538 4819148 VLLM::Worker_TP
2626912 2277456 ray::AgentLoopW
2626916 2050420 ray::AgentLoopW
2626911 1752448 ray::AgentLoopW
== 2026-09-06T11:20:51+09:00
Mem:            1007         708         295         369         378         299
    PID   RSS COMMAND
2619838 87715688 VLLM::Worker
2619835 87706636 VLLM::Worker
2619836 87680088 VLLM::Worker
2619837 87300372 VLLM::Worker
2557619 63920544 ray::WorkerDict
2557622 63861712 ray::WorkerDict
2557620 63772528 ray::WorkerDict
2557621 63726660 ray::WorkerDict
1317539 4823668 VLLM::Worker_TP
1317538 4819148 VLLM::Worker_TP
2626912 2277456 ray::AgentLoopW
2626916 2050420 ray::AgentLoopW
2626911 1752448 ray::AgentLoopW
== 2026-09-06T11:21:11+09:00
Mem:            1007         708         295         369         378         299
    PID   RSS COMMAND
2619838 87715688 VLLM::Worker
2619835 87706636 VLLM::Worker
2619836 87680088 VLLM::Worker
2619837 87300372 VLLM::Worker
2557619 63920544 ray::WorkerDict
2557622 63861712 ray::WorkerDict
2557620 63772528 ray::WorkerDict
2557621 63726660 ray::WorkerDict
1317539 4823668 VLLM::Worker_TP
1317538 4819148 VLLM::Worker_TP
2626912 2277456 ray::AgentLoopW
2626916 2050420 ray::AgentLoopW
2626911 1752448 ray::AgentLoopW
== 2026-09-06T11:21:31+09:00
Mem:            1007         708         294         369         379         299
    PID   RSS COMMAND
2619838 87715688 VLLM::Worker
2619835 87706636 VLLM::Worker
2619836 87680088 VLLM::Worker
2619837 87300372 VLLM::Worker
2557619 63920544 ray::WorkerDict
2557622 63861712 ray::WorkerDict
2557620 63772528 ray::WorkerDict
2557621 63726660 ray::WorkerDict
1317539 4823668 VLLM::Worker_TP
1317538 4819148 VLLM::Worker_TP
2626912 2277456 ray::AgentLoopW
2626916 2050420 ray::AgentLoopW
2626911 1752448 ray::AgentLoopW
== 2026-09-06T11:21:51+09:00
Mem:            1007         708         294         369         379         299
    PID   RSS COMMAND
2619838 87715688 VLLM::Worker
2619835 87706636 VLLM::Worker
2619836 87680088 VLLM::Worker
2619837 87300372 VLLM::Worker
2557619 63920544 ray::WorkerDict
2557622 63861712 ray::WorkerDict
2557620 63772528 ray::WorkerDict
2557621 63726660 ray::WorkerDict
1317539 4823668 VLLM::Worker_TP
1317538 4819148 VLLM::Worker_TP
2626912 2277456 ray::AgentLoopW
2626916 2050420 ray::AgentLoopW
2626911 1752448 ray::AgentLoopW
== 2026-09-06T11:22:11+09:00
Mem:            1007         708         294         369         379         299
    PID   RSS COMMAND
2619838 87715688 VLLM::Worker
2619835 87706636 VLLM::Worker
2619836 87680088 VLLM::Worker
2619837 87300372 VLLM::Worker
2557619 63920544 ray::WorkerDict
2557622 63861712 ray::WorkerDict
2557620 63772528 ray::WorkerDict
2557621 63726660 ray::WorkerDict
1317539 4823668 VLLM::Worker_TP
1317538 4819148 VLLM::Worker_TP
2626912 2277456 ray::AgentLoopW
2626916 2050420 ray::AgentLoopW
2626911 1752448 ray::AgentLoopW
== 2026-09-06T11:22:31+09:00
Mem:            1007         708         294         369         379         299
    PID   RSS COMMAND
2619838 87715688 VLLM::Worker
2619835 87706636 VLLM::Worker
2619836 87680088 VLLM::Worker
2619837 87300372 VLLM::Worker
2557619 63920544 ray::WorkerDict
2557622 63861712 ray::WorkerDict
2557620 63772528 ray::WorkerDict
2557621 63726660 ray::WorkerDict
1317539 4823668 VLLM::Worker_TP
1317538 4819148 VLLM::Worker_TP
2626912 2277456 ray::AgentLoopW
2626916 2050420 ray::AgentLoopW
2626911 1752448 ray::AgentLoopW
== 2026-09-06T11:22:51+09:00
Mem:            1007         708         294         369         379         299
    PID   RSS COMMAND
2619838 87715688 VLLM::Worker
2619835 87706636 VLLM::Worker
2619836 87680088 VLLM::Worker
2619837 87300372 VLLM::Worker
2557619 63920544 ray::WorkerDict
2557622 63861712 ray::WorkerDict
2557620 63772528 ray::WorkerDict
2557621 63726660 ray::WorkerDict
1317539 4823668 VLLM::Worker_TP
1317538 4819148 VLLM::Worker_TP
2626912 2277456 ray::AgentLoopW
2626916 2050420 ray::AgentLoopW
2626911 1752448 ray::AgentLoopW
== 2026-09-06T11:23:11+09:00
Mem:            1007         708         294         369         379         299
    PID   RSS COMMAND
2619838 87715688 VLLM::Worker
2619835 87706636 VLLM::Worker
2619836 87680088 VLLM::Worker
2619837 87300372 VLLM::Worker
2557619 63920544 ray::WorkerDict
2557622 63861712 ray::WorkerDict
2557620 63772528 ray::WorkerDict
2557621 63726660 ray::WorkerDict
1317539 4823668 VLLM::Worker_TP
1317538 4819148 VLLM::Worker_TP
2626912 2277456 ray::AgentLoopW
2626916 2050420 ray::AgentLoopW
2626911 1752448 ray::AgentLoopW
== 2026-09-06T11:23:31+09:00
Mem:            1007         708         294         369         379         299
    PID   RSS COMMAND
2619838 87715688 VLLM::Worker
2619835 87706636 VLLM::Worker
2619836 87680088 VLLM::Worker
2619837 87300372 VLLM::Worker
2557619 63920544 ray::WorkerDict
2557622 63861712 ray::WorkerDict
2557620 63772528 ray::WorkerDict
2557621 63726660 ray::WorkerDict
1317539 4823668 VLLM::Worker_TP
1317538 4819148 VLLM::Worker_TP
2626912 2277456 ray::AgentLoopW
2626916 2050420 ray::AgentLoopW
2626911 1753216 ray::AgentLoopW
== 2026-09-06T11:23:51+09:00
Mem:            1007         708         294         369         379         299
    PID   RSS COMMAND
2619838 87715688 VLLM::Worker
2619835 87706636 VLLM::Worker
2619836 87680088 VLLM::Worker
2619837 87300372 VLLM::Worker
2557619 63920544 ray::WorkerDict
2557622 63861712 ray::WorkerDict
2557620 63772528 ray::WorkerDict
2557621 63726660 ray::WorkerDict
1317539 4823668 VLLM::Worker_TP
1317538 4819148 VLLM::Worker_TP
2626912 2277456 ray::AgentLoopW
2626916 2050420 ray::AgentLoopW
2626911 1753216 ray::AgentLoopW
== 2026-09-06T11:24:12+09:00
Mem:            1007         708         294         369         379         299
    PID   RSS COMMAND
2619838 87715688 VLLM::Worker
2619835 87706636 VLLM::Worker
2619836 87680088 VLLM::Worker
2619837 87300372 VLLM::Worker
2557619 63920544 ray::WorkerDict
2557622 63861712 ray::WorkerDict
2557620 63772528 ray::WorkerDict
2557621 63726660 ray::WorkerDict
1317539 4823668 VLLM::Worker_TP
1317538 4819148 VLLM::Worker_TP
2626912 2277456 ray::AgentLoopW
2626916 2050420 ray::AgentLoopW
2626911 1753216 ray::AgentLoopW
== 2026-09-06T11:24:32+09:00
Mem:            1007         707         294         369         379         299
    PID   RSS COMMAND
2619838 87715688 VLLM::Worker
2619835 87706636 VLLM::Worker
2619836 87680088 VLLM::Worker
2619837 87300372 VLLM::Worker
2557619 63920544 ray::WorkerDict
2557622 63861712 ray::WorkerDict
2557620 63772528 ray::WorkerDict
2557621 63726660 ray::WorkerDict
1317539 4823668 VLLM::Worker_TP
1317538 4819148 VLLM::Worker_TP
2626912 2277456 ray::AgentLoopW
2626916 2050420 ray::AgentLoopW
2626911 1753216 ray::AgentLoopW
== 2026-09-06T11:24:52+09:00
Mem:            1007         707         294         369         379         299
    PID   RSS COMMAND
2619838 87715688 VLLM::Worker
2619835 87706636 VLLM::Worker
2619836 87680088 VLLM::Worker
2619837 87300372 VLLM::Worker
2557619 63920544 ray::WorkerDict
2557622 63861712 ray::WorkerDict
2557620 63772528 ray::WorkerDict
2557621 63726660 ray::WorkerDict
1317539 4823668 VLLM::Worker_TP
1317538 4819148 VLLM::Worker_TP
2626912 2277456 ray::AgentLoopW
2626916 2050420 ray::AgentLoopW
2626911 1753216 ray::AgentLoopW
== 2026-09-06T11:25:12+09:00
Mem:            1007         707         294         369         379         299
    PID   RSS COMMAND
2619838 87715688 VLLM::Worker
2619835 87706636 VLLM::Worker
2619836 87680088 VLLM::Worker
2619837 87300372 VLLM::Worker
2557619 63920544 ray::WorkerDict
2557622 63861712 ray::WorkerDict
2557620 63772528 ray::WorkerDict
2557621 63726660 ray::WorkerDict
1317539 4823668 VLLM::Worker_TP
1317538 4819148 VLLM::Worker_TP
2626912 2277456 ray::AgentLoopW
2626916 2050420 ray::AgentLoopW
2626911 1753216 ray::AgentLoopW
== 2026-09-06T11:25:32+09:00
Mem:            1007         707         294         369         379         299
    PID   RSS COMMAND
2619838 87715688 VLLM::Worker
2619835 87706636 VLLM::Worker
2619836 87680088 VLLM::Worker
2619837 87300372 VLLM::Worker
2557619 63920544 ray::WorkerDict
2557622 63861712 ray::WorkerDict
2557620 63772528 ray::WorkerDict
2557621 63726660 ray::WorkerDict
1317539 4823668 VLLM::Worker_TP
1317538 4819148 VLLM::Worker_TP
2626912 2277456 ray::AgentLoopW
2626916 2050420 ray::AgentLoopW
2626911 1753216 ray::AgentLoopW
== 2026-09-06T11:25:52+09:00
Mem:            1007         707         294         369         379         299
    PID   RSS COMMAND
2619838 87715688 VLLM::Worker
2619835 87706636 VLLM::Worker
2619836 87680088 VLLM::Worker
2619837 87300372 VLLM::Worker
2557619 63920544 ray::WorkerDict
2557622 63861712 ray::WorkerDict
2557620 63772528 ray::WorkerDict
2557621 63726660 ray::WorkerDict
1317539 4823668 VLLM::Worker_TP
1317538 4819148 VLLM::Worker_TP
2626912 2277456 ray::AgentLoopW
2626916 2050420 ray::AgentLoopW
2626911 1753216 ray::AgentLoopW
== 2026-09-06T11:26:12+09:00
Mem:            1007         479         523         369         379         527
    PID   RSS COMMAND
2619838 87715688 VLLM::Worker
2619835 87706636 VLLM::Worker
2619836 87680088 VLLM::Worker
2619837 87300372 VLLM::Worker
1317539 4823668 VLLM::Worker_TP
1317538 4819148 VLLM::Worker_TP
2557619 4291684 ray::WorkerDict
2557620 4140408 ray::WorkerDict
2557621 4093472 ray::WorkerDict
2557622 3721348 ray::WorkerDict
2626912 2277456 ray::AgentLoopW
2626916 2050420 ray::AgentLoopW
2626911 1753984 ray::AgentLoopW
== 2026-09-06T11:26:32+09:00
Mem:            1007         479         523         369         379         527
    PID   RSS COMMAND
2619838 87715688 VLLM::Worker
2619835 87706636 VLLM::Worker
2619836 87680088 VLLM::Worker
2619837 87300372 VLLM::Worker
1317539 4823668 VLLM::Worker_TP
1317538 4819148 VLLM::Worker_TP
2557619 4291684 ray::WorkerDict
2557620 4140408 ray::WorkerDict
2557621 4093472 ray::WorkerDict
2557622 3721348 ray::WorkerDict
2626912 2277456 ray::AgentLoopW
2626916 2050420 ray::AgentLoopW
2626911 1753984 ray::AgentLoopW
== 2026-09-06T11:26:52+09:00
Mem:            1007         565         437         369         379         442
    PID   RSS COMMAND
2619838 87715688 VLLM::Worker
2619835 87706636 VLLM::Worker
2619836 87680088 VLLM::Worker
2619837 87300372 VLLM::Worker
2557619 27096128 ray::WorkerDict
2557620 26946868 ray::WorkerDict
2557621 26367756 ray::WorkerDict
2557622 25995388 ray::WorkerDict
1317539 4823668 VLLM::Worker_TP
1317538 4819148 VLLM::Worker_TP
2626912 2277456 ray::AgentLoopW
2626916 2050420 ray::AgentLoopW
2626911 1753984 ray::AgentLoopW
== 2026-09-06T11:27:12+09:00
Mem:            1007         700         302         369         379         306
    PID   RSS COMMAND
2619838 87715688 VLLM::Worker
2619835 87706636 VLLM::Worker
2619836 87680088 VLLM::Worker
2619837 87300372 VLLM::Worker
2557619 62182500 ray::WorkerDict
2557620 62029196 ray::WorkerDict
2557621 61951848 ray::WorkerDict
2557622 61572988 ray::WorkerDict
1317539 4823668 VLLM::Worker_TP
1317538 4819148 VLLM::Worker_TP
2626912 2277456 ray::AgentLoopW
2626916 2050420 ray::AgentLoopW
2626911 1753984 ray::AgentLoopW
== 2026-09-06T11:27:32+09:00
Mem:            1007         708         294         369         379         299
    PID   RSS COMMAND
2619838 87715688 VLLM::Worker
2619835 87706636 VLLM::Worker
2619836 87680088 VLLM::Worker
2619837 87300372 VLLM::Worker
2557622 64083880 ray::WorkerDict
2557619 64083672 ray::WorkerDict
2557621 63919108 ray::WorkerDict
2557620 63887744 ray::WorkerDict
1317539 4823668 VLLM::Worker_TP
1317538 4819148 VLLM::Worker_TP
2626912 2277456 ray::AgentLoopW
2626916 2050420 ray::AgentLoopW
2626911 1753984 ray::AgentLoopW
== 2026-09-06T11:27:52+09:00
Mem:            1007         708         294         369         379         299
    PID   RSS COMMAND
2619838 87715688 VLLM::Worker
2619835 87706636 VLLM::Worker
2619836 87680088 VLLM::Worker
2619837 87300372 VLLM::Worker
2557619 63924948 ray::WorkerDict
2557620 63888340 ray::WorkerDict
2557622 63862996 ray::WorkerDict
2557621 63759440 ray::WorkerDict
1317539 4823668 VLLM::Worker_TP
1317538 4819148 VLLM::Worker_TP
2626912 2277456 ray::AgentLoopW
2626916 2050420 ray::AgentLoopW
2626911 1753984 ray::AgentLoopW
== 2026-09-06T11:28:12+09:00
Mem:            1007         708         294         369         379         299
    PID   RSS COMMAND
2619838 87718760 VLLM::Worker
2619835 87706636 VLLM::Worker
2619836 87680088 VLLM::Worker
2619837 87300372 VLLM::Worker
2557619 63924948 ray::WorkerDict
2557620 63888340 ray::WorkerDict
2557621 63726672 ray::WorkerDict
2557622 63355052 ray::WorkerDict
1317539 4823668 VLLM::Worker_TP
1317538 4819148 VLLM::Worker_TP
2626912 2277456 ray::AgentLoopW
2626916 2073460 ray::AgentLoopW
2626913 1782052 ray::AgentLoopW
== 2026-09-06T11:28:32+09:00
Mem:            1007         708         294         369         379         299
    PID   RSS COMMAND
2619838 87718760 VLLM::Worker
2619835 87706636 VLLM::Worker
2619836 87680088 VLLM::Worker
2619837 87300372 VLLM::Worker
2557619 63924948 ray::WorkerDict
2557620 63888340 ray::WorkerDict
2557621 63726672 ray::WorkerDict
2557622 63355052 ray::WorkerDict
1317539 4823668 VLLM::Worker_TP
1317538 4819148 VLLM::Worker_TP
2626912 2277456 ray::AgentLoopW
2626916 2073460 ray::AgentLoopW
2626913 1782052 ray::AgentLoopW
== 2026-09-06T11:28:52+09:00
Mem:            1007         708         294         369         379         299
    PID   RSS COMMAND
2619838 87718760 VLLM::Worker
2619835 87706636 VLLM::Worker
2619836 87680088 VLLM::Worker
2619837 87300372 VLLM::Worker
2557619 63924948 ray::WorkerDict
2557620 63888340 ray::WorkerDict
2557621 63726672 ray::WorkerDict
2557622 63355052 ray::WorkerDict
1317539 4823668 VLLM::Worker_TP
1317538 4819148 VLLM::Worker_TP
2626912 2277456 ray::AgentLoopW
2626916 2073460 ray::AgentLoopW
2626913 1782052 ray::AgentLoopW
== 2026-09-06T11:29:12+09:00
Mem:            1007         708         294         369         379         299
    PID   RSS COMMAND
2619838 87718760 VLLM::Worker
2619835 87706636 VLLM::Worker
2619836 87680088 VLLM::Worker
2619837 87300372 VLLM::Worker
2557619 63924948 ray::WorkerDict
2557620 63888340 ray::WorkerDict
2557621 63726672 ray::WorkerDict
2557622 63355052 ray::WorkerDict
1317539 4823668 VLLM::Worker_TP
1317538 4819148 VLLM::Worker_TP
2626912 2277456 ray::AgentLoopW
2626916 2073460 ray::AgentLoopW
2626913 1782052 ray::AgentLoopW
== 2026-09-06T11:29:32+09:00
Mem:            1007         708         294         369         379         299
    PID   RSS COMMAND
2619838 87718760 VLLM::Worker
2619835 87706636 VLLM::Worker
2619836 87680088 VLLM::Worker
2619837 87300372 VLLM::Worker
2557619 63924948 ray::WorkerDict
2557620 63888340 ray::WorkerDict
2557621 63726672 ray::WorkerDict
2557622 63355052 ray::WorkerDict
1317539 4823668 VLLM::Worker_TP
1317538 4819148 VLLM::Worker_TP
2626912 2277456 ray::AgentLoopW
2626916 2073460 ray::AgentLoopW
2626913 1782052 ray::AgentLoopW
== 2026-09-06T11:29:52+09:00
Mem:            1007         708         294         369         379         299
    PID   RSS COMMAND
2619838 87718760 VLLM::Worker
2619835 87706636 VLLM::Worker
2619836 87680088 VLLM::Worker
2619837 87300372 VLLM::Worker
2557619 63924948 ray::WorkerDict
2557620 63888340 ray::WorkerDict
2557621 63726672 ray::WorkerDict
2557622 63355052 ray::WorkerDict
1317539 4823668 VLLM::Worker_TP
1317538 4819148 VLLM::Worker_TP
2626912 2277456 ray::AgentLoopW
2626916 2073460 ray::AgentLoopW
2626913 1782052 ray::AgentLoopW
== 2026-09-06T11:30:12+09:00
Mem:            1007         708         294         369         379         299
    PID   RSS COMMAND
2619838 87718760 VLLM::Worker
2619835 87706636 VLLM::Worker
2619836 87680088 VLLM::Worker
2619837 87300372 VLLM::Worker
2557619 63924948 ray::WorkerDict
2557620 63888340 ray::WorkerDict
2557621 63726672 ray::WorkerDict
2557622 63355052 ray::WorkerDict
1317539 4823668 VLLM::Worker_TP
1317538 4819148 VLLM::Worker_TP
2626912 2277456 ray::AgentLoopW
2626916 2073460 ray::AgentLoopW
2626913 1782052 ray::AgentLoopW
== 2026-09-06T11:30:32+09:00
Mem:            1007         708         294         369         379         299
    PID   RSS COMMAND
2619838 87718760 VLLM::Worker
2619835 87706636 VLLM::Worker
2619836 87680088 VLLM::Worker
2619837 87300372 VLLM::Worker
2557619 63924948 ray::WorkerDict
2557620 63888340 ray::WorkerDict
2557621 63726672 ray::WorkerDict
2557622 63355052 ray::WorkerDict
1317539 4823668 VLLM::Worker_TP
1317538 4819148 VLLM::Worker_TP
2626912 2277456 ray::AgentLoopW
2626916 2073460 ray::AgentLoopW
2626913 1782052 ray::AgentLoopW
== 2026-09-06T11:30:52+09:00
Mem:            1007         708         294         369         379         299
    PID   RSS COMMAND
2619838 87718760 VLLM::Worker
2619835 87706636 VLLM::Worker
2619836 87680088 VLLM::Worker
2619837 87300372 VLLM::Worker
2557619 63924948 ray::WorkerDict
2557620 63888340 ray::WorkerDict
2557621 63726672 ray::WorkerDict
2557622 63355052 ray::WorkerDict
1317539 4833652 VLLM::Worker_TP
1317538 4829132 VLLM::Worker_TP
2626912 2277456 ray::AgentLoopW
2626916 2073460 ray::AgentLoopW
2626913 1782052 ray::AgentLoopW
== 2026-09-06T11:31:12+09:00
Mem:            1007         708         294         369         379         299
    PID   RSS COMMAND
2619838 87718760 VLLM::Worker
2619835 87706636 VLLM::Worker
2619836 87680088 VLLM::Worker
2619837 87300372 VLLM::Worker
2557619 63924948 ray::WorkerDict
2557620 63888340 ray::WorkerDict
2557621 63726672 ray::WorkerDict
2557622 63355052 ray::WorkerDict
1317539 4833652 VLLM::Worker_TP
1317538 4829132 VLLM::Worker_TP
2626912 2277456 ray::AgentLoopW
2626916 2073460 ray::AgentLoopW
2626913 1782052 ray::AgentLoopW
== 2026-09-06T11:31:32+09:00
Mem:            1007         708         294         369         379         299
    PID   RSS COMMAND
2619838 87718760 VLLM::Worker
2619835 87706636 VLLM::Worker
2619836 87680088 VLLM::Worker
2619837 87300372 VLLM::Worker
2557619 63924948 ray::WorkerDict
2557620 63888340 ray::WorkerDict
2557621 63726672 ray::WorkerDict
2557622 63355052 ray::WorkerDict
1317539 4833652 VLLM::Worker_TP
1317538 4829132 VLLM::Worker_TP
2626912 2277456 ray::AgentLoopW
2626916 2073460 ray::AgentLoopW
2626913 1782052 ray::AgentLoopW
== 2026-09-06T11:31:52+09:00
Mem:            1007         708         294         369         379         299
    PID   RSS COMMAND
2619838 87718760 VLLM::Worker
2619835 87706636 VLLM::Worker
2619836 87680088 VLLM::Worker
2619837 87300372 VLLM::Worker
2557619 63924948 ray::WorkerDict
2557620 63888340 ray::WorkerDict
2557621 63726672 ray::WorkerDict
2557622 63355052 ray::WorkerDict
1317539 4833652 VLLM::Worker_TP
1317538 4829132 VLLM::Worker_TP
2626912 2277456 ray::AgentLoopW
2626916 2073460 ray::AgentLoopW
2626913 1782052 ray::AgentLoopW
== 2026-09-06T11:32:12+09:00
Mem:            1007         708         294         369         379         299
    PID   RSS COMMAND
2619838 87718760 VLLM::Worker
2619835 87706636 VLLM::Worker
2619836 87680088 VLLM::Worker
2619837 87300372 VLLM::Worker
2557619 63924948 ray::WorkerDict
2557620 63888340 ray::WorkerDict
2557621 63726672 ray::WorkerDict
2557622 63355052 ray::WorkerDict
1317539 4833652 VLLM::Worker_TP
1317538 4829132 VLLM::Worker_TP
2626912 2277456 ray::AgentLoopW
2626916 2073460 ray::AgentLoopW
2626913 1782052 ray::AgentLoopW
== 2026-09-06T11:32:32+09:00
Mem:            1007         708         294         369         379         299
    PID   RSS COMMAND
2619838 87718760 VLLM::Worker
2619835 87706636 VLLM::Worker
2619836 87680088 VLLM::Worker
2619837 87300372 VLLM::Worker
2557619 63924948 ray::WorkerDict
2557620 63888340 ray::WorkerDict
2557621 63726672 ray::WorkerDict
2557622 63355052 ray::WorkerDict
1317539 4833652 VLLM::Worker_TP
1317538 4829132 VLLM::Worker_TP
2626912 2277456 ray::AgentLoopW
2626916 2073460 ray::AgentLoopW
2626913 1782052 ray::AgentLoopW
== 2026-09-06T11:32:52+09:00
Mem:            1007         708         294         369         379         299
    PID   RSS COMMAND
2619838 87718760 VLLM::Worker
2619835 87706636 VLLM::Worker
2619836 87680088 VLLM::Worker
2619837 87300372 VLLM::Worker
2557619 63924948 ray::WorkerDict
2557620 63888340 ray::WorkerDict
2557621 63726672 ray::WorkerDict
2557622 63355052 ray::WorkerDict
1317539 4833652 VLLM::Worker_TP
1317538 4829132 VLLM::Worker_TP
2626912 2277456 ray::AgentLoopW
2626916 2073460 ray::AgentLoopW
2626913 1782052 ray::AgentLoopW
== 2026-09-06T11:33:12+09:00
Mem:            1007         708         294         369         379         299
    PID   RSS COMMAND
2619838 87718760 VLLM::Worker
2619835 87706636 VLLM::Worker
2619836 87680088 VLLM::Worker
2619837 87300372 VLLM::Worker
2557619 63924948 ray::WorkerDict
2557620 63888340 ray::WorkerDict
2557621 63726672 ray::WorkerDict
2557622 63355052 ray::WorkerDict
1317539 4833652 VLLM::Worker_TP
1317538 4829132 VLLM::Worker_TP
2626912 2277456 ray::AgentLoopW
2626916 2073460 ray::AgentLoopW
2626913 1782052 ray::AgentLoopW
== 2026-09-06T11:33:33+09:00
Mem:            1007         708         294         369         379         299
    PID   RSS COMMAND
2619838 87718760 VLLM::Worker
2619835 87706636 VLLM::Worker
2619836 87680088 VLLM::Worker
2619837 87300372 VLLM::Worker
2557619 63924948 ray::WorkerDict
2557620 63888340 ray::WorkerDict
2557621 63726672 ray::WorkerDict
2557622 63355052 ray::WorkerDict
1317539 4833652 VLLM::Worker_TP
1317538 4829132 VLLM::Worker_TP
2626912 2277456 ray::AgentLoopW
2626916 2073460 ray::AgentLoopW
2626913 1782052 ray::AgentLoopW
== 2026-09-06T11:33:53+09:00
Mem:            1007         708         294         369         379         299
    PID   RSS COMMAND
2619838 87718760 VLLM::Worker
2619835 87706636 VLLM::Worker
2619836 87680088 VLLM::Worker
2619837 87300372 VLLM::Worker
2557619 63924948 ray::WorkerDict
2557620 63888340 ray::WorkerDict
2557621 63726672 ray::WorkerDict
2557622 63355052 ray::WorkerDict
1317539 4833652 VLLM::Worker_TP
1317538 4829132 VLLM::Worker_TP
2626912 2277456 ray::AgentLoopW
2626916 2073460 ray::AgentLoopW
2626913 1782052 ray::AgentLoopW
== 2026-09-06T11:34:13+09:00
Mem:            1007         708         294         369         379         299
    PID   RSS COMMAND
2619838 87718760 VLLM::Worker
2619835 87706636 VLLM::Worker
2619836 87680088 VLLM::Worker
2619837 87300372 VLLM::Worker
2557619 63924948 ray::WorkerDict
2557620 63888340 ray::WorkerDict
2557621 63726672 ray::WorkerDict
2557622 63355052 ray::WorkerDict
1317539 4833652 VLLM::Worker_TP
1317538 4829132 VLLM::Worker_TP
2626912 2277456 ray::AgentLoopW
2626916 2073460 ray::AgentLoopW
2626913 1782052 ray::AgentLoopW
== 2026-09-06T11:34:33+09:00
Mem:            1007         708         294         369         379         299
    PID   RSS COMMAND
2619838 87718760 VLLM::Worker
2619835 87706636 VLLM::Worker
2619836 87680088 VLLM::Worker
2619837 87300372 VLLM::Worker
2557619 63924948 ray::WorkerDict
2557620 63888340 ray::WorkerDict
2557621 63726672 ray::WorkerDict
2557622 63355052 ray::WorkerDict
1317539 4833652 VLLM::Worker_TP
1317538 4829132 VLLM::Worker_TP
2626912 2277456 ray::AgentLoopW
2626916 2073460 ray::AgentLoopW
2626913 1782052 ray::AgentLoopW
== 2026-09-06T11:34:53+09:00
Mem:            1007         708         294         369         379         299
    PID   RSS COMMAND
2619838 87718760 VLLM::Worker
2619835 87706636 VLLM::Worker
2619836 87680088 VLLM::Worker
2619837 87300372 VLLM::Worker
2557619 63924948 ray::WorkerDict
2557620 63888340 ray::WorkerDict
2557621 63726672 ray::WorkerDict
2557622 63355052 ray::WorkerDict
1317539 4833652 VLLM::Worker_TP
1317538 4829132 VLLM::Worker_TP
2626912 2277456 ray::AgentLoopW
2626916 2073460 ray::AgentLoopW
2626913 1782052 ray::AgentLoopW
== 2026-09-06T11:35:13+09:00
Mem:            1007         708         294         369         379         299
    PID   RSS COMMAND
2619838 87718760 VLLM::Worker
2619835 87706636 VLLM::Worker
2619836 87680088 VLLM::Worker
2619837 87300372 VLLM::Worker
2557619 63924948 ray::WorkerDict
2557620 63888340 ray::WorkerDict
2557621 63726672 ray::WorkerDict
2557622 63355052 ray::WorkerDict
1317539 4833652 VLLM::Worker_TP
1317538 4829132 VLLM::Worker_TP
2626912 2277456 ray::AgentLoopW
2626916 2073460 ray::AgentLoopW
2626913 1782052 ray::AgentLoopW
== 2026-09-06T11:35:33+09:00
Mem:            1007         708         294         369         379         299
    PID   RSS COMMAND
2619838 87718760 VLLM::Worker
2619835 87706636 VLLM::Worker
2619836 87680088 VLLM::Worker
2619837 87300372 VLLM::Worker
2557619 63924948 ray::WorkerDict
2557620 63888340 ray::WorkerDict
2557621 63726672 ray::WorkerDict
2557622 63355052 ray::WorkerDict
1317539 4833652 VLLM::Worker_TP
1317538 4829132 VLLM::Worker_TP
2626912 2277456 ray::AgentLoopW
2626916 2073460 ray::AgentLoopW
2626913 1782052 ray::AgentLoopW
== 2026-09-06T11:35:53+09:00
Mem:            1007         708         294         369         379         299
    PID   RSS COMMAND
2619838 87718760 VLLM::Worker
2619835 87706636 VLLM::Worker
2619836 87680088 VLLM::Worker
2619837 87300372 VLLM::Worker
2557619 63924948 ray::WorkerDict
2557620 63888340 ray::WorkerDict
2557621 63726672 ray::WorkerDict
2557622 63355052 ray::WorkerDict
1317539 4833652 VLLM::Worker_TP
1317538 4829132 VLLM::Worker_TP
2626912 2277456 ray::AgentLoopW
2626916 2073460 ray::AgentLoopW
2626913 1782052 ray::AgentLoopW
== 2026-09-06T11:36:13+09:00
Mem:            1007         708         294         369         379         299
    PID   RSS COMMAND
2619838 87718760 VLLM::Worker
2619835 87706636 VLLM::Worker
2619836 87680088 VLLM::Worker
2619837 87300372 VLLM::Worker
2557619 63924948 ray::WorkerDict
2557620 63888340 ray::WorkerDict
2557621 63726672 ray::WorkerDict
2557622 63355052 ray::WorkerDict
1317539 4833652 VLLM::Worker_TP
1317538 4829132 VLLM::Worker_TP
2626912 2277456 ray::AgentLoopW
2626916 2073460 ray::AgentLoopW
2626913 1782052 ray::AgentLoopW
== 2026-09-06T11:36:33+09:00
Mem:            1007         708         294         369         379         299
    PID   RSS COMMAND
2619838 87718760 VLLM::Worker
2619835 87706636 VLLM::Worker
2619836 87680088 VLLM::Worker
2619837 87300372 VLLM::Worker
2557619 63924948 ray::WorkerDict
2557620 63888340 ray::WorkerDict
2557621 63726672 ray::WorkerDict
2557622 63355052 ray::WorkerDict
1317539 4833652 VLLM::Worker_TP
1317538 4829132 VLLM::Worker_TP
2626912 2277456 ray::AgentLoopW
2626916 2073460 ray::AgentLoopW
2626913 1782052 ray::AgentLoopW
== 2026-09-06T11:36:53+09:00
Mem:            1007         708         294         369         379         299
    PID   RSS COMMAND
2619838 87718760 VLLM::Worker
2619835 87706636 VLLM::Worker
2619836 87680088 VLLM::Worker
2619837 87300372 VLLM::Worker
2557619 63924948 ray::WorkerDict
2557620 63888340 ray::WorkerDict
2557621 63726672 ray::WorkerDict
2557622 63355052 ray::WorkerDict
1317539 4833652 VLLM::Worker_TP
1317538 4829132 VLLM::Worker_TP
2626912 2277456 ray::AgentLoopW
2626916 2073460 ray::AgentLoopW
2626913 1782052 ray::AgentLoopW
== 2026-09-06T11:37:13+09:00
Mem:            1007         708         294         369         379         299
    PID   RSS COMMAND
2619838 87718760 VLLM::Worker
2619835 87706636 VLLM::Worker
2619836 87680088 VLLM::Worker
2619837 87300372 VLLM::Worker
2557619 63924948 ray::WorkerDict
2557620 63888340 ray::WorkerDict
2557621 63726672 ray::WorkerDict
2557622 63355052 ray::WorkerDict
1317539 4833652 VLLM::Worker_TP
1317538 4829132 VLLM::Worker_TP
2626912 2277456 ray::AgentLoopW
2626916 2073460 ray::AgentLoopW
2626913 1782052 ray::AgentLoopW
== 2026-09-06T11:37:33+09:00
Mem:            1007         708         294         369         379         299
    PID   RSS COMMAND
2619838 87718760 VLLM::Worker
2619835 87706636 VLLM::Worker
2619836 87680088 VLLM::Worker
2619837 87300372 VLLM::Worker
2557619 63924948 ray::WorkerDict
2557620 63888340 ray::WorkerDict
2557621 63726672 ray::WorkerDict
2557622 63355052 ray::WorkerDict
1317539 4833652 VLLM::Worker_TP
1317538 4829132 VLLM::Worker_TP
2626912 2277456 ray::AgentLoopW
2626916 2073460 ray::AgentLoopW
2626913 1782052 ray::AgentLoopW
== 2026-09-06T11:37:53+09:00
Mem:            1007         708         294         369         379         299
    PID   RSS COMMAND
2619838 87718760 VLLM::Worker
2619835 87706636 VLLM::Worker
2619836 87680088 VLLM::Worker
2619837 87300372 VLLM::Worker
2557619 63924948 ray::WorkerDict
2557620 63888340 ray::WorkerDict
2557621 63726672 ray::WorkerDict
2557622 63355052 ray::WorkerDict
1317539 4833652 VLLM::Worker_TP
1317538 4829132 VLLM::Worker_TP
2626912 2277456 ray::AgentLoopW
2626916 2073460 ray::AgentLoopW
2626913 1782052 ray::AgentLoopW
== 2026-09-06T11:38:13+09:00
Mem:            1007         708         294         369         379         299
    PID   RSS COMMAND
2619838 87718760 VLLM::Worker
2619835 87706636 VLLM::Worker
2619836 87680088 VLLM::Worker
2619837 87300372 VLLM::Worker
2557619 63924948 ray::WorkerDict
2557620 63888340 ray::WorkerDict
2557621 63726672 ray::WorkerDict
2557622 63355052 ray::WorkerDict
1317539 4833652 VLLM::Worker_TP
1317538 4829132 VLLM::Worker_TP
2626912 2277456 ray::AgentLoopW
2626916 2073460 ray::AgentLoopW
2626913 1782052 ray::AgentLoopW
== 2026-09-06T11:38:33+09:00
Mem:            1007         708         294         369         379         299
    PID   RSS COMMAND
2619838 87718760 VLLM::Worker
2619835 87706636 VLLM::Worker
2619836 87680088 VLLM::Worker
2619837 87300372 VLLM::Worker
2557619 63924948 ray::WorkerDict
2557620 63888340 ray::WorkerDict
2557621 63726672 ray::WorkerDict
2557622 63355052 ray::WorkerDict
1317539 4833652 VLLM::Worker_TP
1317538 4829132 VLLM::Worker_TP
2626912 2277456 ray::AgentLoopW
2626916 2073460 ray::AgentLoopW
2626913 1782052 ray::AgentLoopW
== 2026-09-06T11:38:53+09:00
Mem:            1007         708         294         369         379         299
    PID   RSS COMMAND
2619838 87718760 VLLM::Worker
2619835 87706636 VLLM::Worker
2619836 87680088 VLLM::Worker
2619837 87300372 VLLM::Worker
2557619 63924948 ray::WorkerDict
2557620 63888340 ray::WorkerDict
2557621 63726672 ray::WorkerDict
2557622 63355052 ray::WorkerDict
1317539 4833652 VLLM::Worker_TP
1317538 4829132 VLLM::Worker_TP
2626912 2277456 ray::AgentLoopW
2626916 2073460 ray::AgentLoopW
2626913 1782052 ray::AgentLoopW
== 2026-09-06T11:39:13+09:00
Mem:            1007         708         294         369         379         299
    PID   RSS COMMAND
2619838 87718760 VLLM::Worker
2619835 87706636 VLLM::Worker
2619836 87680088 VLLM::Worker
2619837 87300372 VLLM::Worker
2557619 63924948 ray::WorkerDict
2557620 63888340 ray::WorkerDict
2557621 63726672 ray::WorkerDict
2557622 63355052 ray::WorkerDict
1317539 4833652 VLLM::Worker_TP
1317538 4829132 VLLM::Worker_TP
2626912 2277456 ray::AgentLoopW
2626916 2073460 ray::AgentLoopW
2626913 1782052 ray::AgentLoopW
== 2026-09-06T11:39:33+09:00
Mem:            1007         708         294         369         379         299
    PID   RSS COMMAND
2619838 87718760 VLLM::Worker
2619835 87706636 VLLM::Worker
2619836 87680088 VLLM::Worker
2619837 87300372 VLLM::Worker
2557619 63924948 ray::WorkerDict
2557620 63888340 ray::WorkerDict
2557621 63726672 ray::WorkerDict
2557622 63355052 ray::WorkerDict
1317539 4833652 VLLM::Worker_TP
1317538 4829132 VLLM::Worker_TP
2626912 2277456 ray::AgentLoopW
2626916 2073460 ray::AgentLoopW
2626913 1782052 ray::AgentLoopW
== 2026-09-06T11:39:53+09:00
Mem:            1007         708         294         369         379         299
    PID   RSS COMMAND
2619838 87718760 VLLM::Worker
2619835 87706636 VLLM::Worker
2619836 87680088 VLLM::Worker
2619837 87300372 VLLM::Worker
2557619 63924948 ray::WorkerDict
2557620 63888340 ray::WorkerDict
2557621 63726672 ray::WorkerDict
2557622 63355052 ray::WorkerDict
1317539 4833652 VLLM::Worker_TP
1317538 4829132 VLLM::Worker_TP
2626912 2277456 ray::AgentLoopW
2626916 2073460 ray::AgentLoopW
2626913 1782052 ray::AgentLoopW
== 2026-09-06T11:40:13+09:00
Mem:            1007         708         294         369         379         299
    PID   RSS COMMAND
2619838 87718760 VLLM::Worker
2619835 87706636 VLLM::Worker
2619836 87680088 VLLM::Worker
2619837 87300372 VLLM::Worker
2557619 63924948 ray::WorkerDict
2557620 63888340 ray::WorkerDict
2557621 63726672 ray::WorkerDict
2557622 63355052 ray::WorkerDict
1317539 4833652 VLLM::Worker_TP
1317538 4829132 VLLM::Worker_TP
2626912 2277456 ray::AgentLoopW
2626916 2073460 ray::AgentLoopW
2626913 1782052 ray::AgentLoopW
== 2026-09-06T11:40:33+09:00
Mem:            1007         708         294         369         379         299
    PID   RSS COMMAND
2619838 87718760 VLLM::Worker
2619835 87706636 VLLM::Worker
2619836 87680088 VLLM::Worker
2619837 87300372 VLLM::Worker
2557619 63924948 ray::WorkerDict
2557620 63888340 ray::WorkerDict
2557621 63726672 ray::WorkerDict
2557622 63355052 ray::WorkerDict
1317539 4833652 VLLM::Worker_TP
1317538 4829132 VLLM::Worker_TP
2626912 2277456 ray::AgentLoopW
2626916 2073460 ray::AgentLoopW
2626913 1782052 ray::AgentLoopW
== 2026-09-06T11:40:53+09:00
Mem:            1007         708         294         369         379         299
    PID   RSS COMMAND
2619838 87718760 VLLM::Worker
2619835 87706636 VLLM::Worker
2619836 87680088 VLLM::Worker
2619837 87300372 VLLM::Worker
2557619 63924948 ray::WorkerDict
2557620 63888340 ray::WorkerDict
2557621 63726672 ray::WorkerDict
2557622 63355052 ray::WorkerDict
1317539 4833652 VLLM::Worker_TP
1317538 4829132 VLLM::Worker_TP
2626912 2277456 ray::AgentLoopW
2626916 2073460 ray::AgentLoopW
2626913 1782052 ray::AgentLoopW
== 2026-09-06T11:41:13+09:00
Mem:            1007         708         294         369         379         299
    PID   RSS COMMAND
2619838 87718760 VLLM::Worker
2619835 87706636 VLLM::Worker
2619836 87680088 VLLM::Worker
2619837 87300372 VLLM::Worker
2557619 63924948 ray::WorkerDict
2557620 63888340 ray::WorkerDict
2557621 63726672 ray::WorkerDict
2557622 63355052 ray::WorkerDict
1317539 4833652 VLLM::Worker_TP
1317538 4829132 VLLM::Worker_TP
2626912 2277456 ray::AgentLoopW
2626916 2073460 ray::AgentLoopW
2626913 1782052 ray::AgentLoopW
== 2026-09-06T11:41:33+09:00
Mem:            1007         708         294         369         379         299
    PID   RSS COMMAND
2619838 87718760 VLLM::Worker
2619835 87706636 VLLM::Worker
2619836 87680088 VLLM::Worker
2619837 87300372 VLLM::Worker
2557619 63924948 ray::WorkerDict
2557620 63888340 ray::WorkerDict
2557621 63726672 ray::WorkerDict
2557622 63355052 ray::WorkerDict
1317539 4833652 VLLM::Worker_TP
1317538 4829132 VLLM::Worker_TP
2626912 2277456 ray::AgentLoopW
2626916 2073460 ray::AgentLoopW
2626913 1782052 ray::AgentLoopW
== 2026-09-06T11:41:53+09:00
Mem:            1007         708         294         369         379         299
    PID   RSS COMMAND
2619838 87718760 VLLM::Worker
2619835 87706636 VLLM::Worker
2619836 87680088 VLLM::Worker
2619837 87300372 VLLM::Worker
2557619 63924948 ray::WorkerDict
2557620 63888340 ray::WorkerDict
2557621 63726672 ray::WorkerDict
2557622 63355052 ray::WorkerDict
1317539 4833652 VLLM::Worker_TP
1317538 4829132 VLLM::Worker_TP
2626912 2277456 ray::AgentLoopW
2626916 2073460 ray::AgentLoopW
2626913 1782052 ray::AgentLoopW
== 2026-09-06T11:42:13+09:00
Mem:            1007         708         294         369         379         299
    PID   RSS COMMAND
2619838 87718760 VLLM::Worker
2619835 87706636 VLLM::Worker
2619836 87680088 VLLM::Worker
2619837 87300372 VLLM::Worker
2557619 63924948 ray::WorkerDict
2557620 63888340 ray::WorkerDict
2557621 63726672 ray::WorkerDict
2557622 63355052 ray::WorkerDict
1317539 4833652 VLLM::Worker_TP
1317538 4829132 VLLM::Worker_TP
2626912 2277456 ray::AgentLoopW
2626916 2073460 ray::AgentLoopW
2626913 1782052 ray::AgentLoopW
== 2026-09-06T11:42:33+09:00
Mem:            1007         708         294         369         379         299
    PID   RSS COMMAND
2619838 87718760 VLLM::Worker
2619835 87706636 VLLM::Worker
2619836 87680088 VLLM::Worker
2619837 87300372 VLLM::Worker
2557619 63924948 ray::WorkerDict
2557620 63888340 ray::WorkerDict
2557621 63726672 ray::WorkerDict
2557622 63355052 ray::WorkerDict
1317539 4833652 VLLM::Worker_TP
1317538 4829132 VLLM::Worker_TP
2626912 2277456 ray::AgentLoopW
2626916 2073460 ray::AgentLoopW
2626913 1782052 ray::AgentLoopW
== 2026-09-06T11:42:53+09:00
Mem:            1007         708         294         369         379         299
    PID   RSS COMMAND
2619838 87718760 VLLM::Worker
2619835 87706636 VLLM::Worker
2619836 87680088 VLLM::Worker
2619837 87300372 VLLM::Worker
2557619 63924948 ray::WorkerDict
2557620 63888340 ray::WorkerDict
2557621 63726672 ray::WorkerDict
2557622 63355052 ray::WorkerDict
1317539 4833652 VLLM::Worker_TP
1317538 4829132 VLLM::Worker_TP
2626912 2277456 ray::AgentLoopW
2626916 2073460 ray::AgentLoopW
2626913 1782052 ray::AgentLoopW
== 2026-09-06T11:43:13+09:00
Mem:            1007         708         294         369         379         299
    PID   RSS COMMAND
2619838 87718760 VLLM::Worker
2619835 87706636 VLLM::Worker
2619836 87680088 VLLM::Worker
2619837 87300372 VLLM::Worker
2557619 63924948 ray::WorkerDict
2557620 63888340 ray::WorkerDict
2557621 63726672 ray::WorkerDict
2557622 63355052 ray::WorkerDict
1317539 4833652 VLLM::Worker_TP
1317538 4829132 VLLM::Worker_TP
2626912 2277456 ray::AgentLoopW
2626916 2073460 ray::AgentLoopW
2626913 1782052 ray::AgentLoopW
== 2026-09-06T11:43:33+09:00
Mem:            1007         708         294         369         379         299
    PID   RSS COMMAND
2619838 87718760 VLLM::Worker
2619835 87706636 VLLM::Worker
2619836 87680088 VLLM::Worker
2619837 87300372 VLLM::Worker
2557619 63924948 ray::WorkerDict
2557620 63888340 ray::WorkerDict
2557621 63726672 ray::WorkerDict
2557622 63355052 ray::WorkerDict
1317539 4833652 VLLM::Worker_TP
1317538 4829132 VLLM::Worker_TP
2626912 2277456 ray::AgentLoopW
2626916 2073460 ray::AgentLoopW
2626913 1782052 ray::AgentLoopW
== 2026-09-06T11:43:54+09:00
Mem:            1007         480         522         369         379         527
    PID   RSS COMMAND
2619838 87718760 VLLM::Worker
2619835 87706636 VLLM::Worker
2619836 87680088 VLLM::Worker
2619837 87300372 VLLM::Worker
1317539 4833652 VLLM::Worker_TP
1317538 4829132 VLLM::Worker_TP
2557619 4292180 ray::WorkerDict
2557620 4163244 ray::WorkerDict
2557621 4116716 ray::WorkerDict
2557622 3722376 ray::WorkerDict
2626912 2277456 ray::AgentLoopW
2626916 2073460 ray::AgentLoopW
2626913 1782052 ray::AgentLoopW
== 2026-09-06T11:44:14+09:00
Mem:            1007         480         522         369         379         527
    PID   RSS COMMAND
2619838 87718760 VLLM::Worker
2619835 87706636 VLLM::Worker
2619836 87680088 VLLM::Worker
2619837 87300372 VLLM::Worker
1317539 4833652 VLLM::Worker_TP
1317538 4829132 VLLM::Worker_TP
2557619 4291960 ray::WorkerDict
2557620 4168340 ray::WorkerDict
2557621 4116600 ray::WorkerDict
2557622 3723228 ray::WorkerDict
2626912 2277456 ray::AgentLoopW
2626916 2073460 ray::AgentLoopW
2626913 1782052 ray::AgentLoopW
== 2026-09-06T11:44:34+09:00
Mem:            1007         480         522         369         379         527
    PID   RSS COMMAND
2619838 87707016 VLLM::Worker
2619835 87695496 VLLM::Worker
2619836 87669028 VLLM::Worker
2619837 87288456 VLLM::Worker
1317539 4828888 VLLM::Worker_TP
1317538 4825516 VLLM::Worker_TP
2557619 4285984 ray::WorkerDict
2557620 4160604 ray::WorkerDict
2557621 4109492 ray::WorkerDict
2557622 3717508 ray::WorkerDict
2626912 2277456 ray::AgentLoopW
2626916 2071156 ray::AgentLoopW
2626913 1782052 ray::AgentLoopW
== 2026-09-06T11:44:54+09:00
Mem:            1007         480         522         369         379         527
    PID   RSS COMMAND
2619838 87707000 VLLM::Worker
2619835 87694720 VLLM::Worker
2619836 87668244 VLLM::Worker
2619837 87287676 VLLM::Worker
1317539 4828888 VLLM::Worker_TP
1317538 4825516 VLLM::Worker_TP
2557619 4285984 ray::WorkerDict
2557620 4160604 ray::WorkerDict
2557621 4109492 ray::WorkerDict
2557622 3717508 ray::WorkerDict
2626912 2277456 ray::AgentLoopW
2626916 2071156 ray::AgentLoopW
2626913 1782052 ray::AgentLoopW
== 2026-09-06T11:45:14+09:00
Mem:            1007         480         522         369         379         527
    PID   RSS COMMAND
2619838 87707000 VLLM::Worker
2619835 87694720 VLLM::Worker
2619836 87668244 VLLM::Worker
2619837 87287676 VLLM::Worker
1317539 4828888 VLLM::Worker_TP
1317538 4826284 VLLM::Worker_TP
2557619 4285984 ray::WorkerDict
2557620 4160604 ray::WorkerDict
2557621 4110260 ray::WorkerDict
2557622 3717508 ray::WorkerDict
2626912 2277456 ray::AgentLoopW
2626916 2071156 ray::AgentLoopW
2626913 1782052 ray::AgentLoopW
== 2026-09-06T11:45:34+09:00
Mem:            1007         480         522         369         379         527
    PID   RSS COMMAND
2619838 87707000 VLLM::Worker
2619835 87694720 VLLM::Worker
2619836 87668244 VLLM::Worker
2619837 87287676 VLLM::Worker
1317539 4828888 VLLM::Worker_TP
1317538 4826284 VLLM::Worker_TP
2557619 4285984 ray::WorkerDict
2557620 4160604 ray::WorkerDict
2557621 4110260 ray::WorkerDict
2557622 3717508 ray::WorkerDict
2626912 2277456 ray::AgentLoopW
2626916 2071156 ray::AgentLoopW
2626913 1782052 ray::AgentLoopW
== 2026-09-06T11:45:54+09:00
Mem:            1007         480         522         369         379         527
    PID   RSS COMMAND
2619838 87706208 VLLM::Worker
2619835 87693900 VLLM::Worker
2619836 87666548 VLLM::Worker
2619837 87286784 VLLM::Worker
1317539 4828888 VLLM::Worker_TP
1317538 4824748 VLLM::Worker_TP
2557619 4286588 ray::WorkerDict
2557620 4161208 ray::WorkerDict
2557621 4110096 ray::WorkerDict
2557622 3718112 ray::WorkerDict
2626912 2277456 ray::AgentLoopW
2626916 2071156 ray::AgentLoopW
2626913 1782052 ray::AgentLoopW
== 2026-09-06T11:46:14+09:00
Mem:            1007         526         475         369         379         480
    PID   RSS COMMAND
2619838 87706976 VLLM::Worker
2619835 87694668 VLLM::Worker
2619836 87667316 VLLM::Worker
2619837 87286784 VLLM::Worker
2557619 16667504 ray::WorkerDict
2557620 16511924 ray::WorkerDict
2557621 16337952 ray::WorkerDict
2557622 15969248 ray::WorkerDict
1317539 4828888 VLLM::Worker_TP
1317538 4824748 VLLM::Worker_TP
2626912 2277456 ray::AgentLoopW
2626916 2071156 ray::AgentLoopW
2626913 1782052 ray::AgentLoopW
== 2026-09-06T11:46:34+09:00
Mem:            1007         662         341         369         378         345
    PID   RSS COMMAND
2619838 87706976 VLLM::Worker
2619835 87694668 VLLM::Worker
2619836 87667316 VLLM::Worker
2619837 87286784 VLLM::Worker
2557619 52058100 ray::WorkerDict
2557620 51909228 ray::WorkerDict
2557621 51674264 ray::WorkerDict
2557622 51305696 ray::WorkerDict
1317539 4828888 VLLM::Worker_TP
1317538 4823980 VLLM::Worker_TP
2626912 2277456 ray::AgentLoopW
2626916 2071156 ray::AgentLoopW
2626913 1782052 ray::AgentLoopW
== 2026-09-06T11:46:54+09:00
Mem:            1007         709         294         369         378         297
    PID   RSS COMMAND
2619838 87706976 VLLM::Worker
2619835 87694668 VLLM::Worker
2619836 87667316 VLLM::Worker
2619837 87286784 VLLM::Worker
2557621 64510228 ray::WorkerDict
2557619 64263108 ray::WorkerDict
2557620 64137992 ray::WorkerDict
2557622 63887416 ray::WorkerDict
1317539 4828888 VLLM::Worker_TP
1317538 4823980 VLLM::Worker_TP
2626912 2277456 ray::AgentLoopW
2626916 2071156 ray::AgentLoopW
2626913 1782052 ray::AgentLoopW
== 2026-09-06T11:47:14+09:00
Mem:            1007         708         295         369         378         298
    PID   RSS COMMAND
2619838 87706976 VLLM::Worker
2619835 87694668 VLLM::Worker
2619836 87667316 VLLM::Worker
2619837 87286784 VLLM::Worker
2557619 63922884 ray::WorkerDict
2557620 63918868 ray::WorkerDict
2557622 63863908 ray::WorkerDict
2557621 63724564 ray::WorkerDict
1317539 4828888 VLLM::Worker_TP
1317538 4823980 VLLM::Worker_TP
2626912 2277456 ray::AgentLoopW
2626916 2071156 ray::AgentLoopW
2626913 1782052 ray::AgentLoopW
== 2026-09-06T11:47:34+09:00
Mem:            1007         708         295         369         378         298
    PID   RSS COMMAND
2619838 87716192 VLLM::Worker
2619835 87706188 VLLM::Worker
2619836 87681140 VLLM::Worker
2619837 87297420 VLLM::Worker
2557619 63923652 ray::WorkerDict
2557620 63772172 ray::WorkerDict
2557621 63725332 ray::WorkerDict
2557622 63700824 ray::WorkerDict
1317539 4828888 VLLM::Worker_TP
1317538 4823980 VLLM::Worker_TP
2626912 2316624 ray::AgentLoopW
2626916 2071156 ray::AgentLoopW
2626913 1916160 ray::AgentLoopW
== 2026-09-06T11:47:54+09:00
Mem:            1007         709         293         369         379         298
    PID   RSS COMMAND
2619838 87716192 VLLM::Worker
2619835 87706188 VLLM::Worker
2619836 87681140 VLLM::Worker
2619837 87297420 VLLM::Worker
2557619 63923652 ray::WorkerDict
2557620 63772172 ray::WorkerDict
2557621 63725332 ray::WorkerDict
2557622 63700824 ray::WorkerDict
1317539 4828888 VLLM::Worker_TP
1317538 4823980 VLLM::Worker_TP
2626912 2317924 ray::AgentLoopW
2626916 2071156 ray::AgentLoopW
2626913 1918464 ray::AgentLoopW
== 2026-09-06T11:48:14+09:00
Mem:            1007         708         293         369         379         298
    PID   RSS COMMAND
2619838 87716192 VLLM::Worker
2619835 87706188 VLLM::Worker
2619836 87681140 VLLM::Worker
2619837 87297420 VLLM::Worker
2557619 63923652 ray::WorkerDict
2557620 63772172 ray::WorkerDict
2557621 63725332 ray::WorkerDict
2557622 63700824 ray::WorkerDict
1317539 4828888 VLLM::Worker_TP
1317538 4823980 VLLM::Worker_TP
2626912 2318692 ray::AgentLoopW
2626916 2071156 ray::AgentLoopW
2626913 1918464 ray::AgentLoopW
== 2026-09-06T11:48:34+09:00
Mem:            1007         708         293         369         379         298
    PID   RSS COMMAND
2619838 87716192 VLLM::Worker
2619835 87706188 VLLM::Worker
2619836 87680364 VLLM::Worker
2619837 87297420 VLLM::Worker
2557619 63923652 ray::WorkerDict
2557620 63772172 ray::WorkerDict
2557621 63725332 ray::WorkerDict
2557622 63700824 ray::WorkerDict
1317539 4828888 VLLM::Worker_TP
1317538 4823980 VLLM::Worker_TP
2626912 2318692 ray::AgentLoopW
2626916 2071156 ray::AgentLoopW
2626913 1918464 ray::AgentLoopW
== 2026-09-06T11:48:54+09:00
Mem:            1007         708         293         369         379         298
    PID   RSS COMMAND
2619838 87716192 VLLM::Worker
2619835 87706188 VLLM::Worker
2619836 87680364 VLLM::Worker
2619837 87297420 VLLM::Worker
2557619 63923652 ray::WorkerDict
2557620 63772172 ray::WorkerDict
2557621 63725332 ray::WorkerDict
2557622 63700824 ray::WorkerDict
1317539 4828888 VLLM::Worker_TP
1317538 4823980 VLLM::Worker_TP
2626912 2318692 ray::AgentLoopW
2626916 2071156 ray::AgentLoopW
2626913 1918464 ray::AgentLoopW
== 2026-09-06T11:49:14+09:00
Mem:            1007         708         294         369         379         298
    PID   RSS COMMAND
2619838 87718496 VLLM::Worker
2619835 87708492 VLLM::Worker
2619836 87682668 VLLM::Worker
2619837 87299724 VLLM::Worker
2557619 63923652 ray::WorkerDict
2557620 63772172 ray::WorkerDict
2557621 63725332 ray::WorkerDict
2557622 63700824 ray::WorkerDict
1317539 4828888 VLLM::Worker_TP
1317538 4823980 VLLM::Worker_TP
2626912 2318692 ray::AgentLoopW
2626916 2071156 ray::AgentLoopW
2626913 1918464 ray::AgentLoopW
== 2026-09-06T11:49:34+09:00
Mem:            1007         708         294         369         379         298
    PID   RSS COMMAND
2619838 87718496 VLLM::Worker
2619835 87708492 VLLM::Worker
2619836 87682668 VLLM::Worker
2619837 87299724 VLLM::Worker
2557619 63923652 ray::WorkerDict
2557620 63772172 ray::WorkerDict
2557621 63725332 ray::WorkerDict
2557622 63700824 ray::WorkerDict
1317539 4828888 VLLM::Worker_TP
1317538 4823980 VLLM::Worker_TP
2626912 2318692 ray::AgentLoopW
2626916 2071156 ray::AgentLoopW
2626913 1918464 ray::AgentLoopW
== 2026-09-06T11:49:54+09:00
Mem:            1007         708         294         369         379         298
    PID   RSS COMMAND
2619838 87718496 VLLM::Worker
2619835 87708492 VLLM::Worker
2619836 87682668 VLLM::Worker
2619837 87299724 VLLM::Worker
2557619 63923652 ray::WorkerDict
2557620 63772172 ray::WorkerDict
2557621 63725332 ray::WorkerDict
2557622 63700824 ray::WorkerDict
1317539 4828888 VLLM::Worker_TP
1317538 4823980 VLLM::Worker_TP
2626912 2318692 ray::AgentLoopW
2626916 2071156 ray::AgentLoopW
2626913 1918464 ray::AgentLoopW
== 2026-09-06T11:50:14+09:00
Mem:            1007         708         293         369         379         298
    PID   RSS COMMAND
2619838 87718496 VLLM::Worker
2619835 87708492 VLLM::Worker
2619836 87682668 VLLM::Worker
2619837 87299724 VLLM::Worker
2557619 63923652 ray::WorkerDict
2557620 63772172 ray::WorkerDict
2557621 63725332 ray::WorkerDict
2557622 63700824 ray::WorkerDict
1317539 4828888 VLLM::Worker_TP
1317538 4823980 VLLM::Worker_TP
2626912 2319460 ray::AgentLoopW
2626916 2071156 ray::AgentLoopW
2626913 1918464 ray::AgentLoopW
== 2026-09-06T11:50:34+09:00
Mem:            1007         708         294         369         379         298
    PID   RSS COMMAND
2619838 87718496 VLLM::Worker
2619835 87707564 VLLM::Worker
2619836 87682668 VLLM::Worker
2619837 87299724 VLLM::Worker
2557619 63923652 ray::WorkerDict
2557620 63772172 ray::WorkerDict
2557621 63725332 ray::WorkerDict
2557622 63700824 ray::WorkerDict
1317539 4828888 VLLM::Worker_TP
1317538 4823980 VLLM::Worker_TP
2626912 2319460 ray::AgentLoopW
2626916 2071156 ray::AgentLoopW
2626913 1918464 ray::AgentLoopW
== 2026-09-06T11:50:54+09:00
Mem:            1007         708         294         369         379         298
    PID   RSS COMMAND
2619838 87718496 VLLM::Worker
2619835 87707564 VLLM::Worker
2619836 87682668 VLLM::Worker
2619837 87299724 VLLM::Worker
2557619 63923652 ray::WorkerDict
2557620 63772172 ray::WorkerDict
2557621 63725332 ray::WorkerDict
2557622 63700824 ray::WorkerDict
1317539 4828888 VLLM::Worker_TP
1317538 4823980 VLLM::Worker_TP
2626912 2319460 ray::AgentLoopW
2626916 2071156 ray::AgentLoopW
2626913 1918464 ray::AgentLoopW
== 2026-09-06T11:51:14+09:00
Mem:            1007         708         294         369         379         298
    PID   RSS COMMAND
2619838 87718496 VLLM::Worker
2619835 87707564 VLLM::Worker
2619836 87682668 VLLM::Worker
2619837 87299724 VLLM::Worker
2557619 63923652 ray::WorkerDict
2557620 63772172 ray::WorkerDict
2557621 63725332 ray::WorkerDict
2557622 63700824 ray::WorkerDict
1317539 4828888 VLLM::Worker_TP
1317538 4823980 VLLM::Worker_TP
2626912 2319460 ray::AgentLoopW
2626916 2071156 ray::AgentLoopW
2626913 1918464 ray::AgentLoopW
== 2026-09-06T11:51:34+09:00
Mem:            1007         708         294         369         379         298
    PID   RSS COMMAND
2619838 87718496 VLLM::Worker
2619835 87707564 VLLM::Worker
2619836 87682668 VLLM::Worker
2619837 87299724 VLLM::Worker
2557619 63923652 ray::WorkerDict
2557620 63772172 ray::WorkerDict
2557621 63725332 ray::WorkerDict
2557622 63700824 ray::WorkerDict
1317539 4828888 VLLM::Worker_TP
1317538 4823980 VLLM::Worker_TP
2626912 2319460 ray::AgentLoopW
2626916 2071156 ray::AgentLoopW
2626913 1918464 ray::AgentLoopW
== 2026-09-06T11:51:54+09:00
Mem:            1007         480         522         369         379         526
    PID   RSS COMMAND
2619838 87718496 VLLM::Worker
2619835 87707564 VLLM::Worker
2619836 87681660 VLLM::Worker
2619837 87299724 VLLM::Worker
1317539 4828888 VLLM::Worker_TP
1317538 4823980 VLLM::Worker_TP
2557619 4322700 ray::WorkerDict
2557620 4189556 ray::WorkerDict
2557621 4125196 ray::WorkerDict
2557622 4069828 ray::WorkerDict
2626912 2319460 ray::AgentLoopW
2626916 2071156 ray::AgentLoopW
2626913 1918464 ray::AgentLoopW
== 2026-09-06T11:52:14+09:00
Mem:            1007         480         522         369         379         526
    PID   RSS COMMAND
2619838 87718496 VLLM::Worker
2619835 87707564 VLLM::Worker
2619836 87681660 VLLM::Worker
2619837 87299724 VLLM::Worker
1317539 4828888 VLLM::Worker_TP
1317538 4827052 VLLM::Worker_TP
2557619 4322700 ray::WorkerDict
2557620 4189556 ray::WorkerDict
2557621 4125196 ray::WorkerDict
2557622 4069828 ray::WorkerDict
2626912 2319460 ray::AgentLoopW
2626916 2071156 ray::AgentLoopW
2626913 1918464 ray::AgentLoopW
== 2026-09-06T11:52:34+09:00
Mem:            1007         480         521         369         379         526
    PID   RSS COMMAND
2619838 87718496 VLLM::Worker
2619835 87707564 VLLM::Worker
2619836 87681660 VLLM::Worker
2619837 87299724 VLLM::Worker
1317539 4828888 VLLM::Worker_TP
1317538 4827052 VLLM::Worker_TP
2557619 4333392 ray::WorkerDict
2557620 4191712 ray::WorkerDict
2557621 4135180 ray::WorkerDict
2557622 4072132 ray::WorkerDict
2626912 2319460 ray::AgentLoopW
2626916 2071156 ray::AgentLoopW
2626913 1918464 ray::AgentLoopW
== 2026-09-06T11:52:54+09:00
Mem:            1007         480         521         369         379         526
    PID   RSS COMMAND
2619838 87718496 VLLM::Worker
2619835 87707564 VLLM::Worker
2619836 87681660 VLLM::Worker
2619837 87299724 VLLM::Worker
1317539 4828888 VLLM::Worker_TP
1317538 4827052 VLLM::Worker_TP
2557619 4333392 ray::WorkerDict
2557620 4191712 ray::WorkerDict
2557621 4135180 ray::WorkerDict
2557622 4072132 ray::WorkerDict
2626912 2319460 ray::AgentLoopW
2626916 2071156 ray::AgentLoopW
2626913 1918464 ray::AgentLoopW
== 2026-09-06T11:53:15+09:00
Mem:            1007         480         522         369         379         526
    PID   RSS COMMAND
2619838 87718496 VLLM::Worker
2619835 87707564 VLLM::Worker
2619836 87681660 VLLM::Worker
2619837 87299724 VLLM::Worker
1317539 4828888 VLLM::Worker_TP
1317538 4827052 VLLM::Worker_TP
2557619 4334928 ray::WorkerDict
2557620 4192480 ray::WorkerDict
2557621 4135948 ray::WorkerDict
2557622 4072900 ray::WorkerDict
2626912 2319460 ray::AgentLoopW
2626916 2071156 ray::AgentLoopW
2626913 1918464 ray::AgentLoopW
== 2026-09-06T11:53:35+09:00
Mem:            1007         480         522         369         379         526
    PID   RSS COMMAND
2619838 87718496 VLLM::Worker
2619835 87707564 VLLM::Worker
2619836 87681660 VLLM::Worker
2619837 87299724 VLLM::Worker
1317539 4828888 VLLM::Worker_TP
1317538 4827052 VLLM::Worker_TP
2557619 4334928 ray::WorkerDict
2557620 4192480 ray::WorkerDict
2557621 4135948 ray::WorkerDict
2557622 4072900 ray::WorkerDict
2626912 2319460 ray::AgentLoopW
2626916 2071156 ray::AgentLoopW
2626913 1918464 ray::AgentLoopW
== 2026-09-06T11:53:55+09:00
Mem:            1007         480         522         369         379         526
    PID   RSS COMMAND
2619838 87718496 VLLM::Worker
2619835 87707564 VLLM::Worker
2619836 87681660 VLLM::Worker
2619837 87299724 VLLM::Worker
1317539 4828888 VLLM::Worker_TP
1317538 4827052 VLLM::Worker_TP
2557619 4334928 ray::WorkerDict
2557620 4192480 ray::WorkerDict
2557621 4135948 ray::WorkerDict
2557622 4072900 ray::WorkerDict
2626912 2319460 ray::AgentLoopW
2626916 2071156 ray::AgentLoopW
2626913 1918464 ray::AgentLoopW
== 2026-09-06T11:54:15+09:00
Mem:            1007         480         522         369         379         526
    PID   RSS COMMAND
2619838 87718496 VLLM::Worker
2619835 87707564 VLLM::Worker
2619836 87681660 VLLM::Worker
2619837 87299724 VLLM::Worker
1317539 4828888 VLLM::Worker_TP
1317538 4827052 VLLM::Worker_TP
2557619 4334928 ray::WorkerDict
2557620 4192480 ray::WorkerDict
2557621 4135948 ray::WorkerDict
2557622 4072900 ray::WorkerDict
2626912 2319460 ray::AgentLoopW
2626916 2071156 ray::AgentLoopW
2626913 1918464 ray::AgentLoopW
== 2026-09-06T11:54:35+09:00
Mem:            1007         480         522         369         379         526
    PID   RSS COMMAND
2619838 87718496 VLLM::Worker
2619835 87707564 VLLM::Worker
2619836 87681660 VLLM::Worker
2619837 87299724 VLLM::Worker
1317539 4828888 VLLM::Worker_TP
1317538 4827052 VLLM::Worker_TP
2557619 4334928 ray::WorkerDict
2557620 4192480 ray::WorkerDict
2557621 4135948 ray::WorkerDict
2557622 4072900 ray::WorkerDict
2626912 2319460 ray::AgentLoopW
2626916 2071156 ray::AgentLoopW
2626913 1918464 ray::AgentLoopW
== 2026-09-06T11:54:55+09:00
Mem:            1007         480         522         369         379         526
    PID   RSS COMMAND
2619838 87718496 VLLM::Worker
2619835 87707564 VLLM::Worker
2619836 87681660 VLLM::Worker
2619837 87299724 VLLM::Worker
1317539 4828888 VLLM::Worker_TP
1317538 4827052 VLLM::Worker_TP
2557619 4334928 ray::WorkerDict
2557620 4192480 ray::WorkerDict
2557621 4135948 ray::WorkerDict
2557622 4073668 ray::WorkerDict
2626912 2319460 ray::AgentLoopW
2626916 2071156 ray::AgentLoopW
2626913 1918464 ray::AgentLoopW
== 2026-09-06T11:55:15+09:00
Mem:            1007         480         521         369         379         526
    PID   RSS COMMAND
2619838 87718496 VLLM::Worker
2619835 87707564 VLLM::Worker
2619836 87681660 VLLM::Worker
2619837 87299724 VLLM::Worker
1317539 4828888 VLLM::Worker_TP
1317538 4827052 VLLM::Worker_TP
2557619 4334928 ray::WorkerDict
2557620 4192480 ray::WorkerDict
2557621 4135948 ray::WorkerDict
2557622 4073668 ray::WorkerDict
2626912 2319460 ray::AgentLoopW
2626916 2071156 ray::AgentLoopW
2626913 1918464 ray::AgentLoopW
== 2026-09-06T11:55:35+09:00
Mem:            1007         485         517         369         379         522
    PID   RSS COMMAND
2619838 87718496 VLLM::Worker
2619835 87707564 VLLM::Worker
2619836 87681660 VLLM::Worker
2619837 87299724 VLLM::Worker
2557619 5724032 ray::WorkerDict
2557620 5573220 ray::WorkerDict
2557621 5392380 ray::WorkerDict
2557622 4977124 ray::WorkerDict
1317539 4828888 VLLM::Worker_TP
1317538 4827052 VLLM::Worker_TP
2626912 2319460 ray::AgentLoopW
2626916 2071156 ray::AgentLoopW
2626913 1918464 ray::AgentLoopW
== 2026-09-06T11:55:55+09:00
Mem:            1007         620         382         369         379         387
    PID   RSS COMMAND
2619838 87718496 VLLM::Worker
2619835 87707564 VLLM::Worker
2619836 87681660 VLLM::Worker
2619837 87299724 VLLM::Worker
2557619 41250564 ray::WorkerDict
2557620 41101596 ray::WorkerDict
2557621 40784892 ray::WorkerDict
2557622 40369636 ray::WorkerDict
1317539 4828888 VLLM::Worker_TP
1317538 4827052 VLLM::Worker_TP
2626912 2319460 ray::AgentLoopW
2626916 2071156 ray::AgentLoopW
2626913 1918464 ray::AgentLoopW
== 2026-09-06T11:56:15+09:00
Mem:            1007         709         294         369         378         297
    PID   RSS COMMAND
2619838 87718496 VLLM::Worker
2619835 87707564 VLLM::Worker
2619836 87681660 VLLM::Worker
2619837 87299724 VLLM::Worker
2557619 64715692 ray::WorkerDict
2557620 64564880 ray::WorkerDict
2557621 63978044 ray::WorkerDict
2557622 63602980 ray::WorkerDict
1317539 4828888 VLLM::Worker_TP
1317538 4827052 VLLM::Worker_TP
2626912 2319460 ray::AgentLoopW
2626916 2071156 ray::AgentLoopW
2626913 1918464 ray::AgentLoopW
== 2026-09-06T11:56:35+09:00
Mem:            1007         710         294         369         378         297
    PID   RSS COMMAND
2619838 87718496 VLLM::Worker
2619835 87707564 VLLM::Worker
2619836 87681660 VLLM::Worker
2619837 87299724 VLLM::Worker
2557620 64728476 ray::WorkerDict
2557621 63960820 ray::WorkerDict
2557619 63950764 ray::WorkerDict
2557622 63766596 ray::WorkerDict
1317539 4828888 VLLM::Worker_TP
1317538 4827052 VLLM::Worker_TP
2626912 2319460 ray::AgentLoopW
2626916 2071156 ray::AgentLoopW
2626913 1918464 ray::AgentLoopW
== 2026-09-06T11:56:55+09:00
Mem:            1007         708         295         369         378         298
    PID   RSS COMMAND
2619838 87718496 VLLM::Worker
2619835 87707564 VLLM::Worker
2619836 87681660 VLLM::Worker
2619837 87299724 VLLM::Worker
2557619 63978416 ray::WorkerDict
2557622 63870548 ray::WorkerDict
2557620 63778452 ray::WorkerDict
2557621 63729212 ray::WorkerDict
1317539 4828888 VLLM::Worker_TP
1317538 4827052 VLLM::Worker_TP
2626912 2319460 ray::AgentLoopW
2626916 2081908 ray::AgentLoopW
2626913 1918464 ray::AgentLoopW
== 2026-09-06T11:57:15+09:00
Mem:            1007         709         294         369         378         298
    PID   RSS COMMAND
2619838 87718496 VLLM::Worker
2619835 87707564 VLLM::Worker
2619836 87681660 VLLM::Worker
2619837 87301260 VLLM::Worker
2557619 63978416 ray::WorkerDict
2557622 63870548 ray::WorkerDict
2557620 63778452 ray::WorkerDict
2557621 63729212 ray::WorkerDict
1317539 4828888 VLLM::Worker_TP
1317538 4827052 VLLM::Worker_TP
2626912 2319460 ray::AgentLoopW
2626916 2081908 ray::AgentLoopW
2626913 1919232 ray::AgentLoopW
== 2026-09-06T11:57:35+09:00
Mem:            1007         709         294         369         379         298
    PID   RSS COMMAND
2619838 87718496 VLLM::Worker
2619835 87707564 VLLM::Worker
2619836 87681660 VLLM::Worker
2619837 87301260 VLLM::Worker
2557619 63978416 ray::WorkerDict
2557622 63870548 ray::WorkerDict
2557620 63778452 ray::WorkerDict
2557621 63729212 ray::WorkerDict
1317539 4828888 VLLM::Worker_TP
1317538 4827052 VLLM::Worker_TP
2626912 2319460 ray::AgentLoopW
2626916 2081908 ray::AgentLoopW
2626913 1919232 ray::AgentLoopW
== 2026-09-06T11:57:55+09:00
Mem:            1007         709         294         369         378         298
    PID   RSS COMMAND
2619838 87718496 VLLM::Worker
2619835 87707564 VLLM::Worker
2619836 87681660 VLLM::Worker
2619837 87301260 VLLM::Worker
2557619 63978416 ray::WorkerDict
2557622 63870548 ray::WorkerDict
2557620 63778452 ray::WorkerDict
2557621 63729212 ray::WorkerDict
1317539 4828888 VLLM::Worker_TP
1317538 4827052 VLLM::Worker_TP
2626912 2319460 ray::AgentLoopW
2626916 2081908 ray::AgentLoopW
2626913 1919232 ray::AgentLoopW
== 2026-09-06T11:58:15+09:00
Mem:            1007         709         294         369         378         298
    PID   RSS COMMAND
2619838 87718496 VLLM::Worker
2619835 87707564 VLLM::Worker
2619836 87681660 VLLM::Worker
2619837 87301260 VLLM::Worker
2557619 63978416 ray::WorkerDict
2557622 63870548 ray::WorkerDict
2557620 63778452 ray::WorkerDict
2557621 63729212 ray::WorkerDict
1317539 4828888 VLLM::Worker_TP
1317538 4827052 VLLM::Worker_TP
2626912 2319460 ray::AgentLoopW
2626916 2081908 ray::AgentLoopW
2626913 1919232 ray::AgentLoopW
== 2026-09-06T11:58:35+09:00
Mem:            1007         709         294         369         378         298
    PID   RSS COMMAND
2619838 87718496 VLLM::Worker
2619835 87707564 VLLM::Worker
2619836 87681660 VLLM::Worker
2619837 87301260 VLLM::Worker
2557619 63978416 ray::WorkerDict
2557622 63870548 ray::WorkerDict
2557620 63778452 ray::WorkerDict
2557621 63729212 ray::WorkerDict
1317539 4828888 VLLM::Worker_TP
1317538 4827052 VLLM::Worker_TP
2626912 2319460 ray::AgentLoopW
2626916 2081908 ray::AgentLoopW
2626913 1919232 ray::AgentLoopW
== 2026-09-06T11:58:55+09:00
Mem:            1007         709         294         369         378         298
    PID   RSS COMMAND
2619838 87718496 VLLM::Worker
2619835 87707564 VLLM::Worker
2619836 87681660 VLLM::Worker
2619837 87301260 VLLM::Worker
2557619 63978416 ray::WorkerDict
2557622 63870548 ray::WorkerDict
2557620 63778452 ray::WorkerDict
2557621 63729212 ray::WorkerDict
1317539 4828888 VLLM::Worker_TP
1317538 4827052 VLLM::Worker_TP
2626912 2319460 ray::AgentLoopW
2626916 2081908 ray::AgentLoopW
2626913 1919232 ray::AgentLoopW
== 2026-09-06T11:59:15+09:00
Mem:            1007         709         294         369         378         298
    PID   RSS COMMAND
2619838 87718496 VLLM::Worker
2619835 87707564 VLLM::Worker
2619836 87681660 VLLM::Worker
2619837 87301260 VLLM::Worker
2557619 63978416 ray::WorkerDict
2557622 63870548 ray::WorkerDict
2557620 63778452 ray::WorkerDict
2557621 63729212 ray::WorkerDict
1317539 4828888 VLLM::Worker_TP
1317538 4827052 VLLM::Worker_TP
2626912 2319460 ray::AgentLoopW
2626916 2081908 ray::AgentLoopW
2626913 1919232 ray::AgentLoopW
== 2026-09-06T11:59:35+09:00
Mem:            1007         709         294         369         378         298
    PID   RSS COMMAND
2619838 87718496 VLLM::Worker
2619835 87707564 VLLM::Worker
2619836 87681660 VLLM::Worker
2619837 87301260 VLLM::Worker
2557619 63978416 ray::WorkerDict
2557622 63870548 ray::WorkerDict
2557620 63778452 ray::WorkerDict
2557621 63729212 ray::WorkerDict
1317539 4828888 VLLM::Worker_TP
1317538 4827052 VLLM::Worker_TP
2626912 2319460 ray::AgentLoopW
2626916 2081908 ray::AgentLoopW
2626913 1919232 ray::AgentLoopW
== 2026-09-06T11:59:55+09:00
Mem:            1007         709         294         369         378         298
    PID   RSS COMMAND
2619838 87718496 VLLM::Worker
2619835 87707564 VLLM::Worker
2619836 87681660 VLLM::Worker
2619837 87301260 VLLM::Worker
2557619 63978416 ray::WorkerDict
2557622 63870548 ray::WorkerDict
2557620 63778452 ray::WorkerDict
2557621 63729212 ray::WorkerDict
1317539 4828888 VLLM::Worker_TP
1317538 4827052 VLLM::Worker_TP
2626912 2319460 ray::AgentLoopW
2626916 2081908 ray::AgentLoopW
2626913 1919232 ray::AgentLoopW
== 2026-09-06T12:00:15+09:00
Mem:            1007         709         294         369         378         298
    PID   RSS COMMAND
2619838 87718496 VLLM::Worker
2619835 87707564 VLLM::Worker
2619836 87681660 VLLM::Worker
2619837 87301260 VLLM::Worker
2557619 63978416 ray::WorkerDict
2557622 63870548 ray::WorkerDict
2557620 63778452 ray::WorkerDict
2557621 63729212 ray::WorkerDict
1317539 4828888 VLLM::Worker_TP
1317538 4827052 VLLM::Worker_TP
2626912 2319460 ray::AgentLoopW
2626916 2081908 ray::AgentLoopW
2626913 1919232 ray::AgentLoopW
== 2026-09-06T12:00:35+09:00
Mem:            1007         709         294         369         378         298
    PID   RSS COMMAND
2619838 87718496 VLLM::Worker
2619835 87707564 VLLM::Worker
2619836 87681660 VLLM::Worker
2619837 87301260 VLLM::Worker
2557619 63978416 ray::WorkerDict
2557622 63870548 ray::WorkerDict
2557620 63778452 ray::WorkerDict
2557621 63729212 ray::WorkerDict
1317539 4828888 VLLM::Worker_TP
1317538 4827052 VLLM::Worker_TP
2626912 2319460 ray::AgentLoopW
2626916 2081908 ray::AgentLoopW
2626913 1919232 ray::AgentLoopW
== 2026-09-06T12:00:55+09:00
Mem:            1007         709         294         369         378         298
    PID   RSS COMMAND
2619838 87718496 VLLM::Worker
2619835 87707564 VLLM::Worker
2619836 87681660 VLLM::Worker
2619837 87301260 VLLM::Worker
2557619 63978416 ray::WorkerDict
2557622 63870548 ray::WorkerDict
2557620 63778452 ray::WorkerDict
2557621 63729212 ray::WorkerDict
1317539 4828888 VLLM::Worker_TP
1317538 4827052 VLLM::Worker_TP
2626912 2319460 ray::AgentLoopW
2626916 2081908 ray::AgentLoopW
2626913 1919232 ray::AgentLoopW
== 2026-09-06T12:01:15+09:00
Mem:            1007         709         294         369         378         298
    PID   RSS COMMAND
2619838 87718496 VLLM::Worker
2619835 87707564 VLLM::Worker
2619836 87681660 VLLM::Worker
2619837 87301260 VLLM::Worker
2557619 63978416 ray::WorkerDict
2557622 63870548 ray::WorkerDict
2557620 63778452 ray::WorkerDict
2557621 63729212 ray::WorkerDict
1317539 4828888 VLLM::Worker_TP
1317538 4827052 VLLM::Worker_TP
2626912 2319460 ray::AgentLoopW
2626916 2081908 ray::AgentLoopW
2626913 1919232 ray::AgentLoopW
== 2026-09-06T12:01:35+09:00
Mem:            1007         480         522         369         378         526
    PID   RSS COMMAND
2619838 87718496 VLLM::Worker
2619835 87707564 VLLM::Worker
2619836 87681660 VLLM::Worker
2619837 87301260 VLLM::Worker
1317539 4828888 VLLM::Worker_TP
1317538 4827052 VLLM::Worker_TP
2557619 4296916 ray::WorkerDict
2557620 4164964 ray::WorkerDict
2557621 4115256 ray::WorkerDict
2557622 3680444 ray::WorkerDict
2626912 2319460 ray::AgentLoopW
2626916 2081908 ray::AgentLoopW
2626913 1919232 ray::AgentLoopW
== 2026-09-06T12:01:55+09:00
Mem:            1007         480         523         369         378         527
    PID   RSS COMMAND
2619838 87718496 VLLM::Worker
2619835 87707564 VLLM::Worker
2619836 87681660 VLLM::Worker
2619837 87301260 VLLM::Worker
1317539 4828888 VLLM::Worker_TP
1317538 4827052 VLLM::Worker_TP
2557619 4296916 ray::WorkerDict
2557620 4164964 ray::WorkerDict
2557621 4115256 ray::WorkerDict
2557622 3680444 ray::WorkerDict
2626912 2319460 ray::AgentLoopW
2626916 2081908 ray::AgentLoopW
2626913 1919232 ray::AgentLoopW
== 2026-09-06T12:02:15+09:00
Mem:            1007         480         522         369         378         526
    PID   RSS COMMAND
2619838 87718496 VLLM::Worker
2619835 87707564 VLLM::Worker
2619836 87681660 VLLM::Worker
2619837 87301260 VLLM::Worker
1317539 4828888 VLLM::Worker_TP
1317538 4827052 VLLM::Worker_TP
2557619 4297368 ray::WorkerDict
2557620 4164700 ray::WorkerDict
2557621 4116092 ray::WorkerDict
2557622 3681288 ray::WorkerDict
2626912 2319460 ray::AgentLoopW
2626916 2081908 ray::AgentLoopW
2626913 1919232 ray::AgentLoopW
== 2026-09-06T12:02:35+09:00
Mem:            1007         480         522         369         378         526
    PID   RSS COMMAND
2619838 87718496 VLLM::Worker
2619835 87707564 VLLM::Worker
2619836 87681660 VLLM::Worker
2619837 87301260 VLLM::Worker
1317539 4828888 VLLM::Worker_TP
1317538 4827052 VLLM::Worker_TP
2557619 4297368 ray::WorkerDict
2557620 4164700 ray::WorkerDict
2557621 4116092 ray::WorkerDict
2557622 3681288 ray::WorkerDict
2626912 2319460 ray::AgentLoopW
2626916 2081908 ray::AgentLoopW
2626913 1919232 ray::AgentLoopW
== 2026-09-06T12:02:56+09:00
Mem:            1007         480         522         369         378         526
    PID   RSS COMMAND
2619838 87718496 VLLM::Worker
2619835 87707564 VLLM::Worker
2619836 87681660 VLLM::Worker
2619837 87301260 VLLM::Worker
1317539 4828888 VLLM::Worker_TP
1317538 4827052 VLLM::Worker_TP
2557619 4297368 ray::WorkerDict
2557620 4164700 ray::WorkerDict
2557621 4116092 ray::WorkerDict
2557622 3681288 ray::WorkerDict
2626912 2319460 ray::AgentLoopW
2626916 2081908 ray::AgentLoopW
2626913 1919232 ray::AgentLoopW
== 2026-09-06T12:03:16+09:00
Mem:            1007         480         522         369         378         526
    PID   RSS COMMAND
2619838 87718496 VLLM::Worker
2619835 87707564 VLLM::Worker
2619836 87681660 VLLM::Worker
2619837 87301260 VLLM::Worker
1317539 4828888 VLLM::Worker_TP
1317538 4827052 VLLM::Worker_TP
2557619 4297368 ray::WorkerDict
2557620 4164700 ray::WorkerDict
2557621 4116092 ray::WorkerDict
2557622 3681288 ray::WorkerDict
2626912 2319460 ray::AgentLoopW
2626916 2081908 ray::AgentLoopW
2626913 1919232 ray::AgentLoopW
== 2026-09-06T12:03:36+09:00
Mem:            1007         480         522         369         378         526
    PID   RSS COMMAND
2619838 87718496 VLLM::Worker
2619835 87707564 VLLM::Worker
2619836 87681660 VLLM::Worker
2619837 87301260 VLLM::Worker
1317539 4828888 VLLM::Worker_TP
1317538 4827052 VLLM::Worker_TP
2557619 4297368 ray::WorkerDict
2557620 4164700 ray::WorkerDict
2557621 4116092 ray::WorkerDict
2557622 3681288 ray::WorkerDict
2626912 2319460 ray::AgentLoopW
2626916 2081908 ray::AgentLoopW
2626913 1919232 ray::AgentLoopW
== 2026-09-06T12:03:56+09:00
Mem:            1007         521         482         369         378         486
    PID   RSS COMMAND
2619838 87718496 VLLM::Worker
2619835 87707564 VLLM::Worker
2619836 87681660 VLLM::Worker
2619837 87301260 VLLM::Worker
2557619 15248616 ray::WorkerDict
2557620 15096776 ray::WorkerDict
2557621 14413856 ray::WorkerDict
2557622 14002440 ray::WorkerDict
1317539 4828888 VLLM::Worker_TP
1317538 4827052 VLLM::Worker_TP
2626912 2319460 ray::AgentLoopW
2626916 2081908 ray::AgentLoopW
2626913 1919232 ray::AgentLoopW
== 2026-09-06T12:04:16+09:00
Mem:            1007         656         347         369         378         351
    PID   RSS COMMAND
2619838 87718496 VLLM::Worker
2619835 87707564 VLLM::Worker
2619836 87681660 VLLM::Worker
2619837 87301260 VLLM::Worker
2557619 50542956 ray::WorkerDict
2557620 50390912 ray::WorkerDict
2557621 49920800 ray::WorkerDict
2557622 49516296 ray::WorkerDict
1317539 4828888 VLLM::Worker_TP
1317538 4827052 VLLM::Worker_TP
2626912 2319460 ray::AgentLoopW
2626916 2081908 ray::AgentLoopW
2626913 1919232 ray::AgentLoopW
== 2026-09-06T12:04:36+09:00
Mem:            1007         709         294         369         378         298
    PID   RSS COMMAND
2619838 87718496 VLLM::Worker
2619835 87707564 VLLM::Worker
2619836 87681660 VLLM::Worker
2619837 87301260 VLLM::Worker
2557621 64131424 ray::WorkerDict
2557619 64092780 ray::WorkerDict
2557620 63994520 ray::WorkerDict
2557622 63754716 ray::WorkerDict
1317539 4828888 VLLM::Worker_TP
1317538 4827052 VLLM::Worker_TP
2626912 2319460 ray::AgentLoopW
2626916 2081908 ray::AgentLoopW
2626913 1919232 ray::AgentLoopW
== 2026-09-06T12:04:56+09:00
Mem:            1007         709         294         369         378         297
    PID   RSS COMMAND
2619838 87718496 VLLM::Worker
2619835 87707564 VLLM::Worker
2619836 87681660 VLLM::Worker
2619837 87301260 VLLM::Worker
2557622 63955652 ray::WorkerDict
2557620 63942748 ray::WorkerDict
2557619 63930732 ray::WorkerDict
2557621 63774052 ray::WorkerDict
1317539 4828888 VLLM::Worker_TP
1317538 4827052 VLLM::Worker_TP
2626912 2319460 ray::AgentLoopW
2626916 2081908 ray::AgentLoopW
2626913 1919232 ray::AgentLoopW
== 2026-09-06T12:05:16+09:00
Mem:            1007         709         294         369         378         298
    PID   RSS COMMAND
2619838 87718496 VLLM::Worker
2619835 87707564 VLLM::Worker
2619836 87681660 VLLM::Worker
2619837 87301260 VLLM::Worker
2557620 63942748 ray::WorkerDict
2557619 63930732 ray::WorkerDict
2557622 63920912 ray::WorkerDict
2557621 63730532 ray::WorkerDict
1317539 4828888 VLLM::Worker_TP
1317538 4827052 VLLM::Worker_TP
2626912 2322532 ray::AgentLoopW
2626916 2082676 ray::AgentLoopW
2626913 1919232 ray::AgentLoopW
== 2026-09-06T12:05:36+09:00
Mem:            1007         709         294         369         378         297
    PID   RSS COMMAND
2619838 87718496 VLLM::Worker
2619835 87707564 VLLM::Worker
2619836 87681660 VLLM::Worker
2619837 87301260 VLLM::Worker
2557620 63942748 ray::WorkerDict
2557619 63930732 ray::WorkerDict
2557622 63920912 ray::WorkerDict
2557621 63730532 ray::WorkerDict
1317539 4828888 VLLM::Worker_TP
1317538 4827052 VLLM::Worker_TP
2626912 2322532 ray::AgentLoopW
2626916 2082676 ray::AgentLoopW
2626913 1919232 ray::AgentLoopW
== 2026-09-06T12:05:56+09:00
Mem:            1007         709         294         369         378         297
    PID   RSS COMMAND
2619838 87718496 VLLM::Worker
2619835 87707564 VLLM::Worker
2619836 87681660 VLLM::Worker
2619837 87301260 VLLM::Worker
2557620 63942748 ray::WorkerDict
2557619 63930732 ray::WorkerDict
2557622 63920912 ray::WorkerDict
2557621 63730532 ray::WorkerDict
1317539 4828888 VLLM::Worker_TP
1317538 4827052 VLLM::Worker_TP
2626912 2322532 ray::AgentLoopW
2626916 2082676 ray::AgentLoopW
2626913 1919232 ray::AgentLoopW
== 2026-09-06T12:06:16+09:00
Mem:            1007         709         294         369         378         298
    PID   RSS COMMAND
2619838 87718496 VLLM::Worker
2619835 87707564 VLLM::Worker
2619836 87681660 VLLM::Worker
2619837 87301260 VLLM::Worker
2557620 63942748 ray::WorkerDict
2557619 63930732 ray::WorkerDict
2557622 63920912 ray::WorkerDict
2557621 63730532 ray::WorkerDict
1317539 4828888 VLLM::Worker_TP
1317538 4827052 VLLM::Worker_TP
2626912 2322532 ray::AgentLoopW
2626916 2082676 ray::AgentLoopW
2626913 1919232 ray::AgentLoopW
== 2026-09-06T12:06:36+09:00
Mem:            1007         709         294         369         378         298
    PID   RSS COMMAND
2619838 87718496 VLLM::Worker
2619835 87707564 VLLM::Worker
2619836 87681660 VLLM::Worker
2619837 87301260 VLLM::Worker
2557620 63942748 ray::WorkerDict
2557619 63930732 ray::WorkerDict
2557622 63920912 ray::WorkerDict
2557621 63730532 ray::WorkerDict
1317539 4828888 VLLM::Worker_TP
1317538 4827052 VLLM::Worker_TP
2626912 2322532 ray::AgentLoopW
2626916 2082676 ray::AgentLoopW
2626913 1919232 ray::AgentLoopW
== 2026-09-06T12:06:56+09:00
Mem:            1007         709         294         369         378         298
    PID   RSS COMMAND
2619838 87718496 VLLM::Worker
2619835 87707564 VLLM::Worker
2619836 87681660 VLLM::Worker
2619837 87301260 VLLM::Worker
2557620 63942748 ray::WorkerDict
2557619 63930732 ray::WorkerDict
2557622 63920912 ray::WorkerDict
2557621 63730532 ray::WorkerDict
1317539 4828888 VLLM::Worker_TP
1317538 4827052 VLLM::Worker_TP
2626912 2322532 ray::AgentLoopW
2626916 2082676 ray::AgentLoopW
2626913 1919232 ray::AgentLoopW
== 2026-09-06T12:07:16+09:00
Mem:            1007         709         294         369         378         298
    PID   RSS COMMAND
2619838 87718496 VLLM::Worker
2619835 87707564 VLLM::Worker
2619836 87681660 VLLM::Worker
2619837 87301260 VLLM::Worker
2557620 63942748 ray::WorkerDict
2557619 63930732 ray::WorkerDict
2557622 63920912 ray::WorkerDict
2557621 63730532 ray::WorkerDict
1317539 4828888 VLLM::Worker_TP
1317538 4827052 VLLM::Worker_TP
2626912 2322532 ray::AgentLoopW
2626916 2082676 ray::AgentLoopW
2626913 1919232 ray::AgentLoopW
== 2026-09-06T12:07:36+09:00
Mem:            1007         709         294         369         378         298
    PID   RSS COMMAND
2619838 87718496 VLLM::Worker
2619835 87707564 VLLM::Worker
2619836 87681660 VLLM::Worker
2619837 87301260 VLLM::Worker
2557620 63942748 ray::WorkerDict
2557619 63930732 ray::WorkerDict
2557622 63920912 ray::WorkerDict
2557621 63730532 ray::WorkerDict
1317539 4828888 VLLM::Worker_TP
1317538 4827052 VLLM::Worker_TP
2626912 2322532 ray::AgentLoopW
2626916 2082676 ray::AgentLoopW
2626913 1919232 ray::AgentLoopW
== 2026-09-06T12:07:56+09:00
Mem:            1007         709         294         369         378         298
    PID   RSS COMMAND
2619838 87718496 VLLM::Worker
2619835 87707564 VLLM::Worker
2619836 87681660 VLLM::Worker
2619837 87301260 VLLM::Worker
2557620 63942748 ray::WorkerDict
2557619 63930732 ray::WorkerDict
2557622 63920912 ray::WorkerDict
2557621 63730532 ray::WorkerDict
1317539 4828888 VLLM::Worker_TP
1317538 4827052 VLLM::Worker_TP
2626912 2322532 ray::AgentLoopW
2626916 2082676 ray::AgentLoopW
2626913 1919232 ray::AgentLoopW
== 2026-09-06T12:08:16+09:00
Mem:            1007         709         294         369         378         298
    PID   RSS COMMAND
2619838 87718496 VLLM::Worker
2619835 87707564 VLLM::Worker
2619836 87681660 VLLM::Worker
2619837 87301260 VLLM::Worker
2557620 63942748 ray::WorkerDict
2557619 63930732 ray::WorkerDict
2557622 63920912 ray::WorkerDict
2557621 63730532 ray::WorkerDict
1317539 4828888 VLLM::Worker_TP
1317538 4827052 VLLM::Worker_TP
2626912 2322532 ray::AgentLoopW
2626916 2082676 ray::AgentLoopW
2626913 1919232 ray::AgentLoopW
== 2026-09-06T12:08:36+09:00
Mem:            1007         709         294         369         378         298
    PID   RSS COMMAND
2619838 87718496 VLLM::Worker
2619835 87707564 VLLM::Worker
2619836 87681660 VLLM::Worker
2619837 87301260 VLLM::Worker
2557620 63942748 ray::WorkerDict
2557619 63930732 ray::WorkerDict
2557622 63920912 ray::WorkerDict
2557621 63730532 ray::WorkerDict
1317539 4828888 VLLM::Worker_TP
1317538 4827052 VLLM::Worker_TP
2626912 2322532 ray::AgentLoopW
2626916 2082676 ray::AgentLoopW
2626913 1919232 ray::AgentLoopW
== 2026-09-06T12:08:56+09:00
Mem:            1007         709         294         369         378         298
    PID   RSS COMMAND
2619838 87718496 VLLM::Worker
2619835 87707564 VLLM::Worker
2619836 87681660 VLLM::Worker
2619837 87301260 VLLM::Worker
2557620 63942748 ray::WorkerDict
2557619 63930732 ray::WorkerDict
2557622 63920912 ray::WorkerDict
2557621 63730532 ray::WorkerDict
1317539 4828888 VLLM::Worker_TP
1317538 4827052 VLLM::Worker_TP
2626912 2322532 ray::AgentLoopW
2626916 2082676 ray::AgentLoopW
2626913 1919232 ray::AgentLoopW
== 2026-09-06T12:09:16+09:00
Mem:            1007         709         294         369         378         298
    PID   RSS COMMAND
2619838 87718496 VLLM::Worker
2619835 87707564 VLLM::Worker
2619836 87681660 VLLM::Worker
2619837 87301260 VLLM::Worker
2557620 63942748 ray::WorkerDict
2557619 63930732 ray::WorkerDict
2557622 63920912 ray::WorkerDict
2557621 63730532 ray::WorkerDict
1317539 4828888 VLLM::Worker_TP
1317538 4827052 VLLM::Worker_TP
2626912 2322532 ray::AgentLoopW
2626916 2082676 ray::AgentLoopW
2626913 1919232 ray::AgentLoopW
== 2026-09-06T12:09:36+09:00
Mem:            1007         620         383         369         378         387
    PID   RSS COMMAND
2619838 87718496 VLLM::Worker
2619835 87707564 VLLM::Worker
2619836 87681660 VLLM::Worker
2619837 87301260 VLLM::Worker
2557621 40052644 ray::WorkerDict
2557622 39649436 ray::WorkerDict
2557619 39591364 ray::WorkerDict
2557620 39454888 ray::WorkerDict
1317539 4828888 VLLM::Worker_TP
1317538 4827052 VLLM::Worker_TP
2626912 2322532 ray::AgentLoopW
2626916 2082676 ray::AgentLoopW
2626913 1919232 ray::AgentLoopW
== 2026-09-06T12:09:56+09:00
Mem:            1007         480         523         369         377         526
    PID   RSS COMMAND
2619838 87717728 VLLM::Worker
2619835 87706796 VLLM::Worker
2619836 87680892 VLLM::Worker
2619837 87300492 VLLM::Worker
1317539 4828888 VLLM::Worker_TP
1317538 4827052 VLLM::Worker_TP
2557619 4307120 ray::WorkerDict
2557620 4160236 ray::WorkerDict
2557621 4104784 ray::WorkerDict
2557622 3682212 ray::WorkerDict
2626912 2322532 ray::AgentLoopW
2626916 2082676 ray::AgentLoopW
2626913 1919232 ray::AgentLoopW
== 2026-09-06T12:10:16+09:00
Mem:            1007         480         524         369         377         526
    PID   RSS COMMAND
2619838 87716960 VLLM::Worker
2619835 87706028 VLLM::Worker
2619836 87680124 VLLM::Worker
2619837 87299724 VLLM::Worker
1317539 4828888 VLLM::Worker_TP
1317538 4827052 VLLM::Worker_TP
2557619 4307120 ray::WorkerDict
2557620 4160236 ray::WorkerDict
2557621 4104784 ray::WorkerDict
2557622 3682212 ray::WorkerDict
2626912 2322532 ray::AgentLoopW
2626916 2082676 ray::AgentLoopW
2626913 1919232 ray::AgentLoopW
== 2026-09-06T12:10:36+09:00
Mem:            1007         480         524         369         377         526
    PID   RSS COMMAND
2619838 87716960 VLLM::Worker
2619835 87706028 VLLM::Worker
2619836 87680124 VLLM::Worker
2619837 87299724 VLLM::Worker
1317539 4828888 VLLM::Worker_TP
1317538 4827052 VLLM::Worker_TP
2557619 4307120 ray::WorkerDict
2557620 4160236 ray::WorkerDict
2557621 4104784 ray::WorkerDict
2557622 3682212 ray::WorkerDict
2626912 2322532 ray::AgentLoopW
2626916 2082676 ray::AgentLoopW
2626913 1919232 ray::AgentLoopW
== 2026-09-06T12:10:56+09:00
Mem:            1007         480         524         369         377         526
    PID   RSS COMMAND
2619838 87716960 VLLM::Worker
2619835 87706028 VLLM::Worker
2619836 87680124 VLLM::Worker
2619837 87299724 VLLM::Worker
1317539 4828888 VLLM::Worker_TP
1317538 4827052 VLLM::Worker_TP
2557619 4307120 ray::WorkerDict
2557620 4160236 ray::WorkerDict
2557621 4104784 ray::WorkerDict
2557622 3682212 ray::WorkerDict
2626912 2322532 ray::AgentLoopW
2626916 2082676 ray::AgentLoopW
2626913 1919232 ray::AgentLoopW
== 2026-09-06T12:11:16+09:00
Mem:            1007         529         475         369         377         478
    PID   RSS COMMAND
2619838 87716960 VLLM::Worker
2619835 87706028 VLLM::Worker
2619836 87680124 VLLM::Worker
2619837 87299724 VLLM::Worker
2557619 17374956 ray::WorkerDict
2557620 17216092 ray::WorkerDict
2557621 16617832 ray::WorkerDict
2557622 16209828 ray::WorkerDict
1317539 4828888 VLLM::Worker_TP
1317538 4827052 VLLM::Worker_TP
2626912 2322532 ray::AgentLoopW
2626916 2082676 ray::AgentLoopW
2626913 1919232 ray::AgentLoopW
== 2026-09-06T12:11:36+09:00
Mem:            1007         663         341         369         377         344
    PID   RSS COMMAND
2619838 87716960 VLLM::Worker
2619835 87706028 VLLM::Worker
2619836 87680124 VLLM::Worker
2619837 87299724 VLLM::Worker
2557619 52311664 ray::WorkerDict
2557620 52152596 ray::WorkerDict
2557621 51772264 ray::WorkerDict
2557622 51361188 ray::WorkerDict
1317539 4828888 VLLM::Worker_TP
1317538 4827052 VLLM::Worker_TP
2626912 2322532 ray::AgentLoopW
2626916 2082676 ray::AgentLoopW
2626913 1919232 ray::AgentLoopW
== 2026-09-06T12:11:56+09:00
Mem:            1007         709         295         369         377         297
    PID   RSS COMMAND
2619838 87716960 VLLM::Worker
2619835 87706028 VLLM::Worker
2619836 87680124 VLLM::Worker
2619837 87299724 VLLM::Worker
2557619 64333124 ray::WorkerDict
2557620 63808432 ray::WorkerDict
2557621 63731164 ray::WorkerDict
2557622 63315444 ray::WorkerDict
1317539 4828888 VLLM::Worker_TP
1317538 4827052 VLLM::Worker_TP
2626912 2322532 ray::AgentLoopW
2626916 2082676 ray::AgentLoopW
2626913 1919232 ray::AgentLoopW
== 2026-09-06T12:12:17+09:00
Mem:            1007         709         295         369         377         298
    PID   RSS COMMAND
2619838 87716960 VLLM::Worker
2619835 87706028 VLLM::Worker
2619836 87680124 VLLM::Worker
2619837 87299724 VLLM::Worker
2557619 63972932 ray::WorkerDict
2557620 63894048 ray::WorkerDict
2557622 63823392 ray::WorkerDict
2557621 63813092 ray::WorkerDict
1317539 4828888 VLLM::Worker_TP
1317538 4827052 VLLM::Worker_TP
2626912 2322532 ray::AgentLoopW
2626916 2082676 ray::AgentLoopW
2626913 1919232 ray::AgentLoopW
== 2026-09-06T12:12:37+09:00
Mem:            1007         709         295         369         377         298
    PID   RSS COMMAND
2619838 87716960 VLLM::Worker
2619835 87706796 VLLM::Worker
2619836 87680124 VLLM::Worker
2619837 87300492 VLLM::Worker
2557619 63940164 ray::WorkerDict
2557622 63823392 ray::WorkerDict
2557620 63779352 ray::WorkerDict
2557621 63731168 ray::WorkerDict
1317539 4828888 VLLM::Worker_TP
1317538 4827052 VLLM::Worker_TP
2626912 2323300 ray::AgentLoopW
2626916 2082676 ray::AgentLoopW
2626913 1932288 ray::AgentLoopW
== 2026-09-06T12:12:57+09:00
Mem:            1007         709         295         369         377         298
    PID   RSS COMMAND
2619838 87716960 VLLM::Worker
2619835 87706796 VLLM::Worker
2619836 87680124 VLLM::Worker
2619837 87300492 VLLM::Worker
2557619 63940164 ray::WorkerDict
2557622 63823392 ray::WorkerDict
2557620 63779352 ray::WorkerDict
2557621 63731168 ray::WorkerDict
1317539 4828888 VLLM::Worker_TP
1317538 4827052 VLLM::Worker_TP
2626912 2323300 ray::AgentLoopW
2626916 2082676 ray::AgentLoopW
2626913 1932288 ray::AgentLoopW
== 2026-09-06T12:13:17+09:00
Mem:            1007         709         295         369         377         298
    PID   RSS COMMAND
2619838 87716960 VLLM::Worker
2619835 87706796 VLLM::Worker
2619836 87680124 VLLM::Worker
2619837 87300492 VLLM::Worker
2557619 63940164 ray::WorkerDict
2557622 63823392 ray::WorkerDict
2557620 63779352 ray::WorkerDict
2557621 63731168 ray::WorkerDict
1317539 4828888 VLLM::Worker_TP
1317538 4827052 VLLM::Worker_TP
2626912 2323300 ray::AgentLoopW
2626916 2082676 ray::AgentLoopW
2626913 1932288 ray::AgentLoopW
== 2026-09-06T12:13:37+09:00
Mem:            1007         709         295         369         377         298
    PID   RSS COMMAND
2619838 87716960 VLLM::Worker
2619835 87706796 VLLM::Worker
2619836 87680124 VLLM::Worker
2619837 87300492 VLLM::Worker
2557619 63940164 ray::WorkerDict
2557622 63823392 ray::WorkerDict
2557620 63779352 ray::WorkerDict
2557621 63731168 ray::WorkerDict
1317539 4828888 VLLM::Worker_TP
1317538 4827052 VLLM::Worker_TP
2626912 2323300 ray::AgentLoopW
2626916 2082676 ray::AgentLoopW
2626913 1932288 ray::AgentLoopW
== 2026-09-06T12:13:57+09:00
Mem:            1007         709         295         369         377         298
    PID   RSS COMMAND
2619838 87716960 VLLM::Worker
2619835 87706796 VLLM::Worker
2619836 87680124 VLLM::Worker
2619837 87300492 VLLM::Worker
2557619 63940164 ray::WorkerDict
2557622 63823392 ray::WorkerDict
2557620 63779352 ray::WorkerDict
2557621 63731168 ray::WorkerDict
1317539 4828888 VLLM::Worker_TP
1317538 4827052 VLLM::Worker_TP
2626912 2323300 ray::AgentLoopW
2626916 2082676 ray::AgentLoopW
2626913 1932288 ray::AgentLoopW
== 2026-09-06T12:14:17+09:00
Mem:            1007         709         295         369         377         298
    PID   RSS COMMAND
2619838 87716960 VLLM::Worker
2619835 87706796 VLLM::Worker
2619836 87680124 VLLM::Worker
2619837 87300492 VLLM::Worker
2557619 63940164 ray::WorkerDict
2557622 63823392 ray::WorkerDict
2557620 63779352 ray::WorkerDict
2557621 63731168 ray::WorkerDict
1317539 4828888 VLLM::Worker_TP
1317538 4827052 VLLM::Worker_TP
2626912 2323300 ray::AgentLoopW
2626916 2082676 ray::AgentLoopW
2626913 1932288 ray::AgentLoopW
== 2026-09-06T12:14:37+09:00
Mem:            1007         709         295         369         377         298
    PID   RSS COMMAND
2619838 87716960 VLLM::Worker
2619835 87706796 VLLM::Worker
2619836 87680124 VLLM::Worker
2619837 87300492 VLLM::Worker
2557619 63940164 ray::WorkerDict
2557622 63823392 ray::WorkerDict
2557620 63779352 ray::WorkerDict
2557621 63731168 ray::WorkerDict
1317539 4828888 VLLM::Worker_TP
1317538 4827052 VLLM::Worker_TP
2626912 2323300 ray::AgentLoopW
2626916 2082676 ray::AgentLoopW
2626913 1932288 ray::AgentLoopW
== 2026-09-06T12:14:57+09:00
Mem:            1007         709         295         369         377         298
    PID   RSS COMMAND
2619838 87716960 VLLM::Worker
2619835 87706796 VLLM::Worker
2619836 87680124 VLLM::Worker
2619837 87300492 VLLM::Worker
2557619 63940164 ray::WorkerDict
2557622 63823392 ray::WorkerDict
2557620 63779352 ray::WorkerDict
2557621 63731168 ray::WorkerDict
1317539 4828888 VLLM::Worker_TP
1317538 4827052 VLLM::Worker_TP
2626912 2323300 ray::AgentLoopW
2626916 2082676 ray::AgentLoopW
2626913 1932288 ray::AgentLoopW
== 2026-09-06T12:15:17+09:00
Mem:            1007         709         295         369         377         298
    PID   RSS COMMAND
2619838 87716960 VLLM::Worker
2619835 87706796 VLLM::Worker
2619836 87680124 VLLM::Worker
2619837 87300492 VLLM::Worker
2557619 63940164 ray::WorkerDict
2557622 63823392 ray::WorkerDict
2557620 63779352 ray::WorkerDict
2557621 63731168 ray::WorkerDict
1317539 4828888 VLLM::Worker_TP
1317538 4827052 VLLM::Worker_TP
2626912 2323300 ray::AgentLoopW
2626916 2082676 ray::AgentLoopW
2626913 1932288 ray::AgentLoopW
== 2026-09-06T12:15:37+09:00
Mem:            1007         709         295         369         377         298
    PID   RSS COMMAND
2619838 87716960 VLLM::Worker
2619835 87706796 VLLM::Worker
2619836 87680124 VLLM::Worker
2619837 87300492 VLLM::Worker
2557619 63940164 ray::WorkerDict
2557622 63823392 ray::WorkerDict
2557620 63779352 ray::WorkerDict
2557621 63731168 ray::WorkerDict
1317539 4828888 VLLM::Worker_TP
1317538 4827052 VLLM::Worker_TP
2626912 2323300 ray::AgentLoopW
2626916 2082676 ray::AgentLoopW
2626913 1932288 ray::AgentLoopW
== 2026-09-06T12:15:57+09:00
Mem:            1007         709         295         369         377         298
    PID   RSS COMMAND
2619838 87716960 VLLM::Worker
2619835 87706796 VLLM::Worker
2619836 87680124 VLLM::Worker
2619837 87300492 VLLM::Worker
2557619 63940164 ray::WorkerDict
2557622 63823392 ray::WorkerDict
2557620 63779352 ray::WorkerDict
2557621 63731168 ray::WorkerDict
1317539 4828888 VLLM::Worker_TP
1317538 4827052 VLLM::Worker_TP
2626912 2323300 ray::AgentLoopW
2626916 2082676 ray::AgentLoopW
2626913 1932288 ray::AgentLoopW
== 2026-09-06T12:16:17+09:00
Mem:            1007         709         295         369         377         298
    PID   RSS COMMAND
2619838 87716960 VLLM::Worker
2619835 87706796 VLLM::Worker
2619836 87680124 VLLM::Worker
2619837 87300492 VLLM::Worker
2557619 63940164 ray::WorkerDict
2557622 63823392 ray::WorkerDict
2557620 63779352 ray::WorkerDict
2557621 63731168 ray::WorkerDict
1317539 4828888 VLLM::Worker_TP
1317538 4827052 VLLM::Worker_TP
2626912 2323300 ray::AgentLoopW
2626916 2082676 ray::AgentLoopW
2626913 1932288 ray::AgentLoopW
== 2026-09-06T12:16:37+09:00
Mem:            1007         709         295         369         377         298
    PID   RSS COMMAND
2619838 87716960 VLLM::Worker
2619835 87706796 VLLM::Worker
2619836 87680124 VLLM::Worker
2619837 87300492 VLLM::Worker
2557619 63940164 ray::WorkerDict
2557622 63823392 ray::WorkerDict
2557620 63779352 ray::WorkerDict
2557621 63731168 ray::WorkerDict
1317539 4828888 VLLM::Worker_TP
1317538 4827052 VLLM::Worker_TP
2626912 2323300 ray::AgentLoopW
2626916 2082676 ray::AgentLoopW
2626913 1932288 ray::AgentLoopW
== 2026-09-06T12:16:57+09:00
Mem:            1007         481         523         369         377         526
    PID   RSS COMMAND
2619838 87716960 VLLM::Worker
2619835 87706796 VLLM::Worker
2619836 87680124 VLLM::Worker
2619837 87300492 VLLM::Worker
1317539 4828888 VLLM::Worker_TP
1317538 4827052 VLLM::Worker_TP
2557619 4307328 ray::WorkerDict
2557620 4168768 ray::WorkerDict
2557621 4119400 ray::WorkerDict
2557622 3829528 ray::WorkerDict
2626912 2323300 ray::AgentLoopW
2626916 2082676 ray::AgentLoopW
2626913 1932288 ray::AgentLoopW
== 2026-09-06T12:17:17+09:00
Mem:            1007         481         523         369         377         526
    PID   RSS COMMAND
2619838 87716960 VLLM::Worker
2619835 87706796 VLLM::Worker
2619836 87680124 VLLM::Worker
2619837 87300492 VLLM::Worker
1317539 4828888 VLLM::Worker_TP
1317538 4827052 VLLM::Worker_TP
2557619 4307328 ray::WorkerDict
2557620 4168768 ray::WorkerDict
2557621 4119400 ray::WorkerDict
2557622 3829528 ray::WorkerDict
2626912 2323300 ray::AgentLoopW
2626916 2082676 ray::AgentLoopW
2626913 1932288 ray::AgentLoopW
== 2026-09-06T12:17:37+09:00
Mem:            1007         480         523         369         377         526
    PID   RSS COMMAND
2619838 87716960 VLLM::Worker
2619835 87706796 VLLM::Worker
2619836 87680124 VLLM::Worker
2619837 87300492 VLLM::Worker
1317539 4828888 VLLM::Worker_TP
1317538 4827052 VLLM::Worker_TP
2557619 4307628 ray::WorkerDict
2557620 4169684 ray::WorkerDict
2557621 4119292 ray::WorkerDict
2557622 3829528 ray::WorkerDict
2626912 2323300 ray::AgentLoopW
2626916 2082676 ray::AgentLoopW
2626913 1932288 ray::AgentLoopW
== 2026-09-06T12:17:57+09:00
Mem:            1007         480         523         369         377         526
    PID   RSS COMMAND
2619838 87716960 VLLM::Worker
2619835 87706796 VLLM::Worker
2619836 87680124 VLLM::Worker
2619837 87300492 VLLM::Worker
1317539 4828888 VLLM::Worker_TP
1317538 4827052 VLLM::Worker_TP
2557619 4307628 ray::WorkerDict
2557620 4169684 ray::WorkerDict
2557621 4119292 ray::WorkerDict
2557622 3829528 ray::WorkerDict
2626912 2323300 ray::AgentLoopW
2626916 2082676 ray::AgentLoopW
2626913 1932288 ray::AgentLoopW
== 2026-09-06T12:18:17+09:00
Mem:            1007         480         523         369         377         526
    PID   RSS COMMAND
2619838 87716960 VLLM::Worker
2619835 87706796 VLLM::Worker
2619836 87680124 VLLM::Worker
2619837 87300492 VLLM::Worker
1317539 4828888 VLLM::Worker_TP
1317538 4827052 VLLM::Worker_TP
2557619 4307628 ray::WorkerDict
2557620 4169684 ray::WorkerDict
2557621 4119292 ray::WorkerDict
2557622 3829528 ray::WorkerDict
2626912 2323300 ray::AgentLoopW
2626916 2082676 ray::AgentLoopW
2626913 1932288 ray::AgentLoopW
== 2026-09-06T12:18:37+09:00
Mem:            1007         480         523         369         377         526
    PID   RSS COMMAND
2619838 87716960 VLLM::Worker
2619835 87706796 VLLM::Worker
2619836 87680124 VLLM::Worker
2619837 87300492 VLLM::Worker
1317539 4828888 VLLM::Worker_TP
1317538 4827052 VLLM::Worker_TP
2557619 4307628 ray::WorkerDict
2557620 4169684 ray::WorkerDict
2557621 4119292 ray::WorkerDict
2557622 3829528 ray::WorkerDict
2626912 2323300 ray::AgentLoopW
2626916 2082676 ray::AgentLoopW
2626913 1932288 ray::AgentLoopW
== 2026-09-06T12:18:57+09:00
Mem:            1007         480         523         369         377         526
    PID   RSS COMMAND
2619838 87716960 VLLM::Worker
2619835 87706796 VLLM::Worker
2619836 87680124 VLLM::Worker
2619837 87300492 VLLM::Worker
1317539 4828888 VLLM::Worker_TP
1317538 4827052 VLLM::Worker_TP
2557619 4307628 ray::WorkerDict
2557620 4169684 ray::WorkerDict
2557621 4119292 ray::WorkerDict
2557622 3829528 ray::WorkerDict
2626912 2323300 ray::AgentLoopW
2626916 2082676 ray::AgentLoopW
2626913 1932288 ray::AgentLoopW
== 2026-09-06T12:19:17+09:00
Mem:            1007         481         523         369         377         526
    PID   RSS COMMAND
2619838 87717728 VLLM::Worker
2619835 87707564 VLLM::Worker
2619836 87680892 VLLM::Worker
2619837 87300492 VLLM::Worker
1317539 4828888 VLLM::Worker_TP
1317538 4827052 VLLM::Worker_TP
2557619 4307628 ray::WorkerDict
2557620 4169684 ray::WorkerDict
2557621 4119292 ray::WorkerDict
2557622 3829528 ray::WorkerDict
2626912 2323300 ray::AgentLoopW
2626916 2082676 ray::AgentLoopW
2626913 1932288 ray::AgentLoopW
== 2026-09-06T12:19:37+09:00
Mem:            1007         552         451         369         377         454
    PID   RSS COMMAND
2619838 87717728 VLLM::Worker
2619835 87707564 VLLM::Worker
2619836 87680892 VLLM::Worker
2619837 87300492 VLLM::Worker
2557619 23500312 ray::WorkerDict
2557620 23340284 ray::WorkerDict
2557621 22723684 ray::WorkerDict
2557622 22456600 ray::WorkerDict
1317539 4828888 VLLM::Worker_TP
1317538 4827052 VLLM::Worker_TP
2626912 2323300 ray::AgentLoopW
2626916 2082676 ray::AgentLoopW
2626913 1932288 ray::AgentLoopW
== 2026-09-06T12:19:57+09:00
Mem:            1007         688         315         369         377         318
    PID   RSS COMMAND
2619838 87717728 VLLM::Worker
2619835 87707564 VLLM::Worker
2619836 87680892 VLLM::Worker
2619837 87300492 VLLM::Worker
2557619 58781316 ray::WorkerDict
2557620 58621084 ray::WorkerDict
2557621 58532452 ray::WorkerDict
2557622 58264600 ray::WorkerDict
1317539 4828888 VLLM::Worker_TP
1317538 4827052 VLLM::Worker_TP
2626912 2323300 ray::AgentLoopW
2626916 2082676 ray::AgentLoopW
2626913 1932288 ray::AgentLoopW
== 2026-09-06T12:20:17+09:00
Mem:            1007         710         294         369         377         296
    PID   RSS COMMAND
2619838 87717728 VLLM::Worker
2619835 87707564 VLLM::Worker
2619836 87680892 VLLM::Worker
2619837 87300492 VLLM::Worker
2557619 64552180 ray::WorkerDict
2557620 64451108 ray::WorkerDict
2557622 64229240 ray::WorkerDict
2557621 63984832 ray::WorkerDict
1317539 4828888 VLLM::Worker_TP
1317538 4827052 VLLM::Worker_TP
2626912 2323300 ray::AgentLoopW
2626916 2082676 ray::AgentLoopW
2626913 1932288 ray::AgentLoopW
== 2026-09-06T12:20:37+09:00
Mem:            1007         709         295         369         377         298
    PID   RSS COMMAND
2619838 87717728 VLLM::Worker
2619835 87707564 VLLM::Worker
2619836 87680892 VLLM::Worker
2619837 87300492 VLLM::Worker
2557619 63957240 ray::WorkerDict
2557620 63944680 ray::WorkerDict
2557622 63901732 ray::WorkerDict
2557621 63730624 ray::WorkerDict
1317539 4828888 VLLM::Worker_TP
1317538 4827052 VLLM::Worker_TP
2626912 2323300 ray::AgentLoopW
2626916 2082676 ray::AgentLoopW
2626913 1932288 ray::AgentLoopW
== 2026-09-06T12:20:57+09:00
Mem:            1007         709         295         369         377         297
    PID   RSS COMMAND
2619838 87719264 VLLM::Worker
2619835 87707564 VLLM::Worker
2619836 87683964 VLLM::Worker
2619837 87300332 VLLM::Worker
2557619 63940856 ray::WorkerDict
2557620 63780828 ray::WorkerDict
2557621 63730624 ray::WorkerDict
2557622 63721500 ray::WorkerDict
1317539 4828888 VLLM::Worker_TP
1317538 4827052 VLLM::Worker_TP
2626912 2323300 ray::AgentLoopW
2626916 2094196 ray::AgentLoopW
2626910 2025136 ray::AgentLoopW
== 2026-09-06T12:21:17+09:00
Mem:            1007         709         295         369         377         298
    PID   RSS COMMAND
2619838 87719264 VLLM::Worker
2619835 87709100 VLLM::Worker
2619836 87683964 VLLM::Worker
2619837 87302636 VLLM::Worker
2557619 63940856 ray::WorkerDict
2557620 63780828 ray::WorkerDict
2557621 63730624 ray::WorkerDict
2557622 63721500 ray::WorkerDict
1317539 4828888 VLLM::Worker_TP
1317538 4827052 VLLM::Worker_TP
2626912 2323300 ray::AgentLoopW
2626916 2094196 ray::AgentLoopW
2626910 2025136 ray::AgentLoopW
== 2026-09-06T12:21:38+09:00
Mem:            1007         709         294         369         378         297
    PID   RSS COMMAND
2619838 87717584 VLLM::Worker
2619835 87707324 VLLM::Worker
2619836 87681472 VLLM::Worker
2619837 87302636 VLLM::Worker
2557619 63940856 ray::WorkerDict
2557620 63780828 ray::WorkerDict
2557621 63730624 ray::WorkerDict
2557622 63721500 ray::WorkerDict
1317539 4828888 VLLM::Worker_TP
1317538 4827052 VLLM::Worker_TP
2626912 2323300 ray::AgentLoopW
2626916 2094196 ray::AgentLoopW
2626910 2052896 ray::AgentLoopW
== 2026-09-06T12:21:58+09:00
Mem:            1007         709         293         369         378         297
    PID   RSS COMMAND
2619838 87717584 VLLM::Worker
2619835 87707324 VLLM::Worker
2619836 87681472 VLLM::Worker
2619837 87302636 VLLM::Worker
2557619 63940856 ray::WorkerDict
2557620 63780828 ray::WorkerDict
2557621 63730624 ray::WorkerDict
2557622 63721500 ray::WorkerDict
1317539 4828888 VLLM::Worker_TP
1317538 4827052 VLLM::Worker_TP
2626912 2323300 ray::AgentLoopW
2626916 2094196 ray::AgentLoopW
2626910 2052896 ray::AgentLoopW
== 2026-09-06T12:22:18+09:00
Mem:            1007         709         294         369         378         297
    PID   RSS COMMAND
2619838 87717584 VLLM::Worker
2619835 87707324 VLLM::Worker
2619836 87681472 VLLM::Worker
2619837 87302636 VLLM::Worker
2557619 63940856 ray::WorkerDict
2557620 63780828 ray::WorkerDict
2557621 63730624 ray::WorkerDict
2557622 63721500 ray::WorkerDict
1317539 4828888 VLLM::Worker_TP
1317538 4827052 VLLM::Worker_TP
2626912 2323300 ray::AgentLoopW
2626916 2094964 ray::AgentLoopW
2626910 2052896 ray::AgentLoopW
== 2026-09-06T12:22:38+09:00
Mem:            1007         709         294         369         378         297
    PID   RSS COMMAND
2619838 87717584 VLLM::Worker
2619835 87707324 VLLM::Worker
2619836 87681472 VLLM::Worker
2619837 87302636 VLLM::Worker
2557619 63940856 ray::WorkerDict
2557620 63780828 ray::WorkerDict
2557621 63730624 ray::WorkerDict
2557622 63721500 ray::WorkerDict
1317539 4828888 VLLM::Worker_TP
1317538 4827052 VLLM::Worker_TP
2626912 2323300 ray::AgentLoopW
2626916 2094964 ray::AgentLoopW
2626910 2052896 ray::AgentLoopW
== 2026-09-06T12:22:58+09:00
Mem:            1007         709         294         369         378         297
    PID   RSS COMMAND
2619838 87717584 VLLM::Worker
2619835 87707324 VLLM::Worker
2619836 87681472 VLLM::Worker
2619837 87302636 VLLM::Worker
2557619 63940856 ray::WorkerDict
2557620 63780828 ray::WorkerDict
2557621 63730624 ray::WorkerDict
2557622 63721500 ray::WorkerDict
1317539 4828888 VLLM::Worker_TP
1317538 4827052 VLLM::Worker_TP
2626912 2323300 ray::AgentLoopW
2626916 2094964 ray::AgentLoopW
2626910 2052896 ray::AgentLoopW
== 2026-09-06T12:23:18+09:00
Mem:            1007         709         294         369         378         297
    PID   RSS COMMAND
2619838 87717584 VLLM::Worker
2619835 87707324 VLLM::Worker
2619836 87681472 VLLM::Worker
2619837 87302636 VLLM::Worker
2557619 63940856 ray::WorkerDict
2557620 63780828 ray::WorkerDict
2557621 63730624 ray::WorkerDict
2557622 63721500 ray::WorkerDict
1317539 4828888 VLLM::Worker_TP
1317538 4827052 VLLM::Worker_TP
2626912 2323300 ray::AgentLoopW
2626916 2094964 ray::AgentLoopW
2626910 2052896 ray::AgentLoopW
== 2026-09-06T12:23:38+09:00
Mem:            1007         709         294         369         378         297
    PID   RSS COMMAND
2619838 87717584 VLLM::Worker
2619835 87707324 VLLM::Worker
2619836 87681472 VLLM::Worker
2619837 87302636 VLLM::Worker
2557619 63940856 ray::WorkerDict
2557620 63780828 ray::WorkerDict
2557621 63730624 ray::WorkerDict
2557622 63721500 ray::WorkerDict
1317539 4828888 VLLM::Worker_TP
1317538 4827052 VLLM::Worker_TP
2626912 2323300 ray::AgentLoopW
2626916 2094964 ray::AgentLoopW
2626910 2052896 ray::AgentLoopW
== 2026-09-06T12:23:58+09:00
Mem:            1007         709         294         369         378         297
    PID   RSS COMMAND
2619838 87717584 VLLM::Worker
2619835 87707324 VLLM::Worker
2619836 87681472 VLLM::Worker
2619837 87302636 VLLM::Worker
2557619 63940856 ray::WorkerDict
2557620 63780828 ray::WorkerDict
2557621 63730624 ray::WorkerDict
2557622 63721500 ray::WorkerDict
1317539 4828888 VLLM::Worker_TP
1317538 4827052 VLLM::Worker_TP
2626912 2323300 ray::AgentLoopW
2626916 2094964 ray::AgentLoopW
2626910 2052896 ray::AgentLoopW
== 2026-09-06T12:24:18+09:00
Mem:            1007         709         294         369         378         297
    PID   RSS COMMAND
2619838 87717584 VLLM::Worker
2619835 87707324 VLLM::Worker
2619836 87681472 VLLM::Worker
2619837 87302636 VLLM::Worker
2557619 63940856 ray::WorkerDict
2557620 63780828 ray::WorkerDict
2557621 63730624 ray::WorkerDict
2557622 63721500 ray::WorkerDict
1317539 4828888 VLLM::Worker_TP
1317538 4827052 VLLM::Worker_TP
2626912 2323300 ray::AgentLoopW
2626916 2094964 ray::AgentLoopW
2626910 2052896 ray::AgentLoopW
== 2026-09-06T12:24:38+09:00
Mem:            1007         709         294         369         378         297
    PID   RSS COMMAND
2619838 87717584 VLLM::Worker
2619835 87707324 VLLM::Worker
2619836 87681472 VLLM::Worker
2619837 87300168 VLLM::Worker
2557619 63940856 ray::WorkerDict
2557620 63780828 ray::WorkerDict
2557621 63730624 ray::WorkerDict
2557622 63721500 ray::WorkerDict
1317539 4828888 VLLM::Worker_TP
1317538 4827052 VLLM::Worker_TP
2626912 2323300 ray::AgentLoopW
2626916 2094964 ray::AgentLoopW
2626910 2052896 ray::AgentLoopW
== 2026-09-06T12:24:58+09:00
Mem:            1007         481         521         369         378         525
    PID   RSS COMMAND
2619838 87717584 VLLM::Worker
2619835 87707324 VLLM::Worker
2619836 87680672 VLLM::Worker
2619837 87299164 VLLM::Worker
1317539 4828888 VLLM::Worker_TP
1317538 4827052 VLLM::Worker_TP
2557619 4335376 ray::WorkerDict
2557620 4198472 ray::WorkerDict
2557621 4149604 ray::WorkerDict
2557622 4092152 ray::WorkerDict
2626912 2323300 ray::AgentLoopW
2626916 2094964 ray::AgentLoopW
2626910 2052896 ray::AgentLoopW
== 2026-09-06T12:25:18+09:00
Mem:            1007         481         522         369         378         525
    PID   RSS COMMAND
2619838 87717584 VLLM::Worker
2619835 87707324 VLLM::Worker
2619836 87680672 VLLM::Worker
2619837 87299164 VLLM::Worker
1317539 4828888 VLLM::Worker_TP
1317538 4827052 VLLM::Worker_TP
2557619 4335376 ray::WorkerDict
2557620 4198472 ray::WorkerDict
2557621 4149604 ray::WorkerDict
2557622 4092152 ray::WorkerDict
2626912 2323300 ray::AgentLoopW
2626916 2094964 ray::AgentLoopW
2626910 2052896 ray::AgentLoopW
== 2026-09-06T12:25:38+09:00
Mem:            1007         481         522         369         378         525
    PID   RSS COMMAND
2619838 87717584 VLLM::Worker
2619835 87707324 VLLM::Worker
2619836 87680672 VLLM::Worker
2619837 87299164 VLLM::Worker
1317539 4828888 VLLM::Worker_TP
1317538 4827052 VLLM::Worker_TP
2557619 4335376 ray::WorkerDict
2557620 4198472 ray::WorkerDict
2557621 4149604 ray::WorkerDict
2557622 4092152 ray::WorkerDict
2626912 2323300 ray::AgentLoopW
2626916 2094964 ray::AgentLoopW
2626910 2052896 ray::AgentLoopW
== 2026-09-06T12:25:58+09:00
Mem:            1007         481         522         369         378         525
    PID   RSS COMMAND
2619838 87717584 VLLM::Worker
2619835 87707324 VLLM::Worker
2619836 87680672 VLLM::Worker
2619837 87299164 VLLM::Worker
1317539 4828888 VLLM::Worker_TP
1317538 4827052 VLLM::Worker_TP
2557619 4335376 ray::WorkerDict
2557620 4198472 ray::WorkerDict
2557621 4149604 ray::WorkerDict
2557622 4092152 ray::WorkerDict
2626912 2323300 ray::AgentLoopW
2626916 2094964 ray::AgentLoopW
2626910 2052896 ray::AgentLoopW
== 2026-09-06T12:26:18+09:00
Mem:            1007         481         522         369         378         525
    PID   RSS COMMAND
2619838 87717584 VLLM::Worker
2619835 87707324 VLLM::Worker
2619836 87680672 VLLM::Worker
2619837 87299164 VLLM::Worker
1317539 4828888 VLLM::Worker_TP
1317538 4827052 VLLM::Worker_TP
2557619 4343260 ray::WorkerDict
2557620 4204916 ray::WorkerDict
2557621 4154348 ray::WorkerDict
2557622 4095224 ray::WorkerDict
2626912 2323300 ray::AgentLoopW
2626916 2094964 ray::AgentLoopW
2626910 2052896 ray::AgentLoopW
== 2026-09-06T12:26:38+09:00
Mem:            1007         481         522         369         378         525
    PID   RSS COMMAND
2619838 87717584 VLLM::Worker
2619835 87707324 VLLM::Worker
2619836 87680672 VLLM::Worker
2619837 87299164 VLLM::Worker
1317539 4828888 VLLM::Worker_TP
1317538 4827052 VLLM::Worker_TP
2557619 4343260 ray::WorkerDict
2557620 4204916 ray::WorkerDict
2557621 4154348 ray::WorkerDict
2557622 4095224 ray::WorkerDict
2626912 2323300 ray::AgentLoopW
2626916 2094964 ray::AgentLoopW
2626910 2052896 ray::AgentLoopW
== 2026-09-06T12:26:58+09:00
Mem:            1007         481         522         369         378         525
    PID   RSS COMMAND
2619838 87717584 VLLM::Worker
2619835 87707324 VLLM::Worker
2619836 87680672 VLLM::Worker
2619837 87299164 VLLM::Worker
1317539 4828888 VLLM::Worker_TP
1317538 4827052 VLLM::Worker_TP
2557619 4343260 ray::WorkerDict
2557620 4204916 ray::WorkerDict
2557621 4154348 ray::WorkerDict
2557622 4095224 ray::WorkerDict
2626912 2323300 ray::AgentLoopW
2626916 2094964 ray::AgentLoopW
2626910 2052896 ray::AgentLoopW
== 2026-09-06T12:27:18+09:00
Mem:            1007         481         522         369         378         525
    PID   RSS COMMAND
2619838 87717584 VLLM::Worker
2619835 87707324 VLLM::Worker
2619836 87680672 VLLM::Worker
2619837 87299164 VLLM::Worker
1317539 4828888 VLLM::Worker_TP
1317538 4827052 VLLM::Worker_TP
2557619 4343260 ray::WorkerDict
2557620 4204916 ray::WorkerDict
2557621 4154348 ray::WorkerDict
2557622 4095224 ray::WorkerDict
2626912 2323300 ray::AgentLoopW
2626916 2094964 ray::AgentLoopW
2626910 2052896 ray::AgentLoopW
== 2026-09-06T12:27:38+09:00
Mem:            1007         481         522         369         378         525
    PID   RSS COMMAND
2619838 87717584 VLLM::Worker
2619835 87707324 VLLM::Worker
2619836 87680672 VLLM::Worker
2619837 87299164 VLLM::Worker
1317539 4828888 VLLM::Worker_TP
1317538 4827052 VLLM::Worker_TP
2557619 4343260 ray::WorkerDict
2557620 4204916 ray::WorkerDict
2557621 4154348 ray::WorkerDict
2557622 4095224 ray::WorkerDict
2626912 2323300 ray::AgentLoopW
2626916 2094964 ray::AgentLoopW
2626910 2052896 ray::AgentLoopW
== 2026-09-06T12:27:58+09:00
Mem:            1007         481         521         369         378         525
    PID   RSS COMMAND
2619838 87717584 VLLM::Worker
2619835 87707324 VLLM::Worker
2619836 87680672 VLLM::Worker
2619837 87299164 VLLM::Worker
1317539 4828888 VLLM::Worker_TP
1317538 4827052 VLLM::Worker_TP
2557619 4343260 ray::WorkerDict
2557620 4204916 ray::WorkerDict
2557621 4154348 ray::WorkerDict
2557622 4095224 ray::WorkerDict
2626912 2323300 ray::AgentLoopW
2626916 2094964 ray::AgentLoopW
2626910 2052896 ray::AgentLoopW
== 2026-09-06T12:28:18+09:00
Mem:            1007         481         522         369         378         525
    PID   RSS COMMAND
2619838 87717584 VLLM::Worker
2619835 87707324 VLLM::Worker
2619836 87680672 VLLM::Worker
2619837 87299164 VLLM::Worker
1317539 4828888 VLLM::Worker_TP
1317538 4827052 VLLM::Worker_TP
2557619 4344028 ray::WorkerDict
2557620 4205684 ray::WorkerDict
2557621 4155116 ray::WorkerDict
2557622 4095992 ray::WorkerDict
2626912 2323300 ray::AgentLoopW
2626916 2094964 ray::AgentLoopW
2626910 2052896 ray::AgentLoopW
== 2026-09-06T12:28:38+09:00
Mem:            1007         481         522         369         378         525
    PID   RSS COMMAND
2619838 87717584 VLLM::Worker
2619835 87707324 VLLM::Worker
2619836 87680672 VLLM::Worker
2619837 87299164 VLLM::Worker
1317539 4828888 VLLM::Worker_TP
1317538 4827052 VLLM::Worker_TP
2557619 4344028 ray::WorkerDict
2557620 4205684 ray::WorkerDict
2557621 4155116 ray::WorkerDict
2557622 4095992 ray::WorkerDict
2626912 2323300 ray::AgentLoopW
2626916 2094964 ray::AgentLoopW
2626910 2052896 ray::AgentLoopW
== 2026-09-06T12:28:58+09:00
Mem:            1007         481         522         369         378         525
    PID   RSS COMMAND
2619838 87717584 VLLM::Worker
2619835 87707324 VLLM::Worker
2619836 87680672 VLLM::Worker
2619837 87299164 VLLM::Worker
1317539 4828888 VLLM::Worker_TP
1317538 4827052 VLLM::Worker_TP
2557619 4344028 ray::WorkerDict
2557620 4205684 ray::WorkerDict
2557621 4155116 ray::WorkerDict
2557622 4095992 ray::WorkerDict
2626912 2323300 ray::AgentLoopW
2626916 2094964 ray::AgentLoopW
2626910 2052896 ray::AgentLoopW
== 2026-09-06T12:29:18+09:00
Mem:            1007         481         521         369         378         525
    PID   RSS COMMAND
2619838 87718352 VLLM::Worker
2619835 87707324 VLLM::Worker
2619836 87681440 VLLM::Worker
2619837 87299932 VLLM::Worker
1317539 4828888 VLLM::Worker_TP
1317538 4827052 VLLM::Worker_TP
2557619 4344028 ray::WorkerDict
2557620 4205684 ray::WorkerDict
2557621 4155116 ray::WorkerDict
2557622 4095992 ray::WorkerDict
2626912 2323300 ray::AgentLoopW
2626916 2094964 ray::AgentLoopW
2626910 2052896 ray::AgentLoopW
== 2026-09-06T12:29:38+09:00
Mem:            1007         481         522         369         378         525
    PID   RSS COMMAND
2619838 87718352 VLLM::Worker
2619835 87707324 VLLM::Worker
2619836 87681440 VLLM::Worker
2619837 87299932 VLLM::Worker
1317539 4828888 VLLM::Worker_TP
1317538 4827052 VLLM::Worker_TP
2557619 4344028 ray::WorkerDict
2557620 4205684 ray::WorkerDict
2557621 4155116 ray::WorkerDict
2557622 4095992 ray::WorkerDict
2626912 2323300 ray::AgentLoopW
2626916 2094964 ray::AgentLoopW
2626910 2052896 ray::AgentLoopW
== 2026-09-06T12:29:58+09:00
Mem:            1007         481         522         369         378         525
    PID   RSS COMMAND
2619838 87718352 VLLM::Worker
2619835 87707324 VLLM::Worker
2619836 87681440 VLLM::Worker
2619837 87299932 VLLM::Worker
1317539 4828888 VLLM::Worker_TP
1317538 4827052 VLLM::Worker_TP
2557619 4344028 ray::WorkerDict
2557620 4205684 ray::WorkerDict
2557621 4155116 ray::WorkerDict
2557622 4095992 ray::WorkerDict
2626912 2323300 ray::AgentLoopW
2626916 2094964 ray::AgentLoopW
2626910 2052896 ray::AgentLoopW
== 2026-09-06T12:30:18+09:00
Mem:            1007         481         521         369         378         525
    PID   RSS COMMAND
2619838 87718352 VLLM::Worker
2619835 87707324 VLLM::Worker
2619836 87681440 VLLM::Worker
2619837 87299932 VLLM::Worker
1317539 4828888 VLLM::Worker_TP
1317538 4827052 VLLM::Worker_TP
2557619 4344028 ray::WorkerDict
2557620 4205684 ray::WorkerDict
2557621 4155116 ray::WorkerDict
2557622 4095992 ray::WorkerDict
2626912 2323300 ray::AgentLoopW
2626916 2094964 ray::AgentLoopW
2626910 2052896 ray::AgentLoopW
== 2026-09-06T12:30:38+09:00
Mem:            1007         481         521         369         378         525
    PID   RSS COMMAND
2619838 87718352 VLLM::Worker
2619835 87707324 VLLM::Worker
2619836 87681440 VLLM::Worker
2619837 87299932 VLLM::Worker
1317539 4828888 VLLM::Worker_TP
1317538 4827052 VLLM::Worker_TP
2557619 4344028 ray::WorkerDict
2557620 4205684 ray::WorkerDict
2557621 4155116 ray::WorkerDict
2557622 4095992 ray::WorkerDict
2626912 2323300 ray::AgentLoopW
2626916 2094964 ray::AgentLoopW
2626910 2052896 ray::AgentLoopW
== 2026-09-06T12:30:59+09:00
Mem:            1007         481         522         369         378         525
    PID   RSS COMMAND
2619838 87718352 VLLM::Worker
2619835 87707324 VLLM::Worker
2619836 87681440 VLLM::Worker
2619837 87299932 VLLM::Worker
1317539 4828888 VLLM::Worker_TP
1317538 4827052 VLLM::Worker_TP
2557619 4344028 ray::WorkerDict
2557620 4205684 ray::WorkerDict
2557621 4155116 ray::WorkerDict
2557622 4095992 ray::WorkerDict
2626912 2323300 ray::AgentLoopW
2626916 2094964 ray::AgentLoopW
2626910 2052896 ray::AgentLoopW
== 2026-09-06T12:31:19+09:00
Mem:            1007         496         507         369         378         511
    PID   RSS COMMAND
2619838 87718352 VLLM::Worker
2619835 87707324 VLLM::Worker
2619836 87681440 VLLM::Worker
2619837 87299932 VLLM::Worker
2557619 8342320 ray::WorkerDict
2557620 8152912 ray::WorkerDict
2557621 7892756 ray::WorkerDict
2557622 7882232 ray::WorkerDict
1317539 4828888 VLLM::Worker_TP
1317538 4827052 VLLM::Worker_TP
2626912 2323300 ray::AgentLoopW
2626916 2094964 ray::AgentLoopW
2626910 2052896 ray::AgentLoopW
== 2026-09-06T12:31:39+09:00
Mem:            1007         630         373         369         378         376
    PID   RSS COMMAND
2619838 87718352 VLLM::Worker
2619835 87707324 VLLM::Worker
2619836 87681440 VLLM::Worker
2619837 87299932 VLLM::Worker
2557619 43332276 ray::WorkerDict
2557620 43144712 ray::WorkerDict
2557621 43068692 ray::WorkerDict
2557622 43058168 ray::WorkerDict
1317539 4828888 VLLM::Worker_TP
1317538 4827052 VLLM::Worker_TP
2626912 2323300 ray::AgentLoopW
2626916 2094964 ray::AgentLoopW
2626910 2052896 ray::AgentLoopW
== 2026-09-06T12:31:59+09:00
Mem:            1007         712         291         369         377         294
    PID   RSS COMMAND
2619838 87707600 VLLM::Worker
2619835 87698876 VLLM::Worker
2619836 87671456 VLLM::Worker
2619837 87289180 VLLM::Worker
2557621 64512488 ray::WorkerDict
2557622 64502272 ray::WorkerDict
2557619 64201732 ray::WorkerDict
2557620 64175500 ray::WorkerDict
1317539 4828888 VLLM::Worker_TP
1317538 4827052 VLLM::Worker_TP
2626912 2319696 ray::AgentLoopW
2626916 2094964 ray::AgentLoopW
2626911 2049756 ray::AgentLoopW
== 2026-09-06T12:32:19+09:00
Mem:            1007         710         293         369         377         296
    PID   RSS COMMAND
2619838 87707600 VLLM::Worker
2619835 87699644 VLLM::Worker
2619836 87671456 VLLM::Worker
2619837 87289180 VLLM::Worker
2557621 64384232 ray::WorkerDict
2557622 64130964 ray::WorkerDict
2557619 64021764 ray::WorkerDict
2557620 63935384 ray::WorkerDict
1317539 4828888 VLLM::Worker_TP
1317538 4827052 VLLM::Worker_TP
2626912 2319696 ray::AgentLoopW
2626916 2094964 ray::AgentLoopW
2626911 2049756 ray::AgentLoopW
== 2026-09-06T12:32:39+09:00
Mem:            1007         710         294         369         377         297
    PID   RSS COMMAND
2619838 87710672 VLLM::Worker
2619835 87702716 VLLM::Worker
2619836 87672992 VLLM::Worker
2619837 87291484 VLLM::Worker
2557619 64001544 ray::WorkerDict
2557620 63943912 ray::WorkerDict
2557622 63917216 ray::WorkerDict
2557621 63730668 ray::WorkerDict
1317539 4828888 VLLM::Worker_TP
1317538 4827052 VLLM::Worker_TP
2626912 2319696 ray::AgentLoopW
2626916 2094964 ray::AgentLoopW
2626911 2049756 ray::AgentLoopW
== 2026-09-06T12:32:59+09:00
Mem:            1007         710         294         369         377         297
    PID   RSS COMMAND
2619838 87715280 VLLM::Worker
2619835 87705020 VLLM::Worker
2619836 87677600 VLLM::Worker
2619837 87295324 VLLM::Worker
2557619 63968076 ray::WorkerDict
2557620 63944680 ray::WorkerDict
2557621 63730668 ray::WorkerDict
2557622 63720596 ray::WorkerDict
1317539 4828888 VLLM::Worker_TP
1317538 4827052 VLLM::Worker_TP
2626912 2321764 ray::AgentLoopW
2626911 2293364 ray::AgentLoopW
2626916 2094964 ray::AgentLoopW
== 2026-09-06T12:33:19+09:00
Mem:            1007         710         293         369         378         296
    PID   RSS COMMAND
2619838 87715280 VLLM::Worker
2619835 87705020 VLLM::Worker
2619836 87678368 VLLM::Worker
2619837 87296092 VLLM::Worker
2557619 63968076 ray::WorkerDict
2557620 63944680 ray::WorkerDict
2557621 63730668 ray::WorkerDict
2557622 63720596 ray::WorkerDict
1317539 4828888 VLLM::Worker_TP
1317538 4827052 VLLM::Worker_TP
2626912 2323300 ray::AgentLoopW
2626911 2293364 ray::AgentLoopW
2626916 2094964 ray::AgentLoopW
== 2026-09-06T12:33:39+09:00
Mem:            1007         710         293         369         378         297
    PID   RSS COMMAND
2619838 87714512 VLLM::Worker
2619835 87704252 VLLM::Worker
2619836 87678368 VLLM::Worker
2619837 87295324 VLLM::Worker
2557619 63968076 ray::WorkerDict
2557620 63944680 ray::WorkerDict
2557621 63730668 ray::WorkerDict
2557622 63720596 ray::WorkerDict
1317539 4827068 VLLM::Worker_TP
1317538 4824528 VLLM::Worker_TP
2626912 2323300 ray::AgentLoopW
2626911 2253260 ray::AgentLoopW
2626916 2094964 ray::AgentLoopW
== 2026-09-06T12:33:59+09:00
Mem:            1007         710         294         369         378         297
    PID   RSS COMMAND
2619838 87714512 VLLM::Worker
2619835 87704252 VLLM::Worker
2619836 87678368 VLLM::Worker
2619837 87295324 VLLM::Worker
2557619 63968076 ray::WorkerDict
2557620 63944680 ray::WorkerDict
2557621 63730668 ray::WorkerDict
2557622 63720596 ray::WorkerDict
1317539 4827068 VLLM::Worker_TP
1317538 4824528 VLLM::Worker_TP
2626912 2323300 ray::AgentLoopW
2626911 2253260 ray::AgentLoopW
2626916 2094964 ray::AgentLoopW
== 2026-09-06T12:34:19+09:00
Mem:            1007         710         294         369         378         297
    PID   RSS COMMAND
2619838 87714512 VLLM::Worker
2619835 87704252 VLLM::Worker
2619836 87678368 VLLM::Worker
2619837 87295324 VLLM::Worker
2557619 63968076 ray::WorkerDict
2557620 63944680 ray::WorkerDict
2557621 63730668 ray::WorkerDict
2557622 63720596 ray::WorkerDict
1317539 4827068 VLLM::Worker_TP
1317538 4824528 VLLM::Worker_TP
2626912 2323300 ray::AgentLoopW
2626911 2257868 ray::AgentLoopW
2626916 2094964 ray::AgentLoopW
== 2026-09-06T12:34:39+09:00
Mem:            1007         710         293         369         378         297
    PID   RSS COMMAND
2619838 87714512 VLLM::Worker
2619835 87704252 VLLM::Worker
2619836 87678368 VLLM::Worker
2619837 87295324 VLLM::Worker
2557619 63968076 ray::WorkerDict
2557620 63944680 ray::WorkerDict
2557621 63730668 ray::WorkerDict
2557622 63720596 ray::WorkerDict
1317539 4827068 VLLM::Worker_TP
1317538 4824528 VLLM::Worker_TP
2626912 2323300 ray::AgentLoopW
2626911 2257868 ray::AgentLoopW
2626916 2094964 ray::AgentLoopW
== 2026-09-06T12:34:59+09:00
Mem:            1007         710         293         369         378         297
    PID   RSS COMMAND
2619838 87713396 VLLM::Worker
2619835 87702512 VLLM::Worker
2619836 87677712 VLLM::Worker
2619837 87294352 VLLM::Worker
2557619 63957848 ray::WorkerDict
2557620 63936244 ray::WorkerDict
2557621 63721316 ray::WorkerDict
2557622 63711228 ray::WorkerDict
1317539 4826300 VLLM::Worker_TP
1317538 4824528 VLLM::Worker_TP
2626912 2319696 ray::AgentLoopW
2626911 2255932 ray::AgentLoopW
2626916 2094964 ray::AgentLoopW
== 2026-09-06T12:35:19+09:00
Mem:            1007         710         293         369         378         297
    PID   RSS COMMAND
2619838 87713396 VLLM::Worker
2619835 87702512 VLLM::Worker
2619836 87677712 VLLM::Worker
2619837 87294352 VLLM::Worker
2557619 63959384 ray::WorkerDict
2557620 63938548 ray::WorkerDict
2557621 63722852 ray::WorkerDict
2557622 63715068 ray::WorkerDict
1317539 4826300 VLLM::Worker_TP
1317538 4824528 VLLM::Worker_TP
2626912 2319696 ray::AgentLoopW
2626911 2255932 ray::AgentLoopW
2626916 2094964 ray::AgentLoopW
== 2026-09-06T12:35:39+09:00
Mem:            1007         710         293         369         378         297
    PID   RSS COMMAND
2619838 87713396 VLLM::Worker
2619835 87702512 VLLM::Worker
2619836 87677712 VLLM::Worker
2619837 87294352 VLLM::Worker
2557619 63960152 ray::WorkerDict
2557620 63938548 ray::WorkerDict
2557621 63722852 ray::WorkerDict
2557622 63715068 ray::WorkerDict
1317539 4826300 VLLM::Worker_TP
1317538 4824528 VLLM::Worker_TP
2626912 2319696 ray::AgentLoopW
2626911 2255932 ray::AgentLoopW
2626916 2094964 ray::AgentLoopW
== 2026-09-06T12:35:59+09:00
Mem:            1007         710         293         369         377         297
    PID   RSS COMMAND
2619838 87713396 VLLM::Worker
2619835 87703280 VLLM::Worker
2619836 87677712 VLLM::Worker
2619837 87294352 VLLM::Worker
2557619 63960920 ray::WorkerDict
2557620 63938548 ray::WorkerDict
2557621 63722852 ray::WorkerDict
2557622 63715068 ray::WorkerDict
1317539 4822460 VLLM::Worker_TP
1317538 4821456 VLLM::Worker_TP
2626912 2319696 ray::AgentLoopW
2626911 2257516 ray::AgentLoopW
2626916 2094964 ray::AgentLoopW
== 2026-09-06T12:36:19+09:00
Mem:            1007         710         294         369         377         297
    PID   RSS COMMAND
2619838 87713396 VLLM::Worker
2619835 87703280 VLLM::Worker
2619836 87677712 VLLM::Worker
2619837 87294352 VLLM::Worker
2557619 63960920 ray::WorkerDict
2557620 63938548 ray::WorkerDict
2557621 63722852 ray::WorkerDict
2557622 63715068 ray::WorkerDict
1317539 4822460 VLLM::Worker_TP
1317538 4821456 VLLM::Worker_TP
2626912 2319696 ray::AgentLoopW
2626911 2257516 ray::AgentLoopW
2626916 2094964 ray::AgentLoopW
== 2026-09-06T12:36:39+09:00
Mem:            1007         710         294         369         377         297
    PID   RSS COMMAND
2619838 87713396 VLLM::Worker
2619835 87703280 VLLM::Worker
2619836 87677712 VLLM::Worker
2619837 87294352 VLLM::Worker
2557619 63960920 ray::WorkerDict
2557620 63938548 ray::WorkerDict
2557621 63722852 ray::WorkerDict
2557622 63715068 ray::WorkerDict
1317539 4822460 VLLM::Worker_TP
1317538 4821456 VLLM::Worker_TP
2626912 2319696 ray::AgentLoopW
2626911 2257516 ray::AgentLoopW
2626916 2094964 ray::AgentLoopW
== 2026-09-06T12:36:59+09:00
Mem:            1007         482         521         369         377         525
    PID   RSS COMMAND
2619838 87713396 VLLM::Worker
2619835 87703280 VLLM::Worker
2619836 87677712 VLLM::Worker
2619837 87295120 VLLM::Worker
1317539 4822460 VLLM::Worker_TP
1317538 4821456 VLLM::Worker_TP
2557619 4339220 ray::WorkerDict
2557620 4293608 ray::WorkerDict
2557621 4147144 ray::WorkerDict
2557622 4094160 ray::WorkerDict
2626912 2319696 ray::AgentLoopW
2626911 2257516 ray::AgentLoopW
2626916 2094964 ray::AgentLoopW
== 2026-09-06T12:37:19+09:00
Mem:            1007         482         522         369         377         525
    PID   RSS COMMAND
2619838 87713396 VLLM::Worker
2619835 87703280 VLLM::Worker
2619836 87677712 VLLM::Worker
2619837 87295120 VLLM::Worker
1317539 4822460 VLLM::Worker_TP
1317538 4821456 VLLM::Worker_TP
2557619 4339988 ray::WorkerDict
2557620 4294376 ray::WorkerDict
2557621 4147912 ray::WorkerDict
2557622 4094928 ray::WorkerDict
2626912 2319696 ray::AgentLoopW
2626911 2257516 ray::AgentLoopW
2626916 2094964 ray::AgentLoopW
== 2026-09-06T12:37:39+09:00
Mem:            1007         482         522         369         377         525
    PID   RSS COMMAND
2619838 87713396 VLLM::Worker
2619835 87703280 VLLM::Worker
2619836 87677712 VLLM::Worker
2619837 87295120 VLLM::Worker
1317539 4822460 VLLM::Worker_TP
1317538 4821456 VLLM::Worker_TP
2557619 4339988 ray::WorkerDict
2557620 4294376 ray::WorkerDict
2557621 4147912 ray::WorkerDict
2557622 4094928 ray::WorkerDict
2626912 2319696 ray::AgentLoopW
2626911 2257516 ray::AgentLoopW
2626916 2094964 ray::AgentLoopW
== 2026-09-06T12:37:59+09:00
Mem:            1007         482         521         369         378         525
    PID   RSS COMMAND
2619838 87713396 VLLM::Worker
2619835 87703280 VLLM::Worker
2619836 87677712 VLLM::Worker
2619837 87295120 VLLM::Worker
1317539 4822460 VLLM::Worker_TP
1317538 4821456 VLLM::Worker_TP
2557619 4343544 ray::WorkerDict
2557620 4298824 ray::WorkerDict
2557621 4149000 ray::WorkerDict
2557622 4097152 ray::WorkerDict
2626912 2319696 ray::AgentLoopW
2626911 2257516 ray::AgentLoopW
2626916 2094964 ray::AgentLoopW
== 2026-09-06T12:38:19+09:00
Mem:            1007         482         521         369         378         525
    PID   RSS COMMAND
2619838 87713396 VLLM::Worker
2619835 87703280 VLLM::Worker
2619836 87677712 VLLM::Worker
2619837 87295120 VLLM::Worker
1317539 4822460 VLLM::Worker_TP
1317538 4821456 VLLM::Worker_TP
2557619 4343544 ray::WorkerDict
2557620 4298824 ray::WorkerDict
2557621 4149000 ray::WorkerDict
2557622 4097152 ray::WorkerDict
2626912 2319696 ray::AgentLoopW
2626911 2257516 ray::AgentLoopW
2626916 2094964 ray::AgentLoopW
== 2026-09-06T12:38:39+09:00
Mem:            1007         482         522         369         378         525
    PID   RSS COMMAND
2619838 87713396 VLLM::Worker
2619835 87703280 VLLM::Worker
2619836 87677712 VLLM::Worker
2619837 87295120 VLLM::Worker
1317539 4822460 VLLM::Worker_TP
1317538 4821456 VLLM::Worker_TP
2557619 4343544 ray::WorkerDict
2557620 4298824 ray::WorkerDict
2557621 4149000 ray::WorkerDict
2557622 4097152 ray::WorkerDict
2626912 2319696 ray::AgentLoopW
2626911 2257516 ray::AgentLoopW
2626916 2094964 ray::AgentLoopW
== 2026-09-06T12:38:59+09:00
Mem:            1007         482         522         369         378         525
    PID   RSS COMMAND
2619838 87713396 VLLM::Worker
2619835 87703280 VLLM::Worker
2619836 87677712 VLLM::Worker
2619837 87295120 VLLM::Worker
1317539 4822460 VLLM::Worker_TP
1317538 4821456 VLLM::Worker_TP
2557619 4343544 ray::WorkerDict
2557620 4298824 ray::WorkerDict
2557621 4149000 ray::WorkerDict
2557622 4097152 ray::WorkerDict
2626912 2319696 ray::AgentLoopW
2626911 2257516 ray::AgentLoopW
2626916 2094964 ray::AgentLoopW
== 2026-09-06T12:39:19+09:00
Mem:            1007         482         521         369         378         525
    PID   RSS COMMAND
2619838 87716468 VLLM::Worker
2619835 87705584 VLLM::Worker
2619836 87680016 VLLM::Worker
2619837 87298192 VLLM::Worker
1317539 4822460 VLLM::Worker_TP
1317538 4821456 VLLM::Worker_TP
2557619 4343544 ray::WorkerDict
2557620 4298824 ray::WorkerDict
2557621 4149000 ray::WorkerDict
2557622 4097152 ray::WorkerDict
2626912 2319696 ray::AgentLoopW
2626911 2257516 ray::AgentLoopW
2626916 2094964 ray::AgentLoopW
== 2026-09-06T12:39:39+09:00
Mem:            1007         482         522         369         378         525
    PID   RSS COMMAND
2619838 87716468 VLLM::Worker
2619835 87705584 VLLM::Worker
2619836 87680016 VLLM::Worker
2619837 87298192 VLLM::Worker
1317539 4822460 VLLM::Worker_TP
1317538 4821456 VLLM::Worker_TP
2557619 4343544 ray::WorkerDict
2557620 4298824 ray::WorkerDict
2557621 4149000 ray::WorkerDict
2557622 4097152 ray::WorkerDict
2626912 2319696 ray::AgentLoopW
2626911 2257516 ray::AgentLoopW
2626916 2094964 ray::AgentLoopW
== 2026-09-06T12:39:59+09:00
Mem:            1007         482         522         369         378         525
    PID   RSS COMMAND
2619838 87716468 VLLM::Worker
2619835 87705584 VLLM::Worker
2619836 87680016 VLLM::Worker
2619837 87298192 VLLM::Worker
1317539 4822460 VLLM::Worker_TP
1317538 4821456 VLLM::Worker_TP
2557619 4343544 ray::WorkerDict
2557620 4298824 ray::WorkerDict
2557621 4149000 ray::WorkerDict
2557622 4097152 ray::WorkerDict
2626912 2319696 ray::AgentLoopW
2626911 2257516 ray::AgentLoopW
2626916 2094964 ray::AgentLoopW
== 2026-09-06T12:40:20+09:00
Mem:            1007         482         521         369         378         525
    PID   RSS COMMAND
2619838 87716468 VLLM::Worker
2619835 87705584 VLLM::Worker
2619836 87680016 VLLM::Worker
2619837 87298192 VLLM::Worker
1317539 4822460 VLLM::Worker_TP
1317538 4821456 VLLM::Worker_TP
2557619 4343544 ray::WorkerDict
2557620 4298824 ray::WorkerDict
2557621 4149000 ray::WorkerDict
2557622 4097152 ray::WorkerDict
2626912 2319696 ray::AgentLoopW
2626911 2257516 ray::AgentLoopW
2626916 2094964 ray::AgentLoopW
== 2026-09-06T12:40:40+09:00
Mem:            1007         482         521         369         378         525
    PID   RSS COMMAND
2619838 87716468 VLLM::Worker
2619835 87705584 VLLM::Worker
2619836 87680016 VLLM::Worker
2619837 87298192 VLLM::Worker
1317539 4822460 VLLM::Worker_TP
1317538 4821456 VLLM::Worker_TP
2557619 4343544 ray::WorkerDict
2557620 4298824 ray::WorkerDict
2557621 4149000 ray::WorkerDict
2557622 4097152 ray::WorkerDict
2626912 2319696 ray::AgentLoopW
2626911 2257516 ray::AgentLoopW
2626916 2094964 ray::AgentLoopW
== 2026-09-06T12:41:00+09:00
Mem:            1007         541         462         369         378         466
    PID   RSS COMMAND
2619838 87716468 VLLM::Worker
2619835 87705584 VLLM::Worker
2619836 87680016 VLLM::Worker
2619837 87298192 VLLM::Worker
2557619 20162856 ray::WorkerDict
2557620 20075692 ray::WorkerDict
2557621 19316232 ray::WorkerDict
2557622 19274368 ray::WorkerDict
1317539 4822460 VLLM::Worker_TP
1317538 4821456 VLLM::Worker_TP
2626912 2319696 ray::AgentLoopW
2626911 2257516 ray::AgentLoopW
2626916 2094964 ray::AgentLoopW
== 2026-09-06T12:41:20+09:00
Mem:            1007         675         329         369         378         332
    PID   RSS COMMAND
2619838 87716468 VLLM::Worker
2619835 87705584 VLLM::Worker
2619836 87680016 VLLM::Worker
2619837 87298192 VLLM::Worker
2557619 55211436 ray::WorkerDict
2557620 55122020 ray::WorkerDict
2557621 54417672 ray::WorkerDict
2557622 54370432 ray::WorkerDict
1317539 4822460 VLLM::Worker_TP
1317538 4821456 VLLM::Worker_TP
2626912 2319696 ray::AgentLoopW
2626911 2257516 ray::AgentLoopW
2626916 2094964 ray::AgentLoopW
== 2026-09-06T12:41:40+09:00
Mem:            1007         711         293         369         378         296
    PID   RSS COMMAND
2619838 87716468 VLLM::Worker
2619835 87705584 VLLM::Worker
2619836 87680016 VLLM::Worker
2619837 87298192 VLLM::Worker
2557621 64176116 ray::WorkerDict
2557619 64160080 ray::WorkerDict
2557620 63927248 ray::WorkerDict
2557622 63753856 ray::WorkerDict
1317539 4822460 VLLM::Worker_TP
1317538 4821456 VLLM::Worker_TP
2626912 2319696 ray::AgentLoopW
2626911 2257516 ray::AgentLoopW
2626916 2094964 ray::AgentLoopW
== 2026-09-06T12:42:00+09:00
Mem:            1007         710         293         369         378         297
    PID   RSS COMMAND
2619838 87716468 VLLM::Worker
2619835 87705584 VLLM::Worker
2619836 87680016 VLLM::Worker
2619837 87298192 VLLM::Worker
2557619 63976780 ray::WorkerDict
2557620 63920964 ray::WorkerDict
2557622 63896536 ray::WorkerDict
2557621 63881540 ray::WorkerDict
1317539 4833212 VLLM::Worker_TP
1317538 4832208 VLLM::Worker_TP
2626912 2319696 ray::AgentLoopW
2626911 2257516 ray::AgentLoopW
2626916 2094964 ray::AgentLoopW
== 2026-09-06T12:42:20+09:00
Mem:            1007         710         293         369         378         296
    PID   RSS COMMAND
2619838 87716468 VLLM::Worker
2619835 87707120 VLLM::Worker
2619836 87680784 VLLM::Worker
2619837 87297984 VLLM::Worker
2557619 63977548 ray::WorkerDict
2557620 63904580 ray::WorkerDict
2557622 63896536 ray::WorkerDict
2557621 63784000 ray::WorkerDict
1317539 4833212 VLLM::Worker_TP
1317538 4832208 VLLM::Worker_TP
2626912 2404992 ray::AgentLoopW
2626911 2278252 ray::AgentLoopW
2626910 2251540 ray::AgentLoopW
== 2026-09-06T12:42:40+09:00
Mem:            1007         710         293         369         378         296
    PID   RSS COMMAND
2619838 87717236 VLLM::Worker
2619835 87710192 VLLM::Worker
2619836 87684624 VLLM::Worker
2619837 87303360 VLLM::Worker
2557619 63977548 ray::WorkerDict
2557620 63904580 ray::WorkerDict
2557622 63896536 ray::WorkerDict
2557621 63784000 ray::WorkerDict
1317539 4833212 VLLM::Worker_TP
1317538 4832208 VLLM::Worker_TP
2626912 2404992 ray::AgentLoopW
2626911 2278252 ray::AgentLoopW
2626910 2251540 ray::AgentLoopW
== 2026-09-06T12:43:00+09:00
Mem:            1007         711         292         369         378         296
    PID   RSS COMMAND
2619838 87714932 VLLM::Worker
2619835 87707888 VLLM::Worker
2619836 87683856 VLLM::Worker
2619837 87295704 VLLM::Worker
2557619 63968332 ray::WorkerDict
2557620 63895364 ray::WorkerDict
2557622 63886552 ray::WorkerDict
2557621 63774784 ray::WorkerDict
1317539 4833212 VLLM::Worker_TP
1317538 4832208 VLLM::Worker_TP
2626912 2408064 ray::AgentLoopW
2626911 2275132 ray::AgentLoopW
2626910 2249880 ray::AgentLoopW
== 2026-09-06T12:43:20+09:00
Mem:            1007         711         292         369         378         296
    PID   RSS COMMAND
2619838 87715700 VLLM::Worker
2619835 87706744 VLLM::Worker
2619836 87684624 VLLM::Worker
2619837 87294936 VLLM::Worker
2557619 63968332 ray::WorkerDict
2557620 63895364 ray::WorkerDict
2557622 63886552 ray::WorkerDict
2557621 63774784 ray::WorkerDict
1317539 4833212 VLLM::Worker_TP
1317538 4832208 VLLM::Worker_TP
2626912 2408064 ray::AgentLoopW
2626911 2275180 ray::AgentLoopW
2626910 2250772 ray::AgentLoopW
== 2026-09-06T12:43:40+09:00
Mem:            1007         711         292         369         378         296
    PID   RSS COMMAND
2619838 87715700 VLLM::Worker
2619835 87706744 VLLM::Worker
2619836 87683824 VLLM::Worker
2619837 87294936 VLLM::Worker
2557619 63967564 ray::WorkerDict
2557620 63895364 ray::WorkerDict
2557622 63886552 ray::WorkerDict
2557621 63774784 ray::WorkerDict
1317539 4833212 VLLM::Worker_TP
1317538 4832208 VLLM::Worker_TP
2626912 2411904 ray::AgentLoopW
2626911 2275180 ray::AgentLoopW
2626910 2250772 ray::AgentLoopW
== 2026-09-06T12:44:00+09:00
Mem:            1007         711         292         369         378         296
    PID   RSS COMMAND
2619838 87715700 VLLM::Worker
2619835 87706744 VLLM::Worker
2619836 87683024 VLLM::Worker
2619837 87294936 VLLM::Worker
2557619 63967564 ray::WorkerDict
2557620 63895364 ray::WorkerDict
2557622 63886552 ray::WorkerDict
2557621 63774784 ray::WorkerDict
1317539 4833212 VLLM::Worker_TP
1317538 4832208 VLLM::Worker_TP
2626912 2411904 ray::AgentLoopW
2626911 2275180 ray::AgentLoopW
2626910 2250772 ray::AgentLoopW
== 2026-09-06T12:44:20+09:00
Mem:            1007         711         292         369         378         296
    PID   RSS COMMAND
2619838 87715700 VLLM::Worker
2619835 87706744 VLLM::Worker
2619836 87683024 VLLM::Worker
2619837 87294936 VLLM::Worker
2557619 63967564 ray::WorkerDict
2557620 63895364 ray::WorkerDict
2557622 63886552 ray::WorkerDict
2557621 63774784 ray::WorkerDict
1317539 4833212 VLLM::Worker_TP
1317538 4832208 VLLM::Worker_TP
2626912 2411904 ray::AgentLoopW
2626911 2275180 ray::AgentLoopW
2626910 2250772 ray::AgentLoopW
== 2026-09-06T12:44:40+09:00
Mem:            1007         711         292         369         378         296
    PID   RSS COMMAND
2619838 87715700 VLLM::Worker
2619835 87706744 VLLM::Worker
2619836 87683024 VLLM::Worker
2619837 87294936 VLLM::Worker
2557619 63967564 ray::WorkerDict
2557620 63895364 ray::WorkerDict
2557622 63886552 ray::WorkerDict
2557621 63774784 ray::WorkerDict
1317539 4833212 VLLM::Worker_TP
1317538 4832208 VLLM::Worker_TP
2626912 2411904 ray::AgentLoopW
2626911 2275180 ray::AgentLoopW
2626910 2250772 ray::AgentLoopW
== 2026-09-06T12:45:00+09:00
Mem:            1007         711         292         369         378         296
    PID   RSS COMMAND
2619838 87715700 VLLM::Worker
2619835 87706744 VLLM::Worker
2619836 87683024 VLLM::Worker
2619837 87294936 VLLM::Worker
2557619 63967564 ray::WorkerDict
2557620 63895364 ray::WorkerDict
2557622 63886552 ray::WorkerDict
2557621 63774784 ray::WorkerDict
1317539 4833212 VLLM::Worker_TP
1317538 4832208 VLLM::Worker_TP
2626912 2411904 ray::AgentLoopW
2626911 2275180 ray::AgentLoopW
2626910 2250772 ray::AgentLoopW
== 2026-09-06T12:45:20+09:00
Mem:            1007         711         293         369         378         296
    PID   RSS COMMAND
2619838 87715700 VLLM::Worker
2619835 87706744 VLLM::Worker
2619836 87683024 VLLM::Worker
2619837 87294936 VLLM::Worker
2557619 63967564 ray::WorkerDict
2557620 63895364 ray::WorkerDict
2557622 63886552 ray::WorkerDict
2557621 63774784 ray::WorkerDict
1317539 4833212 VLLM::Worker_TP
1317538 4832208 VLLM::Worker_TP
2626912 2411904 ray::AgentLoopW
2626911 2275180 ray::AgentLoopW
2626910 2250772 ray::AgentLoopW
== 2026-09-06T12:45:40+09:00
Mem:            1007         483         520         369         378         524
    PID   RSS COMMAND
2619838 87716468 VLLM::Worker
2619835 87707512 VLLM::Worker
2619836 87682252 VLLM::Worker
2619837 87293912 VLLM::Worker
1317539 4833212 VLLM::Worker_TP
1317538 4832208 VLLM::Worker_TP
2557619 4347264 ray::WorkerDict
2557620 4322500 ray::WorkerDict
2557621 4172804 ray::WorkerDict
2557622 4097524 ray::WorkerDict
2626912 2411904 ray::AgentLoopW
2626911 2275180 ray::AgentLoopW
2626910 2250772 ray::AgentLoopW
== 2026-09-06T12:46:00+09:00
Mem:            1007         482         521         369         378         524
    PID   RSS COMMAND
2619838 87716468 VLLM::Worker
2619835 87707512 VLLM::Worker
2619836 87682252 VLLM::Worker
2619837 87293912 VLLM::Worker
1317539 4833212 VLLM::Worker_TP
1317538 4832208 VLLM::Worker_TP
2557619 4347264 ray::WorkerDict
2557620 4322500 ray::WorkerDict
2557621 4173572 ray::WorkerDict
2557622 4097524 ray::WorkerDict
2626912 2411904 ray::AgentLoopW
2626911 2275180 ray::AgentLoopW
2626910 2250772 ray::AgentLoopW
== 2026-09-06T12:46:20+09:00
Mem:            1007         483         520         369         378         524
    PID   RSS COMMAND
2619838 87716468 VLLM::Worker
2619835 87707512 VLLM::Worker
2619836 87682252 VLLM::Worker
2619837 87293912 VLLM::Worker
1317539 4833212 VLLM::Worker_TP
1317538 4832208 VLLM::Worker_TP
2557619 4347264 ray::WorkerDict
2557620 4322500 ray::WorkerDict
2557621 4173572 ray::WorkerDict
2557622 4097524 ray::WorkerDict
2626912 2411904 ray::AgentLoopW
2626911 2275180 ray::AgentLoopW
2626910 2250772 ray::AgentLoopW
== 2026-09-06T12:46:40+09:00
Mem:            1007         483         520         369         378         524
    PID   RSS COMMAND
2619838 87716468 VLLM::Worker
2619835 87707512 VLLM::Worker
2619836 87682252 VLLM::Worker
2619837 87293912 VLLM::Worker
1317539 4833212 VLLM::Worker_TP
1317538 4832208 VLLM::Worker_TP
2557619 4347264 ray::WorkerDict
2557620 4322500 ray::WorkerDict
2557621 4173572 ray::WorkerDict
2557622 4097524 ray::WorkerDict
2626912 2411904 ray::AgentLoopW
2626911 2275180 ray::AgentLoopW
2626910 2250772 ray::AgentLoopW
== 2026-09-06T12:47:00+09:00
Mem:            1007         482         521         369         378         524
    PID   RSS COMMAND
2619838 87716468 VLLM::Worker
2619835 87707512 VLLM::Worker
2619836 87682252 VLLM::Worker
2619837 87293912 VLLM::Worker
1317539 4833212 VLLM::Worker_TP
1317538 4832208 VLLM::Worker_TP
2557619 4347264 ray::WorkerDict
2557620 4322500 ray::WorkerDict
2557621 4173572 ray::WorkerDict
2557622 4097524 ray::WorkerDict
2626912 2411904 ray::AgentLoopW
2626911 2275180 ray::AgentLoopW
2626910 2250772 ray::AgentLoopW
== 2026-09-06T12:47:20+09:00
Mem:            1007         482         521         369         378         524
    PID   RSS COMMAND
2619838 87716468 VLLM::Worker
2619835 87707512 VLLM::Worker
2619836 87682252 VLLM::Worker
2619837 87293912 VLLM::Worker
1317539 4833212 VLLM::Worker_TP
1317538 4832208 VLLM::Worker_TP
2557619 4350628 ray::WorkerDict
2557620 4336252 ray::WorkerDict
2557621 4164596 ray::WorkerDict
2557622 4104436 ray::WorkerDict
2626912 2411904 ray::AgentLoopW
2626911 2275180 ray::AgentLoopW
2626910 2250772 ray::AgentLoopW
== 2026-09-06T12:47:40+09:00
Mem:            1007         482         521         369         378         524
    PID   RSS COMMAND
2619838 87716468 VLLM::Worker
2619835 87707512 VLLM::Worker
2619836 87682252 VLLM::Worker
2619837 87293912 VLLM::Worker
1317539 4833212 VLLM::Worker_TP
1317538 4832208 VLLM::Worker_TP
2557619 4350628 ray::WorkerDict
2557620 4336252 ray::WorkerDict
2557621 4164596 ray::WorkerDict
2557622 4104436 ray::WorkerDict
2626912 2411904 ray::AgentLoopW
2626911 2275180 ray::AgentLoopW
2626910 2250772 ray::AgentLoopW
== 2026-09-06T12:48:00+09:00
Mem:            1007         482         521         369         378         524
    PID   RSS COMMAND
2619838 87716468 VLLM::Worker
2619835 87707512 VLLM::Worker
2619836 87682252 VLLM::Worker
2619837 87293912 VLLM::Worker
1317539 4833212 VLLM::Worker_TP
1317538 4832208 VLLM::Worker_TP
2557619 4350628 ray::WorkerDict
2557620 4336252 ray::WorkerDict
2557621 4164596 ray::WorkerDict
2557622 4104436 ray::WorkerDict
2626912 2411904 ray::AgentLoopW
2626911 2275180 ray::AgentLoopW
2626910 2250772 ray::AgentLoopW
== 2026-09-06T12:48:20+09:00
Mem:            1007         483         521         369         378         524
    PID   RSS COMMAND
2619838 87716468 VLLM::Worker
2619835 87707512 VLLM::Worker
2619836 87682252 VLLM::Worker
2619837 87293912 VLLM::Worker
1317539 4833212 VLLM::Worker_TP
1317538 4832208 VLLM::Worker_TP
2557619 4350628 ray::WorkerDict
2557620 4336252 ray::WorkerDict
2557621 4164596 ray::WorkerDict
2557622 4104436 ray::WorkerDict
2626912 2411904 ray::AgentLoopW
2626911 2275180 ray::AgentLoopW
2626910 2250772 ray::AgentLoopW
== 2026-09-06T12:48:40+09:00
Mem:            1007         482         521         369         378         524
    PID   RSS COMMAND
2619838 87716468 VLLM::Worker
2619835 87707512 VLLM::Worker
2619836 87682252 VLLM::Worker
2619837 87293912 VLLM::Worker
1317539 4833212 VLLM::Worker_TP
1317538 4832208 VLLM::Worker_TP
2557619 4350628 ray::WorkerDict
2557620 4336252 ray::WorkerDict
2557621 4164596 ray::WorkerDict
2557622 4104436 ray::WorkerDict
2626912 2411904 ray::AgentLoopW
2626911 2275180 ray::AgentLoopW
2626910 2250772 ray::AgentLoopW
== 2026-09-06T12:49:00+09:00
Mem:            1007         482         521         369         378         524
    PID   RSS COMMAND
2619838 87716468 VLLM::Worker
2619835 87707512 VLLM::Worker
2619836 87682252 VLLM::Worker
2619837 87293912 VLLM::Worker
1317539 4833212 VLLM::Worker_TP
1317538 4832208 VLLM::Worker_TP
2557619 4350628 ray::WorkerDict
2557620 4336252 ray::WorkerDict
2557621 4164596 ray::WorkerDict
2557622 4104436 ray::WorkerDict
2626912 2411904 ray::AgentLoopW
2626911 2275180 ray::AgentLoopW
2626910 2250772 ray::AgentLoopW
== 2026-09-06T12:49:20+09:00
Mem:            1007         482         521         369         378         524
    PID   RSS COMMAND
2619838 87716468 VLLM::Worker
2619835 87707512 VLLM::Worker
2619836 87683020 VLLM::Worker
2619837 87293912 VLLM::Worker
1317539 4833212 VLLM::Worker_TP
1317538 4832208 VLLM::Worker_TP
2557619 4350628 ray::WorkerDict
2557620 4336252 ray::WorkerDict
2557621 4164596 ray::WorkerDict
2557622 4104436 ray::WorkerDict
2626912 2411904 ray::AgentLoopW
2626911 2275180 ray::AgentLoopW
2626910 2250772 ray::AgentLoopW
== 2026-09-06T12:49:41+09:00
Mem:            1007         482         521         369         378         524
    PID   RSS COMMAND
2619838 87714920 VLLM::Worker
2619835 87705916 VLLM::Worker
2619836 87682148 VLLM::Worker
2619837 87292336 VLLM::Worker
1317538 4830236 VLLM::Worker_TP
1317539 4830160 VLLM::Worker_TP
2557619 4349756 ray::WorkerDict
2557620 4335352 ray::WorkerDict
2557621 4164512 ray::WorkerDict
2557622 4102816 ray::WorkerDict
2626912 2411904 ray::AgentLoopW
2626911 2275180 ray::AgentLoopW
2626910 2250772 ray::AgentLoopW
== 2026-09-06T12:50:01+09:00
Mem:            1007         482         521         369         378         524
    PID   RSS COMMAND
2619838 87714920 VLLM::Worker
2619835 87705916 VLLM::Worker
2619836 87682148 VLLM::Worker
2619837 87292336 VLLM::Worker
1317538 4830236 VLLM::Worker_TP
1317539 4830160 VLLM::Worker_TP
2557619 4349756 ray::WorkerDict
2557620 4335352 ray::WorkerDict
2557621 4164512 ray::WorkerDict
2557622 4102816 ray::WorkerDict
2626912 2411904 ray::AgentLoopW
2626911 2275180 ray::AgentLoopW
2626910 2250772 ray::AgentLoopW
== 2026-09-06T12:50:21+09:00
Mem:            1007         483         521         369         378         524
    PID   RSS COMMAND
2619838 87714920 VLLM::Worker
2619835 87705916 VLLM::Worker
2619836 87681332 VLLM::Worker
2619837 87291568 VLLM::Worker
1317538 4830236 VLLM::Worker_TP
1317539 4830160 VLLM::Worker_TP
2557619 4349672 ray::WorkerDict
2557620 4335332 ray::WorkerDict
2557621 4164436 ray::WorkerDict
2557622 4103484 ray::WorkerDict
2626912 2411904 ray::AgentLoopW
2626911 2275180 ray::AgentLoopW
2626910 2250772 ray::AgentLoopW
== 2026-09-06T12:50:41+09:00
Mem:            1007         483         521         369         378         524
    PID   RSS COMMAND
2619838 87714920 VLLM::Worker
2619835 87705916 VLLM::Worker
2619836 87681332 VLLM::Worker
2619837 87291568 VLLM::Worker
1317538 4830236 VLLM::Worker_TP
1317539 4830160 VLLM::Worker_TP
2557619 4349672 ray::WorkerDict
2557620 4335332 ray::WorkerDict
2557621 4164436 ray::WorkerDict
2557622 4103484 ray::WorkerDict
2626912 2411904 ray::AgentLoopW
2626911 2275180 ray::AgentLoopW
2626910 2250772 ray::AgentLoopW
== 2026-09-06T12:51:01+09:00
Mem:            1007         482         521         369         378         524
    PID   RSS COMMAND
2619838 87714920 VLLM::Worker
2619835 87705916 VLLM::Worker
2619836 87681332 VLLM::Worker
2619837 87291568 VLLM::Worker
1317538 4830236 VLLM::Worker_TP
1317539 4830160 VLLM::Worker_TP
2557619 4349672 ray::WorkerDict
2557620 4335332 ray::WorkerDict
2557621 4164436 ray::WorkerDict
2557622 4103484 ray::WorkerDict
2626912 2411904 ray::AgentLoopW
2626911 2275180 ray::AgentLoopW
2626910 2250772 ray::AgentLoopW
== 2026-09-06T12:51:21+09:00
Mem:            1007         482         521         369         378         524
    PID   RSS COMMAND
2619838 87714920 VLLM::Worker
2619835 87705916 VLLM::Worker
2619836 87681332 VLLM::Worker
2619837 87291568 VLLM::Worker
1317539 4830160 VLLM::Worker_TP
1317538 4829468 VLLM::Worker_TP
2557619 4350440 ray::WorkerDict
2557620 4335332 ray::WorkerDict
2557621 4165204 ray::WorkerDict
2557622 4103484 ray::WorkerDict
2626912 2411904 ray::AgentLoopW
2626911 2275180 ray::AgentLoopW
2626910 2250772 ray::AgentLoopW
== 2026-09-06T12:51:41+09:00
Mem:            1007         483         521         369         378         524
    PID   RSS COMMAND
2619838 87714920 VLLM::Worker
2619835 87705916 VLLM::Worker
2619836 87681332 VLLM::Worker
2619837 87291568 VLLM::Worker
1317539 4830160 VLLM::Worker_TP
1317538 4829468 VLLM::Worker_TP
2557619 4350440 ray::WorkerDict
2557620 4336100 ray::WorkerDict
2557621 4165204 ray::WorkerDict
2557622 4103484 ray::WorkerDict
2626912 2411904 ray::AgentLoopW
2626911 2275180 ray::AgentLoopW
2626910 2250772 ray::AgentLoopW
== 2026-09-06T12:52:01+09:00
Mem:            1007         483         521         369         378         524
    PID   RSS COMMAND
2619838 87714920 VLLM::Worker
2619835 87705916 VLLM::Worker
2619836 87681332 VLLM::Worker
2619837 87291568 VLLM::Worker
1317538 4831004 VLLM::Worker_TP
1317539 4830160 VLLM::Worker_TP
2557619 4350440 ray::WorkerDict
2557620 4336100 ray::WorkerDict
2557621 4165204 ray::WorkerDict
2557622 4103484 ray::WorkerDict
2626912 2411904 ray::AgentLoopW
2626911 2275180 ray::AgentLoopW
2626910 2250772 ray::AgentLoopW
== 2026-09-06T12:52:21+09:00
Mem:            1007         483         521         369         378         524
    PID   RSS COMMAND
2619838 87714920 VLLM::Worker
2619835 87705916 VLLM::Worker
2619836 87681332 VLLM::Worker
2619837 87291568 VLLM::Worker
1317538 4831004 VLLM::Worker_TP
1317539 4830160 VLLM::Worker_TP
2557619 4350440 ray::WorkerDict
2557620 4336100 ray::WorkerDict
2557621 4165204 ray::WorkerDict
2557622 4103484 ray::WorkerDict
2626912 2411904 ray::AgentLoopW
2626911 2275180 ray::AgentLoopW
2626910 2250772 ray::AgentLoopW
== 2026-09-06T12:52:41+09:00
Mem:            1007         482         521         369         378         524
    PID   RSS COMMAND
2619838 87714920 VLLM::Worker
2619835 87705916 VLLM::Worker
2619836 87681332 VLLM::Worker
2619837 87291568 VLLM::Worker
1317538 4831004 VLLM::Worker_TP
1317539 4830160 VLLM::Worker_TP
2557619 4350440 ray::WorkerDict
2557620 4336100 ray::WorkerDict
2557621 4165204 ray::WorkerDict
2557622 4103484 ray::WorkerDict
2626912 2411904 ray::AgentLoopW
2626911 2275180 ray::AgentLoopW
2626910 2250772 ray::AgentLoopW
== 2026-09-06T12:53:01+09:00
Mem:            1007         482         521         369         378         524
    PID   RSS COMMAND
2619838 87714920 VLLM::Worker
2619835 87705916 VLLM::Worker
2619836 87681332 VLLM::Worker
2619837 87291568 VLLM::Worker
1317538 4831004 VLLM::Worker_TP
1317539 4830160 VLLM::Worker_TP
2557619 4350440 ray::WorkerDict
2557620 4336100 ray::WorkerDict
2557621 4165204 ray::WorkerDict
2557622 4104252 ray::WorkerDict
2626912 2411904 ray::AgentLoopW
2626911 2275180 ray::AgentLoopW
2626910 2250772 ray::AgentLoopW
== 2026-09-06T12:53:21+09:00
Mem:            1007         482         521         369         378         524
    PID   RSS COMMAND
2619838 87714920 VLLM::Worker
2619835 87705916 VLLM::Worker
2619836 87681332 VLLM::Worker
2619837 87291568 VLLM::Worker
1317538 4831004 VLLM::Worker_TP
1317539 4830160 VLLM::Worker_TP
2557619 4297884 ray::WorkerDict
2557620 4273380 ray::WorkerDict
2557621 4111428 ray::WorkerDict
2557622 4105788 ray::WorkerDict
2626912 2411904 ray::AgentLoopW
2626911 2275180 ray::AgentLoopW
2626910 2250772 ray::AgentLoopW
== 2026-09-06T12:53:41+09:00
Mem:            1007         596         407         369         378         411
    PID   RSS COMMAND
2619838 87714920 VLLM::Worker
2619835 87705916 VLLM::Worker
2619836 87681332 VLLM::Worker
2619837 87291568 VLLM::Worker
2557619 34342416 ray::WorkerDict
2557620 34317748 ray::WorkerDict
2557621 33637832 ray::WorkerDict
2557622 33632444 ray::WorkerDict
1317539 4830160 VLLM::Worker_TP
1317538 4829120 VLLM::Worker_TP
2626912 2411904 ray::AgentLoopW
2626911 2275180 ray::AgentLoopW
2626910 2250772 ray::AgentLoopW
== 2026-09-06T12:54:01+09:00
Mem:            1007         710         293         369         378         296
    PID   RSS COMMAND
2619838 87714920 VLLM::Worker
2619835 87705916 VLLM::Worker
2619836 87681332 VLLM::Worker
2619837 87291568 VLLM::Worker
2557619 64033560 ray::WorkerDict
2557620 63960760 ray::WorkerDict
2557622 63911420 ray::WorkerDict
2557621 63819016 ray::WorkerDict
1317539 4830160 VLLM::Worker_TP
1317538 4829120 VLLM::Worker_TP
2626912 2411904 ray::AgentLoopW
2626911 2275180 ray::AgentLoopW
2626910 2250772 ray::AgentLoopW
== 2026-09-06T12:54:21+09:00
Mem:            1007         711         292         369         378         295
    PID   RSS COMMAND
2619838 87714920 VLLM::Worker
2619835 87705916 VLLM::Worker
2619836 87681332 VLLM::Worker
2619837 87291568 VLLM::Worker
2557621 64409608 ray::WorkerDict
2557622 64186364 ray::WorkerDict
2557620 64183996 ray::WorkerDict
2557619 64062228 ray::WorkerDict
1317539 4830160 VLLM::Worker_TP
1317538 4829120 VLLM::Worker_TP
2626912 2411904 ray::AgentLoopW
2626911 2275180 ray::AgentLoopW
2626910 2250772 ray::AgentLoopW
== 2026-09-06T12:54:41+09:00
Mem:            1007         710         293         369         378         296
    PID   RSS COMMAND
2619838 87716456 VLLM::Worker
2619835 87705916 VLLM::Worker
2619836 87682868 VLLM::Worker
2619837 87291568 VLLM::Worker
2557619 63930132 ray::WorkerDict
2557620 63905464 ray::WorkerDict
2557621 63858452 ray::WorkerDict
2557622 63835396 ray::WorkerDict
1317539 4830160 VLLM::Worker_TP
1317538 4829120 VLLM::Worker_TP
2626912 2411904 ray::AgentLoopW
2626911 2275180 ray::AgentLoopW
2626910 2250772 ray::AgentLoopW
== 2026-09-06T12:55:01+09:00
Mem:            1007         711         293         369         378         296
    PID   RSS COMMAND
2619838 87717992 VLLM::Worker
2619835 87711056 VLLM::Worker
2619836 87687476 VLLM::Worker
2619837 87295408 VLLM::Worker
2557619 63926292 ray::WorkerDict
2557620 63900856 ray::WorkerDict
2557621 63854612 ray::WorkerDict
2557622 63734016 ray::WorkerDict
1317539 4830160 VLLM::Worker_TP
1317538 4829120 VLLM::Worker_TP
2626912 2428032 ray::AgentLoopW
2626910 2296800 ray::AgentLoopW
2626911 2276716 ray::AgentLoopW
== 2026-09-06T12:55:21+09:00
Mem:            1007         711         292         369         378         296
    PID   RSS COMMAND
2619838 87717992 VLLM::Worker
2619835 87711056 VLLM::Worker
2619836 87687476 VLLM::Worker
2619837 87295408 VLLM::Worker
2557619 63926292 ray::WorkerDict
2557620 63900856 ray::WorkerDict
2557621 63854612 ray::WorkerDict
2557622 63734016 ray::WorkerDict
1317539 4830160 VLLM::Worker_TP
1317538 4829120 VLLM::Worker_TP
2626912 2428032 ray::AgentLoopW
2626910 2296800 ray::AgentLoopW
2626911 2276716 ray::AgentLoopW
== 2026-09-06T12:55:41+09:00
Mem:            1007         711         292         369         378         296
    PID   RSS COMMAND
2619838 87717992 VLLM::Worker
2619835 87711056 VLLM::Worker
2619836 87687476 VLLM::Worker
2619837 87295408 VLLM::Worker
2557619 63926292 ray::WorkerDict
2557620 63900856 ray::WorkerDict
2557621 63854612 ray::WorkerDict
2557622 63734016 ray::WorkerDict
1317539 4830160 VLLM::Worker_TP
1317538 4829120 VLLM::Worker_TP
2626912 2428032 ray::AgentLoopW
2626910 2296800 ray::AgentLoopW
2626911 2276716 ray::AgentLoopW
== 2026-09-06T12:56:01+09:00
Mem:            1007         711         292         369         378         296
    PID   RSS COMMAND
2619838 87717992 VLLM::Worker
2619835 87711056 VLLM::Worker
2619836 87687476 VLLM::Worker
2619837 87295408 VLLM::Worker
2557619 63926292 ray::WorkerDict
2557620 63900856 ray::WorkerDict
2557621 63854612 ray::WorkerDict
2557622 63734016 ray::WorkerDict
1317539 4830160 VLLM::Worker_TP
1317538 4829120 VLLM::Worker_TP
2626912 2428032 ray::AgentLoopW
2626910 2296800 ray::AgentLoopW
2626911 2276716 ray::AgentLoopW
== 2026-09-06T12:56:21+09:00
Mem:            1007         711         292         369         378         296
    PID   RSS COMMAND
2619838 87717992 VLLM::Worker
2619835 87711056 VLLM::Worker
2619836 87687476 VLLM::Worker
2619837 87295408 VLLM::Worker
2557619 63926292 ray::WorkerDict
2557620 63900856 ray::WorkerDict
2557621 63854612 ray::WorkerDict
2557622 63734016 ray::WorkerDict
1317539 4830160 VLLM::Worker_TP
1317538 4829120 VLLM::Worker_TP
2626912 2428032 ray::AgentLoopW
2626910 2296800 ray::AgentLoopW
2626911 2276716 ray::AgentLoopW
== 2026-09-06T12:56:41+09:00
Mem:            1007         711         292         369         378         296
    PID   RSS COMMAND
2619838 87718760 VLLM::Worker
2619835 87711056 VLLM::Worker
2619836 87687476 VLLM::Worker
2619837 87295408 VLLM::Worker
2557619 63926292 ray::WorkerDict
2557620 63900856 ray::WorkerDict
2557621 63854612 ray::WorkerDict
2557622 63734016 ray::WorkerDict
1317539 4830160 VLLM::Worker_TP
1317538 4829120 VLLM::Worker_TP
2626912 2428032 ray::AgentLoopW
2626910 2296800 ray::AgentLoopW
2626911 2276716 ray::AgentLoopW
== 2026-09-06T12:57:01+09:00
Mem:            1007         710         292         369         378         296
    PID   RSS COMMAND
2619838 87718760 VLLM::Worker
2619835 87711056 VLLM::Worker
2619836 87687476 VLLM::Worker
2619837 87295408 VLLM::Worker
2557619 63926292 ray::WorkerDict
2557620 63900856 ray::WorkerDict
2557621 63854612 ray::WorkerDict
2557622 63734016 ray::WorkerDict
1317539 4830160 VLLM::Worker_TP
1317538 4829120 VLLM::Worker_TP
2626912 2428032 ray::AgentLoopW
2626910 2296800 ray::AgentLoopW
2626911 2276716 ray::AgentLoopW
== 2026-09-06T12:57:21+09:00
Mem:            1007         711         292         369         378         296
    PID   RSS COMMAND
2619838 87718760 VLLM::Worker
2619835 87711056 VLLM::Worker
2619836 87687476 VLLM::Worker
2619837 87295408 VLLM::Worker
2557619 63926292 ray::WorkerDict
2557620 63900856 ray::WorkerDict
2557621 63854612 ray::WorkerDict
2557622 63734016 ray::WorkerDict
1317539 4830160 VLLM::Worker_TP
1317538 4829120 VLLM::Worker_TP
2626912 2428032 ray::AgentLoopW
2626910 2296800 ray::AgentLoopW
2626911 2276716 ray::AgentLoopW
== 2026-09-06T12:57:41+09:00
Mem:            1007         711         292         369         378         296
    PID   RSS COMMAND
2619838 87718760 VLLM::Worker
2619835 87711056 VLLM::Worker
2619836 87687476 VLLM::Worker
2619837 87295408 VLLM::Worker
2557619 63926292 ray::WorkerDict
2557620 63900856 ray::WorkerDict
2557621 63854612 ray::WorkerDict
2557622 63734016 ray::WorkerDict
1317539 4830160 VLLM::Worker_TP
1317538 4829120 VLLM::Worker_TP
2626912 2428032 ray::AgentLoopW
2626910 2296800 ray::AgentLoopW
2626911 2276716 ray::AgentLoopW
== 2026-09-06T12:58:01+09:00
Mem:            1007         711         292         369         378         296
    PID   RSS COMMAND
2619838 87718760 VLLM::Worker
2619835 87711056 VLLM::Worker
2619836 87687476 VLLM::Worker
2619837 87295408 VLLM::Worker
2557619 63926292 ray::WorkerDict
2557620 63900856 ray::WorkerDict
2557621 63854612 ray::WorkerDict
2557622 63734016 ray::WorkerDict
1317539 4830160 VLLM::Worker_TP
1317538 4829120 VLLM::Worker_TP
2626912 2428032 ray::AgentLoopW
2626910 2296800 ray::AgentLoopW
2626911 2276716 ray::AgentLoopW
== 2026-09-06T12:58:21+09:00
Mem:            1007         701         302         369         378         305
    PID   RSS COMMAND
2619838 87718760 VLLM::Worker
2619835 87711056 VLLM::Worker
2619836 87687476 VLLM::Worker
2619837 87295408 VLLM::Worker
2557619 61506040 ray::WorkerDict
2557620 61488376 ray::WorkerDict
2557621 61312784 ray::WorkerDict
2557622 61306112 ray::WorkerDict
1317539 4830160 VLLM::Worker_TP
1317538 4829120 VLLM::Worker_TP
2626912 2428032 ray::AgentLoopW
2626910 2296800 ray::AgentLoopW
2626911 2276716 ray::AgentLoopW
== 2026-09-06T12:58:41+09:00
Mem:            1007         483         520         369         378         524
    PID   RSS COMMAND
2619838 87718760 VLLM::Worker
2619835 87711056 VLLM::Worker
2619836 87687476 VLLM::Worker
2619837 87295408 VLLM::Worker
1317539 4830160 VLLM::Worker_TP
1317538 4829120 VLLM::Worker_TP
2557619 4305348 ray::WorkerDict
2557620 4287684 ray::WorkerDict
2557621 4113004 ray::WorkerDict
2557622 4105724 ray::WorkerDict
2626912 2428032 ray::AgentLoopW
2626910 2296800 ray::AgentLoopW
2626911 2276716 ray::AgentLoopW
== 2026-09-06T12:59:02+09:00
Mem:            1007         483         520         369         378         524
    PID   RSS COMMAND
2619838 87718760 VLLM::Worker
2619835 87711056 VLLM::Worker
2619836 87687476 VLLM::Worker
2619837 87295408 VLLM::Worker
1317539 4830160 VLLM::Worker_TP
1317538 4829120 VLLM::Worker_TP
2557619 4307224 ray::WorkerDict
2557620 4290640 ray::WorkerDict
2557621 4123476 ray::WorkerDict
2557622 4108608 ray::WorkerDict
2626912 2428032 ray::AgentLoopW
2626910 2296800 ray::AgentLoopW
2626911 2276716 ray::AgentLoopW
== 2026-09-06T12:59:22+09:00
Mem:            1007         482         520         369         378         524
    PID   RSS COMMAND
2619838 87718760 VLLM::Worker
2619835 87711056 VLLM::Worker
2619836 87687476 VLLM::Worker
2619837 87295408 VLLM::Worker
1317539 4830160 VLLM::Worker_TP
1317538 4829120 VLLM::Worker_TP
2557619 4307224 ray::WorkerDict
2557620 4290640 ray::WorkerDict
2557621 4123476 ray::WorkerDict
2557622 4108608 ray::WorkerDict
2626912 2428032 ray::AgentLoopW
2626910 2296800 ray::AgentLoopW
2626911 2276716 ray::AgentLoopW
== 2026-09-06T12:59:42+09:00
Mem:            1007         482         520         369         378         524
    PID   RSS COMMAND
2619838 87718760 VLLM::Worker
2619835 87711056 VLLM::Worker
2619836 87687476 VLLM::Worker
2619837 87295408 VLLM::Worker
1317539 4830160 VLLM::Worker_TP
1317538 4829120 VLLM::Worker_TP
2557619 4307224 ray::WorkerDict
2557620 4290640 ray::WorkerDict
2557621 4123476 ray::WorkerDict
2557622 4108608 ray::WorkerDict
2626912 2428032 ray::AgentLoopW
2626910 2296800 ray::AgentLoopW
2626911 2276716 ray::AgentLoopW
== 2026-09-06T13:00:02+09:00
Mem:            1007         482         520         369         378         524
    PID   RSS COMMAND
2619838 87718760 VLLM::Worker
2619835 87711056 VLLM::Worker
2619836 87687476 VLLM::Worker
2619837 87295408 VLLM::Worker
1317539 4830160 VLLM::Worker_TP
1317538 4829120 VLLM::Worker_TP
2557619 4307224 ray::WorkerDict
2557620 4290640 ray::WorkerDict
2557621 4123476 ray::WorkerDict
2557622 4108608 ray::WorkerDict
2626912 2428032 ray::AgentLoopW
2626910 2296800 ray::AgentLoopW
2626911 2276716 ray::AgentLoopW
== 2026-09-06T13:00:22+09:00
Mem:            1007         482         520         369         378         524
    PID   RSS COMMAND
2619838 87718760 VLLM::Worker
2619835 87711056 VLLM::Worker
2619836 87687476 VLLM::Worker
2619837 87295408 VLLM::Worker
1317539 4830160 VLLM::Worker_TP
1317538 4829120 VLLM::Worker_TP
2557619 4300332 ray::WorkerDict
2557620 4275600 ray::WorkerDict
2557621 4116060 ray::WorkerDict
2557622 4109376 ray::WorkerDict
2626912 2428032 ray::AgentLoopW
2626910 2296800 ray::AgentLoopW
2626911 2276716 ray::AgentLoopW
== 2026-09-06T13:00:42+09:00
Mem:            1007         602         401         369         378         404
    PID   RSS COMMAND
2619838 87718760 VLLM::Worker
2619835 87711056 VLLM::Worker
2619836 87687476 VLLM::Worker
2619837 87295408 VLLM::Worker
2557619 35941024 ray::WorkerDict
2557620 35916268 ray::WorkerDict
2557621 35184076 ray::WorkerDict
2557622 35173508 ray::WorkerDict
1317539 4830160 VLLM::Worker_TP
1317538 4829120 VLLM::Worker_TP
2626912 2428032 ray::AgentLoopW
2626910 2296800 ray::AgentLoopW
2626911 2276716 ray::AgentLoopW
== 2026-09-06T13:01:02+09:00
Mem:            1007         712         291         369         378         295
    PID   RSS COMMAND
2619838 87718760 VLLM::Worker
2619835 87711056 VLLM::Worker
2619836 87687476 VLLM::Worker
2619837 87295408 VLLM::Worker
2557619 64443536 ray::WorkerDict
2557620 64251352 ray::WorkerDict
2557621 64227504 ray::WorkerDict
2557622 64084368 ray::WorkerDict
1317539 4830160 VLLM::Worker_TP
1317538 4829120 VLLM::Worker_TP
2626912 2428032 ray::AgentLoopW
2626910 2296800 ray::AgentLoopW
2626911 2276716 ray::AgentLoopW
== 2026-09-06T13:01:22+09:00
Mem:            1007         711         291         369         378         295
    PID   RSS COMMAND
2619838 87718760 VLLM::Worker
2619835 87711056 VLLM::Worker
2619836 87687476 VLLM::Worker
2619837 87295408 VLLM::Worker
2557622 64529040 ray::WorkerDict
2557620 64194340 ray::WorkerDict
2557619 64003468 ray::WorkerDict
2557621 63848112 ray::WorkerDict
1317539 4830160 VLLM::Worker_TP
1317538 4829120 VLLM::Worker_TP
2626912 2428032 ray::AgentLoopW
2626910 2296800 ray::AgentLoopW
2626911 2276716 ray::AgentLoopW
== 2026-09-06T13:01:42+09:00
Mem:            1007         711         292         369         378         296
    PID   RSS COMMAND
2619838 87718760 VLLM::Worker
2619835 87711056 VLLM::Worker
2619836 87687476 VLLM::Worker
2619837 87295408 VLLM::Worker
2557619 63933584 ray::WorkerDict
2557620 63908828 ray::WorkerDict
2557621 63880124 ray::WorkerDict
2557622 63742612 ray::WorkerDict
1317539 4830160 VLLM::Worker_TP
1317538 4829120 VLLM::Worker_TP
2626912 2428032 ray::AgentLoopW
2626910 2296800 ray::AgentLoopW
2626911 2276716 ray::AgentLoopW
== 2026-09-06T13:02:02+09:00
Mem:            1007         709         300         369         371         297
    PID   RSS COMMAND
2619838 87704936 VLLM::Worker
2619835 87695696 VLLM::Worker
2619836 87675956 VLLM::Worker
2619837 87283120 VLLM::Worker
2557619 63910544 ray::WorkerDict
2557620 63881948 ray::WorkerDict
2557621 63857084 ray::WorkerDict
2557622 63717268 ray::WorkerDict
1317539 4821712 VLLM::Worker_TP
1317538 4819904 VLLM::Worker_TP
2626912 2423376 ray::AgentLoopW
2626910 2365088 ray::AgentLoopW
2626911 2275132 ray::AgentLoopW
== 2026-09-06T13:02:22+09:00
Mem:            1007         709         300         369         371         298
    PID   RSS COMMAND
2619838 87699560 VLLM::Worker
2619835 87685712 VLLM::Worker
2619836 87668276 VLLM::Worker
2619837 87281584 VLLM::Worker
2557619 63907472 ray::WorkerDict
2557620 63878876 ray::WorkerDict
2557621 63850172 ray::WorkerDict
2557622 63711124 ray::WorkerDict
1317539 4820944 VLLM::Worker_TP
1317538 4820672 VLLM::Worker_TP
2626912 2423376 ray::AgentLoopW
2626910 2365088 ray::AgentLoopW
2626911 2275132 ray::AgentLoopW
== 2026-09-06T13:02:42+09:00
Mem:            1007         709         300         369         371         298
    PID   RSS COMMAND
2619838 87699560 VLLM::Worker
2619835 87688784 VLLM::Worker
2619836 87671348 VLLM::Worker
2619837 87282352 VLLM::Worker
2557619 63907472 ray::WorkerDict
2557620 63878108 ray::WorkerDict
2557621 63851708 ray::WorkerDict
2557622 63713428 ray::WorkerDict
1317539 4820944 VLLM::Worker_TP
1317538 4820672 VLLM::Worker_TP
2626912 2423376 ray::AgentLoopW
2626910 2365088 ray::AgentLoopW
2626911 2275132 ray::AgentLoopW
== 2026-09-06T13:03:02+09:00
Mem:            1007         709         300         369         371         298
    PID   RSS COMMAND
2619838 87701864 VLLM::Worker
2619835 87687248 VLLM::Worker
2619836 87672116 VLLM::Worker
2619837 87281584 VLLM::Worker
2557619 63906704 ray::WorkerDict
2557620 63878108 ray::WorkerDict
2557621 63851708 ray::WorkerDict
2557622 63713428 ray::WorkerDict
1317539 4820944 VLLM::Worker_TP
1317538 4820672 VLLM::Worker_TP
2626912 2423376 ray::AgentLoopW
2626910 2365088 ray::AgentLoopW
2626911 2275132 ray::AgentLoopW
== 2026-09-06T13:03:22+09:00
Mem:            1007         709         300         369         371         298
    PID   RSS COMMAND
2619838 87705704 VLLM::Worker
2619835 87694160 VLLM::Worker
2619836 87672884 VLLM::Worker
2619837 87282352 VLLM::Worker
2557619 63908240 ray::WorkerDict
2557620 63879644 ray::WorkerDict
2557621 63854012 ray::WorkerDict
2557622 63710356 ray::WorkerDict
1317539 4820944 VLLM::Worker_TP
1317538 4820672 VLLM::Worker_TP
2626912 2423376 ray::AgentLoopW
2626910 2365088 ray::AgentLoopW
2626911 2275132 ray::AgentLoopW
== 2026-09-06T13:03:42+09:00
Mem:            1007         709         300         369         371         298
    PID   RSS COMMAND
2619838 87706472 VLLM::Worker
2619835 87694928 VLLM::Worker
2619836 87679796 VLLM::Worker
2619837 87290032 VLLM::Worker
2557619 63909776 ray::WorkerDict
2557620 63881180 ray::WorkerDict
2557621 63853244 ray::WorkerDict
2557622 63714196 ray::WorkerDict
1317539 4820944 VLLM::Worker_TP
1317538 4820672 VLLM::Worker_TP
2626912 2423376 ray::AgentLoopW
2626910 2365088 ray::AgentLoopW
2626911 2275132 ray::AgentLoopW
== 2026-09-06T13:04:02+09:00
Mem:            1007         709         299         369         372         297
    PID   RSS COMMAND
2619838 87708008 VLLM::Worker
2619835 87694928 VLLM::Worker
2619836 87678260 VLLM::Worker
2619837 87289264 VLLM::Worker
2557619 63909776 ray::WorkerDict
2557620 63881948 ray::WorkerDict
2557621 63854012 ray::WorkerDict
2557622 63715732 ray::WorkerDict
1317539 4820944 VLLM::Worker_TP
1317538 4820672 VLLM::Worker_TP
2626912 2425728 ray::AgentLoopW
2626910 2365212 ray::AgentLoopW
2626911 2275948 ray::AgentLoopW
== 2026-09-06T13:04:22+09:00
Mem:            1007         710         299         369         372         297
    PID   RSS COMMAND
2619838 87708776 VLLM::Worker
2619835 87695696 VLLM::Worker
2619836 87678260 VLLM::Worker
2619837 87289264 VLLM::Worker
2557619 63909776 ray::WorkerDict
2557620 63881948 ray::WorkerDict
2557621 63854012 ray::WorkerDict
2557622 63715732 ray::WorkerDict
1317539 4820944 VLLM::Worker_TP
1317538 4820672 VLLM::Worker_TP
2626912 2425728 ray::AgentLoopW
2626910 2365212 ray::AgentLoopW
2626911 2276716 ray::AgentLoopW
== 2026-09-06T13:04:42+09:00
Mem:            1007         709         299         369         372         297
    PID   RSS COMMAND
2619838 87708776 VLLM::Worker
2619835 87695696 VLLM::Worker
2619836 87678260 VLLM::Worker
2619837 87289264 VLLM::Worker
2557619 63909776 ray::WorkerDict
2557620 63881948 ray::WorkerDict
2557621 63854012 ray::WorkerDict
2557622 63715732 ray::WorkerDict
1317539 4820944 VLLM::Worker_TP
1317538 4820672 VLLM::Worker_TP
2626912 2425728 ray::AgentLoopW
2626910 2365212 ray::AgentLoopW
2626911 2276716 ray::AgentLoopW
== 2026-09-06T13:05:02+09:00
Mem:            1007         709         299         369         372         297
    PID   RSS COMMAND
2619838 87708776 VLLM::Worker
2619835 87695696 VLLM::Worker
2619836 87678260 VLLM::Worker
2619837 87289264 VLLM::Worker
2557619 63909776 ray::WorkerDict
2557620 63881948 ray::WorkerDict
2557621 63854012 ray::WorkerDict
2557622 63715732 ray::WorkerDict
1317539 4820944 VLLM::Worker_TP
1317538 4820672 VLLM::Worker_TP
2626912 2425728 ray::AgentLoopW
2626910 2365212 ray::AgentLoopW
2626911 2276716 ray::AgentLoopW
== 2026-09-06T13:05:22+09:00
Mem:            1007         709         299         369         372         297
    PID   RSS COMMAND
2619838 87708776 VLLM::Worker
2619835 87695696 VLLM::Worker
2619836 87678260 VLLM::Worker
2619837 87289264 VLLM::Worker
2557619 63909776 ray::WorkerDict
2557620 63881948 ray::WorkerDict
2557621 63854012 ray::WorkerDict
2557622 63715732 ray::WorkerDict
1317539 4820944 VLLM::Worker_TP
1317538 4820672 VLLM::Worker_TP
2626912 2425728 ray::AgentLoopW
2626910 2365212 ray::AgentLoopW
2626911 2276716 ray::AgentLoopW
== 2026-09-06T13:05:42+09:00
Mem:            1007         709         299         369         372         297
    PID   RSS COMMAND
2619838 87708776 VLLM::Worker
2619835 87695696 VLLM::Worker
2619836 87678260 VLLM::Worker
2619837 87289264 VLLM::Worker
2557619 63909776 ray::WorkerDict
2557620 63881948 ray::WorkerDict
2557621 63854012 ray::WorkerDict
2557622 63715732 ray::WorkerDict
1317539 4820944 VLLM::Worker_TP
1317538 4820672 VLLM::Worker_TP
2626912 2425728 ray::AgentLoopW
2626910 2365212 ray::AgentLoopW
2626911 2276716 ray::AgentLoopW
== 2026-09-06T13:06:02+09:00
Mem:            1007         709         299         369         372         297
    PID   RSS COMMAND
2619838 87708776 VLLM::Worker
2619835 87695696 VLLM::Worker
2619836 87678260 VLLM::Worker
2619837 87289264 VLLM::Worker
2557619 63909776 ray::WorkerDict
2557620 63881948 ray::WorkerDict
2557621 63854012 ray::WorkerDict
2557622 63715732 ray::WorkerDict
1317539 4820944 VLLM::Worker_TP
1317538 4820672 VLLM::Worker_TP
2626912 2425728 ray::AgentLoopW
2626910 2365212 ray::AgentLoopW
2626911 2276716 ray::AgentLoopW
== 2026-09-06T13:06:22+09:00
Mem:            1007         709         299         369         372         297
    PID   RSS COMMAND
2619838 87708776 VLLM::Worker
2619835 87695696 VLLM::Worker
2619836 87678260 VLLM::Worker
2619837 87289264 VLLM::Worker
2557619 63909776 ray::WorkerDict
2557620 63881948 ray::WorkerDict
2557621 63854012 ray::WorkerDict
2557622 63715732 ray::WorkerDict
1317539 4820944 VLLM::Worker_TP
1317538 4820672 VLLM::Worker_TP
2626912 2425728 ray::AgentLoopW
2626910 2365212 ray::AgentLoopW
2626911 2276716 ray::AgentLoopW
== 2026-09-06T13:06:42+09:00
Mem:            1007         709         299         369         372         297
    PID   RSS COMMAND
2619838 87708776 VLLM::Worker
2619835 87695696 VLLM::Worker
2619836 87678260 VLLM::Worker
2619837 87289264 VLLM::Worker
2557619 63909776 ray::WorkerDict
2557620 63881948 ray::WorkerDict
2557621 63854012 ray::WorkerDict
2557622 63715732 ray::WorkerDict
1317539 4820944 VLLM::Worker_TP
1317538 4820672 VLLM::Worker_TP
2626912 2425728 ray::AgentLoopW
2626910 2365212 ray::AgentLoopW
2626911 2276716 ray::AgentLoopW
== 2026-09-06T13:07:02+09:00
Mem:            1007         482         527         369         372         525
    PID   RSS COMMAND
2619838 87708776 VLLM::Worker
2619835 87695696 VLLM::Worker
2619836 87678260 VLLM::Worker
2619837 87290032 VLLM::Worker
1317539 4820944 VLLM::Worker_TP
1317538 4820672 VLLM::Worker_TP
2557619 4290372 ray::WorkerDict
2557620 4278828 ray::WorkerDict
2557621 4106884 ray::WorkerDict
2557622 4101392 ray::WorkerDict
2626912 2425728 ray::AgentLoopW
2626910 2365212 ray::AgentLoopW
2626911 2276716 ray::AgentLoopW
== 2026-09-06T13:07:22+09:00
Mem:            1007         481         527         369         372         525
    PID   RSS COMMAND
2619838 87708776 VLLM::Worker
2619835 87695696 VLLM::Worker
2619836 87678260 VLLM::Worker
2619837 87290032 VLLM::Worker
1317539 4820944 VLLM::Worker_TP
1317538 4820672 VLLM::Worker_TP
2557619 4297440 ray::WorkerDict
2557620 4279672 ray::WorkerDict
2557621 4115332 ray::WorkerDict
2557622 4102160 ray::WorkerDict
2626912 2425728 ray::AgentLoopW
2626910 2365212 ray::AgentLoopW
2626911 2276716 ray::AgentLoopW
== 2026-09-06T13:07:42+09:00
Mem:            1007         481         527         369         372         525
    PID   RSS COMMAND
2619838 87708776 VLLM::Worker
2619835 87695696 VLLM::Worker
2619836 87678260 VLLM::Worker
2619837 87290032 VLLM::Worker
1317539 4820944 VLLM::Worker_TP
1317538 4820672 VLLM::Worker_TP
2557619 4298976 ray::WorkerDict
2557620 4281208 ray::WorkerDict
2557621 4116868 ray::WorkerDict
2557622 4103696 ray::WorkerDict
2626912 2425728 ray::AgentLoopW
2626910 2365212 ray::AgentLoopW
2626911 2276716 ray::AgentLoopW
== 2026-09-06T13:08:03+09:00
Mem:            1007         481         527         369         372         525
    PID   RSS COMMAND
2619838 87708776 VLLM::Worker
2619835 87695696 VLLM::Worker
2619836 87678260 VLLM::Worker
2619837 87290032 VLLM::Worker
1317539 4820944 VLLM::Worker_TP
1317538 4820672 VLLM::Worker_TP
2557619 4298976 ray::WorkerDict
2557620 4281208 ray::WorkerDict
2557621 4116868 ray::WorkerDict
2557622 4103696 ray::WorkerDict
2626912 2425728 ray::AgentLoopW
2626910 2365212 ray::AgentLoopW
2626911 2276716 ray::AgentLoopW
== 2026-09-06T13:08:23+09:00
Mem:            1007         481         527         369         372         525
    PID   RSS COMMAND
2619838 87708776 VLLM::Worker
2619835 87695696 VLLM::Worker
2619836 87678260 VLLM::Worker
2619837 87290032 VLLM::Worker
1317539 4820944 VLLM::Worker_TP
1317538 4820672 VLLM::Worker_TP
2557619 4298976 ray::WorkerDict
2557620 4281208 ray::WorkerDict
2557621 4116868 ray::WorkerDict
2557622 4103696 ray::WorkerDict
2626912 2425728 ray::AgentLoopW
2626910 2365212 ray::AgentLoopW
2626911 2276716 ray::AgentLoopW
== 2026-09-06T13:08:43+09:00
Mem:            1007         481         527         369         372         525
    PID   RSS COMMAND
2619838 87708776 VLLM::Worker
2619835 87695696 VLLM::Worker
2619836 87678260 VLLM::Worker
2619837 87290032 VLLM::Worker
1317539 4820944 VLLM::Worker_TP
1317538 4820672 VLLM::Worker_TP
2557619 4298976 ray::WorkerDict
2557620 4281208 ray::WorkerDict
2557621 4116868 ray::WorkerDict
2557622 4103696 ray::WorkerDict
2626912 2425728 ray::AgentLoopW
2626910 2365212 ray::AgentLoopW
2626911 2276716 ray::AgentLoopW
== 2026-09-06T13:09:03+09:00
Mem:            1007         486         523         369         372         521
    PID   RSS COMMAND
2619838 87708776 VLLM::Worker
2619835 87695696 VLLM::Worker
2619836 87678260 VLLM::Worker
2619837 87290032 VLLM::Worker
2557619 5508668 ray::WorkerDict
2557620 5484080 ray::WorkerDict
2557622 5171984 ray::WorkerDict
2557621 5170828 ray::WorkerDict
1317539 4820944 VLLM::Worker_TP
1317538 4820672 VLLM::Worker_TP
2626912 2425728 ray::AgentLoopW
2626910 2365212 ray::AgentLoopW
2626911 2276716 ray::AgentLoopW
== 2026-09-06T13:09:23+09:00
Mem:            1007         617         391         369         372         389
    PID   RSS COMMAND
2619838 87711080 VLLM::Worker
2619835 87698000 VLLM::Worker
2619836 87681332 VLLM::Worker
2619837 87293104 VLLM::Worker
2557619 40181036 ray::WorkerDict
2557620 40151780 ray::WorkerDict
2557621 39626380 ray::WorkerDict
2557622 39623696 ray::WorkerDict
1317539 4820944 VLLM::Worker_TP
1317538 4820672 VLLM::Worker_TP
2626912 2425728 ray::AgentLoopW
2626910 2365212 ray::AgentLoopW
2626911 2276716 ray::AgentLoopW
== 2026-09-06T13:09:43+09:00
Mem:            1007         710         299         369         372         297
    PID   RSS COMMAND
2619838 87708008 VLLM::Worker
2619835 87694160 VLLM::Worker
2619836 87678260 VLLM::Worker
2619837 87290032 VLLM::Worker
2557620 64180596 ray::WorkerDict
2557619 64145352 ray::WorkerDict
2557622 63956240 ray::WorkerDict
2557621 63928836 ray::WorkerDict
1317539 4820944 VLLM::Worker_TP
1317538 4820672 VLLM::Worker_TP
2626912 2425728 ray::AgentLoopW
2626910 2365088 ray::AgentLoopW
2626911 2276716 ray::AgentLoopW
== 2026-09-06T13:10:03+09:00
Mem:            1007         710         298         369         372         296
    PID   RSS COMMAND
2619838 87708008 VLLM::Worker
2619835 87694160 VLLM::Worker
2619836 87678260 VLLM::Worker
2619837 87290032 VLLM::Worker
2557620 64187252 ray::WorkerDict
2557622 64147032 ray::WorkerDict
2557619 63981260 ray::WorkerDict
2557621 63932676 ray::WorkerDict
1317539 4820944 VLLM::Worker_TP
1317538 4820672 VLLM::Worker_TP
2626912 2425728 ray::AgentLoopW
2626910 2365088 ray::AgentLoopW
2626911 2276716 ray::AgentLoopW
== 2026-09-06T13:10:23+09:00
Mem:            1007         709         299         369         372         297
    PID   RSS COMMAND
2619838 87708776 VLLM::Worker
2619835 87694928 VLLM::Worker
2619836 87678260 VLLM::Worker
2619837 87290800 VLLM::Worker
2557619 63918796 ray::WorkerDict
2557620 63893364 ray::WorkerDict
2557621 63867480 ray::WorkerDict
2557622 63732316 ray::WorkerDict
1317539 4820944 VLLM::Worker_TP
1317538 4820672 VLLM::Worker_TP
2626912 2425728 ray::AgentLoopW
2626910 2365212 ray::AgentLoopW
2626911 2276716 ray::AgentLoopW
== 2026-09-06T13:10:43+09:00
Mem:            1007         710         299         369         372         297
    PID   RSS COMMAND
2619838 87711080 VLLM::Worker
2619835 87696464 VLLM::Worker
2619836 87681332 VLLM::Worker
2619837 87293872 VLLM::Worker
2557619 63918796 ray::WorkerDict
2557620 63893364 ray::WorkerDict
2557621 63736432 ray::WorkerDict
2557622 63732316 ray::WorkerDict
1317539 4820944 VLLM::Worker_TP
1317538 4820672 VLLM::Worker_TP
2626912 2431872 ray::AgentLoopW
2626910 2365980 ray::AgentLoopW
2626911 2277484 ray::AgentLoopW
== 2026-09-06T13:11:03+09:00
Mem:            1007         711         295         369         375         296
    PID   RSS COMMAND
2619838 87711080 VLLM::Worker
2619835 87697232 VLLM::Worker
2619836 87682100 VLLM::Worker
2619837 87294640 VLLM::Worker
2557619 63918796 ray::WorkerDict
2557620 63893364 ray::WorkerDict
2557621 63736432 ray::WorkerDict
2557622 63732316 ray::WorkerDict
1317539 4820944 VLLM::Worker_TP
1317538 4820672 VLLM::Worker_TP
2626912 2432640 ray::AgentLoopW
2626910 2365980 ray::AgentLoopW
2626911 2278252 ray::AgentLoopW
== 2026-09-06T13:11:23+09:00
Mem:            1007         711         294         369         376         296
    PID   RSS COMMAND
2619838 87707240 VLLM::Worker
2619835 87697232 VLLM::Worker
2619836 87679796 VLLM::Worker
2619837 87291524 VLLM::Worker
2557619 63910348 ray::WorkerDict
2557620 63881076 ray::WorkerDict
2557621 63726448 ray::WorkerDict
2557622 63718492 ray::WorkerDict
1317539 4819408 VLLM::Worker_TP
1317538 4818368 VLLM::Worker_TP
2626912 2430336 ray::AgentLoopW
2626910 2365088 ray::AgentLoopW
2626911 2279020 ray::AgentLoopW
== 2026-09-06T13:11:43+09:00
Mem:            1007         711         295         369         376         296
    PID   RSS COMMAND
2619838 87706236 VLLM::Worker
2619835 87697232 VLLM::Worker
2619836 87679796 VLLM::Worker
2619837 87290528 VLLM::Worker
2557619 63910348 ray::WorkerDict
2557620 63881076 ray::WorkerDict
2557621 63726448 ray::WorkerDict
2557622 63718492 ray::WorkerDict
1317539 4819408 VLLM::Worker_TP
1317538 4818368 VLLM::Worker_TP
2626912 2430336 ray::AgentLoopW
2626910 2365212 ray::AgentLoopW
2626911 2279020 ray::AgentLoopW
== 2026-09-06T13:12:03+09:00
Mem:            1007         711         295         369         376         296
    PID   RSS COMMAND
2619838 87706236 VLLM::Worker
2619835 87697232 VLLM::Worker
2619836 87679796 VLLM::Worker
2619837 87290528 VLLM::Worker
2557619 63910348 ray::WorkerDict
2557620 63881844 ray::WorkerDict
2557621 63726448 ray::WorkerDict
2557622 63718492 ray::WorkerDict
1317539 4819408 VLLM::Worker_TP
1317538 4818368 VLLM::Worker_TP
2626912 2430336 ray::AgentLoopW
2626910 2365212 ray::AgentLoopW
2626911 2279020 ray::AgentLoopW
== 2026-09-06T13:12:23+09:00
Mem:            1007         711         295         369         376         296
    PID   RSS COMMAND
2619838 87706236 VLLM::Worker
2619835 87697232 VLLM::Worker
2619836 87678024 VLLM::Worker
2619837 87290528 VLLM::Worker
2557619 63910348 ray::WorkerDict
2557620 63881844 ray::WorkerDict
2557621 63726448 ray::WorkerDict
2557622 63718492 ray::WorkerDict
1317538 4821440 VLLM::Worker_TP
1317539 4819408 VLLM::Worker_TP
2626912 2430336 ray::AgentLoopW
2626910 2365212 ray::AgentLoopW
2626911 2279020 ray::AgentLoopW
== 2026-09-06T13:12:43+09:00
Mem:            1007         711         295         369         376         296
    PID   RSS COMMAND
2619838 87706236 VLLM::Worker
2619835 87697232 VLLM::Worker
2619836 87678024 VLLM::Worker
2619837 87290528 VLLM::Worker
2557619 63910348 ray::WorkerDict
2557620 63881844 ray::WorkerDict
2557621 63726448 ray::WorkerDict
2557622 63718492 ray::WorkerDict
1317538 4821440 VLLM::Worker_TP
1317539 4819408 VLLM::Worker_TP
2626912 2430336 ray::AgentLoopW
2626910 2365212 ray::AgentLoopW
2626911 2279020 ray::AgentLoopW
== 2026-09-06T13:13:03+09:00
Mem:            1007         711         295         369         376         296
    PID   RSS COMMAND
2619838 87707004 VLLM::Worker
2619835 87697232 VLLM::Worker
2619836 87678024 VLLM::Worker
2619837 87290528 VLLM::Worker
2557619 63910348 ray::WorkerDict
2557620 63881844 ray::WorkerDict
2557621 63726448 ray::WorkerDict
2557622 63718492 ray::WorkerDict
1317538 4821440 VLLM::Worker_TP
1317539 4819408 VLLM::Worker_TP
2626912 2430336 ray::AgentLoopW
2626910 2365212 ray::AgentLoopW
2626911 2279020 ray::AgentLoopW
== 2026-09-06T13:13:23+09:00
Mem:            1007         711         295         369         376         296
    PID   RSS COMMAND
2619838 87707004 VLLM::Worker
2619835 87697232 VLLM::Worker
2619836 87678024 VLLM::Worker
2619837 87290528 VLLM::Worker
2557619 63910348 ray::WorkerDict
2557620 63881844 ray::WorkerDict
2557621 63726448 ray::WorkerDict
2557622 63718492 ray::WorkerDict
1317538 4821440 VLLM::Worker_TP
1317539 4819408 VLLM::Worker_TP
2626912 2430336 ray::AgentLoopW
2626910 2365212 ray::AgentLoopW
2626911 2279020 ray::AgentLoopW
== 2026-09-06T13:13:43+09:00
Mem:            1007         706         299         369         376         300
    PID   RSS COMMAND
2619838 87707772 VLLM::Worker
2619835 87698000 VLLM::Worker
2619836 87678792 VLLM::Worker
2619837 87291296 VLLM::Worker
2557619 62736140 ray::WorkerDict
2557620 62725500 ray::WorkerDict
2557621 62555416 ray::WorkerDict
2557622 62516060 ray::WorkerDict
1317538 4821440 VLLM::Worker_TP
1317539 4819408 VLLM::Worker_TP
2626912 2430336 ray::AgentLoopW
2626910 2365212 ray::AgentLoopW
2626911 2279020 ray::AgentLoopW
== 2026-09-06T13:14:03+09:00
Mem:            1007         483         522         369         376         524
    PID   RSS COMMAND
2619838 87707772 VLLM::Worker
2619835 87698000 VLLM::Worker
2619836 87678792 VLLM::Worker
2619837 87291296 VLLM::Worker
1317538 4821440 VLLM::Worker_TP
1317539 4819408 VLLM::Worker_TP
2557619 4323628 ray::WorkerDict
2557620 4314680 ray::WorkerDict
2557621 4143064 ray::WorkerDict
2557622 4104700 ray::WorkerDict
2626912 2430336 ray::AgentLoopW
2626910 2365212 ray::AgentLoopW
2626911 2279020 ray::AgentLoopW
== 2026-09-06T13:14:23+09:00
Mem:            1007         483         522         369         376         523
    PID   RSS COMMAND
2619838 87707772 VLLM::Worker
2619835 87698000 VLLM::Worker
2619836 87678792 VLLM::Worker
2619837 87291296 VLLM::Worker
1317538 4821440 VLLM::Worker_TP
1317539 4819408 VLLM::Worker_TP
2557619 4323628 ray::WorkerDict
2557620 4314680 ray::WorkerDict
2557621 4143064 ray::WorkerDict
2557622 4104700 ray::WorkerDict
2626912 2430336 ray::AgentLoopW
2626910 2365212 ray::AgentLoopW
2626911 2279020 ray::AgentLoopW
== 2026-09-06T13:14:43+09:00
Mem:            1007         483         522         369         376         523
    PID   RSS COMMAND
2619838 87707772 VLLM::Worker
2619835 87698000 VLLM::Worker
2619836 87678792 VLLM::Worker
2619837 87291296 VLLM::Worker
1317538 4821440 VLLM::Worker_TP
1317539 4819408 VLLM::Worker_TP
2557619 4336056 ray::WorkerDict
2557620 4323344 ray::WorkerDict
2557621 4147144 ray::WorkerDict
2557622 4106780 ray::WorkerDict
2626912 2430336 ray::AgentLoopW
2626910 2365212 ray::AgentLoopW
2626911 2279020 ray::AgentLoopW
== 2026-09-06T13:15:03+09:00
Mem:            1007         483         522         369         376         523
    PID   RSS COMMAND
2619838 87707772 VLLM::Worker
2619835 87698000 VLLM::Worker
2619836 87678792 VLLM::Worker
2619837 87291296 VLLM::Worker
1317538 4820216 VLLM::Worker_TP
1317539 4818564 VLLM::Worker_TP
2557619 4339128 ray::WorkerDict
2557620 4325648 ray::WorkerDict
2557621 4147912 ray::WorkerDict
2557622 4109084 ray::WorkerDict
2626912 2430336 ray::AgentLoopW
2626910 2365212 ray::AgentLoopW
2626911 2279020 ray::AgentLoopW
== 2026-09-06T13:15:23+09:00
Mem:            1007         483         522         369         376         523
    PID   RSS COMMAND
2619838 87707772 VLLM::Worker
2619835 87698000 VLLM::Worker
2619836 87678792 VLLM::Worker
2619837 87291296 VLLM::Worker
1317538 4820216 VLLM::Worker_TP
1317539 4818564 VLLM::Worker_TP
2557619 4339128 ray::WorkerDict
2557620 4325648 ray::WorkerDict
2557621 4147912 ray::WorkerDict
2557622 4109084 ray::WorkerDict
2626912 2430336 ray::AgentLoopW
2626910 2365212 ray::AgentLoopW
2626911 2279020 ray::AgentLoopW
== 2026-09-06T13:15:43+09:00
Mem:            1007         483         522         369         376         523
    PID   RSS COMMAND
2619838 87707772 VLLM::Worker
2619835 87698000 VLLM::Worker
2619836 87678792 VLLM::Worker
2619837 87291296 VLLM::Worker
1317538 4820216 VLLM::Worker_TP
1317539 4818564 VLLM::Worker_TP
2557619 4339128 ray::WorkerDict
2557620 4325648 ray::WorkerDict
2557621 4147912 ray::WorkerDict
2557622 4109084 ray::WorkerDict
2626912 2430336 ray::AgentLoopW
2626910 2365212 ray::AgentLoopW
2626911 2279020 ray::AgentLoopW
== 2026-09-06T13:16:03+09:00
Mem:            1007         483         522         369         376         523
    PID   RSS COMMAND
2619838 87707772 VLLM::Worker
2619835 87698000 VLLM::Worker
2619836 87678792 VLLM::Worker
2619837 87291296 VLLM::Worker
1317538 4820216 VLLM::Worker_TP
1317539 4818564 VLLM::Worker_TP
2557619 4339128 ray::WorkerDict
2557620 4325648 ray::WorkerDict
2557621 4147912 ray::WorkerDict
2557622 4109084 ray::WorkerDict
2626912 2430336 ray::AgentLoopW
2626910 2365212 ray::AgentLoopW
2626911 2279020 ray::AgentLoopW
== 2026-09-06T13:16:23+09:00
Mem:            1007         483         523         369         376         524
    PID   RSS COMMAND
2619838 87707772 VLLM::Worker
2619835 87698000 VLLM::Worker
2619836 87678792 VLLM::Worker
2619837 87291296 VLLM::Worker
1317538 4820216 VLLM::Worker_TP
1317539 4818564 VLLM::Worker_TP
2557619 4339128 ray::WorkerDict
2557620 4325648 ray::WorkerDict
2557621 4147912 ray::WorkerDict
2557622 4109084 ray::WorkerDict
2626912 2430336 ray::AgentLoopW
2626910 2365212 ray::AgentLoopW
2626911 2279020 ray::AgentLoopW
== 2026-09-06T13:16:43+09:00
Mem:            1007         483         523         369         376         524
    PID   RSS COMMAND
2619838 87707772 VLLM::Worker
2619835 87698000 VLLM::Worker
2619836 87678792 VLLM::Worker
2619837 87291296 VLLM::Worker
1317538 4820216 VLLM::Worker_TP
1317539 4818564 VLLM::Worker_TP
2557619 4339128 ray::WorkerDict
2557620 4325648 ray::WorkerDict
2557621 4147912 ray::WorkerDict
2557622 4109084 ray::WorkerDict
2626912 2430336 ray::AgentLoopW
2626910 2365212 ray::AgentLoopW
2626911 2279020 ray::AgentLoopW
== 2026-09-06T13:17:04+09:00
Mem:            1007         483         522         369         376         524
    PID   RSS COMMAND
2619838 87707772 VLLM::Worker
2619835 87698000 VLLM::Worker
2619836 87678792 VLLM::Worker
2619837 87291296 VLLM::Worker
1317538 4820216 VLLM::Worker_TP
1317539 4818564 VLLM::Worker_TP
2557619 4339128 ray::WorkerDict
2557620 4325648 ray::WorkerDict
2557621 4147912 ray::WorkerDict
2557622 4109084 ray::WorkerDict
2626912 2430336 ray::AgentLoopW
2626910 2365212 ray::AgentLoopW
2626911 2279020 ray::AgentLoopW
== 2026-09-06T13:17:24+09:00
Mem:            1007         483         522         369         376         524
    PID   RSS COMMAND
2619838 87707772 VLLM::Worker
2619835 87698000 VLLM::Worker
2619836 87678792 VLLM::Worker
2619837 87291296 VLLM::Worker
1317538 4820216 VLLM::Worker_TP
1317539 4818564 VLLM::Worker_TP
2557619 4339128 ray::WorkerDict
2557620 4325648 ray::WorkerDict
2557621 4148680 ray::WorkerDict
2557622 4109084 ray::WorkerDict
2626912 2430336 ray::AgentLoopW
2626910 2365212 ray::AgentLoopW
2626911 2279020 ray::AgentLoopW
== 2026-09-06T13:17:44+09:00
Mem:            1007         483         522         369         376         524
    PID   RSS COMMAND
2619838 87707772 VLLM::Worker
2619835 87698000 VLLM::Worker
2619836 87678792 VLLM::Worker
2619837 87291296 VLLM::Worker
1317538 4820216 VLLM::Worker_TP
1317539 4818564 VLLM::Worker_TP
2557619 4339896 ray::WorkerDict
2557620 4325648 ray::WorkerDict
2557621 4148680 ray::WorkerDict
2557622 4109084 ray::WorkerDict
2626912 2430336 ray::AgentLoopW
2626910 2365212 ray::AgentLoopW
2626911 2279020 ray::AgentLoopW
== 2026-09-06T13:18:04+09:00
Mem:            1007         483         523         369         376         524
    PID   RSS COMMAND
2619838 87707772 VLLM::Worker
2619835 87698000 VLLM::Worker
2619836 87678792 VLLM::Worker
2619837 87291296 VLLM::Worker
1317538 4820216 VLLM::Worker_TP
1317539 4818564 VLLM::Worker_TP
2557619 4301068 ray::WorkerDict
2557620 4278292 ray::WorkerDict
2557621 4117356 ray::WorkerDict
2557622 4110620 ray::WorkerDict
2626912 2430336 ray::AgentLoopW
2626910 2365212 ray::AgentLoopW
2626911 2279020 ray::AgentLoopW
== 2026-09-06T13:18:24+09:00
Mem:            1007         594         411         369         376         412
    PID   RSS COMMAND
2619838 87707772 VLLM::Worker
2619835 87698000 VLLM::Worker
2619836 87678792 VLLM::Worker
2619837 87291296 VLLM::Worker
2557619 33648212 ray::WorkerDict
2557620 33625432 ray::WorkerDict
2557621 33377388 ray::WorkerDict
2557622 33372956 ray::WorkerDict
1317538 4820216 VLLM::Worker_TP
1317539 4818564 VLLM::Worker_TP
2626912 2430336 ray::AgentLoopW
2626910 2365212 ray::AgentLoopW
2626911 2279020 ray::AgentLoopW
== 2026-09-06T13:18:44+09:00
Mem:            1007         711         294         369         376         295
    PID   RSS COMMAND
2619838 87707772 VLLM::Worker
2619835 87698000 VLLM::Worker
2619836 87678792 VLLM::Worker
2619837 87291296 VLLM::Worker
2557619 64169304 ray::WorkerDict
2557620 64115036 ray::WorkerDict
2557622 64091812 ray::WorkerDict
2557621 64077748 ray::WorkerDict
1317538 4820216 VLLM::Worker_TP
1317539 4818564 VLLM::Worker_TP
2626912 2430336 ray::AgentLoopW
2626910 2365212 ray::AgentLoopW
2626911 2279020 ray::AgentLoopW
== 2026-09-06T13:19:04+09:00
Mem:            1007         713         293         369         376         294
    PID   RSS COMMAND
2619838 87707772 VLLM::Worker
2619835 87698000 VLLM::Worker
2619836 87678792 VLLM::Worker
2619837 87291296 VLLM::Worker
2557621 64536244 ray::WorkerDict
2557622 64529572 ray::WorkerDict
2557620 64204892 ray::WorkerDict
2557619 64186200 ray::WorkerDict
1317538 4820216 VLLM::Worker_TP
1317539 4818564 VLLM::Worker_TP
2626912 2430336 ray::AgentLoopW
2626910 2365212 ray::AgentLoopW
2626911 2279020 ray::AgentLoopW
== 2026-09-06T13:19:24+09:00
Mem:            1007         711         295         369         376         296
    PID   RSS COMMAND
2619838 87710076 VLLM::Worker
2619835 87700304 VLLM::Worker
2619836 87682632 VLLM::Worker
2619837 87294368 VLLM::Worker
2557619 63929692 ray::WorkerDict
2557620 63906908 ray::WorkerDict
2557621 63811516 ray::WorkerDict
2557622 63738536 ray::WorkerDict
1317538 4820216 VLLM::Worker_TP
1317539 4818564 VLLM::Worker_TP
2626912 2430336 ray::AgentLoopW
2626910 2365212 ray::AgentLoopW
2626911 2279020 ray::AgentLoopW
== 2026-09-06T13:19:44+09:00
Mem:            1007         711         294         369         376         296
    PID   RSS COMMAND
2619838 87711612 VLLM::Worker
2619835 87701840 VLLM::Worker
2619836 87683928 VLLM::Worker
2619837 87296672 VLLM::Worker
2557619 63929692 ray::WorkerDict
2557620 63906908 ray::WorkerDict
2557621 63746744 ray::WorkerDict
2557622 63738536 ray::WorkerDict
1317538 4820216 VLLM::Worker_TP
1317539 4818564 VLLM::Worker_TP
2626912 2470612 ray::AgentLoopW
2626910 2366748 ray::AgentLoopW
2626911 2280556 ray::AgentLoopW
== 2026-09-06T13:20:04+09:00
Mem:            1007         711         292         369         377         295
    PID   RSS COMMAND
2619838 87711612 VLLM::Worker
2619835 87701840 VLLM::Worker
2619836 87683928 VLLM::Worker
2619837 87296672 VLLM::Worker
2557619 63929692 ray::WorkerDict
2557620 63906908 ray::WorkerDict
2557621 63746744 ray::WorkerDict
2557622 63738536 ray::WorkerDict
1317538 4820216 VLLM::Worker_TP
1317539 4818564 VLLM::Worker_TP
2626912 2470612 ray::AgentLoopW
2626910 2366748 ray::AgentLoopW
2626911 2280556 ray::AgentLoopW
== 2026-09-06T13:20:24+09:00
Mem:            1007         711         293         369         377         295
    PID   RSS COMMAND
2619838 87711612 VLLM::Worker
2619835 87701840 VLLM::Worker
2619836 87683928 VLLM::Worker
2619837 87296672 VLLM::Worker
2557619 63929692 ray::WorkerDict
2557620 63906908 ray::WorkerDict
2557621 63746744 ray::WorkerDict
2557622 63738536 ray::WorkerDict
1317538 4820216 VLLM::Worker_TP
1317539 4818564 VLLM::Worker_TP
2626912 2478292 ray::AgentLoopW
2626910 2366748 ray::AgentLoopW
2626911 2280556 ray::AgentLoopW
== 2026-09-06T13:20:44+09:00
Mem:            1007         711         293         369         377         295
    PID   RSS COMMAND
2619838 87711612 VLLM::Worker
2619835 87701840 VLLM::Worker
2619836 87683928 VLLM::Worker
2619837 87296672 VLLM::Worker
2557619 63929692 ray::WorkerDict
2557620 63906908 ray::WorkerDict
2557621 63746744 ray::WorkerDict
2557622 63738536 ray::WorkerDict
1317538 4820216 VLLM::Worker_TP
1317539 4818564 VLLM::Worker_TP
2626912 2479060 ray::AgentLoopW
2626910 2366748 ray::AgentLoopW
2626911 2280556 ray::AgentLoopW
== 2026-09-06T13:21:04+09:00
Mem:            1007         711         293         369         377         295
    PID   RSS COMMAND
2619838 87711612 VLLM::Worker
2619835 87701840 VLLM::Worker
2619836 87683928 VLLM::Worker
2619837 87296672 VLLM::Worker
2557619 63929692 ray::WorkerDict
2557620 63906908 ray::WorkerDict
2557621 63746744 ray::WorkerDict
2557622 63738536 ray::WorkerDict
1317538 4820216 VLLM::Worker_TP
1317539 4818564 VLLM::Worker_TP
2626912 2479060 ray::AgentLoopW
2626910 2366748 ray::AgentLoopW
2626911 2280556 ray::AgentLoopW
== 2026-09-06T13:21:24+09:00
Mem:            1007         711         292         369         377         295
    PID   RSS COMMAND
2619838 87711612 VLLM::Worker
2619835 87701840 VLLM::Worker
2619836 87683928 VLLM::Worker
2619837 87296672 VLLM::Worker
2557619 63929692 ray::WorkerDict
2557620 63906908 ray::WorkerDict
2557621 63746744 ray::WorkerDict
2557622 63738536 ray::WorkerDict
1317538 4820216 VLLM::Worker_TP
1317539 4818564 VLLM::Worker_TP
2626912 2479060 ray::AgentLoopW
2626910 2366748 ray::AgentLoopW
2626911 2280556 ray::AgentLoopW
== 2026-09-06T13:21:44+09:00
Mem:            1007         711         292         369         377         295
    PID   RSS COMMAND
2619838 87711612 VLLM::Worker
2619835 87701840 VLLM::Worker
2619836 87683928 VLLM::Worker
2619837 87296672 VLLM::Worker
2557619 63929692 ray::WorkerDict
2557620 63906908 ray::WorkerDict
2557621 63746744 ray::WorkerDict
2557622 63738536 ray::WorkerDict
1317538 4820216 VLLM::Worker_TP
1317539 4818564 VLLM::Worker_TP
2626912 2479060 ray::AgentLoopW
2626910 2366748 ray::AgentLoopW
2626911 2280556 ray::AgentLoopW
== 2026-09-06T13:22:04+09:00
Mem:            1007         711         292         369         377         295
    PID   RSS COMMAND
2619838 87711612 VLLM::Worker
2619835 87701840 VLLM::Worker
2619836 87683928 VLLM::Worker
2619837 87296672 VLLM::Worker
2557619 63929692 ray::WorkerDict
2557620 63906908 ray::WorkerDict
2557621 63746744 ray::WorkerDict
2557622 63738536 ray::WorkerDict
1317538 4820216 VLLM::Worker_TP
1317539 4818564 VLLM::Worker_TP
2626912 2479060 ray::AgentLoopW
2626910 2366748 ray::AgentLoopW
2626911 2280556 ray::AgentLoopW
== 2026-09-06T13:22:24+09:00
Mem:            1007         711         293         369         377         295
    PID   RSS COMMAND
2619838 87711612 VLLM::Worker
2619835 87701840 VLLM::Worker
2619836 87683928 VLLM::Worker
2619837 87296672 VLLM::Worker
2557619 63929692 ray::WorkerDict
2557620 63906908 ray::WorkerDict
2557621 63746744 ray::WorkerDict
2557622 63738536 ray::WorkerDict
1317538 4820984 VLLM::Worker_TP
1317539 4818564 VLLM::Worker_TP
2626912 2479060 ray::AgentLoopW
2626910 2366748 ray::AgentLoopW
2626911 2280556 ray::AgentLoopW
== 2026-09-06T13:22:44+09:00
Mem:            1007         707         297         369         377         300
    PID   RSS COMMAND
2619838 87711612 VLLM::Worker
2619835 87701840 VLLM::Worker
2619836 87682920 VLLM::Worker
2619837 87297440 VLLM::Worker
2557619 62742644 ray::WorkerDict
2557620 62735848 ray::WorkerDict
2557621 62560484 ray::WorkerDict
2557622 62553772 ray::WorkerDict
1317538 4820984 VLLM::Worker_TP
1317539 4818564 VLLM::Worker_TP
2626912 2479060 ray::AgentLoopW
2626910 2366748 ray::AgentLoopW
2626911 2280556 ray::AgentLoopW
== 2026-09-06T13:23:04+09:00
Mem:            1007         483         521         369         377         523
    PID   RSS COMMAND
2619838 87711612 VLLM::Worker
2619835 87701840 VLLM::Worker
2619836 87682920 VLLM::Worker
2619837 87297440 VLLM::Worker
1317538 4820984 VLLM::Worker_TP
1317539 4818564 VLLM::Worker_TP
2557619 4328632 ray::WorkerDict
2557620 4320824 ray::WorkerDict
2557621 4146720 ray::WorkerDict
2557622 4139336 ray::WorkerDict
2626912 2479060 ray::AgentLoopW
2626910 2366748 ray::AgentLoopW
2626911 2280556 ray::AgentLoopW
== 2026-09-06T13:23:24+09:00
Mem:            1007         483         521         369         377         523
    PID   RSS COMMAND
2619838 87711612 VLLM::Worker
2619835 87701840 VLLM::Worker
2619836 87682920 VLLM::Worker
2619837 87297440 VLLM::Worker
1317538 4820984 VLLM::Worker_TP
1317539 4818564 VLLM::Worker_TP
2557619 4328632 ray::WorkerDict
2557620 4320824 ray::WorkerDict
2557621 4146720 ray::WorkerDict
2557622 4139336 ray::WorkerDict
2626912 2479060 ray::AgentLoopW
2626910 2366748 ray::AgentLoopW
2626911 2280556 ray::AgentLoopW
== 2026-09-06T13:23:44+09:00
Mem:            1007         483         521         369         377         523
    PID   RSS COMMAND
2619838 87711612 VLLM::Worker
2619835 87701840 VLLM::Worker
2619836 87682920 VLLM::Worker
2619837 87297440 VLLM::Worker
1317538 4820984 VLLM::Worker_TP
1317539 4818564 VLLM::Worker_TP
2557619 4338772 ray::WorkerDict
2557620 4323144 ray::WorkerDict
2557621 4154912 ray::WorkerDict
2557622 4147528 ray::WorkerDict
2626912 2479060 ray::AgentLoopW
2626910 2366748 ray::AgentLoopW
2626911 2280556 ray::AgentLoopW
== 2026-09-06T13:24:04+09:00
Mem:            1007         483         521         369         377         523
    PID   RSS COMMAND
2619838 87711612 VLLM::Worker
2619835 87701840 VLLM::Worker
2619836 87682920 VLLM::Worker
2619837 87297440 VLLM::Worker
1317538 4820984 VLLM::Worker_TP
1317539 4818564 VLLM::Worker_TP
2557619 4341076 ray::WorkerDict
2557620 4323912 ray::WorkerDict
2557621 4157216 ray::WorkerDict
2557622 4149832 ray::WorkerDict
2626912 2479060 ray::AgentLoopW
2626910 2366748 ray::AgentLoopW
2626911 2280556 ray::AgentLoopW
== 2026-09-06T13:24:24+09:00
Mem:            1007         483         521         369         377         523
    PID   RSS COMMAND
2619838 87711612 VLLM::Worker
2619835 87701840 VLLM::Worker
2619836 87682920 VLLM::Worker
2619837 87297440 VLLM::Worker
1317538 4820984 VLLM::Worker_TP
1317539 4818564 VLLM::Worker_TP
2557619 4341076 ray::WorkerDict
2557620 4323912 ray::WorkerDict
2557621 4157216 ray::WorkerDict
2557622 4149832 ray::WorkerDict
2626912 2479060 ray::AgentLoopW
2626910 2366748 ray::AgentLoopW
2626911 2280556 ray::AgentLoopW
== 2026-09-06T13:24:44+09:00
Mem:            1007         483         520         369         377         523
    PID   RSS COMMAND
2619838 87711612 VLLM::Worker
2619835 87701840 VLLM::Worker
2619836 87682920 VLLM::Worker
2619837 87297440 VLLM::Worker
1317538 4820984 VLLM::Worker_TP
1317539 4818564 VLLM::Worker_TP
2557619 4341844 ray::WorkerDict
2557620 4323912 ray::WorkerDict
2557621 4157984 ray::WorkerDict
2557622 4150600 ray::WorkerDict
2626912 2479060 ray::AgentLoopW
2626910 2366748 ray::AgentLoopW
2626911 2280556 ray::AgentLoopW
== 2026-09-06T13:25:04+09:00
Mem:            1007         483         520         369         377         523
    PID   RSS COMMAND
2619838 87711612 VLLM::Worker
2619835 87701840 VLLM::Worker
2619836 87682920 VLLM::Worker
2619837 87297440 VLLM::Worker
1317538 4820984 VLLM::Worker_TP
1317539 4818564 VLLM::Worker_TP
2557619 4341844 ray::WorkerDict
2557620 4323912 ray::WorkerDict
2557621 4157984 ray::WorkerDict
2557622 4150600 ray::WorkerDict
2626912 2479060 ray::AgentLoopW
2626910 2366748 ray::AgentLoopW
2626911 2280556 ray::AgentLoopW
== 2026-09-06T13:25:24+09:00
Mem:            1007         483         520         369         377         523
    PID   RSS COMMAND
2619838 87711612 VLLM::Worker
2619835 87701840 VLLM::Worker
2619836 87682920 VLLM::Worker
2619837 87297440 VLLM::Worker
1317538 4820984 VLLM::Worker_TP
1317539 4818564 VLLM::Worker_TP
2557619 4341844 ray::WorkerDict
2557620 4323912 ray::WorkerDict
2557621 4157984 ray::WorkerDict
2557622 4150600 ray::WorkerDict
2626912 2479060 ray::AgentLoopW
2626910 2366748 ray::AgentLoopW
2626911 2280556 ray::AgentLoopW
== 2026-09-06T13:25:44+09:00
Mem:            1007         483         520         369         377         523
    PID   RSS COMMAND
2619838 87711612 VLLM::Worker
2619835 87701840 VLLM::Worker
2619836 87682920 VLLM::Worker
2619837 87297440 VLLM::Worker
1317538 4820984 VLLM::Worker_TP
1317539 4818564 VLLM::Worker_TP
2557619 4341844 ray::WorkerDict
2557620 4323912 ray::WorkerDict
2557621 4157984 ray::WorkerDict
2557622 4150600 ray::WorkerDict
2626912 2479060 ray::AgentLoopW
2626910 2366748 ray::AgentLoopW
2626911 2280556 ray::AgentLoopW
== 2026-09-06T13:26:04+09:00
Mem:            1007         483         520         369         377         523
    PID   RSS COMMAND
2619838 87711612 VLLM::Worker
2619835 87701840 VLLM::Worker
2619836 87682920 VLLM::Worker
2619837 87297440 VLLM::Worker
1317538 4820984 VLLM::Worker_TP
1317539 4818564 VLLM::Worker_TP
2557619 4341844 ray::WorkerDict
2557620 4323912 ray::WorkerDict
2557621 4157984 ray::WorkerDict
2557622 4150600 ray::WorkerDict
2626912 2479060 ray::AgentLoopW
2626910 2366748 ray::AgentLoopW
2626911 2280556 ray::AgentLoopW
== 2026-09-06T13:26:25+09:00
Mem:            1007         483         521         369         377         523
    PID   RSS COMMAND
2619838 87710776 VLLM::Worker
2619835 87700992 VLLM::Worker
2619836 87682084 VLLM::Worker
2619837 87296592 VLLM::Worker
1317538 4820984 VLLM::Worker_TP
1317539 4818564 VLLM::Worker_TP
2557619 4341844 ray::WorkerDict
2557620 4323912 ray::WorkerDict
2557621 4157984 ray::WorkerDict
2557622 4150600 ray::WorkerDict
2626912 2479060 ray::AgentLoopW
2626910 2366748 ray::AgentLoopW
2626911 2280556 ray::AgentLoopW
== 2026-09-06T13:26:45+09:00
Mem:            1007         483         521         369         377         523
    PID   RSS COMMAND
2619838 87710776 VLLM::Worker
2619835 87700992 VLLM::Worker
2619836 87682084 VLLM::Worker
2619837 87296592 VLLM::Worker
1317538 4820984 VLLM::Worker_TP
1317539 4818564 VLLM::Worker_TP
2557619 4341844 ray::WorkerDict
2557620 4323912 ray::WorkerDict
2557621 4157984 ray::WorkerDict
2557622 4150600 ray::WorkerDict
2626912 2479060 ray::AgentLoopW
2626910 2366748 ray::AgentLoopW
2626911 2280556 ray::AgentLoopW
== 2026-09-06T13:27:05+09:00
Mem:            1007         483         520         369         377         523
    PID   RSS COMMAND
2619838 87710776 VLLM::Worker
2619835 87700992 VLLM::Worker
2619836 87682084 VLLM::Worker
2619837 87296592 VLLM::Worker
1317538 4820984 VLLM::Worker_TP
1317539 4818564 VLLM::Worker_TP
2557619 4341844 ray::WorkerDict
2557620 4323912 ray::WorkerDict
2557621 4157984 ray::WorkerDict
2557622 4150600 ray::WorkerDict
2626912 2479060 ray::AgentLoopW
2626910 2366748 ray::AgentLoopW
2626911 2280556 ray::AgentLoopW
== 2026-09-06T13:27:25+09:00
Mem:            1007         483         521         369         377         523
    PID   RSS COMMAND
2619838 87710776 VLLM::Worker
2619835 87700992 VLLM::Worker
2619836 87682084 VLLM::Worker
2619837 87296592 VLLM::Worker
1317538 4820984 VLLM::Worker_TP
1317539 4818564 VLLM::Worker_TP
2557619 4342612 ray::WorkerDict
2557620 4281304 ray::WorkerDict
2557621 4122768 ray::WorkerDict
2557622 4114628 ray::WorkerDict
2626912 2479060 ray::AgentLoopW
2626910 2366748 ray::AgentLoopW
2626911 2280556 ray::AgentLoopW
== 2026-09-06T13:27:45+09:00
Mem:            1007         611         392         369         377         395
    PID   RSS COMMAND
2619838 87710776 VLLM::Worker
2619835 87700992 VLLM::Worker
2619836 87682084 VLLM::Worker
2619837 87296592 VLLM::Worker
2557619 38338488 ray::WorkerDict
2557620 38276980 ray::WorkerDict
2557621 37427856 ray::WorkerDict
2557622 37420484 ray::WorkerDict
1317538 4820984 VLLM::Worker_TP
1317539 4818564 VLLM::Worker_TP
2626912 2479060 ray::AgentLoopW
2626910 2366748 ray::AgentLoopW
2626911 2280556 ray::AgentLoopW
== 2026-09-06T13:28:05+09:00
Mem:            1007         712         291         369         377         294
    PID   RSS COMMAND
2619838 87710776 VLLM::Worker
2619835 87700992 VLLM::Worker
2619836 87682084 VLLM::Worker
2619837 87296592 VLLM::Worker
2557619 64266152 ray::WorkerDict
2557620 64245992 ray::WorkerDict
2557621 64146576 ray::WorkerDict
2557622 64036364 ray::WorkerDict
1317538 4820984 VLLM::Worker_TP
1317539 4818564 VLLM::Worker_TP
2626912 2479060 ray::AgentLoopW
2626910 2366748 ray::AgentLoopW
2626911 2280556 ray::AgentLoopW
== 2026-09-06T13:28:25+09:00
Mem:            1007         712         292         369         377         295
    PID   RSS COMMAND
2619838 87710776 VLLM::Worker
2619835 87700992 VLLM::Worker
2619836 87682084 VLLM::Worker
2619837 87296592 VLLM::Worker
2557619 64223144 ray::WorkerDict
2557621 64159960 ray::WorkerDict
2557620 64141872 ray::WorkerDict
2557622 63903756 ray::WorkerDict
1317538 4820984 VLLM::Worker_TP
1317539 4818564 VLLM::Worker_TP
2626912 2479060 ray::AgentLoopW
2626910 2366748 ray::AgentLoopW
2626911 2280556 ray::AgentLoopW
== 2026-09-06T13:28:45+09:00
Mem:            1007         711         293         369         377         295
    PID   RSS COMMAND
2619838 87710776 VLLM::Worker
2619835 87700992 VLLM::Worker
2619836 87682084 VLLM::Worker
2619837 87297360 VLLM::Worker
2557619 63973548 ray::WorkerDict
2557620 63912240 ray::WorkerDict
2557622 63794708 ray::WorkerDict
2557621 63753692 ray::WorkerDict
1317538 4820984 VLLM::Worker_TP
1317539 4818564 VLLM::Worker_TP
2626912 2479060 ray::AgentLoopW
2626910 2366748 ray::AgentLoopW
2626911 2280556 ray::AgentLoopW
== 2026-09-06T13:29:05+09:00
Mem:            1007         712         292         369         377         295
    PID   RSS COMMAND
2619838 87714616 VLLM::Worker
2619835 87700992 VLLM::Worker
2619836 87685156 VLLM::Worker
2619837 87299664 VLLM::Worker
2557619 63973548 ray::WorkerDict
2557620 63912240 ray::WorkerDict
2557622 63794708 ray::WorkerDict
2557621 63753692 ray::WorkerDict
1317538 4820984 VLLM::Worker_TP
1317539 4818564 VLLM::Worker_TP
2626912 2479828 ray::AgentLoopW
2626911 2369644 ray::AgentLoopW
2626910 2341400 ray::AgentLoopW
== 2026-09-06T13:29:25+09:00
Mem:            1007         712         292         369         377         295
    PID   RSS COMMAND
2619838 87713608 VLLM::Worker
2619835 87700992 VLLM::Worker
2619836 87685156 VLLM::Worker
2619837 87300432 VLLM::Worker
2557619 63972012 ray::WorkerDict
2557620 63910704 ray::WorkerDict
2557622 63793172 ray::WorkerDict
2557621 63752156 ray::WorkerDict
1317538 4820984 VLLM::Worker_TP
1317539 4818564 VLLM::Worker_TP
2626912 2479828 ray::AgentLoopW
2626911 2369644 ray::AgentLoopW
2626910 2341400 ray::AgentLoopW
== 2026-09-06T13:29:45+09:00
Mem:            1007         712         291         369         378         295
    PID   RSS COMMAND
2619838 87711592 VLLM::Worker
2619835 87704624 VLLM::Worker
2619836 87685156 VLLM::Worker
2619837 87300432 VLLM::Worker
2557619 63972012 ray::WorkerDict
2557620 63910704 ray::WorkerDict
2557622 63793172 ray::WorkerDict
2557621 63752156 ray::WorkerDict
1317538 4820984 VLLM::Worker_TP
1317539 4818564 VLLM::Worker_TP
2626912 2479828 ray::AgentLoopW
2626911 2369644 ray::AgentLoopW
2626910 2341400 ray::AgentLoopW
== 2026-09-06T13:30:05+09:00
Mem:            1007         712         291         369         378         295
    PID   RSS COMMAND
2619838 87711592 VLLM::Worker
2619835 87704624 VLLM::Worker
2619836 87685156 VLLM::Worker
2619837 87300432 VLLM::Worker
2557619 63972012 ray::WorkerDict
2557620 63910704 ray::WorkerDict
2557622 63793172 ray::WorkerDict
2557621 63752156 ray::WorkerDict
1317538 4820984 VLLM::Worker_TP
1317539 4818564 VLLM::Worker_TP
2626912 2479828 ray::AgentLoopW
2626911 2369644 ray::AgentLoopW
2626910 2341400 ray::AgentLoopW
== 2026-09-06T13:30:25+09:00
Mem:            1007         712         291         369         378         295
    PID   RSS COMMAND
2619838 87710584 VLLM::Worker
2619835 87704624 VLLM::Worker
2619836 87685156 VLLM::Worker
2619837 87299408 VLLM::Worker
2557619 63972012 ray::WorkerDict
2557620 63910704 ray::WorkerDict
2557622 63793172 ray::WorkerDict
2557621 63752156 ray::WorkerDict
1317538 4820984 VLLM::Worker_TP
1317539 4818564 VLLM::Worker_TP
2626912 2479828 ray::AgentLoopW
2626911 2408044 ray::AgentLoopW
2626910 2341400 ray::AgentLoopW
== 2026-09-06T13:30:45+09:00
Mem:            1007         712         291         369         378         295
    PID   RSS COMMAND
2619838 87710584 VLLM::Worker
2619835 87701740 VLLM::Worker
2619836 87685156 VLLM::Worker
2619837 87298384 VLLM::Worker
2557619 63972012 ray::WorkerDict
2557620 63910704 ray::WorkerDict
2557622 63793172 ray::WorkerDict
2557621 63752156 ray::WorkerDict
1317538 4820984 VLLM::Worker_TP
1317539 4818564 VLLM::Worker_TP
2626912 2479828 ray::AgentLoopW
2626911 2408044 ray::AgentLoopW
2626910 2341400 ray::AgentLoopW
== 2026-09-06T13:31:05+09:00
Mem:            1007         712         291         369         378         295
    PID   RSS COMMAND
2619838 87710584 VLLM::Worker
2619835 87701740 VLLM::Worker
2619836 87685156 VLLM::Worker
2619837 87298384 VLLM::Worker
2557619 63972012 ray::WorkerDict
2557620 63910704 ray::WorkerDict
2557622 63793172 ray::WorkerDict
2557621 63752156 ray::WorkerDict
1317538 4820984 VLLM::Worker_TP
1317539 4818564 VLLM::Worker_TP
2626912 2479828 ray::AgentLoopW
2626911 2408044 ray::AgentLoopW
2626910 2341400 ray::AgentLoopW
== 2026-09-06T13:31:25+09:00
Mem:            1007         712         291         369         378         295
    PID   RSS COMMAND
2619838 87710584 VLLM::Worker
2619835 87701740 VLLM::Worker
2619836 87685156 VLLM::Worker
2619837 87298384 VLLM::Worker
2557619 63972012 ray::WorkerDict
2557620 63910704 ray::WorkerDict
2557622 63793172 ray::WorkerDict
2557621 63752156 ray::WorkerDict
1317538 4820984 VLLM::Worker_TP
1317539 4818564 VLLM::Worker_TP
2626912 2479828 ray::AgentLoopW
2626911 2408044 ray::AgentLoopW
2626910 2341400 ray::AgentLoopW
== 2026-09-06T13:31:45+09:00
Mem:            1007         712         291         369         378         295
    PID   RSS COMMAND
2619838 87710584 VLLM::Worker
2619835 87701740 VLLM::Worker
2619836 87685156 VLLM::Worker
2619837 87298384 VLLM::Worker
2557619 63972012 ray::WorkerDict
2557620 63910704 ray::WorkerDict
2557622 63793172 ray::WorkerDict
2557621 63752156 ray::WorkerDict
1317538 4820984 VLLM::Worker_TP
1317539 4818564 VLLM::Worker_TP
2626912 2479828 ray::AgentLoopW
2626911 2408044 ray::AgentLoopW
2626910 2341400 ray::AgentLoopW
== 2026-09-06T13:32:05+09:00
Mem:            1007         571         432         369         378         436
    PID   RSS COMMAND
2619838 87710584 VLLM::Worker
2619835 87701740 VLLM::Worker
2619836 87683892 VLLM::Worker
2619837 87296344 VLLM::Worker
2557621 26723456 ray::WorkerDict
2557622 26665292 ray::WorkerDict
2557619 26270020 ray::WorkerDict
2557620 26251884 ray::WorkerDict
1317538 4820984 VLLM::Worker_TP
1317539 4818564 VLLM::Worker_TP
2626912 2479828 ray::AgentLoopW
2626911 2408044 ray::AgentLoopW
2626910 2341400 ray::AgentLoopW
== 2026-09-06T13:32:25+09:00
Mem:            1007         484         519         369         378         522
    PID   RSS COMMAND
2619838 87710584 VLLM::Worker
2619835 87701740 VLLM::Worker
2619836 87683892 VLLM::Worker
2619837 87296344 VLLM::Worker
1317538 4820984 VLLM::Worker_TP
1317539 4818564 VLLM::Worker_TP
2557619 4364140 ray::WorkerDict
2557620 4345080 ray::WorkerDict
2557621 4181652 ray::WorkerDict
2557622 4162280 ray::WorkerDict
2626912 2479828 ray::AgentLoopW
2626911 2408044 ray::AgentLoopW
2626910 2341400 ray::AgentLoopW
== 2026-09-06T13:32:45+09:00
Mem:            1007         484         519         369         378         522
    PID   RSS COMMAND
2619838 87710584 VLLM::Worker
2619835 87701740 VLLM::Worker
2619836 87683892 VLLM::Worker
2619837 87296344 VLLM::Worker
1317538 4820984 VLLM::Worker_TP
1317539 4818564 VLLM::Worker_TP
2557619 4364140 ray::WorkerDict
2557620 4345080 ray::WorkerDict
2557621 4181652 ray::WorkerDict
2557622 4162280 ray::WorkerDict
2626912 2479828 ray::AgentLoopW
2626911 2408044 ray::AgentLoopW
2626910 2341400 ray::AgentLoopW
== 2026-09-06T13:33:05+09:00
Mem:            1007         484         519         369         378         522
    PID   RSS COMMAND
2619838 87710584 VLLM::Worker
2619835 87701740 VLLM::Worker
2619836 87683892 VLLM::Worker
2619837 87296344 VLLM::Worker
1317538 4820984 VLLM::Worker_TP
1317539 4818564 VLLM::Worker_TP
2557619 4364140 ray::WorkerDict
2557620 4345080 ray::WorkerDict
2557621 4181652 ray::WorkerDict
2557622 4162280 ray::WorkerDict
2626912 2479828 ray::AgentLoopW
2626911 2408044 ray::AgentLoopW
2626910 2341400 ray::AgentLoopW
== 2026-09-06T13:33:25+09:00
Mem:            1007         484         519         369         378         522
    PID   RSS COMMAND
2619838 87710584 VLLM::Worker
2619835 87701740 VLLM::Worker
2619836 87683892 VLLM::Worker
2619837 87296344 VLLM::Worker
1317538 4820984 VLLM::Worker_TP
1317539 4818564 VLLM::Worker_TP
2557619 4364140 ray::WorkerDict
2557620 4345080 ray::WorkerDict
2557621 4181652 ray::WorkerDict
2557622 4162280 ray::WorkerDict
2626912 2479828 ray::AgentLoopW
2626911 2408044 ray::AgentLoopW
2626910 2341400 ray::AgentLoopW
== 2026-09-06T13:33:45+09:00
Mem:            1007         484         519         369         378         523
    PID   RSS COMMAND
2619838 87710584 VLLM::Worker
2619835 87701740 VLLM::Worker
2619836 87683892 VLLM::Worker
2619837 87296344 VLLM::Worker
1317538 4820984 VLLM::Worker_TP
1317539 4818564 VLLM::Worker_TP
2557619 4370968 ray::WorkerDict
2557620 4359848 ray::WorkerDict
2557622 4209128 ray::WorkerDict
2557621 4193940 ray::WorkerDict
2626912 2479828 ray::AgentLoopW
2626911 2408044 ray::AgentLoopW
2626910 2341400 ray::AgentLoopW
== 2026-09-06T13:34:05+09:00
Mem:            1007         484         519         369         378         523
    PID   RSS COMMAND
2619838 87710584 VLLM::Worker
2619835 87701740 VLLM::Worker
2619836 87683892 VLLM::Worker
2619837 87296344 VLLM::Worker
1317538 4820984 VLLM::Worker_TP
1317539 4818564 VLLM::Worker_TP
2557619 4370968 ray::WorkerDict
2557620 4359848 ray::WorkerDict
2557622 4209128 ray::WorkerDict
2557621 4193940 ray::WorkerDict
2626912 2479828 ray::AgentLoopW
2626911 2408044 ray::AgentLoopW
2626910 2341400 ray::AgentLoopW
== 2026-09-06T13:34:25+09:00
Mem:            1007         484         519         369         378         523
    PID   RSS COMMAND
2619838 87710584 VLLM::Worker
2619835 87701740 VLLM::Worker
2619836 87683892 VLLM::Worker
2619837 87296344 VLLM::Worker
1317538 4820984 VLLM::Worker_TP
1317539 4818564 VLLM::Worker_TP
2557619 4370968 ray::WorkerDict
2557620 4359848 ray::WorkerDict
2557622 4209128 ray::WorkerDict
2557621 4193940 ray::WorkerDict
2626912 2479828 ray::AgentLoopW
2626911 2408044 ray::AgentLoopW
2626910 2341400 ray::AgentLoopW
== 2026-09-06T13:34:45+09:00
Mem:            1007         484         519         369         378         523
    PID   RSS COMMAND
2619838 87710584 VLLM::Worker
2619835 87701740 VLLM::Worker
2619836 87683892 VLLM::Worker
2619837 87296344 VLLM::Worker
1317538 4820984 VLLM::Worker_TP
1317539 4818564 VLLM::Worker_TP
2557619 4370968 ray::WorkerDict
2557620 4359848 ray::WorkerDict
2557622 4209128 ray::WorkerDict
2557621 4193940 ray::WorkerDict
2626912 2479828 ray::AgentLoopW
2626911 2408044 ray::AgentLoopW
2626910 2341400 ray::AgentLoopW
== 2026-09-06T13:35:05+09:00
Mem:            1007         484         519         369         378         523
    PID   RSS COMMAND
2619838 87710584 VLLM::Worker
2619835 87701740 VLLM::Worker
2619836 87683892 VLLM::Worker
2619837 87296344 VLLM::Worker
1317538 4820984 VLLM::Worker_TP
1317539 4818564 VLLM::Worker_TP
2557619 4370968 ray::WorkerDict
2557620 4359848 ray::WorkerDict
2557622 4209128 ray::WorkerDict
2557621 4193940 ray::WorkerDict
2626912 2479828 ray::AgentLoopW
2626911 2408044 ray::AgentLoopW
2626910 2341400 ray::AgentLoopW
== 2026-09-06T13:35:25+09:00
Mem:            1007         484         519         369         378         523
    PID   RSS COMMAND
2619838 87710584 VLLM::Worker
2619835 87701740 VLLM::Worker
2619836 87683892 VLLM::Worker
2619837 87296344 VLLM::Worker
1317538 4820984 VLLM::Worker_TP
1317539 4818564 VLLM::Worker_TP
2557619 4370968 ray::WorkerDict
2557620 4359848 ray::WorkerDict
2557622 4209128 ray::WorkerDict
2557621 4193940 ray::WorkerDict
2626912 2479828 ray::AgentLoopW
2626911 2408044 ray::AgentLoopW
2626910 2341400 ray::AgentLoopW
== 2026-09-06T13:35:46+09:00
Mem:            1007         484         519         369         378         523
    PID   RSS COMMAND
2619838 87710584 VLLM::Worker
2619835 87701740 VLLM::Worker
2619836 87683892 VLLM::Worker
2619837 87296344 VLLM::Worker
1317538 4820984 VLLM::Worker_TP
1317539 4818564 VLLM::Worker_TP
2557619 4370968 ray::WorkerDict
2557620 4359848 ray::WorkerDict
2557622 4209128 ray::WorkerDict
2557621 4193940 ray::WorkerDict
2626912 2479828 ray::AgentLoopW
2626911 2408044 ray::AgentLoopW
2626910 2341400 ray::AgentLoopW
== 2026-09-06T13:36:06+09:00
Mem:            1007         484         519         369         378         523
    PID   RSS COMMAND
2619838 87710584 VLLM::Worker
2619835 87701740 VLLM::Worker
2619836 87683892 VLLM::Worker
2619837 87296344 VLLM::Worker
1317538 4820984 VLLM::Worker_TP
1317539 4818564 VLLM::Worker_TP
2557619 4370968 ray::WorkerDict
2557620 4359848 ray::WorkerDict
2557622 4209128 ray::WorkerDict
2557621 4193940 ray::WorkerDict
2626912 2479828 ray::AgentLoopW
2626911 2408044 ray::AgentLoopW
2626910 2341400 ray::AgentLoopW
== 2026-09-06T13:36:26+09:00
Mem:            1007         484         519         369         378         523
    PID   RSS COMMAND
2619838 87710584 VLLM::Worker
2619835 87701740 VLLM::Worker
2619836 87683892 VLLM::Worker
2619837 87296344 VLLM::Worker
1317538 4820984 VLLM::Worker_TP
1317539 4818564 VLLM::Worker_TP
2557619 4370968 ray::WorkerDict
2557620 4359848 ray::WorkerDict
2557622 4209128 ray::WorkerDict
2557621 4193940 ray::WorkerDict
2626912 2479828 ray::AgentLoopW
2626911 2408044 ray::AgentLoopW
2626910 2341400 ray::AgentLoopW
== 2026-09-06T13:36:46+09:00
Mem:            1007         484         519         369         378         523
    PID   RSS COMMAND
2619838 87710584 VLLM::Worker
2619835 87701740 VLLM::Worker
2619836 87683892 VLLM::Worker
2619837 87296344 VLLM::Worker
1317538 4820984 VLLM::Worker_TP
1317539 4818564 VLLM::Worker_TP
2557619 4370968 ray::WorkerDict
2557620 4359848 ray::WorkerDict
2557622 4209128 ray::WorkerDict
2557621 4193940 ray::WorkerDict
2626912 2479828 ray::AgentLoopW
2626911 2408044 ray::AgentLoopW
2626910 2341400 ray::AgentLoopW
== 2026-09-06T13:37:06+09:00
Mem:            1007         484         519         369         378         523
    PID   RSS COMMAND
2619838 87706796 VLLM::Worker
2619835 87698716 VLLM::Worker
2619836 87680872 VLLM::Worker
2619837 87292552 VLLM::Worker
1317538 4820984 VLLM::Worker_TP
1317539 4818564 VLLM::Worker_TP
2557619 4369956 ray::WorkerDict
2557620 4359656 ray::WorkerDict
2557622 4208908 ray::WorkerDict
2557621 4193756 ray::WorkerDict
2626912 2478932 ray::AgentLoopW
2626911 2406380 ray::AgentLoopW
2626910 2339744 ray::AgentLoopW
== 2026-09-06T13:37:26+09:00
Mem:            1007         484         519         369         378         523
    PID   RSS COMMAND
2619838 87706796 VLLM::Worker
2619835 87698716 VLLM::Worker
2619836 87680872 VLLM::Worker
2619837 87292552 VLLM::Worker
1317538 4820984 VLLM::Worker_TP
1317539 4818564 VLLM::Worker_TP
2557619 4369956 ray::WorkerDict
2557620 4359656 ray::WorkerDict
2557622 4208908 ray::WorkerDict
2557621 4193756 ray::WorkerDict
2626912 2478932 ray::AgentLoopW
2626911 2406380 ray::AgentLoopW
2626910 2339744 ray::AgentLoopW
== 2026-09-06T13:37:46+09:00
Mem:            1007         484         519         369         378         523
    PID   RSS COMMAND
2619838 87706796 VLLM::Worker
2619835 87698716 VLLM::Worker
2619836 87680872 VLLM::Worker
2619837 87292552 VLLM::Worker
1317538 4820984 VLLM::Worker_TP
1317539 4818564 VLLM::Worker_TP
2557619 4369188 ray::WorkerDict
2557620 4358888 ray::WorkerDict
2557622 4208140 ray::WorkerDict
2557621 4192988 ray::WorkerDict
2626912 2478932 ray::AgentLoopW
2626911 2406380 ray::AgentLoopW
2626910 2339744 ray::AgentLoopW
== 2026-09-06T13:38:06+09:00
Mem:            1007         484         519         369         378         523
    PID   RSS COMMAND
2619838 87706796 VLLM::Worker
2619835 87698716 VLLM::Worker
2619836 87680872 VLLM::Worker
2619837 87292552 VLLM::Worker
1317538 4820984 VLLM::Worker_TP
1317539 4818564 VLLM::Worker_TP
2557619 4369188 ray::WorkerDict
2557620 4358888 ray::WorkerDict
2557622 4208140 ray::WorkerDict
2557621 4192988 ray::WorkerDict
2626912 2478932 ray::AgentLoopW
2626911 2406380 ray::AgentLoopW
2626910 2339744 ray::AgentLoopW
== 2026-09-06T13:38:26+09:00
Mem:            1007         484         519         369         378         523
    PID   RSS COMMAND
2619838 87706796 VLLM::Worker
2619835 87698716 VLLM::Worker
2619836 87680872 VLLM::Worker
2619837 87292552 VLLM::Worker
1317538 4820984 VLLM::Worker_TP
1317539 4818564 VLLM::Worker_TP
2557619 4369188 ray::WorkerDict
2557620 4358888 ray::WorkerDict
2557622 4208140 ray::WorkerDict
2557621 4192988 ray::WorkerDict
2626912 2478932 ray::AgentLoopW
2626911 2406380 ray::AgentLoopW
2626910 2339744 ray::AgentLoopW
== 2026-09-06T13:38:46+09:00
Mem:            1007         484         519         369         378         522
    PID   RSS COMMAND
2619838 87706796 VLLM::Worker
2619835 87698716 VLLM::Worker
2619836 87680872 VLLM::Worker
2619837 87292552 VLLM::Worker
1317538 4820984 VLLM::Worker_TP
1317539 4818564 VLLM::Worker_TP
2557619 4369956 ray::WorkerDict
2557620 4358888 ray::WorkerDict
2557622 4208908 ray::WorkerDict
2557621 4193756 ray::WorkerDict
2626912 2478932 ray::AgentLoopW
2626911 2406380 ray::AgentLoopW
2626910 2339744 ray::AgentLoopW
== 2026-09-06T13:39:06+09:00
Mem:            1007         484         519         369         378         522
    PID   RSS COMMAND
2619838 87706796 VLLM::Worker
2619835 87698716 VLLM::Worker
2619836 87680872 VLLM::Worker
2619837 87292552 VLLM::Worker
1317538 4820984 VLLM::Worker_TP
1317539 4818564 VLLM::Worker_TP
2557619 4369956 ray::WorkerDict
2557620 4358888 ray::WorkerDict
2557622 4208908 ray::WorkerDict
2557621 4193756 ray::WorkerDict
2626912 2478932 ray::AgentLoopW
2626911 2406380 ray::AgentLoopW
2626910 2339744 ray::AgentLoopW
== 2026-09-06T13:39:26+09:00
Mem:            1007         580         423         369         378         426
    PID   RSS COMMAND
2619838 87710636 VLLM::Worker
2619835 87702556 VLLM::Worker
2619836 87683916 VLLM::Worker
2619837 87295624 VLLM::Worker
2557619 29864320 ray::WorkerDict
2557620 29843944 ray::WorkerDict
2557622 29302516 ray::WorkerDict
2557621 29240736 ray::WorkerDict
1317538 4820984 VLLM::Worker_TP
1317539 4818564 VLLM::Worker_TP
2626912 2478932 ray::AgentLoopW
2626911 2406380 ray::AgentLoopW
2626910 2339744 ray::AgentLoopW
== 2026-09-06T13:39:46+09:00
Mem:            1007         714         289         369         378         292
    PID   RSS COMMAND
2619838 87710636 VLLM::Worker
2619835 87702556 VLLM::Worker
2619836 87683916 VLLM::Worker
2619837 87295624 VLLM::Worker
2557619 64727972 ray::WorkerDict
2557620 64707344 ray::WorkerDict
2557622 64589276 ray::WorkerDict
2557621 64541088 ray::WorkerDict
1317538 4820984 VLLM::Worker_TP
1317539 4818564 VLLM::Worker_TP
2626912 2478932 ray::AgentLoopW
2626911 2406380 ray::AgentLoopW
2626910 2339744 ray::AgentLoopW
== 2026-09-06T13:40:06+09:00
Mem:            1007         714         289         369         378         293
    PID   RSS COMMAND
2619838 87707616 VLLM::Worker
2619835 87698460 VLLM::Worker
2619836 87680268 VLLM::Worker
2619837 87291068 VLLM::Worker
2557619 64717788 ray::WorkerDict
2557620 64698504 ray::WorkerDict
2557622 64179772 ray::WorkerDict
2557621 63992656 ray::WorkerDict
1317538 4820984 VLLM::Worker_TP
1317539 4818564 VLLM::Worker_TP
2626912 2475172 ray::AgentLoopW
2626911 2401852 ray::AgentLoopW
2626910 2339740 ray::AgentLoopW
== 2026-09-06T13:40:26+09:00
Mem:            1007         712         291         369         378         295
    PID   RSS COMMAND
2619838 87709920 VLLM::Worker
2619835 87699996 VLLM::Worker
2619836 87681804 VLLM::Worker
2619837 87291068 VLLM::Worker
2557620 63982224 ray::WorkerDict
2557622 63957652 ray::WorkerDict
2557619 63936732 ray::WorkerDict
2557621 63747668 ray::WorkerDict
1317538 4820984 VLLM::Worker_TP
1317539 4818564 VLLM::Worker_TP
2626912 2475172 ray::AgentLoopW
2626911 2401852 ray::AgentLoopW
2626910 2339740 ray::AgentLoopW
== 2026-09-06T13:40:46+09:00
Mem:            1007         712         291         369         378         294
    PID   RSS COMMAND
2619838 87716832 VLLM::Worker
2619835 87703068 VLLM::Worker
2619836 87684108 VLLM::Worker
2619837 87337148 VLLM::Worker
2557620 63982224 ray::WorkerDict
2557622 63959956 ray::WorkerDict
2557619 63937500 ray::WorkerDict
2557621 63747668 ray::WorkerDict
1317538 4820984 VLLM::Worker_TP
1317539 4818564 VLLM::Worker_TP
2626912 2478124 ray::AgentLoopW
2626911 2407100 ray::AgentLoopW
2626917 2392956 ray::AgentLoopW
== 2026-09-06T13:41:06+09:00
Mem:            1007         712         291         369         378         294
    PID   RSS COMMAND
2619838 87716832 VLLM::Worker
2619835 87703068 VLLM::Worker
2619836 87684108 VLLM::Worker
2619837 87338684 VLLM::Worker
2557620 63980688 ray::WorkerDict
2557622 63957652 ray::WorkerDict
2557619 63936732 ray::WorkerDict
2557621 63746900 ray::WorkerDict
1317538 4820984 VLLM::Worker_TP
1317539 4818564 VLLM::Worker_TP
2626912 2480428 ray::AgentLoopW
2626911 2407100 ray::AgentLoopW
2626917 2392956 ray::AgentLoopW
== 2026-09-06T13:41:26+09:00
Mem:            1007         713         289         369         379         294
    PID   RSS COMMAND
2619838 87716832 VLLM::Worker
2619835 87706908 VLLM::Worker
2619836 87684876 VLLM::Worker
2619837 87338684 VLLM::Worker
2557620 63980688 ray::WorkerDict
2557622 63957652 ray::WorkerDict
2557619 63936732 ray::WorkerDict
2557621 63746900 ray::WorkerDict
1317538 4820984 VLLM::Worker_TP
1317539 4818564 VLLM::Worker_TP
2626912 2480428 ray::AgentLoopW
2626917 2414828 ray::AgentLoopW
2626911 2407868 ray::AgentLoopW
== 2026-09-06T13:41:46+09:00
Mem:            1007         713         289         369         379         294
    PID   RSS COMMAND
2619838 87716832 VLLM::Worker
2619835 87706908 VLLM::Worker
2619836 87684876 VLLM::Worker
2619837 87337108 VLLM::Worker
2557620 63980688 ray::WorkerDict
2557622 63957652 ray::WorkerDict
2557619 63936732 ray::WorkerDict
2557621 63746900 ray::WorkerDict
1317538 4820984 VLLM::Worker_TP
1317539 4818564 VLLM::Worker_TP
2626912 2480428 ray::AgentLoopW
2626917 2420240 ray::AgentLoopW
2626911 2408636 ray::AgentLoopW
== 2026-09-06T13:42:06+09:00
Mem:            1007         713         289         369         379         294
    PID   RSS COMMAND
2619838 87713792 VLLM::Worker
2619835 87704480 VLLM::Worker
2619836 87684876 VLLM::Worker
2619837 87335072 VLLM::Worker
2557620 63980688 ray::WorkerDict
2557622 63957652 ray::WorkerDict
2557619 63936732 ray::WorkerDict
2557621 63746900 ray::WorkerDict
1317538 4820984 VLLM::Worker_TP
1317539 4818564 VLLM::Worker_TP
2626912 2480428 ray::AgentLoopW
2626917 2424080 ray::AgentLoopW
2626911 2408636 ray::AgentLoopW
== 2026-09-06T13:42:26+09:00
Mem:            1007         713         289         369         379         294
    PID   RSS COMMAND
2619838 87713792 VLLM::Worker
2619835 87704480 VLLM::Worker
2619836 87684876 VLLM::Worker
2619837 87335072 VLLM::Worker
2557620 63980688 ray::WorkerDict
2557622 63957652 ray::WorkerDict
2557619 63936732 ray::WorkerDict
2557621 63746900 ray::WorkerDict
1317538 4820984 VLLM::Worker_TP
1317539 4818564 VLLM::Worker_TP
2626912 2480428 ray::AgentLoopW
2626917 2424080 ray::AgentLoopW
2626911 2408636 ray::AgentLoopW
== 2026-09-06T13:42:46+09:00
Mem:            1007         713         289         369         379         294
    PID   RSS COMMAND
2619838 87713792 VLLM::Worker
2619835 87704480 VLLM::Worker
2619836 87684876 VLLM::Worker
2619837 87335072 VLLM::Worker
2557620 63980688 ray::WorkerDict
2557622 63957652 ray::WorkerDict
2557619 63936732 ray::WorkerDict
2557621 63746900 ray::WorkerDict
1317538 4820984 VLLM::Worker_TP
1317539 4818564 VLLM::Worker_TP
2626912 2480428 ray::AgentLoopW
2626917 2427920 ray::AgentLoopW
2626911 2408636 ray::AgentLoopW
== 2026-09-06T13:43:06+09:00
Mem:            1007         713         289         369         379         294
    PID   RSS COMMAND
2619838 87713792 VLLM::Worker
2619835 87704480 VLLM::Worker
2619836 87684876 VLLM::Worker
2619837 87335072 VLLM::Worker
2557620 63980688 ray::WorkerDict
2557622 63957652 ray::WorkerDict
2557619 63936732 ray::WorkerDict
2557621 63746900 ray::WorkerDict
1317538 4820984 VLLM::Worker_TP
1317539 4818564 VLLM::Worker_TP
2626912 2480428 ray::AgentLoopW
2626917 2427920 ray::AgentLoopW
2626911 2408636 ray::AgentLoopW
== 2026-09-06T13:43:26+09:00
Mem:            1007         713         289         369         379         294
    PID   RSS COMMAND
2619838 87713792 VLLM::Worker
2619835 87704480 VLLM::Worker
2619836 87684876 VLLM::Worker
2619837 87335072 VLLM::Worker
2557620 63980688 ray::WorkerDict
2557622 63957652 ray::WorkerDict
2557619 63936732 ray::WorkerDict
2557621 63746900 ray::WorkerDict
1317538 4820984 VLLM::Worker_TP
1317539 4818564 VLLM::Worker_TP
2626912 2480428 ray::AgentLoopW
2626917 2427920 ray::AgentLoopW
2626911 2408636 ray::AgentLoopW
== 2026-09-06T13:43:46+09:00
Mem:            1007         703         299         369         379         303
    PID   RSS COMMAND
2619838 87713792 VLLM::Worker
2619835 87704480 VLLM::Worker
2619836 87684876 VLLM::Worker
2619837 87335072 VLLM::Worker
2557619 61571076 ray::WorkerDict
2557620 61551380 ray::WorkerDict
2557621 61384984 ray::WorkerDict
2557622 61316728 ray::WorkerDict
1317538 4820984 VLLM::Worker_TP
1317539 4818564 VLLM::Worker_TP
2626912 2480428 ray::AgentLoopW
2626917 2427920 ray::AgentLoopW
2626911 2408636 ray::AgentLoopW
== 2026-09-06T13:44:06+09:00
Mem:            1007         485         517         369         379         522
    PID   RSS COMMAND
2619838 87713792 VLLM::Worker
2619835 87704480 VLLM::Worker
2619836 87684876 VLLM::Worker
2619837 87335072 VLLM::Worker
1317538 4820984 VLLM::Worker_TP
1317539 4818564 VLLM::Worker_TP
2557619 4371920 ray::WorkerDict
2557620 4352224 ray::WorkerDict
2557621 4185828 ray::WorkerDict
2557622 4117572 ray::WorkerDict
2626912 2480428 ray::AgentLoopW
2626917 2427920 ray::AgentLoopW
2626911 2408636 ray::AgentLoopW
== 2026-09-06T13:44:26+09:00
Mem:            1007         485         517         369         379         522
    PID   RSS COMMAND
2619838 87713792 VLLM::Worker
2619835 87704480 VLLM::Worker
2619836 87684876 VLLM::Worker
2619837 87335072 VLLM::Worker
1317538 4820984 VLLM::Worker_TP
1317539 4818564 VLLM::Worker_TP
2557619 4371920 ray::WorkerDict
2557620 4352224 ray::WorkerDict
2557621 4185828 ray::WorkerDict
2557622 4117572 ray::WorkerDict
2626912 2480428 ray::AgentLoopW
2626917 2427920 ray::AgentLoopW
2626911 2408636 ray::AgentLoopW
== 2026-09-06T13:44:46+09:00
Mem:            1007         485         517         369         379         522
    PID   RSS COMMAND
2619838 87713792 VLLM::Worker
2619835 87704480 VLLM::Worker
2619836 87684876 VLLM::Worker
2619837 87335072 VLLM::Worker
1317538 4820984 VLLM::Worker_TP
1317539 4818564 VLLM::Worker_TP
2557619 4371920 ray::WorkerDict
2557620 4352224 ray::WorkerDict
2557621 4185828 ray::WorkerDict
2557622 4117572 ray::WorkerDict
2626912 2480428 ray::AgentLoopW
2626917 2427920 ray::AgentLoopW
2626911 2408636 ray::AgentLoopW
== 2026-09-06T13:45:07+09:00
Mem:            1007         484         517         369         379         522
    PID   RSS COMMAND
2619838 87713792 VLLM::Worker
2619835 87704480 VLLM::Worker
2619836 87684876 VLLM::Worker
2619837 87335072 VLLM::Worker
1317538 4820984 VLLM::Worker_TP
1317539 4818564 VLLM::Worker_TP
2557619 4371920 ray::WorkerDict
2557620 4352224 ray::WorkerDict
2557621 4185828 ray::WorkerDict
2557622 4117572 ray::WorkerDict
2626912 2480428 ray::AgentLoopW
2626917 2427920 ray::AgentLoopW
2626911 2408636 ray::AgentLoopW
== 2026-09-06T13:45:27+09:00
Mem:            1007         485         517         369         379         522
    PID   RSS COMMAND
2619838 87713792 VLLM::Worker
2619835 87704480 VLLM::Worker
2619836 87684876 VLLM::Worker
2619837 87335072 VLLM::Worker
1317538 4820984 VLLM::Worker_TP
1317539 4818564 VLLM::Worker_TP
2557619 4379124 ray::WorkerDict
2557620 4357564 ray::WorkerDict
2557621 4192920 ray::WorkerDict
2557622 4124308 ray::WorkerDict
2626912 2480428 ray::AgentLoopW
2626917 2427920 ray::AgentLoopW
2626911 2408636 ray::AgentLoopW
== 2026-09-06T13:45:47+09:00
Mem:            1007         484         517         369         379         522
    PID   RSS COMMAND
2619838 87713792 VLLM::Worker
2619835 87704480 VLLM::Worker
2619836 87684876 VLLM::Worker
2619837 87335072 VLLM::Worker
1317538 4820984 VLLM::Worker_TP
1317539 4818564 VLLM::Worker_TP
2557619 4379124 ray::WorkerDict
2557620 4357564 ray::WorkerDict
2557621 4192920 ray::WorkerDict
2557622 4124308 ray::WorkerDict
2626912 2480428 ray::AgentLoopW
2626917 2427920 ray::AgentLoopW
2626911 2408636 ray::AgentLoopW
== 2026-09-06T13:46:07+09:00
Mem:            1007         485         517         369         379         522
    PID   RSS COMMAND
2619838 87713792 VLLM::Worker
2619835 87704480 VLLM::Worker
2619836 87684876 VLLM::Worker
2619837 87335072 VLLM::Worker
1317538 4820984 VLLM::Worker_TP
1317539 4818564 VLLM::Worker_TP
2557619 4379124 ray::WorkerDict
2557620 4357564 ray::WorkerDict
2557621 4192920 ray::WorkerDict
2557622 4124308 ray::WorkerDict
2626912 2480428 ray::AgentLoopW
2626917 2427920 ray::AgentLoopW
2626911 2408636 ray::AgentLoopW
== 2026-09-06T13:46:27+09:00
Mem:            1007         485         517         369         379         522
    PID   RSS COMMAND
2619838 87713792 VLLM::Worker
2619835 87704480 VLLM::Worker
2619836 87684876 VLLM::Worker
2619837 87335072 VLLM::Worker
1317538 4820984 VLLM::Worker_TP
1317539 4818564 VLLM::Worker_TP
2557619 4379124 ray::WorkerDict
2557620 4357564 ray::WorkerDict
2557621 4192920 ray::WorkerDict
2557622 4124308 ray::WorkerDict
2626912 2480428 ray::AgentLoopW
2626917 2427920 ray::AgentLoopW
2626911 2408636 ray::AgentLoopW
== 2026-09-06T13:46:47+09:00
Mem:            1007         485         517         369         379         522
    PID   RSS COMMAND
2619838 87712856 VLLM::Worker
2619835 87703532 VLLM::Worker
2619836 87683940 VLLM::Worker
2619837 87334264 VLLM::Worker
1317538 4820984 VLLM::Worker_TP
1317539 4818564 VLLM::Worker_TP
2557619 4378208 ray::WorkerDict
2557620 4356652 ray::WorkerDict
2557621 4192004 ray::WorkerDict
2557622 4123380 ray::WorkerDict
2626912 2480428 ray::AgentLoopW
2626917 2427920 ray::AgentLoopW
2626911 2408636 ray::AgentLoopW
== 2026-09-06T13:47:07+09:00
Mem:            1007         485         517         369         379         522
    PID   RSS COMMAND
2619838 87712856 VLLM::Worker
2619835 87703532 VLLM::Worker
2619836 87683940 VLLM::Worker
2619837 87334264 VLLM::Worker
1317538 4821752 VLLM::Worker_TP
1317539 4818564 VLLM::Worker_TP
2557619 4378208 ray::WorkerDict
2557620 4356652 ray::WorkerDict
2557621 4192772 ray::WorkerDict
2557622 4124148 ray::WorkerDict
2626912 2480428 ray::AgentLoopW
2626917 2427920 ray::AgentLoopW
2626911 2408636 ray::AgentLoopW
== 2026-09-06T13:47:27+09:00
Mem:            1007         484         517         369         379         522
    PID   RSS COMMAND
2619838 87712856 VLLM::Worker
2619835 87703532 VLLM::Worker
2619836 87683940 VLLM::Worker
2619837 87334264 VLLM::Worker
1317538 4821752 VLLM::Worker_TP
1317539 4818564 VLLM::Worker_TP
2557619 4378208 ray::WorkerDict
2557620 4357420 ray::WorkerDict
2557621 4192772 ray::WorkerDict
2557622 4124148 ray::WorkerDict
2626912 2480428 ray::AgentLoopW
2626917 2427920 ray::AgentLoopW
2626911 2408636 ray::AgentLoopW
== 2026-09-06T13:47:47+09:00
Mem:            1007         484         517         369         379         522
    PID   RSS COMMAND
2619838 87712856 VLLM::Worker
2619835 87703532 VLLM::Worker
2619836 87683940 VLLM::Worker
2619837 87334264 VLLM::Worker
1317538 4821752 VLLM::Worker_TP
1317539 4818564 VLLM::Worker_TP
2557619 4378208 ray::WorkerDict
2557620 4357420 ray::WorkerDict
2557621 4192772 ray::WorkerDict
2557622 4124148 ray::WorkerDict
2626912 2480428 ray::AgentLoopW
2626917 2427920 ray::AgentLoopW
2626911 2408636 ray::AgentLoopW
== 2026-09-06T13:48:07+09:00
Mem:            1007         484         517         369         379         522
    PID   RSS COMMAND
2619838 87710372 VLLM::Worker
2619835 87701068 VLLM::Worker
2619836 87681476 VLLM::Worker
2619837 87332640 VLLM::Worker
1317538 4820940 VLLM::Worker_TP
1317539 4817764 VLLM::Worker_TP
2557619 4375556 ray::WorkerDict
2557620 4354788 ray::WorkerDict
2557621 4190896 ray::WorkerDict
2557622 4122272 ray::WorkerDict
2626912 2480428 ray::AgentLoopW
2626917 2427920 ray::AgentLoopW
2626911 2408636 ray::AgentLoopW
== 2026-09-06T13:48:27+09:00
Mem:            1007         484         517         369         379         522
    PID   RSS COMMAND
2619838 87710372 VLLM::Worker
2619835 87701068 VLLM::Worker
2619836 87681476 VLLM::Worker
2619837 87332640 VLLM::Worker
1317538 4820940 VLLM::Worker_TP
1317539 4817764 VLLM::Worker_TP
2557619 4378628 ray::WorkerDict
2557620 4357092 ray::WorkerDict
2557621 4193968 ray::WorkerDict
2557622 4125344 ray::WorkerDict
2626912 2480428 ray::AgentLoopW
2626917 2427920 ray::AgentLoopW
2626911 2408636 ray::AgentLoopW
== 2026-09-06T13:48:47+09:00
Mem:            1007         484         517         369         379         522
    PID   RSS COMMAND
2619838 87710372 VLLM::Worker
2619835 87701068 VLLM::Worker
2619836 87681476 VLLM::Worker
2619837 87332640 VLLM::Worker
1317538 4820940 VLLM::Worker_TP
1317539 4817764 VLLM::Worker_TP
2557619 4378628 ray::WorkerDict
2557620 4357092 ray::WorkerDict
2557621 4193968 ray::WorkerDict
2557622 4125344 ray::WorkerDict
2626912 2480428 ray::AgentLoopW
2626917 2427920 ray::AgentLoopW
2626911 2408636 ray::AgentLoopW
== 2026-09-06T13:49:07+09:00
Mem:            1007         484         517         369         379         522
    PID   RSS COMMAND
2619838 87710372 VLLM::Worker
2619835 87701068 VLLM::Worker
2619836 87681476 VLLM::Worker
2619837 87332640 VLLM::Worker
1317538 4820940 VLLM::Worker_TP
1317539 4817764 VLLM::Worker_TP
2557619 4378628 ray::WorkerDict
2557620 4357092 ray::WorkerDict
2557621 4193968 ray::WorkerDict
2557622 4125344 ray::WorkerDict
2626912 2480428 ray::AgentLoopW
2626917 2427920 ray::AgentLoopW
2626911 2408636 ray::AgentLoopW
== 2026-09-06T13:49:27+09:00
Mem:            1007         484         517         369         379         522
    PID   RSS COMMAND
2619838 87710372 VLLM::Worker
2619835 87701068 VLLM::Worker
2619836 87681476 VLLM::Worker
2619837 87332640 VLLM::Worker
1317538 4820940 VLLM::Worker_TP
1317539 4817764 VLLM::Worker_TP
2557619 4378628 ray::WorkerDict
2557620 4357092 ray::WorkerDict
2557621 4193968 ray::WorkerDict
2557622 4125344 ray::WorkerDict
2626912 2480428 ray::AgentLoopW
2626917 2427920 ray::AgentLoopW
2626911 2408636 ray::AgentLoopW
== 2026-09-06T13:49:47+09:00
Mem:            1007         484         517         369         379         522
    PID   RSS COMMAND
2619838 87710372 VLLM::Worker
2619835 87701068 VLLM::Worker
2619836 87681476 VLLM::Worker
2619837 87332640 VLLM::Worker
1317538 4820940 VLLM::Worker_TP
1317539 4817764 VLLM::Worker_TP
2557619 4378628 ray::WorkerDict
2557620 4357860 ray::WorkerDict
2557621 4193968 ray::WorkerDict
2557622 4125344 ray::WorkerDict
2626912 2480428 ray::AgentLoopW
2626917 2427920 ray::AgentLoopW
2626911 2408636 ray::AgentLoopW
== 2026-09-06T13:50:07+09:00
Mem:            1007         484         517         369         379         522
    PID   RSS COMMAND
2619838 87710372 VLLM::Worker
2619835 87701068 VLLM::Worker
2619836 87681476 VLLM::Worker
2619837 87332640 VLLM::Worker
1317538 4820940 VLLM::Worker_TP
1317539 4817764 VLLM::Worker_TP
2557619 4378628 ray::WorkerDict
2557620 4357860 ray::WorkerDict
2557621 4193968 ray::WorkerDict
2557622 4125344 ray::WorkerDict
2626912 2480428 ray::AgentLoopW
2626917 2427920 ray::AgentLoopW
2626911 2408636 ray::AgentLoopW
== 2026-09-06T13:50:27+09:00
Mem:            1007         484         517         369         379         522
    PID   RSS COMMAND
2619838 87710372 VLLM::Worker
2619835 87701068 VLLM::Worker
2619836 87681476 VLLM::Worker
2619837 87332640 VLLM::Worker
1317538 4820940 VLLM::Worker_TP
1317539 4817764 VLLM::Worker_TP
2557619 4378628 ray::WorkerDict
2557620 4357860 ray::WorkerDict
2557621 4193968 ray::WorkerDict
2557622 4125344 ray::WorkerDict
2626912 2480428 ray::AgentLoopW
2626917 2427920 ray::AgentLoopW
2626911 2408636 ray::AgentLoopW
== 2026-09-06T13:50:47+09:00
Mem:            1007         484         517         369         379         522
    PID   RSS COMMAND
2619838 87710372 VLLM::Worker
2619835 87701068 VLLM::Worker
2619836 87681476 VLLM::Worker
2619837 87332640 VLLM::Worker
1317538 4820940 VLLM::Worker_TP
1317539 4817764 VLLM::Worker_TP
2557619 4378628 ray::WorkerDict
2557620 4357860 ray::WorkerDict
2557621 4193968 ray::WorkerDict
2557622 4125344 ray::WorkerDict
2626912 2480428 ray::AgentLoopW
2626917 2427920 ray::AgentLoopW
2626911 2408636 ray::AgentLoopW
== 2026-09-06T13:51:07+09:00
Mem:            1007         484         517         369         379         522
    PID   RSS COMMAND
2619838 87710372 VLLM::Worker
2619835 87701068 VLLM::Worker
2619836 87681476 VLLM::Worker
2619837 87332640 VLLM::Worker
1317538 4820940 VLLM::Worker_TP
1317539 4817764 VLLM::Worker_TP
2557619 4378628 ray::WorkerDict
2557620 4357860 ray::WorkerDict
2557621 4193968 ray::WorkerDict
2557622 4125344 ray::WorkerDict
2626912 2480428 ray::AgentLoopW
2626917 2427920 ray::AgentLoopW
2626911 2408636 ray::AgentLoopW
== 2026-09-06T13:51:27+09:00
Mem:            1007         484         517         369         379         522
    PID   RSS COMMAND
2619838 87710372 VLLM::Worker
2619835 87701068 VLLM::Worker
2619836 87681476 VLLM::Worker
2619837 87332640 VLLM::Worker
1317538 4820940 VLLM::Worker_TP
1317539 4817764 VLLM::Worker_TP
2557619 4378628 ray::WorkerDict
2557620 4357860 ray::WorkerDict
2557621 4193968 ray::WorkerDict
2557622 4125344 ray::WorkerDict
2626912 2480428 ray::AgentLoopW
2626917 2427920 ray::AgentLoopW
2626911 2408636 ray::AgentLoopW
== 2026-09-06T13:51:47+09:00
Mem:            1007         540         456         369         385         467
    PID   RSS COMMAND
2619838 87710372 VLLM::Worker
2619835 87701068 VLLM::Worker
2619836 87681476 VLLM::Worker
2619837 87332640 VLLM::Worker
2557619 18774328 ray::WorkerDict
2557620 18754220 ray::WorkerDict
2557621 18654892 ray::WorkerDict
2557622 18586016 ray::WorkerDict
1317538 4820940 VLLM::Worker_TP
1317539 4817764 VLLM::Worker_TP
2626912 2480428 ray::AgentLoopW
2626917 2427920 ray::AgentLoopW
2626911 2408636 ray::AgentLoopW
== 2026-09-06T13:52:07+09:00
Mem:            1007         543         424         369         414         464
    PID   RSS COMMAND
2619838 87710372 VLLM::Worker
2619835 87701068 VLLM::Worker
2619836 87681476 VLLM::Worker
2619837 87332640 VLLM::Worker
2557619 18774328 ray::WorkerDict
2557620 18754220 ray::WorkerDict
2557621 18654892 ray::WorkerDict
2557622 18586016 ray::WorkerDict
1317538 4820940 VLLM::Worker_TP
1317539 4817764 VLLM::Worker_TP
2626912 2480428 ray::AgentLoopW
2626917 2427920 ray::AgentLoopW
2626911 2408636 ray::AgentLoopW
== 2026-09-06T13:52:27+09:00
Mem:            1007         489         456         369         436         517
    PID   RSS COMMAND
2619838 87710372 VLLM::Worker
2619835 87701068 VLLM::Worker
2619836 87681476 VLLM::Worker
2619837 87332640 VLLM::Worker
1317538 4820940 VLLM::Worker_TP
1317539 4817764 VLLM::Worker_TP
2557619 4328772 ray::WorkerDict
2557620 4294304 ray::WorkerDict
2557621 4195520 ray::WorkerDict
2557622 4127032 ray::WorkerDict
2626912 2480428 ray::AgentLoopW
2626917 2427920 ray::AgentLoopW
2626911 2408636 ray::AgentLoopW
== 2026-09-06T13:52:47+09:00
Mem:            1007         609         336         369         436         398
    PID   RSS COMMAND
2619838 87710372 VLLM::Worker
2619835 87701068 VLLM::Worker
2619836 87681476 VLLM::Worker
2619837 87332640 VLLM::Worker
2557619 35969440 ray::WorkerDict
2557620 35934972 ray::WorkerDict
2557621 35204288 ray::WorkerDict
2557622 35133620 ray::WorkerDict
1317538 4820940 VLLM::Worker_TP
1317539 4817764 VLLM::Worker_TP
2626912 2480428 ray::AgentLoopW
2626917 2427920 ray::AgentLoopW
2626911 2408636 ray::AgentLoopW
== 2026-09-06T13:53:07+09:00
Mem:            1007         718         227         369         436         289
    PID   RSS COMMAND
2619838 87710372 VLLM::Worker
2619835 87701068 VLLM::Worker
2619836 87681476 VLLM::Worker
2619837 87332640 VLLM::Worker
2557620 64144544 ray::WorkerDict
2557619 64135564 ray::WorkerDict
2557621 64088768 ray::WorkerDict
2557622 64011832 ray::WorkerDict
1317538 4820940 VLLM::Worker_TP
1317539 4817764 VLLM::Worker_TP
2626912 2480428 ray::AgentLoopW
2626917 2427920 ray::AgentLoopW
2626911 2408636 ray::AgentLoopW
== 2026-09-06T13:53:27+09:00
Mem:            1007         719         226         369         436         288
    PID   RSS COMMAND
2619838 87710372 VLLM::Worker
2619835 87701068 VLLM::Worker
2619836 87681476 VLLM::Worker
2619837 87332640 VLLM::Worker
2557619 64690828 ray::WorkerDict
2557620 64664808 ray::WorkerDict
2557621 64177088 ray::WorkerDict
2557622 64046720 ray::WorkerDict
1317538 4820940 VLLM::Worker_TP
1317539 4817764 VLLM::Worker_TP
2626912 2480428 ray::AgentLoopW
2626917 2427920 ray::AgentLoopW
2626911 2408636 ray::AgentLoopW
== 2026-09-06T13:53:47+09:00
Mem:            1007         719         227         369         436         288
    PID   RSS COMMAND
2619838 87712676 VLLM::Worker
2619835 87704140 VLLM::Worker
2619836 87683780 VLLM::Worker
2619837 87361824 VLLM::Worker
2557619 63962000 ray::WorkerDict
2557620 63928296 ray::WorkerDict
2557621 63828748 ray::WorkerDict
2557622 63825800 ray::WorkerDict
1317538 4820940 VLLM::Worker_TP
1317539 4817764 VLLM::Worker_TP
2626915 2614740 ray::AgentLoopW
2626914 2516556 ray::AgentLoopW
2626912 2484096 ray::AgentLoopW
== 2026-09-06T13:54:07+09:00
Mem:            1007         719         227         369         436         288
    PID   RSS COMMAND
2619838 87711680 VLLM::Worker
2619835 87704140 VLLM::Worker
2619836 87683780 VLLM::Worker
2619837 87361824 VLLM::Worker
2557619 63962000 ray::WorkerDict
2557620 63928296 ray::WorkerDict
2557621 63828748 ray::WorkerDict
2557622 63825800 ray::WorkerDict
1317538 4820940 VLLM::Worker_TP
1317539 4817764 VLLM::Worker_TP
2626915 2615508 ray::AgentLoopW
2626914 2516556 ray::AgentLoopW
2626912 2484096 ray::AgentLoopW
== 2026-09-06T13:54:28+09:00
Mem:            1007         719         225         369         437         288
    PID   RSS COMMAND
2619838 87711680 VLLM::Worker
2619835 87704140 VLLM::Worker
2619836 87683780 VLLM::Worker
2619837 87362592 VLLM::Worker
2557619 63962000 ray::WorkerDict
2557620 63928296 ray::WorkerDict
2557621 63828748 ray::WorkerDict
2557622 63825800 ray::WorkerDict
1317538 4820940 VLLM::Worker_TP
1317539 4817764 VLLM::Worker_TP
2626915 2615508 ray::AgentLoopW
2626914 2515172 ray::AgentLoopW
2626912 2484096 ray::AgentLoopW
== 2026-09-06T13:54:48+09:00
Mem:            1007         719         225         369         437         288
    PID   RSS COMMAND
2619838 87711680 VLLM::Worker
2619835 87704140 VLLM::Worker
2619836 87683780 VLLM::Worker
2619837 87362592 VLLM::Worker
2557619 63962000 ray::WorkerDict
2557620 63928296 ray::WorkerDict
2557621 63828748 ray::WorkerDict
2557622 63825800 ray::WorkerDict
1317538 4829388 VLLM::Worker_TP
1317539 4826212 VLLM::Worker_TP
2626915 2645300 ray::AgentLoopW
2626914 2515172 ray::AgentLoopW
2626912 2484096 ray::AgentLoopW
== 2026-09-06T13:55:08+09:00
Mem:            1007         719         225         369         437         287
    PID   RSS COMMAND
2619838 87712448 VLLM::Worker
2619835 87704140 VLLM::Worker
2619836 87683780 VLLM::Worker
2619837 87363360 VLLM::Worker
2557619 63962000 ray::WorkerDict
2557620 63928296 ray::WorkerDict
2557621 63828748 ray::WorkerDict
2557622 63825800 ray::WorkerDict
1317538 4830924 VLLM::Worker_TP
1317539 4828516 VLLM::Worker_TP
2626915 2662196 ray::AgentLoopW
2626914 2518244 ray::AgentLoopW
2626912 2484096 ray::AgentLoopW
== 2026-09-06T13:55:28+09:00
Mem:            1007         719         225         369         437         287
    PID   RSS COMMAND
2619838 87712448 VLLM::Worker
2619835 87704140 VLLM::Worker
2619836 87684548 VLLM::Worker
2619837 87363360 VLLM::Worker
2557619 63962000 ray::WorkerDict
2557620 63928296 ray::WorkerDict
2557621 63828748 ray::WorkerDict
2557622 63825800 ray::WorkerDict
1317538 4830924 VLLM::Worker_TP
1317539 4828516 VLLM::Worker_TP
2626915 2657852 ray::AgentLoopW
2626914 2518244 ray::AgentLoopW
2626912 2484096 ray::AgentLoopW
== 2026-09-06T13:55:48+09:00
Mem:            1007         719         225         369         437         287
    PID   RSS COMMAND
2619838 87712448 VLLM::Worker
2619835 87704140 VLLM::Worker
2619836 87684548 VLLM::Worker
2619837 87363360 VLLM::Worker
2557619 63962000 ray::WorkerDict
2557620 63928296 ray::WorkerDict
2557621 63828748 ray::WorkerDict
2557622 63825800 ray::WorkerDict
1317538 4830924 VLLM::Worker_TP
1317539 4828516 VLLM::Worker_TP
2626915 2658316 ray::AgentLoopW
2626914 2518244 ray::AgentLoopW
2626912 2484096 ray::AgentLoopW
== 2026-09-06T13:56:08+09:00
Mem:            1007         719         225         369         437         287
    PID   RSS COMMAND
2619838 87712448 VLLM::Worker
2619835 87704140 VLLM::Worker
2619836 87684548 VLLM::Worker
2619837 87363360 VLLM::Worker
2557619 63962000 ray::WorkerDict
2557620 63928296 ray::WorkerDict
2557621 63828748 ray::WorkerDict
2557622 63825800 ray::WorkerDict
1317538 4830924 VLLM::Worker_TP
1317539 4828516 VLLM::Worker_TP
2626915 2655540 ray::AgentLoopW
2626914 2522324 ray::AgentLoopW
2626912 2484096 ray::AgentLoopW
== 2026-09-06T13:56:28+09:00
Mem:            1007         719         225         369         437         287
    PID   RSS COMMAND
2619838 87712248 VLLM::Worker
2619835 87703160 VLLM::Worker
2619836 87684352 VLLM::Worker
2619837 87363148 VLLM::Worker
2557619 63960460 ray::WorkerDict
2557620 63927528 ray::WorkerDict
2557621 63827980 ray::WorkerDict
2557622 63825028 ray::WorkerDict
1317538 4830924 VLLM::Worker_TP
1317539 4828516 VLLM::Worker_TP
2626915 2656308 ray::AgentLoopW
2626914 2522324 ray::AgentLoopW
2626912 2484096 ray::AgentLoopW
== 2026-09-06T13:56:48+09:00
Mem:            1007         719         224         369         437         287
    PID   RSS COMMAND
2619838 87712248 VLLM::Worker
2619835 87703160 VLLM::Worker
2619836 87684352 VLLM::Worker
2619837 87363148 VLLM::Worker
2557619 63960460 ray::WorkerDict
2557620 63927528 ray::WorkerDict
2557621 63827980 ray::WorkerDict
2557622 63825028 ray::WorkerDict
1317538 4831692 VLLM::Worker_TP
1317539 4828516 VLLM::Worker_TP
2626915 2657800 ray::AgentLoopW
2626914 2534548 ray::AgentLoopW
2626912 2484096 ray::AgentLoopW
== 2026-09-06T13:57:08+09:00
Mem:            1007         719         224         369         437         287
    PID   RSS COMMAND
2619838 87712248 VLLM::Worker
2619835 87703160 VLLM::Worker
2619836 87684352 VLLM::Worker
2619837 87363148 VLLM::Worker
2557619 63960460 ray::WorkerDict
2557620 63927528 ray::WorkerDict
2557621 63827980 ray::WorkerDict
2557622 63825028 ray::WorkerDict
1317538 4831692 VLLM::Worker_TP
1317539 4828516 VLLM::Worker_TP
2626915 2656512 ray::AgentLoopW
2626914 2545440 ray::AgentLoopW
2626912 2484096 ray::AgentLoopW
== 2026-09-06T13:57:28+09:00
Mem:            1007         719         224         369         437         287
    PID   RSS COMMAND
2619838 87712248 VLLM::Worker
2619835 87703160 VLLM::Worker
2619836 87684352 VLLM::Worker
2619837 87363148 VLLM::Worker
2557619 63960460 ray::WorkerDict
2557620 63927528 ray::WorkerDict
2557621 63827980 ray::WorkerDict
2557622 63825028 ray::WorkerDict
1317538 4831692 VLLM::Worker_TP
1317539 4828516 VLLM::Worker_TP
2626915 2658152 ray::AgentLoopW
2626914 2545440 ray::AgentLoopW
2626912 2484096 ray::AgentLoopW
== 2026-09-06T13:57:48+09:00
Mem:            1007         719         224         369         438         287
    PID   RSS COMMAND
2619838 87711384 VLLM::Worker
2619835 87702296 VLLM::Worker
2619836 87685024 VLLM::Worker
2619837 87362284 VLLM::Worker
2557619 63959472 ray::WorkerDict
2557620 63926556 ray::WorkerDict
2557621 63827036 ray::WorkerDict
2557622 63824056 ray::WorkerDict
1317538 4831692 VLLM::Worker_TP
1317539 4828516 VLLM::Worker_TP
2626915 2654568 ray::AgentLoopW
2626914 2559072 ray::AgentLoopW
2626912 2483224 ray::AgentLoopW
== 2026-09-06T13:58:08+09:00
Mem:            1007         719         224         369         438         287
    PID   RSS COMMAND
2619838 87711384 VLLM::Worker
2619835 87702296 VLLM::Worker
2619836 87685024 VLLM::Worker
2619837 87362284 VLLM::Worker
2557619 63959472 ray::WorkerDict
2557620 63926556 ray::WorkerDict
2557621 63827036 ray::WorkerDict
2557622 63824056 ray::WorkerDict
1317538 4831692 VLLM::Worker_TP
1317539 4828516 VLLM::Worker_TP
2626915 2655592 ray::AgentLoopW
2626914 2558816 ray::AgentLoopW
2626912 2483992 ray::AgentLoopW
== 2026-09-06T13:58:28+09:00
Mem:            1007         719         224         369         438         287
    PID   RSS COMMAND
2619838 87711384 VLLM::Worker
2619835 87702296 VLLM::Worker
2619836 87685024 VLLM::Worker
2619837 87362284 VLLM::Worker
2557619 63959472 ray::WorkerDict
2557620 63926556 ray::WorkerDict
2557621 63827036 ray::WorkerDict
2557622 63824056 ray::WorkerDict
1317538 4831692 VLLM::Worker_TP
1317539 4828516 VLLM::Worker_TP
2626915 2655592 ray::AgentLoopW
2626914 2558816 ray::AgentLoopW
2626912 2483992 ray::AgentLoopW
== 2026-09-06T13:58:48+09:00
Mem:            1007         719         225         369         438         288
    PID   RSS COMMAND
2619838 87712152 VLLM::Worker
2619835 87702296 VLLM::Worker
2619836 87685024 VLLM::Worker
2619837 87362284 VLLM::Worker
2557619 63959472 ray::WorkerDict
2557620 63926556 ray::WorkerDict
2557621 63827036 ray::WorkerDict
2557622 63824056 ray::WorkerDict
1317538 4831692 VLLM::Worker_TP
1317539 4828516 VLLM::Worker_TP
2626915 2656076 ray::AgentLoopW
2626914 2558816 ray::AgentLoopW
2626912 2483992 ray::AgentLoopW
== 2026-09-06T13:59:08+09:00
Mem:            1007         719         224         369         438         288
    PID   RSS COMMAND
2619838 87712152 VLLM::Worker
2619835 87702296 VLLM::Worker
2619836 87685024 VLLM::Worker
2619837 87362284 VLLM::Worker
2557619 63959472 ray::WorkerDict
2557620 63926556 ray::WorkerDict
2557621 63827036 ray::WorkerDict
2557622 63824056 ray::WorkerDict
1317538 4831692 VLLM::Worker_TP
1317539 4828516 VLLM::Worker_TP
2626915 2656076 ray::AgentLoopW
2626914 2558816 ray::AgentLoopW
2626912 2483992 ray::AgentLoopW
== 2026-09-06T13:59:28+09:00
Mem:            1007         719         224         369         438         288
    PID   RSS COMMAND
2619838 87712152 VLLM::Worker
2619835 87702296 VLLM::Worker
2619836 87685024 VLLM::Worker
2619837 87362284 VLLM::Worker
2557619 63959472 ray::WorkerDict
2557620 63926556 ray::WorkerDict
2557621 63827036 ray::WorkerDict
2557622 63824056 ray::WorkerDict
1317538 4831692 VLLM::Worker_TP
1317539 4828516 VLLM::Worker_TP
2626915 2656076 ray::AgentLoopW
2626914 2558816 ray::AgentLoopW
2626912 2483992 ray::AgentLoopW
== 2026-09-06T13:59:48+09:00
Mem:            1007         719         224         369         438         288
    PID   RSS COMMAND
2619838 87712152 VLLM::Worker
2619835 87703064 VLLM::Worker
2619836 87684148 VLLM::Worker
2619837 87362284 VLLM::Worker
2557619 63959472 ray::WorkerDict
2557620 63926556 ray::WorkerDict
2557621 63827036 ray::WorkerDict
2557622 63824056 ray::WorkerDict
1317538 4831692 VLLM::Worker_TP
1317539 4828516 VLLM::Worker_TP
2626915 2653980 ray::AgentLoopW
2626914 2557920 ray::AgentLoopW
2626912 2483108 ray::AgentLoopW
== 2026-09-06T14:00:08+09:00
Mem:            1007         719         224         369         438         287
    PID   RSS COMMAND
2619838 87712152 VLLM::Worker
2619835 87703064 VLLM::Worker
2619836 87684148 VLLM::Worker
2619837 87362284 VLLM::Worker
2557619 63959472 ray::WorkerDict
2557620 63926556 ray::WorkerDict
2557621 63827036 ray::WorkerDict
2557622 63824056 ray::WorkerDict
1317538 4831692 VLLM::Worker_TP
1317539 4828516 VLLM::Worker_TP
2626915 2653980 ray::AgentLoopW
2626914 2557920 ray::AgentLoopW
2626912 2483876 ray::AgentLoopW
== 2026-09-06T14:00:28+09:00
Mem:            1007         719         224         369         438         287
    PID   RSS COMMAND
2619838 87712152 VLLM::Worker
2619835 87703064 VLLM::Worker
2619836 87684148 VLLM::Worker
2619837 87362284 VLLM::Worker
2557619 63959472 ray::WorkerDict
2557620 63926556 ray::WorkerDict
2557621 63827036 ray::WorkerDict
2557622 63824056 ray::WorkerDict
1317538 4829036 VLLM::Worker_TP
1317539 4828152 VLLM::Worker_TP
2626915 2653980 ray::AgentLoopW
2626914 2554344 ray::AgentLoopW
2626912 2483876 ray::AgentLoopW
== 2026-09-06T14:00:48+09:00
Mem:            1007         719         224         369         438         287
    PID   RSS COMMAND
2619838 87712152 VLLM::Worker
2619835 87703064 VLLM::Worker
2619836 87684148 VLLM::Worker
2619837 87362284 VLLM::Worker
2557619 63959472 ray::WorkerDict
2557620 63926556 ray::WorkerDict
2557621 63827036 ray::WorkerDict
2557622 63824056 ray::WorkerDict
1317538 4829804 VLLM::Worker_TP
1317539 4828920 VLLM::Worker_TP
2626915 2654748 ray::AgentLoopW
2626914 2554344 ray::AgentLoopW
2626912 2483876 ray::AgentLoopW
== 2026-09-06T14:01:08+09:00
Mem:            1007         719         224         369         438         287
    PID   RSS COMMAND
2619838 87712152 VLLM::Worker
2619835 87703064 VLLM::Worker
2619836 87684148 VLLM::Worker
2619837 87362284 VLLM::Worker
2557619 63958704 ray::WorkerDict
2557620 63925788 ray::WorkerDict
2557621 63826268 ray::WorkerDict
2557622 63823288 ray::WorkerDict
1317538 4829804 VLLM::Worker_TP
1317539 4828920 VLLM::Worker_TP
2626915 2654748 ray::AgentLoopW
2626914 2554344 ray::AgentLoopW
2626912 2483876 ray::AgentLoopW
== 2026-09-06T14:01:28+09:00
Mem:            1007         720         224         369         438         287
    PID   RSS COMMAND
2619838 87712152 VLLM::Worker
2619835 87703064 VLLM::Worker
2619836 87684148 VLLM::Worker
2619837 87362284 VLLM::Worker
2557619 63958704 ray::WorkerDict
2557620 63925788 ray::WorkerDict
2557621 63826268 ray::WorkerDict
2557622 63823288 ray::WorkerDict
1317538 4829804 VLLM::Worker_TP
1317539 4828920 VLLM::Worker_TP
2626915 2654748 ray::AgentLoopW
2626914 2550036 ray::AgentLoopW
2626912 2483876 ray::AgentLoopW
== 2026-09-06T14:01:48+09:00
Mem:            1007         265         678          44         111         741
    PID   RSS COMMAND
1317538 4829804 VLLM::Worker_TP
1317539 4828920 VLLM::Worker_TP
1280658 1230464 vllm
2555197 1092952 ray::CodeTaskRu
1317375 970964 VLLM::EngineCor
2548319 701352 python
 588079 580336 sssd_be
 588080 367360 sssd_nss
1338534 306664 litellm
   2143 129328 systemd-journal
  84732 62784 dcgm-exporter
 661917 60520 nv-hostengine
2546501 30324 slurmstepd
== 2026-09-06T14:02:08+09:00
Mem:            1007          92         852          44         112         915
    PID   RSS COMMAND
1317538 4829804 VLLM::Worker_TP
1317539 4828920 VLLM::Worker_TP
1280658 1230464 vllm
2555197 1109848 ray::CodeTaskRu
1317375 970964 VLLM::EngineCor
2548319 718248 python
 588079 580336 sssd_be
 588080 367360 sssd_nss
1338534 306664 litellm
   2143 129328 systemd-journal
  84732 61992 dcgm-exporter
 661917 60520 nv-hostengine
2546501 30324 slurmstepd
