/scratch/r919a03/code_verl_test/rl/main_ppo_code.py:60: UserWarning: Disabled critic as algorithm.adv_estimator != gae. If it is not intended, please set critic.enable=True
  validate_config(config=config, use_reference_policy=need_reference_policy(config), use_critic=need_critic(config))
2026-09-02 23:05:05,053	INFO worker.py:2015 -- Started a local Ray instance. View the dashboard at [1m[32mhttp://127.0.0.1:8265 [39m[22m
[36m(CodeTaskRunner pid=3402133)[0m /scratch/r919a03/code_verl_test/.venv/lib/python3.12/site-packages/verl/workers/engine/__init__.py:31: UserWarning: torchtitan engine is not available: ModuleNotFoundError("No module named 'torchtitan'")
[36m(CodeTaskRunner pid=3402133)[0m   warnings.warn(f"torchtitan engine is not available: {e!r}", stacklevel=1)
[36m(CodeTaskRunner pid=3402133)[0m /scratch/r919a03/code_verl_test/.venv/lib/python3.12/site-packages/verl/workers/engine/__init__.py:40: UserWarning: veomni engine is not available: ModuleNotFoundError("No module named 'veomni'")
[36m(CodeTaskRunner pid=3402133)[0m   warnings.warn(f"veomni engine is not available: {e!r}", stacklevel=1)
[36m(CodeTaskRunner pid=3402133)[0m /scratch/r919a03/code_verl_test/.venv/lib/python3.12/site-packages/verl/workers/engine/__init__.py:49: UserWarning: automodel engine is not available: ModuleNotFoundError("No module named 'nemo_automodel'")
[36m(CodeTaskRunner pid=3402133)[0m   warnings.warn(f"automodel engine is not available: {e!r}", stacklevel=1)
[36m(CodeTaskRunner pid=3402133)[0m /scratch/r919a03/code_verl_test/.venv/lib/python3.12/site-packages/verl/workers/engine/mindspeed/transformer_impl.py:24: UserWarning: NPU not support router replay for now.
[36m(CodeTaskRunner pid=3402133)[0m   from verl.utils.megatron.router_replay_patch import RouterReplay
[36m(CodeTaskRunner pid=3402133)[0m /scratch/r919a03/code_verl_test/.venv/lib/python3.12/site-packages/verl/workers/engine/__init__.py:59: UserWarning: mindspeed engine is not available: ModuleNotFoundError("No module named 'megatron'")
[36m(CodeTaskRunner pid=3402133)[0m   warnings.warn(f"mindspeed engine is not available: {e!r}", stacklevel=1)
[36m(CodeTaskRunner pid=3402133)[0m /scratch/r919a03/code_verl_test/.venv/lib/python3.12/site-packages/verl/workers/engine/__init__.py:69: UserWarning: megatron engine is not available: ModuleNotFoundError("No module named 'megatron'")
[36m(CodeTaskRunner pid=3402133)[0m   warnings.warn(f"megatron engine is not available: {e!r}", stacklevel=1)
[validate_config] All configuration checks passed successfully!
ray init kwargs: {'num_cpus': None, 'object_store_memory': 40000000000, 'runtime_env': {'env_vars': {'VLLM_ALLOW_RUNTIME_LORA_UPDATING': 'true', 'VLLM_DISABLE_COMPILE_CACHE': '1', 'HCCL_HOST_SOCKET_PORT_RANGE': 'auto', 'HCCL_NPU_SOCKET_PORT_RANGE': 'auto', 'HSA_NO_SCRATCH_RECLAIM': '1', 'VERL_FULL_DETERMINISM': '0', 'VLLM_BATCH_INVARIANT': '0', 'VERL_RL_INSIGHT_ENABLE': '0'}, 'working_dir': None}}
[36m(CodeTaskRunner pid=3402133)[0m {'actor_rollout_ref': {'actor': {'_target_': 'verl.workers.config.FSDPActorConfig',
[36m(CodeTaskRunner pid=3402133)[0m                                  'calculate_entropy': False,
[36m(CodeTaskRunner pid=3402133)[0m                                  'calculate_sum_pi_squared': False,
[36m(CodeTaskRunner pid=3402133)[0m                                  'checkpoint': {'_target_': 'verl.trainer.config.CheckpointConfig',
[36m(CodeTaskRunner pid=3402133)[0m                                                 'async_save': False,
[36m(CodeTaskRunner pid=3402133)[0m                                                 'load_contents': ['model',
[36m(CodeTaskRunner pid=3402133)[0m                                                                   'optimizer',
[36m(CodeTaskRunner pid=3402133)[0m                                                                   'extra'],
[36m(CodeTaskRunner pid=3402133)[0m                                                 'save_contents': ['model',
[36m(CodeTaskRunner pid=3402133)[0m                                                                   'optimizer',
[36m(CodeTaskRunner pid=3402133)[0m                                                                   'extra'],
[36m(CodeTaskRunner pid=3402133)[0m                                                 'strict': True},
[36m(CodeTaskRunner pid=3402133)[0m                                  'clip_ratio': 0.2,
[36m(CodeTaskRunner pid=3402133)[0m                                  'clip_ratio_c': 3.0,
[36m(CodeTaskRunner pid=3402133)[0m                                  'clip_ratio_high': 0.0004,
[36m(CodeTaskRunner pid=3402133)[0m                                  'clip_ratio_low': 0.0003,
[36m(CodeTaskRunner pid=3402133)[0m                                  'data_loader_seed': 42,
[36m(CodeTaskRunner pid=3402133)[0m                                  'entropy_checkpointing': False,
[36m(CodeTaskRunner pid=3402133)[0m                                  'entropy_coeff': 0,
[36m(CodeTaskRunner pid=3402133)[0m                                  'entropy_from_logits_chunk_size': 2048,
[36m(CodeTaskRunner pid=3402133)[0m                                  'entropy_from_logits_with_chunking': False,
[36m(CodeTaskRunner pid=3402133)[0m                                  'freeze_vision_tower': False,
[36m(CodeTaskRunner pid=3402133)[0m                                  'fsdp_config': {'_target_': 'verl.workers.config.FSDPEngineConfig',
[36m(CodeTaskRunner pid=3402133)[0m                                                  'dtype': 'bfloat16',
[36m(CodeTaskRunner pid=3402133)[0m                                                  'entropy_checkpointing': False,
[36m(CodeTaskRunner pid=3402133)[0m                                                  'entropy_from_logits_chunk_size': 2048,
[36m(CodeTaskRunner pid=3402133)[0m                                                  'entropy_from_logits_with_chunking': False,
[36m(CodeTaskRunner pid=3402133)[0m                                                  'forward_only': False,
[36m(CodeTaskRunner pid=3402133)[0m                                                  'forward_prefetch': False,
[36m(CodeTaskRunner pid=3402133)[0m                                                  'fsdp_size': -1,
[36m(CodeTaskRunner pid=3402133)[0m                                                  'full_determinism': False,
[36m(CodeTaskRunner pid=3402133)[0m                                                  'model_dtype': 'bf16',
[36m(CodeTaskRunner pid=3402133)[0m                                                  'offload_policy': False,
[36m(CodeTaskRunner pid=3402133)[0m                                                  'optimizer_offload': False,
[36m(CodeTaskRunner pid=3402133)[0m                                                  'pad_to_length': False,
[36m(CodeTaskRunner pid=3402133)[0m                                                  'pad_to_length_bucket': 1024,
[36m(CodeTaskRunner pid=3402133)[0m                                                  'param_offload': False,
[36m(CodeTaskRunner pid=3402133)[0m                                                  'qat': {'_target_': 'verl.workers.config.QATEngineConfig',
[36m(CodeTaskRunner pid=3402133)[0m                                                          'activation_observer': 'static_minmax',
[36m(CodeTaskRunner pid=3402133)[0m                                                          'enable': False,
[36m(CodeTaskRunner pid=3402133)[0m                                                          'group_size': 16,
[36m(CodeTaskRunner pid=3402133)[0m                                                          'ignore_patterns': ['lm_head',
[36m(CodeTaskRunner pid=3402133)[0m                                                                              'embed_tokens',
[36m(CodeTaskRunner pid=3402133)[0m                                                                              're:.*mlp.gate$'],
[36m(CodeTaskRunner pid=3402133)[0m                                                          'mode': 'w4a16',
[36m(CodeTaskRunner pid=3402133)[0m                                                          'quantization_config_path': None},
[36m(CodeTaskRunner pid=3402133)[0m                                                  'reshard_after_forward': True,
[36m(CodeTaskRunner pid=3402133)[0m                                                  'seed': 42,
[36m(CodeTaskRunner pid=3402133)[0m                                                  'strategy': 'fsdp',
[36m(CodeTaskRunner pid=3402133)[0m                                                  'ulysses_sequence_parallel_size': 1,
[36m(CodeTaskRunner pid=3402133)[0m                                                  'use_orig_params': False,
[36m(CodeTaskRunner pid=3402133)[0m                                                  'use_torch_compile': True,
[36m(CodeTaskRunner pid=3402133)[0m                                                  'wrap_policy': {'min_num_params': 0}},
[36m(CodeTaskRunner pid=3402133)[0m                                  'grad_clip': 1.0,
[36m(CodeTaskRunner pid=3402133)[0m                                  'kl_loss_coef': 0.001,
[36m(CodeTaskRunner pid=3402133)[0m                                  'kl_loss_type': 'low_var_kl',
[36m(CodeTaskRunner pid=3402133)[0m                                  'loss_agg_mode': 'token-mean',
[36m(CodeTaskRunner pid=3402133)[0m                                  'loss_scale_factor': None,
[36m(CodeTaskRunner pid=3402133)[0m                                  'optim': {'_target_': 'verl.workers.config.FSDPOptimizerConfig',
[36m(CodeTaskRunner pid=3402133)[0m                                            'betas': [0.9, 0.999],
[36m(CodeTaskRunner pid=3402133)[0m                                            'clip_grad': 1.0,
[36m(CodeTaskRunner pid=3402133)[0m                                            'lr': 2e-05,
[36m(CodeTaskRunner pid=3402133)[0m                                            'lr_scheduler_type': 'constant',
[36m(CodeTaskRunner pid=3402133)[0m                                            'lr_warmup_steps': -1,
[36m(CodeTaskRunner pid=3402133)[0m                                            'lr_warmup_steps_ratio': 0.0,
[36m(CodeTaskRunner pid=3402133)[0m                                            'min_lr_ratio': 0.0,
[36m(CodeTaskRunner pid=3402133)[0m                                            'num_cycles': 0.5,
[36m(CodeTaskRunner pid=3402133)[0m                                            'optimizer': 'AdamW',
[36m(CodeTaskRunner pid=3402133)[0m                                            'optimizer_impl': 'torch.optim',
[36m(CodeTaskRunner pid=3402133)[0m                                            'override_optimizer_config': None,
[36m(CodeTaskRunner pid=3402133)[0m                                            'total_training_steps': -1,
[36m(CodeTaskRunner pid=3402133)[0m                                            'warmup_style': None,
[36m(CodeTaskRunner pid=3402133)[0m                                            'weight_decay': 0.01,
[36m(CodeTaskRunner pid=3402133)[0m                                            'zero_indexed_step': True},
[36m(CodeTaskRunner pid=3402133)[0m                                  'pad_to_length': False,
[36m(CodeTaskRunner pid=3402133)[0m                                  'policy_loss': {'_target_': 'verl.workers.config.PolicyLossConfig',
[36m(CodeTaskRunner pid=3402133)[0m                                                  'clip_cov_lb': 1.0,
[36m(CodeTaskRunner pid=3402133)[0m                                                  'clip_cov_ratio': 0.0002,
[36m(CodeTaskRunner pid=3402133)[0m                                                  'clip_cov_ub': 5.0,
[36m(CodeTaskRunner pid=3402133)[0m                                                  'dro_beta': None,
[36m(CodeTaskRunner pid=3402133)[0m                                                  'kl_cov_ratio': 0.0002,
[36m(CodeTaskRunner pid=3402133)[0m                                                  'loss_mode': 'gspo',
[36m(CodeTaskRunner pid=3402133)[0m                                                  'ppo_kl_coef': 0.1},
[36m(CodeTaskRunner pid=3402133)[0m                                  'ppo_epochs': 1,
[36m(CodeTaskRunner pid=3402133)[0m                                  'ppo_max_token_len_per_gpu': 34000,
[36m(CodeTaskRunner pid=3402133)[0m                                  'ppo_micro_batch_size': None,
[36m(CodeTaskRunner pid=3402133)[0m                                  'ppo_micro_batch_size_per_gpu': None,
[36m(CodeTaskRunner pid=3402133)[0m                                  'ppo_mini_batch_size': 32,
[36m(CodeTaskRunner pid=3402133)[0m                                  'profiler': {'_target_': 'verl.utils.profiler.ProfilerConfig',
[36m(CodeTaskRunner pid=3402133)[0m                                               'all_ranks': False,
[36m(CodeTaskRunner pid=3402133)[0m                                               'enable': False,
[36m(CodeTaskRunner pid=3402133)[0m                                               'ranks': [],
[36m(CodeTaskRunner pid=3402133)[0m                                               'save_path': 'outputs/profile',
[36m(CodeTaskRunner pid=3402133)[0m                                               'tool': None,
[36m(CodeTaskRunner pid=3402133)[0m                                               'tool_config': {'npu': {'_target_': 'verl.utils.profiler.config.NPUToolConfig',
[36m(CodeTaskRunner pid=3402133)[0m                                                                       'analysis': True,
[36m(CodeTaskRunner pid=3402133)[0m                                                                       'contents': [],
[36m(CodeTaskRunner pid=3402133)[0m                                                                       'discrete': False,
[36m(CodeTaskRunner pid=3402133)[0m                                                                       'level': 'level0'},
[36m(CodeTaskRunner pid=3402133)[0m                                                               'nsys': {'_target_': 'verl.utils.profiler.config.NsightToolConfig',
[36m(CodeTaskRunner pid=3402133)[0m                                                                        'discrete': False},
[36m(CodeTaskRunner pid=3402133)[0m                                                               'precision_debugger': {'_target_': 'verl.utils.profiler.config.PrecisionDebuggerToolConfig',
[36m(CodeTaskRunner pid=3402133)[0m                                                                                      'config_path': None,
[36m(CodeTaskRunner pid=3402133)[0m                                                                                      'stages': None,
[36m(CodeTaskRunner pid=3402133)[0m                                                                                      'steps': None,
[36m(CodeTaskRunner pid=3402133)[0m                                                                                      'strict': False},
[36m(CodeTaskRunner pid=3402133)[0m                                                               'torch': {'_target_': 'verl.utils.profiler.config.TorchProfilerToolConfig',
[36m(CodeTaskRunner pid=3402133)[0m                                                                         'contents': [],
[36m(CodeTaskRunner pid=3402133)[0m                                                                         'discrete': False,
[36m(CodeTaskRunner pid=3402133)[0m                                                                         'schedule': {'_target_': 'verl.utils.profiler.config.TorchProfilerScheduleConfig',
[36m(CodeTaskRunner pid=3402133)[0m                                                                                      'active': 0,
[36m(CodeTaskRunner pid=3402133)[0m                                                                                      'repeat': 0,
[36m(CodeTaskRunner pid=3402133)[0m                                                                                      'skip_first': 0,
[36m(CodeTaskRunner pid=3402133)[0m                                                                                      'wait': 0,
[36m(CodeTaskRunner pid=3402133)[0m                                                                                      'warmup': 0}},
[36m(CodeTaskRunner pid=3402133)[0m                                                               'torch_memory': {'_target_': 'verl.utils.profiler.config.TorchMemoryToolConfig',
[36m(CodeTaskRunner pid=3402133)[0m                                                                                'stack_depth': 32,
[36m(CodeTaskRunner pid=3402133)[0m                                                                                'trace_alloc_max_entries': 100000}}},
[36m(CodeTaskRunner pid=3402133)[0m                                  'qat': {'activation_observer': 'static_minmax',
[36m(CodeTaskRunner pid=3402133)[0m                                          'enable': False,
[36m(CodeTaskRunner pid=3402133)[0m                                          'group_size': 16,
[36m(CodeTaskRunner pid=3402133)[0m                                          'ignore_patterns': ['lm_head',
[36m(CodeTaskRunner pid=3402133)[0m                                                              'embed_tokens',
[36m(CodeTaskRunner pid=3402133)[0m                                                              're:.*mlp.gate$'],
[36m(CodeTaskRunner pid=3402133)[0m                                          'mode': 'w4a16',
[36m(CodeTaskRunner pid=3402133)[0m                                          'quantization_config_path': None},
[36m(CodeTaskRunner pid=3402133)[0m                                  'rollout_n': 8,
[36m(CodeTaskRunner pid=3402133)[0m                                  'router_replay': {'_target_': 'verl.workers.config.RouterReplayConfig',
[36m(CodeTaskRunner pid=3402133)[0m                                                    'mode': 'disabled',
[36m(CodeTaskRunner pid=3402133)[0m                                                    'record_file': None,
[36m(CodeTaskRunner pid=3402133)[0m                                                    'replay_file': None},
[36m(CodeTaskRunner pid=3402133)[0m                                  'shuffle': False,
[36m(CodeTaskRunner pid=3402133)[0m                                  'strategy': 'fsdp',
[36m(CodeTaskRunner pid=3402133)[0m                                  'tau_neg': 1.05,
[36m(CodeTaskRunner pid=3402133)[0m                                  'tau_pos': 1.0,
[36m(CodeTaskRunner pid=3402133)[0m                                  'ulysses_sequence_parallel_size': 1,
[36m(CodeTaskRunner pid=3402133)[0m                                  'use_dynamic_bsz': True,
[36m(CodeTaskRunner pid=3402133)[0m                                  'use_fused_kernels': False,
[36m(CodeTaskRunner pid=3402133)[0m                                  'use_kl_loss': False,
[36m(CodeTaskRunner pid=3402133)[0m                                  'use_prefix_grouper': False,
[36m(CodeTaskRunner pid=3402133)[0m                                  'use_remove_padding': True,
[36m(CodeTaskRunner pid=3402133)[0m                                  'use_torch_compile': True},
[36m(CodeTaskRunner pid=3402133)[0m                        'hybrid_engine': True,
[36m(CodeTaskRunner pid=3402133)[0m                        'model': {'_target_': 'verl.workers.config.HFModelConfig',
[36m(CodeTaskRunner pid=3402133)[0m                                  'custom_chat_template': None,
[36m(CodeTaskRunner pid=3402133)[0m                                  'enable_activation_offload': False,
[36m(CodeTaskRunner pid=3402133)[0m                                  'enable_gradient_checkpointing': True,
[36m(CodeTaskRunner pid=3402133)[0m                                  'exclude_modules': None,
[36m(CodeTaskRunner pid=3402133)[0m                                  'external_lib': 'rl.algos',
[36m(CodeTaskRunner pid=3402133)[0m                                  'fused_kernel_options': {'impl_backend': 'torch'},
[36m(CodeTaskRunner pid=3402133)[0m                                  'hf_config_path': None,
[36m(CodeTaskRunner pid=3402133)[0m                                  'lora': {'a2a_experimental': False,
[36m(CodeTaskRunner pid=3402133)[0m                                           'adapter_path': None,
[36m(CodeTaskRunner pid=3402133)[0m                                           'alpha': 32,
[36m(CodeTaskRunner pid=3402133)[0m                                           'dropout': 0.0,
[36m(CodeTaskRunner pid=3402133)[0m                                           'dropout_position': 'pre',
[36m(CodeTaskRunner pid=3402133)[0m                                           'dtype': None,
[36m(CodeTaskRunner pid=3402133)[0m                                           'exclude_modules': [],
[36m(CodeTaskRunner pid=3402133)[0m                                           'freeze_language_model': True,
[36m(CodeTaskRunner pid=3402133)[0m                                           'freeze_vision_model': True,
[36m(CodeTaskRunner pid=3402133)[0m                                           'freeze_vision_projection': True,
[36m(CodeTaskRunner pid=3402133)[0m                                           'lora_A_init_method': 'xavier',
[36m(CodeTaskRunner pid=3402133)[0m                                           'lora_B_init_method': 'zero',
[36m(CodeTaskRunner pid=3402133)[0m                                           'merge': False,
[36m(CodeTaskRunner pid=3402133)[0m                                           'rank': 0,
[36m(CodeTaskRunner pid=3402133)[0m                                           'target_modules': ['linear_qkv',
[36m(CodeTaskRunner pid=3402133)[0m                                                              'linear_proj',
[36m(CodeTaskRunner pid=3402133)[0m                                                              'linear_fc1',
[36m(CodeTaskRunner pid=3402133)[0m                                                              'linear_fc2'],
[36m(CodeTaskRunner pid=3402133)[0m                                           'type': 'lora'},
[36m(CodeTaskRunner pid=3402133)[0m                                  'lora_adapter_path': None,
[36m(CodeTaskRunner pid=3402133)[0m                                  'lora_alpha': 64,
[36m(CodeTaskRunner pid=3402133)[0m                                  'lora_rank': 32,
[36m(CodeTaskRunner pid=3402133)[0m                                  'mtp': {'_target_': 'verl.workers.config.MtpConfig',
[36m(CodeTaskRunner pid=3402133)[0m                                          'detach_encoder': False,
[36m(CodeTaskRunner pid=3402133)[0m                                          'enable': False,
[36m(CodeTaskRunner pid=3402133)[0m                                          'enable_rollout': False,
[36m(CodeTaskRunner pid=3402133)[0m                                          'enable_train': False,
[36m(CodeTaskRunner pid=3402133)[0m                                          'method': 'mtp',
[36m(CodeTaskRunner pid=3402133)[0m                                          'mtp_loss_scaling_factor': 0.1,
[36m(CodeTaskRunner pid=3402133)[0m                                          'num_speculative_tokens': 1,
[36m(CodeTaskRunner pid=3402133)[0m                                          'speculative_algorithm': 'EAGLE',
[36m(CodeTaskRunner pid=3402133)[0m                                          'speculative_eagle_topk': 1,
[36m(CodeTaskRunner pid=3402133)[0m                                          'speculative_num_draft_tokens': 4,
[36m(CodeTaskRunner pid=3402133)[0m                                          'speculative_num_steps': 3},
[36m(CodeTaskRunner pid=3402133)[0m                                  'override_config': {},
[36m(CodeTaskRunner pid=3402133)[0m                                  'path': '/scratch/r919a03/huggingface/hub/models--Qwen--Qwen1.5-MoE-A2.7B-Chat/snapshots/ec052fda178e241c7c443468d2fa1db6618996be',
[36m(CodeTaskRunner pid=3402133)[0m                                  'target_modules': ['q_proj',
[36m(CodeTaskRunner pid=3402133)[0m                                                     'k_proj',
[36m(CodeTaskRunner pid=3402133)[0m                                                     'v_proj',
[36m(CodeTaskRunner pid=3402133)[0m                                                     'o_proj'],
[36m(CodeTaskRunner pid=3402133)[0m                                  'tiled_mlp': {'enabled': False,
[36m(CodeTaskRunner pid=3402133)[0m                                                'num_shards': 4},
[36m(CodeTaskRunner pid=3402133)[0m                                  'tokenizer_path': None,
[36m(CodeTaskRunner pid=3402133)[0m                                  'trust_remote_code': False,
[36m(CodeTaskRunner pid=3402133)[0m                                  'use_fused_kernels': False,
[36m(CodeTaskRunner pid=3402133)[0m                                  'use_liger': False,
[36m(CodeTaskRunner pid=3402133)[0m                                  'use_remove_padding': True,
[36m(CodeTaskRunner pid=3402133)[0m                                  'use_shm': True},
[36m(CodeTaskRunner pid=3402133)[0m                        'nccl_timeout': 600,
[36m(CodeTaskRunner pid=3402133)[0m                        'ref': {'_target_': 'verl.workers.config.FSDPActorConfig',
[36m(CodeTaskRunner pid=3402133)[0m                                'entropy_checkpointing': False,
[36m(CodeTaskRunner pid=3402133)[0m                                'entropy_from_logits_chunk_size': 2048,
[36m(CodeTaskRunner pid=3402133)[0m                                'entropy_from_logits_with_chunking': False,
[36m(CodeTaskRunner pid=3402133)[0m                                'fsdp_config': {'_target_': 'verl.workers.config.FSDPEngineConfig',
[36m(CodeTaskRunner pid=3402133)[0m                                                'dtype': 'bfloat16',
[36m(CodeTaskRunner pid=3402133)[0m                                                'entropy_checkpointing': False,
[36m(CodeTaskRunner pid=3402133)[0m                                                'entropy_from_logits_chunk_size': 2048,
[36m(CodeTaskRunner pid=3402133)[0m                                                'entropy_from_logits_with_chunking': False,
[36m(CodeTaskRunner pid=3402133)[0m                                                'forward_only': True,
[36m(CodeTaskRunner pid=3402133)[0m                                                'forward_prefetch': False,
[36m(CodeTaskRunner pid=3402133)[0m                                                'fsdp_size': -1,
[36m(CodeTaskRunner pid=3402133)[0m                                                'full_determinism': False,
[36m(CodeTaskRunner pid=3402133)[0m                                                'model_dtype': 'fp32',
[36m(CodeTaskRunner pid=3402133)[0m                                                'offload_policy': False,
[36m(CodeTaskRunner pid=3402133)[0m                                                'optimizer_offload': False,
[36m(CodeTaskRunner pid=3402133)[0m                                                'pad_to_length': False,
[36m(CodeTaskRunner pid=3402133)[0m                                                'pad_to_length_bucket': 1024,
[36m(CodeTaskRunner pid=3402133)[0m                                                'param_offload': False,
[36m(CodeTaskRunner pid=3402133)[0m                                                'qat': {'_target_': 'verl.workers.config.QATEngineConfig',
[36m(CodeTaskRunner pid=3402133)[0m                                                        'activation_observer': 'static_minmax',
[36m(CodeTaskRunner pid=3402133)[0m                                                        'enable': False,
[36m(CodeTaskRunner pid=3402133)[0m                                                        'group_size': 16,
[36m(CodeTaskRunner pid=3402133)[0m                                                        'ignore_patterns': ['lm_head',
[36m(CodeTaskRunner pid=3402133)[0m                                                                            'embed_tokens',
[36m(CodeTaskRunner pid=3402133)[0m                                                                            're:.*mlp.gate$'],
[36m(CodeTaskRunner pid=3402133)[0m                                                        'mode': 'w4a16',
[36m(CodeTaskRunner pid=3402133)[0m                                                        'quantization_config_path': None},
[36m(CodeTaskRunner pid=3402133)[0m                                                'reshard_after_forward': True,
[36m(CodeTaskRunner pid=3402133)[0m                                                'seed': 42,
[36m(CodeTaskRunner pid=3402133)[0m                                                'strategy': 'fsdp',
[36m(CodeTaskRunner pid=3402133)[0m                                                'ulysses_sequence_parallel_size': 1,
[36m(CodeTaskRunner pid=3402133)[0m                                                'use_orig_params': False,
[36m(CodeTaskRunner pid=3402133)[0m                                                'use_torch_compile': True,
[36m(CodeTaskRunner pid=3402133)[0m                                                'wrap_policy': {'min_num_params': 0}},
[36m(CodeTaskRunner pid=3402133)[0m                                'log_prob_max_token_len_per_gpu': 34000,
[36m(CodeTaskRunner pid=3402133)[0m                                'log_prob_micro_batch_size': None,
[36m(CodeTaskRunner pid=3402133)[0m                                'log_prob_micro_batch_size_per_gpu': None,
[36m(CodeTaskRunner pid=3402133)[0m                                'log_prob_use_dynamic_bsz': True,
[36m(CodeTaskRunner pid=3402133)[0m                                'pad_to_length': False,
[36m(CodeTaskRunner pid=3402133)[0m                                'profiler': {'_target_': 'verl.utils.profiler.ProfilerConfig',
[36m(CodeTaskRunner pid=3402133)[0m                                             'all_ranks': False,
[36m(CodeTaskRunner pid=3402133)[0m                                             'enable': False,
[36m(CodeTaskRunner pid=3402133)[0m                                             'ranks': [],
[36m(CodeTaskRunner pid=3402133)[0m                                             'save_path': 'outputs/profile',
[36m(CodeTaskRunner pid=3402133)[0m                                             'tool': None,
[36m(CodeTaskRunner pid=3402133)[0m                                             'tool_config': {'npu': {'_target_': 'verl.utils.profiler.config.NPUToolConfig',
[36m(CodeTaskRunner pid=3402133)[0m                                                                     'analysis': True,
[36m(CodeTaskRunner pid=3402133)[0m                                                                     'contents': [],
[36m(CodeTaskRunner pid=3402133)[0m                                                                     'discrete': False,
[36m(CodeTaskRunner pid=3402133)[0m                                                                     'level': 'level0'},
[36m(CodeTaskRunner pid=3402133)[0m                                                             'nsys': {'_target_': 'verl.utils.profiler.config.NsightToolConfig',
[36m(CodeTaskRunner pid=3402133)[0m                                                                      'discrete': False},
[36m(CodeTaskRunner pid=3402133)[0m                                                             'precision_debugger': {'_target_': 'verl.utils.profiler.config.PrecisionDebuggerToolConfig',
[36m(CodeTaskRunner pid=3402133)[0m                                                                                    'config_path': None,
[36m(CodeTaskRunner pid=3402133)[0m                                                                                    'stages': None,
[36m(CodeTaskRunner pid=3402133)[0m                                                                                    'steps': None,
[36m(CodeTaskRunner pid=3402133)[0m                                                                                    'strict': False},
[36m(CodeTaskRunner pid=3402133)[0m                                                             'torch': {'_target_': 'verl.utils.profiler.config.TorchProfilerToolConfig',
[36m(CodeTaskRunner pid=3402133)[0m                                                                       'contents': [],
[36m(CodeTaskRunner pid=3402133)[0m                                                                       'discrete': False,
[36m(CodeTaskRunner pid=3402133)[0m                                                                       'schedule': {'_target_': 'verl.utils.profiler.config.TorchProfilerScheduleConfig',
[36m(CodeTaskRunner pid=3402133)[0m                                                                                    'active': 0,
[36m(CodeTaskRunner pid=3402133)[0m                                                                                    'repeat': 0,
[36m(CodeTaskRunner pid=3402133)[0m                                                                                    'skip_first': 0,
[36m(CodeTaskRunner pid=3402133)[0m                                                                                    'wait': 0,
[36m(CodeTaskRunner pid=3402133)[0m                                                                                    'warmup': 0}},
[36m(CodeTaskRunner pid=3402133)[0m                                                             'torch_memory': {'_target_': 'verl.utils.profiler.config.TorchMemoryToolConfig',
[36m(CodeTaskRunner pid=3402133)[0m                                                                              'stack_depth': 32,
[36m(CodeTaskRunner pid=3402133)[0m                                                                              'trace_alloc_max_entries': 100000}}},
[36m(CodeTaskRunner pid=3402133)[0m                                'rollout_n': 8,
[36m(CodeTaskRunner pid=3402133)[0m                                'router_replay': {'_target_': 'verl.workers.config.RouterReplayConfig',
[36m(CodeTaskRunner pid=3402133)[0m                                                  'mode': 'disabled',
[36m(CodeTaskRunner pid=3402133)[0m                                                  'record_file': None,
[36m(CodeTaskRunner pid=3402133)[0m                                                  'replay_file': None},
[36m(CodeTaskRunner pid=3402133)[0m                                'strategy': 'fsdp',
[36m(CodeTaskRunner pid=3402133)[0m                                'ulysses_sequence_parallel_size': 1,
[36m(CodeTaskRunner pid=3402133)[0m                                'use_torch_compile': True},
[36m(CodeTaskRunner pid=3402133)[0m                        'rollout': {'_target_': 'verl.workers.config.RolloutConfig',
[36m(CodeTaskRunner pid=3402133)[0m                                    'agent': {'_target_': 'verl.workers.config.AgentLoopConfig',
[36m(CodeTaskRunner pid=3402133)[0m                                              'agent_loop_config_path': '/scratch/r919a03/code_verl_test/configs/rl/agent_loop_rusca.yaml',
[36m(CodeTaskRunner pid=3402133)[0m                                              'custom_async_server': {'_target_': 'verl.workers.config.CustomAsyncServerConfig',
[36m(CodeTaskRunner pid=3402133)[0m                                                                      'name': None,
[36m(CodeTaskRunner pid=3402133)[0m                                                                      'path': None},
[36m(CodeTaskRunner pid=3402133)[0m                                              'default_agent_loop': 'rusca_scaffold_agent',
[36m(CodeTaskRunner pid=3402133)[0m                                              'num_workers': 8},
[36m(CodeTaskRunner pid=3402133)[0m                                    'calculate_log_probs': False,
[36m(CodeTaskRunner pid=3402133)[0m                                    'checkpoint_engine': {'_target_': 'verl.workers.config.CheckpointEngineConfig',
[36m(CodeTaskRunner pid=3402133)[0m                                                          'backend': 'naive',
[36m(CodeTaskRunner pid=3402133)[0m                                                          'custom_backend_module': None,
[36m(CodeTaskRunner pid=3402133)[0m                                                          'engine_kwargs': {},
[36m(CodeTaskRunner pid=3402133)[0m                                                          'update_weights_bucket_megabytes': 2048},
[36m(CodeTaskRunner pid=3402133)[0m                                    'cudagraph_capture_sizes': None,
[36m(CodeTaskRunner pid=3402133)[0m                                    'custom': {'rusca': {'enable': True,
[36m(CodeTaskRunner pid=3402133)[0m                                                         'total_steps': 20}},
[36m(CodeTaskRunner pid=3402133)[0m                                    'data_parallel_size': 1,
[36m(CodeTaskRunner pid=3402133)[0m                                    'disable_log_stats': True,
[36m(CodeTaskRunner pid=3402133)[0m                                    'disaggregation': {'bootstrap_port': None,
[36m(CodeTaskRunner pid=3402133)[0m                                                       'decode_replicas': 1,
[36m(CodeTaskRunner pid=3402133)[0m                                                       'decode_tensor_model_parallel_size': None,
[36m(CodeTaskRunner pid=3402133)[0m                                                       'enabled': False,
[36m(CodeTaskRunner pid=3402133)[0m                                                       'ib_device': None,
[36m(CodeTaskRunner pid=3402133)[0m                                                       'prefill_replicas': 1,
[36m(CodeTaskRunner pid=3402133)[0m                                                       'transfer_backend': 'nixl'},
[36m(CodeTaskRunner pid=3402133)[0m                                    'do_sample': True,
[36m(CodeTaskRunner pid=3402133)[0m                                    'dtype': 'bfloat16',
[36m(CodeTaskRunner pid=3402133)[0m                                    'enable_chunked_prefill': True,
[36m(CodeTaskRunner pid=3402133)[0m                                    'enable_prefix_caching': True,
[36m(CodeTaskRunner pid=3402133)[0m                                    'enable_rollout_routing_replay': False,
[36m(CodeTaskRunner pid=3402133)[0m                                    'enforce_eager': True,
[36m(CodeTaskRunner pid=3402133)[0m                                    'engine_kwargs': {'sglang': {},
[36m(CodeTaskRunner pid=3402133)[0m                                                      'trtllm': {},
[36m(CodeTaskRunner pid=3402133)[0m                                                      'vllm': {}},
[36m(CodeTaskRunner pid=3402133)[0m                                    'expert_parallel_size': 1,
[36m(CodeTaskRunner pid=3402133)[0m                                    'free_cache_engine': True,
[36m(CodeTaskRunner pid=3402133)[0m                                    'full_determinism': False,
[36m(CodeTaskRunner pid=3402133)[0m                                    'gpu_memory_utilization': 0.55,
[36m(CodeTaskRunner pid=3402133)[0m                                    'ignore_eos': False,
[36m(CodeTaskRunner pid=3402133)[0m                                    'layered_summon': True,
[36m(CodeTaskRunner pid=3402133)[0m                                    'load_format': 'safetensors',
[36m(CodeTaskRunner pid=3402133)[0m                                    'log_prob_max_token_len_per_gpu': 34000,
[36m(CodeTaskRunner pid=3402133)[0m                                    'log_prob_micro_batch_size': None,
[36m(CodeTaskRunner pid=3402133)[0m                                    'log_prob_micro_batch_size_per_gpu': None,
[36m(CodeTaskRunner pid=3402133)[0m                                    'log_prob_use_dynamic_bsz': True,
[36m(CodeTaskRunner pid=3402133)[0m                                    'logprobs_mode': 'processed_logprobs',
[36m(CodeTaskRunner pid=3402133)[0m                                    'max_model_len': 32768,
[36m(CodeTaskRunner pid=3402133)[0m                                    'max_num_batched_tokens': 32768,
[36m(CodeTaskRunner pid=3402133)[0m                                    'max_num_seqs': 256,
[36m(CodeTaskRunner pid=3402133)[0m                                    'mode': 'async',
[36m(CodeTaskRunner pid=3402133)[0m                                    'moe_load_balance_metrics_interval': 0,
[36m(CodeTaskRunner pid=3402133)[0m                                    'mtp': {'_target_': 'verl.workers.config.MtpConfig',
[36m(CodeTaskRunner pid=3402133)[0m                                            'detach_encoder': False,
[36m(CodeTaskRunner pid=3402133)[0m                                            'enable': False,
[36m(CodeTaskRunner pid=3402133)[0m                                            'enable_rollout': False,
[36m(CodeTaskRunner pid=3402133)[0m                                            'enable_train': False,
[36m(CodeTaskRunner pid=3402133)[0m                                            'method': 'mtp',
[36m(CodeTaskRunner pid=3402133)[0m                                            'mtp_loss_scaling_factor': 0.1,
[36m(CodeTaskRunner pid=3402133)[0m                                            'num_speculative_tokens': 1,
[36m(CodeTaskRunner pid=3402133)[0m                                            'speculative_algorithm': 'EAGLE',
[36m(CodeTaskRunner pid=3402133)[0m                                            'speculative_eagle_topk': 1,
[36m(CodeTaskRunner pid=3402133)[0m                                            'speculative_num_draft_tokens': 4,
[36m(CodeTaskRunner pid=3402133)[0m                                            'speculative_num_steps': 3},
[36m(CodeTaskRunner pid=3402133)[0m                                    'multi_stage_wake_up': False,
[36m(CodeTaskRunner pid=3402133)[0m                                    'multi_turn': {'_target_': 'verl.workers.config.MultiTurnConfig',
[36m(CodeTaskRunner pid=3402133)[0m                                                   'enable': False,
[36m(CodeTaskRunner pid=3402133)[0m                                                   'format': 'hermes',
[36m(CodeTaskRunner pid=3402133)[0m                                                   'function_tool_path': None,
[36m(CodeTaskRunner pid=3402133)[0m                                                   'max_assistant_turns': None,
[36m(CodeTaskRunner pid=3402133)[0m                                                   'max_parallel_calls': 1,
[36m(CodeTaskRunner pid=3402133)[0m                                                   'max_tool_response_length': 256,
[36m(CodeTaskRunner pid=3402133)[0m                                                   'max_user_turns': None,
[36m(CodeTaskRunner pid=3402133)[0m                                                   'num_repeat_rollouts': None,
[36m(CodeTaskRunner pid=3402133)[0m                                                   'tokenization_sanity_check_mode': 'strict',
[36m(CodeTaskRunner pid=3402133)[0m                                                   'tool_config_path': None,
[36m(CodeTaskRunner pid=3402133)[0m                                                   'tool_response_truncate_side': 'middle',
[36m(CodeTaskRunner pid=3402133)[0m                                                   'use_inference_chat_template': False},
[36m(CodeTaskRunner pid=3402133)[0m                                    'n': 8,
[36m(CodeTaskRunner pid=3402133)[0m                                    'n_gpus_per_node': 6,
[36m(CodeTaskRunner pid=3402133)[0m                                    'name': 'vllm',
[36m(CodeTaskRunner pid=3402133)[0m                                    'nnodes': 0,
[36m(CodeTaskRunner pid=3402133)[0m                                    'over_sample_rate': 0,
[36m(CodeTaskRunner pid=3402133)[0m                                    'pipeline_model_parallel_size': 1,
[36m(CodeTaskRunner pid=3402133)[0m                                    'profiler': {'_target_': 'verl.utils.profiler.ProfilerConfig',
[36m(CodeTaskRunner pid=3402133)[0m                                                 'all_ranks': False,
[36m(CodeTaskRunner pid=3402133)[0m                                                 'enable': False,
[36m(CodeTaskRunner pid=3402133)[0m                                                 'ranks': [],
[36m(CodeTaskRunner pid=3402133)[0m                                                 'save_path': 'outputs/profile',
[36m(CodeTaskRunner pid=3402133)[0m                                                 'tool': None,
[36m(CodeTaskRunner pid=3402133)[0m                                                 'tool_config': {'npu': {'_target_': 'verl.utils.profiler.config.NPUToolConfig',
[36m(CodeTaskRunner pid=3402133)[0m                                                                         'analysis': True,
[36m(CodeTaskRunner pid=3402133)[0m                                                                         'contents': [],
[36m(CodeTaskRunner pid=3402133)[0m                                                                         'discrete': False,
[36m(CodeTaskRunner pid=3402133)[0m                                                                         'level': 'level0',
[36m(CodeTaskRunner pid=3402133)[0m                                                                         'profile_token_end': None,
[36m(CodeTaskRunner pid=3402133)[0m                                                                         'profile_token_start': None},
[36m(CodeTaskRunner pid=3402133)[0m                                                                 'precision_debugger': {'_target_': 'verl.utils.profiler.config.PrecisionDebuggerToolConfig',
[36m(CodeTaskRunner pid=3402133)[0m                                                                                        'config_path': None,
[36m(CodeTaskRunner pid=3402133)[0m                                                                                        'stages': None,
[36m(CodeTaskRunner pid=3402133)[0m                                                                                        'steps': None,
[36m(CodeTaskRunner pid=3402133)[0m                                                                                        'strict': False},
[36m(CodeTaskRunner pid=3402133)[0m                                                                 'torch': {'_target_': 'verl.utils.profiler.config.TorchProfilerToolConfig',
[36m(CodeTaskRunner pid=3402133)[0m                                                                           'contents': [],
[36m(CodeTaskRunner pid=3402133)[0m                                                                           'discrete': False,
[36m(CodeTaskRunner pid=3402133)[0m                                                                           'profile_token_end': None,
[36m(CodeTaskRunner pid=3402133)[0m                                                                           'profile_token_start': None}}},
[36m(CodeTaskRunner pid=3402133)[0m                                    'prometheus': {'_target_': 'verl.workers.config.PrometheusConfig',
[36m(CodeTaskRunner pid=3402133)[0m                                                   'enable': False,
[36m(CodeTaskRunner pid=3402133)[0m                                                   'file': '/tmp/ray/session_latest/metrics/prometheus/prometheus.yml',
[36m(CodeTaskRunner pid=3402133)[0m                                                   'port': 9090,
[36m(CodeTaskRunner pid=3402133)[0m                                                   'served_model_name': '/scratch/r919a03/huggingface/hub/models--Qwen--Qwen1.5-MoE-A2.7B-Chat/snapshots/ec052fda178e241c7c443468d2fa1db6618996be'},
[36m(CodeTaskRunner pid=3402133)[0m                                    'prompt_length': 30000,
[36m(CodeTaskRunner pid=3402133)[0m                                    'qat': {'_target_': 'verl.workers.config.QATEngineConfig',
[36m(CodeTaskRunner pid=3402133)[0m                                            'activation_observer': 'static_minmax',
[36m(CodeTaskRunner pid=3402133)[0m                                            'enable': False,
[36m(CodeTaskRunner pid=3402133)[0m                                            'group_size': 16,
[36m(CodeTaskRunner pid=3402133)[0m                                            'ignore_patterns': ['lm_head',
[36m(CodeTaskRunner pid=3402133)[0m                                                                'embed_tokens',
[36m(CodeTaskRunner pid=3402133)[0m                                                                're:.*mlp.gate$'],
[36m(CodeTaskRunner pid=3402133)[0m                                            'mode': 'w4a16',
[36m(CodeTaskRunner pid=3402133)[0m                                            'quantization_config_path': None},
[36m(CodeTaskRunner pid=3402133)[0m                                    'quantization': None,
[36m(CodeTaskRunner pid=3402133)[0m                                    'quantization_config_file': None,
[36m(CodeTaskRunner pid=3402133)[0m                                    'response_length': 2048,
[36m(CodeTaskRunner pid=3402133)[0m                                    'scheduling_policy': 'fcfs',
[36m(CodeTaskRunner pid=3402133)[0m                                    'seed': 42,
[36m(CodeTaskRunner pid=3402133)[0m                                    'skip_tokenizer_init': True,
[36m(CodeTaskRunner pid=3402133)[0m                                    'temperature': 1.0,
[36m(CodeTaskRunner pid=3402133)[0m                                    'tensor_model_parallel_size': 1,
[36m(CodeTaskRunner pid=3402133)[0m                                    'top_k': -1,
[36m(CodeTaskRunner pid=3402133)[0m                                    'top_p': 1,
[36m(CodeTaskRunner pid=3402133)[0m                                    'trace': {'_target_': 'verl.workers.config.TraceConfig',
[36m(CodeTaskRunner pid=3402133)[0m                                              'backend': None,
[36m(CodeTaskRunner pid=3402133)[0m                                              'experiment_name': 'exp_D004_p2p_strong',
[36m(CodeTaskRunner pid=3402133)[0m                                              'max_samples_per_step_per_worker': None,
[36m(CodeTaskRunner pid=3402133)[0m                                              'project_name': 'code_rl_reward_research',
[36m(CodeTaskRunner pid=3402133)[0m                                              'token2text': False},
[36m(CodeTaskRunner pid=3402133)[0m                                    'val_kwargs': {'_target_': 'verl.workers.config.SamplingConfig',
[36m(CodeTaskRunner pid=3402133)[0m                                                   'do_sample': False,
[36m(CodeTaskRunner pid=3402133)[0m                                                   'n': 1,
[36m(CodeTaskRunner pid=3402133)[0m                                                   'temperature': 0,
[36m(CodeTaskRunner pid=3402133)[0m                                                   'top_k': -1,
[36m(CodeTaskRunner pid=3402133)[0m                                                   'top_p': 1.0}}},
[36m(CodeTaskRunner pid=3402133)[0m  'algorithm': {'_target_': 'verl.trainer.config.AlgoConfig',
[36m(CodeTaskRunner pid=3402133)[0m                'adv_estimator': 'grpo',
[36m(CodeTaskRunner pid=3402133)[0m                'filter_groups': {'_target_': 'verl.trainer.config.FilterGroupsConfig',
[36m(CodeTaskRunner pid=3402133)[0m                                  'enable': False,
[36m(CodeTaskRunner pid=3402133)[0m                                  'max_inflight_gen_batches': 1,
[36m(CodeTaskRunner pid=3402133)[0m                                  'max_num_gen_batches': 0,
[36m(CodeTaskRunner pid=3402133)[0m                                  'metric': None},
[36m(CodeTaskRunner pid=3402133)[0m                'gamma': 1.0,
[36m(CodeTaskRunner pid=3402133)[0m                'kl_ctrl': {'_target_': 'verl.trainer.config.KLControlConfig',
[36m(CodeTaskRunner pid=3402133)[0m                            'horizon': 10000,
[36m(CodeTaskRunner pid=3402133)[0m                            'kl_coef': 0.001,
[36m(CodeTaskRunner pid=3402133)[0m                            'target_kl': 0.1,
[36m(CodeTaskRunner pid=3402133)[0m                            'type': 'fixed'},
[36m(CodeTaskRunner pid=3402133)[0m                'kl_penalty': 'kl',
[36m(CodeTaskRunner pid=3402133)[0m                'lam': 1.0,
[36m(CodeTaskRunner pid=3402133)[0m                'norm_adv_by_std_in_grpo': True,
[36m(CodeTaskRunner pid=3402133)[0m                'pf_ppo': {'reweight_method': 'pow', 'weight_pow': 2.0},
[36m(CodeTaskRunner pid=3402133)[0m                'rollout_correction': {'bypass_mode': False,
[36m(CodeTaskRunner pid=3402133)[0m                                       'loss_type': 'ppo_clip',
[36m(CodeTaskRunner pid=3402133)[0m                                       'rollout_is': None,
[36m(CodeTaskRunner pid=3402133)[0m                                       'rollout_is_batch_normalize': False,
[36m(CodeTaskRunner pid=3402133)[0m                                       'rollout_is_threshold': 2.0,
[36m(CodeTaskRunner pid=3402133)[0m                                       'rollout_rs': None,
[36m(CodeTaskRunner pid=3402133)[0m                                       'rollout_rs_threshold': None},
[36m(CodeTaskRunner pid=3402133)[0m                'use_kl_in_reward': False,
[36m(CodeTaskRunner pid=3402133)[0m                'use_pf_ppo': False},
[36m(CodeTaskRunner pid=3402133)[0m  'critic': {'_target_': 'verl.workers.config.FSDPCriticConfig',
[36m(CodeTaskRunner pid=3402133)[0m             'checkpoint': {'_target_': 'verl.trainer.config.CheckpointConfig',
[36m(CodeTaskRunner pid=3402133)[0m                            'async_save': False,
[36m(CodeTaskRunner pid=3402133)[0m                            'load_contents': ['model', 'optimizer', 'extra'],
[36m(CodeTaskRunner pid=3402133)[0m                            'save_contents': ['model', 'optimizer', 'extra']},
[36m(CodeTaskRunner pid=3402133)[0m             'cliprange_value': 0.5,
[36m(CodeTaskRunner pid=3402133)[0m             'data_loader_seed': 42,
[36m(CodeTaskRunner pid=3402133)[0m             'enable': None,
[36m(CodeTaskRunner pid=3402133)[0m             'forward_max_token_len_per_gpu': 32768,
[36m(CodeTaskRunner pid=3402133)[0m             'forward_micro_batch_size': None,
[36m(CodeTaskRunner pid=3402133)[0m             'forward_micro_batch_size_per_gpu': None,
[36m(CodeTaskRunner pid=3402133)[0m             'fsdp': {'_target_': 'verl.workers.config.FSDPEngineConfig',
[36m(CodeTaskRunner pid=3402133)[0m                      'dtype': 'bfloat16',
[36m(CodeTaskRunner pid=3402133)[0m                      'entropy_checkpointing': False,
[36m(CodeTaskRunner pid=3402133)[0m                      'entropy_from_logits_chunk_size': 2048,
[36m(CodeTaskRunner pid=3402133)[0m                      'entropy_from_logits_with_chunking': False,
[36m(CodeTaskRunner pid=3402133)[0m                      'forward_only': False,
[36m(CodeTaskRunner pid=3402133)[0m                      'forward_prefetch': False,
[36m(CodeTaskRunner pid=3402133)[0m                      'fsdp_size': -1,
[36m(CodeTaskRunner pid=3402133)[0m                      'full_determinism': False,
[36m(CodeTaskRunner pid=3402133)[0m                      'model_dtype': 'fp32',
[36m(CodeTaskRunner pid=3402133)[0m                      'offload_policy': False,
[36m(CodeTaskRunner pid=3402133)[0m                      'optimizer_offload': False,
[36m(CodeTaskRunner pid=3402133)[0m                      'pad_to_length': False,
[36m(CodeTaskRunner pid=3402133)[0m                      'pad_to_length_bucket': 1024,
[36m(CodeTaskRunner pid=3402133)[0m                      'param_offload': False,
[36m(CodeTaskRunner pid=3402133)[0m                      'qat': {'_target_': 'verl.workers.config.QATEngineConfig',
[36m(CodeTaskRunner pid=3402133)[0m                              'activation_observer': 'static_minmax',
[36m(CodeTaskRunner pid=3402133)[0m                              'enable': False,
[36m(CodeTaskRunner pid=3402133)[0m                              'group_size': 16,
[36m(CodeTaskRunner pid=3402133)[0m                              'ignore_patterns': ['lm_head',
[36m(CodeTaskRunner pid=3402133)[0m                                                  'embed_tokens',
[36m(CodeTaskRunner pid=3402133)[0m                                                  're:.*mlp.gate$'],
[36m(CodeTaskRunner pid=3402133)[0m                              'mode': 'w4a16',
[36m(CodeTaskRunner pid=3402133)[0m                              'quantization_config_path': None},
[36m(CodeTaskRunner pid=3402133)[0m                      'reshard_after_forward': True,
[36m(CodeTaskRunner pid=3402133)[0m                      'seed': 42,
[36m(CodeTaskRunner pid=3402133)[0m                      'strategy': 'fsdp',
[36m(CodeTaskRunner pid=3402133)[0m                      'ulysses_sequence_parallel_size': 1,
[36m(CodeTaskRunner pid=3402133)[0m                      'use_orig_params': False,
[36m(CodeTaskRunner pid=3402133)[0m                      'use_torch_compile': True,
[36m(CodeTaskRunner pid=3402133)[0m                      'wrap_policy': {'min_num_params': 0}},
[36m(CodeTaskRunner pid=3402133)[0m             'grad_clip': 1.0,
[36m(CodeTaskRunner pid=3402133)[0m             'loss_agg_mode': 'token-mean',
[36m(CodeTaskRunner pid=3402133)[0m             'loss_scale_factor': None,
[36m(CodeTaskRunner pid=3402133)[0m             'model': {'_target_': 'verl.workers.config.HFModelConfig',
[36m(CodeTaskRunner pid=3402133)[0m                       'custom_chat_template': None,
[36m(CodeTaskRunner pid=3402133)[0m                       'enable_activation_offload': False,
[36m(CodeTaskRunner pid=3402133)[0m                       'enable_gradient_checkpointing': True,
[36m(CodeTaskRunner pid=3402133)[0m                       'exclude_modules': None,
[36m(CodeTaskRunner pid=3402133)[0m                       'external_lib': None,
[36m(CodeTaskRunner pid=3402133)[0m                       'fused_kernel_options': {'impl_backend': 'torch'},
[36m(CodeTaskRunner pid=3402133)[0m                       'hf_config_path': None,
[36m(CodeTaskRunner pid=3402133)[0m                       'lora': {'a2a_experimental': False,
[36m(CodeTaskRunner pid=3402133)[0m                                'adapter_path': None,
[36m(CodeTaskRunner pid=3402133)[0m                                'alpha': 32,
[36m(CodeTaskRunner pid=3402133)[0m                                'dropout': 0.0,
[36m(CodeTaskRunner pid=3402133)[0m                                'dropout_position': 'pre',
[36m(CodeTaskRunner pid=3402133)[0m                                'dtype': None,
[36m(CodeTaskRunner pid=3402133)[0m                                'exclude_modules': [],
[36m(CodeTaskRunner pid=3402133)[0m                                'freeze_language_model': True,
[36m(CodeTaskRunner pid=3402133)[0m                                'freeze_vision_model': True,
[36m(CodeTaskRunner pid=3402133)[0m                                'freeze_vision_projection': True,
[36m(CodeTaskRunner pid=3402133)[0m                                'lora_A_init_method': 'xavier',
[36m(CodeTaskRunner pid=3402133)[0m                                'lora_B_init_method': 'zero',
[36m(CodeTaskRunner pid=3402133)[0m                                'merge': False,
[36m(CodeTaskRunner pid=3402133)[0m                                'rank': 0,
[36m(CodeTaskRunner pid=3402133)[0m                                'target_modules': ['linear_qkv',
[36m(CodeTaskRunner pid=3402133)[0m                                                   'linear_proj',
[36m(CodeTaskRunner pid=3402133)[0m                                                   'linear_fc1',
[36m(CodeTaskRunner pid=3402133)[0m                                                   'linear_fc2'],
[36m(CodeTaskRunner pid=3402133)[0m                                'type': 'lora'},
[36m(CodeTaskRunner pid=3402133)[0m                       'lora_adapter_path': None,
[36m(CodeTaskRunner pid=3402133)[0m                       'lora_alpha': 16,
[36m(CodeTaskRunner pid=3402133)[0m                       'lora_rank': 0,
[36m(CodeTaskRunner pid=3402133)[0m                       'mtp': {'_target_': 'verl.workers.config.MtpConfig',
[36m(CodeTaskRunner pid=3402133)[0m                               'detach_encoder': False,
[36m(CodeTaskRunner pid=3402133)[0m                               'enable': False,
[36m(CodeTaskRunner pid=3402133)[0m                               'enable_rollout': False,
[36m(CodeTaskRunner pid=3402133)[0m                               'enable_train': False,
[36m(CodeTaskRunner pid=3402133)[0m                               'method': 'mtp',
[36m(CodeTaskRunner pid=3402133)[0m                               'mtp_loss_scaling_factor': 0.1,
[36m(CodeTaskRunner pid=3402133)[0m                               'num_speculative_tokens': 1,
[36m(CodeTaskRunner pid=3402133)[0m                               'speculative_algorithm': 'EAGLE',
[36m(CodeTaskRunner pid=3402133)[0m                               'speculative_eagle_topk': 1,
[36m(CodeTaskRunner pid=3402133)[0m                               'speculative_num_draft_tokens': 4,
[36m(CodeTaskRunner pid=3402133)[0m                               'speculative_num_steps': 3},
[36m(CodeTaskRunner pid=3402133)[0m                       'override_config': {},
[36m(CodeTaskRunner pid=3402133)[0m                       'path': '~/models/deepseek-llm-7b-chat',
[36m(CodeTaskRunner pid=3402133)[0m                       'target_modules': 'all-linear',
[36m(CodeTaskRunner pid=3402133)[0m                       'tiled_mlp': {'enabled': False, 'num_shards': 4},
[36m(CodeTaskRunner pid=3402133)[0m                       'tokenizer_path': None,
[36m(CodeTaskRunner pid=3402133)[0m                       'trust_remote_code': False,
[36m(CodeTaskRunner pid=3402133)[0m                       'use_fused_kernels': False,
[36m(CodeTaskRunner pid=3402133)[0m                       'use_liger': False,
[36m(CodeTaskRunner pid=3402133)[0m                       'use_remove_padding': True,
[36m(CodeTaskRunner pid=3402133)[0m                       'use_shm': False},
[36m(CodeTaskRunner pid=3402133)[0m             'optim': {'_target_': 'verl.workers.config.FSDPOptimizerConfig',
[36m(CodeTaskRunner pid=3402133)[0m                       'betas': [0.9, 0.999],
[36m(CodeTaskRunner pid=3402133)[0m                       'clip_grad': 1.0,
[36m(CodeTaskRunner pid=3402133)[0m                       'lr': 1e-05,
[36m(CodeTaskRunner pid=3402133)[0m                       'lr_scheduler_type': 'constant',
[36m(CodeTaskRunner pid=3402133)[0m                       'lr_warmup_steps': -1,
[36m(CodeTaskRunner pid=3402133)[0m                       'lr_warmup_steps_ratio': 0.0,
[36m(CodeTaskRunner pid=3402133)[0m                       'min_lr_ratio': 0.0,
[36m(CodeTaskRunner pid=3402133)[0m                       'num_cycles': 0.5,
[36m(CodeTaskRunner pid=3402133)[0m                       'optimizer': 'AdamW',
[36m(CodeTaskRunner pid=3402133)[0m                       'optimizer_impl': 'torch.optim',
[36m(CodeTaskRunner pid=3402133)[0m                       'override_optimizer_config': None,
[36m(CodeTaskRunner pid=3402133)[0m                       'total_training_steps': -1,
[36m(CodeTaskRunner pid=3402133)[0m                       'warmup_style': None,
[36m(CodeTaskRunner pid=3402133)[0m                       'weight_decay': 0.01,
[36m(CodeTaskRunner pid=3402133)[0m                       'zero_indexed_step': True},
[36m(CodeTaskRunner pid=3402133)[0m             'ppo_epochs': 1,
[36m(CodeTaskRunner pid=3402133)[0m             'ppo_max_token_len_per_gpu': 32768,
[36m(CodeTaskRunner pid=3402133)[0m             'ppo_micro_batch_size': None,
[36m(CodeTaskRunner pid=3402133)[0m             'ppo_micro_batch_size_per_gpu': None,
[36m(CodeTaskRunner pid=3402133)[0m             'ppo_mini_batch_size': 32,
[36m(CodeTaskRunner pid=3402133)[0m             'profiler': {'_target_': 'verl.utils.profiler.ProfilerConfig',
[36m(CodeTaskRunner pid=3402133)[0m                          'all_ranks': False,
[36m(CodeTaskRunner pid=3402133)[0m                          'enable': False,
[36m(CodeTaskRunner pid=3402133)[0m                          'ranks': [],
[36m(CodeTaskRunner pid=3402133)[0m                          'save_path': 'outputs/profile',
[36m(CodeTaskRunner pid=3402133)[0m                          'tool': None,
[36m(CodeTaskRunner pid=3402133)[0m                          'tool_config': {'npu': {'_target_': 'verl.utils.profiler.config.NPUToolConfig',
[36m(CodeTaskRunner pid=3402133)[0m                                                  'analysis': True,
[36m(CodeTaskRunner pid=3402133)[0m                                                  'contents': [],
[36m(CodeTaskRunner pid=3402133)[0m                                                  'discrete': False,
[36m(CodeTaskRunner pid=3402133)[0m                                                  'level': 'level0'},
[36m(CodeTaskRunner pid=3402133)[0m                                          'nsys': {'_target_': 'verl.utils.profiler.config.NsightToolConfig',
[36m(CodeTaskRunner pid=3402133)[0m                                                   'discrete': False},
[36m(CodeTaskRunner pid=3402133)[0m                                          'precision_debugger': {'_target_': 'verl.utils.profiler.config.PrecisionDebuggerToolConfig',
[36m(CodeTaskRunner pid=3402133)[0m                                                                 'config_path': None,
[36m(CodeTaskRunner pid=3402133)[0m                                                                 'stages': None,
[36m(CodeTaskRunner pid=3402133)[0m                                                                 'steps': None,
[36m(CodeTaskRunner pid=3402133)[0m                                                                 'strict': False},
[36m(CodeTaskRunner pid=3402133)[0m                                          'torch': {'_target_': 'verl.utils.profiler.config.TorchProfilerToolConfig',
[36m(CodeTaskRunner pid=3402133)[0m                                                    'contents': [],
[36m(CodeTaskRunner pid=3402133)[0m                                                    'discrete': False,
[36m(CodeTaskRunner pid=3402133)[0m                                                    'schedule': {'_target_': 'verl.utils.profiler.config.TorchProfilerScheduleConfig',
[36m(CodeTaskRunner pid=3402133)[0m                                                                 'active': 0,
[36m(CodeTaskRunner pid=3402133)[0m                                                                 'repeat': 0,
[36m(CodeTaskRunner pid=3402133)[0m                                                                 'skip_first': 0,
[36m(CodeTaskRunner pid=3402133)[0m                                                                 'wait': 0,
[36m(CodeTaskRunner pid=3402133)[0m                                                                 'warmup': 0}},
[36m(CodeTaskRunner pid=3402133)[0m                                          'torch_memory': {'_target_': 'verl.utils.profiler.config.TorchMemoryToolConfig',
[36m(CodeTaskRunner pid=3402133)[0m                                                           'stack_depth': 32,
[36m(CodeTaskRunner pid=3402133)[0m                                                           'trace_alloc_max_entries': 100000}}},
[36m(CodeTaskRunner pid=3402133)[0m             'rollout_n': 8,
[36m(CodeTaskRunner pid=3402133)[0m             'shuffle': False,
[36m(CodeTaskRunner pid=3402133)[0m             'strategy': 'fsdp',
[36m(CodeTaskRunner pid=3402133)[0m             'ulysses_sequence_parallel_size': 1,
[36m(CodeTaskRunner pid=3402133)[0m             'use_dynamic_bsz': True},
[36m(CodeTaskRunner pid=3402133)[0m  'custom_reward_function': {'name': None, 'path': None},
[36m(CodeTaskRunner pid=3402133)[0m  'data': {'apply_chat_template_kwargs': {},
[36m(CodeTaskRunner pid=3402133)[0m           'audio_key': 'audios',
[36m(CodeTaskRunner pid=3402133)[0m           'continuous_token': {'enable': False, 'model_family': 'auto'},
[36m(CodeTaskRunner pid=3402133)[0m           'custom_cls': {'name': None, 'path': None},
[36m(CodeTaskRunner pid=3402133)[0m           'dataloader_num_workers': 8,
[36m(CodeTaskRunner pid=3402133)[0m           'filter_overlong_prompts': True,
[36m(CodeTaskRunner pid=3402133)[0m           'filter_overlong_prompts_workers': 1,
[36m(CodeTaskRunner pid=3402133)[0m           'function_tool_path': None,
[36m(CodeTaskRunner pid=3402133)[0m           'gen_batch_size': None,
[36m(CodeTaskRunner pid=3402133)[0m           'hier_sampler': {'task_key': 'data_source',
[36m(CodeTaskRunner pid=3402133)[0m                            'task_weights': 
[36m(CodeTaskRunner pid=3402133)[0m {'t15_repo_patch': 0.2,
[36m(CodeTaskRunner pid=3402133)[0m                                             't15_unittest_impl': 0.8},
[36m(CodeTaskRunner pid=3402133)[0m                            'variant_key': 'variant_type'},
[36m(CodeTaskRunner pid=3402133)[0m           'image_key': 'images',
[36m(CodeTaskRunner pid=3402133)[0m           'image_patch_size': 14,
[36m(CodeTaskRunner pid=3402133)[0m           'max_prompt_length': 30000,
[36m(CodeTaskRunner pid=3402133)[0m           'max_response_length': 2048,
[36m(CodeTaskRunner pid=3402133)[0m           'mm_processor_kwargs': {},
[36m(CodeTaskRunner pid=3402133)[0m           'prompt_key': 'prompt',
[36m(CodeTaskRunner pid=3402133)[0m           'return_full_prompt': False,
[36m(CodeTaskRunner pid=3402133)[0m           'return_multi_modal_inputs': True,
[36m(CodeTaskRunner pid=3402133)[0m           'return_raw_chat': True,
[36m(CodeTaskRunner pid=3402133)[0m           'return_raw_input_ids': False,
[36m(CodeTaskRunner pid=3402133)[0m           'reward_fn_key': 'data_source',
[36m(CodeTaskRunner pid=3402133)[0m           'seed': 0,
[36m(CodeTaskRunner pid=3402133)[0m           'shuffle': True,
[36m(CodeTaskRunner pid=3402133)[0m           'tokenizer': None,
[36m(CodeTaskRunner pid=3402133)[0m           'tool_config_path': None,
[36m(CodeTaskRunner pid=3402133)[0m           'train_batch_size': 32,
[36m(CodeTaskRunner pid=3402133)[0m           'train_files': '/scratch/r919a03/code_verl_test/data/curated/curated_v2/train.parquet',
[36m(CodeTaskRunner pid=3402133)[0m           'train_max_samples': -1,
[36m(CodeTaskRunner pid=3402133)[0m           'truncation': 'error',
[36m(CodeTaskRunner pid=3402133)[0m           'trust_remote_code': False,
[36m(CodeTaskRunner pid=3402133)[0m           'use_shm': False,
[36m(CodeTaskRunner pid=3402133)[0m           'val_batch_size': None,
[36m(CodeTaskRunner pid=3402133)[0m           'val_files': '/scratch/r919a03/code_verl_test/data/curated/curated_v2/validation.parquet',
[36m(CodeTaskRunner pid=3402133)[0m           'val_max_samples': -1,
[36m(CodeTaskRunner pid=3402133)[0m           'validation_shuffle': False,
[36m(CodeTaskRunner pid=3402133)[0m           'video_key': 'videos'},
[36m(CodeTaskRunner pid=3402133)[0m  'distillation': {'_target_': 'verl.workers.config.DistillationConfig',
[36m(CodeTaskRunner pid=3402133)[0m                   'distillation_loss': {'_target_': 'verl.workers.config.DistillationLossConfig',
[36m(CodeTaskRunner pid=3402133)[0m                                         'clip_ratio': 0.2,
[36m(CodeTaskRunner pid=3402133)[0m                                         'clip_ratio_high': 0.2,
[36m(CodeTaskRunner pid=3402133)[0m                                         'clip_ratio_low': 0.2,
[36m(CodeTaskRunner pid=3402133)[0m                                         'distillation_loss_coef': 1.0,
[36m(CodeTaskRunner pid=3402133)[0m                                         'log_prob_min_clamp': None,
[36m(CodeTaskRunner pid=3402133)[0m                                         'loss_max_clamp': None,
[36m(CodeTaskRunner pid=3402133)[0m                                         'loss_mode': 'k3',
[36m(CodeTaskRunner pid=3402133)[0m                                         'policy_loss_mode': 'vanilla',
[36m(CodeTaskRunner pid=3402133)[0m                                         'topk': 32,
[36m(CodeTaskRunner pid=3402133)[0m                                         'use_policy_gradient': False,
[36m(CodeTaskRunner pid=3402133)[0m                                         'use_task_rewards': True},
[36m(CodeTaskRunner pid=3402133)[0m                   'enabled': False,
[36m(CodeTaskRunner pid=3402133)[0m                   'n_gpus_per_node': 8,
[36m(CodeTaskRunner pid=3402133)[0m                   'nnodes': 0,
[36m(CodeTaskRunner pid=3402133)[0m                   'teacher_key': 'data_source',
[36m(CodeTaskRunner pid=3402133)[0m                   'teacher_models': {'teacher_model': {'_target_': 'verl.workers.config.DistillationTeacherModelConfig',
[36m(CodeTaskRunner pid=3402133)[0m                                                        'inference': {'_target_': 'verl.workers.config.RolloutConfig',
[36m(CodeTaskRunner pid=3402133)[0m                                                                      'cudagraph_capture_sizes': None,
[36m(CodeTaskRunner pid=3402133)[0m                                                                      'data_parallel_size': 1,
[36m(CodeTaskRunner pid=3402133)[0m                                                                      'disable_log_stats': True,
[36m(CodeTaskRunner pid=3402133)[0m                                                                      'dtype': 'bfloat16',
[36m(CodeTaskRunner pid=3402133)[0m                                                                      'enable_chunked_prefill': True,
[36m(CodeTaskRunner pid=3402133)[0m                                                                      'enable_prefix_caching': True,
[36m(CodeTaskRunner pid=3402133)[0m                                                                      'enforce_eager': True,
[36m(CodeTaskRunner pid=3402133)[0m                                                                      'engine_kwargs': {},
[36m(CodeTaskRunner pid=3402133)[0m                                                                      'expert_parallel_size': 1,
[36m(CodeTaskRunner pid=3402133)[0m                                                                      'free_cache_engine': True,
[36m(CodeTaskRunner pid=3402133)[0m                                                                      'gpu_memory_utilization': 0.5,
[36m(CodeTaskRunner pid=3402133)[0m                                                                      'limit_images': None,
[36m(CodeTaskRunner pid=3402133)[0m                                                                      'load_format': 'auto',
[36m(CodeTaskRunner pid=3402133)[0m                                                                      'max_model_len': None,
[36m(CodeTaskRunner pid=3402133)[0m                                                                      'max_num_batched_tokens': 8192,
[36m(CodeTaskRunner pid=3402133)[0m                                                                      'max_num_seqs': 1024,
[36m(CodeTaskRunner pid=3402133)[0m                                                                      'name': 'vllm',
[36m(CodeTaskRunner pid=3402133)[0m                                                                      'prompt_length': 30000,
[36m(CodeTaskRunner pid=3402133)[0m                                                                      'response_length': 2048,
[36m(CodeTaskRunner pid=3402133)[0m                                                                      'skip_tokenizer_init': True,
[36m(CodeTaskRunner pid=3402133)[0m                                                                      'temperature': 1.0,
[36m(CodeTaskRunner pid=3402133)[0m                                                                      'tensor_model_parallel_size': 2},
[36m(CodeTaskRunner pid=3402133)[0m                                                        'key': None,
[36m(CodeTaskRunner pid=3402133)[0m                                                        'model_path': None,
[36m(CodeTaskRunner pid=3402133)[0m                                                        'num_replicas': 0}}},
[36m(CodeTaskRunner pid=3402133)[0m  'global_profiler': {'_target_': 'verl.utils.profiler.ProfilerConfig',
[36m(CodeTaskRunner pid=3402133)[0m                      'global_tool_config': {'nsys': {'_target_': 'verl.utils.profiler.config.NsightToolConfig',
[36m(CodeTaskRunner pid=3402133)[0m                                                      'controller_nsight_options': {'cuda-graph-trace': 'graph',
[36m(CodeTaskRunner pid=3402133)[0m                                                                                    'cuda-memory-usage': 'true',
[36m(CodeTaskRunner pid=3402133)[0m                                                                                    'trace': 'cuda,nvtx,cublas,ucx'},
[36m(CodeTaskRunner pid=3402133)[0m                                                      'discrete': False,
[36m(CodeTaskRunner pid=3402133)[0m                                                      'worker_nsight_options': {'capture-range': 'cudaProfilerApi',
[36m(CodeTaskRunner pid=3402133)[0m                                                                                'capture-range-end': None,
[36m(CodeTaskRunner pid=3402133)[0m                                                                                'cuda-graph-trace': 'graph',
[36m(CodeTaskRunner pid=3402133)[0m                                                                                'cuda-memory-usage': 'true',
[36m(CodeTaskRunner pid=3402133)[0m                                                                                'kill': 'none',
[36m(CodeTaskRunner pid=3402133)[0m                                                                                'trace': 'cuda,nvtx,cublas,ucx'}},
[36m(CodeTaskRunner pid=3402133)[0m                                             'precision_debugger': {'_target_': 'verl.utils.profiler.config.PrecisionDebuggerToolConfig',
[36m(CodeTaskRunner pid=3402133)[0m                                                                    'config_path': None,
[36m(CodeTaskRunner pid=3402133)[0m                                                                    'stages': None,
[36m(CodeTaskRunner pid=3402133)[0m                                                                    'steps': None,
[36m(CodeTaskRunner pid=3402133)[0m                                                                    'strict': False},
[36m(CodeTaskRunner pid=3402133)[0m                                             'torch_memory': {'context': 'all',
[36m(CodeTaskRunner pid=3402133)[0m                                                              'kw_args': {},
[36m(CodeTaskRunner pid=3402133)[0m                                                              'stack_depth': 32,
[36m(CodeTaskRunner pid=3402133)[0m                                                              'stacks': 'all',
[36m(CodeTaskRunner pid=3402133)[0m                                                              'trace_alloc_max_entries': 100000}},
[36m(CodeTaskRunner pid=3402133)[0m                      'profile_continuous_steps': False,
[36m(CodeTaskRunner pid=3402133)[0m                      'save_path': 'outputs/profile',
[36m(CodeTaskRunner pid=3402133)[0m                      'steps': None,
[36m(CodeTaskRunner pid=3402133)[0m                      'tool': None},
[36m(CodeTaskRunner pid=3402133)[0m  'model_engine': 'dp',
[36m(CodeTaskRunner pid=3402133)[0m  'ray_kwargs': {'ray_init': {'num_cpus': None,
[36m(CodeTaskRunner pid=3402133)[0m                              'object_store_memory': 40000000000},
[36m(CodeTaskRunner pid=3402133)[0m                 'timeline_json_file': None},
[36m(CodeTaskRunner pid=3402133)[0m  'reward': {'_target_': 'verl.workers.config.RewardConfig',
[36m(CodeTaskRunner pid=3402133)[0m             'custom_reward_function': {'name': 'compute_score',
[36m(CodeTaskRunner pid=3402133)[0m                                        'path': '/scratch/r919a03/code_verl_test/verifier/verl_reward.py'},
[36m(CodeTaskRunner pid=3402133)[0m             'num_workers': 4,
[36m(CodeTaskRunner pid=3402133)[0m             'reward_manager': {'_target_': 'verl.workers.config.reward.RewardManagerConfig',
[36m(CodeTaskRunner pid=3402133)[0m                                'module': {'_target_': 'verl.trainer.config.config.ModuleConfig',
[36m(CodeTaskRunner pid=3402133)[0m                                           'name': 'custom_reward_manager',
[36m(CodeTaskRunner pid=3402133)[0m                                           'path': None},
[36m(CodeTaskRunner pid=3402133)[0m                                'name': 'naive',
[36m(CodeTaskRunner pid=3402133)[0m                                'source': 'register'},
[36m(CodeTaskRunner pid=3402133)[0m             'reward_model': {'_target_': 'verl.workers.config.RewardModelConfig',
[36m(CodeTaskRunner pid=3402133)[0m                              'enable': False,
[36m(CodeTaskRunner pid=3402133)[0m                              'enable_resource_pool': False,
[36m(CodeTaskRunner pid=3402133)[0m                              'model_path': None,
[36m(CodeTaskRunner pid=3402133)[0m                              'n_gpus_per_node': 8,
[36m(CodeTaskRunner pid=3402133)[0m                              'nnodes': 0,
[36m(CodeTaskRunner pid=3402133)[0m                              'rollout': {'_target_': 'verl.workers.config.RolloutConfig',
[36m(CodeTaskRunner pid=3402133)[0m                                          'cudagraph_capture_sizes': None,
[36m(CodeTaskRunner pid=3402133)[0m                                          'data_parallel_size': 1,
[36m(CodeTaskRunner pid=3402133)[0m                                          'disable_log_stats': True,
[36m(CodeTaskRunner pid=3402133)[0m                                          'disaggregation': {'bootstrap_port': None,
[36m(CodeTaskRunner pid=3402133)[0m                                                             'decode_replicas': 1,
[36m(CodeTaskRunner pid=3402133)[0m                                                             'decode_tensor_model_parallel_size': None,
[36m(CodeTaskRunner pid=3402133)[0m                                                             'enabled': False,
[36m(CodeTaskRunner pid=3402133)[0m                                                             'ib_device': None,
[36m(CodeTaskRunner pid=3402133)[0m                                                             'prefill_replicas': 1,
[36m(CodeTaskRunner pid=3402133)[0m                                                             'transfer_backend': 'nixl'},
[36m(CodeTaskRunner pid=3402133)[0m                                          'do_sample': True,
[36m(CodeTaskRunner pid=3402133)[0m                                          'dtype': 'bfloat16',
[36m(CodeTaskRunner pid=3402133)[0m                                          'enable_chunked_prefill': True,
[36m(CodeTaskRunner pid=3402133)[0m                                          'enable_prefix_caching': True,
[36m(CodeTaskRunner pid=3402133)[0m                                          'enforce_eager': True,
[36m(CodeTaskRunner pid=3402133)[0m                                          'engine_kwargs': {},
[36m(CodeTaskRunner pid=3402133)[0m                                          'expert_parallel_size': 1,
[36m(CodeTaskRunner pid=3402133)[0m                                          'free_cache_engine': True,
[36m(CodeTaskRunner pid=3402133)[0m                                          'full_determinism': False,
[36m(CodeTaskRunner pid=3402133)[0m                                          'gpu_memory_utilization': 0.5,
[36m(CodeTaskRunner pid=3402133)[0m                                          'ignore_eos': False,
[36m(CodeTaskRunner pid=3402133)[0m                                          'layered_summon': False,
[36m(CodeTaskRunner pid=3402133)[0m                                          'limit_images': None,
[36m(CodeTaskRunner pid=3402133)[0m                                          'load_format': 'auto',
[36m(CodeTaskRunner pid=3402133)[0m                                          'max_model_len': None,
[36m(CodeTaskRunner pid=3402133)[0m                                          'max_num_batched_tokens': 8192,
[36m(CodeTaskRunner pid=3402133)[0m                                          'max_num_seqs': 1024,
[36m(CodeTaskRunner pid=3402133)[0m                                          'mtp': None,
[36m(CodeTaskRunner pid=3402133)[0m                                          'multi_stage_wake_up': False,
[36m(CodeTaskRunner pid=3402133)[0m                                          'n': 1,
[36m(CodeTaskRunner pid=3402133)[0m                                          'name': '???',
[36m(CodeTaskRunner pid=3402133)[0m                                          'pipeline_model_parallel_size': 1,
[36m(CodeTaskRunner pid=3402133)[0m                                          'prompt_length': 2048,
[36m(CodeTaskRunner pid=3402133)[0m                                          'quantization': None,
[36m(CodeTaskRunner pid=3402133)[0m                                          'quantization_config_file': None,
[36m(CodeTaskRunner pid=3402133)[0m                                          'response_length': 2048,
[36m(CodeTaskRunner pid=3402133)[0m                                          'scheduling_policy': 'fcfs',
[36m(CodeTaskRunner pid=3402133)[0m                                          'seed': 42,
[36m(CodeTaskRunner pid=3402133)[0m                                          'skip_tokenizer_init': False,
[36m(CodeTaskRunner pid=3402133)[0m                                          'temperature': 1.0,
[36m(CodeTaskRunner pid=3402133)[0m                                          'tensor_model_parallel_size': 2,
[36m(CodeTaskRunner pid=3402133)[0m                                          'top_k': -1,
[36m(CodeTaskRunner pid=3402133)[0m                                          'top_p': 1}},
[36m(CodeTaskRunner pid=3402133)[0m             'sandbox_fusion': {'_target_': 'verl.workers.config.SandboxFusionConfig',
[36m(CodeTaskRunner pid=3402133)[0m                                'max_concurrent': 64,
[36m(CodeTaskRunner pid=3402133)[0m                                'memory_limit_mb': 1024,
[36m(CodeTaskRunner pid=3402133)[0m                                'url': None}},
[36m(CodeTaskRunner pid=3402133)[0m  'reward_model': {'enable': None,
[36m(CodeTaskRunner pid=3402133)[0m                   'enable_resource_pool': None,
[36m(CodeTaskRunner pid=3402133)[0m                   'model': {'external_lib': None,
[36m(CodeTaskRunner pid=3402133)[0m                             'path': None,
[36m(CodeTaskRunner pid=3402133)[0m                             'trust_remote_code': None},
[36m(CodeTaskRunner pid=3402133)[0m                   'n_gpus_per_node': None,
[36m(CodeTaskRunner pid=3402133)[0m                   'nnodes': None,
[36m(CodeTaskRunner pid=3402133)[0m                   'num_workers': None,
[36m(CodeTaskRunner pid=3402133)[0m                   'reward_loop_class_name': None,
[36m(CodeTaskRunner pid=3402133)[0m                   'reward_loop_module_path': None,
[36m(CodeTaskRunner pid=3402133)[0m                   'reward_loop_source': None,
[36m(CodeTaskRunner pid=3402133)[0m                   'reward_manager': None,
[36m(CodeTaskRunner pid=3402133)[0m                   'rollout': {'cudagraph_capture_sizes': None,
[36m(CodeTaskRunner pid=3402133)[0m                               'data_parallel_size': None,
[36m(CodeTaskRunner pid=3402133)[0m                               'disable_log_stats': None,
[36m(CodeTaskRunner pid=3402133)[0m                               'dtype': None,
[36m(CodeTaskRunner pid=3402133)[0m                               'enable_chunked_prefill': None,
[36m(CodeTaskRunner pid=3402133)[0m                               'enable_prefix_caching': None,
[36m(CodeTaskRunner pid=3402133)[0m                               'enforce_eager': None,
[36m(CodeTaskRunner pid=3402133)[0m                               'engine_kwargs': None,
[36m(CodeTaskRunner pid=3402133)[0m                               'expert_parallel_size': None,
[36m(CodeTaskRunner pid=3402133)[0m                               'free_cache_engine': None,
[36m(CodeTaskRunner pid=3402133)[0m                               'gpu_memory_utilization': None,
[36m(CodeTaskRunner pid=3402133)[0m                               'limit_images': None,
[36m(CodeTaskRunner pid=3402133)[0m                               'load_format': None,
[36m(CodeTaskRunner pid=3402133)[0m                               'max_model_len': 
[36m(CodeTaskRunner pid=3402133)[0m None,
[36m(CodeTaskRunner pid=3402133)[0m                               'max_num_batched_tokens'
[36m(CodeTaskRunner pid=3402133)[0m : None
[36m(CodeTaskRunner pid=3402133)[0m ,
[36m(CodeTaskRunner pid=3402133)[0m                               'max_num_seqs': 
[36m(CodeTaskRunner pid=3402133)[0m None,
[36m(CodeTaskRunner pid=3402133)[0m                               
[36m(CodeTaskRunner pid=3402133)[0m 'name': 
[36m(CodeTaskRunner pid=3402133)[0m None
[36m(CodeTaskRunner pid=3402133)[0m ,
[36m(CodeTaskRunner pid=3402133)[0m                               'prompt_length': 
[36m(CodeTaskRunner pid=3402133)[0m None
[36m(CodeTaskRunner pid=3402133)[0m ,
[36m(CodeTaskRunner pid=3402133)[0m                               'response_length': 
[36m(CodeTaskRunner pid=3402133)[0m None
[36m(CodeTaskRunner pid=3402133)[0m ,
[36m(CodeTaskRunner pid=3402133)[0m                               'skip_tokenizer_init': 
[36m(CodeTaskRunner pid=3402133)[0m None
[36m(CodeTaskRunner pid=3402133)[0m ,
[36m(CodeTaskRunner pid=3402133)[0m                               
[36m(CodeTaskRunner pid=3402133)[0m 'tensor_model_parallel_size': 
[36m(CodeTaskRunner pid=3402133)[0m None
[36m(CodeTaskRunner pid=3402133)[0m }
[36m(CodeTaskRunner pid=3402133)[0m },
[36m(CodeTaskRunner pid=3402133)[0m  
[36m(CodeTaskRunner pid=3402133)[0m 'sandbox_fusion': 
[36m(CodeTaskRunner pid=3402133)[0m {'max_concurrent': None,
[36m(CodeTaskRunner pid=3402133)[0m                     'memory_limit_mb': None,
[36m(CodeTaskRunner pid=3402133)[0m                     'url': None},
[36m(CodeTaskRunner pid=3402133)[0m  'skip': {'_target_': 'verl.utils.skip.SkipManagerConfig',
[36m(CodeTaskRunner pid=3402133)[0m           'async_rollout': {'action': 'cache',
[36m(CodeTaskRunner pid=3402133)[0m                             'dump_dir': '~/.verl/rollout_dump',
[36m(CodeTaskRunner pid=3402133)[0m                             'enable': False,
[36m(CodeTaskRunner pid=3402133)[0m                             'steps': []},
[36m(CodeTaskRunner pid=3402133)[0m           'rollout': {'action': 'cache',
[36m(CodeTaskRunner pid=3402133)[0m                       'dump_dir': '~/.verl/rollout_dump',
[36m(CodeTaskRunner pid=3402133)[0m                       'enable': False,
[36m(CodeTaskRunner pid=3402133)[0m                       'steps': []},
[36m(CodeTaskRunner pid=3402133)[0m           'rollout_tq': {'action': 'cache',
[36m(CodeTaskRunner pid=3402133)[0m                          'dump_dir': '~/.verl/rollout_dump',
[36m(CodeTaskRunner pid=3402133)[0m                          'enable': False,
[36m(CodeTaskRunner pid=3402133)[0m                          'steps': []}},
[36m(CodeTaskRunner pid=3402133)[0m  'trainer': {'balance_batch': True,
[36m(CodeTaskRunner pid=3402133)[0m              'critic_warmup': 0,
[36m(CodeTaskRunner pid=3402133)[0m              'default_hdfs_dir': None,
[36m(CodeTaskRunner pid=3402133)[0m              'default_local_dir': '/scratch/r919a03/code_verl_test/checkpoints/exp_D004_p2p_strong',
[36m(CodeTaskRunner pid=3402133)[0m              'del_local_ckpt_after_load': False,
[36m(CodeTaskRunner pid=3402133)[0m              'device': 'cuda',
[36m(CodeTaskRunner pid=3402133)[0m              'esi_redundant_time': 0,
[36m(CodeTaskRunner pid=3402133)[0m              'experiment_name': 'exp_D004_p2p_strong',
[36m(CodeTaskRunner pid=3402133)[0m              'log_val_generations': 0,
[36m(CodeTaskRunner pid=3402133)[0m              'logger': ['console'],[36m(CodeTaskRunner pid=3402133)[0m /scratch/r919a03/code_verl_test/.venv/lib/python3.12/site-packages/verl/trainer/ppo/v1/trainer_base.py:127: UserWarning: Disabled critic as algorithm.adv_estimator != gae. If it is not intended, please set critic.enable=True
[36m(CodeTaskRunner pid=3402133)[0m   self.use_critic = need_critic(self.config)
[36m(CodeTaskRunner pid=3402133)[0m Filtering prompts longer than 30000 tokens (num_proc=1):   0%|          | 0/4507 [00:00<?, ? examples/s]
[36m(CodeTaskRunner pid=3402133)[0m Filtering prompts longer than 30000 tokens (num_proc=1):  22%|██▏       | 1000/4507 [00:07<00:24, 140.88 examples/s]
[36m(CodeTaskRunner pid=3402133)[0m Filtering prompts longer than 30000 tokens (num_proc=1):  44%|████▍     | 2000/4507 [00:07<00:08, 311.48 examples/s]
[36m(CodeTaskRunner pid=3402133)[0m Filtering prompts longer than 30000 tokens (num_proc=1):  67%|██████▋   | 3000/4507 [00:08<00:02, 507.60 examples/s]
[36m(CodeTaskRunner pid=3402133)[0m Filtering prompts longer than 30000 tokens (num_proc=1):  89%|████████▉ | 4000/4507 [00:08<00:00, 719.45 examples/s]
[36m(CodeTaskRunner pid=3402133)[0m Filtering prompts longer than 30000 tokens (num_proc=1): 100%|██████████| 4507/4507 [00:09<00:00, 789.13 examples/s]
[36m(CodeTaskRunner pid=3402133)[0m Filtering prompts longer than 30000 tokens (num_proc=1): 100%|██████████| 4507/4507 [00:09<00:00, 494.75 examples/s]
[36m(CodeTaskRunner pid=3402133)[0m Filtering prompts longer than 30000 tokens (num_proc=1):   0%|          | 0/435 [00:00<?, ? examples/s]
[36m(CodeTaskRunner pid=3402133)[0m Filtering prompts longer than 30000 tokens (num_proc=1): 100%|██████████| 435/435 [00:03<00:00, 115.69 examples/s]
[36m(CodeTaskRunner pid=3402133)[0m Filtering prompts longer than 30000 tokens (num_proc=1): 100%|██████████| 435/435 [00:03<00:00, 112.92 examples/s]
[36m(CodeTaskRunner pid=3402133)[0m INFO:2026-09-02 23:05:40,675:train and validate dataloader initialized, train dataset size: 4507, val dataset size: 435
[36m(CodeTaskRunner pid=3402133)[0m INFO:2026-09-02 23:05:40,675:Total training steps: 20
[36m(CodeTaskRunner pid=3402133)[0m /scratch/r919a03/code_verl_test/.venv/lib/python3.12/site-packages/verl/trainer/ppo/v1/trainer_base.py:751: UserWarning: Disabled critic as algorithm.adv_estimator != gae. If it is not intended, please set critic.enable=True
[36m(CodeTaskRunner pid=3402133)[0m   if need_critic(config):
[36m(CodeTaskRunner pid=3402133)[0m INFO:2026-09-02 23:05:40,680:worker group kwargs: {'device_name': 'cuda'}
[36m(CodeTaskRunner pid=3402133)[0m INFO:2026-09-02 23:05:41,583:create worker group dict_keys(['actor_rollout'])
[36m(WorkerDict pid=3403601)[0m /scratch/r919a03/code_verl_test/.venv/lib/python3.12/site-packages/verl/workers/engine/__init__.py:31: UserWarning: torchtitan engine is not available: ModuleNotFoundError("No module named 'torchtitan'")
[36m(WorkerDict pid=3403601)[0m   warnings.warn(f"torchtitan engine is not available: {e!r}", stacklevel=1)
[36m(WorkerDict pid=3403601)[0m /scratch/r919a03/code_verl_test/.venv/lib/python3.12/site-packages/verl/workers/engine/__init__.py:40: UserWarning: veomni engine is not available: ModuleNotFoundError("No module named 'veomni'")
[36m(WorkerDict pid=3403601)[0m   warnings.warn(f"veomni engine is not available: {e!r}", stacklevel=1)
[36m(WorkerDict pid=3403601)[0m /scratch/r919a03/code_verl_test/.venv/lib/python3.12/site-packages/verl/workers/engine/__init__.py:49: UserWarning: automodel engine is not available: ModuleNotFoundError("No module named 'nemo_automodel'")
[36m(WorkerDict pid=3403601)[0m   warnings.warn(f"automodel engine is not available: {e!r}", stacklevel=1)
[36m(WorkerDict pid=3403601)[0m /scratch/r919a03/code_verl_test/.venv/lib/python3.12/site-packages/verl/workers/engine/mindspeed/transformer_impl.py:24: UserWarning: NPU not support router replay for now.
[36m(WorkerDict pid=3403601)[0m   from verl.utils.megatron.router_replay_patch import RouterReplay
[36m(WorkerDict pid=3403601)[0m /scratch/r919a03/code_verl_test/.venv/lib/python3.12/site-packages/verl/workers/engine/__init__.py:59: UserWarning: mindspeed engine is not available: ModuleNotFoundError("No module named 'megatron'")
[36m(WorkerDict pid=3403601)[0m   warnings.warn(f"mindspeed engine is not available: {e!r}", stacklevel=1)
[36m(WorkerDict pid=3403601)[0m /scratch/r919a03/code_verl_test/.venv/lib/python3.12/site-packages/verl/workers/engine/__init__.py:69: UserWarning: megatron engine is not available: ModuleNotFoundError("No module named 'megatron'")
[36m(WorkerDict pid=3403601)[0m   warnings.warn(f"megatron engine is not available: {e!r}", stacklevel=1)
[36m(WorkerDict pid=3403601)[0m Loading weights:   0%|          | 0/387 [00:00<?, ?it/s]
[36m(WorkerDict pid=3403598)[0m /scratch/r919a03/code_verl_test/.venv/lib/python3.12/site-packages/verl/workers/engine/__init__.py:31: UserWarning: torchtitan engine is not available: ModuleNotFoundError("No module named 'torchtitan'")[32m [repeated 5x across cluster][0m
[36m(WorkerDict pid=3403598)[0m   warnings.warn(f"torchtitan engine is not available: {e!r}", stacklevel=1)[32m [repeated 5x across cluster][0m
[36m(WorkerDict pid=3403598)[0m /scratch/r919a03/code_verl_test/.venv/lib/python3.12/site-packages/verl/workers/engine/__init__.py:40: UserWarning: veomni engine is not available: ModuleNotFoundError("No module named 'veomni'")[32m [repeated 5x across cluster][0m
[36m(WorkerDict pid=3403598)[0m   warnings.warn(f"veomni engine is not available: {e!r}", stacklevel=1)[32m [repeated 5x across cluster][0m
[36m(WorkerDict pid=3403598)[0m /scratch/r919a03/code_verl_test/.venv/lib/python3.12/site-packages/verl/workers/engine/__init__.py:49: UserWarning: automodel engine is not available: ModuleNotFoundError("No module named 'nemo_automodel'")[32m [repeated 5x across cluster][0m
[36m(WorkerDict pid=3403598)[0m   warnings.warn(f"automodel engine is not available: {e!r}", stacklevel=1)[32m [repeated 5x across cluster][0m
[36m(WorkerDict pid=3403598)[0m /scratch/r919a03/code_verl_test/.venv/lib/python3.12/site-packages/verl/workers/engine/mindspeed/transformer_impl.py:24: UserWarning: NPU not support router replay for now.[32m [repeated 5x across cluster][0m
[36m(WorkerDict pid=3403598)[0m   from verl.utils.megatron.router_replay_patch import RouterReplay[32m [repeated 5x across cluster][0m
[36m(WorkerDict pid=3403598)[0m /scratch/r919a03/code_verl_test/.venv/lib/python3.12/site-packages/verl/workers/engine/__init__.py:59: UserWarning: mindspeed engine is not available: ModuleNotFoundError("No module named 'megatron'")[32m [repeated 5x across cluster][0m
[36m(WorkerDict pid=3403598)[0m   warnings.warn(f"mindspeed engine is not available: {e!r}", stacklevel=1)[32m [repeated 5x across cluster][0m
[36m(WorkerDict pid=3403598)[0m /scratch/r919a03/code_verl_test/.venv/lib/python3.12/site-packages/verl/workers/engine/__init__.py:69: UserWarning: megatron engine is not available: ModuleNotFoundError("No module named 'megatron'")[32m [repeated 5x across cluster][0m
[36m(WorkerDict pid=3403598)[0m   warnings.warn(f"megatron engine is not available: {e!r}", stacklevel=1)[32m [repeated 5x across cluster][0m
[36m(WorkerDict pid=3403601)[0m Loading weights:   1%|          | 4/387 [00:00<00:09, 39.76it/s]
[36m(WorkerDict pid=3403603)[0m Loading weights:   0%|          | 0/387 [00:00<?, ?it/s][32m [repeated 5x across cluster][0m
[36m(WorkerDict pid=3403598)[0m Loading weights:  47%|████▋     | 181/387 [00:05<00:05, 38.39it/s][32m [repeated 70x across cluster][0m
[36m(WorkerDict pid=3403602)[0m Loading weights:  92%|█████████▏| 357/387 [00:09<00:00, 38.92it/s]
[36m(WorkerDict pid=3403602)[0m Loading weights:  96%|█████████▋| 373/387 [00:10<00:00, 38.98it/s]Loading weights: 100%|██████████| 387/387 [00:10<00:00, 38.05it/s]
[36m(WorkerDict pid=3403603)[0m Loading weights:  88%|████████▊ | 341/387 [00:09<00:01, 37.64it/s][32m [repeated 65x across cluster][0m
[36m(WorkerDict pid=3403602)[0m /scratch/r919a03/code_verl_test/.venv/lib/python3.12/site-packages/verl/workers/engine/fsdp/transformer_impl.py:469: FutureWarning: FSDP.state_dict_type() and FSDP.set_state_dict_type() are being deprecated. Please use APIs, get_state_dict() and set_state_dict(), which can support different parallelisms, FSDP1, FSDP2, DDP. API doc: https://pytorch.org/docs/stable/distributed.checkpoint.html#torch.distributed.checkpoint.state_dict.get_state_dict .Tutorial: https://pytorch.org/tutorials/recipes/distributed_checkpoint_recipe.html .
[36m(WorkerDict pid=3403602)[0m   FSDP.set_state_dict_type(
[36m(WorkerDict pid=3403603)[0m Loading weights:  92%|█████████▏| 357/387 [00:09<00:00, 37.63it/s][32m [repeated 5x across cluster][0m
[36m(WorkerDict pid=3403603)[0m Loading weights:  96%|█████████▋| 373/387 [00:10<00:00, 38.19it/s]Loading weights: 100%|██████████| 387/387 [00:10<00:00, 38.13it/s][32m [repeated 5x across cluster][0m
[36m(WorkerDict pid=3403603)[0m WARNING:2026-09-02 23:06:16,581:Setting the sleep level to 1 may cause a memory overflow.
[36m(CodeTaskRunner pid=3402133)[0m INFO:2026-09-02 23:06:17,282:actor and ref model engine initialized
[36m(CodeTaskRunner pid=3402133)[0m INFO:2026-09-02 23:06:17,330:reward loop manager initialized

[36m(CodeTaskRunner pid=3402133)[0m              'max_actor_ckpt_to_keep': 1,
[36m(CodeTaskRunner pid=3402133)[0m              'max_critic_ckpt_to_keep': None,
[36m(CodeTaskRunner pid=3402133)[0m              'n_gpus_per_node': 6,
[36m(CodeTaskRunner pid=3402133)[0m              'nnodes': 1,
[36m(CodeTaskRunner pid=3402133)[0m              'project_name': 'code_rl_reward_research',
[36m(CodeTaskRunner pid=3402133)[0m              'ray_wait_register_center_timeout': 300,
[36m(CodeTaskRunner pid=3402133)[0m              'resume_from_path': None,
[36m(CodeTaskRunner pid=3402133)[0m              'resume_mode': 'auto',
[36m(CodeTaskRunner pid=3402133)[0m              'rollout_data_dir': None,
[36m(CodeTaskRunner pid=3402133)[0m              'save_freq': 20,
[36m(CodeTaskRunner pid=3402133)[0m              'test_freq': 10,
[36m(CodeTaskRunner pid=3402133)[0m              'total_epochs': 1,
[36m(CodeTaskRunner pid=3402133)[0m              'total_training_steps': 20,
[36m(CodeTaskRunner pid=3402133)[0m              'use_v1': True,
[36m(CodeTaskRunner pid=3402133)[0m              'v1': {'colocate_async': {'num_warmup_batches': 1},
[36m(CodeTaskRunner pid=3402133)[0m                     'sampler': {'custom_sampler': {'name': None, 'path': None},
[36m(CodeTaskRunner pid=3402133)[0m                                 'max_off_policy_strategy': 'drop',
[36m(CodeTaskRunner pid=3402133)[0m                                 'max_off_policy_threshold': 8,
[36m(CodeTaskRunner pid=3402133)[0m                                 'sampler_kwargs': {},
[36m(CodeTaskRunner pid=3402133)[0m                                 'sync_refill_failed_groups': False},
[36m(CodeTaskRunner pid=3402133)[0m                     'separate_async': {'num_warmup_batches': 1,
[36m(CodeTaskRunner pid=3402133)[0m                                        'parameter_sync_step': 4},
[36m(CodeTaskRunner pid=3402133)[0m                     'sync': {},
[36m(CodeTaskRunner pid=3402133)[0m                     'trainer_mode': 'sync'},
[36m(CodeTaskRunner pid=3402133)[0m              'val_before_train': True,
[36m(CodeTaskRunner pid=3402133)[0m              'val_only': False,
[36m(CodeTaskRunner pid=3402133)[0m              'validation_data_dir': None},
[36m(CodeTaskRunner pid=3402133)[0m  'transfer_queue': {'backend': {'MooncakeStore': {'auto_init': False,
[36m(CodeTaskRunner pid=3402133)[0m                                                   'device_name': '',
[36m(CodeTaskRunner pid=3402133)[0m                                                   'global_segment_size': 4294967296,
[36m(CodeTaskRunner pid=3402133)[0m                                                   'local_buffer_size': 1073741824,
[36m(CodeTaskRunner pid=3402133)[0m                                                   'local_hostname': 'localhost',
[36m(CodeTaskRunner pid=3402133)[0m                                                   'master_server_address': 'localhost:50124',
[36m(CodeTaskRunner pid=3402133)[0m                                                   'metadata_server': 'localhost:50123',
[36m(CodeTaskRunner pid=3402133)[0m                                                   'protocol': 'tcp'},
[36m(CodeTaskRunner pid=3402133)[0m                                 'SimpleStorage': {'num_data_storage_units': 8,
[36m(CodeTaskRunner pid=3402133)[0m                                                   'total_storage_size': 100000},
[36m(CodeTaskRunner pid=3402133)[0m                                 'storage_backend': 'SimpleStorage'},
[36m(CodeTaskRunner pid=3402133)[0m                     'enable': True,
[36m(CodeTaskRunner pid=3402133)[0m                     'metrics': {'enabled': False, 'port': 0}}}
[36m(CodeTaskRunner pid=3402133)[0m [WARNING]: The memory model path /dev/shm/verl-cache/84540677a9cc3582638e7070c9d6beb7/ec052fda178e241c7c443468d2fa1db6618996be already exists. If it is not you want, please clear it and restart the task.
[36m(CodeTaskRunner pid=3402133)[0m [WARNING]: The memory model path /dev/shm/verl-cache/84540677a9cc3582638e7070c9d6beb7/ec052fda178e241c7c443468d2fa1db6618996be already exists. If it is not you want, please clear it and restart the task.
[36m(CodeTaskRunner pid=3402133)[0m [WARNING]: The memory model path /dev/shm/verl-cache/84540677a9cc3582638e7070c9d6beb7/ec052fda178e241c7c443468d2fa1db6618996be already exists. If it is not you want, please clear it and restart the task.
[36m(CodeTaskRunner pid=3402133)[0m Using dataset class: RLHFDataset
[36m(CodeTaskRunner pid=3402133)[0m dataset len: 4507
[36m(CodeTaskRunner pid=3402133)[0m filter dataset len: 4507
[36m(CodeTaskRunner pid=3402133)[0m Using dataset class: RLHFDataset
[36m(CodeTaskRunner pid=3402133)[0m dataset len: 435
[36m(CodeTaskRunner pid=3402133)[0m filter dataset len: 435
[36m(CodeTaskRunner pid=3402133)[0m [hier_sampler] tasks=['t15_repo_patch', 't15_unittest_impl'] variants={'t15_repo_patch': ['swe_32k'], 't15_unittest_impl': ['ut_function', 'ut_pytest', 'ut_stdio']} weights={'t15_repo_patch': 0.2, 't15_unittest_impl': 0.8}/None n=4507
[36m(CodeTaskRunner pid=3402133)[0m colocated worker base class <class 'verl.single_controller.base.worker.Worker'>
[36m(WorkerDict pid=3403601)[0m [WARNING]: The memory model path /dev/shm/verl-cache/84540677a9cc3582638e7070c9d6beb7/ec052fda178e241c7c443468d2fa1db6618996be already exists. If it is not you want, please clear it and restart the task.
[36m(WorkerDict pid=3403601)[0m [WARNING]: The memory model path /dev/shm/verl-cache/84540677a9cc3582638e7070c9d6beb7/ec052fda178e241c7c443468d2fa1db6618996be already exists. If it is not you want, please clear it and restart the task.
[36m(WorkerDict pid=3403598)[0m Warning: Failed to set NUMA affinity: Unknown Error
[36m(WorkerDict pid=3403598)[0m [WARNING]: The memory model path /dev/shm/verl-cache/84540677a9cc3582638e7070c9d6beb7/ec052fda178e241c7c443468d2fa1db6618996be already exists. If it is not you want, please clear it and restart the task.[32m [repeated 16x across cluster] (Ray deduplicates logs by default. Set RAY_DEDUP_LOGS=0 to disable log deduplication, or see https://docs.ray.io/en/master/ray-observability/user-guides/configure-logging.html#log-deduplication for more options.)[0m
[36m(WorkerDict pid=3403598)[0m Monkey patch _flash_attention_forward in transformers.integrations.flash_attention
[36m(WorkerDict pid=3403598)[0m Skipping monkey patch for Qwen2MoeForCausalLM as use_fused_kernels is False or fused_kernels_backend is torch
[36m(WorkerDict pid=3403599)[0m Warning: Failed to set NUMA affinity: Unknown Error
[36m(WorkerDict pid=3403598)[0m PeftModelForCausalLM contains 14.33B parameters
[36m(WorkerDict pid=3403598)[0m Before FSDP, memory allocated (GB): 0.00, memory reserved (GB): 0.00, device memory used/total (GB): 0.51/139.80
[36m(WorkerDict pid=3403598)[0m After FSDP, memory allocated (GB): 4.46, memory reserved (GB): 8.87, device memory used/total (GB): 10.33/139.80
[36m(WorkerDict pid=3403603)[0m Monkey patch _flash_attention_forward in transformers.integrations.flash_attention[32m [repeated 5x across cluster][0m
[36m(WorkerDict pid=3403603)[0m Skipping monkey patch for Qwen2MoeForCausalLM as use_fused_kernels is False or fused_kernels_backend is torch[32m [repeated 5x across cluster][0m
[36m(WorkerDict pid=3403598)[0m Total steps: 20, num_warmup_steps: 0
[36m(vLLMHttpServer pid=3405404)[0m [WARNING]: The memory model path /dev/shm/verl-cache/84540677a9cc3582638e7070c9d6beb7/ec052fda178e241c7c443468d2fa1db6618996be already exists. If it is not you want, please clear it and restart the task.
[36m(vLLMHttpServer pid=3405404)[0m [WARNING]: The memory model path /dev/shm/verl-cache/84540677a9cc3582638e7070c9d6beb7/ec052fda178e241c7c443468d2fa1db6618996be already exists. If it is not you want, please clear it and restart the task.
[36m(vLLMHttpServer pid=3405404)[0m [WARNING]: The memory model path /dev/shm/verl-cache/84540677a9cc3582638e7070c9d6beb7/ec052fda178e241c7c443468d2fa1db6618996be already exists. If it is not you want, please clear it and restart the task.
[36m(vLLMHttpServer pid=3405404)[0m ['serve',[36m(vLLMHttpServer pid=3405404)[0m (Worker pid=3406158) Loading safetensors checkpoint shards:   0% Completed | 0/8 [00:00<?, ?it/s]
[36m(WorkerDict pid=3403598)[0m /scratch/r919a03/code_verl_test/.venv/lib/python3.12/site-packages/verl/workers/engine/fsdp/transformer_impl.py:469: FutureWarning: FSDP.state_dict_type() and FSDP.set_state_dict_type() are being deprecated. Please use APIs, get_state_dict() and set_state_dict(), which can support different parallelisms, FSDP1, FSDP2, DDP. API doc: https://pytorch.org/docs/stable/distributed.checkpoint.html#torch.distributed.checkpoint.state_dict.get_state_dict .Tutorial: https://pytorch.org/tutorials/recipes/distributed_checkpoint_recipe.html .[32m [repeated 5x across cluster][0m
[36m(WorkerDict pid=3403598)[0m   FSDP.set_state_dict_type([32m [repeated 5x across cluster][0m
[36m(WorkerDict pid=3403598)[0m WARNING:2026-09-02 23:06:16,651:Setting the sleep level to 1 may cause a memory overflow.[32m [repeated 5x across cluster][0m
[36m(vLLMHttpServer pid=3405404)[0m (Worker pid=3406158) Loading safetensors checkpoint shards:  12% Completed | 1/8 [00:00<00:04,  1.70it/s]
[36m(vLLMHttpServer pid=3405404)[0m (Worker pid=3406158) Loading safetensors checkpoint shards:  25% Completed | 2/8 [00:01<00:03,  1.61it/s]
[36m(vLLMHttpServer pid=3405404)[0m (Worker pid=3406158) Loading safetensors checkpoint shards:  38% Completed | 3/8 [00:01<00:03,  1.57it/s]
[36m(vLLMHttpServer pid=3405404)[0m (Worker pid=3406158) 
[36m(vLLMHttpServer pid=3405408)[0m (Worker pid=3406211) Loading safetensors checkpoint shards:   0% Completed | 0/8 [00:00<?, ?it/s][32m [repeated 5x across cluster][0m
[36m(vLLMHttpServer pid=3405405)[0m (Worker pid=3406179) Loading safetensors checkpoint shards:  62% Completed | 5/8 [00:04<00:02,  1.27it/s][32m [repeated 28x across cluster][0m
[36m(vLLMHttpServer pid=3405404)[0m (Worker pid=3406158) 2026-09-02 23:07:01,843 - INFO - autotuner.py:622 - flashinfer.jit: [Autotuner]: Autotuning process starts ...
[36m(vLLMHttpServer pid=3405404)[0m (Worker pid=3406158) 2026-09-02 23:07:02,233 - INFO - autotuner.py:641 - flashinfer.jit: [Autotuner]: Autotuning process ends
[36m(vLLMHttpServer pid=3405408)[0m (Worker pid=3406211) [32m [repeated 5x across cluster][0m
[36m(vLLMHttpServer pid=3405408)[0m (Worker pid=3406211) Loading safetensors checkpoint shards: 100% Completed | 8/8 [00:05<00:00,  1.43it/s][32m [repeated 23x across cluster][0m
[36m(CodeTaskRunner pid=3402133)[0m INFO:2026-09-02 23:07:06,856:checkpoint engine manager initialized
[36m(vLLMHttpServer pid=3405408)[0m (Worker pid=3406211) 2026-09-02 23:07:03,630 - INFO - autotuner.py:622 - flashinfer.jit: [Autotuner]: Autotuning process starts ...[32m [repeated 5x across cluster][0m
[36m(CodeTaskRunner pid=3402133)[0m INFO:2026-09-02 23:07:22,584:Training from scratch
[36m(CodeTaskRunner pid=3402133)[0m INFO:2026-09-02 23:07:22,584:all initialize finished, ready to fit
[36m(vLLMHttpServer pid=3405408)[0m (Worker pid=3406211) 2026-09-02 23:07:03,870 - INFO - autotuner.py:641 - flashinfer.jit: [Autotuner]: Autotuning process ends[32m [repeated 5x across cluster][0m
[36m(WorkerDict pid=3403603)[0m /scratch/r919a03/code_verl_test/.venv/lib/python3.12/site-packages/verl/plugin/platform/platform_cuda.py:99: FutureWarning: torch.cuda._set_allocator_settings is deprecated. Use torch._C._accelerator_setAllocatorSettings instead.
[36m(WorkerDict pid=3403603)[0m   torch.cuda.memory._set_allocator_settings(settings)
[36m(WorkerDict pid=3403598)[0m /scratch/r919a03/code_verl_test/.venv/lib/python3.12/site-packages/torch/distributed/fsdp/_unshard_param_utils.py:248: UserWarning: offload_to_cpu=True and rank0_only=False may result in theunsharded parameters being redundantly copied to CPU memory for GPUs sharing the same CPU memory, which risks CPU OOM. We recommend using offload_to_cpu=True with rank0_only=True.
[36m(WorkerDict pid=3403598)[0m   _validate_unshard_params_args(
[36m(WorkerDict pid=3403598)[0m /scratch/r919a03/code_verl_test/.venv/lib/python3.12/site-packages/torch/distributed/fsdp/_unshard_param_utils.py:174: UserWarning: offload_to_cpu=True and rank0_only=False may result in theunsharded parameters being redundantly copied to CPU memory for GPUs sharing the same CPU memory, which risks CPU OOM. We recommend using offload_to_cpu=True with rank0_only=True.
[36m(WorkerDict pid=3403598)[0m   _validate_unshard_params_args(
[36m(WorkerDict pid=3403598)[0m /scratch/r919a03/code_verl_test/.venv/lib/python3.12/site-packages/verl/plugin/platform/platform_cuda.py:99: FutureWarning: torch.cuda._set_allocator_settings is deprecated. Use torch._C._accelerator_setAllocatorSettings instead.[32m [repeated 6x across cluster][0m
[36m(WorkerDict pid=3403598)[0m   torch.cuda.memory._set_allocator_settings(settings)[32m [repeated 6x across cluster][0m
[36m(WorkerDict pid=3403599)[0m /scratch/r919a03/code_verl_test/.venv/lib/python3.12/site-packages/torch/distributed/fsdp/_unshard_param_utils.py:174: UserWarning: offload_to_cpu=True and rank0_only=False may result in theunsharded parameters being redundantly copied to CPU memory for GPUs sharing the same CPU memory, which risks CPU OOM. We recommend using offload_to_cpu=True with rank0_only=True.[32m [repeated 10x across cluster][0m
[36m(WorkerDict pid=3403599)[0m   _validate_unshard_params_args([32m [repeated 10x across cluster][0m
[36m(pid=3408363)[0m /scratch/r919a03/code_verl_test/.venv/lib/python3.12/site-packages/verl/workers/engine/__init__.py:31: UserWarning: torchtitan engine is not available: ModuleNotFoundError("No module named 'torchtitan'")
[36m(pid=3408363)[0m   warnings.warn(f"torchtitan engine is not available: {e!r}", stacklevel=1)
[36m(pid=3408363)[0m /scratch/r919a03/code_verl_test/.venv/lib/python3.12/site-packages/verl/workers/engine/__init__.py:40: UserWarning: veomni engine is not available: ModuleNotFoundError("No module named 'veomni'")
[36m(pid=3408363)[0m   warnings.warn(f"veomni engine is not available: {e!r}", stacklevel=1)
[36m(pid=3408363)[0m /scratch/r919a03/code_verl_test/.venv/lib/python3.12/site-packages/verl/workers/engine/__init__.py:49: UserWarning: automodel engine is not available: ModuleNotFoundError("No module named 'nemo_automodel'")
[36m(pid=3408363)[0m   warnings.warn(f"automodel engine is not available: {e!r}", stacklevel=1)
[36m(pid=3408363)[0m /scratch/r919a03/code_verl_test/.venv/lib/python3.12/site-packages/verl/workers/engine/mindspeed/transformer_impl.py:24: UserWarning: NPU not support router replay for now.
[36m(pid=3408363)[0m   from verl.utils.megatron.router_replay_patch import RouterReplay
[36m(pid=3408363)[0m /scratch/r919a03/code_verl_test/.venv/lib/python3.12/site-packages/verl/workers/engine/__init__.py:59: UserWarning: mindspeed engine is not available: ModuleNotFoundError("No module named 'megatron'")
[36m(pid=3408363)[0m   warnings.warn(f"mindspeed engine is not available: {e!r}", stacklevel=1)
[36m(pid=3408363)[0m /scratch/r919a03/code_verl_test/.venv/lib/python3.12/site-packages/verl/workers/engine/__init__.py:69: UserWarning: megatron engine is not available: ModuleNotFoundError("No module named 'megatron'")
[36m(pid=3408363)[0m   warnings.warn(f"megatron engine is not available: {e!r}", stacklevel=1)
[36m(WorkerDict pid=3403601)[0m /scratch/r919a03/code_verl_test/.venv/lib/python3.12/site-packages/verl/plugin/platform/platform_cuda.py:99: FutureWarning: torch.cuda._set_allocator_settings is deprecated. Use torch._C._accelerator_setAllocatorSettings instead.[32m [repeated 5x across cluster][0m
[36m(WorkerDict pid=3403601)[0m   torch.cuda.memory._set_allocator_settings(settings)[32m [repeated 5x across cluster][0m

[36m(vLLMHttpServer pid=3405404)[0m  '/dev/shm/verl-cache/84540677a9cc3582638e7070c9d6beb7/ec052fda178e241c7c443468d2fa1db6618996be',
[36m(vLLMHttpServer pid=3405404)[0m  '--dtype',
[36m(vLLMHttpServer pid=3405404)[0m  'bfloat16',
[36m(vLLMHttpServer pid=3405404)[0m  '--load_format',
[36m(vLLMHttpServer pid=3405404)[0m  'safetensors',
[36m(vLLMHttpServer pid=3405404)[0m  '--distributed_executor_backend',
[36m(vLLMHttpServer pid=3405404)[0m  'mp',
[36m(vLLMHttpServer pid=3405404)[0m  '--worker_extension_cls',
[36m(vLLMHttpServer pid=3405404)[0m  'verl.workers.rollout.vllm_rollout.utils.vLLMColocateWorkerExtension',
[36m(vLLMHttpServer pid=3405404)[0m  '--max_model_len',
[36m(vLLMHttpServer pid=3405404)[0m  '32768',
[36m(vLLMHttpServer pid=3405404)[0m  '--max_num_seqs',
[36m(vLLMHttpServer pid=3405404)[0m  '256',
[36m(vLLMHttpServer pid=3405404)[0m  '--enable_chunked_prefill',
[36m(vLLMHttpServer pid=3405404)[0m  '--max_num_batched_tokens',
[36m(vLLMHttpServer pid=3405404)[0m  '32768',
[36m(vLLMHttpServer pid=3405404)[0m  '--enable_prefix_caching',
[36m(vLLMHttpServer pid=3405404)[0m  '--enable_sleep_mode',
[36m(vLLMHttpServer pid=3405404)[0m  '--logprobs_mode',
[36m(vLLMHttpServer pid=3405404)[0m  'processed_logprobs',
[36m(vLLMHttpServer pid=3405404)[0m  '--enforce_eager',
[36m(vLLMHttpServer pid=3405404)[0m  '--gpu_memory_utilization',
[36m(vLLMHttpServer pid=3405404)[0m  '0.55',
[36m(vLLMHttpServer pid=3405404)[0m  '--disable_log_stats',
[36m(vLLMHttpServer pid=3405404)[0m  '--tensor_parallel_size',
[36m(vLLMHttpServer pid=3405404)[0m  '1',
[36m(vLLMHttpServer pid=3405404)[0m  '--seed',
[36m(vLLMHttpServer pid=3405404)[0m  '42',
[36m(vLLMHttpServer pid=3405404)[0m  '--override_generation_config',
[36m(vLLMHttpServer pid=3405404)[0m  '{"temperature": 1.0, "top_k": -1, "top_p": 1, "repetition_penalty": 1.0, '
[36m(vLLMHttpServer pid=3405404)[0m  '"max_new_tokens": 2048}',
[36m(vLLMHttpServer pid=3405404)[0m  '--hf_overrides',
[36m(vLLMHttpServer pid=3405404)[0m  '{}',
[36m(vLLMHttpServer pid=3405404)[0m  '--scheduling_policy',
[36m(vLLMHttpServer pid=3405404)[0m  'fcfs',
[36m(vLLMHttpServer pid=3405404)[0m  '--compilation_config',
[36m(vLLMHttpServer pid=3405404)[0m  '{"cudagraph_mode": "FULL_AND_PIECEWISE"}',
[36m(vLLMHttpServer pid=3405404)[0m  '--enable_lora',
[36m(vLLMHttpServer pid=3405404)[0m  '--max_loras',
[36m(vLLMHttpServer pid=3405404)[0m  '1',
[36m(vLLMHttpServer pid=3405404)[0m  '--max_lora_rank',
[36m(vLLMHttpServer pid=3405404)[0m  '32']
[36m(vLLMHttpServer pid=3405404)[0m WARNING 09-02 23:06:32 [vllm.py:1062] Enforce eager set, disabling torch.compile and CUDAGraphs. This is equivalent to setting -cc.mode=none -cc.cudagraph_mode=none
[36m(vLLMHttpServer pid=3405404)[0m WARNING 09-02 23:06:32 [vllm.py:1110] Inductor compilation was disabled by user settings, optimizations settings that are only active during inductor compilation will be ignored.
[36m(vLLMHttpServer pid=3405404)[0m WARNING 09-02 23:06:34 [system_utils.py:157] We must use the `spawn` multiprocessing start method. Overriding VLLM_WORKER_MULTIPROC_METHOD to 'spawn'. See https://docs.vllm.ai/en/latest/usage/troubleshooting.html#python-multiprocessing for more information. Reasons: In a Ray actor and can only be spawned; CUDA is initialized
[36m(vLLMHttpServer pid=3405408)[0m [WARNING]: The memory model path /dev/shm/verl-cache/84540677a9cc3582638e7070c9d6beb7/ec052fda178e241c7c443468d2fa1db6618996be already exists. If it is not you want, please clear it and restart the task.[32m [repeated 15x across cluster][0m
[36m(vLLMHttpServer pid=3405404)[0m (Worker pid=3406158) WARNING 09-02 23:07:00 [utils.py:279] Using default LoRA kernel configs
[36m(vLLMHttpServer pid=3405408)[0m WARNING 09-02 23:06:34 [vllm.py:1062] Enforce eager set, disabling torch.compile and CUDAGraphs. This is equivalent to setting -cc.mode=none -cc.cudagraph_mode=none[32m [repeated 5x across cluster][0m
[36m(vLLMHttpServer pid=3405408)[0m WARNING 09-02 23:06:34 [vllm.py:1110] Inductor compilation was disabled by user settings, optimizations settings that are only active during inductor compilation will be ignored.[32m [repeated 5x across cluster][0m
[36m(vLLMHttpServer pid=3405407)[0m WARNING 09-02 23:06:36 [system_utils.py:157] We must use the `spawn` multiprocessing start method. Overriding VLLM_WORKER_MULTIPROC_METHOD to 'spawn'. See https://docs.vllm.ai/en/latest/usage/troubleshooting.html#python-multiprocessing for more information. Reasons: In a Ray actor and can only be spawned; CUDA is initialized[32m [repeated 5x across cluster][0m
[36m(vLLMHttpServer pid=3405404)[0m (Worker pid=3406158) WARNING 09-02 23:07:00 [fused_moe.py:1071] Using default MoE config. Performance might be sub-optimal! Config file not found at /scratch/r919a03/code_verl_test/.venv/lib/python3.12/site-packages/vllm/model_executor/layers/fused_moe/configs/E=60,N=1408,device_name=NVIDIA_H200.json
[36m(vLLMHttpServer pid=3405406)[0m (EngineCore pid=3406019) WARNING 09-02 23:07:04 [vllm.py:1062] Enforce eager set, disabling torch.compile and CUDAGraphs. This is equivalent to setting -cc.mode=none -cc.cudagraph_mode=none
[36m(vLLMHttpServer pid=3405406)[0m (EngineCore pid=3406019) WARNING 09-02 23:07:04 [vllm.py:1110] Inductor compilation was disabled by user settings, optimizations settings that are only active during inductor compilation will be ignored.
[36m(vLLMHttpServer pid=3405406)[0m WARNING 09-02 23:07:04 [api_router.py:30] LoRA dynamic loading & unloading is enabled in the API server. This should ONLY be used for local development!
[36m(vLLMHttpServer pid=3405406)[0m WARNING 09-02 23:07:04 [model.py:1477] Default vLLM sampling parameters have been overridden by the model's `generation_config.json`: `{'repetition_penalty': 1.0, 'temperature': 1.0, 'top_k': -1, 'top_p': 1, 'max_tokens': 2048}`. If this is not intended, please relaunch vLLM instance with `--generation-config vllm`.
[36m(vLLMHttpServer pid=3405408)[0m (Worker pid=3406211) WARNING 09-02 23:07:01 [utils.py:279] Using default LoRA kernel configs[32m [repeated 5x across cluster][0m
[36m(vLLMHttpServer pid=3405408)[0m (Worker pid=3406211) WARNING 09-02 23:07:02 [fused_moe.py:1071] Using default MoE config. Performance might be sub-optimal! Config file not found at /scratch/r919a03/code_verl_test/.venv/lib/python3.12/site-packages/vllm/model_executor/layers/fused_moe/configs/E=60,N=1408,device_name=NVIDIA_H200.json[32m [repeated 5x across cluster][0m
[36m(CodeTaskRunner pid=3402133)[0m LLMServerManager: ['150.183.158.81:46549', '150.183.158.81:38759', '150.183.158.81:33637', '150.183.158.81:40397', '150.183.158.81:33713', '150.183.158.81:36963']
[36m(CodeTaskRunner pid=3402133)[0m Checkpoint tracker file does not exist: /scratch/r919a03/code_verl_test/checkpoints/exp_D004_p2p_strong/latest_checkpointed_iteration.txt
[36m(vLLMHttpServer pid=3405408)[0m (EngineCore pid=3406106) WARNING 09-02 23:07:05 [vllm.py:1062] Enforce eager set, disabling torch.compile and CUDAGraphs. This is equivalent to setting -cc.mode=none -cc.cudagraph_mode=none[32m [repeated 5x across cluster][0m
[36m(vLLMHttpServer pid=3405408)[0m (EngineCore pid=3406106) WARNING 09-02 23:07:05 [vllm.py:1110] Inductor compilation was disabled by user settings, optimizations settings that are only active during inductor compilation will be ignored.[32m [repeated 5x across cluster][0m
[36m(vLLMHttpServer pid=3405408)[0m WARNING 09-02 23:07:05 [api_router.py:30] LoRA dynamic loading & unloading is enabled in the API server. This should ONLY be used for local development![32m [repeated 5x across cluster][0m
[36m(vLLMHttpServer pid=3405408)[0m WARNING 09-02 23:07:06 [model.py:1477] Default vLLM sampling parameters have been overridden by the model's `generation_config.json`: `{'repetition_penalty': 1.0, 'temperature': 1.0, 'top_k': -1, 'top_p': 1, 'max_tokens': 2048}`. If this is not intended, please relaunch vLLM instance with `--generation-config vllm`.[32m [repeated 5x across cluster][0m
[36m(AgentLoopWorkerTQ pid=3408363)[0m [WARNING]: The memory model path /dev/shm/verl-cache/84540677a9cc3582638e7070c9d6beb7/ec052fda178e241c7c443468d2fa1db6618996be already exists. If it is not you want, please clear it and restart the task.[36m(AgentLoopWorkerTQ pid=3408363)[0m Using blocking ray.get inside async actor. This blocks the event loop. Please use `await` on object ref with asyncio.gather if you want to yield execution to the event loop instead.
[36m(CodeTaskRunner pid=3402133)[0m INFO:2026-09-02 23:09:02,884:pending: 0, running: 28, finished: 407, failure: 0
[36m(pid=3408365)[0m /scratch/r919a03/code_verl_test/.venv/lib/python3.12/site-packages/verl/workers/engine/__init__.py:31: UserWarning: torchtitan engine is not available: ModuleNotFoundError("No module named 'torchtitan'")[32m [repeated 7x across cluster][0m
[36m(pid=3408365)[0m   warnings.warn(f"torchtitan engine is not available: {e!r}", stacklevel=1)[32m [repeated 7x across cluster][0m
[36m(pid=3408365)[0m /scratch/r919a03/code_verl_test/.venv/lib/python3.12/site-packages/verl/workers/engine/__init__.py:40: UserWarning: veomni engine is not available: ModuleNotFoundError("No module named 'veomni'")[32m [repeated 7x across cluster][0m
[36m(pid=3408365)[0m   warnings.warn(f"veomni engine is not available: {e!r}", stacklevel=1)[32m [repeated 7x across cluster][0m
[36m(pid=3408365)[0m /scratch/r919a03/code_verl_test/.venv/lib/python3.12/site-packages/verl/workers/engine/__init__.py:49: UserWarning: automodel engine is not available: ModuleNotFoundError("No module named 'nemo_automodel'")[32m [repeated 7x across cluster][0m
[36m(pid=3408365)[0m   warnings.warn(f"automodel engine is not available: {e!r}", stacklevel=1)[32m [repeated 7x across cluster][0m
[36m(pid=3408365)[0m /scratch/r919a03/code_verl_test/.venv/lib/python3.12/site-packages/verl/workers/engine/mindspeed/transformer_impl.py:24: UserWarning: NPU not support router replay for now.[32m [repeated 7x across cluster][0m
[36m(pid=3408365)[0m   from verl.utils.megatron.router_replay_patch import RouterReplay[32m [repeated 7x across cluster][0m
[36m(pid=3408365)[0m /scratch/r919a03/code_verl_test/.venv/lib/python3.12/site-packages/verl/workers/engine/__init__.py:59: UserWarning: mindspeed engine is not available: ModuleNotFoundError("No module named 'megatron'")[32m [repeated 7x across cluster][0m
[36m(pid=3408365)[0m   warnings.warn(f"mindspeed engine is not available: {e!r}", stacklevel=1)[32m [repeated 7x across cluster][0m
[36m(pid=3408365)[0m /scratch/r919a03/code_verl_test/.venv/lib/python3.12/site-packages/verl/workers/engine/__init__.py:69: UserWarning: megatron engine is not available: ModuleNotFoundError("No module named 'megatron'")[32m [repeated 7x across cluster][0m
[36m(pid=3408365)[0m   warnings.warn(f"megatron engine is not available: {e!r}", stacklevel=1)[32m [repeated 7x across cluster][0m
[36m(AgentLoopWorkerTQ pid=3408365)[0m Using blocking ray.get inside async actor. This blocks the event loop. Please use `await` on object ref with asyncio.gather if you want to yield execution to the event loop instead.[32m [repeated 7x across cluster][0m
[36m(CodeTaskRunner pid=3402133)[0m INFO:2026-09-02 23:10:02,987:pending: 0, running: 26, finished: 409, failure: 0
[36m(CodeTaskRunner pid=3402133)[0m Training Progress:   0%|          | 0/20 [00:00<?, ?it/s]

[36m(AgentLoopWorkerTQ pid=3408363)[0m [WARNING]: The memory model path /dev/shm/verl-cache/84540677a9cc3582638e7070c9d6beb7/ec052fda178e241c7c443468d2fa1db6618996be already exists. If it is not you want, please clear it and restart the task.
[36m(AgentLoopWorkerTQ pid=3408363)[0m Using dataset class: RLHFDataset
[36m(vLLMHttpServer pid=3405405)[0m WARNING 09-02 23:08:03 [input_processor.py:157] vLLM has deprecated support for supporting different tokenizers for different LoRAs. By default, vLLM uses base model's tokenizer. If you are using a LoRA with its own tokenizer, consider specifying `--tokenizer [lora_path]` to use the LoRA tokenizer.
[36m(vLLMHttpServer pid=3405405)[0m WARNING 09-02 23:08:03 [input_processor.py:282] Passing raw prompts to InputProcessor is deprecated and will be removed in v0.18. You should instead pass the outputs of Renderer.render_cmpl() or Renderer.render_chat().
[36m(vLLMHttpServer pid=3405405)[0m (Worker pid=3406179) WARNING 09-02 23:08:03 [jit_monitor.py:106] Triton kernel JIT compilation during inference: _fused_moe_lora_one_shot_kernel. This causes a latency spike; consider extending warmup to cover this shape/config.
[36m(vLLMHttpServer pid=3405404)[0m (Worker pid=3406158) WARNING 09-02 23:08:03 [jit_monitor.py:106] Triton kernel JIT compilation during inference: _lora_shrink_kernel. This causes a latency spike; consider extending warmup to cover this shape/config.
[36m(vLLMHttpServer pid=3405404)[0m (Worker pid=3406158) WARNING 09-02 23:08:03 [jit_monitor.py:106] Triton kernel JIT compilation during inference: _lora_expand_kernel. This causes a latency spike; consider extending warmup to cover this shape/config.
[36m(vLLMHttpServer pid=3405404)[0m (Worker pid=3406158) WARNING 09-02 23:08:03 [jit_monitor.py:106] Triton kernel JIT compilation during inference: fused_moe_kernel. This causes a latency spike; consider extending warmup to cover this shape/config.
[36m(vLLMHttpServer pid=3405405)[0m (Worker pid=3406179) WARNING 09-02 23:08:04 [jit_monitor.py:106] Triton kernel JIT compilation during inference: _fused_moe_lora_small_batch_kernel. This causes a latency spike; consider extending warmup to cover this shape/config.
[36m(AgentLoopWorkerTQ pid=3408365)[0m [WARNING]: The memory model path /dev/shm/verl-cache/84540677a9cc3582638e7070c9d6beb7/ec052fda178e241c7c443468d2fa1db6618996be already exists. If it is not you want, please clear it and restart the task.[32m [repeated 22x across cluster][0m
[36m(AgentLoopWorkerTQ pid=3408365)[0m Using dataset class: RLHFDataset[32m [repeated 7x across cluster][0m
[36m(vLLMHttpServer pid=3405408)[0m WARNING 09-02 23:08:03 [input_processor.py:157] vLLM has deprecated support for supporting different tokenizers for different LoRAs. By default, vLLM uses base model's tokenizer. If you are using a LoRA with its own tokenizer, consider specifying `--tokenizer [lora_path]` to use the LoRA tokenizer.[32m [repeated 5x across cluster][0m
[36m(vLLMHttpServer pid=3405408)[0m WARNING 09-02 23:08:03 [input_processor.py:282] Passing raw prompts to InputProcessor is deprecated and will be removed in v0.18. You should instead pass the outputs of Renderer.render_cmpl() or Renderer.render_chat().[32m [repeated 5x across cluster][0m
[36m(vLLMHttpServer pid=3405408)[0m (Worker pid=3406211) WARNING 09-02 23:08:04 [jit_monitor.py:106] Triton kernel JIT compilation during inference: _fused_moe_lora_one_shot_kernel. This causes a latency spike; consider extending warmup to cover this shape/config.[32m [repeated 5x across cluster][0m
[36m(vLLMHttpServer pid=3405405)[0m (Worker pid=3406179) WARNING 09-02 23:08:04 [jit_monitor.py:106] Triton kernel JIT compilation during inference: _lora_shrink_kernel. This causes a latency spike; consider extending warmup to cover this shape/config.[32m [repeated 5x across cluster][0m
[36m(vLLMHttpServer pid=3405405)[0m (Worker pid=3406179) WARNING 09-02 23:08:04 [jit_monitor.py:106] Triton kernel JIT compilation during inference: _lora_expand_kernel. This causes a latency spike; consider extending warmup to cover this shape/config.[32m [repeated 5x across cluster][0m
[36m(vLLMHttpServer pid=3405405)[0m (Worker pid=3406179) WARNING 09-02 23:08:04 [jit_monitor.py:106] Triton kernel JIT compilation during inference: fused_moe_kernel. This causes a latency spike; consider extending warmup to cover this shape/config.[32m [repeated 5x across cluster][0m
[36m(vLLMHttpServer pid=3405408)[0m (Worker pid=3406211) WARNING 09-02 23:10:07 [jit_monitor.py:106] Triton kernel JIT compilation during inference: _fused_moe_lora_small_batch_kernel. This causes a latency spike; consider extending warmup to cover this shape/config.[32m [repeated 3x across cluster][0m
[36m(CodeTaskRunner pid=3402133)[0m ("Initial validation metrics: {'val-core/t15_repo_patch/reward/mean@1': "
[36m(CodeTaskRunner pid=3402133)[0m  'np.float64(0.007142857249294009), '
[36m(CodeTaskRunner pid=3402133)[0m  "'val-aux/t15_repo_patch/patch_extraction_score/mean@1': "
[36m(CodeTaskRunner pid=3402133)[0m  'np.float64(0.6857142857142857), '
[36m(CodeTaskRunner pid=3402133)[0m  "'val-aux/t15_repo_patch/patch_format_score/mean@1': np.float64(0.2), "
[36m(CodeTaskRunner pid=3402133)[0m  "'val-aux/t15_repo_patch/patch_apply_score/mean@1': np.float64(0.0), "
[36m(CodeTaskRunner pid=3402133)[0m  "'val-aux/t15_repo_patch/f2p_score/mean@1': np.float64(0.0), "
[36m(CodeTaskRunner pid=3402133)[0m  "'val-aux/t15_repo_patch/f2p_frac/mean@1': np.float64(0.0), "
[36m(CodeTaskRunner pid=3402133)[0m  "'val-aux/t15_repo_patch/p2p_preservation_score/mean@1': np.float64(1.0), "
[36m(CodeTaskRunner pid=3402133)[0m  "'val-aux/t15_repo_patch/p2p_frac/mean@1': np.float64(1.0), "
[36m(CodeTaskRunner pid=3402133)[0m  "'val-aux/t15_repo_patch/rubric_score/mean@1': "
[36m(CodeTaskRunner pid=3402133)[0m  'np.float64(0.044444444444444446), '
[36m(CodeTaskRunner pid=3402133)[0m  "'val-aux/t15_repo_patch/rule_correctness_score/mean@1': np.float64(0.0), "
[36m(CodeTaskRunner pid=3402133)[0m  "'val-aux/t15_repo_patch/timeout_error_penalty/mean@1': np.float64(0.0), "
[36m(CodeTaskRunner pid=3402133)[0m  "'val-aux/t15_repo_patch/length_component/mean@1': np.float64(0.0), "
[36m(CodeTaskRunner pid=3402133)[0m  "'val-aux/t15_repo_patch/final_reward/mean@1': "
[36m(CodeTaskRunner pid=3402133)[0m  'np.float64(0.007142857142857143), '
[36m(CodeTaskRunner pid=3402133)[0m  "'val-aux/t15_repo_patch/score_before_overlong/mean@1': "
[36m(CodeTaskRunner pid=3402133)[0m  'np.float64(0.007142857142857143), '
[36m(CodeTaskRunner pid=3402133)[0m  "'val-aux/t15_repo_patch/answer_match/mean@1': np.float64(0.0), "
[36m(CodeTaskRunner pid=3402133)[0m  "'val-aux/t15_repo_patch/infra_excluded/mean@1': np.float64(0.0), "
[36m(CodeTaskRunner pid=3402133)[0m  "'val-aux/t15_repo_patch/gated_out/mean@1': np.float64(1.0), "
[36m(CodeTaskRunner pid=3402133)[0m  "'val-aux/t15_repo_patch/n_f2p/mean@1': np.float64(0.0), "
[36m(CodeTaskRunner pid=3402133)[0m  "'val-aux/t15_repo_patch/t_f2p/mean@1': np.float64(0.0), "
[36m(CodeTaskRunner pid=3402133)[0m  "'val-aux/t15_repo_patch/n_p2p/mean@1': np.float64(0.0), "
[36m(CodeTaskRunner pid=3402133)[0m  "'val-aux/t15_repo_patch/t_p2p/mean@1': np.float64(0.0), "
[36m(CodeTaskRunner pid=3402133)[0m  "'val-aux/t15_repo_patch/touched_files/mean@1': "
[36m(CodeTaskRunner pid=3402133)[0m  "np.float64(1.0571428571428572), 'val-aux/t15_repo_patch/score/mean@1': "
[36m(CodeTaskRunner pid=3402133)[0m  'np.float64(0.007142857142857143), '
[36m(CodeTaskRunner pid=3402133)[0m  "'val-aux/t15_repo_patch/verify_runtime_s/mean@1': "
[36m(CodeTaskRunner pid=3402133)[0m  'np.float64(0.003142857142857143), '
[36m(CodeTaskRunner pid=3402133)[0m  "'val-aux/t15_repo_patch/rusca_step/mean@1': np.float64(0.0), "
[36m(CodeTaskRunner pid=3402133)[0m  "'val-core/t15_unittest_impl/reward/mean@1': np.float64(0.39651920696720483), "
[36m(CodeTaskRunner pid=3402133)[0m  "'val-aux/t15_unittest_impl/patch_extraction_score/mean@1': "
[36m(CodeTaskRunner pid=3402133)[0m  "np.float64(0.995), 'val-aux/t15_unittest_impl/patch_format_score/mean@1': "[36m(TransferQueueController pid=3402329)[0m 2026-09-02 23:10:16,912 - INFO - transfer_queue.utils.perf_utils - TQ_CONTROLLER_971c703e: [Performance] Total success requests: 3197, Total req/min: 639.22, Total avg process time: 0.0001s; 
[36m(TransferQueueController pid=3402329)[0m Time range: last 5.00 minutes; 
[36m(TransferQueueController pid=3402329)[0m Per-operation statistics: KV_RETRIEVE_META: req_count=1347, req/min=269.32, avg_time=0.000203s, max_time=0.007860s, min_time=0.000052s; SET_CUSTOM_META: req_count=1342, req/min=268.32, avg_time=0.000013s, max_time=0.000048s, min_time=0.000005s; KV_LIST: req_count=68, req/min=13.60, avg_time=0.000175s, max_time=0.001420s, min_time=0.000037s; NOTIFY_DATA_UPDATE: req_count=438, req/min=87.57, avg_time=0.000140s, max_time=0.000479s, min_time=0.000072s; CLEAR_META: req_count=2, req/min=0.40, avg_time=0.001369s, max_time=0.001742s, min_time=0.000996s
[36m(SimpleStorageUnit pid=3402500)[0m Per-operation statistics: PUT_DATA: req_count=58, req/min=11.60, avg_time=0.001888s, max_time=0.006244s, min_time=0.001580s; CLEAR_DATA: req_count=2, req/min=0.40, avg_time=0.003973s, max_time=0.004996s, min_time=0.002949s; GET_DATA: req_count=2, req/min=0.40, avg_time=0.003313s, max_time=0.003917s, min_time=0.002708s
[36m(SimpleStorageUnit pid=3402505)[0m 2026-09-02 23:10:22,304 - INFO - transfer_queue.utils.perf_utils - TQ_STORAGE_UNIT_15eee012: [Performance] Total success requests: 67, Total req/min: 13.33, Total avg process time: 0.0019s; [32m [repeated 8x across cluster][0m
[36m(SimpleStorageUnit pid=3402505)[0m Time range: last 5.03 minutes; [32m [repeated 8x across cluster][0m
[36m(CodeTaskRunner pid=3402133)[0m INFO:2026-09-02 23:11:12,558:pending: 0, running: 7, finished: 25, failure: 0
[36m(SimpleStorageUnit pid=3402505)[0m Per-operation statistics: PUT_DATA: req_count=63, req/min=12.53, avg_time=0.001744s, max_time=0.002608s, min_time=0.001566s; CLEAR_DATA: req_count=2, req/min=0.40, avg_time=0.003819s, max_time=0.005263s, min_time=0.002375s; GET_DATA: req_count=2, req/min=0.40, avg_time=0.003690s, max_time=0.004302s, min_time=0.003079s[32m [repeated 7x across cluster][0m
[36m(CodeTaskRunner pid=3402133)[0m INFO:2026-09-02 23:12:12,622:pending: 0, running: 2, finished: 30, failure: 0
[36m(CodeTaskRunner pid=3402133)[0m INFO:2026-09-02 23:12:18,404:Upsampled batch from 256 to 768 with 512 synthetic padding samples for required_multiple=768
[36m(WorkerDict pid=3403602)[0m Using blocking ray.get inside async actor. This blocks the event loop. Please use `await` on object ref with asyncio.gather if you want to yield execution to the event loop instead.
[36m(WorkerDict pid=3403602)[0m [rank4]:W0902 23:12:18.695000 3403602 .venv/lib/python3.12/site-packages/torch/fx/_symbolic_trace.py:53] is_fx_tracing will return true for both fx.symbolic_trace and torch.export. Please use is_fx_tracing_symbolic_tracing() for specifically fx.symbolic_trace or torch.compiler.is_compiling() for specifically torch.export/compile.

[36m(CodeTaskRunner pid=3402133)[0m  "np.float64(0.9675), 'val-aux/t15_unittest_impl/patch_apply_score/mean@1': "
[36m(CodeTaskRunner pid=3402133)[0m  "np.float64(0.965), 'val-aux/t15_unittest_impl/f2p_score/mean@1': "
[36m(CodeTaskRunner pid=3402133)[0m  "np.float64(0.3750320112345662), 'val-aux/t15_unittest_impl/f2p_frac/mean@1': "
[36m(CodeTaskRunner pid=3402133)[0m  'np.float64(0.42342261904761896), '
[36m(CodeTaskRunner pid=3402133)[0m  "'val-aux/t15_unittest_impl/p2p_preservation_score/mean@1': np.float64(1.0), "
[36m(CodeTaskRunner pid=3402133)[0m  "'val-aux/t15_unittest_impl/p2p_frac/mean@1': np.float64(1.0), "
[36m(CodeTaskRunner pid=3402133)[0m  "'val-aux/t15_unittest_impl/rubric_score/mean@1': "
[36m(CodeTaskRunner pid=3402133)[0m  'np.float64(0.7669999999999999), '
[36m(CodeTaskRunner pid=3402133)[0m  "'val-aux/t15_unittest_impl/rule_correctness_score/mean@1': np.float64(0.25), "
[36m(CodeTaskRunner pid=3402133)[0m  "'val-aux/t15_unittest_impl/timeout_error_penalty/mean@1': np.float64(0.0), "
[36m(CodeTaskRunner pid=3402133)[0m  "'val-aux/t15_unittest_impl/length_component/mean@1': np.float64(0.0), "
[36m(CodeTaskRunner pid=3402133)[0m  "'val-aux/t15_unittest_impl/final_reward/mean@1': "
[36m(CodeTaskRunner pid=3402133)[0m  'np.float64(0.39651920674073976), '
[36m(CodeTaskRunner pid=3402133)[0m  "'val-aux/t15_unittest_impl/score_before_overlong/mean@1': "
[36m(CodeTaskRunner pid=3402133)[0m  'np.float64(0.39651920674073976), '
[36m(CodeTaskRunner pid=3402133)[0m  "'val-aux/t15_unittest_impl/answer_match/mean@1': np.float64(0.25), "
[36m(CodeTaskRunner pid=3402133)[0m  "'val-aux/t15_unittest_impl/infra_excluded/mean@1': np.float64(0.0025), "
[36m(CodeTaskRunner pid=3402133)[0m  "'val-aux/t15_unittest_impl/gated_out/mean@1': np.float64(0.0325), "
[36m(CodeTaskRunner pid=3402133)[0m  "'val-aux/t15_unittest_impl/n_f2p/mean@1': np.float64(3.5725), "
[36m(CodeTaskRunner pid=3402133)[0m  "'val-aux/t15_unittest_impl/t_f2p/mean@1': np.float64(8.03), "
[36m(CodeTaskRunner pid=3402133)[0m  "'val-aux/t15_unittest_impl/n_p2p/mean@1': np.float64(0.0), "
[36m(CodeTaskRunner pid=3402133)[0m  "'val-aux/t15_unittest_impl/t_p2p/mean@1': np.float64(0.0), "
[36m(CodeTaskRunner pid=3402133)[0m  "'val-aux/t15_unittest_impl/touched_files/mean@1': np.float64(0.0), "
[36m(CodeTaskRunner pid=3402133)[0m  "'val-aux/t15_unittest_impl/score/mean@1': np.float64(0.39651920674073976), "
[36m(CodeTaskRunner pid=3402133)[0m  "'val-aux/t15_unittest_impl/verify_runtime_s/mean@1': "
[36m(CodeTaskRunner pid=3402133)[0m  'np.float64(1.4172500000000001), '
[36m(CodeTaskRunner pid=3402133)[0m  "'val-aux/t15_unittest_impl/rusca_step/mean@1': np.float64(0.0), "
[36m(CodeTaskRunner pid=3402133)[0m  "'val-aux/num_turns/min': np.int64(2), 'val-aux/num_turns/max': np.int64(2), "
[36m(CodeTaskRunner pid=3402133)[0m  "'val-aux/num_turns/mean': np.float64(2.0)}")
[36m(CodeTaskRunner pid=3402133)[0m step:0 - val-core/t15_repo_patch/reward/mean@1:np.float64(0.007142857249294009) - val-aux/t15_repo_patch/patch_extraction_score/mean@1:np.float64(0.6857142857142857) - val-aux/t15_repo_patch/patch_format_score/mean@1:np.float64(0.2) - val-aux/t15_repo_patch/patch_apply_score/mean@1:np.float64(0.0) - val-aux/t15_repo_patch/f2p_score/mean@1:np.float64(0.0) - val-aux/t15_repo_patch/f2p_frac/mean@1:np.float64(0.0) - val-aux/t15_repo_patch/p2p_preservation_score/mean@1:np.float64(1.0) - val-aux/t15_repo_patch/p2p_frac/mean@1:np.float64(1.0) - val-aux/t15_repo_patch/rubric_score/mean@1:np.float64(0.044444444444444446) - val-aux/t15_repo_patch/rule_correctness_score/mean@1:np.float64(0.0) - val-aux/t15_repo_patch/timeout_error_penalty/mean@1:np.float64(0.0) - val-aux/t15_repo_patch/length_component/mean@1:np.float64(0.0) - val-aux/t15_repo_patch/final_reward/mean@1:np.float64(0.007142857142857143) - val-aux/t15_repo_patch/score_before_overlong/mean@1:np.float64(0.007142857142857143) - val-aux/t15_repo_patch/answer_match/mean@1:np.float64(0.0) - val-aux/t15_repo_patch/infra_excluded/mean@1:np.float64(0.0) - val-aux/t15_repo_patch/gated_out/mean@1:np.float64(1.0) - val-aux/t15_repo_patch/n_f2p/mean@1:np.float64(0.0) - val-aux/t15_repo_patch/t_f2p/mean@1:np.float64(0.0) - val-aux/t15_repo_patch/n_p2p/mean@1:np.float64(0.0) - val-aux/t15_repo_patch/t_p2p/mean@1:np.float64(0.0) - val-aux/t15_repo_patch/touched_files/mean@1:np.float64(1.0571428571428572) - val-aux/t15_repo_patch/score/mean@1:np.float64(0.007142857142857143) - val-aux/t15_repo_patch/verify_runtime_s/mean@1:np.float64(0.003142857142857143) - val-aux/t15_repo_patch/rusca_step/mean@1:np.float64(0.0) - val-core/t15_unittest_impl/reward/mean@1:np.float64(0.39651920696720483) - val-aux/t15_unittest_impl/patch_extraction_score/mean@1:np.float64(0.995) - val-aux/t15_unittest_impl/patch_format_score/mean@1:np.float64(0.9675) - val-aux/t15_unittest_impl/patch_apply_score/mean@1:np.float64(0.965) - val-aux/t15_unittest_impl/f2p_score/mean@1:np.float64(0.3750320112345662) - val-aux/t15_unittest_impl/f2p_frac/mean@1:np.float64(0.42342261904761896) - val-aux/t15_unittest_impl/p2p_preservation_score/mean@1:np.float64(1.0) - val-aux/t15_unittest_impl/p2p_frac/mean@1:np.float64(1.0) - val-aux/t15_unittest_impl/rubric_score/mean@1:np.float64(0.7669999999999999) - val-aux/t15_unittest_impl/rule_correctness_score/mean@1:np.float64(0.25) - val-aux/t15_unittest_impl/timeout_error_penalty/mean@1:np.float64(0.0) - val-aux/t15_unittest_impl/length_component/mean@1:np.float64(0.0) - val-aux/t15_unittest_impl/final_reward/mean@1:np.float64(0.39651920674073976) - val-aux/t15_unittest_impl/score_before_overlong/mean@1:np.float64(0.39651920674073976) - val-aux/t15_unittest_impl/answer_match/mean@1:np.float64(0.25) - val-aux/t15_unittest_impl/infra_excluded/mean@1:np.float64(0.0025) - val-aux/t15_unittest_impl/gated_out/mean@1:np.float64(0.0325) - val-aux/t15_unittest_impl/n_f2p/mean@1:np.float64(3.5725) - val-aux/t15_unittest_impl/t_f2p/mean@1:np.float64(8.03) - val-aux/t15_unittest_impl/n_p2p/mean@1:np.float64(0.0) - val-aux/t15_unittest_impl/t_p2p/mean@1:np.float64(0.0) - val-aux/t15_unittest_impl/touched_files/mean@1:np.float64(0.0) - val-aux/t15_unittest_impl/score/mean@1:np.float64(0.39651920674073976) - val-aux/t15_unittest_impl/verify_runtime_s/mean@1:np.float64(1.4172500000000001) - val-aux/t15_unittest_impl/rusca_step/mean@1:np.float64(0.0) - val-aux/num_turns/min:np.int64(2) - val-aux/num_turns/max:np.int64(2) - val-aux/num_turns/mean:np.float64(2.0)
Error executing job with overrides: ['algorithm.adv_estimator=grpo', 'algorithm.norm_adv_by_std_in_grpo=True', 'algorithm.use_kl_in_reward=False', 'data.train_batch_size=32', 'data.max_prompt_length=30000', 'data.max_response_length=2048', 'data.filter_overlong_prompts=True', 'data.truncation=error', 'data.shuffle=True', 'data.seed=0', '+data.hier_sampler.task_key=data_source', '+data.hier_sampler.variant_key=variant_type', '+data.hier_sampler.task_weights.t15_repo_patch=0.2', '+data.hier_sampler.task_weights.t15_unittest_impl=0.8', 'actor_rollout_ref.model.path=/scratch/r919a03/huggingface/hub/models--Qwen--Qwen1.5-MoE-A2.7B-Chat/snapshots/ec052fda178e241c7c443468d2fa1db6618996be', 'actor_rollout_ref.model.lora_rank=32', 'actor_rollout_ref.model.lora_alpha=64', 'actor_rollout_ref.model.target_modules=[q_proj,k_proj,v_proj,o_proj]', 'actor_rollout_ref.model.use_remove_padding=True', 'actor_rollout_ref.model.enable_gradient_checkpointing=True', 'actor_rollout_ref.actor.optim.lr=2e-5', 'actor_rollout_ref.actor.ppo_mini_batch_size=32', 'actor_rollout_ref.actor.use_dynamic_bsz=True', 'actor_rollout_ref.actor.ppo_max_token_len_per_gpu=34000', 'actor_rollout_ref.actor.use_kl_loss=False', 'actor_rollout_ref.actor.fsdp_config.model_dtype=bf16', 'actor_rollout_ref.actor.entropy_coeff=0', 'actor_rollout_ref.actor.loss_agg_mode=token-mean', 'actor_rollout_ref.actor.policy_loss.loss_mode=gspo', 'actor_rollout_ref.actor.clip_ratio_low=0.0003', 'actor_rollout_ref.actor.clip_ratio_high=0.0004', 'actor_rollout_ref.ref.log_prob_use_dynamic_bsz=True', 'actor_rollout_ref.ref.log_prob_max_token_len_per_gpu=34000', 'actor_rollout_ref.rollout.name=vllm', 'actor_rollout_ref.rollout.mode=async', 'actor_rollout_ref.rollout.n=8', 'actor_rollout_ref.rollout.tensor_model_parallel_size=1', 'actor_rollout_ref.rollout.gpu_memory_utilization=0.55', 'actor_rollout_ref.rollout.enforce_eager=True', 'actor_rollout_ref.rollout.max_model_len=32768', 'actor_rollout_ref.rollout.max_num_batched_tokens=32768', 'actor_rollout_ref.rollout.prompt_length=30000', 'actor_rollout_ref.rollout.response_length=2048', 'actor_rollout_ref.rollout.load_format=safetensors', 'actor_rollout_ref.rollout.layered_summon=True', 'actor_rollout_ref.rollout.calculate_log_probs=False', 'actor_rollout_ref.rollout.free_cache_engine=True', 'actor_rollout_ref.rollout.temperature=1.0', 'actor_rollout_ref.rollout.val_kwargs.do_sample=False', 'actor_rollout_ref.rollout.val_kwargs.n=1', 'actor_rollout_ref.rollout.agent.default_agent_loop=rusca_scaffold_agent', 'actor_rollout_ref.rollout.agent.agent_loop_config_path=/scratch/r919a03/code_verl_test/configs/rl/agent_loop_rusca.yaml', '+actor_rollout_ref.rollout.custom.rusca.enable=True', '+actor_rollout_ref.rollout.custom.rusca.total_steps=20', 'reward.custom_reward_function.path=/scratch/r919a03/code_verl_test/verifier/verl_reward.py', 'reward.custom_reward_function.name=compute_score', 'reward.num_workers=4', 'trainer.n_gpus_per_node=6', 'trainer.nnodes=1', 'trainer.total_training_steps=20', 'trainer.total_epochs=1', 'trainer.save_freq=-1', 'trainer.test_freq=10', 'trainer.val_before_train=True', 'trainer.logger=[console]', 'trainer.project_name=code_rl_reward_research', 'trainer.experiment_name=exp_D004_p2p_strong', 'trainer.default_local_dir=/scratch/r919a03/code_verl_test/checkpoints/exp_D004_p2p_strong', '+ray_kwargs.ray_init.object_store_memory=40000000000', 'actor_rollout_ref.model.external_lib=rl.algos', 'trainer.save_freq=20', 'trainer.max_actor_ckpt_to_keep=1', 'actor_rollout_ref.model.use_shm=True', 'data.train_files=/scratch/r919a03/code_verl_test/data/curated/curated_v2/train.parquet', 'data.val_files=/scratch/r919a03/code_verl_test/data/curated/curated_v2/validation.parquet']
[36m(CodeTaskRunner pid=3402133)[0m Unhandled error (suppress with 'RAY_IGNORE_UNHANDLED_ERRORS=1'): [36mray::WorkerDict.actor_rollout_update_actor()[39m (pid=3403601, ip=150.183.158.81, actor_id=2738bfd7572610c5070c39c101000000, repr=<verl.single_controller.ray.base.WorkerDict object at 0x153329fb6bd0>)
[36m(CodeTaskRunner pid=3402133)[0m   File "/scratch/r919a03/.uv/python/cpython-3.12.12-linux-x86_64-gnu/lib/python3.12/concurrent/futures/_base.py", line 456, in result
[36m(CodeTaskRunner pid=3402133)[0m     return self.__get_result()
[36m(CodeTaskRunner pid=3402133)[0m            ^^^^^^^^^^^^^^^^^^^
[36m(CodeTaskRunner pid=3402133)[0m   File "/scratch/r919a03/.uv/python/cpython-3.12.12-linux-x86_64-gnu/lib/python3.12/concurrent/futures/_base.py", line 401, in __get_result
[36m(CodeTaskRunner pid=3402133)[0m     raise self._exception
[36m(CodeTaskRunner pid=3402133)[0m            ^^^^^^^^^^^^^^^^^^^^^
[36m(CodeTaskRunner pid=3402133)[0m            ^^^^^^^^^^^^^^^^^^^^^^^^^^^^^^^^^^^^
[36m(CodeTaskRunner pid=3402133)[0m            ^^^^^^^^^^^^^^^^^^^^^^^^^^^^^^^
[36m(CodeTaskRunner pid=3402133)[0m   File "/scratch/r919a03/code_verl_test/.venv/lib/python3.12/site-packages/verl/single_controller/ray/base.py", line 939, in func
[36m(CodeTaskRunner pid=3402133)[0m     return getattr(self.worker_dict[key], name)(*args, **kwargs)
[36m(CodeTaskRunner pid=3402133)[0m            ^^^^^^^^^^^^^^^^^^^^^^^^^^^^^^^^^^^^^^^^^^^^^^^^^^^^^
[36m(CodeTaskRunner pid=3402133)[0m   File "/scratch/r919a03/code_verl_test/.venv/lib/python3.12/site-packages/verl/single_controller/base/decorator.py", line 431, in inner
[36m(CodeTaskRunner pid=3402133)[0m     return func(*args, **kwargs)
[36m(CodeTaskRunner pid=3402133)[0m            ^^^^^^^^^^^^^^^^^^^^^
[36m(CodeTaskRunner pid=3402133)[0m   File "/scratch/r919a03/code_verl_test/.venv/lib/python3.12/site-packages/verl/utils/transferqueue_utils.py", line 399, in inner
[36m(CodeTaskRunner pid=3402133)[0m     output = func(*args, **kwargs)
[36m(CodeTaskRunner pid=3402133)[0m              ^^^^^^^^^^^^^^^^^^^^^
[36m(CodeTaskRunner pid=3402133)[0m   File "/scratch/r919a03/code_verl_test/.venv/lib/python3.12/site-packages/verl/utils/profiler/profile.py", line 226, in wrapper
[36m(CodeTaskRunner pid=3402133)[0m     return func(self_instance, *args, **kwargs_inner)
[36m(CodeTaskRunner pid=3402133)[0m            ^^^^^^^^^^^^^^^^^^^^^^^^^^^^^^^^^^^^^^^^^^
[36m(CodeTaskRunner pid=3402133)[0m   File "/scratch/r919a03/code_verl_test/.venv/lib/python3.12/site-packages/verl/workers/engine_workers.py", line 69, in wrapper
[36m(CodeTaskRunner pid=3402133)[0m     return func(self, data, *args, **kwargs)
[36m(CodeTaskRunner pid=3402133)[0m            ^^^^^^^^^^^^^^^^^^^^^^^^^^^^^^^^^
[36m(CodeTaskRunner pid=3402133)[0m   File "/scratch/r919a03/code_verl_test/.venv/lib/python3.12/site-packages/verl/workers/engine_workers.py", line 706, in update_actor
[36m(CodeTaskRunner pid=3402133)[0m     output = self.actor.train_mini_batch(data=data)
[36m(CodeTaskRunner pid=3402133)[0m              ^^^^^^^^^^^^^^^^^^^^^^^^^^^^^^^^^^^^^^
[36m(CodeTaskRunner pid=3402133)[0m   File "/scratch/r919a03/code_verl_test/.venv/lib/python3.12/site-packages/verl/single_controller/base/decorator.py", line 431, in inner
[36m(CodeTaskRunner pid=3402133)[0m     return func(*args, **kwargs)
[36m(CodeTaskRunner pid=3402133)[0m            ^^^^^^^^^^^^^^^^^^^^^
[36m(CodeTaskRunner pid=3402133)[0m   File "/scratch/r919a03/code_verl_test/.venv/lib/python3.12/site-packages/verl/utils/transferqueue_utils.py", line 378, in inner
[36m(CodeTaskRunner pid=3402133)[0m     return func(*args, **kwargs)
[36m(CodeTaskRunner pid=3402133)[0m            ^^^^^^^^^^^^^^^^^^^^^
[36m(CodeTaskRunner pid=3402133)[0m   File "/scratch/r919a03/code_verl_test/.venv/lib/python3.12/site-packages/verl/workers/engine_workers.py", line 266, in train_mini_batch
[36m(CodeTaskRunner pid=3402133)[0m     assert mini_batch_size % self.engine.get_data_parallel_size() == 0, (
[36m(CodeTaskRunner pid=3402133)[0m            ^^^^^^^^^^^^^^^^^^^^^^^^^^^^^^^^^^^^^^^^^^^^^^^^^^^^^^^^^^^
[36m(CodeTaskRunner pid=3402133)[0m AssertionError: Got mini_batch_size=256 and self.engine.get_data_parallel_size()=6
[36m(CodeTaskRunner pid=3402133)[0m Training Progress:   0%|          | 0/20 [02:15<?, ?it/s]
[36m(CodeTaskRunner pid=3402133)[0m Unhandled error (suppress with 'RAY_IGNORE_UNHANDLED_ERRORS=1'): [36mray::WorkerDict.actor_rollout_update_actor()[39m (pid=3403602, ip=150.183.158.81, actor_id=24bc85ae78ea2f94a886136a01000000, repr=<verl.single_controller.ray.base.WorkerDict object at 0x14cba5c42cc0>)
[36m(CodeTaskRunner pid=3402133)[0m   File "/scratch/r919a03/.uv/python/cpython-3.12.12-linux-x86_64-gnu/lib/python3.12/concurrent/futures/_base.py", line 456, in result
[36m(CodeTaskRunner pid=3402133)[0m     return self.__get_result()
[36m(CodeTaskRunner pid=3402133)[0m            ^^^^^^^^^^^^^^^^^^^
[36m(CodeTaskRunner pid=3402133)[0m   File "/scratch/r919a03/.uv/python/cpython-3.12.12-linux-x86_64-gnu/lib/python3.12/concurrent/futures/_base.py", line 401, in __get_result
[36m(CodeTaskRunner pid=3402133)[0m     raise self._exception
[36m(CodeTaskRunner pid=3402133)[0m            ^^^^^^^^^^^^^^^^^^^^^
[36m(CodeTaskRunner pid=3402133)[0m            ^^^^^^^^^^^^^^^^^^^^^^^^^^^^^^^^^^^^
[36m(CodeTaskRunner pid=3402133)[0m            ^^^^^^^^^^^^^^^^^^^^^^^^^^^^^^^
[36m(CodeTaskRunner pid=3402133)[0m   File "/scratch/r919a03/code_verl_test/.venv/lib/python3.12/site-packages/verl/single_controller/ray/base.py", line 939, in func
[36m(CodeTaskRunner pid=3402133)[0m     return getattr(self.worker_dict[key], name)(*args, **kwargs)
[36m(CodeTaskRunner pid=3402133)[0m            ^^^^^^^^^^^^^^^^^^^^^^^^^^^^^^^^^^^^^^^^^^^^^^^^^^^^^
[36m(CodeTaskRunner pid=3402133)[0m   File "/scratch/r919a03/code_verl_test/.venv/lib/python3.12/site-packages/verl/single_controller/base/decorator.py", line 431, in inner
[36m(CodeTaskRunner pid=3402133)[0m     return func(*args, **kwargs)
[36m(CodeTaskRunner pid=3402133)[0m            ^^^^^^^^^^^^^^^^^^^^^
[36m(CodeTaskRunner pid=3402133)[0m   File "/scratch/r919a03/code_verl_test/.venv/lib/python3.12/site-packages/verl/utils/transferqueue_utils.py", line 399, in inner
[36m(CodeTaskRunner pid=3402133)[0m     output = func(*args, **kwargs)
[36m(CodeTaskRunner pid=3402133)[0m              ^^^^^^^^^^^^^^^^^^^^^
[36m(CodeTaskRunner pid=3402133)[0m   File "/scratch/r919a03/code_verl_test/.venv/lib/python3.12/site-packages/verl/utils/profiler/profile.py", line 226, in wrapper
[36m(CodeTaskRunner pid=3402133)[0m     return func(self_instance, *args, **kwargs_inner)
[36m(CodeTaskRunner pid=3402133)[0m            ^^^^^^^^^^^^^^^^^^^^^^^^^^^^^^^^^^^^^^^^^^
[36m(CodeTaskRunner pid=3402133)[0m   File "/scratch/r919a03/code_verl_test/.venv/lib/python3.12/site-packages/verl/workers/engine_workers.py", line 69, in wrapper
[36m(CodeTaskRunner pid=3402133)[0m     return func(self, data, *args, **kwargs)
[36m(CodeTaskRunner pid=3402133)[0m            ^^^^^^^^^^^^^^^^^^^^^^^^^^^^^^^^^
[36m(CodeTaskRunner pid=3402133)[0m   File "/scratch/r919a03/code_verl_test/.venv/lib/python3.12/site-packages/verl/workers/engine_workers.py", line 706, in update_actor
[36m(CodeTaskRunner pid=3402133)[0m     output = self.actor.train_mini_batch(data=data)
[36m(CodeTaskRunner pid=3402133)[0m              ^^^^^^^^^^^^^^^^^^^^^^^^^^^^^^^^^^^^^^
[36m(CodeTaskRunner pid=3402133)[0m   File "/scratch/r919a03/code_verl_test/.venv/lib/python3.12/site-packages/verl/single_controller/base/decorator.py", line 431, in inner
[36m(CodeTaskRunner pid=3402133)[0m     return func(*args, **kwargs)
[36m(CodeTaskRunner pid=3402133)[0m            ^^^^^^^^^^^^^^^^^^^^^
[36m(CodeTaskRunner pid=3402133)[0m   File "/scratch/r919a03/code_verl_test/.venv/lib/python3.12/site-packages/verl/utils/transferqueue_utils.py", line 378, in inner
[36m(CodeTaskRunner pid=3402133)[0m     return func(*args, **kwargs)
[36m(CodeTaskRunner pid=3402133)[0m            ^^^^^^^^^^^^^^^^^^^^^
[36m(CodeTaskRunner pid=3402133)[0m   File "/scratch/r919a03/code_verl_test/.venv/lib/python3.12/site-packages/verl/workers/engine_workers.py", line 266, in train_mini_batch
[36m(CodeTaskRunner pid=3402133)[0m     assert mini_batch_size % self.engine.get_data_parallel_size() == 0, (
[36m(CodeTaskRunner pid=3402133)[0m            ^^^^^^^^^^^^^^^^^^^^^^^^^^^^^^^^^^^^^^^^^^^^^^^^^^^^^^^^^^^
[36m(CodeTaskRunner pid=3402133)[0m AssertionError: Got mini_batch_size=256 and self.engine.get_data_parallel_size()=6
[36m(CodeTaskRunner pid=3402133)[0m Unhandled error (suppress with 'RAY_IGNORE_UNHANDLED_ERRORS=1'): [36mray::WorkerDict.actor_rollout_update_actor()[39m (pid=3403598, ip=150.183.158.81, actor_id=2e6b87712b775b86867a801e01000000, repr=<verl.single_controller.ray.base.WorkerDict object at 0x14e5fda025a0>)
[36m(CodeTaskRunner pid=3402133)[0m   File "/scratch/r919a03/.uv/python/cpython-3.12.12-linux-x86_64-gnu/lib/python3.12/concurrent/futures/_base.py", line 449, in result
[36m(CodeTaskRunner pid=3402133)[0m     return self.__get_result()
[36m(CodeTaskRunner pid=3402133)[0m            ^^^^^^^^^^^^^^^^^^^
[36m(CodeTaskRunner pid=3402133)[0m   File "/scratch/r919a03/.uv/python/cpython-3.12.12-linux-x86_64-gnu/lib/python3.12/concurrent/futures/_base.py", line 401, in __get_result
[36m(CodeTaskRunner pid=3402133)[0m     raise self._exception
[36m(CodeTaskRunner pid=3402133)[0m            ^^^^^^^^^^^^^^^^^^^^^
[36m(CodeTaskRunner pid=3402133)[0m            ^^^^^^^^^^^^^^^^^^^^^^^^^^^^^^^^^^^^
[36m(CodeTaskRunner pid=3402133)[0m            ^^^^^^^^^^^^^^^^^^^^^^^^^^^^^^^
[36m(CodeTaskRunner pid=3402133)[0m   File "/scratch/r919a03/code_verl_test/.venv/lib/python3.12/site-packages/verl/single_controller/ray/base.py", line 939, in func
[36m(CodeTaskRunner pid=3402133)[0m     return getattr(self.worker_dict[key], name)(*args, **kwargs)
[36m(CodeTaskRunner pid=3402133)[0m            ^^^^^^^^^^^^^^^^^^^^^^^^^^^^^^^^^^^^^^^^^^^^^^^^^^^^^
[36m(CodeTaskRunner pid=3402133)[0m   File "/scratch/r919a03/code_verl_test/.venv/lib/python3.12/site-packages/verl/single_controller/base/decorator.py", line 431, in inner
[36m(CodeTaskRunner pid=3402133)[0m     return func(*args, **kwargs)
[36m(CodeTaskRunner pid=3402133)[0m            ^^^^^^^^^^^^^^^^^^^^^
[36m(CodeTaskRunner pid=3402133)[0m   File "/scratch/r919a03/code_verl_test/.venv/lib/python3.12/site-packages/verl/utils/transferqueue_utils.py", line 399, in inner
[36m(CodeTaskRunner pid=3402133)[0m     output = func(*args, **kwargs)
[36m(CodeTaskRunner pid=3402133)[0m              ^^^^^^^^^^^^^^^^^^^^^
[36m(CodeTaskRunner pid=3402133)[0m   File "/scratch/r919a03/code_verl_test/.venv/lib/python3.12/site-packages/verl/utils/profiler/profile.py", line 226, in wrapper
[36m(CodeTaskRunner pid=3402133)[0m     return func(self_instance, *args, **kwargs_inner)
[36m(CodeTaskRunner pid=3402133)[0m            ^^^^^^^^^^^^^^^^^^^^^^^^^^^^^^^^^^^^^^^^^^
[36m(CodeTaskRunner pid=3402133)[0m   File "/scratch/r919a03/code_verl_test/.venv/lib/python3.12/site-packages/verl/workers/engine_workers.py", line 69, in wrapper
[36m(CodeTaskRunner pid=3402133)[0m     return func(self, data, *args, **kwargs)
[36m(CodeTaskRunner pid=3402133)[0m            ^^^^^^^^^^^^^^^^^^^^^^^^^^^^^^^^^
[36m(CodeTaskRunner pid=3402133)[0m   File "/scratch/r919a03/code_verl_test/.venv/lib/python3.12/site-packages/verl/workers/engine_workers.py", line 706, in update_actor
[36m(CodeTaskRunner pid=3402133)[0m     output = self.actor.train_mini_batch(data=data)
[36m(CodeTaskRunner pid=3402133)[0m              ^^^^^^^^^^^^^^^^^^^^^^^^^^^^^^^^^^^^^^
[36m(CodeTaskRunner pid=3402133)[0m   File "/scratch/r919a03/code_verl_test/.venv/lib/python3.12/site-packages/verl/single_controller/base/decorator.py", line 431, in inner
[36m(CodeTaskRunner pid=3402133)[0m     return func(*args, **kwargs)
[36m(CodeTaskRunner pid=3402133)[0m            ^^^^^^^^^^^^^^^^^^^^^
[36m(CodeTaskRunner pid=3402133)[0m   File "/scratch/r919a03/code_verl_test/.venv/lib/python3.12/site-packages/verl/utils/transferqueue_utils.py", line 378, in inner
[36m(CodeTaskRunner pid=3402133)[0m     return func(*args, **kwargs)
[36m(CodeTaskRunner pid=3402133)[0m            ^^^^^^^^^^^^^^^^^^^^^
[36m(CodeTaskRunner pid=3402133)[0m   File "/scratch/r919a03/code_verl_test/.venv/lib/python3.12/site-packages/verl/workers/engine_workers.py", line 266, in train_mini_batch
[36m(CodeTaskRunner pid=3402133)[0m     assert mini_batch_size % self.engine.get_data_parallel_size() == 0, (
[36m(CodeTaskRunner pid=3402133)[0m            ^^^^^^^^^^^^^^^^^^^^^^^^^^^^^^^^^^^^^^^^^^^^^^^^^^^^^^^^^^^
[36m(CodeTaskRunner pid=3402133)[0m AssertionError: Got mini_batch_size=256 and self.engine.get_data_parallel_size()=6
[36m(CodeTaskRunner pid=3402133)[0m Unhandled error (suppress with 'RAY_IGNORE_UNHANDLED_ERRORS=1'): [36mray::WorkerDict.actor_rollout_update_actor()[39m (pid=3403599, ip=150.183.158.81, actor_id=5034a0c59ab33c81a22b931601000000, repr=<verl.single_controller.ray.base.WorkerDict object at 0x14a2ea19e390>)
[36m(CodeTaskRunner pid=3402133)[0m   File "/scratch/r919a03/.uv/python/cpython-3.12.12-linux-x86_64-gnu/lib/python3.12/concurrent/futures/_base.py", line 456, in result
[36m(CodeTaskRunner pid=3402133)[0m     return self.__get_result()
[36m(CodeTaskRunner pid=3402133)[0m            ^^^^^^^^^^^^^^^^^^^
[36m(CodeTaskRunner pid=3402133)[0m   File "/scratch/r919a03/.uv/python/cpython-3.12.12-linux-x86_64-gnu/lib/python3.12/concurrent/futures/_base.py", line 401, in __get_result
[36m(CodeTaskRunner pid=3402133)[0m     raise self._exception
[36m(CodeTaskRunner pid=3402133)[0m            ^^^^^^^^^^^^^^^^^^^^^
[36m(CodeTaskRunner pid=3402133)[0m            ^^^^^^^^^^^^^^^^^^^^^^^^^^^^^^^^^^^^
[36m(CodeTaskRunner pid=3402133)[0m            ^^^^^^^^^^^^^^^^^^^^^^^^^^^^^^^
[36m(CodeTaskRunner pid=3402133)[0m   File "/scratch/r919a03/code_verl_test/.venv/lib/python3.12/site-packages/verl/single_controller/ray/base.py", line 939, in func
[36m(CodeTaskRunner pid=3402133)[0m     return getattr(self.worker_dict[key], name)(*args, **kwargs)
[36m(CodeTaskRunner pid=3402133)[0m            ^^^^^^^^^^^^^^^^^^^^^^^^^^^^^^^^^^^^^^^^^^^^^^^^^^^^^
[36m(CodeTaskRunner pid=3402133)[0m   File "/scratch/r919a03/code_verl_test/.venv/lib/python3.12/site-packages/verl/single_controller/base/decorator.py", line 431, in inner
[36m(CodeTaskRunner pid=3402133)[0m     return func(*args, **kwargs)
[36m(CodeTaskRunner pid=3402133)[0m            ^^^^^^^^^^^^^^^^^^^^^
[36m(CodeTaskRunner pid=3402133)[0m   File "/scratch/r919a03/code_verl_test/.venv/lib/python3.12/site-packages/verl/utils/transferqueue_utils.py", line 399, in inner
[36m(CodeTaskRunner pid=3402133)[0m     output = func(*args, **kwargs)
[36m(CodeTaskRunner pid=3402133)[0m              ^^^^^^^^^^^^^^^^^^^^^
[36m(CodeTaskRunner pid=3402133)[0m   File "/scratch/r919a03/code_verl_test/.venv/lib/python3.12/site-packages/verl/utils/profiler/profile.py", line 226, in wrapper
[36m(CodeTaskRunner pid=3402133)[0m     return func(self_instance, *args, **kwargs_inner)
[36m(CodeTaskRunner pid=3402133)[0m            ^^^^^^^^^^^^^^^^^^^^^^^^^^^^^^^^^^^^^^^^^^
[36m(CodeTaskRunner pid=3402133)[0m   File "/scratch/r919a03/code_verl_test/.venv/lib/python3.12/site-packages/verl/workers/engine_workers.py", line 69, in wrapper
[36m(CodeTaskRunner pid=3402133)[0m     return func(self, data, *args, **kwargs)
[36m(CodeTaskRunner pid=3402133)[0m            ^^^^^^^^^^^^^^^^^^^^^^^^^^^^^^^^^
[36m(CodeTaskRunner pid=3402133)[0m   File "/scratch/r919a03/code_verl_test/.venv/lib/python3.12/site-packages/verl/workers/engine_workers.py", line 706, in update_actor
[36m(CodeTaskRunner pid=3402133)[0m     output = self.actor.train_mini_batch(data=data)
[36m(CodeTaskRunner pid=3402133)[0m              ^^^^^^^^^^^^^^^^^^^^^^^^^^^^^^^^^^^^^^
[36m(CodeTaskRunner pid=3402133)[0m   File "/scratch/r919a03/code_verl_test/.venv/lib/python3.12/site-packages/verl/single_controller/base/decorator.py", line 431, in inner
[36m(CodeTaskRunner pid=3402133)[0m     return func(*args, **kwargs)
[36m(CodeTaskRunner pid=3402133)[0m            ^^^^^^^^^^^^^^^^^^^^^
[36m(CodeTaskRunner pid=3402133)[0m   File "/scratch/r919a03/code_verl_test/.venv/lib/python3.12/site-packages/verl/utils/transferqueue_utils.py", line 378, in inner
[36m(CodeTaskRunner pid=3402133)[0m     return func(*args, **kwargs)
[36m(CodeTaskRunner pid=3402133)[0m            ^^^^^^^^^^^^^^^^^^^^^
[36m(CodeTaskRunner pid=3402133)[0m   File "/scratch/r919a03/code_verl_test/.venv/lib/python3.12/site-packages/verl/workers/engine_workers.py", line 266, in train_mini_batch
[36m(CodeTaskRunner pid=3402133)[0m     assert mini_batch_size % self.engine.get_data_parallel_size() == 0, (
[36m(CodeTaskRunner pid=3402133)[0m            ^^^^^^^^^^^^^^^^^^^^^^^^^^^^^^^^^^^^^^^^^^^^^^^^^^^^^^^^^^^
[36m(CodeTaskRunner pid=3402133)[0m AssertionError: Got mini_batch_size=256 and self.engine.get_data_parallel_size()=6
[36m(CodeTaskRunner pid=3402133)[0m Unhandled error (suppress with 'RAY_IGNORE_UNHANDLED_ERRORS=1'): [36mray::WorkerDict.actor_rollout_update_actor()[39m (pid=3403603, ip=150.183.158.81, actor_id=f351c5adf23bcc0e641ca4e301000000, repr=<verl.single_controller.ray.base.WorkerDict object at 0x14e8d98b6900>)
[36m(CodeTaskRunner pid=3402133)[0m   File "/scratch/r919a03/.uv/python/cpython-3.12.12-linux-x86_64-gnu/lib/python3.12/concurrent/futures/_base.py", line 456, in result
[36m(CodeTaskRunner pid=3402133)[0m     return self.__get_result()
[36m(CodeTaskRunner pid=3402133)[0m            ^^^^^^^^^^^^^^^^^^^
[36m(CodeTaskRunner pid=3402133)[0m   File "/scratch/r919a03/.uv/python/cpython-3.12.12-linux-x86_64-gnu/lib/python3.12/concurrent/futures/_base.py", line 401, in __get_result
[36m(CodeTaskRunner pid=3402133)[0m     raise self._exception
[36m(CodeTaskRunner pid=3402133)[0m            ^^^^^^^^^^^^^^^^^^^^^
[36m(CodeTaskRunner pid=3402133)[0m            ^^^^^^^^^^^^^^^^^^^^^^^^^^^^^^^^^^^^
[36m(CodeTaskRunner pid=3402133)[0m            ^^^^^^^^^^^^^^^^^^^^^^^^^^^^^^^
[36m(CodeTaskRunner pid=3402133)[0m   File "/scratch/r919a03/code_verl_test/.venv/lib/python3.12/site-packages/verl/single_controller/ray/base.py", line 939, in func
[36m(CodeTaskRunner pid=3402133)[0m     return getattr(self.worker_dict[key], name)(*args, **kwargs)
[36m(CodeTaskRunner pid=3402133)[0m            ^^^^^^^^^^^^^^^^^^^^^^^^^^^^^^^^^^^^^^^^^^^^^^^^^^^^^
[36m(CodeTaskRunner pid=3402133)[0m   File "/scratch/r919a03/code_verl_test/.venv/lib/python3.12/site-packages/verl/single_controller/base/decorator.py", line 431, in inner
[36m(CodeTaskRunner pid=3402133)[0m     return func(*args, **kwargs)
[36m(CodeTaskRunner pid=3402133)[0m            ^^^^^^^^^^^^^^^^^^^^^
[36m(CodeTaskRunner pid=3402133)[0m   File "/scratch/r919a03/code_verl_test/.venv/lib/python3.12/site-packages/verl/utils/transferqueue_utils.py", line 399, in inner
[36m(CodeTaskRunner pid=3402133)[0m     output = func(*args, **kwargs)
[36m(CodeTaskRunner pid=3402133)[0m              ^^^^^^^^^^^^^^^^^^^^^
[36m(CodeTaskRunner pid=3402133)[0m   File "/scratch/r919a03/code_verl_test/.venv/lib/python3.12/site-packages/verl/utils/profiler/profile.py", line 226, in wrapper
[36m(CodeTaskRunner pid=3402133)[0m     return func(self_instance, *args, **kwargs_inner)
[36m(CodeTaskRunner pid=3402133)[0m            ^^^^^^^^^^^^^^^^^^^^^^^^^^^^^^^^^^^^^^^^^^
[36m(CodeTaskRunner pid=3402133)[0m   File "/scratch/r919a03/code_verl_test/.venv/lib/python3.12/site-packages/verl/workers/engine_workers.py", line 69, in wrapper
[36m(CodeTaskRunner pid=3402133)[0m     return func(self, data, *args, **kwargs)
[36m(CodeTaskRunner pid=3402133)[0m            ^^^^^^^^^^^^^^^^^^^^^^^^^^^^^^^^^
[36m(CodeTaskRunner pid=3402133)[0m   File "/scratch/r919a03/code_verl_test/.venv/lib/python3.12/site-packages/verl/workers/engine_workers.py", line 706, in update_actor
[36m(CodeTaskRunner pid=3402133)[0m     output = self.actor.train_mini_batch(data=data)
[36m(CodeTaskRunner pid=3402133)[0m              ^^^^^^^^^^^^^^^^^^^^^^^^^^^^^^^^^^^^^^
[36m(CodeTaskRunner pid=3402133)[0m   File "/scratch/r919a03/code_verl_test/.venv/lib/python3.12/site-packages/verl/single_controller/base/decorator.py", line 431, in inner
[36m(CodeTaskRunner pid=3402133)[0m     return func(*args, **kwargs)
[36m(CodeTaskRunner pid=3402133)[0m            ^^^^^^^^^^^^^^^^^^^^^
[36m(CodeTaskRunner pid=3402133)[0m   File "/scratch/r919a03/code_verl_test/.venv/lib/python3.12/site-packages/verl/utils/transferqueue_utils.py", line 378, in inner
[36m(CodeTaskRunner pid=3402133)[0m     return func(*args, **kwargs)
[36m(CodeTaskRunner pid=3402133)[0m            ^^^^^^^^^^^^^^^^^^^^^
[36m(CodeTaskRunner pid=3402133)[0m   File "/scratch/r919a03/code_verl_test/.venv/lib/python3.12/site-packages/verl/workers/engine_workers.py", line 266, in train_mini_batch
[36m(CodeTaskRunner pid=3402133)[0m     assert mini_batch_size % self.engine.get_data_parallel_size() == 0, (
[36m(CodeTaskRunner pid=3402133)[0m            ^^^^^^^^^^^^^^^^^^^^^^^^^^^^^^^^^^^^^^^^^^^^^^^^^^^^^^^^^^^
[36m(CodeTaskRunner pid=3402133)[0m AssertionError: Got mini_batch_size=256 and self.engine.get_data_parallel_size()=6
[36m(WorkerDict pid=3403599)[0m Using blocking ray.get inside async actor. This blocks the event loop. Please use `await` on object ref with asyncio.gather if you want to yield execution to the event loop instead.[32m [repeated 5x across cluster][0m
[36m(WorkerDict pid=3403599)[0m [rank1]:W0902 23:12:18.710000 3403599 .venv/lib/python3.12/site-packages/torch/fx/_symbolic_trace.py:53] is_fx_tracing will return true for both fx.symbolic_trace and torch.export. Please use is_fx_tracing_symbolic_tracing() for specifically fx.symbolic_trace or torch.compiler.is_compiling() for specifically torch.export/compile.[32m [repeated 5x across cluster][0m
Traceback (most recent call last):
  File "/scratch/r919a03/code_verl_test/rl/main_ppo_code.py", line 62, in main
    main_ppo.run_ppo(config, task_runner_class=CodeTaskRunner)
  File "/scratch/r919a03/code_verl_test/.venv/lib/python3.12/site-packages/verl/trainer/main_ppo.py", line 94, in run_ppo
    ray.get(runner.run.remote(config))
  File "/scratch/r919a03/code_verl_test/.venv/lib/python3.12/site-packages/ray/_private/auto_init_hook.py", line 22, in auto_init_wrapper
    return fn(*args, **kwargs)
           ^^^^^^^^^^^^^^^^^^^
  File "/scratch/r919a03/code_verl_test/.venv/lib/python3.12/site-packages/ray/_private/client_mode_hook.py", line 134, in wrapper
    return func(*args, **kwargs)
           ^^^^^^^^^^^^^^^^^^^^^
  File "/scratch/r919a03/code_verl_test/.venv/lib/python3.12/site-packages/ray/_private/worker.py", line 2986, in get
    values, debugger_breakpoint = worker.get_objects(
                                  ^^^^^^^^^^^^^^^^^^^
  File "/scratch/r919a03/code_verl_test/.venv/lib/python3.12/site-packages/ray/_private/worker.py", line 1050, in get_objects
    raise value.as_instanceof_cause()
ray.exceptions.RayTaskError(AssertionError): [36mray::TaskRunnerV1.run()[39m (pid=3402133, ip=150.183.158.81, actor_id=5be2a7408629cd1a0749a6e101000000, repr=<verl.trainer.main_ppo.CodeTaskRunner object at 0x145bc01bed20>)
           ^^^^^^^^^^^^^^^^^^^^^^^^^^^^^^^^^^^^
           ^^^^^^^^^^^^^^^^^^^^^^^^^^^^^^^
  File "/scratch/r919a03/code_verl_test/rl/main_ppo_code.py", line 54, in run
    return super().run(config)
           ^^^^^^^^^^^^^^^^^^^
           ^^^^^^^^^^^^^^^^^^^^^^^^^^^^^^^
  File "/scratch/r919a03/code_verl_test/.venv/lib/python3.12/site-packages/verl/trainer/main_ppo.py", line 156, in run
    self.trainer.fit(self.agent_loop_manager)
  File "/scratch/r919a03/code_verl_test/.venv/lib/python3.12/site-packages/verl/trainer/ppo/v1/trainer_base.py", line 453, in fit
    batch = self.step(metrics, self.timing_raw)
            ^^^^^^^^^^^^^^^^^^^^^^^^^^^^^^^^^^^
  File "/scratch/r919a03/code_verl_test/.venv/lib/python3.12/site-packages/verl/trainer/ppo/v1/trainer_base.py", line 526, in step
    batch = self._step_once(iter_metrics, timing_raw, sample_batch_size)
            ^^^^^^^^^^^^^^^^^^^^^^^^^^^^^^^^^^^^^^^^^^^^^^^^^^^^^^^^^^^^
  File "/scratch/r919a03/code_verl_test/.venv/lib/python3.12/site-packages/verl/trainer/ppo/v1/trainer_base.py", line 584, in _step_once
    batch = self._update_actor(batch, metrics=metrics)
            ^^^^^^^^^^^^^^^^^^^^^^^^^^^^^^^^^^^^^^^^^^
  File "/scratch/r919a03/code_verl_test/.venv/lib/python3.12/site-packages/verl/trainer/ppo/v1/trainer_base.py", line 1705, in _update_actor
    output: TensorDict = self.actor_rollout_wg.update_actor(batch)
                         ^^^^^^^^^^^^^^^^^^^^^^^^^^^^^^^^^^^^^^^^^
  File "/scratch/r919a03/code_verl_test/.venv/lib/python3.12/site-packages/verl/single_controller/ray/base.py", line 56, in __call__
    output = ray.get(output)
             ^^^^^^^^^^^^^^^
           ^^^^^^^^^^^^^^^^^^^
           ^^^^^^^^^^^^^^^^^^^^^
                                  ^^^^^^^^^^^^^^^^^^^
ray.exceptions.RayTaskError(AssertionError): [36mray::WorkerDict.actor_rollout_update_actor()[39m (pid=3403600, ip=150.183.158.81, actor_id=039c9ea590309559aab5eeff01000000, repr=<verl.single_controller.ray.base.WorkerDict object at 0x1460e8e22270>)
  File "/scratch/r919a03/.uv/python/cpython-3.12.12-linux-x86_64-gnu/lib/python3.12/concurrent/futures/_base.py", line 456, in result
    return self.__get_result()
           ^^^^^^^^^^^^^^^^^^^
  File "/scratch/r919a03/.uv/python/cpython-3.12.12-linux-x86_64-gnu/lib/python3.12/concurrent/futures/_base.py", line 401, in __get_result
    raise self._exception
           ^^^^^^^^^^^^^^^^^^^^^
           ^^^^^^^^^^^^^^^^^^^^^^^^^^^^^^^^^^^^
           ^^^^^^^^^^^^^^^^^^^^^^^^^^^^^^^
  File "/scratch/r919a03/code_verl_test/.venv/lib/python3.12/site-packages/verl/single_controller/ray/base.py", line 939, in func
    return getattr(self.worker_dict[key], name)(*args, **kwargs)
           ^^^^^^^^^^^^^^^^^^^^^^^^^^^^^^^^^^^^^^^^^^^^^^^^^^^^^
  File "/scratch/r919a03/code_verl_test/.venv/lib/python3.12/site-packages/verl/single_controller/base/decorator.py", line 431, in inner
    return func(*args, **kwargs)
           ^^^^^^^^^^^^^^^^^^^^^
  File "/scratch/r919a03/code_verl_test/.venv/lib/python3.12/site-packages/verl/utils/transferqueue_utils.py", line 399, in inner
    output = func(*args, **kwargs)
             ^^^^^^^^^^^^^^^^^^^^^
  File "/scratch/r919a03/code_verl_test/.venv/lib/python3.12/site-packages/verl/utils/profiler/profile.py", line 226, in wrapper
    return func(self_instance, *args, **kwargs_inner)
           ^^^^^^^^^^^^^^^^^^^^^^^^^^^^^^^^^^^^^^^^^^
  File "/scratch/r919a03/code_verl_test/.venv/lib/python3.12/site-packages/verl/workers/engine_workers.py", line 69, in wrapper
    return func(self, data, *args, **kwargs)
           ^^^^^^^^^^^^^^^^^^^^^^^^^^^^^^^^^
  File "/scratch/r919a03/code_verl_test/.venv/lib/python3.12/site-packages/verl/workers/engine_workers.py", line 706, in update_actor
    output = self.actor.train_mini_batch(data=data)
             ^^^^^^^^^^^^^^^^^^^^^^^^^^^^^^^^^^^^^^
  File "/scratch/r919a03/code_verl_test/.venv/lib/python3.12/site-packages/verl/single_controller/base/decorator.py", line 431, in inner
    return func(*args, **kwargs)
           ^^^^^^^^^^^^^^^^^^^^^
  File "/scratch/r919a03/code_verl_test/.venv/lib/python3.12/site-packages/verl/utils/transferqueue_utils.py", line 378, in inner
    return func(*args, **kwargs)
           ^^^^^^^^^^^^^^^^^^^^^
  File "/scratch/r919a03/code_verl_test/.venv/lib/python3.12/site-packages/verl/workers/engine_workers.py", line 266, in train_mini_batch
    assert mini_batch_size % self.engine.get_data_parallel_size() == 0, (
           ^^^^^^^^^^^^^^^^^^^^^^^^^^^^^^^^^^^^^^^^^^^^^^^^^^^^^^^^^^^
AssertionError: Got mini_batch_size=256 and self.engine.get_data_parallel_size()=6

Set the environment variable HYDRA_FULL_ERROR=1 for a complete stack trace.
[36m(vLLMHttpServer pid=3405404)[0m (Worker pid=3406158) WARNING 09-02 23:10:08 [jit_monitor.py:106] Triton kernel JIT compilation during inference: _fused_moe_lora_small_batch_kernel. This causes a latency spike; consider extending warmup to cover this shape/config.[32m [repeated 2x across cluster][0m
