instance_id,variant_type,repo,lang,split,status,exclusion_reason,flags,n_f2p_effective,n_p2p_effective,p_hat_orig,p_hat_source_orig,empirical_success_rate
cantools__cantools.0c6a7871.combine_file__446ox3s6,swe_64k,swesmith/cantools__cantools.0c6a7871,ko,validation,ok,,,7,30,0.75,judge_label_mapped,
PyCQA__flake8.cf1542ce.func_basic__fmtax6ji,swe_64k,swesmith/PyCQA__flake8.cf1542ce,en,train,ok,,,1,30,0.75,judge_label_mapped,0.25
Knio__dominate.9082227e.lm_rewrite__i11w5427,swe_32k,swesmith/Knio__dominate.9082227e,ko,train,ok,,HARD_BUT_PARTIAL_SIGNAL,7,30,0.4,judge_label_mapped,0.0
PyCQA__flake8.cf1542ce.combine_module__r6vjxuov,swe_32k,swesmith/PyCQA__flake8.cf1542ce,ko,excluded,excluded,TOO_HARD,,2,30,0.4,judge_label_mapped,0.0
pudo__dataset.5c2dc8d3.func_pm_ctrl_shuffle__gfu7q6ma,swe_32k,swesmith/pudo__dataset.5c2dc8d3,ko,train,ok,,GOLD_WHITESPACE_MISMATCH;HARD_BUT_PARTIAL_SIGNAL,1,30,0.4,judge_label_mapped,0.0
pygments__pygments.27649ebb.combine_file__0bvd1xox,swe_64k,swesmith/pygments__pygments.27649ebb,en,train,ok,,HARD_BUT_PARTIAL_SIGNAL,9,30,0.4,judge_label_mapped,0.0
mahmoud__boltons.3bfcfdd0.func_basic__pjctmraz,swe_128k,swesmith/mahmoud__boltons.3bfcfdd0,en,train,ok,,HARD_BUT_PARTIAL_SIGNAL,2,30,0.25,judge_label_mapped,0.0
pyupio__safety.7654596b.combine_file__2gn66224,swe_32k,swesmith/pyupio__safety.7654596b,en,train,ok,,F2P_PRUNED:4;HARD_BUT_PARTIAL_SIGNAL,19,30,0.4,judge_label_mapped,0.0
agronholm__exceptiongroup.0b4f4937.combine_file__e14uhohy,swe_32k,swesmith/agronholm__exceptiongroup.0b4f4937,en,excluded,excluded,NO_VALID_F2P,F2P_PRUNED:28;P2P_PRUNED:30,0,0,0.25,judge_label_mapped,
luozhouyang__python-string-similarity.115acaac.func_pm_class_rm_funcs__81k3t0m0,swe_32k,swesmith/luozhouyang__python-string-similarity.115acaac,ko,test,ok,,GOLD_WHITESPACE_MISMATCH,1,17,0.6,judge_label_mapped,
agronholm__typeguard.b6a7e438.combine_module__4gos0hbz,swe_32k,swesmith/agronholm__typeguard.b6a7e438,en,train,ok,,F2P_PRUNED:80;HARD_BUT_PARTIAL_SIGNAL,50,30,0.25,judge_label_mapped,0.0
cknd__stackprinter.219fcc52.func_basic__2zzkhjzo,swe_32k,swesmith/cknd__stackprinter.219fcc52,en,validation,ok,,,1,6,0.6,judge_label_mapped,
pyupio__safety.7654596b.combine_file__ufd9gojl,swe_128k,swesmith/pyupio__safety.7654596b,en,train,ok,,P2P_PRUNED:1;HARD_BUT_PARTIAL_SIGNAL,1,29,0.75,judge_label_mapped,0.0
Cog-Creators__Red-DiscordBot.33e0eac7.combine_module__4tphefy7,swe_128k,swesmith/Cog-Creators__Red-DiscordBot.33e0eac7,ko,validation,ok,,,5,30,0.6,judge_label_mapped,
jd__tenacity.0d40e76f.combine_file__8pa1fxvj,swe_64k,swesmith/jd__tenacity.0d40e76f,ko,train,ok,,,9,30,0.6,judge_label_mapped,0.125
agronholm__exceptiongroup.0b4f4937.combine_module__kxbg804z,swe_32k,swesmith/agronholm__exceptiongroup.0b4f4937,en,excluded,excluded,NO_VALID_F2P,F2P_PRUNED:32;P2P_PRUNED:30,0,0,0.25,judge_label_mapped,
agronholm__exceptiongroup.0b4f4937.combine_module__qehwklvp,swe_32k,swesmith/agronholm__exceptiongroup.0b4f4937,en,test,ok,,,23,30,0.25,judge_label_mapped,
agronholm__typeguard.b6a7e438.combine_file__o3wq34zr,swe_32k,swesmith/agronholm__typeguard.b6a7e438,en,train,ok,,F2P_PRUNED:2;HARD_BUT_PARTIAL_SIGNAL,50,30,0.4,judge_label_mapped,0.0
pdfminer__pdfminer.six.1a8bd2f7.combine_file__g2xn154m,swe_32k,swesmith/pdfminer__pdfminer.six.1a8bd2f7,ko,train,ok,,F2P_PRUNED:8;HARD_BUT_PARTIAL_SIGNAL,50,30,0.75,judge_label_mapped,0.0
luozhouyang__python-string-similarity.115acaac.func_basic__ujspq4ne,swe_32k,swesmith/luozhouyang__python-string-similarity.115acaac,ko,excluded,excluded,BUG_IN_TEST_FILE,gold_touches_tests,0,0,0.4,judge_label_mapped,
bottlepy__bottle.a8dfef30.func_basic__3giqa6tg,swe_128k,swesmith/bottlepy__bottle.a8dfef30,en,train,ok,,HARD_BUT_PARTIAL_SIGNAL,2,30,0.6,judge_label_mapped,0.0
pygments__pygments.27649ebb.combine_file__40k5bixh,swe_128k,swesmith/pygments__pygments.27649ebb,ko,train,ok,,HARD_BUT_PARTIAL_SIGNAL,12,30,0.25,judge_label_mapped,0.0
jd__tenacity.0d40e76f.combine_file__y0lnsv2r,swe_64k,swesmith/jd__tenacity.0d40e76f,en,train,ok,,F2P_PRUNED:6;P2P_PRUNED:4,50,26,0.75,judge_label_mapped,0.125
Cog-Creators__Red-DiscordBot.33e0eac7.combine_module__hrxknpoa,swe_128k,swesmith/Cog-Creators__Red-DiscordBot.33e0eac7,en,validation,ok,,,2,30,0.4,judge_label_mapped,
bottlepy__bottle.a8dfef30.func_basic__0yaqi7l2,swe_64k,swesmith/bottlepy__bottle.a8dfef30,ko,train,ok,,HARD_BUT_PARTIAL_SIGNAL,13,30,0.6,judge_label_mapped,0.0
joke2k__faker.8b401a7d.combine_module__tsjlsxv2,swe_32k,swesmith/joke2k__faker.8b401a7d,ko,test,ok,,,20,30,0.4,judge_label_mapped,
joke2k__faker.8b401a7d.combine_module__l4ifkoed,swe_64k,swesmith/joke2k__faker.8b401a7d,en,test,ok,,GOLD_WHITESPACE_MISMATCH,5,30,0.6,judge_label_mapped,
pudo__dataset.5c2dc8d3.func_pm_op_change__fq79104s,swe_32k,swesmith/pudo__dataset.5c2dc8d3,en,train,ok,,,2,30,0.75,judge_label_mapped,0.375
bottlepy__bottle.a8dfef30.func_basic__0wprhjy0,swe_64k,swesmith/bottlepy__bottle.a8dfef30,en,train,ok,,HARD_BUT_PARTIAL_SIGNAL,2,30,0.75,judge_label_mapped,0.0
agronholm__typeguard.b6a7e438.combine_file__5py5l9eu,swe_32k,swesmith/agronholm__typeguard.b6a7e438,ko,train,ok,,HARD_BUT_PARTIAL_SIGNAL,1,30,0.6,judge_label_mapped,0.0
pyupio__safety.7654596b.combine_file__e5r40nb1,swe_64k,swesmith/pyupio__safety.7654596b,ko,train,ok,,F2P_PRUNED:1;P2P_PRUNED:2;HARD_BUT_PARTIAL_SIGNAL,25,28,0.4,judge_label_mapped,0.0
Knio__dominate.9082227e.func_basic__vk3b9n0c,swe_32k,swesmith/Knio__dominate.9082227e,en,train,ok,,,1,30,0.75,judge_label_mapped,0.375
cknd__stackprinter.219fcc52.combine_file__tla0a4bg,swe_32k,swesmith/cknd__stackprinter.219fcc52,ko,validation,ok,,,2,5,0.4,judge_label_mapped,
pyupio__safety.7654596b.combine_module__7gp14oar,swe_32k,swesmith/pyupio__safety.7654596b,en,train,ok,,P2P_PRUNED:1;HARD_BUT_PARTIAL_SIGNAL,2,29,0.25,judge_label_mapped,0.0
Knio__dominate.9082227e.func_basic__o8ou3kcn,swe_32k,swesmith/Knio__dominate.9082227e,ko,train,ok,,,1,30,0.75,judge_label_mapped,0.625
mahmoud__boltons.3bfcfdd0.combine_file__zbreonqj,swe_128k,swesmith/mahmoud__boltons.3bfcfdd0,en,train,ok,,HARD_BUT_PARTIAL_SIGNAL,3,30,0.6,judge_label_mapped,0.0
jd__tenacity.0d40e76f.combine_file__ktykmrgz,swe_32k,swesmith/jd__tenacity.0d40e76f,en,train,ok,,HARD_BUT_PARTIAL_SIGNAL,5,30,0.6,judge_label_mapped,0.0
pyupio__safety.7654596b.combine_file__ve70248y,swe_64k,swesmith/pyupio__safety.7654596b,en,train,ok,,P2P_PRUNED:1;HARD_BUT_PARTIAL_SIGNAL,13,29,0.4,judge_label_mapped,0.0
cantools__cantools.0c6a7871.combine_file__1n52hkra,swe_64k,swesmith/cantools__cantools.0c6a7871,en,validation,ok,,,2,30,0.75,judge_label_mapped,
cknd__stackprinter.219fcc52.func_basic__3j9zhzsn,swe_32k,swesmith/cknd__stackprinter.219fcc52,en,validation,ok,,,1,6,0.75,judge_label_mapped,
luozhouyang__python-string-similarity.115acaac.func_basic__rkija2xk,swe_32k,swesmith/luozhouyang__python-string-similarity.115acaac,ko,excluded,excluded,BUG_IN_TEST_FILE,gold_touches_tests,0,0,0.4,judge_label_mapped,
pyupio__safety.7654596b.combine_file__sbf8hcsg,swe_32k,swesmith/pyupio__safety.7654596b,en,train,ok,,P2P_PRUNED:1;HARD_BUT_PARTIAL_SIGNAL,13,29,0.25,judge_label_mapped,0.0
PyCQA__flake8.cf1542ce.combine_file__4w2x9qv4,swe_128k,swesmith/PyCQA__flake8.cf1542ce,en,train,ok,,HARD_BUT_PARTIAL_SIGNAL,46,30,0.4,judge_label_mapped,0.0
jaraco__inflect.c079a96a.func_basic__dbo4i67m,swe_64k,swesmith/jaraco__inflect.c079a96a,en,excluded,excluded,TOO_HARD,gold_touches_tests,7,30,0.75,judge_label_mapped,0.0
oauthlib__oauthlib.1fd52536.combine_file__5u9sk9ee,swe_32k,swesmith/oauthlib__oauthlib.1fd52536,en,train,ok,,HARD_BUT_PARTIAL_SIGNAL,5,30,0.4,judge_label_mapped,0.0
pdfminer__pdfminer.six.1a8bd2f7.combine_file__s1ljna0u,swe_32k,swesmith/pdfminer__pdfminer.six.1a8bd2f7,en,train,ok,,F2P_PRUNED:3;HARD_BUT_PARTIAL_SIGNAL,50,30,0.4,judge_label_mapped,0.0
cantools__cantools.0c6a7871.combine_file__38ex0or2,swe_32k,swesmith/cantools__cantools.0c6a7871,ko,validation,ok,,,2,30,0.6,judge_label_mapped,
bottlepy__bottle.a8dfef30.func_basic__3o4hv5ws,swe_64k,swesmith/bottlepy__bottle.a8dfef30,ko,train,ok,,,1,30,0.75,judge_label_mapped,0.875
Suor__funcy.207a7810.combine_file__kf50a2ph,swe_64k,swesmith/Suor__funcy.207a7810,ko,excluded,excluded,TOO_HARD,,2,30,0.6,judge_label_mapped,0.0
pygments__pygments.27649ebb.combine_file__1uoyde1x,swe_64k,swesmith/pygments__pygments.27649ebb,ko,train,ok,,,9,30,0.4,judge_label_mapped,0.25
pyupio__safety.7654596b.combine_module__9rn6emo5,swe_128k,swesmith/pyupio__safety.7654596b,en,train,ok,,P2P_PRUNED:1;HARD_BUT_PARTIAL_SIGNAL,2,29,0.4,judge_label_mapped,0.0
cknd__stackprinter.219fcc52.combine_file__wvbrr8iz,swe_32k,swesmith/cknd__stackprinter.219fcc52,ko,validation,ok,,,2,4,0.4,judge_label_mapped,
Suor__funcy.207a7810.combine_file__b3usvi20,swe_32k,swesmith/Suor__funcy.207a7810,en,train,ok,,HARD_BUT_PARTIAL_SIGNAL,2,30,0.6,judge_label_mapped,0.0
cknd__stackprinter.219fcc52.combine_file__tn5q5tqx,swe_32k,swesmith/cknd__stackprinter.219fcc52,ko,validation,ok,,,2,5,0.25,judge_label_mapped,
agronholm__exceptiongroup.0b4f4937.combine_file__t8u2uac6,swe_32k,swesmith/agronholm__exceptiongroup.0b4f4937,en,test,ok,,,10,30,0.4,judge_label_mapped,
pyupio__safety.7654596b.combine_file__rof0dnio,swe_128k,swesmith/pyupio__safety.7654596b,ko,train,ok,,F2P_PRUNED:1;HARD_BUT_PARTIAL_SIGNAL,7,30,0.4,judge_label_mapped,0.0
mahmoud__boltons.3bfcfdd0.func_basic__cgc05xp5,swe_128k,swesmith/mahmoud__boltons.3bfcfdd0,en,train,ok,,,1,30,0.75,judge_label_mapped,0.125
Cog-Creators__Red-DiscordBot.33e0eac7.combine_file__eq2t7cw0,swe_128k,swesmith/Cog-Creators__Red-DiscordBot.33e0eac7,en,validation,ok,,,4,30,0.6,judge_label_mapped,
joke2k__faker.8b401a7d.combine_module__dk371i7h,swe_64k,swesmith/joke2k__faker.8b401a7d,ko,test,ok,,GOLD_WHITESPACE_MISMATCH,5,30,0.4,judge_label_mapped,
mahmoud__boltons.3bfcfdd0.combine_file__ol79yd75,swe_32k,swesmith/mahmoud__boltons.3bfcfdd0,en,train,ok,,HARD_BUT_PARTIAL_SIGNAL,2,30,0.4,judge_label_mapped,0.0
Suor__funcy.207a7810.combine_file__5pn9f8oq,swe_64k,swesmith/Suor__funcy.207a7810,en,train,ok,,HARD_BUT_PARTIAL_SIGNAL,4,30,0.4,judge_label_mapped,0.0
Suor__funcy.207a7810.combine_file__kgrqkjkr,swe_64k,swesmith/Suor__funcy.207a7810,ko,train,ok,,HARD_BUT_PARTIAL_SIGNAL,15,30,0.4,judge_label_mapped,0.0
oauthlib__oauthlib.1fd52536.combine_file__39khb9no,swe_32k,swesmith/oauthlib__oauthlib.1fd52536,en,train,ok,,HARD_BUT_PARTIAL_SIGNAL,1,30,0.6,judge_label_mapped,0.0
Cog-Creators__Red-DiscordBot.33e0eac7.combine_module__1qhrm4tp,swe_128k,swesmith/Cog-Creators__Red-DiscordBot.33e0eac7,ko,validation,ok,,,3,30,0.6,judge_label_mapped,
cknd__stackprinter.219fcc52.combine_file__rmvmrjvl,swe_32k,swesmith/cknd__stackprinter.219fcc52,en,validation,ok,,,1,6,0.4,judge_label_mapped,
agronholm__typeguard.b6a7e438.combine_file__l6xpw0sc,swe_32k,swesmith/agronholm__typeguard.b6a7e438,en,train,ok,,HARD_BUT_PARTIAL_SIGNAL,50,30,0.4,judge_label_mapped,0.0
bottlepy__bottle.a8dfef30.func_basic__6b8t5a7k,swe_128k,swesmith/bottlepy__bottle.a8dfef30,ko,train,ok,,,8,30,0.75,judge_label_mapped,0.25
jaraco__inflect.c079a96a.func_basic__e6bhg47n,swe_64k,swesmith/jaraco__inflect.c079a96a,en,excluded,excluded,TOO_HARD,gold_touches_tests,8,30,0.4,judge_label_mapped,0.0
joke2k__faker.8b401a7d.combine_file__30sjljt6,swe_128k,swesmith/joke2k__faker.8b401a7d,ko,test,ok,,,3,30,0.4,judge_label_mapped,
jaraco__inflect.c079a96a.func_basic__eyxpbrah,swe_64k,swesmith/jaraco__inflect.c079a96a,en,excluded,excluded,TOO_HARD,gold_touches_tests,7,30,0.6,judge_label_mapped,0.0
PyCQA__flake8.cf1542ce.combine_file__v8lc596p,swe_32k,swesmith/PyCQA__flake8.cf1542ce,en,train,ok,,HARD_BUT_PARTIAL_SIGNAL,5,30,0.4,judge_label_mapped,0.0
Cog-Creators__Red-DiscordBot.33e0eac7.combine_module__k8yyxz57,swe_128k,swesmith/Cog-Creators__Red-DiscordBot.33e0eac7,ko,validation,ok,,,5,30,0.6,judge_label_mapped,
pdfminer__pdfminer.six.1a8bd2f7.func_basic__1ageli1n,swe_32k,swesmith/pdfminer__pdfminer.six.1a8bd2f7,en,train,ok,,,2,30,0.4,judge_label_mapped,0.25
pygments__pygments.27649ebb.combine_file__1av74s7e,swe_128k,swesmith/pygments__pygments.27649ebb,en,train,ok,,HARD_BUT_PARTIAL_SIGNAL,29,30,0.25,judge_label_mapped,0.0
cantools__cantools.0c6a7871.combine_file__2brlcts5,swe_32k,swesmith/cantools__cantools.0c6a7871,en,validation,ok,,,7,30,0.6,judge_label_mapped,
luozhouyang__python-string-similarity.115acaac.func_basic__1ouyfaee,swe_32k,swesmith/luozhouyang__python-string-similarity.115acaac,en,test,ok,,,2,16,0.6,judge_label_mapped,
pyupio__safety.7654596b.combine_module__6gxvy2xw,swe_64k,swesmith/pyupio__safety.7654596b,ko,train,ok,,P2P_PRUNED:1;HARD_BUT_PARTIAL_SIGNAL,1,29,0.6,judge_label_mapped,0.0
cknd__stackprinter.219fcc52.combine_file__eusfx4hz,swe_32k,swesmith/cknd__stackprinter.219fcc52,en,validation,ok,,,1,6,0.6,judge_label_mapped,
pyupio__safety.7654596b.combine_module__5bh42ayv,swe_128k,swesmith/pyupio__safety.7654596b,ko,train,ok,,P2P_PRUNED:1;HARD_BUT_PARTIAL_SIGNAL,4,29,0.4,judge_label_mapped,0.0
jaraco__inflect.c079a96a.func_basic__5cucjnbf,swe_64k,swesmith/jaraco__inflect.c079a96a,en,excluded,excluded,TOO_HARD,gold_touches_tests,1,30,0.75,judge_label_mapped,0.0
pdfminer__pdfminer.six.1a8bd2f7.func_basic__06convwo,swe_64k,swesmith/pdfminer__pdfminer.six.1a8bd2f7,en,train,ok,,,1,30,0.6,judge_label_mapped,0.25
Knio__dominate.9082227e.combine_file__goh3sa64,swe_32k,swesmith/Knio__dominate.9082227e,ko,train,ok,,HARD_BUT_PARTIAL_SIGNAL,5,30,0.6,judge_label_mapped,0.0
jaraco__inflect.c079a96a.func_basic__f3ammn7c,swe_64k,swesmith/jaraco__inflect.c079a96a,en,excluded,excluded,BUG_IN_TEST_FILE,gold_touches_tests,0,0,0.75,judge_label_mapped,
Knio__dominate.9082227e.func_pm_ctrl_shuffle__p7q9mdxe,swe_32k,swesmith/Knio__dominate.9082227e,ko,train,ok,,,1,30,0.75,judge_label_mapped,0.875
cantools__cantools.0c6a7871.combine_file__1n4yyvlw,swe_32k,swesmith/cantools__cantools.0c6a7871,en,validation,ok,,,4,30,0.75,judge_label_mapped,
luozhouyang__python-string-similarity.115acaac.func_pm_class_rm_base__9yoz5qo5,swe_32k,swesmith/luozhouyang__python-string-similarity.115acaac,en,test,ok,,,1,17,0.75,judge_label_mapped,
PyCQA__flake8.cf1542ce.combine_file__ddyvctvg,swe_32k,swesmith/PyCQA__flake8.cf1542ce,ko,train,ok,,HARD_BUT_PARTIAL_SIGNAL,3,30,0.6,judge_label_mapped,0.0
agronholm__typeguard.b6a7e438.combine_file__z8bzaj2a,swe_64k,swesmith/agronholm__typeguard.b6a7e438,ko,train,ok,,F2P_PRUNED:72;HARD_BUT_PARTIAL_SIGNAL,50,30,0.25,judge_label_mapped,0.0
oauthlib__oauthlib.1fd52536.combine_file__519420f6,swe_128k,swesmith/oauthlib__oauthlib.1fd52536,en,train,ok,,F2P_PRUNED:21;HARD_BUT_PARTIAL_SIGNAL,50,30,0.4,judge_label_mapped,0.0
agronholm__exceptiongroup.0b4f4937.combine_module__3hhws1dx,swe_32k,swesmith/agronholm__exceptiongroup.0b4f4937,ko,test,ok,,,28,30,0.4,judge_label_mapped,
Knio__dominate.9082227e.func_basic__n967oo4y,swe_32k,swesmith/Knio__dominate.9082227e,ko,train,ok,,,4,30,0.75,judge_label_mapped,0.125
agronholm__typeguard.b6a7e438.combine_module__1knoriqb,swe_64k,swesmith/agronholm__typeguard.b6a7e438,ko,train,ok,,F2P_PRUNED:59;HARD_BUT_PARTIAL_SIGNAL,50,30,0.25,judge_label_mapped,0.0
pygments__pygments.27649ebb.combine_file__2u34qh2v,swe_64k,swesmith/pygments__pygments.27649ebb,en,train,ok,,F2P_PRUNED:158;HARD_BUT_PARTIAL_SIGNAL,50,30,0.6,judge_label_mapped,0.0
pyupio__safety.7654596b.combine_file__m92kensw,swe_64k,swesmith/pyupio__safety.7654596b,en,train,ok,,P2P_PRUNED:1;HARD_BUT_PARTIAL_SIGNAL,4,29,0.4,judge_label_mapped,0.0
mahmoud__boltons.3bfcfdd0.combine_file__ihyco1e8,swe_128k,swesmith/mahmoud__boltons.3bfcfdd0,ko,train,ok,,HARD_BUT_PARTIAL_SIGNAL,2,30,0.6,judge_label_mapped,0.0
jd__tenacity.0d40e76f.combine_file__hmo3b7hp,swe_32k,swesmith/jd__tenacity.0d40e76f,en,train,ok,,P2P_PRUNED:16;HARD_BUT_PARTIAL_SIGNAL,26,14,0.4,judge_label_mapped,0.0
pygments__pygments.27649ebb.combine_file__3zhkehcy,swe_64k,swesmith/pygments__pygments.27649ebb,en,train,ok,,HARD_BUT_PARTIAL_SIGNAL,11,30,0.4,judge_label_mapped,0.0
jaraco__inflect.c079a96a.func_basic__5pzge45q,swe_64k,swesmith/jaraco__inflect.c079a96a,en,excluded,excluded,TOO_HARD,gold_touches_tests,6,30,0.6,judge_label_mapped,0.0
mahmoud__boltons.3bfcfdd0.func_basic__5vq1fa1x,swe_32k,swesmith/mahmoud__boltons.3bfcfdd0,ko,excluded,excluded,TOO_EASY,,4,30,0.75,judge_label_mapped,1.0
agronholm__exceptiongroup.0b4f4937.combine_file__74zzufuj,swe_32k,swesmith/agronholm__exceptiongroup.0b4f4937,ko,test,ok,,,38,30,0.75,judge_label_mapped,
oauthlib__oauthlib.1fd52536.combine_file__0qgnxkrq,swe_128k,swesmith/oauthlib__oauthlib.1fd52536,en,train,ok,,HARD_BUT_PARTIAL_SIGNAL,13,30,0.6,judge_label_mapped,0.0
cantools__cantools.0c6a7871.combine_file__07mxw5uc,swe_128k,swesmith/cantools__cantools.0c6a7871,ko,validation,ok,,,8,30,0.25,judge_label_mapped,
agronholm__exceptiongroup.0b4f4937.combine_file__m8abag3k,swe_32k,swesmith/agronholm__exceptiongroup.0b4f4937,en,test,ok,,,33,30,0.6,judge_label_mapped,
oauthlib__oauthlib.1fd52536.combine_file__0mvyid7d,swe_32k,swesmith/oauthlib__oauthlib.1fd52536,ko,train,ok,,HARD_BUT_PARTIAL_SIGNAL,13,30,0.6,judge_label_mapped,0.0
pyupio__safety.7654596b.combine_file__mwteckxl,swe_128k,swesmith/pyupio__safety.7654596b,en,train,ok,,P2P_PRUNED:1;HARD_BUT_PARTIAL_SIGNAL,1,29,0.75,judge_label_mapped,0.0
bottlepy__bottle.a8dfef30.func_basic__35d6hr69,swe_128k,swesmith/bottlepy__bottle.a8dfef30,en,train,ok,,F2P_PRUNED:11;HARD_BUT_PARTIAL_SIGNAL,50,30,0.6,judge_label_mapped,0.0
cantools__cantools.0c6a7871.combine_file__2yrjny26,swe_128k,swesmith/cantools__cantools.0c6a7871,ko,validation,ok,,,4,30,0.6,judge_label_mapped,
Knio__dominate.9082227e.pr_166,swe_32k,swesmith/Knio__dominate.9082227e,en,train,ok,,,1,30,0.75,judge_label_mapped,0.5
agronholm__typeguard.b6a7e438.combine_module__1qs2br8y,swe_32k,swesmith/agronholm__typeguard.b6a7e438,ko,train,ok,,F2P_PRUNED:140;HARD_BUT_PARTIAL_SIGNAL,50,30,0.25,judge_label_mapped,0.0
luozhouyang__python-string-similarity.115acaac.combine_file__d9cyukdt,swe_32k,swesmith/luozhouyang__python-string-similarity.115acaac,en,excluded,excluded,BUG_IN_TEST_FILE,gold_touches_tests,0,0,0.4,judge_label_mapped,
bottlepy__bottle.a8dfef30.func_basic__5jjbzd7u,swe_128k,swesmith/bottlepy__bottle.a8dfef30,en,excluded,excluded,TOO_HARD,,1,30,0.75,judge_label_mapped,0.0
jd__tenacity.0d40e76f.combine_file__l80x0v9y,swe_64k,swesmith/jd__tenacity.0d40e76f,en,train,ok,,F2P_PRUNED:45;P2P_PRUNED:3;HARD_BUT_PARTIAL_SIGNAL,50,25,0.75,judge_label_mapped,0.0
pdfminer__pdfminer.six.1a8bd2f7.combine_file__k4rf315w,swe_32k,swesmith/pdfminer__pdfminer.six.1a8bd2f7,en,train,ok,,HARD_BUT_PARTIAL_SIGNAL,35,30,0.25,judge_label_mapped,0.0
pdfminer__pdfminer.six.1a8bd2f7.combine_file__4bmgk2fe,swe_32k,swesmith/pdfminer__pdfminer.six.1a8bd2f7,ko,train,ok,,HARD_BUT_PARTIAL_SIGNAL,35,30,0.4,judge_label_mapped,0.0
agronholm__typeguard.b6a7e438.combine_file__klhoyyyb,swe_64k,swesmith/agronholm__typeguard.b6a7e438,en,train,ok,,HARD_BUT_PARTIAL_SIGNAL,4,30,0.6,judge_label_mapped,0.0
jd__tenacity.0d40e76f.combine_module__nakua4hv,swe_32k,swesmith/jd__tenacity.0d40e76f,ko,train,ok,,HARD_BUT_PARTIAL_SIGNAL,15,30,0.4,judge_label_mapped,0.0
luozhouyang__python-string-similarity.115acaac.combine_file__jzax0e58,swe_32k,swesmith/luozhouyang__python-string-similarity.115acaac,ko,test,ok,,,6,12,0.4,judge_label_mapped,
agronholm__typeguard.b6a7e438.combine_file__vt93kwbv,swe_64k,swesmith/agronholm__typeguard.b6a7e438,ko,train,ok,,,1,30,0.6,judge_label_mapped,0.25
bottlepy__bottle.a8dfef30.func_basic__5wlfrp85,swe_64k,swesmith/bottlepy__bottle.a8dfef30,en,train,ok,,HARD_BUT_PARTIAL_SIGNAL,18,30,0.6,judge_label_mapped,0.0
oauthlib__oauthlib.1fd52536.combine_file__1utlssis,swe_64k,swesmith/oauthlib__oauthlib.1fd52536,ko,train,ok,,HARD_BUT_PARTIAL_SIGNAL,1,30,0.4,judge_label_mapped,0.0
pudo__dataset.5c2dc8d3.func_pm_remove_assign__wisytcfw,swe_32k,swesmith/pudo__dataset.5c2dc8d3,ko,train,ok,,,2,30,0.75,judge_label_mapped,0.5
pyupio__safety.7654596b.combine_file__ar1yz5p5,swe_32k,swesmith/pyupio__safety.7654596b,en,train,ok,,P2P_PRUNED:1;HARD_BUT_PARTIAL_SIGNAL,1,29,0.4,judge_label_mapped,0.0
mahmoud__boltons.3bfcfdd0.combine_file__ozufqtez,swe_64k,swesmith/mahmoud__boltons.3bfcfdd0,en,train,ok,,HARD_BUT_PARTIAL_SIGNAL,2,30,0.4,judge_label_mapped,0.0
bottlepy__bottle.a8dfef30.func_basic__1dt250gk,swe_64k,swesmith/bottlepy__bottle.a8dfef30,ko,train,ok,,HARD_BUT_PARTIAL_SIGNAL,2,30,0.75,judge_label_mapped,0.0
cknd__stackprinter.219fcc52.combine_file__762052u8,swe_32k,swesmith/cknd__stackprinter.219fcc52,en,validation,ok,,,2,5,0.6,judge_label_mapped,
jd__tenacity.0d40e76f.combine_file__s88gei6c,swe_64k,swesmith/jd__tenacity.0d40e76f,en,train,ok,,HARD_BUT_PARTIAL_SIGNAL,14,30,0.6,judge_label_mapped,0.0
pudo__dataset.5c2dc8d3.combine_file__4oc6t9ws,swe_32k,swesmith/pudo__dataset.5c2dc8d3,en,train,ok,,,5,30,0.75,judge_label_mapped,0.125
PyCQA__flake8.cf1542ce.func_basic__4p568z8i,swe_32k,swesmith/PyCQA__flake8.cf1542ce,en,train,ok,,HARD_BUT_PARTIAL_SIGNAL,4,30,0.75,judge_label_mapped,0.0
cantools__cantools.0c6a7871.combine_file__2x8k5l18,swe_64k,swesmith/cantools__cantools.0c6a7871,en,validation,ok,,,23,30,0.4,judge_label_mapped,
pudo__dataset.5c2dc8d3.combine_file__2krxnkkn,swe_32k,swesmith/pudo__dataset.5c2dc8d3,ko,train,ok,,HARD_BUT_PARTIAL_SIGNAL,30,28,0.4,judge_label_mapped,0.0
Knio__dominate.9082227e.combine_file__d7fon4r9,swe_32k,swesmith/Knio__dominate.9082227e,ko,train,ok,,HARD_BUT_PARTIAL_SIGNAL,7,30,0.4,judge_label_mapped,0.0
pudo__dataset.5c2dc8d3.func_pm_op_change_const__06dgb4ak,swe_32k,swesmith/pudo__dataset.5c2dc8d3,en,train,ok,,HARD_BUT_PARTIAL_SIGNAL,2,30,0.75,judge_label_mapped,0.0
pdfminer__pdfminer.six.1a8bd2f7.combine_file__n3q10r4i,swe_32k,swesmith/pdfminer__pdfminer.six.1a8bd2f7,ko,train,ok,,HARD_BUT_PARTIAL_SIGNAL,6,30,0.25,judge_label_mapped,0.0
Suor__funcy.207a7810.combine_file__n10h9w68,swe_32k,swesmith/Suor__funcy.207a7810,ko,excluded,excluded,TOO_HARD,,8,30,0.6,judge_label_mapped,0.0
mahmoud__boltons.3bfcfdd0.func_basic__4qcfel1l,swe_128k,swesmith/mahmoud__boltons.3bfcfdd0,ko,train,ok,,,5,30,0.75,judge_label_mapped,0.5
oauthlib__oauthlib.1fd52536.combine_file__868k2n2u,swe_64k,swesmith/oauthlib__oauthlib.1fd52536,ko,train,ok,,GOLD_WHITESPACE_MISMATCH;HARD_BUT_PARTIAL_SIGNAL,6,30,0.25,judge_label_mapped,0.0
joke2k__faker.8b401a7d.combine_module__1y51jvcq,swe_128k,swesmith/joke2k__faker.8b401a7d,en,test,ok,,GOLD_WHITESPACE_MISMATCH,4,30,0.4,judge_label_mapped,
jd__tenacity.0d40e76f.combine_file__nz9s0cog,swe_32k,swesmith/jd__tenacity.0d40e76f,ko,train,ok,,F2P_PRUNED:6;HARD_BUT_PARTIAL_SIGNAL,50,30,0.4,judge_label_mapped,0.0
Knio__dominate.9082227e.combine_file__kbi8bkks,swe_32k,swesmith/Knio__dominate.9082227e,en,train,ok,,HARD_BUT_PARTIAL_SIGNAL,10,30,0.4,judge_label_mapped,0.0
Suor__funcy.207a7810.combine_file__hpynyyl2,swe_32k,swesmith/Suor__funcy.207a7810,en,train,ok,,HARD_BUT_PARTIAL_SIGNAL,1,30,0.4,judge_label_mapped,0.0
cantools__cantools.0c6a7871.combine_file__1ok259na,swe_128k,swesmith/cantools__cantools.0c6a7871,en,validation,ok,,,16,30,0.6,judge_label_mapped,
cknd__stackprinter.219fcc52.combine_file__i0gooebd,swe_32k,swesmith/cknd__stackprinter.219fcc52,en,validation,ok,,,2,5,0.25,judge_label_mapped,
Cog-Creators__Red-DiscordBot.33e0eac7.combine_module__kh7gk9le,swe_32k,swesmith/Cog-Creators__Red-DiscordBot.33e0eac7,ko,validation,ok,,,3,30,0.4,judge_label_mapped,
jd__tenacity.0d40e76f.combine_file__hr16k2ip,swe_64k,swesmith/jd__tenacity.0d40e76f,ko,train,ok,,HARD_BUT_PARTIAL_SIGNAL,5,30,0.6,judge_label_mapped,0.0
Cog-Creators__Red-DiscordBot.33e0eac7.combine_file__ymgdbkre,swe_64k,swesmith/Cog-Creators__Red-DiscordBot.33e0eac7,ko,validation,ok,,,3,30,0.75,judge_label_mapped,
pdfminer__pdfminer.six.1a8bd2f7.combine_file__qunnfx70,swe_128k,swesmith/pdfminer__pdfminer.six.1a8bd2f7,en,train,ok,,HARD_BUT_PARTIAL_SIGNAL,2,30,0.6,judge_label_mapped,0.0
luozhouyang__python-string-similarity.115acaac.func_basic__az8mpkt3,swe_32k,swesmith/luozhouyang__python-string-similarity.115acaac,ko,test,ok,,,1,17,0.25,judge_label_mapped,
cknd__stackprinter.219fcc52.combine_file__rin3w3we,swe_32k,swesmith/cknd__stackprinter.219fcc52,ko,validation,ok,,,2,5,0.4,judge_label_mapped,
cantools__cantools.0c6a7871.combine_file__3jk0453k,swe_128k,swesmith/cantools__cantools.0c6a7871,en,validation,ok,,,7,30,0.4,judge_label_mapped,
Cog-Creators__Red-DiscordBot.33e0eac7.combine_module__9p10bve9,swe_128k,swesmith/Cog-Creators__Red-DiscordBot.33e0eac7,ko,validation,ok,,,2,30,0.4,judge_label_mapped,
agronholm__exceptiongroup.0b4f4937.combine_module__muc4qt7x,swe_32k,swesmith/agronholm__exceptiongroup.0b4f4937,en,excluded,excluded,NO_VALID_F2P,F2P_PRUNED:42;P2P_PRUNED:30,0,0,0.25,judge_label_mapped,
pdfminer__pdfminer.six.1a8bd2f7.combine_file__mb0vz2oh,swe_128k,swesmith/pdfminer__pdfminer.six.1a8bd2f7,en,train,ok,,F2P_PRUNED:7;HARD_BUT_PARTIAL_SIGNAL,50,30,0.25,judge_label_mapped,0.0
cknd__stackprinter.219fcc52.combine_file__bjl887iw,swe_32k,swesmith/cknd__stackprinter.219fcc52,en,validation,ok,,,2,5,0.4,judge_label_mapped,
bottlepy__bottle.a8dfef30.func_basic__152zvdf6,swe_64k,swesmith/bottlepy__bottle.a8dfef30,en,excluded,excluded,TOO_HARD,,1,30,0.75,judge_label_mapped,0.0
Cog-Creators__Red-DiscordBot.33e0eac7.combine_module__5u3yb4dc,swe_64k,swesmith/Cog-Creators__Red-DiscordBot.33e0eac7,ko,validation,ok,,,6,30,0.4,judge_label_mapped,
PyCQA__flake8.cf1542ce.combine_file__bgj05v4r,swe_128k,swesmith/PyCQA__flake8.cf1542ce,en,train,ok,,HARD_BUT_PARTIAL_SIGNAL,2,30,0.75,judge_label_mapped,0.0
jaraco__inflect.c079a96a.func_basic__56s87rnj,swe_64k,swesmith/jaraco__inflect.c079a96a,en,excluded,excluded,TOO_HARD,gold_touches_tests;P2P_PRUNED:1,5,29,0.75,judge_label_mapped,0.0
cknd__stackprinter.219fcc52.combine_file__5x4jvjgf,swe_32k,swesmith/cknd__stackprinter.219fcc52,en,validation,ok,,,4,3,0.25,judge_label_mapped,
joke2k__faker.8b401a7d.combine_file__bqixcnnt,swe_128k,swesmith/joke2k__faker.8b401a7d,ko,test,ok,,,5,30,0.4,judge_label_mapped,
pudo__dataset.5c2dc8d3.func_basic__rveulv1r,swe_32k,swesmith/pudo__dataset.5c2dc8d3,en,train,ok,,HARD_BUT_PARTIAL_SIGNAL,1,30,0.6,judge_label_mapped,0.0
PyCQA__flake8.cf1542ce.func_basic__tef8cs2v,swe_32k,swesmith/PyCQA__flake8.cf1542ce,en,train,ok,,HARD_BUT_PARTIAL_SIGNAL,25,30,0.75,judge_label_mapped,0.0
Suor__funcy.207a7810.combine_file__ngqssnyf,swe_64k,swesmith/Suor__funcy.207a7810,en,train,ok,,HARD_BUT_PARTIAL_SIGNAL,4,30,0.4,judge_label_mapped,0.0
agronholm__typeguard.b6a7e438.combine_file__uxmeqk7t,swe_64k,swesmith/agronholm__typeguard.b6a7e438,en,train,ok,,GOLD_WHITESPACE_MISMATCH;HARD_BUT_PARTIAL_SIGNAL,1,30,0.4,judge_label_mapped,0.0
cknd__stackprinter.219fcc52.combine_file__jn0ugk72,swe_32k,swesmith/cknd__stackprinter.219fcc52,ko,validation,ok,,,2,5,0.25,judge_label_mapped,
oauthlib__oauthlib.1fd52536.combine_file__3oyoy4m0,swe_32k,swesmith/oauthlib__oauthlib.1fd52536,en,excluded,excluded,TOO_HARD,,13,30,0.6,judge_label_mapped,0.0
cknd__stackprinter.219fcc52.func_basic__25ljeyka,swe_32k,swesmith/cknd__stackprinter.219fcc52,ko,validation,ok,,,1,6,0.75,judge_label_mapped,
bottlepy__bottle.a8dfef30.func_basic__6849utgq,swe_64k,swesmith/bottlepy__bottle.a8dfef30,en,excluded,excluded,TOO_HARD,,1,30,0.75,judge_label_mapped,0.0
Knio__dominate.9082227e.combine_file__n1qm27ke,swe_32k,swesmith/Knio__dominate.9082227e,ko,train,ok,,HARD_BUT_PARTIAL_SIGNAL,6,30,0.6,judge_label_mapped,0.0
agronholm__exceptiongroup.0b4f4937.combine_module__akqsiy9t,swe_32k,swesmith/agronholm__exceptiongroup.0b4f4937,en,excluded,excluded,NO_VALID_F2P,F2P_PRUNED:48;P2P_PRUNED:30,0,0,0.4,judge_label_mapped,
jaraco__inflect.c079a96a.func_basic__536jolbn,swe_64k,swesmith/jaraco__inflect.c079a96a,en,excluded,excluded,BUG_IN_TEST_FILE,gold_touches_tests,0,0,0.25,judge_label_mapped,
PyCQA__flake8.cf1542ce.func_basic__ty1ie75n,swe_128k,swesmith/PyCQA__flake8.cf1542ce,en,train,ok,,,1,30,0.75,judge_label_mapped,0.25
PyCQA__flake8.cf1542ce.combine_module__p15ejm6y,swe_64k,swesmith/PyCQA__flake8.cf1542ce,en,train,ok,,HARD_BUT_PARTIAL_SIGNAL,3,30,0.6,judge_label_mapped,0.0
pudo__dataset.5c2dc8d3.func_basic__hvfjr8u8,swe_32k,swesmith/pudo__dataset.5c2dc8d3,ko,train,ok,,HARD_BUT_PARTIAL_SIGNAL,4,30,0.6,judge_label_mapped,0.0
jaraco__inflect.c079a96a.func_basic__0hwljtvh,swe_64k,swesmith/jaraco__inflect.c079a96a,en,excluded,excluded,TOO_HARD,gold_touches_tests,6,30,0.75,judge_label_mapped,0.0
pdfminer__pdfminer.six.1a8bd2f7.func_basic__055x2yzv,swe_32k,swesmith/pdfminer__pdfminer.six.1a8bd2f7,en,train,ok,,HARD_BUT_PARTIAL_SIGNAL,14,30,0.6,judge_label_mapped,0.0
jaraco__inflect.c079a96a.func_basic__94dyt8wx,swe_64k,swesmith/jaraco__inflect.c079a96a,ko,excluded,excluded,BUG_IN_TEST_FILE,gold_touches_tests,0,0,0.6,judge_label_mapped,
Knio__dominate.9082227e.combine_file__ipd1y2xj,swe_32k,swesmith/Knio__dominate.9082227e,en,train,ok,,HARD_BUT_PARTIAL_SIGNAL,9,30,0.4,judge_label_mapped,0.0
agronholm__exceptiongroup.0b4f4937.combine_module__9iwyt81o,swe_32k,swesmith/agronholm__exceptiongroup.0b4f4937,ko,test,ok,,,48,30,0.25,judge_label_mapped,
pudo__dataset.5c2dc8d3.func_basic__67gq3d1w,swe_32k,swesmith/pudo__dataset.5c2dc8d3,en,excluded,excluded,TOO_HARD,,1,30,0.75,judge_label_mapped,0.0
Cog-Creators__Red-DiscordBot.33e0eac7.combine_module__ape0cbzb,swe_64k,swesmith/Cog-Creators__Red-DiscordBot.33e0eac7,en,validation,ok,,,2,30,0.6,judge_label_mapped,
jd__tenacity.0d40e76f.combine_file__oicq97rw,swe_64k,swesmith/jd__tenacity.0d40e76f,en,train,ok,,,25,30,0.6,judge_label_mapped,0.25
oauthlib__oauthlib.1fd52536.combine_file__0fceycuu,swe_64k,swesmith/oauthlib__oauthlib.1fd52536,ko,train,ok,,HARD_BUT_PARTIAL_SIGNAL,13,30,0.25,judge_label_mapped,0.0
Knio__dominate.9082227e.func_basic__01pkn73c,swe_32k,swesmith/Knio__dominate.9082227e,en,train,ok,,,1,30,0.75,judge_label_mapped,0.375
oauthlib__oauthlib.1fd52536.combine_file__3bgiin60,swe_64k,swesmith/oauthlib__oauthlib.1fd52536,ko,train,ok,,F2P_PRUNED:118,50,30,0.6,judge_label_mapped,0.625
pdfminer__pdfminer.six.1a8bd2f7.combine_file__bjts5roo,swe_128k,swesmith/pdfminer__pdfminer.six.1a8bd2f7,ko,train,ok,,HARD_BUT_PARTIAL_SIGNAL,3,30,0.4,judge_label_mapped,0.0
luozhouyang__python-string-similarity.115acaac.func_pm_ctrl_shuffle__1pnopti2,swe_32k,swesmith/luozhouyang__python-string-similarity.115acaac,en,test,ok,,,1,17,0.6,judge_label_mapped,
jaraco__inflect.c079a96a.func_basic__1jrv4g0i,swe_64k,swesmith/jaraco__inflect.c079a96a,ko,excluded,excluded,TOO_HARD,gold_touches_tests,7,30,0.4,judge_label_mapped,0.0
pudo__dataset.5c2dc8d3.combine_file__fboctjy6,swe_32k,swesmith/pudo__dataset.5c2dc8d3,en,train,ok,,HARD_BUT_PARTIAL_SIGNAL,3,30,0.4,judge_label_mapped,0.0
cknd__stackprinter.219fcc52.combine_file__pim7hbhr,swe_32k,swesmith/cknd__stackprinter.219fcc52,en,validation,ok,,,2,5,0.75,judge_label_mapped,
pudo__dataset.5c2dc8d3.func_pm_op_swap__2oxgipl5,swe_32k,swesmith/pudo__dataset.5c2dc8d3,ko,excluded,excluded,TOO_EASY,,1,30,0.75,judge_label_mapped,1.0
pygments__pygments.27649ebb.combine_file__45nwhbd4,swe_128k,swesmith/pygments__pygments.27649ebb,en,train,ok,,HARD_BUT_PARTIAL_SIGNAL,4,30,0.4,judge_label_mapped,0.0
pudo__dataset.5c2dc8d3.combine_file__lltfzw0k,swe_32k,swesmith/pudo__dataset.5c2dc8d3,en,train,ok,,HARD_BUT_PARTIAL_SIGNAL,49,10,0.25,judge_label_mapped,0.0
luozhouyang__python-string-similarity.115acaac.func_pm_class_rm_funcs__yujshjdy,swe_32k,swesmith/luozhouyang__python-string-similarity.115acaac,ko,test,ok,,,1,17,0.75,judge_label_mapped,
pdfminer__pdfminer.six.1a8bd2f7.combine_file__sd1ohtqw,swe_64k,swesmith/pdfminer__pdfminer.six.1a8bd2f7,ko,train,ok,,F2P_PRUNED:14;HARD_BUT_PARTIAL_SIGNAL,50,30,0.4,judge_label_mapped,0.0
cknd__stackprinter.219fcc52.func_basic__30hvrznx,swe_32k,swesmith/cknd__stackprinter.219fcc52,ko,validation,ok,,,1,6,0.6,judge_label_mapped,
agronholm__exceptiongroup.0b4f4937.combine_module__b5drlb83,swe_32k,swesmith/agronholm__exceptiongroup.0b4f4937,en,test,ok,,,32,30,0.6,judge_label_mapped,
bottlepy__bottle.a8dfef30.func_basic__0vv1q5yz,swe_128k,swesmith/bottlepy__bottle.a8dfef30,en,train,ok,,HARD_BUT_PARTIAL_SIGNAL,6,30,0.4,judge_label_mapped,0.0
Suor__funcy.207a7810.combine_file__fkcvx1dp,swe_64k,swesmith/Suor__funcy.207a7810,en,train,ok,,HARD_BUT_PARTIAL_SIGNAL,4,30,0.4,judge_label_mapped,0.0
Suor__funcy.207a7810.combine_file__bnonopci,swe_64k,swesmith/Suor__funcy.207a7810,en,train,ok,,HARD_BUT_PARTIAL_SIGNAL,4,30,0.4,judge_label_mapped,0.0
agronholm__exceptiongroup.0b4f4937.combine_module__n2js3rxc,swe_32k,swesmith/agronholm__exceptiongroup.0b4f4937,en,test,ok,,,25,30,0.25,judge_label_mapped,
jaraco__inflect.c079a96a.func_basic__9yqwwre7,swe_64k,swesmith/jaraco__inflect.c079a96a,en,excluded,excluded,TOO_HARD,gold_touches_tests,7,30,0.4,judge_label_mapped,0.0
joke2k__faker.8b401a7d.combine_module__f7poqcvt,swe_128k,swesmith/joke2k__faker.8b401a7d,ko,test,ok,,,6,30,0.6,judge_label_mapped,
jd__tenacity.0d40e76f.combine_file__s0bcdks5,swe_32k,swesmith/jd__tenacity.0d40e76f,ko,train,ok,,,4,30,0.6,judge_label_mapped,0.625
joke2k__faker.8b401a7d.combine_file__htznb606,swe_32k,swesmith/joke2k__faker.8b401a7d,ko,test,ok,,,2,30,0.4,judge_label_mapped,
pudo__dataset.5c2dc8d3.func_pm_ctrl_shuffle__pswkwm97,swe_32k,swesmith/pudo__dataset.5c2dc8d3,en,train,ok,,,2,30,0.6,judge_label_mapped,0.125
Cog-Creators__Red-DiscordBot.33e0eac7.combine_module__4lipjp36,swe_64k,swesmith/Cog-Creators__Red-DiscordBot.33e0eac7,ko,validation,ok,,,6,30,0.6,judge_label_mapped,
luozhouyang__python-string-similarity.115acaac.func_basic__rmgx8uxc,swe_32k,swesmith/luozhouyang__python-string-similarity.115acaac,en,test,ok,,,4,14,0.6,judge_label_mapped,
jd__tenacity.0d40e76f.combine_module__jua0momz,swe_64k,swesmith/jd__tenacity.0d40e76f,en,train,ok,,HARD_BUT_PARTIAL_SIGNAL,15,30,0.25,judge_label_mapped,0.0
luozhouyang__python-string-similarity.115acaac.func_pm_ctrl_shuffle__380c1d6z,swe_32k,swesmith/luozhouyang__python-string-similarity.115acaac,ko,excluded,excluded,BUG_IN_TEST_FILE,gold_touches_tests,0,0,0.75,judge_label_mapped,
pdfminer__pdfminer.six.1a8bd2f7.combine_file__dkox5kc3,swe_64k,swesmith/pdfminer__pdfminer.six.1a8bd2f7,en,train,ok,,GOLD_WHITESPACE_MISMATCH;F2P_PRUNED:10;HARD_BUT_PARTIAL_SIGNAL,50,30,0.75,judge_label_mapped,0.0
PyCQA__flake8.cf1542ce.func_basic__ahsvw4y9,swe_128k,swesmith/PyCQA__flake8.cf1542ce,en,train,ok,,HARD_BUT_PARTIAL_SIGNAL,1,30,0.75,judge_label_mapped,0.0
Suor__funcy.207a7810.combine_file__fhtvhqfu,swe_64k,swesmith/Suor__funcy.207a7810,en,train,ok,,HARD_BUT_PARTIAL_SIGNAL,5,30,0.75,judge_label_mapped,0.0
cknd__stackprinter.219fcc52.func_basic__1cwksd8q,swe_32k,swesmith/cknd__stackprinter.219fcc52,ko,validation,ok,,,1,6,0.75,judge_label_mapped,
Suor__funcy.207a7810.combine_file__1vbqy9bz,swe_64k,swesmith/Suor__funcy.207a7810,ko,train,ok,,HARD_BUT_PARTIAL_SIGNAL,18,30,0.25,judge_label_mapped,0.0
pudo__dataset.5c2dc8d3.combine_file__glss5km2,swe_32k,swesmith/pudo__dataset.5c2dc8d3,ko,train,ok,,HARD_BUT_PARTIAL_SIGNAL,3,30,0.6,judge_label_mapped,0.0
Suor__funcy.207a7810.combine_file__3u9hti2d,swe_32k,swesmith/Suor__funcy.207a7810,en,train,ok,,HARD_BUT_PARTIAL_SIGNAL,4,30,0.4,judge_label_mapped,0.0
agronholm__typeguard.b6a7e438.combine_file__qxclmho4,swe_64k,swesmith/agronholm__typeguard.b6a7e438,en,train,ok,,F2P_PRUNED:4;HARD_BUT_PARTIAL_SIGNAL,50,30,0.25,judge_label_mapped,0.0
pygments__pygments.27649ebb.combine_file__4m8o66cm,swe_128k,swesmith/pygments__pygments.27649ebb,en,train,ok,,HARD_BUT_PARTIAL_SIGNAL,2,30,0.25,judge_label_mapped,0.0
cantools__cantools.0c6a7871.combine_file__1vfs3c1n,swe_64k,swesmith/cantools__cantools.0c6a7871,ko,validation,ok,,,8,30,0.4,judge_label_mapped,
joke2k__faker.8b401a7d.combine_file__igao2n9v,swe_64k,swesmith/joke2k__faker.8b401a7d,en,test,ok,,,5,30,0.6,judge_label_mapped,
pdfminer__pdfminer.six.1a8bd2f7.combine_file__hhvxkwe1,swe_64k,swesmith/pdfminer__pdfminer.six.1a8bd2f7,en,train,ok,,F2P_PRUNED:10;HARD_BUT_PARTIAL_SIGNAL,50,30,0.25,judge_label_mapped,0.0
Suor__funcy.207a7810.combine_file__effl2cbb,swe_64k,swesmith/Suor__funcy.207a7810,ko,train,ok,,,4,30,0.75,judge_label_mapped,0.375
agronholm__typeguard.b6a7e438.combine_file__cczk49sy,swe_64k,swesmith/agronholm__typeguard.b6a7e438,ko,train,ok,,F2P_PRUNED:80;HARD_BUT_PARTIAL_SIGNAL,50,30,0.6,judge_label_mapped,0.0
cknd__stackprinter.219fcc52.combine_file__f7lheywo,swe_32k,swesmith/cknd__stackprinter.219fcc52,ko,validation,ok,,,3,4,0.4,judge_label_mapped,
Knio__dominate.9082227e.combine_file__29cxy57f,swe_32k,swesmith/Knio__dominate.9082227e,ko,train,ok,,HARD_BUT_PARTIAL_SIGNAL,2,30,0.6,judge_label_mapped,0.0
bottlepy__bottle.a8dfef30.func_basic__4e8v44sy,swe_64k,swesmith/bottlepy__bottle.a8dfef30,en,train,ok,,,1,30,0.75,judge_label_mapped,0.5
jd__tenacity.0d40e76f.combine_file__1n8ql04e,swe_64k,swesmith/jd__tenacity.0d40e76f,ko,train,ok,,,5,30,0.6,judge_label_mapped,0.5
jaraco__inflect.c079a96a.combine_file__1m7cawal,swe_64k,swesmith/jaraco__inflect.c079a96a,en,excluded,excluded,BUG_IN_TEST_FILE,gold_touches_tests,0,0,0.25,judge_label_mapped,
pygments__pygments.27649ebb.combine_file__4kdt7dkw,swe_64k,swesmith/pygments__pygments.27649ebb,en,train,ok,,F2P_PRUNED:101;HARD_BUT_PARTIAL_SIGNAL,50,30,0.25,judge_label_mapped,0.0
mahmoud__boltons.3bfcfdd0.func_pm_ctrl_invert_if__3h7ea801,swe_32k,swesmith/mahmoud__boltons.3bfcfdd0,en,train,ok,,HARD_BUT_PARTIAL_SIGNAL,2,30,0.6,judge_label_mapped,0.0
pudo__dataset.5c2dc8d3.func_pm_op_swap__6oubkhmq,swe_32k,swesmith/pudo__dataset.5c2dc8d3,en,train,ok,,,2,30,0.75,judge_label_mapped,0.125
jaraco__inflect.c079a96a.func_basic__c5fpg5vt,swe_64k,swesmith/jaraco__inflect.c079a96a,ko,excluded,excluded,BUG_IN_TEST_FILE,gold_touches_tests,0,0,0.75,judge_label_mapped,
pyupio__safety.7654596b.combine_module__6x1lxddx,swe_128k,swesmith/pyupio__safety.7654596b,en,train,ok,,F2P_PRUNED:4;HARD_BUT_PARTIAL_SIGNAL,1,30,0.25,judge_label_mapped,0.0
bottlepy__bottle.a8dfef30.func_basic__45wi5g3r,swe_64k,swesmith/bottlepy__bottle.a8dfef30,ko,train,ok,,,1,30,0.75,judge_label_mapped,0.125
agronholm__typeguard.b6a7e438.combine_file__s2lyq271,swe_64k,swesmith/agronholm__typeguard.b6a7e438,en,excluded,excluded,TOO_HARD,,2,30,0.6,judge_label_mapped,0.0
Cog-Creators__Red-DiscordBot.33e0eac7.combine_module__4138xlqs,swe_32k,swesmith/Cog-Creators__Red-DiscordBot.33e0eac7,en,validation,ok,,GOLD_WHITESPACE_MISMATCH;P2P_PRUNED:30,3,0,0.4,judge_label_mapped,
oauthlib__oauthlib.1fd52536.combine_file__2nfzwp19,swe_32k,swesmith/oauthlib__oauthlib.1fd52536,ko,train,ok,,F2P_PRUNED:19;HARD_BUT_PARTIAL_SIGNAL,50,30,0.4,judge_label_mapped,0.0
Knio__dominate.9082227e.combine_file__4oiguynb,swe_32k,swesmith/Knio__dominate.9082227e,en,train,ok,,F2P_PRUNED:12;HARD_BUT_PARTIAL_SIGNAL,50,3,0.4,judge_label_mapped,0.0
agronholm__typeguard.b6a7e438.combine_module__c3x1nc9h,swe_64k,swesmith/agronholm__typeguard.b6a7e438,en,train,ok,,F2P_PRUNED:55;HARD_BUT_PARTIAL_SIGNAL,50,30,0.4,judge_label_mapped,0.0
pygments__pygments.27649ebb.combine_file__27iktd6j,swe_64k,swesmith/pygments__pygments.27649ebb,en,train,ok,,HARD_BUT_PARTIAL_SIGNAL,22,30,0.4,judge_label_mapped,0.0
PyCQA__flake8.cf1542ce.combine_module__a7f2sl8j,swe_64k,swesmith/PyCQA__flake8.cf1542ce,en,train,ok,,HARD_BUT_PARTIAL_SIGNAL,2,30,0.75,judge_label_mapped,0.0
joke2k__faker.8b401a7d.combine_module__egvzvcfr,swe_128k,swesmith/joke2k__faker.8b401a7d,en,test,ok,,,6,30,0.4,judge_label_mapped,
jd__tenacity.0d40e76f.combine_file__mged6jg2,swe_64k,swesmith/jd__tenacity.0d40e76f,en,train,ok,,HARD_BUT_PARTIAL_SIGNAL,4,30,0.4,judge_label_mapped,0.0
cantools__cantools.0c6a7871.combine_file__2rrs8i69,swe_64k,swesmith/cantools__cantools.0c6a7871,en,validation,ok,,,36,30,0.4,judge_label_mapped,
bottlepy__bottle.a8dfef30.func_basic__1oowr66z,swe_128k,swesmith/bottlepy__bottle.a8dfef30,en,train,ok,,HARD_BUT_PARTIAL_SIGNAL,2,30,0.6,judge_label_mapped,0.0
agronholm__typeguard.b6a7e438.combine_file__b1knf251,swe_64k,swesmith/agronholm__typeguard.b6a7e438,en,train,ok,,HARD_BUT_PARTIAL_SIGNAL,4,30,0.6,judge_label_mapped,0.0
agronholm__exceptiongroup.0b4f4937.combine_module__dy8wk66i,swe_32k,swesmith/agronholm__exceptiongroup.0b4f4937,ko,excluded,excluded,NO_VALID_F2P,F2P_PRUNED:39;P2P_PRUNED:30,0,0,0.75,judge_label_mapped,
Knio__dominate.9082227e.combine_file__h3zeq2of,swe_32k,swesmith/Knio__dominate.9082227e,ko,train,ok,,HARD_BUT_PARTIAL_SIGNAL,5,30,0.6,judge_label_mapped,0.0
PyCQA__flake8.cf1542ce.combine_file__ce9ptei2,swe_64k,swesmith/PyCQA__flake8.cf1542ce,en,train,ok,,HARD_BUT_PARTIAL_SIGNAL,5,30,0.4,judge_label_mapped,0.0
pdfminer__pdfminer.six.1a8bd2f7.func_basic__15p0z6ws,swe_32k,swesmith/pdfminer__pdfminer.six.1a8bd2f7,ko,train,ok,,F2P_PRUNED:8;HARD_BUT_PARTIAL_SIGNAL,50,30,0.6,judge_label_mapped,0.0
mahmoud__boltons.3bfcfdd0.func_pm_remove_assign__lukb6vb8,swe_32k,swesmith/mahmoud__boltons.3bfcfdd0,ko,excluded,excluded,TOO_EASY,,1,30,0.75,judge_label_mapped,1.0
jd__tenacity.0d40e76f.combine_module__7f90zoga,swe_64k,swesmith/jd__tenacity.0d40e76f,ko,train,ok,,HARD_BUT_PARTIAL_SIGNAL,15,30,0.25,judge_label_mapped,0.0
luozhouyang__python-string-similarity.115acaac.func_basic__mu1u39zx,swe_32k,swesmith/luozhouyang__python-string-similarity.115acaac,en,test,ok,,,1,17,0.4,judge_label_mapped,
Knio__dominate.9082227e.combine_file__2zd38qg5,swe_32k,swesmith/Knio__dominate.9082227e,en,train,ok,,HARD_BUT_PARTIAL_SIGNAL,5,30,0.6,judge_label_mapped,0.0
jaraco__inflect.c079a96a.func_basic__fod8oiog,swe_64k,swesmith/jaraco__inflect.c079a96a,ko,excluded,excluded,TOO_HARD,gold_touches_tests,1,30,0.6,judge_label_mapped,0.0
pyupio__safety.7654596b.combine_file__f9rugwlz,swe_128k,swesmith/pyupio__safety.7654596b,en,excluded,excluded,BASELINE_ANOMALY,F2P_PRUNED:2;P2P_PRUNED:1,3,29,0.6,judge_label_mapped,
PyCQA__flake8.cf1542ce.combine_file__bnpax9t0,swe_32k,swesmith/PyCQA__flake8.cf1542ce,en,train,ok,,HARD_BUT_PARTIAL_SIGNAL,41,30,0.4,judge_label_mapped,0.0
Knio__dominate.9082227e.combine_file__ubumxmnm,swe_32k,swesmith/Knio__dominate.9082227e,ko,train,ok,,HARD_BUT_PARTIAL_SIGNAL,12,30,0.4,judge_label_mapped,0.0
pyupio__safety.7654596b.combine_module__1me0k443,swe_128k,swesmith/pyupio__safety.7654596b,en,train,ok,,P2P_PRUNED:1;HARD_BUT_PARTIAL_SIGNAL,1,29,0.4,judge_label_mapped,0.0
cknd__stackprinter.219fcc52.combine_file__md7w9ci8,swe_32k,swesmith/cknd__stackprinter.219fcc52,en,validation,ok,,,4,3,0.4,judge_label_mapped,
agronholm__exceptiongroup.0b4f4937.combine_module__l5god4ul,swe_32k,swesmith/agronholm__exceptiongroup.0b4f4937,en,test,ok,,,40,30,0.6,judge_label_mapped,
PyCQA__flake8.cf1542ce.combine_module__otikc541,swe_32k,swesmith/PyCQA__flake8.cf1542ce,en,train,ok,,HARD_BUT_PARTIAL_SIGNAL,2,30,0.4,judge_label_mapped,0.0
jd__tenacity.0d40e76f.func_basic__1avsmufn,swe_32k,swesmith/jd__tenacity.0d40e76f,ko,train,ok,,,2,30,0.6,judge_label_mapped,0.75
Cog-Creators__Red-DiscordBot.33e0eac7.combine_module__6gfxaj0e,swe_128k,swesmith/Cog-Creators__Red-DiscordBot.33e0eac7,ko,validation,ok,,,2,30,0.25,judge_label_mapped,
luozhouyang__python-string-similarity.115acaac.func_pm_class_rm_funcs__96brcjir,swe_32k,swesmith/luozhouyang__python-string-similarity.115acaac,ko,test,ok,,GOLD_WHITESPACE_MISMATCH,1,17,0.4,judge_label_mapped,
oauthlib__oauthlib.1fd52536.combine_file__6cwt9dv9,swe_128k,swesmith/oauthlib__oauthlib.1fd52536,ko,train,ok,,HARD_BUT_PARTIAL_SIGNAL,5,30,0.6,judge_label_mapped,0.0
luozhouyang__python-string-similarity.115acaac.func_pm_class_rm_funcs__1zezezqe,swe_32k,swesmith/luozhouyang__python-string-similarity.115acaac,ko,test,ok,,,1,17,0.6,judge_label_mapped,
mahmoud__boltons.3bfcfdd0.combine_file__uoygvpco,swe_32k,swesmith/mahmoud__boltons.3bfcfdd0,ko,train,ok,,,3,30,0.6,judge_label_mapped,0.125
oauthlib__oauthlib.1fd52536.combine_file__5gdrqq82,swe_32k,swesmith/oauthlib__oauthlib.1fd52536,en,train,ok,,F2P_PRUNED:19;HARD_BUT_PARTIAL_SIGNAL,50,30,0.4,judge_label_mapped,0.0
Cog-Creators__Red-DiscordBot.33e0eac7.combine_file__uhr220qw,swe_128k,swesmith/Cog-Creators__Red-DiscordBot.33e0eac7,ko,validation,ok,,,3,30,0.4,judge_label_mapped,
joke2k__faker.8b401a7d.combine_module__excp6dm2,swe_64k,swesmith/joke2k__faker.8b401a7d,en,test,ok,,,3,30,0.6,judge_label_mapped,
PyCQA__flake8.cf1542ce.combine_file__glhs0z8e,swe_64k,swesmith/PyCQA__flake8.cf1542ce,en,train,ok,,,5,30,0.6,judge_label_mapped,0.125
mahmoud__boltons.3bfcfdd0.func_basic__obaisyei,swe_64k,swesmith/mahmoud__boltons.3bfcfdd0,en,train,ok,,HARD_BUT_PARTIAL_SIGNAL,2,30,0.4,judge_label_mapped,0.0
jd__tenacity.0d40e76f.func_basic__2xgiyq9x,swe_64k,swesmith/jd__tenacity.0d40e76f,ko,train,ok,,,8,30,0.4,judge_label_mapped,0.375
Knio__dominate.9082227e.func_basic__b1llxp0l,swe_32k,swesmith/Knio__dominate.9082227e,en,train,ok,,HARD_BUT_PARTIAL_SIGNAL,1,30,0.4,judge_label_mapped,0.0
Cog-Creators__Red-DiscordBot.33e0eac7.combine_module__jyuoq9gl,swe_64k,swesmith/Cog-Creators__Red-DiscordBot.33e0eac7,ko,validation,ok,,,2,30,0.4,judge_label_mapped,
cantools__cantools.0c6a7871.combine_file__2m5cdp48,swe_128k,swesmith/cantools__cantools.0c6a7871,en,validation,ok,,,49,30,0.4,judge_label_mapped,
jaraco__inflect.c079a96a.func_basic__dgf6rpee,swe_64k,swesmith/jaraco__inflect.c079a96a,en,excluded,excluded,BUG_IN_TEST_FILE,gold_touches_tests,0,0,0.6,judge_label_mapped,
pdfminer__pdfminer.six.1a8bd2f7.func_basic__0tgvwq39,swe_128k,swesmith/pdfminer__pdfminer.six.1a8bd2f7,en,excluded,excluded,TOO_HARD,,1,30,0.6,judge_label_mapped,0.0
Knio__dominate.9082227e.func_basic__z2nm0q5v,swe_32k,swesmith/Knio__dominate.9082227e,en,train,ok,,,4,30,0.75,judge_label_mapped,0.375
Suor__funcy.207a7810.combine_file__4ho5rovv,swe_64k,swesmith/Suor__funcy.207a7810,ko,train,ok,,HARD_BUT_PARTIAL_SIGNAL,4,30,0.4,judge_label_mapped,0.0
luozhouyang__python-string-similarity.115acaac.func_basic__gmqgye5z,swe_32k,swesmith/luozhouyang__python-string-similarity.115acaac,ko,excluded,excluded,BUG_IN_TEST_FILE,gold_touches_tests,0,0,0.6,judge_label_mapped,
PyCQA__flake8.cf1542ce.combine_file__lrtto2cu,swe_128k,swesmith/PyCQA__flake8.cf1542ce,en,train,ok,,HARD_BUT_PARTIAL_SIGNAL,46,30,0.25,judge_label_mapped,0.0
luozhouyang__python-string-similarity.115acaac.func_basic__8rg4mwnx,swe_32k,swesmith/luozhouyang__python-string-similarity.115acaac,en,excluded,excluded,BUG_IN_TEST_FILE,gold_touches_tests,0,0,0.25,judge_label_mapped,
PyCQA__flake8.cf1542ce.combine_file__knaurfrv,swe_64k,swesmith/PyCQA__flake8.cf1542ce,en,train,ok,,HARD_BUT_PARTIAL_SIGNAL,48,30,0.4,judge_label_mapped,0.0
jd__tenacity.0d40e76f.combine_file__u92q5owo,swe_64k,swesmith/jd__tenacity.0d40e76f,ko,train,ok,,P2P_PRUNED:18,2,12,0.4,judge_label_mapped,0.75
jd__tenacity.0d40e76f.combine_file__cuo9gg46,swe_32k,swesmith/jd__tenacity.0d40e76f,ko,train,ok,,,25,30,0.6,judge_label_mapped,0.25
agronholm__typeguard.b6a7e438.combine_file__4bk2n7og,swe_64k,swesmith/agronholm__typeguard.b6a7e438,ko,train,ok,,HARD_BUT_PARTIAL_SIGNAL,2,30,0.4,judge_label_mapped,0.0
mahmoud__boltons.3bfcfdd0.func_basic__h2xp7n5m,swe_32k,swesmith/mahmoud__boltons.3bfcfdd0,ko,train,ok,,,1,30,0.75,judge_label_mapped,0.875
mahmoud__boltons.3bfcfdd0.func_pm_op_change__4hnmekso,swe_32k,swesmith/mahmoud__boltons.3bfcfdd0,en,train,ok,,,1,30,0.6,judge_label_mapped,0.375
luozhouyang__python-string-similarity.115acaac.func_basic__0w9pdflo,swe_32k,swesmith/luozhouyang__python-string-similarity.115acaac,en,test,ok,,,5,13,0.6,judge_label_mapped,
pudo__dataset.5c2dc8d3.func_basic__gfn1ybos,swe_32k,swesmith/pudo__dataset.5c2dc8d3,ko,excluded,excluded,TOO_EASY,,2,30,0.75,judge_label_mapped,1.0
pudo__dataset.5c2dc8d3.func_basic__9n4wdmp6,swe_32k,swesmith/pudo__dataset.5c2dc8d3,en,train,ok,,,1,30,0.75,judge_label_mapped,0.125
mahmoud__boltons.3bfcfdd0.func_pm_ctrl_invert_if__48b5m32l,swe_64k,swesmith/mahmoud__boltons.3bfcfdd0,ko,train,ok,,,1,30,0.75,judge_label_mapped,0.25
cantools__cantools.0c6a7871.combine_file__0c0d76py,swe_64k,swesmith/cantools__cantools.0c6a7871,ko,validation,ok,,,39,30,0.6,judge_label_mapped,
cknd__stackprinter.219fcc52.func_basic__20c017fq,swe_32k,swesmith/cknd__stackprinter.219fcc52,en,validation,ok,,,3,4,0.4,judge_label_mapped,
agronholm__typeguard.b6a7e438.combine_file__e4rqzfcc,swe_32k,swesmith/agronholm__typeguard.b6a7e438,ko,train,ok,,HARD_BUT_PARTIAL_SIGNAL,17,30,0.6,judge_label_mapped,0.0
Cog-Creators__Red-DiscordBot.33e0eac7.combine_file__onskze9t,swe_64k,swesmith/Cog-Creators__Red-DiscordBot.33e0eac7,en,validation,ok,,,5,30,0.25,judge_label_mapped,
Cog-Creators__Red-DiscordBot.33e0eac7.combine_module__jrw1tml3,swe_32k,swesmith/Cog-Creators__Red-DiscordBot.33e0eac7,en,validation,ok,,,3,30,0.4,judge_label_mapped,
bottlepy__bottle.a8dfef30.func_basic__1t9xoez4,swe_64k,swesmith/bottlepy__bottle.a8dfef30,ko,train,ok,,,48,30,0.75,judge_label_mapped,0.375
bottlepy__bottle.a8dfef30.func_basic__38f635ao,swe_64k,swesmith/bottlepy__bottle.a8dfef30,en,train,ok,,,1,30,0.75,judge_label_mapped,0.125
agronholm__typeguard.b6a7e438.combine_file__3qg8gxw1,swe_64k,swesmith/agronholm__typeguard.b6a7e438,en,train,ok,,HARD_BUT_PARTIAL_SIGNAL,1,30,0.4,judge_label_mapped,0.0
pygments__pygments.27649ebb.combine_file__48kmjp3b,swe_32k,swesmith/pygments__pygments.27649ebb,en,train,ok,,HARD_BUT_PARTIAL_SIGNAL,5,30,0.6,judge_label_mapped,0.0
bottlepy__bottle.a8dfef30.func_basic__4430irv8,swe_64k,swesmith/bottlepy__bottle.a8dfef30,en,train,ok,,,15,30,0.75,judge_label_mapped,0.125
joke2k__faker.8b401a7d.func_pm_ctrl_invert_if__ftv5xiyd,swe_128k,swesmith/joke2k__faker.8b401a7d,ko,test,ok,,,2,30,0.6,judge_label_mapped,
Suor__funcy.207a7810.combine_file__a7cg73k3,swe_64k,swesmith/Suor__funcy.207a7810,ko,train,ok,,HARD_BUT_PARTIAL_SIGNAL,7,30,0.4,judge_label_mapped,0.0
jaraco__inflect.c079a96a.func_basic__6gtfj0qx,swe_64k,swesmith/jaraco__inflect.c079a96a,en,excluded,excluded,BUG_IN_TEST_FILE,gold_touches_tests,0,0,0.75,judge_label_mapped,
pdfminer__pdfminer.six.1a8bd2f7.func_basic__1asp3uma,swe_64k,swesmith/pdfminer__pdfminer.six.1a8bd2f7,ko,train,ok,,,36,30,0.4,judge_label_mapped,0.25
jd__tenacity.0d40e76f.combine_module__xor0ajnm,swe_64k,swesmith/jd__tenacity.0d40e76f,ko,train,ok,,HARD_BUT_PARTIAL_SIGNAL,15,30,0.4,judge_label_mapped,0.0
PyCQA__flake8.cf1542ce.combine_module__vcgakdqu,swe_64k,swesmith/PyCQA__flake8.cf1542ce,ko,train,ok,,HARD_BUT_PARTIAL_SIGNAL,4,30,0.4,judge_label_mapped,0.0
pyupio__safety.7654596b.combine_file__vdij44ev,swe_32k,swesmith/pyupio__safety.7654596b,ko,train,ok,,P2P_PRUNED:1;HARD_BUT_PARTIAL_SIGNAL,3,29,0.4,judge_label_mapped,0.0
oauthlib__oauthlib.1fd52536.combine_file__6za0pzef,swe_64k,swesmith/oauthlib__oauthlib.1fd52536,en,train,ok,,HARD_BUT_PARTIAL_SIGNAL,4,30,0.6,judge_label_mapped,0.0
luozhouyang__python-string-similarity.115acaac.func_basic__3yir7e7s,swe_32k,swesmith/luozhouyang__python-string-similarity.115acaac,ko,test,ok,,,3,15,0.6,judge_label_mapped,
agronholm__typeguard.b6a7e438.combine_file__nmuahjx1,swe_64k,swesmith/agronholm__typeguard.b6a7e438,en,train,ok,,F2P_PRUNED:135;HARD_BUT_PARTIAL_SIGNAL,50,30,0.25,judge_label_mapped,0.0
Suor__funcy.207a7810.combine_file__bxevtrf7,swe_32k,swesmith/Suor__funcy.207a7810,en,train,ok,,HARD_BUT_PARTIAL_SIGNAL,5,30,0.4,judge_label_mapped,0.0
pygments__pygments.27649ebb.combine_file__4e4gz8ub,swe_64k,swesmith/pygments__pygments.27649ebb,en,train,ok,,HARD_BUT_PARTIAL_SIGNAL,11,30,0.25,judge_label_mapped,0.0
agronholm__exceptiongroup.0b4f4937.combine_module__b3u244k8,swe_32k,swesmith/agronholm__exceptiongroup.0b4f4937,en,test,ok,,,11,30,0.4,judge_label_mapped,
agronholm__typeguard.b6a7e438.combine_file__i6w51g2f,swe_64k,swesmith/agronholm__typeguard.b6a7e438,en,train,ok,,F2P_PRUNED:6;HARD_BUT_PARTIAL_SIGNAL,50,30,0.4,judge_label_mapped,0.0
Cog-Creators__Red-DiscordBot.33e0eac7.combine_module__dddtj48s,swe_64k,swesmith/Cog-Creators__Red-DiscordBot.33e0eac7,en,validation,ok,,GOLD_WHITESPACE_MISMATCH;P2P_PRUNED:30,3,0,0.4,judge_label_mapped,
bottlepy__bottle.a8dfef30.func_basic__1ug0dq6u,swe_64k,swesmith/bottlepy__bottle.a8dfef30,en,train,ok,,HARD_BUT_PARTIAL_SIGNAL,3,30,0.6,judge_label_mapped,0.0
jaraco__inflect.c079a96a.func_basic__epndu1j2,swe_64k,swesmith/jaraco__inflect.c079a96a,en,excluded,excluded,TOO_HARD,gold_touches_tests,1,30,0.6,judge_label_mapped,0.0
joke2k__faker.8b401a7d.combine_file__ron1ovjc,swe_128k,swesmith/joke2k__faker.8b401a7d,ko,test,ok,,,4,30,0.4,judge_label_mapped,
pdfminer__pdfminer.six.1a8bd2f7.func_basic__1c5t5wgl,swe_128k,swesmith/pdfminer__pdfminer.six.1a8bd2f7,ko,train,ok,,F2P_PRUNED:26,50,30,0.75,judge_label_mapped,0.625
jaraco__inflect.c079a96a.func_basic__1ohhrkta,swe_64k,swesmith/jaraco__inflect.c079a96a,en,excluded,excluded,TOO_HARD,gold_touches_tests,2,30,0.6,judge_label_mapped,0.0
Cog-Creators__Red-DiscordBot.33e0eac7.combine_module__mx6c0ndx,swe_32k,swesmith/Cog-Creators__Red-DiscordBot.33e0eac7,en,validation,ok,,,4,30,0.4,judge_label_mapped,
jd__tenacity.0d40e76f.combine_module__yjmtlc2r,swe_32k,swesmith/jd__tenacity.0d40e76f,en,train,ok,,HARD_BUT_PARTIAL_SIGNAL,10,30,0.4,judge_label_mapped,0.0
joke2k__faker.8b401a7d.func_pm_ctrl_invert_if__bompadwm,swe_64k,swesmith/joke2k__faker.8b401a7d,en,test,ok,,,2,30,0.6,judge_label_mapped,
mahmoud__boltons.3bfcfdd0.func_basic__zrn1muyg,swe_64k,swesmith/mahmoud__boltons.3bfcfdd0,ko,train,ok,,,1,30,0.6,judge_label_mapped,0.75
oauthlib__oauthlib.1fd52536.combine_file__5wgd819s,swe_64k,swesmith/oauthlib__oauthlib.1fd52536,ko,train,ok,,HARD_BUT_PARTIAL_SIGNAL,44,30,0.4,judge_label_mapped,0.0
pdfminer__pdfminer.six.1a8bd2f7.func_basic__18jc4n6p,swe_64k,swesmith/pdfminer__pdfminer.six.1a8bd2f7,en,train,ok,,,22,30,0.75,judge_label_mapped,0.25
agronholm__exceptiongroup.0b4f4937.combine_module__1ebqjjwn,swe_32k,swesmith/agronholm__exceptiongroup.0b4f4937,ko,test,ok,,,26,30,0.75,judge_label_mapped,
cknd__stackprinter.219fcc52.func_basic__4rfrb598,swe_32k,swesmith/cknd__stackprinter.219fcc52,en,validation,ok,,,2,5,0.4,judge_label_mapped,
joke2k__faker.8b401a7d.func_pm_op_swap__tb9vvmgp,swe_128k,swesmith/joke2k__faker.8b401a7d,ko,test,ok,,,10,30,0.4,judge_label_mapped,
PyCQA__flake8.cf1542ce.combine_file__i7fq9n55,swe_32k,swesmith/PyCQA__flake8.cf1542ce,ko,train,ok,,HARD_BUT_PARTIAL_SIGNAL,9,30,0.6,judge_label_mapped,0.0
cknd__stackprinter.219fcc52.combine_file__p0eqskd7,swe_32k,swesmith/cknd__stackprinter.219fcc52,en,validation,ok,,,3,4,0.4,judge_label_mapped,
Cog-Creators__Red-DiscordBot.33e0eac7.combine_file__hmldvpm2,swe_32k,swesmith/Cog-Creators__Red-DiscordBot.33e0eac7,en,validation,ok,,,3,30,0.75,judge_label_mapped,
pygments__pygments.27649ebb.combine_file__2afmnz30,swe_128k,swesmith/pygments__pygments.27649ebb,en,train,ok,,HARD_BUT_PARTIAL_SIGNAL,15,30,0.4,judge_label_mapped,0.0
Cog-Creators__Red-DiscordBot.33e0eac7.combine_module__0sdzfnfz,swe_32k,swesmith/Cog-Creators__Red-DiscordBot.33e0eac7,ko,validation,ok,,,6,30,0.4,judge_label_mapped,
pyupio__safety.7654596b.combine_module__3tl5c9ji,swe_32k,swesmith/pyupio__safety.7654596b,en,train,ok,,P2P_PRUNED:1;HARD_BUT_PARTIAL_SIGNAL,1,29,0.75,judge_label_mapped,0.0
mahmoud__boltons.3bfcfdd0.combine_file__ndadca3f,swe_128k,swesmith/mahmoud__boltons.3bfcfdd0,en,train,ok,,HARD_BUT_PARTIAL_SIGNAL,1,30,0.75,judge_label_mapped,0.0
Suor__funcy.207a7810.combine_file__l2ltr2rm,swe_32k,swesmith/Suor__funcy.207a7810,en,train,ok,,HARD_BUT_PARTIAL_SIGNAL,1,30,0.4,judge_label_mapped,0.0
cknd__stackprinter.219fcc52.combine_file__7gqfh6ju,swe_32k,swesmith/cknd__stackprinter.219fcc52,en,validation,ok,,,4,3,0.25,judge_label_mapped,
mahmoud__boltons.3bfcfdd0.combine_file__aoaokdmx,swe_32k,swesmith/mahmoud__boltons.3bfcfdd0,en,train,ok,,HARD_BUT_PARTIAL_SIGNAL,3,30,0.4,judge_label_mapped,0.0
jd__tenacity.0d40e76f.combine_file__zg0hlvr9,swe_64k,swesmith/jd__tenacity.0d40e76f,en,train,ok,,HARD_BUT_PARTIAL_SIGNAL,9,30,0.6,judge_label_mapped,0.0
oauthlib__oauthlib.1fd52536.combine_file__3vj3353w,swe_128k,swesmith/oauthlib__oauthlib.1fd52536,en,train,ok,,HARD_BUT_PARTIAL_SIGNAL,14,30,0.6,judge_label_mapped,0.0
agronholm__exceptiongroup.0b4f4937.combine_module__0oguvz02,swe_32k,swesmith/agronholm__exceptiongroup.0b4f4937,ko,test,ok,,,36,30,0.4,judge_label_mapped,
Suor__funcy.207a7810.combine_file__pljdqiv1,swe_64k,swesmith/Suor__funcy.207a7810,ko,train,ok,,HARD_BUT_PARTIAL_SIGNAL,6,30,0.4,judge_label_mapped,0.0
pygments__pygments.27649ebb.combine_file__3rx6fau2,swe_32k,swesmith/pygments__pygments.27649ebb,en,train,ok,,HARD_BUT_PARTIAL_SIGNAL,29,30,0.4,judge_label_mapped,0.0
oauthlib__oauthlib.1fd52536.combine_file__1gnd4ecz,swe_128k,swesmith/oauthlib__oauthlib.1fd52536,en,train,ok,,HARD_BUT_PARTIAL_SIGNAL,4,30,0.4,judge_label_mapped,0.0
mahmoud__boltons.3bfcfdd0.func_pm_remove_assign__vqbi52f0,swe_32k,swesmith/mahmoud__boltons.3bfcfdd0,ko,excluded,excluded,TOO_HARD,,1,30,0.6,judge_label_mapped,0.0
jaraco__inflect.c079a96a.func_basic__8n3tlyhx,swe_64k,swesmith/jaraco__inflect.c079a96a,en,excluded,excluded,TOO_HARD,gold_touches_tests,2,30,0.6,judge_label_mapped,0.0
agronholm__typeguard.b6a7e438.combine_file__bvbn0gpe,swe_32k,swesmith/agronholm__typeguard.b6a7e438,ko,train,ok,,F2P_PRUNED:80;HARD_BUT_PARTIAL_SIGNAL,50,30,0.4,judge_label_mapped,0.0
pyupio__safety.7654596b.combine_module__aflewge1,swe_32k,swesmith/pyupio__safety.7654596b,en,train,ok,,P2P_PRUNED:1;HARD_BUT_PARTIAL_SIGNAL,1,29,0.25,judge_label_mapped,0.0
oauthlib__oauthlib.1fd52536.combine_file__5jtc65v3,swe_64k,swesmith/oauthlib__oauthlib.1fd52536,en,train,ok,,HARD_BUT_PARTIAL_SIGNAL,6,30,0.6,judge_label_mapped,0.0
pygments__pygments.27649ebb.combine_file__1q1tvw5n,swe_64k,swesmith/pygments__pygments.27649ebb,en,train,ok,,HARD_BUT_PARTIAL_SIGNAL,7,30,0.4,judge_label_mapped,0.0
oauthlib__oauthlib.1fd52536.combine_file__2qdb36cq,swe_64k,swesmith/oauthlib__oauthlib.1fd52536,en,train,ok,,HARD_BUT_PARTIAL_SIGNAL,42,30,0.6,judge_label_mapped,0.0
jd__tenacity.0d40e76f.func_basic__0stgqokp,swe_64k,swesmith/jd__tenacity.0d40e76f,ko,train,ok,,P2P_PRUNED:18,2,12,0.6,judge_label_mapped,0.75
bottlepy__bottle.a8dfef30.func_basic__4e614lv8,swe_64k,swesmith/bottlepy__bottle.a8dfef30,ko,train,ok,,HARD_BUT_PARTIAL_SIGNAL,4,30,0.4,judge_label_mapped,0.0
cantools__cantools.0c6a7871.combine_file__2fy4ikk6,swe_64k,swesmith/cantools__cantools.0c6a7871,ko,validation,ok,,GOLD_WHITESPACE_MISMATCH,7,30,0.6,judge_label_mapped,
pygments__pygments.27649ebb.combine_file__3cy6f464,swe_64k,swesmith/pygments__pygments.27649ebb,en,train,ok,,HARD_BUT_PARTIAL_SIGNAL,9,30,0.6,judge_label_mapped,0.0
pdfminer__pdfminer.six.1a8bd2f7.combine_file__ie71twzc,swe_128k,swesmith/pdfminer__pdfminer.six.1a8bd2f7,en,excluded,excluded,TOO_HARD,,1,30,0.25,judge_label_mapped,0.0
Cog-Creators__Red-DiscordBot.33e0eac7.combine_module__aeqcqkfa,swe_32k,swesmith/Cog-Creators__Red-DiscordBot.33e0eac7,en,validation,ok,,,4,30,0.4,judge_label_mapped,
Knio__dominate.9082227e.func_pm_ctrl_shuffle__kfrdb3er,swe_32k,swesmith/Knio__dominate.9082227e,en,train,ok,,,7,30,0.6,judge_label_mapped,0.125
oauthlib__oauthlib.1fd52536.combine_file__7nloo8og,swe_32k,swesmith/oauthlib__oauthlib.1fd52536,en,excluded,excluded,TOO_EASY,,1,30,0.75,judge_label_mapped,1.0
cknd__stackprinter.219fcc52.combine_file__twbd555w,swe_32k,swesmith/cknd__stackprinter.219fcc52,ko,validation,ok,,,2,5,0.4,judge_label_mapped,
mahmoud__boltons.3bfcfdd0.func_pm_remove_assign__sicey4qf,swe_64k,swesmith/mahmoud__boltons.3bfcfdd0,en,train,ok,,,2,30,0.6,judge_label_mapped,0.125
jd__tenacity.0d40e76f.combine_file__dcboug1i,swe_64k,swesmith/jd__tenacity.0d40e76f,en,train,ok,,HARD_BUT_PARTIAL_SIGNAL,4,30,0.75,judge_label_mapped,0.0
mahmoud__boltons.3bfcfdd0.combine_file__hfr8b06x,swe_64k,swesmith/mahmoud__boltons.3bfcfdd0,ko,train,ok,,,3,30,0.4,judge_label_mapped,0.125
luozhouyang__python-string-similarity.115acaac.func_pm_class_rm_funcs__hv4o2all,swe_32k,swesmith/luozhouyang__python-string-similarity.115acaac,ko,test,ok,,,1,17,0.25,judge_label_mapped,
PyCQA__flake8.cf1542ce.func_basic__t9pbpqjy,swe_128k,swesmith/PyCQA__flake8.cf1542ce,en,train,ok,,,1,30,0.75,judge_label_mapped,0.375
agronholm__typeguard.b6a7e438.combine_module__0y5c1grn,swe_64k,swesmith/agronholm__typeguard.b6a7e438,en,train,ok,,F2P_PRUNED:7;HARD_BUT_PARTIAL_SIGNAL,50,30,0.25,judge_label_mapped,0.0
mahmoud__boltons.3bfcfdd0.combine_file__l8k1vlai,swe_32k,swesmith/mahmoud__boltons.3bfcfdd0,ko,train,ok,,HARD_BUT_PARTIAL_SIGNAL,3,30,0.6,judge_label_mapped,0.0
mahmoud__boltons.3bfcfdd0.combine_file__t1ybp4kc,swe_128k,swesmith/mahmoud__boltons.3bfcfdd0,ko,train,ok,,HARD_BUT_PARTIAL_SIGNAL,2,30,0.6,judge_label_mapped,0.0
Suor__funcy.207a7810.combine_file__pecpiuuj,swe_64k,swesmith/Suor__funcy.207a7810,en,train,ok,,HARD_BUT_PARTIAL_SIGNAL,17,30,0.25,judge_label_mapped,0.0
pdfminer__pdfminer.six.1a8bd2f7.combine_file__u0ldx57c,swe_128k,swesmith/pdfminer__pdfminer.six.1a8bd2f7,en,train,ok,,F2P_PRUNED:27;HARD_BUT_PARTIAL_SIGNAL,50,30,0.75,judge_label_mapped,0.0
cknd__stackprinter.219fcc52.combine_file__z59bwuqg,swe_32k,swesmith/cknd__stackprinter.219fcc52,ko,validation,ok,,,2,5,0.25,judge_label_mapped,
pygments__pygments.27649ebb.combine_file__1q25m8uu,swe_128k,swesmith/pygments__pygments.27649ebb,en,excluded,excluded,NO_VALID_F2P,F2P_PRUNED:2732;P2P_PRUNED:30,0,0,0.25,judge_label_mapped,
pdfminer__pdfminer.six.1a8bd2f7.combine_file__f7px3uhn,swe_128k,swesmith/pdfminer__pdfminer.six.1a8bd2f7,en,train,ok,,HARD_BUT_PARTIAL_SIGNAL,5,30,0.25,judge_label_mapped,0.0
pdfminer__pdfminer.six.1a8bd2f7.func_basic__0cphw74b,swe_128k,swesmith/pdfminer__pdfminer.six.1a8bd2f7,ko,train,ok,,HARD_BUT_PARTIAL_SIGNAL,4,30,0.6,judge_label_mapped,0.0
luozhouyang__python-string-similarity.115acaac.combine_file__73r4bo5w,swe_32k,swesmith/luozhouyang__python-string-similarity.115acaac,en,test,ok,,,1,17,0.25,judge_label_mapped,
Suor__funcy.207a7810.combine_file__186umsl2,swe_32k,swesmith/Suor__funcy.207a7810,en,train,ok,,HARD_BUT_PARTIAL_SIGNAL,7,30,0.4,judge_label_mapped,0.0
pyupio__safety.7654596b.combine_module__0qhztgwh,swe_128k,swesmith/pyupio__safety.7654596b,en,train,ok,,P2P_PRUNED:1;HARD_BUT_PARTIAL_SIGNAL,1,29,0.25,judge_label_mapped,0.0
bottlepy__bottle.a8dfef30.func_basic__5txqgk4e,swe_64k,swesmith/bottlepy__bottle.a8dfef30,ko,train,ok,,,1,30,0.75,judge_label_mapped,0.5
joke2k__faker.8b401a7d.combine_module__dygzltri,swe_128k,swesmith/joke2k__faker.8b401a7d,en,test,ok,,,6,30,0.6,judge_label_mapped,
pdfminer__pdfminer.six.1a8bd2f7.combine_file__pcl6bxf8,swe_64k,swesmith/pdfminer__pdfminer.six.1a8bd2f7,en,train,ok,,HARD_BUT_PARTIAL_SIGNAL,4,30,0.25,judge_label_mapped,0.0
Suor__funcy.207a7810.combine_file__81deq3s8,swe_64k,swesmith/Suor__funcy.207a7810,ko,train,ok,,HARD_BUT_PARTIAL_SIGNAL,5,30,0.6,judge_label_mapped,0.0
cknd__stackprinter.219fcc52.combine_file__jydt6akr,swe_32k,swesmith/cknd__stackprinter.219fcc52,en,validation,ok,,,3,4,0.25,judge_label_mapped,
Knio__dominate.9082227e.func_basic__q1ssmtmi,swe_32k,swesmith/Knio__dominate.9082227e,en,train,ok,,,1,30,0.6,judge_label_mapped,0.125
pygments__pygments.27649ebb.combine_file__5f4ju70v,swe_128k,swesmith/pygments__pygments.27649ebb,en,excluded,excluded,TOO_HARD,,20,30,0.4,judge_label_mapped,0.0
luozhouyang__python-string-similarity.115acaac.func_basic__zibjyago,swe_32k,swesmith/luozhouyang__python-string-similarity.115acaac,en,test,ok,,,1,17,0.75,judge_label_mapped,
jaraco__inflect.c079a96a.func_basic__3aqb71hm,swe_64k,swesmith/jaraco__inflect.c079a96a,ko,excluded,excluded,TOO_HARD,gold_touches_tests,4,30,0.6,judge_label_mapped,0.0
pdfminer__pdfminer.six.1a8bd2f7.combine_file__06wx35ad,swe_128k,swesmith/pdfminer__pdfminer.six.1a8bd2f7,en,train,ok,,HARD_BUT_PARTIAL_SIGNAL,11,30,0.4,judge_label_mapped,0.0
agronholm__exceptiongroup.0b4f4937.combine_file__leti1lvr,swe_32k,swesmith/agronholm__exceptiongroup.0b4f4937,en,excluded,excluded,NO_VALID_F2P,F2P_PRUNED:28;P2P_PRUNED:30,0,0,0.25,judge_label_mapped,
mahmoud__boltons.3bfcfdd0.combine_file__zrhbqatu,swe_32k,swesmith/mahmoud__boltons.3bfcfdd0,en,train,ok,,HARD_BUT_PARTIAL_SIGNAL,3,30,0.4,judge_label_mapped,0.0
pyupio__safety.7654596b.combine_file__yt8lbspp,swe_32k,swesmith/pyupio__safety.7654596b,en,train,ok,,F2P_PRUNED:1;HARD_BUT_PARTIAL_SIGNAL,5,30,0.4,judge_label_mapped,0.0
joke2k__faker.8b401a7d.combine_module__azbf5rj6,swe_128k,swesmith/joke2k__faker.8b401a7d,ko,test,ok,,,5,30,0.6,judge_label_mapped,
Cog-Creators__Red-DiscordBot.33e0eac7.combine_file__mgef0764,swe_32k,swesmith/Cog-Creators__Red-DiscordBot.33e0eac7,en,validation,ok,,,1,30,0.4,judge_label_mapped,
Knio__dominate.9082227e.func_basic__gxms0jjf,swe_32k,swesmith/Knio__dominate.9082227e,ko,train,ok,,HARD_BUT_PARTIAL_SIGNAL,7,30,0.6,judge_label_mapped,0.0
pdfminer__pdfminer.six.1a8bd2f7.func_basic__0rbqlz88,swe_64k,swesmith/pdfminer__pdfminer.six.1a8bd2f7,ko,train,ok,,,7,30,0.75,judge_label_mapped,0.625
Knio__dominate.9082227e.pr_184,swe_32k,swesmith/Knio__dominate.9082227e,en,excluded,excluded,TOO_HARD,,1,30,0.75,judge_label_mapped,0.0
Suor__funcy.207a7810.combine_file__5kzv0kej,swe_64k,swesmith/Suor__funcy.207a7810,ko,train,ok,,HARD_BUT_PARTIAL_SIGNAL,15,30,0.6,judge_label_mapped,0.0
cantools__cantools.0c6a7871.combine_file__2uo4gs8y,swe_128k,swesmith/cantools__cantools.0c6a7871,en,validation,ok,,,13,30,0.4,judge_label_mapped,
jaraco__inflect.c079a96a.func_basic__5zij2jtw,swe_64k,swesmith/jaraco__inflect.c079a96a,ko,excluded,excluded,TOO_HARD,gold_touches_tests,2,30,0.75,judge_label_mapped,0.0
Cog-Creators__Red-DiscordBot.33e0eac7.combine_file__1tzqbvbn,swe_32k,swesmith/Cog-Creators__Red-DiscordBot.33e0eac7,en,validation,ok,,,2,30,0.6,judge_label_mapped,
pudo__dataset.5c2dc8d3.func_basic__u6ujevkp,swe_32k,swesmith/pudo__dataset.5c2dc8d3,en,train,ok,,HARD_BUT_PARTIAL_SIGNAL,2,30,0.75,judge_label_mapped,0.0
Knio__dominate.9082227e.func_pm_remove_cond__inf10y4j,swe_32k,swesmith/Knio__dominate.9082227e,en,train,ok,,HARD_BUT_PARTIAL_SIGNAL,1,30,0.6,judge_label_mapped,0.0
luozhouyang__python-string-similarity.115acaac.func_pm_ctrl_shuffle__jhaaq9av,swe_32k,swesmith/luozhouyang__python-string-similarity.115acaac,ko,test,ok,,,1,17,0.75,judge_label_mapped,
bottlepy__bottle.a8dfef30.combine_file__x70r972s,swe_64k,swesmith/bottlepy__bottle.a8dfef30,ko,train,ok,,,11,30,0.6,judge_label_mapped,0.25
mahmoud__boltons.3bfcfdd0.func_pm_remove_assign__4snu6l0s,swe_128k,swesmith/mahmoud__boltons.3bfcfdd0,en,train,ok,,HARD_BUT_PARTIAL_SIGNAL,1,30,0.75,judge_label_mapped,0.0
oauthlib__oauthlib.1fd52536.combine_file__8fle46xq,swe_32k,swesmith/oauthlib__oauthlib.1fd52536,en,train,ok,,GOLD_WHITESPACE_MISMATCH;F2P_PRUNED:18;HARD_BUT_PARTIAL_SIGNAL,50,30,0.4,judge_label_mapped,0.0
pdfminer__pdfminer.six.1a8bd2f7.func_basic__0fvtijhk,swe_32k,swesmith/pdfminer__pdfminer.six.1a8bd2f7,en,train,ok,,,2,30,0.75,judge_label_mapped,0.5
bottlepy__bottle.a8dfef30.func_basic__0mdlomrj,swe_64k,swesmith/bottlepy__bottle.a8dfef30,ko,train,ok,,,2,30,0.6,judge_label_mapped,0.125
PyCQA__flake8.cf1542ce.func_basic__u72oyl7u,swe_32k,swesmith/PyCQA__flake8.cf1542ce,ko,train,ok,,,4,30,0.6,judge_label_mapped,0.125
jd__tenacity.0d40e76f.combine_file__7w229mgr,swe_32k,swesmith/jd__tenacity.0d40e76f,en,train,ok,,HARD_BUT_PARTIAL_SIGNAL,19,30,0.6,judge_label_mapped,0.0
agronholm__exceptiongroup.0b4f4937.combine_module__1bpeot65,swe_32k,swesmith/agronholm__exceptiongroup.0b4f4937,ko,test,ok,,,23,30,0.4,judge_label_mapped,
PyCQA__flake8.cf1542ce.func_basic__swv5simh,swe_64k,swesmith/PyCQA__flake8.cf1542ce,en,train,ok,,HARD_BUT_PARTIAL_SIGNAL,9,30,0.75,judge_label_mapped,0.0
cantools__cantools.0c6a7871.combine_file__2x9fa1qb,swe_64k,swesmith/cantools__cantools.0c6a7871,en,validation,ok,,,7,30,0.4,judge_label_mapped,
jd__tenacity.0d40e76f.combine_file__c4q32ads,swe_64k,swesmith/jd__tenacity.0d40e76f,en,train,ok,,HARD_BUT_PARTIAL_SIGNAL,14,30,0.4,judge_label_mapped,0.0
PyCQA__flake8.cf1542ce.combine_file__2fd9ywo2,swe_64k,swesmith/PyCQA__flake8.cf1542ce,ko,train,ok,,HARD_BUT_PARTIAL_SIGNAL,2,30,0.75,judge_label_mapped,0.0
PyCQA__flake8.cf1542ce.func_basic__tf9qkbi7,swe_64k,swesmith/PyCQA__flake8.cf1542ce,en,train,ok,,,5,30,0.6,judge_label_mapped,0.625
mahmoud__boltons.3bfcfdd0.combine_file__wo79dyhv,swe_64k,swesmith/mahmoud__boltons.3bfcfdd0,en,train,ok,,HARD_BUT_PARTIAL_SIGNAL,5,30,0.4,judge_label_mapped,0.0
luozhouyang__python-string-similarity.115acaac.func_basic__rklyp79p,swe_32k,swesmith/luozhouyang__python-string-similarity.115acaac,en,test,ok,,,1,17,0.4,judge_label_mapped,
PyCQA__flake8.cf1542ce.combine_module__ecn1ws50,swe_128k,swesmith/PyCQA__flake8.cf1542ce,en,train,ok,,HARD_BUT_PARTIAL_SIGNAL,3,30,0.6,judge_label_mapped,0.0
Knio__dominate.9082227e.func_basic__1f8gjsod,swe_32k,swesmith/Knio__dominate.9082227e,en,train,ok,,HARD_BUT_PARTIAL_SIGNAL,4,30,0.6,judge_label_mapped,0.0
pudo__dataset.5c2dc8d3.combine_file__vzgs8c9t,swe_32k,swesmith/pudo__dataset.5c2dc8d3,ko,train,ok,,HARD_BUT_PARTIAL_SIGNAL,29,29,0.4,judge_label_mapped,0.0
bottlepy__bottle.a8dfef30.func_basic__4maob8rt,swe_128k,swesmith/bottlepy__bottle.a8dfef30,en,train,ok,,HARD_BUT_PARTIAL_SIGNAL,1,30,0.75,judge_label_mapped,0.0
pudo__dataset.5c2dc8d3.lm_rewrite__3su3yv0o,swe_32k,swesmith/pudo__dataset.5c2dc8d3,ko,train,ok,,,2,30,0.4,judge_label_mapped,0.875
agronholm__typeguard.b6a7e438.combine_module__32keaobz,swe_64k,swesmith/agronholm__typeguard.b6a7e438,en,excluded,excluded,TOO_HARD,GOLD_WHITESPACE_MISMATCH,7,30,0.4,judge_label_mapped,0.0
agronholm__exceptiongroup.0b4f4937.combine_module__ps4pitxu,swe_32k,swesmith/agronholm__exceptiongroup.0b4f4937,en,excluded,excluded,NO_VALID_F2P,F2P_PRUNED:42;P2P_PRUNED:30,0,0,0.4,judge_label_mapped,
agronholm__exceptiongroup.0b4f4937.combine_module__qnop2u5m,swe_32k,swesmith/agronholm__exceptiongroup.0b4f4937,en,test,ok,,,39,30,0.25,judge_label_mapped,
jaraco__inflect.c079a96a.func_basic__d3nukty0,swe_64k,swesmith/jaraco__inflect.c079a96a,en,excluded,excluded,TOO_HARD,gold_touches_tests,13,30,0.6,judge_label_mapped,0.0
pygments__pygments.27649ebb.combine_file__1qkwjzu6,swe_32k,swesmith/pygments__pygments.27649ebb,ko,train,ok,,HARD_BUT_PARTIAL_SIGNAL,16,30,0.25,judge_label_mapped,0.0
pygments__pygments.27649ebb.combine_file__4fceqqst,swe_128k,swesmith/pygments__pygments.27649ebb,en,train,ok,,HARD_BUT_PARTIAL_SIGNAL,6,30,0.25,judge_label_mapped,0.0
pudo__dataset.5c2dc8d3.func_pm_ctrl_shuffle__pwbngxdd,swe_32k,swesmith/pudo__dataset.5c2dc8d3,ko,train,ok,,,2,30,0.6,judge_label_mapped,0.25
luozhouyang__python-string-similarity.115acaac.func_pm_class_rm_funcs__fdibz29l,swe_32k,swesmith/luozhouyang__python-string-similarity.115acaac,en,test,ok,,,1,17,0.75,judge_label_mapped,
agronholm__typeguard.b6a7e438.combine_file__zu1iqhvy,swe_32k,swesmith/agronholm__typeguard.b6a7e438,en,train,ok,,HARD_BUT_PARTIAL_SIGNAL,7,30,0.4,judge_label_mapped,0.0
joke2k__faker.8b401a7d.combine_module__73ycrnyf,swe_64k,swesmith/joke2k__faker.8b401a7d,ko,test,ok,,,10,30,0.4,judge_label_mapped,
Suor__funcy.207a7810.combine_file__9xbr3kzj,swe_64k,swesmith/Suor__funcy.207a7810,ko,train,ok,,HARD_BUT_PARTIAL_SIGNAL,9,30,0.6,judge_label_mapped,0.0
PyCQA__flake8.cf1542ce.func_basic__3ojrsgwx,swe_128k,swesmith/PyCQA__flake8.cf1542ce,en,train,ok,,,2,30,0.75,judge_label_mapped,0.25
bottlepy__bottle.a8dfef30.func_basic__31f1bsc4,swe_128k,swesmith/bottlepy__bottle.a8dfef30,ko,train,ok,,,3,30,0.6,judge_label_mapped,0.5
Suor__funcy.207a7810.combine_file__k1l4autn,swe_64k,swesmith/Suor__funcy.207a7810,en,train,ok,,HARD_BUT_PARTIAL_SIGNAL,2,30,0.4,judge_label_mapped,0.0
cantools__cantools.0c6a7871.combine_file__2oh5mvgj,swe_32k,swesmith/cantools__cantools.0c6a7871,ko,validation,ok,,,42,30,0.6,judge_label_mapped,
bottlepy__bottle.a8dfef30.func_basic__45wy7s38,swe_128k,swesmith/bottlepy__bottle.a8dfef30,en,train,ok,,HARD_BUT_PARTIAL_SIGNAL,8,30,0.4,judge_label_mapped,0.0
cantools__cantools.0c6a7871.combine_file__4g7nfp5f,swe_128k,swesmith/cantools__cantools.0c6a7871,ko,validation,ok,,,8,30,0.25,judge_label_mapped,
cknd__stackprinter.219fcc52.combine_file__seyzvgoz,swe_32k,swesmith/cknd__stackprinter.219fcc52,en,validation,ok,,,3,3,0.4,judge_label_mapped,
jaraco__inflect.c079a96a.func_basic__di30lmvg,swe_64k,swesmith/jaraco__inflect.c079a96a,en,excluded,excluded,TOO_HARD,gold_touches_tests,8,30,0.75,judge_label_mapped,0.0
pudo__dataset.5c2dc8d3.func_pm_remove_loop__iagokng5,swe_32k,swesmith/pudo__dataset.5c2dc8d3,en,excluded,excluded,TOO_HARD,,2,30,0.4,judge_label_mapped,0.0
agronholm__exceptiongroup.0b4f4937.combine_module__5kl4mgpe,swe_32k,swesmith/agronholm__exceptiongroup.0b4f4937,ko,test,ok,,,23,30,0.6,judge_label_mapped,
agronholm__typeguard.b6a7e438.combine_file__7uri3gp4,swe_64k,swesmith/agronholm__typeguard.b6a7e438,en,train,ok,,HARD_BUT_PARTIAL_SIGNAL,7,30,0.4,judge_label_mapped,0.0
joke2k__faker.8b401a7d.combine_module__w9acb3f3,swe_128k,swesmith/joke2k__faker.8b401a7d,en,test,ok,,,3,30,0.4,judge_label_mapped,
Knio__dominate.9082227e.pr_187,swe_32k,swesmith/Knio__dominate.9082227e,en,excluded,excluded,NO_VALID_F2P,F2P_PRUNED:65,0,0,0.4,judge_label_mapped,
oauthlib__oauthlib.1fd52536.combine_file__78ba7zwz,swe_128k,swesmith/oauthlib__oauthlib.1fd52536,ko,train,ok,,HARD_BUT_PARTIAL_SIGNAL,19,30,0.6,judge_label_mapped,0.0
jd__tenacity.0d40e76f.combine_file__iaukvafj,swe_64k,swesmith/jd__tenacity.0d40e76f,en,train,ok,,HARD_BUT_PARTIAL_SIGNAL,7,30,0.6,judge_label_mapped,0.0
jaraco__inflect.c079a96a.func_basic__77wgjd4m,swe_64k,swesmith/jaraco__inflect.c079a96a,en,excluded,excluded,TOO_HARD,gold_touches_tests,5,30,0.4,judge_label_mapped,0.0
pdfminer__pdfminer.six.1a8bd2f7.combine_file__9pxesytc,swe_128k,swesmith/pdfminer__pdfminer.six.1a8bd2f7,ko,train,ok,,HARD_BUT_PARTIAL_SIGNAL,3,30,0.6,judge_label_mapped,0.0
Cog-Creators__Red-DiscordBot.33e0eac7.combine_file__7yi8dsns,swe_128k,swesmith/Cog-Creators__Red-DiscordBot.33e0eac7,ko,validation,ok,,,5,30,0.4,judge_label_mapped,
pygments__pygments.27649ebb.combine_file__45gu2r6d,swe_64k,swesmith/pygments__pygments.27649ebb,ko,train,ok,,HARD_BUT_PARTIAL_SIGNAL,16,30,0.4,judge_label_mapped,0.0
agronholm__exceptiongroup.0b4f4937.combine_module__fm0c4bll,swe_32k,swesmith/agronholm__exceptiongroup.0b4f4937,ko,excluded,excluded,NO_VALID_F2P,F2P_PRUNED:84;P2P_PRUNED:5,0,0,0.25,judge_label_mapped,
pygments__pygments.27649ebb.combine_file__4tfaw0zk,swe_32k,swesmith/pygments__pygments.27649ebb,ko,train,ok,,HARD_BUT_PARTIAL_SIGNAL,4,30,0.4,judge_label_mapped,0.0
luozhouyang__python-string-similarity.115acaac.func_pm_ctrl_invert_if__9etjo048,swe_32k,swesmith/luozhouyang__python-string-similarity.115acaac,ko,test,ok,,GOLD_WHITESPACE_MISMATCH,1,17,0.75,judge_label_mapped,
pygments__pygments.27649ebb.combine_file__2wjtctzz,swe_128k,swesmith/pygments__pygments.27649ebb,ko,train,ok,,HARD_BUT_PARTIAL_SIGNAL,5,30,0.4,judge_label_mapped,0.0
pygments__pygments.27649ebb.combine_file__5xyqjwea,swe_64k,swesmith/pygments__pygments.27649ebb,en,train,ok,,HARD_BUT_PARTIAL_SIGNAL,14,30,0.4,judge_label_mapped,0.0
cknd__stackprinter.219fcc52.combine_file__e6q4r13i,swe_32k,swesmith/cknd__stackprinter.219fcc52,ko,validation,ok,,,1,6,0.25,judge_label_mapped,
pudo__dataset.5c2dc8d3.combine_file__rbxbmcny,swe_32k,swesmith/pudo__dataset.5c2dc8d3,en,train,ok,,HARD_BUT_PARTIAL_SIGNAL,3,30,0.6,judge_label_mapped,0.0
oauthlib__oauthlib.1fd52536.combine_file__09vlzwgc,swe_32k,swesmith/oauthlib__oauthlib.1fd52536,en,train,ok,,HARD_BUT_PARTIAL_SIGNAL,18,30,0.6,judge_label_mapped,0.0
agronholm__exceptiongroup.0b4f4937.combine_file__f9ib0lv6,swe_32k,swesmith/agronholm__exceptiongroup.0b4f4937,en,test,ok,,,17,30,0.4,judge_label_mapped,
agronholm__exceptiongroup.0b4f4937.combine_module__kgxoavlo,swe_32k,swesmith/agronholm__exceptiongroup.0b4f4937,ko,test,ok,,,39,30,0.75,judge_label_mapped,
joke2k__faker.8b401a7d.func_pm_remove_assign__0ugigghr,swe_128k,swesmith/joke2k__faker.8b401a7d,en,test,ok,,,11,30,0.4,judge_label_mapped,
Cog-Creators__Red-DiscordBot.33e0eac7.combine_module__bjf0rr5u,swe_128k,swesmith/Cog-Creators__Red-DiscordBot.33e0eac7,en,validation,ok,,GOLD_WHITESPACE_MISMATCH,3,30,0.4,judge_label_mapped,
luozhouyang__python-string-similarity.115acaac.combine_file__cu1lt1by,swe_32k,swesmith/luozhouyang__python-string-similarity.115acaac,en,test,ok,,,2,16,0.4,judge_label_mapped,
PyCQA__flake8.cf1542ce.combine_module__6s6gtqrd,swe_128k,swesmith/PyCQA__flake8.cf1542ce,en,train,ok,,F2P_PRUNED:1,1,30,0.25,judge_label_mapped,0.375
cantools__cantools.0c6a7871.combine_file__3gehs6ij,swe_64k,swesmith/cantools__cantools.0c6a7871,ko,validation,ok,,,14,30,0.4,judge_label_mapped,
agronholm__exceptiongroup.0b4f4937.combine_module__fi1lrok7,swe_32k,swesmith/agronholm__exceptiongroup.0b4f4937,en,excluded,excluded,NO_VALID_F2P,F2P_PRUNED:35;P2P_PRUNED:30,0,0,0.4,judge_label_mapped,
pudo__dataset.5c2dc8d3.func_basic__n8uymc7v,swe_32k,swesmith/pudo__dataset.5c2dc8d3,en,train,ok,,,2,30,0.75,judge_label_mapped,0.25
pudo__dataset.5c2dc8d3.func_basic__t0vlwq3i,swe_32k,swesmith/pudo__dataset.5c2dc8d3,en,train,ok,,HARD_BUT_PARTIAL_SIGNAL,1,30,0.75,judge_label_mapped,0.0
cknd__stackprinter.219fcc52.combine_file__9dca7cdg,swe_32k,swesmith/cknd__stackprinter.219fcc52,en,validation,ok,,,4,3,0.25,judge_label_mapped,
PyCQA__flake8.cf1542ce.func_basic__6fn1rne9,swe_64k,swesmith/PyCQA__flake8.cf1542ce,en,train,ok,,,1,30,0.75,judge_label_mapped,0.625
cantools__cantools.0c6a7871.combine_file__1q8tw1rk,swe_32k,swesmith/cantools__cantools.0c6a7871,ko,validation,ok,,,12,30,0.6,judge_label_mapped,
pyupio__safety.7654596b.combine_file__ka0pk878,swe_32k,swesmith/pyupio__safety.7654596b,en,train,ok,,F2P_PRUNED:1;HARD_BUT_PARTIAL_SIGNAL,10,30,0.6,judge_label_mapped,0.0
oauthlib__oauthlib.1fd52536.combine_file__366dyxhy,swe_128k,swesmith/oauthlib__oauthlib.1fd52536,en,train,ok,,F2P_PRUNED:122;HARD_BUT_PARTIAL_SIGNAL,50,30,0.25,judge_label_mapped,0.0
cknd__stackprinter.219fcc52.combine_file__jnvikixw,swe_32k,swesmith/cknd__stackprinter.219fcc52,ko,validation,ok,,,2,5,0.4,judge_label_mapped,
Suor__funcy.207a7810.combine_file__hrj9q0oi,swe_64k,swesmith/Suor__funcy.207a7810,en,train,ok,,HARD_BUT_PARTIAL_SIGNAL,7,30,0.4,judge_label_mapped,0.0
pudo__dataset.5c2dc8d3.combine_file__hp5yoq5o,swe_32k,swesmith/pudo__dataset.5c2dc8d3,ko,train,ok,,HARD_BUT_PARTIAL_SIGNAL,3,30,0.75,judge_label_mapped,0.0
jaraco__inflect.c079a96a.func_basic__dub3lvb3,swe_64k,swesmith/jaraco__inflect.c079a96a,en,excluded,excluded,BUG_IN_TEST_FILE,gold_touches_tests,0,0,0.75,judge_label_mapped,
pyupio__safety.7654596b.combine_file__ql1q2but,swe_64k,swesmith/pyupio__safety.7654596b,ko,train,ok,,P2P_PRUNED:1;HARD_BUT_PARTIAL_SIGNAL,6,29,0.6,judge_label_mapped,0.0
bottlepy__bottle.a8dfef30.combine_file__zau84fwc,swe_128k,swesmith/bottlepy__bottle.a8dfef30,en,train,ok,,HARD_BUT_PARTIAL_SIGNAL,20,30,0.4,judge_label_mapped,0.0
Cog-Creators__Red-DiscordBot.33e0eac7.combine_file__xwviazi8,swe_32k,swesmith/Cog-Creators__Red-DiscordBot.33e0eac7,en,validation,ok,,,2,30,0.6,judge_label_mapped,
Cog-Creators__Red-DiscordBot.33e0eac7.combine_module__d063c1f4,swe_32k,swesmith/Cog-Creators__Red-DiscordBot.33e0eac7,ko,validation,ok,,,2,30,0.25,judge_label_mapped,
Cog-Creators__Red-DiscordBot.33e0eac7.combine_file__d97cxah7,swe_64k,swesmith/Cog-Creators__Red-DiscordBot.33e0eac7,ko,validation,ok,,,3,30,0.4,judge_label_mapped,
Cog-Creators__Red-DiscordBot.33e0eac7.combine_module__0gr72zo5,swe_128k,swesmith/Cog-Creators__Red-DiscordBot.33e0eac7,ko,validation,ok,,,1,30,0.4,judge_label_mapped,
oauthlib__oauthlib.1fd52536.combine_file__1o3hm5l5,swe_32k,swesmith/oauthlib__oauthlib.1fd52536,en,train,ok,,,1,30,0.75,judge_label_mapped,0.25
Cog-Creators__Red-DiscordBot.33e0eac7.combine_module__7dxlw6wk,swe_32k,swesmith/Cog-Creators__Red-DiscordBot.33e0eac7,ko,validation,ok,,,5,30,0.4,judge_label_mapped,
Suor__funcy.207a7810.combine_file__3cucpzij,swe_64k,swesmith/Suor__funcy.207a7810,en,train,ok,,HARD_BUT_PARTIAL_SIGNAL,9,30,0.4,judge_label_mapped,0.0
pyupio__safety.7654596b.combine_file__n8yceun2,swe_32k,swesmith/pyupio__safety.7654596b,ko,excluded,excluded,TOO_HARD,P2P_PRUNED:1,5,29,0.6,judge_label_mapped,0.0
Cog-Creators__Red-DiscordBot.33e0eac7.combine_module__886ywrvb,swe_64k,swesmith/Cog-Creators__Red-DiscordBot.33e0eac7,en,validation,ok,,,3,30,0.4,judge_label_mapped,
bottlepy__bottle.a8dfef30.func_basic__0mk0h5g4,swe_64k,swesmith/bottlepy__bottle.a8dfef30,en,train,ok,,F2P_PRUNED:38;HARD_BUT_PARTIAL_SIGNAL,50,30,0.75,judge_label_mapped,0.0
Knio__dominate.9082227e.func_pm_class_rm_base__44pnxlan,swe_32k,swesmith/Knio__dominate.9082227e,en,train,ok,,,1,30,0.75,judge_label_mapped,0.375
pygments__pygments.27649ebb.combine_file__3pcclc7e,swe_128k,swesmith/pygments__pygments.27649ebb,ko,train,ok,,F2P_PRUNED:158;HARD_BUT_PARTIAL_SIGNAL,50,30,0.25,judge_label_mapped,0.0
Knio__dominate.9082227e.combine_file__lfhwmvs5,swe_32k,swesmith/Knio__dominate.9082227e,en,train,ok,,,2,30,0.6,judge_label_mapped,0.125
luozhouyang__python-string-similarity.115acaac.func_pm_ctrl_shuffle__lb0gs3i9,swe_32k,swesmith/luozhouyang__python-string-similarity.115acaac,ko,test,ok,,GOLD_WHITESPACE_MISMATCH,1,17,0.75,judge_label_mapped,
oauthlib__oauthlib.1fd52536.combine_file__8424hlua,swe_32k,swesmith/oauthlib__oauthlib.1fd52536,en,train,ok,,HARD_BUT_PARTIAL_SIGNAL,1,30,0.75,judge_label_mapped,0.0
Cog-Creators__Red-DiscordBot.33e0eac7.combine_module__mkemzpwf,swe_64k,swesmith/Cog-Creators__Red-DiscordBot.33e0eac7,en,validation,ok,,GOLD_WHITESPACE_MISMATCH;P2P_PRUNED:30,5,0,0.4,judge_label_mapped,
cknd__stackprinter.219fcc52.combine_file__ewv5rmhm,swe_32k,swesmith/cknd__stackprinter.219fcc52,en,validation,ok,,,2,5,0.25,judge_label_mapped,
pudo__dataset.5c2dc8d3.func_pm_ctrl_shuffle__p8zgf1es,swe_32k,swesmith/pudo__dataset.5c2dc8d3,en,train,ok,,,4,30,0.6,judge_label_mapped,0.5
oauthlib__oauthlib.1fd52536.combine_file__7ymo4qe1,swe_64k,swesmith/oauthlib__oauthlib.1fd52536,en,train,ok,,HARD_BUT_PARTIAL_SIGNAL,7,30,0.4,judge_label_mapped,0.0
luozhouyang__python-string-similarity.115acaac.func_pm_ctrl_shuffle__18ll59ds,swe_32k,swesmith/luozhouyang__python-string-similarity.115acaac,ko,test,ok,,GOLD_WHITESPACE_MISMATCH,1,17,0.6,judge_label_mapped,
bottlepy__bottle.a8dfef30.combine_file__ahufnyv5,swe_128k,swesmith/bottlepy__bottle.a8dfef30,ko,train,ok,,HARD_BUT_PARTIAL_SIGNAL,13,30,0.4,judge_label_mapped,0.0
agronholm__exceptiongroup.0b4f4937.combine_file__5f69j6zc,swe_32k,swesmith/agronholm__exceptiongroup.0b4f4937,en,test,ok,,,41,30,0.6,judge_label_mapped,
agronholm__exceptiongroup.0b4f4937.combine_module__mkpnzqei,swe_32k,swesmith/agronholm__exceptiongroup.0b4f4937,en,excluded,excluded,NO_VALID_F2P,F2P_PRUNED:83;P2P_PRUNED:6,0,0,0.25,judge_label_mapped,
pudo__dataset.5c2dc8d3.func_pm_remove_cond__27go465n,swe_32k,swesmith/pudo__dataset.5c2dc8d3,en,train,ok,,,1,30,0.75,judge_label_mapped,0.375
pyupio__safety.7654596b.combine_module__2yi6sviw,swe_64k,swesmith/pyupio__safety.7654596b,en,train,ok,,P2P_PRUNED:1;HARD_BUT_PARTIAL_SIGNAL,4,29,0.25,judge_label_mapped,0.0
mahmoud__boltons.3bfcfdd0.combine_file__7nlifqzn,swe_64k,swesmith/mahmoud__boltons.3bfcfdd0,en,train,ok,,HARD_BUT_PARTIAL_SIGNAL,2,30,0.4,judge_label_mapped,0.0
cknd__stackprinter.219fcc52.combine_file__5zghcl1w,swe_32k,swesmith/cknd__stackprinter.219fcc52,en,validation,ok,,,2,5,0.25,judge_label_mapped,
pyupio__safety.7654596b.combine_module__0yki9jlr,swe_64k,swesmith/pyupio__safety.7654596b,en,train,ok,,F2P_PRUNED:4;HARD_BUT_PARTIAL_SIGNAL,1,30,0.4,judge_label_mapped,0.0
bottlepy__bottle.a8dfef30.func_basic__5bhwl4uv,swe_64k,swesmith/bottlepy__bottle.a8dfef30,ko,train,ok,,,1,30,0.6,judge_label_mapped,0.5
pygments__pygments.27649ebb.combine_file__2ss46tv5,swe_32k,swesmith/pygments__pygments.27649ebb,en,excluded,excluded,NO_VALID_F2P,F2P_PRUNED:32;P2P_PRUNED:30,0,0,0.25,judge_label_mapped,
pygments__pygments.27649ebb.combine_file__5qtxjczz,swe_32k,swesmith/pygments__pygments.27649ebb,en,train,ok,,HARD_BUT_PARTIAL_SIGNAL,28,30,0.6,judge_label_mapped,0.0
luozhouyang__python-string-similarity.115acaac.func_pm_ctrl_shuffle__llhbww8d,swe_32k,swesmith/luozhouyang__python-string-similarity.115acaac,ko,test,ok,,,1,17,0.75,judge_label_mapped,
Knio__dominate.9082227e.func_basic__6sweuh5e,swe_32k,swesmith/Knio__dominate.9082227e,ko,excluded,excluded,TOO_HARD,,1,30,0.75,judge_label_mapped,0.0
agronholm__typeguard.b6a7e438.combine_file__mql4ka0r,swe_64k,swesmith/agronholm__typeguard.b6a7e438,en,excluded,excluded,TOO_HARD,F2P_PRUNED:27,50,30,0.4,judge_label_mapped,0.0
luozhouyang__python-string-similarity.115acaac.func_pm_ctrl_shuffle__7bxevwv5,swe_32k,swesmith/luozhouyang__python-string-similarity.115acaac,en,test,ok,,,2,16,0.75,judge_label_mapped,
oauthlib__oauthlib.1fd52536.combine_file__0hkl0pea,swe_128k,swesmith/oauthlib__oauthlib.1fd52536,en,train,ok,,F2P_PRUNED:122;HARD_BUT_PARTIAL_SIGNAL,50,30,0.4,judge_label_mapped,0.0
luozhouyang__python-string-similarity.115acaac.func_basic__kowr5xy4,swe_32k,swesmith/luozhouyang__python-string-similarity.115acaac,ko,test,ok,,,1,17,0.75,judge_label_mapped,
oauthlib__oauthlib.1fd52536.combine_file__1bsv3m8l,swe_64k,swesmith/oauthlib__oauthlib.1fd52536,en,train,ok,,HARD_BUT_PARTIAL_SIGNAL,4,30,0.6,judge_label_mapped,0.0
Suor__funcy.207a7810.combine_file__724bnxkn,swe_64k,swesmith/Suor__funcy.207a7810,en,train,ok,,HARD_BUT_PARTIAL_SIGNAL,6,30,0.6,judge_label_mapped,0.0
luozhouyang__python-string-similarity.115acaac.func_pm_class_rm_funcs__c79l98k5,swe_32k,swesmith/luozhouyang__python-string-similarity.115acaac,en,test,ok,,,1,17,0.4,judge_label_mapped,
cantools__cantools.0c6a7871.combine_file__6x3oo3g5,swe_32k,swesmith/cantools__cantools.0c6a7871,en,validation,ok,,,14,30,0.4,judge_label_mapped,
jaraco__inflect.c079a96a.func_basic__9lsc3k23,swe_64k,swesmith/jaraco__inflect.c079a96a,en,excluded,excluded,BUG_IN_TEST_FILE,gold_touches_tests,0,0,0.4,judge_label_mapped,
pudo__dataset.5c2dc8d3.func_pm_ctrl_shuffle__ap17dl1l,swe_32k,swesmith/pudo__dataset.5c2dc8d3,en,excluded,excluded,TOO_HARD,,2,30,0.6,judge_label_mapped,0.0
pdfminer__pdfminer.six.1a8bd2f7.combine_file__db38faiu,swe_32k,swesmith/pdfminer__pdfminer.six.1a8bd2f7,ko,train,ok,,HARD_BUT_PARTIAL_SIGNAL,11,30,0.4,judge_label_mapped,0.0
luozhouyang__python-string-similarity.115acaac.func_pm_ctrl_invert_if__odyebhcy,swe_32k,swesmith/luozhouyang__python-string-similarity.115acaac,en,test,ok,,,1,17,0.4,judge_label_mapped,
agronholm__typeguard.b6a7e438.combine_file__uhb3sa6z,swe_32k,swesmith/agronholm__typeguard.b6a7e438,ko,train,ok,,HARD_BUT_PARTIAL_SIGNAL,6,30,0.25,judge_label_mapped,0.0
agronholm__exceptiongroup.0b4f4937.combine_module__a6ta2od9,swe_32k,swesmith/agronholm__exceptiongroup.0b4f4937,ko,test,ok,,F2P_PRUNED:13,50,26,0.4,judge_label_mapped,
agronholm__exceptiongroup.0b4f4937.combine_module__9pv57301,swe_32k,swesmith/agronholm__exceptiongroup.0b4f4937,ko,test,ok,,,5,30,0.6,judge_label_mapped,
pygments__pygments.27649ebb.combine_file__1uyxj5ej,swe_128k,swesmith/pygments__pygments.27649ebb,en,train,ok,,HARD_BUT_PARTIAL_SIGNAL,15,30,0.4,judge_label_mapped,0.0
joke2k__faker.8b401a7d.func_pm_class_rm_funcs__cqdxidw3,swe_32k,swesmith/joke2k__faker.8b401a7d,en,test,ok,,,5,30,0.4,judge_label_mapped,
Cog-Creators__Red-DiscordBot.33e0eac7.combine_module__535wueez,swe_32k,swesmith/Cog-Creators__Red-DiscordBot.33e0eac7,en,validation,ok,,,2,30,0.6,judge_label_mapped,
jd__tenacity.0d40e76f.combine_file__wig9ao0c,swe_64k,swesmith/jd__tenacity.0d40e76f,en,train,ok,,HARD_BUT_PARTIAL_SIGNAL,2,30,0.75,judge_label_mapped,0.0
agronholm__exceptiongroup.0b4f4937.combine_file__ap097ezd,swe_32k,swesmith/agronholm__exceptiongroup.0b4f4937,en,test,ok,,GOLD_WHITESPACE_MISMATCH,17,30,0.25,judge_label_mapped,
Cog-Creators__Red-DiscordBot.33e0eac7.combine_file__9gfdmym0,swe_32k,swesmith/Cog-Creators__Red-DiscordBot.33e0eac7,en,validation,ok,,,5,30,0.75,judge_label_mapped,
joke2k__faker.8b401a7d.combine_module__ojfqafk1,swe_32k,swesmith/joke2k__faker.8b401a7d,en,test,ok,,GOLD_WHITESPACE_MISMATCH,7,30,0.4,judge_label_mapped,
Knio__dominate.9082227e.func_basic__3j8c0kj7,swe_32k,swesmith/Knio__dominate.9082227e,en,train,ok,,,2,30,0.75,judge_label_mapped,0.25
bottlepy__bottle.a8dfef30.func_basic__5ygt4477,swe_128k,swesmith/bottlepy__bottle.a8dfef30,en,train,ok,,HARD_BUT_PARTIAL_SIGNAL,7,30,0.6,judge_label_mapped,0.0
pudo__dataset.5c2dc8d3.func_basic__unvpw8ok,swe_32k,swesmith/pudo__dataset.5c2dc8d3,en,train,ok,,HARD_BUT_PARTIAL_SIGNAL,1,30,0.4,judge_label_mapped,0.0
oauthlib__oauthlib.1fd52536.combine_file__8711slta,swe_128k,swesmith/oauthlib__oauthlib.1fd52536,ko,train,ok,,HARD_BUT_PARTIAL_SIGNAL,25,30,0.4,judge_label_mapped,0.0
PyCQA__flake8.cf1542ce.combine_module__pejl71qq,swe_128k,swesmith/PyCQA__flake8.cf1542ce,ko,train,ok,,HARD_BUT_PARTIAL_SIGNAL,4,30,0.4,judge_label_mapped,0.0
cknd__stackprinter.219fcc52.combine_file__3mb4yuht,swe_32k,swesmith/cknd__stackprinter.219fcc52,en,validation,ok,,,2,5,0.25,judge_label_mapped,
agronholm__typeguard.b6a7e438.combine_module__2d6wtqog,swe_64k,swesmith/agronholm__typeguard.b6a7e438,ko,train,ok,,HARD_BUT_PARTIAL_SIGNAL,7,30,0.25,judge_label_mapped,0.0
pygments__pygments.27649ebb.combine_file__424kk7ef,swe_32k,swesmith/pygments__pygments.27649ebb,en,train,ok,,HARD_BUT_PARTIAL_SIGNAL,7,30,0.4,judge_label_mapped,0.0
jd__tenacity.0d40e76f.combine_module__31gyysk9,swe_32k,swesmith/jd__tenacity.0d40e76f,en,train,ok,,HARD_BUT_PARTIAL_SIGNAL,15,30,0.75,judge_label_mapped,0.0
bottlepy__bottle.a8dfef30.func_basic__626yp9sn,swe_64k,swesmith/bottlepy__bottle.a8dfef30,en,train,ok,,,31,30,0.75,judge_label_mapped,0.125
joke2k__faker.8b401a7d.func_pm_op_swap__yc8agswj,swe_64k,swesmith/joke2k__faker.8b401a7d,en,test,ok,,,3,30,0.6,judge_label_mapped,
pygments__pygments.27649ebb.combine_file__10iyw9d8,swe_64k,swesmith/pygments__pygments.27649ebb,ko,train,ok,,HARD_BUT_PARTIAL_SIGNAL,8,30,0.4,judge_label_mapped,0.0
pudo__dataset.5c2dc8d3.combine_file__emn854d9,swe_32k,swesmith/pudo__dataset.5c2dc8d3,ko,train,ok,,HARD_BUT_PARTIAL_SIGNAL,3,30,0.6,judge_label_mapped,0.0
cantools__cantools.0c6a7871.combine_file__4j1ah2s3,swe_64k,swesmith/cantools__cantools.0c6a7871,ko,validation,ok,,F2P_PRUNED:7,50,30,0.75,judge_label_mapped,
pygments__pygments.27649ebb.combine_file__0amjfhxw,swe_128k,swesmith/pygments__pygments.27649ebb,en,train,ok,,F2P_PRUNED:52;HARD_BUT_PARTIAL_SIGNAL,50,30,0.75,judge_label_mapped,0.0
agronholm__typeguard.b6a7e438.combine_file__y7fbfgvb,swe_32k,swesmith/agronholm__typeguard.b6a7e438,ko,train,ok,,F2P_PRUNED:135;HARD_BUT_PARTIAL_SIGNAL,50,30,0.4,judge_label_mapped,0.0
jaraco__inflect.c079a96a.func_basic__20t8s193,swe_64k,swesmith/jaraco__inflect.c079a96a,ko,excluded,excluded,TOO_HARD,gold_touches_tests,1,30,0.75,judge_label_mapped,0.0
joke2k__faker.8b401a7d.combine_module__5t5xnt2a,swe_128k,swesmith/joke2k__faker.8b401a7d,en,test,ok,,,4,30,0.4,judge_label_mapped,
Suor__funcy.207a7810.combine_file__k7uqr3fm,swe_32k,swesmith/Suor__funcy.207a7810,en,train,ok,,HARD_BUT_PARTIAL_SIGNAL,3,30,0.4,judge_label_mapped,0.0
Knio__dominate.9082227e.func_basic__resw7g2k,swe_32k,swesmith/Knio__dominate.9082227e,en,train,ok,,,1,30,0.75,judge_label_mapped,0.125
pyupio__safety.7654596b.combine_file__3oso2p08,swe_64k,swesmith/pyupio__safety.7654596b,en,train,ok,,F2P_PRUNED:4;HARD_BUT_PARTIAL_SIGNAL,19,30,0.4,judge_label_mapped,0.0
jd__tenacity.0d40e76f.combine_file__69rgwhxp,swe_64k,swesmith/jd__tenacity.0d40e76f,ko,train,ok,,F2P_PRUNED:49;P2P_PRUNED:2;HARD_BUT_PARTIAL_SIGNAL,50,22,0.25,judge_label_mapped,0.0
pyupio__safety.7654596b.combine_module__32hpo3aj,swe_128k,swesmith/pyupio__safety.7654596b,en,train,ok,,F2P_PRUNED:1;P2P_PRUNED:2;HARD_BUT_PARTIAL_SIGNAL,22,28,0.4,judge_label_mapped,0.0
jaraco__inflect.c079a96a.func_basic__5u2jk6g0,swe_64k,swesmith/jaraco__inflect.c079a96a,ko,excluded,excluded,TOO_HARD,gold_touches_tests,4,30,0.75,judge_label_mapped,0.0
Cog-Creators__Red-DiscordBot.33e0eac7.combine_file__5x7jn623,swe_64k,swesmith/Cog-Creators__Red-DiscordBot.33e0eac7,ko,validation,ok,,,5,30,0.4,judge_label_mapped,
mahmoud__boltons.3bfcfdd0.combine_file__mn4lzmb4,swe_64k,swesmith/mahmoud__boltons.3bfcfdd0,ko,train,ok,,HARD_BUT_PARTIAL_SIGNAL,3,30,0.4,judge_label_mapped,0.0
agronholm__exceptiongroup.0b4f4937.combine_file__mw63j2hd,swe_32k,swesmith/agronholm__exceptiongroup.0b4f4937,en,excluded,excluded,NO_VALID_F2P,F2P_PRUNED:28;P2P_PRUNED:30,0,0,0.25,judge_label_mapped,
agronholm__exceptiongroup.0b4f4937.combine_module__nfx0d1jk,swe_32k,swesmith/agronholm__exceptiongroup.0b4f4937,ko,test,ok,,,4,30,0.6,judge_label_mapped,
luozhouyang__python-string-similarity.115acaac.func_basic__6nnrxgue,swe_32k,swesmith/luozhouyang__python-string-similarity.115acaac,ko,test,ok,,,1,17,0.6,judge_label_mapped,
pudo__dataset.5c2dc8d3.func_pm_remove_loop__orpgrfog,swe_32k,swesmith/pudo__dataset.5c2dc8d3,en,train,ok,,,5,30,0.6,judge_label_mapped,0.25
agronholm__typeguard.b6a7e438.combine_module__5heps2jl,swe_64k,swesmith/agronholm__typeguard.b6a7e438,en,train,ok,,F2P_PRUNED:24;HARD_BUT_PARTIAL_SIGNAL,50,30,0.4,judge_label_mapped,0.0
mahmoud__boltons.3bfcfdd0.combine_file__c5rs0ihw,swe_64k,swesmith/mahmoud__boltons.3bfcfdd0,ko,train,ok,,HARD_BUT_PARTIAL_SIGNAL,1,30,0.6,judge_label_mapped,0.0
pyupio__safety.7654596b.combine_module__0xpuor70,swe_32k,swesmith/pyupio__safety.7654596b,en,train,ok,,F2P_PRUNED:1;HARD_BUT_PARTIAL_SIGNAL,6,30,0.25,judge_label_mapped,0.0
cknd__stackprinter.219fcc52.combine_file__tl1vgxi2,swe_32k,swesmith/cknd__stackprinter.219fcc52,ko,validation,ok,,,2,5,0.4,judge_label_mapped,
oauthlib__oauthlib.1fd52536.combine_file__3robnlss,swe_64k,swesmith/oauthlib__oauthlib.1fd52536,en,train,ok,,,8,30,0.6,judge_label_mapped,0.125
joke2k__faker.8b401a7d.func_pm_remove_assign__1h0vktjt,swe_32k,swesmith/joke2k__faker.8b401a7d,en,test,ok,,,3,30,0.4,judge_label_mapped,
Knio__dominate.9082227e.combine_file__c41n4t58,swe_32k,swesmith/Knio__dominate.9082227e,ko,train,ok,,HARD_BUT_PARTIAL_SIGNAL,6,30,0.4,judge_label_mapped,0.0
jaraco__inflect.c079a96a.func_basic__22egpvdf,swe_64k,swesmith/jaraco__inflect.c079a96a,ko,excluded,excluded,BUG_IN_TEST_FILE,gold_touches_tests,0,0,0.4,judge_label_mapped,
PyCQA__flake8.cf1542ce.combine_file__vyjnqkfm,swe_64k,swesmith/PyCQA__flake8.cf1542ce,ko,train,ok,,,1,30,0.75,judge_label_mapped,0.125
oauthlib__oauthlib.1fd52536.combine_file__4h1qcza1,swe_64k,swesmith/oauthlib__oauthlib.1fd52536,ko,train,ok,,HARD_BUT_PARTIAL_SIGNAL,39,30,0.25,judge_label_mapped,0.0
pygments__pygments.27649ebb.combine_file__2y51dv20,swe_32k,swesmith/pygments__pygments.27649ebb,en,train,ok,,HARD_BUT_PARTIAL_SIGNAL,13,30,0.4,judge_label_mapped,0.0
jd__tenacity.0d40e76f.combine_file__x5zc4xb6,swe_32k,swesmith/jd__tenacity.0d40e76f,ko,train,ok,,,3,30,0.6,judge_label_mapped,0.125
pudo__dataset.5c2dc8d3.func_basic__r1lam6h6,swe_32k,swesmith/pudo__dataset.5c2dc8d3,ko,excluded,excluded,TOO_EASY,,2,30,0.75,judge_label_mapped,1.0
jaraco__inflect.c079a96a.func_basic__f7pk0kv1,swe_64k,swesmith/jaraco__inflect.c079a96a,ko,excluded,excluded,TOO_HARD,gold_touches_tests,18,30,0.4,judge_label_mapped,0.0
pdfminer__pdfminer.six.1a8bd2f7.combine_file__4rq2q24o,swe_64k,swesmith/pdfminer__pdfminer.six.1a8bd2f7,en,train,ok,,F2P_PRUNED:27;HARD_BUT_PARTIAL_SIGNAL,50,30,0.75,judge_label_mapped,0.0
pyupio__safety.7654596b.combine_module__3xluiksy,swe_64k,swesmith/pyupio__safety.7654596b,en,train,ok,,F2P_PRUNED:4;HARD_BUT_PARTIAL_SIGNAL,10,30,0.4,judge_label_mapped,0.0
pdfminer__pdfminer.six.1a8bd2f7.combine_file__d1phgeou,swe_128k,swesmith/pdfminer__pdfminer.six.1a8bd2f7,ko,train,ok,,F2P_PRUNED:4;HARD_BUT_PARTIAL_SIGNAL,50,30,0.4,judge_label_mapped,0.0
pdfminer__pdfminer.six.1a8bd2f7.combine_file__lum5he2b,swe_64k,swesmith/pdfminer__pdfminer.six.1a8bd2f7,ko,train,ok,,HARD_BUT_PARTIAL_SIGNAL,46,30,0.4,judge_label_mapped,0.0
pdfminer__pdfminer.six.1a8bd2f7.combine_file__aj8swz81,swe_64k,swesmith/pdfminer__pdfminer.six.1a8bd2f7,en,train,ok,,HARD_BUT_PARTIAL_SIGNAL,50,30,0.75,judge_label_mapped,0.0
cantools__cantools.0c6a7871.combine_file__07xdw34c,swe_64k,swesmith/cantools__cantools.0c6a7871,en,validation,ok,,,25,30,0.4,judge_label_mapped,
agronholm__typeguard.b6a7e438.combine_file__fv02zs19,swe_64k,swesmith/agronholm__typeguard.b6a7e438,en,train,ok,,F2P_PRUNED:135;HARD_BUT_PARTIAL_SIGNAL,50,30,0.25,judge_label_mapped,0.0
pudo__dataset.5c2dc8d3.combine_file__wxwkl5tn,swe_32k,swesmith/pudo__dataset.5c2dc8d3,ko,train,ok,,,2,30,0.75,judge_label_mapped,0.125
cknd__stackprinter.219fcc52.combine_file__7moimff0,swe_32k,swesmith/cknd__stackprinter.219fcc52,en,validation,ok,,,2,5,0.4,judge_label_mapped,
Suor__funcy.207a7810.combine_file__5c2gq3ju,swe_32k,swesmith/Suor__funcy.207a7810,ko,train,ok,,HARD_BUT_PARTIAL_SIGNAL,6,30,0.4,judge_label_mapped,0.0
cantools__cantools.0c6a7871.combine_file__4rir7g2k,swe_64k,swesmith/cantools__cantools.0c6a7871,ko,validation,ok,,,3,30,0.6,judge_label_mapped,
pdfminer__pdfminer.six.1a8bd2f7.combine_file__qz2g332b,swe_32k,swesmith/pdfminer__pdfminer.six.1a8bd2f7,en,train,ok,,F2P_PRUNED:21;HARD_BUT_PARTIAL_SIGNAL,50,30,0.25,judge_label_mapped,0.0
cknd__stackprinter.219fcc52.combine_file__ari1pvlw,swe_32k,swesmith/cknd__stackprinter.219fcc52,en,validation,ok,,,2,5,0.4,judge_label_mapped,
mahmoud__boltons.3bfcfdd0.func_basic__2bbqxvei,swe_64k,swesmith/mahmoud__boltons.3bfcfdd0,ko,train,ok,,,1,30,0.6,judge_label_mapped,0.25
pyupio__safety.7654596b.combine_file__tmvna21t,swe_64k,swesmith/pyupio__safety.7654596b,en,train,ok,,P2P_PRUNED:1;HARD_BUT_PARTIAL_SIGNAL,5,29,0.4,judge_label_mapped,0.0
Suor__funcy.207a7810.combine_file__be6tat1i,swe_64k,swesmith/Suor__funcy.207a7810,ko,train,ok,,,2,30,0.75,judge_label_mapped,0.125
mahmoud__boltons.3bfcfdd0.func_pm_ctrl_invert_if__548m4o51,swe_128k,swesmith/mahmoud__boltons.3bfcfdd0,ko,train,ok,,,1,30,0.75,judge_label_mapped,0.5
jd__tenacity.0d40e76f.combine_file__4gcf36bk,swe_32k,swesmith/jd__tenacity.0d40e76f,en,train,ok,,,1,30,0.6,judge_label_mapped,0.375
Cog-Creators__Red-DiscordBot.33e0eac7.combine_file__ib9j050b,swe_64k,swesmith/Cog-Creators__Red-DiscordBot.33e0eac7,en,validation,ok,,,2,30,0.6,judge_label_mapped,
mahmoud__boltons.3bfcfdd0.combine_file__aa3bb0yq,swe_128k,swesmith/mahmoud__boltons.3bfcfdd0,ko,train,ok,,HARD_BUT_PARTIAL_SIGNAL,1,30,0.6,judge_label_mapped,0.0
luozhouyang__python-string-similarity.115acaac.func_pm_class_rm_base__nzathmgu,swe_32k,swesmith/luozhouyang__python-string-similarity.115acaac,ko,test,ok,,,1,17,0.75,judge_label_mapped,
pygments__pygments.27649ebb.combine_file__07pfbsi4,swe_64k,swesmith/pygments__pygments.27649ebb,ko,train,ok,,HARD_BUT_PARTIAL_SIGNAL,3,30,0.4,judge_label_mapped,0.0
agronholm__typeguard.b6a7e438.combine_file__guqsm0lk,swe_64k,swesmith/agronholm__typeguard.b6a7e438,ko,train,ok,,F2P_PRUNED:39;HARD_BUT_PARTIAL_SIGNAL,50,30,0.4,judge_label_mapped,0.0
pyupio__safety.7654596b.combine_file__vtudncut,swe_128k,swesmith/pyupio__safety.7654596b,en,train,ok,,F2P_PRUNED:1;HARD_BUT_PARTIAL_SIGNAL,8,30,0.25,judge_label_mapped,0.0
jd__tenacity.0d40e76f.combine_file__qdll5l0h,swe_64k,swesmith/jd__tenacity.0d40e76f,en,train,ok,,HARD_BUT_PARTIAL_SIGNAL,15,30,0.6,judge_label_mapped,0.0
agronholm__typeguard.b6a7e438.combine_module__2bjss26m,swe_64k,swesmith/agronholm__typeguard.b6a7e438,en,train,ok,,HARD_BUT_PARTIAL_SIGNAL,33,30,0.25,judge_label_mapped,0.0
mahmoud__boltons.3bfcfdd0.func_basic__x0it4etp,swe_32k,swesmith/mahmoud__boltons.3bfcfdd0,ko,excluded,excluded,TOO_HARD,,1,30,0.4,judge_label_mapped,0.0
joke2k__faker.8b401a7d.combine_module__lggd16za,swe_128k,swesmith/joke2k__faker.8b401a7d,en,test,ok,,,2,30,0.4,judge_label_mapped,
oauthlib__oauthlib.1fd52536.combine_file__5ri2mg9d,swe_128k,swesmith/oauthlib__oauthlib.1fd52536,ko,excluded,excluded,TOO_HARD,,46,30,0.25,judge_label_mapped,0.0
joke2k__faker.8b401a7d.func_pm_remove_assign__1m4ki321,swe_64k,swesmith/joke2k__faker.8b401a7d,ko,test,ok,,,1,30,0.75,judge_label_mapped,
oauthlib__oauthlib.1fd52536.combine_file__80bjmmcp,swe_128k,swesmith/oauthlib__oauthlib.1fd52536,en,train,ok,,HARD_BUT_PARTIAL_SIGNAL,7,30,0.25,judge_label_mapped,0.0
oauthlib__oauthlib.1fd52536.combine_file__4989os43,swe_32k,swesmith/oauthlib__oauthlib.1fd52536,en,train,ok,,HARD_BUT_PARTIAL_SIGNAL,26,30,0.4,judge_label_mapped,0.0
oauthlib__oauthlib.1fd52536.combine_file__0y673oox,swe_32k,swesmith/oauthlib__oauthlib.1fd52536,en,train,ok,,GOLD_WHITESPACE_MISMATCH;HARD_BUT_PARTIAL_SIGNAL,13,30,0.4,judge_label_mapped,0.0
Knio__dominate.9082227e.func_basic__hcxbqwpj,swe_32k,swesmith/Knio__dominate.9082227e,ko,train,ok,,,1,30,0.75,judge_label_mapped,0.875
jd__tenacity.0d40e76f.combine_module__nbe3ab8d,swe_64k,swesmith/jd__tenacity.0d40e76f,ko,train,ok,,HARD_BUT_PARTIAL_SIGNAL,15,30,0.25,judge_label_mapped,0.0
Cog-Creators__Red-DiscordBot.33e0eac7.combine_file__me50wn6u,swe_128k,swesmith/Cog-Creators__Red-DiscordBot.33e0eac7,en,validation,ok,,,7,30,0.4,judge_label_mapped,
jd__tenacity.0d40e76f.combine_file__w5na1oqu,swe_32k,swesmith/jd__tenacity.0d40e76f,en,train,ok,,,4,30,0.75,judge_label_mapped,0.125
agronholm__typeguard.b6a7e438.combine_module__72dmf0wo,swe_32k,swesmith/agronholm__typeguard.b6a7e438,en,train,ok,,F2P_PRUNED:150;HARD_BUT_PARTIAL_SIGNAL,50,30,0.4,judge_label_mapped,0.0
jaraco__inflect.c079a96a.func_basic__bm66rqbr,swe_64k,swesmith/jaraco__inflect.c079a96a,ko,excluded,excluded,TOO_HARD,gold_touches_tests,8,30,0.6,judge_label_mapped,0.0
jaraco__inflect.c079a96a.func_basic__ddls41eq,swe_64k,swesmith/jaraco__inflect.c079a96a,en,excluded,excluded,TOO_HARD,gold_touches_tests,25,30,0.4,judge_label_mapped,0.0
pyupio__safety.7654596b.combine_module__bbdsgelf,swe_32k,swesmith/pyupio__safety.7654596b,en,train,ok,,P2P_PRUNED:2;HARD_BUT_PARTIAL_SIGNAL,3,28,0.4,judge_label_mapped,0.0
Cog-Creators__Red-DiscordBot.33e0eac7.combine_module__mn8171fl,swe_128k,swesmith/Cog-Creators__Red-DiscordBot.33e0eac7,ko,validation,ok,,,2,30,0.6,judge_label_mapped,
mahmoud__boltons.3bfcfdd0.func_pm_op_change_const__r86tm1wy,swe_64k,swesmith/mahmoud__boltons.3bfcfdd0,en,train,ok,,,2,30,0.75,judge_label_mapped,0.125
cantools__cantools.0c6a7871.combine_file__1w4tyzon,swe_128k,swesmith/cantools__cantools.0c6a7871,ko,validation,ok,,,7,30,0.75,judge_label_mapped,
cantools__cantools.0c6a7871.combine_file__0ojljd70,swe_128k,swesmith/cantools__cantools.0c6a7871,ko,validation,ok,,,17,30,0.75,judge_label_mapped,
joke2k__faker.8b401a7d.combine_module__ikqnpwwc,swe_32k,swesmith/joke2k__faker.8b401a7d,ko,test,ok,,GOLD_WHITESPACE_MISMATCH,6,30,0.6,judge_label_mapped,
mahmoud__boltons.3bfcfdd0.func_pm_ctrl_invert_if__2te3u0dq,swe_128k,swesmith/mahmoud__boltons.3bfcfdd0,en,train,ok,,HARD_BUT_PARTIAL_SIGNAL,2,30,0.6,judge_label_mapped,0.0
jaraco__inflect.c079a96a.combine_file__y2ozfoh0,swe_64k,swesmith/jaraco__inflect.c079a96a,ko,excluded,excluded,BUG_IN_TEST_FILE,gold_touches_tests,0,0,0.4,judge_label_mapped,
joke2k__faker.8b401a7d.combine_module__y13wn9wt,swe_128k,swesmith/joke2k__faker.8b401a7d,en,test,ok,,,5,30,0.4,judge_label_mapped,
pygments__pygments.27649ebb.combine_file__0btycrpr,swe_32k,swesmith/pygments__pygments.27649ebb,en,train,ok,,HARD_BUT_PARTIAL_SIGNAL,6,30,0.6,judge_label_mapped,0.0
jaraco__inflect.c079a96a.func_basic__31p51k97,swe_64k,swesmith/jaraco__inflect.c079a96a,en,excluded,excluded,TOO_HARD,gold_touches_tests,37,30,0.25,judge_label_mapped,0.0
bottlepy__bottle.a8dfef30.combine_file__xtjxmlv7,swe_128k,swesmith/bottlepy__bottle.a8dfef30,ko,train,ok,,HARD_BUT_PARTIAL_SIGNAL,21,30,0.75,judge_label_mapped,0.0
bottlepy__bottle.a8dfef30.func_basic__3ux1gb1w,swe_64k,swesmith/bottlepy__bottle.a8dfef30,en,train,ok,,F2P_PRUNED:38;HARD_BUT_PARTIAL_SIGNAL,50,30,0.25,judge_label_mapped,0.0
pyupio__safety.7654596b.combine_module__2g5exe74,swe_32k,swesmith/pyupio__safety.7654596b,ko,excluded,excluded,TOO_HARD,F2P_PRUNED:4,1,30,0.4,judge_label_mapped,0.0
Knio__dominate.9082227e.func_basic__s567f7gk,swe_32k,swesmith/Knio__dominate.9082227e,en,train,ok,,,1,30,0.75,judge_label_mapped,0.125
pudo__dataset.5c2dc8d3.combine_file__ab58f4n1,swe_32k,swesmith/pudo__dataset.5c2dc8d3,ko,train,ok,,HARD_BUT_PARTIAL_SIGNAL,3,30,0.75,judge_label_mapped,0.0
bottlepy__bottle.a8dfef30.func_basic__4w9s5f89,swe_128k,swesmith/bottlepy__bottle.a8dfef30,ko,train,ok,,HARD_BUT_PARTIAL_SIGNAL,2,30,0.6,judge_label_mapped,0.0
mahmoud__boltons.3bfcfdd0.combine_file__5i1f4zan,swe_32k,swesmith/mahmoud__boltons.3bfcfdd0,en,excluded,excluded,TOO_HARD,,2,30,0.4,judge_label_mapped,0.0
pygments__pygments.27649ebb.combine_file__2119qs4x,swe_32k,swesmith/pygments__pygments.27649ebb,en,train,ok,,HARD_BUT_PARTIAL_SIGNAL,28,30,0.25,judge_label_mapped,0.0
cantools__cantools.0c6a7871.combine_file__01jft1mj,swe_128k,swesmith/cantools__cantools.0c6a7871,en,validation,ok,,,6,30,0.4,judge_label_mapped,
pyupio__safety.7654596b.combine_module__0nqeq5zi,swe_64k,swesmith/pyupio__safety.7654596b,en,train,ok,,P2P_PRUNED:1;HARD_BUT_PARTIAL_SIGNAL,4,29,0.25,judge_label_mapped,0.0
Knio__dominate.9082227e.func_pm_ctrl_shuffle__4b96h7zr,swe_32k,swesmith/Knio__dominate.9082227e,en,train,ok,,,1,30,0.6,judge_label_mapped,0.5
Suor__funcy.207a7810.combine_file__3y0j7te5,swe_64k,swesmith/Suor__funcy.207a7810,ko,train,ok,,,3,30,0.4,judge_label_mapped,0.25
Suor__funcy.207a7810.combine_file__ek2i9idc,swe_32k,swesmith/Suor__funcy.207a7810,en,train,ok,,HARD_BUT_PARTIAL_SIGNAL,6,30,0.4,judge_label_mapped,0.0
oauthlib__oauthlib.1fd52536.combine_file__2kq6j5km,swe_128k,swesmith/oauthlib__oauthlib.1fd52536,en,train,ok,,HARD_BUT_PARTIAL_SIGNAL,13,30,0.75,judge_label_mapped,0.0
jaraco__inflect.c079a96a.func_basic__c5803m21,swe_64k,swesmith/jaraco__inflect.c079a96a,en,excluded,excluded,TOO_HARD,gold_touches_tests,5,30,0.6,judge_label_mapped,0.0
Suor__funcy.207a7810.combine_file__71pmnmxj,swe_32k,swesmith/Suor__funcy.207a7810,en,train,ok,,HARD_BUT_PARTIAL_SIGNAL,4,30,0.6,judge_label_mapped,0.0
jaraco__inflect.c079a96a.combine_file__p1km6bf3,swe_64k,swesmith/jaraco__inflect.c079a96a,en,excluded,excluded,TOO_HARD,gold_touches_tests,41,30,0.25,judge_label_mapped,0.0
Suor__funcy.207a7810.combine_file__nbt4dfpe,swe_64k,swesmith/Suor__funcy.207a7810,en,train,ok,,HARD_BUT_PARTIAL_SIGNAL,5,30,0.4,judge_label_mapped,0.0
joke2k__faker.8b401a7d.combine_file__t04m0xvp,swe_64k,swesmith/joke2k__faker.8b401a7d,ko,test,ok,,GOLD_WHITESPACE_MISMATCH,5,30,0.4,judge_label_mapped,
pyupio__safety.7654596b.combine_module__5d22wxdn,swe_32k,swesmith/pyupio__safety.7654596b,en,train,ok,,F2P_PRUNED:4;HARD_BUT_PARTIAL_SIGNAL,24,30,0.4,judge_label_mapped,0.0
pygments__pygments.27649ebb.combine_file__15x4uecw,swe_64k,swesmith/pygments__pygments.27649ebb,en,train,ok,,HARD_BUT_PARTIAL_SIGNAL,24,30,0.75,judge_label_mapped,0.0
cknd__stackprinter.219fcc52.combine_file__1i9gep13,swe_32k,swesmith/cknd__stackprinter.219fcc52,ko,validation,ok,,,1,6,0.6,judge_label_mapped,
pdfminer__pdfminer.six.1a8bd2f7.combine_file__aek3kycy,swe_32k,swesmith/pdfminer__pdfminer.six.1a8bd2f7,ko,train,ok,,HARD_BUT_PARTIAL_SIGNAL,8,30,0.4,judge_label_mapped,0.0
Suor__funcy.207a7810.combine_file__m9nft7o1,swe_64k,swesmith/Suor__funcy.207a7810,en,train,ok,,HARD_BUT_PARTIAL_SIGNAL,2,30,0.6,judge_label_mapped,0.0
jaraco__inflect.c079a96a.func_basic__b9j1i5wg,swe_64k,swesmith/jaraco__inflect.c079a96a,en,excluded,excluded,TOO_HARD,gold_touches_tests,9,30,0.75,judge_label_mapped,0.0
oauthlib__oauthlib.1fd52536.combine_file__3gyog6ey,swe_128k,swesmith/oauthlib__oauthlib.1fd52536,ko,train,ok,,F2P_PRUNED:19;HARD_BUT_PARTIAL_SIGNAL,50,30,0.4,judge_label_mapped,0.0
pudo__dataset.5c2dc8d3.func_pm_ctrl_shuffle__suzonpfb,swe_32k,swesmith/pudo__dataset.5c2dc8d3,ko,excluded,excluded,TOO_EASY,,13,30,0.6,judge_label_mapped,1.0
pygments__pygments.27649ebb.combine_file__4zwk24my,swe_64k,swesmith/pygments__pygments.27649ebb,ko,train,ok,,HARD_BUT_PARTIAL_SIGNAL,3,30,0.6,judge_label_mapped,0.0
Suor__funcy.207a7810.combine_file__lu54fx6d,swe_64k,swesmith/Suor__funcy.207a7810,ko,train,ok,,HARD_BUT_PARTIAL_SIGNAL,16,30,0.25,judge_label_mapped,0.0
agronholm__exceptiongroup.0b4f4937.combine_file__s0m5ibx3,swe_32k,swesmith/agronholm__exceptiongroup.0b4f4937,en,test,ok,,,31,30,0.4,judge_label_mapped,
joke2k__faker.8b401a7d.func_pm_ctrl_shuffle__vyhb3fbr,swe_64k,swesmith/joke2k__faker.8b401a7d,en,test,ok,,,3,30,0.75,judge_label_mapped,
bottlepy__bottle.a8dfef30.func_basic__104nbgwq,swe_128k,swesmith/bottlepy__bottle.a8dfef30,ko,train,ok,,,6,30,0.6,judge_label_mapped,0.25
Suor__funcy.207a7810.combine_file__oy6v498h,swe_32k,swesmith/Suor__funcy.207a7810,en,train,ok,,HARD_BUT_PARTIAL_SIGNAL,7,30,0.25,judge_label_mapped,0.0
agronholm__exceptiongroup.0b4f4937.combine_module__rrvudskj,swe_32k,swesmith/agronholm__exceptiongroup.0b4f4937,en,test,ok,,,3,30,0.6,judge_label_mapped,
joke2k__faker.8b401a7d.combine_module__qc6s251i,swe_128k,swesmith/joke2k__faker.8b401a7d,ko,test,ok,,,6,30,0.6,judge_label_mapped,
cantools__cantools.0c6a7871.combine_file__02y1oom0,swe_32k,swesmith/cantools__cantools.0c6a7871,ko,validation,ok,,,4,30,0.6,judge_label_mapped,
agronholm__exceptiongroup.0b4f4937.combine_module__lvq30r88,swe_32k,swesmith/agronholm__exceptiongroup.0b4f4937,en,excluded,excluded,NO_VALID_F2P,F2P_PRUNED:43;P2P_PRUNED:30,0,0,0.25,judge_label_mapped,
PyCQA__flake8.cf1542ce.func_basic__hpk86qkf,swe_128k,swesmith/PyCQA__flake8.cf1542ce,en,train,ok,,HARD_BUT_PARTIAL_SIGNAL,3,30,0.4,judge_label_mapped,0.0
cantools__cantools.0c6a7871.combine_file__0t45ljxl,swe_32k,swesmith/cantools__cantools.0c6a7871,en,validation,ok,,,9,30,0.25,judge_label_mapped,
PyCQA__flake8.cf1542ce.combine_file__a0r77ily,swe_64k,swesmith/PyCQA__flake8.cf1542ce,en,train,ok,,HARD_BUT_PARTIAL_SIGNAL,3,30,0.6,judge_label_mapped,0.0
pdfminer__pdfminer.six.1a8bd2f7.combine_file__rdrw2vbh,swe_64k,swesmith/pdfminer__pdfminer.six.1a8bd2f7,en,train,ok,,F2P_PRUNED:10;HARD_BUT_PARTIAL_SIGNAL,50,30,0.4,judge_label_mapped,0.0
oauthlib__oauthlib.1fd52536.combine_file__0q5tya4o,swe_64k,swesmith/oauthlib__oauthlib.1fd52536,en,train,ok,,HARD_BUT_PARTIAL_SIGNAL,5,30,0.4,judge_label_mapped,0.0
jd__tenacity.0d40e76f.combine_file__4sazn12s,swe_64k,swesmith/jd__tenacity.0d40e76f,en,train,ok,,HARD_BUT_PARTIAL_SIGNAL,25,30,0.6,judge_label_mapped,0.0
Knio__dominate.9082227e.func_pm_ctrl_shuffle__bswa4b3c,swe_32k,swesmith/Knio__dominate.9082227e,ko,train,ok,,F2P_PRUNED:12,50,3,0.75,judge_label_mapped,0.5
cknd__stackprinter.219fcc52.combine_file__gymp2mmm,swe_32k,swesmith/cknd__stackprinter.219fcc52,en,validation,ok,,,4,3,0.25,judge_label_mapped,
joke2k__faker.8b401a7d.func_pm_ctrl_invert_if__pqge760c,swe_64k,swesmith/joke2k__faker.8b401a7d,en,excluded,excluded,BASELINE_ANOMALY,F2P_PRUNED:1,4,30,0.75,judge_label_mapped,
Knio__dominate.9082227e.func_pm_ctrl_shuffle__jfirwmwl,swe_32k,swesmith/Knio__dominate.9082227e,en,excluded,excluded,TOO_HARD,GOLD_WHITESPACE_MISMATCH,1,30,0.4,judge_label_mapped,0.0
pygments__pygments.27649ebb.combine_file__1c15vqvc,swe_32k,swesmith/pygments__pygments.27649ebb,en,train,ok,,HARD_BUT_PARTIAL_SIGNAL,2,30,0.6,judge_label_mapped,0.0
joke2k__faker.8b401a7d.combine_module__q3vkn0kx,swe_64k,swesmith/joke2k__faker.8b401a7d,en,test,ok,,,5,30,0.4,judge_label_mapped,
Suor__funcy.207a7810.combine_file__8y50osx1,swe_32k,swesmith/Suor__funcy.207a7810,en,train,ok,,,3,30,0.75,judge_label_mapped,0.25
jd__tenacity.0d40e76f.func_basic__101pcgqa,swe_64k,swesmith/jd__tenacity.0d40e76f,en,train,ok,,,14,30,0.75,judge_label_mapped,0.25
PyCQA__flake8.cf1542ce.func_basic__u7zi26zw,swe_64k,swesmith/PyCQA__flake8.cf1542ce,ko,train,ok,,HARD_BUT_PARTIAL_SIGNAL,37,30,0.75,judge_label_mapped,0.0
agronholm__typeguard.b6a7e438.combine_module__60cap35g,swe_64k,swesmith/agronholm__typeguard.b6a7e438,ko,train,ok,,HARD_BUT_PARTIAL_SIGNAL,5,30,0.25,judge_label_mapped,0.0
mahmoud__boltons.3bfcfdd0.func_pm_remove_assign__ug5x9th5,swe_128k,swesmith/mahmoud__boltons.3bfcfdd0,en,train,ok,,HARD_BUT_PARTIAL_SIGNAL,1,30,0.75,judge_label_mapped,0.0
Knio__dominate.9082227e.lm_rewrite__461x0qe2,swe_32k,swesmith/Knio__dominate.9082227e,en,train,ok,,GOLD_WHITESPACE_MISMATCH;HARD_BUT_PARTIAL_SIGNAL,1,30,0.4,judge_label_mapped,0.0
PyCQA__flake8.cf1542ce.combine_module__8riiv8bt,swe_32k,swesmith/PyCQA__flake8.cf1542ce,en,train,ok,,HARD_BUT_PARTIAL_SIGNAL,2,30,0.4,judge_label_mapped,0.0
joke2k__faker.8b401a7d.func_pm_ctrl_shuffle__cu9pomo3,swe_128k,swesmith/joke2k__faker.8b401a7d,ko,test,ok,,,1,30,0.6,judge_label_mapped,
PyCQA__flake8.cf1542ce.combine_file__5rjsdkp6,swe_32k,swesmith/PyCQA__flake8.cf1542ce,ko,train,ok,,HARD_BUT_PARTIAL_SIGNAL,34,30,0.6,judge_label_mapped,0.0
PyCQA__flake8.cf1542ce.func_basic__suqfc8yt,swe_32k,swesmith/PyCQA__flake8.cf1542ce,en,train,ok,,,1,30,0.75,judge_label_mapped,0.125
joke2k__faker.8b401a7d.func_pm_ctrl_invert_if__mmx1mulh,swe_32k,swesmith/joke2k__faker.8b401a7d,en,test,ok,,,1,30,0.75,judge_label_mapped,
pygments__pygments.27649ebb.combine_file__0jqqr58z,swe_128k,swesmith/pygments__pygments.27649ebb,en,train,ok,,HARD_BUT_PARTIAL_SIGNAL,4,30,0.4,judge_label_mapped,0.0
pyupio__safety.7654596b.combine_module__av5fdunh,swe_64k,swesmith/pyupio__safety.7654596b,ko,train,ok,,P2P_PRUNED:1;HARD_BUT_PARTIAL_SIGNAL,8,29,0.4,judge_label_mapped,0.0
bottlepy__bottle.a8dfef30.func_basic__3vce9x1z,swe_128k,swesmith/bottlepy__bottle.a8dfef30,en,excluded,excluded,TOO_HARD,,1,30,0.6,judge_label_mapped,0.0
agronholm__exceptiongroup.0b4f4937.combine_file__i0w4anf7,swe_32k,swesmith/agronholm__exceptiongroup.0b4f4937,en,test,ok,,,4,30,0.6,judge_label_mapped,
bottlepy__bottle.a8dfef30.func_basic__4ox5mhz8,swe_64k,swesmith/bottlepy__bottle.a8dfef30,en,train,ok,,HARD_BUT_PARTIAL_SIGNAL,4,30,0.75,judge_label_mapped,0.0
cknd__stackprinter.219fcc52.combine_file__bplftd4e,swe_32k,swesmith/cknd__stackprinter.219fcc52,en,validation,ok,,,2,5,0.4,judge_label_mapped,
agronholm__exceptiongroup.0b4f4937.combine_module__6vp5bpr2,swe_32k,swesmith/agronholm__exceptiongroup.0b4f4937,en,excluded,excluded,NO_VALID_F2P,F2P_PRUNED:48;P2P_PRUNED:30,0,0,0.25,judge_label_mapped,
joke2k__faker.8b401a7d.combine_module__d5l7upva,swe_32k,swesmith/joke2k__faker.8b401a7d,en,test,ok,,GOLD_WHITESPACE_MISMATCH,5,30,0.6,judge_label_mapped,
luozhouyang__python-string-similarity.115acaac.func_pm_ctrl_invert_if__zul46nra,swe_32k,swesmith/luozhouyang__python-string-similarity.115acaac,en,test,ok,,,1,17,0.75,judge_label_mapped,
cantools__cantools.0c6a7871.combine_file__50pf4pnz,swe_128k,swesmith/cantools__cantools.0c6a7871,en,validation,ok,,,1,30,0.25,judge_label_mapped,
Suor__funcy.207a7810.combine_file__r1uaok2m,swe_32k,swesmith/Suor__funcy.207a7810,en,train,ok,,,5,30,0.4,judge_label_mapped,0.25
joke2k__faker.8b401a7d.func_pm_remove_assign__0rxokmwn,swe_64k,swesmith/joke2k__faker.8b401a7d,en,test,ok,,F2P_PRUNED:30,50,30,0.4,judge_label_mapped,
PyCQA__flake8.cf1542ce.func_basic__dcrhta0k,swe_32k,swesmith/PyCQA__flake8.cf1542ce,en,train,ok,,,4,30,0.75,judge_label_mapped,0.375
pdfminer__pdfminer.six.1a8bd2f7.combine_file__cyuuf905,swe_64k,swesmith/pdfminer__pdfminer.six.1a8bd2f7,en,train,ok,,HARD_BUT_PARTIAL_SIGNAL,14,30,0.25,judge_label_mapped,0.0
agronholm__typeguard.b6a7e438.combine_file__yc3z28d0,swe_64k,swesmith/agronholm__typeguard.b6a7e438,en,train,ok,,F2P_PRUNED:80;HARD_BUT_PARTIAL_SIGNAL,50,30,0.75,judge_label_mapped,0.0
pudo__dataset.5c2dc8d3.func_pm_remove_loop__41jmoeqi,swe_32k,swesmith/pudo__dataset.5c2dc8d3,en,train,ok,,HARD_BUT_PARTIAL_SIGNAL,5,30,0.6,judge_label_mapped,0.0
oauthlib__oauthlib.1fd52536.combine_file__6f9y9ztr,swe_32k,swesmith/oauthlib__oauthlib.1fd52536,en,train,ok,,F2P_PRUNED:8;HARD_BUT_PARTIAL_SIGNAL,50,30,0.25,judge_label_mapped,0.0
pygments__pygments.27649ebb.combine_file__4jamgfs8,swe_32k,swesmith/pygments__pygments.27649ebb,en,train,ok,,HARD_BUT_PARTIAL_SIGNAL,3,30,0.4,judge_label_mapped,0.0
agronholm__exceptiongroup.0b4f4937.combine_file__bld28s29,swe_32k,swesmith/agronholm__exceptiongroup.0b4f4937,en,test,ok,,,20,30,0.4,judge_label_mapped,
pudo__dataset.5c2dc8d3.func_pm_ctrl_shuffle__j7dgv9qd,swe_32k,swesmith/pudo__dataset.5c2dc8d3,en,train,ok,,HARD_BUT_PARTIAL_SIGNAL,5,30,0.6,judge_label_mapped,0.0
mahmoud__boltons.3bfcfdd0.combine_file__eml7ze28,swe_128k,swesmith/mahmoud__boltons.3bfcfdd0,en,train,ok,,HARD_BUT_PARTIAL_SIGNAL,2,30,0.6,judge_label_mapped,0.0
pyupio__safety.7654596b.combine_file__6109m8gn,swe_128k,swesmith/pyupio__safety.7654596b,en,train,ok,,P2P_PRUNED:1;HARD_BUT_PARTIAL_SIGNAL,1,29,0.4,judge_label_mapped,0.0
Suor__funcy.207a7810.combine_file__dsudit38,swe_64k,swesmith/Suor__funcy.207a7810,en,train,ok,,HARD_BUT_PARTIAL_SIGNAL,5,30,0.6,judge_label_mapped,0.0
jd__tenacity.0d40e76f.combine_file__x4ymm5x6,swe_64k,swesmith/jd__tenacity.0d40e76f,en,train,ok,,HARD_BUT_PARTIAL_SIGNAL,15,30,0.4,judge_label_mapped,0.0
agronholm__exceptiongroup.0b4f4937.combine_module__9lvhskem,swe_32k,swesmith/agronholm__exceptiongroup.0b4f4937,en,test,ok,,,24,30,0.75,judge_label_mapped,
cknd__stackprinter.219fcc52.combine_file__vjdblcn4,swe_32k,swesmith/cknd__stackprinter.219fcc52,en,validation,ok,,,2,5,0.4,judge_label_mapped,
mahmoud__boltons.3bfcfdd0.func_basic__9rz2hyqa,swe_64k,swesmith/mahmoud__boltons.3bfcfdd0,en,train,ok,,HARD_BUT_PARTIAL_SIGNAL,1,30,0.6,judge_label_mapped,0.0
agronholm__typeguard.b6a7e438.combine_file__dye0fzhb,swe_64k,swesmith/agronholm__typeguard.b6a7e438,en,train,ok,,F2P_PRUNED:41;HARD_BUT_PARTIAL_SIGNAL,50,30,0.4,judge_label_mapped,0.0
pyupio__safety.7654596b.combine_module__b4m47adc,swe_128k,swesmith/pyupio__safety.7654596b,en,train,ok,,P2P_PRUNED:1;HARD_BUT_PARTIAL_SIGNAL,4,29,0.25,judge_label_mapped,0.0
agronholm__typeguard.b6a7e438.combine_file__h5cvi8n8,swe_32k,swesmith/agronholm__typeguard.b6a7e438,en,train,ok,,HARD_BUT_PARTIAL_SIGNAL,1,30,0.4,judge_label_mapped,0.0
joke2k__faker.8b401a7d.combine_file__vdn4x6zj,swe_64k,swesmith/joke2k__faker.8b401a7d,en,test,ok,,,2,30,0.4,judge_label_mapped,
pudo__dataset.5c2dc8d3.combine_file__gr8tss67,swe_32k,swesmith/pudo__dataset.5c2dc8d3,en,train,ok,,HARD_BUT_PARTIAL_SIGNAL,3,30,0.4,judge_label_mapped,0.0
jd__tenacity.0d40e76f.func_basic__1l3yf5xv,swe_64k,swesmith/jd__tenacity.0d40e76f,en,train,ok,,,2,30,0.75,judge_label_mapped,0.5
agronholm__typeguard.b6a7e438.combine_module__2kma4uow,swe_32k,swesmith/agronholm__typeguard.b6a7e438,en,train,ok,,HARD_BUT_PARTIAL_SIGNAL,9,30,0.25,judge_label_mapped,0.0
pudo__dataset.5c2dc8d3.combine_file__o64flik6,swe_32k,swesmith/pudo__dataset.5c2dc8d3,en,train,ok,,GOLD_WHITESPACE_MISMATCH;HARD_BUT_PARTIAL_SIGNAL,3,30,0.4,judge_label_mapped,0.0
cantools__cantools.0c6a7871.combine_file__2i2j5otl,swe_128k,swesmith/cantools__cantools.0c6a7871,en,validation,ok,,,21,30,0.4,judge_label_mapped,
mahmoud__boltons.3bfcfdd0.combine_file__eqm2kszz,swe_32k,swesmith/mahmoud__boltons.3bfcfdd0,en,train,ok,,HARD_BUT_PARTIAL_SIGNAL,2,30,0.6,judge_label_mapped,0.0
pyupio__safety.7654596b.combine_module__7juthhlr,swe_64k,swesmith/pyupio__safety.7654596b,en,train,ok,,P2P_PRUNED:1;HARD_BUT_PARTIAL_SIGNAL,4,29,0.25,judge_label_mapped,0.0
jaraco__inflect.c079a96a.func_basic__ad7j58hw,swe_64k,swesmith/jaraco__inflect.c079a96a,en,excluded,excluded,TOO_HARD,gold_touches_tests,7,30,0.6,judge_label_mapped,0.0
opencodeinstruct-67b7ca8acff3,ut_function,,en,excluded,excluded,TOO_EASY,PROMPT_FIX_ENTRY_POINT,0,0,0.5,"measured_pass_at_k(n=2,k=8)",1.0
opencodeinstruct-781febc17f53,ut_function,,en,validation,ok,,PROMPT_FIX_ENTRY_POINT,0,0,0.5,"measured_pass_at_k(n=2,k=8)",
opencodeinstruct-3499dc24d38f,ut_function,,en,test,ok,,PROMPT_FIX_ENTRY_POINT,0,0,0.5,"measured_pass_at_k(n=2,k=8)",
opencodeinstruct-735af132dd11,ut_function,,en,test,ok,,PROMPT_FIX_ENTRY_POINT,0,0,0.5,"measured_pass_at_k(n=2,k=8)",
opencodeinstruct-3991814682b7,ut_function,,en,validation,ok,,PROMPT_FIX_ENTRY_POINT,0,0,0.5,"measured_pass_at_k(n=2,k=8)",
opencodeinstruct-05eaf5a15680,ut_function,,en,train,ok,,PROMPT_FIX_ENTRY_POINT,0,0,0.5,"measured_pass_at_k(n=2,k=8)",0.5
opencodeinstruct-eb361b0c14fc,ut_function,,en,excluded,excluded,TOO_EASY,PROMPT_FIX_ENTRY_POINT,0,0,0.5,"measured_pass_at_k(n=1,k=4)",1.0
opencodeinstruct-59c7dd649ee9,ut_function,,en,excluded,excluded,TOO_EASY,PROMPT_FIX_ENTRY_POINT,0,0,0.5,"measured_pass_at_k(n=2,k=8)",1.0
opencodeinstruct-9be853a1d3b6,ut_function,,en,excluded,excluded,TOO_EASY,PROMPT_FIX_ENTRY_POINT,0,0,0.75,"measured_pass_at_k(n=2,k=8)",1.0
opencodeinstruct-3e0ddf5f3a64,ut_function,,en,excluded,excluded,TOO_HARD,PROMPT_FIX_ENTRY_POINT,0,0,0.5,"measured_pass_at_k(n=2,k=8)",0.0
opencodeinstruct-73cde2a09fc4,ut_function,,en,excluded,excluded,TOO_EASY,PROMPT_FIX_ENTRY_POINT,0,0,0.5,"measured_pass_at_k(n=2,k=8)",1.0
opencodeinstruct-60bc2ed64943,ut_function,,en,excluded,excluded,TOO_EASY,PROMPT_FIX_ENTRY_POINT,0,0,0.5,"measured_pass_at_k(n=1,k=4)",1.0
kodcode-ad87b2e540ee,ut_pytest,,en,train,ok,,PROMPT_FIX_ENTRY_POINT,0,0,0.25,"measured_pass_at_k(n=2,k=8)",0.75
kodcode-87cc13e629a5,ut_pytest,,en,excluded,excluded,TOO_EASY,PROMPT_FIX_ENTRY_POINT,0,0,0.5,"measured_pass_at_k(n=2,k=8)",1.0
kodcode-0ad176dc2c3f,ut_pytest,,en,train,ok,,PROMPT_FIX_ENTRY_POINT,0,0,0.5,"measured_pass_at_k(n=2,k=8)",0.625
opencodeinstruct-cd4232e9d484,ut_function,,en,excluded,excluded,TOO_EASY,PROMPT_FIX_ENTRY_POINT,0,0,0.5,"measured_pass_at_k(n=1,k=4)",1.0
kodcode-7c89e6651f7b,ut_pytest,,en,excluded,excluded,TOO_EASY,PROMPT_FIX_ENTRY_POINT,0,0,0.5,"measured_pass_at_k(n=1,k=4)",1.0
kodcode-58377695a22b,ut_pytest,,en,train,ok,,PROMPT_FIX_ENTRY_POINT,0,0,0.25,"measured_pass_at_k(n=2,k=8)",0.375
kodcode-77e01fffb574,ut_pytest,,en,excluded,excluded,TOO_EASY,PROMPT_FIX_ENTRY_POINT,0,0,0.5,"measured_pass_at_k(n=2,k=8)",1.0
kodcode-279410d29e58,ut_pytest,,en,train,ok,,PROMPT_FIX_ENTRY_POINT,0,0,0.25,"measured_pass_at_k(n=2,k=8)",0.75
opencodeinstruct-1b6aabe30c2c,ut_function,,en,train,ok,,PROMPT_FIX_ENTRY_POINT,0,0,0.5,"measured_pass_at_k(n=1,k=4)",0.25
opencodeinstruct-1fa81a2d1f5c,ut_function,,en,excluded,excluded,TOO_HARD,PROMPT_FIX_ENTRY_POINT,0,0,0.5,"measured_pass_at_k(n=1,k=4)",0.0
opencodeinstruct-d416933d3cb1,ut_function,,en,excluded,excluded,TOO_EASY,PROMPT_FIX_ENTRY_POINT,0,0,0.5,"measured_pass_at_k(n=2,k=8)",1.0
opencodeinstruct-ef13dff86ef2,ut_function,,en,excluded,excluded,TOO_EASY,PROMPT_FIX_ENTRY_POINT,0,0,0.25,"measured_pass_at_k(n=2,k=8)",1.0
opencodeinstruct-6926dd06e9d9,ut_function,,en,test,ok,,PROMPT_FIX_ENTRY_POINT,0,0,0.5,"measured_pass_at_k(n=2,k=8)",
opencodeinstruct-8436e3a329ec,ut_function,,en,excluded,excluded,TOO_EASY,PROMPT_FIX_ENTRY_POINT,0,0,0.25,"measured_pass_at_k(n=2,k=8)",1.0
opencodeinstruct-0b1a27c2cde0,ut_function,,en,excluded,excluded,TOO_EASY,PROMPT_FIX_ENTRY_POINT,0,0,0.5,"measured_pass_at_k(n=2,k=8)",1.0
opencodeinstruct-217c833e0733,ut_function,,en,train,ok,,PROMPT_FIX_ENTRY_POINT,0,0,0.5,"measured_pass_at_k(n=2,k=8)",0.5
opencodeinstruct-0def4afb1807,ut_function,,en,excluded,excluded,TOO_HARD,PROMPT_FIX_ENTRY_POINT,0,0,0.5,"measured_pass_at_k(n=2,k=8)",0.0
opencodeinstruct-31951d93b94b,ut_function,,en,train,ok,,PROMPT_FIX_ENTRY_POINT,0,0,0.25,"measured_pass_at_k(n=2,k=8)",0.25
opencodeinstruct-b23cad90ec08,ut_function,,en,excluded,excluded,TOO_EASY,PROMPT_FIX_ENTRY_POINT,0,0,0.5,"measured_pass_at_k(n=2,k=8)",1.0
opencodeinstruct-8d0aaef0350e,ut_function,,en,excluded,excluded,TOO_EASY,PROMPT_FIX_ENTRY_POINT,0,0,0.25,"measured_pass_at_k(n=2,k=8)",1.0
opencodeinstruct-6b411ce16aeb,ut_function,,en,excluded,excluded,TOO_EASY,PROMPT_FIX_ENTRY_POINT,0,0,0.25,"measured_pass_at_k(n=2,k=8)",1.0
opencodeinstruct-f219ba366e31,ut_function,,en,train,ok,,PROMPT_FIX_ENTRY_POINT,0,0,0.25,"measured_pass_at_k(n=1,k=4)",0.625
opencodeinstruct-b3f977f49d0a,ut_function,,en,train,ok,,PROMPT_FIX_ENTRY_POINT,0,0,0.5,"measured_pass_at_k(n=2,k=8)",0.625
opencodeinstruct-5ba7aa013fa4,ut_function,,en,excluded,excluded,TOO_EASY,PROMPT_FIX_ENTRY_POINT,0,0,0.25,"measured_pass_at_k(n=1,k=4)",1.0
opencodeinstruct-ba05407b74c5,ut_function,,en,excluded,excluded,TOO_EASY,PROMPT_FIX_ENTRY_POINT,0,0,0.25,"measured_pass_at_k(n=2,k=8)",1.0
opencodeinstruct-e1c15de03fd1,ut_function,,en,excluded,excluded,TOO_EASY,PROMPT_FIX_ENTRY_POINT,0,0,0.5,"measured_pass_at_k(n=2,k=8)",1.0
opencodeinstruct-a713542e886c,ut_function,,en,excluded,excluded,TOO_EASY,PROMPT_FIX_ENTRY_POINT,0,0,0.25,"measured_pass_at_k(n=2,k=8)",1.0
opencodeinstruct-9bd6bcee128d,ut_function,,en,excluded,excluded,TOO_EASY,PROMPT_FIX_ENTRY_POINT,0,0,0.25,"measured_pass_at_k(n=2,k=8)",1.0
opencodeinstruct-0d0e09bba9a9,ut_function,,en,excluded,excluded,TOO_EASY,PROMPT_FIX_ENTRY_POINT,0,0,0.5,"measured_pass_at_k(n=2,k=8)",1.0
opencodeinstruct-09e72df93032,ut_function,,en,excluded,excluded,TOO_EASY,PROMPT_FIX_ENTRY_POINT,0,0,0.75,"measured_pass_at_k(n=2,k=8)",1.0
opencodeinstruct-543b63a1f516,ut_function,,en,excluded,excluded,TOO_EASY,PROMPT_FIX_ENTRY_POINT,0,0,0.25,"measured_pass_at_k(n=1,k=4)",1.0
opencodeinstruct-28e5cecb0b8d,ut_function,,en,excluded,excluded,TOO_EASY,PROMPT_FIX_ENTRY_POINT,0,0,0.25,"measured_pass_at_k(n=2,k=8)",1.0
opencodeinstruct-02dee5323307,ut_function,,en,excluded,excluded,TOO_EASY,PROMPT_FIX_ENTRY_POINT,0,0,0.5,"measured_pass_at_k(n=1,k=4)",1.0
opencodeinstruct-2b7cb6634ce0,ut_function,,en,excluded,excluded,TOO_EASY,PROMPT_FIX_ENTRY_POINT,0,0,0.75,"measured_pass_at_k(n=2,k=8)",1.0
opencodeinstruct-804cbaf9d466,ut_function,,en,train,ok,,PROMPT_FIX_ENTRY_POINT,0,0,0.25,"measured_pass_at_k(n=1,k=4)",0.875
opencodeinstruct-fbe6bfb9e6ba,ut_function,,en,excluded,excluded,TOO_HARD,PROMPT_FIX_ENTRY_POINT,0,0,0.25,"measured_pass_at_k(n=2,k=8)",0.0
kodcode-5851f2e61b78,ut_pytest,,en,excluded,excluded,TOO_EASY,PROMPT_FIX_ENTRY_POINT,0,0,0.5,"measured_pass_at_k(n=2,k=8)",1.0
kodcode-b55469781069,ut_pytest,,en,excluded,excluded,TOO_EASY,PROMPT_FIX_ENTRY_POINT,0,0,0.5,"measured_pass_at_k(n=1,k=4)",1.0
kodcode-c816f3ebdf3d,ut_pytest,,en,train,ok,,PROMPT_FIX_ENTRY_POINT,0,0,0.75,"measured_pass_at_k(n=2,k=8)",0.625
kodcode-e594bc0f5593,ut_pytest,,en,excluded,excluded,TOO_HARD,PROMPT_FIX_ENTRY_POINT,0,0,0.75,"measured_pass_at_k(n=1,k=4)",0.0
kodcode-53bd9239d890,ut_pytest,,en,train,ok,,PROMPT_FIX_ENTRY_POINT,0,0,0.25,"measured_pass_at_k(n=2,k=8)",0.75
opencodeinstruct-abf620fd7562,ut_function,,en,excluded,excluded,TOO_EASY,PROMPT_FIX_ENTRY_POINT,0,0,0.5,"measured_pass_at_k(n=1,k=4)",1.0
opencodeinstruct-33c92dd22133,ut_function,,en,excluded,excluded,TOO_EASY,PROMPT_FIX_ENTRY_POINT,0,0,0.25,"measured_pass_at_k(n=1,k=4)",1.0
kodcode-ecf663961160,ut_pytest,,en,train,ok,,PROMPT_FIX_ENTRY_POINT,0,0,0.75,"measured_pass_at_k(n=2,k=8)",0.875
kodcode-8d0bced4d31b,ut_pytest,,en,test,ok,,PROMPT_FIX_ENTRY_POINT,0,0,0.5,"measured_pass_at_k(n=2,k=8)",
kodcode-da782c7a8432,ut_pytest,,en,train,ok,,PROMPT_FIX_ENTRY_POINT,0,0,0.25,"measured_pass_at_k(n=1,k=4)",0.375
kodcode-0ad1390e387d,ut_pytest,,en,excluded,excluded,TOO_EASY,PROMPT_FIX_ENTRY_POINT,0,0,0.25,"measured_pass_at_k(n=2,k=8)",1.0
kodcode-1221754228f2,ut_pytest,,en,excluded,excluded,TOO_EASY,PROMPT_FIX_ENTRY_POINT,0,0,0.75,"measured_pass_at_k(n=2,k=8)",1.0
kodcode-5b0c4d1f9a59,ut_pytest,,en,excluded,excluded,TOO_HARD,PROMPT_FIX_ENTRY_POINT,0,0,0.25,"measured_pass_at_k(n=1,k=4)",0.0
opencodeinstruct-4eeeca1c6bfa,ut_function,,en,excluded,excluded,TOO_EASY,PROMPT_FIX_ENTRY_POINT,0,0,0.5,"measured_pass_at_k(n=2,k=8)",1.0
kodcode-e573d4245eab,ut_pytest,,en,excluded,excluded,TOO_EASY,PROMPT_FIX_ENTRY_POINT,0,0,0.5,"measured_pass_at_k(n=2,k=8)",1.0
opencodeinstruct-c6edf15e0a50,ut_function,,en,excluded,excluded,TOO_EASY,PROMPT_FIX_ENTRY_POINT,0,0,0.25,"measured_pass_at_k(n=2,k=8)",1.0
kodcode-2560a2423d15,ut_pytest,,en,train,ok,,HARD_BUT_PARTIAL_SIGNAL;PROMPT_FIX_ENTRY_POINT,0,0,0.5,"measured_pass_at_k(n=1,k=4)",0.0
kodcode-cfdd41511486,ut_pytest,,en,excluded,excluded,TOO_EASY,PROMPT_FIX_ENTRY_POINT,0,0,0.5,"measured_pass_at_k(n=2,k=8)",1.0
kodcode-13672d8f7279,ut_pytest,,en,train,ok,,HARD_BUT_PARTIAL_SIGNAL;PROMPT_FIX_ENTRY_POINT,0,0,0.75,"measured_pass_at_k(n=1,k=4)",0.0
kodcode-4a64f4f88384,ut_pytest,,en,validation,ok,,PROMPT_FIX_ENTRY_POINT,0,0,0.5,"measured_pass_at_k(n=2,k=8)",
kodcode-3be6e01733c0,ut_pytest,,en,test,ok,,PROMPT_FIX_ENTRY_POINT,0,0,0.25,"measured_pass_at_k(n=1,k=4)",
kodcode-db45705c4226,ut_pytest,,en,excluded,excluded,TOO_EASY,PROMPT_FIX_ENTRY_POINT,0,0,0.5,"measured_pass_at_k(n=2,k=8)",1.0
opencodeinstruct-89c1a02fd3a5,ut_function,,en,test,ok,,PROMPT_FIX_ENTRY_POINT,0,0,0.5,"measured_pass_at_k(n=2,k=8)",
ko-native-5aaa46e9696c,ut_function,,ko,validation,ok,,PROMPT_FIX_ENTRY_POINT,0,0,0.25,"measured_pass_at_k(n=1,k=4)",
ko-native-b75389b9c5ab,ut_function,,ko,train,ok,,PROMPT_FIX_ENTRY_POINT,0,0,0.75,"measured_pass_at_k(n=1,k=4)",0.875
opencodeinstruct-81f4f2aaf902,ut_function,,en,train,ok,,PROMPT_FIX_ENTRY_POINT,0,0,0.5,"measured_pass_at_k(n=2,k=8)",0.5
opencodeinstruct-e8fcf2092160,ut_function,,en,train,ok,,PROMPT_FIX_ENTRY_POINT,0,0,0.5,"measured_pass_at_k(n=2,k=8)",0.5
opencodeinstruct-42409531eea5,ut_function,,en,test,ok,,PROMPT_FIX_ENTRY_POINT,0,0,0.5,"measured_pass_at_k(n=2,k=8)",
opencodeinstruct-df41d8905c9f,ut_function,,en,excluded,excluded,TOO_EASY,PROMPT_FIX_ENTRY_POINT,0,0,0.25,"measured_pass_at_k(n=2,k=8)",1.0
opencodeinstruct-a9414f88b7b0,ut_function,,en,validation,ok,,PROMPT_FIX_ENTRY_POINT,0,0,0.25,"measured_pass_at_k(n=2,k=8)",
opencodeinstruct-fa1f00f4a827,ut_function,,en,validation,ok,,PROMPT_FIX_ENTRY_POINT,0,0,0.75,"measured_pass_at_k(n=1,k=4)",
opencodeinstruct-101392a97ecd,ut_function,,en,excluded,excluded,TOO_EASY,PROMPT_FIX_ENTRY_POINT,0,0,0.5,"measured_pass_at_k(n=2,k=8)",1.0
opencodeinstruct-78a00af2137e,ut_function,,en,excluded,excluded,TOO_EASY,PROMPT_FIX_ENTRY_POINT,0,0,0.5,"measured_pass_at_k(n=2,k=8)",1.0
opencodeinstruct-4630b64b6675,ut_function,,en,excluded,excluded,TOO_EASY,PROMPT_FIX_ENTRY_POINT,0,0,0.75,"measured_pass_at_k(n=2,k=8)",1.0
opencodeinstruct-c31d60187d5b,ut_function,,en,train,ok,,PROMPT_FIX_ENTRY_POINT,0,0,0.5,"measured_pass_at_k(n=2,k=8)",0.625
opencodeinstruct-1953528e9574,ut_function,,en,excluded,excluded,TOO_EASY,PROMPT_FIX_ENTRY_POINT,0,0,0.25,"measured_pass_at_k(n=2,k=8)",1.0
opencodeinstruct-4edb647fe5de,ut_function,,en,train,ok,,PROMPT_FIX_ENTRY_POINT,0,0,0.5,"measured_pass_at_k(n=2,k=8)",0.25
opencodeinstruct-ef9ed9ec3da0,ut_function,,en,excluded,excluded,TOO_EASY,PROMPT_FIX_ENTRY_POINT,0,0,0.5,"measured_pass_at_k(n=2,k=8)",1.0
opencodeinstruct-387466b7559e,ut_function,,en,excluded,excluded,TOO_HARD,PROMPT_FIX_ENTRY_POINT,0,0,0.25,"measured_pass_at_k(n=1,k=4)",0.0
opencodeinstruct-0bd42eddb0bb,ut_function,,en,validation,ok,,PROMPT_FIX_ENTRY_POINT,0,0,0.25,"measured_pass_at_k(n=2,k=8)",
opencodeinstruct-c7902dd2cfa7,ut_function,,en,excluded,excluded,TOO_EASY,PROMPT_FIX_ENTRY_POINT,0,0,0.25,"measured_pass_at_k(n=2,k=8)",1.0
opencodeinstruct-b3f0996a84d2,ut_function,,en,excluded,excluded,TOO_EASY,PROMPT_FIX_ENTRY_POINT,0,0,0.5,"measured_pass_at_k(n=2,k=8)",1.0
opencodeinstruct-fb4fd53c62c6,ut_function,,en,train,ok,,PROMPT_FIX_ENTRY_POINT,0,0,0.25,"measured_pass_at_k(n=2,k=8)",0.875
opencodeinstruct-72385f9fe9f5,ut_function,,en,excluded,excluded,TOO_EASY,PROMPT_FIX_ENTRY_POINT,0,0,0.25,"measured_pass_at_k(n=2,k=8)",1.0
opencodeinstruct-f3e17f5090cd,ut_function,,en,excluded,excluded,TOO_EASY,PROMPT_FIX_ENTRY_POINT,0,0,0.5,"measured_pass_at_k(n=2,k=8)",1.0
opencodeinstruct-da30c117ac8e,ut_function,,en,test,ok,,PROMPT_FIX_ENTRY_POINT,0,0,0.5,"measured_pass_at_k(n=2,k=8)",
opencodeinstruct-cc85e6011384,ut_function,,en,validation,ok,,PROMPT_FIX_ENTRY_POINT,0,0,0.5,"measured_pass_at_k(n=2,k=8)",
opencodeinstruct-a9a109e9c698,ut_function,,en,excluded,excluded,TOO_EASY,PROMPT_FIX_ENTRY_POINT,0,0,0.75,"measured_pass_at_k(n=2,k=8)",1.0
opencodeinstruct-5691d1890952,ut_function,,en,excluded,excluded,TOO_EASY,PROMPT_FIX_ENTRY_POINT,0,0,0.75,"measured_pass_at_k(n=2,k=8)",1.0
opencodeinstruct-71d8039b755d,ut_function,,en,excluded,excluded,TOO_EASY,PROMPT_FIX_ENTRY_POINT,0,0,0.75,"measured_pass_at_k(n=2,k=8)",1.0
opencodeinstruct-b6e5cc21fdba,ut_function,,en,excluded,excluded,TOO_HARD,PROMPT_FIX_ENTRY_POINT,0,0,0.25,"measured_pass_at_k(n=2,k=8)",0.0
opencodeinstruct-4f1c1f189a73,ut_function,,en,excluded,excluded,TOO_EASY,PROMPT_FIX_ENTRY_POINT,0,0,0.5,"measured_pass_at_k(n=2,k=8)",1.0
opencodeinstruct-049c0afa846c,ut_function,,en,excluded,excluded,TOO_EASY,PROMPT_FIX_ENTRY_POINT,0,0,0.25,"measured_pass_at_k(n=1,k=4)",1.0
opencodeinstruct-c21a10206a6c,ut_function,,en,test,ok,,PROMPT_FIX_ENTRY_POINT,0,0,0.25,"measured_pass_at_k(n=2,k=8)",
kodcode-ec0df1aa0f96,ut_pytest,,en,train,ok,,PROMPT_FIX_ENTRY_POINT,0,0,0.75,"measured_pass_at_k(n=2,k=8)",0.75
opencodeinstruct-85127870909f,ut_function,,en,excluded,excluded,TOO_EASY,PROMPT_FIX_ENTRY_POINT,0,0,0.25,"measured_pass_at_k(n=2,k=8)",1.0
kodcode-21281560aa09,ut_pytest,,en,excluded,excluded,TOO_HARD,PROMPT_FIX_ENTRY_POINT,0,0,0.25,"measured_pass_at_k(n=2,k=8)",0.0
kodcode-fd690b764712,ut_pytest,,en,train,ok,,PROMPT_FIX_ENTRY_POINT,0,0,0.25,"measured_pass_at_k(n=1,k=4)",0.625
kodcode-ab579a51af37,ut_pytest,,en,excluded,excluded,TOO_EASY,PROMPT_FIX_ENTRY_POINT,0,0,0.5,"measured_pass_at_k(n=1,k=4)",1.0
opencodeinstruct-9d2043b90d2b,ut_function,,en,excluded,excluded,TOO_EASY,PROMPT_FIX_ENTRY_POINT,0,0,0.5,"measured_pass_at_k(n=2,k=8)",1.0
kodcode-ac06b8f222e4,ut_pytest,,en,train,ok,,PROMPT_FIX_ENTRY_POINT,0,0,0.5,"measured_pass_at_k(n=2,k=8)",0.75
kodcode-b6710404ac45,ut_pytest,,en,excluded,excluded,TOO_HARD,PROMPT_FIX_ENTRY_POINT,0,0,0.5,"measured_pass_at_k(n=1,k=4)",0.0
kodcode-8ab643d2b1c1,ut_pytest,,en,test,ok,,PROMPT_FIX_ENTRY_POINT,0,0,0.25,"measured_pass_at_k(n=1,k=4)",
kodcode-706c4bcb7539,ut_pytest,,en,test,ok,,PROMPT_FIX_ENTRY_POINT,0,0,0.75,"measured_pass_at_k(n=2,k=8)",
kodcode-59ac413aa30f,ut_pytest,,en,excluded,excluded,TOO_EASY,PROMPT_FIX_ENTRY_POINT,0,0,0.5,"measured_pass_at_k(n=1,k=4)",1.0
kodcode-8876a2f55bf1,ut_pytest,,en,excluded,excluded,TOO_EASY,PROMPT_FIX_ENTRY_POINT,0,0,0.75,"measured_pass_at_k(n=2,k=8)",1.0
kodcode-690943c5b824,ut_pytest,,en,excluded,excluded,TOO_EASY,PROMPT_FIX_ENTRY_POINT,0,0,0.25,"measured_pass_at_k(n=2,k=8)",1.0
kodcode-256583b23b05,ut_pytest,,en,excluded,excluded,TOO_HARD,PROMPT_FIX_ENTRY_POINT,0,0,0.25,"measured_pass_at_k(n=2,k=8)",0.0
kodcode-a1ae06c2b622,ut_pytest,,en,excluded,excluded,TOO_EASY,PROMPT_FIX_ENTRY_POINT,0,0,0.25,"measured_pass_at_k(n=2,k=8)",1.0
kodcode-7256f2ec6883,ut_pytest,,en,test,ok,,PROMPT_FIX_ENTRY_POINT,0,0,0.5,"measured_pass_at_k(n=2,k=8)",
kodcode-1c0d4ad97d24,ut_pytest,,en,excluded,excluded,TOO_EASY,PROMPT_FIX_ENTRY_POINT,0,0,0.75,"measured_pass_at_k(n=2,k=8)",1.0
kodcode-2eabfe0ee271,ut_pytest,,en,train,ok,,HARD_BUT_PARTIAL_SIGNAL;PROMPT_FIX_ENTRY_POINT,0,0,0.5,"measured_pass_at_k(n=2,k=8)",0.0
kodcode-23ab65e6d3cd,ut_pytest,,en,excluded,excluded,TOO_HARD,PROMPT_FIX_ENTRY_POINT,0,0,0.75,"measured_pass_at_k(n=2,k=8)",0.0
kodcode-7444eeaeb77a,ut_pytest,,en,train,ok,,PROMPT_FIX_ENTRY_POINT,0,0,0.5,"measured_pass_at_k(n=1,k=4)",0.75
ko-native-968f3699dbb5,ut_function,,ko,train,ok,,PROMPT_FIX_ENTRY_POINT,0,0,0.5,"measured_pass_at_k(n=1,k=4)",0.5
opencodeinstruct-f429022f6968,ut_function,,en,train,ok,,PROMPT_FIX_ENTRY_POINT,0,0,0.75,"measured_pass_at_k(n=2,k=8)",0.125
opencodeinstruct-f5e45730d21d,ut_function,,en,excluded,excluded,TOO_EASY,PROMPT_FIX_ENTRY_POINT,0,0,0.5,"measured_pass_at_k(n=2,k=8)",1.0
opencodeinstruct-15f074a9e00d,ut_function,,en,train,ok,,PROMPT_FIX_ENTRY_POINT,0,0,0.25,"measured_pass_at_k(n=2,k=8)",0.875
opencodeinstruct-511453d963f3,ut_function,,en,excluded,excluded,TOO_EASY,PROMPT_FIX_ENTRY_POINT,0,0,0.5,"measured_pass_at_k(n=2,k=8)",1.0
opencodeinstruct-43d09d2a77d5,ut_function,,en,excluded,excluded,TOO_EASY,PROMPT_FIX_ENTRY_POINT,0,0,0.25,"measured_pass_at_k(n=2,k=8)",1.0
opencodeinstruct-7bc10f01ea8a,ut_function,,en,excluded,excluded,TOO_EASY,PROMPT_FIX_ENTRY_POINT,0,0,0.5,"measured_pass_at_k(n=2,k=8)",1.0
opencodeinstruct-8cf7a2e28764,ut_function,,en,train,ok,,PROMPT_FIX_ENTRY_POINT,0,0,0.5,"measured_pass_at_k(n=1,k=4)",0.375
opencodeinstruct-19405f5a070e,ut_function,,en,excluded,excluded,TOO_EASY,PROMPT_FIX_ENTRY_POINT,0,0,0.75,"measured_pass_at_k(n=2,k=8)",1.0
opencodeinstruct-1fba01eed4de,ut_function,,en,excluded,excluded,TOO_EASY,PROMPT_FIX_ENTRY_POINT,0,0,0.5,"measured_pass_at_k(n=2,k=8)",1.0
opencodeinstruct-be664eddbebd,ut_function,,en,test,ok,,PROMPT_FIX_ENTRY_POINT,0,0,0.75,"measured_pass_at_k(n=2,k=8)",
opencodeinstruct-3603ef26366e,ut_function,,en,excluded,excluded,TOO_EASY,PROMPT_FIX_ENTRY_POINT,0,0,0.75,"measured_pass_at_k(n=2,k=8)",1.0
opencodeinstruct-7666f246fd86,ut_function,,en,excluded,excluded,TOO_EASY,PROMPT_FIX_ENTRY_POINT,0,0,0.5,"measured_pass_at_k(n=1,k=4)",1.0
opencodeinstruct-8f125bd69051,ut_function,,en,excluded,excluded,TOO_EASY,PROMPT_FIX_ENTRY_POINT,0,0,0.25,"measured_pass_at_k(n=2,k=8)",1.0
opencodeinstruct-8d5c3610471e,ut_function,,en,excluded,excluded,TOO_EASY,PROMPT_FIX_ENTRY_POINT,0,0,0.5,"measured_pass_at_k(n=2,k=8)",1.0
opencodeinstruct-8172ab0fdd51,ut_function,,en,excluded,excluded,TOO_EASY,PROMPT_FIX_ENTRY_POINT,0,0,0.75,"measured_pass_at_k(n=2,k=8)",1.0
opencodeinstruct-655ad0e94755,ut_function,,en,train,ok,,PROMPT_FIX_ENTRY_POINT,0,0,0.25,"measured_pass_at_k(n=1,k=4)",0.75
opencodeinstruct-0e544852c1f0,ut_function,,en,test,ok,,PROMPT_FIX_ENTRY_POINT,0,0,0.75,"measured_pass_at_k(n=2,k=8)",
opencodeinstruct-213b64470cd7,ut_function,,en,excluded,excluded,TOO_EASY,PROMPT_FIX_ENTRY_POINT,0,0,0.5,"measured_pass_at_k(n=2,k=8)",1.0
kodcode-89eb8ee3a237,ut_pytest,,en,train,ok,,PROMPT_FIX_ENTRY_POINT,0,0,0.5,"measured_pass_at_k(n=2,k=8)",0.375
kodcode-07d2caff1869,ut_pytest,,en,excluded,excluded,TOO_EASY,PROMPT_FIX_ENTRY_POINT,0,0,0.25,"measured_pass_at_k(n=2,k=8)",1.0
kodcode-439d9f42ede6,ut_pytest,,en,excluded,excluded,TOO_HARD,PROMPT_FIX_ENTRY_POINT,0,0,0.5,"measured_pass_at_k(n=2,k=8)",0.0
kodcode-dae00f1c0cb3,ut_pytest,,en,train,ok,,PROMPT_FIX_ENTRY_POINT,0,0,0.5,"measured_pass_at_k(n=2,k=8)",0.75
kodcode-30df87f0dbe7,ut_pytest,,en,validation,ok,,PROMPT_FIX_ENTRY_POINT,0,0,0.25,"measured_pass_at_k(n=2,k=8)",
opencodeinstruct-9f4bff62ea3f,ut_function,,en,test,ok,,PROMPT_FIX_ENTRY_POINT,0,0,0.25,"measured_pass_at_k(n=1,k=4)",
kodcode-58f309fd3080,ut_pytest,,en,excluded,excluded,TOO_EASY,PROMPT_FIX_ENTRY_POINT,0,0,0.75,"measured_pass_at_k(n=2,k=8)",1.0
kodcode-ce295781262c,ut_pytest,,en,train,ok,,PROMPT_FIX_ENTRY_POINT,0,0,0.75,"measured_pass_at_k(n=1,k=4)",0.875
kodcode-d240c8012d0a,ut_pytest,,en,excluded,excluded,TOO_HARD,PROMPT_FIX_ENTRY_POINT,0,0,0.5,"measured_pass_at_k(n=1,k=4)",0.0
kodcode-3fd5782361a5,ut_pytest,,en,validation,ok,,PROMPT_FIX_ENTRY_POINT,0,0,0.5,"measured_pass_at_k(n=2,k=8)",
kodcode-3e410eb745b8,ut_pytest,,en,excluded,excluded,TOO_EASY,PROMPT_FIX_ENTRY_POINT,0,0,0.75,"measured_pass_at_k(n=1,k=4)",1.0
kodcode-cd749cb5e581,ut_pytest,,en,train,ok,,PROMPT_FIX_ENTRY_POINT,0,0,0.5,"measured_pass_at_k(n=2,k=8)",0.875
kodcode-f0205633b73b,ut_pytest,,en,excluded,excluded,TOO_EASY,PROMPT_FIX_ENTRY_POINT,0,0,0.25,"measured_pass_at_k(n=1,k=4)",1.0
kodcode-2365b110c6a9,ut_pytest,,en,train,ok,,PROMPT_FIX_ENTRY_POINT,0,0,0.5,"measured_pass_at_k(n=2,k=8)",0.125
kodcode-626418748e96,ut_pytest,,en,train,ok,,PROMPT_FIX_ENTRY_POINT,0,0,0.5,"measured_pass_at_k(n=1,k=4)",0.125
kodcode-df17fa164d11,ut_pytest,,en,train,ok,,HARD_BUT_PARTIAL_SIGNAL;PROMPT_FIX_ENTRY_POINT,0,0,0.25,"measured_pass_at_k(n=2,k=8)",0.0
kodcode-22160380a976,ut_pytest,,en,test,ok,,PROMPT_FIX_ENTRY_POINT,0,0,0.5,"measured_pass_at_k(n=2,k=8)",
kodcode-a3748610192f,ut_pytest,,en,train,ok,,PROMPT_FIX_ENTRY_POINT,0,0,0.5,"measured_pass_at_k(n=2,k=8)",0.375
kodcode-063647fb275b,ut_pytest,,en,validation,ok,,PROMPT_FIX_ENTRY_POINT,0,0,0.75,"measured_pass_at_k(n=1,k=4)",
kodcode-a9f9b86fc725,ut_pytest,,en,train,ok,,PROMPT_FIX_ENTRY_POINT,0,0,0.5,"measured_pass_at_k(n=1,k=4)",0.75
kodcode-45314a9e8372,ut_pytest,,en,excluded,excluded,TOO_EASY,PROMPT_FIX_ENTRY_POINT,0,0,0.75,"measured_pass_at_k(n=2,k=8)",1.0
kodcode-54945a0ef2b0,ut_pytest,,en,train,ok,,PROMPT_FIX_ENTRY_POINT,0,0,0.5,"measured_pass_at_k(n=2,k=8)",0.625
kodcode-f6a3a3b0089b,ut_pytest,,en,validation,ok,,PROMPT_FIX_ENTRY_POINT,0,0,0.25,"measured_pass_at_k(n=1,k=4)",
kodcode-0594da3f410d,ut_pytest,,en,excluded,excluded,TOO_EASY,PROMPT_FIX_ENTRY_POINT,0,0,0.5,"measured_pass_at_k(n=1,k=4)",1.0
kodcode-371c10fa497c,ut_pytest,,en,train,ok,,HARD_BUT_PARTIAL_SIGNAL;PROMPT_FIX_ENTRY_POINT,0,0,0.5,"measured_pass_at_k(n=2,k=8)",0.0
kodcode-98b32b3ce06c,ut_pytest,,en,excluded,excluded,TOO_EASY,PROMPT_FIX_ENTRY_POINT,0,0,0.5,"measured_pass_at_k(n=2,k=8)",1.0
kodcode-fdee1d37e105,ut_pytest,,en,excluded,excluded,TOO_EASY,PROMPT_FIX_ENTRY_POINT,0,0,0.25,"measured_pass_at_k(n=2,k=8)",1.0
opencodeinstruct-6f237dd7817d,ut_function,,en,excluded,excluded,TOO_EASY,PROMPT_FIX_ENTRY_POINT,0,0,0.5,"measured_pass_at_k(n=2,k=8)",1.0
kodcode-aba71c5d8be9,ut_pytest,,en,excluded,excluded,TOO_EASY,PROMPT_FIX_ENTRY_POINT,0,0,0.75,"measured_pass_at_k(n=2,k=8)",1.0
kodcode-45cfbfddb8ba,ut_pytest,,en,validation,ok,,PROMPT_FIX_ENTRY_POINT,0,0,0.5,"measured_pass_at_k(n=2,k=8)",
opencodeinstruct-8d5c3fddc2f9,ut_function,,en,excluded,excluded,TOO_EASY,PROMPT_FIX_ENTRY_POINT,0,0,0.75,"measured_pass_at_k(n=2,k=8)",1.0
opencodeinstruct-a9aa3f637651,ut_function,,en,excluded,excluded,TOO_EASY,PROMPT_FIX_ENTRY_POINT,0,0,0.75,"measured_pass_at_k(n=1,k=4)",1.0
opencodeinstruct-39684db53df4,ut_function,,en,excluded,excluded,TOO_EASY,PROMPT_FIX_ENTRY_POINT,0,0,0.25,"measured_pass_at_k(n=2,k=8)",1.0
opencodeinstruct-c0438805632f,ut_function,,en,excluded,excluded,TOO_EASY,PROMPT_FIX_ENTRY_POINT,0,0,0.5,"measured_pass_at_k(n=2,k=8)",1.0
opencodeinstruct-df39c48d9b1e,ut_function,,en,excluded,excluded,TOO_EASY,PROMPT_FIX_ENTRY_POINT,0,0,0.75,"measured_pass_at_k(n=2,k=8)",1.0
opencodeinstruct-fd3235f94d3c,ut_function,,en,excluded,excluded,TOO_EASY,PROMPT_FIX_ENTRY_POINT,0,0,0.25,"measured_pass_at_k(n=2,k=8)",1.0
opencodeinstruct-b390ff74d2d1,ut_function,,en,excluded,excluded,TOO_EASY,PROMPT_FIX_ENTRY_POINT,0,0,0.75,"measured_pass_at_k(n=2,k=8)",1.0
opencodeinstruct-7f1c6ffab707,ut_function,,en,test,ok,,PROMPT_FIX_ENTRY_POINT,0,0,0.25,"measured_pass_at_k(n=2,k=8)",
opencodeinstruct-68e9d24c99b3,ut_function,,en,excluded,excluded,TOO_EASY,PROMPT_FIX_ENTRY_POINT,0,0,0.25,"measured_pass_at_k(n=1,k=4)",1.0
opencodeinstruct-ab5112cac867,ut_function,,en,excluded,excluded,TOO_EASY,PROMPT_FIX_ENTRY_POINT,0,0,0.25,"measured_pass_at_k(n=1,k=4)",1.0
opencodeinstruct-eb401ff5a46d,ut_function,,en,excluded,excluded,TOO_EASY,PROMPT_FIX_ENTRY_POINT,0,0,0.25,"measured_pass_at_k(n=2,k=8)",1.0
opencodeinstruct-58ad994fcf9c,ut_function,,en,excluded,excluded,TOO_EASY,PROMPT_FIX_ENTRY_POINT,0,0,0.5,"measured_pass_at_k(n=2,k=8)",1.0
opencodeinstruct-05aedaf5b544,ut_function,,en,test,ok,,PROMPT_FIX_ENTRY_POINT,0,0,0.25,"measured_pass_at_k(n=2,k=8)",
opencodeinstruct-ea06832b8579,ut_function,,en,excluded,excluded,TOO_EASY,PROMPT_FIX_ENTRY_POINT,0,0,0.75,"measured_pass_at_k(n=2,k=8)",1.0
opencodeinstruct-4ec894002304,ut_function,,en,excluded,excluded,TOO_EASY,PROMPT_FIX_ENTRY_POINT,0,0,0.5,"measured_pass_at_k(n=2,k=8)",1.0
opencodeinstruct-05846a971118,ut_function,,en,excluded,excluded,TOO_EASY,PROMPT_FIX_ENTRY_POINT,0,0,0.5,"measured_pass_at_k(n=2,k=8)",1.0
opencodeinstruct-b0744730dcf5,ut_function,,en,excluded,excluded,TOO_EASY,PROMPT_FIX_ENTRY_POINT,0,0,0.5,"measured_pass_at_k(n=2,k=8)",1.0
opencodeinstruct-d52832851f1b,ut_function,,en,excluded,excluded,TOO_EASY,PROMPT_FIX_ENTRY_POINT,0,0,0.5,"measured_pass_at_k(n=2,k=8)",1.0
opencodeinstruct-5cfb096283c7,ut_function,,en,excluded,excluded,TOO_EASY,PROMPT_FIX_ENTRY_POINT,0,0,0.25,"measured_pass_at_k(n=2,k=8)",1.0
opencodeinstruct-95ffca3ac57b,ut_function,,en,excluded,excluded,TOO_EASY,PROMPT_FIX_ENTRY_POINT,0,0,0.5,"measured_pass_at_k(n=2,k=8)",1.0
opencodeinstruct-8660218079dd,ut_function,,en,excluded,excluded,TOO_EASY,PROMPT_FIX_ENTRY_POINT,0,0,0.25,"measured_pass_at_k(n=1,k=4)",1.0
opencodeinstruct-aa4523192169,ut_function,,en,excluded,excluded,TOO_EASY,PROMPT_FIX_ENTRY_POINT,0,0,0.5,"measured_pass_at_k(n=2,k=8)",1.0
opencodeinstruct-44e45c77613c,ut_function,,en,train,ok,,PROMPT_FIX_ENTRY_POINT,0,0,0.5,"measured_pass_at_k(n=2,k=8)",0.875
opencodeinstruct-967bcf739443,ut_function,,en,excluded,excluded,TOO_EASY,PROMPT_FIX_ENTRY_POINT,0,0,0.25,"measured_pass_at_k(n=2,k=8)",1.0
opencodeinstruct-a8945f59d18d,ut_function,,en,excluded,excluded,TOO_EASY,PROMPT_FIX_ENTRY_POINT,0,0,0.75,"measured_pass_at_k(n=1,k=4)",1.0
opencodeinstruct-bf19df242875,ut_function,,en,train,ok,,PROMPT_FIX_ENTRY_POINT,0,0,0.5,"measured_pass_at_k(n=2,k=8)",0.375
kodcode-46b20f21d6ab,ut_pytest,,en,test,ok,,PROMPT_FIX_ENTRY_POINT,0,0,0.25,"measured_pass_at_k(n=1,k=4)",
kodcode-9769027a7a89,ut_pytest,,en,excluded,excluded,TOO_EASY,PROMPT_FIX_ENTRY_POINT,0,0,0.75,"measured_pass_at_k(n=2,k=8)",1.0
opencodeinstruct-be0ee65b163a,ut_function,,en,test,ok,,PROMPT_FIX_ENTRY_POINT,0,0,0.5,"measured_pass_at_k(n=1,k=4)",
kodcode-27d171b705b2,ut_pytest,,en,excluded,excluded,TOO_HARD,PROMPT_FIX_ENTRY_POINT,0,0,0.5,"measured_pass_at_k(n=2,k=8)",0.0
kodcode-8db1f48786f8,ut_pytest,,en,test,ok,,PROMPT_FIX_ENTRY_POINT,0,0,0.5,"measured_pass_at_k(n=2,k=8)",
kodcode-19661413a8f5,ut_pytest,,en,excluded,excluded,TOO_EASY,PROMPT_FIX_ENTRY_POINT,0,0,0.75,"measured_pass_at_k(n=1,k=4)",1.0
opencodeinstruct-94e75cca4868,ut_function,,en,validation,ok,,PROMPT_FIX_ENTRY_POINT,0,0,0.5,"measured_pass_at_k(n=2,k=8)",
kodcode-293fdf1b20bd,ut_pytest,,en,train,ok,,PROMPT_FIX_ENTRY_POINT,0,0,0.25,"measured_pass_at_k(n=1,k=4)",0.125
kodcode-f820cabdb4da,ut_pytest,,en,test,ok,,PROMPT_FIX_ENTRY_POINT,0,0,0.25,"measured_pass_at_k(n=1,k=4)",
kodcode-93ac9f153a78,ut_pytest,,en,excluded,excluded,TOO_EASY,PROMPT_FIX_ENTRY_POINT,0,0,0.5,"measured_pass_at_k(n=1,k=4)",1.0
kodcode-31268886b317,ut_pytest,,en,train,ok,,PROMPT_FIX_ENTRY_POINT,0,0,0.5,"measured_pass_at_k(n=1,k=4)",0.5
kodcode-7460f1400a17,ut_pytest,,en,excluded,excluded,TOO_EASY,PROMPT_FIX_ENTRY_POINT,0,0,0.5,"measured_pass_at_k(n=2,k=8)",1.0
kodcode-c75ace888911,ut_pytest,,en,test,ok,,PROMPT_FIX_ENTRY_POINT,0,0,0.5,"measured_pass_at_k(n=2,k=8)",
opencodeinstruct-d451e73ef5bf,ut_function,,en,excluded,excluded,TOO_EASY,PROMPT_FIX_ENTRY_POINT,0,0,0.5,"measured_pass_at_k(n=2,k=8)",1.0
kodcode-48b7382ca818,ut_pytest,,en,excluded,excluded,TOO_EASY,PROMPT_FIX_ENTRY_POINT,0,0,0.75,"measured_pass_at_k(n=2,k=8)",1.0
kodcode-7db0114c96ea,ut_pytest,,en,validation,ok,,PROMPT_FIX_ENTRY_POINT,0,0,0.25,"measured_pass_at_k(n=2,k=8)",
kodcode-703dcbf0ea27,ut_pytest,,en,train,ok,,PROMPT_FIX_ENTRY_POINT,0,0,0.25,"measured_pass_at_k(n=1,k=4)",0.125
kodcode-0984928fdc4d,ut_pytest,,en,excluded,excluded,TOO_EASY,PROMPT_FIX_ENTRY_POINT,0,0,0.5,"measured_pass_at_k(n=2,k=8)",1.0
kodcode-e735d52c07cb,ut_pytest,,en,train,ok,,PROMPT_FIX_ENTRY_POINT,0,0,0.25,"measured_pass_at_k(n=1,k=4)",0.25
kodcode-ae84834d5e87,ut_pytest,,en,train,ok,,HARD_BUT_PARTIAL_SIGNAL;PROMPT_FIX_ENTRY_POINT,0,0,0.25,"measured_pass_at_k(n=2,k=8)",0.0
opencodeinstruct-5ecccea0269c,ut_function,,en,excluded,excluded,TOO_EASY,PROMPT_FIX_ENTRY_POINT,0,0,0.75,"measured_pass_at_k(n=2,k=8)",1.0
kodcode-be6cecbf246d,ut_pytest,,en,excluded,excluded,TOO_EASY,PROMPT_FIX_ENTRY_POINT,0,0,0.25,"measured_pass_at_k(n=2,k=8)",1.0
kodcode-337779395cca,ut_pytest,,en,excluded,excluded,TOO_EASY,PROMPT_FIX_ENTRY_POINT,0,0,0.5,"measured_pass_at_k(n=2,k=8)",1.0
kodcode-8e989bef2235,ut_pytest,,en,excluded,excluded,TOO_EASY,PROMPT_FIX_ENTRY_POINT,0,0,0.25,"measured_pass_at_k(n=1,k=4)",1.0
kodcode-716442f09144,ut_pytest,,en,train,ok,,PROMPT_FIX_ENTRY_POINT,0,0,0.75,"measured_pass_at_k(n=2,k=8)",0.5
kodcode-5c5d14f723b6,ut_pytest,,en,train,ok,,PROMPT_FIX_ENTRY_POINT,0,0,0.75,"measured_pass_at_k(n=2,k=8)",0.75
kodcode-a0ef02b5654f,ut_pytest,,en,excluded,excluded,TOO_EASY,PROMPT_FIX_ENTRY_POINT,0,0,0.5,"measured_pass_at_k(n=2,k=8)",1.0
kodcode-77ae649681aa,ut_pytest,,en,excluded,excluded,TOO_EASY,PROMPT_FIX_ENTRY_POINT,0,0,0.25,"measured_pass_at_k(n=2,k=8)",1.0
kodcode-b0d90152e53a,ut_pytest,,en,train,ok,,PROMPT_FIX_ENTRY_POINT,0,0,0.25,"measured_pass_at_k(n=1,k=4)",0.875
kodcode-0b21aa66accd,ut_pytest,,en,excluded,excluded,TOO_EASY,PROMPT_FIX_ENTRY_POINT,0,0,0.5,"measured_pass_at_k(n=2,k=8)",1.0
ko-native-692b304cad17,ut_function,,ko,excluded,excluded,TOO_HARD,PROMPT_FIX_ENTRY_POINT,0,0,0.5,"measured_pass_at_k(n=1,k=4)",0.0
ko-native-fcc2153b5f55,ut_function,,ko,test,ok,,PROMPT_FIX_ENTRY_POINT,0,0,0.75,"measured_pass_at_k(n=1,k=4)",
ko-native-fb48ea007c3c,ut_function,,ko,excluded,excluded,TOO_EASY,PROMPT_FIX_ENTRY_POINT,0,0,0.5,"measured_pass_at_k(n=1,k=4)",1.0
ko-native-c862852eabf7,ut_function,,ko,excluded,excluded,TOO_HARD,PROMPT_FIX_ENTRY_POINT,0,0,0.25,"measured_pass_at_k(n=1,k=4)",0.0
opencodeinstruct-b26a73084a5d,ut_function,,en,excluded,excluded,TOO_EASY,PROMPT_FIX_ENTRY_POINT,0,0,0.5,"measured_pass_at_k(n=1,k=4)",1.0
opencodeinstruct-cb0301719524,ut_function,,en,excluded,excluded,TOO_EASY,PROMPT_FIX_ENTRY_POINT,0,0,0.75,"measured_pass_at_k(n=2,k=8)",1.0
opencodeinstruct-61d43f0587a4,ut_function,,en,excluded,excluded,TOO_EASY,PROMPT_FIX_ENTRY_POINT,0,0,0.75,"measured_pass_at_k(n=2,k=8)",1.0
opencodeinstruct-756f2a77e046,ut_function,,en,excluded,excluded,TOO_EASY,PROMPT_FIX_ENTRY_POINT,0,0,0.25,"measured_pass_at_k(n=1,k=4)",1.0
opencodeinstruct-b8aedeb6acbc,ut_function,,en,excluded,excluded,TOO_EASY,PROMPT_FIX_ENTRY_POINT,0,0,0.75,"measured_pass_at_k(n=2,k=8)",1.0
opencodeinstruct-835172d4fd56,ut_function,,en,excluded,excluded,TOO_EASY,PROMPT_FIX_ENTRY_POINT,0,0,0.75,"measured_pass_at_k(n=2,k=8)",1.0
opencodeinstruct-f2c208e0bb37,ut_function,,en,train,ok,,PROMPT_FIX_ENTRY_POINT,0,0,0.5,"measured_pass_at_k(n=1,k=4)",0.625
opencodeinstruct-228fc940385d,ut_function,,en,test,ok,,PROMPT_FIX_ENTRY_POINT,0,0,0.75,"measured_pass_at_k(n=2,k=8)",
opencodeinstruct-f47feb77169f,ut_function,,en,excluded,excluded,TOO_HARD,PROMPT_FIX_ENTRY_POINT,0,0,0.25,"measured_pass_at_k(n=2,k=8)",0.0
opencodeinstruct-18b68e3ce232,ut_function,,en,excluded,excluded,TOO_EASY,PROMPT_FIX_ENTRY_POINT,0,0,0.75,"measured_pass_at_k(n=2,k=8)",1.0
opencodeinstruct-019a48edce57,ut_function,,en,test,ok,,PROMPT_FIX_ENTRY_POINT,0,0,0.75,"measured_pass_at_k(n=2,k=8)",
opencodeinstruct-7478c5b75e63,ut_function,,en,validation,ok,,PROMPT_FIX_ENTRY_POINT,0,0,0.5,"measured_pass_at_k(n=1,k=4)",
opencodeinstruct-20d3c78a5956,ut_function,,en,excluded,excluded,TOO_HARD,PROMPT_FIX_ENTRY_POINT,0,0,0.75,"measured_pass_at_k(n=2,k=8)",0.0
opencodeinstruct-7844fe00b9cd,ut_function,,en,excluded,excluded,TOO_HARD,PROMPT_FIX_ENTRY_POINT,0,0,0.5,"measured_pass_at_k(n=2,k=8)",0.0
opencodeinstruct-271f5b7538a0,ut_function,,en,excluded,excluded,TOO_EASY,PROMPT_FIX_ENTRY_POINT,0,0,0.25,"measured_pass_at_k(n=1,k=4)",1.0
opencodeinstruct-e746407c7a5a,ut_function,,en,test,ok,,PROMPT_FIX_ENTRY_POINT,0,0,0.25,"measured_pass_at_k(n=1,k=4)",
opencodeinstruct-b6eac428e275,ut_function,,en,excluded,excluded,TOO_EASY,PROMPT_FIX_ENTRY_POINT,0,0,0.25,"measured_pass_at_k(n=1,k=4)",1.0
opencodeinstruct-0122c80d34ef,ut_function,,en,excluded,excluded,TOO_HARD,PROMPT_FIX_ENTRY_POINT,0,0,0.5,"measured_pass_at_k(n=1,k=4)",0.0
opencodeinstruct-27e2f786806d,ut_function,,en,excluded,excluded,TOO_HARD,PROMPT_FIX_ENTRY_POINT,0,0,0.75,"measured_pass_at_k(n=2,k=8)",0.0
opencodeinstruct-a1a8871c4fa1,ut_function,,en,train,ok,,PROMPT_FIX_ENTRY_POINT,0,0,0.5,"measured_pass_at_k(n=2,k=8)",0.875
opencodeinstruct-9540dbfd68c4,ut_function,,en,excluded,excluded,TOO_EASY,PROMPT_FIX_ENTRY_POINT,0,0,0.5,"measured_pass_at_k(n=1,k=4)",1.0
opencodeinstruct-983e84a39b29,ut_function,,en,excluded,excluded,TOO_EASY,PROMPT_FIX_ENTRY_POINT,0,0,0.25,"measured_pass_at_k(n=2,k=8)",1.0
opencodeinstruct-d574421bd44d,ut_function,,en,train,ok,,PROMPT_FIX_ENTRY_POINT,0,0,0.5,"measured_pass_at_k(n=2,k=8)",0.375
opencodeinstruct-4877901eb30a,ut_function,,en,train,ok,,PROMPT_FIX_ENTRY_POINT,0,0,0.25,"measured_pass_at_k(n=1,k=4)",0.125
opencodeinstruct-1a9770eca85f,ut_function,,en,excluded,excluded,TOO_EASY,PROMPT_FIX_ENTRY_POINT,0,0,0.25,"measured_pass_at_k(n=2,k=8)",1.0
opencodeinstruct-6838e8782e31,ut_function,,en,excluded,excluded,TOO_EASY,PROMPT_FIX_ENTRY_POINT,0,0,0.75,"measured_pass_at_k(n=2,k=8)",1.0
opencodeinstruct-ab14f4ee8e30,ut_function,,en,excluded,excluded,TOO_EASY,PROMPT_FIX_ENTRY_POINT,0,0,0.25,"measured_pass_at_k(n=2,k=8)",1.0
kodcode-4f5bc6655de4,ut_pytest,,en,train,ok,,PROMPT_FIX_ENTRY_POINT,0,0,0.5,"measured_pass_at_k(n=2,k=8)",0.625
opencodeinstruct-a99e8929856e,ut_function,,en,test,ok,,PROMPT_FIX_ENTRY_POINT,0,0,0.25,"measured_pass_at_k(n=2,k=8)",
opencodeinstruct-970fd76900f2,ut_function,,en,excluded,excluded,TOO_EASY,PROMPT_FIX_ENTRY_POINT,0,0,0.5,"measured_pass_at_k(n=2,k=8)",1.0
kodcode-4375d7e5bd69,ut_pytest,,en,excluded,excluded,TOO_HARD,PROMPT_FIX_ENTRY_POINT,0,0,0.25,"measured_pass_at_k(n=2,k=8)",0.0
kodcode-72ac6fcaae51,ut_pytest,,en,test,ok,,PROMPT_FIX_ENTRY_POINT,0,0,0.5,"measured_pass_at_k(n=1,k=4)",
kodcode-1bfa05eb95d2,ut_pytest,,en,excluded,excluded,TOO_EASY,PROMPT_FIX_ENTRY_POINT,0,0,0.75,"measured_pass_at_k(n=2,k=8)",1.0
kodcode-5c9f72899742,ut_pytest,,en,excluded,excluded,TOO_HARD,PROMPT_FIX_ENTRY_POINT,0,0,0.25,"measured_pass_at_k(n=2,k=8)",0.0
kodcode-c5fe4d6535c0,ut_pytest,,en,train,ok,,HARD_BUT_PARTIAL_SIGNAL;PROMPT_FIX_ENTRY_POINT,0,0,0.5,"measured_pass_at_k(n=1,k=4)",0.0
kodcode-42169c33abc8,ut_pytest,,en,train,ok,,PROMPT_FIX_ENTRY_POINT,0,0,0.25,"measured_pass_at_k(n=2,k=8)",0.625
kodcode-19d1ce176bd9,ut_pytest,,en,train,ok,,PROMPT_FIX_ENTRY_POINT,0,0,0.25,"measured_pass_at_k(n=2,k=8)",0.25
kodcode-2837afea69c1,ut_pytest,,en,train,ok,,PROMPT_FIX_ENTRY_POINT,0,0,0.25,"measured_pass_at_k(n=2,k=8)",0.75
kodcode-78bfadd9b49f,ut_pytest,,en,excluded,excluded,TOO_EASY,PROMPT_FIX_ENTRY_POINT,0,0,0.75,"measured_pass_at_k(n=1,k=4)",1.0
opencodeinstruct-654f9db353a8,ut_function,,en,excluded,excluded,TOO_EASY,PROMPT_FIX_ENTRY_POINT,0,0,0.5,"measured_pass_at_k(n=2,k=8)",1.0
opencodeinstruct-fd5899fabbc6,ut_function,,en,excluded,excluded,TOO_HARD,PROMPT_FIX_ENTRY_POINT,0,0,0.25,"measured_pass_at_k(n=1,k=4)",0.0
kodcode-d9423cf33b4e,ut_pytest,,en,train,ok,,PROMPT_FIX_ENTRY_POINT,0,0,0.25,"measured_pass_at_k(n=2,k=8)",0.625
kodcode-cd1415b55ea2,ut_pytest,,en,validation,ok,,PROMPT_FIX_ENTRY_POINT,0,0,0.5,"measured_pass_at_k(n=2,k=8)",
kodcode-bda5ec435904,ut_pytest,,en,train,ok,,PROMPT_FIX_ENTRY_POINT,0,0,0.75,"measured_pass_at_k(n=2,k=8)",0.75
kodcode-42e235b62820,ut_pytest,,en,excluded,excluded,TOO_EASY,PROMPT_FIX_ENTRY_POINT,0,0,0.25,"measured_pass_at_k(n=2,k=8)",1.0
kodcode-8cc2fed6e300,ut_pytest,,en,excluded,excluded,TOO_HARD,PROMPT_FIX_ENTRY_POINT,0,0,0.25,"measured_pass_at_k(n=2,k=8)",0.0
kodcode-dad5bac8521b,ut_pytest,,en,train,ok,,PROMPT_FIX_ENTRY_POINT,0,0,0.5,"measured_pass_at_k(n=1,k=4)",0.375
kodcode-661d2689f277,ut_pytest,,en,excluded,excluded,TOO_EASY,PROMPT_FIX_ENTRY_POINT,0,0,0.25,"measured_pass_at_k(n=1,k=4)",1.0
kodcode-b00a6209f246,ut_pytest,,en,train,ok,,PROMPT_FIX_ENTRY_POINT,0,0,0.5,"measured_pass_at_k(n=2,k=8)",0.25
kodcode-897bf749bc06,ut_pytest,,en,excluded,excluded,TOO_EASY,PROMPT_FIX_ENTRY_POINT,0,0,0.75,"measured_pass_at_k(n=2,k=8)",1.0
opencodeinstruct-04bd49aaa622,ut_function,,en,excluded,excluded,TOO_EASY,PROMPT_FIX_ENTRY_POINT,0,0,0.75,"measured_pass_at_k(n=1,k=4)",1.0
opencodeinstruct-29d66deeef90,ut_function,,en,excluded,excluded,TOO_EASY,PROMPT_FIX_ENTRY_POINT,0,0,0.5,"measured_pass_at_k(n=1,k=4)",1.0
opencodeinstruct-14657b6715da,ut_function,,en,excluded,excluded,TOO_EASY,PROMPT_FIX_ENTRY_POINT,0,0,0.25,"measured_pass_at_k(n=2,k=8)",1.0
opencodeinstruct-f6820b917a69,ut_function,,en,test,ok,,PROMPT_FIX_ENTRY_POINT,0,0,0.25,"measured_pass_at_k(n=2,k=8)",
opencodeinstruct-b380c3671e6d,ut_function,,en,test,ok,,PROMPT_FIX_ENTRY_POINT,0,0,0.25,"measured_pass_at_k(n=2,k=8)",
opencodeinstruct-c6bd2f07ea4c,ut_function,,en,excluded,excluded,TOO_EASY,PROMPT_FIX_ENTRY_POINT,0,0,0.75,"measured_pass_at_k(n=2,k=8)",1.0
opencodeinstruct-6aac45d20f11,ut_function,,en,excluded,excluded,TOO_EASY,PROMPT_FIX_ENTRY_POINT,0,0,0.25,"measured_pass_at_k(n=2,k=8)",1.0
opencodeinstruct-14656407e8b1,ut_function,,en,excluded,excluded,TOO_HARD,PROMPT_FIX_ENTRY_POINT,0,0,0.25,"measured_pass_at_k(n=1,k=4)",0.0
opencodeinstruct-a7812654b366,ut_function,,en,excluded,excluded,TOO_EASY,PROMPT_FIX_ENTRY_POINT,0,0,0.25,"measured_pass_at_k(n=2,k=8)",1.0
opencodeinstruct-981a0b58603b,ut_function,,en,excluded,excluded,TOO_EASY,PROMPT_FIX_ENTRY_POINT,0,0,0.5,"measured_pass_at_k(n=2,k=8)",1.0
opencodeinstruct-12ac6730cc6f,ut_function,,en,excluded,excluded,TOO_EASY,PROMPT_FIX_ENTRY_POINT,0,0,0.5,"measured_pass_at_k(n=2,k=8)",1.0
opencodeinstruct-27eba16d6f48,ut_function,,en,excluded,excluded,TOO_EASY,PROMPT_FIX_ENTRY_POINT,0,0,0.5,"measured_pass_at_k(n=2,k=8)",1.0
opencodeinstruct-6b6e0a569e32,ut_function,,en,excluded,excluded,TOO_EASY,PROMPT_FIX_ENTRY_POINT,0,0,0.25,"measured_pass_at_k(n=2,k=8)",1.0
opencodeinstruct-e50246433b96,ut_function,,en,excluded,excluded,TOO_EASY,PROMPT_FIX_ENTRY_POINT,0,0,0.25,"measured_pass_at_k(n=2,k=8)",1.0
opencodeinstruct-543b100d0811,ut_function,,en,excluded,excluded,TOO_EASY,PROMPT_FIX_ENTRY_POINT,0,0,0.75,"measured_pass_at_k(n=1,k=4)",1.0
opencodeinstruct-d330c80bf323,ut_function,,en,excluded,excluded,TOO_EASY,PROMPT_FIX_ENTRY_POINT,0,0,0.5,"measured_pass_at_k(n=2,k=8)",1.0
opencodeinstruct-5b7f554b35a1,ut_function,,en,excluded,excluded,TOO_EASY,PROMPT_FIX_ENTRY_POINT,0,0,0.75,"measured_pass_at_k(n=2,k=8)",1.0
opencodeinstruct-b326d0704cd3,ut_function,,en,excluded,excluded,TOO_HARD,PROMPT_FIX_ENTRY_POINT,0,0,0.25,"measured_pass_at_k(n=2,k=8)",0.0
opencodeinstruct-df2d428ba7eb,ut_function,,en,excluded,excluded,TOO_EASY,PROMPT_FIX_ENTRY_POINT,0,0,0.5,"measured_pass_at_k(n=1,k=4)",1.0
opencodeinstruct-8a5b7077ec8a,ut_function,,en,excluded,excluded,TOO_EASY,PROMPT_FIX_ENTRY_POINT,0,0,0.75,"measured_pass_at_k(n=2,k=8)",1.0
opencodeinstruct-e5018acd05b5,ut_function,,en,excluded,excluded,TOO_HARD,PROMPT_FIX_ENTRY_POINT,0,0,0.25,"measured_pass_at_k(n=2,k=8)",0.0
opencodeinstruct-8bef53ff2a6c,ut_function,,en,excluded,excluded,TOO_EASY,PROMPT_FIX_ENTRY_POINT,0,0,0.25,"measured_pass_at_k(n=2,k=8)",1.0
opencodeinstruct-959bf2f09aeb,ut_function,,en,excluded,excluded,TOO_EASY,PROMPT_FIX_ENTRY_POINT,0,0,0.75,"measured_pass_at_k(n=2,k=8)",1.0
opencodeinstruct-404bb8670348,ut_function,,en,excluded,excluded,TOO_EASY,PROMPT_FIX_ENTRY_POINT,0,0,0.5,"measured_pass_at_k(n=2,k=8)",1.0
opencodeinstruct-f12be26bef5a,ut_function,,en,excluded,excluded,TOO_HARD,PROMPT_FIX_ENTRY_POINT,0,0,0.25,"measured_pass_at_k(n=2,k=8)",0.0
opencodeinstruct-c2402600b7be,ut_function,,en,excluded,excluded,TOO_EASY,PROMPT_FIX_ENTRY_POINT,0,0,0.5,"measured_pass_at_k(n=1,k=4)",1.0
kodcode-b95357996cd2,ut_pytest,,en,excluded,excluded,TOO_EASY,PROMPT_FIX_ENTRY_POINT,0,0,0.5,"measured_pass_at_k(n=2,k=8)",1.0
opencodeinstruct-c68c803e74a5,ut_function,,en,excluded,excluded,TOO_EASY,PROMPT_FIX_ENTRY_POINT,0,0,0.5,"measured_pass_at_k(n=2,k=8)",1.0
kodcode-71d4dec76409,ut_pytest,,en,test,ok,,PROMPT_FIX_ENTRY_POINT,0,0,0.25,"measured_pass_at_k(n=1,k=4)",
kodcode-c339f9910f76,ut_pytest,,en,train,ok,,HARD_BUT_PARTIAL_SIGNAL;PROMPT_FIX_ENTRY_POINT,0,0,0.5,"measured_pass_at_k(n=2,k=8)",0.0
kodcode-11cc16e386b0,ut_pytest,,en,excluded,excluded,TOO_EASY,PROMPT_FIX_ENTRY_POINT,0,0,0.25,"measured_pass_at_k(n=2,k=8)",1.0
kodcode-df00eb0741bd,ut_pytest,,en,excluded,excluded,TOO_HARD,PROMPT_FIX_ENTRY_POINT,0,0,0.75,"measured_pass_at_k(n=2,k=8)",0.0
kodcode-f098545f0d31,ut_pytest,,en,test,ok,,PROMPT_FIX_ENTRY_POINT,0,0,0.5,"measured_pass_at_k(n=2,k=8)",
kodcode-584f3ece96d9,ut_pytest,,en,excluded,excluded,TOO_EASY,PROMPT_FIX_ENTRY_POINT,0,0,0.25,"measured_pass_at_k(n=2,k=8)",1.0
kodcode-d5847b36fa6e,ut_pytest,,en,train,ok,,PROMPT_FIX_ENTRY_POINT,0,0,0.75,"measured_pass_at_k(n=2,k=8)",0.875
kodcode-751e9874310b,ut_pytest,,en,excluded,excluded,TOO_EASY,PROMPT_FIX_ENTRY_POINT,0,0,0.75,"measured_pass_at_k(n=1,k=4)",1.0
kodcode-1bc891dd326e,ut_pytest,,en,excluded,excluded,TOO_HARD,PROMPT_FIX_ENTRY_POINT,0,0,0.5,"measured_pass_at_k(n=2,k=8)",0.0
kodcode-ce48f20d0ae0,ut_pytest,,en,test,ok,,PROMPT_FIX_ENTRY_POINT,0,0,0.75,"measured_pass_at_k(n=1,k=4)",
kodcode-3e8172663612,ut_pytest,,en,train,ok,,PROMPT_FIX_ENTRY_POINT,0,0,0.25,"measured_pass_at_k(n=1,k=4)",0.625
kodcode-6c50d810c200,ut_pytest,,en,train,ok,,PROMPT_FIX_ENTRY_POINT,0,0,0.75,"measured_pass_at_k(n=2,k=8)",0.625
kodcode-7d29d3eaac9e,ut_pytest,,en,excluded,excluded,TOO_EASY,PROMPT_FIX_ENTRY_POINT,0,0,0.25,"measured_pass_at_k(n=1,k=4)",1.0
kodcode-5eaf048e0343,ut_pytest,,en,excluded,excluded,TOO_EASY,PROMPT_FIX_ENTRY_POINT,0,0,0.75,"measured_pass_at_k(n=2,k=8)",1.0
kodcode-5c8338870299,ut_pytest,,en,test,ok,,PROMPT_FIX_ENTRY_POINT,0,0,0.25,"measured_pass_at_k(n=2,k=8)",
opencodeinstruct-c56ffb7e7f9f,ut_function,,en,excluded,excluded,TOO_EASY,PROMPT_FIX_ENTRY_POINT,0,0,0.5,"measured_pass_at_k(n=2,k=8)",1.0
kodcode-a84f8ab8e6fa,ut_pytest,,en,train,ok,,HARD_BUT_PARTIAL_SIGNAL;PROMPT_FIX_ENTRY_POINT,0,0,0.25,"measured_pass_at_k(n=2,k=8)",0.0
kodcode-3e4ec7367509,ut_pytest,,en,excluded,excluded,TOO_EASY,PROMPT_FIX_ENTRY_POINT,0,0,0.5,"measured_pass_at_k(n=2,k=8)",1.0
kodcode-caa7375a4817,ut_pytest,,en,test,ok,,PROMPT_FIX_ENTRY_POINT,0,0,0.5,"measured_pass_at_k(n=1,k=4)",
kodcode-dd998cb9c865,ut_pytest,,en,excluded,excluded,TOO_EASY,PROMPT_FIX_ENTRY_POINT,0,0,0.5,"measured_pass_at_k(n=2,k=8)",1.0
kodcode-a57bfd8d32a2,ut_pytest,,en,excluded,excluded,TOO_EASY,PROMPT_FIX_ENTRY_POINT,0,0,0.5,"measured_pass_at_k(n=2,k=8)",1.0
kodcode-4d1b525be792,ut_pytest,,en,train,ok,,PROMPT_FIX_ENTRY_POINT,0,0,0.25,"measured_pass_at_k(n=2,k=8)",0.5
kodcode-46763e0cd7bd,ut_pytest,,en,excluded,excluded,TOO_EASY,PROMPT_FIX_ENTRY_POINT,0,0,0.75,"measured_pass_at_k(n=2,k=8)",1.0
kodcode-13e77583ffa2,ut_pytest,,en,excluded,excluded,TOO_EASY,PROMPT_FIX_ENTRY_POINT,0,0,0.25,"measured_pass_at_k(n=2,k=8)",1.0
ko-native-e594c626487e,ut_function,,ko,excluded,excluded,TOO_EASY,PROMPT_FIX_ENTRY_POINT,0,0,0.5,"measured_pass_at_k(n=1,k=4)",1.0
opencodeinstruct-314af6d2fe5a,ut_function,,en,train,ok,,PROMPT_FIX_ENTRY_POINT,0,0,0.25,"measured_pass_at_k(n=2,k=8)",0.875
opencodeinstruct-3ad102b71ac9,ut_function,,en,excluded,excluded,TOO_EASY,PROMPT_FIX_ENTRY_POINT,0,0,0.25,"measured_pass_at_k(n=2,k=8)",1.0
opencodeinstruct-e6e6783cd3e6,ut_function,,en,excluded,excluded,TOO_EASY,PROMPT_FIX_ENTRY_POINT,0,0,0.25,"measured_pass_at_k(n=2,k=8)",1.0
opencodeinstruct-e8ec4f8c9911,ut_function,,en,validation,ok,,PROMPT_FIX_ENTRY_POINT,0,0,0.25,"measured_pass_at_k(n=2,k=8)",
opencodeinstruct-093cde73c6c6,ut_function,,en,excluded,excluded,TOO_EASY,PROMPT_FIX_ENTRY_POINT,0,0,0.5,"measured_pass_at_k(n=1,k=4)",1.0
opencodeinstruct-636789f0dac5,ut_function,,en,excluded,excluded,TOO_EASY,PROMPT_FIX_ENTRY_POINT,0,0,0.25,"measured_pass_at_k(n=1,k=4)",1.0
opencodeinstruct-642015a3d9ed,ut_function,,en,test,ok,,PROMPT_FIX_ENTRY_POINT,0,0,0.5,"measured_pass_at_k(n=2,k=8)",
opencodeinstruct-5be76c857fb6,ut_function,,en,validation,ok,,PROMPT_FIX_ENTRY_POINT,0,0,0.75,"measured_pass_at_k(n=1,k=4)",
opencodeinstruct-0af639fcc26d,ut_function,,en,excluded,excluded,TOO_EASY,PROMPT_FIX_ENTRY_POINT,0,0,0.25,"measured_pass_at_k(n=2,k=8)",1.0
opencodeinstruct-f07662d794a9,ut_function,,en,train,ok,,PROMPT_FIX_ENTRY_POINT,0,0,0.25,"measured_pass_at_k(n=2,k=8)",0.125
opencodeinstruct-33bd0a57de82,ut_function,,en,excluded,excluded,TOO_EASY,PROMPT_FIX_ENTRY_POINT,0,0,0.5,"measured_pass_at_k(n=2,k=8)",1.0
opencodeinstruct-1da635d0c791,ut_function,,en,excluded,excluded,TOO_EASY,PROMPT_FIX_ENTRY_POINT,0,0,0.5,"measured_pass_at_k(n=2,k=8)",1.0
opencodeinstruct-8e45ef9fbf37,ut_function,,en,test,ok,,PROMPT_FIX_ENTRY_POINT,0,0,0.25,"measured_pass_at_k(n=1,k=4)",
opencodeinstruct-e72d86eef98c,ut_function,,en,test,ok,,PROMPT_FIX_ENTRY_POINT,0,0,0.5,"measured_pass_at_k(n=2,k=8)",
opencodeinstruct-5836781b57f5,ut_function,,en,validation,ok,,PROMPT_FIX_ENTRY_POINT,0,0,0.5,"measured_pass_at_k(n=1,k=4)",
opencodeinstruct-75f26dd557cc,ut_function,,en,excluded,excluded,TOO_EASY,PROMPT_FIX_ENTRY_POINT,0,0,0.25,"measured_pass_at_k(n=2,k=8)",1.0
opencodeinstruct-4be1153bf23b,ut_function,,en,excluded,excluded,TOO_EASY,PROMPT_FIX_ENTRY_POINT,0,0,0.75,"measured_pass_at_k(n=1,k=4)",1.0
opencodeinstruct-40f1a11b8189,ut_function,,en,train,ok,,PROMPT_FIX_ENTRY_POINT,0,0,0.25,"measured_pass_at_k(n=2,k=8)",0.875
opencodeinstruct-81dbc63a1c7f,ut_function,,en,validation,ok,,PROMPT_FIX_ENTRY_POINT,0,0,0.25,"measured_pass_at_k(n=2,k=8)",
opencodeinstruct-aefaa25402ea,ut_function,,en,excluded,excluded,TOO_EASY,PROMPT_FIX_ENTRY_POINT,0,0,0.75,"measured_pass_at_k(n=2,k=8)",1.0
opencodeinstruct-f58dcf59d429,ut_function,,en,excluded,excluded,TOO_EASY,PROMPT_FIX_ENTRY_POINT,0,0,0.5,"measured_pass_at_k(n=2,k=8)",1.0
opencodeinstruct-743924781903,ut_function,,en,test,ok,,PROMPT_FIX_ENTRY_POINT,0,0,0.25,"measured_pass_at_k(n=1,k=4)",
opencodeinstruct-910691c9647e,ut_function,,en,excluded,excluded,TOO_EASY,PROMPT_FIX_ENTRY_POINT,0,0,0.25,"measured_pass_at_k(n=1,k=4)",1.0
opencodeinstruct-f8b8b9c706cf,ut_function,,en,excluded,excluded,TOO_EASY,PROMPT_FIX_ENTRY_POINT,0,0,0.5,"measured_pass_at_k(n=1,k=4)",1.0
opencodeinstruct-040032499d0d,ut_function,,en,excluded,excluded,TOO_EASY,PROMPT_FIX_ENTRY_POINT,0,0,0.5,"measured_pass_at_k(n=2,k=8)",1.0
opencodeinstruct-c076a7acef79,ut_function,,en,excluded,excluded,TOO_EASY,PROMPT_FIX_ENTRY_POINT,0,0,0.5,"measured_pass_at_k(n=1,k=4)",1.0
opencodeinstruct-75979aa25d02,ut_function,,en,excluded,excluded,TOO_HARD,PROMPT_FIX_ENTRY_POINT,0,0,0.25,"measured_pass_at_k(n=2,k=8)",0.0
opencodeinstruct-10e40dcce9b3,ut_function,,en,validation,ok,,PROMPT_FIX_ENTRY_POINT,0,0,0.25,"measured_pass_at_k(n=2,k=8)",
opencodeinstruct-28c2c6002e5d,ut_function,,en,excluded,excluded,TOO_EASY,PROMPT_FIX_ENTRY_POINT,0,0,0.5,"measured_pass_at_k(n=2,k=8)",1.0
opencodeinstruct-8cadb5335e17,ut_function,,en,excluded,excluded,TOO_EASY,PROMPT_FIX_ENTRY_POINT,0,0,0.5,"measured_pass_at_k(n=2,k=8)",1.0
opencodeinstruct-a27ca194a8b9,ut_function,,en,excluded,excluded,TOO_EASY,PROMPT_FIX_ENTRY_POINT,0,0,0.25,"measured_pass_at_k(n=2,k=8)",1.0
kodcode-7ec3462a73bd,ut_pytest,,en,test,ok,,PROMPT_FIX_ENTRY_POINT,0,0,0.75,"measured_pass_at_k(n=2,k=8)",
kodcode-f148e03f1130,ut_pytest,,en,train,ok,,PROMPT_FIX_ENTRY_POINT,0,0,0.25,"measured_pass_at_k(n=2,k=8)",0.125
kodcode-4ca6117301e3,ut_pytest,,en,train,ok,,PROMPT_FIX_ENTRY_POINT,0,0,0.25,"measured_pass_at_k(n=2,k=8)",0.875
opencodeinstruct-793509dbb87f,ut_function,,en,test,ok,,PROMPT_FIX_ENTRY_POINT,0,0,0.75,"measured_pass_at_k(n=2,k=8)",
kodcode-711cc4cb7ea3,ut_pytest,,en,excluded,excluded,TOO_EASY,PROMPT_FIX_ENTRY_POINT,0,0,0.5,"measured_pass_at_k(n=2,k=8)",1.0
opencodeinstruct-5ebab4a0169d,ut_function,,en,train,ok,,PROMPT_FIX_ENTRY_POINT,0,0,0.25,"measured_pass_at_k(n=2,k=8)",0.375
kodcode-804f7f80af76,ut_pytest,,en,train,ok,,PROMPT_FIX_ENTRY_POINT,0,0,0.5,"measured_pass_at_k(n=2,k=8)",0.125
kodcode-22f53fe96b65,ut_pytest,,en,train,ok,,PROMPT_FIX_ENTRY_POINT,0,0,0.75,"measured_pass_at_k(n=2,k=8)",0.5
opencodeinstruct-6d2af4d4b8f0,ut_function,,en,excluded,excluded,TOO_EASY,PROMPT_FIX_ENTRY_POINT,0,0,0.5,"measured_pass_at_k(n=2,k=8)",1.0
kodcode-1db1f9091169,ut_pytest,,en,excluded,excluded,TOO_EASY,PROMPT_FIX_ENTRY_POINT,0,0,0.5,"measured_pass_at_k(n=2,k=8)",1.0
kodcode-8d4f20f649c1,ut_pytest,,en,excluded,excluded,TOO_EASY,PROMPT_FIX_ENTRY_POINT,0,0,0.5,"measured_pass_at_k(n=2,k=8)",1.0
kodcode-026661396917,ut_pytest,,en,excluded,excluded,TOO_EASY,PROMPT_FIX_ENTRY_POINT,0,0,0.75,"measured_pass_at_k(n=2,k=8)",1.0
kodcode-e8f8060c01d4,ut_pytest,,en,excluded,excluded,TOO_HARD,PROMPT_FIX_ENTRY_POINT,0,0,0.75,"measured_pass_at_k(n=2,k=8)",0.0
kodcode-d6407b8b88e8,ut_pytest,,en,excluded,excluded,TOO_EASY,PROMPT_FIX_ENTRY_POINT,0,0,0.25,"measured_pass_at_k(n=2,k=8)",1.0
kodcode-4a6bbdae1d7b,ut_pytest,,en,test,ok,,PROMPT_FIX_ENTRY_POINT,0,0,0.75,"measured_pass_at_k(n=2,k=8)",
kodcode-f642adfd03a0,ut_pytest,,en,train,ok,,PROMPT_FIX_ENTRY_POINT,0,0,0.25,"measured_pass_at_k(n=1,k=4)",0.875
kodcode-671cbc788400,ut_pytest,,en,excluded,excluded,TOO_EASY,PROMPT_FIX_ENTRY_POINT,0,0,0.75,"measured_pass_at_k(n=2,k=8)",1.0
kodcode-c337650caf8d,ut_pytest,,en,train,ok,,PROMPT_FIX_ENTRY_POINT,0,0,0.25,"measured_pass_at_k(n=2,k=16)",0.5
kodcode-d156ae091d7d,ut_pytest,,en,excluded,excluded,TOO_EASY,PROMPT_FIX_ENTRY_POINT,0,0,0.25,"measured_pass_at_k(n=1,k=4)",1.0
kodcode-b8137fb50e48,ut_pytest,,en,excluded,excluded,TOO_EASY,PROMPT_FIX_ENTRY_POINT,0,0,0.5,"measured_pass_at_k(n=1,k=8)",1.0
kodcode-6dfb2ba9973c,ut_pytest,,en,excluded,excluded,TOO_EASY,PROMPT_FIX_ENTRY_POINT,0,0,0.25,"measured_pass_at_k(n=1,k=4)",1.0
ko-native-cf9ecade9cf9,ut_function,,ko,train,ok,,PROMPT_FIX_ENTRY_POINT,0,0,0.5,"measured_pass_at_k(n=1,k=4)",0.625
opencodeinstruct-59d4ae69f3d9,ut_function,,en,excluded,excluded,TOO_EASY,PROMPT_FIX_ENTRY_POINT,0,0,0.25,"measured_pass_at_k(n=2,k=8)",1.0
opencodeinstruct-853423cf24d1,ut_function,,en,train,ok,,PROMPT_FIX_ENTRY_POINT,0,0,0.25,"measured_pass_at_k(n=1,k=4)",0.875
opencodeinstruct-5defaf560d8d,ut_function,,en,excluded,excluded,TOO_EASY,PROMPT_FIX_ENTRY_POINT,0,0,0.25,"measured_pass_at_k(n=1,k=4)",1.0
opencodeinstruct-9be798b6579f,ut_function,,en,excluded,excluded,TOO_HARD,PROMPT_FIX_ENTRY_POINT,0,0,0.25,"measured_pass_at_k(n=2,k=8)",0.0
opencodeinstruct-3907e6cefb68,ut_function,,en,train,ok,,PROMPT_FIX_ENTRY_POINT,0,0,0.25,"measured_pass_at_k(n=1,k=8)",0.375
opencodeinstruct-65a168103174,ut_function,,en,excluded,excluded,TOO_EASY,PROMPT_FIX_ENTRY_POINT,0,0,0.75,"measured_pass_at_k(n=1,k=4)",1.0
opencodeinstruct-1c554e91ff04,ut_function,,en,validation,ok,,PROMPT_FIX_ENTRY_POINT,0,0,0.25,"measured_pass_at_k(n=2,k=16)",
opencodeinstruct-bda167ae6637,ut_function,,en,train,ok,,PROMPT_FIX_ENTRY_POINT,0,0,0.25,"measured_pass_at_k(n=2,k=8)",0.625
opencodeinstruct-6d1decfd754e,ut_function,,en,train,ok,,PROMPT_FIX_ENTRY_POINT,0,0,0.25,"measured_pass_at_k(n=1,k=4)",0.5
opencodeinstruct-8a32def6fe55,ut_function,,en,validation,ok,,PROMPT_FIX_ENTRY_POINT,0,0,0.5,"measured_pass_at_k(n=2,k=8)",
opencodeinstruct-84420c213635,ut_function,,en,excluded,excluded,TOO_EASY,PROMPT_FIX_ENTRY_POINT,0,0,0.5,"measured_pass_at_k(n=2,k=8)",1.0
opencodeinstruct-64ca40f1ebee,ut_function,,en,excluded,excluded,TOO_EASY,PROMPT_FIX_ENTRY_POINT,0,0,0.5,"measured_pass_at_k(n=2,k=8)",1.0
opencodeinstruct-6a692ba200e4,ut_function,,en,excluded,excluded,TOO_EASY,PROMPT_FIX_ENTRY_POINT,0,0,0.75,"measured_pass_at_k(n=1,k=4)",1.0
opencodeinstruct-19c6b7942d77,ut_function,,en,excluded,excluded,TOO_EASY,PROMPT_FIX_ENTRY_POINT,0,0,0.75,"measured_pass_at_k(n=2,k=8)",1.0
opencodeinstruct-7e571325ccae,ut_function,,en,excluded,excluded,TOO_EASY,PROMPT_FIX_ENTRY_POINT,0,0,0.25,"measured_pass_at_k(n=2,k=8)",1.0
opencodeinstruct-ec5f7354b791,ut_function,,en,test,ok,,PROMPT_FIX_ENTRY_POINT,0,0,0.75,"measured_pass_at_k(n=1,k=4)",
opencodeinstruct-6b63e100d179,ut_function,,en,validation,ok,,PROMPT_FIX_ENTRY_POINT,0,0,0.75,"measured_pass_at_k(n=2,k=16)",
opencodeinstruct-c1389d51659c,ut_function,,en,excluded,excluded,TOO_EASY,PROMPT_FIX_ENTRY_POINT,0,0,0.5,"measured_pass_at_k(n=2,k=8)",1.0
opencodeinstruct-6ce3e04c40d4,ut_function,,en,train,ok,,PROMPT_FIX_ENTRY_POINT,0,0,0.5,"measured_pass_at_k(n=1,k=4)",0.625
opencodeinstruct-15b6e258ffcf,ut_function,,en,test,ok,,PROMPT_FIX_ENTRY_POINT,0,0,0.5,"measured_pass_at_k(n=1,k=4)",
opencodeinstruct-c05dd70e9535,ut_function,,en,excluded,excluded,TOO_EASY,PROMPT_FIX_ENTRY_POINT,0,0,0.25,"measured_pass_at_k(n=2,k=16)",1.0
opencodeinstruct-c70b96ad8442,ut_function,,en,train,ok,,PROMPT_FIX_ENTRY_POINT,0,0,0.5,"measured_pass_at_k(n=2,k=8)",0.875
opencodeinstruct-192f41d0310d,ut_function,,en,excluded,excluded,TOO_EASY,PROMPT_FIX_ENTRY_POINT,0,0,0.5,"measured_pass_at_k(n=2,k=8)",1.0
opencodeinstruct-b6c81c7b495b,ut_function,,en,excluded,excluded,TOO_EASY,PROMPT_FIX_ENTRY_POINT,0,0,0.25,"measured_pass_at_k(n=2,k=8)",1.0
opencodeinstruct-2697a275005b,ut_function,,en,train,ok,,HARD_BUT_PARTIAL_SIGNAL;PROMPT_FIX_ENTRY_POINT,0,0,0.25,"measured_pass_at_k(n=2,k=8)",0.0
opencodeinstruct-823b6506425a,ut_function,,en,excluded,excluded,TOO_EASY,PROMPT_FIX_ENTRY_POINT,0,0,0.25,"measured_pass_at_k(n=2,k=16)",1.0
opencodeinstruct-8962bd334995,ut_function,,en,validation,ok,,PROMPT_FIX_ENTRY_POINT,0,0,0.25,"measured_pass_at_k(n=2,k=8)",
opencodeinstruct-4dba1e992bd7,ut_function,,en,validation,ok,,PROMPT_FIX_ENTRY_POINT,0,0,0.5,"measured_pass_at_k(n=1,k=4)",
opencodeinstruct-da3ef0f1337a,ut_function,,en,validation,ok,,PROMPT_FIX_ENTRY_POINT,0,0,0.5,"measured_pass_at_k(n=2,k=8)",
opencodeinstruct-7393e6e3d1ff,ut_function,,en,excluded,excluded,TOO_EASY,PROMPT_FIX_ENTRY_POINT,0,0,0.375,"measured_pass_at_k(n=2,k=16)",1.0
opencodeinstruct-9759c30ba8f7,ut_function,,en,excluded,excluded,TOO_EASY,PROMPT_FIX_ENTRY_POINT,0,0,0.25,"measured_pass_at_k(n=2,k=16)",1.0
kodcode-c31a3e7bb28b,ut_pytest,,en,excluded,excluded,TOO_EASY,PROMPT_FIX_ENTRY_POINT,0,0,0.25,"measured_pass_at_k(n=1,k=4)",1.0
kodcode-0c9509247586,ut_pytest,,en,excluded,excluded,TOO_EASY,PROMPT_FIX_ENTRY_POINT,0,0,0.75,"measured_pass_at_k(n=2,k=8)",1.0
opencodeinstruct-deb61bf18992,ut_function,,en,excluded,excluded,TOO_EASY,PROMPT_FIX_ENTRY_POINT,0,0,0.75,"measured_pass_at_k(n=2,k=8)",1.0
kodcode-62d1ad7e96e3,ut_pytest,,en,train,ok,,PROMPT_FIX_ENTRY_POINT,0,0,0.25,"measured_pass_at_k(n=1,k=4)",0.375
kodcode-5b86be19a726,ut_pytest,,en,excluded,excluded,TOO_HARD,PROMPT_FIX_ENTRY_POINT,0,0,0.5,"measured_pass_at_k(n=2,k=8)",0.0
opencodeinstruct-aca7358cf2c4,ut_function,,en,excluded,excluded,TOO_HARD,PROMPT_FIX_ENTRY_POINT,0,0,0.25,"measured_pass_at_k(n=2,k=8)",0.0
kodcode-4f51ff3f1792,ut_pytest,,en,train,ok,,PROMPT_FIX_ENTRY_POINT,0,0,0.5,"measured_pass_at_k(n=2,k=8)",0.5
kodcode-548d87c3aeea,ut_pytest,,en,excluded,excluded,TOO_EASY,PROMPT_FIX_ENTRY_POINT,0,0,0.75,"measured_pass_at_k(n=2,k=8)",1.0
kodcode-b7f5aab9c285,ut_pytest,,en,excluded,excluded,TOO_EASY,PROMPT_FIX_ENTRY_POINT,0,0,0.5,"measured_pass_at_k(n=1,k=4)",1.0
kodcode-296c4463fc85,ut_pytest,,en,test,ok,,PROMPT_FIX_ENTRY_POINT,0,0,0.25,"measured_pass_at_k(n=1,k=4)",
kodcode-14eaaf4b4efa,ut_pytest,,en,excluded,excluded,TOO_HARD,PROMPT_FIX_ENTRY_POINT,0,0,0.25,"measured_pass_at_k(n=2,k=8)",0.0
kodcode-a063bf72d779,ut_pytest,,en,validation,ok,,PROMPT_FIX_ENTRY_POINT,0,0,0.25,"measured_pass_at_k(n=2,k=8)",
kodcode-d81e02936ca7,ut_pytest,,en,train,ok,,PROMPT_FIX_ENTRY_POINT,0,0,0.5,"measured_pass_at_k(n=1,k=4)",0.25
kodcode-1f2f9019c8db,ut_pytest,,en,test,ok,,PROMPT_FIX_ENTRY_POINT,0,0,0.25,"measured_pass_at_k(n=2,k=8)",
kodcode-ff9ebf41424e,ut_pytest,,en,train,ok,,HARD_BUT_PARTIAL_SIGNAL;PROMPT_FIX_ENTRY_POINT,0,0,0.25,"measured_pass_at_k(n=2,k=8)",0.0
kodcode-b7001fa400f2,ut_pytest,,en,train,ok,,PROMPT_FIX_ENTRY_POINT,0,0,0.5,"measured_pass_at_k(n=1,k=4)",0.875
kodcode-0551bf3fd3d0,ut_pytest,,en,train,ok,,PROMPT_FIX_ENTRY_POINT,0,0,0.25,"measured_pass_at_k(n=2,k=8)",0.25
kodcode-1e9c2d6f5646,ut_pytest,,en,excluded,excluded,TOO_EASY,PROMPT_FIX_ENTRY_POINT,0,0,0.5,"measured_pass_at_k(n=2,k=8)",1.0
kodcode-5f303247290f,ut_pytest,,en,excluded,excluded,TOO_EASY,PROMPT_FIX_ENTRY_POINT,0,0,0.25,"measured_pass_at_k(n=1,k=4)",1.0
kodcode-56f646617818,ut_pytest,,en,excluded,excluded,TOO_EASY,PROMPT_FIX_ENTRY_POINT,0,0,0.5,"measured_pass_at_k(n=2,k=8)",1.0
kodcode-411ad61263af,ut_pytest,,en,train,ok,,PROMPT_FIX_ENTRY_POINT,0,0,0.5,"measured_pass_at_k(n=2,k=8)",0.875
kodcode-32ece3824d07,ut_pytest,,en,validation,ok,,PROMPT_FIX_ENTRY_POINT,0,0,0.5,"measured_pass_at_k(n=2,k=8)",
kodcode-b6a5af7918ba,ut_pytest,,en,excluded,excluded,TOO_EASY,PROMPT_FIX_ENTRY_POINT,0,0,0.25,"measured_pass_at_k(n=1,k=8)",1.0
kodcode-0f55a10102b1,ut_pytest,,en,excluded,excluded,TOO_EASY,PROMPT_FIX_ENTRY_POINT,0,0,0.25,"measured_pass_at_k(n=1,k=4)",1.0
kodcode-d0f570a87bae,ut_pytest,,en,excluded,excluded,TOO_EASY,PROMPT_FIX_ENTRY_POINT,0,0,0.5,"measured_pass_at_k(n=1,k=4)",1.0
opencodeinstruct-4a88970734d0,ut_function,,en,excluded,excluded,TOO_HARD,PROMPT_FIX_ENTRY_POINT,0,0,0.5,"measured_pass_at_k(n=2,k=8)",0.0
kodcode-0bc8d558a55a,ut_pytest,,en,test,ok,,PROMPT_FIX_ENTRY_POINT,0,0,0.5,"measured_pass_at_k(n=2,k=16)",
kodcode-0c0a441fbfcc,ut_pytest,,en,train,ok,,HARD_BUT_PARTIAL_SIGNAL;PROMPT_FIX_ENTRY_POINT,0,0,0.25,"measured_pass_at_k(n=2,k=16)",0.0
kodcode-aee25d27c90f,ut_pytest,,en,train,ok,,HARD_BUT_PARTIAL_SIGNAL;PROMPT_FIX_ENTRY_POINT,0,0,0.25,"measured_pass_at_k(n=2,k=8)",0.0
kodcode-4cad885cc98b,ut_pytest,,en,excluded,excluded,TOO_EASY,PROMPT_FIX_ENTRY_POINT,0,0,0.25,"measured_pass_at_k(n=1,k=4)",1.0
kodcode-e594edc11e5a,ut_pytest,,en,excluded,excluded,TOO_HARD,PROMPT_FIX_ENTRY_POINT,0,0,0.5,"measured_pass_at_k(n=2,k=8)",0.0
kodcode-1aa974aeeaab,ut_pytest,,en,excluded,excluded,TOO_EASY,PROMPT_FIX_ENTRY_POINT,0,0,0.75,"measured_pass_at_k(n=2,k=8)",1.0
ko-native-8fa8f0637e68,ut_function,,ko,excluded,excluded,TOO_EASY,PROMPT_FIX_ENTRY_POINT,0,0,0.75,"measured_pass_at_k(n=1,k=4)",1.0
ko-native-4b4ef56bdd49,ut_function,,ko,train,ok,,PROMPT_FIX_ENTRY_POINT,0,0,0.375,"measured_pass_at_k(n=1,k=8)",0.625
opencodeinstruct-dc77964f50de,ut_function,,en,excluded,excluded,TOO_HARD,PROMPT_FIX_ENTRY_POINT,0,0,0.25,"measured_pass_at_k(n=1,k=4)",0.0
opencodeinstruct-9124ad884fc1,ut_function,,en,excluded,excluded,TOO_EASY,PROMPT_FIX_ENTRY_POINT,0,0,0.25,"measured_pass_at_k(n=1,k=4)",1.0
opencodeinstruct-866a176566c5,ut_function,,en,train,ok,,PROMPT_FIX_ENTRY_POINT,0,0,0.5,"measured_pass_at_k(n=2,k=8)",0.125
opencodeinstruct-ca8b2d85b79d,ut_function,,en,excluded,excluded,TOO_EASY,PROMPT_FIX_ENTRY_POINT,0,0,0.75,"measured_pass_at_k(n=1,k=4)",1.0
opencodeinstruct-d543acd634fa,ut_function,,en,train,ok,,HARD_BUT_PARTIAL_SIGNAL;PROMPT_FIX_ENTRY_POINT,0,0,0.25,"measured_pass_at_k(n=1,k=4)",0.0
opencodeinstruct-2decd4063c47,ut_function,,en,test,ok,,PROMPT_FIX_ENTRY_POINT,0,0,0.5,"measured_pass_at_k(n=1,k=4)",
opencodeinstruct-766d73954b90,ut_function,,en,validation,ok,,PROMPT_FIX_ENTRY_POINT,0,0,0.25,"measured_pass_at_k(n=1,k=4)",
opencodeinstruct-1bd5dfd76d14,ut_function,,en,excluded,excluded,TOO_EASY,PROMPT_FIX_ENTRY_POINT,0,0,0.5,"measured_pass_at_k(n=1,k=4)",1.0
opencodeinstruct-3c827fa58443,ut_function,,en,excluded,excluded,TOO_HARD,PROMPT_FIX_ENTRY_POINT,0,0,0.25,"measured_pass_at_k(n=1,k=4)",0.0
opencodeinstruct-1a8acdc6ee99,ut_function,,en,train,ok,,PROMPT_FIX_ENTRY_POINT,0,0,0.75,"measured_pass_at_k(n=1,k=4)",0.75
opencodeinstruct-582b6acc952b,ut_function,,en,validation,ok,,PROMPT_FIX_ENTRY_POINT,0,0,0.5,"measured_pass_at_k(n=1,k=4)",
opencodeinstruct-e212634e32ed,ut_function,,en,excluded,excluded,TOO_EASY,PROMPT_FIX_ENTRY_POINT,0,0,0.25,"measured_pass_at_k(n=2,k=8)",1.0
opencodeinstruct-f986b99485b6,ut_function,,en,excluded,excluded,TOO_HARD,PROMPT_FIX_ENTRY_POINT,0,0,0.75,"measured_pass_at_k(n=1,k=4)",0.0
opencodeinstruct-a2e9142fd23d,ut_function,,en,train,ok,,PROMPT_FIX_ENTRY_POINT,0,0,0.5,"measured_pass_at_k(n=2,k=8)",0.125
opencodeinstruct-73156db0286b,ut_function,,en,excluded,excluded,TOO_EASY,PROMPT_FIX_ENTRY_POINT,0,0,0.75,"measured_pass_at_k(n=2,k=8)",1.0
opencodeinstruct-802c7b5fec3d,ut_function,,en,excluded,excluded,TOO_HARD,PROMPT_FIX_ENTRY_POINT,0,0,0.25,"measured_pass_at_k(n=1,k=4)",0.0
opencodeinstruct-7211c74bbc8e,ut_function,,en,excluded,excluded,TOO_EASY,PROMPT_FIX_ENTRY_POINT,0,0,0.25,"measured_pass_at_k(n=2,k=8)",1.0
opencodeinstruct-1994305e3026,ut_function,,en,test,ok,,PROMPT_FIX_ENTRY_POINT,0,0,0.25,"measured_pass_at_k(n=1,k=4)",
opencodeinstruct-b207195a1ac5,ut_function,,en,test,ok,,PROMPT_FIX_ENTRY_POINT,0,0,0.25,"measured_pass_at_k(n=1,k=4)",
opencodeinstruct-4a7fdf2582f9,ut_function,,en,test,ok,,PROMPT_FIX_ENTRY_POINT,0,0,0.5,"measured_pass_at_k(n=1,k=8)",
opencodeinstruct-1df6c368e2ea,ut_function,,en,excluded,excluded,TOO_EASY,PROMPT_FIX_ENTRY_POINT,0,0,0.5,"measured_pass_at_k(n=2,k=8)",1.0
opencodeinstruct-0e909fb8f92e,ut_function,,en,excluded,excluded,TOO_EASY,PROMPT_FIX_ENTRY_POINT,0,0,0.75,"measured_pass_at_k(n=2,k=8)",1.0
opencodeinstruct-3970eefbbeee,ut_function,,en,excluded,excluded,TOO_EASY,PROMPT_FIX_ENTRY_POINT,0,0,0.375,"measured_pass_at_k(n=1,k=8)",1.0
kodcode-bf2dacc36941,ut_pytest,,en,excluded,excluded,TOO_EASY,PROMPT_FIX_ENTRY_POINT,0,0,0.75,"measured_pass_at_k(n=2,k=8)",1.0
kodcode-1eeba34e3cab,ut_pytest,,en,excluded,excluded,TOO_EASY,PROMPT_FIX_ENTRY_POINT,0,0,0.25,"measured_pass_at_k(n=2,k=8)",1.0
kodcode-c6d9bd899cbc,ut_pytest,,en,excluded,excluded,TOO_EASY,PROMPT_FIX_ENTRY_POINT,0,0,0.75,"measured_pass_at_k(n=1,k=4)",1.0
kodcode-e37439938688,ut_pytest,,en,excluded,excluded,TOO_EASY,PROMPT_FIX_ENTRY_POINT,0,0,0.25,"measured_pass_at_k(n=1,k=4)",1.0
opencodeinstruct-91250d0b5b67,ut_function,,en,excluded,excluded,TOO_EASY,PROMPT_FIX_ENTRY_POINT,0,0,0.75,"measured_pass_at_k(n=2,k=8)",1.0
kodcode-77365ca61da7,ut_pytest,,en,train,ok,,PROMPT_FIX_ENTRY_POINT,0,0,0.5,"measured_pass_at_k(n=2,k=8)",0.25
opencodeinstruct-8f062cd862ab,ut_function,,en,excluded,excluded,TOO_EASY,PROMPT_FIX_ENTRY_POINT,0,0,0.25,"measured_pass_at_k(n=2,k=8)",1.0
opencodeinstruct-b22f648fb073,ut_function,,en,excluded,excluded,TOO_EASY,PROMPT_FIX_ENTRY_POINT,0,0,0.25,"measured_pass_at_k(n=1,k=4)",1.0
kodcode-47bcba4e2339,ut_pytest,,en,excluded,excluded,TOO_EASY,PROMPT_FIX_ENTRY_POINT,0,0,0.375,"measured_pass_at_k(n=1,k=8)",1.0
kodcode-7c5ddd9138c8,ut_pytest,,en,excluded,excluded,TOO_EASY,PROMPT_FIX_ENTRY_POINT,0,0,0.5,"measured_pass_at_k(n=2,k=8)",1.0
kodcode-f68cd4a57a21,ut_pytest,,en,train,ok,,HARD_BUT_PARTIAL_SIGNAL;PROMPT_FIX_ENTRY_POINT,0,0,0.75,"measured_pass_at_k(n=1,k=4)",0.0
kodcode-89f08bbfe454,ut_pytest,,en,excluded,excluded,TOO_EASY,PROMPT_FIX_ENTRY_POINT,0,0,0.5,"measured_pass_at_k(n=1,k=4)",1.0
kodcode-952b80a63c37,ut_pytest,,en,excluded,excluded,TOO_EASY,PROMPT_FIX_ENTRY_POINT,0,0,0.25,"measured_pass_at_k(n=1,k=4)",1.0
opencodeinstruct-caa6fa8cd8c9,ut_function,,en,excluded,excluded,TOO_EASY,PROMPT_FIX_ENTRY_POINT,0,0,0.5,"measured_pass_at_k(n=2,k=8)",1.0
kodcode-572ff6603b7f,ut_pytest,,en,excluded,excluded,TOO_EASY,PROMPT_FIX_ENTRY_POINT,0,0,0.25,"measured_pass_at_k(n=1,k=4)",1.0
kodcode-be12f3fe76fb,ut_pytest,,en,test,ok,,PROMPT_FIX_ENTRY_POINT,0,0,0.25,"measured_pass_at_k(n=1,k=4)",
kodcode-9f2086a439cf,ut_pytest,,en,train,ok,,PROMPT_FIX_ENTRY_POINT,0,0,0.25,"measured_pass_at_k(n=1,k=4)",0.625
kodcode-bea255bb7a32,ut_pytest,,en,train,ok,,PROMPT_FIX_ENTRY_POINT,0,0,0.5,"measured_pass_at_k(n=2,k=8)",0.875
kodcode-aa891b8b51b1,ut_pytest,,en,train,ok,,PROMPT_FIX_ENTRY_POINT,0,0,0.25,"measured_pass_at_k(n=1,k=4)",0.875
kodcode-220fd9bfbbd8,ut_pytest,,en,excluded,excluded,TOO_EASY,PROMPT_FIX_ENTRY_POINT,0,0,0.75,"measured_pass_at_k(n=1,k=4)",1.0
kodcode-90560f8bdd98,ut_pytest,,en,train,ok,,PROMPT_FIX_ENTRY_POINT,0,0,0.25,"measured_pass_at_k(n=2,k=16)",0.5
kodcode-567d8ff11a92,ut_pytest,,en,excluded,excluded,TOO_EASY,PROMPT_FIX_ENTRY_POINT,0,0,0.25,"measured_pass_at_k(n=1,k=4)",1.0
kodcode-03f4c8bb6299,ut_pytest,,en,train,ok,,HARD_BUT_PARTIAL_SIGNAL;PROMPT_FIX_ENTRY_POINT,0,0,0.25,"measured_pass_at_k(n=2,k=8)",0.0
kodcode-56cfff2ca602,ut_pytest,,en,excluded,excluded,TOO_EASY,PROMPT_FIX_ENTRY_POINT,0,0,0.25,"measured_pass_at_k(n=1,k=4)",1.0
kodcode-612fb6daa8ae,ut_pytest,,en,train,ok,,PROMPT_FIX_ENTRY_POINT,0,0,0.5,"measured_pass_at_k(n=2,k=8)",0.375
kodcode-053d04841e6c,ut_pytest,,en,excluded,excluded,TOO_EASY,PROMPT_FIX_ENTRY_POINT,0,0,0.5,"measured_pass_at_k(n=1,k=4)",1.0
kodcode-fe75ee00431b,ut_pytest,,en,train,ok,,PROMPT_FIX_ENTRY_POINT,0,0,0.5,"measured_pass_at_k(n=1,k=4)",0.25
kodcode-93b6e67872c0,ut_pytest,,en,train,ok,,HARD_BUT_PARTIAL_SIGNAL;PROMPT_FIX_ENTRY_POINT,0,0,0.5,"measured_pass_at_k(n=2,k=8)",0.0
kodcode-3330f5e0114d,ut_pytest,,en,train,ok,,PROMPT_FIX_ENTRY_POINT,0,0,0.5,"measured_pass_at_k(n=2,k=8)",0.625
opencodeinstruct-4af7191a5139,ut_function,,en,excluded,excluded,TOO_EASY,PROMPT_FIX_ENTRY_POINT,0,0,0.25,"measured_pass_at_k(n=1,k=4)",1.0
ko-native-294de5a541cb,ut_function,,ko,train,ok,,PROMPT_FIX_ENTRY_POINT,0,0,0.75,"measured_pass_at_k(n=1,k=4)",0.375
opencodeinstruct-62269a1d7b61,ut_function,,en,train,ok,,PROMPT_FIX_ENTRY_POINT,0,0,0.5,"measured_pass_at_k(n=1,k=4)",0.125
opencodeinstruct-acd52ccc641a,ut_function,,en,excluded,excluded,TOO_EASY,PROMPT_FIX_ENTRY_POINT,0,0,0.5,"measured_pass_at_k(n=2,k=8)",1.0
opencodeinstruct-67355225653d,ut_function,,en,train,ok,,PROMPT_FIX_ENTRY_POINT,0,0,0.75,"measured_pass_at_k(n=1,k=4)",0.875
opencodeinstruct-f1b20a307299,ut_function,,en,test,ok,,PROMPT_FIX_ENTRY_POINT,0,0,0.25,"measured_pass_at_k(n=2,k=8)",
opencodeinstruct-037376c851e8,ut_function,,en,validation,ok,,PROMPT_FIX_ENTRY_POINT,0,0,0.75,"measured_pass_at_k(n=2,k=8)",
opencodeinstruct-bbc91bf8e2cf,ut_function,,en,excluded,excluded,TOO_HARD,PROMPT_FIX_ENTRY_POINT,0,0,0.25,"measured_pass_at_k(n=2,k=8)",0.0
opencodeinstruct-0f7aff6dcb1f,ut_function,,en,train,ok,,PROMPT_FIX_ENTRY_POINT,0,0,0.75,"measured_pass_at_k(n=2,k=8)",0.125
opencodeinstruct-793c2c21f6f3,ut_function,,en,test,ok,,PROMPT_FIX_ENTRY_POINT,0,0,0.375,"measured_pass_at_k(n=1,k=8)",
opencodeinstruct-992792953f1c,ut_function,,en,train,ok,,PROMPT_FIX_ENTRY_POINT,0,0,0.5,"measured_pass_at_k(n=1,k=4)",0.875
opencodeinstruct-a9b789e97b50,ut_function,,en,excluded,excluded,TOO_EASY,PROMPT_FIX_ENTRY_POINT,0,0,0.25,"measured_pass_at_k(n=1,k=4)",1.0
opencodeinstruct-79342dd0fb28,ut_function,,en,excluded,excluded,TOO_EASY,PROMPT_FIX_ENTRY_POINT,0,0,0.75,"measured_pass_at_k(n=1,k=4)",1.0
opencodeinstruct-f2c1c5ce717e,ut_function,,en,excluded,excluded,TOO_EASY,PROMPT_FIX_ENTRY_POINT,0,0,0.25,"measured_pass_at_k(n=1,k=4)",1.0
opencodeinstruct-5c26d32910b1,ut_function,,en,excluded,excluded,TOO_EASY,PROMPT_FIX_ENTRY_POINT,0,0,0.25,"measured_pass_at_k(n=2,k=16)",1.0
opencodeinstruct-0958556b04a9,ut_function,,en,train,ok,,HARD_BUT_PARTIAL_SIGNAL;PROMPT_FIX_ENTRY_POINT,0,0,0.75,"measured_pass_at_k(n=2,k=8)",0.0
opencodeinstruct-71745973b543,ut_function,,en,excluded,excluded,TOO_EASY,PROMPT_FIX_ENTRY_POINT,0,0,0.25,"measured_pass_at_k(n=2,k=8)",1.0
opencodeinstruct-9e0c9c07eb59,ut_function,,en,train,ok,,PROMPT_FIX_ENTRY_POINT,0,0,0.25,"measured_pass_at_k(n=1,k=8)",0.125
opencodeinstruct-e2e4dfceedca,ut_function,,en,excluded,excluded,TOO_EASY,PROMPT_FIX_ENTRY_POINT,0,0,0.25,"measured_pass_at_k(n=1,k=8)",1.0
opencodeinstruct-6165cf1a7f48,ut_function,,en,excluded,excluded,TOO_EASY,PROMPT_FIX_ENTRY_POINT,0,0,0.25,"measured_pass_at_k(n=1,k=4)",1.0
opencodeinstruct-57c5804375bf,ut_function,,en,validation,ok,,PROMPT_FIX_ENTRY_POINT,0,0,0.25,"measured_pass_at_k(n=1,k=4)",
opencodeinstruct-eabca2e7baac,ut_function,,en,train,ok,,PROMPT_FIX_ENTRY_POINT,0,0,0.25,"measured_pass_at_k(n=2,k=16)",0.625
opencodeinstruct-56ecf3b3a0ee,ut_function,,en,excluded,excluded,TOO_EASY,PROMPT_FIX_ENTRY_POINT,0,0,0.25,"measured_pass_at_k(n=2,k=8)",1.0
opencodeinstruct-53a760db1043,ut_function,,en,train,ok,,PROMPT_FIX_ENTRY_POINT,0,0,0.5,"measured_pass_at_k(n=2,k=8)",0.25
opencodeinstruct-e0f014cd6f72,ut_function,,en,excluded,excluded,TOO_EASY,PROMPT_FIX_ENTRY_POINT,0,0,0.5,"measured_pass_at_k(n=2,k=8)",1.0
opencodeinstruct-d161365eaf4f,ut_function,,en,train,ok,,PROMPT_FIX_ENTRY_POINT,0,0,0.5,"measured_pass_at_k(n=1,k=4)",0.75
opencodeinstruct-0e5fcccbba5c,ut_function,,en,excluded,excluded,TOO_EASY,PROMPT_FIX_ENTRY_POINT,0,0,0.5,"measured_pass_at_k(n=1,k=4)",1.0
opencodeinstruct-0d31dd1c3661,ut_function,,en,excluded,excluded,TOO_EASY,PROMPT_FIX_ENTRY_POINT,0,0,0.5,"measured_pass_at_k(n=2,k=16)",1.0
opencodeinstruct-01f3c330b2ab,ut_function,,en,validation,ok,,PROMPT_FIX_ENTRY_POINT,0,0,0.25,"measured_pass_at_k(n=1,k=4)",
opencodeinstruct-6ec20e85a956,ut_function,,en,excluded,excluded,TOO_EASY,PROMPT_FIX_ENTRY_POINT,0,0,0.25,"measured_pass_at_k(n=1,k=4)",1.0
kodcode-7389a4248f6f,ut_pytest,,en,excluded,excluded,TOO_EASY,PROMPT_FIX_ENTRY_POINT,0,0,0.375,"measured_pass_at_k(n=1,k=8)",1.0
kodcode-608c8f77ff16,ut_pytest,,en,excluded,excluded,TOO_EASY,PROMPT_FIX_ENTRY_POINT,0,0,0.25,"measured_pass_at_k(n=1,k=4)",1.0
kodcode-91c019621bab,ut_pytest,,en,excluded,excluded,TOO_EASY,PROMPT_FIX_ENTRY_POINT,0,0,0.5,"measured_pass_at_k(n=1,k=4)",1.0
kodcode-c189835332b0,ut_pytest,,en,train,ok,,PROMPT_FIX_ENTRY_POINT,0,0,0.5,"measured_pass_at_k(n=2,k=8)",0.75
kodcode-5a6710b30847,ut_pytest,,en,train,ok,,PROMPT_FIX_ENTRY_POINT,0,0,0.5,"measured_pass_at_k(n=1,k=4)",0.875
opencodeinstruct-eab7da22daf6,ut_function,,en,excluded,excluded,TOO_EASY,PROMPT_FIX_ENTRY_POINT,0,0,0.25,"measured_pass_at_k(n=2,k=8)",1.0
kodcode-80c4c1808703,ut_pytest,,en,test,ok,,PROMPT_FIX_ENTRY_POINT,0,0,0.5,"measured_pass_at_k(n=2,k=8)",
kodcode-4ab191f3b707,ut_pytest,,en,train,ok,,PROMPT_FIX_ENTRY_POINT,0,0,0.5,"measured_pass_at_k(n=2,k=8)",0.375
kodcode-b0ce802f6833,ut_pytest,,en,excluded,excluded,TOO_EASY,PROMPT_FIX_ENTRY_POINT,0,0,0.5,"measured_pass_at_k(n=2,k=8)",1.0
kodcode-45d03c63b8ae,ut_pytest,,en,train,ok,,PROMPT_FIX_ENTRY_POINT,0,0,0.25,"measured_pass_at_k(n=1,k=4)",0.375
kodcode-276e91e13558,ut_pytest,,en,excluded,excluded,TOO_EASY,PROMPT_FIX_ENTRY_POINT,0,0,0.5,"measured_pass_at_k(n=1,k=4)",1.0
kodcode-52f04486e0d3,ut_pytest,,en,train,ok,,PROMPT_FIX_ENTRY_POINT,0,0,0.25,"measured_pass_at_k(n=1,k=4)",0.25
kodcode-0965abf0c65e,ut_pytest,,en,excluded,excluded,TOO_EASY,PROMPT_FIX_ENTRY_POINT,0,0,0.25,"measured_pass_at_k(n=2,k=8)",1.0
kodcode-bfe63d69e1a0,ut_pytest,,en,excluded,excluded,TOO_EASY,PROMPT_FIX_ENTRY_POINT,0,0,0.5,"measured_pass_at_k(n=2,k=8)",1.0
kodcode-8d614e55adcd,ut_pytest,,en,train,ok,,PROMPT_FIX_ENTRY_POINT,0,0,0.5,"measured_pass_at_k(n=2,k=8)",0.5
kodcode-035a3ac7f4df,ut_pytest,,en,excluded,excluded,TOO_HARD,PROMPT_FIX_ENTRY_POINT,0,0,0.25,"measured_pass_at_k(n=1,k=4)",0.0
kodcode-dedd2a729341,ut_pytest,,en,excluded,excluded,TOO_EASY,PROMPT_FIX_ENTRY_POINT,0,0,0.5,"measured_pass_at_k(n=2,k=8)",1.0
kodcode-52c779b600f5,ut_pytest,,en,excluded,excluded,TOO_HARD,PROMPT_FIX_ENTRY_POINT,0,0,0.5,"measured_pass_at_k(n=2,k=8)",0.0
kodcode-67848227afa9,ut_pytest,,en,excluded,excluded,TOO_HARD,PROMPT_FIX_ENTRY_POINT,0,0,0.25,"measured_pass_at_k(n=1,k=8)",0.0
kodcode-5043ff583049,ut_pytest,,en,train,ok,,PROMPT_FIX_ENTRY_POINT,0,0,0.5,"measured_pass_at_k(n=2,k=8)",0.875
kodcode-056655a848ce,ut_pytest,,en,train,ok,,PROMPT_FIX_ENTRY_POINT,0,0,0.25,"measured_pass_at_k(n=1,k=4)",0.625
kodcode-338b91f4485b,ut_pytest,,en,excluded,excluded,TOO_EASY,PROMPT_FIX_ENTRY_POINT,0,0,0.75,"measured_pass_at_k(n=1,k=4)",1.0
kodcode-196899cd9123,ut_pytest,,en,validation,ok,,PROMPT_FIX_ENTRY_POINT,0,0,0.25,"measured_pass_at_k(n=2,k=8)",
opencodeinstruct-fa979e29e444,ut_function,,en,excluded,excluded,TOO_EASY,PROMPT_FIX_ENTRY_POINT,0,0,0.5,"measured_pass_at_k(n=1,k=4)",1.0
kodcode-16f68a30a84f,ut_pytest,,en,excluded,excluded,TOO_HARD,PROMPT_FIX_ENTRY_POINT,0,0,0.5,"measured_pass_at_k(n=2,k=8)",0.0
kodcode-f08a2a10ad90,ut_pytest,,en,excluded,excluded,TOO_EASY,PROMPT_FIX_ENTRY_POINT,0,0,0.25,"measured_pass_at_k(n=1,k=4)",1.0
kodcode-21563be1b316,ut_pytest,,en,excluded,excluded,TOO_EASY,PROMPT_FIX_ENTRY_POINT,0,0,0.75,"measured_pass_at_k(n=2,k=8)",1.0
kodcode-6699983f9138,ut_pytest,,en,train,ok,,HARD_BUT_PARTIAL_SIGNAL;PROMPT_FIX_ENTRY_POINT,0,0,0.25,"measured_pass_at_k(n=2,k=8)",0.0
kodcode-e3fe4d22e142,ut_pytest,,en,test,ok,,PROMPT_FIX_ENTRY_POINT,0,0,0.75,"measured_pass_at_k(n=2,k=8)",
kodcode-6d6639a364d6,ut_pytest,,en,excluded,excluded,TOO_EASY,PROMPT_FIX_ENTRY_POINT,0,0,0.25,"measured_pass_at_k(n=1,k=4)",1.0
kodcode-4e48b366b5f7,ut_pytest,,en,excluded,excluded,TOO_EASY,PROMPT_FIX_ENTRY_POINT,0,0,0.75,"measured_pass_at_k(n=1,k=4)",1.0
kodcode-d988b3e9b89e,ut_pytest,,en,excluded,excluded,TOO_EASY,PROMPT_FIX_ENTRY_POINT,0,0,0.25,"measured_pass_at_k(n=1,k=4)",1.0
kodcode-74086d8e2abc,ut_pytest,,en,validation,ok,,PROMPT_FIX_ENTRY_POINT,0,0,0.25,"measured_pass_at_k(n=2,k=8)",
kodcode-cafda88829ff,ut_pytest,,en,train,ok,,PROMPT_FIX_ENTRY_POINT,0,0,0.5,"measured_pass_at_k(n=2,k=8)",0.875
ko-native-88c37915a669,ut_function,,ko,train,ok,,PROMPT_FIX_ENTRY_POINT,0,0,0.5,"measured_pass_at_k(n=1,k=4)",0.875
rstar-5a217587fee6,ut_stdio,,en,excluded,excluded,TOO_HARD,no_reference_solution,0,0,0.5,"measured_pass_at_k(n=1,k=4)",0.0
rstar-5b3df4f49b30,ut_stdio,,en,excluded,excluded,TOO_EASY,no_reference_solution,0,0,0.5,"measured_pass_at_k(n=1,k=4)",1.0
rstar-1f5c2d1647c1,ut_stdio,,en,excluded,excluded,TOO_HARD,no_reference_solution,0,0,0.5,"measured_pass_at_k(n=1,k=4)",0.0
rstar-f926db6c15bc,ut_stdio,,en,excluded,excluded,TOO_EASY,no_reference_solution,0,0,0.5,"measured_pass_at_k(n=1,k=4)",1.0
rstar-5732e8231325,ut_stdio,,en,train,ok,,no_reference_solution,0,0,0.5,"measured_pass_at_k(n=2,k=8)",0.375
rstar-3be93104e4c8,ut_stdio,,en,test,ok,,no_reference_solution,0,0,0.5,"measured_pass_at_k(n=1,k=4)",
rstar-85e0741df75b,ut_stdio,,en,excluded,excluded,TOO_EASY,no_reference_solution,0,0,0.25,"measured_pass_at_k(n=1,k=4)",1.0
rstar-fe22ec9beda9,ut_stdio,,en,train,ok,,no_reference_solution,0,0,0.25,"measured_pass_at_k(n=2,k=8)",0.625
rstar-1e427bccd29c,ut_stdio,,en,train,ok,,no_reference_solution,0,0,0.75,"measured_pass_at_k(n=1,k=4)",0.5
rstar-efd301d9a15d,ut_stdio,,en,train,ok,,no_reference_solution,0,0,0.75,"measured_pass_at_k(n=1,k=4)",0.25
rstar-cfaaa50a041a,ut_stdio,,en,excluded,excluded,TOO_EASY,no_reference_solution,0,0,0.75,"measured_pass_at_k(n=1,k=4)",1.0
rstar-b3b410b31fd0,ut_stdio,,en,excluded,excluded,TOO_HARD,no_reference_solution,0,0,0.5,"measured_pass_at_k(n=2,k=8)",0.0
rstar-61b9732cb3e3,ut_stdio,,en,excluded,excluded,TOO_HARD,no_reference_solution,0,0,0.25,"measured_pass_at_k(n=1,k=8)",0.0
rstar-e8bb12bcf286,ut_stdio,,en,train,ok,,no_reference_solution,0,0,0.25,"measured_pass_at_k(n=1,k=4)",0.125
rstar-deecf2221587,ut_stdio,,en,excluded,excluded,TOO_HARD,no_reference_solution,0,0,0.5,"measured_pass_at_k(n=2,k=16)",0.0
rstar-02d52efe542d,ut_stdio,,en,excluded,excluded,TOO_HARD,no_reference_solution,0,0,0.25,"measured_pass_at_k(n=1,k=4)",0.0
rstar-ff737a4dd9da,ut_stdio,,en,excluded,excluded,TOO_EASY,no_reference_solution,0,0,0.5,"measured_pass_at_k(n=2,k=8)",1.0
rstar-69c54b8d802a,ut_stdio,,en,test,ok,,no_reference_solution,0,0,0.5,"measured_pass_at_k(n=2,k=8)",
rstar-cbf79c31e9b1,ut_stdio,,en,train,ok,,no_reference_solution,0,0,0.5,"measured_pass_at_k(n=2,k=8)",0.75
opencodeinstruct-6ef9c746bb84,ut_function,,en,excluded,excluded,TOO_EASY,PROMPT_FIX_ENTRY_POINT,0,0,0.25,"measured_pass_at_k(n=2,k=8)",1.0
opencodeinstruct-400cb30aec4b,ut_function,,en,excluded,excluded,TOO_EASY,PROMPT_FIX_ENTRY_POINT,0,0,0.25,"measured_pass_at_k(n=1,k=4)",1.0
opencodeinstruct-179ef21ebd44,ut_function,,en,excluded,excluded,TOO_EASY,PROMPT_FIX_ENTRY_POINT,0,0,0.25,"measured_pass_at_k(n=2,k=8)",1.0
opencodeinstruct-5b45a8023f3e,ut_function,,en,test,ok,,PROMPT_FIX_ENTRY_POINT,0,0,0.5,"measured_pass_at_k(n=2,k=8)",
opencodeinstruct-43f25cbfcd42,ut_function,,en,validation,ok,,PROMPT_FIX_ENTRY_POINT,0,0,0.5,"measured_pass_at_k(n=1,k=4)",
opencodeinstruct-41f7f353c2b7,ut_function,,en,excluded,excluded,TOO_EASY,PROMPT_FIX_ENTRY_POINT,0,0,0.25,"measured_pass_at_k(n=1,k=4)",1.0
opencodeinstruct-73984791999c,ut_function,,en,excluded,excluded,TOO_HARD,PROMPT_FIX_ENTRY_POINT,0,0,0.25,"measured_pass_at_k(n=2,k=8)",0.0
opencodeinstruct-4d7a3e880446,ut_function,,en,excluded,excluded,TOO_EASY,PROMPT_FIX_ENTRY_POINT,0,0,0.5,"measured_pass_at_k(n=2,k=8)",1.0
opencodeinstruct-57ca90c7a14b,ut_function,,en,test,ok,,PROMPT_FIX_ENTRY_POINT,0,0,0.5,"measured_pass_at_k(n=2,k=8)",
opencodeinstruct-b550c54a499b,ut_function,,en,excluded,excluded,TOO_EASY,PROMPT_FIX_ENTRY_POINT,0,0,0.25,"measured_pass_at_k(n=1,k=4)",1.0
opencodeinstruct-c03f158ade07,ut_function,,en,test,ok,,PROMPT_FIX_ENTRY_POINT,0,0,0.5,"measured_pass_at_k(n=2,k=8)",
opencodeinstruct-5451f81dc1e1,ut_function,,en,excluded,excluded,TOO_EASY,PROMPT_FIX_ENTRY_POINT,0,0,0.75,"measured_pass_at_k(n=2,k=8)",1.0
opencodeinstruct-c64457c6c7b6,ut_function,,en,excluded,excluded,TOO_EASY,PROMPT_FIX_ENTRY_POINT,0,0,0.5,"measured_pass_at_k(n=2,k=8)",1.0
opencodeinstruct-1a648a0d8c8d,ut_function,,en,excluded,excluded,TOO_EASY,PROMPT_FIX_ENTRY_POINT,0,0,0.5,"measured_pass_at_k(n=1,k=4)",1.0
opencodeinstruct-32075ffb68ea,ut_function,,en,excluded,excluded,TOO_EASY,PROMPT_FIX_ENTRY_POINT,0,0,0.25,"measured_pass_at_k(n=2,k=8)",1.0
opencodeinstruct-349768317249,ut_function,,en,excluded,excluded,TOO_EASY,PROMPT_FIX_ENTRY_POINT,0,0,0.5,"measured_pass_at_k(n=2,k=8)",1.0
opencodeinstruct-6fbf74ef226f,ut_function,,en,excluded,excluded,TOO_EASY,PROMPT_FIX_ENTRY_POINT,0,0,0.5,"measured_pass_at_k(n=2,k=8)",1.0
opencodeinstruct-d8fbd24cd8ec,ut_function,,en,train,ok,,PROMPT_FIX_ENTRY_POINT,0,0,0.25,"measured_pass_at_k(n=2,k=8)",0.625
opencodeinstruct-c0c036e42794,ut_function,,en,excluded,excluded,TOO_EASY,PROMPT_FIX_ENTRY_POINT,0,0,0.5,"measured_pass_at_k(n=2,k=8)",1.0
opencodeinstruct-599737149fa3,ut_function,,en,excluded,excluded,TOO_EASY,PROMPT_FIX_ENTRY_POINT,0,0,0.25,"measured_pass_at_k(n=1,k=4)",1.0
opencodeinstruct-14d7201773ff,ut_function,,en,train,ok,,PROMPT_FIX_ENTRY_POINT,0,0,0.5,"measured_pass_at_k(n=1,k=4)",0.75
opencodeinstruct-ba2784064e34,ut_function,,en,excluded,excluded,TOO_EASY,PROMPT_FIX_ENTRY_POINT,0,0,0.25,"measured_pass_at_k(n=1,k=4)",1.0
opencodeinstruct-75edd6fb3e8e,ut_function,,en,train,ok,,PROMPT_FIX_ENTRY_POINT,0,0,0.25,"measured_pass_at_k(n=1,k=8)",0.625
opencodeinstruct-afb77bdc4050,ut_function,,en,excluded,excluded,TOO_EASY,PROMPT_FIX_ENTRY_POINT,0,0,0.5,"measured_pass_at_k(n=1,k=4)",1.0
opencodeinstruct-6b1b070bb702,ut_function,,en,excluded,excluded,TOO_HARD,PROMPT_FIX_ENTRY_POINT,0,0,0.25,"measured_pass_at_k(n=1,k=8)",0.0
opencodeinstruct-7e858cf2856f,ut_function,,en,excluded,excluded,TOO_EASY,PROMPT_FIX_ENTRY_POINT,0,0,0.25,"measured_pass_at_k(n=2,k=8)",1.0
opencodeinstruct-efdd8a72c80e,ut_function,,en,excluded,excluded,TOO_EASY,PROMPT_FIX_ENTRY_POINT,0,0,0.25,"measured_pass_at_k(n=1,k=4)",1.0
opencodeinstruct-46312dec26f9,ut_function,,en,train,ok,,PROMPT_FIX_ENTRY_POINT,0,0,0.25,"measured_pass_at_k(n=2,k=8)",0.125
opencodeinstruct-dbfd3133f005,ut_function,,en,train,ok,,PROMPT_FIX_ENTRY_POINT,0,0,0.25,"measured_pass_at_k(n=2,k=8)",0.125
opencodeinstruct-5f2083e92cdc,ut_function,,en,excluded,excluded,TOO_EASY,PROMPT_FIX_ENTRY_POINT,0,0,0.5,"measured_pass_at_k(n=1,k=4)",1.0
opencodeinstruct-b44a3ad2692d,ut_function,,en,test,ok,,PROMPT_FIX_ENTRY_POINT,0,0,0.375,"measured_pass_at_k(n=1,k=8)",
opencodeinstruct-75e90be4f801,ut_function,,en,test,ok,,PROMPT_FIX_ENTRY_POINT,0,0,0.5,"measured_pass_at_k(n=2,k=8)",
opencodeinstruct-754d3ee95133,ut_function,,en,validation,ok,,PROMPT_FIX_ENTRY_POINT,0,0,0.5,"measured_pass_at_k(n=1,k=4)",
kodcode-c66d40bfbce5,ut_pytest,,en,train,ok,,PROMPT_FIX_ENTRY_POINT,0,0,0.5,"measured_pass_at_k(n=1,k=4)",0.875
kodcode-ef66625d2b85,ut_pytest,,en,excluded,excluded,TOO_EASY,PROMPT_FIX_ENTRY_POINT,0,0,0.75,"measured_pass_at_k(n=2,k=8)",1.0
opencodeinstruct-b4111ba07a3a,ut_function,,en,test,ok,,PROMPT_FIX_ENTRY_POINT,0,0,0.5,"measured_pass_at_k(n=1,k=4)",
kodcode-e3fdcfe1c92c,ut_pytest,,en,train,ok,,PROMPT_FIX_ENTRY_POINT,0,0,0.5,"measured_pass_at_k(n=1,k=4)",0.875
kodcode-a3fb630e50ec,ut_pytest,,en,excluded,excluded,TOO_EASY,PROMPT_FIX_ENTRY_POINT,0,0,0.75,"measured_pass_at_k(n=1,k=4)",1.0
kodcode-ffa8f1c97c4f,ut_pytest,,en,excluded,excluded,TOO_EASY,PROMPT_FIX_ENTRY_POINT,0,0,0.75,"measured_pass_at_k(n=2,k=8)",1.0
kodcode-62c3ed82b9f0,ut_pytest,,en,excluded,excluded,TOO_EASY,PROMPT_FIX_ENTRY_POINT,0,0,0.375,"measured_pass_at_k(n=1,k=8)",1.0
kodcode-37301a207276,ut_pytest,,en,train,ok,,HARD_BUT_PARTIAL_SIGNAL;PROMPT_FIX_ENTRY_POINT,0,0,0.25,"measured_pass_at_k(n=1,k=4)",0.0
opencodeinstruct-7c7055b618a5,ut_function,,en,excluded,excluded,TOO_EASY,PROMPT_FIX_ENTRY_POINT,0,0,0.5,"measured_pass_at_k(n=2,k=8)",1.0
kodcode-0154b0709235,ut_pytest,,en,excluded,excluded,TOO_EASY,PROMPT_FIX_ENTRY_POINT,0,0,0.5,"measured_pass_at_k(n=1,k=4)",1.0
opencodeinstruct-62800b01bc83,ut_function,,en,excluded,excluded,TOO_EASY,PROMPT_FIX_ENTRY_POINT,0,0,0.375,"measured_pass_at_k(n=2,k=16)",1.0
kodcode-a6f0a4318399,ut_pytest,,en,excluded,excluded,TOO_EASY,PROMPT_FIX_ENTRY_POINT,0,0,0.25,"measured_pass_at_k(n=1,k=4)",1.0
kodcode-2c8c834f0781,ut_pytest,,en,excluded,excluded,TOO_EASY,PROMPT_FIX_ENTRY_POINT,0,0,0.5,"measured_pass_at_k(n=2,k=8)",1.0
kodcode-b1dff6497f02,ut_pytest,,en,excluded,excluded,TOO_EASY,PROMPT_FIX_ENTRY_POINT,0,0,0.25,"measured_pass_at_k(n=1,k=4)",1.0
kodcode-cbe5799a6a24,ut_pytest,,en,train,ok,,PROMPT_FIX_ENTRY_POINT,0,0,0.25,"measured_pass_at_k(n=1,k=4)",0.75
kodcode-bd6990fcbbce,ut_pytest,,en,excluded,excluded,TOO_EASY,PROMPT_FIX_ENTRY_POINT,0,0,0.75,"measured_pass_at_k(n=2,k=8)",1.0
kodcode-629fa9bfbf15,ut_pytest,,en,excluded,excluded,TOO_HARD,PROMPT_FIX_ENTRY_POINT,0,0,0.25,"measured_pass_at_k(n=2,k=8)",0.0
kodcode-965b3f98fd70,ut_pytest,,en,excluded,excluded,TOO_HARD,PROMPT_FIX_ENTRY_POINT,0,0,0.25,"measured_pass_at_k(n=2,k=16)",0.0
kodcode-ee3ad22517e5,ut_pytest,,en,validation,ok,,PROMPT_FIX_ENTRY_POINT,0,0,0.5,"measured_pass_at_k(n=1,k=4)",
opencodeinstruct-dfd36ce89ac8,ut_function,,en,validation,ok,,PROMPT_FIX_ENTRY_POINT,0,0,0.5,"measured_pass_at_k(n=1,k=4)",
kodcode-d58b0803fe84,ut_pytest,,en,excluded,excluded,TOO_EASY,PROMPT_FIX_ENTRY_POINT,0,0,0.25,"measured_pass_at_k(n=1,k=8)",1.0
kodcode-e4adb9b06635,ut_pytest,,en,train,ok,,PROMPT_FIX_ENTRY_POINT,0,0,0.25,"measured_pass_at_k(n=1,k=4)",0.875
opencodeinstruct-46b8ec342425,ut_function,,en,excluded,excluded,TOO_EASY,PROMPT_FIX_ENTRY_POINT,0,0,0.25,"measured_pass_at_k(n=2,k=8)",1.0
kodcode-3897f804241e,ut_pytest,,en,excluded,excluded,TOO_EASY,PROMPT_FIX_ENTRY_POINT,0,0,0.25,"measured_pass_at_k(n=2,k=8)",1.0
kodcode-63ee1de9ccf1,ut_pytest,,en,train,ok,,PROMPT_FIX_ENTRY_POINT,0,0,0.25,"measured_pass_at_k(n=2,k=8)",0.75
kodcode-f7059cad913d,ut_pytest,,en,train,ok,,PROMPT_FIX_ENTRY_POINT,0,0,0.5,"measured_pass_at_k(n=1,k=4)",0.625
kodcode-7f45fb15f92c,ut_pytest,,en,test,ok,,PROMPT_FIX_ENTRY_POINT,0,0,0.5,"measured_pass_at_k(n=2,k=8)",
kodcode-0c7023f12491,ut_pytest,,en,excluded,excluded,TOO_EASY,PROMPT_FIX_ENTRY_POINT,0,0,0.25,"measured_pass_at_k(n=1,k=8)",1.0
kodcode-f89c766fa4e8,ut_pytest,,en,train,ok,,PROMPT_FIX_ENTRY_POINT,0,0,0.75,"measured_pass_at_k(n=2,k=8)",0.625
kodcode-70ab43708446,ut_pytest,,en,train,ok,,PROMPT_FIX_ENTRY_POINT,0,0,0.5,"measured_pass_at_k(n=2,k=8)",0.125
kodcode-defc85eada26,ut_pytest,,en,excluded,excluded,TOO_EASY,PROMPT_FIX_ENTRY_POINT,0,0,0.25,"measured_pass_at_k(n=1,k=4)",1.0
kodcode-fa1e1f860bf9,ut_pytest,,en,excluded,excluded,TOO_EASY,PROMPT_FIX_ENTRY_POINT,0,0,0.5,"measured_pass_at_k(n=2,k=8)",1.0
ko-native-792ec5eb58a4,ut_function,,ko,excluded,excluded,TOO_EASY,PROMPT_FIX_ENTRY_POINT,0,0,0.25,"measured_pass_at_k(n=1,k=4)",1.0
rstar-aa90453ae762,ut_stdio,,en,excluded,excluded,TOO_EASY,no_reference_solution,0,0,0.5,"measured_pass_at_k(n=1,k=4)",1.0
rstar-2c952cbc065f,ut_stdio,,en,train,ok,,no_reference_solution,0,0,0.25,"measured_pass_at_k(n=2,k=8)",0.875
rstar-b8ff836a4a75,ut_stdio,,en,excluded,excluded,TOO_EASY,no_reference_solution,0,0,0.5,"measured_pass_at_k(n=1,k=4)",1.0
rstar-a48b1d1bce57,ut_stdio,,en,excluded,excluded,TOO_EASY,no_reference_solution,0,0,0.25,"measured_pass_at_k(n=1,k=4)",1.0
rstar-026c6d7ed7c6,ut_stdio,,en,train,ok,,no_reference_solution,0,0,0.75,"measured_pass_at_k(n=1,k=4)",0.75
rstar-494400fb7da9,ut_stdio,,en,excluded,excluded,TOO_EASY,no_reference_solution,0,0,0.75,"measured_pass_at_k(n=1,k=4)",1.0
rstar-c816693e46e8,ut_stdio,,en,excluded,excluded,TOO_EASY,no_reference_solution,0,0,0.75,"measured_pass_at_k(n=1,k=4)",1.0
rstar-0edfb9dfcc7e,ut_stdio,,en,train,ok,,no_reference_solution,0,0,0.25,"measured_pass_at_k(n=1,k=4)",0.75
rstar-e538f5889f58,ut_stdio,,en,train,ok,,no_reference_solution,0,0,0.25,"measured_pass_at_k(n=1,k=4)",0.875
rstar-fe613a7a7d7b,ut_stdio,,en,excluded,excluded,TOO_EASY,no_reference_solution,0,0,0.25,"measured_pass_at_k(n=2,k=8)",1.0
rstar-fa3dc346a889,ut_stdio,,en,train,ok,,no_reference_solution,0,0,0.25,"measured_pass_at_k(n=1,k=4)",0.625
rstar-ce408baf55c2,ut_stdio,,en,train,ok,,no_reference_solution,0,0,0.5,"measured_pass_at_k(n=1,k=4)",0.625
rstar-f45d671410c2,ut_stdio,,en,excluded,excluded,TOO_EASY,no_reference_solution,0,0,0.25,"measured_pass_at_k(n=1,k=4)",1.0
rstar-64e5767a12ca,ut_stdio,,en,validation,ok,,no_reference_solution,0,0,0.5,"measured_pass_at_k(n=2,k=8)",
rstar-6632ce39bc40,ut_stdio,,en,train,ok,,no_reference_solution,0,0,0.5,"measured_pass_at_k(n=1,k=4)",0.75
rstar-f070268bdca1,ut_stdio,,en,excluded,excluded,TOO_EASY,no_reference_solution,0,0,0.75,"measured_pass_at_k(n=1,k=4)",1.0
rstar-f75577bebc68,ut_stdio,,en,excluded,excluded,TOO_EASY,no_reference_solution,0,0,0.5,"measured_pass_at_k(n=1,k=4)",1.0
rstar-c1f04608690c,ut_stdio,,en,excluded,excluded,TOO_HARD,no_reference_solution,0,0,0.5,"measured_pass_at_k(n=2,k=8)",0.0
rstar-cb5f6366e5f5,ut_stdio,,en,train,ok,,no_reference_solution,0,0,0.5,"measured_pass_at_k(n=2,k=8)",0.625
rstar-b75a86dd8bb5,ut_stdio,,en,excluded,excluded,TOO_EASY,no_reference_solution,0,0,0.75,"measured_pass_at_k(n=1,k=4)",1.0
rstar-93c688776257,ut_stdio,,en,excluded,excluded,TOO_HARD,no_reference_solution,0,0,0.25,"measured_pass_at_k(n=1,k=4)",0.0
rstar-28438988811e,ut_stdio,,en,validation,ok,,no_reference_solution,0,0,0.25,"measured_pass_at_k(n=1,k=4)",
rstar-2ff8762a1fc6,ut_stdio,,en,train,ok,,no_reference_solution,0,0,0.25,"measured_pass_at_k(n=1,k=4)",0.875
opencodeinstruct-8c97141b4a4f,ut_function,,en,train,ok,,PROMPT_FIX_ENTRY_POINT,0,0,0.75,"measured_pass_at_k(n=1,k=4)",0.5
opencodeinstruct-746d9dc54964,ut_function,,en,excluded,excluded,TOO_EASY,PROMPT_FIX_ENTRY_POINT,0,0,0.75,"measured_pass_at_k(n=2,k=8)",1.0
opencodeinstruct-b521a77d3a82,ut_function,,en,excluded,excluded,TOO_EASY,PROMPT_FIX_ENTRY_POINT,0,0,0.25,"measured_pass_at_k(n=2,k=8)",1.0
opencodeinstruct-07e18e375025,ut_function,,en,excluded,excluded,TOO_EASY,PROMPT_FIX_ENTRY_POINT,0,0,0.25,"measured_pass_at_k(n=2,k=8)",1.0
opencodeinstruct-3cc1e5f22e66,ut_function,,en,test,ok,,PROMPT_FIX_ENTRY_POINT,0,0,0.25,"measured_pass_at_k(n=1,k=4)",
opencodeinstruct-2f891af111e7,ut_function,,en,validation,ok,,PROMPT_FIX_ENTRY_POINT,0,0,0.25,"measured_pass_at_k(n=2,k=8)",
opencodeinstruct-b9e7102aae24,ut_function,,en,excluded,excluded,TOO_EASY,PROMPT_FIX_ENTRY_POINT,0,0,0.25,"measured_pass_at_k(n=2,k=8)",1.0
opencodeinstruct-bfaa0e800a5e,ut_function,,en,test,ok,,PROMPT_FIX_ENTRY_POINT,0,0,0.25,"measured_pass_at_k(n=1,k=4)",
opencodeinstruct-0639f7391d6b,ut_function,,en,train,ok,,PROMPT_FIX_ENTRY_POINT,0,0,0.25,"measured_pass_at_k(n=2,k=16)",0.125
opencodeinstruct-9de220cf1150,ut_function,,en,excluded,excluded,TOO_EASY,PROMPT_FIX_ENTRY_POINT,0,0,0.5,"measured_pass_at_k(n=2,k=8)",1.0
opencodeinstruct-220f99c8adbc,ut_function,,en,excluded,excluded,TOO_EASY,PROMPT_FIX_ENTRY_POINT,0,0,0.75,"measured_pass_at_k(n=2,k=8)",1.0
opencodeinstruct-72e1794809e3,ut_function,,en,excluded,excluded,TOO_EASY,PROMPT_FIX_ENTRY_POINT,0,0,0.5,"measured_pass_at_k(n=2,k=8)",1.0
opencodeinstruct-792ea8a7779b,ut_function,,en,train,ok,,PROMPT_FIX_ENTRY_POINT,0,0,0.25,"measured_pass_at_k(n=1,k=4)",0.5
opencodeinstruct-a541be809dbd,ut_function,,en,excluded,excluded,TOO_EASY,PROMPT_FIX_ENTRY_POINT,0,0,0.5,"measured_pass_at_k(n=2,k=8)",1.0
opencodeinstruct-a99d9ae9d28d,ut_function,,en,test,ok,,PROMPT_FIX_ENTRY_POINT,0,0,0.25,"measured_pass_at_k(n=1,k=4)",
opencodeinstruct-545840e3d28d,ut_function,,en,excluded,excluded,TOO_EASY,PROMPT_FIX_ENTRY_POINT,0,0,0.25,"measured_pass_at_k(n=1,k=4)",1.0
opencodeinstruct-4cb14ed69507,ut_function,,en,excluded,excluded,TOO_HARD,PROMPT_FIX_ENTRY_POINT,0,0,0.25,"measured_pass_at_k(n=1,k=4)",0.0
opencodeinstruct-0ffd224e6b8f,ut_function,,en,excluded,excluded,TOO_EASY,PROMPT_FIX_ENTRY_POINT,0,0,0.25,"measured_pass_at_k(n=2,k=8)",1.0
opencodeinstruct-16edee780c19,ut_function,,en,excluded,excluded,TOO_EASY,PROMPT_FIX_ENTRY_POINT,0,0,0.5,"measured_pass_at_k(n=2,k=8)",1.0
opencodeinstruct-6727ae66afe5,ut_function,,en,excluded,excluded,TOO_EASY,PROMPT_FIX_ENTRY_POINT,0,0,0.25,"measured_pass_at_k(n=1,k=4)",1.0
opencodeinstruct-76efcbed66f8,ut_function,,en,excluded,excluded,TOO_EASY,PROMPT_FIX_ENTRY_POINT,0,0,0.25,"measured_pass_at_k(n=2,k=8)",1.0
opencodeinstruct-70082ba966db,ut_function,,en,excluded,excluded,TOO_EASY,PROMPT_FIX_ENTRY_POINT,0,0,0.75,"measured_pass_at_k(n=2,k=8)",1.0
opencodeinstruct-9c95ea884ab3,ut_function,,en,excluded,excluded,TOO_EASY,PROMPT_FIX_ENTRY_POINT,0,0,0.75,"measured_pass_at_k(n=2,k=8)",1.0
kodcode-946288b00ed1,ut_pytest,,en,train,ok,,PROMPT_FIX_ENTRY_POINT,0,0,0.25,"measured_pass_at_k(n=1,k=8)",0.125
opencodeinstruct-88d8ba20dc31,ut_function,,en,excluded,excluded,TOO_EASY,PROMPT_FIX_ENTRY_POINT,0,0,0.5,"measured_pass_at_k(n=2,k=8)",1.0
kodcode-c8f7712e6caf,ut_pytest,,en,excluded,excluded,TOO_EASY,PROMPT_FIX_ENTRY_POINT,0,0,0.75,"measured_pass_at_k(n=1,k=4)",1.0
opencodeinstruct-12f8885a4c13,ut_function,,en,excluded,excluded,TOO_EASY,PROMPT_FIX_ENTRY_POINT,0,0,0.5,"measured_pass_at_k(n=2,k=8)",1.0
opencodeinstruct-911822c8caa8,ut_function,,en,excluded,excluded,TOO_HARD,PROMPT_FIX_ENTRY_POINT,0,0,0.25,"measured_pass_at_k(n=2,k=8)",0.0
kodcode-e444322cce25,ut_pytest,,en,excluded,excluded,TOO_EASY,PROMPT_FIX_ENTRY_POINT,0,0,0.75,"measured_pass_at_k(n=2,k=16)",1.0
kodcode-09bb8677b360,ut_pytest,,en,validation,ok,,PROMPT_FIX_ENTRY_POINT,0,0,0.25,"measured_pass_at_k(n=2,k=8)",
kodcode-724412441b47,ut_pytest,,en,excluded,excluded,TOO_EASY,PROMPT_FIX_ENTRY_POINT,0,0,0.75,"measured_pass_at_k(n=2,k=8)",1.0
opencodeinstruct-33f989a6c662,ut_function,,en,excluded,excluded,TOO_EASY,PROMPT_FIX_ENTRY_POINT,0,0,0.25,"measured_pass_at_k(n=2,k=8)",1.0
kodcode-25388c7a0048,ut_pytest,,en,excluded,excluded,TOO_EASY,PROMPT_FIX_ENTRY_POINT,0,0,0.75,"measured_pass_at_k(n=2,k=8)",1.0
kodcode-0d3951cd67e9,ut_pytest,,en,test,ok,,PROMPT_FIX_ENTRY_POINT,0,0,0.25,"measured_pass_at_k(n=2,k=8)",
kodcode-4eacc6e07c1b,ut_pytest,,en,excluded,excluded,TOO_EASY,PROMPT_FIX_ENTRY_POINT,0,0,0.75,"measured_pass_at_k(n=2,k=8)",1.0
kodcode-15ee587f0e6f,ut_pytest,,en,validation,ok,,PROMPT_FIX_ENTRY_POINT,0,0,0.5,"measured_pass_at_k(n=2,k=8)",
opencodeinstruct-62c59fbb54cf,ut_function,,en,train,ok,,PROMPT_FIX_ENTRY_POINT,0,0,0.5,"measured_pass_at_k(n=2,k=8)",0.75
kodcode-e1576feaa825,ut_pytest,,en,validation,ok,,PROMPT_FIX_ENTRY_POINT,0,0,0.25,"measured_pass_at_k(n=2,k=16)",
kodcode-d7460c579d22,ut_pytest,,en,train,ok,,PROMPT_FIX_ENTRY_POINT,0,0,0.375,"measured_pass_at_k(n=2,k=16)",0.625
kodcode-dd4836e4a3d3,ut_pytest,,en,excluded,excluded,TOO_EASY,PROMPT_FIX_ENTRY_POINT,0,0,0.5,"measured_pass_at_k(n=2,k=8)",1.0
kodcode-d4771a22e72e,ut_pytest,,en,train,ok,,PROMPT_FIX_ENTRY_POINT,0,0,0.25,"measured_pass_at_k(n=2,k=8)",0.875
kodcode-9f5c8bf0d25e,ut_pytest,,en,excluded,excluded,TOO_EASY,PROMPT_FIX_ENTRY_POINT,0,0,0.75,"measured_pass_at_k(n=2,k=8)",1.0
kodcode-00f10d78a2a5,ut_pytest,,en,excluded,excluded,TOO_EASY,PROMPT_FIX_ENTRY_POINT,0,0,0.75,"measured_pass_at_k(n=2,k=8)",1.0
kodcode-7e0870f03516,ut_pytest,,en,train,ok,,PROMPT_FIX_ENTRY_POINT,0,0,0.5,"measured_pass_at_k(n=2,k=8)",0.875
kodcode-1048e92799fe,ut_pytest,,en,train,ok,,PROMPT_FIX_ENTRY_POINT,0,0,0.5,"measured_pass_at_k(n=2,k=8)",0.625
opencodeinstruct-0cc0cc39d9fc,ut_function,,en,excluded,excluded,TOO_EASY,PROMPT_FIX_ENTRY_POINT,0,0,0.25,"measured_pass_at_k(n=2,k=8)",1.0
kodcode-14aec06b2b42,ut_pytest,,en,test,ok,,PROMPT_FIX_ENTRY_POINT,0,0,0.75,"measured_pass_at_k(n=2,k=8)",
kodcode-921bcc3bec41,ut_pytest,,en,train,ok,,PROMPT_FIX_ENTRY_POINT,0,0,0.5,"measured_pass_at_k(n=2,k=8)",0.75
kodcode-6098ac6929fb,ut_pytest,,en,excluded,excluded,TOO_HARD,PROMPT_FIX_ENTRY_POINT,0,0,0.375,"measured_pass_at_k(n=2,k=16)",0.0
kodcode-431f4ae8a622,ut_pytest,,en,excluded,excluded,TOO_EASY,PROMPT_FIX_ENTRY_POINT,0,0,0.75,"measured_pass_at_k(n=2,k=8)",1.0
kodcode-09c60241f056,ut_pytest,,en,excluded,excluded,TOO_EASY,PROMPT_FIX_ENTRY_POINT,0,0,0.5,"measured_pass_at_k(n=2,k=8)",1.0
kodcode-43c8082ee648,ut_pytest,,en,test,ok,,PROMPT_FIX_ENTRY_POINT,0,0,0.75,"measured_pass_at_k(n=2,k=8)",
kodcode-21d4d5ce7f67,ut_pytest,,en,train,ok,,PROMPT_FIX_ENTRY_POINT,0,0,0.25,"measured_pass_at_k(n=2,k=8)",0.5
kodcode-58a20ce239b3,ut_pytest,,en,train,ok,,PROMPT_FIX_ENTRY_POINT,0,0,0.5,"measured_pass_at_k(n=2,k=8)",0.75
kodcode-b6c80947cf52,ut_pytest,,en,test,ok,,PROMPT_FIX_ENTRY_POINT,0,0,0.5,"measured_pass_at_k(n=2,k=8)",
kodcode-7de2b4609570,ut_pytest,,en,excluded,excluded,TOO_HARD,PROMPT_FIX_ENTRY_POINT,0,0,0.75,"measured_pass_at_k(n=2,k=8)",0.0
kodcode-f224cc5f14af,ut_pytest,,en,validation,ok,,PROMPT_FIX_ENTRY_POINT,0,0,0.5,"measured_pass_at_k(n=2,k=8)",
kodcode-78855d540116,ut_pytest,,en,train,ok,,PROMPT_FIX_ENTRY_POINT,0,0,0.25,"measured_pass_at_k(n=2,k=8)",0.75
opencodeinstruct-b5418d82823b,ut_function,,en,test,ok,,PROMPT_FIX_ENTRY_POINT,0,0,0.25,"measured_pass_at_k(n=2,k=16)",
opencodeinstruct-9bb516fc2878,ut_function,,en,excluded,excluded,TOO_EASY,PROMPT_FIX_ENTRY_POINT,0,0,0.25,"measured_pass_at_k(n=2,k=8)",1.0
ko-native-7eaeef5087c3,ut_function,,ko,validation,ok,,PROMPT_FIX_ENTRY_POINT,0,0,0.5,"measured_pass_at_k(n=1,k=4)",
ko-native-fbb9802685ef,ut_function,,ko,train,ok,,PROMPT_FIX_ENTRY_POINT,0,0,0.25,"measured_pass_at_k(n=1,k=8)",0.125
ko-native-a3bc2d914204,ut_function,,ko,validation,ok,,PROMPT_FIX_ENTRY_POINT,0,0,0.5,"measured_pass_at_k(n=1,k=4)",
rstar-3787480dce09,ut_stdio,,en,train,ok,,no_reference_solution,0,0,0.25,"measured_pass_at_k(n=2,k=8)",0.125
rstar-52ca18e39587,ut_stdio,,en,excluded,excluded,TOO_EASY,no_reference_solution,0,0,0.25,"measured_pass_at_k(n=2,k=8)",1.0
rstar-3887f71ecceb,ut_stdio,,en,train,ok,,no_reference_solution,0,0,0.5,"measured_pass_at_k(n=2,k=8)",0.875
rstar-f155386bce7f,ut_stdio,,en,train,ok,,no_reference_solution,0,0,0.25,"measured_pass_at_k(n=2,k=8)",0.875
rstar-d76b68b945e4,ut_stdio,,en,excluded,excluded,TOO_EASY,no_reference_solution,0,0,0.25,"measured_pass_at_k(n=2,k=8)",1.0
rstar-2eeba3c014b8,ut_stdio,,en,excluded,excluded,TOO_EASY,no_reference_solution,0,0,0.25,"measured_pass_at_k(n=2,k=8)",1.0
rstar-9e78e985fa44,ut_stdio,,en,train,ok,,no_reference_solution,0,0,0.25,"measured_pass_at_k(n=2,k=8)",0.875
rstar-6fba4f00513a,ut_stdio,,en,train,ok,,no_reference_solution,0,0,0.25,"measured_pass_at_k(n=2,k=8)",0.625
rstar-7daa4e1289e7,ut_stdio,,en,train,ok,,no_reference_solution,0,0,0.5,"measured_pass_at_k(n=2,k=8)",0.75
rstar-f1b9526886c2,ut_stdio,,en,train,ok,,no_reference_solution,0,0,0.5,"measured_pass_at_k(n=2,k=8)",0.75
rstar-40c4c94f03bb,ut_stdio,,en,train,ok,,no_reference_solution,0,0,0.5,"measured_pass_at_k(n=2,k=8)",0.25
rstar-771d99948509,ut_stdio,,en,train,ok,,no_reference_solution,0,0,0.25,"measured_pass_at_k(n=2,k=8)",0.375
rstar-7f4a7db5e653,ut_stdio,,en,excluded,excluded,TOO_HARD,no_reference_solution,0,0,0.75,"measured_pass_at_k(n=2,k=8)",0.0
rstar-8970e791bdb2,ut_stdio,,en,train,ok,,no_reference_solution,0,0,0.75,"measured_pass_at_k(n=2,k=8)",0.5
rstar-6d25444c982a,ut_stdio,,en,test,ok,,no_reference_solution,0,0,0.5,"measured_pass_at_k(n=2,k=8)",
rstar-3032a7ddd9bc,ut_stdio,,en,excluded,excluded,TOO_EASY,no_reference_solution,0,0,0.5,"measured_pass_at_k(n=2,k=8)",1.0
rstar-dab8fc49dc58,ut_stdio,,en,excluded,excluded,TOO_EASY,no_reference_solution,0,0,0.5,"measured_pass_at_k(n=2,k=8)",1.0
rstar-a84e46b3ec7d,ut_stdio,,en,excluded,excluded,TOO_EASY,no_reference_solution,0,0,0.5,"measured_pass_at_k(n=2,k=8)",1.0
rstar-c757e897ced3,ut_stdio,,en,train,ok,,no_reference_solution,0,0,0.25,"measured_pass_at_k(n=2,k=16)",0.75
rstar-b872c83dfd18,ut_stdio,,en,train,ok,,no_reference_solution,0,0,0.25,"measured_pass_at_k(n=2,k=8)",0.625
rstar-06b5ef3d0290,ut_stdio,,en,excluded,excluded,TOO_EASY,no_reference_solution,0,0,0.5,"measured_pass_at_k(n=2,k=8)",1.0
rstar-0543e4a29323,ut_stdio,,en,train,ok,,no_reference_solution;HARD_BUT_PARTIAL_SIGNAL,0,0,0.5,"measured_pass_at_k(n=2,k=8)",0.0
rstar-95720dca94c0,ut_stdio,,en,excluded,excluded,TOO_HARD,no_reference_solution,0,0,0.25,"measured_pass_at_k(n=2,k=8)",0.0
rstar-fa13c38db607,ut_stdio,,en,excluded,excluded,TOO_EASY,no_reference_solution,0,0,0.25,"measured_pass_at_k(n=2,k=8)",1.0
rstar-911a4cfa4a36,ut_stdio,,en,train,ok,,no_reference_solution,0,0,0.25,"measured_pass_at_k(n=2,k=16)",0.125
opencodeinstruct-b423dc1c7591,ut_function,,en,excluded,excluded,TOO_EASY,PROMPT_FIX_ENTRY_POINT,0,0,0.5,"measured_pass_at_k(n=2,k=8)",1.0
opencodeinstruct-ecc6c667c627,ut_function,,en,validation,ok,,PROMPT_FIX_ENTRY_POINT,0,0,0.375,"measured_pass_at_k(n=2,k=16)",
opencodeinstruct-58dfa290818c,ut_function,,en,excluded,excluded,TOO_EASY,PROMPT_FIX_ENTRY_POINT,0,0,0.5,"measured_pass_at_k(n=2,k=8)",1.0
opencodeinstruct-b247bba0fa34,ut_function,,en,train,ok,,PROMPT_FIX_ENTRY_POINT,0,0,0.5,"measured_pass_at_k(n=2,k=8)",0.875
opencodeinstruct-d9128e3fb223,ut_function,,en,train,ok,,PROMPT_FIX_ENTRY_POINT,0,0,0.25,"measured_pass_at_k(n=1,k=8)",0.25
opencodeinstruct-f0a233c4055e,ut_function,,en,excluded,excluded,TOO_EASY,PROMPT_FIX_ENTRY_POINT,0,0,0.5,"measured_pass_at_k(n=2,k=8)",1.0
opencodeinstruct-a1a7f1664f69,ut_function,,en,excluded,excluded,TOO_EASY,PROMPT_FIX_ENTRY_POINT,0,0,0.25,"measured_pass_at_k(n=2,k=16)",1.0
opencodeinstruct-fa7185926b12,ut_function,,en,excluded,excluded,TOO_EASY,PROMPT_FIX_ENTRY_POINT,0,0,0.25,"measured_pass_at_k(n=2,k=8)",1.0
opencodeinstruct-471e5ac47d78,ut_function,,en,excluded,excluded,TOO_EASY,PROMPT_FIX_ENTRY_POINT,0,0,0.75,"measured_pass_at_k(n=2,k=8)",1.0
opencodeinstruct-b9cdc1e28df3,ut_function,,en,test,ok,,PROMPT_FIX_ENTRY_POINT,0,0,0.5,"measured_pass_at_k(n=2,k=8)",
opencodeinstruct-ee0c90d0b9ff,ut_function,,en,excluded,excluded,TOO_EASY,PROMPT_FIX_ENTRY_POINT,0,0,0.75,"measured_pass_at_k(n=2,k=16)",1.0
opencodeinstruct-c0afea64f3b7,ut_function,,en,excluded,excluded,TOO_EASY,PROMPT_FIX_ENTRY_POINT,0,0,0.75,"measured_pass_at_k(n=2,k=8)",1.0
opencodeinstruct-3d47ae13d94e,ut_function,,en,excluded,excluded,TOO_HARD,PROMPT_FIX_ENTRY_POINT,0,0,0.5,"measured_pass_at_k(n=2,k=8)",0.0
opencodeinstruct-12d5c1088dba,ut_function,,en,excluded,excluded,TOO_EASY,PROMPT_FIX_ENTRY_POINT,0,0,0.5,"measured_pass_at_k(n=2,k=8)",1.0
opencodeinstruct-f26f50cde89b,ut_function,,en,excluded,excluded,TOO_EASY,PROMPT_FIX_ENTRY_POINT,0,0,0.5,"measured_pass_at_k(n=2,k=8)",1.0
opencodeinstruct-4e5638957467,ut_function,,en,validation,ok,,PROMPT_FIX_ENTRY_POINT,0,0,0.25,"measured_pass_at_k(n=2,k=8)",
opencodeinstruct-6e0e0051fed1,ut_function,,en,excluded,excluded,TOO_EASY,PROMPT_FIX_ENTRY_POINT,0,0,0.25,"measured_pass_at_k(n=2,k=8)",1.0
opencodeinstruct-69a4a523d428,ut_function,,en,test,ok,,PROMPT_FIX_ENTRY_POINT,0,0,0.5,"measured_pass_at_k(n=2,k=8)",
opencodeinstruct-a4360c6f9d41,ut_function,,en,excluded,excluded,TOO_EASY,PROMPT_FIX_ENTRY_POINT,0,0,0.5,"measured_pass_at_k(n=2,k=8)",1.0
opencodeinstruct-d661037d5528,ut_function,,en,excluded,excluded,TOO_EASY,PROMPT_FIX_ENTRY_POINT,0,0,0.5,"measured_pass_at_k(n=2,k=8)",1.0
opencodeinstruct-fbec14417849,ut_function,,en,excluded,excluded,TOO_EASY,PROMPT_FIX_ENTRY_POINT,0,0,0.5,"measured_pass_at_k(n=2,k=8)",1.0
opencodeinstruct-9871f6929ad9,ut_function,,en,excluded,excluded,TOO_EASY,PROMPT_FIX_ENTRY_POINT,0,0,0.25,"measured_pass_at_k(n=2,k=8)",1.0
opencodeinstruct-ff0468fb61da,ut_function,,en,train,ok,,PROMPT_FIX_ENTRY_POINT,0,0,0.25,"measured_pass_at_k(n=2,k=8)",0.875
opencodeinstruct-287092052419,ut_function,,en,excluded,excluded,TOO_EASY,PROMPT_FIX_ENTRY_POINT,0,0,0.25,"measured_pass_at_k(n=2,k=8)",1.0
opencodeinstruct-6bbaf98b42c7,ut_function,,en,excluded,excluded,TOO_EASY,PROMPT_FIX_ENTRY_POINT,0,0,0.5,"measured_pass_at_k(n=2,k=8)",1.0
opencodeinstruct-2219beb95333,ut_function,,en,excluded,excluded,TOO_HARD,PROMPT_FIX_ENTRY_POINT,0,0,0.5,"measured_pass_at_k(n=2,k=8)",0.0
opencodeinstruct-179e45f7665e,ut_function,,en,excluded,excluded,TOO_EASY,PROMPT_FIX_ENTRY_POINT,0,0,0.25,"measured_pass_at_k(n=2,k=16)",1.0
opencodeinstruct-d8f959be635e,ut_function,,en,test,ok,,PROMPT_FIX_ENTRY_POINT,0,0,0.5,"measured_pass_at_k(n=2,k=8)",
opencodeinstruct-c0ff1c65442a,ut_function,,en,excluded,excluded,TOO_EASY,PROMPT_FIX_ENTRY_POINT,0,0,0.25,"measured_pass_at_k(n=2,k=8)",1.0
opencodeinstruct-aa4cfe9daf93,ut_function,,en,train,ok,,PROMPT_FIX_ENTRY_POINT,0,0,0.25,"measured_pass_at_k(n=2,k=8)",0.375
opencodeinstruct-1bf413174c48,ut_function,,en,excluded,excluded,TOO_EASY,PROMPT_FIX_ENTRY_POINT,0,0,0.75,"measured_pass_at_k(n=2,k=8)",1.0
opencodeinstruct-ef90c1a7b0ea,ut_function,,en,excluded,excluded,TOO_EASY,PROMPT_FIX_ENTRY_POINT,0,0,0.25,"measured_pass_at_k(n=2,k=16)",1.0
opencodeinstruct-eded733b9b3d,ut_function,,en,train,ok,,PROMPT_FIX_ENTRY_POINT,0,0,0.5,"measured_pass_at_k(n=2,k=8)",0.875
opencodeinstruct-adf5cb50dd92,ut_function,,en,excluded,excluded,TOO_EASY,PROMPT_FIX_ENTRY_POINT,0,0,0.75,"measured_pass_at_k(n=2,k=8)",1.0
opencodeinstruct-9271ccafe4a0,ut_function,,en,excluded,excluded,TOO_EASY,PROMPT_FIX_ENTRY_POINT,0,0,0.5,"measured_pass_at_k(n=2,k=8)",1.0
opencodeinstruct-44c998349e78,ut_function,,en,excluded,excluded,TOO_EASY,PROMPT_FIX_ENTRY_POINT,0,0,0.5,"measured_pass_at_k(n=2,k=8)",1.0
opencodeinstruct-a1cefbbfe248,ut_function,,en,excluded,excluded,TOO_EASY,PROMPT_FIX_ENTRY_POINT,0,0,0.25,"measured_pass_at_k(n=2,k=8)",1.0
kodcode-7762cd7152d3,ut_pytest,,en,excluded,excluded,TOO_HARD,PROMPT_FIX_ENTRY_POINT,0,0,0.25,"measured_pass_at_k(n=2,k=8)",0.0
kodcode-d61a9a4d9fff,ut_pytest,,en,train,ok,,PROMPT_FIX_ENTRY_POINT,0,0,0.25,"measured_pass_at_k(n=2,k=8)",0.375
opencodeinstruct-f71e43cce9d5,ut_function,,en,train,ok,,PROMPT_FIX_ENTRY_POINT,0,0,0.25,"measured_pass_at_k(n=2,k=8)",0.5
kodcode-71f0e006ce87,ut_pytest,,en,test,ok,,PROMPT_FIX_ENTRY_POINT,0,0,0.25,"measured_pass_at_k(n=2,k=8)",
kodcode-cf5b679e5805,ut_pytest,,en,train,ok,,PROMPT_FIX_ENTRY_POINT,0,0,0.25,"measured_pass_at_k(n=2,k=8)",0.625
kodcode-3e516e27f453,ut_pytest,,en,excluded,excluded,TOO_HARD,PROMPT_FIX_ENTRY_POINT,0,0,0.25,"measured_pass_at_k(n=2,k=8)",0.0
kodcode-0ca7b2ee8906,ut_pytest,,en,train,ok,,HARD_BUT_PARTIAL_SIGNAL;PROMPT_FIX_ENTRY_POINT,0,0,0.25,"measured_pass_at_k(n=2,k=16)",0.0
kodcode-94a2410bc8dc,ut_pytest,,en,excluded,excluded,TOO_HARD,PROMPT_FIX_ENTRY_POINT,0,0,0.5,"measured_pass_at_k(n=2,k=8)",0.0
kodcode-3ed7099850af,ut_pytest,,en,excluded,excluded,TOO_EASY,PROMPT_FIX_ENTRY_POINT,0,0,0.25,"measured_pass_at_k(n=2,k=8)",1.0
kodcode-0eedb69b621b,ut_pytest,,en,excluded,excluded,TOO_EASY,PROMPT_FIX_ENTRY_POINT,0,0,0.5,"measured_pass_at_k(n=2,k=8)",1.0
kodcode-b586cf34c02f,ut_pytest,,en,excluded,excluded,TOO_EASY,PROMPT_FIX_ENTRY_POINT,0,0,0.75,"measured_pass_at_k(n=2,k=8)",1.0
kodcode-c47c96e588f8,ut_pytest,,en,validation,ok,,PROMPT_FIX_ENTRY_POINT,0,0,0.5,"measured_pass_at_k(n=2,k=8)",
kodcode-f7b5339e32bd,ut_pytest,,en,train,ok,,PROMPT_FIX_ENTRY_POINT,0,0,0.25,"measured_pass_at_k(n=2,k=8)",0.625
kodcode-1cb9514432aa,ut_pytest,,en,excluded,excluded,TOO_EASY,PROMPT_FIX_ENTRY_POINT,0,0,0.625,"measured_pass_at_k(n=2,k=16)",1.0
opencodeinstruct-60a0b55489f9,ut_function,,en,excluded,excluded,TOO_EASY,PROMPT_FIX_ENTRY_POINT,0,0,0.25,"measured_pass_at_k(n=2,k=16)",1.0
kodcode-8db1bd1e70fb,ut_pytest,,en,train,ok,,PROMPT_FIX_ENTRY_POINT,0,0,0.25,"measured_pass_at_k(n=2,k=8)",0.875
kodcode-9cab5054168a,ut_pytest,,en,excluded,excluded,TOO_HARD,PROMPT_FIX_ENTRY_POINT,0,0,0.25,"measured_pass_at_k(n=2,k=8)",0.0
kodcode-754a8be3ca82,ut_pytest,,en,test,ok,,PROMPT_FIX_ENTRY_POINT,0,0,0.5,"measured_pass_at_k(n=2,k=8)",
kodcode-4e878b4504af,ut_pytest,,en,test,ok,,PROMPT_FIX_ENTRY_POINT,0,0,0.25,"measured_pass_at_k(n=2,k=8)",
kodcode-12cf2ddeab7e,ut_pytest,,en,excluded,excluded,TOO_HARD,PROMPT_FIX_ENTRY_POINT,0,0,0.25,"measured_pass_at_k(n=2,k=8)",0.0
kodcode-4874b3cca016,ut_pytest,,en,excluded,excluded,TOO_EASY,PROMPT_FIX_ENTRY_POINT,0,0,0.25,"measured_pass_at_k(n=2,k=8)",1.0
kodcode-6a47f927d20f,ut_pytest,,en,validation,ok,,PROMPT_FIX_ENTRY_POINT,0,0,0.25,"measured_pass_at_k(n=2,k=8)",
kodcode-989d704ef058,ut_pytest,,en,test,ok,,PROMPT_FIX_ENTRY_POINT,0,0,0.75,"measured_pass_at_k(n=2,k=16)",
kodcode-0a7615a516f2,ut_pytest,,en,excluded,excluded,TOO_EASY,PROMPT_FIX_ENTRY_POINT,0,0,0.5,"measured_pass_at_k(n=2,k=8)",1.0
kodcode-0634b496841f,ut_pytest,,en,validation,ok,,PROMPT_FIX_ENTRY_POINT,0,0,0.75,"measured_pass_at_k(n=2,k=8)",
kodcode-8519e793ca58,ut_pytest,,en,validation,ok,,PROMPT_FIX_ENTRY_POINT,0,0,0.5,"measured_pass_at_k(n=2,k=8)",
kodcode-1bb734bcc7a2,ut_pytest,,en,validation,ok,,PROMPT_FIX_ENTRY_POINT,0,0,0.5,"measured_pass_at_k(n=2,k=8)",
kodcode-9c60c01327f0,ut_pytest,,en,train,ok,,PROMPT_FIX_ENTRY_POINT,0,0,0.25,"measured_pass_at_k(n=2,k=16)",0.625
kodcode-6594f1c0a378,ut_pytest,,en,train,ok,,PROMPT_FIX_ENTRY_POINT,0,0,0.25,"measured_pass_at_k(n=2,k=8)",0.625
kodcode-dcf4f3e38972,ut_pytest,,en,train,ok,,PROMPT_FIX_ENTRY_POINT,0,0,0.25,"measured_pass_at_k(n=2,k=8)",0.25
kodcode-3a07d03c6004,ut_pytest,,en,excluded,excluded,TOO_EASY,PROMPT_FIX_ENTRY_POINT,0,0,0.75,"measured_pass_at_k(n=2,k=8)",1.0
kodcode-b61f7fd91811,ut_pytest,,en,test,ok,,PROMPT_FIX_ENTRY_POINT,0,0,0.25,"measured_pass_at_k(n=2,k=8)",
kodcode-f8828092d832,ut_pytest,,en,validation,ok,,PROMPT_FIX_ENTRY_POINT,0,0,0.5,"measured_pass_at_k(n=2,k=8)",
kodcode-30ab8db7fa7c,ut_pytest,,en,train,ok,,PROMPT_FIX_ENTRY_POINT,0,0,0.5,"measured_pass_at_k(n=2,k=8)",0.625
kodcode-63b26301ffe0,ut_pytest,,en,validation,ok,,PROMPT_FIX_ENTRY_POINT,0,0,0.25,"measured_pass_at_k(n=2,k=8)",
ko-native-0341c6f9e3f1,ut_function,,ko,excluded,excluded,TOO_HARD,PROMPT_FIX_ENTRY_POINT,0,0,0.5,"measured_pass_at_k(n=1,k=4)",0.0
ko-native-5b9d3893b893,ut_function,,ko,excluded,excluded,TOO_EASY,PROMPT_FIX_ENTRY_POINT,0,0,0.5,"measured_pass_at_k(n=1,k=4)",1.0
ko-native-468f9f0e1e6a,ut_function,,ko,excluded,excluded,TOO_EASY,PROMPT_FIX_ENTRY_POINT,0,0,0.5,"measured_pass_at_k(n=1,k=4)",1.0
rstar-0cc38f171efb,ut_stdio,,en,train,ok,,no_reference_solution,0,0,0.5,"measured_pass_at_k(n=2,k=8)",0.75
rstar-faebea0c9f58,ut_stdio,,en,train,ok,,no_reference_solution,0,0,0.25,"measured_pass_at_k(n=2,k=8)",0.75
rstar-9c9eae28189f,ut_stdio,,en,train,ok,,no_reference_solution;HARD_BUT_PARTIAL_SIGNAL,0,0,0.75,"measured_pass_at_k(n=2,k=8)",0.0
rstar-1bbadf9e28af,ut_stdio,,en,excluded,excluded,TOO_HARD,no_reference_solution,0,0,0.25,"measured_pass_at_k(n=2,k=8)",0.0
rstar-8117a8c168e9,ut_stdio,,en,excluded,excluded,TOO_EASY,no_reference_solution,0,0,0.25,"measured_pass_at_k(n=2,k=8)",1.0
rstar-be41bc4c9f00,ut_stdio,,en,excluded,excluded,TOO_EASY,no_reference_solution,0,0,0.5,"measured_pass_at_k(n=2,k=8)",1.0
rstar-051b3f34009f,ut_stdio,,en,train,ok,,no_reference_solution,0,0,0.25,"measured_pass_at_k(n=2,k=8)",0.75
rstar-d263a4576104,ut_stdio,,en,excluded,excluded,TOO_EASY,no_reference_solution,0,0,0.75,"measured_pass_at_k(n=2,k=8)",1.0
rstar-62b29f444778,ut_stdio,,en,excluded,excluded,TOO_EASY,no_reference_solution,0,0,0.5,"measured_pass_at_k(n=2,k=8)",1.0
rstar-18c5770a13b7,ut_stdio,,en,excluded,excluded,TOO_EASY,no_reference_solution,0,0,0.25,"measured_pass_at_k(n=2,k=8)",1.0
rstar-446011747180,ut_stdio,,en,excluded,excluded,TOO_EASY,no_reference_solution,0,0,0.5,"measured_pass_at_k(n=2,k=16)",1.0
rstar-a5f16f4deb64,ut_stdio,,en,excluded,excluded,TOO_EASY,no_reference_solution,0,0,0.5,"measured_pass_at_k(n=2,k=8)",1.0
rstar-740e9ec2c1f8,ut_stdio,,en,test,ok,,no_reference_solution,0,0,0.75,"measured_pass_at_k(n=2,k=8)",
rstar-55f6e02c299a,ut_stdio,,en,train,ok,,no_reference_solution,0,0,0.25,"measured_pass_at_k(n=2,k=8)",0.125
rstar-0e161b44b34c,ut_stdio,,en,test,ok,,no_reference_solution,0,0,0.25,"measured_pass_at_k(n=2,k=8)",
rstar-f6be0f03a09d,ut_stdio,,en,excluded,excluded,TOO_EASY,no_reference_solution,0,0,0.25,"measured_pass_at_k(n=2,k=16)",1.0
rstar-ea67e9d45600,ut_stdio,,en,excluded,excluded,TOO_EASY,no_reference_solution,0,0,0.25,"measured_pass_at_k(n=2,k=8)",1.0
rstar-cd6cc6522d60,ut_stdio,,en,validation,ok,,no_reference_solution,0,0,0.75,"measured_pass_at_k(n=2,k=8)",
rstar-6831b109e34b,ut_stdio,,en,train,ok,,no_reference_solution,0,0,0.5,"measured_pass_at_k(n=2,k=8)",0.375
rstar-fee1d8fb9274,ut_stdio,,en,train,ok,,no_reference_solution;HARD_BUT_PARTIAL_SIGNAL,0,0,0.25,"measured_pass_at_k(n=2,k=8)",0.0
rstar-be970dad7e81,ut_stdio,,en,validation,ok,,no_reference_solution,0,0,0.75,"measured_pass_at_k(n=2,k=8)",
rstar-fcac180a0de8,ut_stdio,,en,test,ok,,no_reference_solution,0,0,0.5,"measured_pass_at_k(n=2,k=8)",
rstar-7bd271fc3fd1,ut_stdio,,en,excluded,excluded,TOO_HARD,no_reference_solution,0,0,0.25,"measured_pass_at_k(n=2,k=8)",0.0
rstar-735ae0826a9a,ut_stdio,,en,excluded,excluded,TOO_EASY,no_reference_solution,0,0,0.5,"measured_pass_at_k(n=2,k=8)",1.0
rstar-1c4f923828fe,ut_stdio,,en,train,ok,,no_reference_solution,0,0,0.5,"measured_pass_at_k(n=2,k=8)",0.75
opencodeinstruct-646499d632d6,ut_function,,en,train,ok,,PROMPT_FIX_ENTRY_POINT,0,0,0.25,"measured_pass_at_k(n=2,k=8)",0.75
opencodeinstruct-798e10c29b82,ut_function,,en,excluded,excluded,TOO_EASY,PROMPT_FIX_ENTRY_POINT,0,0,0.25,"measured_pass_at_k(n=2,k=8)",1.0
opencodeinstruct-0a69ad27dada,ut_function,,en,excluded,excluded,TOO_EASY,PROMPT_FIX_ENTRY_POINT,0,0,0.25,"measured_pass_at_k(n=2,k=8)",1.0
opencodeinstruct-c97521ca92ee,ut_function,,en,test,ok,,PROMPT_FIX_ENTRY_POINT,0,0,0.25,"measured_pass_at_k(n=2,k=8)",
opencodeinstruct-c801fb55af82,ut_function,,en,excluded,excluded,TOO_EASY,PROMPT_FIX_ENTRY_POINT,0,0,0.75,"measured_pass_at_k(n=2,k=8)",1.0
opencodeinstruct-c0aab0a683be,ut_function,,en,excluded,excluded,TOO_EASY,PROMPT_FIX_ENTRY_POINT,0,0,0.5,"measured_pass_at_k(n=2,k=8)",1.0
opencodeinstruct-0d3183344931,ut_function,,en,validation,ok,,PROMPT_FIX_ENTRY_POINT,0,0,0.5,"measured_pass_at_k(n=2,k=8)",
opencodeinstruct-e011532c214f,ut_function,,en,excluded,excluded,TOO_HARD,PROMPT_FIX_ENTRY_POINT,0,0,0.25,"measured_pass_at_k(n=2,k=8)",0.0
opencodeinstruct-7f7fe5d70377,ut_function,,en,train,ok,,PROMPT_FIX_ENTRY_POINT,0,0,0.25,"measured_pass_at_k(n=2,k=8)",0.125
opencodeinstruct-f3e7ba60c971,ut_function,,en,excluded,excluded,TOO_EASY,PROMPT_FIX_ENTRY_POINT,0,0,0.25,"measured_pass_at_k(n=2,k=16)",1.0
opencodeinstruct-447533f4c1cc,ut_function,,en,test,ok,,PROMPT_FIX_ENTRY_POINT,0,0,0.25,"measured_pass_at_k(n=2,k=8)",
opencodeinstruct-818684e91da5,ut_function,,en,excluded,excluded,TOO_EASY,PROMPT_FIX_ENTRY_POINT,0,0,0.25,"measured_pass_at_k(n=2,k=8)",1.0
opencodeinstruct-26a6ea373489,ut_function,,en,excluded,excluded,TOO_EASY,PROMPT_FIX_ENTRY_POINT,0,0,0.5,"measured_pass_at_k(n=2,k=8)",1.0
opencodeinstruct-4ba9593afef8,ut_function,,en,excluded,excluded,TOO_EASY,PROMPT_FIX_ENTRY_POINT,0,0,0.75,"measured_pass_at_k(n=2,k=8)",1.0
opencodeinstruct-c5a4444c8703,ut_function,,en,excluded,excluded,TOO_EASY,PROMPT_FIX_ENTRY_POINT,0,0,0.25,"measured_pass_at_k(n=2,k=8)",1.0
opencodeinstruct-a1dd05e8b51e,ut_function,,en,excluded,excluded,TOO_EASY,PROMPT_FIX_ENTRY_POINT,0,0,0.75,"measured_pass_at_k(n=2,k=8)",1.0
opencodeinstruct-b8af43414f10,ut_function,,en,excluded,excluded,TOO_EASY,PROMPT_FIX_ENTRY_POINT,0,0,0.5,"measured_pass_at_k(n=2,k=8)",1.0
opencodeinstruct-4d7f0a12a201,ut_function,,en,excluded,excluded,TOO_EASY,PROMPT_FIX_ENTRY_POINT,0,0,0.375,"measured_pass_at_k(n=2,k=16)",1.0
opencodeinstruct-df7d07a59ab4,ut_function,,en,test,ok,,PROMPT_FIX_ENTRY_POINT,0,0,0.5,"measured_pass_at_k(n=2,k=8)",
opencodeinstruct-de3fd05f92bd,ut_function,,en,excluded,excluded,TOO_EASY,PROMPT_FIX_ENTRY_POINT,0,0,0.5,"measured_pass_at_k(n=2,k=8)",1.0
opencodeinstruct-9779ded0aa1f,ut_function,,en,excluded,excluded,TOO_HARD,PROMPT_FIX_ENTRY_POINT,0,0,0.25,"measured_pass_at_k(n=2,k=8)",0.0
opencodeinstruct-8d5b7884477f,ut_function,,en,excluded,excluded,TOO_EASY,PROMPT_FIX_ENTRY_POINT,0,0,0.5,"measured_pass_at_k(n=2,k=8)",1.0
opencodeinstruct-37d0a3ae61b0,ut_function,,en,excluded,excluded,TOO_EASY,PROMPT_FIX_ENTRY_POINT,0,0,0.25,"measured_pass_at_k(n=2,k=8)",1.0
opencodeinstruct-e76b37cbf71e,ut_function,,en,excluded,excluded,TOO_EASY,PROMPT_FIX_ENTRY_POINT,0,0,0.25,"measured_pass_at_k(n=2,k=16)",1.0
opencodeinstruct-9e0599453045,ut_function,,en,validation,ok,,PROMPT_FIX_ENTRY_POINT,0,0,0.75,"measured_pass_at_k(n=2,k=8)",
opencodeinstruct-3ec1f2232015,ut_function,,en,train,ok,,PROMPT_FIX_ENTRY_POINT,0,0,0.75,"measured_pass_at_k(n=2,k=8)",0.875
opencodeinstruct-9fb0d953c3a0,ut_function,,en,excluded,excluded,TOO_EASY,PROMPT_FIX_ENTRY_POINT,0,0,0.5,"measured_pass_at_k(n=2,k=8)",1.0
opencodeinstruct-8ca27cf5363d,ut_function,,en,excluded,excluded,TOO_EASY,PROMPT_FIX_ENTRY_POINT,0,0,0.5,"measured_pass_at_k(n=2,k=8)",1.0
opencodeinstruct-c9db77106c05,ut_function,,en,excluded,excluded,TOO_EASY,PROMPT_FIX_ENTRY_POINT,0,0,0.5,"measured_pass_at_k(n=2,k=8)",1.0
opencodeinstruct-bd6169ab51b5,ut_function,,en,excluded,excluded,TOO_HARD,PROMPT_FIX_ENTRY_POINT,0,0,0.5,"measured_pass_at_k(n=2,k=8)",0.0
opencodeinstruct-8fe63dbcf50b,ut_function,,en,excluded,excluded,TOO_EASY,PROMPT_FIX_ENTRY_POINT,0,0,0.5,"measured_pass_at_k(n=2,k=8)",1.0
opencodeinstruct-5d634f7be666,ut_function,,en,excluded,excluded,TOO_EASY,PROMPT_FIX_ENTRY_POINT,0,0,0.25,"measured_pass_at_k(n=1,k=4)",1.0
opencodeinstruct-93d083b6470c,ut_function,,en,excluded,excluded,TOO_EASY,PROMPT_FIX_ENTRY_POINT,0,0,0.25,"measured_pass_at_k(n=2,k=8)",1.0
opencodeinstruct-e919f28aeca7,ut_function,,en,excluded,excluded,TOO_EASY,PROMPT_FIX_ENTRY_POINT,0,0,0.75,"measured_pass_at_k(n=2,k=8)",1.0
kodcode-acd670a77b67,ut_pytest,,en,train,ok,,PROMPT_FIX_ENTRY_POINT,0,0,0.25,"measured_pass_at_k(n=2,k=16)",0.75
opencodeinstruct-740d583ff342,ut_function,,en,excluded,excluded,TOO_EASY,PROMPT_FIX_ENTRY_POINT,0,0,0.25,"measured_pass_at_k(n=2,k=8)",1.0
kodcode-e45044476280,ut_pytest,,en,excluded,excluded,TOO_HARD,PROMPT_FIX_ENTRY_POINT,0,0,0.25,"measured_pass_at_k(n=2,k=8)",0.0
kodcode-a379a44cded2,ut_pytest,,en,train,ok,,PROMPT_FIX_ENTRY_POINT,0,0,0.25,"measured_pass_at_k(n=2,k=8)",0.75
kodcode-b6940af42c88,ut_pytest,,en,train,ok,,PROMPT_FIX_ENTRY_POINT,0,0,0.25,"measured_pass_at_k(n=2,k=8)",0.25
kodcode-f1b7bcc61859,ut_pytest,,en,excluded,excluded,TOO_HARD,PROMPT_FIX_ENTRY_POINT,0,0,0.5,"measured_pass_at_k(n=2,k=8)",0.0
opencodeinstruct-72ac043433e8,ut_function,,en,excluded,excluded,TOO_EASY,PROMPT_FIX_ENTRY_POINT,0,0,0.25,"measured_pass_at_k(n=2,k=8)",1.0
kodcode-c660817de70d,ut_pytest,,en,validation,ok,,PROMPT_FIX_ENTRY_POINT,0,0,0.5,"measured_pass_at_k(n=2,k=8)",
kodcode-f6e5287a4e76,ut_pytest,,en,validation,ok,,PROMPT_FIX_ENTRY_POINT,0,0,0.75,"measured_pass_at_k(n=2,k=8)",
kodcode-a41db0d3a1a2,ut_pytest,,en,excluded,excluded,TOO_EASY,PROMPT_FIX_ENTRY_POINT,0,0,0.5,"measured_pass_at_k(n=2,k=8)",1.0
kodcode-1e383ad28136,ut_pytest,,en,train,ok,,PROMPT_FIX_ENTRY_POINT,0,0,0.25,"measured_pass_at_k(n=2,k=8)",0.875
kodcode-270ca05250e8,ut_pytest,,en,excluded,excluded,TOO_EASY,PROMPT_FIX_ENTRY_POINT,0,0,0.5,"measured_pass_at_k(n=2,k=8)",1.0
kodcode-87699ac4e04c,ut_pytest,,en,excluded,excluded,TOO_EASY,PROMPT_FIX_ENTRY_POINT,0,0,0.25,"measured_pass_at_k(n=2,k=8)",1.0
kodcode-a30caa91cc9b,ut_pytest,,en,excluded,excluded,TOO_EASY,PROMPT_FIX_ENTRY_POINT,0,0,0.25,"measured_pass_at_k(n=2,k=8)",1.0
kodcode-42ffeafce041,ut_pytest,,en,excluded,excluded,TOO_EASY,PROMPT_FIX_ENTRY_POINT,0,0,0.75,"measured_pass_at_k(n=2,k=8)",1.0
kodcode-51987ca1102b,ut_pytest,,en,excluded,excluded,TOO_EASY,PROMPT_FIX_ENTRY_POINT,0,0,0.75,"measured_pass_at_k(n=2,k=8)",1.0
kodcode-3b96e0db689e,ut_pytest,,en,excluded,excluded,TOO_HARD,PROMPT_FIX_ENTRY_POINT,0,0,0.25,"measured_pass_at_k(n=2,k=8)",0.0
kodcode-914bfd1e7dcf,ut_pytest,,en,excluded,excluded,TOO_HARD,PROMPT_FIX_ENTRY_POINT,0,0,0.5,"measured_pass_at_k(n=2,k=16)",0.0
kodcode-f13b9a7141d9,ut_pytest,,en,train,ok,,PROMPT_FIX_ENTRY_POINT,0,0,0.25,"measured_pass_at_k(n=2,k=16)",0.125
kodcode-1d4fb9a1ec4e,ut_pytest,,en,validation,ok,,PROMPT_FIX_ENTRY_POINT,0,0,0.75,"measured_pass_at_k(n=2,k=8)",
kodcode-7853d6e3bd45,ut_pytest,,en,train,ok,,PROMPT_FIX_ENTRY_POINT,0,0,0.5,"measured_pass_at_k(n=2,k=8)",0.375
kodcode-f16b73e8c6e2,ut_pytest,,en,train,ok,,PROMPT_FIX_ENTRY_POINT,0,0,0.5,"measured_pass_at_k(n=2,k=8)",0.25
kodcode-7301d3b3b0f4,ut_pytest,,en,excluded,excluded,TOO_EASY,PROMPT_FIX_ENTRY_POINT,0,0,0.5,"measured_pass_at_k(n=2,k=8)",1.0
kodcode-2b5333e0b581,ut_pytest,,en,train,ok,,PROMPT_FIX_ENTRY_POINT,0,0,0.5,"measured_pass_at_k(n=2,k=8)",0.75
kodcode-394367e33622,ut_pytest,,en,excluded,excluded,TOO_EASY,PROMPT_FIX_ENTRY_POINT,0,0,0.25,"measured_pass_at_k(n=2,k=8)",1.0
kodcode-80a032e0a63d,ut_pytest,,en,excluded,excluded,TOO_EASY,PROMPT_FIX_ENTRY_POINT,0,0,0.25,"measured_pass_at_k(n=2,k=8)",1.0
kodcode-f8403e9204ef,ut_pytest,,en,train,ok,,PROMPT_FIX_ENTRY_POINT,0,0,0.375,"measured_pass_at_k(n=2,k=16)",0.125
kodcode-d88db477785a,ut_pytest,,en,excluded,excluded,TOO_HARD,PROMPT_FIX_ENTRY_POINT,0,0,0.25,"measured_pass_at_k(n=2,k=8)",0.0
kodcode-ed3808e9896e,ut_pytest,,en,train,ok,,PROMPT_FIX_ENTRY_POINT,0,0,0.5,"measured_pass_at_k(n=2,k=8)",0.875
kodcode-fe18b4dfa749,ut_pytest,,en,train,ok,,PROMPT_FIX_ENTRY_POINT,0,0,0.25,"measured_pass_at_k(n=2,k=8)",0.625
kodcode-37bd7f633487,ut_pytest,,en,train,ok,,HARD_BUT_PARTIAL_SIGNAL;PROMPT_FIX_ENTRY_POINT,0,0,0.75,"measured_pass_at_k(n=2,k=8)",0.0
ko-native-fb68261f4961,ut_function,,ko,excluded,excluded,TOO_EASY,PROMPT_FIX_ENTRY_POINT,0,0,0.5,"measured_pass_at_k(n=1,k=4)",1.0
ko-native-14d6cfb2e531,ut_function,,ko,excluded,excluded,TOO_EASY,PROMPT_FIX_ENTRY_POINT,0,0,0.5,"measured_pass_at_k(n=1,k=4)",1.0
ko-native-80f6dd84aa55,ut_function,,ko,train,ok,,HARD_BUT_PARTIAL_SIGNAL;PROMPT_FIX_ENTRY_POINT,0,0,0.5,"measured_pass_at_k(n=1,k=4)",0.0
rstar-ce64c923d2c9,ut_stdio,,en,excluded,excluded,TOO_EASY,no_reference_solution,0,0,0.25,"measured_pass_at_k(n=2,k=8)",1.0
rstar-4ee96d30c326,ut_stdio,,en,train,ok,,no_reference_solution,0,0,0.5,"measured_pass_at_k(n=2,k=8)",0.875
rstar-7ff7d84e7993,ut_stdio,,en,excluded,excluded,TOO_EASY,no_reference_solution,0,0,0.25,"measured_pass_at_k(n=2,k=8)",1.0
rstar-552b589957f6,ut_stdio,,en,train,ok,,no_reference_solution,0,0,0.25,"measured_pass_at_k(n=2,k=8)",0.75
rstar-a2e0fa3a50ff,ut_stdio,,en,excluded,excluded,TOO_EASY,no_reference_solution,0,0,0.5,"measured_pass_at_k(n=2,k=8)",1.0
rstar-6a05f5d25b6b,ut_stdio,,en,train,ok,,no_reference_solution,0,0,0.75,"measured_pass_at_k(n=2,k=8)",0.75
rstar-b9514737f87f,ut_stdio,,en,train,ok,,no_reference_solution,0,0,0.5,"measured_pass_at_k(n=2,k=8)",0.25
rstar-2351604223c4,ut_stdio,,en,train,ok,,no_reference_solution,0,0,0.375,"measured_pass_at_k(n=2,k=16)",0.875
rstar-27a418cb6190,ut_stdio,,en,train,ok,,no_reference_solution,0,0,0.75,"measured_pass_at_k(n=2,k=8)",0.125
rstar-9e4c5b69bb6e,ut_stdio,,en,train,ok,,no_reference_solution,0,0,0.5,"measured_pass_at_k(n=2,k=8)",0.875
rstar-6ddb21f66316,ut_stdio,,en,excluded,excluded,TOO_EASY,no_reference_solution,0,0,0.25,"measured_pass_at_k(n=2,k=8)",1.0
rstar-cef374ad1fac,ut_stdio,,en,excluded,excluded,TOO_EASY,no_reference_solution,0,0,0.375,"measured_pass_at_k(n=2,k=16)",1.0
rstar-2266e19ae533,ut_stdio,,en,excluded,excluded,TOO_EASY,no_reference_solution,0,0,0.5,"measured_pass_at_k(n=2,k=8)",1.0
rstar-650c7e312358,ut_stdio,,en,train,ok,,no_reference_solution,0,0,0.25,"measured_pass_at_k(n=2,k=8)",0.25
rstar-7fc23695839a,ut_stdio,,en,train,ok,,no_reference_solution;HARD_BUT_PARTIAL_SIGNAL,0,0,0.5,"measured_pass_at_k(n=2,k=8)",0.0
rstar-31b7480108ca,ut_stdio,,en,validation,ok,,no_reference_solution,0,0,0.5,"measured_pass_at_k(n=2,k=8)",
rstar-3e9d00063b2c,ut_stdio,,en,excluded,excluded,TOO_EASY,no_reference_solution,0,0,0.75,"measured_pass_at_k(n=2,k=8)",1.0
rstar-a3d3f5763537,ut_stdio,,en,train,ok,,no_reference_solution,0,0,0.75,"measured_pass_at_k(n=2,k=8)",0.625
rstar-c97cdacca531,ut_stdio,,en,train,ok,,no_reference_solution,0,0,0.25,"measured_pass_at_k(n=2,k=8)",0.875
rstar-1f0f79a63b81,ut_stdio,,en,excluded,excluded,TOO_EASY,no_reference_solution,0,0,0.375,"measured_pass_at_k(n=2,k=16)",1.0
rstar-322cac78fbd2,ut_stdio,,en,excluded,excluded,TOO_EASY,no_reference_solution,0,0,0.5,"measured_pass_at_k(n=2,k=8)",1.0
rstar-9834d0ac4180,ut_stdio,,en,validation,ok,,no_reference_solution,0,0,0.5,"measured_pass_at_k(n=2,k=8)",
rstar-6dbe69ca4181,ut_stdio,,en,train,ok,,no_reference_solution,0,0,0.25,"measured_pass_at_k(n=2,k=8)",0.875
opencodeinstruct-a45579254473,ut_function,,en,excluded,excluded,TOO_EASY,PROMPT_FIX_ENTRY_POINT,0,0,0.75,"measured_pass_at_k(n=2,k=8)",1.0
opencodeinstruct-1689873d0f2a,ut_function,,en,validation,ok,,PROMPT_FIX_ENTRY_POINT,0,0,0.5,"measured_pass_at_k(n=2,k=8)",
opencodeinstruct-dea32ba15254,ut_function,,en,excluded,excluded,TOO_EASY,PROMPT_FIX_ENTRY_POINT,0,0,0.25,"measured_pass_at_k(n=2,k=8)",1.0
opencodeinstruct-64402df67f62,ut_function,,en,excluded,excluded,TOO_EASY,PROMPT_FIX_ENTRY_POINT,0,0,0.25,"measured_pass_at_k(n=2,k=8)",1.0
opencodeinstruct-d7ba184f5a1e,ut_function,,en,test,ok,,PROMPT_FIX_ENTRY_POINT,0,0,0.5,"measured_pass_at_k(n=2,k=8)",
opencodeinstruct-a50100778c00,ut_function,,en,train,ok,,PROMPT_FIX_ENTRY_POINT,0,0,0.25,"measured_pass_at_k(n=2,k=8)",0.875
opencodeinstruct-2a4dc8b60ad6,ut_function,,en,excluded,excluded,TOO_EASY,PROMPT_FIX_ENTRY_POINT,0,0,0.5,"measured_pass_at_k(n=2,k=8)",1.0
opencodeinstruct-38345efc89b7,ut_function,,en,excluded,excluded,TOO_EASY,PROMPT_FIX_ENTRY_POINT,0,0,0.5,"measured_pass_at_k(n=2,k=8)",1.0
opencodeinstruct-0aeeae17bd50,ut_function,,en,excluded,excluded,TOO_EASY,PROMPT_FIX_ENTRY_POINT,0,0,0.5,"measured_pass_at_k(n=2,k=8)",1.0
opencodeinstruct-1cb47c551cea,ut_function,,en,train,ok,,PROMPT_FIX_ENTRY_POINT,0,0,0.25,"measured_pass_at_k(n=2,k=8)",0.5
opencodeinstruct-0fafc16f0cdc,ut_function,,en,test,ok,,PROMPT_FIX_ENTRY_POINT,0,0,0.5,"measured_pass_at_k(n=2,k=8)",
opencodeinstruct-abc449cbbcc6,ut_function,,en,train,ok,,PROMPT_FIX_ENTRY_POINT,0,0,0.25,"measured_pass_at_k(n=2,k=8)",0.25
opencodeinstruct-e797042e037c,ut_function,,en,excluded,excluded,TOO_EASY,PROMPT_FIX_ENTRY_POINT,0,0,0.75,"measured_pass_at_k(n=2,k=8)",1.0
opencodeinstruct-385aede6241a,ut_function,,en,excluded,excluded,TOO_EASY,PROMPT_FIX_ENTRY_POINT,0,0,0.25,"measured_pass_at_k(n=2,k=8)",1.0
opencodeinstruct-5137d649d520,ut_function,,en,excluded,excluded,TOO_EASY,PROMPT_FIX_ENTRY_POINT,0,0,0.375,"measured_pass_at_k(n=2,k=16)",1.0
opencodeinstruct-cbf415a84a08,ut_function,,en,excluded,excluded,TOO_HARD,PROMPT_FIX_ENTRY_POINT,0,0,0.5,"measured_pass_at_k(n=2,k=8)",0.0
opencodeinstruct-243f320461b9,ut_function,,en,excluded,excluded,TOO_HARD,PROMPT_FIX_ENTRY_POINT,0,0,0.5,"measured_pass_at_k(n=2,k=8)",0.0
opencodeinstruct-b94171af8fd8,ut_function,,en,excluded,excluded,TOO_EASY,PROMPT_FIX_ENTRY_POINT,0,0,0.75,"measured_pass_at_k(n=2,k=8)",1.0
opencodeinstruct-e6700833b5c8,ut_function,,en,excluded,excluded,TOO_EASY,PROMPT_FIX_ENTRY_POINT,0,0,0.25,"measured_pass_at_k(n=2,k=8)",1.0
opencodeinstruct-097d551b09da,ut_function,,en,test,ok,,PROMPT_FIX_ENTRY_POINT,0,0,0.5,"measured_pass_at_k(n=2,k=8)",
opencodeinstruct-aa85946dd691,ut_function,,en,validation,ok,,PROMPT_FIX_ENTRY_POINT,0,0,0.25,"measured_pass_at_k(n=2,k=8)",
opencodeinstruct-464c537de6e1,ut_function,,en,excluded,excluded,TOO_EASY,PROMPT_FIX_ENTRY_POINT,0,0,0.25,"measured_pass_at_k(n=2,k=8)",1.0
opencodeinstruct-787e67392099,ut_function,,en,train,ok,,PROMPT_FIX_ENTRY_POINT,0,0,0.25,"measured_pass_at_k(n=2,k=16)",0.625
opencodeinstruct-25be7f71cc97,ut_function,,en,excluded,excluded,TOO_HARD,PROMPT_FIX_ENTRY_POINT,0,0,0.25,"measured_pass_at_k(n=2,k=8)",0.0
opencodeinstruct-548c481671a4,ut_function,,en,excluded,excluded,TOO_EASY,PROMPT_FIX_ENTRY_POINT,0,0,0.75,"measured_pass_at_k(n=2,k=8)",1.0
opencodeinstruct-fc32eedf2b25,ut_function,,en,excluded,excluded,TOO_EASY,PROMPT_FIX_ENTRY_POINT,0,0,0.5,"measured_pass_at_k(n=2,k=8)",1.0
opencodeinstruct-86bba9850b89,ut_function,,en,excluded,excluded,TOO_EASY,PROMPT_FIX_ENTRY_POINT,0,0,0.25,"measured_pass_at_k(n=2,k=8)",1.0
opencodeinstruct-b115b71b8892,ut_function,,en,excluded,excluded,TOO_EASY,PROMPT_FIX_ENTRY_POINT,0,0,0.5,"measured_pass_at_k(n=2,k=8)",1.0
opencodeinstruct-376d47dfb08a,ut_function,,en,excluded,excluded,TOO_EASY,PROMPT_FIX_ENTRY_POINT,0,0,0.5,"measured_pass_at_k(n=2,k=8)",1.0
opencodeinstruct-b5e9ee938e6d,ut_function,,en,excluded,excluded,TOO_EASY,PROMPT_FIX_ENTRY_POINT,0,0,0.5,"measured_pass_at_k(n=2,k=8)",1.0
opencodeinstruct-5e0cd1dc4922,ut_function,,en,excluded,excluded,TOO_HARD,PROMPT_FIX_ENTRY_POINT,0,0,0.25,"measured_pass_at_k(n=2,k=8)",0.0
opencodeinstruct-8d3d946bc00c,ut_function,,en,excluded,excluded,TOO_EASY,PROMPT_FIX_ENTRY_POINT,0,0,0.25,"measured_pass_at_k(n=2,k=16)",1.0
opencodeinstruct-cce17db0fa06,ut_function,,en,excluded,excluded,TOO_EASY,PROMPT_FIX_ENTRY_POINT,0,0,0.25,"measured_pass_at_k(n=2,k=8)",1.0
opencodeinstruct-7fe6d13bf2c7,ut_function,,en,excluded,excluded,TOO_EASY,PROMPT_FIX_ENTRY_POINT,0,0,0.5,"measured_pass_at_k(n=2,k=16)",1.0
opencodeinstruct-f08ad623fced,ut_function,,en,excluded,excluded,TOO_EASY,PROMPT_FIX_ENTRY_POINT,0,0,0.5,"measured_pass_at_k(n=2,k=16)",1.0
opencodeinstruct-f8becc81b35b,ut_function,,en,train,ok,,PROMPT_FIX_ENTRY_POINT,0,0,0.25,"measured_pass_at_k(n=2,k=16)",0.25
opencodeinstruct-523cc445ec76,ut_function,,en,excluded,excluded,TOO_EASY,PROMPT_FIX_ENTRY_POINT,0,0,0.25,"measured_pass_at_k(n=2,k=8)",1.0
opencodeinstruct-66f9cf3a7ea9,ut_function,,en,excluded,excluded,TOO_EASY,PROMPT_FIX_ENTRY_POINT,0,0,0.25,"measured_pass_at_k(n=2,k=8)",1.0
kodcode-9b4afbb3f74a,ut_pytest,,en,test,ok,,PROMPT_FIX_ENTRY_POINT,0,0,0.25,"measured_pass_at_k(n=2,k=16)",
kodcode-a223d994b5d2,ut_pytest,,en,excluded,excluded,TOO_EASY,PROMPT_FIX_ENTRY_POINT,0,0,0.5,"measured_pass_at_k(n=2,k=8)",1.0
kodcode-8701a7566e10,ut_pytest,,en,excluded,excluded,TOO_EASY,PROMPT_FIX_ENTRY_POINT,0,0,0.5,"measured_pass_at_k(n=2,k=8)",1.0
kodcode-e07822f2ee41,ut_pytest,,en,train,ok,,PROMPT_FIX_ENTRY_POINT,0,0,0.5,"measured_pass_at_k(n=2,k=8)",0.25
kodcode-102a9c6b9e78,ut_pytest,,en,train,ok,,PROMPT_FIX_ENTRY_POINT,0,0,0.25,"measured_pass_at_k(n=2,k=8)",0.25
kodcode-75aecb03be79,ut_pytest,,en,train,ok,,PROMPT_FIX_ENTRY_POINT,0,0,0.5,"measured_pass_at_k(n=2,k=8)",0.875
kodcode-5ee09ea92625,ut_pytest,,en,excluded,excluded,TOO_EASY,PROMPT_FIX_ENTRY_POINT,0,0,0.25,"measured_pass_at_k(n=2,k=16)",1.0
kodcode-e781edba2ab6,ut_pytest,,en,validation,ok,,PROMPT_FIX_ENTRY_POINT,0,0,0.5,"measured_pass_at_k(n=2,k=8)",
opencodeinstruct-367e4b978e27,ut_function,,en,excluded,excluded,TOO_EASY,PROMPT_FIX_ENTRY_POINT,0,0,0.25,"measured_pass_at_k(n=2,k=8)",1.0
kodcode-5dab763e46b2,ut_pytest,,en,excluded,excluded,TOO_EASY,PROMPT_FIX_ENTRY_POINT,0,0,0.5,"measured_pass_at_k(n=2,k=8)",1.0
opencodeinstruct-fa67504a7c98,ut_function,,en,excluded,excluded,TOO_EASY,PROMPT_FIX_ENTRY_POINT,0,0,0.5,"measured_pass_at_k(n=2,k=8)",1.0
kodcode-85cdc5f37c9e,ut_pytest,,en,test,ok,,PROMPT_FIX_ENTRY_POINT,0,0,0.5,"measured_pass_at_k(n=2,k=8)",
kodcode-30c0c19964d3,ut_pytest,,en,validation,ok,,PROMPT_FIX_ENTRY_POINT,0,0,0.375,"measured_pass_at_k(n=2,k=16)",
kodcode-94d82e010ff2,ut_pytest,,en,test,ok,,PROMPT_FIX_ENTRY_POINT,0,0,0.75,"measured_pass_at_k(n=2,k=8)",
kodcode-3e9667606fac,ut_pytest,,en,test,ok,,PROMPT_FIX_ENTRY_POINT,0,0,0.25,"measured_pass_at_k(n=2,k=8)",
kodcode-1fc115f24b25,ut_pytest,,en,train,ok,,HARD_BUT_PARTIAL_SIGNAL;PROMPT_FIX_ENTRY_POINT,0,0,0.25,"measured_pass_at_k(n=2,k=8)",0.0
kodcode-02ae9151b5ac,ut_pytest,,en,excluded,excluded,TOO_EASY,PROMPT_FIX_ENTRY_POINT,0,0,0.5,"measured_pass_at_k(n=2,k=8)",1.0
kodcode-6dbb17d17ac0,ut_pytest,,en,train,ok,,PROMPT_FIX_ENTRY_POINT,0,0,0.25,"measured_pass_at_k(n=2,k=8)",0.375
kodcode-6f1386d9cd80,ut_pytest,,en,excluded,excluded,TOO_EASY,PROMPT_FIX_ENTRY_POINT,0,0,0.5,"measured_pass_at_k(n=2,k=8)",1.0
kodcode-8a90fa0fa7e2,ut_pytest,,en,excluded,excluded,TOO_EASY,PROMPT_FIX_ENTRY_POINT,0,0,0.25,"measured_pass_at_k(n=2,k=8)",1.0
kodcode-a4fc29d60af0,ut_pytest,,en,train,ok,,PROMPT_FIX_ENTRY_POINT,0,0,0.25,"measured_pass_at_k(n=2,k=8)",0.875
kodcode-69b5a5742e47,ut_pytest,,en,validation,ok,,PROMPT_FIX_ENTRY_POINT,0,0,0.5,"measured_pass_at_k(n=2,k=8)",
kodcode-efb6002d7505,ut_pytest,,en,train,ok,,PROMPT_FIX_ENTRY_POINT,0,0,0.5,"measured_pass_at_k(n=2,k=16)",0.125
kodcode-0906885863c1,ut_pytest,,en,train,ok,,PROMPT_FIX_ENTRY_POINT,0,0,0.5,"measured_pass_at_k(n=2,k=8)",0.75
kodcode-997f328767d7,ut_pytest,,en,excluded,excluded,TOO_EASY,PROMPT_FIX_ENTRY_POINT,0,0,0.25,"measured_pass_at_k(n=2,k=8)",1.0
opencodeinstruct-abb0ee2d2292,ut_function,,en,excluded,excluded,TOO_EASY,PROMPT_FIX_ENTRY_POINT,0,0,0.25,"measured_pass_at_k(n=2,k=8)",1.0
kodcode-13c8a98fba9d,ut_pytest,,en,train,ok,,PROMPT_FIX_ENTRY_POINT,0,0,0.25,"measured_pass_at_k(n=2,k=8)",0.5
kodcode-43d2f4fc2d5b,ut_pytest,,en,train,ok,,PROMPT_FIX_ENTRY_POINT,0,0,0.25,"measured_pass_at_k(n=2,k=8)",0.125
kodcode-00846e1b17ef,ut_pytest,,en,excluded,excluded,TOO_EASY,PROMPT_FIX_ENTRY_POINT,0,0,0.25,"measured_pass_at_k(n=2,k=8)",1.0
kodcode-bfb8f2782e0b,ut_pytest,,en,excluded,excluded,TOO_EASY,PROMPT_FIX_ENTRY_POINT,0,0,0.75,"measured_pass_at_k(n=2,k=8)",1.0
kodcode-102e03366e8e,ut_pytest,,en,excluded,excluded,TOO_EASY,PROMPT_FIX_ENTRY_POINT,0,0,0.25,"measured_pass_at_k(n=2,k=8)",1.0
kodcode-772f249add3e,ut_pytest,,en,excluded,excluded,TOO_EASY,PROMPT_FIX_ENTRY_POINT,0,0,0.5,"measured_pass_at_k(n=2,k=8)",1.0
kodcode-330702abb668,ut_pytest,,en,excluded,excluded,TOO_EASY,PROMPT_FIX_ENTRY_POINT,0,0,0.5,"measured_pass_at_k(n=2,k=8)",1.0
ko-native-26f71865a209,ut_function,,ko,excluded,excluded,TOO_EASY,PROMPT_FIX_ENTRY_POINT,0,0,0.5,"measured_pass_at_k(n=1,k=4)",1.0
rstar-81d461cc8e6f,ut_stdio,,en,train,ok,,no_reference_solution,0,0,0.25,"measured_pass_at_k(n=2,k=8)",0.75
rstar-da69486df31a,ut_stdio,,en,validation,ok,,no_reference_solution,0,0,0.75,"measured_pass_at_k(n=2,k=8)",
rstar-f91ce0a5753f,ut_stdio,,en,excluded,excluded,TOO_EASY,no_reference_solution,0,0,0.5,"measured_pass_at_k(n=2,k=8)",1.0
rstar-c71057c2d3b1,ut_stdio,,en,train,ok,,no_reference_solution,0,0,0.25,"measured_pass_at_k(n=2,k=8)",0.375
rstar-5a7d05ee1617,ut_stdio,,en,train,ok,,no_reference_solution;HARD_BUT_PARTIAL_SIGNAL,0,0,0.5,"measured_pass_at_k(n=2,k=8)",0.0
rstar-24eaffbdaa70,ut_stdio,,en,excluded,excluded,TOO_EASY,no_reference_solution,0,0,0.5,"measured_pass_at_k(n=2,k=8)",1.0
rstar-b18be6a8f45a,ut_stdio,,en,excluded,excluded,TOO_EASY,no_reference_solution,0,0,0.5,"measured_pass_at_k(n=2,k=8)",1.0
rstar-2fa0a0a2a64f,ut_stdio,,en,excluded,excluded,TOO_EASY,no_reference_solution,0,0,0.75,"measured_pass_at_k(n=2,k=8)",1.0
rstar-d2c3aabd09ba,ut_stdio,,en,train,ok,,no_reference_solution,0,0,0.5,"measured_pass_at_k(n=2,k=8)",0.375
rstar-7945f270e95a,ut_stdio,,en,excluded,excluded,TOO_EASY,no_reference_solution,0,0,0.5,"measured_pass_at_k(n=2,k=8)",1.0
rstar-74f3d4fa56b7,ut_stdio,,en,excluded,excluded,TOO_EASY,no_reference_solution,0,0,0.25,"measured_pass_at_k(n=2,k=8)",1.0
rstar-24bee00a52b3,ut_stdio,,en,train,ok,,no_reference_solution,0,0,0.5,"measured_pass_at_k(n=2,k=8)",0.375
rstar-2e2dd7f4e3bb,ut_stdio,,en,train,ok,,no_reference_solution,0,0,0.75,"measured_pass_at_k(n=2,k=8)",0.875
rstar-3d67b7ccbe7b,ut_stdio,,en,validation,ok,,no_reference_solution,0,0,0.5,"measured_pass_at_k(n=2,k=8)",
rstar-fb7b7d687ff6,ut_stdio,,en,test,ok,,no_reference_solution,0,0,0.25,"measured_pass_at_k(n=2,k=8)",
rstar-01d7a6a9b129,ut_stdio,,en,train,ok,,no_reference_solution,0,0,0.25,"measured_pass_at_k(n=2,k=8)",0.625
rstar-936cbac13f34,ut_stdio,,en,excluded,excluded,TOO_EASY,no_reference_solution,0,0,0.25,"measured_pass_at_k(n=2,k=8)",1.0
rstar-1fc359843afc,ut_stdio,,en,train,ok,,no_reference_solution,0,0,0.25,"measured_pass_at_k(n=2,k=8)",0.75
rstar-c5881f50c855,ut_stdio,,en,test,ok,,no_reference_solution,0,0,0.25,"measured_pass_at_k(n=2,k=8)",
rstar-e593b45bc520,ut_stdio,,en,excluded,excluded,TOO_EASY,no_reference_solution,0,0,0.5,"measured_pass_at_k(n=2,k=8)",1.0
opencodeinstruct-13f52f0e7068,ut_function,,en,excluded,excluded,TOO_EASY,PROMPT_FIX_ENTRY_POINT,0,0,0.25,"measured_pass_at_k(n=2,k=8)",1.0
opencodeinstruct-8c79d02d5435,ut_function,,en,excluded,excluded,TOO_EASY,PROMPT_FIX_ENTRY_POINT,0,0,0.75,"measured_pass_at_k(n=2,k=8)",1.0
opencodeinstruct-aedbf70a4c7d,ut_function,,en,train,ok,,HARD_BUT_PARTIAL_SIGNAL;PROMPT_FIX_ENTRY_POINT,0,0,0.25,"measured_pass_at_k(n=2,k=8)",0.0
opencodeinstruct-a3d3722b3fa7,ut_function,,en,train,ok,,PROMPT_FIX_ENTRY_POINT,0,0,0.25,"measured_pass_at_k(n=2,k=8)",0.875
opencodeinstruct-667f14c764a7,ut_function,,en,excluded,excluded,TOO_EASY,PROMPT_FIX_ENTRY_POINT,0,0,0.75,"measured_pass_at_k(n=2,k=8)",1.0
opencodeinstruct-0d81d397966c,ut_function,,en,test,ok,,PROMPT_FIX_ENTRY_POINT,0,0,0.375,"measured_pass_at_k(n=2,k=16)",
opencodeinstruct-1531d45790a5,ut_function,,en,excluded,excluded,TOO_EASY,PROMPT_FIX_ENTRY_POINT,0,0,0.25,"measured_pass_at_k(n=2,k=8)",1.0
opencodeinstruct-13f831d21e8f,ut_function,,en,train,ok,,PROMPT_FIX_ENTRY_POINT,0,0,0.25,"measured_pass_at_k(n=2,k=8)",0.125
opencodeinstruct-10e9370988b1,ut_function,,en,excluded,excluded,TOO_EASY,PROMPT_FIX_ENTRY_POINT,0,0,0.25,"measured_pass_at_k(n=2,k=8)",1.0
opencodeinstruct-419a4cd054b7,ut_function,,en,excluded,excluded,TOO_EASY,PROMPT_FIX_ENTRY_POINT,0,0,0.25,"measured_pass_at_k(n=2,k=8)",1.0
opencodeinstruct-f17c50bfe5ce,ut_function,,en,excluded,excluded,TOO_EASY,PROMPT_FIX_ENTRY_POINT,0,0,0.25,"measured_pass_at_k(n=2,k=8)",1.0
opencodeinstruct-fe2da136e867,ut_function,,en,test,ok,,PROMPT_FIX_ENTRY_POINT,0,0,0.25,"measured_pass_at_k(n=2,k=8)",
opencodeinstruct-411dfed1786e,ut_function,,en,test,ok,,PROMPT_FIX_ENTRY_POINT,0,0,0.75,"measured_pass_at_k(n=2,k=8)",
opencodeinstruct-9914c62eef99,ut_function,,en,excluded,excluded,TOO_EASY,PROMPT_FIX_ENTRY_POINT,0,0,0.25,"measured_pass_at_k(n=2,k=8)",1.0
opencodeinstruct-43854731825b,ut_function,,en,validation,ok,,PROMPT_FIX_ENTRY_POINT,0,0,0.25,"measured_pass_at_k(n=2,k=16)",
opencodeinstruct-38ffcb0db097,ut_function,,en,excluded,excluded,TOO_EASY,PROMPT_FIX_ENTRY_POINT,0,0,0.25,"measured_pass_at_k(n=2,k=8)",1.0
opencodeinstruct-d155831b7b75,ut_function,,en,excluded,excluded,TOO_EASY,PROMPT_FIX_ENTRY_POINT,0,0,0.5,"measured_pass_at_k(n=2,k=8)",1.0
opencodeinstruct-dd017a7857e8,ut_function,,en,test,ok,,PROMPT_FIX_ENTRY_POINT,0,0,0.5,"measured_pass_at_k(n=2,k=8)",
opencodeinstruct-f135bebaaae8,ut_function,,en,excluded,excluded,TOO_EASY,PROMPT_FIX_ENTRY_POINT,0,0,0.25,"measured_pass_at_k(n=2,k=8)",1.0
opencodeinstruct-19fea6e7b57d,ut_function,,en,excluded,excluded,TOO_EASY,PROMPT_FIX_ENTRY_POINT,0,0,0.25,"measured_pass_at_k(n=2,k=8)",1.0
opencodeinstruct-0aac0e6f73c0,ut_function,,en,excluded,excluded,TOO_EASY,PROMPT_FIX_ENTRY_POINT,0,0,0.25,"measured_pass_at_k(n=2,k=8)",1.0
opencodeinstruct-cc410b2ac677,ut_function,,en,test,ok,,PROMPT_FIX_ENTRY_POINT,0,0,0.5,"measured_pass_at_k(n=2,k=8)",
opencodeinstruct-5f95307170fd,ut_function,,en,excluded,excluded,TOO_EASY,PROMPT_FIX_ENTRY_POINT,0,0,0.25,"measured_pass_at_k(n=2,k=8)",1.0
opencodeinstruct-d2bdec051e76,ut_function,,en,excluded,excluded,TOO_EASY,PROMPT_FIX_ENTRY_POINT,0,0,0.25,"measured_pass_at_k(n=2,k=8)",1.0
opencodeinstruct-5ade457e8670,ut_function,,en,excluded,excluded,TOO_EASY,PROMPT_FIX_ENTRY_POINT,0,0,0.25,"measured_pass_at_k(n=2,k=8)",1.0
opencodeinstruct-6d622d86eded,ut_function,,en,excluded,excluded,TOO_EASY,PROMPT_FIX_ENTRY_POINT,0,0,0.5,"measured_pass_at_k(n=1,k=8)",1.0
opencodeinstruct-38149b140bf1,ut_function,,en,test,ok,,PROMPT_FIX_ENTRY_POINT,0,0,0.5,"measured_pass_at_k(n=2,k=8)",
opencodeinstruct-f9978371f334,ut_function,,en,test,ok,,PROMPT_FIX_ENTRY_POINT,0,0,0.5,"measured_pass_at_k(n=2,k=8)",
opencodeinstruct-eac2f90b1cd7,ut_function,,en,excluded,excluded,TOO_EASY,PROMPT_FIX_ENTRY_POINT,0,0,0.75,"measured_pass_at_k(n=2,k=8)",1.0
opencodeinstruct-e1af285ae790,ut_function,,en,excluded,excluded,TOO_EASY,PROMPT_FIX_ENTRY_POINT,0,0,0.75,"measured_pass_at_k(n=2,k=8)",1.0
opencodeinstruct-7d28461617c6,ut_function,,en,train,ok,,PROMPT_FIX_ENTRY_POINT,0,0,0.5,"measured_pass_at_k(n=2,k=8)",0.75
opencodeinstruct-793787cf83b3,ut_function,,en,validation,ok,,PROMPT_FIX_ENTRY_POINT,0,0,0.5,"measured_pass_at_k(n=2,k=8)",
opencodeinstruct-e61e0ca15332,ut_function,,en,excluded,excluded,TOO_EASY,PROMPT_FIX_ENTRY_POINT,0,0,0.5,"measured_pass_at_k(n=2,k=8)",1.0
kodcode-af0732c5e1d6,ut_pytest,,en,excluded,excluded,TOO_EASY,PROMPT_FIX_ENTRY_POINT,0,0,0.5,"measured_pass_at_k(n=2,k=8)",1.0
kodcode-b188f8cf935a,ut_pytest,,en,excluded,excluded,TOO_EASY,PROMPT_FIX_ENTRY_POINT,0,0,0.75,"measured_pass_at_k(n=2,k=8)",1.0
kodcode-db1e633babb6,ut_pytest,,en,train,ok,,PROMPT_FIX_ENTRY_POINT,0,0,0.5,"measured_pass_at_k(n=2,k=8)",0.875
kodcode-4deb6d6ddc10,ut_pytest,,en,test,ok,,PROMPT_FIX_ENTRY_POINT,0,0,0.5,"measured_pass_at_k(n=2,k=8)",
kodcode-7210be8e3fd5,ut_pytest,,en,excluded,excluded,TOO_EASY,PROMPT_FIX_ENTRY_POINT,0,0,0.75,"measured_pass_at_k(n=2,k=8)",1.0
kodcode-41fe2a51bf9b,ut_pytest,,en,train,ok,,PROMPT_FIX_ENTRY_POINT,0,0,0.25,"measured_pass_at_k(n=2,k=8)",0.625
kodcode-21b88150749e,ut_pytest,,en,excluded,excluded,TOO_EASY,PROMPT_FIX_ENTRY_POINT,0,0,0.5,"measured_pass_at_k(n=2,k=8)",1.0
kodcode-53bebef76f4b,ut_pytest,,en,excluded,excluded,TOO_EASY,PROMPT_FIX_ENTRY_POINT,0,0,0.75,"measured_pass_at_k(n=2,k=8)",1.0
kodcode-f0a9c0e99c9c,ut_pytest,,en,train,ok,,HARD_BUT_PARTIAL_SIGNAL;PROMPT_FIX_ENTRY_POINT,0,0,0.25,"measured_pass_at_k(n=2,k=8)",0.0
kodcode-6088349c9b32,ut_pytest,,en,excluded,excluded,TOO_HARD,PROMPT_FIX_ENTRY_POINT,0,0,0.25,"measured_pass_at_k(n=2,k=16)",0.0
opencodeinstruct-b45683663ad3,ut_function,,en,excluded,excluded,TOO_EASY,PROMPT_FIX_ENTRY_POINT,0,0,0.25,"measured_pass_at_k(n=2,k=8)",1.0
kodcode-3d879306568e,ut_pytest,,en,validation,ok,,PROMPT_FIX_ENTRY_POINT,0,0,0.25,"measured_pass_at_k(n=2,k=8)",
kodcode-b34c2a3afea7,ut_pytest,,en,excluded,excluded,TOO_EASY,PROMPT_FIX_ENTRY_POINT,0,0,0.25,"measured_pass_at_k(n=2,k=8)",1.0
kodcode-29eb32ba82fb,ut_pytest,,en,train,ok,,PROMPT_FIX_ENTRY_POINT,0,0,0.25,"measured_pass_at_k(n=2,k=8)",0.875
kodcode-1b52c7f754bd,ut_pytest,,en,train,ok,,PROMPT_FIX_ENTRY_POINT,0,0,0.25,"measured_pass_at_k(n=2,k=8)",0.375
kodcode-2ca1be079e1e,ut_pytest,,en,train,ok,,PROMPT_FIX_ENTRY_POINT,0,0,0.25,"measured_pass_at_k(n=2,k=8)",0.75
kodcode-2a087d69bfb7,ut_pytest,,en,excluded,excluded,TOO_EASY,PROMPT_FIX_ENTRY_POINT,0,0,0.75,"measured_pass_at_k(n=2,k=8)",1.0
kodcode-fa8b7ff10eb0,ut_pytest,,en,excluded,excluded,TOO_EASY,PROMPT_FIX_ENTRY_POINT,0,0,0.25,"measured_pass_at_k(n=2,k=8)",1.0
kodcode-dccb4c9138ed,ut_pytest,,en,test,ok,,PROMPT_FIX_ENTRY_POINT,0,0,0.25,"measured_pass_at_k(n=2,k=8)",
kodcode-011731fc939c,ut_pytest,,en,excluded,excluded,TOO_EASY,PROMPT_FIX_ENTRY_POINT,0,0,0.25,"measured_pass_at_k(n=2,k=8)",1.0
kodcode-42f60cd7e746,ut_pytest,,en,excluded,excluded,TOO_EASY,PROMPT_FIX_ENTRY_POINT,0,0,0.75,"measured_pass_at_k(n=2,k=8)",1.0
kodcode-11c309b90ef8,ut_pytest,,en,excluded,excluded,TOO_EASY,PROMPT_FIX_ENTRY_POINT,0,0,0.5,"measured_pass_at_k(n=2,k=8)",1.0
kodcode-5e5459adc7a7,ut_pytest,,en,test,ok,,PROMPT_FIX_ENTRY_POINT,0,0,0.25,"measured_pass_at_k(n=2,k=8)",
opencodeinstruct-1b8b82fab1f8,ut_function,,en,excluded,excluded,TOO_EASY,PROMPT_FIX_ENTRY_POINT,0,0,0.5,"measured_pass_at_k(n=2,k=8)",1.0
kodcode-ac620e93b489,ut_pytest,,en,excluded,excluded,TOO_EASY,PROMPT_FIX_ENTRY_POINT,0,0,0.25,"measured_pass_at_k(n=2,k=8)",1.0
kodcode-b3abb9558239,ut_pytest,,en,excluded,excluded,TOO_EASY,PROMPT_FIX_ENTRY_POINT,0,0,0.75,"measured_pass_at_k(n=2,k=8)",1.0
kodcode-e46e567f8524,ut_pytest,,en,train,ok,,PROMPT_FIX_ENTRY_POINT,0,0,0.5,"measured_pass_at_k(n=2,k=8)",0.75
kodcode-7733afdff3bc,ut_pytest,,en,train,ok,,PROMPT_FIX_ENTRY_POINT,0,0,0.25,"measured_pass_at_k(n=2,k=8)",0.125
kodcode-ab993fbfc9af,ut_pytest,,en,train,ok,,PROMPT_FIX_ENTRY_POINT,0,0,0.25,"measured_pass_at_k(n=2,k=8)",0.75
kodcode-c0ba225aefd1,ut_pytest,,en,test,ok,,PROMPT_FIX_ENTRY_POINT,0,0,0.25,"measured_pass_at_k(n=2,k=16)",
kodcode-c94eb6bf1167,ut_pytest,,en,test,ok,,PROMPT_FIX_ENTRY_POINT,0,0,0.75,"measured_pass_at_k(n=2,k=8)",
kodcode-fd6ad0a3268e,ut_pytest,,en,train,ok,,PROMPT_FIX_ENTRY_POINT,0,0,0.5,"measured_pass_at_k(n=2,k=8)",0.875
kodcode-c6eb3f0d6eab,ut_pytest,,en,validation,ok,,PROMPT_FIX_ENTRY_POINT,0,0,0.5,"measured_pass_at_k(n=2,k=8)",
kodcode-5bdc02048094,ut_pytest,,en,train,ok,,PROMPT_FIX_ENTRY_POINT,0,0,0.75,"measured_pass_at_k(n=2,k=8)",0.375
kodcode-8cc61e3c53b0,ut_pytest,,en,excluded,excluded,TOO_EASY,PROMPT_FIX_ENTRY_POINT,0,0,0.25,"measured_pass_at_k(n=2,k=8)",1.0
kodcode-89e52bd2f4a7,ut_pytest,,en,excluded,excluded,TOO_EASY,PROMPT_FIX_ENTRY_POINT,0,0,0.5,"measured_pass_at_k(n=2,k=8)",1.0
opencodeinstruct-06361030f115,ut_function,,en,excluded,excluded,TOO_EASY,PROMPT_FIX_ENTRY_POINT,0,0,0.75,"measured_pass_at_k(n=2,k=8)",1.0
kodcode-f1b5522a4f35,ut_pytest,,en,validation,ok,,PROMPT_FIX_ENTRY_POINT,0,0,0.25,"measured_pass_at_k(n=2,k=8)",
kodcode-d7a098809484,ut_pytest,,en,excluded,excluded,TOO_HARD,PROMPT_FIX_ENTRY_POINT,0,0,0.5,"measured_pass_at_k(n=2,k=8)",0.0
kodcode-24e3659b6e38,ut_pytest,,en,train,ok,,PROMPT_FIX_ENTRY_POINT,0,0,0.25,"measured_pass_at_k(n=2,k=8)",0.75
kodcode-e908ae5dfec4,ut_pytest,,en,excluded,excluded,TOO_EASY,PROMPT_FIX_ENTRY_POINT,0,0,0.25,"measured_pass_at_k(n=2,k=8)",1.0
kodcode-d884ef39262f,ut_pytest,,en,train,ok,,PROMPT_FIX_ENTRY_POINT,0,0,0.5,"measured_pass_at_k(n=2,k=8)",0.875
kodcode-3c95bfa21b87,ut_pytest,,en,excluded,excluded,TOO_EASY,PROMPT_FIX_ENTRY_POINT,0,0,0.75,"measured_pass_at_k(n=2,k=8)",1.0
kodcode-75164f6b8ddf,ut_pytest,,en,train,ok,,PROMPT_FIX_ENTRY_POINT,0,0,0.5,"measured_pass_at_k(n=2,k=8)",0.5
opencodeinstruct-a850b752cf9d,ut_function,,en,excluded,excluded,TOO_EASY,PROMPT_FIX_ENTRY_POINT,0,0,0.25,"measured_pass_at_k(n=2,k=8)",1.0
kodcode-55560eb3866e,ut_pytest,,en,excluded,excluded,TOO_HARD,PROMPT_FIX_ENTRY_POINT,0,0,0.5,"measured_pass_at_k(n=2,k=8)",0.0
kodcode-016b56c6a833,ut_pytest,,en,excluded,excluded,TOO_EASY,PROMPT_FIX_ENTRY_POINT,0,0,0.25,"measured_pass_at_k(n=2,k=8)",1.0
opencodeinstruct-27b7a4590ef7,ut_function,,en,test,ok,,PROMPT_FIX_ENTRY_POINT,0,0,0.75,"measured_pass_at_k(n=2,k=8)",
ko-native-8f166fac1cd8,ut_function,,ko,excluded,excluded,TOO_EASY,PROMPT_FIX_ENTRY_POINT,0,0,0.5,"measured_pass_at_k(n=1,k=4)",1.0
ko-native-f210619e1287,ut_function,,ko,train,ok,,PROMPT_FIX_ENTRY_POINT,0,0,0.5,"measured_pass_at_k(n=1,k=4)",0.875
rstar-18a2ac69d036,ut_stdio,,en,excluded,excluded,TOO_EASY,no_reference_solution,0,0,0.5,"measured_pass_at_k(n=2,k=8)",1.0
rstar-0be8cc0c4498,ut_stdio,,en,excluded,excluded,TOO_EASY,no_reference_solution,0,0,0.75,"measured_pass_at_k(n=2,k=8)",1.0
rstar-abdcbedc6966,ut_stdio,,en,train,ok,,no_reference_solution,0,0,0.5,"measured_pass_at_k(n=2,k=8)",0.125
rstar-cb2820c6d109,ut_stdio,,en,validation,ok,,no_reference_solution,0,0,0.5,"measured_pass_at_k(n=2,k=8)",
rstar-8b3a3e0f88b5,ut_stdio,,en,train,ok,,no_reference_solution,0,0,0.5,"measured_pass_at_k(n=2,k=8)",0.25
rstar-71a6d3550db1,ut_stdio,,en,excluded,excluded,TOO_EASY,no_reference_solution,0,0,0.25,"measured_pass_at_k(n=2,k=8)",1.0
rstar-c20288ae8786,ut_stdio,,en,excluded,excluded,TOO_HARD,no_reference_solution,0,0,0.25,"measured_pass_at_k(n=2,k=8)",0.0
rstar-4823e5e127a1,ut_stdio,,en,test,ok,,no_reference_solution,0,0,0.5,"measured_pass_at_k(n=2,k=16)",
rstar-a5e7060f7433,ut_stdio,,en,excluded,excluded,TOO_EASY,no_reference_solution,0,0,0.75,"measured_pass_at_k(n=2,k=8)",1.0
rstar-3530d9f5a50d,ut_stdio,,en,train,ok,,no_reference_solution,0,0,0.25,"measured_pass_at_k(n=2,k=8)",0.5
rstar-1df9e7c7540e,ut_stdio,,en,excluded,excluded,TOO_EASY,no_reference_solution,0,0,0.5,"measured_pass_at_k(n=2,k=8)",1.0
rstar-3074d47ea9e5,ut_stdio,,en,test,ok,,no_reference_solution,0,0,0.75,"measured_pass_at_k(n=2,k=8)",
rstar-deacb8f53c9f,ut_stdio,,en,excluded,excluded,TOO_EASY,no_reference_solution,0,0,0.5,"measured_pass_at_k(n=2,k=8)",1.0
rstar-7e04b400edfe,ut_stdio,,en,train,ok,,no_reference_solution,0,0,0.75,"measured_pass_at_k(n=2,k=8)",0.875
rstar-d343986cb977,ut_stdio,,en,validation,ok,,no_reference_solution,0,0,0.5,"measured_pass_at_k(n=2,k=8)",
rstar-f5476f7433bf,ut_stdio,,en,test,ok,,no_reference_solution,0,0,0.5,"measured_pass_at_k(n=2,k=8)",
rstar-b71113cb1352,ut_stdio,,en,excluded,excluded,TOO_EASY,no_reference_solution,0,0,0.5,"measured_pass_at_k(n=2,k=8)",1.0
rstar-bea70d0bb789,ut_stdio,,en,train,ok,,no_reference_solution,0,0,0.25,"measured_pass_at_k(n=2,k=8)",0.625
rstar-44c4e5574a8a,ut_stdio,,en,excluded,excluded,TOO_EASY,no_reference_solution,0,0,0.5,"measured_pass_at_k(n=2,k=8)",1.0
rstar-ed8ad41dee57,ut_stdio,,en,train,ok,,no_reference_solution,0,0,0.5,"measured_pass_at_k(n=2,k=8)",0.375
rstar-20ce35ef4dc6,ut_stdio,,en,test,ok,,no_reference_solution,0,0,0.25,"measured_pass_at_k(n=2,k=16)",
rstar-be3af45a10f6,ut_stdio,,en,excluded,excluded,TOO_EASY,no_reference_solution,0,0,0.25,"measured_pass_at_k(n=2,k=8)",1.0
rstar-07f583521b39,ut_stdio,,en,train,ok,,no_reference_solution,0,0,0.25,"measured_pass_at_k(n=2,k=8)",0.5
rstar-03bda847556c,ut_stdio,,en,excluded,excluded,TOO_EASY,no_reference_solution,0,0,0.5,"measured_pass_at_k(n=2,k=8)",1.0
rstar-5b35b42cc7d5,ut_stdio,,en,test,ok,,no_reference_solution,0,0,0.5,"measured_pass_at_k(n=2,k=8)",
opencodeinstruct-a7f53ac9e254,ut_function,,en,excluded,excluded,TOO_EASY,PROMPT_FIX_ENTRY_POINT,0,0,0.25,"measured_pass_at_k(n=2,k=16)",1.0
opencodeinstruct-2794b8dadb0c,ut_function,,en,excluded,excluded,TOO_HARD,PROMPT_FIX_ENTRY_POINT,0,0,0.25,"measured_pass_at_k(n=2,k=16)",0.0
opencodeinstruct-87abdd6931bc,ut_function,,en,excluded,excluded,TOO_EASY,PROMPT_FIX_ENTRY_POINT,0,0,0.5,"measured_pass_at_k(n=2,k=8)",1.0
opencodeinstruct-04e180b09cfa,ut_function,,en,excluded,excluded,TOO_EASY,PROMPT_FIX_ENTRY_POINT,0,0,0.375,"measured_pass_at_k(n=2,k=16)",1.0
opencodeinstruct-0da01c2aa4f8,ut_function,,en,train,ok,,PROMPT_FIX_ENTRY_POINT,0,0,0.25,"measured_pass_at_k(n=2,k=8)",0.75
opencodeinstruct-758a826db26b,ut_function,,en,excluded,excluded,TOO_HARD,PROMPT_FIX_ENTRY_POINT,0,0,0.5,"measured_pass_at_k(n=2,k=8)",0.0
opencodeinstruct-e4ad68f4eb0f,ut_function,,en,test,ok,,PROMPT_FIX_ENTRY_POINT,0,0,0.5,"measured_pass_at_k(n=2,k=16)",
opencodeinstruct-13c52637424c,ut_function,,en,test,ok,,PROMPT_FIX_ENTRY_POINT,0,0,0.5,"measured_pass_at_k(n=2,k=8)",
opencodeinstruct-c00edc423f21,ut_function,,en,excluded,excluded,TOO_EASY,PROMPT_FIX_ENTRY_POINT,0,0,0.5,"measured_pass_at_k(n=2,k=8)",1.0
opencodeinstruct-991e4261d468,ut_function,,en,excluded,excluded,TOO_EASY,PROMPT_FIX_ENTRY_POINT,0,0,0.5,"measured_pass_at_k(n=2,k=8)",1.0
opencodeinstruct-23ce325297d3,ut_function,,en,excluded,excluded,TOO_EASY,PROMPT_FIX_ENTRY_POINT,0,0,0.25,"measured_pass_at_k(n=2,k=8)",1.0
opencodeinstruct-ff8b690b6c14,ut_function,,en,excluded,excluded,TOO_EASY,PROMPT_FIX_ENTRY_POINT,0,0,0.5,"measured_pass_at_k(n=2,k=8)",1.0
opencodeinstruct-6928de8c996b,ut_function,,en,excluded,excluded,TOO_EASY,PROMPT_FIX_ENTRY_POINT,0,0,0.5,"measured_pass_at_k(n=2,k=8)",1.0
opencodeinstruct-2c42434a2747,ut_function,,en,excluded,excluded,TOO_EASY,PROMPT_FIX_ENTRY_POINT,0,0,0.25,"measured_pass_at_k(n=2,k=8)",1.0
opencodeinstruct-649788007ccf,ut_function,,en,excluded,excluded,TOO_EASY,PROMPT_FIX_ENTRY_POINT,0,0,0.75,"measured_pass_at_k(n=2,k=16)",1.0
opencodeinstruct-41eeae30acdf,ut_function,,en,excluded,excluded,TOO_EASY,PROMPT_FIX_ENTRY_POINT,0,0,0.75,"measured_pass_at_k(n=2,k=8)",1.0
opencodeinstruct-027a482a1dcc,ut_function,,en,excluded,excluded,TOO_EASY,PROMPT_FIX_ENTRY_POINT,0,0,0.25,"measured_pass_at_k(n=2,k=8)",1.0
opencodeinstruct-beac09476ea3,ut_function,,en,validation,ok,,PROMPT_FIX_ENTRY_POINT,0,0,0.25,"measured_pass_at_k(n=2,k=16)",
opencodeinstruct-36b797d66705,ut_function,,en,excluded,excluded,TOO_EASY,PROMPT_FIX_ENTRY_POINT,0,0,0.25,"measured_pass_at_k(n=2,k=8)",1.0
opencodeinstruct-dee5d13b0fe4,ut_function,,en,excluded,excluded,TOO_EASY,PROMPT_FIX_ENTRY_POINT,0,0,0.25,"measured_pass_at_k(n=2,k=8)",1.0
opencodeinstruct-07faf4924091,ut_function,,en,excluded,excluded,TOO_EASY,PROMPT_FIX_ENTRY_POINT,0,0,0.25,"measured_pass_at_k(n=2,k=16)",1.0
opencodeinstruct-ba5923fc0380,ut_function,,en,excluded,excluded,TOO_HARD,PROMPT_FIX_ENTRY_POINT,0,0,0.25,"measured_pass_at_k(n=2,k=8)",0.0
opencodeinstruct-d49bfcf24bbb,ut_function,,en,excluded,excluded,TOO_EASY,PROMPT_FIX_ENTRY_POINT,0,0,0.25,"measured_pass_at_k(n=2,k=8)",1.0
opencodeinstruct-52f25a8ae084,ut_function,,en,train,ok,,PROMPT_FIX_ENTRY_POINT,0,0,0.25,"measured_pass_at_k(n=2,k=8)",0.875
opencodeinstruct-a27d64d01133,ut_function,,en,excluded,excluded,TOO_EASY,PROMPT_FIX_ENTRY_POINT,0,0,0.25,"measured_pass_at_k(n=2,k=8)",1.0
opencodeinstruct-c5b26c27959c,ut_function,,en,excluded,excluded,TOO_EASY,PROMPT_FIX_ENTRY_POINT,0,0,0.25,"measured_pass_at_k(n=2,k=8)",1.0
opencodeinstruct-859f6f6b5d4f,ut_function,,en,excluded,excluded,TOO_EASY,PROMPT_FIX_ENTRY_POINT,0,0,0.5,"measured_pass_at_k(n=2,k=8)",1.0
opencodeinstruct-fa37971f95be,ut_function,,en,train,ok,,PROMPT_FIX_ENTRY_POINT,0,0,0.5,"measured_pass_at_k(n=2,k=8)",0.125
opencodeinstruct-892a45128766,ut_function,,en,excluded,excluded,TOO_EASY,PROMPT_FIX_ENTRY_POINT,0,0,0.25,"measured_pass_at_k(n=2,k=8)",1.0
opencodeinstruct-afa08650b8db,ut_function,,en,validation,ok,,PROMPT_FIX_ENTRY_POINT,0,0,0.5,"measured_pass_at_k(n=2,k=8)",
opencodeinstruct-6079ae1c6d67,ut_function,,en,test,ok,,PROMPT_FIX_ENTRY_POINT,0,0,0.5,"measured_pass_at_k(n=2,k=8)",
opencodeinstruct-9e47c48f2396,ut_function,,en,excluded,excluded,TOO_EASY,PROMPT_FIX_ENTRY_POINT,0,0,0.75,"measured_pass_at_k(n=2,k=8)",1.0
opencodeinstruct-48ee80d9f886,ut_function,,en,excluded,excluded,TOO_EASY,PROMPT_FIX_ENTRY_POINT,0,0,0.25,"measured_pass_at_k(n=2,k=8)",1.0
opencodeinstruct-56aa3d623c31,ut_function,,en,train,ok,,PROMPT_FIX_ENTRY_POINT,0,0,0.25,"measured_pass_at_k(n=2,k=8)",0.25
opencodeinstruct-f33ebf781e05,ut_function,,en,excluded,excluded,TOO_EASY,PROMPT_FIX_ENTRY_POINT,0,0,0.5,"measured_pass_at_k(n=2,k=8)",1.0
opencodeinstruct-17458a456028,ut_function,,en,excluded,excluded,TOO_EASY,PROMPT_FIX_ENTRY_POINT,0,0,0.25,"measured_pass_at_k(n=2,k=8)",1.0
opencodeinstruct-6b1b58196bf5,ut_function,,en,train,ok,,PROMPT_FIX_ENTRY_POINT,0,0,0.375,"measured_pass_at_k(n=2,k=16)",0.125
opencodeinstruct-588be3c2492d,ut_function,,en,test,ok,,PROMPT_FIX_ENTRY_POINT,0,0,0.5,"measured_pass_at_k(n=2,k=8)",
opencodeinstruct-7634e518baf2,ut_function,,en,train,ok,,PROMPT_FIX_ENTRY_POINT,0,0,0.25,"measured_pass_at_k(n=2,k=8)",0.125
opencodeinstruct-08e8966d8fb3,ut_function,,en,excluded,excluded,TOO_HARD,PROMPT_FIX_ENTRY_POINT,0,0,0.25,"measured_pass_at_k(n=2,k=8)",0.0
opencodeinstruct-9aeb3be74fe3,ut_function,,en,excluded,excluded,REFERENCE_SOLUTION_FAILS,PROMPT_FIX_ENTRY_POINT,0,0,0.5,"measured_pass_at_k(n=2,k=8)",
opencodeinstruct-9337662071b7,ut_function,,en,excluded,excluded,TOO_EASY,PROMPT_FIX_ENTRY_POINT,0,0,0.75,"measured_pass_at_k(n=2,k=8)",1.0
kodcode-1eb91c83f071,ut_pytest,,en,excluded,excluded,TOO_EASY,PROMPT_FIX_ENTRY_POINT,0,0,0.25,"measured_pass_at_k(n=2,k=8)",1.0
kodcode-6f4f1486bb6f,ut_pytest,,en,excluded,excluded,TOO_EASY,PROMPT_FIX_ENTRY_POINT,0,0,0.25,"measured_pass_at_k(n=2,k=8)",1.0
kodcode-6db4c25e1503,ut_pytest,,en,validation,ok,,PROMPT_FIX_ENTRY_POINT,0,0,0.5,"measured_pass_at_k(n=2,k=16)",
kodcode-6929c2ed83ae,ut_pytest,,en,train,ok,,PROMPT_FIX_ENTRY_POINT,0,0,0.25,"measured_pass_at_k(n=2,k=8)",0.125
kodcode-b2574c8cce80,ut_pytest,,en,train,ok,,PROMPT_FIX_ENTRY_POINT,0,0,0.75,"measured_pass_at_k(n=2,k=8)",0.75
kodcode-eff8bac5a487,ut_pytest,,en,excluded,excluded,TOO_EASY,PROMPT_FIX_ENTRY_POINT,0,0,0.25,"measured_pass_at_k(n=2,k=8)",1.0
kodcode-7e5836085610,ut_pytest,,en,excluded,excluded,TOO_HARD,PROMPT_FIX_ENTRY_POINT,0,0,0.25,"measured_pass_at_k(n=2,k=16)",0.0
opencodeinstruct-eb6c493abca5,ut_function,,en,excluded,excluded,TOO_EASY,PROMPT_FIX_ENTRY_POINT,0,0,0.25,"measured_pass_at_k(n=2,k=16)",1.0
kodcode-68634852e864,ut_pytest,,en,excluded,excluded,TOO_EASY,PROMPT_FIX_ENTRY_POINT,0,0,0.5,"measured_pass_at_k(n=2,k=8)",1.0
kodcode-f5fa4ddad966,ut_pytest,,en,excluded,excluded,TOO_EASY,PROMPT_FIX_ENTRY_POINT,0,0,0.25,"measured_pass_at_k(n=2,k=8)",1.0
kodcode-6bb6aa74e046,ut_pytest,,en,train,ok,,HARD_BUT_PARTIAL_SIGNAL;PROMPT_FIX_ENTRY_POINT,0,0,0.25,"measured_pass_at_k(n=2,k=8)",0.0
kodcode-da4c262b5896,ut_pytest,,en,excluded,excluded,TOO_EASY,PROMPT_FIX_ENTRY_POINT,0,0,0.75,"measured_pass_at_k(n=2,k=8)",1.0
kodcode-f98c7fa0ba0a,ut_pytest,,en,train,ok,,PROMPT_FIX_ENTRY_POINT,0,0,0.5,"measured_pass_at_k(n=2,k=8)",0.25
kodcode-fb10eb6f0d3c,ut_pytest,,en,excluded,excluded,TOO_EASY,PROMPT_FIX_ENTRY_POINT,0,0,0.75,"measured_pass_at_k(n=2,k=8)",1.0
opencodeinstruct-c313a102c384,ut_function,,en,excluded,excluded,TOO_EASY,PROMPT_FIX_ENTRY_POINT,0,0,0.5,"measured_pass_at_k(n=2,k=8)",1.0
kodcode-0bd7f4823f85,ut_pytest,,en,train,ok,,PROMPT_FIX_ENTRY_POINT,0,0,0.25,"measured_pass_at_k(n=2,k=8)",0.25
kodcode-82ba4f6e02b7,ut_pytest,,en,excluded,excluded,TOO_EASY,PROMPT_FIX_ENTRY_POINT,0,0,0.25,"measured_pass_at_k(n=2,k=8)",1.0
kodcode-dd98a2eda601,ut_pytest,,en,excluded,excluded,TOO_EASY,PROMPT_FIX_ENTRY_POINT,0,0,0.5,"measured_pass_at_k(n=2,k=8)",1.0
kodcode-e9b2fc253a82,ut_pytest,,en,train,ok,,PROMPT_FIX_ENTRY_POINT,0,0,0.75,"measured_pass_at_k(n=2,k=8)",0.75
kodcode-05aee32ab411,ut_pytest,,en,excluded,excluded,TOO_EASY,PROMPT_FIX_ENTRY_POINT,0,0,0.5,"measured_pass_at_k(n=2,k=8)",1.0
kodcode-40f9e89c1205,ut_pytest,,en,train,ok,,PROMPT_FIX_ENTRY_POINT,0,0,0.5,"measured_pass_at_k(n=2,k=8)",0.75
kodcode-40c7eaff88fa,ut_pytest,,en,excluded,excluded,TOO_EASY,PROMPT_FIX_ENTRY_POINT,0,0,0.5,"measured_pass_at_k(n=2,k=8)",1.0
kodcode-6d3ee37cab16,ut_pytest,,en,train,ok,,PROMPT_FIX_ENTRY_POINT,0,0,0.75,"measured_pass_at_k(n=2,k=8)",0.875
kodcode-fcbe88b9b524,ut_pytest,,en,excluded,excluded,TOO_HARD,PROMPT_FIX_ENTRY_POINT,0,0,0.375,"measured_pass_at_k(n=2,k=16)",0.0
kodcode-7b689cd87a3d,ut_pytest,,en,train,ok,,PROMPT_FIX_ENTRY_POINT,0,0,0.25,"measured_pass_at_k(n=2,k=8)",0.625
kodcode-197d83f79db5,ut_pytest,,en,excluded,excluded,TOO_EASY,PROMPT_FIX_ENTRY_POINT,0,0,0.75,"measured_pass_at_k(n=2,k=8)",1.0
kodcode-645fad550831,ut_pytest,,en,train,ok,,PROMPT_FIX_ENTRY_POINT,0,0,0.25,"measured_pass_at_k(n=2,k=16)",0.75
kodcode-8116da3ff1a7,ut_pytest,,en,excluded,excluded,TOO_EASY,PROMPT_FIX_ENTRY_POINT,0,0,0.5,"measured_pass_at_k(n=2,k=8)",1.0
kodcode-e41dca71f7af,ut_pytest,,en,excluded,excluded,TOO_EASY,PROMPT_FIX_ENTRY_POINT,0,0,0.25,"measured_pass_at_k(n=2,k=8)",1.0
kodcode-ed902e846636,ut_pytest,,en,test,ok,,PROMPT_FIX_ENTRY_POINT,0,0,0.25,"measured_pass_at_k(n=2,k=16)",
kodcode-cbac51348660,ut_pytest,,en,excluded,excluded,TOO_EASY,PROMPT_FIX_ENTRY_POINT,0,0,0.5,"measured_pass_at_k(n=2,k=8)",1.0
kodcode-1d9326aca877,ut_pytest,,en,test,ok,,PROMPT_FIX_ENTRY_POINT,0,0,0.5,"measured_pass_at_k(n=2,k=8)",
kodcode-cdd3bc29c444,ut_pytest,,en,test,ok,,PROMPT_FIX_ENTRY_POINT,0,0,0.75,"measured_pass_at_k(n=2,k=8)",
kodcode-fd4ed0fc5360,ut_pytest,,en,train,ok,,PROMPT_FIX_ENTRY_POINT,0,0,0.25,"measured_pass_at_k(n=2,k=8)",0.875
kodcode-07511ffcf68b,ut_pytest,,en,excluded,excluded,TOO_EASY,PROMPT_FIX_ENTRY_POINT,0,0,0.25,"measured_pass_at_k(n=2,k=8)",1.0
kodcode-239e120d80d0,ut_pytest,,en,excluded,excluded,TOO_EASY,PROMPT_FIX_ENTRY_POINT,0,0,0.5,"measured_pass_at_k(n=2,k=8)",1.0
opencodeinstruct-a0a3b7ace4b8,ut_function,,en,excluded,excluded,TOO_EASY,PROMPT_FIX_ENTRY_POINT,0,0,0.75,"measured_pass_at_k(n=2,k=8)",1.0
ko-native-7765be6efb28,ut_function,,ko,test,ok,,PROMPT_FIX_ENTRY_POINT,0,0,0.5,"measured_pass_at_k(n=1,k=8)",
ko-native-160d507d5c21,ut_function,,ko,train,ok,,PROMPT_FIX_ENTRY_POINT,0,0,0.75,"measured_pass_at_k(n=1,k=4)",0.875
ko-native-c7a89c2970a0,ut_function,,ko,excluded,excluded,TOO_EASY,PROMPT_FIX_ENTRY_POINT,0,0,0.75,"measured_pass_at_k(n=1,k=4)",1.0
ko-native-180e8d805a65,ut_function,,ko,excluded,excluded,TOO_EASY,PROMPT_FIX_ENTRY_POINT,0,0,0.75,"measured_pass_at_k(n=1,k=4)",1.0
ko-native-a06611df55d6,ut_function,,ko,train,ok,,PROMPT_FIX_ENTRY_POINT,0,0,0.75,"measured_pass_at_k(n=1,k=4)",0.625
rstar-a4461c874dd6,ut_stdio,,en,train,ok,,no_reference_solution,0,0,0.25,"measured_pass_at_k(n=2,k=8)",0.75
rstar-5173c09e5d17,ut_stdio,,en,excluded,excluded,TOO_EASY,no_reference_solution,0,0,0.5,"measured_pass_at_k(n=2,k=8)",1.0
rstar-5010e518c78f,ut_stdio,,en,train,ok,,no_reference_solution;HARD_BUT_PARTIAL_SIGNAL,0,0,0.25,"measured_pass_at_k(n=2,k=8)",0.0
rstar-d06a0b7664a4,ut_stdio,,en,train,ok,,no_reference_solution,0,0,0.5,"measured_pass_at_k(n=2,k=8)",0.25
rstar-f4fa35d7b83e,ut_stdio,,en,excluded,excluded,TOO_EASY,no_reference_solution,0,0,0.25,"measured_pass_at_k(n=2,k=8)",1.0
rstar-7aee81b3a0d3,ut_stdio,,en,train,ok,,no_reference_solution,0,0,0.5,"measured_pass_at_k(n=2,k=8)",0.875
rstar-cc75b381409b,ut_stdio,,en,train,ok,,no_reference_solution,0,0,0.5,"measured_pass_at_k(n=2,k=8)",0.875
rstar-d16a2726fda9,ut_stdio,,en,train,ok,,no_reference_solution,0,0,0.5,"measured_pass_at_k(n=2,k=8)",0.375
rstar-5825e80db0dc,ut_stdio,,en,train,ok,,no_reference_solution;HARD_BUT_PARTIAL_SIGNAL,0,0,0.25,"measured_pass_at_k(n=2,k=8)",0.0
rstar-fb7ccd903b11,ut_stdio,,en,validation,ok,,no_reference_solution,0,0,0.5,"measured_pass_at_k(n=2,k=8)",
rstar-7d6dc5f6da9e,ut_stdio,,en,train,ok,,no_reference_solution,0,0,0.25,"measured_pass_at_k(n=2,k=8)",0.375
rstar-6fea1a023f59,ut_stdio,,en,test,ok,,no_reference_solution,0,0,0.75,"measured_pass_at_k(n=2,k=8)",
rstar-d8f534c5fc73,ut_stdio,,en,train,ok,,no_reference_solution,0,0,0.75,"measured_pass_at_k(n=2,k=8)",0.625
rstar-f13b24790e09,ut_stdio,,en,validation,ok,,no_reference_solution,0,0,0.25,"measured_pass_at_k(n=2,k=8)",
rstar-8d434d33d0d8,ut_stdio,,en,test,ok,,no_reference_solution,0,0,0.25,"measured_pass_at_k(n=2,k=8)",
rstar-53f77cd0fe8a,ut_stdio,,en,train,ok,,no_reference_solution,0,0,0.25,"measured_pass_at_k(n=2,k=8)",0.25
rstar-ab38499602be,ut_stdio,,en,train,ok,,no_reference_solution;HARD_BUT_PARTIAL_SIGNAL,0,0,0.5,"measured_pass_at_k(n=2,k=8)",0.0
rstar-7d8669bb02d2,ut_stdio,,en,train,ok,,no_reference_solution,0,0,0.25,"measured_pass_at_k(n=2,k=8)",0.625
rstar-78cbf6549778,ut_stdio,,en,excluded,excluded,TOO_EASY,no_reference_solution,0,0,0.5,"measured_pass_at_k(n=2,k=8)",1.0
rstar-966c3dfe3a7d,ut_stdio,,en,train,ok,,no_reference_solution,0,0,0.25,"measured_pass_at_k(n=2,k=16)",0.125
rstar-296313978171,ut_stdio,,en,train,ok,,no_reference_solution,0,0,0.25,"measured_pass_at_k(n=2,k=8)",0.5
rstar-17eb1c34813f,ut_stdio,,en,train,ok,,no_reference_solution,0,0,0.25,"measured_pass_at_k(n=2,k=8)",0.75
kodcode-b43ff09587c7,ut_pytest,,en,excluded,excluded,TOO_EASY,PROMPT_FIX_ENTRY_POINT,0,0,0.5,"measured_pass_at_k(n=2,k=8)",1.0
opencodeinstruct-3efe7084ef5e,ut_function,,en,test,ok,,PROMPT_FIX_ENTRY_POINT,0,0,0.25,"measured_pass_at_k(n=2,k=8)",
kodcode-af639c690335,ut_pytest,,en,test,ok,,PROMPT_FIX_ENTRY_POINT,0,0,0.5,"measured_pass_at_k(n=2,k=8)",
opencodeinstruct-ad713dccf658,ut_function,,en,excluded,excluded,TOO_EASY,PROMPT_FIX_ENTRY_POINT,0,0,0.25,"measured_pass_at_k(n=2,k=8)",1.0
kodcode-08af64c7c02d,ut_pytest,,en,excluded,excluded,TOO_HARD,PROMPT_FIX_ENTRY_POINT,0,0,0.25,"measured_pass_at_k(n=2,k=8)",0.0
kodcode-76faaf4374f4,ut_pytest,,en,train,ok,,PROMPT_FIX_ENTRY_POINT,0,0,0.25,"measured_pass_at_k(n=2,k=8)",0.5
opencodeinstruct-26c5c3eab382,ut_function,,en,excluded,excluded,TOO_EASY,PROMPT_FIX_ENTRY_POINT,0,0,0.5,"measured_pass_at_k(n=2,k=8)",1.0
opencodeinstruct-8d356daf12d3,ut_function,,en,excluded,excluded,TOO_EASY,PROMPT_FIX_ENTRY_POINT,0,0,0.25,"measured_pass_at_k(n=2,k=8)",1.0
kodcode-9907cb235685,ut_pytest,,en,train,ok,,HARD_BUT_PARTIAL_SIGNAL;PROMPT_FIX_ENTRY_POINT,0,0,0.25,"measured_pass_at_k(n=2,k=8)",0.0
opencodeinstruct-ed03fe5fcb2d,ut_function,,en,excluded,excluded,TOO_EASY,PROMPT_FIX_ENTRY_POINT,0,0,0.5,"measured_pass_at_k(n=2,k=8)",1.0
kodcode-54c86ac48a11,ut_pytest,,en,train,ok,,PROMPT_FIX_ENTRY_POINT,0,0,0.25,"measured_pass_at_k(n=2,k=8)",0.75
opencodeinstruct-516c8657ab28,ut_function,,en,excluded,excluded,TOO_EASY,PROMPT_FIX_ENTRY_POINT,0,0,0.5,"measured_pass_at_k(n=2,k=8)",1.0
opencodeinstruct-75d2d0266a0e,ut_function,,en,excluded,excluded,TOO_EASY,PROMPT_FIX_ENTRY_POINT,0,0,0.5,"measured_pass_at_k(n=2,k=8)",1.0
kodcode-34e18505e92d,ut_pytest,,en,excluded,excluded,TOO_EASY,PROMPT_FIX_ENTRY_POINT,0,0,0.5,"measured_pass_at_k(n=2,k=16)",1.0
opencodeinstruct-033cfe7e6a9c,ut_function,,en,excluded,excluded,TOO_EASY,PROMPT_FIX_ENTRY_POINT,0,0,0.25,"measured_pass_at_k(n=2,k=16)",1.0
kodcode-3882b1500d43,ut_pytest,,en,excluded,excluded,TOO_EASY,PROMPT_FIX_ENTRY_POINT,0,0,0.5,"measured_pass_at_k(n=2,k=8)",1.0
kodcode-82b0c2278d53,ut_pytest,,en,test,ok,,PROMPT_FIX_ENTRY_POINT,0,0,0.25,"measured_pass_at_k(n=2,k=16)",
opencodeinstruct-ca79f20fc837,ut_function,,en,excluded,excluded,TOO_EASY,PROMPT_FIX_ENTRY_POINT,0,0,0.25,"measured_pass_at_k(n=2,k=8)",1.0
opencodeinstruct-15d3b0af54c5,ut_function,,en,excluded,excluded,TOO_EASY,PROMPT_FIX_ENTRY_POINT,0,0,0.75,"measured_pass_at_k(n=2,k=8)",1.0
kodcode-c51b233740c8,ut_pytest,,en,excluded,excluded,TOO_EASY,PROMPT_FIX_ENTRY_POINT,0,0,0.5,"measured_pass_at_k(n=2,k=8)",1.0
opencodeinstruct-b7aefdf5ee86,ut_function,,en,excluded,excluded,TOO_EASY,PROMPT_FIX_ENTRY_POINT,0,0,0.25,"measured_pass_at_k(n=2,k=8)",1.0
opencodeinstruct-b634751da62d,ut_function,,en,excluded,excluded,TOO_EASY,PROMPT_FIX_ENTRY_POINT,0,0,0.25,"measured_pass_at_k(n=2,k=8)",1.0
kodcode-232bd5ed08a9,ut_pytest,,en,train,ok,,PROMPT_FIX_ENTRY_POINT,0,0,0.5,"measured_pass_at_k(n=2,k=16)",0.375
kodcode-cff4b312d149,ut_pytest,,en,train,ok,,PROMPT_FIX_ENTRY_POINT,0,0,0.5,"measured_pass_at_k(n=2,k=8)",0.25
opencodeinstruct-221d5f2db53c,ut_function,,en,excluded,excluded,TOO_EASY,PROMPT_FIX_ENTRY_POINT,0,0,0.25,"measured_pass_at_k(n=2,k=8)",1.0
kodcode-1bf5bb939e09,ut_pytest,,en,train,ok,,PROMPT_FIX_ENTRY_POINT,0,0,0.5,"measured_pass_at_k(n=2,k=8)",0.125
kodcode-aa624dc550ec,ut_pytest,,en,excluded,excluded,TOO_HARD,PROMPT_FIX_ENTRY_POINT,0,0,0.5,"measured_pass_at_k(n=2,k=8)",0.0
kodcode-4d345e638b46,ut_pytest,,en,excluded,excluded,TOO_EASY,PROMPT_FIX_ENTRY_POINT,0,0,0.5,"measured_pass_at_k(n=2,k=8)",1.0
opencodeinstruct-15482e93d603,ut_function,,en,excluded,excluded,TOO_HARD,PROMPT_FIX_ENTRY_POINT,0,0,0.5,"measured_pass_at_k(n=2,k=8)",0.0
kodcode-ed8754979cf7,ut_pytest,,en,train,ok,,PROMPT_FIX_ENTRY_POINT,0,0,0.75,"measured_pass_at_k(n=2,k=8)",0.125
kodcode-8d3bc2592305,ut_pytest,,en,train,ok,,PROMPT_FIX_ENTRY_POINT,0,0,0.25,"measured_pass_at_k(n=2,k=8)",0.625
opencodeinstruct-8accd004e2b8,ut_function,,en,excluded,excluded,TOO_HARD,PROMPT_FIX_ENTRY_POINT,0,0,0.25,"measured_pass_at_k(n=2,k=8)",0.0
opencodeinstruct-39b7c82b8e54,ut_function,,en,excluded,excluded,TOO_EASY,PROMPT_FIX_ENTRY_POINT,0,0,0.25,"measured_pass_at_k(n=2,k=8)",1.0
kodcode-f8da1d15dc1d,ut_pytest,,en,excluded,excluded,TOO_EASY,PROMPT_FIX_ENTRY_POINT,0,0,0.25,"measured_pass_at_k(n=2,k=16)",1.0
kodcode-0603c56b8e7e,ut_pytest,,en,test,ok,,PROMPT_FIX_ENTRY_POINT,0,0,0.5,"measured_pass_at_k(n=2,k=8)",
kodcode-45418a5902db,ut_pytest,,en,train,ok,,PROMPT_FIX_ENTRY_POINT,0,0,0.25,"measured_pass_at_k(n=2,k=8)",0.125
kodcode-e4c78f53e1d1,ut_pytest,,en,train,ok,,PROMPT_FIX_ENTRY_POINT,0,0,0.25,"measured_pass_at_k(n=2,k=16)",0.75
kodcode-7d1918e9e803,ut_pytest,,en,excluded,excluded,TOO_EASY,PROMPT_FIX_ENTRY_POINT,0,0,0.5,"measured_pass_at_k(n=2,k=8)",1.0
kodcode-758069f84175,ut_pytest,,en,train,ok,,PROMPT_FIX_ENTRY_POINT,0,0,0.25,"measured_pass_at_k(n=2,k=8)",0.375
opencodeinstruct-c910bfce2267,ut_function,,en,excluded,excluded,TOO_EASY,PROMPT_FIX_ENTRY_POINT,0,0,0.5,"measured_pass_at_k(n=2,k=8)",1.0
kodcode-085ae0f5c6ff,ut_pytest,,en,excluded,excluded,TOO_EASY,PROMPT_FIX_ENTRY_POINT,0,0,0.5,"measured_pass_at_k(n=2,k=8)",1.0
opencodeinstruct-39be30a1b801,ut_function,,en,train,ok,,HARD_BUT_PARTIAL_SIGNAL;PROMPT_FIX_ENTRY_POINT,0,0,0.25,"measured_pass_at_k(n=2,k=16)",0.0
opencodeinstruct-16339200dcc9,ut_function,,en,excluded,excluded,TOO_EASY,PROMPT_FIX_ENTRY_POINT,0,0,0.25,"measured_pass_at_k(n=2,k=16)",1.0
opencodeinstruct-9cf1f7b35cc5,ut_function,,en,test,ok,,PROMPT_FIX_ENTRY_POINT,0,0,0.25,"measured_pass_at_k(n=2,k=8)",
opencodeinstruct-a7a63a9f37d0,ut_function,,en,excluded,excluded,TOO_EASY,PROMPT_FIX_ENTRY_POINT,0,0,0.25,"measured_pass_at_k(n=2,k=8)",1.0
opencodeinstruct-9d20d8bda2d2,ut_function,,en,excluded,excluded,TOO_EASY,PROMPT_FIX_ENTRY_POINT,0,0,0.25,"measured_pass_at_k(n=2,k=8)",1.0
kodcode-06cdfd368b16,ut_pytest,,en,train,ok,,PROMPT_FIX_ENTRY_POINT,0,0,0.25,"measured_pass_at_k(n=2,k=8)",0.125
opencodeinstruct-840011da08c9,ut_function,,en,excluded,excluded,TOO_EASY,PROMPT_FIX_ENTRY_POINT,0,0,0.5,"measured_pass_at_k(n=2,k=8)",1.0
kodcode-d257a0bc877a,ut_pytest,,en,train,ok,,PROMPT_FIX_ENTRY_POINT,0,0,0.25,"measured_pass_at_k(n=2,k=8)",0.875
kodcode-f6d8a1d4aea8,ut_pytest,,en,test,ok,,PROMPT_FIX_ENTRY_POINT,0,0,0.5,"measured_pass_at_k(n=2,k=8)",
opencodeinstruct-43cde05f07ef,ut_function,,en,train,ok,,PROMPT_FIX_ENTRY_POINT,0,0,0.5,"measured_pass_at_k(n=2,k=8)",0.375
kodcode-094b0392e166,ut_pytest,,en,train,ok,,HARD_BUT_PARTIAL_SIGNAL;PROMPT_FIX_ENTRY_POINT,0,0,0.25,"measured_pass_at_k(n=2,k=8)",0.0
kodcode-b312a53dd5c7,ut_pytest,,en,excluded,excluded,TOO_EASY,PROMPT_FIX_ENTRY_POINT,0,0,0.5,"measured_pass_at_k(n=2,k=8)",1.0
opencodeinstruct-48b7287867ca,ut_function,,en,validation,ok,,PROMPT_FIX_ENTRY_POINT,0,0,0.5,"measured_pass_at_k(n=2,k=8)",
kodcode-1d2a974d01fb,ut_pytest,,en,excluded,excluded,TOO_EASY,PROMPT_FIX_ENTRY_POINT,0,0,0.25,"measured_pass_at_k(n=2,k=8)",1.0
opencodeinstruct-b33995a7745e,ut_function,,en,excluded,excluded,TOO_EASY,PROMPT_FIX_ENTRY_POINT,0,0,0.5,"measured_pass_at_k(n=2,k=8)",1.0
opencodeinstruct-644db9e4c43c,ut_function,,en,train,ok,,PROMPT_FIX_ENTRY_POINT,0,0,0.75,"measured_pass_at_k(n=2,k=8)",0.625
ko-native-e17ba2448cb5,ut_function,,ko,excluded,excluded,TOO_EASY,PROMPT_FIX_ENTRY_POINT,0,0,0.5,"measured_pass_at_k(n=1,k=4)",1.0
ko-native-4a1dbccd70e5,ut_function,,ko,excluded,excluded,TOO_EASY,PROMPT_FIX_ENTRY_POINT,0,0,0.75,"measured_pass_at_k(n=1,k=4)",1.0
ko-native-feadf49d0439,ut_function,,ko,excluded,excluded,TOO_EASY,PROMPT_FIX_ENTRY_POINT,0,0,0.75,"measured_pass_at_k(n=1,k=4)",1.0
ko-native-8c334b1026c9,ut_function,,ko,excluded,excluded,TOO_EASY,PROMPT_FIX_ENTRY_POINT,0,0,0.75,"measured_pass_at_k(n=1,k=4)",1.0
ko-native-acd648437a75,ut_function,,ko,excluded,excluded,TOO_EASY,PROMPT_FIX_ENTRY_POINT,0,0,0.5,"measured_pass_at_k(n=1,k=4)",1.0
rstar-c41fb7a60499,ut_stdio,,en,train,ok,,no_reference_solution;HARD_BUT_PARTIAL_SIGNAL,0,0,0.25,"measured_pass_at_k(n=2,k=8)",0.0
rstar-4c228204764c,ut_stdio,,en,train,ok,,no_reference_solution;HARD_BUT_PARTIAL_SIGNAL,0,0,0.5,"measured_pass_at_k(n=2,k=8)",0.0
rstar-3f654f1f7645,ut_stdio,,en,excluded,excluded,TOO_EASY,no_reference_solution,0,0,0.5,"measured_pass_at_k(n=2,k=8)",1.0
rstar-da4667b40aa6,ut_stdio,,en,validation,ok,,no_reference_solution,0,0,0.25,"measured_pass_at_k(n=2,k=8)",
rstar-3343e7eda7ab,ut_stdio,,en,excluded,excluded,TOO_HARD,no_reference_solution,0,0,0.5,"measured_pass_at_k(n=2,k=8)",0.0
rstar-1bb279b14ff8,ut_stdio,,en,excluded,excluded,TOO_EASY,no_reference_solution,0,0,0.5,"measured_pass_at_k(n=2,k=8)",1.0
rstar-e24a8ee4a3bf,ut_stdio,,en,excluded,excluded,TOO_EASY,no_reference_solution,0,0,0.5,"measured_pass_at_k(n=2,k=8)",1.0
rstar-467a6cff2c66,ut_stdio,,en,excluded,excluded,TOO_EASY,no_reference_solution,0,0,0.75,"measured_pass_at_k(n=2,k=8)",1.0
rstar-d35202bfb9d6,ut_stdio,,en,excluded,excluded,TOO_EASY,no_reference_solution,0,0,0.5,"measured_pass_at_k(n=2,k=8)",1.0
rstar-1e5bd57fec37,ut_stdio,,en,excluded,excluded,TOO_EASY,no_reference_solution,0,0,0.75,"measured_pass_at_k(n=2,k=8)",1.0
rstar-2cbb54482fbb,ut_stdio,,en,train,ok,,no_reference_solution,0,0,0.5,"measured_pass_at_k(n=2,k=8)",0.875
rstar-b8bcba2e8095,ut_stdio,,en,train,ok,,no_reference_solution,0,0,0.25,"measured_pass_at_k(n=2,k=8)",0.875
rstar-dfe6ec0448b1,ut_stdio,,en,train,ok,,no_reference_solution,0,0,0.5,"measured_pass_at_k(n=2,k=8)",0.875
rstar-daa0a714c58c,ut_stdio,,en,excluded,excluded,TOO_EASY,no_reference_solution,0,0,0.25,"measured_pass_at_k(n=2,k=16)",1.0
rstar-811df6d48b29,ut_stdio,,en,validation,ok,,no_reference_solution,0,0,0.5,"measured_pass_at_k(n=2,k=8)",
rstar-c49fe3c2a107,ut_stdio,,en,excluded,excluded,TOO_EASY,no_reference_solution,0,0,0.75,"measured_pass_at_k(n=2,k=8)",1.0
opencodeinstruct-be31c1077629,ut_function,,en,excluded,excluded,TOO_EASY,PROMPT_FIX_ENTRY_POINT,0,0,0.25,"measured_pass_at_k(n=2,k=8)",1.0
opencodeinstruct-abf8c957403a,ut_function,,en,test,ok,,PROMPT_FIX_ENTRY_POINT,0,0,0.5,"measured_pass_at_k(n=2,k=8)",
opencodeinstruct-5b973a0f0ec5,ut_function,,en,test,ok,,PROMPT_FIX_ENTRY_POINT,0,0,0.5,"measured_pass_at_k(n=2,k=8)",
opencodeinstruct-d05977c07da0,ut_function,,en,excluded,excluded,TOO_EASY,PROMPT_FIX_ENTRY_POINT,0,0,0.25,"measured_pass_at_k(n=2,k=8)",1.0
opencodeinstruct-46dce148c718,ut_function,,en,excluded,excluded,TOO_EASY,PROMPT_FIX_ENTRY_POINT,0,0,0.5,"measured_pass_at_k(n=2,k=16)",1.0
opencodeinstruct-e71d24583c65,ut_function,,en,validation,ok,,PROMPT_FIX_ENTRY_POINT,0,0,0.5,"measured_pass_at_k(n=2,k=8)",
opencodeinstruct-e5e674629e24,ut_function,,en,excluded,excluded,TOO_EASY,PROMPT_FIX_ENTRY_POINT,0,0,0.25,"measured_pass_at_k(n=2,k=8)",1.0
opencodeinstruct-b3bd86004267,ut_function,,en,excluded,excluded,TOO_EASY,PROMPT_FIX_ENTRY_POINT,0,0,0.75,"measured_pass_at_k(n=2,k=8)",1.0
opencodeinstruct-43692b8916b5,ut_function,,en,validation,ok,,PROMPT_FIX_ENTRY_POINT,0,0,0.5,"measured_pass_at_k(n=2,k=8)",
opencodeinstruct-3817e98eb062,ut_function,,en,excluded,excluded,TOO_EASY,PROMPT_FIX_ENTRY_POINT,0,0,0.75,"measured_pass_at_k(n=2,k=8)",1.0
opencodeinstruct-0f1f4535a77d,ut_function,,en,excluded,excluded,TOO_EASY,PROMPT_FIX_ENTRY_POINT,0,0,0.375,"measured_pass_at_k(n=2,k=16)",1.0
opencodeinstruct-e4c9c86ed3ee,ut_function,,en,train,ok,,PROMPT_FIX_ENTRY_POINT,0,0,0.5,"measured_pass_at_k(n=2,k=16)",0.875
opencodeinstruct-fe2ffb8c028a,ut_function,,en,excluded,excluded,TOO_EASY,PROMPT_FIX_ENTRY_POINT,0,0,0.5,"measured_pass_at_k(n=2,k=8)",1.0
opencodeinstruct-58d5569f5dee,ut_function,,en,test,ok,,PROMPT_FIX_ENTRY_POINT,0,0,0.5,"measured_pass_at_k(n=2,k=8)",
opencodeinstruct-1ff445662da6,ut_function,,en,excluded,excluded,TOO_EASY,PROMPT_FIX_ENTRY_POINT,0,0,0.25,"measured_pass_at_k(n=2,k=8)",1.0
opencodeinstruct-a730d8e5ede5,ut_function,,en,validation,ok,,PROMPT_FIX_ENTRY_POINT,0,0,0.5,"measured_pass_at_k(n=2,k=8)",
opencodeinstruct-c3053eafa745,ut_function,,en,excluded,excluded,TOO_EASY,PROMPT_FIX_ENTRY_POINT,0,0,0.25,"measured_pass_at_k(n=2,k=8)",1.0
opencodeinstruct-b7f22b1d8b9e,ut_function,,en,excluded,excluded,TOO_EASY,PROMPT_FIX_ENTRY_POINT,0,0,0.375,"measured_pass_at_k(n=2,k=16)",1.0
opencodeinstruct-325acf392fe4,ut_function,,en,excluded,excluded,TOO_EASY,PROMPT_FIX_ENTRY_POINT,0,0,0.5,"measured_pass_at_k(n=2,k=8)",1.0
opencodeinstruct-234acffba9be,ut_function,,en,excluded,excluded,TOO_EASY,PROMPT_FIX_ENTRY_POINT,0,0,0.5,"measured_pass_at_k(n=2,k=8)",1.0
opencodeinstruct-c347d27b8a58,ut_function,,en,excluded,excluded,TOO_EASY,PROMPT_FIX_ENTRY_POINT,0,0,0.375,"measured_pass_at_k(n=2,k=16)",1.0
opencodeinstruct-bed195d740d2,ut_function,,en,excluded,excluded,TOO_EASY,PROMPT_FIX_ENTRY_POINT,0,0,0.25,"measured_pass_at_k(n=2,k=8)",1.0
opencodeinstruct-0bb76b78aa1d,ut_function,,en,excluded,excluded,TOO_EASY,PROMPT_FIX_ENTRY_POINT,0,0,0.5,"measured_pass_at_k(n=2,k=8)",1.0
opencodeinstruct-8e24ffda1d60,ut_function,,en,train,ok,,PROMPT_FIX_ENTRY_POINT,0,0,0.5,"measured_pass_at_k(n=2,k=8)",0.875
opencodeinstruct-79b8944e2ffc,ut_function,,en,excluded,excluded,TOO_EASY,PROMPT_FIX_ENTRY_POINT,0,0,0.5,"measured_pass_at_k(n=2,k=8)",1.0
opencodeinstruct-faa650224fe9,ut_function,,en,excluded,excluded,TOO_EASY,PROMPT_FIX_ENTRY_POINT,0,0,0.25,"measured_pass_at_k(n=2,k=8)",1.0
opencodeinstruct-e91412e3223a,ut_function,,en,excluded,excluded,TOO_HARD,PROMPT_FIX_ENTRY_POINT,0,0,0.25,"measured_pass_at_k(n=2,k=8)",0.0
opencodeinstruct-17c972cd8c36,ut_function,,en,train,ok,,PROMPT_FIX_ENTRY_POINT,0,0,0.5,"measured_pass_at_k(n=2,k=8)",0.625
opencodeinstruct-8d8524cee1d2,ut_function,,en,excluded,excluded,TOO_EASY,PROMPT_FIX_ENTRY_POINT,0,0,0.5,"measured_pass_at_k(n=2,k=8)",1.0
opencodeinstruct-660a60e1de02,ut_function,,en,excluded,excluded,TOO_EASY,PROMPT_FIX_ENTRY_POINT,0,0,0.5,"measured_pass_at_k(n=2,k=8)",1.0
opencodeinstruct-208259726404,ut_function,,en,excluded,excluded,TOO_EASY,PROMPT_FIX_ENTRY_POINT,0,0,0.5,"measured_pass_at_k(n=2,k=8)",1.0
opencodeinstruct-f633fceaf585,ut_function,,en,train,ok,,PROMPT_FIX_ENTRY_POINT,0,0,0.25,"measured_pass_at_k(n=2,k=8)",0.25
opencodeinstruct-6306032f0f2c,ut_function,,en,excluded,excluded,TOO_EASY,PROMPT_FIX_ENTRY_POINT,0,0,0.75,"measured_pass_at_k(n=2,k=8)",1.0
opencodeinstruct-ab647b09b912,ut_function,,en,excluded,excluded,TOO_EASY,PROMPT_FIX_ENTRY_POINT,0,0,0.5,"measured_pass_at_k(n=2,k=8)",1.0
opencodeinstruct-08fab3d14789,ut_function,,en,excluded,excluded,TOO_EASY,PROMPT_FIX_ENTRY_POINT,0,0,0.25,"measured_pass_at_k(n=2,k=8)",1.0
opencodeinstruct-96ee580cda9e,ut_function,,en,validation,ok,,PROMPT_FIX_ENTRY_POINT,0,0,0.75,"measured_pass_at_k(n=2,k=8)",
opencodeinstruct-f0b690a5986b,ut_function,,en,excluded,excluded,TOO_HARD,PROMPT_FIX_ENTRY_POINT,0,0,0.5,"measured_pass_at_k(n=2,k=8)",0.0
opencodeinstruct-b591e60d27bd,ut_function,,en,validation,ok,,PROMPT_FIX_ENTRY_POINT,0,0,0.25,"measured_pass_at_k(n=2,k=8)",
opencodeinstruct-c2a9d68c8bf3,ut_function,,en,excluded,excluded,TOO_EASY,PROMPT_FIX_ENTRY_POINT,0,0,0.75,"measured_pass_at_k(n=2,k=8)",1.0
opencodeinstruct-9089b56acae4,ut_function,,en,excluded,excluded,TOO_EASY,PROMPT_FIX_ENTRY_POINT,0,0,0.375,"measured_pass_at_k(n=2,k=16)",1.0
kodcode-a3e111aba5f4,ut_pytest,,en,excluded,excluded,TOO_EASY,PROMPT_FIX_ENTRY_POINT,0,0,0.5,"measured_pass_at_k(n=2,k=8)",1.0
kodcode-fc2aa45f2b9b,ut_pytest,,en,train,ok,,HARD_BUT_PARTIAL_SIGNAL;PROMPT_FIX_ENTRY_POINT,0,0,0.5,"measured_pass_at_k(n=2,k=8)",0.0
kodcode-fe9805f67ba9,ut_pytest,,en,train,ok,,PROMPT_FIX_ENTRY_POINT,0,0,0.75,"measured_pass_at_k(n=2,k=8)",0.25
opencodeinstruct-c095ec5f84a6,ut_function,,en,excluded,excluded,TOO_EASY,PROMPT_FIX_ENTRY_POINT,0,0,0.75,"measured_pass_at_k(n=2,k=8)",1.0
kodcode-6cc9318c159a,ut_pytest,,en,train,ok,,PROMPT_FIX_ENTRY_POINT,0,0,0.5,"measured_pass_at_k(n=2,k=8)",0.75
kodcode-17c9171b2832,ut_pytest,,en,train,ok,,PROMPT_FIX_ENTRY_POINT,0,0,0.75,"measured_pass_at_k(n=2,k=8)",0.625
kodcode-11d1fcb735e3,ut_pytest,,en,excluded,excluded,TOO_EASY,PROMPT_FIX_ENTRY_POINT,0,0,0.75,"measured_pass_at_k(n=2,k=8)",1.0
kodcode-45d6b742601b,ut_pytest,,en,train,ok,,PROMPT_FIX_ENTRY_POINT,0,0,0.25,"measured_pass_at_k(n=2,k=8)",0.125
kodcode-8b16de7fbce0,ut_pytest,,en,excluded,excluded,TOO_EASY,PROMPT_FIX_ENTRY_POINT,0,0,0.75,"measured_pass_at_k(n=2,k=8)",1.0
kodcode-15acf9a14c95,ut_pytest,,en,test,ok,,PROMPT_FIX_ENTRY_POINT,0,0,0.5,"measured_pass_at_k(n=2,k=8)",
kodcode-1237c99deaa1,ut_pytest,,en,excluded,excluded,TOO_EASY,PROMPT_FIX_ENTRY_POINT,0,0,0.25,"measured_pass_at_k(n=2,k=8)",1.0
kodcode-f46f3e825b65,ut_pytest,,en,excluded,excluded,TOO_EASY,PROMPT_FIX_ENTRY_POINT,0,0,0.25,"measured_pass_at_k(n=2,k=16)",1.0
kodcode-236cc29eac0a,ut_pytest,,en,train,ok,,PROMPT_FIX_ENTRY_POINT,0,0,0.25,"measured_pass_at_k(n=2,k=16)",0.375
kodcode-966740d00a77,ut_pytest,,en,excluded,excluded,TOO_EASY,PROMPT_FIX_ENTRY_POINT,0,0,0.75,"measured_pass_at_k(n=2,k=8)",1.0
kodcode-fa2d3b3481d2,ut_pytest,,en,train,ok,,PROMPT_FIX_ENTRY_POINT,0,0,0.375,"measured_pass_at_k(n=2,k=16)",0.75
kodcode-ef29f1961f3d,ut_pytest,,en,test,ok,,PROMPT_FIX_ENTRY_POINT,0,0,0.25,"measured_pass_at_k(n=2,k=8)",
opencodeinstruct-8791bd34be9f,ut_function,,en,excluded,excluded,TOO_EASY,PROMPT_FIX_ENTRY_POINT,0,0,0.5,"measured_pass_at_k(n=2,k=8)",1.0
kodcode-95ff6f557bce,ut_pytest,,en,excluded,excluded,TOO_EASY,PROMPT_FIX_ENTRY_POINT,0,0,0.5,"measured_pass_at_k(n=2,k=8)",1.0
kodcode-3c1637c6951f,ut_pytest,,en,excluded,excluded,TOO_EASY,PROMPT_FIX_ENTRY_POINT,0,0,0.25,"measured_pass_at_k(n=2,k=8)",1.0
kodcode-80e402eafbcc,ut_pytest,,en,validation,ok,,PROMPT_FIX_ENTRY_POINT,0,0,0.75,"measured_pass_at_k(n=2,k=8)",
kodcode-09110a278c1d,ut_pytest,,en,train,ok,,PROMPT_FIX_ENTRY_POINT,0,0,0.5,"measured_pass_at_k(n=2,k=8)",0.25
kodcode-e03c356f7238,ut_pytest,,en,excluded,excluded,TOO_EASY,PROMPT_FIX_ENTRY_POINT,0,0,0.375,"measured_pass_at_k(n=2,k=16)",1.0
kodcode-7042bb73bcff,ut_pytest,,en,validation,ok,,PROMPT_FIX_ENTRY_POINT,0,0,0.5,"measured_pass_at_k(n=2,k=8)",
kodcode-5688e0ab344c,ut_pytest,,en,train,ok,,PROMPT_FIX_ENTRY_POINT,0,0,0.25,"measured_pass_at_k(n=2,k=8)",0.5
kodcode-3f7c296c60d7,ut_pytest,,en,excluded,excluded,TOO_EASY,PROMPT_FIX_ENTRY_POINT,0,0,0.75,"measured_pass_at_k(n=2,k=8)",1.0
kodcode-723045f65b44,ut_pytest,,en,excluded,excluded,TOO_HARD,PROMPT_FIX_ENTRY_POINT,0,0,0.5,"measured_pass_at_k(n=2,k=8)",0.0
kodcode-9d6c6605caba,ut_pytest,,en,excluded,excluded,TOO_EASY,PROMPT_FIX_ENTRY_POINT,0,0,0.5,"measured_pass_at_k(n=2,k=8)",1.0
kodcode-972207930752,ut_pytest,,en,train,ok,,PROMPT_FIX_ENTRY_POINT,0,0,0.75,"measured_pass_at_k(n=2,k=8)",0.875
kodcode-8603b3c9c4e1,ut_pytest,,en,excluded,excluded,TOO_EASY,PROMPT_FIX_ENTRY_POINT,0,0,0.5,"measured_pass_at_k(n=2,k=8)",1.0
kodcode-2d41bae42ca0,ut_pytest,,en,excluded,excluded,TOO_EASY,PROMPT_FIX_ENTRY_POINT,0,0,0.5,"measured_pass_at_k(n=2,k=8)",1.0
kodcode-075991e3f3d4,ut_pytest,,en,excluded,excluded,TOO_EASY,PROMPT_FIX_ENTRY_POINT,0,0,0.25,"measured_pass_at_k(n=2,k=8)",1.0
kodcode-5bed66bb7f03,ut_pytest,,en,excluded,excluded,TOO_EASY,PROMPT_FIX_ENTRY_POINT,0,0,0.5,"measured_pass_at_k(n=2,k=8)",1.0
opencodeinstruct-fc2d1cfa64a9,ut_function,,en,excluded,excluded,TOO_EASY,PROMPT_FIX_ENTRY_POINT,0,0,0.5,"measured_pass_at_k(n=2,k=8)",1.0
opencodeinstruct-24c45ddf4580,ut_function,,en,validation,ok,,PROMPT_FIX_ENTRY_POINT,0,0,0.25,"measured_pass_at_k(n=2,k=8)",
ko-native-e817ac5413fe,ut_function,,ko,train,ok,,PROMPT_FIX_ENTRY_POINT,0,0,0.25,"measured_pass_at_k(n=1,k=4)",0.125
rstar-c5415653afc7,ut_stdio,,en,train,ok,,no_reference_solution,0,0,0.25,"measured_pass_at_k(n=2,k=8)",0.625
rstar-1b8fc2828e26,ut_stdio,,en,train,ok,,no_reference_solution,0,0,0.25,"measured_pass_at_k(n=2,k=8)",0.125
rstar-9a44eecb73cb,ut_stdio,,en,test,ok,,no_reference_solution,0,0,0.5,"measured_pass_at_k(n=2,k=8)",
rstar-fe4d40af241f,ut_stdio,,en,excluded,excluded,TOO_HARD,no_reference_solution,0,0,0.25,"measured_pass_at_k(n=2,k=16)",0.0
rstar-52a878c196cb,ut_stdio,,en,train,ok,,no_reference_solution,0,0,0.5,"measured_pass_at_k(n=2,k=8)",0.875
rstar-653814bbc8d6,ut_stdio,,en,train,ok,,no_reference_solution,0,0,0.5,"measured_pass_at_k(n=2,k=8)",0.75
rstar-384742781e6f,ut_stdio,,en,train,ok,,no_reference_solution,0,0,0.75,"measured_pass_at_k(n=2,k=8)",0.75
rstar-57c3582b5042,ut_stdio,,en,excluded,excluded,TOO_EASY,no_reference_solution,0,0,0.75,"measured_pass_at_k(n=2,k=8)",1.0
rstar-83a91a3beb8e,ut_stdio,,en,excluded,excluded,TOO_EASY,no_reference_solution,0,0,0.75,"measured_pass_at_k(n=2,k=8)",1.0
rstar-52207e1f253c,ut_stdio,,en,excluded,excluded,TOO_HARD,no_reference_solution,0,0,0.5,"measured_pass_at_k(n=2,k=8)",0.0
rstar-f5541d194b42,ut_stdio,,en,validation,ok,,no_reference_solution,0,0,0.75,"measured_pass_at_k(n=2,k=8)",
rstar-864daf35a56b,ut_stdio,,en,train,ok,,no_reference_solution,0,0,0.5,"measured_pass_at_k(n=2,k=8)",0.125
rstar-6acea5ae441e,ut_stdio,,en,excluded,excluded,TOO_EASY,no_reference_solution,0,0,0.5,"measured_pass_at_k(n=2,k=8)",1.0
rstar-44dc58aa85c2,ut_stdio,,en,excluded,excluded,TOO_EASY,no_reference_solution,0,0,0.5,"measured_pass_at_k(n=2,k=8)",1.0
rstar-b5f89ce43cc0,ut_stdio,,en,excluded,excluded,TOO_EASY,no_reference_solution,0,0,0.5,"measured_pass_at_k(n=2,k=8)",1.0
rstar-4a618b2ba86c,ut_stdio,,en,excluded,excluded,TOO_EASY,no_reference_solution,0,0,0.5,"measured_pass_at_k(n=2,k=8)",1.0
rstar-2b677bdee125,ut_stdio,,en,train,ok,,no_reference_solution,0,0,0.25,"measured_pass_at_k(n=2,k=8)",0.875
rstar-2b06e158e442,ut_stdio,,en,test,ok,,no_reference_solution,0,0,0.25,"measured_pass_at_k(n=2,k=8)",
rstar-f2645a0326d4,ut_stdio,,en,train,ok,,no_reference_solution,0,0,0.75,"measured_pass_at_k(n=2,k=8)",0.75
rstar-3c8b0e122a98,ut_stdio,,en,excluded,excluded,TOO_HARD,no_reference_solution,0,0,0.5,"measured_pass_at_k(n=2,k=8)",0.0
opencodeinstruct-39f2483ca326,ut_function,,en,excluded,excluded,TOO_EASY,PROMPT_FIX_ENTRY_POINT,0,0,0.5,"measured_pass_at_k(n=2,k=8)",1.0
opencodeinstruct-d53837c4f6e9,ut_function,,en,test,ok,,PROMPT_FIX_ENTRY_POINT,0,0,0.25,"measured_pass_at_k(n=2,k=8)",
opencodeinstruct-82c0580a41bb,ut_function,,en,train,ok,,PROMPT_FIX_ENTRY_POINT,0,0,0.5,"measured_pass_at_k(n=2,k=8)",0.75
opencodeinstruct-e8894859a528,ut_function,,en,validation,ok,,PROMPT_FIX_ENTRY_POINT,0,0,0.25,"measured_pass_at_k(n=2,k=8)",
opencodeinstruct-2d2ab178131e,ut_function,,en,test,ok,,PROMPT_FIX_ENTRY_POINT,0,0,0.25,"measured_pass_at_k(n=2,k=8)",
opencodeinstruct-9e0f43402e78,ut_function,,en,test,ok,,PROMPT_FIX_ENTRY_POINT,0,0,0.5,"measured_pass_at_k(n=2,k=8)",
opencodeinstruct-bbd67dfd8642,ut_function,,en,excluded,excluded,TOO_EASY,PROMPT_FIX_ENTRY_POINT,0,0,0.75,"measured_pass_at_k(n=1,k=4)",1.0
opencodeinstruct-760087006033,ut_function,,en,excluded,excluded,TOO_EASY,PROMPT_FIX_ENTRY_POINT,0,0,0.25,"measured_pass_at_k(n=2,k=8)",1.0
opencodeinstruct-ed9498d3482c,ut_function,,en,excluded,excluded,TOO_EASY,PROMPT_FIX_ENTRY_POINT,0,0,0.75,"measured_pass_at_k(n=2,k=8)",1.0
opencodeinstruct-ed389c104eef,ut_function,,en,excluded,excluded,TOO_EASY,PROMPT_FIX_ENTRY_POINT,0,0,0.25,"measured_pass_at_k(n=2,k=8)",1.0
opencodeinstruct-fccec82c4ecd,ut_function,,en,excluded,excluded,TOO_EASY,PROMPT_FIX_ENTRY_POINT,0,0,0.375,"measured_pass_at_k(n=2,k=16)",1.0
opencodeinstruct-074fb9aec9a9,ut_function,,en,excluded,excluded,TOO_EASY,PROMPT_FIX_ENTRY_POINT,0,0,0.75,"measured_pass_at_k(n=2,k=8)",1.0
opencodeinstruct-eda60576cb0e,ut_function,,en,excluded,excluded,TOO_EASY,PROMPT_FIX_ENTRY_POINT,0,0,0.5,"measured_pass_at_k(n=2,k=8)",1.0
opencodeinstruct-9b0d83c28265,ut_function,,en,excluded,excluded,TOO_HARD,PROMPT_FIX_ENTRY_POINT,0,0,0.5,"measured_pass_at_k(n=2,k=8)",0.0
opencodeinstruct-06d0ad2bdab5,ut_function,,en,excluded,excluded,TOO_EASY,PROMPT_FIX_ENTRY_POINT,0,0,0.25,"measured_pass_at_k(n=2,k=8)",1.0
opencodeinstruct-ed5936cefd86,ut_function,,en,test,ok,,PROMPT_FIX_ENTRY_POINT,0,0,0.25,"measured_pass_at_k(n=2,k=16)",
opencodeinstruct-05301f15c001,ut_function,,en,excluded,excluded,TOO_EASY,PROMPT_FIX_ENTRY_POINT,0,0,0.25,"measured_pass_at_k(n=2,k=8)",1.0
opencodeinstruct-f728ede502ba,ut_function,,en,excluded,excluded,TOO_EASY,PROMPT_FIX_ENTRY_POINT,0,0,0.5,"measured_pass_at_k(n=2,k=8)",1.0
opencodeinstruct-56268a5cc8e9,ut_function,,en,excluded,excluded,TOO_EASY,PROMPT_FIX_ENTRY_POINT,0,0,0.5,"measured_pass_at_k(n=2,k=8)",1.0
opencodeinstruct-ae0df661545c,ut_function,,en,excluded,excluded,TOO_EASY,PROMPT_FIX_ENTRY_POINT,0,0,0.5,"measured_pass_at_k(n=2,k=8)",1.0
opencodeinstruct-59bfe4b6697d,ut_function,,en,excluded,excluded,TOO_EASY,PROMPT_FIX_ENTRY_POINT,0,0,0.25,"measured_pass_at_k(n=2,k=8)",1.0
opencodeinstruct-e148a5e9b366,ut_function,,en,train,ok,,PROMPT_FIX_ENTRY_POINT,0,0,0.25,"measured_pass_at_k(n=2,k=8)",0.625
opencodeinstruct-b87ab60cb8c4,ut_function,,en,train,ok,,PROMPT_FIX_ENTRY_POINT,0,0,0.375,"measured_pass_at_k(n=2,k=16)",0.875
opencodeinstruct-f3ea6a139e24,ut_function,,en,validation,ok,,PROMPT_FIX_ENTRY_POINT,0,0,0.375,"measured_pass_at_k(n=2,k=16)",
opencodeinstruct-d8a37ffe21bb,ut_function,,en,test,ok,,PROMPT_FIX_ENTRY_POINT,0,0,0.25,"measured_pass_at_k(n=2,k=8)",
opencodeinstruct-4dbdff39e1c5,ut_function,,en,excluded,excluded,TOO_EASY,PROMPT_FIX_ENTRY_POINT,0,0,0.5,"measured_pass_at_k(n=2,k=8)",1.0
opencodeinstruct-5cb4f5c05e5d,ut_function,,en,excluded,excluded,TOO_EASY,PROMPT_FIX_ENTRY_POINT,0,0,0.375,"measured_pass_at_k(n=2,k=16)",1.0
opencodeinstruct-b983d6969d3b,ut_function,,en,excluded,excluded,TOO_EASY,PROMPT_FIX_ENTRY_POINT,0,0,0.25,"measured_pass_at_k(n=2,k=8)",1.0
opencodeinstruct-e0810bb60192,ut_function,,en,validation,ok,,PROMPT_FIX_ENTRY_POINT,0,0,0.375,"measured_pass_at_k(n=2,k=16)",
opencodeinstruct-4c63e78e5933,ut_function,,en,train,ok,,PROMPT_FIX_ENTRY_POINT,0,0,0.25,"measured_pass_at_k(n=2,k=8)",0.125
opencodeinstruct-38753bafed66,ut_function,,en,excluded,excluded,TOO_HARD,PROMPT_FIX_ENTRY_POINT,0,0,0.5,"measured_pass_at_k(n=2,k=8)",0.0
opencodeinstruct-eb9925430cd0,ut_function,,en,train,ok,,PROMPT_FIX_ENTRY_POINT,0,0,0.5,"measured_pass_at_k(n=2,k=8)",0.125
kodcode-49276571c114,ut_pytest,,en,train,ok,,PROMPT_FIX_ENTRY_POINT,0,0,0.5,"measured_pass_at_k(n=2,k=8)",0.875
opencodeinstruct-de64da0f067d,ut_function,,en,validation,ok,,PROMPT_FIX_ENTRY_POINT,0,0,0.75,"measured_pass_at_k(n=2,k=8)",
kodcode-e3e94b2b6b3d,ut_pytest,,en,train,ok,,PROMPT_FIX_ENTRY_POINT,0,0,0.5,"measured_pass_at_k(n=2,k=8)",0.875
kodcode-d5c2597f195b,ut_pytest,,en,excluded,excluded,TOO_EASY,PROMPT_FIX_ENTRY_POINT,0,0,0.5,"measured_pass_at_k(n=2,k=8)",1.0
opencodeinstruct-5bf06c52c33d,ut_function,,en,validation,ok,,PROMPT_FIX_ENTRY_POINT,0,0,0.25,"measured_pass_at_k(n=2,k=8)",
kodcode-a2cdc4e9dd5a,ut_pytest,,en,train,ok,,PROMPT_FIX_ENTRY_POINT,0,0,0.25,"measured_pass_at_k(n=2,k=8)",0.875
kodcode-8c8e704b7f4d,ut_pytest,,en,test,ok,,PROMPT_FIX_ENTRY_POINT,0,0,0.5,"measured_pass_at_k(n=2,k=8)",
kodcode-e0a541df49de,ut_pytest,,en,excluded,excluded,TOO_EASY,PROMPT_FIX_ENTRY_POINT,0,0,0.25,"measured_pass_at_k(n=2,k=8)",1.0
kodcode-5c46302c6c0e,ut_pytest,,en,excluded,excluded,TOO_EASY,PROMPT_FIX_ENTRY_POINT,0,0,0.5,"measured_pass_at_k(n=2,k=8)",1.0
kodcode-af0382ccae95,ut_pytest,,en,excluded,excluded,TOO_EASY,PROMPT_FIX_ENTRY_POINT,0,0,0.25,"measured_pass_at_k(n=2,k=16)",1.0
kodcode-e636ac00df80,ut_pytest,,en,excluded,excluded,TOO_EASY,PROMPT_FIX_ENTRY_POINT,0,0,0.75,"measured_pass_at_k(n=2,k=8)",1.0
kodcode-9053fdb83ba5,ut_pytest,,en,train,ok,,PROMPT_FIX_ENTRY_POINT,0,0,0.25,"measured_pass_at_k(n=2,k=8)",0.25
kodcode-608c524cb9f6,ut_pytest,,en,excluded,excluded,TOO_EASY,PROMPT_FIX_ENTRY_POINT,0,0,0.5,"measured_pass_at_k(n=2,k=8)",1.0
kodcode-8b9b91f3a81c,ut_pytest,,en,train,ok,,PROMPT_FIX_ENTRY_POINT,0,0,0.5,"measured_pass_at_k(n=2,k=8)",0.5
kodcode-f11ff45b1a7a,ut_pytest,,en,train,ok,,PROMPT_FIX_ENTRY_POINT,0,0,0.75,"measured_pass_at_k(n=2,k=8)",0.875
kodcode-d787d456f479,ut_pytest,,en,excluded,excluded,TOO_EASY,PROMPT_FIX_ENTRY_POINT,0,0,0.5,"measured_pass_at_k(n=2,k=8)",1.0
kodcode-2849e37caeda,ut_pytest,,en,train,ok,,PROMPT_FIX_ENTRY_POINT,0,0,0.5,"measured_pass_at_k(n=2,k=8)",0.875
kodcode-3ba5b89e6fe6,ut_pytest,,en,excluded,excluded,TOO_HARD,PROMPT_FIX_ENTRY_POINT,0,0,0.25,"measured_pass_at_k(n=2,k=8)",0.0
opencodeinstruct-f1d84c70952b,ut_function,,en,excluded,excluded,TOO_EASY,PROMPT_FIX_ENTRY_POINT,0,0,0.375,"measured_pass_at_k(n=2,k=16)",1.0
kodcode-65a8677fd2b8,ut_pytest,,en,validation,ok,,PROMPT_FIX_ENTRY_POINT,0,0,0.75,"measured_pass_at_k(n=2,k=8)",
kodcode-f219a2dea72d,ut_pytest,,en,train,ok,,PROMPT_FIX_ENTRY_POINT,0,0,0.5,"measured_pass_at_k(n=2,k=8)",0.125
kodcode-0bf99fdca479,ut_pytest,,en,test,ok,,PROMPT_FIX_ENTRY_POINT,0,0,0.25,"measured_pass_at_k(n=2,k=8)",
kodcode-2efc2fa17c25,ut_pytest,,en,train,ok,,PROMPT_FIX_ENTRY_POINT,0,0,0.5,"measured_pass_at_k(n=2,k=8)",0.875
kodcode-3e7e805b0d4d,ut_pytest,,en,excluded,excluded,TOO_HARD,PROMPT_FIX_ENTRY_POINT,0,0,0.5,"measured_pass_at_k(n=2,k=8)",0.0
kodcode-0876993cdcb0,ut_pytest,,en,excluded,excluded,TOO_EASY,PROMPT_FIX_ENTRY_POINT,0,0,0.5,"measured_pass_at_k(n=2,k=8)",1.0
kodcode-f956d201821b,ut_pytest,,en,excluded,excluded,TOO_HARD,PROMPT_FIX_ENTRY_POINT,0,0,0.5,"measured_pass_at_k(n=2,k=8)",0.0
kodcode-51b585d2df13,ut_pytest,,en,excluded,excluded,TOO_EASY,PROMPT_FIX_ENTRY_POINT,0,0,0.5,"measured_pass_at_k(n=2,k=8)",1.0
kodcode-b56b9e300828,ut_pytest,,en,excluded,excluded,TOO_EASY,PROMPT_FIX_ENTRY_POINT,0,0,0.5,"measured_pass_at_k(n=2,k=8)",1.0
kodcode-cee65cbaf94f,ut_pytest,,en,test,ok,,PROMPT_FIX_ENTRY_POINT,0,0,0.25,"measured_pass_at_k(n=2,k=8)",
opencodeinstruct-40803ce7d99e,ut_function,,en,excluded,excluded,TOO_EASY,PROMPT_FIX_ENTRY_POINT,0,0,0.25,"measured_pass_at_k(n=2,k=8)",1.0
ko-native-d6c01057ec0b,ut_function,,ko,excluded,excluded,TOO_EASY,PROMPT_FIX_ENTRY_POINT,0,0,0.5,"measured_pass_at_k(n=1,k=4)",1.0
ko-native-c61599d6f271,ut_function,,ko,excluded,excluded,TOO_EASY,PROMPT_FIX_ENTRY_POINT,0,0,0.25,"measured_pass_at_k(n=1,k=4)",1.0
ko-native-1f7894f64fff,ut_function,,ko,excluded,excluded,TOO_EASY,PROMPT_FIX_ENTRY_POINT,0,0,0.25,"measured_pass_at_k(n=1,k=8)",1.0
ko-native-ae0dbda92ab3,ut_function,,ko,train,ok,,PROMPT_FIX_ENTRY_POINT,0,0,0.5,"measured_pass_at_k(n=1,k=4)",0.625
rstar-9b7008406966,ut_stdio,,en,train,ok,,no_reference_solution,0,0,0.75,"measured_pass_at_k(n=2,k=8)",0.625
rstar-b3d4facd46fe,ut_stdio,,en,test,ok,,no_reference_solution,0,0,0.25,"measured_pass_at_k(n=2,k=8)",
rstar-bd2aec8bcf01,ut_stdio,,en,excluded,excluded,TOO_EASY,no_reference_solution,0,0,0.5,"measured_pass_at_k(n=2,k=8)",1.0
rstar-65a21a273bbb,ut_stdio,,en,train,ok,,no_reference_solution,0,0,0.25,"measured_pass_at_k(n=2,k=8)",0.25
rstar-c1f62551d314,ut_stdio,,en,excluded,excluded,TOO_EASY,no_reference_solution,0,0,0.5,"measured_pass_at_k(n=2,k=8)",1.0
rstar-b203e8da6c8c,ut_stdio,,en,excluded,excluded,TOO_EASY,no_reference_solution,0,0,0.375,"measured_pass_at_k(n=2,k=16)",1.0
rstar-d0f98267a815,ut_stdio,,en,train,ok,,no_reference_solution,0,0,0.75,"measured_pass_at_k(n=2,k=8)",0.625
rstar-bd9d9227503a,ut_stdio,,en,excluded,excluded,TOO_HARD,no_reference_solution,0,0,0.25,"measured_pass_at_k(n=2,k=8)",0.0
rstar-8f16ba81f7d3,ut_stdio,,en,train,ok,,no_reference_solution,0,0,0.25,"measured_pass_at_k(n=2,k=8)",0.5
rstar-1803ff722d26,ut_stdio,,en,excluded,excluded,TOO_EASY,no_reference_solution,0,0,0.5,"measured_pass_at_k(n=2,k=8)",1.0
rstar-80b41132ebbf,ut_stdio,,en,train,ok,,no_reference_solution,0,0,0.25,"measured_pass_at_k(n=2,k=8)",0.875
rstar-b730c731946b,ut_stdio,,en,excluded,excluded,TOO_EASY,no_reference_solution,0,0,0.25,"measured_pass_at_k(n=2,k=8)",1.0
rstar-57c8c4516870,ut_stdio,,en,train,ok,,no_reference_solution,0,0,0.5,"measured_pass_at_k(n=2,k=16)",0.875
rstar-0c44d955e6a9,ut_stdio,,en,excluded,excluded,TOO_EASY,no_reference_solution,0,0,0.5,"measured_pass_at_k(n=2,k=8)",1.0
rstar-1515f0f76663,ut_stdio,,en,excluded,excluded,TOO_HARD,no_reference_solution,0,0,0.75,"measured_pass_at_k(n=2,k=8)",0.0
rstar-a3efeda074a6,ut_stdio,,en,excluded,excluded,TOO_EASY,no_reference_solution,0,0,0.25,"measured_pass_at_k(n=2,k=8)",1.0
rstar-b255df8466fd,ut_stdio,,en,test,ok,,no_reference_solution,0,0,0.75,"measured_pass_at_k(n=2,k=8)",
rstar-b692a59144c0,ut_stdio,,en,excluded,excluded,TOO_EASY,no_reference_solution,0,0,0.5,"measured_pass_at_k(n=2,k=8)",1.0
rstar-2dafe84f1103,ut_stdio,,en,train,ok,,no_reference_solution,0,0,0.75,"measured_pass_at_k(n=2,k=8)",0.125
rstar-fdcd4cd4ebfe,ut_stdio,,en,excluded,excluded,TOO_EASY,no_reference_solution,0,0,0.5,"measured_pass_at_k(n=2,k=8)",1.0
rstar-4382216a6983,ut_stdio,,en,train,ok,,no_reference_solution,0,0,0.25,"measured_pass_at_k(n=2,k=8)",0.5
rstar-54550afa00c5,ut_stdio,,en,train,ok,,no_reference_solution,0,0,0.25,"measured_pass_at_k(n=2,k=8)",0.875
rstar-2ebc0ae4b4fd,ut_stdio,,en,train,ok,,no_reference_solution,0,0,0.5,"measured_pass_at_k(n=2,k=8)",0.875
rstar-8733de7e220e,ut_stdio,,en,train,ok,,no_reference_solution,0,0,0.25,"measured_pass_at_k(n=2,k=16)",0.25
rstar-2c1be3fadbb1,ut_stdio,,en,train,ok,,no_reference_solution,0,0,0.75,"measured_pass_at_k(n=2,k=8)",0.375
rstar-c72fff396bd1,ut_stdio,,en,excluded,excluded,TOO_HARD,no_reference_solution,0,0,0.5,"measured_pass_at_k(n=2,k=8)",0.0
rstar-0e4be844d72f,ut_stdio,,en,excluded,excluded,TOO_EASY,no_reference_solution,0,0,0.25,"measured_pass_at_k(n=2,k=8)",1.0
rstar-ee84c65ff4ef,ut_stdio,,en,train,ok,,no_reference_solution,0,0,0.25,"measured_pass_at_k(n=2,k=8)",0.25
kodcode-1625c5d5995a,ut_pytest,,en,train,ok,,HARD_BUT_PARTIAL_SIGNAL;PROMPT_FIX_ENTRY_POINT,0,0,0.25,"measured_pass_at_k(n=2,k=8)",0.0
opencodeinstruct-53e0a29cb337,ut_function,,en,excluded,excluded,TOO_EASY,PROMPT_FIX_ENTRY_POINT,0,0,0.5,"measured_pass_at_k(n=2,k=8)",1.0
opencodeinstruct-5620065b9821,ut_function,,en,excluded,excluded,TOO_EASY,PROMPT_FIX_ENTRY_POINT,0,0,0.25,"measured_pass_at_k(n=2,k=8)",1.0
opencodeinstruct-adc6215c9902,ut_function,,en,excluded,excluded,TOO_EASY,PROMPT_FIX_ENTRY_POINT,0,0,0.25,"measured_pass_at_k(n=2,k=8)",1.0
opencodeinstruct-c52f12965bef,ut_function,,en,excluded,excluded,TOO_EASY,PROMPT_FIX_ENTRY_POINT,0,0,0.75,"measured_pass_at_k(n=2,k=8)",1.0
opencodeinstruct-24d9e968acce,ut_function,,en,excluded,excluded,TOO_EASY,PROMPT_FIX_ENTRY_POINT,0,0,0.5,"measured_pass_at_k(n=2,k=8)",1.0
kodcode-8514f31ec218,ut_pytest,,en,excluded,excluded,TOO_EASY,PROMPT_FIX_ENTRY_POINT,0,0,0.5,"measured_pass_at_k(n=2,k=8)",1.0
opencodeinstruct-6fbfc3b65d83,ut_function,,en,excluded,excluded,TOO_EASY,PROMPT_FIX_ENTRY_POINT,0,0,0.5,"measured_pass_at_k(n=2,k=8)",1.0
kodcode-dee4dee8f491,ut_pytest,,en,excluded,excluded,TOO_EASY,PROMPT_FIX_ENTRY_POINT,0,0,0.5,"measured_pass_at_k(n=2,k=8)",1.0
opencodeinstruct-35b55cdc59c4,ut_function,,en,train,ok,,PROMPT_FIX_ENTRY_POINT,0,0,0.25,"measured_pass_at_k(n=2,k=8)",0.625
opencodeinstruct-128db007555b,ut_function,,en,excluded,excluded,TOO_EASY,PROMPT_FIX_ENTRY_POINT,0,0,0.5,"measured_pass_at_k(n=2,k=8)",1.0
kodcode-8c92b580d000,ut_pytest,,en,excluded,excluded,TOO_EASY,PROMPT_FIX_ENTRY_POINT,0,0,0.25,"measured_pass_at_k(n=2,k=16)",1.0
kodcode-8f4c0d4dd727,ut_pytest,,en,train,ok,,HARD_BUT_PARTIAL_SIGNAL;PROMPT_FIX_ENTRY_POINT,0,0,0.25,"measured_pass_at_k(n=2,k=16)",0.0
opencodeinstruct-53d3a94c8a3b,ut_function,,en,train,ok,,PROMPT_FIX_ENTRY_POINT,0,0,0.25,"measured_pass_at_k(n=2,k=16)",0.75
kodcode-1598e6563c41,ut_pytest,,en,train,ok,,HARD_BUT_PARTIAL_SIGNAL;PROMPT_FIX_ENTRY_POINT,0,0,0.25,"measured_pass_at_k(n=2,k=8)",0.0
kodcode-285f301dc017,ut_pytest,,en,train,ok,,PROMPT_FIX_ENTRY_POINT,0,0,0.25,"measured_pass_at_k(n=2,k=8)",0.625
kodcode-d1d9f0a31007,ut_pytest,,en,train,ok,,PROMPT_FIX_ENTRY_POINT,0,0,0.5,"measured_pass_at_k(n=2,k=8)",0.875
opencodeinstruct-38a43f46f201,ut_function,,en,excluded,excluded,TOO_EASY,PROMPT_FIX_ENTRY_POINT,0,0,0.5,"measured_pass_at_k(n=2,k=8)",1.0
opencodeinstruct-87e7d218e3b5,ut_function,,en,excluded,excluded,TOO_HARD,PROMPT_FIX_ENTRY_POINT,0,0,0.25,"measured_pass_at_k(n=2,k=16)",0.0
opencodeinstruct-0c917ef80518,ut_function,,en,train,ok,,HARD_BUT_PARTIAL_SIGNAL;PROMPT_FIX_ENTRY_POINT,0,0,0.25,"measured_pass_at_k(n=2,k=8)",0.0
opencodeinstruct-759b7fec19dd,ut_function,,en,excluded,excluded,TOO_EASY,PROMPT_FIX_ENTRY_POINT,0,0,0.5,"measured_pass_at_k(n=2,k=8)",1.0
opencodeinstruct-6ceb13eee787,ut_function,,en,excluded,excluded,TOO_EASY,PROMPT_FIX_ENTRY_POINT,0,0,0.5,"measured_pass_at_k(n=2,k=8)",1.0
opencodeinstruct-0a4c1e4da4f2,ut_function,,en,excluded,excluded,TOO_EASY,PROMPT_FIX_ENTRY_POINT,0,0,0.5,"measured_pass_at_k(n=2,k=8)",1.0
kodcode-17fc2496cd5d,ut_pytest,,en,excluded,excluded,TOO_EASY,PROMPT_FIX_ENTRY_POINT,0,0,0.5,"measured_pass_at_k(n=2,k=8)",1.0
kodcode-61b566b67099,ut_pytest,,en,train,ok,,PROMPT_FIX_ENTRY_POINT,0,0,0.25,"measured_pass_at_k(n=2,k=8)",0.75
kodcode-869393be81e7,ut_pytest,,en,excluded,excluded,TOO_EASY,PROMPT_FIX_ENTRY_POINT,0,0,0.5,"measured_pass_at_k(n=2,k=8)",1.0
opencodeinstruct-ef2a19af8e37,ut_function,,en,train,ok,,PROMPT_FIX_ENTRY_POINT,0,0,0.25,"measured_pass_at_k(n=2,k=8)",0.125
kodcode-d05d2992ed46,ut_pytest,,en,excluded,excluded,TOO_EASY,PROMPT_FIX_ENTRY_POINT,0,0,0.75,"measured_pass_at_k(n=2,k=8)",1.0
opencodeinstruct-1afcf683d570,ut_function,,en,excluded,excluded,TOO_EASY,PROMPT_FIX_ENTRY_POINT,0,0,0.75,"measured_pass_at_k(n=2,k=8)",1.0
kodcode-d4aea3c092bc,ut_pytest,,en,train,ok,,PROMPT_FIX_ENTRY_POINT,0,0,0.5,"measured_pass_at_k(n=2,k=8)",0.5
opencodeinstruct-3cbaabd215e7,ut_function,,en,train,ok,,PROMPT_FIX_ENTRY_POINT,0,0,0.25,"measured_pass_at_k(n=2,k=8)",0.125
kodcode-0b262bd7127d,ut_pytest,,en,excluded,excluded,TOO_EASY,PROMPT_FIX_ENTRY_POINT,0,0,0.75,"measured_pass_at_k(n=2,k=8)",1.0
opencodeinstruct-db4eaa4c49db,ut_function,,en,excluded,excluded,TOO_EASY,PROMPT_FIX_ENTRY_POINT,0,0,0.5,"measured_pass_at_k(n=2,k=8)",1.0
opencodeinstruct-9edd5f426f71,ut_function,,en,excluded,excluded,TOO_EASY,PROMPT_FIX_ENTRY_POINT,0,0,0.25,"measured_pass_at_k(n=2,k=8)",1.0
opencodeinstruct-2887e2304188,ut_function,,en,train,ok,,PROMPT_FIX_ENTRY_POINT,0,0,0.25,"measured_pass_at_k(n=2,k=8)",0.5
opencodeinstruct-554d0afe3004,ut_function,,en,validation,ok,,PROMPT_FIX_ENTRY_POINT,0,0,0.375,"measured_pass_at_k(n=2,k=16)",
opencodeinstruct-4624b945fceb,ut_function,,en,test,ok,,PROMPT_FIX_ENTRY_POINT,0,0,0.5,"measured_pass_at_k(n=2,k=8)",
opencodeinstruct-97e7049ea397,ut_function,,en,excluded,excluded,TOO_EASY,PROMPT_FIX_ENTRY_POINT,0,0,0.5,"measured_pass_at_k(n=2,k=8)",1.0
opencodeinstruct-b3add50b082b,ut_function,,en,excluded,excluded,TOO_EASY,PROMPT_FIX_ENTRY_POINT,0,0,0.5,"measured_pass_at_k(n=2,k=8)",1.0
opencodeinstruct-3d400f3095dd,ut_function,,en,excluded,excluded,TOO_EASY,PROMPT_FIX_ENTRY_POINT,0,0,0.75,"measured_pass_at_k(n=2,k=8)",1.0
opencodeinstruct-9e56835ee7be,ut_function,,en,excluded,excluded,TOO_EASY,PROMPT_FIX_ENTRY_POINT,0,0,0.5,"measured_pass_at_k(n=2,k=8)",1.0
opencodeinstruct-4ecc5c8f210f,ut_function,,en,test,ok,,PROMPT_FIX_ENTRY_POINT,0,0,0.75,"measured_pass_at_k(n=2,k=8)",
opencodeinstruct-6e416046c85b,ut_function,,en,test,ok,,PROMPT_FIX_ENTRY_POINT,0,0,0.25,"measured_pass_at_k(n=2,k=8)",
opencodeinstruct-80f335e4050e,ut_function,,en,train,ok,,PROMPT_FIX_ENTRY_POINT,0,0,0.25,"measured_pass_at_k(n=2,k=8)",0.625
opencodeinstruct-cf8560d7adb1,ut_function,,en,validation,ok,,,0,0,0.25,"measured_pass_at_k(n=2,k=8)",
opencodeinstruct-361b806f4207,ut_function,,en,excluded,excluded,TOO_EASY,PROMPT_FIX_ENTRY_POINT,0,0,0.25,"measured_pass_at_k(n=2,k=8)",1.0
opencodeinstruct-7fe94b723e97,ut_function,,en,excluded,excluded,TOO_EASY,PROMPT_FIX_ENTRY_POINT,0,0,0.5,"measured_pass_at_k(n=2,k=8)",1.0
kodcode-f2a815c7a3f2,ut_pytest,,en,test,ok,,PROMPT_FIX_ENTRY_POINT,0,0,0.75,"measured_pass_at_k(n=2,k=8)",
opencodeinstruct-21cf8c2d4e43,ut_function,,en,validation,ok,,PROMPT_FIX_ENTRY_POINT,0,0,0.5,"measured_pass_at_k(n=2,k=8)",
kodcode-a294f1940bfd,ut_pytest,,en,train,ok,,PROMPT_FIX_ENTRY_POINT,0,0,0.5,"measured_pass_at_k(n=2,k=8)",0.5
opencodeinstruct-ffc02b3fc5be,ut_function,,en,train,ok,,PROMPT_FIX_ENTRY_POINT,0,0,0.25,"measured_pass_at_k(n=2,k=8)",0.625
kodcode-59cc7fbf32d6,ut_pytest,,en,excluded,excluded,TOO_EASY,PROMPT_FIX_ENTRY_POINT,0,0,0.75,"measured_pass_at_k(n=2,k=8)",1.0
opencodeinstruct-1ccf8500a35e,ut_function,,en,excluded,excluded,TOO_EASY,PROMPT_FIX_ENTRY_POINT,0,0,0.25,"measured_pass_at_k(n=2,k=8)",1.0
opencodeinstruct-4cf0fe6c5d9c,ut_function,,en,train,ok,,PROMPT_FIX_ENTRY_POINT,0,0,0.75,"measured_pass_at_k(n=2,k=8)",0.75
opencodeinstruct-60d913edd203,ut_function,,en,train,ok,,PROMPT_FIX_ENTRY_POINT,0,0,0.5,"measured_pass_at_k(n=2,k=8)",0.625
kodcode-f28e4f223a27,ut_pytest,,en,validation,ok,,PROMPT_FIX_ENTRY_POINT,0,0,0.75,"measured_pass_at_k(n=2,k=8)",
opencodeinstruct-db0ac02f4a08,ut_function,,en,excluded,excluded,TOO_EASY,PROMPT_FIX_ENTRY_POINT,0,0,0.75,"measured_pass_at_k(n=2,k=8)",1.0
opencodeinstruct-577e1d7aa184,ut_function,,en,excluded,excluded,TOO_EASY,PROMPT_FIX_ENTRY_POINT,0,0,0.25,"measured_pass_at_k(n=2,k=8)",1.0
opencodeinstruct-31419b46dd49,ut_function,,en,excluded,excluded,TOO_EASY,PROMPT_FIX_ENTRY_POINT,0,0,0.75,"measured_pass_at_k(n=2,k=8)",1.0
opencodeinstruct-a350a64247f2,ut_function,,en,excluded,excluded,TOO_EASY,PROMPT_FIX_ENTRY_POINT,0,0,0.75,"measured_pass_at_k(n=2,k=8)",1.0
kodcode-380f8c3a415f,ut_pytest,,en,train,ok,,PROMPT_FIX_ENTRY_POINT,0,0,0.5,"measured_pass_at_k(n=2,k=8)",0.625
opencodeinstruct-276b7e5dc699,ut_function,,en,train,ok,,PROMPT_FIX_ENTRY_POINT,0,0,0.5,"measured_pass_at_k(n=2,k=8)",0.375
opencodeinstruct-acc873437c36,ut_function,,en,excluded,excluded,TOO_HARD,PROMPT_FIX_ENTRY_POINT,0,0,0.25,"measured_pass_at_k(n=2,k=16)",0.0
opencodeinstruct-8c24428b3bd4,ut_function,,en,excluded,excluded,TOO_EASY,PROMPT_FIX_ENTRY_POINT,0,0,0.25,"measured_pass_at_k(n=2,k=8)",1.0
kodcode-d92a6866075f,ut_pytest,,en,train,ok,,PROMPT_FIX_ENTRY_POINT,0,0,0.75,"measured_pass_at_k(n=2,k=8)",0.75
kodcode-45ed1b4374b3,ut_pytest,,en,train,ok,,PROMPT_FIX_ENTRY_POINT,0,0,0.5,"measured_pass_at_k(n=2,k=8)",0.125
opencodeinstruct-2e1e4c30e933,ut_function,,en,train,ok,,PROMPT_FIX_ENTRY_POINT,0,0,0.25,"measured_pass_at_k(n=2,k=16)",0.625
opencodeinstruct-532f2272b2bd,ut_function,,en,excluded,excluded,TOO_EASY,PROMPT_FIX_ENTRY_POINT,0,0,0.5,"measured_pass_at_k(n=2,k=8)",1.0
kodcode-a3f0b796b317,ut_pytest,,en,excluded,excluded,TOO_EASY,PROMPT_FIX_ENTRY_POINT,0,0,0.5,"measured_pass_at_k(n=2,k=8)",1.0
kodcode-e46f4ff7426c,ut_pytest,,en,excluded,excluded,TOO_EASY,PROMPT_FIX_ENTRY_POINT,0,0,0.25,"measured_pass_at_k(n=2,k=8)",1.0
kodcode-ffc174576fc6,ut_pytest,,en,excluded,excluded,TOO_EASY,PROMPT_FIX_ENTRY_POINT,0,0,0.25,"measured_pass_at_k(n=2,k=8)",1.0
opencodeinstruct-07f1f39319b5,ut_function,,en,excluded,excluded,TOO_EASY,PROMPT_FIX_ENTRY_POINT,0,0,0.5,"measured_pass_at_k(n=2,k=8)",1.0
kodcode-06f2740d9a63,ut_pytest,,en,train,ok,,PROMPT_FIX_ENTRY_POINT,0,0,0.25,"measured_pass_at_k(n=2,k=8)",0.75
opencodeinstruct-66e7033eb4b4,ut_function,,en,excluded,excluded,TOO_EASY,PROMPT_FIX_ENTRY_POINT,0,0,0.5,"measured_pass_at_k(n=2,k=8)",1.0
kodcode-67801d758ae7,ut_pytest,,en,train,ok,,PROMPT_FIX_ENTRY_POINT,0,0,0.5,"measured_pass_at_k(n=2,k=8)",0.625
kodcode-15ed244532fe,ut_pytest,,en,excluded,excluded,TOO_EASY,PROMPT_FIX_ENTRY_POINT,0,0,0.25,"measured_pass_at_k(n=2,k=8)",1.0
kodcode-ea73d474502a,ut_pytest,,en,excluded,excluded,TOO_EASY,PROMPT_FIX_ENTRY_POINT,0,0,0.5,"measured_pass_at_k(n=2,k=16)",1.0
rstar-12e2cd694d10,ut_stdio,,en,test,ok,,no_reference_solution,0,0,0.5,"measured_pass_at_k(n=2,k=8)",
rstar-6f4ff65a4a9f,ut_stdio,,en,train,ok,,no_reference_solution,0,0,0.25,"measured_pass_at_k(n=2,k=8)",0.5
rstar-2f8e77732173,ut_stdio,,en,excluded,excluded,TOO_EASY,no_reference_solution,0,0,0.25,"measured_pass_at_k(n=2,k=8)",1.0
rstar-47a564082afa,ut_stdio,,en,excluded,excluded,TOO_EASY,no_reference_solution,0,0,0.25,"measured_pass_at_k(n=2,k=8)",1.0
rstar-94b434602279,ut_stdio,,en,train,ok,,no_reference_solution;HARD_BUT_PARTIAL_SIGNAL,0,0,0.25,"measured_pass_at_k(n=2,k=8)",0.0
rstar-8d07e28fbb37,ut_stdio,,en,validation,ok,,no_reference_solution,0,0,0.25,"measured_pass_at_k(n=2,k=8)",
rstar-2270508127b5,ut_stdio,,en,excluded,excluded,TOO_EASY,no_reference_solution,0,0,0.25,"measured_pass_at_k(n=2,k=8)",1.0
rstar-740eed7459a3,ut_stdio,,en,excluded,excluded,TOO_EASY,no_reference_solution,0,0,0.5,"measured_pass_at_k(n=2,k=8)",1.0
rstar-e5a596164406,ut_stdio,,en,train,ok,,no_reference_solution;HARD_BUT_PARTIAL_SIGNAL,0,0,0.25,"measured_pass_at_k(n=2,k=8)",0.0
rstar-58d41c783242,ut_stdio,,en,test,ok,,no_reference_solution,0,0,0.75,"measured_pass_at_k(n=2,k=8)",
rstar-91217a3e770b,ut_stdio,,en,excluded,excluded,TOO_EASY,no_reference_solution,0,0,0.25,"measured_pass_at_k(n=2,k=8)",1.0
rstar-06ec353e646e,ut_stdio,,en,excluded,excluded,TOO_EASY,no_reference_solution,0,0,0.25,"measured_pass_at_k(n=1,k=4)",1.0
rstar-2b7ec4e34b13,ut_stdio,,en,test,ok,,no_reference_solution,0,0,0.5,"measured_pass_at_k(n=2,k=8)",
rstar-c573afe317e1,ut_stdio,,en,train,ok,,no_reference_solution,0,0,0.75,"measured_pass_at_k(n=2,k=8)",0.875
rstar-fcf4bc223932,ut_stdio,,en,test,ok,,no_reference_solution,0,0,0.75,"measured_pass_at_k(n=2,k=8)",
rstar-df9088b7caaa,ut_stdio,,en,test,ok,,no_reference_solution,0,0,0.75,"measured_pass_at_k(n=2,k=8)",
rstar-863a4669433d,ut_stdio,,en,excluded,excluded,TOO_EASY,no_reference_solution,0,0,0.25,"measured_pass_at_k(n=2,k=8)",1.0
rstar-b69f18afe72b,ut_stdio,,en,excluded,excluded,TOO_HARD,no_reference_solution,0,0,0.25,"measured_pass_at_k(n=2,k=8)",0.0
rstar-f618027e3f42,ut_stdio,,en,excluded,excluded,TOO_EASY,no_reference_solution,0,0,0.5,"measured_pass_at_k(n=2,k=8)",1.0
rstar-96fbb418e422,ut_stdio,,en,train,ok,,no_reference_solution,0,0,0.25,"measured_pass_at_k(n=2,k=8)",0.375
rstar-e821b75819a6,ut_stdio,,en,train,ok,,no_reference_solution,0,0,0.25,"measured_pass_at_k(n=2,k=8)",0.875
rstar-ba35388c7d4c,ut_stdio,,en,excluded,excluded,TOO_EASY,no_reference_solution,0,0,0.375,"measured_pass_at_k(n=2,k=16)",1.0
rstar-6d36802b6cc8,ut_stdio,,en,train,ok,,no_reference_solution,0,0,0.25,"measured_pass_at_k(n=2,k=8)",0.875
rstar-0f56368a2364,ut_stdio,,en,train,ok,,no_reference_solution,0,0,0.25,"measured_pass_at_k(n=2,k=16)",0.5
opencodeinstruct-bce127068bef,ut_function,,en,test,ok,,PROMPT_FIX_ENTRY_POINT,0,0,0.75,"measured_pass_at_k(n=2,k=8)",
opencodeinstruct-982dd6f062cd,ut_function,,en,excluded,excluded,TOO_EASY,PROMPT_FIX_ENTRY_POINT,0,0,0.375,"measured_pass_at_k(n=2,k=16)",1.0
opencodeinstruct-e6c0019ebaec,ut_function,,en,excluded,excluded,TOO_EASY,PROMPT_FIX_ENTRY_POINT,0,0,0.25,"measured_pass_at_k(n=2,k=8)",1.0
opencodeinstruct-f320199387d8,ut_function,,en,excluded,excluded,TOO_EASY,PROMPT_FIX_ENTRY_POINT,0,0,0.25,"measured_pass_at_k(n=2,k=8)",1.0
opencodeinstruct-def61609048e,ut_function,,en,train,ok,,HARD_BUT_PARTIAL_SIGNAL;PROMPT_FIX_ENTRY_POINT,0,0,0.25,"measured_pass_at_k(n=2,k=16)",0.0
opencodeinstruct-b84c33fad94a,ut_function,,en,excluded,excluded,TOO_EASY,PROMPT_FIX_ENTRY_POINT,0,0,0.25,"measured_pass_at_k(n=2,k=8)",1.0
opencodeinstruct-f346302202d2,ut_function,,en,validation,ok,,PROMPT_FIX_ENTRY_POINT,0,0,0.5,"measured_pass_at_k(n=2,k=16)",
opencodeinstruct-073f8e1d53f5,ut_function,,en,excluded,excluded,TOO_EASY,PROMPT_FIX_ENTRY_POINT,0,0,0.5,"measured_pass_at_k(n=2,k=8)",1.0
opencodeinstruct-4b87cdd0e180,ut_function,,en,test,ok,,PROMPT_FIX_ENTRY_POINT,0,0,0.5,"measured_pass_at_k(n=2,k=8)",
opencodeinstruct-486b43251e3e,ut_function,,en,excluded,excluded,TOO_EASY,PROMPT_FIX_ENTRY_POINT,0,0,0.25,"measured_pass_at_k(n=2,k=8)",1.0
opencodeinstruct-c538a26e70ed,ut_function,,en,excluded,excluded,TOO_HARD,PROMPT_FIX_ENTRY_POINT,0,0,0.25,"measured_pass_at_k(n=2,k=8)",0.0
opencodeinstruct-11259056805e,ut_function,,en,validation,ok,,PROMPT_FIX_ENTRY_POINT,0,0,0.75,"measured_pass_at_k(n=2,k=8)",
opencodeinstruct-0a012787bd91,ut_function,,en,excluded,excluded,TOO_EASY,PROMPT_FIX_ENTRY_POINT,0,0,0.25,"measured_pass_at_k(n=2,k=8)",1.0
opencodeinstruct-cbfab6a30c36,ut_function,,en,excluded,excluded,TOO_EASY,PROMPT_FIX_ENTRY_POINT,0,0,0.75,"measured_pass_at_k(n=2,k=8)",1.0
opencodeinstruct-459bfa648e27,ut_function,,en,train,ok,,PROMPT_FIX_ENTRY_POINT,0,0,0.5,"measured_pass_at_k(n=2,k=8)",0.625
opencodeinstruct-4443bbe334a5,ut_function,,en,excluded,excluded,TOO_EASY,PROMPT_FIX_ENTRY_POINT,0,0,0.75,"measured_pass_at_k(n=2,k=8)",1.0
opencodeinstruct-cc7d47ffea1a,ut_function,,en,excluded,excluded,TOO_EASY,PROMPT_FIX_ENTRY_POINT,0,0,0.25,"measured_pass_at_k(n=1,k=8)",1.0
opencodeinstruct-b58a563a74de,ut_function,,en,excluded,excluded,TOO_EASY,PROMPT_FIX_ENTRY_POINT,0,0,0.5,"measured_pass_at_k(n=2,k=8)",1.0
opencodeinstruct-8d334acde1e6,ut_function,,en,validation,ok,,PROMPT_FIX_ENTRY_POINT,0,0,0.25,"measured_pass_at_k(n=2,k=8)",
opencodeinstruct-8d94c6aba8b2,ut_function,,en,excluded,excluded,TOO_EASY,PROMPT_FIX_ENTRY_POINT,0,0,0.75,"measured_pass_at_k(n=2,k=8)",1.0
opencodeinstruct-036a501e6a6e,ut_function,,en,excluded,excluded,TOO_HARD,PROMPT_FIX_ENTRY_POINT,0,0,0.25,"measured_pass_at_k(n=2,k=16)",0.0
opencodeinstruct-40e9d88138ec,ut_function,,en,excluded,excluded,TOO_EASY,PROMPT_FIX_ENTRY_POINT,0,0,0.5,"measured_pass_at_k(n=2,k=8)",1.0
opencodeinstruct-6a1a56f6f2e1,ut_function,,en,excluded,excluded,TOO_EASY,PROMPT_FIX_ENTRY_POINT,0,0,0.25,"measured_pass_at_k(n=2,k=8)",1.0
opencodeinstruct-27253b8d829a,ut_function,,en,excluded,excluded,TOO_EASY,PROMPT_FIX_ENTRY_POINT,0,0,0.25,"measured_pass_at_k(n=1,k=4)",1.0
opencodeinstruct-5ec9b8aab7d6,ut_function,,en,test,ok,,PROMPT_FIX_ENTRY_POINT,0,0,0.25,"measured_pass_at_k(n=2,k=16)",
opencodeinstruct-51dff81b96ba,ut_function,,en,excluded,excluded,TOO_EASY,PROMPT_FIX_ENTRY_POINT,0,0,0.25,"measured_pass_at_k(n=2,k=8)",1.0
opencodeinstruct-74945e1fba11,ut_function,,en,excluded,excluded,TOO_EASY,PROMPT_FIX_ENTRY_POINT,0,0,0.25,"measured_pass_at_k(n=2,k=16)",1.0
opencodeinstruct-667d05354d95,ut_function,,en,excluded,excluded,TOO_EASY,PROMPT_FIX_ENTRY_POINT,0,0,0.75,"measured_pass_at_k(n=2,k=8)",1.0
opencodeinstruct-315ab0085296,ut_function,,en,excluded,excluded,TOO_EASY,PROMPT_FIX_ENTRY_POINT,0,0,0.25,"measured_pass_at_k(n=2,k=8)",1.0
opencodeinstruct-05c71a4a10f9,ut_function,,en,test,ok,,PROMPT_FIX_ENTRY_POINT,0,0,0.25,"measured_pass_at_k(n=2,k=8)",
opencodeinstruct-d14e67097ad6,ut_function,,en,test,ok,,PROMPT_FIX_ENTRY_POINT,0,0,0.5,"measured_pass_at_k(n=2,k=8)",
opencodeinstruct-15dbdb319b35,ut_function,,en,excluded,excluded,TOO_EASY,PROMPT_FIX_ENTRY_POINT,0,0,0.25,"measured_pass_at_k(n=2,k=8)",1.0
opencodeinstruct-cac94956fa26,ut_function,,en,excluded,excluded,TOO_HARD,PROMPT_FIX_ENTRY_POINT,0,0,0.5,"measured_pass_at_k(n=2,k=8)",0.0
opencodeinstruct-b79090abc648,ut_function,,en,train,ok,,PROMPT_FIX_ENTRY_POINT,0,0,0.25,"measured_pass_at_k(n=2,k=8)",0.875
opencodeinstruct-93df00e2e209,ut_function,,en,test,ok,,PROMPT_FIX_ENTRY_POINT,0,0,0.75,"measured_pass_at_k(n=2,k=8)",
opencodeinstruct-5d38766679c3,ut_function,,en,excluded,excluded,TOO_EASY,PROMPT_FIX_ENTRY_POINT,0,0,0.25,"measured_pass_at_k(n=2,k=16)",1.0
opencodeinstruct-5b3ebd849816,ut_function,,en,excluded,excluded,TOO_EASY,PROMPT_FIX_ENTRY_POINT,0,0,0.25,"measured_pass_at_k(n=2,k=8)",1.0
opencodeinstruct-8cddde5c345d,ut_function,,en,excluded,excluded,TOO_EASY,PROMPT_FIX_ENTRY_POINT,0,0,0.25,"measured_pass_at_k(n=2,k=8)",1.0
kodcode-f1f54d8ba006,ut_pytest,,en,train,ok,,PROMPT_FIX_ENTRY_POINT,0,0,0.25,"measured_pass_at_k(n=2,k=8)",0.375
kodcode-887070105b9b,ut_pytest,,en,validation,ok,,PROMPT_FIX_ENTRY_POINT,0,0,0.75,"measured_pass_at_k(n=2,k=8)",
kodcode-c7acbd3057b0,ut_pytest,,en,excluded,excluded,TOO_EASY,PROMPT_FIX_ENTRY_POINT,0,0,0.5,"measured_pass_at_k(n=2,k=8)",1.0
kodcode-259415514cf4,ut_pytest,,en,validation,ok,,PROMPT_FIX_ENTRY_POINT,0,0,0.75,"measured_pass_at_k(n=2,k=8)",
kodcode-d36820de7a37,ut_pytest,,en,excluded,excluded,TOO_EASY,PROMPT_FIX_ENTRY_POINT,0,0,0.75,"measured_pass_at_k(n=2,k=8)",1.0
opencodeinstruct-51c9d0a0aca9,ut_function,,en,excluded,excluded,TOO_EASY,PROMPT_FIX_ENTRY_POINT,0,0,0.5,"measured_pass_at_k(n=2,k=8)",1.0
opencodeinstruct-39ef8b752423,ut_function,,en,excluded,excluded,TOO_EASY,PROMPT_FIX_ENTRY_POINT,0,0,0.5,"measured_pass_at_k(n=2,k=8)",1.0
kodcode-0b049cfae2f3,ut_pytest,,en,train,ok,,PROMPT_FIX_ENTRY_POINT,0,0,0.25,"measured_pass_at_k(n=2,k=8)",0.875
kodcode-25b1d9e73ad8,ut_pytest,,en,test,ok,,PROMPT_FIX_ENTRY_POINT,0,0,0.75,"measured_pass_at_k(n=2,k=8)",
kodcode-2f0c8c595c6e,ut_pytest,,en,train,ok,,PROMPT_FIX_ENTRY_POINT,0,0,0.25,"measured_pass_at_k(n=2,k=8)",0.25
kodcode-7f90a4d49854,ut_pytest,,en,train,ok,,PROMPT_FIX_ENTRY_POINT,0,0,0.5,"measured_pass_at_k(n=2,k=8)",0.875
opencodeinstruct-fc16c846dfca,ut_function,,en,excluded,excluded,TOO_EASY,PROMPT_FIX_ENTRY_POINT,0,0,0.5,"measured_pass_at_k(n=2,k=8)",1.0
kodcode-6ad889523713,ut_pytest,,en,train,ok,,PROMPT_FIX_ENTRY_POINT,0,0,0.5,"measured_pass_at_k(n=2,k=8)",0.75
kodcode-1eca3c393645,ut_pytest,,en,train,ok,,PROMPT_FIX_ENTRY_POINT,0,0,0.5,"measured_pass_at_k(n=2,k=8)",0.25
kodcode-b972fb84e6ba,ut_pytest,,en,train,ok,,PROMPT_FIX_ENTRY_POINT,0,0,0.25,"measured_pass_at_k(n=2,k=8)",0.5
kodcode-031781866b65,ut_pytest,,en,train,ok,,HARD_BUT_PARTIAL_SIGNAL;PROMPT_FIX_ENTRY_POINT,0,0,0.25,"measured_pass_at_k(n=2,k=16)",0.0
kodcode-1ef8d8757c76,ut_pytest,,en,excluded,excluded,TOO_HARD,PROMPT_FIX_ENTRY_POINT,0,0,0.5,"measured_pass_at_k(n=2,k=8)",0.0
kodcode-e636ed943eda,ut_pytest,,en,excluded,excluded,TOO_EASY,PROMPT_FIX_ENTRY_POINT,0,0,0.25,"measured_pass_at_k(n=2,k=8)",1.0
kodcode-10679d1e44cb,ut_pytest,,en,excluded,excluded,TOO_EASY,PROMPT_FIX_ENTRY_POINT,0,0,0.5,"measured_pass_at_k(n=2,k=8)",1.0
kodcode-691cdb8ef72d,ut_pytest,,en,excluded,excluded,TOO_EASY,PROMPT_FIX_ENTRY_POINT,0,0,0.5,"measured_pass_at_k(n=2,k=8)",1.0
kodcode-97ddbea803e5,ut_pytest,,en,excluded,excluded,TOO_HARD,PROMPT_FIX_ENTRY_POINT,0,0,0.25,"measured_pass_at_k(n=2,k=8)",0.0
kodcode-bc553fa91068,ut_pytest,,en,excluded,excluded,TOO_EASY,PROMPT_FIX_ENTRY_POINT,0,0,0.25,"measured_pass_at_k(n=2,k=8)",1.0
kodcode-4720a9431129,ut_pytest,,en,test,ok,,PROMPT_FIX_ENTRY_POINT,0,0,0.25,"measured_pass_at_k(n=2,k=8)",
kodcode-9440d93e7207,ut_pytest,,en,excluded,excluded,TOO_HARD,PROMPT_FIX_ENTRY_POINT,0,0,0.25,"measured_pass_at_k(n=2,k=8)",0.0
kodcode-94c3adb3391c,ut_pytest,,en,excluded,excluded,TOO_EASY,PROMPT_FIX_ENTRY_POINT,0,0,0.75,"measured_pass_at_k(n=2,k=8)",1.0
kodcode-c653e56951c9,ut_pytest,,en,test,ok,,PROMPT_FIX_ENTRY_POINT,0,0,0.25,"measured_pass_at_k(n=2,k=8)",
kodcode-a55948df386e,ut_pytest,,en,excluded,excluded,TOO_HARD,PROMPT_FIX_ENTRY_POINT,0,0,0.5,"measured_pass_at_k(n=2,k=8)",0.0
opencodeinstruct-945606b1e1cb,ut_function,,en,excluded,excluded,TOO_EASY,PROMPT_FIX_ENTRY_POINT,0,0,0.25,"measured_pass_at_k(n=2,k=8)",1.0
kodcode-6b74ec1c614c,ut_pytest,,en,train,ok,,PROMPT_FIX_ENTRY_POINT,0,0,0.5,"measured_pass_at_k(n=2,k=8)",0.5
kodcode-cd8bfef2033e,ut_pytest,,en,excluded,excluded,TOO_EASY,PROMPT_FIX_ENTRY_POINT,0,0,0.5,"measured_pass_at_k(n=2,k=8)",1.0
ko-native-22dedbbca935,ut_function,,ko,excluded,excluded,TOO_EASY,PROMPT_FIX_ENTRY_POINT,0,0,0.75,"measured_pass_at_k(n=1,k=4)",1.0
ko-native-c1ca3514d892,ut_function,,ko,train,ok,,PROMPT_FIX_ENTRY_POINT,0,0,0.75,"measured_pass_at_k(n=1,k=4)",0.75
rstar-b0c034d787cb,ut_stdio,,en,train,ok,,no_reference_solution;HARD_BUT_PARTIAL_SIGNAL,0,0,0.75,"measured_pass_at_k(n=2,k=8)",0.0
rstar-2fadb31665c8,ut_stdio,,en,excluded,excluded,TOO_EASY,no_reference_solution,0,0,0.25,"measured_pass_at_k(n=2,k=16)",1.0
rstar-93fd01f65f48,ut_stdio,,en,train,ok,,no_reference_solution,0,0,0.75,"measured_pass_at_k(n=2,k=8)",0.625
rstar-dd53d363ec0a,ut_stdio,,en,excluded,excluded,TOO_EASY,no_reference_solution,0,0,0.5,"measured_pass_at_k(n=2,k=8)",1.0
rstar-10d024ee7e23,ut_stdio,,en,validation,ok,,no_reference_solution,0,0,0.25,"measured_pass_at_k(n=2,k=16)",
rstar-ee2255fe2279,ut_stdio,,en,excluded,excluded,TOO_EASY,no_reference_solution,0,0,0.75,"measured_pass_at_k(n=2,k=8)",1.0
rstar-50313b19975f,ut_stdio,,en,train,ok,,no_reference_solution;HARD_BUT_PARTIAL_SIGNAL,0,0,0.5,"measured_pass_at_k(n=2,k=8)",0.0
rstar-634adc34321b,ut_stdio,,en,test,ok,,no_reference_solution,0,0,0.25,"measured_pass_at_k(n=2,k=8)",
rstar-6ca917877328,ut_stdio,,en,train,ok,,no_reference_solution,0,0,0.25,"measured_pass_at_k(n=2,k=8)",0.625
rstar-f093d3a7ebfc,ut_stdio,,en,train,ok,,no_reference_solution,0,0,0.25,"measured_pass_at_k(n=2,k=8)",0.125
rstar-c531424348ec,ut_stdio,,en,train,ok,,no_reference_solution,0,0,0.25,"measured_pass_at_k(n=2,k=8)",0.75
rstar-593d940f2dea,ut_stdio,,en,train,ok,,no_reference_solution,0,0,0.5,"measured_pass_at_k(n=2,k=8)",0.875
rstar-9191aac34abf,ut_stdio,,en,train,ok,,no_reference_solution;HARD_BUT_PARTIAL_SIGNAL,0,0,0.5,"measured_pass_at_k(n=2,k=8)",0.0
rstar-95f4b6a0f710,ut_stdio,,en,test,ok,,no_reference_solution,0,0,0.25,"measured_pass_at_k(n=2,k=8)",
rstar-48ea22bd34c7,ut_stdio,,en,train,ok,,no_reference_solution,0,0,0.25,"measured_pass_at_k(n=2,k=8)",0.75
rstar-982c5a43ca19,ut_stdio,,en,test,ok,,no_reference_solution,0,0,0.5,"measured_pass_at_k(n=2,k=8)",
rstar-3ee9e55547dd,ut_stdio,,en,train,ok,,no_reference_solution,0,0,0.5,"measured_pass_at_k(n=1,k=4)",0.875
rstar-f66b8fc2f024,ut_stdio,,en,train,ok,,no_reference_solution,0,0,0.5,"measured_pass_at_k(n=2,k=8)",0.125
rstar-a6c3b54dc297,ut_stdio,,en,train,ok,,no_reference_solution,0,0,0.25,"measured_pass_at_k(n=2,k=8)",0.625
rstar-663d69cc3408,ut_stdio,,en,train,ok,,no_reference_solution,0,0,0.5,"measured_pass_at_k(n=2,k=8)",0.125
rstar-4adca2e5ea1e,ut_stdio,,en,test,ok,,no_reference_solution,0,0,0.5,"measured_pass_at_k(n=2,k=8)",
rstar-9e98a65c86b7,ut_stdio,,en,excluded,excluded,TOO_EASY,no_reference_solution,0,0,0.5,"measured_pass_at_k(n=2,k=8)",1.0
rstar-c9641a3e0b45,ut_stdio,,en,test,ok,,no_reference_solution,0,0,0.375,"measured_pass_at_k(n=2,k=16)",
rstar-4ce44da41e27,ut_stdio,,en,excluded,excluded,TOO_EASY,no_reference_solution,0,0,0.25,"measured_pass_at_k(n=2,k=8)",1.0
rstar-d711d0f13f63,ut_stdio,,en,train,ok,,no_reference_solution;HARD_BUT_PARTIAL_SIGNAL,0,0,0.25,"measured_pass_at_k(n=2,k=8)",0.0
rstar-8b0af4ffb315,ut_stdio,,en,validation,ok,,no_reference_solution,0,0,0.25,"measured_pass_at_k(n=2,k=8)",
opencodeinstruct-d47c0c3a6d8c,ut_function,,en,excluded,excluded,TOO_HARD,PROMPT_FIX_ENTRY_POINT,0,0,0.25,"measured_pass_at_k(n=2,k=8)",0.0
opencodeinstruct-fa2de02e502c,ut_function,,en,excluded,excluded,TOO_HARD,PROMPT_FIX_ENTRY_POINT,0,0,0.5,"measured_pass_at_k(n=2,k=8)",0.0
opencodeinstruct-66ad7acf6614,ut_function,,en,test,ok,,PROMPT_FIX_ENTRY_POINT,0,0,0.25,"measured_pass_at_k(n=2,k=8)",
opencodeinstruct-28f0d32f3724,ut_function,,en,excluded,excluded,TOO_EASY,PROMPT_FIX_ENTRY_POINT,0,0,0.25,"measured_pass_at_k(n=2,k=16)",1.0
opencodeinstruct-214e604cf968,ut_function,,en,train,ok,,PROMPT_FIX_ENTRY_POINT,0,0,0.25,"measured_pass_at_k(n=2,k=8)",0.5
opencodeinstruct-bd382851253f,ut_function,,en,train,ok,,PROMPT_FIX_ENTRY_POINT,0,0,0.375,"measured_pass_at_k(n=2,k=16)",0.75
opencodeinstruct-d9486dbbf2aa,ut_function,,en,excluded,excluded,TOO_EASY,PROMPT_FIX_ENTRY_POINT,0,0,0.25,"measured_pass_at_k(n=2,k=8)",1.0
opencodeinstruct-843cad3dc7e9,ut_function,,en,excluded,excluded,TOO_EASY,PROMPT_FIX_ENTRY_POINT,0,0,0.75,"measured_pass_at_k(n=2,k=8)",1.0
opencodeinstruct-bb0b569e24a9,ut_function,,en,excluded,excluded,TOO_HARD,PROMPT_FIX_ENTRY_POINT,0,0,0.5,"measured_pass_at_k(n=2,k=8)",0.0
opencodeinstruct-7d9c779dced4,ut_function,,en,excluded,excluded,TOO_HARD,PROMPT_FIX_ENTRY_POINT,0,0,0.25,"measured_pass_at_k(n=2,k=16)",0.0
opencodeinstruct-d09d534687eb,ut_function,,en,excluded,excluded,TOO_EASY,PROMPT_FIX_ENTRY_POINT,0,0,0.375,"measured_pass_at_k(n=2,k=16)",1.0
opencodeinstruct-c01c918f45ca,ut_function,,en,excluded,excluded,TOO_EASY,PROMPT_FIX_ENTRY_POINT,0,0,0.75,"measured_pass_at_k(n=2,k=8)",1.0
opencodeinstruct-3b4a04baa05a,ut_function,,en,excluded,excluded,TOO_EASY,PROMPT_FIX_ENTRY_POINT,0,0,0.5,"measured_pass_at_k(n=2,k=8)",1.0
opencodeinstruct-7d5190a7260c,ut_function,,en,train,ok,,HARD_BUT_PARTIAL_SIGNAL;PROMPT_FIX_ENTRY_POINT,0,0,0.25,"measured_pass_at_k(n=2,k=8)",0.0
opencodeinstruct-308f856e7b0a,ut_function,,en,test,ok,,PROMPT_FIX_ENTRY_POINT,0,0,0.375,"measured_pass_at_k(n=2,k=16)",
opencodeinstruct-beb1e7097269,ut_function,,en,excluded,excluded,TOO_EASY,PROMPT_FIX_ENTRY_POINT,0,0,0.75,"measured_pass_at_k(n=2,k=8)",1.0
opencodeinstruct-fd2ad2ed1733,ut_function,,en,validation,ok,,PROMPT_FIX_ENTRY_POINT,0,0,0.25,"measured_pass_at_k(n=2,k=8)",
opencodeinstruct-ac5320d6aad9,ut_function,,en,excluded,excluded,TOO_EASY,PROMPT_FIX_ENTRY_POINT,0,0,0.25,"measured_pass_at_k(n=2,k=8)",1.0
opencodeinstruct-4fdccb55c9f1,ut_function,,en,test,ok,,PROMPT_FIX_ENTRY_POINT,0,0,0.25,"measured_pass_at_k(n=2,k=8)",
opencodeinstruct-2b72c67c853f,ut_function,,en,excluded,excluded,TOO_EASY,PROMPT_FIX_ENTRY_POINT,0,0,0.375,"measured_pass_at_k(n=2,k=16)",1.0
opencodeinstruct-26811875f2ef,ut_function,,en,train,ok,,PROMPT_FIX_ENTRY_POINT,0,0,0.375,"measured_pass_at_k(n=2,k=16)",0.75
opencodeinstruct-5ce657b1c61a,ut_function,,en,excluded,excluded,TOO_EASY,PROMPT_FIX_ENTRY_POINT,0,0,0.25,"measured_pass_at_k(n=2,k=8)",1.0
opencodeinstruct-109a295a8e92,ut_function,,en,excluded,excluded,TOO_EASY,PROMPT_FIX_ENTRY_POINT,0,0,0.75,"measured_pass_at_k(n=2,k=8)",1.0
opencodeinstruct-c65d333765ec,ut_function,,en,excluded,excluded,TOO_EASY,PROMPT_FIX_ENTRY_POINT,0,0,0.25,"measured_pass_at_k(n=2,k=8)",1.0
opencodeinstruct-fb15b214a88b,ut_function,,en,excluded,excluded,TOO_EASY,PROMPT_FIX_ENTRY_POINT,0,0,0.25,"measured_pass_at_k(n=2,k=8)",1.0
opencodeinstruct-58e856527768,ut_function,,en,validation,ok,,PROMPT_FIX_ENTRY_POINT,0,0,0.25,"measured_pass_at_k(n=2,k=8)",
opencodeinstruct-5461aa89c13b,ut_function,,en,excluded,excluded,TOO_HARD,PROMPT_FIX_ENTRY_POINT,0,0,0.25,"measured_pass_at_k(n=2,k=8)",0.0
opencodeinstruct-c2a2bbeda115,ut_function,,en,excluded,excluded,TOO_EASY,PROMPT_FIX_ENTRY_POINT,0,0,0.75,"measured_pass_at_k(n=2,k=8)",1.0
opencodeinstruct-9a8780da6260,ut_function,,en,excluded,excluded,TOO_EASY,PROMPT_FIX_ENTRY_POINT,0,0,0.5,"measured_pass_at_k(n=2,k=8)",1.0
opencodeinstruct-074b55db403d,ut_function,,en,test,ok,,PROMPT_FIX_ENTRY_POINT,0,0,0.25,"measured_pass_at_k(n=2,k=8)",
opencodeinstruct-949fe97d1147,ut_function,,en,excluded,excluded,TOO_EASY,PROMPT_FIX_ENTRY_POINT,0,0,0.25,"measured_pass_at_k(n=2,k=8)",1.0
opencodeinstruct-06ab44d190d9,ut_function,,en,test,ok,,PROMPT_FIX_ENTRY_POINT,0,0,0.75,"measured_pass_at_k(n=2,k=8)",
kodcode-4460db0152fb,ut_pytest,,en,test,ok,,PROMPT_FIX_ENTRY_POINT,0,0,0.25,"measured_pass_at_k(n=2,k=8)",
kodcode-90ff7736f070,ut_pytest,,en,validation,ok,,PROMPT_FIX_ENTRY_POINT,0,0,0.25,"measured_pass_at_k(n=2,k=16)",
kodcode-aa2d947d4af2,ut_pytest,,en,excluded,excluded,TOO_EASY,PROMPT_FIX_ENTRY_POINT,0,0,0.25,"measured_pass_at_k(n=2,k=16)",1.0
kodcode-5d15c70c6016,ut_pytest,,en,train,ok,,PROMPT_FIX_ENTRY_POINT,0,0,0.25,"measured_pass_at_k(n=2,k=8)",0.375
kodcode-531abbb9c953,ut_pytest,,en,excluded,excluded,TOO_EASY,PROMPT_FIX_ENTRY_POINT,0,0,0.25,"measured_pass_at_k(n=2,k=8)",1.0
opencodeinstruct-8c21f4e72f5d,ut_function,,en,excluded,excluded,TOO_EASY,PROMPT_FIX_ENTRY_POINT,0,0,0.25,"measured_pass_at_k(n=2,k=8)",1.0
kodcode-8613cb1bc6a0,ut_pytest,,en,excluded,excluded,TOO_EASY,PROMPT_FIX_ENTRY_POINT,0,0,0.75,"measured_pass_at_k(n=2,k=8)",1.0
opencodeinstruct-dc6c6968260c,ut_function,,en,excluded,excluded,TOO_EASY,PROMPT_FIX_ENTRY_POINT,0,0,0.5,"measured_pass_at_k(n=2,k=8)",1.0
opencodeinstruct-8dea08e3521e,ut_function,,en,excluded,excluded,TOO_EASY,PROMPT_FIX_ENTRY_POINT,0,0,0.25,"measured_pass_at_k(n=2,k=8)",1.0
kodcode-8cffe51fb6d9,ut_pytest,,en,excluded,excluded,TOO_EASY,PROMPT_FIX_ENTRY_POINT,0,0,0.25,"measured_pass_at_k(n=2,k=8)",1.0
kodcode-34dc0987e51d,ut_pytest,,en,test,ok,,PROMPT_FIX_ENTRY_POINT,0,0,0.5,"measured_pass_at_k(n=2,k=8)",
kodcode-cfcf4787c0d3,ut_pytest,,en,excluded,excluded,TOO_HARD,PROMPT_FIX_ENTRY_POINT,0,0,0.5,"measured_pass_at_k(n=2,k=8)",0.0
kodcode-e60956177d86,ut_pytest,,en,excluded,excluded,TOO_HARD,PROMPT_FIX_ENTRY_POINT,0,0,0.75,"measured_pass_at_k(n=2,k=8)",0.0
opencodeinstruct-deed3b1ab0d8,ut_function,,en,test,ok,,PROMPT_FIX_ENTRY_POINT,0,0,0.25,"measured_pass_at_k(n=2,k=8)",
kodcode-c9295647295c,ut_pytest,,en,train,ok,,PROMPT_FIX_ENTRY_POINT,0,0,0.75,"measured_pass_at_k(n=2,k=8)",0.25
kodcode-84ca05ff44e9,ut_pytest,,en,train,ok,,PROMPT_FIX_ENTRY_POINT,0,0,0.25,"measured_pass_at_k(n=2,k=16)",0.875
kodcode-82f4fba34fcf,ut_pytest,,en,excluded,excluded,TOO_EASY,PROMPT_FIX_ENTRY_POINT,0,0,0.5,"measured_pass_at_k(n=2,k=8)",1.0
kodcode-6149533bd654,ut_pytest,,en,excluded,excluded,TOO_EASY,PROMPT_FIX_ENTRY_POINT,0,0,0.75,"measured_pass_at_k(n=2,k=8)",1.0
kodcode-f3ecdc2d534f,ut_pytest,,en,excluded,excluded,TOO_EASY,PROMPT_FIX_ENTRY_POINT,0,0,0.5,"measured_pass_at_k(n=2,k=8)",1.0
kodcode-6d26e4d6dfe3,ut_pytest,,en,train,ok,,HARD_BUT_PARTIAL_SIGNAL;PROMPT_FIX_ENTRY_POINT,0,0,0.25,"measured_pass_at_k(n=2,k=8)",0.0
kodcode-7a8b0996684b,ut_pytest,,en,train,ok,,PROMPT_FIX_ENTRY_POINT,0,0,0.75,"measured_pass_at_k(n=2,k=8)",0.125
kodcode-5350bcff80c8,ut_pytest,,en,excluded,excluded,TOO_HARD,PROMPT_FIX_ENTRY_POINT,0,0,0.25,"measured_pass_at_k(n=2,k=8)",0.0
kodcode-983198600ef6,ut_pytest,,en,excluded,excluded,TOO_EASY,PROMPT_FIX_ENTRY_POINT,0,0,0.75,"measured_pass_at_k(n=2,k=8)",1.0
kodcode-fa8c6db6433f,ut_pytest,,en,excluded,excluded,TOO_EASY,PROMPT_FIX_ENTRY_POINT,0,0,0.5,"measured_pass_at_k(n=2,k=8)",1.0
kodcode-1de473f1a3ef,ut_pytest,,en,excluded,excluded,TOO_EASY,PROMPT_FIX_ENTRY_POINT,0,0,0.75,"measured_pass_at_k(n=2,k=8)",1.0
kodcode-613cdb5113fd,ut_pytest,,en,train,ok,,HARD_BUT_PARTIAL_SIGNAL;PROMPT_FIX_ENTRY_POINT,0,0,0.25,"measured_pass_at_k(n=2,k=8)",0.0
kodcode-32bc8ae74116,ut_pytest,,en,excluded,excluded,TOO_HARD,PROMPT_FIX_ENTRY_POINT,0,0,0.25,"measured_pass_at_k(n=2,k=8)",0.0
kodcode-510cfb03c5ce,ut_pytest,,en,excluded,excluded,TOO_EASY,PROMPT_FIX_ENTRY_POINT,0,0,0.25,"measured_pass_at_k(n=2,k=16)",1.0
kodcode-fbb8955a00d8,ut_pytest,,en,excluded,excluded,TOO_EASY,PROMPT_FIX_ENTRY_POINT,0,0,0.75,"measured_pass_at_k(n=2,k=8)",1.0
kodcode-ff64fc4ba112,ut_pytest,,en,excluded,excluded,TOO_HARD,PROMPT_FIX_ENTRY_POINT,0,0,0.25,"measured_pass_at_k(n=2,k=8)",0.0
kodcode-dece49f215e6,ut_pytest,,en,train,ok,,PROMPT_FIX_ENTRY_POINT,0,0,0.25,"measured_pass_at_k(n=2,k=8)",0.25
kodcode-9cf510498f35,ut_pytest,,en,excluded,excluded,TOO_EASY,PROMPT_FIX_ENTRY_POINT,0,0,0.25,"measured_pass_at_k(n=2,k=8)",1.0
kodcode-37bc72850351,ut_pytest,,en,excluded,excluded,TOO_EASY,PROMPT_FIX_ENTRY_POINT,0,0,0.25,"measured_pass_at_k(n=2,k=8)",1.0
kodcode-4102ab5d5deb,ut_pytest,,en,train,ok,,PROMPT_FIX_ENTRY_POINT,0,0,0.25,"measured_pass_at_k(n=2,k=8)",0.375
kodcode-a9d9a030aaf4,ut_pytest,,en,test,ok,,PROMPT_FIX_ENTRY_POINT,0,0,0.5,"measured_pass_at_k(n=2,k=8)",
ko-native-5ba967402ebe,ut_function,,ko,train,ok,,PROMPT_FIX_ENTRY_POINT,0,0,0.25,"measured_pass_at_k(n=1,k=4)",0.625
ko-native-49a06191e7b8,ut_function,,ko,excluded,excluded,TOO_EASY,PROMPT_FIX_ENTRY_POINT,0,0,0.75,"measured_pass_at_k(n=1,k=4)",1.0
rstar-c9f219ce6b3d,ut_stdio,,en,validation,ok,,no_reference_solution,0,0,0.25,"measured_pass_at_k(n=2,k=8)",
rstar-7c350873c69f,ut_stdio,,en,train,ok,,no_reference_solution,0,0,0.25,"measured_pass_at_k(n=2,k=8)",0.375
rstar-bea1d6609643,ut_stdio,,en,excluded,excluded,TOO_HARD,no_reference_solution,0,0,0.75,"measured_pass_at_k(n=2,k=8)",0.0
rstar-a51833aaa5e6,ut_stdio,,en,train,ok,,no_reference_solution,0,0,0.25,"measured_pass_at_k(n=2,k=8)",0.875
rstar-4932859d22c8,ut_stdio,,en,validation,ok,,no_reference_solution,0,0,0.5,"measured_pass_at_k(n=2,k=8)",
rstar-7f09d16a3bac,ut_stdio,,en,excluded,excluded,TOO_EASY,no_reference_solution,0,0,0.25,"measured_pass_at_k(n=2,k=8)",1.0
rstar-4c22f15bbb4f,ut_stdio,,en,test,ok,,no_reference_solution,0,0,0.5,"measured_pass_at_k(n=2,k=8)",
rstar-e46361509490,ut_stdio,,en,train,ok,,no_reference_solution,0,0,0.75,"measured_pass_at_k(n=2,k=8)",0.625
rstar-8253aa9194c5,ut_stdio,,en,excluded,excluded,TOO_EASY,no_reference_solution,0,0,0.25,"measured_pass_at_k(n=2,k=16)",1.0
rstar-a17e944f04e7,ut_stdio,,en,excluded,excluded,TOO_EASY,no_reference_solution,0,0,0.5,"measured_pass_at_k(n=2,k=16)",1.0
rstar-899594296430,ut_stdio,,en,train,ok,,no_reference_solution,0,0,0.75,"measured_pass_at_k(n=2,k=8)",0.375
rstar-92922ef71c98,ut_stdio,,en,train,ok,,no_reference_solution,0,0,0.25,"measured_pass_at_k(n=2,k=8)",0.625
rstar-c89428d8deee,ut_stdio,,en,train,ok,,no_reference_solution,0,0,0.25,"measured_pass_at_k(n=2,k=8)",0.5
rstar-5482fcf11a74,ut_stdio,,en,train,ok,,no_reference_solution;HARD_BUT_PARTIAL_SIGNAL,0,0,0.25,"measured_pass_at_k(n=2,k=8)",0.0
rstar-a2ee971a52c4,ut_stdio,,en,train,ok,,no_reference_solution,0,0,0.5,"measured_pass_at_k(n=2,k=8)",0.875
rstar-63313240e1f5,ut_stdio,,en,excluded,excluded,TOO_EASY,no_reference_solution,0,0,0.75,"measured_pass_at_k(n=2,k=8)",1.0
rstar-330ee5169b15,ut_stdio,,en,excluded,excluded,TOO_EASY,no_reference_solution,0,0,0.5,"measured_pass_at_k(n=2,k=8)",1.0
opencodeinstruct-8a4b95395250,ut_function,,en,excluded,excluded,TOO_HARD,PROMPT_FIX_ENTRY_POINT,0,0,0.5,"measured_pass_at_k(n=2,k=8)",0.0
opencodeinstruct-7fca7c6b2e08,ut_function,,en,excluded,excluded,TOO_EASY,PROMPT_FIX_ENTRY_POINT,0,0,0.75,"measured_pass_at_k(n=2,k=8)",1.0
opencodeinstruct-aabc350e7c19,ut_function,,en,train,ok,,PROMPT_FIX_ENTRY_POINT,0,0,0.25,"measured_pass_at_k(n=2,k=8)",0.875
opencodeinstruct-4781ecd0cb1e,ut_function,,en,test,ok,,PROMPT_FIX_ENTRY_POINT,0,0,0.5,"measured_pass_at_k(n=2,k=8)",
opencodeinstruct-983f2bc5ee84,ut_function,,en,excluded,excluded,TOO_EASY,PROMPT_FIX_ENTRY_POINT,0,0,0.5,"measured_pass_at_k(n=2,k=8)",1.0
opencodeinstruct-db0683ab9d34,ut_function,,en,excluded,excluded,TOO_EASY,PROMPT_FIX_ENTRY_POINT,0,0,0.75,"measured_pass_at_k(n=2,k=8)",1.0
opencodeinstruct-f8466f5b7a3f,ut_function,,en,excluded,excluded,TOO_EASY,PROMPT_FIX_ENTRY_POINT,0,0,0.25,"measured_pass_at_k(n=2,k=8)",1.0
opencodeinstruct-3aea4a1a08d6,ut_function,,en,excluded,excluded,TOO_HARD,PROMPT_FIX_ENTRY_POINT,0,0,0.375,"measured_pass_at_k(n=2,k=16)",0.0
opencodeinstruct-9f209d49aebf,ut_function,,en,excluded,excluded,TOO_EASY,PROMPT_FIX_ENTRY_POINT,0,0,0.75,"measured_pass_at_k(n=2,k=8)",1.0
opencodeinstruct-b8e125da693b,ut_function,,en,validation,ok,,PROMPT_FIX_ENTRY_POINT,0,0,0.5,"measured_pass_at_k(n=2,k=8)",
opencodeinstruct-6eb6133f1953,ut_function,,en,excluded,excluded,TOO_EASY,PROMPT_FIX_ENTRY_POINT,0,0,0.75,"measured_pass_at_k(n=2,k=16)",1.0
opencodeinstruct-e5ebd7478b13,ut_function,,en,excluded,excluded,TOO_EASY,PROMPT_FIX_ENTRY_POINT,0,0,0.5,"measured_pass_at_k(n=2,k=8)",1.0
opencodeinstruct-8037d1fb4bca,ut_function,,en,test,ok,,PROMPT_FIX_ENTRY_POINT,0,0,0.25,"measured_pass_at_k(n=2,k=8)",
opencodeinstruct-acbb4b79ee8d,ut_function,,en,excluded,excluded,TOO_EASY,PROMPT_FIX_ENTRY_POINT,0,0,0.5,"measured_pass_at_k(n=2,k=8)",1.0
opencodeinstruct-7226365b3129,ut_function,,en,excluded,excluded,TOO_EASY,PROMPT_FIX_ENTRY_POINT,0,0,0.75,"measured_pass_at_k(n=2,k=8)",1.0
opencodeinstruct-664aa887e1e0,ut_function,,en,excluded,excluded,TOO_EASY,PROMPT_FIX_ENTRY_POINT,0,0,0.25,"measured_pass_at_k(n=2,k=8)",1.0
opencodeinstruct-e54e189e9818,ut_function,,en,excluded,excluded,TOO_HARD,PROMPT_FIX_ENTRY_POINT,0,0,0.5,"measured_pass_at_k(n=2,k=8)",0.0
opencodeinstruct-c7775bb28691,ut_function,,en,excluded,excluded,TOO_EASY,PROMPT_FIX_ENTRY_POINT,0,0,0.25,"measured_pass_at_k(n=2,k=8)",1.0
opencodeinstruct-275ad920ee3e,ut_function,,en,excluded,excluded,TOO_HARD,PROMPT_FIX_ENTRY_POINT,0,0,0.5,"measured_pass_at_k(n=2,k=8)",0.0
opencodeinstruct-415742a6bc29,ut_function,,en,excluded,excluded,TOO_HARD,PROMPT_FIX_ENTRY_POINT,0,0,0.25,"measured_pass_at_k(n=2,k=8)",0.0
opencodeinstruct-ddebbed8632e,ut_function,,en,excluded,excluded,TOO_EASY,PROMPT_FIX_ENTRY_POINT,0,0,0.25,"measured_pass_at_k(n=2,k=8)",1.0
opencodeinstruct-4a00c3dfcee9,ut_function,,en,excluded,excluded,TOO_EASY,PROMPT_FIX_ENTRY_POINT,0,0,0.25,"measured_pass_at_k(n=2,k=8)",1.0
opencodeinstruct-49ae6745b2ad,ut_function,,en,excluded,excluded,TOO_EASY,PROMPT_FIX_ENTRY_POINT,0,0,0.25,"measured_pass_at_k(n=2,k=8)",1.0
opencodeinstruct-294ad910c745,ut_function,,en,excluded,excluded,TOO_EASY,PROMPT_FIX_ENTRY_POINT,0,0,0.25,"measured_pass_at_k(n=2,k=8)",1.0
opencodeinstruct-8ca4e2ffc908,ut_function,,en,excluded,excluded,TOO_EASY,PROMPT_FIX_ENTRY_POINT,0,0,0.25,"measured_pass_at_k(n=2,k=8)",1.0
opencodeinstruct-0963cc5f8cd8,ut_function,,en,excluded,excluded,TOO_EASY,PROMPT_FIX_ENTRY_POINT,0,0,0.5,"measured_pass_at_k(n=2,k=8)",1.0
opencodeinstruct-2277cec26a12,ut_function,,en,excluded,excluded,TOO_EASY,PROMPT_FIX_ENTRY_POINT,0,0,0.5,"measured_pass_at_k(n=2,k=8)",1.0
opencodeinstruct-00bc5f7884ff,ut_function,,en,excluded,excluded,TOO_EASY,PROMPT_FIX_ENTRY_POINT,0,0,0.25,"measured_pass_at_k(n=2,k=8)",1.0
opencodeinstruct-35a884650dd9,ut_function,,en,excluded,excluded,TOO_EASY,PROMPT_FIX_ENTRY_POINT,0,0,0.5,"measured_pass_at_k(n=2,k=8)",1.0
opencodeinstruct-fdcf854f2587,ut_function,,en,excluded,excluded,TOO_EASY,PROMPT_FIX_ENTRY_POINT,0,0,0.25,"measured_pass_at_k(n=2,k=8)",1.0
opencodeinstruct-235f580f74ce,ut_function,,en,excluded,excluded,TOO_EASY,PROMPT_FIX_ENTRY_POINT,0,0,0.25,"measured_pass_at_k(n=2,k=8)",1.0
opencodeinstruct-0aaca3e25fcb,ut_function,,en,excluded,excluded,TOO_EASY,PROMPT_FIX_ENTRY_POINT,0,0,0.25,"measured_pass_at_k(n=2,k=8)",1.0
opencodeinstruct-a03c9d5e8734,ut_function,,en,excluded,excluded,TOO_HARD,PROMPT_FIX_ENTRY_POINT,0,0,0.75,"measured_pass_at_k(n=2,k=8)",0.0
opencodeinstruct-c5362cad6bbb,ut_function,,en,test,ok,,PROMPT_FIX_ENTRY_POINT,0,0,0.25,"measured_pass_at_k(n=2,k=8)",
opencodeinstruct-122b6459d9a1,ut_function,,en,excluded,excluded,TOO_EASY,PROMPT_FIX_ENTRY_POINT,0,0,0.5,"measured_pass_at_k(n=2,k=8)",1.0
kodcode-abc66f5b507a,ut_pytest,,en,test,ok,,PROMPT_FIX_ENTRY_POINT,0,0,0.5,"measured_pass_at_k(n=2,k=8)",
kodcode-8ea603e10eec,ut_pytest,,en,excluded,excluded,TOO_EASY,PROMPT_FIX_ENTRY_POINT,0,0,0.25,"measured_pass_at_k(n=2,k=8)",1.0
kodcode-f970ffd4d809,ut_pytest,,en,excluded,excluded,TOO_HARD,PROMPT_FIX_ENTRY_POINT,0,0,0.25,"measured_pass_at_k(n=2,k=8)",0.0
kodcode-98ed49350961,ut_pytest,,en,train,ok,,PROMPT_FIX_ENTRY_POINT,0,0,0.5,"measured_pass_at_k(n=2,k=8)",0.875
kodcode-73449dac14b8,ut_pytest,,en,excluded,excluded,TOO_EASY,PROMPT_FIX_ENTRY_POINT,0,0,0.25,"measured_pass_at_k(n=2,k=8)",1.0
kodcode-6d6cbaf7de3c,ut_pytest,,en,excluded,excluded,TOO_EASY,PROMPT_FIX_ENTRY_POINT,0,0,0.75,"measured_pass_at_k(n=2,k=8)",1.0
kodcode-5bb1ca02797a,ut_pytest,,en,test,ok,,PROMPT_FIX_ENTRY_POINT,0,0,0.5,"measured_pass_at_k(n=2,k=8)",
kodcode-b8b71f550add,ut_pytest,,en,excluded,excluded,TOO_EASY,PROMPT_FIX_ENTRY_POINT,0,0,0.75,"measured_pass_at_k(n=2,k=8)",1.0
kodcode-aed30f91fe73,ut_pytest,,en,excluded,excluded,TOO_EASY,PROMPT_FIX_ENTRY_POINT,0,0,0.25,"measured_pass_at_k(n=2,k=8)",1.0
kodcode-ecfc70306264,ut_pytest,,en,excluded,excluded,TOO_EASY,PROMPT_FIX_ENTRY_POINT,0,0,0.25,"measured_pass_at_k(n=2,k=8)",1.0
opencodeinstruct-b2cbfc49316f,ut_function,,en,excluded,excluded,TOO_EASY,PROMPT_FIX_ENTRY_POINT,0,0,0.75,"measured_pass_at_k(n=2,k=8)",1.0
kodcode-72876fffb259,ut_pytest,,en,validation,ok,,PROMPT_FIX_ENTRY_POINT,0,0,0.5,"measured_pass_at_k(n=2,k=8)",
opencodeinstruct-593140a96563,ut_function,,en,excluded,excluded,TOO_EASY,PROMPT_FIX_ENTRY_POINT,0,0,0.25,"measured_pass_at_k(n=2,k=8)",1.0
kodcode-940df60c50e9,ut_pytest,,en,excluded,excluded,TOO_EASY,PROMPT_FIX_ENTRY_POINT,0,0,0.5,"measured_pass_at_k(n=2,k=8)",1.0
kodcode-d63493098651,ut_pytest,,en,train,ok,,PROMPT_FIX_ENTRY_POINT,0,0,0.5,"measured_pass_at_k(n=2,k=8)",0.25
kodcode-b47ac671c4a5,ut_pytest,,en,train,ok,,PROMPT_FIX_ENTRY_POINT,0,0,0.5,"measured_pass_at_k(n=2,k=8)",0.875
kodcode-0181257bbf7f,ut_pytest,,en,train,ok,,PROMPT_FIX_ENTRY_POINT,0,0,0.5,"measured_pass_at_k(n=2,k=8)",0.75
kodcode-757131981f82,ut_pytest,,en,excluded,excluded,TOO_EASY,PROMPT_FIX_ENTRY_POINT,0,0,0.75,"measured_pass_at_k(n=2,k=8)",1.0
opencodeinstruct-82afead0bdc2,ut_function,,en,train,ok,,PROMPT_FIX_ENTRY_POINT,0,0,0.75,"measured_pass_at_k(n=2,k=8)",0.875
kodcode-421cc6879291,ut_pytest,,en,test,ok,,PROMPT_FIX_ENTRY_POINT,0,0,0.75,"measured_pass_at_k(n=2,k=8)",
kodcode-d52857d88fb2,ut_pytest,,en,test,ok,,PROMPT_FIX_ENTRY_POINT,0,0,0.75,"measured_pass_at_k(n=2,k=8)",
kodcode-c3e61944cd3e,ut_pytest,,en,excluded,excluded,TOO_EASY,PROMPT_FIX_ENTRY_POINT,0,0,0.5,"measured_pass_at_k(n=2,k=8)",1.0
kodcode-ee138826dec7,ut_pytest,,en,excluded,excluded,TOO_EASY,PROMPT_FIX_ENTRY_POINT,0,0,0.25,"measured_pass_at_k(n=2,k=8)",1.0
kodcode-e2f6e1c24644,ut_pytest,,en,excluded,excluded,TOO_EASY,PROMPT_FIX_ENTRY_POINT,0,0,0.25,"measured_pass_at_k(n=2,k=8)",1.0
kodcode-29c677fa48c1,ut_pytest,,en,excluded,excluded,TOO_EASY,PROMPT_FIX_ENTRY_POINT,0,0,0.25,"measured_pass_at_k(n=2,k=8)",1.0
kodcode-6ce8df15b530,ut_pytest,,en,validation,ok,,PROMPT_FIX_ENTRY_POINT,0,0,0.25,"measured_pass_at_k(n=2,k=8)",
kodcode-4f34de4a0f3a,ut_pytest,,en,test,ok,,PROMPT_FIX_ENTRY_POINT,0,0,0.25,"measured_pass_at_k(n=2,k=8)",
kodcode-6d081f3dda6c,ut_pytest,,en,excluded,excluded,TOO_HARD,PROMPT_FIX_ENTRY_POINT,0,0,0.25,"measured_pass_at_k(n=2,k=8)",0.0
kodcode-1ab7baa87967,ut_pytest,,en,train,ok,,PROMPT_FIX_ENTRY_POINT,0,0,0.5,"measured_pass_at_k(n=2,k=8)",0.25
kodcode-d6f8dbc7d5c2,ut_pytest,,en,excluded,excluded,TOO_HARD,PROMPT_FIX_ENTRY_POINT,0,0,0.25,"measured_pass_at_k(n=2,k=8)",0.0
kodcode-f345227f54dd,ut_pytest,,en,excluded,excluded,TOO_EASY,PROMPT_FIX_ENTRY_POINT,0,0,0.75,"measured_pass_at_k(n=2,k=8)",1.0
kodcode-43eabe01b24f,ut_pytest,,en,train,ok,,PROMPT_FIX_ENTRY_POINT,0,0,0.25,"measured_pass_at_k(n=2,k=8)",0.875
kodcode-7608c3bb4761,ut_pytest,,en,validation,ok,,PROMPT_FIX_ENTRY_POINT,0,0,0.75,"measured_pass_at_k(n=2,k=8)",
kodcode-470bda786736,ut_pytest,,en,train,ok,,HARD_BUT_PARTIAL_SIGNAL;PROMPT_FIX_ENTRY_POINT,0,0,0.5,"measured_pass_at_k(n=2,k=8)",0.0
kodcode-b931947deda6,ut_pytest,,en,train,ok,,PROMPT_FIX_ENTRY_POINT,0,0,0.5,"measured_pass_at_k(n=2,k=8)",0.875
opencodeinstruct-08428580aac0,ut_function,,en,test,ok,,PROMPT_FIX_ENTRY_POINT,0,0,0.75,"measured_pass_at_k(n=2,k=8)",
ko-native-1cc136302c77,ut_function,,ko,excluded,excluded,TOO_EASY,PROMPT_FIX_ENTRY_POINT,0,0,0.25,"measured_pass_at_k(n=1,k=4)",1.0
rstar-ad17039375ac,ut_stdio,,en,excluded,excluded,TOO_EASY,no_reference_solution,0,0,0.25,"measured_pass_at_k(n=2,k=8)",1.0
rstar-f3116cf6d8b6,ut_stdio,,en,train,ok,,no_reference_solution,0,0,0.5,"measured_pass_at_k(n=2,k=8)",0.875
rstar-81e7aa9c3ea6,ut_stdio,,en,excluded,excluded,TOO_EASY,no_reference_solution,0,0,0.25,"measured_pass_at_k(n=2,k=16)",1.0
rstar-f42358fc29e9,ut_stdio,,en,excluded,excluded,TOO_EASY,no_reference_solution,0,0,0.25,"measured_pass_at_k(n=2,k=8)",1.0
rstar-a0ad26e612b4,ut_stdio,,en,excluded,excluded,TOO_EASY,no_reference_solution,0,0,0.5,"measured_pass_at_k(n=2,k=8)",1.0
rstar-9e43de652ea4,ut_stdio,,en,excluded,excluded,TOO_EASY,no_reference_solution,0,0,0.5,"measured_pass_at_k(n=2,k=8)",1.0
rstar-2a3e7d8a7ae7,ut_stdio,,en,excluded,excluded,TOO_HARD,no_reference_solution,0,0,0.25,"measured_pass_at_k(n=2,k=8)",0.0
rstar-b6222f2109e6,ut_stdio,,en,train,ok,,no_reference_solution,0,0,0.25,"measured_pass_at_k(n=2,k=8)",0.25
rstar-0365dfe9a60d,ut_stdio,,en,train,ok,,no_reference_solution,0,0,0.25,"measured_pass_at_k(n=2,k=8)",0.5
rstar-ee6f208557be,ut_stdio,,en,train,ok,,no_reference_solution,0,0,0.5,"measured_pass_at_k(n=2,k=8)",0.125
rstar-0c5261f1941e,ut_stdio,,en,excluded,excluded,TOO_HARD,no_reference_solution,0,0,0.25,"measured_pass_at_k(n=2,k=8)",0.0
rstar-92ab7b996561,ut_stdio,,en,excluded,excluded,TOO_EASY,no_reference_solution,0,0,0.5,"measured_pass_at_k(n=2,k=8)",1.0
rstar-0d577ee11745,ut_stdio,,en,validation,ok,,no_reference_solution,0,0,0.25,"measured_pass_at_k(n=2,k=8)",
rstar-d46b59000d0e,ut_stdio,,en,test,ok,,no_reference_solution,0,0,0.5,"measured_pass_at_k(n=2,k=8)",
rstar-68f0b8d75a38,ut_stdio,,en,excluded,excluded,TOO_EASY,no_reference_solution,0,0,0.25,"measured_pass_at_k(n=2,k=8)",1.0
rstar-a2eb8b6a994e,ut_stdio,,en,excluded,excluded,TOO_EASY,no_reference_solution,0,0,0.5,"measured_pass_at_k(n=2,k=8)",1.0
rstar-263dda5021f7,ut_stdio,,en,train,ok,,no_reference_solution,0,0,0.25,"measured_pass_at_k(n=2,k=16)",0.125
rstar-f33ffc4eae9c,ut_stdio,,en,excluded,excluded,TOO_EASY,no_reference_solution,0,0,0.25,"measured_pass_at_k(n=2,k=8)",1.0
rstar-eaced38bb28a,ut_stdio,,en,train,ok,,no_reference_solution,0,0,0.25,"measured_pass_at_k(n=2,k=8)",0.625
rstar-a5e1a43e7af1,ut_stdio,,en,excluded,excluded,TOO_EASY,no_reference_solution,0,0,0.75,"measured_pass_at_k(n=2,k=8)",1.0
rstar-8ce96138e095,ut_stdio,,en,train,ok,,no_reference_solution,0,0,0.25,"measured_pass_at_k(n=2,k=8)",0.5
rstar-1566ccd4548c,ut_stdio,,en,excluded,excluded,TOO_EASY,no_reference_solution,0,0,0.75,"measured_pass_at_k(n=2,k=8)",1.0
rstar-38c38f27fa2f,ut_stdio,,en,excluded,excluded,TOO_EASY,no_reference_solution,0,0,0.75,"measured_pass_at_k(n=2,k=8)",1.0
rstar-251a5359095b,ut_stdio,,en,validation,ok,,no_reference_solution,0,0,0.25,"measured_pass_at_k(n=2,k=8)",
rstar-ac9fa493ba8c,ut_stdio,,en,excluded,excluded,TOO_EASY,no_reference_solution,0,0,0.25,"measured_pass_at_k(n=2,k=8)",1.0
opencodeinstruct-a4e9d51f09eb,ut_function,,en,test,ok,,PROMPT_FIX_ENTRY_POINT,0,0,0.5,"measured_pass_at_k(n=2,k=8)",
opencodeinstruct-bc83c2df84b4,ut_function,,en,excluded,excluded,TOO_EASY,PROMPT_FIX_ENTRY_POINT,0,0,0.5,"measured_pass_at_k(n=2,k=8)",1.0
opencodeinstruct-ee5208345b3b,ut_function,,en,excluded,excluded,TOO_HARD,PROMPT_FIX_ENTRY_POINT,0,0,0.25,"measured_pass_at_k(n=2,k=8)",0.0
opencodeinstruct-a85109c3bf95,ut_function,,en,excluded,excluded,TOO_EASY,PROMPT_FIX_ENTRY_POINT,0,0,0.625,"measured_pass_at_k(n=2,k=16)",1.0
opencodeinstruct-7ad6b947fd71,ut_function,,en,excluded,excluded,TOO_EASY,PROMPT_FIX_ENTRY_POINT,0,0,0.25,"measured_pass_at_k(n=2,k=16)",1.0
opencodeinstruct-8c13cb41c6ac,ut_function,,en,excluded,excluded,TOO_EASY,PROMPT_FIX_ENTRY_POINT,0,0,0.375,"measured_pass_at_k(n=2,k=16)",1.0
opencodeinstruct-8a6e5d205b05,ut_function,,en,excluded,excluded,TOO_HARD,PROMPT_FIX_ENTRY_POINT,0,0,0.25,"measured_pass_at_k(n=2,k=8)",0.0
opencodeinstruct-fdbcc7dd9e45,ut_function,,en,excluded,excluded,TOO_EASY,PROMPT_FIX_ENTRY_POINT,0,0,0.5,"measured_pass_at_k(n=2,k=8)",1.0
opencodeinstruct-63a9306815be,ut_function,,en,validation,ok,,PROMPT_FIX_ENTRY_POINT,0,0,0.5,"measured_pass_at_k(n=2,k=8)",
opencodeinstruct-d102146e14d1,ut_function,,en,excluded,excluded,TOO_EASY,PROMPT_FIX_ENTRY_POINT,0,0,0.5,"measured_pass_at_k(n=2,k=8)",1.0
opencodeinstruct-38b0c5302bab,ut_function,,en,excluded,excluded,TOO_EASY,PROMPT_FIX_ENTRY_POINT,0,0,0.5,"measured_pass_at_k(n=2,k=8)",1.0
opencodeinstruct-29833748b633,ut_function,,en,excluded,excluded,TOO_EASY,PROMPT_FIX_ENTRY_POINT,0,0,0.75,"measured_pass_at_k(n=2,k=8)",1.0
opencodeinstruct-8b1a926baf62,ut_function,,en,excluded,excluded,TOO_EASY,PROMPT_FIX_ENTRY_POINT,0,0,0.25,"measured_pass_at_k(n=2,k=8)",1.0
opencodeinstruct-3c08553e88e0,ut_function,,en,train,ok,,PROMPT_FIX_ENTRY_POINT,0,0,0.5,"measured_pass_at_k(n=2,k=8)",0.5
opencodeinstruct-6d6f2c83a7b5,ut_function,,en,excluded,excluded,TOO_EASY,PROMPT_FIX_ENTRY_POINT,0,0,0.25,"measured_pass_at_k(n=2,k=8)",1.0
opencodeinstruct-d7e907626503,ut_function,,en,validation,ok,,PROMPT_FIX_ENTRY_POINT,0,0,0.5,"measured_pass_at_k(n=2,k=8)",
opencodeinstruct-6de6e1d4af00,ut_function,,en,excluded,excluded,TOO_EASY,PROMPT_FIX_ENTRY_POINT,0,0,0.75,"measured_pass_at_k(n=2,k=8)",1.0
opencodeinstruct-50d54e974488,ut_function,,en,test,ok,,PROMPT_FIX_ENTRY_POINT,0,0,0.5,"measured_pass_at_k(n=2,k=8)",
opencodeinstruct-62d9ca898fc7,ut_function,,en,test,ok,,PROMPT_FIX_ENTRY_POINT,0,0,0.75,"measured_pass_at_k(n=2,k=8)",
opencodeinstruct-648615fe0193,ut_function,,en,excluded,excluded,TOO_EASY,PROMPT_FIX_ENTRY_POINT,0,0,0.75,"measured_pass_at_k(n=2,k=8)",1.0
opencodeinstruct-eb072bf211e7,ut_function,,en,validation,ok,,PROMPT_FIX_ENTRY_POINT,0,0,0.25,"measured_pass_at_k(n=2,k=16)",
opencodeinstruct-4f73570376b0,ut_function,,en,excluded,excluded,TOO_EASY,PROMPT_FIX_ENTRY_POINT,0,0,0.75,"measured_pass_at_k(n=2,k=16)",1.0
opencodeinstruct-f74efdc21e88,ut_function,,en,excluded,excluded,TOO_HARD,PROMPT_FIX_ENTRY_POINT,0,0,0.25,"measured_pass_at_k(n=2,k=8)",0.0
opencodeinstruct-dd16dd6be2fa,ut_function,,en,test,ok,,PROMPT_FIX_ENTRY_POINT,0,0,0.75,"measured_pass_at_k(n=2,k=8)",
opencodeinstruct-0f80c338a859,ut_function,,en,train,ok,,PROMPT_FIX_ENTRY_POINT,0,0,0.5,"measured_pass_at_k(n=2,k=8)",0.375
opencodeinstruct-4fd83e6d9039,ut_function,,en,excluded,excluded,TOO_EASY,PROMPT_FIX_ENTRY_POINT,0,0,0.25,"measured_pass_at_k(n=2,k=8)",1.0
opencodeinstruct-ab3b2e06407c,ut_function,,en,excluded,excluded,TOO_EASY,PROMPT_FIX_ENTRY_POINT,0,0,0.25,"measured_pass_at_k(n=2,k=8)",1.0
opencodeinstruct-1e60534ad96b,ut_function,,en,test,ok,,PROMPT_FIX_ENTRY_POINT,0,0,0.25,"measured_pass_at_k(n=2,k=8)",
kodcode-46ded3e09e7a,ut_pytest,,en,excluded,excluded,TOO_EASY,PROMPT_FIX_ENTRY_POINT,0,0,0.5,"measured_pass_at_k(n=2,k=8)",1.0
kodcode-2685f0f87c1f,ut_pytest,,en,excluded,excluded,TOO_HARD,PROMPT_FIX_ENTRY_POINT,0,0,0.5,"measured_pass_at_k(n=2,k=8)",0.0
opencodeinstruct-6d2468b0bb05,ut_function,,en,test,ok,,PROMPT_FIX_ENTRY_POINT,0,0,0.5,"measured_pass_at_k(n=2,k=8)",
kodcode-55adffb59f9d,ut_pytest,,en,excluded,excluded,TOO_EASY,PROMPT_FIX_ENTRY_POINT,0,0,0.5,"measured_pass_at_k(n=2,k=8)",1.0
kodcode-14e4f5ab9158,ut_pytest,,en,test,ok,,PROMPT_FIX_ENTRY_POINT,0,0,0.25,"measured_pass_at_k(n=2,k=8)",
kodcode-d2a949aae489,ut_pytest,,en,train,ok,,PROMPT_FIX_ENTRY_POINT,0,0,0.5,"measured_pass_at_k(n=2,k=8)",0.125
kodcode-483216d774c8,ut_pytest,,en,excluded,excluded,TOO_EASY,PROMPT_FIX_ENTRY_POINT,0,0,0.25,"measured_pass_at_k(n=2,k=8)",1.0
kodcode-79fbc7ab092c,ut_pytest,,en,train,ok,,PROMPT_FIX_ENTRY_POINT,0,0,0.25,"measured_pass_at_k(n=2,k=8)",0.125
opencodeinstruct-f16fcb315b1e,ut_function,,en,excluded,excluded,TOO_EASY,PROMPT_FIX_ENTRY_POINT,0,0,0.5,"measured_pass_at_k(n=2,k=8)",1.0
kodcode-3bfa2fd81b0a,ut_pytest,,en,excluded,excluded,TOO_EASY,PROMPT_FIX_ENTRY_POINT,0,0,0.5,"measured_pass_at_k(n=2,k=16)",1.0
kodcode-0ec4de2616d4,ut_pytest,,en,train,ok,,PROMPT_FIX_ENTRY_POINT,0,0,0.5,"measured_pass_at_k(n=2,k=8)",0.25
kodcode-d09c01f8e577,ut_pytest,,en,train,ok,,PROMPT_FIX_ENTRY_POINT,0,0,0.25,"measured_pass_at_k(n=2,k=16)",0.125
kodcode-e90d81cb0136,ut_pytest,,en,excluded,excluded,TOO_EASY,PROMPT_FIX_ENTRY_POINT,0,0,0.25,"measured_pass_at_k(n=2,k=8)",1.0
kodcode-b34dba6fb5ad,ut_pytest,,en,excluded,excluded,TOO_HARD,PROMPT_FIX_ENTRY_POINT,0,0,0.25,"measured_pass_at_k(n=2,k=16)",0.0
kodcode-46fe835a100f,ut_pytest,,en,train,ok,,PROMPT_FIX_ENTRY_POINT,0,0,0.25,"measured_pass_at_k(n=2,k=8)",0.625
kodcode-2d790941f5fb,ut_pytest,,en,excluded,excluded,TOO_EASY,PROMPT_FIX_ENTRY_POINT,0,0,0.75,"measured_pass_at_k(n=2,k=8)",1.0
opencodeinstruct-1217cd15b182,ut_function,,en,validation,ok,,PROMPT_FIX_ENTRY_POINT,0,0,0.25,"measured_pass_at_k(n=2,k=8)",
kodcode-8d77c96e7b06,ut_pytest,,en,excluded,excluded,TOO_EASY,PROMPT_FIX_ENTRY_POINT,0,0,0.25,"measured_pass_at_k(n=2,k=8)",1.0
kodcode-83f87df7c932,ut_pytest,,en,excluded,excluded,TOO_EASY,PROMPT_FIX_ENTRY_POINT,0,0,0.25,"measured_pass_at_k(n=2,k=8)",1.0
kodcode-da803a8b99d6,ut_pytest,,en,excluded,excluded,TOO_EASY,PROMPT_FIX_ENTRY_POINT,0,0,0.25,"measured_pass_at_k(n=2,k=16)",1.0
kodcode-d654cd2bf077,ut_pytest,,en,excluded,excluded,TOO_EASY,PROMPT_FIX_ENTRY_POINT,0,0,0.5,"measured_pass_at_k(n=2,k=8)",1.0
kodcode-209133de1467,ut_pytest,,en,train,ok,,PROMPT_FIX_ENTRY_POINT,0,0,0.25,"measured_pass_at_k(n=2,k=8)",0.625
kodcode-4ac72e0af808,ut_pytest,,en,test,ok,,PROMPT_FIX_ENTRY_POINT,0,0,0.75,"measured_pass_at_k(n=2,k=8)",
kodcode-9c0b6a43e124,ut_pytest,,en,test,ok,,PROMPT_FIX_ENTRY_POINT,0,0,0.25,"measured_pass_at_k(n=2,k=8)",
kodcode-85822489d940,ut_pytest,,en,excluded,excluded,TOO_EASY,PROMPT_FIX_ENTRY_POINT,0,0,0.25,"measured_pass_at_k(n=2,k=8)",1.0
kodcode-47c13c2e2cc1,ut_pytest,,en,excluded,excluded,TOO_HARD,PROMPT_FIX_ENTRY_POINT,0,0,0.25,"measured_pass_at_k(n=2,k=16)",0.0
kodcode-ce74634c6be1,ut_pytest,,en,train,ok,,PROMPT_FIX_ENTRY_POINT,0,0,0.25,"measured_pass_at_k(n=2,k=8)",0.875
kodcode-d006d3f903ad,ut_pytest,,en,test,ok,,PROMPT_FIX_ENTRY_POINT,0,0,0.5,"measured_pass_at_k(n=2,k=8)",
kodcode-d56e50a3497b,ut_pytest,,en,excluded,excluded,TOO_HARD,PROMPT_FIX_ENTRY_POINT,0,0,0.25,"measured_pass_at_k(n=2,k=8)",0.0
kodcode-2aba7cafe97f,ut_pytest,,en,train,ok,,HARD_BUT_PARTIAL_SIGNAL;PROMPT_FIX_ENTRY_POINT,0,0,0.25,"measured_pass_at_k(n=2,k=8)",0.0
kodcode-52fdc0dcb60c,ut_pytest,,en,excluded,excluded,TOO_HARD,PROMPT_FIX_ENTRY_POINT,0,0,0.25,"measured_pass_at_k(n=2,k=8)",0.0
kodcode-da50e0f0cc08,ut_pytest,,en,excluded,excluded,TOO_EASY,PROMPT_FIX_ENTRY_POINT,0,0,0.25,"measured_pass_at_k(n=2,k=16)",1.0
kodcode-e5731c6796a5,ut_pytest,,en,excluded,excluded,TOO_HARD,PROMPT_FIX_ENTRY_POINT,0,0,0.5,"measured_pass_at_k(n=2,k=8)",0.0
kodcode-5735415519b1,ut_pytest,,en,train,ok,,PROMPT_FIX_ENTRY_POINT,0,0,0.5,"measured_pass_at_k(n=2,k=8)",0.125
kodcode-1a41354d8813,ut_pytest,,en,train,ok,,HARD_BUT_PARTIAL_SIGNAL;PROMPT_FIX_ENTRY_POINT,0,0,0.375,"measured_pass_at_k(n=2,k=16)",0.0
kodcode-bf67f38f3fe2,ut_pytest,,en,train,ok,,PROMPT_FIX_ENTRY_POINT,0,0,0.25,"measured_pass_at_k(n=2,k=16)",0.125
kodcode-cc0667d61a50,ut_pytest,,en,excluded,excluded,TOO_EASY,PROMPT_FIX_ENTRY_POINT,0,0,0.5,"measured_pass_at_k(n=2,k=8)",1.0
kodcode-cd3d7ddaf212,ut_pytest,,en,excluded,excluded,TOO_EASY,PROMPT_FIX_ENTRY_POINT,0,0,0.25,"measured_pass_at_k(n=2,k=8)",1.0
kodcode-d2dcae44df88,ut_pytest,,en,train,ok,,PROMPT_FIX_ENTRY_POINT,0,0,0.25,"measured_pass_at_k(n=2,k=8)",0.375
kodcode-bf20dd0f8f5f,ut_pytest,,en,train,ok,,PROMPT_FIX_ENTRY_POINT,0,0,0.25,"measured_pass_at_k(n=2,k=8)",0.5
opencodeinstruct-cf4b2807b643,ut_function,,en,train,ok,,PROMPT_FIX_ENTRY_POINT,0,0,0.25,"measured_pass_at_k(n=2,k=8)",0.625
kodcode-9ec4bb3a15dd,ut_pytest,,en,train,ok,,PROMPT_FIX_ENTRY_POINT,0,0,0.75,"measured_pass_at_k(n=2,k=8)",0.75
kodcode-cfbada709376,ut_pytest,,en,excluded,excluded,TOO_EASY,PROMPT_FIX_ENTRY_POINT,0,0,0.25,"measured_pass_at_k(n=2,k=8)",1.0
kodcode-a507b0799115,ut_pytest,,en,excluded,excluded,TOO_EASY,PROMPT_FIX_ENTRY_POINT,0,0,0.75,"measured_pass_at_k(n=2,k=8)",1.0
kodcode-8df2a251a05a,ut_pytest,,en,train,ok,,PROMPT_FIX_ENTRY_POINT,0,0,0.25,"measured_pass_at_k(n=2,k=16)",0.125
kodcode-009437bc16aa,ut_pytest,,en,excluded,excluded,TOO_EASY,PROMPT_FIX_ENTRY_POINT,0,0,0.25,"measured_pass_at_k(n=2,k=8)",1.0
kodcode-ccb738b27d1b,ut_pytest,,en,train,ok,,PROMPT_FIX_ENTRY_POINT,0,0,0.25,"measured_pass_at_k(n=2,k=8)",0.625
opencodeinstruct-22160fcdf6b5,ut_function,,en,excluded,excluded,TOO_EASY,PROMPT_FIX_ENTRY_POINT,0,0,0.5,"measured_pass_at_k(n=2,k=8)",1.0
ko-native-fe497999db43,ut_function,,ko,test,ok,,PROMPT_FIX_ENTRY_POINT,0,0,0.75,"measured_pass_at_k(n=1,k=4)",
ko-native-69d78aaac1c6,ut_function,,ko,excluded,excluded,TOO_EASY,PROMPT_FIX_ENTRY_POINT,0,0,0.5,"measured_pass_at_k(n=1,k=4)",1.0
rstar-d10d76cfa92f,ut_stdio,,en,train,ok,,no_reference_solution,0,0,0.5,"measured_pass_at_k(n=2,k=8)",0.25
rstar-09846b0b82cb,ut_stdio,,en,excluded,excluded,TOO_EASY,no_reference_solution,0,0,0.5,"measured_pass_at_k(n=2,k=8)",1.0
rstar-ea7d6f9b2f2c,ut_stdio,,en,excluded,excluded,TOO_EASY,no_reference_solution,0,0,0.25,"measured_pass_at_k(n=2,k=8)",1.0
rstar-46f998283b70,ut_stdio,,en,excluded,excluded,TOO_EASY,no_reference_solution,0,0,0.5,"measured_pass_at_k(n=2,k=8)",1.0
rstar-81560a5db84d,ut_stdio,,en,train,ok,,no_reference_solution,0,0,0.75,"measured_pass_at_k(n=1,k=4)",0.25
rstar-8baff5dea177,ut_stdio,,en,excluded,excluded,TOO_EASY,no_reference_solution,0,0,0.25,"measured_pass_at_k(n=2,k=8)",1.0
rstar-9e55887ccbbb,ut_stdio,,en,excluded,excluded,TOO_HARD,no_reference_solution,0,0,0.5,"measured_pass_at_k(n=2,k=8)",0.0
rstar-60e2d5cb1ff3,ut_stdio,,en,train,ok,,no_reference_solution,0,0,0.25,"measured_pass_at_k(n=2,k=16)",0.125
rstar-4e4d8058499a,ut_stdio,,en,validation,ok,,no_reference_solution,0,0,0.25,"measured_pass_at_k(n=2,k=16)",
rstar-a3b1516691a0,ut_stdio,,en,excluded,excluded,TOO_EASY,no_reference_solution,0,0,0.5,"measured_pass_at_k(n=2,k=8)",1.0
rstar-d3759249d27d,ut_stdio,,en,excluded,excluded,TOO_EASY,no_reference_solution,0,0,0.75,"measured_pass_at_k(n=2,k=8)",1.0
rstar-d72d42c1e6ee,ut_stdio,,en,excluded,excluded,TOO_EASY,no_reference_solution,0,0,0.25,"measured_pass_at_k(n=2,k=8)",1.0
rstar-2ce2f874e47f,ut_stdio,,en,excluded,excluded,TOO_EASY,no_reference_solution,0,0,0.75,"measured_pass_at_k(n=2,k=8)",1.0
rstar-e1cb1a0b4eb8,ut_stdio,,en,excluded,excluded,TOO_EASY,no_reference_solution,0,0,0.25,"measured_pass_at_k(n=2,k=8)",1.0
rstar-d7122f5cf201,ut_stdio,,en,excluded,excluded,TOO_EASY,no_reference_solution,0,0,0.5,"measured_pass_at_k(n=2,k=8)",1.0
rstar-32169c8aa48f,ut_stdio,,en,train,ok,,no_reference_solution,0,0,0.5,"measured_pass_at_k(n=2,k=8)",0.875
rstar-71c8c339a319,ut_stdio,,en,excluded,excluded,TOO_EASY,no_reference_solution,0,0,0.5,"measured_pass_at_k(n=2,k=8)",1.0
rstar-6ae2a54fa275,ut_stdio,,en,train,ok,,no_reference_solution,0,0,0.25,"measured_pass_at_k(n=2,k=8)",0.375
rstar-393b4a608a6b,ut_stdio,,en,train,ok,,no_reference_solution,0,0,0.5,"measured_pass_at_k(n=2,k=8)",0.75
rstar-b1039e9b14ca,ut_stdio,,en,train,ok,,no_reference_solution,0,0,0.25,"measured_pass_at_k(n=2,k=8)",0.75
rstar-1b7089dd5c14,ut_stdio,,en,test,ok,,no_reference_solution,0,0,0.5,"measured_pass_at_k(n=2,k=8)",
rstar-1ef9b57b3461,ut_stdio,,en,validation,ok,,no_reference_solution,0,0,0.75,"measured_pass_at_k(n=2,k=8)",
rstar-3a9e1b091f40,ut_stdio,,en,excluded,excluded,TOO_EASY,no_reference_solution,0,0,0.5,"measured_pass_at_k(n=2,k=8)",1.0
rstar-7831a7470c7f,ut_stdio,,en,train,ok,,no_reference_solution,0,0,0.5,"measured_pass_at_k(n=2,k=8)",0.625
rstar-f00b698a9c57,ut_stdio,,en,train,ok,,no_reference_solution,0,0,0.25,"measured_pass_at_k(n=2,k=8)",0.25
rstar-4389a5c20c12,ut_stdio,,en,excluded,excluded,TOO_HARD,no_reference_solution,0,0,0.5,"measured_pass_at_k(n=2,k=8)",0.0
rstar-ebc5d3e07331,ut_stdio,,en,test,ok,,no_reference_solution,0,0,0.25,"measured_pass_at_k(n=2,k=8)",
rstar-05c96909821e,ut_stdio,,en,excluded,excluded,TOO_HARD,no_reference_solution,0,0,0.5,"measured_pass_at_k(n=2,k=8)",0.0
rstar-2e592dcdfa55,ut_stdio,,en,train,ok,,no_reference_solution;HARD_BUT_PARTIAL_SIGNAL,0,0,0.75,"measured_pass_at_k(n=2,k=8)",0.0
rstar-3620975588d4,ut_stdio,,en,excluded,excluded,TOO_EASY,no_reference_solution,0,0,0.5,"measured_pass_at_k(n=2,k=8)",1.0
opencodeinstruct-ba4c4a3b9b97,ut_function,,en,excluded,excluded,TOO_EASY,PROMPT_FIX_ENTRY_POINT,0,0,0.25,"measured_pass_at_k(n=2,k=8)",1.0
opencodeinstruct-27fe79877704,ut_function,,en,test,ok,,PROMPT_FIX_ENTRY_POINT,0,0,0.5,"measured_pass_at_k(n=2,k=8)",
opencodeinstruct-078ab2e7c59e,ut_function,,en,excluded,excluded,TOO_EASY,PROMPT_FIX_ENTRY_POINT,0,0,0.75,"measured_pass_at_k(n=2,k=8)",1.0
opencodeinstruct-8d8d2106816b,ut_function,,en,excluded,excluded,TOO_EASY,PROMPT_FIX_ENTRY_POINT,0,0,0.5,"measured_pass_at_k(n=2,k=8)",1.0
opencodeinstruct-3482a1529d0c,ut_function,,en,excluded,excluded,TOO_EASY,PROMPT_FIX_ENTRY_POINT,0,0,0.75,"measured_pass_at_k(n=2,k=8)",1.0
opencodeinstruct-3d05d0a88ffd,ut_function,,en,excluded,excluded,TOO_EASY,PROMPT_FIX_ENTRY_POINT,0,0,0.25,"measured_pass_at_k(n=2,k=8)",1.0
opencodeinstruct-d452c789ab23,ut_function,,en,excluded,excluded,TOO_EASY,PROMPT_FIX_ENTRY_POINT,0,0,0.5,"measured_pass_at_k(n=2,k=8)",1.0
opencodeinstruct-55c4a56ddc20,ut_function,,en,test,ok,,PROMPT_FIX_ENTRY_POINT,0,0,0.25,"measured_pass_at_k(n=2,k=8)",
opencodeinstruct-560a838b2ee8,ut_function,,en,excluded,excluded,TOO_EASY,PROMPT_FIX_ENTRY_POINT,0,0,0.25,"measured_pass_at_k(n=2,k=8)",1.0
opencodeinstruct-ff1f2b278ed0,ut_function,,en,excluded,excluded,TOO_HARD,PROMPT_FIX_ENTRY_POINT,0,0,0.75,"measured_pass_at_k(n=2,k=8)",0.0
opencodeinstruct-eb2c9eb66669,ut_function,,en,train,ok,,PROMPT_FIX_ENTRY_POINT,0,0,0.75,"measured_pass_at_k(n=2,k=8)",0.125
opencodeinstruct-fafbeb53c9cb,ut_function,,en,excluded,excluded,TOO_EASY,PROMPT_FIX_ENTRY_POINT,0,0,0.75,"measured_pass_at_k(n=2,k=8)",1.0
opencodeinstruct-a5d34b4b42b3,ut_function,,en,excluded,excluded,TOO_EASY,PROMPT_FIX_ENTRY_POINT,0,0,0.25,"measured_pass_at_k(n=2,k=8)",1.0
opencodeinstruct-24b5d54cbaee,ut_function,,en,excluded,excluded,TOO_EASY,PROMPT_FIX_ENTRY_POINT,0,0,0.25,"measured_pass_at_k(n=2,k=8)",1.0
opencodeinstruct-29f0135333f5,ut_function,,en,test,ok,,PROMPT_FIX_ENTRY_POINT,0,0,0.25,"measured_pass_at_k(n=2,k=8)",
opencodeinstruct-5317ad807985,ut_function,,en,excluded,excluded,TOO_EASY,PROMPT_FIX_ENTRY_POINT,0,0,0.5,"measured_pass_at_k(n=2,k=8)",1.0
opencodeinstruct-bb357b4641f6,ut_function,,en,train,ok,,PROMPT_FIX_ENTRY_POINT,0,0,0.5,"measured_pass_at_k(n=2,k=8)",0.875
opencodeinstruct-5ae4f96fedb6,ut_function,,en,excluded,excluded,TOO_HARD,PROMPT_FIX_ENTRY_POINT,0,0,0.25,"measured_pass_at_k(n=2,k=8)",0.0
opencodeinstruct-c427c7cc7201,ut_function,,en,train,ok,,PROMPT_FIX_ENTRY_POINT,0,0,0.375,"measured_pass_at_k(n=2,k=16)",0.375
opencodeinstruct-267f576d15ba,ut_function,,en,excluded,excluded,TOO_EASY,PROMPT_FIX_ENTRY_POINT,0,0,0.25,"measured_pass_at_k(n=2,k=16)",1.0
opencodeinstruct-b808da32cd42,ut_function,,en,excluded,excluded,TOO_EASY,PROMPT_FIX_ENTRY_POINT,0,0,0.5,"measured_pass_at_k(n=2,k=8)",1.0
opencodeinstruct-cd9c9f00227a,ut_function,,en,excluded,excluded,TOO_EASY,PROMPT_FIX_ENTRY_POINT,0,0,0.625,"measured_pass_at_k(n=2,k=16)",1.0
opencodeinstruct-d9436c489440,ut_function,,en,test,ok,,PROMPT_FIX_ENTRY_POINT,0,0,0.75,"measured_pass_at_k(n=2,k=8)",
opencodeinstruct-9b2197084f5b,ut_function,,en,excluded,excluded,TOO_HARD,PROMPT_FIX_ENTRY_POINT,0,0,0.25,"measured_pass_at_k(n=2,k=8)",0.0
opencodeinstruct-74c4ac6e9b6d,ut_function,,en,excluded,excluded,TOO_EASY,PROMPT_FIX_ENTRY_POINT,0,0,0.75,"measured_pass_at_k(n=2,k=8)",1.0
opencodeinstruct-eb677ea5f565,ut_function,,en,excluded,excluded,TOO_EASY,PROMPT_FIX_ENTRY_POINT,0,0,0.5,"measured_pass_at_k(n=2,k=8)",1.0
opencodeinstruct-146007217650,ut_function,,en,excluded,excluded,TOO_EASY,PROMPT_FIX_ENTRY_POINT,0,0,0.5,"measured_pass_at_k(n=2,k=8)",1.0
opencodeinstruct-283e3f9ae44f,ut_function,,en,excluded,excluded,TOO_EASY,PROMPT_FIX_ENTRY_POINT,0,0,0.25,"measured_pass_at_k(n=2,k=8)",1.0
opencodeinstruct-3fa2f1a86549,ut_function,,en,excluded,excluded,TOO_HARD,PROMPT_FIX_ENTRY_POINT,0,0,0.375,"measured_pass_at_k(n=2,k=16)",0.0
opencodeinstruct-a89945ff688f,ut_function,,en,train,ok,,PROMPT_FIX_ENTRY_POINT,0,0,0.375,"measured_pass_at_k(n=2,k=16)",0.875
opencodeinstruct-fa9bc262f056,ut_function,,en,excluded,excluded,TOO_EASY,PROMPT_FIX_ENTRY_POINT,0,0,0.25,"measured_pass_at_k(n=2,k=8)",1.0
opencodeinstruct-e559fba84e8b,ut_function,,en,excluded,excluded,TOO_EASY,PROMPT_FIX_ENTRY_POINT,0,0,0.25,"measured_pass_at_k(n=2,k=8)",1.0
opencodeinstruct-9d730ee7747f,ut_function,,en,excluded,excluded,TOO_EASY,PROMPT_FIX_ENTRY_POINT,0,0,0.25,"measured_pass_at_k(n=2,k=8)",1.0
kodcode-d79e58c72216,ut_pytest,,en,excluded,excluded,TOO_EASY,PROMPT_FIX_ENTRY_POINT,0,0,0.5,"measured_pass_at_k(n=2,k=8)",1.0
kodcode-dcdc56bbde37,ut_pytest,,en,excluded,excluded,TOO_HARD,PROMPT_FIX_ENTRY_POINT,0,0,0.25,"measured_pass_at_k(n=2,k=8)",0.0
opencodeinstruct-e6e08b190ea5,ut_function,,en,train,ok,,PROMPT_FIX_ENTRY_POINT,0,0,0.75,"measured_pass_at_k(n=2,k=8)",0.25
kodcode-6eb8057fa0df,ut_pytest,,en,excluded,excluded,TOO_EASY,PROMPT_FIX_ENTRY_POINT,0,0,0.75,"measured_pass_at_k(n=2,k=8)",1.0
kodcode-603cfcab0dd9,ut_pytest,,en,train,ok,,HARD_BUT_PARTIAL_SIGNAL;PROMPT_FIX_ENTRY_POINT,0,0,0.25,"measured_pass_at_k(n=2,k=8)",0.0
kodcode-d67e25d18268,ut_pytest,,en,excluded,excluded,TOO_EASY,PROMPT_FIX_ENTRY_POINT,0,0,0.5,"measured_pass_at_k(n=2,k=8)",1.0
kodcode-955b0046298f,ut_pytest,,en,test,ok,,PROMPT_FIX_ENTRY_POINT,0,0,0.75,"measured_pass_at_k(n=2,k=8)",
kodcode-421798f3975b,ut_pytest,,en,validation,ok,,PROMPT_FIX_ENTRY_POINT,0,0,0.5,"measured_pass_at_k(n=2,k=8)",
kodcode-22fb01aa3db6,ut_pytest,,en,train,ok,,PROMPT_FIX_ENTRY_POINT,0,0,0.5,"measured_pass_at_k(n=2,k=8)",0.625
kodcode-df09f360fe39,ut_pytest,,en,train,ok,,HARD_BUT_PARTIAL_SIGNAL;PROMPT_FIX_ENTRY_POINT,0,0,0.25,"measured_pass_at_k(n=2,k=8)",0.0
kodcode-f35ae599bfae,ut_pytest,,en,test,ok,,PROMPT_FIX_ENTRY_POINT,0,0,0.75,"measured_pass_at_k(n=2,k=8)",
opencodeinstruct-15e557782bfe,ut_function,,en,excluded,excluded,TOO_EASY,PROMPT_FIX_ENTRY_POINT,0,0,0.5,"measured_pass_at_k(n=2,k=8)",1.0
opencodeinstruct-125e45722800,ut_function,,en,train,ok,,PROMPT_FIX_ENTRY_POINT,0,0,0.25,"measured_pass_at_k(n=2,k=8)",0.25
kodcode-49ed8c5b95ec,ut_pytest,,en,train,ok,,HARD_BUT_PARTIAL_SIGNAL;PROMPT_FIX_ENTRY_POINT,0,0,0.375,"measured_pass_at_k(n=2,k=16)",0.0
kodcode-9af644ad2258,ut_pytest,,en,excluded,excluded,TOO_EASY,PROMPT_FIX_ENTRY_POINT,0,0,0.75,"measured_pass_at_k(n=2,k=8)",1.0
kodcode-13643be8ef46,ut_pytest,,en,train,ok,,PROMPT_FIX_ENTRY_POINT,0,0,0.25,"measured_pass_at_k(n=2,k=8)",0.75
kodcode-53c1c429ac52,ut_pytest,,en,excluded,excluded,TOO_HARD,PROMPT_FIX_ENTRY_POINT,0,0,0.5,"measured_pass_at_k(n=2,k=8)",0.0
kodcode-a1421eb75ade,ut_pytest,,en,train,ok,,PROMPT_FIX_ENTRY_POINT,0,0,0.25,"measured_pass_at_k(n=2,k=8)",0.875
kodcode-bd4c728e8694,ut_pytest,,en,train,ok,,PROMPT_FIX_ENTRY_POINT,0,0,0.5,"measured_pass_at_k(n=2,k=8)",0.5
kodcode-9df64fd51284,ut_pytest,,en,train,ok,,PROMPT_FIX_ENTRY_POINT,0,0,0.375,"measured_pass_at_k(n=2,k=16)",0.875
kodcode-cae82a4b3711,ut_pytest,,en,excluded,excluded,TOO_EASY,PROMPT_FIX_ENTRY_POINT,0,0,0.25,"measured_pass_at_k(n=2,k=8)",1.0
kodcode-5d90deaa5e04,ut_pytest,,en,excluded,excluded,TOO_HARD,PROMPT_FIX_ENTRY_POINT,0,0,0.5,"measured_pass_at_k(n=2,k=8)",0.0
kodcode-659d27cba8a9,ut_pytest,,en,test,ok,,PROMPT_FIX_ENTRY_POINT,0,0,0.25,"measured_pass_at_k(n=2,k=16)",
kodcode-cf013f0beece,ut_pytest,,en,excluded,excluded,TOO_EASY,PROMPT_FIX_ENTRY_POINT,0,0,0.5,"measured_pass_at_k(n=2,k=8)",1.0
kodcode-4f6abfda3317,ut_pytest,,en,train,ok,,HARD_BUT_PARTIAL_SIGNAL;PROMPT_FIX_ENTRY_POINT,0,0,0.5,"measured_pass_at_k(n=2,k=8)",0.0
kodcode-599dafbb5850,ut_pytest,,en,test,ok,,PROMPT_FIX_ENTRY_POINT,0,0,0.25,"measured_pass_at_k(n=2,k=8)",
kodcode-0db97f12f8ea,ut_pytest,,en,validation,ok,,PROMPT_FIX_ENTRY_POINT,0,0,0.5,"measured_pass_at_k(n=2,k=8)",
kodcode-b280657f1ff2,ut_pytest,,en,excluded,excluded,TOO_EASY,PROMPT_FIX_ENTRY_POINT,0,0,0.25,"measured_pass_at_k(n=2,k=8)",1.0
kodcode-b4bb81f54c11,ut_pytest,,en,train,ok,,PROMPT_FIX_ENTRY_POINT,0,0,0.25,"measured_pass_at_k(n=2,k=8)",0.75
kodcode-750f15390d14,ut_pytest,,en,excluded,excluded,TOO_EASY,PROMPT_FIX_ENTRY_POINT,0,0,0.5,"measured_pass_at_k(n=2,k=8)",1.0
kodcode-2f4aeb8084ac,ut_pytest,,en,excluded,excluded,TOO_EASY,PROMPT_FIX_ENTRY_POINT,0,0,0.75,"measured_pass_at_k(n=2,k=8)",1.0
kodcode-da8d7e1ec485,ut_pytest,,en,excluded,excluded,TOO_EASY,PROMPT_FIX_ENTRY_POINT,0,0,0.5,"measured_pass_at_k(n=2,k=8)",1.0
kodcode-1681205662ae,ut_pytest,,en,excluded,excluded,TOO_EASY,PROMPT_FIX_ENTRY_POINT,0,0,0.5,"measured_pass_at_k(n=2,k=8)",1.0
kodcode-b612f5620862,ut_pytest,,en,excluded,excluded,TOO_EASY,PROMPT_FIX_ENTRY_POINT,0,0,0.5,"measured_pass_at_k(n=2,k=8)",1.0
kodcode-cf87760e384f,ut_pytest,,en,excluded,excluded,TOO_HARD,PROMPT_FIX_ENTRY_POINT,0,0,0.25,"measured_pass_at_k(n=2,k=8)",0.0
kodcode-50ffd6e7f156,ut_pytest,,en,excluded,excluded,TOO_HARD,PROMPT_FIX_ENTRY_POINT,0,0,0.75,"measured_pass_at_k(n=2,k=8)",0.0
ko-native-a8d4fe875a08,ut_function,,ko,excluded,excluded,TOO_EASY,PROMPT_FIX_ENTRY_POINT,0,0,0.75,"measured_pass_at_k(n=1,k=4)",1.0
ko-native-c05a8d2819cf,ut_function,,ko,train,ok,,PROMPT_FIX_ENTRY_POINT,0,0,0.25,"measured_pass_at_k(n=1,k=4)",0.25
rstar-030af7a7b8dc,ut_stdio,,en,excluded,excluded,TOO_EASY,no_reference_solution,0,0,0.5,"measured_pass_at_k(n=2,k=8)",1.0
rstar-0c8c9caff680,ut_stdio,,en,train,ok,,no_reference_solution;HARD_BUT_PARTIAL_SIGNAL,0,0,0.25,"measured_pass_at_k(n=2,k=8)",0.0
rstar-9b165cc7f82a,ut_stdio,,en,excluded,excluded,TOO_EASY,no_reference_solution,0,0,0.75,"measured_pass_at_k(n=2,k=8)",1.0
rstar-cda1b6737d5f,ut_stdio,,en,excluded,excluded,TOO_EASY,no_reference_solution,0,0,0.75,"measured_pass_at_k(n=2,k=8)",1.0
rstar-b5d04f17cec2,ut_stdio,,en,excluded,excluded,TOO_EASY,no_reference_solution,0,0,0.75,"measured_pass_at_k(n=2,k=8)",1.0
rstar-c69fe019f284,ut_stdio,,en,train,ok,,no_reference_solution,0,0,0.75,"measured_pass_at_k(n=2,k=8)",0.875
rstar-de78c4de478d,ut_stdio,,en,excluded,excluded,TOO_EASY,no_reference_solution,0,0,0.25,"measured_pass_at_k(n=2,k=8)",1.0
rstar-c5ea57bbc61b,ut_stdio,,en,test,ok,,no_reference_solution,0,0,0.5,"measured_pass_at_k(n=2,k=8)",
rstar-26f0a849e885,ut_stdio,,en,excluded,excluded,TOO_EASY,no_reference_solution,0,0,0.5,"measured_pass_at_k(n=2,k=8)",1.0
rstar-e58abe749af9,ut_stdio,,en,train,ok,,no_reference_solution,0,0,0.5,"measured_pass_at_k(n=2,k=8)",0.875
rstar-1d33c4d39441,ut_stdio,,en,train,ok,,no_reference_solution,0,0,0.25,"measured_pass_at_k(n=2,k=8)",0.125
rstar-b380ee119630,ut_stdio,,en,excluded,excluded,TOO_EASY,no_reference_solution,0,0,0.25,"measured_pass_at_k(n=2,k=8)",1.0
rstar-157cb1966a62,ut_stdio,,en,excluded,excluded,TOO_EASY,no_reference_solution,0,0,0.75,"measured_pass_at_k(n=2,k=8)",1.0
rstar-5654ce04ce01,ut_stdio,,en,test,ok,,no_reference_solution,0,0,0.5,"measured_pass_at_k(n=2,k=8)",
rstar-3ca2315b20d6,ut_stdio,,en,excluded,excluded,TOO_EASY,no_reference_solution,0,0,0.75,"measured_pass_at_k(n=2,k=8)",1.0
rstar-dd1d1a22c297,ut_stdio,,en,validation,ok,,no_reference_solution,0,0,0.25,"measured_pass_at_k(n=2,k=8)",
opencodeinstruct-3ece58184b1e,ut_function,,en,excluded,excluded,TOO_EASY,PROMPT_FIX_ENTRY_POINT,0,0,0.5,"measured_pass_at_k(n=2,k=8)",1.0
opencodeinstruct-546d844fa361,ut_function,,en,excluded,excluded,TOO_EASY,PROMPT_FIX_ENTRY_POINT,0,0,0.5,"measured_pass_at_k(n=2,k=8)",1.0
opencodeinstruct-f045413b7e7f,ut_function,,en,train,ok,,PROMPT_FIX_ENTRY_POINT,0,0,0.375,"measured_pass_at_k(n=2,k=16)",0.625
opencodeinstruct-0e0683e8769c,ut_function,,en,train,ok,,PROMPT_FIX_ENTRY_POINT,0,0,0.25,"measured_pass_at_k(n=2,k=8)",0.25
opencodeinstruct-2a7ff663be98,ut_function,,en,excluded,excluded,TOO_EASY,PROMPT_FIX_ENTRY_POINT,0,0,0.5,"measured_pass_at_k(n=2,k=8)",1.0
opencodeinstruct-9445c5fe42db,ut_function,,en,excluded,excluded,TOO_EASY,PROMPT_FIX_ENTRY_POINT,0,0,0.75,"measured_pass_at_k(n=2,k=8)",1.0
opencodeinstruct-0262155e9c61,ut_function,,en,validation,ok,,PROMPT_FIX_ENTRY_POINT,0,0,0.5,"measured_pass_at_k(n=2,k=8)",
opencodeinstruct-0d7f044f2233,ut_function,,en,validation,ok,,PROMPT_FIX_ENTRY_POINT,0,0,0.25,"measured_pass_at_k(n=2,k=8)",
opencodeinstruct-c21efe595753,ut_function,,en,excluded,excluded,TOO_EASY,PROMPT_FIX_ENTRY_POINT,0,0,0.5,"measured_pass_at_k(n=2,k=8)",1.0
opencodeinstruct-fd0239a7e42e,ut_function,,en,excluded,excluded,TOO_EASY,PROMPT_FIX_ENTRY_POINT,0,0,0.5,"measured_pass_at_k(n=2,k=8)",1.0
opencodeinstruct-066f59142dbd,ut_function,,en,excluded,excluded,TOO_EASY,PROMPT_FIX_ENTRY_POINT,0,0,0.25,"measured_pass_at_k(n=2,k=8)",1.0
opencodeinstruct-46ff5e07d044,ut_function,,en,excluded,excluded,TOO_EASY,PROMPT_FIX_ENTRY_POINT,0,0,0.5,"measured_pass_at_k(n=2,k=8)",1.0
opencodeinstruct-36604b88c22f,ut_function,,en,excluded,excluded,TOO_EASY,PROMPT_FIX_ENTRY_POINT,0,0,0.25,"measured_pass_at_k(n=2,k=8)",1.0
opencodeinstruct-f4858a74acc1,ut_function,,en,excluded,excluded,TOO_EASY,PROMPT_FIX_ENTRY_POINT,0,0,0.25,"measured_pass_at_k(n=2,k=8)",1.0
opencodeinstruct-6639a1e60211,ut_function,,en,excluded,excluded,TOO_EASY,PROMPT_FIX_ENTRY_POINT,0,0,0.75,"measured_pass_at_k(n=2,k=8)",1.0
opencodeinstruct-4846ebaad37f,ut_function,,en,excluded,excluded,TOO_EASY,PROMPT_FIX_ENTRY_POINT,0,0,0.5,"measured_pass_at_k(n=2,k=8)",1.0
opencodeinstruct-6c0abcaa272f,ut_function,,en,train,ok,,PROMPT_FIX_ENTRY_POINT,0,0,0.25,"measured_pass_at_k(n=2,k=8)",0.75
opencodeinstruct-25c44ea99f17,ut_function,,en,excluded,excluded,TOO_HARD,PROMPT_FIX_ENTRY_POINT,0,0,0.375,"measured_pass_at_k(n=2,k=16)",0.0
opencodeinstruct-ae564bda13d3,ut_function,,en,validation,ok,,PROMPT_FIX_ENTRY_POINT,0,0,0.5,"measured_pass_at_k(n=2,k=8)",
opencodeinstruct-30aa846137ac,ut_function,,en,excluded,excluded,TOO_HARD,PROMPT_FIX_ENTRY_POINT,0,0,0.25,"measured_pass_at_k(n=2,k=8)",0.0
opencodeinstruct-52b3b0ec8a89,ut_function,,en,excluded,excluded,TOO_EASY,PROMPT_FIX_ENTRY_POINT,0,0,0.625,"measured_pass_at_k(n=2,k=16)",1.0
opencodeinstruct-4e3e8c2e3cdb,ut_function,,en,excluded,excluded,TOO_EASY,PROMPT_FIX_ENTRY_POINT,0,0,0.5,"measured_pass_at_k(n=2,k=8)",1.0
opencodeinstruct-017ed90b5365,ut_function,,en,validation,ok,,PROMPT_FIX_ENTRY_POINT,0,0,0.25,"measured_pass_at_k(n=2,k=8)",
opencodeinstruct-2f8bdb8ba377,ut_function,,en,validation,ok,,PROMPT_FIX_ENTRY_POINT,0,0,0.75,"measured_pass_at_k(n=2,k=8)",
opencodeinstruct-fa2e54af28c1,ut_function,,en,excluded,excluded,TOO_EASY,PROMPT_FIX_ENTRY_POINT,0,0,0.5,"measured_pass_at_k(n=2,k=8)",1.0
opencodeinstruct-c4c200a2eba7,ut_function,,en,excluded,excluded,TOO_HARD,PROMPT_FIX_ENTRY_POINT,0,0,0.25,"measured_pass_at_k(n=2,k=8)",0.0
opencodeinstruct-058d90630c99,ut_function,,en,train,ok,,PROMPT_FIX_ENTRY_POINT,0,0,0.5,"measured_pass_at_k(n=2,k=8)",0.75
opencodeinstruct-b9e5029a3051,ut_function,,en,excluded,excluded,TOO_EASY,PROMPT_FIX_ENTRY_POINT,0,0,0.375,"measured_pass_at_k(n=2,k=16)",1.0
opencodeinstruct-bc8fbfedde18,ut_function,,en,test,ok,,PROMPT_FIX_ENTRY_POINT,0,0,0.25,"measured_pass_at_k(n=2,k=8)",
opencodeinstruct-db708cae6e35,ut_function,,en,train,ok,,PROMPT_FIX_ENTRY_POINT,0,0,0.25,"measured_pass_at_k(n=2,k=16)",0.875
opencodeinstruct-0580014a496b,ut_function,,en,validation,ok,,PROMPT_FIX_ENTRY_POINT,0,0,0.75,"measured_pass_at_k(n=2,k=8)",
opencodeinstruct-68120978a530,ut_function,,en,excluded,excluded,TOO_EASY,PROMPT_FIX_ENTRY_POINT,0,0,0.75,"measured_pass_at_k(n=2,k=8)",1.0
opencodeinstruct-9863bac4029e,ut_function,,en,excluded,excluded,TOO_EASY,PROMPT_FIX_ENTRY_POINT,0,0,0.5,"measured_pass_at_k(n=2,k=8)",1.0
opencodeinstruct-6b642617ae24,ut_function,,en,excluded,excluded,TOO_EASY,PROMPT_FIX_ENTRY_POINT,0,0,0.25,"measured_pass_at_k(n=2,k=8)",1.0
opencodeinstruct-8e94be4bec24,ut_function,,en,train,ok,,PROMPT_FIX_ENTRY_POINT,0,0,0.25,"measured_pass_at_k(n=2,k=8)",0.875
opencodeinstruct-167c6b439ffe,ut_function,,en,excluded,excluded,TOO_EASY,PROMPT_FIX_ENTRY_POINT,0,0,0.375,"measured_pass_at_k(n=2,k=16)",1.0
opencodeinstruct-d2d72648b6b1,ut_function,,en,excluded,excluded,TOO_EASY,PROMPT_FIX_ENTRY_POINT,0,0,0.5,"measured_pass_at_k(n=2,k=8)",1.0
kodcode-32af465ef5ea,ut_pytest,,en,train,ok,,PROMPT_FIX_ENTRY_POINT,0,0,0.5,"measured_pass_at_k(n=2,k=8)",0.375
opencodeinstruct-80fab0bd9f41,ut_function,,en,excluded,excluded,TOO_EASY,PROMPT_FIX_ENTRY_POINT,0,0,0.5,"measured_pass_at_k(n=2,k=8)",1.0
kodcode-9aad2f38be0b,ut_pytest,,en,excluded,excluded,TOO_EASY,PROMPT_FIX_ENTRY_POINT,0,0,0.25,"measured_pass_at_k(n=2,k=8)",1.0
kodcode-083621cf4a88,ut_pytest,,en,excluded,excluded,TOO_EASY,PROMPT_FIX_ENTRY_POINT,0,0,0.5,"measured_pass_at_k(n=2,k=8)",1.0
kodcode-08587e048786,ut_pytest,,en,train,ok,,PROMPT_FIX_ENTRY_POINT,0,0,0.25,"measured_pass_at_k(n=2,k=8)",0.625
kodcode-83ee6a85f064,ut_pytest,,en,validation,ok,,PROMPT_FIX_ENTRY_POINT,0,0,0.5,"measured_pass_at_k(n=2,k=8)",
opencodeinstruct-3cc8847cbcb4,ut_function,,en,excluded,excluded,TOO_EASY,PROMPT_FIX_ENTRY_POINT,0,0,0.5,"measured_pass_at_k(n=2,k=8)",1.0
opencodeinstruct-ec3a73ecef14,ut_function,,en,excluded,excluded,TOO_EASY,PROMPT_FIX_ENTRY_POINT,0,0,0.25,"measured_pass_at_k(n=2,k=8)",1.0
kodcode-5de2ab8d1d98,ut_pytest,,en,train,ok,,PROMPT_FIX_ENTRY_POINT,0,0,0.25,"measured_pass_at_k(n=2,k=8)",0.75
kodcode-1d6cd7ea78e4,ut_pytest,,en,train,ok,,HARD_BUT_PARTIAL_SIGNAL;PROMPT_FIX_ENTRY_POINT,0,0,0.25,"measured_pass_at_k(n=2,k=8)",0.0
opencodeinstruct-509905da1ce4,ut_function,,en,test,ok,,PROMPT_FIX_ENTRY_POINT,0,0,0.5,"measured_pass_at_k(n=2,k=8)",
kodcode-3e384d367b3a,ut_pytest,,en,excluded,excluded,TOO_EASY,PROMPT_FIX_ENTRY_POINT,0,0,0.25,"measured_pass_at_k(n=2,k=8)",1.0
kodcode-a2e019e4a3f7,ut_pytest,,en,excluded,excluded,TOO_HARD,PROMPT_FIX_ENTRY_POINT,0,0,0.25,"measured_pass_at_k(n=2,k=8)",0.0
opencodeinstruct-6840297dc39f,ut_function,,en,excluded,excluded,TOO_EASY,PROMPT_FIX_ENTRY_POINT,0,0,0.5,"measured_pass_at_k(n=2,k=8)",1.0
kodcode-f58c58acce6a,ut_pytest,,en,test,ok,,PROMPT_FIX_ENTRY_POINT,0,0,0.5,"measured_pass_at_k(n=2,k=8)",
kodcode-ac8a361f89e6,ut_pytest,,en,validation,ok,,PROMPT_FIX_ENTRY_POINT,0,0,0.5,"measured_pass_at_k(n=2,k=8)",
kodcode-12cc369d356d,ut_pytest,,en,excluded,excluded,TOO_EASY,PROMPT_FIX_ENTRY_POINT,0,0,0.25,"measured_pass_at_k(n=2,k=8)",1.0
kodcode-9bd3ac6674f0,ut_pytest,,en,excluded,excluded,TOO_EASY,PROMPT_FIX_ENTRY_POINT,0,0,0.75,"measured_pass_at_k(n=2,k=8)",1.0
kodcode-3ff32b7f566b,ut_pytest,,en,excluded,excluded,TOO_EASY,PROMPT_FIX_ENTRY_POINT,0,0,0.75,"measured_pass_at_k(n=2,k=8)",1.0
kodcode-24ec11fc9af9,ut_pytest,,en,train,ok,,PROMPT_FIX_ENTRY_POINT,0,0,0.375,"measured_pass_at_k(n=2,k=16)",0.875
kodcode-838af0fc7984,ut_pytest,,en,train,ok,,PROMPT_FIX_ENTRY_POINT,0,0,0.75,"measured_pass_at_k(n=2,k=8)",0.5
kodcode-a05f977754d7,ut_pytest,,en,train,ok,,PROMPT_FIX_ENTRY_POINT,0,0,0.25,"measured_pass_at_k(n=2,k=8)",0.375
kodcode-93d9cc1b89c5,ut_pytest,,en,train,ok,,PROMPT_FIX_ENTRY_POINT,0,0,0.75,"measured_pass_at_k(n=2,k=8)",0.875
kodcode-4241e45eb0e5,ut_pytest,,en,train,ok,,PROMPT_FIX_ENTRY_POINT,0,0,0.5,"measured_pass_at_k(n=2,k=8)",0.375
kodcode-89ba4237050e,ut_pytest,,en,excluded,excluded,TOO_EASY,PROMPT_FIX_ENTRY_POINT,0,0,0.75,"measured_pass_at_k(n=2,k=8)",1.0
kodcode-47a4cd13cdda,ut_pytest,,en,test,ok,,PROMPT_FIX_ENTRY_POINT,0,0,0.75,"measured_pass_at_k(n=2,k=8)",
kodcode-ffb358357d08,ut_pytest,,en,excluded,excluded,TOO_EASY,PROMPT_FIX_ENTRY_POINT,0,0,0.25,"measured_pass_at_k(n=2,k=8)",1.0
opencodeinstruct-68dc127a4eec,ut_function,,en,excluded,excluded,TOO_EASY,PROMPT_FIX_ENTRY_POINT,0,0,0.5,"measured_pass_at_k(n=2,k=8)",1.0
kodcode-f596102fed65,ut_pytest,,en,excluded,excluded,TOO_EASY,PROMPT_FIX_ENTRY_POINT,0,0,0.75,"measured_pass_at_k(n=2,k=8)",1.0
opencodeinstruct-8b0411e0471a,ut_function,,en,excluded,excluded,TOO_EASY,PROMPT_FIX_ENTRY_POINT,0,0,0.75,"measured_pass_at_k(n=2,k=8)",1.0
ko-native-cd36a659758c,ut_function,,ko,excluded,excluded,TOO_EASY,PROMPT_FIX_ENTRY_POINT,0,0,0.75,"measured_pass_at_k(n=1,k=4)",1.0
ko-native-b8e95eec79d2,ut_function,,ko,train,ok,,PROMPT_FIX_ENTRY_POINT,0,0,0.5,"measured_pass_at_k(n=1,k=4)",0.625
rstar-29ba905b874a,ut_stdio,,en,train,ok,,no_reference_solution,0,0,0.25,"measured_pass_at_k(n=2,k=16)",0.875
rstar-44ed7f455575,ut_stdio,,en,excluded,excluded,TOO_EASY,no_reference_solution,0,0,0.5,"measured_pass_at_k(n=2,k=8)",1.0
rstar-caabd65b3252,ut_stdio,,en,excluded,excluded,TOO_EASY,no_reference_solution,0,0,0.5,"measured_pass_at_k(n=2,k=8)",1.0
rstar-9d133e26f9e0,ut_stdio,,en,train,ok,,no_reference_solution,0,0,0.75,"measured_pass_at_k(n=2,k=8)",0.875
rstar-d7d36d715ca9,ut_stdio,,en,train,ok,,no_reference_solution,0,0,0.25,"measured_pass_at_k(n=2,k=8)",0.125
rstar-2fe89b83963c,ut_stdio,,en,test,ok,,no_reference_solution,0,0,0.25,"measured_pass_at_k(n=2,k=8)",
rstar-a532727c52b9,ut_stdio,,en,train,ok,,no_reference_solution,0,0,0.5,"measured_pass_at_k(n=2,k=8)",0.75
rstar-c689d6aeff36,ut_stdio,,en,excluded,excluded,TOO_EASY,no_reference_solution,0,0,0.25,"measured_pass_at_k(n=2,k=8)",1.0
rstar-628999923d06,ut_stdio,,en,excluded,excluded,TOO_EASY,no_reference_solution,0,0,0.25,"measured_pass_at_k(n=2,k=8)",1.0
rstar-432b569e533c,ut_stdio,,en,excluded,excluded,TOO_EASY,no_reference_solution,0,0,0.5,"measured_pass_at_k(n=2,k=8)",1.0
rstar-4d95565e775b,ut_stdio,,en,train,ok,,no_reference_solution,0,0,0.5,"measured_pass_at_k(n=2,k=8)",0.75
rstar-1119af7c2cbc,ut_stdio,,en,train,ok,,no_reference_solution,0,0,0.5,"measured_pass_at_k(n=2,k=8)",0.125
rstar-e3ca2e470a1e,ut_stdio,,en,train,ok,,no_reference_solution;HARD_BUT_PARTIAL_SIGNAL,0,0,0.25,"measured_pass_at_k(n=2,k=8)",0.0
opencodeinstruct-87532e18b90c,ut_function,,en,excluded,excluded,TOO_EASY,PROMPT_FIX_ENTRY_POINT,0,0,0.75,"measured_pass_at_k(n=2,k=8)",1.0
opencodeinstruct-9d99aed78887,ut_function,,en,excluded,excluded,TOO_EASY,PROMPT_FIX_ENTRY_POINT,0,0,0.25,"measured_pass_at_k(n=2,k=16)",1.0
opencodeinstruct-bf8c4dbfc84d,ut_function,,en,test,ok,,PROMPT_FIX_ENTRY_POINT,0,0,0.25,"measured_pass_at_k(n=2,k=8)",
opencodeinstruct-8bbf88febbb9,ut_function,,en,excluded,excluded,TOO_EASY,PROMPT_FIX_ENTRY_POINT,0,0,0.5,"measured_pass_at_k(n=2,k=8)",1.0
opencodeinstruct-510d93524a26,ut_function,,en,excluded,excluded,TOO_EASY,PROMPT_FIX_ENTRY_POINT,0,0,0.5,"measured_pass_at_k(n=2,k=8)",1.0
opencodeinstruct-07e1bdaafc87,ut_function,,en,excluded,excluded,TOO_EASY,PROMPT_FIX_ENTRY_POINT,0,0,0.25,"measured_pass_at_k(n=2,k=8)",1.0
opencodeinstruct-8d00249d5cac,ut_function,,en,test,ok,,PROMPT_FIX_ENTRY_POINT,0,0,0.5,"measured_pass_at_k(n=2,k=8)",
opencodeinstruct-d9466550cfb1,ut_function,,en,excluded,excluded,TOO_EASY,PROMPT_FIX_ENTRY_POINT,0,0,0.5,"measured_pass_at_k(n=2,k=8)",1.0
opencodeinstruct-2cfb4a352500,ut_function,,en,train,ok,,HARD_BUT_PARTIAL_SIGNAL;PROMPT_FIX_ENTRY_POINT,0,0,0.75,"measured_pass_at_k(n=2,k=8)",0.0
opencodeinstruct-ac01b8452d14,ut_function,,en,excluded,excluded,TOO_HARD,PROMPT_FIX_ENTRY_POINT,0,0,0.625,"measured_pass_at_k(n=2,k=16)",0.0
opencodeinstruct-857335d448eb,ut_function,,en,excluded,excluded,TOO_EASY,PROMPT_FIX_ENTRY_POINT,0,0,0.25,"measured_pass_at_k(n=2,k=8)",1.0
opencodeinstruct-36b9879c8952,ut_function,,en,excluded,excluded,TOO_EASY,PROMPT_FIX_ENTRY_POINT,0,0,0.5,"measured_pass_at_k(n=2,k=8)",1.0
opencodeinstruct-f2b9e5635990,ut_function,,en,train,ok,,PROMPT_FIX_ENTRY_POINT,0,0,0.25,"measured_pass_at_k(n=2,k=8)",0.375
opencodeinstruct-bbe0fdf7b0df,ut_function,,en,excluded,excluded,TOO_EASY,PROMPT_FIX_ENTRY_POINT,0,0,0.75,"measured_pass_at_k(n=2,k=8)",1.0
opencodeinstruct-4b3871e9a49d,ut_function,,en,excluded,excluded,TOO_EASY,PROMPT_FIX_ENTRY_POINT,0,0,0.25,"measured_pass_at_k(n=2,k=8)",1.0
opencodeinstruct-294198c6d876,ut_function,,en,excluded,excluded,TOO_HARD,PROMPT_FIX_ENTRY_POINT,0,0,0.5,"measured_pass_at_k(n=2,k=8)",0.0
opencodeinstruct-1c001fff725c,ut_function,,en,excluded,excluded,TOO_EASY,PROMPT_FIX_ENTRY_POINT,0,0,0.25,"measured_pass_at_k(n=2,k=16)",1.0
opencodeinstruct-086fbf991a1f,ut_function,,en,excluded,excluded,TOO_EASY,PROMPT_FIX_ENTRY_POINT,0,0,0.25,"measured_pass_at_k(n=2,k=16)",1.0
opencodeinstruct-29ab80479bc0,ut_function,,en,excluded,excluded,TOO_HARD,PROMPT_FIX_ENTRY_POINT,0,0,0.25,"measured_pass_at_k(n=2,k=8)",0.0
opencodeinstruct-34302dc4011d,ut_function,,en,train,ok,,PROMPT_FIX_ENTRY_POINT,0,0,0.25,"measured_pass_at_k(n=2,k=16)",0.75
opencodeinstruct-b28ca96c6f7b,ut_function,,en,excluded,excluded,TOO_HARD,PROMPT_FIX_ENTRY_POINT,0,0,0.25,"measured_pass_at_k(n=2,k=8)",0.0
opencodeinstruct-22ab8f935fff,ut_function,,en,excluded,excluded,TOO_EASY,PROMPT_FIX_ENTRY_POINT,0,0,0.5,"measured_pass_at_k(n=2,k=8)",1.0
opencodeinstruct-23a5cd3a31d1,ut_function,,en,excluded,excluded,TOO_EASY,PROMPT_FIX_ENTRY_POINT,0,0,0.25,"measured_pass_at_k(n=2,k=8)",1.0
opencodeinstruct-90ee53d4931d,ut_function,,en,excluded,excluded,TOO_EASY,PROMPT_FIX_ENTRY_POINT,0,0,0.375,"measured_pass_at_k(n=2,k=16)",1.0
opencodeinstruct-ca7b58ee31a1,ut_function,,en,excluded,excluded,TOO_EASY,PROMPT_FIX_ENTRY_POINT,0,0,0.75,"measured_pass_at_k(n=2,k=8)",1.0
opencodeinstruct-402c523c474e,ut_function,,en,excluded,excluded,TOO_HARD,PROMPT_FIX_ENTRY_POINT,0,0,0.5,"measured_pass_at_k(n=2,k=8)",0.0
opencodeinstruct-851b3c730c73,ut_function,,en,excluded,excluded,TOO_EASY,PROMPT_FIX_ENTRY_POINT,0,0,0.5,"measured_pass_at_k(n=2,k=8)",1.0
opencodeinstruct-19f17cd9747f,ut_function,,en,excluded,excluded,TOO_EASY,PROMPT_FIX_ENTRY_POINT,0,0,0.5,"measured_pass_at_k(n=2,k=8)",1.0
opencodeinstruct-53dc2d49b949,ut_function,,en,test,ok,,PROMPT_FIX_ENTRY_POINT,0,0,0.25,"measured_pass_at_k(n=2,k=8)",
opencodeinstruct-add0f04b42b8,ut_function,,en,excluded,excluded,TOO_EASY,PROMPT_FIX_ENTRY_POINT,0,0,0.5,"measured_pass_at_k(n=2,k=8)",1.0
opencodeinstruct-03e4332ee5f5,ut_function,,en,excluded,excluded,TOO_EASY,PROMPT_FIX_ENTRY_POINT,0,0,0.25,"measured_pass_at_k(n=2,k=8)",1.0
opencodeinstruct-9ec2eb251725,ut_function,,en,excluded,excluded,TOO_EASY,PROMPT_FIX_ENTRY_POINT,0,0,0.5,"measured_pass_at_k(n=2,k=8)",1.0
opencodeinstruct-2c938a8a5224,ut_function,,en,excluded,excluded,TOO_EASY,PROMPT_FIX_ENTRY_POINT,0,0,0.75,"measured_pass_at_k(n=2,k=8)",1.0
opencodeinstruct-26351f4e8b0d,ut_function,,en,train,ok,,PROMPT_FIX_ENTRY_POINT,0,0,0.25,"measured_pass_at_k(n=2,k=8)",0.375
opencodeinstruct-418a3f208441,ut_function,,en,train,ok,,PROMPT_FIX_ENTRY_POINT,0,0,0.5,"measured_pass_at_k(n=2,k=8)",0.5
opencodeinstruct-0c5056818aee,ut_function,,en,excluded,excluded,TOO_EASY,PROMPT_FIX_ENTRY_POINT,0,0,0.25,"measured_pass_at_k(n=2,k=8)",1.0
kodcode-397ebfc60e33,ut_pytest,,en,excluded,excluded,TOO_HARD,PROMPT_FIX_ENTRY_POINT,0,0,0.5,"measured_pass_at_k(n=2,k=16)",0.0
opencodeinstruct-d8e6cc0cd4e8,ut_function,,en,train,ok,,PROMPT_FIX_ENTRY_POINT,0,0,0.25,"measured_pass_at_k(n=2,k=8)",0.75
kodcode-a978a49d365b,ut_pytest,,en,excluded,excluded,TOO_EASY,PROMPT_FIX_ENTRY_POINT,0,0,0.375,"measured_pass_at_k(n=2,k=16)",1.0
kodcode-71e51150fbe1,ut_pytest,,en,test,ok,,PROMPT_FIX_ENTRY_POINT,0,0,0.25,"measured_pass_at_k(n=2,k=8)",
kodcode-5b10b1fa9cd6,ut_pytest,,en,excluded,excluded,TOO_EASY,PROMPT_FIX_ENTRY_POINT,0,0,0.5,"measured_pass_at_k(n=2,k=8)",1.0
kodcode-91f3ccb7c845,ut_pytest,,en,test,ok,,PROMPT_FIX_ENTRY_POINT,0,0,0.5,"measured_pass_at_k(n=2,k=8)",
opencodeinstruct-1eb284b401ce,ut_function,,en,train,ok,,PROMPT_FIX_ENTRY_POINT,0,0,0.25,"measured_pass_at_k(n=2,k=16)",0.375
kodcode-877a1e69d490,ut_pytest,,en,excluded,excluded,TOO_HARD,PROMPT_FIX_ENTRY_POINT,0,0,0.25,"measured_pass_at_k(n=2,k=8)",0.0
kodcode-2cdf929877ab,ut_pytest,,en,train,ok,,PROMPT_FIX_ENTRY_POINT,0,0,0.25,"measured_pass_at_k(n=2,k=8)",0.25
kodcode-e38a24604b53,ut_pytest,,en,excluded,excluded,TOO_EASY,PROMPT_FIX_ENTRY_POINT,0,0,0.5,"measured_pass_at_k(n=2,k=8)",1.0
kodcode-37f74e953d19,ut_pytest,,en,train,ok,,PROMPT_FIX_ENTRY_POINT,0,0,0.75,"measured_pass_at_k(n=2,k=8)",0.375
kodcode-8357a8524e1f,ut_pytest,,en,train,ok,,PROMPT_FIX_ENTRY_POINT,0,0,0.5,"measured_pass_at_k(n=2,k=8)",0.375
kodcode-74d2a483bbc3,ut_pytest,,en,validation,ok,,PROMPT_FIX_ENTRY_POINT,0,0,0.75,"measured_pass_at_k(n=2,k=8)",
kodcode-1a1d41aa0d18,ut_pytest,,en,validation,ok,,PROMPT_FIX_ENTRY_POINT,0,0,0.25,"measured_pass_at_k(n=2,k=8)",
kodcode-6479c4715c02,ut_pytest,,en,excluded,excluded,TOO_EASY,PROMPT_FIX_ENTRY_POINT,0,0,0.75,"measured_pass_at_k(n=2,k=8)",1.0
kodcode-9fb8fe6c8cc4,ut_pytest,,en,excluded,excluded,TOO_EASY,PROMPT_FIX_ENTRY_POINT,0,0,0.25,"measured_pass_at_k(n=2,k=8)",1.0
kodcode-73d7bf9ff5da,ut_pytest,,en,validation,ok,,PROMPT_FIX_ENTRY_POINT,0,0,0.5,"measured_pass_at_k(n=2,k=8)",
kodcode-027081043e06,ut_pytest,,en,excluded,excluded,TOO_EASY,PROMPT_FIX_ENTRY_POINT,0,0,0.75,"measured_pass_at_k(n=2,k=8)",1.0
kodcode-edf6a3d5b716,ut_pytest,,en,train,ok,,PROMPT_FIX_ENTRY_POINT,0,0,0.25,"measured_pass_at_k(n=2,k=8)",0.75
kodcode-6ddabd03340b,ut_pytest,,en,excluded,excluded,TOO_EASY,PROMPT_FIX_ENTRY_POINT,0,0,0.25,"measured_pass_at_k(n=2,k=8)",1.0
kodcode-b209be8e2e8e,ut_pytest,,en,train,ok,,PROMPT_FIX_ENTRY_POINT,0,0,0.5,"measured_pass_at_k(n=2,k=8)",0.875
kodcode-d26fc15272f6,ut_pytest,,en,excluded,excluded,TOO_EASY,PROMPT_FIX_ENTRY_POINT,0,0,0.75,"measured_pass_at_k(n=2,k=8)",1.0
kodcode-2dcc00cb38c2,ut_pytest,,en,train,ok,,PROMPT_FIX_ENTRY_POINT,0,0,0.5,"measured_pass_at_k(n=2,k=8)",0.625
kodcode-f630572675a4,ut_pytest,,en,test,ok,,PROMPT_FIX_ENTRY_POINT,0,0,0.75,"measured_pass_at_k(n=2,k=8)",
kodcode-51dbdfef6462,ut_pytest,,en,train,ok,,PROMPT_FIX_ENTRY_POINT,0,0,0.5,"measured_pass_at_k(n=2,k=8)",0.875
kodcode-ab9eee503107,ut_pytest,,en,train,ok,,PROMPT_FIX_ENTRY_POINT,0,0,0.25,"measured_pass_at_k(n=2,k=8)",0.25
kodcode-d634e004e200,ut_pytest,,en,train,ok,,HARD_BUT_PARTIAL_SIGNAL;PROMPT_FIX_ENTRY_POINT,0,0,0.5,"measured_pass_at_k(n=2,k=8)",0.0
kodcode-002c4e61aa1a,ut_pytest,,en,test,ok,,PROMPT_FIX_ENTRY_POINT,0,0,0.5,"measured_pass_at_k(n=2,k=8)",
kodcode-68e8ecb7a443,ut_pytest,,en,excluded,excluded,TOO_EASY,PROMPT_FIX_ENTRY_POINT,0,0,0.5,"measured_pass_at_k(n=2,k=8)",1.0
kodcode-bd6093cb26c6,ut_pytest,,en,train,ok,,PROMPT_FIX_ENTRY_POINT,0,0,0.5,"measured_pass_at_k(n=2,k=8)",0.125
kodcode-1d23592a3e37,ut_pytest,,en,train,ok,,PROMPT_FIX_ENTRY_POINT,0,0,0.25,"measured_pass_at_k(n=2,k=8)",0.75
rstar-7e46c6ec688f,ut_stdio,,en,train,ok,,no_reference_solution,0,0,0.5,"measured_pass_at_k(n=2,k=8)",0.875
rstar-9ee7cc0e9d49,ut_stdio,,en,excluded,excluded,TOO_EASY,no_reference_solution,0,0,0.5,"measured_pass_at_k(n=2,k=8)",1.0
rstar-7e4f513b56d9,ut_stdio,,en,excluded,excluded,TOO_EASY,no_reference_solution,0,0,0.5,"measured_pass_at_k(n=2,k=8)",1.0
rstar-2f9edfae9f09,ut_stdio,,en,excluded,excluded,TOO_EASY,no_reference_solution,0,0,0.75,"measured_pass_at_k(n=2,k=8)",1.0
rstar-7b9ab6830ad8,ut_stdio,,en,train,ok,,no_reference_solution,0,0,0.5,"measured_pass_at_k(n=2,k=8)",0.25
rstar-be605d6a6565,ut_stdio,,en,excluded,excluded,TOO_EASY,no_reference_solution,0,0,0.75,"measured_pass_at_k(n=2,k=8)",1.0
rstar-47a2c6e82e6e,ut_stdio,,en,train,ok,,no_reference_solution,0,0,0.5,"measured_pass_at_k(n=2,k=8)",0.5
rstar-dac636fbca56,ut_stdio,,en,train,ok,,no_reference_solution,0,0,0.5,"measured_pass_at_k(n=2,k=8)",0.875
rstar-b792a1c03c3f,ut_stdio,,en,train,ok,,no_reference_solution;HARD_BUT_PARTIAL_SIGNAL,0,0,0.5,"measured_pass_at_k(n=2,k=8)",0.0
rstar-82013030020e,ut_stdio,,en,train,ok,,no_reference_solution,0,0,0.5,"measured_pass_at_k(n=2,k=8)",0.625
rstar-be269acb3ae2,ut_stdio,,en,excluded,excluded,TOO_EASY,no_reference_solution,0,0,0.5,"measured_pass_at_k(n=2,k=8)",1.0
rstar-ff8e2ad8622c,ut_stdio,,en,excluded,excluded,TOO_EASY,no_reference_solution,0,0,0.5,"measured_pass_at_k(n=2,k=8)",1.0
rstar-e145e7fe7cb1,ut_stdio,,en,validation,ok,,no_reference_solution,0,0,0.25,"measured_pass_at_k(n=2,k=8)",
opencodeinstruct-b47f95ee67a3,ut_function,,en,excluded,excluded,TOO_EASY,PROMPT_FIX_ENTRY_POINT,0,0,0.25,"measured_pass_at_k(n=2,k=8)",1.0
opencodeinstruct-594298e48249,ut_function,,en,train,ok,,PROMPT_FIX_ENTRY_POINT,0,0,0.25,"measured_pass_at_k(n=2,k=16)",0.875
opencodeinstruct-172bc2673d5d,ut_function,,en,excluded,excluded,TOO_EASY,PROMPT_FIX_ENTRY_POINT,0,0,0.25,"measured_pass_at_k(n=2,k=8)",1.0
opencodeinstruct-299b32ebbb98,ut_function,,en,excluded,excluded,TOO_EASY,PROMPT_FIX_ENTRY_POINT,0,0,0.25,"measured_pass_at_k(n=2,k=8)",1.0
opencodeinstruct-66b8f3014944,ut_function,,en,train,ok,,PROMPT_FIX_ENTRY_POINT,0,0,0.25,"measured_pass_at_k(n=2,k=8)",0.375
opencodeinstruct-2b413c28e51d,ut_function,,en,excluded,excluded,TOO_EASY,PROMPT_FIX_ENTRY_POINT,0,0,0.75,"measured_pass_at_k(n=2,k=8)",1.0
opencodeinstruct-b95cbda37726,ut_function,,en,excluded,excluded,TOO_EASY,PROMPT_FIX_ENTRY_POINT,0,0,0.75,"measured_pass_at_k(n=2,k=8)",1.0
opencodeinstruct-6f4e1f84f9ac,ut_function,,en,excluded,excluded,TOO_EASY,PROMPT_FIX_ENTRY_POINT,0,0,0.5,"measured_pass_at_k(n=2,k=8)",1.0
opencodeinstruct-9f3ce98dd65d,ut_function,,en,validation,ok,,PROMPT_FIX_ENTRY_POINT,0,0,0.5,"measured_pass_at_k(n=2,k=8)",
opencodeinstruct-375966e697d6,ut_function,,en,excluded,excluded,TOO_EASY,PROMPT_FIX_ENTRY_POINT,0,0,0.5,"measured_pass_at_k(n=2,k=8)",1.0
opencodeinstruct-fc42f827ef6c,ut_function,,en,train,ok,,PROMPT_FIX_ENTRY_POINT,0,0,0.25,"measured_pass_at_k(n=2,k=16)",0.75
opencodeinstruct-ce1ad602de73,ut_function,,en,excluded,excluded,TOO_EASY,PROMPT_FIX_ENTRY_POINT,0,0,0.75,"measured_pass_at_k(n=2,k=8)",1.0
opencodeinstruct-b5cc04fd1474,ut_function,,en,train,ok,,PROMPT_FIX_ENTRY_POINT,0,0,0.25,"measured_pass_at_k(n=2,k=8)",0.875
opencodeinstruct-3fc381500d7f,ut_function,,en,excluded,excluded,TOO_HARD,PROMPT_FIX_ENTRY_POINT,0,0,0.5,"measured_pass_at_k(n=2,k=8)",0.0
opencodeinstruct-e520f32de553,ut_function,,en,train,ok,,PROMPT_FIX_ENTRY_POINT,0,0,0.25,"measured_pass_at_k(n=2,k=8)",0.625
opencodeinstruct-c847d45d8fa9,ut_function,,en,test,ok,,PROMPT_FIX_ENTRY_POINT,0,0,0.5,"measured_pass_at_k(n=2,k=8)",
opencodeinstruct-1f683ca699c2,ut_function,,en,excluded,excluded,TOO_HARD,PROMPT_FIX_ENTRY_POINT,0,0,0.25,"measured_pass_at_k(n=2,k=16)",0.0
opencodeinstruct-3d40fd8dbbec,ut_function,,en,excluded,excluded,TOO_EASY,PROMPT_FIX_ENTRY_POINT,0,0,0.25,"measured_pass_at_k(n=2,k=8)",1.0
opencodeinstruct-73c8b7638ee6,ut_function,,en,excluded,excluded,TOO_EASY,PROMPT_FIX_ENTRY_POINT,0,0,0.25,"measured_pass_at_k(n=2,k=8)",1.0
opencodeinstruct-ab2a05b4851d,ut_function,,en,excluded,excluded,TOO_EASY,PROMPT_FIX_ENTRY_POINT,0,0,0.25,"measured_pass_at_k(n=2,k=8)",1.0
opencodeinstruct-82c519df6fb5,ut_function,,en,validation,ok,,PROMPT_FIX_ENTRY_POINT,0,0,0.25,"measured_pass_at_k(n=2,k=16)",
opencodeinstruct-6a6952b80ad6,ut_function,,en,train,ok,,PROMPT_FIX_ENTRY_POINT,0,0,0.25,"measured_pass_at_k(n=2,k=8)",0.125
opencodeinstruct-22366b6d2f84,ut_function,,en,train,ok,,PROMPT_FIX_ENTRY_POINT,0,0,0.25,"measured_pass_at_k(n=2,k=8)",0.25
opencodeinstruct-96f6af77983b,ut_function,,en,excluded,excluded,TOO_EASY,PROMPT_FIX_ENTRY_POINT,0,0,0.5,"measured_pass_at_k(n=2,k=8)",1.0
opencodeinstruct-119290c093a7,ut_function,,en,excluded,excluded,TOO_EASY,PROMPT_FIX_ENTRY_POINT,0,0,0.25,"measured_pass_at_k(n=2,k=8)",1.0
opencodeinstruct-dd8f1c6ba438,ut_function,,en,excluded,excluded,TOO_EASY,PROMPT_FIX_ENTRY_POINT,0,0,0.25,"measured_pass_at_k(n=2,k=16)",1.0
opencodeinstruct-3d814837d2f3,ut_function,,en,excluded,excluded,TOO_EASY,PROMPT_FIX_ENTRY_POINT,0,0,0.5,"measured_pass_at_k(n=2,k=8)",1.0
opencodeinstruct-ed2f32cd5e72,ut_function,,en,test,ok,,PROMPT_FIX_ENTRY_POINT,0,0,0.375,"measured_pass_at_k(n=2,k=16)",
kodcode-8c99b99122ec,ut_pytest,,en,test,ok,,PROMPT_FIX_ENTRY_POINT,0,0,0.75,"measured_pass_at_k(n=2,k=8)",
kodcode-709788d6654c,ut_pytest,,en,train,ok,,PROMPT_FIX_ENTRY_POINT,0,0,0.25,"measured_pass_at_k(n=2,k=8)",0.25
kodcode-b289421fb884,ut_pytest,,en,excluded,excluded,TOO_EASY,PROMPT_FIX_ENTRY_POINT,0,0,0.5,"measured_pass_at_k(n=2,k=16)",1.0
opencodeinstruct-6b80a7470e4c,ut_function,,en,excluded,excluded,TOO_EASY,PROMPT_FIX_ENTRY_POINT,0,0,0.5,"measured_pass_at_k(n=2,k=8)",1.0
kodcode-7f0f8b7c7cb1,ut_pytest,,en,excluded,excluded,TOO_EASY,PROMPT_FIX_ENTRY_POINT,0,0,0.75,"measured_pass_at_k(n=2,k=8)",1.0
kodcode-0bfa5690b908,ut_pytest,,en,excluded,excluded,TOO_EASY,PROMPT_FIX_ENTRY_POINT,0,0,0.5,"measured_pass_at_k(n=2,k=8)",1.0
kodcode-2367c0c93e27,ut_pytest,,en,train,ok,,PROMPT_FIX_ENTRY_POINT,0,0,0.25,"measured_pass_at_k(n=2,k=8)",0.125
kodcode-bf97bbb127a7,ut_pytest,,en,excluded,excluded,TOO_HARD,PROMPT_FIX_ENTRY_POINT,0,0,0.75,"measured_pass_at_k(n=2,k=8)",0.0
kodcode-6ff48dd27950,ut_pytest,,en,test,ok,,PROMPT_FIX_ENTRY_POINT,0,0,0.25,"measured_pass_at_k(n=2,k=8)",
kodcode-168e6d69ffbc,ut_pytest,,en,train,ok,,PROMPT_FIX_ENTRY_POINT,0,0,0.5,"measured_pass_at_k(n=2,k=8)",0.75
kodcode-18d336b2d04a,ut_pytest,,en,excluded,excluded,TOO_EASY,PROMPT_FIX_ENTRY_POINT,0,0,0.5,"measured_pass_at_k(n=2,k=8)",1.0
kodcode-61cbdd43663d,ut_pytest,,en,train,ok,,PROMPT_FIX_ENTRY_POINT,0,0,0.25,"measured_pass_at_k(n=2,k=8)",0.25
opencodeinstruct-889068004a3e,ut_function,,en,excluded,excluded,TOO_HARD,PROMPT_FIX_ENTRY_POINT,0,0,0.25,"measured_pass_at_k(n=2,k=8)",0.0
opencodeinstruct-fc281dad0991,ut_function,,en,train,ok,,HARD_BUT_PARTIAL_SIGNAL;PROMPT_FIX_ENTRY_POINT,0,0,0.25,"measured_pass_at_k(n=2,k=8)",0.0
kodcode-bf483a1bc4c2,ut_pytest,,en,excluded,excluded,TOO_EASY,PROMPT_FIX_ENTRY_POINT,0,0,0.5,"measured_pass_at_k(n=2,k=8)",1.0
kodcode-5a727f844eeb,ut_pytest,,en,train,ok,,PROMPT_FIX_ENTRY_POINT,0,0,0.5,"measured_pass_at_k(n=2,k=8)",0.25
kodcode-91af19af1a25,ut_pytest,,en,validation,ok,,PROMPT_FIX_ENTRY_POINT,0,0,0.5,"measured_pass_at_k(n=2,k=8)",
kodcode-4bb79886f460,ut_pytest,,en,excluded,excluded,TOO_EASY,PROMPT_FIX_ENTRY_POINT,0,0,0.75,"measured_pass_at_k(n=2,k=8)",1.0
kodcode-0183403f4535,ut_pytest,,en,test,ok,,PROMPT_FIX_ENTRY_POINT,0,0,0.5,"measured_pass_at_k(n=2,k=8)",
kodcode-1b86043526c1,ut_pytest,,en,excluded,excluded,TOO_EASY,PROMPT_FIX_ENTRY_POINT,0,0,0.75,"measured_pass_at_k(n=2,k=8)",1.0
kodcode-c23469995e35,ut_pytest,,en,train,ok,,PROMPT_FIX_ENTRY_POINT,0,0,0.5,"measured_pass_at_k(n=2,k=8)",0.75
kodcode-2158db8bdf31,ut_pytest,,en,train,ok,,PROMPT_FIX_ENTRY_POINT,0,0,0.5,"measured_pass_at_k(n=2,k=8)",0.125
kodcode-6909fd1f716f,ut_pytest,,en,excluded,excluded,TOO_EASY,PROMPT_FIX_ENTRY_POINT,0,0,0.5,"measured_pass_at_k(n=2,k=8)",1.0
kodcode-1173c6b2fbff,ut_pytest,,en,excluded,excluded,TOO_HARD,PROMPT_FIX_ENTRY_POINT,0,0,0.5,"measured_pass_at_k(n=2,k=8)",0.0
kodcode-fa4cbb271648,ut_pytest,,en,excluded,excluded,TOO_HARD,PROMPT_FIX_ENTRY_POINT,0,0,0.5,"measured_pass_at_k(n=2,k=8)",0.0
kodcode-0727d1f08a8a,ut_pytest,,en,excluded,excluded,TOO_EASY,PROMPT_FIX_ENTRY_POINT,0,0,0.25,"measured_pass_at_k(n=2,k=8)",1.0
kodcode-a6df93b483aa,ut_pytest,,en,excluded,excluded,TOO_EASY,PROMPT_FIX_ENTRY_POINT,0,0,0.25,"measured_pass_at_k(n=2,k=8)",1.0
kodcode-7f5ebeceb341,ut_pytest,,en,test,ok,,PROMPT_FIX_ENTRY_POINT,0,0,0.5,"measured_pass_at_k(n=2,k=8)",
kodcode-34e38e802241,ut_pytest,,en,test,ok,,PROMPT_FIX_ENTRY_POINT,0,0,0.25,"measured_pass_at_k(n=2,k=8)",
kodcode-c8119cfc6bb6,ut_pytest,,en,train,ok,,PROMPT_FIX_ENTRY_POINT,0,0,0.25,"measured_pass_at_k(n=2,k=8)",0.875
kodcode-f7f15a753d7e,ut_pytest,,en,train,ok,,PROMPT_FIX_ENTRY_POINT,0,0,0.5,"measured_pass_at_k(n=2,k=8)",0.75
kodcode-d1a5b5e22684,ut_pytest,,en,train,ok,,PROMPT_FIX_ENTRY_POINT,0,0,0.25,"measured_pass_at_k(n=2,k=8)",0.875
kodcode-016b74c95e2e,ut_pytest,,en,test,ok,,PROMPT_FIX_ENTRY_POINT,0,0,0.5,"measured_pass_at_k(n=2,k=8)",
ko-native-46097d070d1d,ut_function,,ko,excluded,excluded,TOO_EASY,PROMPT_FIX_ENTRY_POINT,0,0,0.5,"measured_pass_at_k(n=1,k=4)",1.0
ko-native-678bf078bf03,ut_function,,ko,test,ok,,PROMPT_FIX_ENTRY_POINT,0,0,0.75,"measured_pass_at_k(n=1,k=4)",
rstar-9c4bf52142c8,ut_stdio,,en,train,ok,,no_reference_solution,0,0,0.75,"measured_pass_at_k(n=2,k=8)",0.625
rstar-db9545d80436,ut_stdio,,en,excluded,excluded,TOO_EASY,no_reference_solution,0,0,0.75,"measured_pass_at_k(n=2,k=8)",1.0
rstar-eea1ef98ee82,ut_stdio,,en,excluded,excluded,TOO_EASY,no_reference_solution,0,0,0.25,"measured_pass_at_k(n=2,k=8)",1.0
rstar-584027116b5c,ut_stdio,,en,excluded,excluded,TOO_EASY,no_reference_solution,0,0,0.5,"measured_pass_at_k(n=2,k=16)",1.0
rstar-71c1be0fd460,ut_stdio,,en,train,ok,,no_reference_solution,0,0,0.75,"measured_pass_at_k(n=2,k=8)",0.25
rstar-840a3700f474,ut_stdio,,en,train,ok,,no_reference_solution;HARD_BUT_PARTIAL_SIGNAL,0,0,0.5,"measured_pass_at_k(n=2,k=8)",0.0
rstar-f05514afbafe,ut_stdio,,en,excluded,excluded,TOO_EASY,no_reference_solution,0,0,0.25,"measured_pass_at_k(n=2,k=8)",1.0
rstar-9359c4e0b1d8,ut_stdio,,en,train,ok,,no_reference_solution,0,0,0.75,"measured_pass_at_k(n=2,k=8)",0.125
rstar-912fef3a2c92,ut_stdio,,en,excluded,excluded,TOO_EASY,no_reference_solution,0,0,0.5,"measured_pass_at_k(n=2,k=8)",1.0
rstar-d6ccd8643430,ut_stdio,,en,excluded,excluded,TOO_HARD,no_reference_solution,0,0,0.5,"measured_pass_at_k(n=2,k=8)",0.0
rstar-4eb1c444806e,ut_stdio,,en,excluded,excluded,TOO_EASY,no_reference_solution,0,0,0.5,"measured_pass_at_k(n=2,k=8)",1.0
rstar-f7ab9d728cb4,ut_stdio,,en,train,ok,,no_reference_solution,0,0,0.75,"measured_pass_at_k(n=2,k=16)",0.5
rstar-24c122d04d34,ut_stdio,,en,train,ok,,no_reference_solution,0,0,0.5,"measured_pass_at_k(n=2,k=8)",0.25
rstar-18c57a56b30a,ut_stdio,,en,train,ok,,no_reference_solution,0,0,0.375,"measured_pass_at_k(n=2,k=16)",0.875
rstar-2a26b1994226,ut_stdio,,en,excluded,excluded,TOO_EASY,no_reference_solution,0,0,0.5,"measured_pass_at_k(n=2,k=8)",1.0
rstar-1fa0ef67858e,ut_stdio,,en,train,ok,,no_reference_solution,0,0,0.25,"measured_pass_at_k(n=2,k=8)",0.375
rstar-ce944ca64397,ut_stdio,,en,excluded,excluded,TOO_EASY,no_reference_solution,0,0,0.25,"measured_pass_at_k(n=2,k=8)",1.0
rstar-ac82322e548a,ut_stdio,,en,test,ok,,no_reference_solution,0,0,0.25,"measured_pass_at_k(n=2,k=8)",
rstar-3a6c9153ba3c,ut_stdio,,en,train,ok,,no_reference_solution,0,0,0.25,"measured_pass_at_k(n=2,k=8)",0.75
rstar-9af128e92769,ut_stdio,,en,train,ok,,no_reference_solution,0,0,0.5,"measured_pass_at_k(n=2,k=8)",0.625
rstar-8b6866211eaa,ut_stdio,,en,validation,ok,,no_reference_solution,0,0,0.25,"measured_pass_at_k(n=2,k=16)",
rstar-26ef18e865ba,ut_stdio,,en,excluded,excluded,TOO_EASY,no_reference_solution,0,0,0.25,"measured_pass_at_k(n=2,k=8)",1.0
rstar-6385bbe160a1,ut_stdio,,en,train,ok,,no_reference_solution,0,0,0.25,"measured_pass_at_k(n=2,k=16)",0.125
rstar-618fa6a32b28,ut_stdio,,en,train,ok,,no_reference_solution,0,0,0.25,"measured_pass_at_k(n=2,k=8)",0.875
rstar-978a6d2df755,ut_stdio,,en,excluded,excluded,TOO_EASY,no_reference_solution,0,0,0.5,"measured_pass_at_k(n=2,k=8)",1.0
rstar-557aa4fa96db,ut_stdio,,en,excluded,excluded,TOO_EASY,no_reference_solution,0,0,0.25,"measured_pass_at_k(n=2,k=8)",1.0
rstar-2d369b08f222,ut_stdio,,en,excluded,excluded,TOO_EASY,no_reference_solution,0,0,0.5,"measured_pass_at_k(n=2,k=8)",1.0
opencodeinstruct-71c4145b7b82,ut_function,,en,excluded,excluded,TOO_EASY,PROMPT_FIX_ENTRY_POINT,0,0,0.25,"measured_pass_at_k(n=2,k=16)",1.0
opencodeinstruct-0a4f92785c9c,ut_function,,en,test,ok,,PROMPT_FIX_ENTRY_POINT,0,0,0.5,"measured_pass_at_k(n=2,k=8)",
opencodeinstruct-0977635f6281,ut_function,,en,excluded,excluded,TOO_EASY,PROMPT_FIX_ENTRY_POINT,0,0,0.25,"measured_pass_at_k(n=2,k=8)",1.0
opencodeinstruct-d86903cff060,ut_function,,en,excluded,excluded,TOO_EASY,PROMPT_FIX_ENTRY_POINT,0,0,0.75,"measured_pass_at_k(n=2,k=8)",1.0
opencodeinstruct-889721c861ee,ut_function,,en,train,ok,,PROMPT_FIX_ENTRY_POINT,0,0,0.75,"measured_pass_at_k(n=2,k=8)",0.125
opencodeinstruct-6a07230e64c7,ut_function,,en,excluded,excluded,TOO_EASY,PROMPT_FIX_ENTRY_POINT,0,0,0.25,"measured_pass_at_k(n=2,k=8)",1.0
opencodeinstruct-1b4bfed8d538,ut_function,,en,excluded,excluded,TOO_EASY,PROMPT_FIX_ENTRY_POINT,0,0,0.25,"measured_pass_at_k(n=2,k=8)",1.0
opencodeinstruct-bebf0c0fb098,ut_function,,en,excluded,excluded,TOO_EASY,PROMPT_FIX_ENTRY_POINT,0,0,0.5,"measured_pass_at_k(n=2,k=8)",1.0
opencodeinstruct-cc73ed7e139a,ut_function,,en,excluded,excluded,TOO_EASY,PROMPT_FIX_ENTRY_POINT,0,0,0.5,"measured_pass_at_k(n=2,k=8)",1.0
opencodeinstruct-89f14f6ed1fd,ut_function,,en,excluded,excluded,TOO_EASY,PROMPT_FIX_ENTRY_POINT,0,0,0.25,"measured_pass_at_k(n=2,k=8)",1.0
opencodeinstruct-7ca290c2b9b3,ut_function,,en,excluded,excluded,TOO_EASY,PROMPT_FIX_ENTRY_POINT,0,0,0.5,"measured_pass_at_k(n=2,k=8)",1.0
opencodeinstruct-d4dbed10ff6d,ut_function,,en,excluded,excluded,TOO_HARD,PROMPT_FIX_ENTRY_POINT,0,0,0.25,"measured_pass_at_k(n=2,k=8)",0.0
opencodeinstruct-ac88061d7520,ut_function,,en,train,ok,,PROMPT_FIX_ENTRY_POINT,0,0,0.25,"measured_pass_at_k(n=2,k=8)",0.75
opencodeinstruct-203151278705,ut_function,,en,train,ok,,PROMPT_FIX_ENTRY_POINT,0,0,0.5,"measured_pass_at_k(n=2,k=8)",0.125
opencodeinstruct-1575419ac26f,ut_function,,en,test,ok,,PROMPT_FIX_ENTRY_POINT,0,0,0.25,"measured_pass_at_k(n=2,k=8)",
opencodeinstruct-9303ca1e8aa2,ut_function,,en,test,ok,,PROMPT_FIX_ENTRY_POINT,0,0,0.5,"measured_pass_at_k(n=2,k=8)",
opencodeinstruct-b0f6c3c5392e,ut_function,,en,train,ok,,PROMPT_FIX_ENTRY_POINT,0,0,0.25,"measured_pass_at_k(n=2,k=8)",0.75
opencodeinstruct-4da296791591,ut_function,,en,excluded,excluded,TOO_EASY,PROMPT_FIX_ENTRY_POINT,0,0,0.25,"measured_pass_at_k(n=2,k=8)",1.0
opencodeinstruct-7cecb8f980aa,ut_function,,en,excluded,excluded,TOO_EASY,PROMPT_FIX_ENTRY_POINT,0,0,0.5,"measured_pass_at_k(n=2,k=8)",1.0
opencodeinstruct-a811c1e2eab9,ut_function,,en,excluded,excluded,TOO_EASY,PROMPT_FIX_ENTRY_POINT,0,0,0.5,"measured_pass_at_k(n=2,k=8)",1.0
opencodeinstruct-9278fb0cf180,ut_function,,en,excluded,excluded,TOO_EASY,PROMPT_FIX_ENTRY_POINT,0,0,0.25,"measured_pass_at_k(n=2,k=8)",1.0
opencodeinstruct-d558f2b56b44,ut_function,,en,excluded,excluded,TOO_EASY,PROMPT_FIX_ENTRY_POINT,0,0,0.25,"measured_pass_at_k(n=2,k=8)",1.0
opencodeinstruct-0ef348a42a9a,ut_function,,en,excluded,excluded,TOO_EASY,PROMPT_FIX_ENTRY_POINT,0,0,0.25,"measured_pass_at_k(n=2,k=8)",1.0
opencodeinstruct-5ea399d9f35c,ut_function,,en,excluded,excluded,TOO_EASY,PROMPT_FIX_ENTRY_POINT,0,0,0.5,"measured_pass_at_k(n=2,k=8)",1.0
opencodeinstruct-89d56cf68bba,ut_function,,en,excluded,excluded,TOO_EASY,PROMPT_FIX_ENTRY_POINT,0,0,0.5,"measured_pass_at_k(n=2,k=8)",1.0
opencodeinstruct-04710684b328,ut_function,,en,excluded,excluded,TOO_EASY,PROMPT_FIX_ENTRY_POINT,0,0,0.25,"measured_pass_at_k(n=2,k=8)",1.0
opencodeinstruct-039611fc41e4,ut_function,,en,excluded,excluded,TOO_EASY,PROMPT_FIX_ENTRY_POINT,0,0,0.75,"measured_pass_at_k(n=2,k=8)",1.0
opencodeinstruct-d343725c097a,ut_function,,en,excluded,excluded,TOO_EASY,PROMPT_FIX_ENTRY_POINT,0,0,0.75,"measured_pass_at_k(n=2,k=8)",1.0
opencodeinstruct-4c4555828042,ut_function,,en,test,ok,,PROMPT_FIX_ENTRY_POINT,0,0,0.5,"measured_pass_at_k(n=2,k=8)",
opencodeinstruct-4c3de11b19cd,ut_function,,en,test,ok,,PROMPT_FIX_ENTRY_POINT,0,0,0.5,"measured_pass_at_k(n=2,k=8)",
opencodeinstruct-198e5769fec6,ut_function,,en,excluded,excluded,TOO_EASY,PROMPT_FIX_ENTRY_POINT,0,0,0.5,"measured_pass_at_k(n=2,k=8)",1.0
opencodeinstruct-bb5ba1d4cbb7,ut_function,,en,excluded,excluded,TOO_EASY,PROMPT_FIX_ENTRY_POINT,0,0,0.75,"measured_pass_at_k(n=2,k=8)",1.0
opencodeinstruct-2acb92703b3f,ut_function,,en,excluded,excluded,TOO_EASY,PROMPT_FIX_ENTRY_POINT,0,0,0.25,"measured_pass_at_k(n=2,k=8)",1.0
opencodeinstruct-f733f5fb350c,ut_function,,en,test,ok,,PROMPT_FIX_ENTRY_POINT,0,0,0.5,"measured_pass_at_k(n=2,k=8)",
opencodeinstruct-d552baa12263,ut_function,,en,test,ok,,PROMPT_FIX_ENTRY_POINT,0,0,0.5,"measured_pass_at_k(n=2,k=8)",
opencodeinstruct-84566f1b21c7,ut_function,,en,test,ok,,PROMPT_FIX_ENTRY_POINT,0,0,0.5,"measured_pass_at_k(n=2,k=8)",
opencodeinstruct-6a2da4214e8f,ut_function,,en,excluded,excluded,TOO_EASY,PROMPT_FIX_ENTRY_POINT,0,0,0.625,"measured_pass_at_k(n=2,k=16)",1.0
opencodeinstruct-f6520c861c79,ut_function,,en,train,ok,,PROMPT_FIX_ENTRY_POINT,0,0,0.25,"measured_pass_at_k(n=2,k=16)",0.5
kodcode-fce4fb92310c,ut_pytest,,en,train,ok,,PROMPT_FIX_ENTRY_POINT,0,0,0.375,"measured_pass_at_k(n=2,k=16)",0.625
kodcode-a05553910d92,ut_pytest,,en,excluded,excluded,TOO_EASY,PROMPT_FIX_ENTRY_POINT,0,0,0.5,"measured_pass_at_k(n=2,k=8)",1.0
kodcode-8d96de5d68ab,ut_pytest,,en,test,ok,,PROMPT_FIX_ENTRY_POINT,0,0,0.25,"measured_pass_at_k(n=2,k=8)",
kodcode-cdc0bf72addf,ut_pytest,,en,train,ok,,PROMPT_FIX_ENTRY_POINT,0,0,0.25,"measured_pass_at_k(n=2,k=8)",0.125
kodcode-cd4fb2be3a99,ut_pytest,,en,validation,ok,,PROMPT_FIX_ENTRY_POINT,0,0,0.25,"measured_pass_at_k(n=2,k=8)",
kodcode-88069f9f791a,ut_pytest,,en,validation,ok,,PROMPT_FIX_ENTRY_POINT,0,0,0.5,"measured_pass_at_k(n=2,k=8)",
kodcode-15187d303f95,ut_pytest,,en,train,ok,,PROMPT_FIX_ENTRY_POINT,0,0,0.5,"measured_pass_at_k(n=2,k=8)",0.875
kodcode-6fa8cecd5c32,ut_pytest,,en,excluded,excluded,TOO_EASY,PROMPT_FIX_ENTRY_POINT,0,0,0.5,"measured_pass_at_k(n=2,k=8)",1.0
kodcode-a08dc237c22a,ut_pytest,,en,excluded,excluded,TOO_EASY,PROMPT_FIX_ENTRY_POINT,0,0,0.375,"measured_pass_at_k(n=2,k=16)",1.0
kodcode-e38a14a8ff1a,ut_pytest,,en,excluded,excluded,TOO_EASY,PROMPT_FIX_ENTRY_POINT,0,0,0.25,"measured_pass_at_k(n=2,k=8)",1.0
kodcode-ac4d4d98518f,ut_pytest,,en,validation,ok,,PROMPT_FIX_ENTRY_POINT,0,0,0.25,"measured_pass_at_k(n=2,k=16)",
kodcode-b3d10aeee7af,ut_pytest,,en,train,ok,,PROMPT_FIX_ENTRY_POINT,0,0,0.5,"measured_pass_at_k(n=2,k=8)",0.75
kodcode-a2cc1b4f048b,ut_pytest,,en,excluded,excluded,TOO_EASY,PROMPT_FIX_ENTRY_POINT,0,0,0.5,"measured_pass_at_k(n=2,k=8)",1.0
opencodeinstruct-8069aa2b49d4,ut_function,,en,validation,ok,,PROMPT_FIX_ENTRY_POINT,0,0,0.25,"measured_pass_at_k(n=2,k=8)",
kodcode-cd50cec85a34,ut_pytest,,en,excluded,excluded,TOO_EASY,PROMPT_FIX_ENTRY_POINT,0,0,0.25,"measured_pass_at_k(n=2,k=16)",1.0
kodcode-17865e89e4b8,ut_pytest,,en,train,ok,,PROMPT_FIX_ENTRY_POINT,0,0,0.5,"measured_pass_at_k(n=2,k=8)",0.125
kodcode-4f170b1cbcad,ut_pytest,,en,excluded,excluded,TOO_EASY,PROMPT_FIX_ENTRY_POINT,0,0,0.25,"measured_pass_at_k(n=2,k=8)",1.0
opencodeinstruct-408dd7f13193,ut_function,,en,excluded,excluded,TOO_EASY,PROMPT_FIX_ENTRY_POINT,0,0,0.25,"measured_pass_at_k(n=2,k=8)",1.0
kodcode-dbdd65c97a7e,ut_pytest,,en,train,ok,,PROMPT_FIX_ENTRY_POINT,0,0,0.5,"measured_pass_at_k(n=2,k=8)",0.125
kodcode-eb88de19baab,ut_pytest,,en,train,ok,,PROMPT_FIX_ENTRY_POINT,0,0,0.5,"measured_pass_at_k(n=2,k=8)",0.375
kodcode-bc51de8ac114,ut_pytest,,en,excluded,excluded,TOO_EASY,PROMPT_FIX_ENTRY_POINT,0,0,0.5,"measured_pass_at_k(n=2,k=8)",1.0
kodcode-9095c2cac93f,ut_pytest,,en,excluded,excluded,TOO_EASY,PROMPT_FIX_ENTRY_POINT,0,0,0.5,"measured_pass_at_k(n=2,k=8)",1.0
opencodeinstruct-6667b01f902f,ut_function,,en,excluded,excluded,TOO_EASY,PROMPT_FIX_ENTRY_POINT,0,0,0.75,"measured_pass_at_k(n=2,k=8)",1.0
opencodeinstruct-df26692cbf3a,ut_function,,en,excluded,excluded,TOO_EASY,PROMPT_FIX_ENTRY_POINT,0,0,0.5,"measured_pass_at_k(n=2,k=8)",1.0
ko-native-3985222af696,ut_function,,ko,excluded,excluded,TOO_EASY,PROMPT_FIX_ENTRY_POINT,0,0,0.5,"measured_pass_at_k(n=1,k=4)",1.0
rstar-c039a938ef42,ut_stdio,,en,test,ok,,no_reference_solution,0,0,0.25,"measured_pass_at_k(n=2,k=8)",
rstar-d8e775e1319d,ut_stdio,,en,test,ok,,no_reference_solution,0,0,0.5,"measured_pass_at_k(n=2,k=8)",
rstar-02375d360d7a,ut_stdio,,en,excluded,excluded,TOO_EASY,no_reference_solution,0,0,0.5,"measured_pass_at_k(n=2,k=8)",1.0
rstar-84a98fd47469,ut_stdio,,en,excluded,excluded,TOO_EASY,no_reference_solution,0,0,0.75,"measured_pass_at_k(n=2,k=8)",1.0
rstar-d0b7c028634e,ut_stdio,,en,train,ok,,no_reference_solution,0,0,0.5,"measured_pass_at_k(n=2,k=8)",0.75
rstar-3c094d2a7745,ut_stdio,,en,train,ok,,no_reference_solution;HARD_BUT_PARTIAL_SIGNAL,0,0,0.25,"measured_pass_at_k(n=2,k=8)",0.0
rstar-491df37a2b5e,ut_stdio,,en,test,ok,,no_reference_solution,0,0,0.5,"measured_pass_at_k(n=2,k=8)",
rstar-4ea7a7f1781e,ut_stdio,,en,train,ok,,no_reference_solution,0,0,0.25,"measured_pass_at_k(n=2,k=16)",0.375
rstar-653dc9a109c7,ut_stdio,,en,excluded,excluded,TOO_EASY,no_reference_solution,0,0,0.375,"measured_pass_at_k(n=2,k=16)",1.0
rstar-e8992caf1ebf,ut_stdio,,en,excluded,excluded,TOO_EASY,no_reference_solution,0,0,0.25,"measured_pass_at_k(n=2,k=8)",1.0
rstar-94fb2abdfca1,ut_stdio,,en,train,ok,,no_reference_solution,0,0,0.5,"measured_pass_at_k(n=2,k=8)",0.125
rstar-b84f9da847ac,ut_stdio,,en,train,ok,,no_reference_solution,0,0,0.25,"measured_pass_at_k(n=2,k=8)",0.125
rstar-663b5fcc7bb4,ut_stdio,,en,train,ok,,no_reference_solution,0,0,0.25,"measured_pass_at_k(n=2,k=8)",0.5
rstar-9d7ad20fb8a6,ut_stdio,,en,excluded,excluded,TOO_EASY,no_reference_solution,0,0,0.75,"measured_pass_at_k(n=2,k=8)",1.0
rstar-5a0e1822430f,ut_stdio,,en,validation,ok,,no_reference_solution,0,0,0.25,"measured_pass_at_k(n=2,k=8)",
rstar-ae023a6c17a0,ut_stdio,,en,train,ok,,no_reference_solution,0,0,0.25,"measured_pass_at_k(n=2,k=8)",0.375
rstar-767562e8867c,ut_stdio,,en,train,ok,,no_reference_solution,0,0,0.25,"measured_pass_at_k(n=2,k=8)",0.5
rstar-3d982e1244bb,ut_stdio,,en,train,ok,,no_reference_solution,0,0,0.25,"measured_pass_at_k(n=2,k=8)",0.25
rstar-ea8ce227ba03,ut_stdio,,en,excluded,excluded,TOO_EASY,no_reference_solution,0,0,0.25,"measured_pass_at_k(n=2,k=8)",1.0
rstar-db2068522014,ut_stdio,,en,excluded,excluded,TOO_EASY,no_reference_solution,0,0,0.75,"measured_pass_at_k(n=2,k=8)",1.0
rstar-33b3006c0a93,ut_stdio,,en,excluded,excluded,TOO_EASY,no_reference_solution,0,0,0.25,"measured_pass_at_k(n=2,k=8)",1.0
rstar-4a79755f9fa9,ut_stdio,,en,test,ok,,no_reference_solution,0,0,0.375,"measured_pass_at_k(n=2,k=16)",
rstar-08e247125c0b,ut_stdio,,en,excluded,excluded,TOO_EASY,no_reference_solution,0,0,0.25,"measured_pass_at_k(n=2,k=8)",1.0
rstar-911c0a196a7b,ut_stdio,,en,excluded,excluded,TOO_EASY,no_reference_solution,0,0,0.5,"measured_pass_at_k(n=2,k=8)",1.0
rstar-14a2627f3b0a,ut_stdio,,en,test,ok,,no_reference_solution,0,0,0.5,"measured_pass_at_k(n=2,k=8)",
rstar-89d4a1d9a2c8,ut_stdio,,en,excluded,excluded,TOO_EASY,no_reference_solution,0,0,0.75,"measured_pass_at_k(n=2,k=8)",1.0
rstar-2c8cf1121e48,ut_stdio,,en,excluded,excluded,TOO_EASY,no_reference_solution,0,0,0.25,"measured_pass_at_k(n=2,k=8)",1.0
opencodeinstruct-d4659f2a15a7,ut_function,,en,excluded,excluded,TOO_EASY,PROMPT_FIX_ENTRY_POINT,0,0,0.25,"measured_pass_at_k(n=2,k=8)",1.0
opencodeinstruct-f8750fb09e80,ut_function,,en,excluded,excluded,TOO_HARD,PROMPT_FIX_ENTRY_POINT,0,0,0.25,"measured_pass_at_k(n=2,k=8)",0.0
opencodeinstruct-8a90acb57522,ut_function,,en,excluded,excluded,TOO_EASY,PROMPT_FIX_ENTRY_POINT,0,0,0.25,"measured_pass_at_k(n=2,k=16)",1.0
opencodeinstruct-6b13aedf5c9e,ut_function,,en,train,ok,,PROMPT_FIX_ENTRY_POINT,0,0,0.25,"measured_pass_at_k(n=2,k=8)",0.625
opencodeinstruct-7ebf52779df1,ut_function,,en,excluded,excluded,TOO_EASY,PROMPT_FIX_ENTRY_POINT,0,0,0.25,"measured_pass_at_k(n=2,k=8)",1.0
opencodeinstruct-dc9e07057b9a,ut_function,,en,excluded,excluded,TOO_HARD,PROMPT_FIX_ENTRY_POINT,0,0,0.25,"measured_pass_at_k(n=2,k=8)",0.0
opencodeinstruct-b9e3498fc651,ut_function,,en,excluded,excluded,TOO_EASY,PROMPT_FIX_ENTRY_POINT,0,0,0.5,"measured_pass_at_k(n=2,k=8)",1.0
opencodeinstruct-5ff4a0113f8e,ut_function,,en,excluded,excluded,TOO_EASY,PROMPT_FIX_ENTRY_POINT,0,0,0.5,"measured_pass_at_k(n=2,k=8)",1.0
opencodeinstruct-579977e13a84,ut_function,,en,excluded,excluded,TOO_HARD,PROMPT_FIX_ENTRY_POINT,0,0,0.375,"measured_pass_at_k(n=2,k=16)",0.0
opencodeinstruct-b4e5f1687639,ut_function,,en,excluded,excluded,TOO_EASY,PROMPT_FIX_ENTRY_POINT,0,0,0.25,"measured_pass_at_k(n=2,k=8)",1.0
opencodeinstruct-1ea08e44c7ca,ut_function,,en,test,ok,,PROMPT_FIX_ENTRY_POINT,0,0,0.5,"measured_pass_at_k(n=2,k=8)",
opencodeinstruct-c6e5733c3a61,ut_function,,en,excluded,excluded,TOO_EASY,PROMPT_FIX_ENTRY_POINT,0,0,0.5,"measured_pass_at_k(n=2,k=8)",1.0
opencodeinstruct-b83042d99e93,ut_function,,en,excluded,excluded,TOO_EASY,PROMPT_FIX_ENTRY_POINT,0,0,0.25,"measured_pass_at_k(n=2,k=8)",1.0
opencodeinstruct-140df18b1f30,ut_function,,en,test,ok,,PROMPT_FIX_ENTRY_POINT,0,0,0.25,"measured_pass_at_k(n=1,k=4)",
opencodeinstruct-79a0acdf3755,ut_function,,en,excluded,excluded,TOO_EASY,PROMPT_FIX_ENTRY_POINT,0,0,0.5,"measured_pass_at_k(n=2,k=8)",1.0
opencodeinstruct-7c06c8cb6368,ut_function,,en,excluded,excluded,TOO_EASY,PROMPT_FIX_ENTRY_POINT,0,0,0.25,"measured_pass_at_k(n=2,k=16)",1.0
opencodeinstruct-53e6823e3c77,ut_function,,en,test,ok,,PROMPT_FIX_ENTRY_POINT,0,0,0.5,"measured_pass_at_k(n=2,k=8)",
opencodeinstruct-db8c648b76a3,ut_function,,en,excluded,excluded,TOO_EASY,PROMPT_FIX_ENTRY_POINT,0,0,0.5,"measured_pass_at_k(n=2,k=8)",1.0
opencodeinstruct-a4fa0a41d562,ut_function,,en,train,ok,,PROMPT_FIX_ENTRY_POINT,0,0,0.25,"measured_pass_at_k(n=2,k=16)",0.125
opencodeinstruct-c3aafd90e170,ut_function,,en,excluded,excluded,TOO_HARD,PROMPT_FIX_ENTRY_POINT,0,0,0.375,"measured_pass_at_k(n=2,k=16)",0.0
opencodeinstruct-5322022de342,ut_function,,en,train,ok,,PROMPT_FIX_ENTRY_POINT,0,0,0.5,"measured_pass_at_k(n=2,k=8)",0.75
opencodeinstruct-8fc459802669,ut_function,,en,test,ok,,PROMPT_FIX_ENTRY_POINT,0,0,0.5,"measured_pass_at_k(n=2,k=8)",
opencodeinstruct-50f2a78a4e5c,ut_function,,en,excluded,excluded,TOO_EASY,PROMPT_FIX_ENTRY_POINT,0,0,0.25,"measured_pass_at_k(n=2,k=8)",1.0
opencodeinstruct-0421f19d2066,ut_function,,en,excluded,excluded,TOO_EASY,PROMPT_FIX_ENTRY_POINT,0,0,0.5,"measured_pass_at_k(n=2,k=8)",1.0
kodcode-eaa3aad38909,ut_pytest,,en,train,ok,,PROMPT_FIX_ENTRY_POINT,0,0,0.5,"measured_pass_at_k(n=2,k=8)",0.875
kodcode-5a62be64dde1,ut_pytest,,en,test,ok,,PROMPT_FIX_ENTRY_POINT,0,0,0.25,"measured_pass_at_k(n=2,k=8)",
kodcode-c1b7215aaf2d,ut_pytest,,en,excluded,excluded,TOO_EASY,PROMPT_FIX_ENTRY_POINT,0,0,0.5,"measured_pass_at_k(n=2,k=8)",1.0
kodcode-175b0299d21a,ut_pytest,,en,train,ok,,PROMPT_FIX_ENTRY_POINT,0,0,0.25,"measured_pass_at_k(n=2,k=8)",0.125
kodcode-ad21b5d701ca,ut_pytest,,en,excluded,excluded,TOO_EASY,PROMPT_FIX_ENTRY_POINT,0,0,0.5,"measured_pass_at_k(n=2,k=16)",1.0
kodcode-6e071298c28f,ut_pytest,,en,test,ok,,PROMPT_FIX_ENTRY_POINT,0,0,0.5,"measured_pass_at_k(n=2,k=8)",
kodcode-4faa436efff9,ut_pytest,,en,train,ok,,PROMPT_FIX_ENTRY_POINT,0,0,0.5,"measured_pass_at_k(n=2,k=8)",0.625
opencodeinstruct-6c5392f4017f,ut_function,,en,excluded,excluded,TOO_EASY,PROMPT_FIX_ENTRY_POINT,0,0,0.5,"measured_pass_at_k(n=2,k=8)",1.0
kodcode-cab772ddfe27,ut_pytest,,en,excluded,excluded,TOO_EASY,PROMPT_FIX_ENTRY_POINT,0,0,0.375,"measured_pass_at_k(n=2,k=16)",1.0
kodcode-3fcc07ce95f4,ut_pytest,,en,train,ok,,PROMPT_FIX_ENTRY_POINT,0,0,0.25,"measured_pass_at_k(n=2,k=8)",0.125
kodcode-43dad072768b,ut_pytest,,en,excluded,excluded,TOO_HARD,PROMPT_FIX_ENTRY_POINT,0,0,0.25,"measured_pass_at_k(n=2,k=8)",0.0
kodcode-cdef12bd95af,ut_pytest,,en,validation,ok,,PROMPT_FIX_ENTRY_POINT,0,0,0.25,"measured_pass_at_k(n=2,k=8)",
kodcode-fa156d0fe331,ut_pytest,,en,excluded,excluded,TOO_EASY,PROMPT_FIX_ENTRY_POINT,0,0,0.5,"measured_pass_at_k(n=2,k=8)",1.0
kodcode-4e87a4f49acc,ut_pytest,,en,train,ok,,PROMPT_FIX_ENTRY_POINT,0,0,0.25,"measured_pass_at_k(n=2,k=8)",0.625
kodcode-38c6d61d4f39,ut_pytest,,en,train,ok,,PROMPT_FIX_ENTRY_POINT,0,0,0.25,"measured_pass_at_k(n=2,k=8)",0.875
opencodeinstruct-6757cf2143fe,ut_function,,en,excluded,excluded,TOO_HARD,PROMPT_FIX_ENTRY_POINT,0,0,0.5,"measured_pass_at_k(n=2,k=8)",0.0
kodcode-b05409883010,ut_pytest,,en,excluded,excluded,TOO_EASY,PROMPT_FIX_ENTRY_POINT,0,0,0.25,"measured_pass_at_k(n=2,k=8)",1.0
kodcode-b8e59e2bfc67,ut_pytest,,en,excluded,excluded,TOO_EASY,PROMPT_FIX_ENTRY_POINT,0,0,0.75,"measured_pass_at_k(n=2,k=8)",1.0
kodcode-c8cb5a9c7be9,ut_pytest,,en,excluded,excluded,TOO_EASY,PROMPT_FIX_ENTRY_POINT,0,0,0.25,"measured_pass_at_k(n=2,k=8)",1.0
kodcode-6cf0281e0049,ut_pytest,,en,validation,ok,,PROMPT_FIX_ENTRY_POINT,0,0,0.25,"measured_pass_at_k(n=2,k=8)",
kodcode-aad15e96b689,ut_pytest,,en,excluded,excluded,TOO_EASY,PROMPT_FIX_ENTRY_POINT,0,0,0.5,"measured_pass_at_k(n=2,k=8)",1.0
kodcode-bb2926aae902,ut_pytest,,en,excluded,excluded,TOO_EASY,PROMPT_FIX_ENTRY_POINT,0,0,0.375,"measured_pass_at_k(n=2,k=16)",1.0
kodcode-4be9ea0cc7bb,ut_pytest,,en,excluded,excluded,TOO_EASY,PROMPT_FIX_ENTRY_POINT,0,0,0.5,"measured_pass_at_k(n=2,k=8)",1.0
kodcode-8d8826803c0b,ut_pytest,,en,train,ok,,PROMPT_FIX_ENTRY_POINT,0,0,0.5,"measured_pass_at_k(n=2,k=8)",0.25
kodcode-dbc2527f9ed0,ut_pytest,,en,excluded,excluded,TOO_HARD,PROMPT_FIX_ENTRY_POINT,0,0,0.5,"measured_pass_at_k(n=2,k=8)",0.0
kodcode-820e58377673,ut_pytest,,en,excluded,excluded,TOO_EASY,PROMPT_FIX_ENTRY_POINT,0,0,0.75,"measured_pass_at_k(n=2,k=8)",1.0
kodcode-8c8edd65cae4,ut_pytest,,en,train,ok,,PROMPT_FIX_ENTRY_POINT,0,0,0.375,"measured_pass_at_k(n=2,k=16)",0.75
kodcode-30e9805dd6e2,ut_pytest,,en,train,ok,,PROMPT_FIX_ENTRY_POINT,0,0,0.5,"measured_pass_at_k(n=2,k=8)",0.875
kodcode-ea3bb3dbde6e,ut_pytest,,en,test,ok,,PROMPT_FIX_ENTRY_POINT,0,0,0.25,"measured_pass_at_k(n=2,k=8)",
kodcode-707edafc7434,ut_pytest,,en,train,ok,,PROMPT_FIX_ENTRY_POINT,0,0,0.75,"measured_pass_at_k(n=2,k=8)",0.75
kodcode-be35dd2df860,ut_pytest,,en,train,ok,,PROMPT_FIX_ENTRY_POINT,0,0,0.5,"measured_pass_at_k(n=2,k=8)",0.125
kodcode-9c25b1f7243a,ut_pytest,,en,excluded,excluded,TOO_EASY,PROMPT_FIX_ENTRY_POINT,0,0,0.75,"measured_pass_at_k(n=2,k=8)",1.0
kodcode-32fe4dc21602,ut_pytest,,en,train,ok,,PROMPT_FIX_ENTRY_POINT,0,0,0.5,"measured_pass_at_k(n=2,k=8)",0.125
kodcode-d709379d4ee1,ut_pytest,,en,train,ok,,PROMPT_FIX_ENTRY_POINT,0,0,0.5,"measured_pass_at_k(n=2,k=8)",0.375
kodcode-84a11bcb4886,ut_pytest,,en,train,ok,,PROMPT_FIX_ENTRY_POINT,0,0,0.5,"measured_pass_at_k(n=2,k=8)",0.25
kodcode-f681229ce29a,ut_pytest,,en,excluded,excluded,TOO_EASY,PROMPT_FIX_ENTRY_POINT,0,0,0.75,"measured_pass_at_k(n=2,k=16)",1.0
kodcode-d644b39b9c73,ut_pytest,,en,train,ok,,PROMPT_FIX_ENTRY_POINT,0,0,0.25,"measured_pass_at_k(n=2,k=8)",0.125
ko-native-26934d1d86c6,ut_function,,ko,excluded,excluded,TOO_EASY,PROMPT_FIX_ENTRY_POINT,0,0,0.25,"measured_pass_at_k(n=1,k=4)",1.0
ko-native-28cdfce7a41f,ut_function,,ko,excluded,excluded,TOO_EASY,PROMPT_FIX_ENTRY_POINT,0,0,0.25,"measured_pass_at_k(n=1,k=4)",1.0
ko-native-b87d964ddf7f,ut_function,,ko,excluded,excluded,TOO_EASY,PROMPT_FIX_ENTRY_POINT,0,0,0.75,"measured_pass_at_k(n=1,k=4)",1.0
ko-native-b31117a62eec,ut_function,,ko,excluded,excluded,TOO_EASY,PROMPT_FIX_ENTRY_POINT,0,0,0.25,"measured_pass_at_k(n=1,k=4)",1.0
ko-native-b153c9b7bc49,ut_function,,ko,train,ok,,PROMPT_FIX_ENTRY_POINT,0,0,0.5,"measured_pass_at_k(n=1,k=4)",0.75
ko-native-9b774d928fed,ut_function,,ko,train,ok,,PROMPT_FIX_ENTRY_POINT,0,0,0.625,"measured_pass_at_k(n=1,k=8)",0.75
rstar-9085f4205784,ut_stdio,,en,train,ok,,no_reference_solution,0,0,0.5,"measured_pass_at_k(n=2,k=8)",0.75
rstar-8001abf322fa,ut_stdio,,en,excluded,excluded,TOO_EASY,no_reference_solution,0,0,0.25,"measured_pass_at_k(n=2,k=8)",1.0
rstar-6c3586eed83a,ut_stdio,,en,train,ok,,no_reference_solution,0,0,0.625,"measured_pass_at_k(n=2,k=16)",0.875
rstar-727f3f265904,ut_stdio,,en,excluded,excluded,TOO_EASY,no_reference_solution,0,0,0.25,"measured_pass_at_k(n=2,k=8)",1.0
rstar-781fa6d0dce2,ut_stdio,,en,train,ok,,no_reference_solution,0,0,0.5,"measured_pass_at_k(n=2,k=8)",0.25
rstar-74360776a392,ut_stdio,,en,excluded,excluded,TOO_HARD,no_reference_solution,0,0,0.5,"measured_pass_at_k(n=2,k=8)",0.0
rstar-971c92282878,ut_stdio,,en,excluded,excluded,TOO_EASY,no_reference_solution,0,0,0.25,"measured_pass_at_k(n=2,k=8)",1.0
rstar-2ac0b7547795,ut_stdio,,en,excluded,excluded,TOO_EASY,no_reference_solution,0,0,0.25,"measured_pass_at_k(n=2,k=8)",1.0
rstar-4cafc84880fa,ut_stdio,,en,excluded,excluded,TOO_EASY,no_reference_solution,0,0,0.25,"measured_pass_at_k(n=2,k=16)",1.0
rstar-652baecd6c6e,ut_stdio,,en,validation,ok,,no_reference_solution,0,0,0.5,"measured_pass_at_k(n=2,k=8)",
rstar-067f26ec9df9,ut_stdio,,en,excluded,excluded,TOO_EASY,no_reference_solution,0,0,0.5,"measured_pass_at_k(n=2,k=8)",1.0
rstar-68ba73ff76a6,ut_stdio,,en,excluded,excluded,TOO_EASY,no_reference_solution,0,0,0.75,"measured_pass_at_k(n=2,k=8)",1.0
rstar-14dd677aff65,ut_stdio,,en,train,ok,,no_reference_solution;HARD_BUT_PARTIAL_SIGNAL,0,0,0.5,"measured_pass_at_k(n=2,k=8)",0.0
rstar-d2d65b8d071c,ut_stdio,,en,train,ok,,no_reference_solution,0,0,0.25,"measured_pass_at_k(n=2,k=8)",0.5
rstar-d4c3df6fe9e5,ut_stdio,,en,excluded,excluded,TOO_EASY,no_reference_solution,0,0,0.25,"measured_pass_at_k(n=2,k=8)",1.0
rstar-6840d64087b1,ut_stdio,,en,train,ok,,no_reference_solution,0,0,0.25,"measured_pass_at_k(n=2,k=16)",0.125
rstar-c3f6049c314a,ut_stdio,,en,excluded,excluded,TOO_EASY,no_reference_solution,0,0,0.25,"measured_pass_at_k(n=2,k=8)",1.0
rstar-860929cf9409,ut_stdio,,en,excluded,excluded,TOO_EASY,no_reference_solution,0,0,0.5,"measured_pass_at_k(n=2,k=8)",1.0
rstar-b3e29b33a120,ut_stdio,,en,train,ok,,no_reference_solution,0,0,0.5,"measured_pass_at_k(n=2,k=8)",0.875
rstar-427e83adebcf,ut_stdio,,en,excluded,excluded,TOO_EASY,no_reference_solution,0,0,0.25,"measured_pass_at_k(n=2,k=8)",1.0
rstar-5d4b8f66e308,ut_stdio,,en,test,ok,,no_reference_solution,0,0,0.5,"measured_pass_at_k(n=2,k=8)",
opencodeinstruct-93ebb6e63f9d,ut_function,,en,excluded,excluded,TOO_EASY,PROMPT_FIX_ENTRY_POINT,0,0,0.5,"measured_pass_at_k(n=2,k=8)",1.0
opencodeinstruct-92f77e4cc21b,ut_function,,en,train,ok,,PROMPT_FIX_ENTRY_POINT,0,0,0.5,"measured_pass_at_k(n=2,k=8)",0.375
opencodeinstruct-cacc8c9afd45,ut_function,,en,excluded,excluded,TOO_EASY,PROMPT_FIX_ENTRY_POINT,0,0,0.75,"measured_pass_at_k(n=2,k=16)",1.0
opencodeinstruct-425c29fc8d46,ut_function,,en,excluded,excluded,TOO_EASY,PROMPT_FIX_ENTRY_POINT,0,0,0.25,"measured_pass_at_k(n=2,k=8)",1.0
opencodeinstruct-6557e4f9f3c5,ut_function,,en,test,ok,,PROMPT_FIX_ENTRY_POINT,0,0,0.25,"measured_pass_at_k(n=2,k=8)",
opencodeinstruct-870e613008c9,ut_function,,en,excluded,excluded,TOO_EASY,PROMPT_FIX_ENTRY_POINT,0,0,0.25,"measured_pass_at_k(n=2,k=16)",1.0
opencodeinstruct-0b67adf24c7b,ut_function,,en,excluded,excluded,TOO_EASY,PROMPT_FIX_ENTRY_POINT,0,0,0.25,"measured_pass_at_k(n=2,k=8)",1.0
opencodeinstruct-65a78b7c8f4b,ut_function,,en,test,ok,,PROMPT_FIX_ENTRY_POINT,0,0,0.25,"measured_pass_at_k(n=2,k=8)",
opencodeinstruct-da5da1f8d474,ut_function,,en,excluded,excluded,TOO_EASY,PROMPT_FIX_ENTRY_POINT,0,0,0.25,"measured_pass_at_k(n=2,k=8)",1.0
opencodeinstruct-9c3926228426,ut_function,,en,excluded,excluded,TOO_EASY,PROMPT_FIX_ENTRY_POINT,0,0,0.75,"measured_pass_at_k(n=2,k=8)",1.0
opencodeinstruct-c1b8dc866ea6,ut_function,,en,excluded,excluded,TOO_EASY,PROMPT_FIX_ENTRY_POINT,0,0,0.5,"measured_pass_at_k(n=2,k=8)",1.0
opencodeinstruct-917398c1d20e,ut_function,,en,excluded,excluded,TOO_EASY,PROMPT_FIX_ENTRY_POINT,0,0,0.5,"measured_pass_at_k(n=2,k=8)",1.0
opencodeinstruct-a1de249337da,ut_function,,en,train,ok,,PROMPT_FIX_ENTRY_POINT,0,0,0.25,"measured_pass_at_k(n=2,k=8)",0.875
opencodeinstruct-473568cde951,ut_function,,en,excluded,excluded,TOO_EASY,PROMPT_FIX_ENTRY_POINT,0,0,0.25,"measured_pass_at_k(n=2,k=8)",1.0
opencodeinstruct-6ad578bafe01,ut_function,,en,excluded,excluded,TOO_EASY,PROMPT_FIX_ENTRY_POINT,0,0,0.5,"measured_pass_at_k(n=2,k=8)",1.0
opencodeinstruct-e2d21b72fe5d,ut_function,,en,excluded,excluded,TOO_EASY,PROMPT_FIX_ENTRY_POINT,0,0,0.75,"measured_pass_at_k(n=2,k=8)",1.0
opencodeinstruct-7020742a067f,ut_function,,en,excluded,excluded,TOO_EASY,PROMPT_FIX_ENTRY_POINT,0,0,0.25,"measured_pass_at_k(n=2,k=8)",1.0
opencodeinstruct-f6fce4aff15e,ut_function,,en,excluded,excluded,TOO_EASY,PROMPT_FIX_ENTRY_POINT,0,0,0.75,"measured_pass_at_k(n=2,k=8)",1.0
opencodeinstruct-6066ceb1fa7d,ut_function,,en,excluded,excluded,TOO_EASY,PROMPT_FIX_ENTRY_POINT,0,0,0.25,"measured_pass_at_k(n=2,k=8)",1.0
opencodeinstruct-9b121d99563f,ut_function,,en,excluded,excluded,TOO_EASY,PROMPT_FIX_ENTRY_POINT,0,0,0.25,"measured_pass_at_k(n=2,k=8)",1.0
opencodeinstruct-d8008fdcfd68,ut_function,,en,excluded,excluded,TOO_HARD,PROMPT_FIX_ENTRY_POINT,0,0,0.25,"measured_pass_at_k(n=2,k=8)",0.0
opencodeinstruct-44de7cdcfc87,ut_function,,en,excluded,excluded,TOO_EASY,PROMPT_FIX_ENTRY_POINT,0,0,0.5,"measured_pass_at_k(n=2,k=8)",1.0
opencodeinstruct-ed080e3591ca,ut_function,,en,excluded,excluded,TOO_EASY,PROMPT_FIX_ENTRY_POINT,0,0,0.25,"measured_pass_at_k(n=2,k=8)",1.0
opencodeinstruct-295e41719fa6,ut_function,,en,excluded,excluded,TOO_EASY,PROMPT_FIX_ENTRY_POINT,0,0,0.5,"measured_pass_at_k(n=2,k=8)",1.0
opencodeinstruct-10198d9df0fa,ut_function,,en,excluded,excluded,TOO_EASY,PROMPT_FIX_ENTRY_POINT,0,0,0.5,"measured_pass_at_k(n=2,k=8)",1.0
opencodeinstruct-9c74e63822fa,ut_function,,en,test,ok,,PROMPT_FIX_ENTRY_POINT,0,0,0.25,"measured_pass_at_k(n=2,k=8)",
opencodeinstruct-0d3bfce0343e,ut_function,,en,train,ok,,PROMPT_FIX_ENTRY_POINT,0,0,0.25,"measured_pass_at_k(n=2,k=8)",0.625
opencodeinstruct-e3d0e52e13cf,ut_function,,en,excluded,excluded,TOO_EASY,PROMPT_FIX_ENTRY_POINT,0,0,0.25,"measured_pass_at_k(n=2,k=8)",1.0
opencodeinstruct-e0567b32708f,ut_function,,en,validation,ok,,PROMPT_FIX_ENTRY_POINT,0,0,0.25,"measured_pass_at_k(n=2,k=8)",
opencodeinstruct-3ff1bfd7b579,ut_function,,en,excluded,excluded,TOO_EASY,PROMPT_FIX_ENTRY_POINT,0,0,0.75,"measured_pass_at_k(n=2,k=8)",1.0
opencodeinstruct-e5d9ced08628,ut_function,,en,test,ok,,PROMPT_FIX_ENTRY_POINT,0,0,0.25,"measured_pass_at_k(n=2,k=8)",
opencodeinstruct-92411e4d3843,ut_function,,en,test,ok,,PROMPT_FIX_ENTRY_POINT,0,0,0.5,"measured_pass_at_k(n=2,k=8)",
opencodeinstruct-d891de3aedc2,ut_function,,en,validation,ok,,PROMPT_FIX_ENTRY_POINT,0,0,0.25,"measured_pass_at_k(n=2,k=16)",
opencodeinstruct-2e89b187ffef,ut_function,,en,excluded,excluded,TOO_EASY,PROMPT_FIX_ENTRY_POINT,0,0,0.75,"measured_pass_at_k(n=2,k=8)",1.0
opencodeinstruct-9c144d9c5d79,ut_function,,en,excluded,excluded,TOO_EASY,PROMPT_FIX_ENTRY_POINT,0,0,0.5,"measured_pass_at_k(n=2,k=8)",1.0
opencodeinstruct-28e80d39ad0d,ut_function,,en,excluded,excluded,TOO_EASY,PROMPT_FIX_ENTRY_POINT,0,0,0.25,"measured_pass_at_k(n=2,k=16)",1.0
opencodeinstruct-52b16113bf49,ut_function,,en,train,ok,,PROMPT_FIX_ENTRY_POINT,0,0,0.25,"measured_pass_at_k(n=2,k=8)",0.125
opencodeinstruct-6b852d1c7345,ut_function,,en,excluded,excluded,TOO_EASY,PROMPT_FIX_ENTRY_POINT,0,0,0.375,"measured_pass_at_k(n=2,k=16)",1.0
opencodeinstruct-6254314a5f81,ut_function,,en,test,ok,,PROMPT_FIX_ENTRY_POINT,0,0,0.5,"measured_pass_at_k(n=2,k=8)",
opencodeinstruct-4b96c62f71c5,ut_function,,en,validation,ok,,PROMPT_FIX_ENTRY_POINT,0,0,0.25,"measured_pass_at_k(n=2,k=8)",
kodcode-5ffc31d56636,ut_pytest,,en,train,ok,,PROMPT_FIX_ENTRY_POINT,0,0,0.25,"measured_pass_at_k(n=2,k=8)",0.375
opencodeinstruct-61de6ba246c3,ut_function,,en,test,ok,,PROMPT_FIX_ENTRY_POINT,0,0,0.25,"measured_pass_at_k(n=2,k=8)",
kodcode-7c2b10905ef8,ut_pytest,,en,excluded,excluded,TOO_EASY,PROMPT_FIX_ENTRY_POINT,0,0,0.75,"measured_pass_at_k(n=2,k=8)",1.0
opencodeinstruct-4dd7ba047709,ut_function,,en,excluded,excluded,TOO_EASY,PROMPT_FIX_ENTRY_POINT,0,0,0.25,"measured_pass_at_k(n=2,k=8)",1.0
kodcode-062c0c6d0652,ut_pytest,,en,excluded,excluded,TOO_EASY,PROMPT_FIX_ENTRY_POINT,0,0,0.25,"measured_pass_at_k(n=2,k=8)",1.0
kodcode-dff04e87e9ba,ut_pytest,,en,train,ok,,HARD_BUT_PARTIAL_SIGNAL;PROMPT_FIX_ENTRY_POINT,0,0,0.5,"measured_pass_at_k(n=2,k=16)",0.0
kodcode-0adade41dfba,ut_pytest,,en,train,ok,,HARD_BUT_PARTIAL_SIGNAL;PROMPT_FIX_ENTRY_POINT,0,0,0.25,"measured_pass_at_k(n=2,k=16)",0.0
kodcode-a7d85a1b8376,ut_pytest,,en,excluded,excluded,TOO_EASY,PROMPT_FIX_ENTRY_POINT,0,0,0.75,"measured_pass_at_k(n=2,k=8)",1.0
kodcode-4e8588701b6e,ut_pytest,,en,excluded,excluded,TOO_EASY,PROMPT_FIX_ENTRY_POINT,0,0,0.75,"measured_pass_at_k(n=2,k=8)",1.0
kodcode-cd6c6ba6d18b,ut_pytest,,en,train,ok,,PROMPT_FIX_ENTRY_POINT,0,0,0.5,"measured_pass_at_k(n=2,k=8)",0.875
kodcode-6bef352c6133,ut_pytest,,en,excluded,excluded,TOO_HARD,PROMPT_FIX_ENTRY_POINT,0,0,0.25,"measured_pass_at_k(n=2,k=8)",0.0
kodcode-2f4e613bf5ff,ut_pytest,,en,test,ok,,PROMPT_FIX_ENTRY_POINT,0,0,0.625,"measured_pass_at_k(n=2,k=16)",
kodcode-5f4c89ef0dca,ut_pytest,,en,excluded,excluded,TOO_EASY,PROMPT_FIX_ENTRY_POINT,0,0,0.5,"measured_pass_at_k(n=2,k=8)",1.0
kodcode-67d27a0802e7,ut_pytest,,en,excluded,excluded,TOO_EASY,PROMPT_FIX_ENTRY_POINT,0,0,0.75,"measured_pass_at_k(n=2,k=8)",1.0
kodcode-b2028f007b3d,ut_pytest,,en,excluded,excluded,TOO_EASY,PROMPT_FIX_ENTRY_POINT,0,0,0.25,"measured_pass_at_k(n=2,k=8)",1.0
opencodeinstruct-3ed813662b88,ut_function,,en,excluded,excluded,TOO_EASY,PROMPT_FIX_ENTRY_POINT,0,0,0.25,"measured_pass_at_k(n=2,k=8)",1.0
kodcode-c9d625dd6b67,ut_pytest,,en,excluded,excluded,TOO_EASY,PROMPT_FIX_ENTRY_POINT,0,0,0.25,"measured_pass_at_k(n=2,k=8)",1.0
kodcode-b13bebd45020,ut_pytest,,en,train,ok,,PROMPT_FIX_ENTRY_POINT,0,0,0.25,"measured_pass_at_k(n=2,k=8)",0.875
kodcode-17e53cfd9892,ut_pytest,,en,excluded,excluded,TOO_EASY,PROMPT_FIX_ENTRY_POINT,0,0,0.25,"measured_pass_at_k(n=2,k=8)",1.0
kodcode-215bc85f4f1b,ut_pytest,,en,excluded,excluded,TOO_EASY,PROMPT_FIX_ENTRY_POINT,0,0,0.25,"measured_pass_at_k(n=2,k=8)",1.0
kodcode-86a42a06cefd,ut_pytest,,en,excluded,excluded,TOO_EASY,PROMPT_FIX_ENTRY_POINT,0,0,0.25,"measured_pass_at_k(n=2,k=8)",1.0
kodcode-f38cfeb97d76,ut_pytest,,en,excluded,excluded,TOO_EASY,PROMPT_FIX_ENTRY_POINT,0,0,0.25,"measured_pass_at_k(n=2,k=8)",1.0
kodcode-094d835dd2ac,ut_pytest,,en,excluded,excluded,TOO_EASY,PROMPT_FIX_ENTRY_POINT,0,0,0.25,"measured_pass_at_k(n=2,k=8)",1.0
kodcode-1dafbc710082,ut_pytest,,en,excluded,excluded,TOO_HARD,PROMPT_FIX_ENTRY_POINT,0,0,0.25,"measured_pass_at_k(n=2,k=8)",0.0
kodcode-4341c5e9c7c6,ut_pytest,,en,train,ok,,PROMPT_FIX_ENTRY_POINT,0,0,0.25,"measured_pass_at_k(n=2,k=8)",0.75
kodcode-655faba8b8c3,ut_pytest,,en,excluded,excluded,TOO_EASY,PROMPT_FIX_ENTRY_POINT,0,0,0.25,"measured_pass_at_k(n=2,k=8)",1.0
kodcode-e333a355c53c,ut_pytest,,en,train,ok,,PROMPT_FIX_ENTRY_POINT,0,0,0.5,"measured_pass_at_k(n=2,k=8)",0.625
kodcode-896ebe757772,ut_pytest,,en,train,ok,,PROMPT_FIX_ENTRY_POINT,0,0,0.25,"measured_pass_at_k(n=2,k=8)",0.625
kodcode-7bf21c06818a,ut_pytest,,en,train,ok,,PROMPT_FIX_ENTRY_POINT,0,0,0.25,"measured_pass_at_k(n=2,k=8)",0.125
kodcode-f9fdd0ebf2d9,ut_pytest,,en,train,ok,,PROMPT_FIX_ENTRY_POINT,0,0,0.375,"measured_pass_at_k(n=2,k=16)",0.25
kodcode-c12c4b528dab,ut_pytest,,en,excluded,excluded,TOO_EASY,PROMPT_FIX_ENTRY_POINT,0,0,0.5,"measured_pass_at_k(n=2,k=16)",1.0
opencodeinstruct-ab5884c143be,ut_function,,en,excluded,excluded,TOO_HARD,PROMPT_FIX_ENTRY_POINT,0,0,0.5,"measured_pass_at_k(n=2,k=8)",0.0
ko-native-f73e84a245a8,ut_function,,ko,excluded,excluded,TOO_EASY,PROMPT_FIX_ENTRY_POINT,0,0,0.75,"measured_pass_at_k(n=1,k=4)",1.0
ko-native-53e5b2f395ed,ut_function,,ko,train,ok,,PROMPT_FIX_ENTRY_POINT,0,0,0.75,"measured_pass_at_k(n=1,k=4)",0.75
ko-native-9dfe6d85a20d,ut_function,,ko,excluded,excluded,TOO_EASY,PROMPT_FIX_ENTRY_POINT,0,0,0.375,"measured_pass_at_k(n=1,k=8)",1.0
rstar-a2abca3562bd,ut_stdio,,en,excluded,excluded,TOO_EASY,no_reference_solution,0,0,0.25,"measured_pass_at_k(n=2,k=8)",1.0
rstar-165a570c3f96,ut_stdio,,en,excluded,excluded,TOO_EASY,no_reference_solution,0,0,0.75,"measured_pass_at_k(n=2,k=8)",1.0
rstar-da2c83508304,ut_stdio,,en,train,ok,,no_reference_solution;HARD_BUT_PARTIAL_SIGNAL,0,0,0.25,"measured_pass_at_k(n=2,k=8)",0.0
rstar-c6db64ac44d3,ut_stdio,,en,excluded,excluded,TOO_EASY,no_reference_solution,0,0,0.25,"measured_pass_at_k(n=2,k=8)",1.0
rstar-1dd1e64344c7,ut_stdio,,en,excluded,excluded,TOO_EASY,no_reference_solution,0,0,0.25,"measured_pass_at_k(n=2,k=8)",1.0
rstar-e7cd0e656338,ut_stdio,,en,excluded,excluded,TOO_EASY,no_reference_solution,0,0,0.5,"measured_pass_at_k(n=2,k=8)",1.0
rstar-6220ce480a9f,ut_stdio,,en,test,ok,,no_reference_solution,0,0,0.375,"measured_pass_at_k(n=2,k=16)",
rstar-04bfc4936f4a,ut_stdio,,en,train,ok,,no_reference_solution,0,0,0.25,"measured_pass_at_k(n=2,k=8)",0.875
rstar-040dd7e325a8,ut_stdio,,en,excluded,excluded,TOO_EASY,no_reference_solution,0,0,0.25,"measured_pass_at_k(n=2,k=8)",1.0
rstar-17a1b05ca576,ut_stdio,,en,excluded,excluded,TOO_EASY,no_reference_solution,0,0,0.25,"measured_pass_at_k(n=2,k=8)",1.0
rstar-aed7bb697708,ut_stdio,,en,excluded,excluded,TOO_EASY,no_reference_solution,0,0,0.5,"measured_pass_at_k(n=2,k=8)",1.0
rstar-ee3a1dbb20f0,ut_stdio,,en,excluded,excluded,TOO_EASY,no_reference_solution,0,0,0.75,"measured_pass_at_k(n=2,k=8)",1.0
rstar-a8021bd396e2,ut_stdio,,en,train,ok,,no_reference_solution,0,0,0.5,"measured_pass_at_k(n=2,k=8)",0.75
rstar-5d5a9fbcd595,ut_stdio,,en,train,ok,,no_reference_solution,0,0,0.5,"measured_pass_at_k(n=2,k=8)",0.875
opencodeinstruct-81f1f5f420f3,ut_function,,en,excluded,excluded,TOO_EASY,PROMPT_FIX_ENTRY_POINT,0,0,0.25,"measured_pass_at_k(n=2,k=16)",1.0
opencodeinstruct-e6022f52a3e7,ut_function,,en,train,ok,,PROMPT_FIX_ENTRY_POINT,0,0,0.5,"measured_pass_at_k(n=2,k=8)",0.5
opencodeinstruct-46d9cf90bc30,ut_function,,en,excluded,excluded,TOO_EASY,PROMPT_FIX_ENTRY_POINT,0,0,0.5,"measured_pass_at_k(n=2,k=8)",1.0
opencodeinstruct-f17620e685ca,ut_function,,en,excluded,excluded,TOO_HARD,PROMPT_FIX_ENTRY_POINT,0,0,0.75,"measured_pass_at_k(n=2,k=8)",0.0
opencodeinstruct-db3744cff096,ut_function,,en,test,ok,,PROMPT_FIX_ENTRY_POINT,0,0,0.5,"measured_pass_at_k(n=2,k=8)",
opencodeinstruct-5c741a895669,ut_function,,en,test,ok,,PROMPT_FIX_ENTRY_POINT,0,0,0.5,"measured_pass_at_k(n=2,k=8)",
opencodeinstruct-fb8e04ecdd9b,ut_function,,en,validation,ok,,PROMPT_FIX_ENTRY_POINT,0,0,0.25,"measured_pass_at_k(n=2,k=8)",
opencodeinstruct-7e47f84c7b10,ut_function,,en,test,ok,,PROMPT_FIX_ENTRY_POINT,0,0,0.25,"measured_pass_at_k(n=2,k=8)",
opencodeinstruct-7d1e5e5fcc29,ut_function,,en,train,ok,,PROMPT_FIX_ENTRY_POINT,0,0,0.75,"measured_pass_at_k(n=2,k=8)",0.625
opencodeinstruct-0d4e315c339f,ut_function,,en,excluded,excluded,TOO_EASY,PROMPT_FIX_ENTRY_POINT,0,0,0.5,"measured_pass_at_k(n=2,k=8)",1.0
opencodeinstruct-cbdbddcc6e83,ut_function,,en,test,ok,,PROMPT_FIX_ENTRY_POINT,0,0,0.5,"measured_pass_at_k(n=2,k=8)",
opencodeinstruct-3e687b949e98,ut_function,,en,test,ok,,PROMPT_FIX_ENTRY_POINT,0,0,0.75,"measured_pass_at_k(n=2,k=8)",
opencodeinstruct-c988b974f06c,ut_function,,en,validation,ok,,PROMPT_FIX_ENTRY_POINT,0,0,0.75,"measured_pass_at_k(n=2,k=8)",
opencodeinstruct-147ca40e9496,ut_function,,en,excluded,excluded,TOO_EASY,PROMPT_FIX_ENTRY_POINT,0,0,0.75,"measured_pass_at_k(n=2,k=8)",1.0
opencodeinstruct-1cbc292f444e,ut_function,,en,excluded,excluded,TOO_EASY,PROMPT_FIX_ENTRY_POINT,0,0,0.625,"measured_pass_at_k(n=2,k=16)",1.0
opencodeinstruct-4af0450ce013,ut_function,,en,excluded,excluded,TOO_EASY,PROMPT_FIX_ENTRY_POINT,0,0,0.5,"measured_pass_at_k(n=2,k=8)",1.0
opencodeinstruct-a000b1f490e1,ut_function,,en,excluded,excluded,TOO_EASY,PROMPT_FIX_ENTRY_POINT,0,0,0.75,"measured_pass_at_k(n=2,k=8)",1.0
opencodeinstruct-d518185ca2a1,ut_function,,en,excluded,excluded,TOO_EASY,PROMPT_FIX_ENTRY_POINT,0,0,0.75,"measured_pass_at_k(n=2,k=8)",1.0
opencodeinstruct-96d406428e73,ut_function,,en,train,ok,,PROMPT_FIX_ENTRY_POINT,0,0,0.25,"measured_pass_at_k(n=2,k=8)",0.25
opencodeinstruct-f029400ef600,ut_function,,en,excluded,excluded,TOO_EASY,PROMPT_FIX_ENTRY_POINT,0,0,0.25,"measured_pass_at_k(n=2,k=8)",1.0
opencodeinstruct-e2e4dd52ab72,ut_function,,en,train,ok,,HARD_BUT_PARTIAL_SIGNAL;PROMPT_FIX_ENTRY_POINT,0,0,0.25,"measured_pass_at_k(n=2,k=8)",0.0
opencodeinstruct-15e3b6b4056e,ut_function,,en,excluded,excluded,TOO_HARD,PROMPT_FIX_ENTRY_POINT,0,0,0.25,"measured_pass_at_k(n=2,k=8)",0.0
opencodeinstruct-f37360276d48,ut_function,,en,excluded,excluded,TOO_EASY,PROMPT_FIX_ENTRY_POINT,0,0,0.75,"measured_pass_at_k(n=2,k=8)",1.0
opencodeinstruct-489a350fd6f8,ut_function,,en,excluded,excluded,TOO_EASY,PROMPT_FIX_ENTRY_POINT,0,0,0.75,"measured_pass_at_k(n=2,k=8)",1.0
opencodeinstruct-1235d622a751,ut_function,,en,excluded,excluded,TOO_HARD,PROMPT_FIX_ENTRY_POINT,0,0,0.25,"measured_pass_at_k(n=2,k=16)",0.0
opencodeinstruct-06c0e0fc2856,ut_function,,en,train,ok,,PROMPT_FIX_ENTRY_POINT,0,0,0.5,"measured_pass_at_k(n=2,k=8)",0.125
opencodeinstruct-4ea00d82f7bb,ut_function,,en,excluded,excluded,TOO_EASY,PROMPT_FIX_ENTRY_POINT,0,0,0.5,"measured_pass_at_k(n=2,k=8)",1.0
opencodeinstruct-b31c900edd8d,ut_function,,en,excluded,excluded,TOO_EASY,PROMPT_FIX_ENTRY_POINT,0,0,0.5,"measured_pass_at_k(n=2,k=16)",1.0
opencodeinstruct-681ac78de3fc,ut_function,,en,train,ok,,HARD_BUT_PARTIAL_SIGNAL;PROMPT_FIX_ENTRY_POINT,0,0,0.5,"measured_pass_at_k(n=2,k=8)",0.0
opencodeinstruct-e20c3e0f98a0,ut_function,,en,excluded,excluded,TOO_EASY,PROMPT_FIX_ENTRY_POINT,0,0,0.75,"measured_pass_at_k(n=2,k=8)",1.0
opencodeinstruct-6b709483fe96,ut_function,,en,excluded,excluded,TOO_EASY,PROMPT_FIX_ENTRY_POINT,0,0,0.25,"measured_pass_at_k(n=2,k=16)",1.0
opencodeinstruct-f4ce503f899c,ut_function,,en,excluded,excluded,TOO_EASY,PROMPT_FIX_ENTRY_POINT,0,0,0.25,"measured_pass_at_k(n=2,k=8)",1.0
opencodeinstruct-d4cc96688dc8,ut_function,,en,excluded,excluded,TOO_HARD,PROMPT_FIX_ENTRY_POINT,0,0,0.5,"measured_pass_at_k(n=2,k=8)",0.0
opencodeinstruct-0b5c7555f324,ut_function,,en,excluded,excluded,TOO_EASY,PROMPT_FIX_ENTRY_POINT,0,0,0.375,"measured_pass_at_k(n=2,k=16)",1.0
opencodeinstruct-db052204cd41,ut_function,,en,excluded,excluded,TOO_EASY,PROMPT_FIX_ENTRY_POINT,0,0,0.75,"measured_pass_at_k(n=2,k=8)",1.0
opencodeinstruct-7da29d52399c,ut_function,,en,excluded,excluded,TOO_EASY,PROMPT_FIX_ENTRY_POINT,0,0,0.5,"measured_pass_at_k(n=2,k=8)",1.0
kodcode-cb10455efbcd,ut_pytest,,en,validation,ok,,PROMPT_FIX_ENTRY_POINT,0,0,0.25,"measured_pass_at_k(n=2,k=16)",
kodcode-6b8521e43f93,ut_pytest,,en,test,ok,,PROMPT_FIX_ENTRY_POINT,0,0,0.75,"measured_pass_at_k(n=2,k=8)",
opencodeinstruct-f9850c62a576,ut_function,,en,test,ok,,PROMPT_FIX_ENTRY_POINT,0,0,0.25,"measured_pass_at_k(n=2,k=8)",
kodcode-534e69ee09b3,ut_pytest,,en,test,ok,,PROMPT_FIX_ENTRY_POINT,0,0,0.25,"measured_pass_at_k(n=2,k=8)",
kodcode-6f94ab746254,ut_pytest,,en,train,ok,,PROMPT_FIX_ENTRY_POINT,0,0,0.5,"measured_pass_at_k(n=2,k=8)",0.625
kodcode-b7df7efa9e4c,ut_pytest,,en,test,ok,,PROMPT_FIX_ENTRY_POINT,0,0,0.5,"measured_pass_at_k(n=2,k=8)",
kodcode-71f448dd9020,ut_pytest,,en,train,ok,,PROMPT_FIX_ENTRY_POINT,0,0,0.375,"measured_pass_at_k(n=2,k=16)",0.75
kodcode-08a4bd6f7ccb,ut_pytest,,en,test,ok,,PROMPT_FIX_ENTRY_POINT,0,0,0.25,"measured_pass_at_k(n=2,k=8)",
kodcode-2b54b2c9ad3a,ut_pytest,,en,excluded,excluded,TOO_EASY,PROMPT_FIX_ENTRY_POINT,0,0,0.75,"measured_pass_at_k(n=2,k=8)",1.0
kodcode-85f81a3f064d,ut_pytest,,en,validation,ok,,PROMPT_FIX_ENTRY_POINT,0,0,0.75,"measured_pass_at_k(n=2,k=8)",
kodcode-ff9c77684d55,ut_pytest,,en,validation,ok,,PROMPT_FIX_ENTRY_POINT,0,0,0.5,"measured_pass_at_k(n=2,k=8)",
kodcode-01ac5d21532c,ut_pytest,,en,validation,ok,,PROMPT_FIX_ENTRY_POINT,0,0,0.5,"measured_pass_at_k(n=2,k=8)",
kodcode-5ed41a19308a,ut_pytest,,en,train,ok,,HARD_BUT_PARTIAL_SIGNAL;PROMPT_FIX_ENTRY_POINT,0,0,0.25,"measured_pass_at_k(n=2,k=8)",0.0
kodcode-87ef4c0eedbd,ut_pytest,,en,excluded,excluded,TOO_EASY,PROMPT_FIX_ENTRY_POINT,0,0,0.75,"measured_pass_at_k(n=2,k=8)",1.0
kodcode-5370b6841d9d,ut_pytest,,en,excluded,excluded,TOO_EASY,PROMPT_FIX_ENTRY_POINT,0,0,0.5,"measured_pass_at_k(n=2,k=8)",1.0
kodcode-ae8b5caf1b27,ut_pytest,,en,train,ok,,PROMPT_FIX_ENTRY_POINT,0,0,0.5,"measured_pass_at_k(n=2,k=16)",0.875
opencodeinstruct-6a7c5d520769,ut_function,,en,excluded,excluded,TOO_EASY,PROMPT_FIX_ENTRY_POINT,0,0,0.25,"measured_pass_at_k(n=2,k=8)",1.0
kodcode-ef9125bfb41a,ut_pytest,,en,excluded,excluded,TOO_EASY,PROMPT_FIX_ENTRY_POINT,0,0,0.25,"measured_pass_at_k(n=2,k=8)",1.0
kodcode-e310393a76a4,ut_pytest,,en,excluded,excluded,TOO_HARD,PROMPT_FIX_ENTRY_POINT,0,0,0.75,"measured_pass_at_k(n=2,k=8)",0.0
opencodeinstruct-eb7df01fa0b3,ut_function,,en,excluded,excluded,TOO_EASY,PROMPT_FIX_ENTRY_POINT,0,0,0.25,"measured_pass_at_k(n=2,k=8)",1.0
kodcode-de4fdd59d4d1,ut_pytest,,en,excluded,excluded,TOO_EASY,PROMPT_FIX_ENTRY_POINT,0,0,0.25,"measured_pass_at_k(n=2,k=8)",1.0
kodcode-2912885e10dc,ut_pytest,,en,excluded,excluded,TOO_EASY,PROMPT_FIX_ENTRY_POINT,0,0,0.5,"measured_pass_at_k(n=2,k=8)",1.0
kodcode-45e1068eb290,ut_pytest,,en,train,ok,,PROMPT_FIX_ENTRY_POINT,0,0,0.75,"measured_pass_at_k(n=2,k=8)",0.375
kodcode-ba4dfea3a284,ut_pytest,,en,test,ok,,PROMPT_FIX_ENTRY_POINT,0,0,0.25,"measured_pass_at_k(n=2,k=8)",
kodcode-05c793cb413c,ut_pytest,,en,excluded,excluded,TOO_EASY,PROMPT_FIX_ENTRY_POINT,0,0,0.625,"measured_pass_at_k(n=2,k=16)",1.0
kodcode-2c2256b5b985,ut_pytest,,en,train,ok,,PROMPT_FIX_ENTRY_POINT,0,0,0.5,"measured_pass_at_k(n=2,k=8)",0.5
kodcode-4bbaa967b467,ut_pytest,,en,excluded,excluded,TOO_HARD,PROMPT_FIX_ENTRY_POINT,0,0,0.5,"measured_pass_at_k(n=2,k=8)",0.0
kodcode-f704bcfcae15,ut_pytest,,en,excluded,excluded,TOO_EASY,PROMPT_FIX_ENTRY_POINT,0,0,0.5,"measured_pass_at_k(n=2,k=8)",1.0
kodcode-e32b9e59a9c3,ut_pytest,,en,validation,ok,,PROMPT_FIX_ENTRY_POINT,0,0,0.25,"measured_pass_at_k(n=2,k=8)",
kodcode-3643f611f234,ut_pytest,,en,test,ok,,PROMPT_FIX_ENTRY_POINT,0,0,0.5,"measured_pass_at_k(n=2,k=8)",
kodcode-7f85098c11d2,ut_pytest,,en,excluded,excluded,TOO_EASY,PROMPT_FIX_ENTRY_POINT,0,0,0.25,"measured_pass_at_k(n=2,k=8)",1.0
kodcode-1da584e6120b,ut_pytest,,en,test,ok,,PROMPT_FIX_ENTRY_POINT,0,0,0.5,"measured_pass_at_k(n=2,k=8)",
kodcode-65e70bc32f13,ut_pytest,,en,test,ok,,PROMPT_FIX_ENTRY_POINT,0,0,0.5,"measured_pass_at_k(n=2,k=8)",
kodcode-8f8d0e3a09da,ut_pytest,,en,excluded,excluded,TOO_EASY,PROMPT_FIX_ENTRY_POINT,0,0,0.5,"measured_pass_at_k(n=2,k=8)",1.0
kodcode-7321985e44ae,ut_pytest,,en,train,ok,,PROMPT_FIX_ENTRY_POINT,0,0,0.25,"measured_pass_at_k(n=2,k=8)",0.5
kodcode-c0b641fee50f,ut_pytest,,en,excluded,excluded,TOO_EASY,PROMPT_FIX_ENTRY_POINT,0,0,0.25,"measured_pass_at_k(n=2,k=8)",1.0
opencodeinstruct-3c1906a8da92,ut_function,,en,excluded,excluded,TOO_EASY,PROMPT_FIX_ENTRY_POINT,0,0,0.25,"measured_pass_at_k(n=2,k=8)",1.0
opencodeinstruct-0bb790ef6045,ut_function,,en,excluded,excluded,TOO_EASY,PROMPT_FIX_ENTRY_POINT,0,0,0.375,"measured_pass_at_k(n=2,k=16)",1.0
ko-native-673423547019,ut_function,,ko,train,ok,,PROMPT_FIX_ENTRY_POINT,0,0,0.25,"measured_pass_at_k(n=1,k=4)",0.75
rstar-4f72b5898525,ut_stdio,,en,excluded,excluded,TOO_EASY,no_reference_solution,0,0,0.25,"measured_pass_at_k(n=2,k=8)",1.0
rstar-d0b942e55ae8,ut_stdio,,en,validation,ok,,no_reference_solution,0,0,0.5,"measured_pass_at_k(n=2,k=8)",
rstar-848a88783cb6,ut_stdio,,en,validation,ok,,no_reference_solution,0,0,0.25,"measured_pass_at_k(n=2,k=8)",
rstar-499f55a048da,ut_stdio,,en,test,ok,,no_reference_solution,0,0,0.25,"measured_pass_at_k(n=2,k=8)",
rstar-b93f4b871e8f,ut_stdio,,en,excluded,excluded,TOO_EASY,no_reference_solution,0,0,0.5,"measured_pass_at_k(n=2,k=8)",1.0
rstar-760d203a8f4b,ut_stdio,,en,excluded,excluded,TOO_EASY,no_reference_solution,0,0,0.5,"measured_pass_at_k(n=2,k=8)",1.0
rstar-f0fedad107c1,ut_stdio,,en,excluded,excluded,TOO_EASY,no_reference_solution,0,0,0.5,"measured_pass_at_k(n=2,k=8)",1.0
rstar-55b7ea467dcc,ut_stdio,,en,excluded,excluded,TOO_EASY,no_reference_solution,0,0,0.5,"measured_pass_at_k(n=2,k=8)",1.0
rstar-887857348305,ut_stdio,,en,excluded,excluded,TOO_EASY,no_reference_solution,0,0,0.75,"measured_pass_at_k(n=2,k=8)",1.0
rstar-7ebcd54bd8f4,ut_stdio,,en,excluded,excluded,TOO_HARD,no_reference_solution,0,0,0.25,"measured_pass_at_k(n=2,k=8)",0.0
rstar-ba7a81b2072f,ut_stdio,,en,train,ok,,no_reference_solution,0,0,0.25,"measured_pass_at_k(n=2,k=8)",0.75
rstar-9263eae33d3b,ut_stdio,,en,excluded,excluded,TOO_EASY,no_reference_solution,0,0,0.5,"measured_pass_at_k(n=2,k=8)",1.0
rstar-3ca45975c6b0,ut_stdio,,en,excluded,excluded,TOO_EASY,no_reference_solution,0,0,0.5,"measured_pass_at_k(n=2,k=8)",1.0
rstar-7cad684fc50f,ut_stdio,,en,excluded,excluded,TOO_EASY,no_reference_solution,0,0,0.25,"measured_pass_at_k(n=2,k=8)",1.0
rstar-4b4a903f772e,ut_stdio,,en,excluded,excluded,TOO_EASY,no_reference_solution,0,0,0.5,"measured_pass_at_k(n=2,k=8)",1.0
rstar-8784cce0be8d,ut_stdio,,en,excluded,excluded,TOO_EASY,no_reference_solution,0,0,0.75,"measured_pass_at_k(n=2,k=8)",1.0
rstar-cb05e6fa861e,ut_stdio,,en,excluded,excluded,TOO_EASY,no_reference_solution,0,0,0.5,"measured_pass_at_k(n=2,k=8)",1.0
rstar-2ef5d14b45cd,ut_stdio,,en,train,ok,,no_reference_solution,0,0,0.25,"measured_pass_at_k(n=2,k=8)",0.375
rstar-925d8289545f,ut_stdio,,en,validation,ok,,no_reference_solution,0,0,0.5,"measured_pass_at_k(n=2,k=8)",
rstar-c82d9ea41e49,ut_stdio,,en,train,ok,,no_reference_solution;HARD_BUT_PARTIAL_SIGNAL,0,0,0.25,"measured_pass_at_k(n=2,k=8)",0.0
rstar-8d16dbf995de,ut_stdio,,en,excluded,excluded,TOO_EASY,no_reference_solution,0,0,0.25,"measured_pass_at_k(n=2,k=8)",1.0
rstar-c51f81242664,ut_stdio,,en,excluded,excluded,TOO_EASY,no_reference_solution,0,0,0.5,"measured_pass_at_k(n=2,k=8)",1.0
rstar-d308ef7ae00b,ut_stdio,,en,excluded,excluded,TOO_EASY,no_reference_solution,0,0,0.5,"measured_pass_at_k(n=2,k=8)",1.0
rstar-31b447daa487,ut_stdio,,en,excluded,excluded,TOO_EASY,no_reference_solution,0,0,0.5,"measured_pass_at_k(n=2,k=8)",1.0
rstar-a52a632287a3,ut_stdio,,en,excluded,excluded,TOO_EASY,no_reference_solution,0,0,0.5,"measured_pass_at_k(n=2,k=8)",1.0
rstar-6ead8100e972,ut_stdio,,en,excluded,excluded,TOO_HARD,no_reference_solution,0,0,0.5,"measured_pass_at_k(n=2,k=8)",0.0
rstar-575376ad5928,ut_stdio,,en,train,ok,,no_reference_solution,0,0,0.5,"measured_pass_at_k(n=2,k=8)",0.125
rstar-233766dffa37,ut_stdio,,en,excluded,excluded,TOO_EASY,no_reference_solution,0,0,0.25,"measured_pass_at_k(n=2,k=8)",1.0
rstar-8c58a9d8dd06,ut_stdio,,en,excluded,excluded,TOO_EASY,no_reference_solution,0,0,0.25,"measured_pass_at_k(n=2,k=8)",1.0
rstar-1e53f52c4525,ut_stdio,,en,excluded,excluded,TOO_EASY,no_reference_solution,0,0,0.75,"measured_pass_at_k(n=2,k=8)",1.0
rstar-2bf4d7c7b3d2,ut_stdio,,en,excluded,excluded,TOO_EASY,no_reference_solution,0,0,0.5,"measured_pass_at_k(n=2,k=8)",1.0
rstar-31950c17b350,ut_stdio,,en,excluded,excluded,TOO_EASY,no_reference_solution,0,0,0.25,"measured_pass_at_k(n=2,k=8)",1.0
rstar-c0e9a209f2f1,ut_stdio,,en,excluded,excluded,TOO_EASY,no_reference_solution,0,0,0.25,"measured_pass_at_k(n=2,k=16)",1.0
opencodeinstruct-8ca51138caba,ut_function,,en,train,ok,,PROMPT_FIX_ENTRY_POINT,0,0,0.5,"measured_pass_at_k(n=2,k=8)",0.25
opencodeinstruct-7def4fa5e39e,ut_function,,en,excluded,excluded,TOO_EASY,PROMPT_FIX_ENTRY_POINT,0,0,0.5,"measured_pass_at_k(n=2,k=8)",1.0
opencodeinstruct-0495d22df9b8,ut_function,,en,validation,ok,,PROMPT_FIX_ENTRY_POINT,0,0,0.25,"measured_pass_at_k(n=2,k=8)",
opencodeinstruct-c71d2f214d0f,ut_function,,en,excluded,excluded,TOO_EASY,PROMPT_FIX_ENTRY_POINT,0,0,0.75,"measured_pass_at_k(n=2,k=8)",1.0
opencodeinstruct-a2804a661576,ut_function,,en,excluded,excluded,TOO_EASY,PROMPT_FIX_ENTRY_POINT,0,0,0.25,"measured_pass_at_k(n=2,k=16)",1.0
opencodeinstruct-df672e7a43e9,ut_function,,en,train,ok,,PROMPT_FIX_ENTRY_POINT,0,0,0.5,"measured_pass_at_k(n=2,k=8)",0.5
opencodeinstruct-544bdf544c6e,ut_function,,en,train,ok,,PROMPT_FIX_ENTRY_POINT,0,0,0.75,"measured_pass_at_k(n=2,k=8)",0.5
opencodeinstruct-aa794a95b459,ut_function,,en,test,ok,,PROMPT_FIX_ENTRY_POINT,0,0,0.25,"measured_pass_at_k(n=2,k=16)",
opencodeinstruct-9635d0a43591,ut_function,,en,excluded,excluded,TOO_EASY,PROMPT_FIX_ENTRY_POINT,0,0,0.5,"measured_pass_at_k(n=2,k=8)",1.0
opencodeinstruct-72595e80639a,ut_function,,en,excluded,excluded,TOO_EASY,PROMPT_FIX_ENTRY_POINT,0,0,0.25,"measured_pass_at_k(n=2,k=8)",1.0
opencodeinstruct-ec636d9df4ed,ut_function,,en,excluded,excluded,TOO_EASY,PROMPT_FIX_ENTRY_POINT,0,0,0.5,"measured_pass_at_k(n=2,k=8)",1.0
opencodeinstruct-aeeec54f944e,ut_function,,en,excluded,excluded,TOO_EASY,PROMPT_FIX_ENTRY_POINT,0,0,0.25,"measured_pass_at_k(n=2,k=8)",1.0
opencodeinstruct-e03bfe067450,ut_function,,en,excluded,excluded,TOO_EASY,PROMPT_FIX_ENTRY_POINT,0,0,0.25,"measured_pass_at_k(n=2,k=8)",1.0
opencodeinstruct-359e68d126ea,ut_function,,en,excluded,excluded,TOO_EASY,PROMPT_FIX_ENTRY_POINT,0,0,0.25,"measured_pass_at_k(n=2,k=8)",1.0
opencodeinstruct-9cbb017dec63,ut_function,,en,excluded,excluded,TOO_EASY,PROMPT_FIX_ENTRY_POINT,0,0,0.75,"measured_pass_at_k(n=2,k=8)",1.0
opencodeinstruct-cfb60cffc216,ut_function,,en,train,ok,,PROMPT_FIX_ENTRY_POINT,0,0,0.25,"measured_pass_at_k(n=2,k=8)",0.375
opencodeinstruct-4072c8f4c122,ut_function,,en,excluded,excluded,TOO_EASY,PROMPT_FIX_ENTRY_POINT,0,0,0.5,"measured_pass_at_k(n=2,k=8)",1.0
opencodeinstruct-5b12b4aefe8a,ut_function,,en,excluded,excluded,TOO_EASY,PROMPT_FIX_ENTRY_POINT,0,0,0.5,"measured_pass_at_k(n=2,k=8)",1.0
opencodeinstruct-b1c6d7287ae7,ut_function,,en,test,ok,,PROMPT_FIX_ENTRY_POINT,0,0,0.75,"measured_pass_at_k(n=2,k=8)",
opencodeinstruct-2d3c82183f4e,ut_function,,en,excluded,excluded,TOO_EASY,PROMPT_FIX_ENTRY_POINT,0,0,0.75,"measured_pass_at_k(n=2,k=8)",1.0
opencodeinstruct-f64efefd7665,ut_function,,en,train,ok,,PROMPT_FIX_ENTRY_POINT,0,0,0.5,"measured_pass_at_k(n=2,k=8)",0.5
opencodeinstruct-dee5dcd38192,ut_function,,en,excluded,excluded,TOO_EASY,PROMPT_FIX_ENTRY_POINT,0,0,0.5,"measured_pass_at_k(n=2,k=8)",1.0
opencodeinstruct-8ac3ad42b4e9,ut_function,,en,excluded,excluded,TOO_EASY,PROMPT_FIX_ENTRY_POINT,0,0,0.5,"measured_pass_at_k(n=2,k=8)",1.0
opencodeinstruct-01131cfda8bf,ut_function,,en,excluded,excluded,TOO_EASY,PROMPT_FIX_ENTRY_POINT,0,0,0.75,"measured_pass_at_k(n=2,k=8)",1.0
opencodeinstruct-d32ad028ec0d,ut_function,,en,excluded,excluded,TOO_EASY,PROMPT_FIX_ENTRY_POINT,0,0,0.25,"measured_pass_at_k(n=2,k=8)",1.0
opencodeinstruct-838f7f92285a,ut_function,,en,excluded,excluded,TOO_HARD,PROMPT_FIX_ENTRY_POINT,0,0,0.25,"measured_pass_at_k(n=2,k=16)",0.0
opencodeinstruct-2ac245a52991,ut_function,,en,excluded,excluded,TOO_EASY,PROMPT_FIX_ENTRY_POINT,0,0,0.5,"measured_pass_at_k(n=2,k=8)",1.0
opencodeinstruct-df0e9bcc768e,ut_function,,en,train,ok,,PROMPT_FIX_ENTRY_POINT,0,0,0.5,"measured_pass_at_k(n=2,k=8)",0.875
opencodeinstruct-809cbec4faf7,ut_function,,en,excluded,excluded,TOO_EASY,PROMPT_FIX_ENTRY_POINT,0,0,0.5,"measured_pass_at_k(n=2,k=8)",1.0
opencodeinstruct-6a063bf3b7b0,ut_function,,en,excluded,excluded,TOO_EASY,PROMPT_FIX_ENTRY_POINT,0,0,0.5,"measured_pass_at_k(n=2,k=8)",1.0
opencodeinstruct-64b66bad1955,ut_function,,en,excluded,excluded,TOO_EASY,PROMPT_FIX_ENTRY_POINT,0,0,0.25,"measured_pass_at_k(n=2,k=8)",1.0
opencodeinstruct-02c4acef6da5,ut_function,,en,excluded,excluded,TOO_EASY,PROMPT_FIX_ENTRY_POINT,0,0,0.375,"measured_pass_at_k(n=2,k=16)",1.0
opencodeinstruct-3e5575847745,ut_function,,en,excluded,excluded,TOO_EASY,PROMPT_FIX_ENTRY_POINT,0,0,0.5,"measured_pass_at_k(n=2,k=8)",1.0
opencodeinstruct-604bc69ced35,ut_function,,en,train,ok,,PROMPT_FIX_ENTRY_POINT,0,0,0.375,"measured_pass_at_k(n=2,k=16)",0.125
opencodeinstruct-cc4245886cf1,ut_function,,en,excluded,excluded,TOO_EASY,PROMPT_FIX_ENTRY_POINT,0,0,0.25,"measured_pass_at_k(n=2,k=16)",1.0
opencodeinstruct-5b2a49440f26,ut_function,,en,excluded,excluded,TOO_EASY,PROMPT_FIX_ENTRY_POINT,0,0,0.25,"measured_pass_at_k(n=2,k=8)",1.0
opencodeinstruct-5536b437310b,ut_function,,en,excluded,excluded,TOO_EASY,PROMPT_FIX_ENTRY_POINT,0,0,0.75,"measured_pass_at_k(n=2,k=8)",1.0
opencodeinstruct-90f8e632946d,ut_function,,en,excluded,excluded,TOO_EASY,PROMPT_FIX_ENTRY_POINT,0,0,0.25,"measured_pass_at_k(n=2,k=16)",1.0
opencodeinstruct-b8dec4c4fddd,ut_function,,en,train,ok,,,0,0,0.25,"measured_pass_at_k(n=2,k=8)",0.875
opencodeinstruct-67301feedc10,ut_function,,en,test,ok,,PROMPT_FIX_ENTRY_POINT,0,0,0.75,"measured_pass_at_k(n=2,k=16)",
opencodeinstruct-bcc7559f5374,ut_function,,en,test,ok,,PROMPT_FIX_ENTRY_POINT,0,0,0.5,"measured_pass_at_k(n=2,k=8)",
opencodeinstruct-3fc756c56459,ut_function,,en,excluded,excluded,TOO_EASY,PROMPT_FIX_ENTRY_POINT,0,0,0.5,"measured_pass_at_k(n=2,k=8)",1.0
opencodeinstruct-03a684c0821d,ut_function,,en,excluded,excluded,TOO_EASY,PROMPT_FIX_ENTRY_POINT,0,0,0.25,"measured_pass_at_k(n=2,k=8)",1.0
opencodeinstruct-b35573513966,ut_function,,en,excluded,excluded,TOO_EASY,PROMPT_FIX_ENTRY_POINT,0,0,0.5,"measured_pass_at_k(n=2,k=8)",1.0
kodcode-025bf128955d,ut_pytest,,en,validation,ok,,PROMPT_FIX_ENTRY_POINT,0,0,0.25,"measured_pass_at_k(n=2,k=8)",
kodcode-c2a0b12b3c4c,ut_pytest,,en,excluded,excluded,TOO_EASY,PROMPT_FIX_ENTRY_POINT,0,0,0.25,"measured_pass_at_k(n=2,k=8)",1.0
kodcode-ad628f239b0a,ut_pytest,,en,excluded,excluded,TOO_HARD,PROMPT_FIX_ENTRY_POINT,0,0,0.75,"measured_pass_at_k(n=2,k=8)",0.0
kodcode-09d6e59a5403,ut_pytest,,en,train,ok,,PROMPT_FIX_ENTRY_POINT,0,0,0.5,"measured_pass_at_k(n=2,k=8)",0.625
kodcode-b3652fb833c3,ut_pytest,,en,excluded,excluded,TOO_HARD,PROMPT_FIX_ENTRY_POINT,0,0,0.25,"measured_pass_at_k(n=2,k=8)",0.0
kodcode-bf1203e9c603,ut_pytest,,en,excluded,excluded,TOO_EASY,PROMPT_FIX_ENTRY_POINT,0,0,0.5,"measured_pass_at_k(n=2,k=8)",1.0
kodcode-db46d0954125,ut_pytest,,en,train,ok,,PROMPT_FIX_ENTRY_POINT,0,0,0.375,"measured_pass_at_k(n=2,k=16)",0.875
kodcode-ad3fe697f13b,ut_pytest,,en,train,ok,,HARD_BUT_PARTIAL_SIGNAL;PROMPT_FIX_ENTRY_POINT,0,0,0.5,"measured_pass_at_k(n=2,k=8)",0.0
kodcode-854178b2ca79,ut_pytest,,en,excluded,excluded,TOO_EASY,PROMPT_FIX_ENTRY_POINT,0,0,0.75,"measured_pass_at_k(n=2,k=8)",1.0
opencodeinstruct-1a9218e855b0,ut_function,,en,train,ok,,PROMPT_FIX_ENTRY_POINT,0,0,0.5,"measured_pass_at_k(n=2,k=8)",0.875
kodcode-89c78d97b3d9,ut_pytest,,en,excluded,excluded,TOO_EASY,PROMPT_FIX_ENTRY_POINT,0,0,0.5,"measured_pass_at_k(n=2,k=8)",1.0
opencodeinstruct-820e80ee7a99,ut_function,,en,excluded,excluded,TOO_EASY,PROMPT_FIX_ENTRY_POINT,0,0,0.5,"measured_pass_at_k(n=2,k=8)",1.0
kodcode-22761369bb0d,ut_pytest,,en,excluded,excluded,TOO_HARD,PROMPT_FIX_ENTRY_POINT,0,0,0.75,"measured_pass_at_k(n=2,k=8)",0.0
kodcode-906cf1a841da,ut_pytest,,en,train,ok,,PROMPT_FIX_ENTRY_POINT,0,0,0.25,"measured_pass_at_k(n=2,k=8)",0.375
kodcode-e97b199eef33,ut_pytest,,en,excluded,excluded,TOO_EASY,PROMPT_FIX_ENTRY_POINT,0,0,0.25,"measured_pass_at_k(n=2,k=8)",1.0
kodcode-2f9efefc632a,ut_pytest,,en,test,ok,,PROMPT_FIX_ENTRY_POINT,0,0,0.25,"measured_pass_at_k(n=2,k=8)",
kodcode-1ce816accff4,ut_pytest,,en,test,ok,,PROMPT_FIX_ENTRY_POINT,0,0,0.25,"measured_pass_at_k(n=2,k=8)",
kodcode-83ba3712ceab,ut_pytest,,en,train,ok,,PROMPT_FIX_ENTRY_POINT,0,0,0.5,"measured_pass_at_k(n=2,k=8)",0.125
kodcode-500b72d19b61,ut_pytest,,en,test,ok,,PROMPT_FIX_ENTRY_POINT,0,0,0.75,"measured_pass_at_k(n=2,k=8)",
kodcode-cd6ee0658603,ut_pytest,,en,test,ok,,PROMPT_FIX_ENTRY_POINT,0,0,0.25,"measured_pass_at_k(n=2,k=8)",
kodcode-8d01e31ef952,ut_pytest,,en,test,ok,,PROMPT_FIX_ENTRY_POINT,0,0,0.5,"measured_pass_at_k(n=2,k=8)",
kodcode-2420517d75f2,ut_pytest,,en,train,ok,,PROMPT_FIX_ENTRY_POINT,0,0,0.5,"measured_pass_at_k(n=2,k=8)",0.75
kodcode-241e03882716,ut_pytest,,en,excluded,excluded,TOO_EASY,PROMPT_FIX_ENTRY_POINT,0,0,0.25,"measured_pass_at_k(n=2,k=8)",1.0
kodcode-cd4cef75cdb4,ut_pytest,,en,validation,ok,,PROMPT_FIX_ENTRY_POINT,0,0,0.5,"measured_pass_at_k(n=2,k=8)",
kodcode-8efdfc56556a,ut_pytest,,en,excluded,excluded,TOO_HARD,PROMPT_FIX_ENTRY_POINT,0,0,0.25,"measured_pass_at_k(n=2,k=8)",0.0
kodcode-a9c16da69f1e,ut_pytest,,en,excluded,excluded,TOO_HARD,PROMPT_FIX_ENTRY_POINT,0,0,0.25,"measured_pass_at_k(n=2,k=8)",0.0
kodcode-865d4da6c176,ut_pytest,,en,train,ok,,PROMPT_FIX_ENTRY_POINT,0,0,0.25,"measured_pass_at_k(n=2,k=8)",0.5
kodcode-8df48f0f08fd,ut_pytest,,en,test,ok,,PROMPT_FIX_ENTRY_POINT,0,0,0.5,"measured_pass_at_k(n=2,k=8)",
kodcode-b143b83cf5dd,ut_pytest,,en,excluded,excluded,TOO_EASY,PROMPT_FIX_ENTRY_POINT,0,0,0.5,"measured_pass_at_k(n=2,k=8)",1.0
kodcode-acb2c3939219,ut_pytest,,en,validation,ok,,PROMPT_FIX_ENTRY_POINT,0,0,0.25,"measured_pass_at_k(n=2,k=8)",
kodcode-67b2249d5d2b,ut_pytest,,en,test,ok,,PROMPT_FIX_ENTRY_POINT,0,0,0.25,"measured_pass_at_k(n=2,k=8)",
kodcode-2a3ef6b0f85f,ut_pytest,,en,excluded,excluded,TOO_EASY,PROMPT_FIX_ENTRY_POINT,0,0,0.25,"measured_pass_at_k(n=2,k=8)",1.0
kodcode-c5d2f779d095,ut_pytest,,en,excluded,excluded,TOO_EASY,PROMPT_FIX_ENTRY_POINT,0,0,0.25,"measured_pass_at_k(n=2,k=16)",1.0
kodcode-7a4ef91c47e0,ut_pytest,,en,train,ok,,PROMPT_FIX_ENTRY_POINT,0,0,0.25,"measured_pass_at_k(n=2,k=8)",0.75
kodcode-c00483999fa0,ut_pytest,,en,excluded,excluded,TOO_EASY,PROMPT_FIX_ENTRY_POINT,0,0,0.75,"measured_pass_at_k(n=2,k=8)",1.0
ko-native-1b3c453397c8,ut_function,,ko,excluded,excluded,TOO_EASY,PROMPT_FIX_ENTRY_POINT,0,0,0.75,"measured_pass_at_k(n=1,k=4)",1.0
ko-native-e1029964e1d2,ut_function,,ko,excluded,excluded,TOO_EASY,PROMPT_FIX_ENTRY_POINT,0,0,0.5,"measured_pass_at_k(n=1,k=4)",1.0
ko-native-e5f16548bf72,ut_function,,ko,train,ok,,PROMPT_FIX_ENTRY_POINT,0,0,0.25,"measured_pass_at_k(n=1,k=8)",0.25
rstar-11df6af9cdd8,ut_stdio,,en,excluded,excluded,TOO_EASY,no_reference_solution,0,0,0.5,"measured_pass_at_k(n=2,k=8)",1.0
rstar-d7bcddeabfa0,ut_stdio,,en,excluded,excluded,TOO_EASY,no_reference_solution,0,0,0.5,"measured_pass_at_k(n=2,k=8)",1.0
rstar-affdb3e93219,ut_stdio,,en,excluded,excluded,TOO_HARD,no_reference_solution,0,0,0.375,"measured_pass_at_k(n=2,k=16)",0.0
rstar-65337372bb0d,ut_stdio,,en,excluded,excluded,TOO_EASY,no_reference_solution,0,0,0.75,"measured_pass_at_k(n=2,k=8)",1.0
rstar-ec2ab0c12821,ut_stdio,,en,train,ok,,no_reference_solution;HARD_BUT_PARTIAL_SIGNAL,0,0,0.25,"measured_pass_at_k(n=2,k=8)",0.0
rstar-6f841351706b,ut_stdio,,en,excluded,excluded,TOO_EASY,no_reference_solution,0,0,0.75,"measured_pass_at_k(n=2,k=8)",1.0
rstar-e4eaa4fb3316,ut_stdio,,en,train,ok,,no_reference_solution,0,0,0.75,"measured_pass_at_k(n=2,k=8)",0.5
rstar-a5f4019f553e,ut_stdio,,en,excluded,excluded,TOO_EASY,no_reference_solution,0,0,0.25,"measured_pass_at_k(n=2,k=8)",1.0
rstar-5e54cd478d7e,ut_stdio,,en,excluded,excluded,TOO_EASY,no_reference_solution,0,0,0.5,"measured_pass_at_k(n=2,k=8)",1.0
rstar-c2002ce77273,ut_stdio,,en,excluded,excluded,TOO_HARD,no_reference_solution,0,0,0.75,"measured_pass_at_k(n=2,k=8)",0.0
rstar-a68f6910bc2d,ut_stdio,,en,test,ok,,no_reference_solution,0,0,0.5,"measured_pass_at_k(n=2,k=8)",
rstar-6ed6d1d8a178,ut_stdio,,en,test,ok,,no_reference_solution,0,0,0.25,"measured_pass_at_k(n=2,k=16)",
rstar-2aa9d4ba970d,ut_stdio,,en,excluded,excluded,TOO_HARD,no_reference_solution,0,0,0.75,"measured_pass_at_k(n=2,k=8)",0.0
rstar-5ec69121916b,ut_stdio,,en,train,ok,,no_reference_solution,0,0,0.25,"measured_pass_at_k(n=2,k=8)",0.75
rstar-2513bfac3409,ut_stdio,,en,excluded,excluded,TOO_EASY,no_reference_solution,0,0,0.25,"measured_pass_at_k(n=2,k=8)",1.0
rstar-e22ac554cbd3,ut_stdio,,en,excluded,excluded,TOO_HARD,no_reference_solution,0,0,0.75,"measured_pass_at_k(n=2,k=8)",0.0
rstar-ae035912cd4b,ut_stdio,,en,excluded,excluded,TOO_HARD,no_reference_solution,0,0,0.5,"measured_pass_at_k(n=2,k=8)",0.0
opencodeinstruct-81093b9c447d,ut_function,,en,excluded,excluded,TOO_EASY,PROMPT_FIX_ENTRY_POINT,0,0,0.75,"measured_pass_at_k(n=2,k=8)",1.0
opencodeinstruct-148e5c7151a5,ut_function,,en,excluded,excluded,TOO_HARD,PROMPT_FIX_ENTRY_POINT,0,0,0.25,"measured_pass_at_k(n=2,k=8)",0.0
opencodeinstruct-904f06af414f,ut_function,,en,test,ok,,PROMPT_FIX_ENTRY_POINT,0,0,0.5,"measured_pass_at_k(n=2,k=8)",
opencodeinstruct-2b03969bacd7,ut_function,,en,excluded,excluded,TOO_EASY,PROMPT_FIX_ENTRY_POINT,0,0,0.75,"measured_pass_at_k(n=2,k=8)",1.0
opencodeinstruct-849d38cda407,ut_function,,en,train,ok,,,0,0,0.5,"measured_pass_at_k(n=2,k=8)",0.125
opencodeinstruct-9a8859bcda13,ut_function,,en,test,ok,,PROMPT_FIX_ENTRY_POINT,0,0,0.5,"measured_pass_at_k(n=2,k=8)",
opencodeinstruct-df03de231bb0,ut_function,,en,excluded,excluded,TOO_EASY,PROMPT_FIX_ENTRY_POINT,0,0,0.25,"measured_pass_at_k(n=2,k=16)",1.0
opencodeinstruct-b0c8774e09f6,ut_function,,en,excluded,excluded,TOO_EASY,PROMPT_FIX_ENTRY_POINT,0,0,0.5,"measured_pass_at_k(n=2,k=8)",1.0
opencodeinstruct-8acca0cb8d13,ut_function,,en,train,ok,,PROMPT_FIX_ENTRY_POINT,0,0,0.25,"measured_pass_at_k(n=2,k=16)",0.375
opencodeinstruct-52b3ede401dc,ut_function,,en,test,ok,,PROMPT_FIX_ENTRY_POINT,0,0,0.25,"measured_pass_at_k(n=2,k=8)",
opencodeinstruct-d448935e921a,ut_function,,en,test,ok,,PROMPT_FIX_ENTRY_POINT,0,0,0.25,"measured_pass_at_k(n=2,k=8)",
opencodeinstruct-16fdad239bde,ut_function,,en,excluded,excluded,TOO_EASY,PROMPT_FIX_ENTRY_POINT,0,0,0.5,"measured_pass_at_k(n=2,k=8)",1.0
opencodeinstruct-64466b5ce09d,ut_function,,en,train,ok,,PROMPT_FIX_ENTRY_POINT,0,0,0.5,"measured_pass_at_k(n=2,k=8)",0.375
opencodeinstruct-05e08f387d69,ut_function,,en,excluded,excluded,TOO_EASY,PROMPT_FIX_ENTRY_POINT,0,0,0.5,"measured_pass_at_k(n=2,k=8)",1.0
opencodeinstruct-0ebc2e4da555,ut_function,,en,validation,ok,,PROMPT_FIX_ENTRY_POINT,0,0,0.25,"measured_pass_at_k(n=2,k=8)",
opencodeinstruct-ae2a6aaaa0f4,ut_function,,en,excluded,excluded,TOO_EASY,PROMPT_FIX_ENTRY_POINT,0,0,0.75,"measured_pass_at_k(n=2,k=8)",1.0
opencodeinstruct-4d6eeae2cd4b,ut_function,,en,train,ok,,PROMPT_FIX_ENTRY_POINT,0,0,0.25,"measured_pass_at_k(n=2,k=8)",0.5
opencodeinstruct-6635923bd87c,ut_function,,en,excluded,excluded,TOO_EASY,PROMPT_FIX_ENTRY_POINT,0,0,0.5,"measured_pass_at_k(n=2,k=8)",1.0
opencodeinstruct-a21b19c92b37,ut_function,,en,train,ok,,PROMPT_FIX_ENTRY_POINT,0,0,0.5,"measured_pass_at_k(n=2,k=8)",0.625
opencodeinstruct-778858d6c6b1,ut_function,,en,excluded,excluded,TOO_EASY,PROMPT_FIX_ENTRY_POINT,0,0,0.75,"measured_pass_at_k(n=2,k=8)",1.0
opencodeinstruct-a90dee220df8,ut_function,,en,excluded,excluded,TOO_EASY,PROMPT_FIX_ENTRY_POINT,0,0,0.5,"measured_pass_at_k(n=2,k=8)",1.0
opencodeinstruct-1e4f075c8fdd,ut_function,,en,validation,ok,,PROMPT_FIX_ENTRY_POINT,0,0,0.5,"measured_pass_at_k(n=2,k=8)",
opencodeinstruct-503ae6e66dcc,ut_function,,en,excluded,excluded,TOO_EASY,PROMPT_FIX_ENTRY_POINT,0,0,0.25,"measured_pass_at_k(n=2,k=8)",1.0
opencodeinstruct-e066b9426390,ut_function,,en,excluded,excluded,TOO_HARD,PROMPT_FIX_ENTRY_POINT,0,0,0.25,"measured_pass_at_k(n=2,k=8)",0.0
opencodeinstruct-4d4cc950e1bc,ut_function,,en,excluded,excluded,TOO_EASY,PROMPT_FIX_ENTRY_POINT,0,0,0.25,"measured_pass_at_k(n=2,k=8)",1.0
opencodeinstruct-3bed81cfdd4b,ut_function,,en,excluded,excluded,TOO_EASY,PROMPT_FIX_ENTRY_POINT,0,0,0.375,"measured_pass_at_k(n=2,k=16)",1.0
opencodeinstruct-0cdd500b9994,ut_function,,en,excluded,excluded,TOO_EASY,PROMPT_FIX_ENTRY_POINT,0,0,0.25,"measured_pass_at_k(n=2,k=8)",1.0
opencodeinstruct-821a1c41859e,ut_function,,en,train,ok,,PROMPT_FIX_ENTRY_POINT,0,0,0.375,"measured_pass_at_k(n=2,k=16)",0.875
opencodeinstruct-8dc9ff32cd59,ut_function,,en,excluded,excluded,TOO_EASY,PROMPT_FIX_ENTRY_POINT,0,0,0.25,"measured_pass_at_k(n=2,k=8)",1.0
opencodeinstruct-5b746eb4da6a,ut_function,,en,excluded,excluded,TOO_EASY,PROMPT_FIX_ENTRY_POINT,0,0,0.25,"measured_pass_at_k(n=2,k=16)",1.0
kodcode-60ada964d5b9,ut_pytest,,en,excluded,excluded,TOO_EASY,PROMPT_FIX_ENTRY_POINT,0,0,0.75,"measured_pass_at_k(n=2,k=8)",1.0
kodcode-0f513446581e,ut_pytest,,en,excluded,excluded,TOO_EASY,PROMPT_FIX_ENTRY_POINT,0,0,0.5,"measured_pass_at_k(n=2,k=8)",1.0
kodcode-a247c0b2c165,ut_pytest,,en,excluded,excluded,TOO_EASY,PROMPT_FIX_ENTRY_POINT,0,0,0.75,"measured_pass_at_k(n=2,k=8)",1.0
kodcode-eddb611c8b70,ut_pytest,,en,train,ok,,PROMPT_FIX_ENTRY_POINT,0,0,0.25,"measured_pass_at_k(n=2,k=8)",0.375
kodcode-aa2cccadf651,ut_pytest,,en,excluded,excluded,TOO_EASY,PROMPT_FIX_ENTRY_POINT,0,0,0.75,"measured_pass_at_k(n=2,k=8)",1.0
kodcode-434dd49731a1,ut_pytest,,en,validation,ok,,PROMPT_FIX_ENTRY_POINT,0,0,0.25,"measured_pass_at_k(n=2,k=8)",
kodcode-80c458abd086,ut_pytest,,en,train,ok,,PROMPT_FIX_ENTRY_POINT,0,0,0.25,"measured_pass_at_k(n=2,k=8)",0.375
kodcode-7381211e0c35,ut_pytest,,en,excluded,excluded,TOO_EASY,PROMPT_FIX_ENTRY_POINT,0,0,0.5,"measured_pass_at_k(n=2,k=8)",1.0
kodcode-6824b2036190,ut_pytest,,en,excluded,excluded,TOO_EASY,PROMPT_FIX_ENTRY_POINT,0,0,0.75,"measured_pass_at_k(n=2,k=8)",1.0
kodcode-303b3322377e,ut_pytest,,en,excluded,excluded,TOO_EASY,PROMPT_FIX_ENTRY_POINT,0,0,0.25,"measured_pass_at_k(n=2,k=8)",1.0
kodcode-9f8c81ce918b,ut_pytest,,en,excluded,excluded,TOO_EASY,PROMPT_FIX_ENTRY_POINT,0,0,0.5,"measured_pass_at_k(n=2,k=8)",1.0
kodcode-ca2d2c2e2df5,ut_pytest,,en,train,ok,,PROMPT_FIX_ENTRY_POINT,0,0,0.5,"measured_pass_at_k(n=2,k=8)",0.75
kodcode-6c8cd2229896,ut_pytest,,en,excluded,excluded,TOO_HARD,PROMPT_FIX_ENTRY_POINT,0,0,0.375,"measured_pass_at_k(n=2,k=16)",0.0
kodcode-9d935f4df428,ut_pytest,,en,validation,ok,,PROMPT_FIX_ENTRY_POINT,0,0,0.25,"measured_pass_at_k(n=2,k=8)",
kodcode-2009ef06b645,ut_pytest,,en,excluded,excluded,TOO_EASY,PROMPT_FIX_ENTRY_POINT,0,0,0.75,"measured_pass_at_k(n=2,k=8)",1.0
kodcode-2361ef3a9b17,ut_pytest,,en,excluded,excluded,TOO_EASY,PROMPT_FIX_ENTRY_POINT,0,0,0.75,"measured_pass_at_k(n=2,k=8)",1.0
kodcode-e96ed3809179,ut_pytest,,en,train,ok,,PROMPT_FIX_ENTRY_POINT,0,0,0.25,"measured_pass_at_k(n=2,k=8)",0.75
kodcode-07fef54d4bb7,ut_pytest,,en,train,ok,,PROMPT_FIX_ENTRY_POINT,0,0,0.25,"measured_pass_at_k(n=2,k=16)",0.5
opencodeinstruct-3cb98fee76cc,ut_function,,en,excluded,excluded,TOO_EASY,PROMPT_FIX_ENTRY_POINT,0,0,0.25,"measured_pass_at_k(n=2,k=8)",1.0
kodcode-66f2c5a8b38c,ut_pytest,,en,test,ok,,PROMPT_FIX_ENTRY_POINT,0,0,0.375,"measured_pass_at_k(n=2,k=16)",
kodcode-adce858e2cb0,ut_pytest,,en,train,ok,,PROMPT_FIX_ENTRY_POINT,0,0,0.25,"measured_pass_at_k(n=2,k=8)",0.5
kodcode-84df57b8aef2,ut_pytest,,en,excluded,excluded,TOO_EASY,PROMPT_FIX_ENTRY_POINT,0,0,0.75,"measured_pass_at_k(n=2,k=8)",1.0
opencodeinstruct-ff00ee4d0a0d,ut_function,,en,test,ok,,PROMPT_FIX_ENTRY_POINT,0,0,0.5,"measured_pass_at_k(n=2,k=8)",
kodcode-aa6a1a33d28a,ut_pytest,,en,train,ok,,PROMPT_FIX_ENTRY_POINT,0,0,0.25,"measured_pass_at_k(n=2,k=8)",0.625
kodcode-450668d6661f,ut_pytest,,en,excluded,excluded,TOO_HARD,PROMPT_FIX_ENTRY_POINT,0,0,0.75,"measured_pass_at_k(n=2,k=8)",0.0
kodcode-7212f9cb5c7e,ut_pytest,,en,excluded,excluded,TOO_EASY,PROMPT_FIX_ENTRY_POINT,0,0,0.5,"measured_pass_at_k(n=2,k=8)",1.0
kodcode-3225405757ae,ut_pytest,,en,test,ok,,PROMPT_FIX_ENTRY_POINT,0,0,0.75,"measured_pass_at_k(n=2,k=8)",
kodcode-5f7a5aa8bca3,ut_pytest,,en,excluded,excluded,TOO_EASY,PROMPT_FIX_ENTRY_POINT,0,0,0.75,"measured_pass_at_k(n=2,k=8)",1.0
kodcode-daf7af34354d,ut_pytest,,en,excluded,excluded,TOO_EASY,PROMPT_FIX_ENTRY_POINT,0,0,0.75,"measured_pass_at_k(n=2,k=8)",1.0
kodcode-a15f43a5332f,ut_pytest,,en,excluded,excluded,TOO_EASY,PROMPT_FIX_ENTRY_POINT,0,0,0.375,"measured_pass_at_k(n=2,k=16)",1.0
kodcode-5be9beecfe72,ut_pytest,,en,excluded,excluded,TOO_EASY,PROMPT_FIX_ENTRY_POINT,0,0,0.75,"measured_pass_at_k(n=2,k=8)",1.0
kodcode-ebb8923f1f6f,ut_pytest,,en,train,ok,,PROMPT_FIX_ENTRY_POINT,0,0,0.5,"measured_pass_at_k(n=2,k=8)",0.125
kodcode-509ff1bea344,ut_pytest,,en,excluded,excluded,TOO_HARD,PROMPT_FIX_ENTRY_POINT,0,0,0.5,"measured_pass_at_k(n=2,k=8)",0.0
kodcode-d6a7b927a11e,ut_pytest,,en,excluded,excluded,TOO_EASY,PROMPT_FIX_ENTRY_POINT,0,0,0.25,"measured_pass_at_k(n=2,k=8)",1.0
kodcode-7e98447f33c2,ut_pytest,,en,excluded,excluded,TOO_EASY,PROMPT_FIX_ENTRY_POINT,0,0,0.25,"measured_pass_at_k(n=2,k=8)",1.0
kodcode-d54d27fbcee4,ut_pytest,,en,excluded,excluded,TOO_HARD,PROMPT_FIX_ENTRY_POINT,0,0,0.25,"measured_pass_at_k(n=2,k=8)",0.0
kodcode-47cecc958ceb,ut_pytest,,en,train,ok,,PROMPT_FIX_ENTRY_POINT,0,0,0.5,"measured_pass_at_k(n=2,k=8)",0.25
kodcode-c5a8c2453e1b,ut_pytest,,en,train,ok,,PROMPT_FIX_ENTRY_POINT,0,0,0.25,"measured_pass_at_k(n=2,k=8)",0.375
kodcode-2e99f2ae260d,ut_pytest,,en,excluded,excluded,TOO_EASY,PROMPT_FIX_ENTRY_POINT,0,0,0.5,"measured_pass_at_k(n=2,k=16)",1.0
rstar-4f67c9891e9c,ut_stdio,,en,excluded,excluded,TOO_EASY,no_reference_solution,0,0,0.5,"measured_pass_at_k(n=2,k=8)",1.0
rstar-d8eadee6e620,ut_stdio,,en,excluded,excluded,TOO_EASY,no_reference_solution,0,0,0.5,"measured_pass_at_k(n=2,k=8)",1.0
rstar-17d9bf94eb0c,ut_stdio,,en,train,ok,,no_reference_solution,0,0,0.25,"measured_pass_at_k(n=2,k=8)",0.875
rstar-590f3521e384,ut_stdio,,en,train,ok,,no_reference_solution,0,0,0.5,"measured_pass_at_k(n=2,k=8)",0.25
rstar-a8884511441b,ut_stdio,,en,validation,ok,,no_reference_solution,0,0,0.5,"measured_pass_at_k(n=2,k=16)",
rstar-b5ec93f177fc,ut_stdio,,en,excluded,excluded,TOO_EASY,no_reference_solution,0,0,0.25,"measured_pass_at_k(n=2,k=8)",1.0
rstar-8a5d00dbe708,ut_stdio,,en,excluded,excluded,TOO_EASY,no_reference_solution,0,0,0.5,"measured_pass_at_k(n=2,k=16)",1.0
rstar-1c331e2a64c1,ut_stdio,,en,excluded,excluded,TOO_EASY,no_reference_solution,0,0,0.25,"measured_pass_at_k(n=2,k=8)",1.0
rstar-55b69bd02de4,ut_stdio,,en,excluded,excluded,TOO_EASY,no_reference_solution,0,0,0.5,"measured_pass_at_k(n=2,k=8)",1.0
rstar-e0213ee35c5d,ut_stdio,,en,excluded,excluded,TOO_EASY,no_reference_solution,0,0,0.5,"measured_pass_at_k(n=2,k=8)",1.0
rstar-20327aae6a2a,ut_stdio,,en,test,ok,,no_reference_solution,0,0,0.25,"measured_pass_at_k(n=2,k=8)",
rstar-b8f0a46d1af3,ut_stdio,,en,excluded,excluded,TOO_EASY,no_reference_solution,0,0,0.25,"measured_pass_at_k(n=2,k=8)",1.0
rstar-786d5d9f6515,ut_stdio,,en,train,ok,,no_reference_solution,0,0,0.375,"measured_pass_at_k(n=2,k=16)",0.75
rstar-d8e464bbafb2,ut_stdio,,en,train,ok,,no_reference_solution,0,0,0.25,"measured_pass_at_k(n=2,k=8)",0.625
rstar-8cf38a7a21c6,ut_stdio,,en,train,ok,,no_reference_solution,0,0,0.5,"measured_pass_at_k(n=2,k=8)",0.375
rstar-7fc59b6effa4,ut_stdio,,en,test,ok,,no_reference_solution,0,0,0.75,"measured_pass_at_k(n=2,k=8)",
rstar-b55fbda519f9,ut_stdio,,en,train,ok,,no_reference_solution,0,0,0.5,"measured_pass_at_k(n=2,k=8)",0.625
rstar-8ab6a6ad8201,ut_stdio,,en,train,ok,,no_reference_solution,0,0,0.75,"measured_pass_at_k(n=2,k=8)",0.25
rstar-6b7046fb10e0,ut_stdio,,en,train,ok,,no_reference_solution,0,0,0.25,"measured_pass_at_k(n=2,k=8)",0.5
rstar-da5741235612,ut_stdio,,en,excluded,excluded,TOO_EASY,no_reference_solution,0,0,0.5,"measured_pass_at_k(n=2,k=8)",1.0
rstar-d988a7dcd62b,ut_stdio,,en,excluded,excluded,TOO_EASY,no_reference_solution,0,0,0.5,"measured_pass_at_k(n=2,k=8)",1.0
opencodeinstruct-37d135b923f0,ut_function,,en,excluded,excluded,TOO_EASY,PROMPT_FIX_ENTRY_POINT,0,0,0.5,"measured_pass_at_k(n=2,k=8)",1.0
opencodeinstruct-74d4e600b7fc,ut_function,,en,excluded,excluded,TOO_EASY,PROMPT_FIX_ENTRY_POINT,0,0,0.25,"measured_pass_at_k(n=2,k=8)",1.0
opencodeinstruct-f82a5d3b5b21,ut_function,,en,test,ok,,PROMPT_FIX_ENTRY_POINT,0,0,0.375,"measured_pass_at_k(n=2,k=16)",
opencodeinstruct-56dfe558d9b7,ut_function,,en,excluded,excluded,TOO_EASY,PROMPT_FIX_ENTRY_POINT,0,0,0.375,"measured_pass_at_k(n=2,k=16)",1.0
opencodeinstruct-7333c6b028db,ut_function,,en,test,ok,,PROMPT_FIX_ENTRY_POINT,0,0,0.25,"measured_pass_at_k(n=2,k=8)",
opencodeinstruct-e8d64d8b61ee,ut_function,,en,excluded,excluded,TOO_HARD,PROMPT_FIX_ENTRY_POINT,0,0,0.5,"measured_pass_at_k(n=2,k=8)",0.0
opencodeinstruct-42d242bb85a5,ut_function,,en,excluded,excluded,TOO_EASY,PROMPT_FIX_ENTRY_POINT,0,0,0.25,"measured_pass_at_k(n=2,k=8)",1.0
opencodeinstruct-465fea1b8acf,ut_function,,en,train,ok,,PROMPT_FIX_ENTRY_POINT,0,0,0.5,"measured_pass_at_k(n=2,k=8)",0.875
opencodeinstruct-dd9c866fe57d,ut_function,,en,excluded,excluded,TOO_EASY,PROMPT_FIX_ENTRY_POINT,0,0,0.25,"measured_pass_at_k(n=2,k=8)",1.0
opencodeinstruct-af91fa8f2eac,ut_function,,en,train,ok,,PROMPT_FIX_ENTRY_POINT,0,0,0.5,"measured_pass_at_k(n=2,k=8)",0.5
opencodeinstruct-3c1cef7fa524,ut_function,,en,excluded,excluded,TOO_EASY,PROMPT_FIX_ENTRY_POINT,0,0,0.25,"measured_pass_at_k(n=2,k=16)",1.0
opencodeinstruct-91783d665662,ut_function,,en,excluded,excluded,TOO_EASY,PROMPT_FIX_ENTRY_POINT,0,0,0.75,"measured_pass_at_k(n=2,k=8)",1.0
opencodeinstruct-858795fef1f1,ut_function,,en,train,ok,,PROMPT_FIX_ENTRY_POINT,0,0,0.5,"measured_pass_at_k(n=2,k=8)",0.125
opencodeinstruct-8acd5cebe0aa,ut_function,,en,excluded,excluded,TOO_EASY,PROMPT_FIX_ENTRY_POINT,0,0,0.5,"measured_pass_at_k(n=2,k=8)",1.0
opencodeinstruct-2e85aaf1725c,ut_function,,en,excluded,excluded,TOO_EASY,PROMPT_FIX_ENTRY_POINT,0,0,0.25,"measured_pass_at_k(n=2,k=8)",1.0
opencodeinstruct-2b1fb399fb77,ut_function,,en,excluded,excluded,TOO_EASY,PROMPT_FIX_ENTRY_POINT,0,0,0.25,"measured_pass_at_k(n=2,k=16)",1.0
opencodeinstruct-dd7cee8ba757,ut_function,,en,test,ok,,PROMPT_FIX_ENTRY_POINT,0,0,0.25,"measured_pass_at_k(n=2,k=8)",
opencodeinstruct-ec84d3ed8a7d,ut_function,,en,excluded,excluded,TOO_EASY,PROMPT_FIX_ENTRY_POINT,0,0,0.5,"measured_pass_at_k(n=2,k=8)",1.0
opencodeinstruct-058eaaa69541,ut_function,,en,excluded,excluded,TOO_EASY,PROMPT_FIX_ENTRY_POINT,0,0,0.75,"measured_pass_at_k(n=2,k=8)",1.0
opencodeinstruct-50cc78683ae6,ut_function,,en,excluded,excluded,TOO_EASY,PROMPT_FIX_ENTRY_POINT,0,0,0.5,"measured_pass_at_k(n=2,k=8)",1.0
opencodeinstruct-95b3df522ad0,ut_function,,en,train,ok,,PROMPT_FIX_ENTRY_POINT,0,0,0.5,"measured_pass_at_k(n=2,k=8)",0.75
opencodeinstruct-f4cd3ef2034a,ut_function,,en,train,ok,,PROMPT_FIX_ENTRY_POINT,0,0,0.25,"measured_pass_at_k(n=2,k=8)",0.75
opencodeinstruct-2994dbdb9dd7,ut_function,,en,excluded,excluded,TOO_EASY,PROMPT_FIX_ENTRY_POINT,0,0,0.75,"measured_pass_at_k(n=2,k=8)",1.0
opencodeinstruct-5d8ccfb7b7e2,ut_function,,en,test,ok,,PROMPT_FIX_ENTRY_POINT,0,0,0.625,"measured_pass_at_k(n=2,k=16)",
opencodeinstruct-0dccdae39be7,ut_function,,en,excluded,excluded,TOO_EASY,PROMPT_FIX_ENTRY_POINT,0,0,0.25,"measured_pass_at_k(n=2,k=8)",1.0
kodcode-20037a543432,ut_pytest,,en,excluded,excluded,TOO_EASY,PROMPT_FIX_ENTRY_POINT,0,0,0.25,"measured_pass_at_k(n=2,k=8)",1.0
opencodeinstruct-d943942611c5,ut_function,,en,excluded,excluded,TOO_EASY,PROMPT_FIX_ENTRY_POINT,0,0,0.75,"measured_pass_at_k(n=2,k=8)",1.0
kodcode-7d2460623009,ut_pytest,,en,test,ok,,PROMPT_FIX_ENTRY_POINT,0,0,0.75,"measured_pass_at_k(n=2,k=8)",
kodcode-348748499431,ut_pytest,,en,test,ok,,PROMPT_FIX_ENTRY_POINT,0,0,0.75,"measured_pass_at_k(n=2,k=8)",
opencodeinstruct-27bf376d873b,ut_function,,en,train,ok,,PROMPT_FIX_ENTRY_POINT,0,0,0.25,"measured_pass_at_k(n=2,k=8)",0.25
kodcode-a16b5ef1b456,ut_pytest,,en,validation,ok,,PROMPT_FIX_ENTRY_POINT,0,0,0.75,"measured_pass_at_k(n=2,k=8)",
kodcode-77f23e9bf33b,ut_pytest,,en,excluded,excluded,TOO_EASY,PROMPT_FIX_ENTRY_POINT,0,0,0.5,"measured_pass_at_k(n=2,k=8)",1.0
kodcode-5cded0c271d4,ut_pytest,,en,excluded,excluded,TOO_EASY,PROMPT_FIX_ENTRY_POINT,0,0,0.25,"measured_pass_at_k(n=2,k=16)",1.0
kodcode-a6704ae8588b,ut_pytest,,en,excluded,excluded,TOO_EASY,PROMPT_FIX_ENTRY_POINT,0,0,0.5,"measured_pass_at_k(n=2,k=8)",1.0
kodcode-0c153719245b,ut_pytest,,en,train,ok,,PROMPT_FIX_ENTRY_POINT,0,0,0.25,"measured_pass_at_k(n=2,k=8)",0.375
kodcode-109a7db172ea,ut_pytest,,en,train,ok,,PROMPT_FIX_ENTRY_POINT,0,0,0.5,"measured_pass_at_k(n=2,k=8)",0.875
kodcode-4736ed0e4eda,ut_pytest,,en,excluded,excluded,TOO_EASY,PROMPT_FIX_ENTRY_POINT,0,0,0.75,"measured_pass_at_k(n=2,k=8)",1.0
kodcode-44b13a132ea9,ut_pytest,,en,train,ok,,PROMPT_FIX_ENTRY_POINT,0,0,0.5,"measured_pass_at_k(n=2,k=8)",0.375
kodcode-9a9516d5e398,ut_pytest,,en,excluded,excluded,TOO_HARD,PROMPT_FIX_ENTRY_POINT,0,0,0.5,"measured_pass_at_k(n=2,k=8)",0.0
kodcode-a6087b0c76bc,ut_pytest,,en,train,ok,,PROMPT_FIX_ENTRY_POINT,0,0,0.75,"measured_pass_at_k(n=2,k=8)",0.125
kodcode-6829ced9a560,ut_pytest,,en,excluded,excluded,TOO_EASY,PROMPT_FIX_ENTRY_POINT,0,0,0.25,"measured_pass_at_k(n=2,k=8)",1.0
kodcode-d016a66ed5db,ut_pytest,,en,train,ok,,PROMPT_FIX_ENTRY_POINT,0,0,0.625,"measured_pass_at_k(n=2,k=16)",0.75
kodcode-230b09c1cd78,ut_pytest,,en,validation,ok,,PROMPT_FIX_ENTRY_POINT,0,0,0.75,"measured_pass_at_k(n=2,k=8)",
kodcode-82d32153f590,ut_pytest,,en,excluded,excluded,TOO_EASY,PROMPT_FIX_ENTRY_POINT,0,0,0.75,"measured_pass_at_k(n=2,k=8)",1.0
kodcode-fddd9ae4f4c5,ut_pytest,,en,train,ok,,PROMPT_FIX_ENTRY_POINT,0,0,0.75,"measured_pass_at_k(n=2,k=8)",0.75
kodcode-d07691035522,ut_pytest,,en,train,ok,,HARD_BUT_PARTIAL_SIGNAL;PROMPT_FIX_ENTRY_POINT,0,0,0.25,"measured_pass_at_k(n=2,k=16)",0.0
kodcode-b21a1e4175f5,ut_pytest,,en,train,ok,,PROMPT_FIX_ENTRY_POINT,0,0,0.5,"measured_pass_at_k(n=2,k=8)",0.5
kodcode-9993327f5259,ut_pytest,,en,excluded,excluded,TOO_EASY,PROMPT_FIX_ENTRY_POINT,0,0,0.75,"measured_pass_at_k(n=2,k=8)",1.0
kodcode-611b5f52a419,ut_pytest,,en,excluded,excluded,TOO_EASY,PROMPT_FIX_ENTRY_POINT,0,0,0.25,"measured_pass_at_k(n=2,k=8)",1.0
kodcode-118bb39f669a,ut_pytest,,en,validation,ok,,PROMPT_FIX_ENTRY_POINT,0,0,0.5,"measured_pass_at_k(n=2,k=8)",
kodcode-52d9c72a299a,ut_pytest,,en,excluded,excluded,TOO_EASY,PROMPT_FIX_ENTRY_POINT,0,0,0.5,"measured_pass_at_k(n=2,k=8)",1.0
kodcode-f82bc8ec2192,ut_pytest,,en,train,ok,,PROMPT_FIX_ENTRY_POINT,0,0,0.375,"measured_pass_at_k(n=2,k=16)",0.875
kodcode-d9136df9cda8,ut_pytest,,en,excluded,excluded,TOO_EASY,PROMPT_FIX_ENTRY_POINT,0,0,0.5,"measured_pass_at_k(n=2,k=8)",1.0
opencodeinstruct-9dc3d6cad277,ut_function,,en,validation,ok,,PROMPT_FIX_ENTRY_POINT,0,0,0.25,"measured_pass_at_k(n=2,k=8)",
kodcode-0ee0aa1ed918,ut_pytest,,en,train,ok,,PROMPT_FIX_ENTRY_POINT,0,0,0.25,"measured_pass_at_k(n=2,k=8)",0.875
rstar-f8d55fb4466c,ut_stdio,,en,excluded,excluded,TOO_EASY,no_reference_solution,0,0,0.25,"measured_pass_at_k(n=2,k=8)",1.0
rstar-3a809eb955b6,ut_stdio,,en,test,ok,,no_reference_solution,0,0,0.25,"measured_pass_at_k(n=2,k=8)",
rstar-bc0dbfae1ec0,ut_stdio,,en,test,ok,,no_reference_solution,0,0,0.5,"measured_pass_at_k(n=2,k=8)",
rstar-f2adae004287,ut_stdio,,en,train,ok,,no_reference_solution,0,0,0.25,"measured_pass_at_k(n=2,k=8)",0.875
rstar-9eeff356d950,ut_stdio,,en,train,ok,,no_reference_solution,0,0,0.5,"measured_pass_at_k(n=2,k=8)",0.875
rstar-9622f929f870,ut_stdio,,en,train,ok,,no_reference_solution,0,0,0.25,"measured_pass_at_k(n=2,k=16)",0.625
rstar-a8b743a08e29,ut_stdio,,en,excluded,excluded,TOO_EASY,no_reference_solution,0,0,0.75,"measured_pass_at_k(n=2,k=8)",1.0
rstar-872f9ad4c81e,ut_stdio,,en,excluded,excluded,TOO_EASY,no_reference_solution,0,0,0.25,"measured_pass_at_k(n=2,k=8)",1.0
rstar-78e64e396cb2,ut_stdio,,en,excluded,excluded,TOO_EASY,no_reference_solution,0,0,0.25,"measured_pass_at_k(n=2,k=16)",1.0
rstar-e49bc8d93624,ut_stdio,,en,excluded,excluded,TOO_EASY,no_reference_solution,0,0,0.5,"measured_pass_at_k(n=2,k=8)",1.0
rstar-a915ce9c4635,ut_stdio,,en,excluded,excluded,TOO_EASY,no_reference_solution,0,0,0.5,"measured_pass_at_k(n=2,k=8)",1.0
rstar-8e780ea0f03b,ut_stdio,,en,excluded,excluded,TOO_EASY,no_reference_solution,0,0,0.75,"measured_pass_at_k(n=2,k=8)",1.0
rstar-33de883b8ce4,ut_stdio,,en,excluded,excluded,TOO_EASY,no_reference_solution,0,0,0.25,"measured_pass_at_k(n=2,k=8)",1.0
rstar-38e2ac195c5f,ut_stdio,,en,train,ok,,no_reference_solution,0,0,0.75,"measured_pass_at_k(n=2,k=8)",0.75
rstar-18cf3b573943,ut_stdio,,en,excluded,excluded,TOO_EASY,no_reference_solution,0,0,0.25,"measured_pass_at_k(n=2,k=8)",1.0
rstar-ca4c80f93086,ut_stdio,,en,validation,ok,,no_reference_solution,0,0,0.5,"measured_pass_at_k(n=2,k=8)",
rstar-06cdfbf77899,ut_stdio,,en,train,ok,,no_reference_solution,0,0,0.25,"measured_pass_at_k(n=2,k=8)",0.75
rstar-fe90d7e667bc,ut_stdio,,en,train,ok,,no_reference_solution,0,0,0.25,"measured_pass_at_k(n=2,k=8)",0.625
rstar-98529e82bca7,ut_stdio,,en,train,ok,,no_reference_solution;HARD_BUT_PARTIAL_SIGNAL,0,0,0.25,"measured_pass_at_k(n=2,k=8)",0.0
rstar-806b88932114,ut_stdio,,en,excluded,excluded,TOO_EASY,no_reference_solution,0,0,0.375,"measured_pass_at_k(n=2,k=16)",1.0
rstar-e7ed848484cc,ut_stdio,,en,test,ok,,no_reference_solution,0,0,0.25,"measured_pass_at_k(n=2,k=8)",
rstar-068a38d8972b,ut_stdio,,en,train,ok,,no_reference_solution,0,0,0.5,"measured_pass_at_k(n=2,k=8)",0.75
rstar-7953c622b939,ut_stdio,,en,excluded,excluded,TOO_EASY,no_reference_solution,0,0,0.75,"measured_pass_at_k(n=2,k=8)",1.0
rstar-4b9a17f51ccc,ut_stdio,,en,excluded,excluded,TOO_EASY,no_reference_solution,0,0,0.75,"measured_pass_at_k(n=2,k=8)",1.0
rstar-616f7c55cf45,ut_stdio,,en,excluded,excluded,TOO_HARD,no_reference_solution,0,0,0.25,"measured_pass_at_k(n=2,k=8)",0.0
rstar-315410449380,ut_stdio,,en,excluded,excluded,TOO_EASY,no_reference_solution,0,0,0.75,"measured_pass_at_k(n=2,k=8)",1.0
rstar-32537ccf1224,ut_stdio,,en,train,ok,,no_reference_solution,0,0,0.5,"measured_pass_at_k(n=2,k=8)",0.375
rstar-f9c5d425b5e1,ut_stdio,,en,train,ok,,no_reference_solution,0,0,0.25,"measured_pass_at_k(n=2,k=8)",0.25
opencodeinstruct-c599941c89ee,ut_function,,en,test,ok,,PROMPT_FIX_ENTRY_POINT,0,0,0.75,"measured_pass_at_k(n=2,k=8)",
opencodeinstruct-c3c0d1c0a2ea,ut_function,,en,train,ok,,PROMPT_FIX_ENTRY_POINT,0,0,0.25,"measured_pass_at_k(n=2,k=8)",0.75
opencodeinstruct-52b505c91bdc,ut_function,,en,excluded,excluded,TOO_EASY,PROMPT_FIX_ENTRY_POINT,0,0,0.75,"measured_pass_at_k(n=2,k=8)",1.0
opencodeinstruct-2afad7329801,ut_function,,en,excluded,excluded,TOO_EASY,PROMPT_FIX_ENTRY_POINT,0,0,0.75,"measured_pass_at_k(n=2,k=8)",1.0
opencodeinstruct-40edb2b3397a,ut_function,,en,excluded,excluded,TOO_EASY,PROMPT_FIX_ENTRY_POINT,0,0,0.75,"measured_pass_at_k(n=2,k=8)",1.0
opencodeinstruct-88bedb3da089,ut_function,,en,excluded,excluded,TOO_EASY,PROMPT_FIX_ENTRY_POINT,0,0,0.25,"measured_pass_at_k(n=2,k=8)",1.0
opencodeinstruct-8b8a50de2574,ut_function,,en,excluded,excluded,TOO_HARD,PROMPT_FIX_ENTRY_POINT,0,0,0.5,"measured_pass_at_k(n=2,k=8)",0.0
opencodeinstruct-0145524a3e37,ut_function,,en,test,ok,,PROMPT_FIX_ENTRY_POINT,0,0,0.25,"measured_pass_at_k(n=2,k=8)",
opencodeinstruct-f9fa21761df0,ut_function,,en,excluded,excluded,TOO_EASY,PROMPT_FIX_ENTRY_POINT,0,0,0.25,"measured_pass_at_k(n=2,k=8)",1.0
opencodeinstruct-ab975f8396a5,ut_function,,en,excluded,excluded,TOO_EASY,PROMPT_FIX_ENTRY_POINT,0,0,0.25,"measured_pass_at_k(n=2,k=8)",1.0
opencodeinstruct-e2b10f14af67,ut_function,,en,train,ok,,PROMPT_FIX_ENTRY_POINT,0,0,0.25,"measured_pass_at_k(n=2,k=8)",0.625
opencodeinstruct-7f870d2039d6,ut_function,,en,train,ok,,PROMPT_FIX_ENTRY_POINT,0,0,0.5,"measured_pass_at_k(n=2,k=8)",0.625
opencodeinstruct-5d6592abf23b,ut_function,,en,test,ok,,PROMPT_FIX_ENTRY_POINT,0,0,0.25,"measured_pass_at_k(n=2,k=8)",
opencodeinstruct-4d073679b75b,ut_function,,en,excluded,excluded,TOO_EASY,PROMPT_FIX_ENTRY_POINT,0,0,0.25,"measured_pass_at_k(n=2,k=8)",1.0
opencodeinstruct-e3b160ffb83b,ut_function,,en,excluded,excluded,TOO_EASY,PROMPT_FIX_ENTRY_POINT,0,0,0.25,"measured_pass_at_k(n=2,k=8)",1.0
opencodeinstruct-6268cfe0d024,ut_function,,en,excluded,excluded,TOO_EASY,PROMPT_FIX_ENTRY_POINT,0,0,0.25,"measured_pass_at_k(n=2,k=16)",1.0
opencodeinstruct-a95ce91a903b,ut_function,,en,excluded,excluded,TOO_EASY,PROMPT_FIX_ENTRY_POINT,0,0,0.25,"measured_pass_at_k(n=2,k=16)",1.0
opencodeinstruct-74904bd162a8,ut_function,,en,excluded,excluded,TOO_EASY,PROMPT_FIX_ENTRY_POINT,0,0,0.5,"measured_pass_at_k(n=2,k=8)",1.0
opencodeinstruct-c1903d289dc5,ut_function,,en,excluded,excluded,TOO_EASY,PROMPT_FIX_ENTRY_POINT,0,0,0.25,"measured_pass_at_k(n=2,k=16)",1.0
opencodeinstruct-6847aff46e7b,ut_function,,en,excluded,excluded,TOO_EASY,PROMPT_FIX_ENTRY_POINT,0,0,0.5,"measured_pass_at_k(n=2,k=8)",1.0
opencodeinstruct-fae781aef706,ut_function,,en,excluded,excluded,TOO_EASY,PROMPT_FIX_ENTRY_POINT,0,0,0.5,"measured_pass_at_k(n=2,k=8)",1.0
opencodeinstruct-f840e3263343,ut_function,,en,train,ok,,PROMPT_FIX_ENTRY_POINT,0,0,0.25,"measured_pass_at_k(n=2,k=8)",0.75
opencodeinstruct-debf67289871,ut_function,,en,validation,ok,,PROMPT_FIX_ENTRY_POINT,0,0,0.75,"measured_pass_at_k(n=2,k=8)",
opencodeinstruct-7e798dab2371,ut_function,,en,excluded,excluded,TOO_EASY,PROMPT_FIX_ENTRY_POINT,0,0,0.25,"measured_pass_at_k(n=2,k=8)",1.0
opencodeinstruct-47f906a775bf,ut_function,,en,excluded,excluded,TOO_EASY,PROMPT_FIX_ENTRY_POINT,0,0,0.5,"measured_pass_at_k(n=2,k=8)",1.0
opencodeinstruct-19b701e86a77,ut_function,,en,excluded,excluded,TOO_EASY,PROMPT_FIX_ENTRY_POINT,0,0,0.375,"measured_pass_at_k(n=2,k=16)",1.0
opencodeinstruct-7ff395d224d8,ut_function,,en,excluded,excluded,TOO_EASY,PROMPT_FIX_ENTRY_POINT,0,0,0.75,"measured_pass_at_k(n=2,k=8)",1.0
opencodeinstruct-40b761f95df6,ut_function,,en,excluded,excluded,TOO_EASY,PROMPT_FIX_ENTRY_POINT,0,0,0.25,"measured_pass_at_k(n=2,k=8)",1.0
opencodeinstruct-8904bb2e07df,ut_function,,en,excluded,excluded,TOO_EASY,PROMPT_FIX_ENTRY_POINT,0,0,0.5,"measured_pass_at_k(n=2,k=8)",1.0
opencodeinstruct-b5d1db58711c,ut_function,,en,excluded,excluded,TOO_EASY,PROMPT_FIX_ENTRY_POINT,0,0,0.5,"measured_pass_at_k(n=2,k=8)",1.0
opencodeinstruct-a06833d07c71,ut_function,,en,excluded,excluded,TOO_EASY,PROMPT_FIX_ENTRY_POINT,0,0,0.25,"measured_pass_at_k(n=2,k=8)",1.0
opencodeinstruct-f3d7cea2875d,ut_function,,en,excluded,excluded,TOO_EASY,PROMPT_FIX_ENTRY_POINT,0,0,0.5,"measured_pass_at_k(n=2,k=8)",1.0
opencodeinstruct-c15d1e124bea,ut_function,,en,excluded,excluded,TOO_EASY,PROMPT_FIX_ENTRY_POINT,0,0,0.25,"measured_pass_at_k(n=2,k=16)",1.0
kodcode-a6646263c166,ut_pytest,,en,excluded,excluded,TOO_HARD,PROMPT_FIX_ENTRY_POINT,0,0,0.5,"measured_pass_at_k(n=2,k=8)",0.0
kodcode-40823a7adad2,ut_pytest,,en,train,ok,,PROMPT_FIX_ENTRY_POINT,0,0,0.5,"measured_pass_at_k(n=2,k=8)",0.75
kodcode-8b88c4ee7906,ut_pytest,,en,train,ok,,PROMPT_FIX_ENTRY_POINT,0,0,0.5,"measured_pass_at_k(n=2,k=8)",0.25
kodcode-67337bc66820,ut_pytest,,en,excluded,excluded,TOO_EASY,PROMPT_FIX_ENTRY_POINT,0,0,0.25,"measured_pass_at_k(n=2,k=16)",1.0
kodcode-bd4a52971fb7,ut_pytest,,en,train,ok,,PROMPT_FIX_ENTRY_POINT,0,0,0.5,"measured_pass_at_k(n=2,k=8)",0.875
kodcode-05c448dd91c8,ut_pytest,,en,train,ok,,HARD_BUT_PARTIAL_SIGNAL;PROMPT_FIX_ENTRY_POINT,0,0,0.25,"measured_pass_at_k(n=2,k=8)",0.0
kodcode-66e1faaa5649,ut_pytest,,en,validation,ok,,PROMPT_FIX_ENTRY_POINT,0,0,0.5,"measured_pass_at_k(n=2,k=8)",
kodcode-106bbfd83313,ut_pytest,,en,excluded,excluded,TOO_EASY,PROMPT_FIX_ENTRY_POINT,0,0,0.5,"measured_pass_at_k(n=2,k=16)",1.0
kodcode-2e91855da1c8,ut_pytest,,en,train,ok,,PROMPT_FIX_ENTRY_POINT,0,0,0.25,"measured_pass_at_k(n=2,k=8)",0.75
kodcode-7f46916d621e,ut_pytest,,en,excluded,excluded,TOO_EASY,PROMPT_FIX_ENTRY_POINT,0,0,0.25,"measured_pass_at_k(n=2,k=8)",1.0
opencodeinstruct-9408a4e0349e,ut_function,,en,excluded,excluded,TOO_EASY,PROMPT_FIX_ENTRY_POINT,0,0,0.25,"measured_pass_at_k(n=2,k=8)",1.0
kodcode-11114592d0ac,ut_pytest,,en,excluded,excluded,TOO_EASY,PROMPT_FIX_ENTRY_POINT,0,0,0.5,"measured_pass_at_k(n=2,k=8)",1.0
kodcode-29e0edceb0ac,ut_pytest,,en,train,ok,,HARD_BUT_PARTIAL_SIGNAL;PROMPT_FIX_ENTRY_POINT,0,0,0.5,"measured_pass_at_k(n=2,k=8)",0.0
kodcode-e68ad5fa5df2,ut_pytest,,en,train,ok,,PROMPT_FIX_ENTRY_POINT,0,0,0.5,"measured_pass_at_k(n=2,k=8)",0.75
kodcode-5568c23d4a6d,ut_pytest,,en,excluded,excluded,TOO_HARD,PROMPT_FIX_ENTRY_POINT,0,0,0.5,"measured_pass_at_k(n=2,k=8)",0.0
kodcode-545abe2dba55,ut_pytest,,en,excluded,excluded,TOO_EASY,PROMPT_FIX_ENTRY_POINT,0,0,0.5,"measured_pass_at_k(n=2,k=8)",1.0
kodcode-c9e973b4454d,ut_pytest,,en,train,ok,,PROMPT_FIX_ENTRY_POINT,0,0,0.25,"measured_pass_at_k(n=2,k=8)",0.625
opencodeinstruct-23945f91dabd,ut_function,,en,excluded,excluded,TOO_HARD,PROMPT_FIX_ENTRY_POINT,0,0,0.25,"measured_pass_at_k(n=2,k=8)",0.0
kodcode-32dddcedcbf2,ut_pytest,,en,train,ok,,PROMPT_FIX_ENTRY_POINT,0,0,0.5,"measured_pass_at_k(n=2,k=8)",0.125
kodcode-c7c498cde61b,ut_pytest,,en,train,ok,,PROMPT_FIX_ENTRY_POINT,0,0,0.75,"measured_pass_at_k(n=2,k=8)",0.25
kodcode-e711dcc40e7e,ut_pytest,,en,train,ok,,PROMPT_FIX_ENTRY_POINT,0,0,0.75,"measured_pass_at_k(n=2,k=8)",0.25
kodcode-8158b37d659f,ut_pytest,,en,test,ok,,PROMPT_FIX_ENTRY_POINT,0,0,0.5,"measured_pass_at_k(n=2,k=8)",
kodcode-865cf0012667,ut_pytest,,en,train,ok,,PROMPT_FIX_ENTRY_POINT,0,0,0.25,"measured_pass_at_k(n=2,k=8)",0.125
kodcode-8d66ba4b3bac,ut_pytest,,en,train,ok,,PROMPT_FIX_ENTRY_POINT,0,0,0.75,"measured_pass_at_k(n=2,k=8)",0.375
kodcode-7211a807f45f,ut_pytest,,en,validation,ok,,PROMPT_FIX_ENTRY_POINT,0,0,0.25,"measured_pass_at_k(n=2,k=16)",
kodcode-5e31f473aac0,ut_pytest,,en,excluded,excluded,TOO_HARD,PROMPT_FIX_ENTRY_POINT,0,0,0.5,"measured_pass_at_k(n=2,k=8)",0.0
kodcode-c113d076b331,ut_pytest,,en,excluded,excluded,TOO_EASY,PROMPT_FIX_ENTRY_POINT,0,0,0.5,"measured_pass_at_k(n=2,k=8)",1.0
kodcode-7c2f0bd06470,ut_pytest,,en,train,ok,,PROMPT_FIX_ENTRY_POINT,0,0,0.25,"measured_pass_at_k(n=2,k=16)",0.25
kodcode-21d4de9a2fb9,ut_pytest,,en,validation,ok,,PROMPT_FIX_ENTRY_POINT,0,0,0.25,"measured_pass_at_k(n=2,k=8)",
kodcode-0e7161f7b60a,ut_pytest,,en,excluded,excluded,TOO_EASY,PROMPT_FIX_ENTRY_POINT,0,0,0.25,"measured_pass_at_k(n=2,k=8)",1.0
kodcode-b68181f5b8ad,ut_pytest,,en,train,ok,,PROMPT_FIX_ENTRY_POINT,0,0,0.75,"measured_pass_at_k(n=2,k=16)",0.25
opencodeinstruct-710862196e9a,ut_function,,en,excluded,excluded,TOO_EASY,PROMPT_FIX_ENTRY_POINT,0,0,0.75,"measured_pass_at_k(n=2,k=8)",1.0
kodcode-9ff7a678658e,ut_pytest,,en,train,ok,,PROMPT_FIX_ENTRY_POINT,0,0,0.5,"measured_pass_at_k(n=2,k=16)",0.875
opencodeinstruct-270acfc67300,ut_function,,en,test,ok,,PROMPT_FIX_ENTRY_POINT,0,0,0.25,"measured_pass_at_k(n=2,k=8)",
kodcode-78d2edfcfe79,ut_pytest,,en,train,ok,,PROMPT_FIX_ENTRY_POINT,0,0,0.5,"measured_pass_at_k(n=2,k=8)",0.875
kodcode-098fb54d694a,ut_pytest,,en,excluded,excluded,TOO_EASY,PROMPT_FIX_ENTRY_POINT,0,0,0.75,"measured_pass_at_k(n=2,k=8)",1.0
kodcode-eef3428d9eba,ut_pytest,,en,validation,ok,,PROMPT_FIX_ENTRY_POINT,0,0,0.75,"measured_pass_at_k(n=2,k=8)",
kodcode-48d37c3f5556,ut_pytest,,en,excluded,excluded,TOO_HARD,PROMPT_FIX_ENTRY_POINT,0,0,0.5,"measured_pass_at_k(n=2,k=8)",0.0
kodcode-9eede5fac39b,ut_pytest,,en,train,ok,,PROMPT_FIX_ENTRY_POINT,0,0,0.5,"measured_pass_at_k(n=2,k=8)",0.625
rstar-322d08b4afba,ut_stdio,,en,excluded,excluded,TOO_EASY,no_reference_solution,0,0,0.25,"measured_pass_at_k(n=2,k=8)",1.0
rstar-26437fdab112,ut_stdio,,en,excluded,excluded,TOO_EASY,no_reference_solution,0,0,0.5,"measured_pass_at_k(n=2,k=8)",1.0
rstar-56d26a01b164,ut_stdio,,en,excluded,excluded,TOO_EASY,no_reference_solution,0,0,0.5,"measured_pass_at_k(n=2,k=8)",1.0
rstar-ae0ab5a60940,ut_stdio,,en,excluded,excluded,TOO_EASY,no_reference_solution,0,0,0.25,"measured_pass_at_k(n=2,k=16)",1.0
rstar-8d029e5e4614,ut_stdio,,en,excluded,excluded,TOO_EASY,no_reference_solution,0,0,0.25,"measured_pass_at_k(n=2,k=16)",1.0
rstar-23214487aeb9,ut_stdio,,en,train,ok,,no_reference_solution,0,0,0.5,"measured_pass_at_k(n=2,k=8)",0.875
rstar-d4a6184855b1,ut_stdio,,en,excluded,excluded,TOO_EASY,no_reference_solution,0,0,0.25,"measured_pass_at_k(n=2,k=16)",1.0
rstar-2630752a8874,ut_stdio,,en,excluded,excluded,TOO_EASY,no_reference_solution,0,0,0.75,"measured_pass_at_k(n=2,k=8)",1.0
rstar-bde05f24f12d,ut_stdio,,en,train,ok,,no_reference_solution,0,0,0.25,"measured_pass_at_k(n=2,k=16)",0.625
rstar-2c1445f31495,ut_stdio,,en,validation,ok,,no_reference_solution,0,0,0.5,"measured_pass_at_k(n=2,k=8)",
rstar-cc388c4984c1,ut_stdio,,en,excluded,excluded,TOO_HARD,no_reference_solution,0,0,0.625,"measured_pass_at_k(n=2,k=16)",0.0
rstar-ece037101923,ut_stdio,,en,test,ok,,no_reference_solution,0,0,0.25,"measured_pass_at_k(n=2,k=8)",
rstar-002feb5382e5,ut_stdio,,en,excluded,excluded,TOO_EASY,no_reference_solution,0,0,0.5,"measured_pass_at_k(n=2,k=8)",1.0
rstar-04205304ed68,ut_stdio,,en,train,ok,,no_reference_solution,0,0,0.5,"measured_pass_at_k(n=2,k=8)",0.125
rstar-145ccf5e2ca8,ut_stdio,,en,excluded,excluded,TOO_HARD,no_reference_solution,0,0,0.25,"measured_pass_at_k(n=2,k=8)",0.0
rstar-f57097c70db4,ut_stdio,,en,excluded,excluded,TOO_EASY,no_reference_solution,0,0,0.5,"measured_pass_at_k(n=2,k=8)",1.0
rstar-fb95de00376b,ut_stdio,,en,train,ok,,no_reference_solution,0,0,0.75,"measured_pass_at_k(n=2,k=8)",0.375
rstar-3c787f75bb03,ut_stdio,,en,excluded,excluded,TOO_EASY,no_reference_solution,0,0,0.5,"measured_pass_at_k(n=2,k=8)",1.0
rstar-56db2edb3d6a,ut_stdio,,en,train,ok,,no_reference_solution,0,0,0.5,"measured_pass_at_k(n=2,k=8)",0.625
rstar-24d4043378ee,ut_stdio,,en,excluded,excluded,TOO_EASY,no_reference_solution,0,0,0.5,"measured_pass_at_k(n=2,k=8)",1.0
rstar-9ad6306359ef,ut_stdio,,en,excluded,excluded,TOO_EASY,no_reference_solution,0,0,0.625,"measured_pass_at_k(n=2,k=16)",1.0
rstar-4bac1aa22c2c,ut_stdio,,en,test,ok,,no_reference_solution,0,0,0.25,"measured_pass_at_k(n=2,k=8)",
rstar-71cb539f166d,ut_stdio,,en,train,ok,,no_reference_solution,0,0,0.5,"measured_pass_at_k(n=2,k=8)",0.875
opencodeinstruct-66d7afee925b,ut_function,,en,excluded,excluded,TOO_EASY,PROMPT_FIX_ENTRY_POINT,0,0,0.25,"measured_pass_at_k(n=2,k=8)",1.0
opencodeinstruct-de9715b5f047,ut_function,,en,train,ok,,PROMPT_FIX_ENTRY_POINT,0,0,0.25,"measured_pass_at_k(n=2,k=8)",0.125
opencodeinstruct-927eca7932f4,ut_function,,en,excluded,excluded,TOO_EASY,PROMPT_FIX_ENTRY_POINT,0,0,0.375,"measured_pass_at_k(n=2,k=16)",1.0
opencodeinstruct-10687cbe31cc,ut_function,,en,excluded,excluded,TOO_EASY,PROMPT_FIX_ENTRY_POINT,0,0,0.75,"measured_pass_at_k(n=2,k=8)",1.0
opencodeinstruct-5359c8f4949a,ut_function,,en,validation,ok,,PROMPT_FIX_ENTRY_POINT,0,0,0.5,"measured_pass_at_k(n=2,k=8)",
opencodeinstruct-4d7b2e3ab009,ut_function,,en,excluded,excluded,TOO_HARD,PROMPT_FIX_ENTRY_POINT,0,0,0.25,"measured_pass_at_k(n=2,k=16)",0.0
opencodeinstruct-899ce2edb31b,ut_function,,en,excluded,excluded,TOO_EASY,PROMPT_FIX_ENTRY_POINT,0,0,0.5,"measured_pass_at_k(n=2,k=8)",1.0
opencodeinstruct-7812620089eb,ut_function,,en,excluded,excluded,TOO_EASY,PROMPT_FIX_ENTRY_POINT,0,0,0.25,"measured_pass_at_k(n=2,k=8)",1.0
opencodeinstruct-63df2209e5f0,ut_function,,en,excluded,excluded,TOO_EASY,PROMPT_FIX_ENTRY_POINT,0,0,0.75,"measured_pass_at_k(n=2,k=8)",1.0
opencodeinstruct-c8bdd51992b9,ut_function,,en,excluded,excluded,TOO_EASY,PROMPT_FIX_ENTRY_POINT,0,0,0.25,"measured_pass_at_k(n=2,k=8)",1.0
opencodeinstruct-f42021fe7606,ut_function,,en,excluded,excluded,TOO_HARD,PROMPT_FIX_ENTRY_POINT,0,0,0.5,"measured_pass_at_k(n=2,k=8)",0.0
opencodeinstruct-37d10012ced4,ut_function,,en,excluded,excluded,TOO_EASY,PROMPT_FIX_ENTRY_POINT,0,0,0.25,"measured_pass_at_k(n=2,k=8)",1.0
opencodeinstruct-38886070bdb1,ut_function,,en,train,ok,,PROMPT_FIX_ENTRY_POINT,0,0,0.5,"measured_pass_at_k(n=2,k=8)",0.7142857142857143
opencodeinstruct-9b21633e73d8,ut_function,,en,validation,ok,,PROMPT_FIX_ENTRY_POINT,0,0,0.25,"measured_pass_at_k(n=2,k=16)",
opencodeinstruct-3a8c3e4877cd,ut_function,,en,excluded,excluded,TOO_HARD,PROMPT_FIX_ENTRY_POINT,0,0,0.25,"measured_pass_at_k(n=2,k=8)",0.0
opencodeinstruct-5d2ce786554b,ut_function,,en,excluded,excluded,TOO_EASY,PROMPT_FIX_ENTRY_POINT,0,0,0.25,"measured_pass_at_k(n=2,k=8)",1.0
opencodeinstruct-c157983d2602,ut_function,,en,excluded,excluded,TOO_EASY,PROMPT_FIX_ENTRY_POINT,0,0,0.25,"measured_pass_at_k(n=2,k=8)",1.0
opencodeinstruct-e6ef3eef5129,ut_function,,en,excluded,excluded,TOO_EASY,PROMPT_FIX_ENTRY_POINT,0,0,0.25,"measured_pass_at_k(n=2,k=8)",1.0
opencodeinstruct-633c22617380,ut_function,,en,train,ok,,PROMPT_FIX_ENTRY_POINT,0,0,0.5,"measured_pass_at_k(n=2,k=8)",0.75
opencodeinstruct-be52282c36df,ut_function,,en,validation,ok,,PROMPT_FIX_ENTRY_POINT,0,0,0.5,"measured_pass_at_k(n=2,k=8)",
opencodeinstruct-705008e68187,ut_function,,en,train,ok,,PROMPT_FIX_ENTRY_POINT,0,0,0.25,"measured_pass_at_k(n=2,k=8)",0.625
opencodeinstruct-67a3d04006ac,ut_function,,en,excluded,excluded,TOO_EASY,PROMPT_FIX_ENTRY_POINT,0,0,0.5,"measured_pass_at_k(n=2,k=8)",1.0
opencodeinstruct-5dc16fb6ed73,ut_function,,en,test,ok,,PROMPT_FIX_ENTRY_POINT,0,0,0.25,"measured_pass_at_k(n=2,k=16)",
opencodeinstruct-af89fd636b8d,ut_function,,en,excluded,excluded,DUPLICATE,dup_of:opencodeinstruct-ad713dccf658;PROMPT_FIX_ENTRY_POINT,0,0,0.375,"measured_pass_at_k(n=2,k=16)",
opencodeinstruct-0b14e4e7b6b8,ut_function,,en,excluded,excluded,TOO_HARD,PROMPT_FIX_ENTRY_POINT,0,0,0.5,"measured_pass_at_k(n=2,k=8)",0.0
opencodeinstruct-1df3b8a92e1e,ut_function,,en,excluded,excluded,TOO_EASY,PROMPT_FIX_ENTRY_POINT,0,0,0.25,"measured_pass_at_k(n=2,k=16)",1.0
opencodeinstruct-f6ae19d087f2,ut_function,,en,validation,ok,,PROMPT_FIX_ENTRY_POINT,0,0,0.5,"measured_pass_at_k(n=2,k=8)",
opencodeinstruct-ccf5c69d4c15,ut_function,,en,excluded,excluded,TOO_EASY,PROMPT_FIX_ENTRY_POINT,0,0,0.25,"measured_pass_at_k(n=2,k=8)",1.0
opencodeinstruct-a5d2e3fae874,ut_function,,en,train,ok,,PROMPT_FIX_ENTRY_POINT,0,0,0.25,"measured_pass_at_k(n=2,k=8)",0.75
opencodeinstruct-d4ae05b28ecd,ut_function,,en,excluded,excluded,TOO_EASY,PROMPT_FIX_ENTRY_POINT,0,0,0.5,"measured_pass_at_k(n=2,k=8)",1.0
kodcode-8d70207a4143,ut_pytest,,en,excluded,excluded,TOO_EASY,PROMPT_FIX_ENTRY_POINT,0,0,0.5,"measured_pass_at_k(n=2,k=8)",1.0
kodcode-21b0a23f6c59,ut_pytest,,en,train,ok,,PROMPT_FIX_ENTRY_POINT,0,0,0.25,"measured_pass_at_k(n=2,k=8)",0.5
kodcode-8bf4ec80aa26,ut_pytest,,en,train,ok,,PROMPT_FIX_ENTRY_POINT,0,0,0.5,"measured_pass_at_k(n=2,k=8)",0.375
kodcode-b05f1c251b69,ut_pytest,,en,excluded,excluded,TOO_EASY,PROMPT_FIX_ENTRY_POINT,0,0,0.75,"measured_pass_at_k(n=2,k=16)",1.0
kodcode-2436795ac315,ut_pytest,,en,train,ok,,PROMPT_FIX_ENTRY_POINT,0,0,0.75,"measured_pass_at_k(n=2,k=8)",0.75
kodcode-48ff79a03f26,ut_pytest,,en,train,ok,,PROMPT_FIX_ENTRY_POINT,0,0,0.25,"measured_pass_at_k(n=2,k=8)",0.25
kodcode-ab341f4d0bbf,ut_pytest,,en,excluded,excluded,TOO_EASY,PROMPT_FIX_ENTRY_POINT,0,0,0.5,"measured_pass_at_k(n=2,k=8)",1.0
kodcode-afcc5866afb4,ut_pytest,,en,excluded,excluded,TOO_EASY,PROMPT_FIX_ENTRY_POINT,0,0,0.5,"measured_pass_at_k(n=2,k=8)",1.0
kodcode-dac2fa145973,ut_pytest,,en,test,ok,,PROMPT_FIX_ENTRY_POINT,0,0,0.5,"measured_pass_at_k(n=2,k=8)",
kodcode-4336436b8d97,ut_pytest,,en,validation,ok,,PROMPT_FIX_ENTRY_POINT,0,0,0.5,"measured_pass_at_k(n=2,k=8)",
kodcode-4df892f628c8,ut_pytest,,en,test,ok,,PROMPT_FIX_ENTRY_POINT,0,0,0.25,"measured_pass_at_k(n=2,k=8)",
kodcode-76513287e388,ut_pytest,,en,train,ok,,PROMPT_FIX_ENTRY_POINT,0,0,0.25,"measured_pass_at_k(n=2,k=8)",0.125
kodcode-13200c99b89a,ut_pytest,,en,train,ok,,PROMPT_FIX_ENTRY_POINT,0,0,0.5,"measured_pass_at_k(n=2,k=8)",0.625
kodcode-77c511d5d883,ut_pytest,,en,excluded,excluded,TOO_EASY,PROMPT_FIX_ENTRY_POINT,0,0,0.75,"measured_pass_at_k(n=2,k=8)",1.0
kodcode-6d53895cc40b,ut_pytest,,en,excluded,excluded,TOO_EASY,PROMPT_FIX_ENTRY_POINT,0,0,0.75,"measured_pass_at_k(n=2,k=16)",1.0
kodcode-8f87710e937c,ut_pytest,,en,train,ok,,HARD_BUT_PARTIAL_SIGNAL;PROMPT_FIX_ENTRY_POINT,0,0,0.75,"measured_pass_at_k(n=2,k=8)",0.0
opencodeinstruct-ec660432c928,ut_function,,en,train,ok,,PROMPT_FIX_ENTRY_POINT,0,0,0.25,"measured_pass_at_k(n=2,k=8)",0.25
kodcode-944a8b88fe20,ut_pytest,,en,train,ok,,PROMPT_FIX_ENTRY_POINT,0,0,0.25,"measured_pass_at_k(n=2,k=8)",0.875
kodcode-d7680b30c2ab,ut_pytest,,en,test,ok,,PROMPT_FIX_ENTRY_POINT,0,0,0.75,"measured_pass_at_k(n=2,k=8)",
kodcode-e50e2d021c78,ut_pytest,,en,train,ok,,PROMPT_FIX_ENTRY_POINT,0,0,0.75,"measured_pass_at_k(n=2,k=8)",0.375
kodcode-8c437ceab5dc,ut_pytest,,en,excluded,excluded,TOO_HARD,PROMPT_FIX_ENTRY_POINT,0,0,0.75,"measured_pass_at_k(n=2,k=8)",0.0
kodcode-32033c1c0da6,ut_pytest,,en,train,ok,,PROMPT_FIX_ENTRY_POINT,0,0,0.75,"measured_pass_at_k(n=2,k=8)",0.875
kodcode-2ddce3a14cc0,ut_pytest,,en,train,ok,,PROMPT_FIX_ENTRY_POINT,0,0,0.5,"measured_pass_at_k(n=2,k=8)",0.875
kodcode-9560fb4ecc07,ut_pytest,,en,excluded,excluded,TOO_EASY,PROMPT_FIX_ENTRY_POINT,0,0,0.75,"measured_pass_at_k(n=2,k=8)",1.0
kodcode-567aa5d68d81,ut_pytest,,en,train,ok,,PROMPT_FIX_ENTRY_POINT,0,0,0.25,"measured_pass_at_k(n=2,k=8)",0.375
kodcode-a7da24e9d178,ut_pytest,,en,excluded,excluded,TOO_EASY,PROMPT_FIX_ENTRY_POINT,0,0,0.5,"measured_pass_at_k(n=2,k=8)",1.0
opencodeinstruct-16faa8e68f42,ut_function,,en,excluded,excluded,TOO_EASY,PROMPT_FIX_ENTRY_POINT,0,0,0.375,"measured_pass_at_k(n=2,k=16)",1.0
kodcode-3ad030347886,ut_pytest,,en,test,ok,,PROMPT_FIX_ENTRY_POINT,0,0,0.75,"measured_pass_at_k(n=2,k=8)",
kodcode-8f67fc131afc,ut_pytest,,en,train,ok,,PROMPT_FIX_ENTRY_POINT,0,0,0.5,"measured_pass_at_k(n=2,k=8)",0.375
kodcode-55c4929b07ac,ut_pytest,,en,excluded,excluded,TOO_EASY,PROMPT_FIX_ENTRY_POINT,0,0,0.5,"measured_pass_at_k(n=2,k=8)",1.0
kodcode-d0bb31aa4694,ut_pytest,,en,train,ok,,PROMPT_FIX_ENTRY_POINT,0,0,0.5,"measured_pass_at_k(n=2,k=8)",0.625
kodcode-25884733ff1d,ut_pytest,,en,excluded,excluded,TOO_HARD,PROMPT_FIX_ENTRY_POINT,0,0,0.25,"measured_pass_at_k(n=2,k=8)",0.0
kodcode-87300fb9dde3,ut_pytest,,en,excluded,excluded,TOO_HARD,PROMPT_FIX_ENTRY_POINT,0,0,0.25,"measured_pass_at_k(n=2,k=8)",0.0
kodcode-1560a0f2ebd3,ut_pytest,,en,train,ok,,HARD_BUT_PARTIAL_SIGNAL;PROMPT_FIX_ENTRY_POINT,0,0,0.25,"measured_pass_at_k(n=2,k=8)",0.0
kodcode-cda3144e8888,ut_pytest,,en,excluded,excluded,TOO_HARD,PROMPT_FIX_ENTRY_POINT,0,0,0.5,"measured_pass_at_k(n=2,k=8)",0.0
kodcode-4e3996399a62,ut_pytest,,en,excluded,excluded,TOO_EASY,PROMPT_FIX_ENTRY_POINT,0,0,0.25,"measured_pass_at_k(n=2,k=8)",1.0
kodcode-5b473378c9d3,ut_pytest,,en,test,ok,,PROMPT_FIX_ENTRY_POINT,0,0,0.5,"measured_pass_at_k(n=2,k=8)",
kodcode-8cdadf3016f3,ut_pytest,,en,train,ok,,PROMPT_FIX_ENTRY_POINT,0,0,0.5,"measured_pass_at_k(n=2,k=8)",0.25
kodcode-27b3cb5228c4,ut_pytest,,en,excluded,excluded,TOO_EASY,PROMPT_FIX_ENTRY_POINT,0,0,0.75,"measured_pass_at_k(n=2,k=8)",1.0
kodcode-5969278157a1,ut_pytest,,en,excluded,excluded,TOO_EASY,PROMPT_FIX_ENTRY_POINT,0,0,0.5,"measured_pass_at_k(n=2,k=8)",1.0
kodcode-a0f35e161748,ut_pytest,,en,validation,ok,,PROMPT_FIX_ENTRY_POINT,0,0,0.25,"measured_pass_at_k(n=2,k=8)",
kodcode-2749ed220e65,ut_pytest,,en,excluded,excluded,TOO_HARD,PROMPT_FIX_ENTRY_POINT,0,0,0.75,"measured_pass_at_k(n=2,k=8)",0.0
kodcode-a59793d2fd59,ut_pytest,,en,excluded,excluded,TOO_EASY,PROMPT_FIX_ENTRY_POINT,0,0,0.5,"measured_pass_at_k(n=2,k=8)",1.0
kodcode-659ed3d5773a,ut_pytest,,en,train,ok,,PROMPT_FIX_ENTRY_POINT,0,0,0.25,"measured_pass_at_k(n=2,k=8)",0.5
rstar-d10b35588865,ut_stdio,,en,train,ok,,no_reference_solution,0,0,0.25,"measured_pass_at_k(n=2,k=8)",0.25
rstar-d8df7bbfcb59,ut_stdio,,en,excluded,excluded,TOO_EASY,no_reference_solution,0,0,0.5,"measured_pass_at_k(n=2,k=8)",1.0
rstar-8aefe7bc3627,ut_stdio,,en,validation,ok,,no_reference_solution,0,0,0.5,"measured_pass_at_k(n=2,k=8)",
rstar-f78f3e05298b,ut_stdio,,en,excluded,excluded,TOO_EASY,no_reference_solution,0,0,0.25,"measured_pass_at_k(n=2,k=8)",1.0
rstar-2a4b3ac0da1e,ut_stdio,,en,excluded,excluded,TOO_EASY,no_reference_solution,0,0,0.25,"measured_pass_at_k(n=2,k=8)",1.0
rstar-002d4d64755b,ut_stdio,,en,train,ok,,no_reference_solution,0,0,0.5,"measured_pass_at_k(n=2,k=8)",0.5
rstar-faf64e8ad12a,ut_stdio,,en,excluded,excluded,TOO_EASY,no_reference_solution,0,0,0.5,"measured_pass_at_k(n=2,k=8)",1.0
rstar-a96fa264939b,ut_stdio,,en,train,ok,,no_reference_solution,0,0,0.5,"measured_pass_at_k(n=2,k=8)",0.5
rstar-76ba92eb8f4e,ut_stdio,,en,test,ok,,no_reference_solution,0,0,0.5,"measured_pass_at_k(n=2,k=8)",
rstar-8b2122a7ecc5,ut_stdio,,en,excluded,excluded,TOO_EASY,no_reference_solution,0,0,0.25,"measured_pass_at_k(n=2,k=8)",1.0
rstar-f01da38ae65b,ut_stdio,,en,test,ok,,no_reference_solution,0,0,0.375,"measured_pass_at_k(n=2,k=16)",
rstar-83246b24a5ac,ut_stdio,,en,train,ok,,no_reference_solution;HARD_BUT_PARTIAL_SIGNAL,0,0,0.25,"measured_pass_at_k(n=2,k=16)",0.0
rstar-dc65a5d31320,ut_stdio,,en,excluded,excluded,TOO_HARD,no_reference_solution,0,0,0.25,"measured_pass_at_k(n=2,k=8)",0.0
rstar-31704ae686b2,ut_stdio,,en,excluded,excluded,TOO_EASY,no_reference_solution,0,0,0.75,"measured_pass_at_k(n=2,k=8)",1.0
rstar-2514d9185266,ut_stdio,,en,train,ok,,no_reference_solution,0,0,0.375,"measured_pass_at_k(n=2,k=16)",0.375
rstar-9320d26708c4,ut_stdio,,en,excluded,excluded,TOO_EASY,no_reference_solution,0,0,0.5,"measured_pass_at_k(n=2,k=8)",1.0
rstar-b5e1dac54da3,ut_stdio,,en,train,ok,,no_reference_solution,0,0,0.25,"measured_pass_at_k(n=2,k=8)",0.25
rstar-cf231ed46629,ut_stdio,,en,excluded,excluded,TOO_HARD,no_reference_solution,0,0,0.5,"measured_pass_at_k(n=2,k=8)",0.0
rstar-dfe2d14bb821,ut_stdio,,en,excluded,excluded,TOO_EASY,no_reference_solution,0,0,0.25,"measured_pass_at_k(n=2,k=16)",1.0
rstar-4be539ce3065,ut_stdio,,en,train,ok,,no_reference_solution,0,0,0.25,"measured_pass_at_k(n=2,k=8)",0.625
rstar-cd58a8894f07,ut_stdio,,en,train,ok,,no_reference_solution,0,0,0.5,"measured_pass_at_k(n=2,k=8)",0.875
rstar-35b3ce28e934,ut_stdio,,en,train,ok,,no_reference_solution,0,0,0.75,"measured_pass_at_k(n=2,k=8)",0.875
rstar-a1fea5190b03,ut_stdio,,en,excluded,excluded,TOO_EASY,no_reference_solution,0,0,0.5,"measured_pass_at_k(n=2,k=8)",1.0
rstar-6308c2c84976,ut_stdio,,en,test,ok,,no_reference_solution,0,0,0.25,"measured_pass_at_k(n=2,k=8)",
rstar-d9ea87ffc594,ut_stdio,,en,train,ok,,no_reference_solution;HARD_BUT_PARTIAL_SIGNAL,0,0,0.25,"measured_pass_at_k(n=2,k=8)",0.0
rstar-7936c07afe10,ut_stdio,,en,train,ok,,no_reference_solution,0,0,0.25,"measured_pass_at_k(n=2,k=8)",0.625
opencodeinstruct-1f182993989e,ut_function,,en,train,ok,,PROMPT_FIX_ENTRY_POINT,0,0,0.5,"measured_pass_at_k(n=2,k=8)",0.75
opencodeinstruct-115c0caea667,ut_function,,en,excluded,excluded,TOO_HARD,PROMPT_FIX_ENTRY_POINT,0,0,0.375,"measured_pass_at_k(n=2,k=16)",0.0
opencodeinstruct-454b2942fce5,ut_function,,en,excluded,excluded,TOO_EASY,PROMPT_FIX_ENTRY_POINT,0,0,0.5,"measured_pass_at_k(n=2,k=16)",1.0
opencodeinstruct-1e4edd44078b,ut_function,,en,test,ok,,PROMPT_FIX_ENTRY_POINT,0,0,0.25,"measured_pass_at_k(n=2,k=8)",
opencodeinstruct-1600b442efaf,ut_function,,en,excluded,excluded,TOO_EASY,PROMPT_FIX_ENTRY_POINT,0,0,0.25,"measured_pass_at_k(n=2,k=16)",1.0
opencodeinstruct-f9ae2e9cab49,ut_function,,en,excluded,excluded,TOO_EASY,PROMPT_FIX_ENTRY_POINT,0,0,0.25,"measured_pass_at_k(n=2,k=8)",1.0
opencodeinstruct-1487b3dbc1d0,ut_function,,en,excluded,excluded,TOO_EASY,PROMPT_FIX_ENTRY_POINT,0,0,0.75,"measured_pass_at_k(n=2,k=8)",1.0
opencodeinstruct-beef9e3ce467,ut_function,,en,test,ok,,PROMPT_FIX_ENTRY_POINT,0,0,0.75,"measured_pass_at_k(n=2,k=8)",
opencodeinstruct-b08de90ad076,ut_function,,en,excluded,excluded,TOO_EASY,PROMPT_FIX_ENTRY_POINT,0,0,0.25,"measured_pass_at_k(n=2,k=8)",1.0
opencodeinstruct-f2bb2c7ad197,ut_function,,en,train,ok,,PROMPT_FIX_ENTRY_POINT,0,0,0.25,"measured_pass_at_k(n=2,k=8)",0.125
opencodeinstruct-8eb6d7a508e0,ut_function,,en,train,ok,,PROMPT_FIX_ENTRY_POINT,0,0,0.5,"measured_pass_at_k(n=2,k=8)",0.75
opencodeinstruct-dedd61456beb,ut_function,,en,excluded,excluded,TOO_EASY,PROMPT_FIX_ENTRY_POINT,0,0,0.25,"measured_pass_at_k(n=2,k=8)",1.0
opencodeinstruct-28824b5b7218,ut_function,,en,train,ok,,PROMPT_FIX_ENTRY_POINT,0,0,0.25,"measured_pass_at_k(n=2,k=8)",0.375
opencodeinstruct-cbf246b29565,ut_function,,en,excluded,excluded,TOO_EASY,PROMPT_FIX_ENTRY_POINT,0,0,0.75,"measured_pass_at_k(n=2,k=8)",1.0
opencodeinstruct-d0d630a26606,ut_function,,en,excluded,excluded,TOO_HARD,PROMPT_FIX_ENTRY_POINT,0,0,0.375,"measured_pass_at_k(n=2,k=16)",0.0
opencodeinstruct-7630799b9452,ut_function,,en,test,ok,,PROMPT_FIX_ENTRY_POINT,0,0,0.75,"measured_pass_at_k(n=2,k=8)",
opencodeinstruct-fda23fa93c91,ut_function,,en,train,ok,,PROMPT_FIX_ENTRY_POINT,0,0,0.25,"measured_pass_at_k(n=2,k=8)",0.625
opencodeinstruct-180be81d77e1,ut_function,,en,excluded,excluded,TOO_EASY,PROMPT_FIX_ENTRY_POINT,0,0,0.5,"measured_pass_at_k(n=2,k=8)",1.0
opencodeinstruct-8a329a228838,ut_function,,en,train,ok,,PROMPT_FIX_ENTRY_POINT,0,0,0.5,"measured_pass_at_k(n=2,k=8)",0.5
opencodeinstruct-cef18aeb4a87,ut_function,,en,excluded,excluded,TOO_EASY,PROMPT_FIX_ENTRY_POINT,0,0,0.5,"measured_pass_at_k(n=2,k=8)",1.0
opencodeinstruct-a4ab5e21c69d,ut_function,,en,validation,ok,,PROMPT_FIX_ENTRY_POINT,0,0,0.25,"measured_pass_at_k(n=2,k=8)",
opencodeinstruct-bf7171dec7d8,ut_function,,en,train,ok,,PROMPT_FIX_ENTRY_POINT,0,0,0.5,"measured_pass_at_k(n=2,k=8)",0.5
opencodeinstruct-1b5b27f85b35,ut_function,,en,excluded,excluded,TOO_EASY,PROMPT_FIX_ENTRY_POINT,0,0,0.5,"measured_pass_at_k(n=2,k=8)",1.0
opencodeinstruct-2c6000a67fc5,ut_function,,en,excluded,excluded,TOO_EASY,PROMPT_FIX_ENTRY_POINT,0,0,0.25,"measured_pass_at_k(n=2,k=8)",1.0
opencodeinstruct-fe5a11f5e5aa,ut_function,,en,train,ok,,PROMPT_FIX_ENTRY_POINT,0,0,0.25,"measured_pass_at_k(n=2,k=8)",0.625
opencodeinstruct-591bd003f38c,ut_function,,en,test,ok,,PROMPT_FIX_ENTRY_POINT,0,0,0.5,"measured_pass_at_k(n=2,k=8)",
opencodeinstruct-157e61b315db,ut_function,,en,test,ok,,PROMPT_FIX_ENTRY_POINT,0,0,0.5,"measured_pass_at_k(n=2,k=8)",
opencodeinstruct-ee21cf2df18b,ut_function,,en,excluded,excluded,TOO_EASY,PROMPT_FIX_ENTRY_POINT,0,0,0.625,"measured_pass_at_k(n=2,k=16)",1.0
opencodeinstruct-1d6e160d6f6c,ut_function,,en,test,ok,,PROMPT_FIX_ENTRY_POINT,0,0,0.75,"measured_pass_at_k(n=2,k=8)",
opencodeinstruct-4a68a368ce28,ut_function,,en,train,ok,,PROMPT_FIX_ENTRY_POINT,0,0,0.75,"measured_pass_at_k(n=2,k=8)",0.875
opencodeinstruct-189c8b3f83e3,ut_function,,en,excluded,excluded,TOO_EASY,PROMPT_FIX_ENTRY_POINT,0,0,0.25,"measured_pass_at_k(n=2,k=8)",1.0
opencodeinstruct-c8c5b7245021,ut_function,,en,excluded,excluded,TOO_EASY,PROMPT_FIX_ENTRY_POINT,0,0,0.25,"measured_pass_at_k(n=2,k=8)",1.0
opencodeinstruct-36abf0a921ef,ut_function,,en,excluded,excluded,TOO_EASY,PROMPT_FIX_ENTRY_POINT,0,0,0.25,"measured_pass_at_k(n=2,k=8)",1.0
opencodeinstruct-ff3429f81415,ut_function,,en,excluded,excluded,TOO_EASY,PROMPT_FIX_ENTRY_POINT,0,0,0.5,"measured_pass_at_k(n=2,k=8)",1.0
opencodeinstruct-afb1cabf464c,ut_function,,en,excluded,excluded,TOO_HARD,PROMPT_FIX_ENTRY_POINT,0,0,0.25,"measured_pass_at_k(n=2,k=8)",0.0
opencodeinstruct-e10263f10e95,ut_function,,en,excluded,excluded,TOO_EASY,PROMPT_FIX_ENTRY_POINT,0,0,0.75,"measured_pass_at_k(n=2,k=8)",1.0
opencodeinstruct-10d0b76370c0,ut_function,,en,train,ok,,PROMPT_FIX_ENTRY_POINT,0,0,0.25,"measured_pass_at_k(n=2,k=8)",0.125
opencodeinstruct-937678a2fd23,ut_function,,en,train,ok,,PROMPT_FIX_ENTRY_POINT,0,0,0.75,"measured_pass_at_k(n=2,k=8)",0.125
opencodeinstruct-7d33dc119a24,ut_function,,en,excluded,excluded,TOO_EASY,PROMPT_FIX_ENTRY_POINT,0,0,0.75,"measured_pass_at_k(n=2,k=8)",1.0
opencodeinstruct-835341a860eb,ut_function,,en,validation,ok,,PROMPT_FIX_ENTRY_POINT,0,0,0.5,"measured_pass_at_k(n=1,k=8)",
opencodeinstruct-d94e693d0d06,ut_function,,en,excluded,excluded,TOO_EASY,PROMPT_FIX_ENTRY_POINT,0,0,0.5,"measured_pass_at_k(n=2,k=8)",1.0
opencodeinstruct-84f5fad52bdb,ut_function,,en,excluded,excluded,TOO_EASY,PROMPT_FIX_ENTRY_POINT,0,0,0.5,"measured_pass_at_k(n=2,k=8)",1.0
opencodeinstruct-95700008d09e,ut_function,,en,excluded,excluded,TOO_EASY,PROMPT_FIX_ENTRY_POINT,0,0,0.5,"measured_pass_at_k(n=2,k=8)",1.0
opencodeinstruct-816155a07baa,ut_function,,en,excluded,excluded,TOO_EASY,PROMPT_FIX_ENTRY_POINT,0,0,0.5,"measured_pass_at_k(n=2,k=8)",1.0
opencodeinstruct-3d1b1c573d46,ut_function,,en,validation,ok,,PROMPT_FIX_ENTRY_POINT,0,0,0.25,"measured_pass_at_k(n=2,k=8)",
opencodeinstruct-535b285a50ba,ut_function,,en,test,ok,,PROMPT_FIX_ENTRY_POINT,0,0,0.5,"measured_pass_at_k(n=2,k=8)",
opencodeinstruct-327c0574e9a2,ut_function,,en,excluded,excluded,TOO_EASY,PROMPT_FIX_ENTRY_POINT,0,0,0.25,"measured_pass_at_k(n=2,k=8)",1.0
opencodeinstruct-e47cabfccd58,ut_function,,en,excluded,excluded,TOO_EASY,PROMPT_FIX_ENTRY_POINT,0,0,0.25,"measured_pass_at_k(n=2,k=8)",1.0
opencodeinstruct-56d0b2dbf261,ut_function,,en,train,ok,,PROMPT_FIX_ENTRY_POINT,0,0,0.5,"measured_pass_at_k(n=2,k=8)",0.375
opencodeinstruct-15705e78f7d2,ut_function,,en,excluded,excluded,TOO_EASY,PROMPT_FIX_ENTRY_POINT,0,0,0.5,"measured_pass_at_k(n=2,k=8)",1.0
opencodeinstruct-9a4cd9ed92d1,ut_function,,en,excluded,excluded,TOO_EASY,PROMPT_FIX_ENTRY_POINT,0,0,0.5,"measured_pass_at_k(n=2,k=8)",1.0
opencodeinstruct-a9eb6e062e63,ut_function,,en,excluded,excluded,TOO_EASY,PROMPT_FIX_ENTRY_POINT,0,0,0.25,"measured_pass_at_k(n=2,k=8)",1.0
kodcode-dc874e4e7219,ut_pytest,,en,excluded,excluded,TOO_EASY,PROMPT_FIX_ENTRY_POINT,0,0,0.25,"measured_pass_at_k(n=2,k=8)",1.0
kodcode-c613994b1c54,ut_pytest,,en,train,ok,,PROMPT_FIX_ENTRY_POINT,0,0,0.5,"measured_pass_at_k(n=2,k=8)",0.25
kodcode-fdfa1642cf7e,ut_pytest,,en,train,ok,,HARD_BUT_PARTIAL_SIGNAL;PROMPT_FIX_ENTRY_POINT,0,0,0.25,"measured_pass_at_k(n=2,k=8)",0.0
kodcode-86058936b0ca,ut_pytest,,en,test,ok,,PROMPT_FIX_ENTRY_POINT,0,0,0.5,"measured_pass_at_k(n=2,k=8)",
kodcode-c35cbc094678,ut_pytest,,en,train,ok,,PROMPT_FIX_ENTRY_POINT,0,0,0.5,"measured_pass_at_k(n=2,k=8)",0.75
kodcode-1568903b070d,ut_pytest,,en,train,ok,,PROMPT_FIX_ENTRY_POINT,0,0,0.75,"measured_pass_at_k(n=2,k=8)",0.375
opencodeinstruct-6d252298e120,ut_function,,en,excluded,excluded,TOO_EASY,PROMPT_FIX_ENTRY_POINT,0,0,0.75,"measured_pass_at_k(n=2,k=8)",1.0
opencodeinstruct-ebf3edd1a1dd,ut_function,,en,excluded,excluded,TOO_EASY,PROMPT_FIX_ENTRY_POINT,0,0,0.25,"measured_pass_at_k(n=2,k=8)",1.0
kodcode-b775ee17b757,ut_pytest,,en,excluded,excluded,TOO_EASY,PROMPT_FIX_ENTRY_POINT,0,0,0.75,"measured_pass_at_k(n=2,k=8)",1.0
kodcode-c212d83fe058,ut_pytest,,en,train,ok,,PROMPT_FIX_ENTRY_POINT,0,0,0.5,"measured_pass_at_k(n=2,k=8)",0.625
kodcode-06ea3d4c9b81,ut_pytest,,en,excluded,excluded,TOO_EASY,PROMPT_FIX_ENTRY_POINT,0,0,0.75,"measured_pass_at_k(n=2,k=8)",1.0
kodcode-25e15df82f55,ut_pytest,,en,train,ok,,PROMPT_FIX_ENTRY_POINT,0,0,0.25,"measured_pass_at_k(n=2,k=8)",0.875
kodcode-c298f4c7178c,ut_pytest,,en,test,ok,,PROMPT_FIX_ENTRY_POINT,0,0,0.5,"measured_pass_at_k(n=2,k=16)",
kodcode-319b48eea641,ut_pytest,,en,test,ok,,PROMPT_FIX_ENTRY_POINT,0,0,0.25,"measured_pass_at_k(n=2,k=16)",
kodcode-a930e445c716,ut_pytest,,en,train,ok,,HARD_BUT_PARTIAL_SIGNAL;PROMPT_FIX_ENTRY_POINT,0,0,0.25,"measured_pass_at_k(n=2,k=8)",0.0
kodcode-fbeea160d511,ut_pytest,,en,train,ok,,PROMPT_FIX_ENTRY_POINT,0,0,0.25,"measured_pass_at_k(n=2,k=16)",0.25
kodcode-30f94942622e,ut_pytest,,en,excluded,excluded,TOO_EASY,PROMPT_FIX_ENTRY_POINT,0,0,0.5,"measured_pass_at_k(n=2,k=8)",1.0
kodcode-27379b48dd21,ut_pytest,,en,excluded,excluded,TOO_EASY,PROMPT_FIX_ENTRY_POINT,0,0,0.75,"measured_pass_at_k(n=2,k=8)",1.0
kodcode-5447585223e7,ut_pytest,,en,excluded,excluded,TOO_EASY,PROMPT_FIX_ENTRY_POINT,0,0,0.25,"measured_pass_at_k(n=2,k=8)",1.0
kodcode-c508a1ca8dc1,ut_pytest,,en,train,ok,,PROMPT_FIX_ENTRY_POINT,0,0,0.25,"measured_pass_at_k(n=2,k=8)",0.875
kodcode-fd06339e908f,ut_pytest,,en,excluded,excluded,TOO_EASY,PROMPT_FIX_ENTRY_POINT,0,0,0.25,"measured_pass_at_k(n=2,k=8)",1.0
kodcode-fc96c31616f8,ut_pytest,,en,excluded,excluded,TOO_EASY,PROMPT_FIX_ENTRY_POINT,0,0,0.5,"measured_pass_at_k(n=2,k=8)",1.0
kodcode-d488c9d0eb4c,ut_pytest,,en,excluded,excluded,TOO_EASY,PROMPT_FIX_ENTRY_POINT,0,0,0.5,"measured_pass_at_k(n=2,k=8)",1.0
kodcode-0e2fd3290517,ut_pytest,,en,test,ok,,PROMPT_FIX_ENTRY_POINT,0,0,0.5,"measured_pass_at_k(n=2,k=8)",
kodcode-57a22d377ac6,ut_pytest,,en,train,ok,,HARD_BUT_PARTIAL_SIGNAL;PROMPT_FIX_ENTRY_POINT,0,0,0.5,"measured_pass_at_k(n=2,k=8)",0.0
rstar-feb84dc08589,ut_stdio,,en,train,ok,,no_reference_solution;HARD_BUT_PARTIAL_SIGNAL,0,0,0.25,"measured_pass_at_k(n=2,k=8)",0.0
rstar-248d9643eb5b,ut_stdio,,en,train,ok,,no_reference_solution,0,0,0.75,"measured_pass_at_k(n=2,k=8)",0.125
rstar-933311100cb1,ut_stdio,,en,excluded,excluded,TOO_EASY,no_reference_solution,0,0,0.25,"measured_pass_at_k(n=2,k=8)",1.0
rstar-e89265c27f08,ut_stdio,,en,excluded,excluded,TOO_HARD,no_reference_solution,0,0,0.5,"measured_pass_at_k(n=2,k=8)",0.0
rstar-cb5cf5968a76,ut_stdio,,en,train,ok,,no_reference_solution,0,0,0.75,"measured_pass_at_k(n=2,k=8)",0.875
rstar-e790ea6f84e2,ut_stdio,,en,excluded,excluded,TOO_HARD,no_reference_solution,0,0,0.5,"measured_pass_at_k(n=2,k=8)",0.0
rstar-8188bc2f48f8,ut_stdio,,en,test,ok,,no_reference_solution,0,0,0.5,"measured_pass_at_k(n=2,k=8)",
rstar-49815abad0c5,ut_stdio,,en,train,ok,,no_reference_solution,0,0,0.5,"measured_pass_at_k(n=2,k=8)",0.875
rstar-426479e184bb,ut_stdio,,en,validation,ok,,no_reference_solution,0,0,0.5,"measured_pass_at_k(n=2,k=8)",
rstar-695bf109486c,ut_stdio,,en,train,ok,,no_reference_solution,0,0,0.25,"measured_pass_at_k(n=2,k=8)",0.125
rstar-5a4f9bbd3bb6,ut_stdio,,en,excluded,excluded,TOO_EASY,no_reference_solution,0,0,0.5,"measured_pass_at_k(n=2,k=8)",1.0
rstar-669b9c481ca2,ut_stdio,,en,validation,ok,,no_reference_solution,0,0,0.25,"measured_pass_at_k(n=2,k=8)",
rstar-e1a3625829ce,ut_stdio,,en,train,ok,,no_reference_solution,0,0,0.25,"measured_pass_at_k(n=2,k=8)",0.125
rstar-3c9df8c3fe16,ut_stdio,,en,train,ok,,no_reference_solution,0,0,0.25,"measured_pass_at_k(n=2,k=16)",0.125
rstar-3205e165a724,ut_stdio,,en,validation,ok,,no_reference_solution,0,0,0.5,"measured_pass_at_k(n=2,k=8)",
rstar-a421efbdf9d7,ut_stdio,,en,train,ok,,no_reference_solution,0,0,0.75,"measured_pass_at_k(n=2,k=16)",0.375
rstar-9fcb3d143013,ut_stdio,,en,excluded,excluded,TOO_EASY,no_reference_solution,0,0,0.25,"measured_pass_at_k(n=2,k=8)",1.0
rstar-ca1f821e6613,ut_stdio,,en,excluded,excluded,TOO_EASY,no_reference_solution,0,0,0.25,"measured_pass_at_k(n=2,k=8)",1.0
rstar-6d5d24ea3a3e,ut_stdio,,en,excluded,excluded,TOO_EASY,no_reference_solution,0,0,0.75,"measured_pass_at_k(n=2,k=8)",1.0
rstar-e82db624e123,ut_stdio,,en,excluded,excluded,TOO_EASY,no_reference_solution,0,0,0.25,"measured_pass_at_k(n=2,k=8)",1.0
rstar-06e6567e4bd2,ut_stdio,,en,excluded,excluded,TOO_EASY,no_reference_solution,0,0,0.75,"measured_pass_at_k(n=2,k=8)",1.0
opencodeinstruct-734f0a84a97f,ut_function,,en,excluded,excluded,TOO_EASY,PROMPT_FIX_ENTRY_POINT,0,0,0.75,"measured_pass_at_k(n=2,k=8)",1.0
opencodeinstruct-c0d5f7afef05,ut_function,,en,excluded,excluded,TOO_EASY,PROMPT_FIX_ENTRY_POINT,0,0,0.75,"measured_pass_at_k(n=2,k=8)",1.0
opencodeinstruct-6513701e3acc,ut_function,,en,excluded,excluded,TOO_HARD,PROMPT_FIX_ENTRY_POINT,0,0,0.25,"measured_pass_at_k(n=2,k=8)",0.0
opencodeinstruct-773017eba942,ut_function,,en,validation,ok,,PROMPT_FIX_ENTRY_POINT,0,0,0.75,"measured_pass_at_k(n=2,k=8)",
opencodeinstruct-4761eeb93cea,ut_function,,en,test,ok,,PROMPT_FIX_ENTRY_POINT,0,0,0.5,"measured_pass_at_k(n=2,k=8)",
opencodeinstruct-8ffd5ba55032,ut_function,,en,train,ok,,HARD_BUT_PARTIAL_SIGNAL;PROMPT_FIX_ENTRY_POINT,0,0,0.5,"measured_pass_at_k(n=2,k=8)",0.0
opencodeinstruct-8dfd8d4e9a80,ut_function,,en,excluded,excluded,TOO_EASY,PROMPT_FIX_ENTRY_POINT,0,0,0.25,"measured_pass_at_k(n=2,k=8)",1.0
opencodeinstruct-de5f8176f94c,ut_function,,en,train,ok,,PROMPT_FIX_ENTRY_POINT,0,0,0.5,"measured_pass_at_k(n=2,k=8)",0.875
opencodeinstruct-76276f59066c,ut_function,,en,train,ok,,PROMPT_FIX_ENTRY_POINT,0,0,0.75,"measured_pass_at_k(n=2,k=8)",0.625
opencodeinstruct-d34b881936dd,ut_function,,en,excluded,excluded,TOO_EASY,PROMPT_FIX_ENTRY_POINT,0,0,0.75,"measured_pass_at_k(n=2,k=8)",1.0
opencodeinstruct-d6671ba696e1,ut_function,,en,excluded,excluded,TOO_EASY,PROMPT_FIX_ENTRY_POINT,0,0,0.25,"measured_pass_at_k(n=2,k=8)",1.0
opencodeinstruct-148c122a8661,ut_function,,en,excluded,excluded,TOO_EASY,PROMPT_FIX_ENTRY_POINT,0,0,0.5,"measured_pass_at_k(n=2,k=8)",1.0
opencodeinstruct-a27013b6c84b,ut_function,,en,excluded,excluded,TOO_HARD,PROMPT_FIX_ENTRY_POINT,0,0,0.75,"measured_pass_at_k(n=2,k=8)",0.0
opencodeinstruct-a70569c26b4f,ut_function,,en,test,ok,,PROMPT_FIX_ENTRY_POINT,0,0,0.25,"measured_pass_at_k(n=2,k=8)",
opencodeinstruct-053738f36238,ut_function,,en,train,ok,,PROMPT_FIX_ENTRY_POINT,0,0,0.5,"measured_pass_at_k(n=2,k=8)",0.625
opencodeinstruct-4108356efcb3,ut_function,,en,excluded,excluded,TOO_EASY,PROMPT_FIX_ENTRY_POINT,0,0,0.25,"measured_pass_at_k(n=2,k=8)",1.0
opencodeinstruct-763064d20017,ut_function,,en,test,ok,,PROMPT_FIX_ENTRY_POINT,0,0,0.5,"measured_pass_at_k(n=2,k=8)",
opencodeinstruct-e7246b23f411,ut_function,,en,excluded,excluded,TOO_EASY,PROMPT_FIX_ENTRY_POINT,0,0,0.25,"measured_pass_at_k(n=2,k=8)",1.0
opencodeinstruct-e392c97ba3e2,ut_function,,en,train,ok,,HARD_BUT_PARTIAL_SIGNAL;PROMPT_FIX_ENTRY_POINT,0,0,0.25,"measured_pass_at_k(n=2,k=8)",0.0
opencodeinstruct-6fc5ef97bc44,ut_function,,en,train,ok,,PROMPT_FIX_ENTRY_POINT,0,0,0.25,"measured_pass_at_k(n=2,k=8)",0.75
opencodeinstruct-14c3e8eb5a78,ut_function,,en,excluded,excluded,TOO_EASY,PROMPT_FIX_ENTRY_POINT,0,0,0.25,"measured_pass_at_k(n=2,k=8)",1.0
opencodeinstruct-7a0102b6cd8a,ut_function,,en,excluded,excluded,TOO_EASY,PROMPT_FIX_ENTRY_POINT,0,0,0.25,"measured_pass_at_k(n=2,k=8)",1.0
opencodeinstruct-28de1def62c5,ut_function,,en,excluded,excluded,TOO_EASY,PROMPT_FIX_ENTRY_POINT,0,0,0.5,"measured_pass_at_k(n=2,k=8)",1.0
opencodeinstruct-db354bdc8457,ut_function,,en,excluded,excluded,TOO_EASY,PROMPT_FIX_ENTRY_POINT,0,0,0.5,"measured_pass_at_k(n=2,k=8)",1.0
opencodeinstruct-72728324d1e4,ut_function,,en,train,ok,,PROMPT_FIX_ENTRY_POINT,0,0,0.75,"measured_pass_at_k(n=2,k=8)",0.75
opencodeinstruct-1b27fdc15f8e,ut_function,,en,test,ok,,PROMPT_FIX_ENTRY_POINT,0,0,0.25,"measured_pass_at_k(n=2,k=8)",
opencodeinstruct-a394bbe0897b,ut_function,,en,excluded,excluded,TOO_EASY,PROMPT_FIX_ENTRY_POINT,0,0,0.25,"measured_pass_at_k(n=2,k=8)",1.0
opencodeinstruct-cde9bdc40c65,ut_function,,en,excluded,excluded,TOO_EASY,PROMPT_FIX_ENTRY_POINT,0,0,0.75,"measured_pass_at_k(n=1,k=4)",1.0
opencodeinstruct-c4b0720e5bce,ut_function,,en,excluded,excluded,TOO_EASY,PROMPT_FIX_ENTRY_POINT,0,0,0.5,"measured_pass_at_k(n=2,k=8)",1.0
opencodeinstruct-bf7f2caca990,ut_function,,en,excluded,excluded,TOO_EASY,PROMPT_FIX_ENTRY_POINT,0,0,0.25,"measured_pass_at_k(n=2,k=8)",1.0
opencodeinstruct-29fc349eba7c,ut_function,,en,excluded,excluded,TOO_EASY,PROMPT_FIX_ENTRY_POINT,0,0,0.25,"measured_pass_at_k(n=2,k=8)",1.0
opencodeinstruct-7f34aabacfcd,ut_function,,en,excluded,excluded,TOO_EASY,PROMPT_FIX_ENTRY_POINT,0,0,0.5,"measured_pass_at_k(n=2,k=8)",1.0
opencodeinstruct-972d5f723937,ut_function,,en,excluded,excluded,TOO_EASY,PROMPT_FIX_ENTRY_POINT,0,0,0.75,"measured_pass_at_k(n=2,k=8)",1.0
opencodeinstruct-a5b1a83206cc,ut_function,,en,excluded,excluded,TOO_EASY,PROMPT_FIX_ENTRY_POINT,0,0,0.5,"measured_pass_at_k(n=2,k=8)",1.0
opencodeinstruct-8afbac9ff3ed,ut_function,,en,excluded,excluded,TOO_EASY,PROMPT_FIX_ENTRY_POINT,0,0,0.5,"measured_pass_at_k(n=2,k=8)",1.0
opencodeinstruct-fa9acbed6783,ut_function,,en,excluded,excluded,TOO_EASY,PROMPT_FIX_ENTRY_POINT,0,0,0.375,"measured_pass_at_k(n=2,k=16)",1.0
opencodeinstruct-82c3f8ffc39b,ut_function,,en,excluded,excluded,TOO_EASY,PROMPT_FIX_ENTRY_POINT,0,0,0.25,"measured_pass_at_k(n=2,k=8)",1.0
opencodeinstruct-261bc1175004,ut_function,,en,excluded,excluded,TOO_EASY,PROMPT_FIX_ENTRY_POINT,0,0,0.25,"measured_pass_at_k(n=2,k=8)",1.0
opencodeinstruct-81a2a849cb01,ut_function,,en,test,ok,,PROMPT_FIX_ENTRY_POINT,0,0,0.5,"measured_pass_at_k(n=2,k=8)",
kodcode-e6d814fd07a7,ut_pytest,,en,excluded,excluded,TOO_EASY,PROMPT_FIX_ENTRY_POINT,0,0,0.25,"measured_pass_at_k(n=2,k=16)",1.0
kodcode-fc07daec7cee,ut_pytest,,en,test,ok,,PROMPT_FIX_ENTRY_POINT,0,0,0.375,"measured_pass_at_k(n=2,k=16)",
kodcode-c6161718978c,ut_pytest,,en,test,ok,,PROMPT_FIX_ENTRY_POINT,0,0,0.5,"measured_pass_at_k(n=2,k=8)",
kodcode-c02d6456faad,ut_pytest,,en,train,ok,,PROMPT_FIX_ENTRY_POINT,0,0,0.25,"measured_pass_at_k(n=2,k=8)",0.375
kodcode-bf0b5e465533,ut_pytest,,en,validation,ok,,PROMPT_FIX_ENTRY_POINT,0,0,0.5,"measured_pass_at_k(n=2,k=8)",
opencodeinstruct-87ea5cae6669,ut_function,,en,excluded,excluded,TOO_EASY,PROMPT_FIX_ENTRY_POINT,0,0,0.25,"measured_pass_at_k(n=2,k=8)",1.0
kodcode-fc25e4b7725b,ut_pytest,,en,train,ok,,PROMPT_FIX_ENTRY_POINT,0,0,0.25,"measured_pass_at_k(n=2,k=8)",0.375
kodcode-bf553808a8e1,ut_pytest,,en,train,ok,,PROMPT_FIX_ENTRY_POINT,0,0,0.25,"measured_pass_at_k(n=2,k=16)",0.75
kodcode-07add429bdca,ut_pytest,,en,excluded,excluded,TOO_HARD,PROMPT_FIX_ENTRY_POINT,0,0,0.75,"measured_pass_at_k(n=2,k=8)",0.0
kodcode-869cea073562,ut_pytest,,en,excluded,excluded,TOO_EASY,PROMPT_FIX_ENTRY_POINT,0,0,0.25,"measured_pass_at_k(n=2,k=8)",1.0
kodcode-993645d69cb4,ut_pytest,,en,excluded,excluded,TOO_EASY,PROMPT_FIX_ENTRY_POINT,0,0,0.5,"measured_pass_at_k(n=2,k=8)",1.0
kodcode-d69ba5c94d6e,ut_pytest,,en,train,ok,,PROMPT_FIX_ENTRY_POINT,0,0,0.5,"measured_pass_at_k(n=2,k=8)",0.875
kodcode-185862fbec21,ut_pytest,,en,train,ok,,PROMPT_FIX_ENTRY_POINT,0,0,0.25,"measured_pass_at_k(n=2,k=8)",0.75
kodcode-de1658981971,ut_pytest,,en,excluded,excluded,TOO_EASY,PROMPT_FIX_ENTRY_POINT,0,0,0.5,"measured_pass_at_k(n=2,k=8)",1.0
kodcode-a26c9a9dedf0,ut_pytest,,en,test,ok,,PROMPT_FIX_ENTRY_POINT,0,0,0.5,"measured_pass_at_k(n=2,k=8)",
kodcode-e6bae16fe424,ut_pytest,,en,train,ok,,PROMPT_FIX_ENTRY_POINT,0,0,0.25,"measured_pass_at_k(n=2,k=8)",0.125
kodcode-6774d52a6fc2,ut_pytest,,en,train,ok,,PROMPT_FIX_ENTRY_POINT,0,0,0.25,"measured_pass_at_k(n=2,k=8)",0.625
kodcode-3c2d4610f640,ut_pytest,,en,validation,ok,,PROMPT_FIX_ENTRY_POINT,0,0,0.5,"measured_pass_at_k(n=2,k=8)",
opencodeinstruct-d053b5259b1c,ut_function,,en,train,ok,,PROMPT_FIX_ENTRY_POINT,0,0,0.75,"measured_pass_at_k(n=2,k=8)",0.375
kodcode-887bc9489c77,ut_pytest,,en,validation,ok,,PROMPT_FIX_ENTRY_POINT,0,0,0.75,"measured_pass_at_k(n=2,k=8)",
kodcode-b61f1f38313a,ut_pytest,,en,excluded,excluded,TOO_HARD,PROMPT_FIX_ENTRY_POINT,0,0,0.25,"measured_pass_at_k(n=2,k=8)",0.0
kodcode-258c566e1590,ut_pytest,,en,train,ok,,HARD_BUT_PARTIAL_SIGNAL;PROMPT_FIX_ENTRY_POINT,0,0,0.25,"measured_pass_at_k(n=2,k=8)",0.0
kodcode-20d1eb2d4af7,ut_pytest,,en,validation,ok,,PROMPT_FIX_ENTRY_POINT,0,0,0.25,"measured_pass_at_k(n=2,k=8)",
kodcode-f7d9189ddf13,ut_pytest,,en,test,ok,,PROMPT_FIX_ENTRY_POINT,0,0,0.5,"measured_pass_at_k(n=2,k=8)",
kodcode-61409f253dca,ut_pytest,,en,test,ok,,PROMPT_FIX_ENTRY_POINT,0,0,0.5,"measured_pass_at_k(n=1,k=4)",
kodcode-a31d95b27e43,ut_pytest,,en,excluded,excluded,TOO_EASY,PROMPT_FIX_ENTRY_POINT,0,0,0.5,"measured_pass_at_k(n=2,k=8)",1.0
kodcode-252e55a32963,ut_pytest,,en,excluded,excluded,TOO_EASY,PROMPT_FIX_ENTRY_POINT,0,0,0.5,"measured_pass_at_k(n=2,k=8)",1.0
kodcode-41d7349a6b52,ut_pytest,,en,validation,ok,,PROMPT_FIX_ENTRY_POINT,0,0,0.5,"measured_pass_at_k(n=2,k=8)",
kodcode-0c9afd7d22c2,ut_pytest,,en,train,ok,,PROMPT_FIX_ENTRY_POINT,0,0,0.5,"measured_pass_at_k(n=2,k=8)",0.25
kodcode-2b4b68f1e1c2,ut_pytest,,en,train,ok,,PROMPT_FIX_ENTRY_POINT,0,0,0.75,"measured_pass_at_k(n=2,k=16)",0.5
kodcode-62e56f508acc,ut_pytest,,en,train,ok,,PROMPT_FIX_ENTRY_POINT,0,0,0.75,"measured_pass_at_k(n=2,k=8)",0.875
kodcode-6895d378297a,ut_pytest,,en,train,ok,,PROMPT_FIX_ENTRY_POINT,0,0,0.5,"measured_pass_at_k(n=2,k=8)",0.5
kodcode-69a19c20bd33,ut_pytest,,en,train,ok,,PROMPT_FIX_ENTRY_POINT,0,0,0.5,"measured_pass_at_k(n=2,k=8)",0.875
kodcode-0d2653aeb005,ut_pytest,,en,excluded,excluded,TOO_EASY,PROMPT_FIX_ENTRY_POINT,0,0,0.5,"measured_pass_at_k(n=2,k=8)",1.0
kodcode-5be4fd32ecb5,ut_pytest,,en,excluded,excluded,TOO_EASY,PROMPT_FIX_ENTRY_POINT,0,0,0.5,"measured_pass_at_k(n=2,k=8)",1.0
kodcode-6654796e8792,ut_pytest,,en,train,ok,,PROMPT_FIX_ENTRY_POINT,0,0,0.5,"measured_pass_at_k(n=2,k=8)",0.875
kodcode-2011fc802ad2,ut_pytest,,en,excluded,excluded,TOO_HARD,PROMPT_FIX_ENTRY_POINT,0,0,0.25,"measured_pass_at_k(n=2,k=8)",0.0
kodcode-c168a3b68e52,ut_pytest,,en,excluded,excluded,TOO_HARD,PROMPT_FIX_ENTRY_POINT,0,0,0.25,"measured_pass_at_k(n=2,k=16)",0.0
kodcode-0746232cbe39,ut_pytest,,en,excluded,excluded,TOO_EASY,PROMPT_FIX_ENTRY_POINT,0,0,0.5,"measured_pass_at_k(n=2,k=8)",1.0
kodcode-b2dd27458894,ut_pytest,,en,excluded,excluded,TOO_EASY,PROMPT_FIX_ENTRY_POINT,0,0,0.25,"measured_pass_at_k(n=2,k=8)",1.0
rstar-875a0112ba8b,ut_stdio,,en,excluded,excluded,TOO_EASY,no_reference_solution,0,0,0.25,"measured_pass_at_k(n=2,k=8)",1.0
rstar-42d43bad6f99,ut_stdio,,en,train,ok,,no_reference_solution,0,0,0.75,"measured_pass_at_k(n=2,k=8)",0.375
rstar-07cba0538b8e,ut_stdio,,en,validation,ok,,no_reference_solution,0,0,0.75,"measured_pass_at_k(n=2,k=8)",
rstar-8244ff02a7e7,ut_stdio,,en,train,ok,,no_reference_solution;HARD_BUT_PARTIAL_SIGNAL,0,0,0.25,"measured_pass_at_k(n=2,k=16)",0.0
rstar-e32fa88557eb,ut_stdio,,en,excluded,excluded,TOO_EASY,no_reference_solution,0,0,0.25,"measured_pass_at_k(n=2,k=16)",1.0
rstar-0834383a3714,ut_stdio,,en,train,ok,,no_reference_solution;HARD_BUT_PARTIAL_SIGNAL,0,0,0.25,"measured_pass_at_k(n=2,k=16)",0.0
rstar-652dc4211d25,ut_stdio,,en,excluded,excluded,TOO_EASY,no_reference_solution,0,0,0.75,"measured_pass_at_k(n=2,k=8)",1.0
rstar-18bae87e44f0,ut_stdio,,en,test,ok,,no_reference_solution,0,0,0.75,"measured_pass_at_k(n=2,k=8)",
rstar-905fca0d08bb,ut_stdio,,en,excluded,excluded,TOO_EASY,no_reference_solution,0,0,0.25,"measured_pass_at_k(n=2,k=8)",1.0
rstar-f9bb858b6b2a,ut_stdio,,en,excluded,excluded,TOO_EASY,no_reference_solution,0,0,0.25,"measured_pass_at_k(n=2,k=8)",1.0
rstar-11e9c164a893,ut_stdio,,en,excluded,excluded,TOO_EASY,no_reference_solution,0,0,0.25,"measured_pass_at_k(n=2,k=16)",1.0
rstar-634a5d9684bb,ut_stdio,,en,train,ok,,no_reference_solution,0,0,0.75,"measured_pass_at_k(n=2,k=8)",0.875
rstar-0dc9d45ef306,ut_stdio,,en,excluded,excluded,TOO_EASY,no_reference_solution,0,0,0.25,"measured_pass_at_k(n=2,k=8)",1.0
rstar-a6e2512992e8,ut_stdio,,en,excluded,excluded,TOO_EASY,no_reference_solution,0,0,0.25,"measured_pass_at_k(n=2,k=8)",1.0
rstar-c6a5ed1fbee3,ut_stdio,,en,train,ok,,no_reference_solution,0,0,0.25,"measured_pass_at_k(n=2,k=8)",0.875
rstar-d933dc317008,ut_stdio,,en,train,ok,,no_reference_solution;HARD_BUT_PARTIAL_SIGNAL,0,0,0.75,"measured_pass_at_k(n=2,k=8)",0.0
rstar-20ce9068ae7d,ut_stdio,,en,excluded,excluded,TOO_HARD,no_reference_solution,0,0,0.25,"measured_pass_at_k(n=2,k=8)",0.0
rstar-19b529b0fb29,ut_stdio,,en,train,ok,,no_reference_solution,0,0,0.25,"measured_pass_at_k(n=2,k=8)",0.625
rstar-6d65c30a692f,ut_stdio,,en,train,ok,,no_reference_solution,0,0,0.25,"measured_pass_at_k(n=2,k=8)",0.5
rstar-3a0a3ea9858c,ut_stdio,,en,train,ok,,no_reference_solution,0,0,0.5,"measured_pass_at_k(n=2,k=8)",0.875
opencodeinstruct-5b98627ecdf5,ut_function,,en,validation,ok,,PROMPT_FIX_ENTRY_POINT,0,0,0.5,"measured_pass_at_k(n=2,k=8)",
opencodeinstruct-b60152b9acb6,ut_function,,en,train,ok,,HARD_BUT_PARTIAL_SIGNAL;PROMPT_FIX_ENTRY_POINT,0,0,0.25,"measured_pass_at_k(n=2,k=16)",0.0
opencodeinstruct-bd7df4367a75,ut_function,,en,excluded,excluded,TOO_EASY,PROMPT_FIX_ENTRY_POINT,0,0,0.5,"measured_pass_at_k(n=2,k=8)",1.0
opencodeinstruct-c3bd336700fd,ut_function,,en,excluded,excluded,TOO_EASY,PROMPT_FIX_ENTRY_POINT,0,0,0.25,"measured_pass_at_k(n=2,k=8)",1.0
opencodeinstruct-609f6b429e84,ut_function,,en,test,ok,,PROMPT_FIX_ENTRY_POINT,0,0,0.25,"measured_pass_at_k(n=2,k=8)",
opencodeinstruct-1c3b4b6ac62e,ut_function,,en,excluded,excluded,TOO_EASY,PROMPT_FIX_ENTRY_POINT,0,0,0.5,"measured_pass_at_k(n=2,k=8)",1.0
opencodeinstruct-85b7ca919121,ut_function,,en,excluded,excluded,TOO_EASY,PROMPT_FIX_ENTRY_POINT,0,0,0.75,"measured_pass_at_k(n=2,k=8)",1.0
opencodeinstruct-8ec2b6a46a60,ut_function,,en,excluded,excluded,TOO_EASY,PROMPT_FIX_ENTRY_POINT,0,0,0.25,"measured_pass_at_k(n=2,k=8)",1.0
opencodeinstruct-79137891e731,ut_function,,en,excluded,excluded,TOO_EASY,PROMPT_FIX_ENTRY_POINT,0,0,0.75,"measured_pass_at_k(n=2,k=8)",1.0
opencodeinstruct-ebaabce19dd8,ut_function,,en,excluded,excluded,TOO_EASY,PROMPT_FIX_ENTRY_POINT,0,0,0.5,"measured_pass_at_k(n=2,k=8)",1.0
opencodeinstruct-13baa9ea0225,ut_function,,en,validation,ok,,PROMPT_FIX_ENTRY_POINT,0,0,0.25,"measured_pass_at_k(n=2,k=8)",
opencodeinstruct-8590756f0503,ut_function,,en,test,ok,,PROMPT_FIX_ENTRY_POINT,0,0,0.75,"measured_pass_at_k(n=2,k=8)",
opencodeinstruct-d39657b65b1f,ut_function,,en,excluded,excluded,TOO_HARD,PROMPT_FIX_ENTRY_POINT,0,0,0.5,"measured_pass_at_k(n=2,k=8)",0.0
opencodeinstruct-12cd47e2e28a,ut_function,,en,excluded,excluded,TOO_EASY,PROMPT_FIX_ENTRY_POINT,0,0,0.25,"measured_pass_at_k(n=2,k=8)",1.0
opencodeinstruct-eb919358d710,ut_function,,en,validation,ok,,PROMPT_FIX_ENTRY_POINT,0,0,0.5,"measured_pass_at_k(n=2,k=8)",
opencodeinstruct-df813032fcde,ut_function,,en,excluded,excluded,TOO_EASY,PROMPT_FIX_ENTRY_POINT,0,0,0.25,"measured_pass_at_k(n=2,k=8)",1.0
opencodeinstruct-cb96c376423a,ut_function,,en,train,ok,,PROMPT_FIX_ENTRY_POINT,0,0,0.25,"measured_pass_at_k(n=2,k=8)",0.875
opencodeinstruct-55efec1ae220,ut_function,,en,excluded,excluded,TOO_HARD,PROMPT_FIX_ENTRY_POINT,0,0,0.5,"measured_pass_at_k(n=2,k=8)",0.0
opencodeinstruct-0b17dd5f5715,ut_function,,en,test,ok,,PROMPT_FIX_ENTRY_POINT,0,0,0.75,"measured_pass_at_k(n=2,k=8)",
opencodeinstruct-2d255051ec43,ut_function,,en,excluded,excluded,TOO_EASY,PROMPT_FIX_ENTRY_POINT,0,0,0.25,"measured_pass_at_k(n=2,k=8)",1.0
opencodeinstruct-4c9ed4021027,ut_function,,en,test,ok,,PROMPT_FIX_ENTRY_POINT,0,0,0.5,"measured_pass_at_k(n=2,k=8)",
opencodeinstruct-d1ad8939407c,ut_function,,en,excluded,excluded,TOO_EASY,PROMPT_FIX_ENTRY_POINT,0,0,0.75,"measured_pass_at_k(n=2,k=16)",1.0
opencodeinstruct-17fd137a930a,ut_function,,en,excluded,excluded,TOO_EASY,PROMPT_FIX_ENTRY_POINT,0,0,0.5,"measured_pass_at_k(n=2,k=8)",1.0
opencodeinstruct-57998be9e76d,ut_function,,en,excluded,excluded,TOO_EASY,PROMPT_FIX_ENTRY_POINT,0,0,0.5,"measured_pass_at_k(n=2,k=8)",1.0
opencodeinstruct-e65244377a07,ut_function,,en,excluded,excluded,TOO_EASY,PROMPT_FIX_ENTRY_POINT,0,0,0.75,"measured_pass_at_k(n=2,k=8)",1.0
opencodeinstruct-3067d7a4d472,ut_function,,en,excluded,excluded,TOO_EASY,PROMPT_FIX_ENTRY_POINT,0,0,0.5,"measured_pass_at_k(n=2,k=8)",1.0
opencodeinstruct-13a960cf8ea1,ut_function,,en,excluded,excluded,TOO_EASY,PROMPT_FIX_ENTRY_POINT,0,0,0.625,"measured_pass_at_k(n=2,k=16)",1.0
opencodeinstruct-1cdcf12735aa,ut_function,,en,train,ok,,PROMPT_FIX_ENTRY_POINT,0,0,0.5,"measured_pass_at_k(n=2,k=8)",0.125
opencodeinstruct-1d80b623d233,ut_function,,en,excluded,excluded,TOO_EASY,PROMPT_FIX_ENTRY_POINT,0,0,0.75,"measured_pass_at_k(n=2,k=8)",1.0
opencodeinstruct-53c0d8dfc48f,ut_function,,en,excluded,excluded,TOO_EASY,PROMPT_FIX_ENTRY_POINT,0,0,0.25,"measured_pass_at_k(n=2,k=16)",1.0
opencodeinstruct-06b1c6bfc71e,ut_function,,en,excluded,excluded,TOO_EASY,PROMPT_FIX_ENTRY_POINT,0,0,0.25,"measured_pass_at_k(n=2,k=8)",1.0
opencodeinstruct-72d11c51425b,ut_function,,en,train,ok,,HARD_BUT_PARTIAL_SIGNAL;PROMPT_FIX_ENTRY_POINT,0,0,0.25,"measured_pass_at_k(n=2,k=8)",0.0
opencodeinstruct-ec1bd78854c9,ut_function,,en,validation,ok,,PROMPT_FIX_ENTRY_POINT,0,0,0.5,"measured_pass_at_k(n=2,k=8)",
opencodeinstruct-892edcad23da,ut_function,,en,excluded,excluded,TOO_HARD,PROMPT_FIX_ENTRY_POINT,0,0,0.25,"measured_pass_at_k(n=2,k=8)",0.0
opencodeinstruct-579eac2f5088,ut_function,,en,excluded,excluded,TOO_EASY,PROMPT_FIX_ENTRY_POINT,0,0,0.25,"measured_pass_at_k(n=2,k=8)",1.0
opencodeinstruct-94755540050d,ut_function,,en,excluded,excluded,TOO_EASY,PROMPT_FIX_ENTRY_POINT,0,0,0.75,"measured_pass_at_k(n=2,k=8)",1.0
opencodeinstruct-05ac59d3ffa0,ut_function,,en,excluded,excluded,TOO_EASY,PROMPT_FIX_ENTRY_POINT,0,0,0.5,"measured_pass_at_k(n=2,k=8)",1.0
opencodeinstruct-2b869d486a48,ut_function,,en,excluded,excluded,TOO_EASY,PROMPT_FIX_ENTRY_POINT,0,0,0.5,"measured_pass_at_k(n=2,k=8)",1.0
opencodeinstruct-9e2fddf269e6,ut_function,,en,excluded,excluded,TOO_EASY,PROMPT_FIX_ENTRY_POINT,0,0,0.5,"measured_pass_at_k(n=2,k=8)",1.0
opencodeinstruct-debe0020974f,ut_function,,en,validation,ok,,PROMPT_FIX_ENTRY_POINT,0,0,0.5,"measured_pass_at_k(n=2,k=8)",
opencodeinstruct-d955a49bb878,ut_function,,en,train,ok,,PROMPT_FIX_ENTRY_POINT,0,0,0.5,"measured_pass_at_k(n=2,k=8)",0.875
opencodeinstruct-ca1388237f79,ut_function,,en,validation,ok,,PROMPT_FIX_ENTRY_POINT,0,0,0.25,"measured_pass_at_k(n=2,k=16)",
opencodeinstruct-3f122554ff63,ut_function,,en,excluded,excluded,TOO_EASY,PROMPT_FIX_ENTRY_POINT,0,0,0.5,"measured_pass_at_k(n=2,k=8)",1.0
kodcode-95c77ef38488,ut_pytest,,en,excluded,excluded,TOO_EASY,PROMPT_FIX_ENTRY_POINT,0,0,0.5,"measured_pass_at_k(n=2,k=8)",1.0
kodcode-4e0ae5e17555,ut_pytest,,en,excluded,excluded,TOO_EASY,PROMPT_FIX_ENTRY_POINT,0,0,0.75,"measured_pass_at_k(n=2,k=8)",1.0
kodcode-214c49486a80,ut_pytest,,en,test,ok,,PROMPT_FIX_ENTRY_POINT,0,0,0.25,"measured_pass_at_k(n=2,k=8)",
opencodeinstruct-7d8156934a8e,ut_function,,en,excluded,excluded,TOO_EASY,PROMPT_FIX_ENTRY_POINT,0,0,0.25,"measured_pass_at_k(n=2,k=16)",1.0
kodcode-55388c75bfc5,ut_pytest,,en,excluded,excluded,TOO_EASY,PROMPT_FIX_ENTRY_POINT,0,0,0.5,"measured_pass_at_k(n=2,k=8)",1.0
kodcode-bfb19e44983e,ut_pytest,,en,validation,ok,,PROMPT_FIX_ENTRY_POINT,0,0,0.75,"measured_pass_at_k(n=2,k=8)",
opencodeinstruct-3108cdd26f4f,ut_function,,en,train,ok,,PROMPT_FIX_ENTRY_POINT,0,0,0.375,"measured_pass_at_k(n=2,k=16)",0.5
kodcode-8e94aefb5664,ut_pytest,,en,excluded,excluded,TOO_EASY,PROMPT_FIX_ENTRY_POINT,0,0,0.25,"measured_pass_at_k(n=2,k=8)",1.0
kodcode-c9f47aaca145,ut_pytest,,en,excluded,excluded,TOO_HARD,PROMPT_FIX_ENTRY_POINT,0,0,0.5,"measured_pass_at_k(n=2,k=8)",0.0
kodcode-3a5c86190086,ut_pytest,,en,validation,ok,,PROMPT_FIX_ENTRY_POINT,0,0,0.75,"measured_pass_at_k(n=2,k=8)",
opencodeinstruct-42d4dcd4653f,ut_function,,en,test,ok,,PROMPT_FIX_ENTRY_POINT,0,0,0.5,"measured_pass_at_k(n=2,k=8)",
kodcode-a8f8864b4d17,ut_pytest,,en,excluded,excluded,TOO_EASY,PROMPT_FIX_ENTRY_POINT,0,0,0.25,"measured_pass_at_k(n=2,k=8)",1.0
kodcode-7c6885ee0e48,ut_pytest,,en,excluded,excluded,TOO_EASY,PROMPT_FIX_ENTRY_POINT,0,0,0.5,"measured_pass_at_k(n=2,k=8)",1.0
kodcode-a52cced92e16,ut_pytest,,en,excluded,excluded,TOO_EASY,PROMPT_FIX_ENTRY_POINT,0,0,0.5,"measured_pass_at_k(n=2,k=16)",1.0
kodcode-9e3748fe5cf8,ut_pytest,,en,test,ok,,PROMPT_FIX_ENTRY_POINT,0,0,0.25,"measured_pass_at_k(n=2,k=8)",
kodcode-47f4d7b4f158,ut_pytest,,en,excluded,excluded,TOO_EASY,PROMPT_FIX_ENTRY_POINT,0,0,0.375,"measured_pass_at_k(n=2,k=16)",1.0
kodcode-65271fd94c07,ut_pytest,,en,test,ok,,PROMPT_FIX_ENTRY_POINT,0,0,0.5,"measured_pass_at_k(n=2,k=8)",
kodcode-0890cb919b98,ut_pytest,,en,excluded,excluded,TOO_EASY,PROMPT_FIX_ENTRY_POINT,0,0,0.5,"measured_pass_at_k(n=2,k=8)",1.0
kodcode-41de18c3648b,ut_pytest,,en,train,ok,,HARD_BUT_PARTIAL_SIGNAL;PROMPT_FIX_ENTRY_POINT,0,0,0.5,"measured_pass_at_k(n=2,k=16)",0.0
opencodeinstruct-d39371fea743,ut_function,,en,excluded,excluded,TOO_EASY,PROMPT_FIX_ENTRY_POINT,0,0,0.5,"measured_pass_at_k(n=2,k=8)",1.0
kodcode-d0a96e979da1,ut_pytest,,en,excluded,excluded,TOO_EASY,PROMPT_FIX_ENTRY_POINT,0,0,0.25,"measured_pass_at_k(n=2,k=16)",1.0
kodcode-658b08742d2d,ut_pytest,,en,excluded,excluded,TOO_EASY,PROMPT_FIX_ENTRY_POINT,0,0,0.5,"measured_pass_at_k(n=2,k=8)",1.0
kodcode-10c6d150af88,ut_pytest,,en,excluded,excluded,TOO_EASY,PROMPT_FIX_ENTRY_POINT,0,0,0.5,"measured_pass_at_k(n=2,k=8)",1.0
kodcode-359b9af8b00e,ut_pytest,,en,train,ok,,PROMPT_FIX_ENTRY_POINT,0,0,0.25,"measured_pass_at_k(n=2,k=8)",0.875
kodcode-22f3fae2984f,ut_pytest,,en,excluded,excluded,TOO_EASY,PROMPT_FIX_ENTRY_POINT,0,0,0.25,"measured_pass_at_k(n=2,k=8)",1.0
kodcode-7e21487880f4,ut_pytest,,en,train,ok,,PROMPT_FIX_ENTRY_POINT,0,0,0.25,"measured_pass_at_k(n=2,k=8)",0.25
kodcode-4363ff17c901,ut_pytest,,en,train,ok,,PROMPT_FIX_ENTRY_POINT,0,0,0.25,"measured_pass_at_k(n=2,k=16)",0.5
kodcode-9e4bb59a0277,ut_pytest,,en,train,ok,,PROMPT_FIX_ENTRY_POINT,0,0,0.75,"measured_pass_at_k(n=2,k=8)",0.75
kodcode-c65bf91621c7,ut_pytest,,en,train,ok,,PROMPT_FIX_ENTRY_POINT,0,0,0.5,"measured_pass_at_k(n=2,k=8)",0.125
kodcode-b744eaa87476,ut_pytest,,en,train,ok,,PROMPT_FIX_ENTRY_POINT,0,0,0.5,"measured_pass_at_k(n=2,k=8)",0.625
opencodeinstruct-9de85a5c9cd1,ut_function,,en,excluded,excluded,TOO_EASY,PROMPT_FIX_ENTRY_POINT,0,0,0.5,"measured_pass_at_k(n=2,k=8)",1.0
kodcode-8f8494e1230a,ut_pytest,,en,train,ok,,PROMPT_FIX_ENTRY_POINT,0,0,0.75,"measured_pass_at_k(n=2,k=8)",0.75
kodcode-0e2703c95f4a,ut_pytest,,en,excluded,excluded,TOO_EASY,PROMPT_FIX_ENTRY_POINT,0,0,0.5,"measured_pass_at_k(n=2,k=8)",1.0
kodcode-95e872c896cb,ut_pytest,,en,train,ok,,PROMPT_FIX_ENTRY_POINT,0,0,0.75,"measured_pass_at_k(n=2,k=16)",0.75
kodcode-15958100be4e,ut_pytest,,en,excluded,excluded,TOO_EASY,PROMPT_FIX_ENTRY_POINT,0,0,0.25,"measured_pass_at_k(n=2,k=8)",1.0
kodcode-3e1981781a9d,ut_pytest,,en,train,ok,,PROMPT_FIX_ENTRY_POINT,0,0,0.25,"measured_pass_at_k(n=2,k=8)",0.5
kodcode-5ed8fe0f084c,ut_pytest,,en,test,ok,,PROMPT_FIX_ENTRY_POINT,0,0,0.75,"measured_pass_at_k(n=2,k=8)",
kodcode-0e01683ecc73,ut_pytest,,en,train,ok,,PROMPT_FIX_ENTRY_POINT,0,0,0.5,"measured_pass_at_k(n=2,k=8)",0.375
kodcode-16142bc58b82,ut_pytest,,en,train,ok,,PROMPT_FIX_ENTRY_POINT,0,0,0.5,"measured_pass_at_k(n=2,k=8)",0.875
opencodeinstruct-0da518bfd41e,ut_function,,en,excluded,excluded,TOO_HARD,PROMPT_FIX_ENTRY_POINT,0,0,0.25,"measured_pass_at_k(n=2,k=8)",0.0
rstar-a0a28d29a4e6,ut_stdio,,en,train,ok,,no_reference_solution,0,0,0.5,"measured_pass_at_k(n=2,k=8)",0.5
rstar-357d857045cb,ut_stdio,,en,excluded,excluded,TOO_EASY,no_reference_solution,0,0,0.75,"measured_pass_at_k(n=2,k=8)",1.0
rstar-22adaf7ed7b5,ut_stdio,,en,excluded,excluded,TOO_EASY,no_reference_solution,0,0,0.25,"measured_pass_at_k(n=2,k=8)",1.0
rstar-ec8d268f847b,ut_stdio,,en,excluded,excluded,TOO_EASY,no_reference_solution,0,0,0.5,"measured_pass_at_k(n=2,k=8)",1.0
rstar-a8e08ef0ba97,ut_stdio,,en,train,ok,,no_reference_solution;HARD_BUT_PARTIAL_SIGNAL,0,0,0.75,"measured_pass_at_k(n=2,k=8)",0.0
rstar-f7a4e7d7ec82,ut_stdio,,en,validation,ok,,no_reference_solution,0,0,0.5,"measured_pass_at_k(n=2,k=8)",
rstar-cf0c0e71aecc,ut_stdio,,en,excluded,excluded,TOO_EASY,no_reference_solution,0,0,0.5,"measured_pass_at_k(n=2,k=8)",1.0
rstar-acb56587fea4,ut_stdio,,en,excluded,excluded,TOO_HARD,no_reference_solution,0,0,0.25,"measured_pass_at_k(n=2,k=8)",0.0
rstar-eac0b1d8ffce,ut_stdio,,en,train,ok,,no_reference_solution,0,0,0.25,"measured_pass_at_k(n=2,k=16)",0.375
rstar-8fca7c413d0c,ut_stdio,,en,train,ok,,no_reference_solution,0,0,0.25,"measured_pass_at_k(n=2,k=8)",0.125
rstar-b6ff8d9ca958,ut_stdio,,en,train,ok,,no_reference_solution,0,0,0.25,"measured_pass_at_k(n=2,k=8)",0.25
rstar-6b685e9d65af,ut_stdio,,en,train,ok,,no_reference_solution,0,0,0.5,"measured_pass_at_k(n=2,k=8)",0.5
rstar-9ee8a3f2c268,ut_stdio,,en,excluded,excluded,TOO_HARD,no_reference_solution,0,0,0.5,"measured_pass_at_k(n=2,k=8)",0.0
rstar-67bb44bf627a,ut_stdio,,en,validation,ok,,no_reference_solution,0,0,0.375,"measured_pass_at_k(n=2,k=16)",
rstar-c6d8d39fb27e,ut_stdio,,en,train,ok,,no_reference_solution,0,0,0.5,"measured_pass_at_k(n=2,k=8)",0.75
rstar-bc4402eb08e8,ut_stdio,,en,excluded,excluded,TOO_EASY,no_reference_solution,0,0,0.25,"measured_pass_at_k(n=2,k=8)",1.0
rstar-2bf1e398c768,ut_stdio,,en,excluded,excluded,TOO_HARD,no_reference_solution,0,0,0.75,"measured_pass_at_k(n=2,k=8)",0.0
rstar-fdfde7927f56,ut_stdio,,en,excluded,excluded,TOO_HARD,no_reference_solution,0,0,0.25,"measured_pass_at_k(n=2,k=8)",0.0
rstar-dbe70db04c5f,ut_stdio,,en,train,ok,,no_reference_solution,0,0,0.25,"measured_pass_at_k(n=2,k=8)",0.5
rstar-3d7c534f1b33,ut_stdio,,en,excluded,excluded,TOO_HARD,no_reference_solution,0,0,0.25,"measured_pass_at_k(n=2,k=8)",0.0
opencodeinstruct-e52586e9b6d7,ut_function,,en,train,ok,,PROMPT_FIX_ENTRY_POINT,0,0,0.75,"measured_pass_at_k(n=2,k=8)",0.875
opencodeinstruct-02cd274cb2be,ut_function,,en,train,ok,,PROMPT_FIX_ENTRY_POINT,0,0,0.25,"measured_pass_at_k(n=2,k=8)",0.875
opencodeinstruct-9a8b0eb1bbe4,ut_function,,en,excluded,excluded,TOO_EASY,PROMPT_FIX_ENTRY_POINT,0,0,0.5,"measured_pass_at_k(n=2,k=8)",1.0
opencodeinstruct-203b9e0afdd8,ut_function,,en,excluded,excluded,TOO_EASY,PROMPT_FIX_ENTRY_POINT,0,0,0.75,"measured_pass_at_k(n=2,k=8)",1.0
opencodeinstruct-1baee826e2af,ut_function,,en,excluded,excluded,TOO_EASY,PROMPT_FIX_ENTRY_POINT,0,0,0.75,"measured_pass_at_k(n=2,k=8)",1.0
opencodeinstruct-f96eadb4aa41,ut_function,,en,train,ok,,PROMPT_FIX_ENTRY_POINT,0,0,0.25,"measured_pass_at_k(n=2,k=8)",0.75
opencodeinstruct-c83486e4d0a4,ut_function,,en,test,ok,,PROMPT_FIX_ENTRY_POINT,0,0,0.75,"measured_pass_at_k(n=2,k=8)",
opencodeinstruct-0b50f29f50b1,ut_function,,en,test,ok,,PROMPT_FIX_ENTRY_POINT,0,0,0.75,"measured_pass_at_k(n=2,k=8)",
opencodeinstruct-8326ca26f847,ut_function,,en,excluded,excluded,TOO_EASY,PROMPT_FIX_ENTRY_POINT,0,0,0.75,"measured_pass_at_k(n=2,k=8)",1.0
opencodeinstruct-0024daccf398,ut_function,,en,excluded,excluded,TOO_EASY,PROMPT_FIX_ENTRY_POINT,0,0,0.75,"measured_pass_at_k(n=2,k=8)",1.0
opencodeinstruct-45ba622e93d7,ut_function,,en,validation,ok,,PROMPT_FIX_ENTRY_POINT,0,0,0.25,"measured_pass_at_k(n=2,k=8)",
opencodeinstruct-1786acf44037,ut_function,,en,excluded,excluded,TOO_EASY,PROMPT_FIX_ENTRY_POINT,0,0,0.5,"measured_pass_at_k(n=2,k=8)",1.0
opencodeinstruct-7dca3999d262,ut_function,,en,excluded,excluded,TOO_EASY,PROMPT_FIX_ENTRY_POINT,0,0,0.25,"measured_pass_at_k(n=2,k=8)",1.0
opencodeinstruct-0218f0087ddd,ut_function,,en,excluded,excluded,TOO_EASY,PROMPT_FIX_ENTRY_POINT,0,0,0.75,"measured_pass_at_k(n=2,k=8)",1.0
opencodeinstruct-4525d4fe47c3,ut_function,,en,test,ok,,PROMPT_FIX_ENTRY_POINT,0,0,0.25,"measured_pass_at_k(n=2,k=8)",
opencodeinstruct-00ad62237227,ut_function,,en,excluded,excluded,TOO_EASY,PROMPT_FIX_ENTRY_POINT,0,0,0.5,"measured_pass_at_k(n=2,k=8)",1.0
opencodeinstruct-adedbada1a1c,ut_function,,en,test,ok,,PROMPT_FIX_ENTRY_POINT,0,0,0.375,"measured_pass_at_k(n=2,k=16)",
opencodeinstruct-6ba8133192b3,ut_function,,en,excluded,excluded,TOO_EASY,PROMPT_FIX_ENTRY_POINT,0,0,0.25,"measured_pass_at_k(n=2,k=8)",1.0
opencodeinstruct-0de153f67d51,ut_function,,en,excluded,excluded,TOO_EASY,PROMPT_FIX_ENTRY_POINT,0,0,0.25,"measured_pass_at_k(n=2,k=8)",1.0
opencodeinstruct-6bb737041d8b,ut_function,,en,excluded,excluded,TOO_EASY,PROMPT_FIX_ENTRY_POINT,0,0,0.5,"measured_pass_at_k(n=2,k=8)",1.0
opencodeinstruct-5867f8dd82d7,ut_function,,en,excluded,excluded,TOO_EASY,PROMPT_FIX_ENTRY_POINT,0,0,0.25,"measured_pass_at_k(n=2,k=8)",1.0
opencodeinstruct-fff981d94c14,ut_function,,en,excluded,excluded,TOO_EASY,PROMPT_FIX_ENTRY_POINT,0,0,0.25,"measured_pass_at_k(n=2,k=8)",1.0
opencodeinstruct-d4a2b64c4a63,ut_function,,en,excluded,excluded,TOO_EASY,PROMPT_FIX_ENTRY_POINT,0,0,0.75,"measured_pass_at_k(n=2,k=8)",1.0
opencodeinstruct-71e824d924dc,ut_function,,en,excluded,excluded,TOO_EASY,PROMPT_FIX_ENTRY_POINT,0,0,0.5,"measured_pass_at_k(n=2,k=8)",1.0
opencodeinstruct-8f4b18e8b469,ut_function,,en,train,ok,,PROMPT_FIX_ENTRY_POINT,0,0,0.5,"measured_pass_at_k(n=2,k=8)",0.75
opencodeinstruct-087c28b4a345,ut_function,,en,excluded,excluded,TOO_EASY,PROMPT_FIX_ENTRY_POINT,0,0,0.5,"measured_pass_at_k(n=2,k=8)",1.0
opencodeinstruct-3ad65ea9a9fb,ut_function,,en,excluded,excluded,TOO_EASY,PROMPT_FIX_ENTRY_POINT,0,0,0.25,"measured_pass_at_k(n=2,k=8)",1.0
opencodeinstruct-4a5979d9087b,ut_function,,en,excluded,excluded,TOO_HARD,PROMPT_FIX_ENTRY_POINT,0,0,0.5,"measured_pass_at_k(n=2,k=8)",0.0
opencodeinstruct-41bd3c5d6ae4,ut_function,,en,excluded,excluded,TOO_EASY,PROMPT_FIX_ENTRY_POINT,0,0,0.25,"measured_pass_at_k(n=2,k=8)",1.0
opencodeinstruct-0b87704544f9,ut_function,,en,excluded,excluded,TOO_EASY,PROMPT_FIX_ENTRY_POINT,0,0,0.25,"measured_pass_at_k(n=2,k=16)",1.0
opencodeinstruct-feaf157ce1ed,ut_function,,en,excluded,excluded,TOO_EASY,PROMPT_FIX_ENTRY_POINT,0,0,0.25,"measured_pass_at_k(n=2,k=8)",1.0
opencodeinstruct-1c492b1cea32,ut_function,,en,excluded,excluded,TOO_EASY,PROMPT_FIX_ENTRY_POINT,0,0,0.25,"measured_pass_at_k(n=2,k=8)",1.0
opencodeinstruct-f7908c5f2614,ut_function,,en,excluded,excluded,TOO_EASY,PROMPT_FIX_ENTRY_POINT,0,0,0.25,"measured_pass_at_k(n=2,k=8)",1.0
opencodeinstruct-693177682253,ut_function,,en,excluded,excluded,TOO_EASY,PROMPT_FIX_ENTRY_POINT,0,0,0.5,"measured_pass_at_k(n=2,k=8)",1.0
opencodeinstruct-38815325c011,ut_function,,en,excluded,excluded,TOO_EASY,PROMPT_FIX_ENTRY_POINT,0,0,0.5,"measured_pass_at_k(n=2,k=16)",1.0
opencodeinstruct-528074b324a7,ut_function,,en,excluded,excluded,TOO_HARD,PROMPT_FIX_ENTRY_POINT,0,0,0.5,"measured_pass_at_k(n=2,k=8)",0.0
opencodeinstruct-7c0a009608cd,ut_function,,en,excluded,excluded,TOO_EASY,PROMPT_FIX_ENTRY_POINT,0,0,0.25,"measured_pass_at_k(n=2,k=8)",1.0
kodcode-41381b7cf6d0,ut_pytest,,en,excluded,excluded,TOO_EASY,PROMPT_FIX_ENTRY_POINT,0,0,0.25,"measured_pass_at_k(n=2,k=8)",1.0
kodcode-f40e065c7a12,ut_pytest,,en,train,ok,,PROMPT_FIX_ENTRY_POINT,0,0,0.25,"measured_pass_at_k(n=2,k=8)",0.375
opencodeinstruct-766f15744d1b,ut_function,,en,train,ok,,HARD_BUT_PARTIAL_SIGNAL;PROMPT_FIX_ENTRY_POINT,0,0,0.25,"measured_pass_at_k(n=2,k=8)",0.0
kodcode-67e592e4fa09,ut_pytest,,en,train,ok,,HARD_BUT_PARTIAL_SIGNAL;PROMPT_FIX_ENTRY_POINT,0,0,0.5,"measured_pass_at_k(n=2,k=8)",0.0
kodcode-247621da0648,ut_pytest,,en,excluded,excluded,TOO_EASY,PROMPT_FIX_ENTRY_POINT,0,0,0.5,"measured_pass_at_k(n=2,k=8)",1.0
kodcode-9b1daa2712cc,ut_pytest,,en,train,ok,,PROMPT_FIX_ENTRY_POINT,0,0,0.25,"measured_pass_at_k(n=2,k=8)",0.875
kodcode-b20fd592fb31,ut_pytest,,en,validation,ok,,PROMPT_FIX_ENTRY_POINT,0,0,0.5,"measured_pass_at_k(n=2,k=8)",
kodcode-164aa523be09,ut_pytest,,en,train,ok,,PROMPT_FIX_ENTRY_POINT,0,0,0.5,"measured_pass_at_k(n=2,k=8)",0.625
kodcode-508857f018fa,ut_pytest,,en,test,ok,,PROMPT_FIX_ENTRY_POINT,0,0,0.25,"measured_pass_at_k(n=2,k=8)",
kodcode-d3eb22111572,ut_pytest,,en,excluded,excluded,TOO_HARD,PROMPT_FIX_ENTRY_POINT,0,0,0.5,"measured_pass_at_k(n=2,k=8)",0.0
kodcode-dd2f0222066f,ut_pytest,,en,train,ok,,PROMPT_FIX_ENTRY_POINT,0,0,0.25,"measured_pass_at_k(n=2,k=8)",0.875
kodcode-9b7324e456ad,ut_pytest,,en,excluded,excluded,TOO_EASY,PROMPT_FIX_ENTRY_POINT,0,0,0.75,"measured_pass_at_k(n=2,k=8)",1.0
kodcode-2133dfe7216a,ut_pytest,,en,train,ok,,PROMPT_FIX_ENTRY_POINT,0,0,0.75,"measured_pass_at_k(n=2,k=16)",0.875
kodcode-5b40b96d6405,ut_pytest,,en,test,ok,,PROMPT_FIX_ENTRY_POINT,0,0,0.5,"measured_pass_at_k(n=2,k=8)",
opencodeinstruct-5216c68ab16a,ut_function,,en,train,ok,,PROMPT_FIX_ENTRY_POINT,0,0,0.5,"measured_pass_at_k(n=2,k=8)",0.5
opencodeinstruct-72bb0319b5e9,ut_function,,en,excluded,excluded,TOO_EASY,PROMPT_FIX_ENTRY_POINT,0,0,0.25,"measured_pass_at_k(n=2,k=8)",1.0
kodcode-df43ffb7534e,ut_pytest,,en,excluded,excluded,TOO_EASY,PROMPT_FIX_ENTRY_POINT,0,0,0.5,"measured_pass_at_k(n=2,k=8)",1.0
opencodeinstruct-97b1b467873f,ut_function,,en,train,ok,,PROMPT_FIX_ENTRY_POINT,0,0,0.5,"measured_pass_at_k(n=2,k=8)",0.125
kodcode-0c9b4826cf3b,ut_pytest,,en,excluded,excluded,TOO_EASY,PROMPT_FIX_ENTRY_POINT,0,0,0.75,"measured_pass_at_k(n=2,k=8)",1.0
kodcode-6bfb239c93ed,ut_pytest,,en,train,ok,,PROMPT_FIX_ENTRY_POINT,0,0,0.5,"measured_pass_at_k(n=2,k=8)",0.75
kodcode-66ba11f21849,ut_pytest,,en,excluded,excluded,TOO_HARD,PROMPT_FIX_ENTRY_POINT,0,0,0.25,"measured_pass_at_k(n=2,k=16)",0.0
opencodeinstruct-6d882d83160e,ut_function,,en,test,ok,,PROMPT_FIX_ENTRY_POINT,0,0,0.75,"measured_pass_at_k(n=2,k=8)",
kodcode-e4762a21f0c9,ut_pytest,,en,excluded,excluded,TOO_HARD,PROMPT_FIX_ENTRY_POINT,0,0,0.5,"measured_pass_at_k(n=2,k=8)",0.0
kodcode-06bba65e5ca8,ut_pytest,,en,train,ok,,PROMPT_FIX_ENTRY_POINT,0,0,0.75,"measured_pass_at_k(n=2,k=8)",0.875
kodcode-6b5a3e7f47f6,ut_pytest,,en,train,ok,,PROMPT_FIX_ENTRY_POINT,0,0,0.25,"measured_pass_at_k(n=2,k=8)",0.5
kodcode-bb22e170fe45,ut_pytest,,en,train,ok,,HARD_BUT_PARTIAL_SIGNAL;PROMPT_FIX_ENTRY_POINT,0,0,0.5,"measured_pass_at_k(n=2,k=8)",0.0
kodcode-b6d2f1d7d840,ut_pytest,,en,excluded,excluded,TOO_HARD,PROMPT_FIX_ENTRY_POINT,0,0,0.25,"measured_pass_at_k(n=2,k=8)",0.0
kodcode-b9bcc2e367a0,ut_pytest,,en,excluded,excluded,TOO_EASY,PROMPT_FIX_ENTRY_POINT,0,0,0.25,"measured_pass_at_k(n=2,k=8)",1.0
kodcode-ab53cf18f7f1,ut_pytest,,en,excluded,excluded,TOO_EASY,PROMPT_FIX_ENTRY_POINT,0,0,0.5,"measured_pass_at_k(n=2,k=16)",1.0
kodcode-1d50820a595e,ut_pytest,,en,train,ok,,PROMPT_FIX_ENTRY_POINT,0,0,0.5,"measured_pass_at_k(n=2,k=8)",0.5
kodcode-72d95b8bf52d,ut_pytest,,en,excluded,excluded,TOO_EASY,PROMPT_FIX_ENTRY_POINT,0,0,0.75,"measured_pass_at_k(n=2,k=8)",1.0
kodcode-16351547d474,ut_pytest,,en,test,ok,,PROMPT_FIX_ENTRY_POINT,0,0,0.25,"measured_pass_at_k(n=2,k=8)",
kodcode-8f63fa8c5bdb,ut_pytest,,en,excluded,excluded,TOO_EASY,PROMPT_FIX_ENTRY_POINT,0,0,0.5,"measured_pass_at_k(n=2,k=16)",1.0
kodcode-ad53e26fd950,ut_pytest,,en,test,ok,,PROMPT_FIX_ENTRY_POINT,0,0,0.75,"measured_pass_at_k(n=2,k=8)",
kodcode-3d23cde61918,ut_pytest,,en,excluded,excluded,TOO_EASY,PROMPT_FIX_ENTRY_POINT,0,0,0.625,"measured_pass_at_k(n=2,k=16)",1.0
kodcode-c78ac0e8b1fe,ut_pytest,,en,train,ok,,PROMPT_FIX_ENTRY_POINT,0,0,0.25,"measured_pass_at_k(n=2,k=8)",0.125
kodcode-0224de3d7b3b,ut_pytest,,en,excluded,excluded,TOO_EASY,PROMPT_FIX_ENTRY_POINT,0,0,0.25,"measured_pass_at_k(n=2,k=8)",1.0
rstar-0a0a86baeabc,ut_stdio,,en,train,ok,,no_reference_solution;HARD_BUT_PARTIAL_SIGNAL,0,0,0.25,"measured_pass_at_k(n=2,k=8)",0.0
rstar-6f3bcb1fa906,ut_stdio,,en,excluded,excluded,TOO_HARD,no_reference_solution,0,0,0.25,"measured_pass_at_k(n=2,k=8)",0.0
rstar-6fd324bb071c,ut_stdio,,en,excluded,excluded,TOO_HARD,no_reference_solution,0,0,0.5,"measured_pass_at_k(n=2,k=8)",0.0
rstar-31eccb383641,ut_stdio,,en,train,ok,,no_reference_solution,0,0,0.5,"measured_pass_at_k(n=2,k=8)",0.5
rstar-70327e987aeb,ut_stdio,,en,excluded,excluded,TOO_EASY,no_reference_solution,0,0,0.75,"measured_pass_at_k(n=2,k=8)",1.0
rstar-936eb7ed31ad,ut_stdio,,en,validation,ok,,no_reference_solution,0,0,0.5,"measured_pass_at_k(n=2,k=8)",
rstar-215baa97df3c,ut_stdio,,en,validation,ok,,no_reference_solution,0,0,0.25,"measured_pass_at_k(n=2,k=8)",
rstar-48991e1992de,ut_stdio,,en,excluded,excluded,TOO_EASY,no_reference_solution,0,0,0.25,"measured_pass_at_k(n=2,k=8)",1.0
rstar-b6517d82eb0c,ut_stdio,,en,train,ok,,no_reference_solution,0,0,0.25,"measured_pass_at_k(n=2,k=8)",0.625
rstar-8728fa8e1e62,ut_stdio,,en,validation,ok,,no_reference_solution,0,0,0.5,"measured_pass_at_k(n=2,k=8)",
rstar-9f94d1205f11,ut_stdio,,en,excluded,excluded,TOO_HARD,no_reference_solution,0,0,0.25,"measured_pass_at_k(n=2,k=8)",0.0
rstar-3c47bbdb6dad,ut_stdio,,en,validation,ok,,no_reference_solution,0,0,0.5,"measured_pass_at_k(n=2,k=8)",
rstar-dad5d9fd010e,ut_stdio,,en,train,ok,,no_reference_solution,0,0,0.5,"measured_pass_at_k(n=2,k=8)",0.875
rstar-ed8b0b817b9a,ut_stdio,,en,train,ok,,no_reference_solution,0,0,0.5,"measured_pass_at_k(n=2,k=8)",0.125
rstar-12cdd47f57f1,ut_stdio,,en,excluded,excluded,TOO_EASY,no_reference_solution,0,0,0.5,"measured_pass_at_k(n=2,k=8)",1.0
rstar-ebbfc4e4cad0,ut_stdio,,en,excluded,excluded,TOO_EASY,no_reference_solution,0,0,0.5,"measured_pass_at_k(n=2,k=8)",1.0
rstar-180fc1c14b25,ut_stdio,,en,excluded,excluded,TOO_EASY,no_reference_solution,0,0,0.25,"measured_pass_at_k(n=2,k=8)",1.0
rstar-14f539288cb0,ut_stdio,,en,test,ok,,no_reference_solution,0,0,0.25,"measured_pass_at_k(n=2,k=8)",
rstar-bbba8f97ae81,ut_stdio,,en,test,ok,,no_reference_solution,0,0,0.5,"measured_pass_at_k(n=2,k=8)",
rstar-51501476f888,ut_stdio,,en,excluded,excluded,TOO_EASY,no_reference_solution,0,0,0.75,"measured_pass_at_k(n=2,k=8)",1.0
rstar-1a71d7820d65,ut_stdio,,en,train,ok,,no_reference_solution,0,0,0.25,"measured_pass_at_k(n=2,k=8)",0.75
rstar-de0dbe4b6cc3,ut_stdio,,en,excluded,excluded,TOO_EASY,no_reference_solution,0,0,0.25,"measured_pass_at_k(n=2,k=16)",1.0
rstar-262462fbcabb,ut_stdio,,en,excluded,excluded,TOO_EASY,no_reference_solution,0,0,0.5,"measured_pass_at_k(n=2,k=8)",1.0
rstar-46abbdc12807,ut_stdio,,en,train,ok,,no_reference_solution,0,0,0.25,"measured_pass_at_k(n=2,k=8)",0.375
opencodeinstruct-926c89114300,ut_function,,en,excluded,excluded,TOO_HARD,PROMPT_FIX_ENTRY_POINT,0,0,0.5,"measured_pass_at_k(n=2,k=8)",0.0
opencodeinstruct-8f7a66cacaed,ut_function,,en,train,ok,,PROMPT_FIX_ENTRY_POINT,0,0,0.5,"measured_pass_at_k(n=2,k=8)",0.5
opencodeinstruct-42a60bc84be6,ut_function,,en,validation,ok,,PROMPT_FIX_ENTRY_POINT,0,0,0.25,"measured_pass_at_k(n=2,k=8)",
opencodeinstruct-0bd7cb8915bf,ut_function,,en,validation,ok,,PROMPT_FIX_ENTRY_POINT,0,0,0.5,"measured_pass_at_k(n=2,k=8)",
opencodeinstruct-fd66ae1f7906,ut_function,,en,excluded,excluded,TOO_EASY,PROMPT_FIX_ENTRY_POINT,0,0,0.75,"measured_pass_at_k(n=2,k=8)",1.0
opencodeinstruct-e200fd3897d8,ut_function,,en,train,ok,,PROMPT_FIX_ENTRY_POINT,0,0,0.75,"measured_pass_at_k(n=2,k=8)",0.75
opencodeinstruct-fbead0c284f1,ut_function,,en,excluded,excluded,TOO_EASY,PROMPT_FIX_ENTRY_POINT,0,0,0.25,"measured_pass_at_k(n=2,k=8)",1.0
opencodeinstruct-d2ee5848d142,ut_function,,en,train,ok,,HARD_BUT_PARTIAL_SIGNAL;PROMPT_FIX_ENTRY_POINT,0,0,0.25,"measured_pass_at_k(n=2,k=8)",0.0
opencodeinstruct-9ddf0d86777c,ut_function,,en,train,ok,,PROMPT_FIX_ENTRY_POINT,0,0,0.25,"measured_pass_at_k(n=2,k=8)",0.5
opencodeinstruct-af9b9eea9f24,ut_function,,en,excluded,excluded,TOO_EASY,PROMPT_FIX_ENTRY_POINT,0,0,0.25,"measured_pass_at_k(n=2,k=16)",1.0
opencodeinstruct-4f71f8fa5706,ut_function,,en,train,ok,,PROMPT_FIX_ENTRY_POINT,0,0,0.75,"measured_pass_at_k(n=2,k=8)",0.625
opencodeinstruct-d047e60f925f,ut_function,,en,excluded,excluded,TOO_EASY,PROMPT_FIX_ENTRY_POINT,0,0,0.25,"measured_pass_at_k(n=2,k=8)",1.0
opencodeinstruct-cad695b2c4e5,ut_function,,en,excluded,excluded,TOO_EASY,PROMPT_FIX_ENTRY_POINT,0,0,0.25,"measured_pass_at_k(n=2,k=8)",1.0
opencodeinstruct-1aca4f4f55b3,ut_function,,en,excluded,excluded,TOO_EASY,PROMPT_FIX_ENTRY_POINT,0,0,0.25,"measured_pass_at_k(n=2,k=8)",1.0
opencodeinstruct-06634b7ca211,ut_function,,en,excluded,excluded,TOO_EASY,PROMPT_FIX_ENTRY_POINT,0,0,0.25,"measured_pass_at_k(n=1,k=8)",1.0
opencodeinstruct-d4aa38a0c1ff,ut_function,,en,test,ok,,PROMPT_FIX_ENTRY_POINT,0,0,0.5,"measured_pass_at_k(n=2,k=8)",
opencodeinstruct-17b536822f04,ut_function,,en,excluded,excluded,TOO_HARD,PROMPT_FIX_ENTRY_POINT,0,0,0.25,"measured_pass_at_k(n=2,k=8)",0.0
opencodeinstruct-54f52deb1522,ut_function,,en,excluded,excluded,TOO_EASY,PROMPT_FIX_ENTRY_POINT,0,0,0.25,"measured_pass_at_k(n=2,k=8)",1.0
opencodeinstruct-2a8a08b7cfde,ut_function,,en,excluded,excluded,TOO_EASY,PROMPT_FIX_ENTRY_POINT,0,0,0.5,"measured_pass_at_k(n=2,k=8)",1.0
opencodeinstruct-c89575161396,ut_function,,en,excluded,excluded,TOO_EASY,PROMPT_FIX_ENTRY_POINT,0,0,0.25,"measured_pass_at_k(n=2,k=8)",1.0
opencodeinstruct-706984671ead,ut_function,,en,excluded,excluded,TOO_EASY,PROMPT_FIX_ENTRY_POINT,0,0,0.5,"measured_pass_at_k(n=2,k=8)",1.0
opencodeinstruct-be02cfaff353,ut_function,,en,excluded,excluded,TOO_EASY,PROMPT_FIX_ENTRY_POINT,0,0,0.5,"measured_pass_at_k(n=2,k=8)",1.0
opencodeinstruct-932a83acc4a4,ut_function,,en,validation,ok,,PROMPT_FIX_ENTRY_POINT,0,0,0.75,"measured_pass_at_k(n=2,k=8)",
opencodeinstruct-cfea64257a33,ut_function,,en,excluded,excluded,TOO_EASY,PROMPT_FIX_ENTRY_POINT,0,0,0.25,"measured_pass_at_k(n=2,k=8)",1.0
opencodeinstruct-93df30c99839,ut_function,,en,excluded,excluded,TOO_EASY,PROMPT_FIX_ENTRY_POINT,0,0,0.5,"measured_pass_at_k(n=2,k=8)",1.0
opencodeinstruct-d10459b92a29,ut_function,,en,excluded,excluded,TOO_EASY,PROMPT_FIX_ENTRY_POINT,0,0,0.25,"measured_pass_at_k(n=2,k=8)",1.0
opencodeinstruct-43b331e9b8ac,ut_function,,en,excluded,excluded,TOO_EASY,PROMPT_FIX_ENTRY_POINT,0,0,0.375,"measured_pass_at_k(n=2,k=16)",1.0
opencodeinstruct-29fc87a2406a,ut_function,,en,excluded,excluded,TOO_EASY,PROMPT_FIX_ENTRY_POINT,0,0,0.5,"measured_pass_at_k(n=2,k=16)",1.0
opencodeinstruct-dd18b11a72c2,ut_function,,en,excluded,excluded,TOO_EASY,PROMPT_FIX_ENTRY_POINT,0,0,0.25,"measured_pass_at_k(n=2,k=16)",1.0
opencodeinstruct-3ea5dd6442e6,ut_function,,en,excluded,excluded,TOO_EASY,PROMPT_FIX_ENTRY_POINT,0,0,0.5,"measured_pass_at_k(n=2,k=8)",1.0
opencodeinstruct-d6e4255e73fb,ut_function,,en,excluded,excluded,TOO_EASY,PROMPT_FIX_ENTRY_POINT,0,0,0.5,"measured_pass_at_k(n=2,k=8)",1.0
opencodeinstruct-b738db1c1670,ut_function,,en,excluded,excluded,TOO_EASY,PROMPT_FIX_ENTRY_POINT,0,0,0.25,"measured_pass_at_k(n=2,k=16)",1.0
opencodeinstruct-8489ff127a19,ut_function,,en,excluded,excluded,TOO_EASY,PROMPT_FIX_ENTRY_POINT,0,0,0.25,"measured_pass_at_k(n=2,k=8)",1.0
opencodeinstruct-f72ab9e5aff1,ut_function,,en,train,ok,,PROMPT_FIX_ENTRY_POINT,0,0,0.25,"measured_pass_at_k(n=2,k=8)",0.125
opencodeinstruct-5b28cb08b53c,ut_function,,en,excluded,excluded,TOO_EASY,PROMPT_FIX_ENTRY_POINT,0,0,0.75,"measured_pass_at_k(n=2,k=8)",1.0
opencodeinstruct-6d76b655e14d,ut_function,,en,train,ok,,PROMPT_FIX_ENTRY_POINT,0,0,0.5,"measured_pass_at_k(n=2,k=8)",0.75
opencodeinstruct-f7e34baa7464,ut_function,,en,excluded,excluded,TOO_HARD,PROMPT_FIX_ENTRY_POINT,0,0,0.25,"measured_pass_at_k(n=2,k=16)",0.0
opencodeinstruct-9d4120c3e90d,ut_function,,en,test,ok,,PROMPT_FIX_ENTRY_POINT,0,0,0.5,"measured_pass_at_k(n=2,k=16)",
opencodeinstruct-91fd5b797ff1,ut_function,,en,test,ok,,PROMPT_FIX_ENTRY_POINT,0,0,0.25,"measured_pass_at_k(n=2,k=8)",
opencodeinstruct-ae4cc93561dc,ut_function,,en,test,ok,,PROMPT_FIX_ENTRY_POINT,0,0,0.25,"measured_pass_at_k(n=2,k=8)",
opencodeinstruct-0ce492cd83a9,ut_function,,en,excluded,excluded,TOO_HARD,PROMPT_FIX_ENTRY_POINT,0,0,0.25,"measured_pass_at_k(n=2,k=8)",0.0
opencodeinstruct-99640866814d,ut_function,,en,excluded,excluded,TOO_EASY,PROMPT_FIX_ENTRY_POINT,0,0,0.25,"measured_pass_at_k(n=2,k=8)",1.0
opencodeinstruct-37c8c966210e,ut_function,,en,excluded,excluded,TOO_EASY,PROMPT_FIX_ENTRY_POINT,0,0,0.375,"measured_pass_at_k(n=2,k=16)",1.0
opencodeinstruct-8ab2753a9afd,ut_function,,en,train,ok,,PROMPT_FIX_ENTRY_POINT,0,0,0.5,"measured_pass_at_k(n=2,k=8)",0.375
opencodeinstruct-146aba392781,ut_function,,en,excluded,excluded,TOO_EASY,PROMPT_FIX_ENTRY_POINT,0,0,0.25,"measured_pass_at_k(n=2,k=8)",1.0
kodcode-901219fe21fc,ut_pytest,,en,excluded,excluded,TOO_EASY,PROMPT_FIX_ENTRY_POINT,0,0,0.25,"measured_pass_at_k(n=2,k=8)",1.0
kodcode-bbd309abb27a,ut_pytest,,en,train,ok,,PROMPT_FIX_ENTRY_POINT,0,0,0.25,"measured_pass_at_k(n=2,k=8)",0.875
opencodeinstruct-21113647e4cb,ut_function,,en,excluded,excluded,TOO_EASY,PROMPT_FIX_ENTRY_POINT,0,0,0.5,"measured_pass_at_k(n=2,k=8)",1.0
opencodeinstruct-02a9e1dcd39f,ut_function,,en,excluded,excluded,TOO_EASY,PROMPT_FIX_ENTRY_POINT,0,0,0.625,"measured_pass_at_k(n=2,k=16)",1.0
opencodeinstruct-d93d07b4ef07,ut_function,,en,excluded,excluded,TOO_EASY,PROMPT_FIX_ENTRY_POINT,0,0,0.5,"measured_pass_at_k(n=2,k=8)",1.0
opencodeinstruct-f2baa92c14e2,ut_function,,en,excluded,excluded,TOO_EASY,PROMPT_FIX_ENTRY_POINT,0,0,0.5,"measured_pass_at_k(n=2,k=8)",1.0
kodcode-a45d40f8dad2,ut_pytest,,en,train,ok,,PROMPT_FIX_ENTRY_POINT,0,0,0.75,"measured_pass_at_k(n=2,k=8)",0.5
opencodeinstruct-3a5fb00acc99,ut_function,,en,excluded,excluded,TOO_EASY,PROMPT_FIX_ENTRY_POINT,0,0,0.25,"measured_pass_at_k(n=2,k=8)",1.0
kodcode-689622f615f4,ut_pytest,,en,validation,ok,,PROMPT_FIX_ENTRY_POINT,0,0,0.5,"measured_pass_at_k(n=2,k=8)",
kodcode-da107a8bf077,ut_pytest,,en,train,ok,,PROMPT_FIX_ENTRY_POINT,0,0,0.25,"measured_pass_at_k(n=2,k=8)",0.75
kodcode-fd9e950af83c,ut_pytest,,en,excluded,excluded,TOO_EASY,PROMPT_FIX_ENTRY_POINT,0,0,0.75,"measured_pass_at_k(n=2,k=8)",1.0
kodcode-382de546701a,ut_pytest,,en,test,ok,,PROMPT_FIX_ENTRY_POINT,0,0,0.25,"measured_pass_at_k(n=2,k=8)",
kodcode-bdd07b119e66,ut_pytest,,en,excluded,excluded,TOO_EASY,PROMPT_FIX_ENTRY_POINT,0,0,0.75,"measured_pass_at_k(n=2,k=8)",1.0
opencodeinstruct-abe1045b7674,ut_function,,en,excluded,excluded,TOO_EASY,PROMPT_FIX_ENTRY_POINT,0,0,0.5,"measured_pass_at_k(n=2,k=8)",1.0
kodcode-587c16ace0c3,ut_pytest,,en,excluded,excluded,TOO_HARD,PROMPT_FIX_ENTRY_POINT,0,0,0.5,"measured_pass_at_k(n=2,k=8)",0.0
kodcode-03c37f9b9cdc,ut_pytest,,en,excluded,excluded,TOO_EASY,PROMPT_FIX_ENTRY_POINT,0,0,0.75,"measured_pass_at_k(n=2,k=8)",1.0
kodcode-d926063d011f,ut_pytest,,en,test,ok,,PROMPT_FIX_ENTRY_POINT,0,0,0.5,"measured_pass_at_k(n=2,k=8)",
kodcode-9b55b32aec1a,ut_pytest,,en,excluded,excluded,TOO_EASY,PROMPT_FIX_ENTRY_POINT,0,0,0.5,"measured_pass_at_k(n=2,k=8)",1.0
kodcode-8d5517b79d07,ut_pytest,,en,excluded,excluded,TOO_HARD,PROMPT_FIX_ENTRY_POINT,0,0,0.25,"measured_pass_at_k(n=2,k=16)",0.0
kodcode-c4e8024b4066,ut_pytest,,en,excluded,excluded,TOO_HARD,PROMPT_FIX_ENTRY_POINT,0,0,0.5,"measured_pass_at_k(n=2,k=8)",0.0
kodcode-a3bce5f22935,ut_pytest,,en,excluded,excluded,TOO_EASY,PROMPT_FIX_ENTRY_POINT,0,0,0.5,"measured_pass_at_k(n=2,k=8)",1.0
kodcode-25a200255708,ut_pytest,,en,excluded,excluded,TOO_EASY,PROMPT_FIX_ENTRY_POINT,0,0,0.5,"measured_pass_at_k(n=2,k=16)",1.0
kodcode-31dc68c14d07,ut_pytest,,en,validation,ok,,PROMPT_FIX_ENTRY_POINT,0,0,0.5,"measured_pass_at_k(n=2,k=8)",
kodcode-19950dd94ac1,ut_pytest,,en,test,ok,,PROMPT_FIX_ENTRY_POINT,0,0,0.25,"measured_pass_at_k(n=2,k=8)",
kodcode-a392e41ab7bc,ut_pytest,,en,excluded,excluded,TOO_EASY,PROMPT_FIX_ENTRY_POINT,0,0,0.25,"measured_pass_at_k(n=2,k=8)",1.0
kodcode-25ee1f5df018,ut_pytest,,en,excluded,excluded,TOO_EASY,PROMPT_FIX_ENTRY_POINT,0,0,0.25,"measured_pass_at_k(n=2,k=16)",1.0
kodcode-0b9b2b2ca058,ut_pytest,,en,validation,ok,,PROMPT_FIX_ENTRY_POINT,0,0,0.25,"measured_pass_at_k(n=2,k=16)",
kodcode-4dd605c24e59,ut_pytest,,en,train,ok,,PROMPT_FIX_ENTRY_POINT,0,0,0.25,"measured_pass_at_k(n=2,k=8)",0.625
kodcode-1c48cf363918,ut_pytest,,en,excluded,excluded,TOO_EASY,PROMPT_FIX_ENTRY_POINT,0,0,0.25,"measured_pass_at_k(n=2,k=8)",1.0
rstar-26902a0869a8,ut_stdio,,en,excluded,excluded,TOO_EASY,no_reference_solution,0,0,0.375,"measured_pass_at_k(n=2,k=16)",1.0
rstar-58a575f13719,ut_stdio,,en,train,ok,,no_reference_solution,0,0,0.25,"measured_pass_at_k(n=2,k=8)",0.25
rstar-900e3c28f375,ut_stdio,,en,validation,ok,,no_reference_solution,0,0,0.5,"measured_pass_at_k(n=1,k=4)",
rstar-98a2d75bac7f,ut_stdio,,en,excluded,excluded,TOO_HARD,no_reference_solution,0,0,0.25,"measured_pass_at_k(n=2,k=8)",0.0
rstar-4556411bcd90,ut_stdio,,en,excluded,excluded,TOO_EASY,no_reference_solution,0,0,0.5,"measured_pass_at_k(n=2,k=8)",1.0
rstar-98a0458bb8f4,ut_stdio,,en,train,ok,,no_reference_solution,0,0,0.25,"measured_pass_at_k(n=2,k=8)",0.125
rstar-60c0d48f0a04,ut_stdio,,en,excluded,excluded,TOO_EASY,no_reference_solution,0,0,0.25,"measured_pass_at_k(n=2,k=8)",1.0
rstar-9444b51a2503,ut_stdio,,en,excluded,excluded,TOO_EASY,no_reference_solution,0,0,0.25,"measured_pass_at_k(n=2,k=8)",1.0
rstar-fe2db18f4f35,ut_stdio,,en,excluded,excluded,TOO_EASY,no_reference_solution,0,0,0.5,"measured_pass_at_k(n=2,k=8)",1.0
rstar-d12d95e53fc3,ut_stdio,,en,validation,ok,,no_reference_solution,0,0,0.25,"measured_pass_at_k(n=2,k=8)",
rstar-feec3f18ba73,ut_stdio,,en,excluded,excluded,TOO_EASY,no_reference_solution,0,0,0.25,"measured_pass_at_k(n=2,k=8)",1.0
rstar-635e35053ae9,ut_stdio,,en,train,ok,,no_reference_solution,0,0,0.25,"measured_pass_at_k(n=2,k=8)",0.875
rstar-70986de890ae,ut_stdio,,en,train,ok,,no_reference_solution,0,0,0.75,"measured_pass_at_k(n=2,k=8)",0.625
rstar-23fe0ebcbb48,ut_stdio,,en,excluded,excluded,TOO_EASY,no_reference_solution,0,0,0.75,"measured_pass_at_k(n=2,k=8)",1.0
rstar-5e488bc51b78,ut_stdio,,en,excluded,excluded,TOO_EASY,no_reference_solution,0,0,0.25,"measured_pass_at_k(n=2,k=8)",1.0
rstar-47fc2f7a0609,ut_stdio,,en,train,ok,,no_reference_solution,0,0,0.25,"measured_pass_at_k(n=2,k=8)",0.625
rstar-542aceae2b9d,ut_stdio,,en,train,ok,,no_reference_solution;HARD_BUT_PARTIAL_SIGNAL,0,0,0.25,"measured_pass_at_k(n=2,k=8)",0.0
rstar-bd438756e936,ut_stdio,,en,test,ok,,no_reference_solution,0,0,0.5,"measured_pass_at_k(n=2,k=8)",
rstar-a2caaa9c747a,ut_stdio,,en,train,ok,,no_reference_solution;HARD_BUT_PARTIAL_SIGNAL,0,0,0.5,"measured_pass_at_k(n=2,k=8)",0.0
rstar-c657fb848eab,ut_stdio,,en,train,ok,,no_reference_solution,0,0,0.375,"measured_pass_at_k(n=2,k=16)",0.5
rstar-8904e42ebb4c,ut_stdio,,en,validation,ok,,no_reference_solution,0,0,0.75,"measured_pass_at_k(n=2,k=8)",
rstar-0098fd85efba,ut_stdio,,en,train,ok,,no_reference_solution,0,0,0.25,"measured_pass_at_k(n=2,k=8)",0.875
rstar-a4731d682882,ut_stdio,,en,train,ok,,no_reference_solution,0,0,0.25,"measured_pass_at_k(n=2,k=8)",0.75
rstar-36e35675d00b,ut_stdio,,en,validation,ok,,no_reference_solution,0,0,0.5,"measured_pass_at_k(n=2,k=8)",
rstar-6526a6be84b0,ut_stdio,,en,excluded,excluded,TOO_HARD,no_reference_solution,0,0,0.25,"measured_pass_at_k(n=2,k=8)",0.0
rstar-3e91d5d273ef,ut_stdio,,en,train,ok,,no_reference_solution,0,0,0.25,"measured_pass_at_k(n=2,k=8)",0.75
rstar-aa8d1869c45e,ut_stdio,,en,train,ok,,no_reference_solution,0,0,0.375,"measured_pass_at_k(n=2,k=16)",0.5
opencodeinstruct-1a9ea2411bc4,ut_function,,en,test,ok,,PROMPT_FIX_ENTRY_POINT,0,0,0.5,"measured_pass_at_k(n=2,k=8)",
opencodeinstruct-c81c28d586d2,ut_function,,en,excluded,excluded,TOO_EASY,PROMPT_FIX_ENTRY_POINT,0,0,0.5,"measured_pass_at_k(n=2,k=8)",1.0
opencodeinstruct-90aeb47a030b,ut_function,,en,test,ok,,PROMPT_FIX_ENTRY_POINT,0,0,0.25,"measured_pass_at_k(n=2,k=8)",
opencodeinstruct-ca832f659892,ut_function,,en,excluded,excluded,TOO_EASY,PROMPT_FIX_ENTRY_POINT,0,0,0.75,"measured_pass_at_k(n=2,k=8)",1.0
opencodeinstruct-f1bfc9b9615f,ut_function,,en,excluded,excluded,TOO_EASY,PROMPT_FIX_ENTRY_POINT,0,0,0.5,"measured_pass_at_k(n=2,k=8)",1.0
opencodeinstruct-a2d133d338d8,ut_function,,en,excluded,excluded,TOO_EASY,PROMPT_FIX_ENTRY_POINT,0,0,0.25,"measured_pass_at_k(n=2,k=8)",1.0
opencodeinstruct-c06764f543fd,ut_function,,en,excluded,excluded,TOO_EASY,PROMPT_FIX_ENTRY_POINT,0,0,0.25,"measured_pass_at_k(n=2,k=8)",1.0
opencodeinstruct-930426567c6d,ut_function,,en,excluded,excluded,TOO_EASY,PROMPT_FIX_ENTRY_POINT,0,0,0.75,"measured_pass_at_k(n=2,k=8)",1.0
opencodeinstruct-7709638cf624,ut_function,,en,test,ok,,PROMPT_FIX_ENTRY_POINT,0,0,0.625,"measured_pass_at_k(n=2,k=16)",
opencodeinstruct-b2a441bff24c,ut_function,,en,excluded,excluded,TOO_EASY,PROMPT_FIX_ENTRY_POINT,0,0,0.25,"measured_pass_at_k(n=2,k=8)",1.0
opencodeinstruct-165a0a3a90b7,ut_function,,en,test,ok,,PROMPT_FIX_ENTRY_POINT,0,0,0.5,"measured_pass_at_k(n=2,k=8)",
opencodeinstruct-d95880c645e8,ut_function,,en,excluded,excluded,TOO_EASY,PROMPT_FIX_ENTRY_POINT,0,0,0.75,"measured_pass_at_k(n=2,k=8)",1.0
opencodeinstruct-112aa7c1c133,ut_function,,en,test,ok,,PROMPT_FIX_ENTRY_POINT,0,0,0.25,"measured_pass_at_k(n=2,k=8)",
opencodeinstruct-c7ad921df804,ut_function,,en,validation,ok,,PROMPT_FIX_ENTRY_POINT,0,0,0.5,"measured_pass_at_k(n=2,k=8)",
opencodeinstruct-59a22398c711,ut_function,,en,train,ok,,PROMPT_FIX_ENTRY_POINT,0,0,0.75,"measured_pass_at_k(n=2,k=8)",0.875
opencodeinstruct-946c80e4afe2,ut_function,,en,excluded,excluded,TOO_EASY,PROMPT_FIX_ENTRY_POINT,0,0,0.5,"measured_pass_at_k(n=2,k=8)",1.0
opencodeinstruct-697851e3aa0a,ut_function,,en,excluded,excluded,TOO_EASY,PROMPT_FIX_ENTRY_POINT,0,0,0.25,"measured_pass_at_k(n=2,k=8)",1.0
opencodeinstruct-2b92f4bf714c,ut_function,,en,train,ok,,HARD_BUT_PARTIAL_SIGNAL;PROMPT_FIX_ENTRY_POINT,0,0,0.5,"measured_pass_at_k(n=2,k=8)",0.0
opencodeinstruct-42ce0bec3a36,ut_function,,en,excluded,excluded,TOO_HARD,PROMPT_FIX_ENTRY_POINT,0,0,0.75,"measured_pass_at_k(n=2,k=8)",0.0
opencodeinstruct-c4fe6371605f,ut_function,,en,excluded,excluded,TOO_EASY,PROMPT_FIX_ENTRY_POINT,0,0,0.25,"measured_pass_at_k(n=2,k=16)",1.0
opencodeinstruct-b8c2fc87c775,ut_function,,en,excluded,excluded,TOO_EASY,PROMPT_FIX_ENTRY_POINT,0,0,0.25,"measured_pass_at_k(n=2,k=16)",1.0
opencodeinstruct-9d4859f1268d,ut_function,,en,excluded,excluded,TOO_EASY,PROMPT_FIX_ENTRY_POINT,0,0,0.25,"measured_pass_at_k(n=2,k=8)",1.0
opencodeinstruct-c75929f2336c,ut_function,,en,excluded,excluded,TOO_HARD,PROMPT_FIX_ENTRY_POINT,0,0,0.25,"measured_pass_at_k(n=2,k=8)",0.0
opencodeinstruct-7597202d10ec,ut_function,,en,train,ok,,PROMPT_FIX_ENTRY_POINT,0,0,0.25,"measured_pass_at_k(n=2,k=8)",0.25
opencodeinstruct-40b43d4b4c06,ut_function,,en,train,ok,,PROMPT_FIX_ENTRY_POINT,0,0,0.75,"measured_pass_at_k(n=2,k=8)",0.125
opencodeinstruct-d1b461b00dd8,ut_function,,en,excluded,excluded,TOO_EASY,PROMPT_FIX_ENTRY_POINT,0,0,0.5,"measured_pass_at_k(n=2,k=8)",1.0
opencodeinstruct-7b8fd9b0a36a,ut_function,,en,excluded,excluded,TOO_EASY,PROMPT_FIX_ENTRY_POINT,0,0,0.375,"measured_pass_at_k(n=2,k=16)",1.0
opencodeinstruct-66fa848f973e,ut_function,,en,train,ok,,PROMPT_FIX_ENTRY_POINT,0,0,0.25,"measured_pass_at_k(n=2,k=8)",0.625
opencodeinstruct-313b6fc83d60,ut_function,,en,excluded,excluded,TOO_EASY,PROMPT_FIX_ENTRY_POINT,0,0,0.25,"measured_pass_at_k(n=2,k=8)",1.0
opencodeinstruct-4f642b8ab051,ut_function,,en,excluded,excluded,TOO_HARD,PROMPT_FIX_ENTRY_POINT,0,0,0.25,"measured_pass_at_k(n=2,k=8)",0.0
opencodeinstruct-b9958274358d,ut_function,,en,excluded,excluded,TOO_EASY,PROMPT_FIX_ENTRY_POINT,0,0,0.25,"measured_pass_at_k(n=2,k=8)",1.0
opencodeinstruct-2bcc21191dac,ut_function,,en,excluded,excluded,TOO_EASY,PROMPT_FIX_ENTRY_POINT,0,0,0.5,"measured_pass_at_k(n=2,k=8)",1.0
opencodeinstruct-bff61996b978,ut_function,,en,excluded,excluded,TOO_EASY,PROMPT_FIX_ENTRY_POINT,0,0,0.625,"measured_pass_at_k(n=2,k=16)",1.0
kodcode-0e9c472e75ef,ut_pytest,,en,test,ok,,PROMPT_FIX_ENTRY_POINT,0,0,0.75,"measured_pass_at_k(n=2,k=8)",
kodcode-d4b738052795,ut_pytest,,en,excluded,excluded,TOO_EASY,PROMPT_FIX_ENTRY_POINT,0,0,0.25,"measured_pass_at_k(n=2,k=8)",1.0
opencodeinstruct-9375c8b6413b,ut_function,,en,train,ok,,PROMPT_FIX_ENTRY_POINT,0,0,0.25,"measured_pass_at_k(n=2,k=8)",0.75
kodcode-8a5f76571565,ut_pytest,,en,test,ok,,PROMPT_FIX_ENTRY_POINT,0,0,0.25,"measured_pass_at_k(n=2,k=8)",
kodcode-a147d62bbbd8,ut_pytest,,en,excluded,excluded,TOO_EASY,PROMPT_FIX_ENTRY_POINT,0,0,0.75,"measured_pass_at_k(n=2,k=8)",1.0
kodcode-884997fbaaf0,ut_pytest,,en,excluded,excluded,TOO_HARD,PROMPT_FIX_ENTRY_POINT,0,0,0.75,"measured_pass_at_k(n=2,k=8)",0.0
kodcode-417dba072fcf,ut_pytest,,en,train,ok,,HARD_BUT_PARTIAL_SIGNAL;PROMPT_FIX_ENTRY_POINT,0,0,0.375,"measured_pass_at_k(n=2,k=16)",0.0
kodcode-1074f4e179bb,ut_pytest,,en,excluded,excluded,TOO_HARD,PROMPT_FIX_ENTRY_POINT,0,0,0.5,"measured_pass_at_k(n=2,k=8)",0.0
kodcode-4a8112e4a52d,ut_pytest,,en,validation,ok,,PROMPT_FIX_ENTRY_POINT,0,0,0.25,"measured_pass_at_k(n=2,k=8)",
kodcode-83aeedca66e3,ut_pytest,,en,excluded,excluded,TOO_EASY,PROMPT_FIX_ENTRY_POINT,0,0,0.5,"measured_pass_at_k(n=2,k=8)",1.0
kodcode-1368b61a09be,ut_pytest,,en,train,ok,,PROMPT_FIX_ENTRY_POINT,0,0,0.5,"measured_pass_at_k(n=2,k=8)",0.5
kodcode-6c369bf94733,ut_pytest,,en,train,ok,,PROMPT_FIX_ENTRY_POINT,0,0,0.25,"measured_pass_at_k(n=2,k=8)",0.875
kodcode-044f44d4b7d8,ut_pytest,,en,excluded,excluded,TOO_EASY,PROMPT_FIX_ENTRY_POINT,0,0,0.75,"measured_pass_at_k(n=2,k=8)",1.0
kodcode-907b55cfb440,ut_pytest,,en,train,ok,,PROMPT_FIX_ENTRY_POINT,0,0,0.25,"measured_pass_at_k(n=2,k=8)",0.875
kodcode-93c3ceb67e73,ut_pytest,,en,train,ok,,PROMPT_FIX_ENTRY_POINT,0,0,0.25,"measured_pass_at_k(n=2,k=8)",0.125
opencodeinstruct-0aec7f520c7a,ut_function,,en,train,ok,,PROMPT_FIX_ENTRY_POINT,0,0,0.25,"measured_pass_at_k(n=2,k=8)",0.375
kodcode-c57f5dadc065,ut_pytest,,en,validation,ok,,PROMPT_FIX_ENTRY_POINT,0,0,0.25,"measured_pass_at_k(n=2,k=8)",
kodcode-018f3b44ef68,ut_pytest,,en,train,ok,,PROMPT_FIX_ENTRY_POINT,0,0,0.25,"measured_pass_at_k(n=2,k=8)",0.125
kodcode-bd864b6db5d8,ut_pytest,,en,train,ok,,PROMPT_FIX_ENTRY_POINT,0,0,0.5,"measured_pass_at_k(n=2,k=16)",0.75
opencodeinstruct-5c3caa67c35e,ut_function,,en,excluded,excluded,TOO_EASY,PROMPT_FIX_ENTRY_POINT,0,0,0.75,"measured_pass_at_k(n=2,k=8)",1.0
kodcode-c3dbed9d9ee8,ut_pytest,,en,excluded,excluded,TOO_EASY,PROMPT_FIX_ENTRY_POINT,0,0,0.75,"measured_pass_at_k(n=2,k=8)",1.0
kodcode-3c02a95c8f9f,ut_pytest,,en,excluded,excluded,TOO_HARD,PROMPT_FIX_ENTRY_POINT,0,0,0.25,"measured_pass_at_k(n=2,k=8)",0.0
kodcode-e98ae5485041,ut_pytest,,en,excluded,excluded,TOO_EASY,PROMPT_FIX_ENTRY_POINT,0,0,0.25,"measured_pass_at_k(n=2,k=8)",1.0
kodcode-21d0c821b95a,ut_pytest,,en,test,ok,,PROMPT_FIX_ENTRY_POINT,0,0,0.75,"measured_pass_at_k(n=2,k=8)",
kodcode-d05760a6690c,ut_pytest,,en,validation,ok,,PROMPT_FIX_ENTRY_POINT,0,0,0.25,"measured_pass_at_k(n=2,k=16)",
kodcode-d760758d9e17,ut_pytest,,en,train,ok,,PROMPT_FIX_ENTRY_POINT,0,0,0.5,"measured_pass_at_k(n=2,k=8)",0.875
kodcode-388dc2ea82ef,ut_pytest,,en,train,ok,,PROMPT_FIX_ENTRY_POINT,0,0,0.25,"measured_pass_at_k(n=2,k=8)",0.125
kodcode-62075a3b6f2a,ut_pytest,,en,train,ok,,PROMPT_FIX_ENTRY_POINT,0,0,0.5,"measured_pass_at_k(n=2,k=8)",0.25
kodcode-50930fe932f0,ut_pytest,,en,test,ok,,PROMPT_FIX_ENTRY_POINT,0,0,0.25,"measured_pass_at_k(n=2,k=8)",
kodcode-bfc441cfaf9c,ut_pytest,,en,train,ok,,PROMPT_FIX_ENTRY_POINT,0,0,0.75,"measured_pass_at_k(n=2,k=8)",0.875
opencodeinstruct-ad37b81740ff,ut_function,,en,excluded,excluded,TOO_EASY,PROMPT_FIX_ENTRY_POINT,0,0,0.375,"measured_pass_at_k(n=2,k=16)",1.0
kodcode-42d097ee10dc,ut_pytest,,en,train,ok,,PROMPT_FIX_ENTRY_POINT,0,0,0.375,"measured_pass_at_k(n=2,k=16)",0.125
kodcode-cb0354870c38,ut_pytest,,en,train,ok,,PROMPT_FIX_ENTRY_POINT,0,0,0.5,"measured_pass_at_k(n=2,k=8)",0.375
opencodeinstruct-d8ca47ca2d55,ut_function,,en,train,ok,,PROMPT_FIX_ENTRY_POINT,0,0,0.375,"measured_pass_at_k(n=2,k=16)",0.875
ko-native-4a600b1693f1,ut_function,,ko,excluded,excluded,TOO_HARD,PROMPT_FIX_ENTRY_POINT,0,0,0.75,"measured_pass_at_k(n=1,k=4)",0.0
ko-native-e40f0fda181a,ut_function,,ko,excluded,excluded,TOO_EASY,PROMPT_FIX_ENTRY_POINT,0,0,0.5,"measured_pass_at_k(n=1,k=4)",1.0
rstar-5dc3dbae3d11,ut_stdio,,en,train,ok,,no_reference_solution,0,0,0.5,"measured_pass_at_k(n=2,k=8)",0.375
rstar-4350253ea104,ut_stdio,,en,train,ok,,no_reference_solution,0,0,0.5,"measured_pass_at_k(n=2,k=8)",0.75
rstar-2aa01aac0dbc,ut_stdio,,en,train,ok,,no_reference_solution,0,0,0.25,"measured_pass_at_k(n=2,k=8)",0.25
rstar-6198be6aec70,ut_stdio,,en,excluded,excluded,TOO_EASY,no_reference_solution,0,0,0.75,"measured_pass_at_k(n=2,k=8)",1.0
rstar-c58493ce38d7,ut_stdio,,en,test,ok,,no_reference_solution,0,0,0.5,"measured_pass_at_k(n=2,k=8)",
rstar-cea31625d8a2,ut_stdio,,en,train,ok,,no_reference_solution,0,0,0.25,"measured_pass_at_k(n=2,k=8)",0.625
rstar-b4d5b577a6da,ut_stdio,,en,test,ok,,no_reference_solution,0,0,0.25,"measured_pass_at_k(n=2,k=8)",
rstar-0ea0d4bde1c4,ut_stdio,,en,validation,ok,,no_reference_solution,0,0,0.5,"measured_pass_at_k(n=2,k=8)",
rstar-c8d69012cf40,ut_stdio,,en,excluded,excluded,TOO_HARD,no_reference_solution,0,0,0.25,"measured_pass_at_k(n=2,k=8)",0.0
rstar-ac4ed80edb15,ut_stdio,,en,validation,ok,,no_reference_solution,0,0,0.25,"measured_pass_at_k(n=2,k=16)",
rstar-f688dbcac484,ut_stdio,,en,train,ok,,no_reference_solution;HARD_BUT_PARTIAL_SIGNAL,0,0,0.5,"measured_pass_at_k(n=2,k=8)",0.0
rstar-7ba1bfabf85c,ut_stdio,,en,test,ok,,no_reference_solution,0,0,0.75,"measured_pass_at_k(n=2,k=8)",
rstar-440c7ed4a765,ut_stdio,,en,test,ok,,no_reference_solution,0,0,0.25,"measured_pass_at_k(n=2,k=16)",
rstar-d48078c34a52,ut_stdio,,en,train,ok,,no_reference_solution,0,0,0.75,"measured_pass_at_k(n=2,k=8)",0.5
rstar-5280f310b881,ut_stdio,,en,train,ok,,no_reference_solution,0,0,0.75,"measured_pass_at_k(n=2,k=8)",0.75
rstar-20597aba10dd,ut_stdio,,en,train,ok,,no_reference_solution,0,0,0.75,"measured_pass_at_k(n=2,k=8)",0.5
rstar-154dc6b76169,ut_stdio,,en,excluded,excluded,TOO_EASY,no_reference_solution,0,0,0.5,"measured_pass_at_k(n=2,k=8)",1.0
rstar-3889edc52f34,ut_stdio,,en,excluded,excluded,TOO_EASY,no_reference_solution,0,0,0.25,"measured_pass_at_k(n=2,k=8)",1.0
rstar-3b53c8bb3561,ut_stdio,,en,train,ok,,no_reference_solution;HARD_BUT_PARTIAL_SIGNAL,0,0,0.5,"measured_pass_at_k(n=2,k=8)",0.0
rstar-3795aee54089,ut_stdio,,en,train,ok,,no_reference_solution,0,0,0.25,"measured_pass_at_k(n=2,k=8)",0.25
rstar-5f2394e0bccc,ut_stdio,,en,test,ok,,no_reference_solution,0,0,0.25,"measured_pass_at_k(n=2,k=8)",
rstar-7f51ba060f41,ut_stdio,,en,test,ok,,no_reference_solution,0,0,0.375,"measured_pass_at_k(n=2,k=16)",
rstar-f0e7650b4946,ut_stdio,,en,excluded,excluded,TOO_EASY,no_reference_solution,0,0,0.5,"measured_pass_at_k(n=2,k=8)",1.0
rstar-672fdb22d80c,ut_stdio,,en,excluded,excluded,TOO_EASY,no_reference_solution,0,0,0.375,"measured_pass_at_k(n=2,k=16)",1.0
rstar-83511bb9f2e1,ut_stdio,,en,test,ok,,no_reference_solution,0,0,0.75,"measured_pass_at_k(n=2,k=8)",
rstar-3e89aba374ae,ut_stdio,,en,excluded,excluded,TOO_EASY,no_reference_solution,0,0,0.25,"measured_pass_at_k(n=2,k=8)",1.0
rstar-9f809833f743,ut_stdio,,en,excluded,excluded,TOO_HARD,no_reference_solution,0,0,0.25,"measured_pass_at_k(n=2,k=8)",0.0
rstar-d1cec03e09ef,ut_stdio,,en,excluded,excluded,TOO_EASY,no_reference_solution,0,0,0.75,"measured_pass_at_k(n=2,k=8)",1.0
rstar-2a3de9b5e9dd,ut_stdio,,en,excluded,excluded,TOO_EASY,no_reference_solution,0,0,0.25,"measured_pass_at_k(n=2,k=8)",1.0
rstar-de53d6d3d9e5,ut_stdio,,en,excluded,excluded,TOO_EASY,no_reference_solution,0,0,0.5,"measured_pass_at_k(n=2,k=8)",1.0
rstar-52094a6d9209,ut_stdio,,en,train,ok,,no_reference_solution;HARD_BUT_PARTIAL_SIGNAL,0,0,0.375,"measured_pass_at_k(n=2,k=16)",0.0
opencodeinstruct-7fe31fe31708,ut_function,,en,excluded,excluded,TOO_EASY,PROMPT_FIX_ENTRY_POINT,0,0,0.25,"measured_pass_at_k(n=2,k=8)",1.0
opencodeinstruct-879caee17a3f,ut_function,,en,train,ok,,PROMPT_FIX_ENTRY_POINT,0,0,0.25,"measured_pass_at_k(n=2,k=16)",0.75
opencodeinstruct-f1ca093ff45a,ut_function,,en,train,ok,,PROMPT_FIX_ENTRY_POINT,0,0,0.5,"measured_pass_at_k(n=2,k=8)",0.375
opencodeinstruct-2879b03a8ac6,ut_function,,en,excluded,excluded,TOO_EASY,PROMPT_FIX_ENTRY_POINT,0,0,0.375,"measured_pass_at_k(n=2,k=16)",1.0
opencodeinstruct-68fe58fe71a9,ut_function,,en,excluded,excluded,TOO_EASY,PROMPT_FIX_ENTRY_POINT,0,0,0.75,"measured_pass_at_k(n=2,k=8)",1.0
opencodeinstruct-4ad0eba8a444,ut_function,,en,train,ok,,PROMPT_FIX_ENTRY_POINT,0,0,0.5,"measured_pass_at_k(n=2,k=8)",0.125
opencodeinstruct-af2ce41fbd23,ut_function,,en,excluded,excluded,TOO_EASY,PROMPT_FIX_ENTRY_POINT,0,0,0.5,"measured_pass_at_k(n=2,k=8)",1.0
opencodeinstruct-80184a55f3a8,ut_function,,en,excluded,excluded,TOO_EASY,PROMPT_FIX_ENTRY_POINT,0,0,0.5,"measured_pass_at_k(n=2,k=8)",1.0
opencodeinstruct-4a498700d8d0,ut_function,,en,train,ok,,PROMPT_FIX_ENTRY_POINT,0,0,0.25,"measured_pass_at_k(n=2,k=8)",0.625
opencodeinstruct-03d9f2309385,ut_function,,en,excluded,excluded,TOO_EASY,PROMPT_FIX_ENTRY_POINT,0,0,0.75,"measured_pass_at_k(n=2,k=8)",1.0
opencodeinstruct-85138cac6002,ut_function,,en,train,ok,,PROMPT_FIX_ENTRY_POINT,0,0,0.5,"measured_pass_at_k(n=2,k=8)",0.875
opencodeinstruct-c2db29e7f1f0,ut_function,,en,test,ok,,PROMPT_FIX_ENTRY_POINT,0,0,0.25,"measured_pass_at_k(n=2,k=8)",
opencodeinstruct-2bb9d8d5c5b7,ut_function,,en,test,ok,,PROMPT_FIX_ENTRY_POINT,0,0,0.75,"measured_pass_at_k(n=2,k=8)",
opencodeinstruct-64e17e6ef9e2,ut_function,,en,test,ok,,PROMPT_FIX_ENTRY_POINT,0,0,0.25,"measured_pass_at_k(n=2,k=8)",
opencodeinstruct-0398a34fbb35,ut_function,,en,excluded,excluded,TOO_EASY,PROMPT_FIX_ENTRY_POINT,0,0,0.375,"measured_pass_at_k(n=2,k=16)",1.0
opencodeinstruct-ed5bd6ef0862,ut_function,,en,excluded,excluded,TOO_EASY,PROMPT_FIX_ENTRY_POINT,0,0,0.5,"measured_pass_at_k(n=2,k=8)",1.0
opencodeinstruct-5f9631f7fc58,ut_function,,en,excluded,excluded,TOO_EASY,PROMPT_FIX_ENTRY_POINT,0,0,0.75,"measured_pass_at_k(n=2,k=8)",1.0
opencodeinstruct-f0e6ab4b047b,ut_function,,en,train,ok,,PROMPT_FIX_ENTRY_POINT,0,0,0.75,"measured_pass_at_k(n=2,k=8)",0.375
opencodeinstruct-9ea886577dd5,ut_function,,en,test,ok,,PROMPT_FIX_ENTRY_POINT,0,0,0.5,"measured_pass_at_k(n=2,k=8)",
opencodeinstruct-38f57ed05888,ut_function,,en,test,ok,,PROMPT_FIX_ENTRY_POINT,0,0,0.5,"measured_pass_at_k(n=2,k=8)",
opencodeinstruct-586fd8755f85,ut_function,,en,excluded,excluded,TOO_EASY,PROMPT_FIX_ENTRY_POINT,0,0,0.5,"measured_pass_at_k(n=2,k=8)",1.0
opencodeinstruct-5c94eb2c728f,ut_function,,en,validation,ok,,PROMPT_FIX_ENTRY_POINT,0,0,0.25,"measured_pass_at_k(n=2,k=16)",
opencodeinstruct-396d2dab5988,ut_function,,en,test,ok,,PROMPT_FIX_ENTRY_POINT,0,0,0.75,"measured_pass_at_k(n=2,k=8)",
opencodeinstruct-52478275477e,ut_function,,en,excluded,excluded,TOO_EASY,PROMPT_FIX_ENTRY_POINT,0,0,0.625,"measured_pass_at_k(n=2,k=16)",1.0
opencodeinstruct-c4d6f4a51a01,ut_function,,en,excluded,excluded,TOO_EASY,PROMPT_FIX_ENTRY_POINT,0,0,0.25,"measured_pass_at_k(n=2,k=8)",1.0
opencodeinstruct-6850495766cc,ut_function,,en,excluded,excluded,TOO_EASY,PROMPT_FIX_ENTRY_POINT,0,0,0.75,"measured_pass_at_k(n=2,k=8)",1.0
opencodeinstruct-95fccdd6e6bb,ut_function,,en,excluded,excluded,TOO_HARD,PROMPT_FIX_ENTRY_POINT,0,0,0.25,"measured_pass_at_k(n=2,k=16)",0.0
opencodeinstruct-5d9c5ae9c016,ut_function,,en,test,ok,,PROMPT_FIX_ENTRY_POINT,0,0,0.25,"measured_pass_at_k(n=2,k=8)",
opencodeinstruct-3365d1d5d9b6,ut_function,,en,excluded,excluded,TOO_EASY,PROMPT_FIX_ENTRY_POINT,0,0,0.5,"measured_pass_at_k(n=2,k=8)",1.0
opencodeinstruct-6bd947157270,ut_function,,en,excluded,excluded,TOO_EASY,PROMPT_FIX_ENTRY_POINT,0,0,0.25,"measured_pass_at_k(n=2,k=8)",1.0
opencodeinstruct-f4c29b352d30,ut_function,,en,excluded,excluded,TOO_EASY,PROMPT_FIX_ENTRY_POINT,0,0,0.5,"measured_pass_at_k(n=2,k=8)",1.0
opencodeinstruct-63dcf0f311b0,ut_function,,en,excluded,excluded,TOO_EASY,PROMPT_FIX_ENTRY_POINT,0,0,0.25,"measured_pass_at_k(n=2,k=8)",1.0
opencodeinstruct-a0bdabc8b80e,ut_function,,en,excluded,excluded,TOO_HARD,PROMPT_FIX_ENTRY_POINT,0,0,0.5,"measured_pass_at_k(n=2,k=16)",0.0
opencodeinstruct-18c6ee40b5b4,ut_function,,en,train,ok,,PROMPT_FIX_ENTRY_POINT,0,0,0.5,"measured_pass_at_k(n=2,k=8)",0.75
opencodeinstruct-826fb88f1e7f,ut_function,,en,excluded,excluded,TOO_EASY,PROMPT_FIX_ENTRY_POINT,0,0,0.25,"measured_pass_at_k(n=2,k=8)",1.0
opencodeinstruct-554a349c5941,ut_function,,en,excluded,excluded,TOO_HARD,PROMPT_FIX_ENTRY_POINT,0,0,0.25,"measured_pass_at_k(n=2,k=8)",0.0
opencodeinstruct-e82d9d26ebce,ut_function,,en,test,ok,,PROMPT_FIX_ENTRY_POINT,0,0,0.375,"measured_pass_at_k(n=2,k=16)",
opencodeinstruct-223af9385c0d,ut_function,,en,excluded,excluded,TOO_EASY,PROMPT_FIX_ENTRY_POINT,0,0,0.625,"measured_pass_at_k(n=2,k=16)",1.0
opencodeinstruct-7eace816dcde,ut_function,,en,excluded,excluded,TOO_EASY,PROMPT_FIX_ENTRY_POINT,0,0,0.25,"measured_pass_at_k(n=1,k=4)",1.0
opencodeinstruct-7eadd454f524,ut_function,,en,train,ok,,PROMPT_FIX_ENTRY_POINT,0,0,0.5,"measured_pass_at_k(n=2,k=8)",0.75
opencodeinstruct-b3e516034519,ut_function,,en,excluded,excluded,TOO_EASY,PROMPT_FIX_ENTRY_POINT,0,0,0.25,"measured_pass_at_k(n=2,k=8)",1.0
opencodeinstruct-1e90bd144cd6,ut_function,,en,excluded,excluded,TOO_EASY,PROMPT_FIX_ENTRY_POINT,0,0,0.25,"measured_pass_at_k(n=2,k=8)",1.0
kodcode-611c2b73c99d,ut_pytest,,en,train,ok,,PROMPT_FIX_ENTRY_POINT,0,0,0.25,"measured_pass_at_k(n=2,k=8)",0.875
opencodeinstruct-a2a76fa66a3a,ut_function,,en,excluded,excluded,TOO_EASY,PROMPT_FIX_ENTRY_POINT,0,0,0.25,"measured_pass_at_k(n=2,k=8)",1.0
opencodeinstruct-6663e31280c3,ut_function,,en,validation,ok,,PROMPT_FIX_ENTRY_POINT,0,0,0.5,"measured_pass_at_k(n=2,k=8)",
kodcode-5d9de4587b89,ut_pytest,,en,excluded,excluded,TOO_EASY,PROMPT_FIX_ENTRY_POINT,0,0,0.5,"measured_pass_at_k(n=2,k=8)",1.0
kodcode-3714b7cc757b,ut_pytest,,en,train,ok,,PROMPT_FIX_ENTRY_POINT,0,0,0.5,"measured_pass_at_k(n=2,k=8)",0.5
kodcode-dcd129c13ff0,ut_pytest,,en,excluded,excluded,TOO_EASY,PROMPT_FIX_ENTRY_POINT,0,0,0.5,"measured_pass_at_k(n=2,k=8)",1.0
kodcode-96d43a35d4c6,ut_pytest,,en,test,ok,,PROMPT_FIX_ENTRY_POINT,0,0,0.375,"measured_pass_at_k(n=2,k=16)",
kodcode-9f332608fa7f,ut_pytest,,en,excluded,excluded,TOO_EASY,PROMPT_FIX_ENTRY_POINT,0,0,0.75,"measured_pass_at_k(n=2,k=8)",1.0
kodcode-db90ea208eef,ut_pytest,,en,train,ok,,PROMPT_FIX_ENTRY_POINT,0,0,0.5,"measured_pass_at_k(n=2,k=16)",0.25
kodcode-161d3995448d,ut_pytest,,en,validation,ok,,PROMPT_FIX_ENTRY_POINT,0,0,0.25,"measured_pass_at_k(n=2,k=16)",
kodcode-e386e7f9ccd5,ut_pytest,,en,validation,ok,,PROMPT_FIX_ENTRY_POINT,0,0,0.5,"measured_pass_at_k(n=2,k=8)",
kodcode-36e742c5c42a,ut_pytest,,en,train,ok,,PROMPT_FIX_ENTRY_POINT,0,0,0.25,"measured_pass_at_k(n=2,k=8)",0.25
kodcode-57e53383dbce,ut_pytest,,en,train,ok,,PROMPT_FIX_ENTRY_POINT,0,0,0.5,"measured_pass_at_k(n=2,k=8)",0.625
kodcode-3a2ac8b4153a,ut_pytest,,en,excluded,excluded,TOO_EASY,PROMPT_FIX_ENTRY_POINT,0,0,0.5,"measured_pass_at_k(n=2,k=8)",1.0
kodcode-0ef0cebd88bb,ut_pytest,,en,excluded,excluded,TOO_HARD,PROMPT_FIX_ENTRY_POINT,0,0,0.375,"measured_pass_at_k(n=2,k=16)",0.0
kodcode-32615cf7396f,ut_pytest,,en,train,ok,,PROMPT_FIX_ENTRY_POINT,0,0,0.25,"measured_pass_at_k(n=2,k=8)",0.875
kodcode-2438eca52e62,ut_pytest,,en,excluded,excluded,TOO_EASY,PROMPT_FIX_ENTRY_POINT,0,0,0.75,"measured_pass_at_k(n=2,k=8)",1.0
kodcode-9a90f0d8bedb,ut_pytest,,en,excluded,excluded,TOO_EASY,PROMPT_FIX_ENTRY_POINT,0,0,0.5,"measured_pass_at_k(n=2,k=8)",1.0
kodcode-1620cfa82179,ut_pytest,,en,excluded,excluded,TOO_EASY,PROMPT_FIX_ENTRY_POINT,0,0,0.5,"measured_pass_at_k(n=2,k=8)",1.0
kodcode-fd18cdfa793f,ut_pytest,,en,excluded,excluded,TOO_HARD,PROMPT_FIX_ENTRY_POINT,0,0,0.25,"measured_pass_at_k(n=2,k=16)",0.0
kodcode-06d9dd4de1bc,ut_pytest,,en,excluded,excluded,TOO_HARD,PROMPT_FIX_ENTRY_POINT,0,0,0.25,"measured_pass_at_k(n=2,k=8)",0.0
kodcode-7d69f60c7c56,ut_pytest,,en,train,ok,,PROMPT_FIX_ENTRY_POINT,0,0,0.5,"measured_pass_at_k(n=2,k=16)",0.75
kodcode-91ece5c0e654,ut_pytest,,en,train,ok,,PROMPT_FIX_ENTRY_POINT,0,0,0.5,"measured_pass_at_k(n=2,k=8)",0.375
kodcode-98464a169b79,ut_pytest,,en,excluded,excluded,TOO_HARD,PROMPT_FIX_ENTRY_POINT,0,0,0.25,"measured_pass_at_k(n=2,k=8)",0.0
opencodeinstruct-f6ce3164fb50,ut_function,,en,excluded,excluded,TOO_HARD,PROMPT_FIX_ENTRY_POINT,0,0,0.5,"measured_pass_at_k(n=2,k=8)",0.0
kodcode-cab090b581a5,ut_pytest,,en,train,ok,,PROMPT_FIX_ENTRY_POINT,0,0,0.5,"measured_pass_at_k(n=2,k=8)",0.5
kodcode-c6f59f33291a,ut_pytest,,en,excluded,excluded,TOO_EASY,PROMPT_FIX_ENTRY_POINT,0,0,0.25,"measured_pass_at_k(n=2,k=8)",1.0
kodcode-34ea1df373e1,ut_pytest,,en,train,ok,,HARD_BUT_PARTIAL_SIGNAL;PROMPT_FIX_ENTRY_POINT,0,0,0.5,"measured_pass_at_k(n=2,k=8)",0.0
kodcode-20c92ecda7c4,ut_pytest,,en,train,ok,,PROMPT_FIX_ENTRY_POINT,0,0,0.5,"measured_pass_at_k(n=2,k=8)",0.875
kodcode-c54553a8dbf5,ut_pytest,,en,test,ok,,PROMPT_FIX_ENTRY_POINT,0,0,0.75,"measured_pass_at_k(n=2,k=8)",
kodcode-6125c327f94d,ut_pytest,,en,excluded,excluded,TOO_EASY,PROMPT_FIX_ENTRY_POINT,0,0,0.25,"measured_pass_at_k(n=2,k=8)",1.0
kodcode-c0e1fbd077ae,ut_pytest,,en,excluded,excluded,TOO_EASY,PROMPT_FIX_ENTRY_POINT,0,0,0.5,"measured_pass_at_k(n=2,k=8)",1.0
kodcode-29d034d2e52d,ut_pytest,,en,train,ok,,PROMPT_FIX_ENTRY_POINT,0,0,0.5,"measured_pass_at_k(n=2,k=8)",0.875
kodcode-10486d94d333,ut_pytest,,en,train,ok,,PROMPT_FIX_ENTRY_POINT,0,0,0.25,"measured_pass_at_k(n=2,k=16)",0.75
kodcode-0375eee84f39,ut_pytest,,en,excluded,excluded,TOO_EASY,PROMPT_FIX_ENTRY_POINT,0,0,0.5,"measured_pass_at_k(n=2,k=8)",1.0
ko-native-513a79660fbe,ut_function,,ko,train,ok,,PROMPT_FIX_ENTRY_POINT,0,0,0.5,"measured_pass_at_k(n=1,k=4)",0.75
ko-native-252827f18f5c,ut_function,,ko,train,ok,,PROMPT_FIX_ENTRY_POINT,0,0,0.5,"measured_pass_at_k(n=1,k=4)",0.75
ko-native-d746a0b61179,ut_function,,ko,validation,ok,,PROMPT_FIX_ENTRY_POINT,0,0,0.25,"measured_pass_at_k(n=1,k=4)",
rstar-9410b5bc8434,ut_stdio,,en,excluded,excluded,TOO_EASY,no_reference_solution,0,0,0.5,"measured_pass_at_k(n=2,k=8)",1.0
rstar-61fea28289e8,ut_stdio,,en,excluded,excluded,TOO_EASY,no_reference_solution,0,0,0.5,"measured_pass_at_k(n=2,k=8)",1.0
rstar-7e9bdd5749d9,ut_stdio,,en,test,ok,,no_reference_solution,0,0,0.25,"measured_pass_at_k(n=2,k=8)",
rstar-1905c18cda1b,ut_stdio,,en,test,ok,,no_reference_solution,0,0,0.75,"measured_pass_at_k(n=2,k=8)",
rstar-adb3480d9a73,ut_stdio,,en,excluded,excluded,TOO_EASY,no_reference_solution,0,0,0.5,"measured_pass_at_k(n=2,k=16)",1.0
rstar-ad15c0c77884,ut_stdio,,en,train,ok,,no_reference_solution,0,0,0.5,"measured_pass_at_k(n=2,k=8)",0.375
rstar-8645d6ad4807,ut_stdio,,en,excluded,excluded,TOO_EASY,no_reference_solution,0,0,0.5,"measured_pass_at_k(n=2,k=8)",1.0
rstar-e5422cb8c808,ut_stdio,,en,test,ok,,no_reference_solution,0,0,0.5,"measured_pass_at_k(n=2,k=8)",
rstar-a0704e9d9184,ut_stdio,,en,excluded,excluded,TOO_EASY,no_reference_solution,0,0,0.5,"measured_pass_at_k(n=2,k=8)",1.0
rstar-c5d6ddf5cda8,ut_stdio,,en,train,ok,,no_reference_solution,0,0,0.75,"measured_pass_at_k(n=2,k=8)",0.625
rstar-3ac48616c46b,ut_stdio,,en,train,ok,,no_reference_solution,0,0,0.25,"measured_pass_at_k(n=2,k=8)",0.25
rstar-123d3672faf5,ut_stdio,,en,validation,ok,,no_reference_solution,0,0,0.25,"measured_pass_at_k(n=2,k=8)",
rstar-6ac0f5cff204,ut_stdio,,en,excluded,excluded,TOO_HARD,no_reference_solution,0,0,0.25,"measured_pass_at_k(n=2,k=16)",0.0
rstar-aad804eae06c,ut_stdio,,en,train,ok,,no_reference_solution,0,0,0.5,"measured_pass_at_k(n=2,k=8)",0.5
rstar-38947fc4c238,ut_stdio,,en,excluded,excluded,TOO_EASY,no_reference_solution,0,0,0.75,"measured_pass_at_k(n=2,k=8)",1.0
rstar-bdcb1a9efb38,ut_stdio,,en,train,ok,,no_reference_solution,0,0,0.75,"measured_pass_at_k(n=2,k=8)",0.625
rstar-2a82f371fdfe,ut_stdio,,en,excluded,excluded,TOO_EASY,no_reference_solution,0,0,0.75,"measured_pass_at_k(n=2,k=8)",1.0
rstar-50e45af842cd,ut_stdio,,en,train,ok,,no_reference_solution,0,0,0.5,"measured_pass_at_k(n=2,k=8)",0.625
rstar-a24d97ca2610,ut_stdio,,en,excluded,excluded,TOO_EASY,no_reference_solution,0,0,0.25,"measured_pass_at_k(n=2,k=8)",1.0
rstar-a8ee3c057735,ut_stdio,,en,train,ok,,no_reference_solution,0,0,0.25,"measured_pass_at_k(n=2,k=8)",0.25
rstar-dce299dfaa36,ut_stdio,,en,train,ok,,no_reference_solution,0,0,0.25,"measured_pass_at_k(n=2,k=8)",0.875
rstar-dcbb0e3083a9,ut_stdio,,en,excluded,excluded,TOO_EASY,no_reference_solution,0,0,0.25,"measured_pass_at_k(n=2,k=8)",1.0
rstar-1fa2123bca9f,ut_stdio,,en,test,ok,,no_reference_solution,0,0,0.25,"measured_pass_at_k(n=2,k=8)",
opencodeinstruct-3068eedce75d,ut_function,,en,test,ok,,PROMPT_FIX_ENTRY_POINT,0,0,0.25,"measured_pass_at_k(n=2,k=8)",
opencodeinstruct-3f530ed040c5,ut_function,,en,excluded,excluded,TOO_EASY,PROMPT_FIX_ENTRY_POINT,0,0,0.75,"measured_pass_at_k(n=2,k=8)",1.0
opencodeinstruct-8823d5c59c75,ut_function,,en,excluded,excluded,TOO_EASY,PROMPT_FIX_ENTRY_POINT,0,0,0.25,"measured_pass_at_k(n=2,k=8)",1.0
opencodeinstruct-52d6611824db,ut_function,,en,excluded,excluded,TOO_EASY,PROMPT_FIX_ENTRY_POINT,0,0,0.5,"measured_pass_at_k(n=2,k=8)",1.0
opencodeinstruct-baa2085c71ab,ut_function,,en,excluded,excluded,TOO_EASY,PROMPT_FIX_ENTRY_POINT,0,0,0.25,"measured_pass_at_k(n=2,k=8)",1.0
opencodeinstruct-de9d77b39564,ut_function,,en,excluded,excluded,TOO_EASY,PROMPT_FIX_ENTRY_POINT,0,0,0.5,"measured_pass_at_k(n=2,k=8)",1.0
opencodeinstruct-6214d2ebfedb,ut_function,,en,excluded,excluded,TOO_EASY,PROMPT_FIX_ENTRY_POINT,0,0,0.25,"measured_pass_at_k(n=2,k=8)",1.0
opencodeinstruct-ba51a5e4c695,ut_function,,en,excluded,excluded,TOO_EASY,PROMPT_FIX_ENTRY_POINT,0,0,0.5,"measured_pass_at_k(n=2,k=8)",1.0
opencodeinstruct-bd48ff23dd26,ut_function,,en,excluded,excluded,TOO_EASY,PROMPT_FIX_ENTRY_POINT,0,0,0.75,"measured_pass_at_k(n=2,k=8)",1.0
opencodeinstruct-27473705f957,ut_function,,en,excluded,excluded,TOO_EASY,PROMPT_FIX_ENTRY_POINT,0,0,0.25,"measured_pass_at_k(n=2,k=8)",1.0
opencodeinstruct-8ea2d2c84848,ut_function,,en,excluded,excluded,TOO_EASY,PROMPT_FIX_ENTRY_POINT,0,0,0.25,"measured_pass_at_k(n=2,k=8)",1.0
opencodeinstruct-e8f53689a0f6,ut_function,,en,train,ok,,PROMPT_FIX_ENTRY_POINT,0,0,0.25,"measured_pass_at_k(n=2,k=16)",0.375
opencodeinstruct-63b39fca6290,ut_function,,en,excluded,excluded,TOO_EASY,PROMPT_FIX_ENTRY_POINT,0,0,0.5,"measured_pass_at_k(n=2,k=8)",1.0
opencodeinstruct-734dd592b9a6,ut_function,,en,excluded,excluded,TOO_EASY,PROMPT_FIX_ENTRY_POINT,0,0,0.375,"measured_pass_at_k(n=2,k=16)",1.0
opencodeinstruct-a78e84dbfe46,ut_function,,en,test,ok,,PROMPT_FIX_ENTRY_POINT,0,0,0.5,"measured_pass_at_k(n=2,k=8)",
opencodeinstruct-55956060c58d,ut_function,,en,excluded,excluded,TOO_EASY,PROMPT_FIX_ENTRY_POINT,0,0,0.5,"measured_pass_at_k(n=2,k=8)",1.0
opencodeinstruct-c4a67395137d,ut_function,,en,train,ok,,PROMPT_FIX_ENTRY_POINT,0,0,0.5,"measured_pass_at_k(n=2,k=8)",0.875
opencodeinstruct-5cad8a3c8244,ut_function,,en,excluded,excluded,TOO_EASY,PROMPT_FIX_ENTRY_POINT,0,0,0.25,"measured_pass_at_k(n=2,k=8)",1.0
opencodeinstruct-91cfb6070b6a,ut_function,,en,excluded,excluded,TOO_EASY,PROMPT_FIX_ENTRY_POINT,0,0,0.75,"measured_pass_at_k(n=2,k=8)",1.0
opencodeinstruct-23d6cbf05e9b,ut_function,,en,excluded,excluded,TOO_EASY,PROMPT_FIX_ENTRY_POINT,0,0,0.5,"measured_pass_at_k(n=2,k=8)",1.0
opencodeinstruct-cc673944df5d,ut_function,,en,train,ok,,PROMPT_FIX_ENTRY_POINT,0,0,0.5,"measured_pass_at_k(n=2,k=8)",0.125
opencodeinstruct-e0d174094106,ut_function,,en,train,ok,,PROMPT_FIX_ENTRY_POINT,0,0,0.5,"measured_pass_at_k(n=2,k=8)",0.25
opencodeinstruct-616f8e86fc47,ut_function,,en,test,ok,,PROMPT_FIX_ENTRY_POINT,0,0,0.25,"measured_pass_at_k(n=2,k=8)",
kodcode-253eae255ae7,ut_pytest,,en,train,ok,,PROMPT_FIX_ENTRY_POINT,0,0,0.5,"measured_pass_at_k(n=2,k=8)",0.125
opencodeinstruct-2ce342dbd58e,ut_function,,en,excluded,excluded,TOO_EASY,PROMPT_FIX_ENTRY_POINT,0,0,0.25,"measured_pass_at_k(n=2,k=16)",1.0
opencodeinstruct-43a11de30910,ut_function,,en,excluded,excluded,TOO_EASY,PROMPT_FIX_ENTRY_POINT,0,0,0.25,"measured_pass_at_k(n=2,k=8)",1.0
kodcode-c385139576f8,ut_pytest,,en,excluded,excluded,TOO_EASY,PROMPT_FIX_ENTRY_POINT,0,0,0.625,"measured_pass_at_k(n=2,k=16)",1.0
opencodeinstruct-ec8f96c8cc57,ut_function,,en,excluded,excluded,TOO_EASY,PROMPT_FIX_ENTRY_POINT,0,0,0.5,"measured_pass_at_k(n=2,k=8)",1.0
opencodeinstruct-30af5d762e76,ut_function,,en,excluded,excluded,TOO_EASY,PROMPT_FIX_ENTRY_POINT,0,0,0.75,"measured_pass_at_k(n=2,k=8)",1.0
kodcode-ecb88654409c,ut_pytest,,en,excluded,excluded,TOO_HARD,PROMPT_FIX_ENTRY_POINT,0,0,0.25,"measured_pass_at_k(n=2,k=8)",0.0
kodcode-16eb4da160f3,ut_pytest,,en,train,ok,,PROMPT_FIX_ENTRY_POINT,0,0,0.25,"measured_pass_at_k(n=2,k=8)",0.125
opencodeinstruct-30bae1086185,ut_function,,en,test,ok,,PROMPT_FIX_ENTRY_POINT,0,0,0.25,"measured_pass_at_k(n=2,k=8)",
opencodeinstruct-ca9ef0df3d27,ut_function,,en,train,ok,,PROMPT_FIX_ENTRY_POINT,0,0,0.25,"measured_pass_at_k(n=2,k=8)",0.875
kodcode-57585e1ca5ea,ut_pytest,,en,excluded,excluded,TOO_EASY,PROMPT_FIX_ENTRY_POINT,0,0,0.25,"measured_pass_at_k(n=2,k=8)",1.0
kodcode-90a497b8c026,ut_pytest,,en,test,ok,,PROMPT_FIX_ENTRY_POINT,0,0,0.25,"measured_pass_at_k(n=2,k=8)",
kodcode-7c09638a4d81,ut_pytest,,en,excluded,excluded,TOO_EASY,PROMPT_FIX_ENTRY_POINT,0,0,0.25,"measured_pass_at_k(n=2,k=8)",1.0
kodcode-6968386e663e,ut_pytest,,en,excluded,excluded,TOO_HARD,PROMPT_FIX_ENTRY_POINT,0,0,0.5,"measured_pass_at_k(n=2,k=16)",0.0
kodcode-b1d7dbb9e384,ut_pytest,,en,train,ok,,PROMPT_FIX_ENTRY_POINT,0,0,0.25,"measured_pass_at_k(n=2,k=8)",0.75
kodcode-86da7b5e4534,ut_pytest,,en,excluded,excluded,TOO_EASY,PROMPT_FIX_ENTRY_POINT,0,0,0.25,"measured_pass_at_k(n=2,k=8)",1.0
kodcode-85c61119f8fb,ut_pytest,,en,excluded,excluded,TOO_EASY,PROMPT_FIX_ENTRY_POINT,0,0,0.75,"measured_pass_at_k(n=2,k=8)",1.0
opencodeinstruct-8a4ef6600267,ut_function,,en,train,ok,,PROMPT_FIX_ENTRY_POINT,0,0,0.25,"measured_pass_at_k(n=2,k=8)",0.125
opencodeinstruct-1b06f631cb99,ut_function,,en,excluded,excluded,TOO_EASY,PROMPT_FIX_ENTRY_POINT,0,0,0.5,"measured_pass_at_k(n=2,k=8)",1.0
kodcode-97cd8731bc68,ut_pytest,,en,train,ok,,PROMPT_FIX_ENTRY_POINT,0,0,0.25,"measured_pass_at_k(n=2,k=8)",0.75
kodcode-267f9500a506,ut_pytest,,en,train,ok,,PROMPT_FIX_ENTRY_POINT,0,0,0.25,"measured_pass_at_k(n=2,k=8)",0.5
kodcode-f601c2ecb062,ut_pytest,,en,excluded,excluded,TOO_EASY,PROMPT_FIX_ENTRY_POINT,0,0,0.5,"measured_pass_at_k(n=2,k=8)",1.0
kodcode-7c715d0e4522,ut_pytest,,en,train,ok,,PROMPT_FIX_ENTRY_POINT,0,0,0.25,"measured_pass_at_k(n=2,k=16)",0.25
kodcode-afacca4d9b94,ut_pytest,,en,train,ok,,PROMPT_FIX_ENTRY_POINT,0,0,0.5,"measured_pass_at_k(n=2,k=8)",0.25
kodcode-2a1af20ccfaf,ut_pytest,,en,excluded,excluded,TOO_HARD,PROMPT_FIX_ENTRY_POINT,0,0,0.5,"measured_pass_at_k(n=2,k=8)",0.0
kodcode-98903244d9d4,ut_pytest,,en,excluded,excluded,TOO_EASY,PROMPT_FIX_ENTRY_POINT,0,0,0.75,"measured_pass_at_k(n=2,k=8)",1.0
kodcode-6e9a748c5ab3,ut_pytest,,en,excluded,excluded,TOO_EASY,PROMPT_FIX_ENTRY_POINT,0,0,0.5,"measured_pass_at_k(n=2,k=8)",1.0
kodcode-cfea533b280d,ut_pytest,,en,excluded,excluded,TOO_EASY,PROMPT_FIX_ENTRY_POINT,0,0,0.5,"measured_pass_at_k(n=2,k=8)",1.0
kodcode-b87aefc6ecb6,ut_pytest,,en,test,ok,,PROMPT_FIX_ENTRY_POINT,0,0,0.25,"measured_pass_at_k(n=2,k=16)",
kodcode-b3e584fd8943,ut_pytest,,en,train,ok,,HARD_BUT_PARTIAL_SIGNAL;PROMPT_FIX_ENTRY_POINT,0,0,0.25,"measured_pass_at_k(n=2,k=16)",0.0
kodcode-b8a3298389b5,ut_pytest,,en,train,ok,,PROMPT_FIX_ENTRY_POINT,0,0,0.25,"measured_pass_at_k(n=2,k=8)",0.25
kodcode-54e79c238acb,ut_pytest,,en,excluded,excluded,TOO_EASY,PROMPT_FIX_ENTRY_POINT,0,0,0.25,"measured_pass_at_k(n=2,k=8)",1.0
kodcode-48bf01b374bc,ut_pytest,,en,excluded,excluded,TOO_EASY,PROMPT_FIX_ENTRY_POINT,0,0,0.5,"measured_pass_at_k(n=2,k=8)",1.0
opencodeinstruct-5311ac5ed176,ut_function,,en,excluded,excluded,TOO_HARD,PROMPT_FIX_ENTRY_POINT,0,0,0.5,"measured_pass_at_k(n=1,k=4)",0.0
ko-native-343802b324bb,ut_function,,ko,excluded,excluded,TOO_EASY,PROMPT_FIX_ENTRY_POINT,0,0,0.75,"measured_pass_at_k(n=1,k=4)",1.0
rstar-3de54f109e3f,ut_stdio,,en,train,ok,,no_reference_solution;HARD_BUT_PARTIAL_SIGNAL,0,0,0.25,"measured_pass_at_k(n=2,k=8)",0.0
rstar-c0d020342e1a,ut_stdio,,en,train,ok,,no_reference_solution,0,0,0.5,"measured_pass_at_k(n=2,k=8)",0.625
rstar-c736aa19e562,ut_stdio,,en,excluded,excluded,TOO_EASY,no_reference_solution,0,0,0.5,"measured_pass_at_k(n=2,k=8)",1.0
rstar-963342b6500d,ut_stdio,,en,excluded,excluded,TOO_EASY,no_reference_solution,0,0,0.25,"measured_pass_at_k(n=2,k=8)",1.0
rstar-971cb36e98ad,ut_stdio,,en,validation,ok,,no_reference_solution,0,0,0.5,"measured_pass_at_k(n=2,k=8)",
rstar-3dce902430e9,ut_stdio,,en,excluded,excluded,TOO_EASY,no_reference_solution,0,0,0.5,"measured_pass_at_k(n=2,k=8)",1.0
rstar-1bada42c41d3,ut_stdio,,en,train,ok,,no_reference_solution,0,0,0.25,"measured_pass_at_k(n=2,k=16)",0.75
rstar-1926d0dd82a9,ut_stdio,,en,excluded,excluded,TOO_EASY,no_reference_solution,0,0,0.5,"measured_pass_at_k(n=2,k=8)",1.0
rstar-fa35e40e48d3,ut_stdio,,en,excluded,excluded,TOO_HARD,no_reference_solution,0,0,0.25,"measured_pass_at_k(n=2,k=8)",0.0
rstar-ac0369a1d59b,ut_stdio,,en,train,ok,,no_reference_solution,0,0,0.5,"measured_pass_at_k(n=2,k=8)",0.625
rstar-b3ed8733baf0,ut_stdio,,en,excluded,excluded,TOO_EASY,no_reference_solution,0,0,0.75,"measured_pass_at_k(n=2,k=8)",1.0
rstar-37dacbceb8b8,ut_stdio,,en,excluded,excluded,TOO_EASY,no_reference_solution,0,0,0.5,"measured_pass_at_k(n=2,k=8)",1.0
rstar-2f246794cead,ut_stdio,,en,excluded,excluded,TOO_EASY,no_reference_solution,0,0,0.5,"measured_pass_at_k(n=2,k=8)",1.0
rstar-79567ef062b8,ut_stdio,,en,excluded,excluded,TOO_EASY,no_reference_solution,0,0,0.5,"measured_pass_at_k(n=2,k=8)",1.0
rstar-14160e73149d,ut_stdio,,en,test,ok,,no_reference_solution,0,0,0.5,"measured_pass_at_k(n=2,k=8)",
rstar-72b0715ab259,ut_stdio,,en,excluded,excluded,TOO_EASY,no_reference_solution,0,0,0.25,"measured_pass_at_k(n=2,k=8)",1.0
rstar-45d6d5877cdb,ut_stdio,,en,train,ok,,no_reference_solution,0,0,0.75,"measured_pass_at_k(n=2,k=8)",0.5
rstar-0e42a86d1d7a,ut_stdio,,en,train,ok,,no_reference_solution,0,0,0.25,"measured_pass_at_k(n=2,k=8)",0.75
rstar-37076f32cdc5,ut_stdio,,en,excluded,excluded,TOO_EASY,no_reference_solution,0,0,0.25,"measured_pass_at_k(n=2,k=8)",1.0
rstar-ce0f73cef1a1,ut_stdio,,en,train,ok,,no_reference_solution,0,0,0.25,"measured_pass_at_k(n=2,k=8)",0.75
rstar-f055a2f9ec6e,ut_stdio,,en,train,ok,,no_reference_solution,0,0,0.75,"measured_pass_at_k(n=2,k=8)",0.125
rstar-13685b8028b3,ut_stdio,,en,train,ok,,no_reference_solution,0,0,0.5,"measured_pass_at_k(n=2,k=8)",0.5
rstar-05e1ab68fe73,ut_stdio,,en,train,ok,,no_reference_solution;HARD_BUT_PARTIAL_SIGNAL,0,0,0.375,"measured_pass_at_k(n=2,k=16)",0.0
rstar-c0738ed96468,ut_stdio,,en,excluded,excluded,TOO_EASY,no_reference_solution,0,0,0.5,"measured_pass_at_k(n=2,k=8)",1.0
rstar-23019ba94f58,ut_stdio,,en,test,ok,,no_reference_solution,0,0,0.5,"measured_pass_at_k(n=2,k=8)",
rstar-7c67d6834a92,ut_stdio,,en,train,ok,,no_reference_solution,0,0,0.25,"measured_pass_at_k(n=2,k=8)",0.875
opencodeinstruct-ca291db760c6,ut_function,,en,excluded,excluded,TOO_EASY,PROMPT_FIX_ENTRY_POINT,0,0,0.25,"measured_pass_at_k(n=2,k=8)",1.0
opencodeinstruct-c9be612b4417,ut_function,,en,train,ok,,HARD_BUT_PARTIAL_SIGNAL;PROMPT_FIX_ENTRY_POINT,0,0,0.25,"measured_pass_at_k(n=2,k=16)",0.0
opencodeinstruct-ea1e62e2fa89,ut_function,,en,train,ok,,PROMPT_FIX_ENTRY_POINT,0,0,0.25,"measured_pass_at_k(n=2,k=8)",0.75
opencodeinstruct-091ff2699bc0,ut_function,,en,excluded,excluded,TOO_HARD,PROMPT_FIX_ENTRY_POINT,0,0,0.5,"measured_pass_at_k(n=2,k=8)",0.0
opencodeinstruct-ae4f95b96694,ut_function,,en,validation,ok,,PROMPT_FIX_ENTRY_POINT,0,0,0.375,"measured_pass_at_k(n=2,k=16)",
opencodeinstruct-2cef83fc640f,ut_function,,en,test,ok,,PROMPT_FIX_ENTRY_POINT,0,0,0.375,"measured_pass_at_k(n=2,k=16)",
opencodeinstruct-d4ecc4855291,ut_function,,en,excluded,excluded,TOO_EASY,PROMPT_FIX_ENTRY_POINT,0,0,0.75,"measured_pass_at_k(n=2,k=8)",1.0
opencodeinstruct-346fc828f730,ut_function,,en,excluded,excluded,TOO_EASY,PROMPT_FIX_ENTRY_POINT,0,0,0.75,"measured_pass_at_k(n=2,k=16)",1.0
opencodeinstruct-a6c1ea14677c,ut_function,,en,excluded,excluded,TOO_EASY,PROMPT_FIX_ENTRY_POINT,0,0,0.75,"measured_pass_at_k(n=2,k=16)",1.0
opencodeinstruct-41cb0678837a,ut_function,,en,test,ok,,PROMPT_FIX_ENTRY_POINT,0,0,0.75,"measured_pass_at_k(n=2,k=8)",
opencodeinstruct-b84ac3a769dd,ut_function,,en,train,ok,,PROMPT_FIX_ENTRY_POINT,0,0,0.5,"measured_pass_at_k(n=2,k=8)",0.5
opencodeinstruct-62c6ed90e668,ut_function,,en,validation,ok,,PROMPT_FIX_ENTRY_POINT,0,0,0.25,"measured_pass_at_k(n=2,k=8)",
opencodeinstruct-1b16e05d98c5,ut_function,,en,excluded,excluded,TOO_EASY,PROMPT_FIX_ENTRY_POINT,0,0,0.5,"measured_pass_at_k(n=2,k=8)",1.0
opencodeinstruct-1afe516f1c3d,ut_function,,en,excluded,excluded,TOO_EASY,PROMPT_FIX_ENTRY_POINT,0,0,0.25,"measured_pass_at_k(n=2,k=8)",1.0
opencodeinstruct-67c156149109,ut_function,,en,excluded,excluded,TOO_EASY,PROMPT_FIX_ENTRY_POINT,0,0,0.25,"measured_pass_at_k(n=2,k=8)",1.0
opencodeinstruct-b30bf7e0928e,ut_function,,en,excluded,excluded,TOO_EASY,PROMPT_FIX_ENTRY_POINT,0,0,0.25,"measured_pass_at_k(n=2,k=8)",1.0
opencodeinstruct-0d470c8dfb38,ut_function,,en,train,ok,,PROMPT_FIX_ENTRY_POINT,0,0,0.75,"measured_pass_at_k(n=2,k=8)",0.625
opencodeinstruct-678363176108,ut_function,,en,train,ok,,PROMPT_FIX_ENTRY_POINT,0,0,0.25,"measured_pass_at_k(n=2,k=16)",0.875
opencodeinstruct-95af99dd5cd4,ut_function,,en,excluded,excluded,TOO_EASY,PROMPT_FIX_ENTRY_POINT,0,0,0.75,"measured_pass_at_k(n=2,k=8)",1.0
opencodeinstruct-c686ef432abf,ut_function,,en,excluded,excluded,TOO_EASY,PROMPT_FIX_ENTRY_POINT,0,0,0.5,"measured_pass_at_k(n=2,k=8)",1.0
opencodeinstruct-7c850e6f8edc,ut_function,,en,excluded,excluded,TOO_EASY,PROMPT_FIX_ENTRY_POINT,0,0,0.25,"measured_pass_at_k(n=2,k=8)",1.0
opencodeinstruct-0110297af25c,ut_function,,en,excluded,excluded,TOO_EASY,PROMPT_FIX_ENTRY_POINT,0,0,0.5,"measured_pass_at_k(n=2,k=8)",1.0
opencodeinstruct-ec0bf265048a,ut_function,,en,excluded,excluded,TOO_EASY,PROMPT_FIX_ENTRY_POINT,0,0,0.25,"measured_pass_at_k(n=2,k=16)",1.0
opencodeinstruct-39323c2876d0,ut_function,,en,excluded,excluded,TOO_HARD,PROMPT_FIX_ENTRY_POINT,0,0,0.5,"measured_pass_at_k(n=2,k=8)",0.0
opencodeinstruct-ac101d5457a2,ut_function,,en,excluded,excluded,TOO_EASY,PROMPT_FIX_ENTRY_POINT,0,0,0.5,"measured_pass_at_k(n=2,k=8)",1.0
kodcode-3923be20afa9,ut_pytest,,en,validation,ok,,PROMPT_FIX_ENTRY_POINT,0,0,0.375,"measured_pass_at_k(n=2,k=16)",
kodcode-4033efa5100d,ut_pytest,,en,train,ok,,PROMPT_FIX_ENTRY_POINT,0,0,0.5,"measured_pass_at_k(n=2,k=8)",0.875
kodcode-6343c84b3702,ut_pytest,,en,train,ok,,PROMPT_FIX_ENTRY_POINT,0,0,0.25,"measured_pass_at_k(n=2,k=8)",0.375
kodcode-557da91f4c41,ut_pytest,,en,excluded,excluded,TOO_EASY,PROMPT_FIX_ENTRY_POINT,0,0,0.25,"measured_pass_at_k(n=2,k=8)",1.0
kodcode-2ff1fd0aa5a5,ut_pytest,,en,test,ok,,PROMPT_FIX_ENTRY_POINT,0,0,0.5,"measured_pass_at_k(n=2,k=8)",
opencodeinstruct-f65115b3c745,ut_function,,en,validation,ok,,PROMPT_FIX_ENTRY_POINT,0,0,0.5,"measured_pass_at_k(n=2,k=8)",
opencodeinstruct-80aabfffcb93,ut_function,,en,excluded,excluded,TOO_EASY,PROMPT_FIX_ENTRY_POINT,0,0,0.5,"measured_pass_at_k(n=2,k=8)",1.0
opencodeinstruct-b54ae8d744d3,ut_function,,en,excluded,excluded,TOO_EASY,PROMPT_FIX_ENTRY_POINT,0,0,0.75,"measured_pass_at_k(n=2,k=8)",1.0
kodcode-3a512f0395bb,ut_pytest,,en,excluded,excluded,TOO_HARD,PROMPT_FIX_ENTRY_POINT,0,0,0.25,"measured_pass_at_k(n=2,k=8)",0.0
kodcode-2efc0aa5f2e8,ut_pytest,,en,train,ok,,PROMPT_FIX_ENTRY_POINT,0,0,0.5,"measured_pass_at_k(n=2,k=8)",0.5
kodcode-4f817947c9da,ut_pytest,,en,train,ok,,PROMPT_FIX_ENTRY_POINT,0,0,0.75,"measured_pass_at_k(n=2,k=8)",0.625
kodcode-ff8a29c20b61,ut_pytest,,en,excluded,excluded,TOO_HARD,PROMPT_FIX_ENTRY_POINT,0,0,0.25,"measured_pass_at_k(n=2,k=8)",0.0
kodcode-4ebf72ed1da1,ut_pytest,,en,train,ok,,PROMPT_FIX_ENTRY_POINT,0,0,0.5,"measured_pass_at_k(n=2,k=8)",0.375
kodcode-0497768b856d,ut_pytest,,en,excluded,excluded,TOO_EASY,PROMPT_FIX_ENTRY_POINT,0,0,0.5,"measured_pass_at_k(n=2,k=8)",1.0
kodcode-f9ec2943a717,ut_pytest,,en,excluded,excluded,TOO_EASY,PROMPT_FIX_ENTRY_POINT,0,0,0.5,"measured_pass_at_k(n=2,k=8)",1.0
kodcode-51e1b35bb59a,ut_pytest,,en,excluded,excluded,TOO_EASY,PROMPT_FIX_ENTRY_POINT,0,0,0.25,"measured_pass_at_k(n=2,k=8)",1.0
kodcode-9e9f6a516364,ut_pytest,,en,excluded,excluded,TOO_HARD,PROMPT_FIX_ENTRY_POINT,0,0,0.5,"measured_pass_at_k(n=2,k=8)",0.0
kodcode-be1ac44942e3,ut_pytest,,en,validation,ok,,PROMPT_FIX_ENTRY_POINT,0,0,0.5,"measured_pass_at_k(n=2,k=8)",
kodcode-d12fea50adbc,ut_pytest,,en,validation,ok,,PROMPT_FIX_ENTRY_POINT,0,0,0.25,"measured_pass_at_k(n=2,k=8)",
kodcode-01f7dd891e67,ut_pytest,,en,validation,ok,,PROMPT_FIX_ENTRY_POINT,0,0,0.5,"measured_pass_at_k(n=2,k=8)",
kodcode-99354f33b3c7,ut_pytest,,en,validation,ok,,PROMPT_FIX_ENTRY_POINT,0,0,0.25,"measured_pass_at_k(n=2,k=8)",
kodcode-282ca34b6fc3,ut_pytest,,en,test,ok,,PROMPT_FIX_ENTRY_POINT,0,0,0.5,"measured_pass_at_k(n=2,k=8)",
kodcode-252f47eea2a7,ut_pytest,,en,train,ok,,PROMPT_FIX_ENTRY_POINT,0,0,0.75,"measured_pass_at_k(n=2,k=8)",0.875
kodcode-07ef98f9f7cb,ut_pytest,,en,excluded,excluded,TOO_HARD,PROMPT_FIX_ENTRY_POINT,0,0,0.5,"measured_pass_at_k(n=2,k=8)",0.0
kodcode-27a0f0f15e24,ut_pytest,,en,excluded,excluded,TOO_EASY,PROMPT_FIX_ENTRY_POINT,0,0,0.25,"measured_pass_at_k(n=2,k=8)",1.0
kodcode-6682355215f9,ut_pytest,,en,excluded,excluded,TOO_HARD,PROMPT_FIX_ENTRY_POINT,0,0,0.25,"measured_pass_at_k(n=2,k=8)",0.0
kodcode-30d2c8aac5d0,ut_pytest,,en,excluded,excluded,TOO_EASY,PROMPT_FIX_ENTRY_POINT,0,0,0.5,"measured_pass_at_k(n=2,k=8)",1.0
kodcode-acef04d13857,ut_pytest,,en,excluded,excluded,TOO_EASY,PROMPT_FIX_ENTRY_POINT,0,0,0.75,"measured_pass_at_k(n=2,k=8)",1.0
kodcode-65806352945b,ut_pytest,,en,train,ok,,PROMPT_FIX_ENTRY_POINT,0,0,0.5,"measured_pass_at_k(n=2,k=8)",0.625
kodcode-4fadda167a3f,ut_pytest,,en,excluded,excluded,TOO_HARD,PROMPT_FIX_ENTRY_POINT,0,0,0.5,"measured_pass_at_k(n=2,k=8)",0.0
kodcode-430176b208c2,ut_pytest,,en,excluded,excluded,TOO_EASY,PROMPT_FIX_ENTRY_POINT,0,0,0.75,"measured_pass_at_k(n=2,k=8)",1.0
kodcode-404545b7547a,ut_pytest,,en,train,ok,,PROMPT_FIX_ENTRY_POINT,0,0,0.25,"measured_pass_at_k(n=2,k=16)",0.125
kodcode-090771fa55d4,ut_pytest,,en,excluded,excluded,TOO_EASY,PROMPT_FIX_ENTRY_POINT,0,0,0.5,"measured_pass_at_k(n=2,k=8)",1.0
kodcode-779c552ffb8e,ut_pytest,,en,train,ok,,PROMPT_FIX_ENTRY_POINT,0,0,0.25,"measured_pass_at_k(n=2,k=8)",0.75
kodcode-1b1fdce93d63,ut_pytest,,en,excluded,excluded,TOO_EASY,PROMPT_FIX_ENTRY_POINT,0,0,0.5,"measured_pass_at_k(n=2,k=8)",1.0
kodcode-1cac754f45e8,ut_pytest,,en,train,ok,,PROMPT_FIX_ENTRY_POINT,0,0,0.25,"measured_pass_at_k(n=2,k=16)",0.75
kodcode-e6445c8f23b4,ut_pytest,,en,excluded,excluded,TOO_EASY,PROMPT_FIX_ENTRY_POINT,0,0,0.5,"measured_pass_at_k(n=2,k=8)",1.0
kodcode-2a4dd4941d9a,ut_pytest,,en,excluded,excluded,TOO_EASY,PROMPT_FIX_ENTRY_POINT,0,0,0.5,"measured_pass_at_k(n=2,k=8)",1.0
kodcode-4b7d1ebc29a3,ut_pytest,,en,excluded,excluded,TOO_EASY,PROMPT_FIX_ENTRY_POINT,0,0,0.75,"measured_pass_at_k(n=2,k=8)",1.0
kodcode-94c36d70120a,ut_pytest,,en,test,ok,,PROMPT_FIX_ENTRY_POINT,0,0,0.25,"measured_pass_at_k(n=2,k=8)",
kodcode-7646fe6469f3,ut_pytest,,en,excluded,excluded,TOO_EASY,PROMPT_FIX_ENTRY_POINT,0,0,0.5,"measured_pass_at_k(n=2,k=8)",1.0
kodcode-4665cee371a5,ut_pytest,,en,excluded,excluded,TOO_EASY,PROMPT_FIX_ENTRY_POINT,0,0,0.5,"measured_pass_at_k(n=2,k=8)",1.0
ko-native-ce43ba4b86e3,ut_function,,ko,validation,ok,,PROMPT_FIX_ENTRY_POINT,0,0,0.5,"measured_pass_at_k(n=1,k=4)",
ko-native-445737bc501e,ut_function,,ko,train,ok,,PROMPT_FIX_ENTRY_POINT,0,0,0.75,"measured_pass_at_k(n=1,k=4)",0.375
ko-native-45e06d85a098,ut_function,,ko,excluded,excluded,TOO_EASY,PROMPT_FIX_ENTRY_POINT,0,0,0.5,"measured_pass_at_k(n=1,k=4)",1.0
ko-native-f0dc38256983,ut_function,,ko,excluded,excluded,TOO_EASY,PROMPT_FIX_ENTRY_POINT,0,0,0.5,"measured_pass_at_k(n=1,k=4)",1.0
ko-native-0777b7957240,ut_function,,ko,excluded,excluded,TOO_EASY,PROMPT_FIX_ENTRY_POINT,0,0,0.25,"measured_pass_at_k(n=1,k=4)",1.0
rstar-2da4d65cd11c,ut_stdio,,en,excluded,excluded,TOO_EASY,no_reference_solution,0,0,0.25,"measured_pass_at_k(n=2,k=8)",1.0
rstar-de6e5281e93f,ut_stdio,,en,train,ok,,no_reference_solution,0,0,0.75,"measured_pass_at_k(n=2,k=8)",0.875
rstar-757012f0b1b8,ut_stdio,,en,train,ok,,no_reference_solution,0,0,0.25,"measured_pass_at_k(n=2,k=8)",0.25
rstar-2d191814783f,ut_stdio,,en,excluded,excluded,TOO_EASY,no_reference_solution,0,0,0.5,"measured_pass_at_k(n=2,k=8)",1.0
rstar-aebcc8afc78a,ut_stdio,,en,train,ok,,no_reference_solution,0,0,0.25,"measured_pass_at_k(n=2,k=8)",0.25
rstar-b2d8e195b054,ut_stdio,,en,train,ok,,no_reference_solution,0,0,0.5,"measured_pass_at_k(n=2,k=8)",0.25
rstar-216a3053aed2,ut_stdio,,en,test,ok,,no_reference_solution,0,0,0.25,"measured_pass_at_k(n=2,k=8)",
rstar-fb660c702c36,ut_stdio,,en,excluded,excluded,TOO_EASY,no_reference_solution,0,0,0.5,"measured_pass_at_k(n=2,k=8)",1.0
rstar-7dfb46d4b28a,ut_stdio,,en,train,ok,,no_reference_solution,0,0,0.75,"measured_pass_at_k(n=2,k=8)",0.875
rstar-62957fec7b1a,ut_stdio,,en,train,ok,,no_reference_solution,0,0,0.25,"measured_pass_at_k(n=2,k=8)",0.875
rstar-d7e757882abf,ut_stdio,,en,test,ok,,no_reference_solution,0,0,0.75,"measured_pass_at_k(n=2,k=8)",
rstar-931a94e9e7aa,ut_stdio,,en,train,ok,,no_reference_solution,0,0,0.25,"measured_pass_at_k(n=2,k=8)",0.375
rstar-296020d185ea,ut_stdio,,en,test,ok,,no_reference_solution,0,0,0.75,"measured_pass_at_k(n=2,k=8)",
rstar-be53bf0b7488,ut_stdio,,en,train,ok,,no_reference_solution,0,0,0.25,"measured_pass_at_k(n=2,k=8)",0.875
rstar-923c24f04fc6,ut_stdio,,en,train,ok,,no_reference_solution,0,0,0.25,"measured_pass_at_k(n=2,k=8)",0.875
rstar-08529db4b7aa,ut_stdio,,en,excluded,excluded,TOO_EASY,no_reference_solution,0,0,0.25,"measured_pass_at_k(n=2,k=8)",1.0
rstar-c09c9bd5f28a,ut_stdio,,en,excluded,excluded,TOO_EASY,no_reference_solution,0,0,0.25,"measured_pass_at_k(n=2,k=8)",1.0
rstar-9f5f1f3667bf,ut_stdio,,en,excluded,excluded,TOO_EASY,no_reference_solution,0,0,0.5,"measured_pass_at_k(n=1,k=4)",1.0
rstar-7549e7bfaed7,ut_stdio,,en,excluded,excluded,TOO_EASY,no_reference_solution,0,0,0.75,"measured_pass_at_k(n=2,k=8)",1.0
opencodeinstruct-98cf1b365df6,ut_function,,en,test,ok,,PROMPT_FIX_ENTRY_POINT,0,0,0.5,"measured_pass_at_k(n=2,k=8)",
opencodeinstruct-40e1654d8bcd,ut_function,,en,test,ok,,PROMPT_FIX_ENTRY_POINT,0,0,0.375,"measured_pass_at_k(n=2,k=16)",
opencodeinstruct-277f11ed3063,ut_function,,en,excluded,excluded,TOO_EASY,PROMPT_FIX_ENTRY_POINT,0,0,0.25,"measured_pass_at_k(n=2,k=8)",1.0
opencodeinstruct-83c38f55803a,ut_function,,en,excluded,excluded,TOO_EASY,PROMPT_FIX_ENTRY_POINT,0,0,0.5,"measured_pass_at_k(n=2,k=8)",1.0
opencodeinstruct-533ae6985077,ut_function,,en,excluded,excluded,TOO_EASY,PROMPT_FIX_ENTRY_POINT,0,0,0.625,"measured_pass_at_k(n=2,k=16)",1.0
opencodeinstruct-556903adb146,ut_function,,en,excluded,excluded,TOO_EASY,PROMPT_FIX_ENTRY_POINT,0,0,0.75,"measured_pass_at_k(n=2,k=8)",1.0
opencodeinstruct-500d27d19bb8,ut_function,,en,train,ok,,PROMPT_FIX_ENTRY_POINT,0,0,0.5,"measured_pass_at_k(n=2,k=8)",0.25
opencodeinstruct-02449746733e,ut_function,,en,train,ok,,PROMPT_FIX_ENTRY_POINT,0,0,0.25,"measured_pass_at_k(n=2,k=8)",0.375
opencodeinstruct-9b729ea7db0e,ut_function,,en,train,ok,,PROMPT_FIX_ENTRY_POINT,0,0,0.25,"measured_pass_at_k(n=2,k=8)",0.75
opencodeinstruct-3f6848eae078,ut_function,,en,excluded,excluded,TOO_EASY,PROMPT_FIX_ENTRY_POINT,0,0,0.25,"measured_pass_at_k(n=2,k=8)",1.0
opencodeinstruct-180d32886860,ut_function,,en,excluded,excluded,TOO_EASY,PROMPT_FIX_ENTRY_POINT,0,0,0.75,"measured_pass_at_k(n=2,k=8)",1.0
opencodeinstruct-4f7dac1d99df,ut_function,,en,excluded,excluded,TOO_EASY,PROMPT_FIX_ENTRY_POINT,0,0,0.25,"measured_pass_at_k(n=2,k=8)",1.0
opencodeinstruct-cfbcb3d5c63c,ut_function,,en,test,ok,,PROMPT_FIX_ENTRY_POINT,0,0,0.25,"measured_pass_at_k(n=2,k=16)",
opencodeinstruct-95c3d4be3e93,ut_function,,en,excluded,excluded,TOO_EASY,PROMPT_FIX_ENTRY_POINT,0,0,0.5,"measured_pass_at_k(n=2,k=8)",1.0
opencodeinstruct-9cfbd650a2ec,ut_function,,en,excluded,excluded,TOO_EASY,PROMPT_FIX_ENTRY_POINT,0,0,0.5,"measured_pass_at_k(n=2,k=8)",1.0
opencodeinstruct-cffd45644c81,ut_function,,en,excluded,excluded,TOO_EASY,PROMPT_FIX_ENTRY_POINT,0,0,0.75,"measured_pass_at_k(n=2,k=8)",1.0
opencodeinstruct-ad43d8850afe,ut_function,,en,train,ok,,HARD_BUT_PARTIAL_SIGNAL;PROMPT_FIX_ENTRY_POINT,0,0,0.25,"measured_pass_at_k(n=2,k=8)",0.0
opencodeinstruct-1836f7ec966a,ut_function,,en,validation,ok,,PROMPT_FIX_ENTRY_POINT,0,0,0.25,"measured_pass_at_k(n=2,k=8)",
opencodeinstruct-e01607470acf,ut_function,,en,excluded,excluded,TOO_EASY,PROMPT_FIX_ENTRY_POINT,0,0,0.25,"measured_pass_at_k(n=2,k=8)",1.0
opencodeinstruct-30c3b1bfd4c3,ut_function,,en,excluded,excluded,TOO_EASY,PROMPT_FIX_ENTRY_POINT,0,0,0.5,"measured_pass_at_k(n=2,k=8)",1.0
opencodeinstruct-668ca6fce566,ut_function,,en,test,ok,,PROMPT_FIX_ENTRY_POINT,0,0,0.5,"measured_pass_at_k(n=2,k=8)",
opencodeinstruct-94484ff3a37e,ut_function,,en,excluded,excluded,TOO_EASY,PROMPT_FIX_ENTRY_POINT,0,0,0.25,"measured_pass_at_k(n=2,k=16)",1.0
opencodeinstruct-cccfc5748dc3,ut_function,,en,excluded,excluded,TOO_EASY,PROMPT_FIX_ENTRY_POINT,0,0,0.25,"measured_pass_at_k(n=2,k=8)",1.0
opencodeinstruct-058349d458a5,ut_function,,en,train,ok,,PROMPT_FIX_ENTRY_POINT,0,0,0.25,"measured_pass_at_k(n=2,k=16)",0.875
opencodeinstruct-76253a6ddbc8,ut_function,,en,excluded,excluded,TOO_EASY,PROMPT_FIX_ENTRY_POINT,0,0,0.25,"measured_pass_at_k(n=2,k=8)",1.0
opencodeinstruct-d252c1e88a33,ut_function,,en,excluded,excluded,TOO_EASY,PROMPT_FIX_ENTRY_POINT,0,0,0.25,"measured_pass_at_k(n=2,k=8)",1.0
opencodeinstruct-7e3585b6e3ad,ut_function,,en,train,ok,,PROMPT_FIX_ENTRY_POINT,0,0,0.75,"measured_pass_at_k(n=2,k=8)",0.125
opencodeinstruct-8721ae6b3401,ut_function,,en,test,ok,,PROMPT_FIX_ENTRY_POINT,0,0,0.5,"measured_pass_at_k(n=2,k=16)",
opencodeinstruct-555da8dcf97a,ut_function,,en,train,ok,,PROMPT_FIX_ENTRY_POINT,0,0,0.5,"measured_pass_at_k(n=2,k=8)",0.875
opencodeinstruct-8c756737f493,ut_function,,en,excluded,excluded,TOO_EASY,PROMPT_FIX_ENTRY_POINT,0,0,0.25,"measured_pass_at_k(n=2,k=16)",1.0
opencodeinstruct-d11a88f2e110,ut_function,,en,test,ok,,PROMPT_FIX_ENTRY_POINT,0,0,0.25,"measured_pass_at_k(n=2,k=8)",
kodcode-0cf1d3517ec9,ut_pytest,,en,train,ok,,PROMPT_FIX_ENTRY_POINT,0,0,0.5,"measured_pass_at_k(n=2,k=8)",0.625
opencodeinstruct-0790f2730992,ut_function,,en,excluded,excluded,TOO_EASY,PROMPT_FIX_ENTRY_POINT,0,0,0.75,"measured_pass_at_k(n=2,k=8)",1.0
opencodeinstruct-601491d2dcf7,ut_function,,en,excluded,excluded,TOO_EASY,PROMPT_FIX_ENTRY_POINT,0,0,0.5,"measured_pass_at_k(n=2,k=8)",1.0
kodcode-94be89e7f25e,ut_pytest,,en,excluded,excluded,TOO_EASY,PROMPT_FIX_ENTRY_POINT,0,0,0.75,"measured_pass_at_k(n=2,k=8)",1.0
kodcode-9c36a8d7ff4b,ut_pytest,,en,train,ok,,HARD_BUT_PARTIAL_SIGNAL;PROMPT_FIX_ENTRY_POINT,0,0,0.25,"measured_pass_at_k(n=2,k=8)",0.0
kodcode-63022062a40c,ut_pytest,,en,excluded,excluded,TOO_HARD,PROMPT_FIX_ENTRY_POINT,0,0,0.25,"measured_pass_at_k(n=2,k=8)",0.0
kodcode-d29b724f2a79,ut_pytest,,en,excluded,excluded,TOO_EASY,PROMPT_FIX_ENTRY_POINT,0,0,0.25,"measured_pass_at_k(n=2,k=8)",1.0
opencodeinstruct-6a389c7aa5da,ut_function,,en,excluded,excluded,TOO_HARD,PROMPT_FIX_ENTRY_POINT,0,0,0.5,"measured_pass_at_k(n=2,k=8)",0.0
opencodeinstruct-91cc30a73606,ut_function,,en,excluded,excluded,TOO_EASY,PROMPT_FIX_ENTRY_POINT,0,0,0.25,"measured_pass_at_k(n=2,k=8)",1.0
kodcode-046dd79a6604,ut_pytest,,en,excluded,excluded,TOO_EASY,PROMPT_FIX_ENTRY_POINT,0,0,0.25,"measured_pass_at_k(n=2,k=16)",1.0
kodcode-8eacc2bd2c5f,ut_pytest,,en,excluded,excluded,TOO_EASY,PROMPT_FIX_ENTRY_POINT,0,0,0.25,"measured_pass_at_k(n=2,k=8)",1.0
opencodeinstruct-61a835b5caa7,ut_function,,en,excluded,excluded,TOO_EASY,PROMPT_FIX_ENTRY_POINT,0,0,0.25,"measured_pass_at_k(n=2,k=8)",1.0
kodcode-0f1c47f08c96,ut_pytest,,en,excluded,excluded,TOO_EASY,PROMPT_FIX_ENTRY_POINT,0,0,0.75,"measured_pass_at_k(n=2,k=8)",1.0
opencodeinstruct-d9d855c4c933,ut_function,,en,test,ok,,PROMPT_FIX_ENTRY_POINT,0,0,0.25,"measured_pass_at_k(n=2,k=16)",
kodcode-2dec6409e9be,ut_pytest,,en,test,ok,,PROMPT_FIX_ENTRY_POINT,0,0,0.5,"measured_pass_at_k(n=2,k=8)",
kodcode-8cd8fcf5bdea,ut_pytest,,en,train,ok,,PROMPT_FIX_ENTRY_POINT,0,0,0.75,"measured_pass_at_k(n=2,k=8)",0.75
kodcode-693d01d79209,ut_pytest,,en,excluded,excluded,TOO_HARD,PROMPT_FIX_ENTRY_POINT,0,0,0.25,"measured_pass_at_k(n=2,k=8)",0.0
kodcode-93af6c914859,ut_pytest,,en,validation,ok,,PROMPT_FIX_ENTRY_POINT,0,0,0.5,"measured_pass_at_k(n=2,k=8)",
kodcode-a320a0258311,ut_pytest,,en,train,ok,,PROMPT_FIX_ENTRY_POINT,0,0,0.25,"measured_pass_at_k(n=2,k=8)",0.125
kodcode-0886a36c187f,ut_pytest,,en,excluded,excluded,TOO_EASY,PROMPT_FIX_ENTRY_POINT,0,0,0.5,"measured_pass_at_k(n=2,k=8)",1.0
kodcode-9e71f3195fe0,ut_pytest,,en,excluded,excluded,TOO_HARD,PROMPT_FIX_ENTRY_POINT,0,0,0.25,"measured_pass_at_k(n=2,k=8)",0.0
kodcode-98513649cffd,ut_pytest,,en,excluded,excluded,TOO_EASY,PROMPT_FIX_ENTRY_POINT,0,0,0.5,"measured_pass_at_k(n=2,k=8)",1.0
opencodeinstruct-d1bc9a5ad4d6,ut_function,,en,excluded,excluded,TOO_EASY,PROMPT_FIX_ENTRY_POINT,0,0,0.75,"measured_pass_at_k(n=2,k=8)",1.0
kodcode-ce2cb478e80f,ut_pytest,,en,excluded,excluded,TOO_EASY,PROMPT_FIX_ENTRY_POINT,0,0,0.75,"measured_pass_at_k(n=2,k=8)",1.0
kodcode-a543c646cef5,ut_pytest,,en,train,ok,,HARD_BUT_PARTIAL_SIGNAL;PROMPT_FIX_ENTRY_POINT,0,0,0.5,"measured_pass_at_k(n=2,k=8)",0.0
kodcode-7c4904bb3555,ut_pytest,,en,train,ok,,PROMPT_FIX_ENTRY_POINT,0,0,0.5,"measured_pass_at_k(n=2,k=8)",0.25
kodcode-712e28860a4b,ut_pytest,,en,excluded,excluded,TOO_EASY,PROMPT_FIX_ENTRY_POINT,0,0,0.75,"measured_pass_at_k(n=2,k=8)",1.0
opencodeinstruct-0da3e63f1c27,ut_function,,en,excluded,excluded,TOO_EASY,PROMPT_FIX_ENTRY_POINT,0,0,0.25,"measured_pass_at_k(n=2,k=8)",1.0
kodcode-486a0855ffb2,ut_pytest,,en,test,ok,,PROMPT_FIX_ENTRY_POINT,0,0,0.5,"measured_pass_at_k(n=2,k=8)",
kodcode-4952e83ecc53,ut_pytest,,en,train,ok,,PROMPT_FIX_ENTRY_POINT,0,0,0.25,"measured_pass_at_k(n=2,k=8)",0.75
opencodeinstruct-4b5fdd74ba48,ut_function,,en,excluded,excluded,TOO_EASY,PROMPT_FIX_ENTRY_POINT,0,0,0.25,"measured_pass_at_k(n=2,k=8)",1.0
ko-native-b5864429bc09,ut_function,,ko,train,ok,,PROMPT_FIX_ENTRY_POINT,0,0,0.5,"measured_pass_at_k(n=1,k=4)",0.125
ko-native-44ce8d8c74cd,ut_function,,ko,train,ok,,PROMPT_FIX_ENTRY_POINT,0,0,0.375,"measured_pass_at_k(n=1,k=8)",0.5
rstar-3c2403cbab5a,ut_stdio,,en,excluded,excluded,TOO_HARD,no_reference_solution,0,0,0.5,"measured_pass_at_k(n=2,k=8)",0.0
rstar-2bfab1d3c7f1,ut_stdio,,en,train,ok,,no_reference_solution,0,0,0.5,"measured_pass_at_k(n=2,k=8)",0.75
rstar-7c71e7b879d1,ut_stdio,,en,train,ok,,no_reference_solution,0,0,0.5,"measured_pass_at_k(n=2,k=8)",0.125
rstar-9aaee597d3d5,ut_stdio,,en,train,ok,,no_reference_solution,0,0,0.75,"measured_pass_at_k(n=2,k=8)",0.125
rstar-7108fae390f0,ut_stdio,,en,test,ok,,no_reference_solution,0,0,0.75,"measured_pass_at_k(n=2,k=8)",
rstar-f56e5e16411a,ut_stdio,,en,train,ok,,no_reference_solution,0,0,0.75,"measured_pass_at_k(n=2,k=8)",0.75
rstar-a966970eeb72,ut_stdio,,en,train,ok,,no_reference_solution,0,0,0.25,"measured_pass_at_k(n=2,k=8)",0.375
rstar-f01805a97baf,ut_stdio,,en,train,ok,,no_reference_solution,0,0,0.25,"measured_pass_at_k(n=2,k=8)",0.75
rstar-dbadf95b4805,ut_stdio,,en,test,ok,,no_reference_solution,0,0,0.5,"measured_pass_at_k(n=2,k=8)",
rstar-28cfaf60a838,ut_stdio,,en,train,ok,,no_reference_solution;HARD_BUT_PARTIAL_SIGNAL,0,0,0.5,"measured_pass_at_k(n=2,k=8)",0.0
rstar-8d57701dba10,ut_stdio,,en,excluded,excluded,TOO_HARD,no_reference_solution,0,0,0.5,"measured_pass_at_k(n=2,k=8)",0.0
rstar-b094f3f15000,ut_stdio,,en,train,ok,,no_reference_solution,0,0,0.25,"measured_pass_at_k(n=2,k=8)",0.875
rstar-f44af6d69258,ut_stdio,,en,train,ok,,no_reference_solution;HARD_BUT_PARTIAL_SIGNAL,0,0,0.25,"measured_pass_at_k(n=2,k=8)",0.0
rstar-143ab9d1ea21,ut_stdio,,en,train,ok,,no_reference_solution,0,0,0.375,"measured_pass_at_k(n=2,k=16)",0.75
rstar-e817bcd27d49,ut_stdio,,en,excluded,excluded,TOO_EASY,no_reference_solution,0,0,0.25,"measured_pass_at_k(n=2,k=8)",1.0
rstar-7f420b2cc721,ut_stdio,,en,excluded,excluded,TOO_EASY,no_reference_solution,0,0,0.25,"measured_pass_at_k(n=2,k=8)",1.0
rstar-bbe5b0c24aba,ut_stdio,,en,excluded,excluded,TOO_EASY,no_reference_solution,0,0,0.5,"measured_pass_at_k(n=2,k=8)",1.0
rstar-813a199c90d1,ut_stdio,,en,excluded,excluded,TOO_HARD,no_reference_solution,0,0,0.5,"measured_pass_at_k(n=2,k=8)",0.0
rstar-88323e775c3e,ut_stdio,,en,excluded,excluded,TOO_HARD,no_reference_solution,0,0,0.25,"measured_pass_at_k(n=2,k=16)",0.0
opencodeinstruct-32ffa1e48210,ut_function,,en,test,ok,,PROMPT_FIX_ENTRY_POINT,0,0,0.25,"measured_pass_at_k(n=2,k=8)",
opencodeinstruct-4027560dc51e,ut_function,,en,excluded,excluded,TOO_EASY,PROMPT_FIX_ENTRY_POINT,0,0,0.5,"measured_pass_at_k(n=2,k=8)",1.0
opencodeinstruct-6f96b147a5c2,ut_function,,en,validation,ok,,PROMPT_FIX_ENTRY_POINT,0,0,0.25,"measured_pass_at_k(n=2,k=8)",
opencodeinstruct-7a216d03191f,ut_function,,en,test,ok,,PROMPT_FIX_ENTRY_POINT,0,0,0.25,"measured_pass_at_k(n=2,k=16)",
opencodeinstruct-9bb6f9bc1996,ut_function,,en,excluded,excluded,TOO_HARD,PROMPT_FIX_ENTRY_POINT,0,0,0.25,"measured_pass_at_k(n=2,k=8)",0.0
opencodeinstruct-bde8ec18b811,ut_function,,en,train,ok,,PROMPT_FIX_ENTRY_POINT,0,0,0.25,"measured_pass_at_k(n=2,k=8)",0.875
opencodeinstruct-2b5cb718fc81,ut_function,,en,validation,ok,,PROMPT_FIX_ENTRY_POINT,0,0,0.25,"measured_pass_at_k(n=2,k=16)",
opencodeinstruct-695dc7a8bedc,ut_function,,en,excluded,excluded,TOO_EASY,PROMPT_FIX_ENTRY_POINT,0,0,0.25,"measured_pass_at_k(n=2,k=8)",1.0
opencodeinstruct-884585c5925e,ut_function,,en,validation,ok,,PROMPT_FIX_ENTRY_POINT,0,0,0.25,"measured_pass_at_k(n=2,k=8)",
opencodeinstruct-84a5170bb15a,ut_function,,en,excluded,excluded,TOO_EASY,PROMPT_FIX_ENTRY_POINT,0,0,0.5,"measured_pass_at_k(n=2,k=8)",1.0
opencodeinstruct-0c436cd0dafe,ut_function,,en,excluded,excluded,TOO_EASY,PROMPT_FIX_ENTRY_POINT,0,0,0.25,"measured_pass_at_k(n=2,k=8)",1.0
opencodeinstruct-be5e1bcc547b,ut_function,,en,excluded,excluded,TOO_EASY,PROMPT_FIX_ENTRY_POINT,0,0,0.25,"measured_pass_at_k(n=2,k=8)",1.0
opencodeinstruct-50f068353237,ut_function,,en,excluded,excluded,TOO_EASY,PROMPT_FIX_ENTRY_POINT,0,0,0.5,"measured_pass_at_k(n=2,k=8)",1.0
opencodeinstruct-dcb332bbb29e,ut_function,,en,excluded,excluded,TOO_EASY,PROMPT_FIX_ENTRY_POINT,0,0,0.25,"measured_pass_at_k(n=2,k=8)",1.0
opencodeinstruct-f82325a259f8,ut_function,,en,test,ok,,PROMPT_FIX_ENTRY_POINT,0,0,0.25,"measured_pass_at_k(n=2,k=8)",
opencodeinstruct-c983c22fcd7b,ut_function,,en,test,ok,,PROMPT_FIX_ENTRY_POINT,0,0,0.375,"measured_pass_at_k(n=2,k=16)",
opencodeinstruct-0b64fb455310,ut_function,,en,excluded,excluded,TOO_EASY,PROMPT_FIX_ENTRY_POINT,0,0,0.75,"measured_pass_at_k(n=2,k=8)",1.0
opencodeinstruct-5b17918c903f,ut_function,,en,excluded,excluded,TOO_EASY,PROMPT_FIX_ENTRY_POINT,0,0,0.5,"measured_pass_at_k(n=2,k=8)",1.0
opencodeinstruct-2da3f67cca30,ut_function,,en,excluded,excluded,TOO_EASY,PROMPT_FIX_ENTRY_POINT,0,0,0.5,"measured_pass_at_k(n=2,k=8)",1.0
opencodeinstruct-3af7f1395222,ut_function,,en,excluded,excluded,TOO_EASY,PROMPT_FIX_ENTRY_POINT,0,0,0.5,"measured_pass_at_k(n=2,k=8)",1.0
opencodeinstruct-b9b3022583f0,ut_function,,en,excluded,excluded,TOO_EASY,PROMPT_FIX_ENTRY_POINT,0,0,0.5,"measured_pass_at_k(n=2,k=16)",1.0
opencodeinstruct-db05e61ac274,ut_function,,en,excluded,excluded,TOO_EASY,PROMPT_FIX_ENTRY_POINT,0,0,0.5,"measured_pass_at_k(n=2,k=8)",1.0
opencodeinstruct-c3aedac2d8e6,ut_function,,en,excluded,excluded,TOO_EASY,PROMPT_FIX_ENTRY_POINT,0,0,0.25,"measured_pass_at_k(n=2,k=8)",1.0
opencodeinstruct-b9efd3d45d9c,ut_function,,en,excluded,excluded,TOO_EASY,PROMPT_FIX_ENTRY_POINT,0,0,0.75,"measured_pass_at_k(n=2,k=8)",1.0
opencodeinstruct-61adc3972b4a,ut_function,,en,excluded,excluded,TOO_HARD,PROMPT_FIX_ENTRY_POINT,0,0,0.25,"measured_pass_at_k(n=2,k=8)",0.0
opencodeinstruct-fa1b517e6998,ut_function,,en,excluded,excluded,TOO_EASY,PROMPT_FIX_ENTRY_POINT,0,0,0.25,"measured_pass_at_k(n=2,k=16)",1.0
kodcode-b821551d8ea5,ut_pytest,,en,excluded,excluded,TOO_HARD,PROMPT_FIX_ENTRY_POINT,0,0,0.25,"measured_pass_at_k(n=2,k=8)",0.0
kodcode-2a355745fa21,ut_pytest,,en,train,ok,,HARD_BUT_PARTIAL_SIGNAL;PROMPT_FIX_ENTRY_POINT,0,0,0.25,"measured_pass_at_k(n=2,k=16)",0.0
kodcode-91dc8ed783d6,ut_pytest,,en,validation,ok,,PROMPT_FIX_ENTRY_POINT,0,0,0.5,"measured_pass_at_k(n=2,k=8)",
kodcode-12e4c0cba43e,ut_pytest,,en,excluded,excluded,TOO_HARD,PROMPT_FIX_ENTRY_POINT,0,0,0.5,"measured_pass_at_k(n=2,k=8)",0.0
opencodeinstruct-a92444b68f08,ut_function,,en,excluded,excluded,TOO_EASY,PROMPT_FIX_ENTRY_POINT,0,0,0.75,"measured_pass_at_k(n=2,k=8)",1.0
opencodeinstruct-547c3f1b623a,ut_function,,en,excluded,excluded,TOO_EASY,PROMPT_FIX_ENTRY_POINT,0,0,0.5,"measured_pass_at_k(n=2,k=8)",1.0
kodcode-d3daa5fbd7cd,ut_pytest,,en,train,ok,,PROMPT_FIX_ENTRY_POINT,0,0,0.5,"measured_pass_at_k(n=2,k=8)",0.875
kodcode-52c605fec07b,ut_pytest,,en,test,ok,,PROMPT_FIX_ENTRY_POINT,0,0,0.5,"measured_pass_at_k(n=2,k=8)",
kodcode-031f8d5081f3,ut_pytest,,en,train,ok,,PROMPT_FIX_ENTRY_POINT,0,0,0.75,"measured_pass_at_k(n=2,k=8)",0.25
kodcode-ce3f841fe9f0,ut_pytest,,en,excluded,excluded,TOO_EASY,PROMPT_FIX_ENTRY_POINT,0,0,0.25,"measured_pass_at_k(n=2,k=8)",1.0
kodcode-de1d11d2bd40,ut_pytest,,en,excluded,excluded,TOO_EASY,PROMPT_FIX_ENTRY_POINT,0,0,0.75,"measured_pass_at_k(n=2,k=8)",1.0
kodcode-294899346703,ut_pytest,,en,excluded,excluded,TOO_EASY,PROMPT_FIX_ENTRY_POINT,0,0,0.75,"measured_pass_at_k(n=2,k=8)",1.0
kodcode-a5414868f90d,ut_pytest,,en,excluded,excluded,TOO_EASY,PROMPT_FIX_ENTRY_POINT,0,0,0.25,"measured_pass_at_k(n=2,k=16)",1.0
kodcode-91919acf3909,ut_pytest,,en,train,ok,,PROMPT_FIX_ENTRY_POINT,0,0,0.25,"measured_pass_at_k(n=2,k=8)",0.5
kodcode-2ed592a4c0f8,ut_pytest,,en,train,ok,,PROMPT_FIX_ENTRY_POINT,0,0,0.5,"measured_pass_at_k(n=2,k=8)",0.875
kodcode-52045eb0d032,ut_pytest,,en,train,ok,,PROMPT_FIX_ENTRY_POINT,0,0,0.25,"measured_pass_at_k(n=2,k=8)",0.125
kodcode-1f755baae91c,ut_pytest,,en,excluded,excluded,TOO_EASY,PROMPT_FIX_ENTRY_POINT,0,0,0.75,"measured_pass_at_k(n=2,k=8)",1.0
opencodeinstruct-e057700d4f23,ut_function,,en,excluded,excluded,TOO_EASY,PROMPT_FIX_ENTRY_POINT,0,0,0.75,"measured_pass_at_k(n=2,k=8)",1.0
kodcode-a620442ef83b,ut_pytest,,en,test,ok,,PROMPT_FIX_ENTRY_POINT,0,0,0.5,"measured_pass_at_k(n=2,k=8)",
kodcode-194993725d3a,ut_pytest,,en,excluded,excluded,TOO_EASY,PROMPT_FIX_ENTRY_POINT,0,0,0.25,"measured_pass_at_k(n=2,k=8)",1.0
kodcode-8fccd3d54557,ut_pytest,,en,train,ok,,PROMPT_FIX_ENTRY_POINT,0,0,0.5,"measured_pass_at_k(n=2,k=8)",0.125
kodcode-6a874dec5b35,ut_pytest,,en,excluded,excluded,TOO_EASY,PROMPT_FIX_ENTRY_POINT,0,0,0.25,"measured_pass_at_k(n=2,k=8)",1.0
kodcode-f823494a7608,ut_pytest,,en,excluded,excluded,TOO_EASY,PROMPT_FIX_ENTRY_POINT,0,0,0.75,"measured_pass_at_k(n=2,k=8)",1.0
kodcode-c3f774ce6896,ut_pytest,,en,excluded,excluded,TOO_HARD,PROMPT_FIX_ENTRY_POINT,0,0,0.25,"measured_pass_at_k(n=2,k=8)",0.0
kodcode-635d6fae27d2,ut_pytest,,en,validation,ok,,PROMPT_FIX_ENTRY_POINT,0,0,0.5,"measured_pass_at_k(n=2,k=8)",
kodcode-6aac5a7036e6,ut_pytest,,en,train,ok,,PROMPT_FIX_ENTRY_POINT,0,0,0.25,"measured_pass_at_k(n=2,k=8)",0.625
kodcode-d0fcf5c0d2b9,ut_pytest,,en,excluded,excluded,TOO_HARD,PROMPT_FIX_ENTRY_POINT,0,0,0.25,"measured_pass_at_k(n=2,k=8)",0.0
kodcode-a247fbd57817,ut_pytest,,en,train,ok,,PROMPT_FIX_ENTRY_POINT,0,0,0.25,"measured_pass_at_k(n=2,k=8)",0.25
kodcode-9fa582005fb1,ut_pytest,,en,excluded,excluded,TOO_HARD,PROMPT_FIX_ENTRY_POINT,0,0,0.25,"measured_pass_at_k(n=2,k=16)",0.0
kodcode-b73c07c8a184,ut_pytest,,en,train,ok,,PROMPT_FIX_ENTRY_POINT,0,0,0.25,"measured_pass_at_k(n=2,k=16)",0.5
kodcode-cf5a78c73044,ut_pytest,,en,train,ok,,PROMPT_FIX_ENTRY_POINT,0,0,0.25,"measured_pass_at_k(n=2,k=8)",0.5
kodcode-f8d06d933d7b,ut_pytest,,en,excluded,excluded,TOO_EASY,PROMPT_FIX_ENTRY_POINT,0,0,0.25,"measured_pass_at_k(n=2,k=16)",1.0
kodcode-d3c2db9affdf,ut_pytest,,en,test,ok,,PROMPT_FIX_ENTRY_POINT,0,0,0.5,"measured_pass_at_k(n=2,k=8)",
kodcode-0601568380ae,ut_pytest,,en,train,ok,,PROMPT_FIX_ENTRY_POINT,0,0,0.375,"measured_pass_at_k(n=2,k=16)",0.75
kodcode-5d2ffa500659,ut_pytest,,en,excluded,excluded,TOO_EASY,PROMPT_FIX_ENTRY_POINT,0,0,0.25,"measured_pass_at_k(n=2,k=8)",1.0
ko-native-7d7de4e3c049,ut_function,,ko,excluded,excluded,TOO_EASY,PROMPT_FIX_ENTRY_POINT,0,0,0.5,"measured_pass_at_k(n=1,k=4)",1.0
ko-native-161a1f027c71,ut_function,,ko,excluded,excluded,TOO_EASY,PROMPT_FIX_ENTRY_POINT,0,0,0.75,"measured_pass_at_k(n=1,k=4)",1.0
ko-native-e1236b97021c,ut_function,,ko,excluded,excluded,TOO_EASY,PROMPT_FIX_ENTRY_POINT,0,0,0.25,"measured_pass_at_k(n=1,k=8)",1.0
ko-native-c3b3d2484274,ut_function,,ko,validation,ok,,PROMPT_FIX_ENTRY_POINT,0,0,0.5,"measured_pass_at_k(n=1,k=4)",
rstar-fc268ec0b529,ut_stdio,,en,excluded,excluded,TOO_EASY,no_reference_solution,0,0,0.25,"measured_pass_at_k(n=2,k=8)",1.0
rstar-5d57dafd04be,ut_stdio,,en,train,ok,,no_reference_solution,0,0,0.25,"measured_pass_at_k(n=2,k=8)",0.75
rstar-2db4e2de8811,ut_stdio,,en,train,ok,,no_reference_solution,0,0,0.5,"measured_pass_at_k(n=2,k=16)",0.375
rstar-42b514331485,ut_stdio,,en,train,ok,,no_reference_solution;HARD_BUT_PARTIAL_SIGNAL,0,0,0.25,"measured_pass_at_k(n=2,k=8)",0.0
rstar-6fcab7e2b6af,ut_stdio,,en,test,ok,,no_reference_solution,0,0,0.25,"measured_pass_at_k(n=2,k=8)",
rstar-af252833c9c5,ut_stdio,,en,train,ok,,no_reference_solution,0,0,0.25,"measured_pass_at_k(n=2,k=8)",0.75
rstar-c6733f22b8ef,ut_stdio,,en,train,ok,,no_reference_solution,0,0,0.25,"measured_pass_at_k(n=2,k=8)",0.375
rstar-da8a07430c37,ut_stdio,,en,train,ok,,no_reference_solution,0,0,0.75,"measured_pass_at_k(n=2,k=8)",0.375
rstar-13462cad6d9f,ut_stdio,,en,train,ok,,no_reference_solution,0,0,0.5,"measured_pass_at_k(n=2,k=8)",0.5
rstar-083c366caa10,ut_stdio,,en,excluded,excluded,TOO_HARD,no_reference_solution,0,0,0.5,"measured_pass_at_k(n=2,k=8)",0.0
rstar-0f3bc31d8bb6,ut_stdio,,en,excluded,excluded,TOO_EASY,no_reference_solution,0,0,0.75,"measured_pass_at_k(n=2,k=8)",1.0
rstar-69d5578ce071,ut_stdio,,en,train,ok,,no_reference_solution,0,0,0.5,"measured_pass_at_k(n=2,k=8)",0.75
rstar-89d3ad3ff016,ut_stdio,,en,train,ok,,no_reference_solution;HARD_BUT_PARTIAL_SIGNAL,0,0,0.5,"measured_pass_at_k(n=2,k=8)",0.0
rstar-40d9428c7854,ut_stdio,,en,validation,ok,,no_reference_solution,0,0,0.5,"measured_pass_at_k(n=2,k=8)",
rstar-618b5d955767,ut_stdio,,en,train,ok,,no_reference_solution,0,0,0.25,"measured_pass_at_k(n=2,k=16)",0.75
rstar-91c46718b86e,ut_stdio,,en,excluded,excluded,TOO_EASY,no_reference_solution,0,0,0.5,"measured_pass_at_k(n=2,k=8)",1.0
rstar-6c282d27b8cc,ut_stdio,,en,train,ok,,no_reference_solution;HARD_BUT_PARTIAL_SIGNAL,0,0,0.75,"measured_pass_at_k(n=2,k=8)",0.0
rstar-ad74346d31f5,ut_stdio,,en,train,ok,,no_reference_solution,0,0,0.5,"measured_pass_at_k(n=2,k=8)",0.5
rstar-ef57f62ea645,ut_stdio,,en,excluded,excluded,TOO_EASY,no_reference_solution,0,0,0.75,"measured_pass_at_k(n=2,k=8)",1.0
rstar-797af500c94c,ut_stdio,,en,excluded,excluded,TOO_EASY,no_reference_solution,0,0,0.25,"measured_pass_at_k(n=2,k=8)",1.0
opencodeinstruct-e3798cd8d027,ut_function,,en,excluded,excluded,TOO_EASY,PROMPT_FIX_ENTRY_POINT,0,0,0.25,"measured_pass_at_k(n=2,k=8)",1.0
opencodeinstruct-adec8c41d1bf,ut_function,,en,excluded,excluded,TOO_EASY,PROMPT_FIX_ENTRY_POINT,0,0,0.5,"measured_pass_at_k(n=2,k=8)",1.0
opencodeinstruct-ff56b5cd0a21,ut_function,,en,excluded,excluded,TOO_EASY,PROMPT_FIX_ENTRY_POINT,0,0,0.75,"measured_pass_at_k(n=2,k=8)",1.0
opencodeinstruct-f7238eed19cc,ut_function,,en,test,ok,,PROMPT_FIX_ENTRY_POINT,0,0,0.75,"measured_pass_at_k(n=2,k=8)",
opencodeinstruct-90432d2404aa,ut_function,,en,excluded,excluded,TOO_EASY,PROMPT_FIX_ENTRY_POINT,0,0,0.5,"measured_pass_at_k(n=2,k=8)",1.0
opencodeinstruct-7f00805f804a,ut_function,,en,excluded,excluded,TOO_EASY,PROMPT_FIX_ENTRY_POINT,0,0,0.25,"measured_pass_at_k(n=2,k=8)",1.0
opencodeinstruct-629dd5987b1d,ut_function,,en,excluded,excluded,TOO_EASY,PROMPT_FIX_ENTRY_POINT,0,0,0.25,"measured_pass_at_k(n=2,k=8)",1.0
opencodeinstruct-2e755dfd8f37,ut_function,,en,excluded,excluded,TOO_EASY,PROMPT_FIX_ENTRY_POINT,0,0,0.5,"measured_pass_at_k(n=2,k=8)",1.0
opencodeinstruct-41bfa1816f9b,ut_function,,en,excluded,excluded,TOO_EASY,PROMPT_FIX_ENTRY_POINT,0,0,0.5,"measured_pass_at_k(n=2,k=8)",1.0
opencodeinstruct-372c81115cd8,ut_function,,en,excluded,excluded,TOO_EASY,PROMPT_FIX_ENTRY_POINT,0,0,0.5,"measured_pass_at_k(n=2,k=8)",1.0
opencodeinstruct-bfe8f869ee45,ut_function,,en,excluded,excluded,TOO_EASY,PROMPT_FIX_ENTRY_POINT,0,0,0.5,"measured_pass_at_k(n=2,k=8)",1.0
opencodeinstruct-0ae0405f69b0,ut_function,,en,excluded,excluded,TOO_EASY,PROMPT_FIX_ENTRY_POINT,0,0,0.25,"measured_pass_at_k(n=2,k=8)",1.0
opencodeinstruct-9e9dc38f6b89,ut_function,,en,excluded,excluded,TOO_HARD,PROMPT_FIX_ENTRY_POINT,0,0,0.75,"measured_pass_at_k(n=2,k=8)",0.0
opencodeinstruct-2c88aa8550c4,ut_function,,en,excluded,excluded,TOO_EASY,PROMPT_FIX_ENTRY_POINT,0,0,0.75,"measured_pass_at_k(n=2,k=8)",1.0
opencodeinstruct-aa0d3a16c2a4,ut_function,,en,excluded,excluded,TOO_HARD,PROMPT_FIX_ENTRY_POINT,0,0,0.25,"measured_pass_at_k(n=2,k=8)",0.0
opencodeinstruct-84541794a53e,ut_function,,en,excluded,excluded,TOO_EASY,PROMPT_FIX_ENTRY_POINT,0,0,0.5,"measured_pass_at_k(n=2,k=8)",1.0
opencodeinstruct-8c6dddca713a,ut_function,,en,validation,ok,,PROMPT_FIX_ENTRY_POINT,0,0,0.25,"measured_pass_at_k(n=2,k=8)",
opencodeinstruct-f284fdb54b0a,ut_function,,en,validation,ok,,PROMPT_FIX_ENTRY_POINT,0,0,0.75,"measured_pass_at_k(n=2,k=8)",
opencodeinstruct-ccf8c36d37c6,ut_function,,en,excluded,excluded,TOO_EASY,PROMPT_FIX_ENTRY_POINT,0,0,0.25,"measured_pass_at_k(n=2,k=8)",1.0
opencodeinstruct-3ffb1ac99d8b,ut_function,,en,train,ok,,PROMPT_FIX_ENTRY_POINT,0,0,0.75,"measured_pass_at_k(n=2,k=8)",0.875
opencodeinstruct-ebc943ab4a99,ut_function,,en,test,ok,,PROMPT_FIX_ENTRY_POINT,0,0,0.375,"measured_pass_at_k(n=2,k=16)",
opencodeinstruct-50fec7cf605a,ut_function,,en,excluded,excluded,TOO_EASY,PROMPT_FIX_ENTRY_POINT,0,0,0.25,"measured_pass_at_k(n=2,k=8)",1.0
opencodeinstruct-0ebe6db64bd9,ut_function,,en,excluded,excluded,TOO_EASY,PROMPT_FIX_ENTRY_POINT,0,0,0.5,"measured_pass_at_k(n=2,k=8)",1.0
opencodeinstruct-0f343495a112,ut_function,,en,validation,ok,,PROMPT_FIX_ENTRY_POINT,0,0,0.25,"measured_pass_at_k(n=2,k=8)",
opencodeinstruct-320bc1ea0f8d,ut_function,,en,excluded,excluded,TOO_EASY,PROMPT_FIX_ENTRY_POINT,0,0,0.75,"measured_pass_at_k(n=2,k=8)",1.0
opencodeinstruct-0ff7b6a9da8d,ut_function,,en,excluded,excluded,TOO_EASY,PROMPT_FIX_ENTRY_POINT,0,0,0.375,"measured_pass_at_k(n=2,k=16)",1.0
opencodeinstruct-c7d37ce3d0b8,ut_function,,en,excluded,excluded,TOO_EASY,PROMPT_FIX_ENTRY_POINT,0,0,0.5,"measured_pass_at_k(n=2,k=8)",1.0
opencodeinstruct-37e2faa8e777,ut_function,,en,excluded,excluded,TOO_EASY,PROMPT_FIX_ENTRY_POINT,0,0,0.25,"measured_pass_at_k(n=2,k=8)",1.0
opencodeinstruct-f6cab9da9a7f,ut_function,,en,excluded,excluded,TOO_EASY,PROMPT_FIX_ENTRY_POINT,0,0,0.5,"measured_pass_at_k(n=2,k=8)",1.0
opencodeinstruct-08850f79fa6f,ut_function,,en,train,ok,,PROMPT_FIX_ENTRY_POINT,0,0,0.5,"measured_pass_at_k(n=2,k=8)",0.875
opencodeinstruct-ebce11000f32,ut_function,,en,excluded,excluded,TOO_EASY,PROMPT_FIX_ENTRY_POINT,0,0,0.75,"measured_pass_at_k(n=2,k=8)",1.0
opencodeinstruct-8f93a81fdc10,ut_function,,en,excluded,excluded,TOO_EASY,PROMPT_FIX_ENTRY_POINT,0,0,0.5,"measured_pass_at_k(n=2,k=8)",1.0
opencodeinstruct-d4cd2d77228a,ut_function,,en,excluded,excluded,TOO_EASY,PROMPT_FIX_ENTRY_POINT,0,0,0.375,"measured_pass_at_k(n=2,k=16)",1.0
opencodeinstruct-e0ece03e722c,ut_function,,en,excluded,excluded,TOO_EASY,PROMPT_FIX_ENTRY_POINT,0,0,0.75,"measured_pass_at_k(n=2,k=8)",1.0
opencodeinstruct-133195e7cfd4,ut_function,,en,excluded,excluded,TOO_EASY,PROMPT_FIX_ENTRY_POINT,0,0,0.5,"measured_pass_at_k(n=2,k=8)",1.0
opencodeinstruct-dcfa5b5ce715,ut_function,,en,excluded,excluded,TOO_EASY,PROMPT_FIX_ENTRY_POINT,0,0,0.75,"measured_pass_at_k(n=2,k=8)",1.0
opencodeinstruct-8118e99026ff,ut_function,,en,excluded,excluded,TOO_EASY,PROMPT_FIX_ENTRY_POINT,0,0,0.5,"measured_pass_at_k(n=2,k=8)",1.0
opencodeinstruct-872a335c8e0e,ut_function,,en,excluded,excluded,TOO_EASY,PROMPT_FIX_ENTRY_POINT,0,0,0.5,"measured_pass_at_k(n=2,k=16)",1.0
opencodeinstruct-bb246c3eb61d,ut_function,,en,train,ok,,PROMPT_FIX_ENTRY_POINT,0,0,0.75,"measured_pass_at_k(n=2,k=8)",0.375
opencodeinstruct-7ec57ff902a2,ut_function,,en,train,ok,,PROMPT_FIX_ENTRY_POINT,0,0,0.25,"measured_pass_at_k(n=2,k=8)",0.25
opencodeinstruct-a92ac9d030f8,ut_function,,en,excluded,excluded,TOO_HARD,PROMPT_FIX_ENTRY_POINT,0,0,0.5,"measured_pass_at_k(n=2,k=8)",0.0
kodcode-c826dda1eba7,ut_pytest,,en,train,ok,,HARD_BUT_PARTIAL_SIGNAL;PROMPT_FIX_ENTRY_POINT,0,0,0.25,"measured_pass_at_k(n=2,k=8)",0.0
opencodeinstruct-ac2e0ee3e4d1,ut_function,,en,excluded,excluded,TOO_EASY,PROMPT_FIX_ENTRY_POINT,0,0,0.25,"measured_pass_at_k(n=2,k=8)",1.0
kodcode-6e9c611612fd,ut_pytest,,en,excluded,excluded,TOO_EASY,PROMPT_FIX_ENTRY_POINT,0,0,0.75,"measured_pass_at_k(n=2,k=8)",1.0
kodcode-06598afe6e36,ut_pytest,,en,train,ok,,PROMPT_FIX_ENTRY_POINT,0,0,0.25,"measured_pass_at_k(n=2,k=8)",0.5
kodcode-066fc51e4896,ut_pytest,,en,train,ok,,PROMPT_FIX_ENTRY_POINT,0,0,0.5,"measured_pass_at_k(n=2,k=8)",0.125
kodcode-0684bc99dec3,ut_pytest,,en,train,ok,,PROMPT_FIX_ENTRY_POINT,0,0,0.5,"measured_pass_at_k(n=2,k=8)",0.125
kodcode-cfc9e834c4f4,ut_pytest,,en,train,ok,,PROMPT_FIX_ENTRY_POINT,0,0,0.75,"measured_pass_at_k(n=2,k=8)",0.875
kodcode-75f480653e81,ut_pytest,,en,excluded,excluded,TOO_HARD,PROMPT_FIX_ENTRY_POINT,0,0,0.5,"measured_pass_at_k(n=2,k=8)",0.0
kodcode-08d1725714cd,ut_pytest,,en,train,ok,,PROMPT_FIX_ENTRY_POINT,0,0,0.75,"measured_pass_at_k(n=2,k=8)",0.375
kodcode-4c6577a35044,ut_pytest,,en,validation,ok,,PROMPT_FIX_ENTRY_POINT,0,0,0.25,"measured_pass_at_k(n=2,k=8)",
kodcode-b4d5a2ea144e,ut_pytest,,en,excluded,excluded,TOO_EASY,PROMPT_FIX_ENTRY_POINT,0,0,0.5,"measured_pass_at_k(n=2,k=8)",1.0
kodcode-f5df61ad183a,ut_pytest,,en,excluded,excluded,TOO_EASY,PROMPT_FIX_ENTRY_POINT,0,0,0.75,"measured_pass_at_k(n=2,k=8)",1.0
kodcode-98c69dcbd9ec,ut_pytest,,en,train,ok,,PROMPT_FIX_ENTRY_POINT,0,0,0.5,"measured_pass_at_k(n=2,k=8)",0.875
opencodeinstruct-e2dbe5e570d6,ut_function,,en,excluded,excluded,TOO_EASY,PROMPT_FIX_ENTRY_POINT,0,0,0.25,"measured_pass_at_k(n=2,k=8)",1.0
kodcode-5ebeee17f8ca,ut_pytest,,en,excluded,excluded,TOO_EASY,PROMPT_FIX_ENTRY_POINT,0,0,0.5,"measured_pass_at_k(n=2,k=8)",1.0
kodcode-e26e94595883,ut_pytest,,en,excluded,excluded,TOO_EASY,PROMPT_FIX_ENTRY_POINT,0,0,0.5,"measured_pass_at_k(n=2,k=8)",1.0
kodcode-93d69998586d,ut_pytest,,en,excluded,excluded,TOO_EASY,PROMPT_FIX_ENTRY_POINT,0,0,0.75,"measured_pass_at_k(n=2,k=8)",1.0
kodcode-63dfae146b0c,ut_pytest,,en,train,ok,,PROMPT_FIX_ENTRY_POINT,0,0,0.5,"measured_pass_at_k(n=2,k=8)",0.375
opencodeinstruct-05936ff8e6e2,ut_function,,en,excluded,excluded,TOO_EASY,PROMPT_FIX_ENTRY_POINT,0,0,0.5,"measured_pass_at_k(n=2,k=8)",1.0
kodcode-2bca256b4960,ut_pytest,,en,excluded,excluded,TOO_EASY,PROMPT_FIX_ENTRY_POINT,0,0,0.5,"measured_pass_at_k(n=2,k=8)",1.0
kodcode-9e63aadf34a1,ut_pytest,,en,test,ok,,PROMPT_FIX_ENTRY_POINT,0,0,0.25,"measured_pass_at_k(n=2,k=8)",
kodcode-e707a69c9225,ut_pytest,,en,excluded,excluded,TOO_EASY,PROMPT_FIX_ENTRY_POINT,0,0,0.5,"measured_pass_at_k(n=2,k=8)",1.0
kodcode-9eec78b204b6,ut_pytest,,en,validation,ok,,PROMPT_FIX_ENTRY_POINT,0,0,0.25,"measured_pass_at_k(n=2,k=8)",
kodcode-78e0b5d99a50,ut_pytest,,en,excluded,excluded,TOO_EASY,PROMPT_FIX_ENTRY_POINT,0,0,0.25,"measured_pass_at_k(n=2,k=8)",1.0
kodcode-86eab054302b,ut_pytest,,en,validation,ok,,PROMPT_FIX_ENTRY_POINT,0,0,0.5,"measured_pass_at_k(n=2,k=8)",
kodcode-1b777e287482,ut_pytest,,en,excluded,excluded,TOO_EASY,PROMPT_FIX_ENTRY_POINT,0,0,0.5,"measured_pass_at_k(n=2,k=8)",1.0
kodcode-52585d0429c5,ut_pytest,,en,excluded,excluded,TOO_HARD,PROMPT_FIX_ENTRY_POINT,0,0,0.5,"measured_pass_at_k(n=2,k=16)",0.0
kodcode-af0f8e797272,ut_pytest,,en,train,ok,,PROMPT_FIX_ENTRY_POINT,0,0,0.75,"measured_pass_at_k(n=2,k=8)",0.75
kodcode-10047d3c60f4,ut_pytest,,en,excluded,excluded,TOO_EASY,PROMPT_FIX_ENTRY_POINT,0,0,0.5,"measured_pass_at_k(n=2,k=8)",1.0
kodcode-2fc4f471df8f,ut_pytest,,en,excluded,excluded,TOO_EASY,PROMPT_FIX_ENTRY_POINT,0,0,0.75,"measured_pass_at_k(n=2,k=8)",1.0
kodcode-efe27d1e84c3,ut_pytest,,en,train,ok,,PROMPT_FIX_ENTRY_POINT,0,0,0.25,"measured_pass_at_k(n=2,k=8)",0.875
kodcode-243359ce910b,ut_pytest,,en,excluded,excluded,TOO_EASY,PROMPT_FIX_ENTRY_POINT,0,0,0.75,"measured_pass_at_k(n=2,k=8)",1.0
kodcode-8d12fdfacec6,ut_pytest,,en,validation,ok,,PROMPT_FIX_ENTRY_POINT,0,0,0.75,"measured_pass_at_k(n=2,k=8)",
kodcode-f0095168b60d,ut_pytest,,en,excluded,excluded,TOO_EASY,PROMPT_FIX_ENTRY_POINT,0,0,0.75,"measured_pass_at_k(n=2,k=8)",1.0
kodcode-579e78e9d6e9,ut_pytest,,en,test,ok,,PROMPT_FIX_ENTRY_POINT,0,0,0.25,"measured_pass_at_k(n=2,k=8)",
kodcode-2d78eac8f14a,ut_pytest,,en,test,ok,,PROMPT_FIX_ENTRY_POINT,0,0,0.375,"measured_pass_at_k(n=2,k=16)",
opencodeinstruct-af98774a4f4e,ut_function,,en,excluded,excluded,TOO_EASY,PROMPT_FIX_ENTRY_POINT,0,0,0.5,"measured_pass_at_k(n=2,k=8)",1.0
opencodeinstruct-5310993db175,ut_function,,en,validation,ok,,PROMPT_FIX_ENTRY_POINT,0,0,0.25,"measured_pass_at_k(n=2,k=8)",
ko-native-6423c407b69d,ut_function,,ko,excluded,excluded,TOO_HARD,PROMPT_FIX_ENTRY_POINT,0,0,0.5,"measured_pass_at_k(n=1,k=4)",0.0
ko-native-068453fb4047,ut_function,,ko,excluded,excluded,TOO_EASY,PROMPT_FIX_ENTRY_POINT,0,0,0.25,"measured_pass_at_k(n=1,k=4)",1.0
ko-native-14dc792fc825,ut_function,,ko,excluded,excluded,TOO_EASY,PROMPT_FIX_ENTRY_POINT,0,0,0.25,"measured_pass_at_k(n=1,k=4)",1.0
ko-native-5ea998ec706c,ut_function,,ko,train,ok,,HARD_BUT_PARTIAL_SIGNAL;PROMPT_FIX_ENTRY_POINT,0,0,0.25,"measured_pass_at_k(n=1,k=4)",0.0
rstar-cc3d3e937d80,ut_stdio,,en,train,ok,,no_reference_solution,0,0,0.75,"measured_pass_at_k(n=2,k=16)",0.75
rstar-0bdf93515741,ut_stdio,,en,train,ok,,no_reference_solution,0,0,0.25,"measured_pass_at_k(n=2,k=8)",0.75
rstar-f453c90d6fe4,ut_stdio,,en,train,ok,,no_reference_solution,0,0,0.25,"measured_pass_at_k(n=2,k=16)",0.375
rstar-9b0a5d295dc1,ut_stdio,,en,train,ok,,no_reference_solution,0,0,0.5,"measured_pass_at_k(n=2,k=8)",0.5
rstar-40ba69c8cbce,ut_stdio,,en,train,ok,,no_reference_solution,0,0,0.25,"measured_pass_at_k(n=2,k=16)",0.375
rstar-0a385b3755cf,ut_stdio,,en,excluded,excluded,TOO_EASY,no_reference_solution,0,0,0.25,"measured_pass_at_k(n=2,k=8)",1.0
rstar-d3ff6368b8e7,ut_stdio,,en,train,ok,,no_reference_solution,0,0,0.25,"measured_pass_at_k(n=2,k=8)",0.375
rstar-18cc61ed18c9,ut_stdio,,en,train,ok,,no_reference_solution,0,0,0.5,"measured_pass_at_k(n=2,k=16)",0.25
rstar-aefd737c23ea,ut_stdio,,en,validation,ok,,no_reference_solution,0,0,0.5,"measured_pass_at_k(n=2,k=8)",
rstar-bb32fd03c531,ut_stdio,,en,excluded,excluded,TOO_EASY,no_reference_solution,0,0,0.5,"measured_pass_at_k(n=2,k=8)",1.0
rstar-848117b17af9,ut_stdio,,en,train,ok,,no_reference_solution,0,0,0.5,"measured_pass_at_k(n=2,k=8)",0.25
rstar-81380b027f4a,ut_stdio,,en,train,ok,,no_reference_solution,0,0,0.25,"measured_pass_at_k(n=2,k=8)",0.5
rstar-aaaf32b8bf90,ut_stdio,,en,train,ok,,no_reference_solution,0,0,0.25,"measured_pass_at_k(n=2,k=8)",0.625
rstar-5e71a91c2389,ut_stdio,,en,excluded,excluded,TOO_EASY,no_reference_solution,0,0,0.5,"measured_pass_at_k(n=2,k=8)",1.0
rstar-00ed916c1c3a,ut_stdio,,en,excluded,excluded,TOO_EASY,no_reference_solution,0,0,0.75,"measured_pass_at_k(n=2,k=8)",1.0
rstar-5c8f237f94f6,ut_stdio,,en,train,ok,,no_reference_solution,0,0,0.25,"measured_pass_at_k(n=2,k=8)",0.875
rstar-2cb0525c8363,ut_stdio,,en,excluded,excluded,TOO_HARD,no_reference_solution,0,0,0.25,"measured_pass_at_k(n=2,k=8)",0.0
rstar-b4c02c6c51c7,ut_stdio,,en,train,ok,,no_reference_solution,0,0,0.25,"measured_pass_at_k(n=2,k=8)",0.25
rstar-78ff987468de,ut_stdio,,en,test,ok,,no_reference_solution,0,0,0.5,"measured_pass_at_k(n=2,k=16)",
rstar-45f2d7f4772c,ut_stdio,,en,excluded,excluded,TOO_EASY,no_reference_solution,0,0,0.75,"measured_pass_at_k(n=2,k=8)",1.0
rstar-33660d50d867,ut_stdio,,en,train,ok,,no_reference_solution,0,0,0.75,"measured_pass_at_k(n=2,k=8)",0.625
rstar-8d85698f78d1,ut_stdio,,en,excluded,excluded,TOO_EASY,no_reference_solution,0,0,0.25,"measured_pass_at_k(n=2,k=16)",1.0
rstar-c9e359c42fd5,ut_stdio,,en,train,ok,,no_reference_solution,0,0,0.25,"measured_pass_at_k(n=2,k=16)",0.625
rstar-588f82b4e20a,ut_stdio,,en,excluded,excluded,TOO_EASY,no_reference_solution,0,0,0.5,"measured_pass_at_k(n=2,k=8)",1.0
rstar-5b4b53adbf1f,ut_stdio,,en,test,ok,,no_reference_solution,0,0,0.25,"measured_pass_at_k(n=2,k=8)",
rstar-02a42bd4b5ea,ut_stdio,,en,test,ok,,no_reference_solution,0,0,0.5,"measured_pass_at_k(n=2,k=8)",
rstar-972341d03ae5,ut_stdio,,en,train,ok,,no_reference_solution,0,0,0.5,"measured_pass_at_k(n=2,k=8)",0.5
rstar-f0c2ae933e32,ut_stdio,,en,train,ok,,no_reference_solution,0,0,0.5,"measured_pass_at_k(n=2,k=8)",0.125
opencodeinstruct-06da718e190f,ut_function,,en,excluded,excluded,TOO_EASY,PROMPT_FIX_ENTRY_POINT,0,0,0.25,"measured_pass_at_k(n=2,k=8)",1.0
opencodeinstruct-1173c0ac448f,ut_function,,en,excluded,excluded,TOO_EASY,PROMPT_FIX_ENTRY_POINT,0,0,0.5,"measured_pass_at_k(n=2,k=8)",1.0
opencodeinstruct-ad9414259762,ut_function,,en,validation,ok,,PROMPT_FIX_ENTRY_POINT,0,0,0.25,"measured_pass_at_k(n=2,k=8)",
opencodeinstruct-d27875dd4927,ut_function,,en,excluded,excluded,TOO_EASY,PROMPT_FIX_ENTRY_POINT,0,0,0.25,"measured_pass_at_k(n=2,k=8)",1.0
opencodeinstruct-afff51ca17de,ut_function,,en,excluded,excluded,TOO_EASY,PROMPT_FIX_ENTRY_POINT,0,0,0.25,"measured_pass_at_k(n=2,k=8)",1.0
opencodeinstruct-871a3ac5a0e1,ut_function,,en,excluded,excluded,TOO_EASY,PROMPT_FIX_ENTRY_POINT,0,0,0.75,"measured_pass_at_k(n=2,k=8)",1.0
opencodeinstruct-57434463d32f,ut_function,,en,train,ok,,PROMPT_FIX_ENTRY_POINT,0,0,0.75,"measured_pass_at_k(n=2,k=8)",0.75
opencodeinstruct-ed4e8de5d34c,ut_function,,en,train,ok,,PROMPT_FIX_ENTRY_POINT,0,0,0.25,"measured_pass_at_k(n=2,k=8)",0.125
opencodeinstruct-5676f97a98d0,ut_function,,en,excluded,excluded,TOO_EASY,PROMPT_FIX_ENTRY_POINT,0,0,0.75,"measured_pass_at_k(n=2,k=8)",1.0
opencodeinstruct-9d4e9e232c00,ut_function,,en,train,ok,,PROMPT_FIX_ENTRY_POINT,0,0,0.25,"measured_pass_at_k(n=2,k=8)",0.875
opencodeinstruct-1ece2a107a8a,ut_function,,en,excluded,excluded,TOO_EASY,PROMPT_FIX_ENTRY_POINT,0,0,0.75,"measured_pass_at_k(n=2,k=8)",1.0
opencodeinstruct-3ee1a976cae0,ut_function,,en,excluded,excluded,TOO_EASY,PROMPT_FIX_ENTRY_POINT,0,0,0.75,"measured_pass_at_k(n=2,k=8)",1.0
opencodeinstruct-04d29cc4d129,ut_function,,en,validation,ok,,PROMPT_FIX_ENTRY_POINT,0,0,0.5,"measured_pass_at_k(n=2,k=8)",
opencodeinstruct-c019cdc60f27,ut_function,,en,excluded,excluded,TOO_HARD,PROMPT_FIX_ENTRY_POINT,0,0,0.25,"measured_pass_at_k(n=2,k=16)",0.0
opencodeinstruct-c55db890a87b,ut_function,,en,excluded,excluded,TOO_EASY,PROMPT_FIX_ENTRY_POINT,0,0,0.75,"measured_pass_at_k(n=2,k=8)",1.0
opencodeinstruct-31946f60aeee,ut_function,,en,excluded,excluded,TOO_HARD,PROMPT_FIX_ENTRY_POINT,0,0,0.5,"measured_pass_at_k(n=2,k=8)",0.0
opencodeinstruct-6fa5fb75edcc,ut_function,,en,excluded,excluded,TOO_EASY,PROMPT_FIX_ENTRY_POINT,0,0,0.75,"measured_pass_at_k(n=2,k=8)",1.0
opencodeinstruct-41f6c5a36b83,ut_function,,en,excluded,excluded,TOO_EASY,PROMPT_FIX_ENTRY_POINT,0,0,0.25,"measured_pass_at_k(n=2,k=8)",1.0
opencodeinstruct-58bdb46bf353,ut_function,,en,train,ok,,PROMPT_FIX_ENTRY_POINT,0,0,0.25,"measured_pass_at_k(n=2,k=8)",0.5
opencodeinstruct-646b4692409d,ut_function,,en,excluded,excluded,TOO_EASY,PROMPT_FIX_ENTRY_POINT,0,0,0.75,"measured_pass_at_k(n=2,k=8)",1.0
opencodeinstruct-826e4dd7fbe8,ut_function,,en,excluded,excluded,TOO_EASY,PROMPT_FIX_ENTRY_POINT,0,0,0.5,"measured_pass_at_k(n=2,k=8)",1.0
opencodeinstruct-c79ffc7c6031,ut_function,,en,excluded,excluded,TOO_EASY,PROMPT_FIX_ENTRY_POINT,0,0,0.75,"measured_pass_at_k(n=2,k=8)",1.0
opencodeinstruct-bd797eae0edb,ut_function,,en,excluded,excluded,TOO_EASY,PROMPT_FIX_ENTRY_POINT,0,0,0.25,"measured_pass_at_k(n=2,k=8)",1.0
opencodeinstruct-0d2c4d52c4bc,ut_function,,en,excluded,excluded,TOO_EASY,PROMPT_FIX_ENTRY_POINT,0,0,0.25,"measured_pass_at_k(n=2,k=8)",1.0
opencodeinstruct-c6224e89ce96,ut_function,,en,validation,ok,,PROMPT_FIX_ENTRY_POINT,0,0,0.5,"measured_pass_at_k(n=2,k=8)",
opencodeinstruct-115e12d36b2a,ut_function,,en,excluded,excluded,TOO_EASY,PROMPT_FIX_ENTRY_POINT,0,0,0.25,"measured_pass_at_k(n=2,k=8)",1.0
opencodeinstruct-d848561d1bab,ut_function,,en,train,ok,,PROMPT_FIX_ENTRY_POINT,0,0,0.5,"measured_pass_at_k(n=2,k=8)",0.875
opencodeinstruct-81b727a513c1,ut_function,,en,excluded,excluded,TOO_HARD,PROMPT_FIX_ENTRY_POINT,0,0,0.25,"measured_pass_at_k(n=2,k=8)",0.0
opencodeinstruct-915442cc2dae,ut_function,,en,excluded,excluded,TOO_EASY,PROMPT_FIX_ENTRY_POINT,0,0,0.25,"measured_pass_at_k(n=2,k=8)",1.0
opencodeinstruct-70368524db07,ut_function,,en,excluded,excluded,TOO_EASY,PROMPT_FIX_ENTRY_POINT,0,0,0.75,"measured_pass_at_k(n=2,k=8)",1.0
opencodeinstruct-4979efe1a074,ut_function,,en,excluded,excluded,TOO_HARD,PROMPT_FIX_ENTRY_POINT,0,0,0.25,"measured_pass_at_k(n=2,k=8)",0.0
opencodeinstruct-701ed0c35951,ut_function,,en,excluded,excluded,TOO_EASY,PROMPT_FIX_ENTRY_POINT,0,0,0.5,"measured_pass_at_k(n=2,k=8)",1.0
opencodeinstruct-11c51f27382c,ut_function,,en,excluded,excluded,TOO_EASY,PROMPT_FIX_ENTRY_POINT,0,0,0.25,"measured_pass_at_k(n=2,k=8)",1.0
opencodeinstruct-1d09aff4cd85,ut_function,,en,test,ok,,PROMPT_FIX_ENTRY_POINT,0,0,0.25,"measured_pass_at_k(n=2,k=8)",
opencodeinstruct-04128c01aeb6,ut_function,,en,excluded,excluded,TOO_EASY,PROMPT_FIX_ENTRY_POINT,0,0,0.75,"measured_pass_at_k(n=2,k=8)",1.0
opencodeinstruct-f2f0b74ed903,ut_function,,en,excluded,excluded,TOO_EASY,PROMPT_FIX_ENTRY_POINT,0,0,0.25,"measured_pass_at_k(n=2,k=8)",1.0
opencodeinstruct-3a86c6295369,ut_function,,en,excluded,excluded,TOO_EASY,PROMPT_FIX_ENTRY_POINT,0,0,0.75,"measured_pass_at_k(n=2,k=8)",1.0
opencodeinstruct-5ff1c6eb29b6,ut_function,,en,excluded,excluded,TOO_EASY,PROMPT_FIX_ENTRY_POINT,0,0,0.75,"measured_pass_at_k(n=2,k=8)",1.0
opencodeinstruct-fbdc9d289b32,ut_function,,en,excluded,excluded,TOO_EASY,PROMPT_FIX_ENTRY_POINT,0,0,0.375,"measured_pass_at_k(n=2,k=16)",1.0
opencodeinstruct-ecc14c93f2a9,ut_function,,en,excluded,excluded,TOO_EASY,PROMPT_FIX_ENTRY_POINT,0,0,0.5,"measured_pass_at_k(n=2,k=8)",1.0
opencodeinstruct-51d9c3063ddc,ut_function,,en,excluded,excluded,TOO_HARD,PROMPT_FIX_ENTRY_POINT,0,0,0.375,"measured_pass_at_k(n=2,k=16)",0.0
opencodeinstruct-f4d19fa7d523,ut_function,,en,excluded,excluded,TOO_EASY,PROMPT_FIX_ENTRY_POINT,0,0,0.5,"measured_pass_at_k(n=2,k=8)",1.0
opencodeinstruct-a4f8b6323088,ut_function,,en,test,ok,,PROMPT_FIX_ENTRY_POINT,0,0,0.25,"measured_pass_at_k(n=2,k=8)",
opencodeinstruct-6dc279604120,ut_function,,en,excluded,excluded,TOO_EASY,PROMPT_FIX_ENTRY_POINT,0,0,0.5,"measured_pass_at_k(n=2,k=8)",1.0
kodcode-b46b4764bbd6,ut_pytest,,en,excluded,excluded,TOO_EASY,PROMPT_FIX_ENTRY_POINT,0,0,0.5,"measured_pass_at_k(n=2,k=8)",1.0
kodcode-a2a877da0367,ut_pytest,,en,test,ok,,PROMPT_FIX_ENTRY_POINT,0,0,0.25,"measured_pass_at_k(n=2,k=8)",
kodcode-0c9bc8283d0c,ut_pytest,,en,excluded,excluded,TOO_EASY,PROMPT_FIX_ENTRY_POINT,0,0,0.25,"measured_pass_at_k(n=2,k=8)",1.0
kodcode-91df780a255c,ut_pytest,,en,excluded,excluded,TOO_EASY,PROMPT_FIX_ENTRY_POINT,0,0,0.5,"measured_pass_at_k(n=2,k=8)",1.0
kodcode-c67240be8db9,ut_pytest,,en,train,ok,,PROMPT_FIX_ENTRY_POINT,0,0,0.5,"measured_pass_at_k(n=2,k=8)",0.875
kodcode-a04539a95740,ut_pytest,,en,train,ok,,PROMPT_FIX_ENTRY_POINT,0,0,0.25,"measured_pass_at_k(n=2,k=8)",0.75
opencodeinstruct-bc98365ecc89,ut_function,,en,excluded,excluded,TOO_EASY,PROMPT_FIX_ENTRY_POINT,0,0,0.5,"measured_pass_at_k(n=2,k=8)",1.0
kodcode-100356ac768d,ut_pytest,,en,excluded,excluded,TOO_EASY,PROMPT_FIX_ENTRY_POINT,0,0,0.5,"measured_pass_at_k(n=2,k=8)",1.0
kodcode-1658d0d1a5d3,ut_pytest,,en,train,ok,,PROMPT_FIX_ENTRY_POINT,0,0,0.75,"measured_pass_at_k(n=2,k=8)",0.625
kodcode-6e99500dbfc3,ut_pytest,,en,excluded,excluded,TOO_EASY,PROMPT_FIX_ENTRY_POINT,0,0,0.25,"measured_pass_at_k(n=2,k=8)",1.0
kodcode-ae4dca07571d,ut_pytest,,en,excluded,excluded,TOO_EASY,PROMPT_FIX_ENTRY_POINT,0,0,0.375,"measured_pass_at_k(n=2,k=16)",1.0
kodcode-03e73b727c7c,ut_pytest,,en,excluded,excluded,TOO_EASY,PROMPT_FIX_ENTRY_POINT,0,0,0.5,"measured_pass_at_k(n=2,k=8)",1.0
kodcode-6f339bd31eb7,ut_pytest,,en,validation,ok,,PROMPT_FIX_ENTRY_POINT,0,0,0.5,"measured_pass_at_k(n=2,k=8)",
kodcode-f6e29e79b5f5,ut_pytest,,en,excluded,excluded,TOO_EASY,PROMPT_FIX_ENTRY_POINT,0,0,0.5,"measured_pass_at_k(n=2,k=8)",1.0
kodcode-13894e171c82,ut_pytest,,en,train,ok,,PROMPT_FIX_ENTRY_POINT,0,0,0.25,"measured_pass_at_k(n=2,k=8)",0.875
kodcode-9e3834d5634b,ut_pytest,,en,train,ok,,PROMPT_FIX_ENTRY_POINT,0,0,0.75,"measured_pass_at_k(n=2,k=8)",0.125
kodcode-ace98138d3fd,ut_pytest,,en,excluded,excluded,TOO_EASY,PROMPT_FIX_ENTRY_POINT,0,0,0.75,"measured_pass_at_k(n=2,k=8)",1.0
kodcode-be2b00f92a4f,ut_pytest,,en,excluded,excluded,TOO_HARD,PROMPT_FIX_ENTRY_POINT,0,0,0.25,"measured_pass_at_k(n=2,k=8)",0.0
kodcode-6623c689fc50,ut_pytest,,en,excluded,excluded,TOO_EASY,PROMPT_FIX_ENTRY_POINT,0,0,0.5,"measured_pass_at_k(n=2,k=8)",1.0
kodcode-8fd80b69e155,ut_pytest,,en,train,ok,,PROMPT_FIX_ENTRY_POINT,0,0,0.5,"measured_pass_at_k(n=2,k=8)",0.75
kodcode-6bffd25a2500,ut_pytest,,en,validation,ok,,PROMPT_FIX_ENTRY_POINT,0,0,0.5,"measured_pass_at_k(n=2,k=8)",
kodcode-8f9214e2188a,ut_pytest,,en,train,ok,,HARD_BUT_PARTIAL_SIGNAL;PROMPT_FIX_ENTRY_POINT,0,0,0.5,"measured_pass_at_k(n=2,k=8)",0.0
kodcode-d8d455337ded,ut_pytest,,en,train,ok,,PROMPT_FIX_ENTRY_POINT,0,0,0.25,"measured_pass_at_k(n=2,k=16)",0.25
kodcode-5c667c00282c,ut_pytest,,en,excluded,excluded,TOO_EASY,PROMPT_FIX_ENTRY_POINT,0,0,0.75,"measured_pass_at_k(n=2,k=8)",1.0
kodcode-d7607c21fef1,ut_pytest,,en,excluded,excluded,TOO_EASY,PROMPT_FIX_ENTRY_POINT,0,0,0.5,"measured_pass_at_k(n=2,k=8)",1.0
kodcode-3f57041d1f3c,ut_pytest,,en,excluded,excluded,TOO_EASY,PROMPT_FIX_ENTRY_POINT,0,0,0.25,"measured_pass_at_k(n=2,k=8)",1.0
kodcode-015139f8986b,ut_pytest,,en,excluded,excluded,TOO_EASY,PROMPT_FIX_ENTRY_POINT,0,0,0.25,"measured_pass_at_k(n=2,k=8)",1.0
kodcode-44bc025536a1,ut_pytest,,en,excluded,excluded,TOO_HARD,PROMPT_FIX_ENTRY_POINT,0,0,0.75,"measured_pass_at_k(n=2,k=8)",0.0
kodcode-3e60d5481ead,ut_pytest,,en,validation,ok,,PROMPT_FIX_ENTRY_POINT,0,0,0.25,"measured_pass_at_k(n=2,k=16)",
kodcode-a4b26e93127f,ut_pytest,,en,train,ok,,PROMPT_FIX_ENTRY_POINT,0,0,0.5,"measured_pass_at_k(n=2,k=8)",0.875
kodcode-5c3c8a40ee5e,ut_pytest,,en,train,ok,,PROMPT_FIX_ENTRY_POINT,0,0,0.75,"measured_pass_at_k(n=2,k=8)",0.75
kodcode-14e7c423364f,ut_pytest,,en,train,ok,,HARD_BUT_PARTIAL_SIGNAL;PROMPT_FIX_ENTRY_POINT,0,0,0.75,"measured_pass_at_k(n=2,k=8)",0.0
kodcode-dfc816b37d7a,ut_pytest,,en,train,ok,,PROMPT_FIX_ENTRY_POINT,0,0,0.5,"measured_pass_at_k(n=2,k=8)",0.5
ko-native-06e9baca5bc2,ut_function,,ko,excluded,excluded,TOO_EASY,PROMPT_FIX_ENTRY_POINT,0,0,0.75,"measured_pass_at_k(n=1,k=4)",1.0
rstar-bdd78899377c,ut_stdio,,en,excluded,excluded,TOO_EASY,no_reference_solution,0,0,0.5,"measured_pass_at_k(n=2,k=8)",1.0
rstar-67ec253e3e54,ut_stdio,,en,excluded,excluded,TOO_EASY,no_reference_solution,0,0,0.75,"measured_pass_at_k(n=2,k=8)",1.0
rstar-a95412a04735,ut_stdio,,en,excluded,excluded,TOO_HARD,no_reference_solution,0,0,0.25,"measured_pass_at_k(n=2,k=8)",0.0
rstar-8f6afb5b11e0,ut_stdio,,en,test,ok,,no_reference_solution,0,0,0.25,"measured_pass_at_k(n=2,k=8)",
rstar-982a86077a49,ut_stdio,,en,test,ok,,no_reference_solution,0,0,0.25,"measured_pass_at_k(n=2,k=16)",
rstar-214e3e37c27a,ut_stdio,,en,excluded,excluded,TOO_EASY,no_reference_solution,0,0,0.5,"measured_pass_at_k(n=2,k=8)",1.0
rstar-ce0301766052,ut_stdio,,en,excluded,excluded,TOO_EASY,no_reference_solution,0,0,0.75,"measured_pass_at_k(n=2,k=8)",1.0
rstar-b57b480f9d79,ut_stdio,,en,excluded,excluded,TOO_EASY,no_reference_solution,0,0,0.75,"measured_pass_at_k(n=2,k=8)",1.0
rstar-e9db16be5694,ut_stdio,,en,test,ok,,no_reference_solution,0,0,0.75,"measured_pass_at_k(n=2,k=8)",
rstar-9f6a26aab1d3,ut_stdio,,en,excluded,excluded,TOO_EASY,no_reference_solution,0,0,0.25,"measured_pass_at_k(n=2,k=8)",1.0
rstar-826d06b1d426,ut_stdio,,en,train,ok,,no_reference_solution,0,0,0.5,"measured_pass_at_k(n=2,k=8)",0.375
rstar-14d97f1e770c,ut_stdio,,en,excluded,excluded,TOO_EASY,no_reference_solution,0,0,0.5,"measured_pass_at_k(n=2,k=8)",1.0
rstar-c710d07f6142,ut_stdio,,en,excluded,excluded,TOO_EASY,no_reference_solution,0,0,0.25,"measured_pass_at_k(n=2,k=8)",1.0
rstar-b4c297d5c12b,ut_stdio,,en,train,ok,,no_reference_solution;HARD_BUT_PARTIAL_SIGNAL,0,0,0.5,"measured_pass_at_k(n=2,k=8)",0.0
rstar-e5125e2f3f54,ut_stdio,,en,test,ok,,no_reference_solution,0,0,0.5,"measured_pass_at_k(n=2,k=8)",
rstar-e18ee7656439,ut_stdio,,en,train,ok,,no_reference_solution;HARD_BUT_PARTIAL_SIGNAL,0,0,0.75,"measured_pass_at_k(n=2,k=8)",0.0
rstar-75a070fb3421,ut_stdio,,en,excluded,excluded,TOO_HARD,no_reference_solution,0,0,0.75,"measured_pass_at_k(n=2,k=8)",0.0
rstar-2389e1ae5faa,ut_stdio,,en,excluded,excluded,TOO_EASY,no_reference_solution,0,0,0.25,"measured_pass_at_k(n=2,k=8)",1.0
rstar-922a673436e1,ut_stdio,,en,train,ok,,no_reference_solution,0,0,0.25,"measured_pass_at_k(n=2,k=8)",0.125
rstar-c2c000b97a78,ut_stdio,,en,train,ok,,no_reference_solution,0,0,0.25,"measured_pass_at_k(n=2,k=8)",0.75
rstar-31a575e6a717,ut_stdio,,en,train,ok,,no_reference_solution,0,0,0.25,"measured_pass_at_k(n=2,k=16)",0.875
rstar-32e32a7038b5,ut_stdio,,en,excluded,excluded,TOO_EASY,no_reference_solution,0,0,0.5,"measured_pass_at_k(n=2,k=8)",1.0
rstar-a1b5773d025e,ut_stdio,,en,validation,ok,,no_reference_solution,0,0,0.25,"measured_pass_at_k(n=2,k=8)",
opencodeinstruct-1af3dd88bb15,ut_function,,en,train,ok,,PROMPT_FIX_ENTRY_POINT,0,0,0.5,"measured_pass_at_k(n=2,k=8)",0.75
opencodeinstruct-cae456d5fe20,ut_function,,en,excluded,excluded,TOO_HARD,PROMPT_FIX_ENTRY_POINT,0,0,0.5,"measured_pass_at_k(n=2,k=8)",0.0
opencodeinstruct-9b843e028fd3,ut_function,,en,test,ok,,PROMPT_FIX_ENTRY_POINT,0,0,0.25,"measured_pass_at_k(n=2,k=8)",
opencodeinstruct-59b9cfbaf370,ut_function,,en,validation,ok,,PROMPT_FIX_ENTRY_POINT,0,0,0.5,"measured_pass_at_k(n=2,k=8)",
opencodeinstruct-ff0b426c6ff9,ut_function,,en,excluded,excluded,TOO_EASY,PROMPT_FIX_ENTRY_POINT,0,0,0.5,"measured_pass_at_k(n=2,k=8)",1.0
opencodeinstruct-341828465a4d,ut_function,,en,validation,ok,,PROMPT_FIX_ENTRY_POINT,0,0,0.375,"measured_pass_at_k(n=2,k=16)",
opencodeinstruct-d674c8a3dad2,ut_function,,en,train,ok,,PROMPT_FIX_ENTRY_POINT,0,0,0.25,"measured_pass_at_k(n=2,k=8)",0.125
opencodeinstruct-fda7d51c79d3,ut_function,,en,excluded,excluded,TOO_EASY,PROMPT_FIX_ENTRY_POINT,0,0,0.25,"measured_pass_at_k(n=2,k=8)",1.0
opencodeinstruct-17899796ad22,ut_function,,en,excluded,excluded,TOO_EASY,PROMPT_FIX_ENTRY_POINT,0,0,0.25,"measured_pass_at_k(n=2,k=8)",1.0
opencodeinstruct-099177eb0228,ut_function,,en,validation,ok,,PROMPT_FIX_ENTRY_POINT,0,0,0.75,"measured_pass_at_k(n=2,k=8)",
opencodeinstruct-8a0287a6ca24,ut_function,,en,test,ok,,PROMPT_FIX_ENTRY_POINT,0,0,0.5,"measured_pass_at_k(n=2,k=8)",
opencodeinstruct-af86db609b33,ut_function,,en,excluded,excluded,TOO_EASY,PROMPT_FIX_ENTRY_POINT,0,0,0.25,"measured_pass_at_k(n=2,k=8)",1.0
opencodeinstruct-ecf3f237a45c,ut_function,,en,excluded,excluded,TOO_EASY,PROMPT_FIX_ENTRY_POINT,0,0,0.25,"measured_pass_at_k(n=2,k=8)",1.0
opencodeinstruct-c8c57c4197e6,ut_function,,en,validation,ok,,PROMPT_FIX_ENTRY_POINT,0,0,0.25,"measured_pass_at_k(n=2,k=8)",
opencodeinstruct-cae5a449385e,ut_function,,en,excluded,excluded,TOO_EASY,PROMPT_FIX_ENTRY_POINT,0,0,0.75,"measured_pass_at_k(n=2,k=8)",1.0
opencodeinstruct-8e99daed752d,ut_function,,en,excluded,excluded,TOO_EASY,PROMPT_FIX_ENTRY_POINT,0,0,0.25,"measured_pass_at_k(n=2,k=8)",1.0
opencodeinstruct-a64ccbc99f8e,ut_function,,en,excluded,excluded,TOO_EASY,PROMPT_FIX_ENTRY_POINT,0,0,0.5,"measured_pass_at_k(n=2,k=8)",1.0
opencodeinstruct-b3f5f03c5cc5,ut_function,,en,excluded,excluded,TOO_EASY,PROMPT_FIX_ENTRY_POINT,0,0,0.25,"measured_pass_at_k(n=2,k=8)",1.0
opencodeinstruct-cd03ba511625,ut_function,,en,validation,ok,,PROMPT_FIX_ENTRY_POINT,0,0,0.25,"measured_pass_at_k(n=2,k=8)",
opencodeinstruct-3bb908a533c8,ut_function,,en,train,ok,,PROMPT_FIX_ENTRY_POINT,0,0,0.25,"measured_pass_at_k(n=2,k=8)",0.125
opencodeinstruct-6049a7f56b82,ut_function,,en,excluded,excluded,TOO_EASY,PROMPT_FIX_ENTRY_POINT,0,0,0.5,"measured_pass_at_k(n=2,k=8)",1.0
opencodeinstruct-297f848dc5e4,ut_function,,en,excluded,excluded,TOO_EASY,PROMPT_FIX_ENTRY_POINT,0,0,0.75,"measured_pass_at_k(n=2,k=8)",1.0
opencodeinstruct-99c9370c1df6,ut_function,,en,excluded,excluded,TOO_EASY,PROMPT_FIX_ENTRY_POINT,0,0,0.25,"measured_pass_at_k(n=2,k=8)",1.0
opencodeinstruct-14a72e8f65f0,ut_function,,en,train,ok,,PROMPT_FIX_ENTRY_POINT,0,0,0.5,"measured_pass_at_k(n=2,k=8)",0.375
opencodeinstruct-43e73644224d,ut_function,,en,validation,ok,,PROMPT_FIX_ENTRY_POINT,0,0,0.75,"measured_pass_at_k(n=2,k=8)",
opencodeinstruct-e5ade31f382b,ut_function,,en,excluded,excluded,TOO_HARD,PROMPT_FIX_ENTRY_POINT,0,0,0.25,"measured_pass_at_k(n=2,k=8)",0.0
opencodeinstruct-18c2a44f31ee,ut_function,,en,excluded,excluded,TOO_EASY,PROMPT_FIX_ENTRY_POINT,0,0,0.375,"measured_pass_at_k(n=2,k=16)",1.0
opencodeinstruct-43d7d8ebe93d,ut_function,,en,excluded,excluded,TOO_EASY,PROMPT_FIX_ENTRY_POINT,0,0,0.25,"measured_pass_at_k(n=2,k=8)",1.0
opencodeinstruct-56410938d4f0,ut_function,,en,excluded,excluded,TOO_HARD,PROMPT_FIX_ENTRY_POINT,0,0,0.5,"measured_pass_at_k(n=2,k=8)",0.0
opencodeinstruct-73b1388520b7,ut_function,,en,excluded,excluded,TOO_EASY,PROMPT_FIX_ENTRY_POINT,0,0,0.75,"measured_pass_at_k(n=2,k=8)",1.0
opencodeinstruct-7c4b9c4fa377,ut_function,,en,excluded,excluded,TOO_EASY,PROMPT_FIX_ENTRY_POINT,0,0,0.5,"measured_pass_at_k(n=2,k=8)",1.0
opencodeinstruct-50d0798fd91a,ut_function,,en,train,ok,,PROMPT_FIX_ENTRY_POINT,0,0,0.25,"measured_pass_at_k(n=2,k=8)",0.875
opencodeinstruct-5a0d6c78952d,ut_function,,en,excluded,excluded,TOO_EASY,PROMPT_FIX_ENTRY_POINT,0,0,0.5,"measured_pass_at_k(n=2,k=8)",1.0
opencodeinstruct-4a1a938d830d,ut_function,,en,excluded,excluded,TOO_EASY,PROMPT_FIX_ENTRY_POINT,0,0,0.25,"measured_pass_at_k(n=2,k=8)",1.0
opencodeinstruct-2f168d71f231,ut_function,,en,excluded,excluded,TOO_EASY,PROMPT_FIX_ENTRY_POINT,0,0,0.25,"measured_pass_at_k(n=2,k=8)",1.0
opencodeinstruct-a8f329c54219,ut_function,,en,excluded,excluded,TOO_EASY,PROMPT_FIX_ENTRY_POINT,0,0,0.25,"measured_pass_at_k(n=2,k=8)",1.0
opencodeinstruct-3f9bd17c7bb6,ut_function,,en,excluded,excluded,TOO_EASY,PROMPT_FIX_ENTRY_POINT,0,0,0.25,"measured_pass_at_k(n=2,k=8)",1.0
opencodeinstruct-918c8e41d361,ut_function,,en,train,ok,,PROMPT_FIX_ENTRY_POINT,0,0,0.75,"measured_pass_at_k(n=2,k=8)",0.625
opencodeinstruct-6283bf31bd5c,ut_function,,en,excluded,excluded,TOO_HARD,PROMPT_FIX_ENTRY_POINT,0,0,0.25,"measured_pass_at_k(n=2,k=8)",0.0
opencodeinstruct-900966a5c711,ut_function,,en,test,ok,,PROMPT_FIX_ENTRY_POINT,0,0,0.75,"measured_pass_at_k(n=2,k=8)",
opencodeinstruct-251baf9d8163,ut_function,,en,train,ok,,PROMPT_FIX_ENTRY_POINT,0,0,0.25,"measured_pass_at_k(n=2,k=8)",0.375
opencodeinstruct-8f3d04492e72,ut_function,,en,train,ok,,PROMPT_FIX_ENTRY_POINT,0,0,0.5,"measured_pass_at_k(n=2,k=8)",0.75
kodcode-a47b10254289,ut_pytest,,en,train,ok,,HARD_BUT_PARTIAL_SIGNAL;PROMPT_FIX_ENTRY_POINT,0,0,0.25,"measured_pass_at_k(n=2,k=8)",0.0
opencodeinstruct-d8ef7a2b4c6b,ut_function,,en,excluded,excluded,TOO_EASY,PROMPT_FIX_ENTRY_POINT,0,0,0.5,"measured_pass_at_k(n=2,k=8)",1.0
kodcode-699bc33ea165,ut_pytest,,en,excluded,excluded,TOO_HARD,PROMPT_FIX_ENTRY_POINT,0,0,0.5,"measured_pass_at_k(n=2,k=8)",0.0
opencodeinstruct-17a25af88bd8,ut_function,,en,excluded,excluded,TOO_EASY,PROMPT_FIX_ENTRY_POINT,0,0,0.25,"measured_pass_at_k(n=2,k=16)",1.0
kodcode-ca3ca20f37de,ut_pytest,,en,excluded,excluded,TOO_EASY,PROMPT_FIX_ENTRY_POINT,0,0,0.75,"measured_pass_at_k(n=2,k=8)",1.0
opencodeinstruct-d9f076c66760,ut_function,,en,excluded,excluded,TOO_EASY,PROMPT_FIX_ENTRY_POINT,0,0,0.5,"measured_pass_at_k(n=2,k=8)",1.0
kodcode-ab31f3a5ccec,ut_pytest,,en,excluded,excluded,TOO_EASY,PROMPT_FIX_ENTRY_POINT,0,0,0.25,"measured_pass_at_k(n=2,k=8)",1.0
kodcode-648cb3c3416a,ut_pytest,,en,train,ok,,PROMPT_FIX_ENTRY_POINT,0,0,0.25,"measured_pass_at_k(n=2,k=8)",0.125
kodcode-bbafc60e4b34,ut_pytest,,en,train,ok,,PROMPT_FIX_ENTRY_POINT,0,0,0.25,"measured_pass_at_k(n=2,k=8)",0.75
kodcode-119dc61b9b7b,ut_pytest,,en,excluded,excluded,TOO_HARD,PROMPT_FIX_ENTRY_POINT,0,0,0.75,"measured_pass_at_k(n=2,k=16)",0.0
kodcode-759b261ae16f,ut_pytest,,en,validation,ok,,PROMPT_FIX_ENTRY_POINT,0,0,0.25,"measured_pass_at_k(n=2,k=8)",
kodcode-ffe37adeca48,ut_pytest,,en,train,ok,,PROMPT_FIX_ENTRY_POINT,0,0,0.25,"measured_pass_at_k(n=2,k=16)",0.25
opencodeinstruct-e4109a3b9b31,ut_function,,en,excluded,excluded,TOO_EASY,PROMPT_FIX_ENTRY_POINT,0,0,0.75,"measured_pass_at_k(n=2,k=8)",1.0
kodcode-e6985a562455,ut_pytest,,en,excluded,excluded,TOO_HARD,PROMPT_FIX_ENTRY_POINT,0,0,0.25,"measured_pass_at_k(n=2,k=8)",0.0
kodcode-8cce83e3bc1a,ut_pytest,,en,excluded,excluded,TOO_EASY,PROMPT_FIX_ENTRY_POINT,0,0,0.5,"measured_pass_at_k(n=2,k=8)",1.0
opencodeinstruct-54f54ac7062b,ut_function,,en,validation,ok,,PROMPT_FIX_ENTRY_POINT,0,0,0.75,"measured_pass_at_k(n=2,k=8)",
kodcode-8711c2b22057,ut_pytest,,en,excluded,excluded,TOO_EASY,PROMPT_FIX_ENTRY_POINT,0,0,0.5,"measured_pass_at_k(n=2,k=8)",1.0
kodcode-f61f4e6f93da,ut_pytest,,en,excluded,excluded,TOO_EASY,PROMPT_FIX_ENTRY_POINT,0,0,0.75,"measured_pass_at_k(n=2,k=8)",1.0
kodcode-433e7a0fbf63,ut_pytest,,en,excluded,excluded,TOO_EASY,PROMPT_FIX_ENTRY_POINT,0,0,0.75,"measured_pass_at_k(n=2,k=8)",1.0
kodcode-30680570c0b2,ut_pytest,,en,excluded,excluded,TOO_EASY,PROMPT_FIX_ENTRY_POINT,0,0,0.5,"measured_pass_at_k(n=2,k=8)",1.0
kodcode-51521a71bef9,ut_pytest,,en,train,ok,,PROMPT_FIX_ENTRY_POINT,0,0,0.5,"measured_pass_at_k(n=2,k=8)",0.25
kodcode-4191820e650a,ut_pytest,,en,excluded,excluded,TOO_EASY,PROMPT_FIX_ENTRY_POINT,0,0,0.75,"measured_pass_at_k(n=2,k=8)",1.0
kodcode-e8eceb318ef3,ut_pytest,,en,excluded,excluded,TOO_EASY,PROMPT_FIX_ENTRY_POINT,0,0,0.25,"measured_pass_at_k(n=2,k=8)",1.0
kodcode-614a96d6e4eb,ut_pytest,,en,test,ok,,PROMPT_FIX_ENTRY_POINT,0,0,0.5,"measured_pass_at_k(n=2,k=8)",
kodcode-65664ce55c86,ut_pytest,,en,train,ok,,PROMPT_FIX_ENTRY_POINT,0,0,0.5,"measured_pass_at_k(n=2,k=8)",0.125
kodcode-5536453ed417,ut_pytest,,en,excluded,excluded,TOO_EASY,PROMPT_FIX_ENTRY_POINT,0,0,0.25,"measured_pass_at_k(n=2,k=8)",1.0
kodcode-f02a685a4c00,ut_pytest,,en,test,ok,,PROMPT_FIX_ENTRY_POINT,0,0,0.25,"measured_pass_at_k(n=2,k=8)",
kodcode-c510f9eb3066,ut_pytest,,en,validation,ok,,PROMPT_FIX_ENTRY_POINT,0,0,0.5,"measured_pass_at_k(n=2,k=8)",
kodcode-b1473b9ad2fe,ut_pytest,,en,train,ok,,PROMPT_FIX_ENTRY_POINT,0,0,0.25,"measured_pass_at_k(n=2,k=8)",0.875
kodcode-cab6882d69ba,ut_pytest,,en,train,ok,,PROMPT_FIX_ENTRY_POINT,0,0,0.5,"measured_pass_at_k(n=2,k=8)",0.75
opencodeinstruct-82e206b3a6ed,ut_function,,en,excluded,excluded,TOO_EASY,PROMPT_FIX_ENTRY_POINT,0,0,0.5,"measured_pass_at_k(n=2,k=8)",1.0
kodcode-7297958ac269,ut_pytest,,en,train,ok,,PROMPT_FIX_ENTRY_POINT,0,0,0.75,"measured_pass_at_k(n=2,k=16)",0.25
kodcode-d6596a64e2c6,ut_pytest,,en,excluded,excluded,TOO_EASY,PROMPT_FIX_ENTRY_POINT,0,0,0.5,"measured_pass_at_k(n=2,k=8)",1.0
kodcode-b03c25f61f63,ut_pytest,,en,train,ok,,PROMPT_FIX_ENTRY_POINT,0,0,0.75,"measured_pass_at_k(n=2,k=8)",0.25
kodcode-9e315142a2d8,ut_pytest,,en,excluded,excluded,TOO_HARD,PROMPT_FIX_ENTRY_POINT,0,0,0.5,"measured_pass_at_k(n=2,k=8)",0.0
kodcode-e564a971aee3,ut_pytest,,en,train,ok,,PROMPT_FIX_ENTRY_POINT,0,0,0.25,"measured_pass_at_k(n=2,k=8)",0.25
kodcode-c1d41e6977ad,ut_pytest,,en,train,ok,,PROMPT_FIX_ENTRY_POINT,0,0,0.5,"measured_pass_at_k(n=2,k=8)",0.25
kodcode-029c73ecdea9,ut_pytest,,en,excluded,excluded,TOO_EASY,PROMPT_FIX_ENTRY_POINT,0,0,0.75,"measured_pass_at_k(n=2,k=8)",1.0
kodcode-605e7e1abdaf,ut_pytest,,en,excluded,excluded,TOO_EASY,PROMPT_FIX_ENTRY_POINT,0,0,0.5,"measured_pass_at_k(n=2,k=8)",1.0
kodcode-0637fffd1732,ut_pytest,,en,train,ok,,HARD_BUT_PARTIAL_SIGNAL;PROMPT_FIX_ENTRY_POINT,0,0,0.25,"measured_pass_at_k(n=2,k=8)",0.0
kodcode-9c824ee4fafc,ut_pytest,,en,excluded,excluded,TOO_HARD,PROMPT_FIX_ENTRY_POINT,0,0,0.25,"measured_pass_at_k(n=2,k=16)",0.0
kodcode-c53bb1fee979,ut_pytest,,en,excluded,excluded,TOO_EASY,PROMPT_FIX_ENTRY_POINT,0,0,0.75,"measured_pass_at_k(n=2,k=8)",1.0
kodcode-3da1f649fc29,ut_pytest,,en,excluded,excluded,TOO_EASY,PROMPT_FIX_ENTRY_POINT,0,0,0.75,"measured_pass_at_k(n=2,k=8)",1.0
kodcode-dd63933f239e,ut_pytest,,en,train,ok,,HARD_BUT_PARTIAL_SIGNAL;PROMPT_FIX_ENTRY_POINT,0,0,0.25,"measured_pass_at_k(n=2,k=16)",0.0
kodcode-5f1a89e11042,ut_pytest,,en,excluded,excluded,TOO_EASY,PROMPT_FIX_ENTRY_POINT,0,0,0.375,"measured_pass_at_k(n=2,k=16)",1.0
ko-native-86f02cf7b6d7,ut_function,,ko,excluded,excluded,TOO_EASY,PROMPT_FIX_ENTRY_POINT,0,0,0.75,"measured_pass_at_k(n=1,k=4)",1.0
rstar-59576fe6c728,ut_stdio,,en,excluded,excluded,TOO_HARD,no_reference_solution,0,0,0.25,"measured_pass_at_k(n=2,k=8)",0.0
rstar-368262c4a8ea,ut_stdio,,en,excluded,excluded,TOO_EASY,no_reference_solution,0,0,0.625,"measured_pass_at_k(n=2,k=16)",1.0
rstar-9c5d2bb3fa1e,ut_stdio,,en,excluded,excluded,TOO_EASY,no_reference_solution,0,0,0.25,"measured_pass_at_k(n=2,k=8)",1.0
rstar-55bc1277cc79,ut_stdio,,en,train,ok,,no_reference_solution,0,0,0.25,"measured_pass_at_k(n=2,k=8)",0.625
rstar-7e5b049f3653,ut_stdio,,en,excluded,excluded,TOO_EASY,no_reference_solution,0,0,0.5,"measured_pass_at_k(n=2,k=8)",1.0
rstar-4274211ed766,ut_stdio,,en,test,ok,,no_reference_solution,0,0,0.5,"measured_pass_at_k(n=2,k=8)",
rstar-f95bf04479b6,ut_stdio,,en,train,ok,,no_reference_solution,0,0,0.25,"measured_pass_at_k(n=2,k=8)",0.75
rstar-963f2ebfef0b,ut_stdio,,en,train,ok,,no_reference_solution,0,0,0.25,"measured_pass_at_k(n=2,k=8)",0.125
rstar-dc5293c5b9cd,ut_stdio,,en,train,ok,,no_reference_solution,0,0,0.25,"measured_pass_at_k(n=2,k=8)",0.75
rstar-e7343c3beec2,ut_stdio,,en,validation,ok,,no_reference_solution,0,0,0.625,"measured_pass_at_k(n=2,k=16)",
rstar-abff71d2c009,ut_stdio,,en,train,ok,,no_reference_solution,0,0,0.25,"measured_pass_at_k(n=2,k=8)",0.125
rstar-e931ee37459f,ut_stdio,,en,excluded,excluded,TOO_EASY,no_reference_solution,0,0,0.25,"measured_pass_at_k(n=2,k=16)",1.0
rstar-b0dcf2453b00,ut_stdio,,en,excluded,excluded,TOO_HARD,no_reference_solution,0,0,0.5,"measured_pass_at_k(n=2,k=8)",0.0
rstar-194294f6ed87,ut_stdio,,en,train,ok,,no_reference_solution,0,0,0.25,"measured_pass_at_k(n=2,k=8)",0.875
rstar-d921f4df61aa,ut_stdio,,en,train,ok,,no_reference_solution,0,0,0.25,"measured_pass_at_k(n=2,k=8)",0.875
rstar-1a65690a9809,ut_stdio,,en,train,ok,,no_reference_solution,0,0,0.25,"measured_pass_at_k(n=2,k=16)",0.875
rstar-eafeb10da9c2,ut_stdio,,en,test,ok,,no_reference_solution,0,0,0.25,"measured_pass_at_k(n=2,k=8)",
rstar-bfa6aae877a9,ut_stdio,,en,excluded,excluded,TOO_HARD,no_reference_solution,0,0,0.25,"measured_pass_at_k(n=2,k=16)",0.0
rstar-804bfd7ebd66,ut_stdio,,en,test,ok,,no_reference_solution,0,0,0.5,"measured_pass_at_k(n=2,k=8)",
rstar-e49daf3d706f,ut_stdio,,en,excluded,excluded,TOO_EASY,no_reference_solution,0,0,0.75,"measured_pass_at_k(n=2,k=8)",1.0
rstar-9ed19409218f,ut_stdio,,en,excluded,excluded,TOO_EASY,no_reference_solution,0,0,0.25,"measured_pass_at_k(n=2,k=8)",1.0
rstar-0836be10f2cb,ut_stdio,,en,validation,ok,,no_reference_solution,0,0,0.5,"measured_pass_at_k(n=2,k=8)",
rstar-0e86dded9d8a,ut_stdio,,en,validation,ok,,no_reference_solution,0,0,0.5,"measured_pass_at_k(n=2,k=8)",
opencodeinstruct-40b5d9a17617,ut_function,,en,excluded,excluded,TOO_EASY,PROMPT_FIX_ENTRY_POINT,0,0,0.5,"measured_pass_at_k(n=2,k=8)",1.0
opencodeinstruct-2f37470938d3,ut_function,,en,excluded,excluded,TOO_EASY,PROMPT_FIX_ENTRY_POINT,0,0,0.5,"measured_pass_at_k(n=2,k=8)",1.0
opencodeinstruct-5c2bac289952,ut_function,,en,train,ok,,HARD_BUT_PARTIAL_SIGNAL;PROMPT_FIX_ENTRY_POINT,0,0,0.25,"measured_pass_at_k(n=2,k=8)",0.0
opencodeinstruct-719f942cc1f4,ut_function,,en,excluded,excluded,TOO_EASY,PROMPT_FIX_ENTRY_POINT,0,0,0.25,"measured_pass_at_k(n=2,k=8)",1.0
opencodeinstruct-0e8daad7e9ab,ut_function,,en,excluded,excluded,TOO_EASY,PROMPT_FIX_ENTRY_POINT,0,0,0.25,"measured_pass_at_k(n=2,k=8)",1.0
opencodeinstruct-333daafcdf1a,ut_function,,en,test,ok,,PROMPT_FIX_ENTRY_POINT,0,0,0.25,"measured_pass_at_k(n=2,k=8)",
opencodeinstruct-a6ca29ee4f64,ut_function,,en,test,ok,,PROMPT_FIX_ENTRY_POINT,0,0,0.375,"measured_pass_at_k(n=2,k=16)",
opencodeinstruct-3f13e01a754c,ut_function,,en,excluded,excluded,TOO_HARD,PROMPT_FIX_ENTRY_POINT,0,0,0.25,"measured_pass_at_k(n=2,k=8)",0.0
opencodeinstruct-fa76162036df,ut_function,,en,excluded,excluded,TOO_EASY,PROMPT_FIX_ENTRY_POINT,0,0,0.25,"measured_pass_at_k(n=1,k=8)",1.0
opencodeinstruct-c5f02c7df8e3,ut_function,,en,train,ok,,HARD_BUT_PARTIAL_SIGNAL;PROMPT_FIX_ENTRY_POINT,0,0,0.25,"measured_pass_at_k(n=2,k=16)",0.0
opencodeinstruct-b79bbbd4f4b4,ut_function,,en,validation,ok,,PROMPT_FIX_ENTRY_POINT,0,0,0.5,"measured_pass_at_k(n=2,k=8)",
opencodeinstruct-a41eb6d265de,ut_function,,en,test,ok,,PROMPT_FIX_ENTRY_POINT,0,0,0.25,"measured_pass_at_k(n=2,k=8)",
opencodeinstruct-7e3979dfb495,ut_function,,en,excluded,excluded,TOO_EASY,PROMPT_FIX_ENTRY_POINT,0,0,0.25,"measured_pass_at_k(n=2,k=8)",1.0
opencodeinstruct-5ef1c311dada,ut_function,,en,train,ok,,PROMPT_FIX_ENTRY_POINT,0,0,0.25,"measured_pass_at_k(n=2,k=8)",0.125
opencodeinstruct-32ee559d352a,ut_function,,en,excluded,excluded,TOO_EASY,PROMPT_FIX_ENTRY_POINT,0,0,0.75,"measured_pass_at_k(n=2,k=8)",1.0
opencodeinstruct-34be93de1379,ut_function,,en,excluded,excluded,TOO_EASY,PROMPT_FIX_ENTRY_POINT,0,0,0.25,"measured_pass_at_k(n=2,k=8)",1.0
opencodeinstruct-e7babec862fb,ut_function,,en,excluded,excluded,TOO_EASY,PROMPT_FIX_ENTRY_POINT,0,0,0.5,"measured_pass_at_k(n=2,k=8)",1.0
opencodeinstruct-0e3c86cbaa39,ut_function,,en,excluded,excluded,REFERENCE_SOLUTION_FAILS,PROMPT_FIX_ENTRY_POINT,0,0,0.25,"measured_pass_at_k(n=2,k=8)",
opencodeinstruct-396c6231c626,ut_function,,en,train,ok,,PROMPT_FIX_ENTRY_POINT,0,0,0.25,"measured_pass_at_k(n=2,k=16)",0.875
opencodeinstruct-528ef18ea4bd,ut_function,,en,excluded,excluded,TOO_EASY,PROMPT_FIX_ENTRY_POINT,0,0,0.25,"measured_pass_at_k(n=2,k=8)",1.0
opencodeinstruct-96d77d2f213a,ut_function,,en,validation,ok,,PROMPT_FIX_ENTRY_POINT,0,0,0.25,"measured_pass_at_k(n=2,k=8)",
opencodeinstruct-a624c070d6af,ut_function,,en,excluded,excluded,TOO_EASY,PROMPT_FIX_ENTRY_POINT,0,0,0.25,"measured_pass_at_k(n=2,k=16)",1.0
opencodeinstruct-9b745b2455f2,ut_function,,en,test,ok,,PROMPT_FIX_ENTRY_POINT,0,0,0.25,"measured_pass_at_k(n=2,k=16)",
kodcode-6b9a37752e84,ut_pytest,,en,excluded,excluded,TOO_EASY,PROMPT_FIX_ENTRY_POINT,0,0,0.75,"measured_pass_at_k(n=2,k=8)",1.0
opencodeinstruct-f4f89ca099bc,ut_function,,en,excluded,excluded,TOO_EASY,PROMPT_FIX_ENTRY_POINT,0,0,0.5,"measured_pass_at_k(n=2,k=8)",1.0
opencodeinstruct-e952a7448d2e,ut_function,,en,excluded,excluded,TOO_EASY,PROMPT_FIX_ENTRY_POINT,0,0,0.25,"measured_pass_at_k(n=2,k=8)",1.0
kodcode-f40e6edd95d6,ut_pytest,,en,excluded,excluded,TOO_EASY,PROMPT_FIX_ENTRY_POINT,0,0,0.75,"measured_pass_at_k(n=2,k=8)",1.0
kodcode-6fe4e9c90668,ut_pytest,,en,excluded,excluded,TOO_HARD,PROMPT_FIX_ENTRY_POINT,0,0,0.25,"measured_pass_at_k(n=2,k=8)",0.0
opencodeinstruct-eaf512fc957d,ut_function,,en,excluded,excluded,TOO_EASY,PROMPT_FIX_ENTRY_POINT,0,0,0.25,"measured_pass_at_k(n=2,k=8)",1.0
kodcode-da8f4d14bb8a,ut_pytest,,en,test,ok,,PROMPT_FIX_ENTRY_POINT,0,0,0.25,"measured_pass_at_k(n=2,k=16)",
kodcode-de3b17e66777,ut_pytest,,en,excluded,excluded,TOO_EASY,PROMPT_FIX_ENTRY_POINT,0,0,0.5,"measured_pass_at_k(n=2,k=8)",1.0
kodcode-2f3614041834,ut_pytest,,en,excluded,excluded,TOO_EASY,PROMPT_FIX_ENTRY_POINT,0,0,0.75,"measured_pass_at_k(n=2,k=8)",1.0
kodcode-ea0152b72605,ut_pytest,,en,train,ok,,PROMPT_FIX_ENTRY_POINT,0,0,0.25,"measured_pass_at_k(n=2,k=16)",0.25
kodcode-a76be25bf8d3,ut_pytest,,en,train,ok,,PROMPT_FIX_ENTRY_POINT,0,0,0.5,"measured_pass_at_k(n=2,k=8)",0.625
kodcode-325aa659c6cf,ut_pytest,,en,train,ok,,PROMPT_FIX_ENTRY_POINT,0,0,0.5,"measured_pass_at_k(n=2,k=8)",0.25
kodcode-14136f680a10,ut_pytest,,en,excluded,excluded,TOO_EASY,PROMPT_FIX_ENTRY_POINT,0,0,0.25,"measured_pass_at_k(n=2,k=8)",1.0
kodcode-0238bb7f87ae,ut_pytest,,en,train,ok,,PROMPT_FIX_ENTRY_POINT,0,0,0.5,"measured_pass_at_k(n=2,k=8)",0.625
kodcode-57e72a21ba91,ut_pytest,,en,train,ok,,PROMPT_FIX_ENTRY_POINT,0,0,0.5,"measured_pass_at_k(n=2,k=8)",0.125
kodcode-c95b9cd36995,ut_pytest,,en,validation,ok,,PROMPT_FIX_ENTRY_POINT,0,0,0.5,"measured_pass_at_k(n=2,k=8)",
kodcode-8fef62a991af,ut_pytest,,en,excluded,excluded,TOO_EASY,PROMPT_FIX_ENTRY_POINT,0,0,0.5,"measured_pass_at_k(n=2,k=8)",1.0
kodcode-f49968abf02c,ut_pytest,,en,excluded,excluded,TOO_EASY,PROMPT_FIX_ENTRY_POINT,0,0,0.25,"measured_pass_at_k(n=2,k=8)",1.0
kodcode-0e6901013961,ut_pytest,,en,train,ok,,PROMPT_FIX_ENTRY_POINT,0,0,0.5,"measured_pass_at_k(n=2,k=8)",0.625
kodcode-15ef5ac1a0d2,ut_pytest,,en,excluded,excluded,TOO_EASY,PROMPT_FIX_ENTRY_POINT,0,0,0.75,"measured_pass_at_k(n=2,k=8)",1.0
kodcode-2ad38a72f8a6,ut_pytest,,en,train,ok,,PROMPT_FIX_ENTRY_POINT,0,0,0.25,"measured_pass_at_k(n=2,k=16)",0.625
kodcode-cf345cb385bb,ut_pytest,,en,excluded,excluded,TOO_EASY,PROMPT_FIX_ENTRY_POINT,0,0,0.75,"measured_pass_at_k(n=2,k=8)",1.0
kodcode-9f69c9c36788,ut_pytest,,en,train,ok,,PROMPT_FIX_ENTRY_POINT,0,0,0.75,"measured_pass_at_k(n=2,k=8)",0.875
kodcode-2694b7ca1715,ut_pytest,,en,excluded,excluded,TOO_EASY,PROMPT_FIX_ENTRY_POINT,0,0,0.25,"measured_pass_at_k(n=2,k=8)",1.0
opencodeinstruct-005b7e93b390,ut_function,,en,excluded,excluded,TOO_EASY,PROMPT_FIX_ENTRY_POINT,0,0,0.5,"measured_pass_at_k(n=2,k=8)",1.0
kodcode-d36802762a9a,ut_pytest,,en,train,ok,,PROMPT_FIX_ENTRY_POINT,0,0,0.5,"measured_pass_at_k(n=2,k=8)",0.75
kodcode-96633b669d38,ut_pytest,,en,excluded,excluded,TOO_EASY,PROMPT_FIX_ENTRY_POINT,0,0,0.25,"measured_pass_at_k(n=2,k=8)",1.0
kodcode-e5e7d6023223,ut_pytest,,en,excluded,excluded,TOO_EASY,PROMPT_FIX_ENTRY_POINT,0,0,0.25,"measured_pass_at_k(n=2,k=8)",1.0
kodcode-c8259a1007f1,ut_pytest,,en,train,ok,,PROMPT_FIX_ENTRY_POINT,0,0,0.75,"measured_pass_at_k(n=2,k=8)",0.375
kodcode-1d13ba2026ca,ut_pytest,,en,test,ok,,PROMPT_FIX_ENTRY_POINT,0,0,0.25,"measured_pass_at_k(n=2,k=8)",
kodcode-57293190cdeb,ut_pytest,,en,excluded,excluded,TOO_HARD,PROMPT_FIX_ENTRY_POINT,0,0,0.25,"measured_pass_at_k(n=2,k=8)",0.0
kodcode-cc329da894a4,ut_pytest,,en,train,ok,,PROMPT_FIX_ENTRY_POINT,0,0,0.5,"measured_pass_at_k(n=2,k=8)",0.125
kodcode-608c31989be6,ut_pytest,,en,train,ok,,PROMPT_FIX_ENTRY_POINT,0,0,0.5,"measured_pass_at_k(n=2,k=8)",0.875
kodcode-567ad0c17af2,ut_pytest,,en,validation,ok,,PROMPT_FIX_ENTRY_POINT,0,0,0.25,"measured_pass_at_k(n=2,k=8)",
opencodeinstruct-d91f26b89934,ut_function,,en,excluded,excluded,TOO_EASY,PROMPT_FIX_ENTRY_POINT,0,0,0.25,"measured_pass_at_k(n=2,k=8)",1.0
opencodeinstruct-68e17d1de330,ut_function,,en,test,ok,,PROMPT_FIX_ENTRY_POINT,0,0,0.25,"measured_pass_at_k(n=2,k=8)",
ko-native-e29c89112b54,ut_function,,ko,excluded,excluded,TOO_EASY,PROMPT_FIX_ENTRY_POINT,0,0,0.25,"measured_pass_at_k(n=1,k=4)",1.0
rstar-f38aff9e10e4,ut_stdio,,en,test,ok,,no_reference_solution,0,0,0.25,"measured_pass_at_k(n=2,k=16)",
rstar-cf16c90c54d8,ut_stdio,,en,train,ok,,no_reference_solution,0,0,0.25,"measured_pass_at_k(n=2,k=8)",0.125
rstar-31f5be347788,ut_stdio,,en,validation,ok,,no_reference_solution,0,0,0.25,"measured_pass_at_k(n=2,k=8)",
rstar-6e0975312e67,ut_stdio,,en,train,ok,,no_reference_solution;HARD_BUT_PARTIAL_SIGNAL,0,0,0.25,"measured_pass_at_k(n=2,k=8)",0.0
rstar-3172f27787b2,ut_stdio,,en,validation,ok,,no_reference_solution,0,0,0.5,"measured_pass_at_k(n=2,k=8)",
rstar-133925413738,ut_stdio,,en,excluded,excluded,TOO_EASY,no_reference_solution,0,0,0.375,"measured_pass_at_k(n=2,k=16)",1.0
rstar-e8634042e5df,ut_stdio,,en,train,ok,,no_reference_solution,0,0,0.5,"measured_pass_at_k(n=2,k=8)",0.875
rstar-329f38af5dff,ut_stdio,,en,excluded,excluded,TOO_EASY,no_reference_solution,0,0,0.5,"measured_pass_at_k(n=2,k=8)",1.0
rstar-e58874a67c6b,ut_stdio,,en,excluded,excluded,TOO_EASY,no_reference_solution,0,0,0.25,"measured_pass_at_k(n=2,k=8)",1.0
rstar-5a9c11453461,ut_stdio,,en,train,ok,,no_reference_solution;HARD_BUT_PARTIAL_SIGNAL,0,0,0.25,"measured_pass_at_k(n=2,k=8)",0.0
rstar-e14b5d750aec,ut_stdio,,en,excluded,excluded,TOO_EASY,no_reference_solution,0,0,0.75,"measured_pass_at_k(n=2,k=8)",1.0
rstar-9ad432ba809f,ut_stdio,,en,test,ok,,no_reference_solution,0,0,0.25,"measured_pass_at_k(n=2,k=8)",
rstar-c429dbe6ba55,ut_stdio,,en,train,ok,,no_reference_solution,0,0,0.25,"measured_pass_at_k(n=2,k=8)",0.5
rstar-757e6073b606,ut_stdio,,en,train,ok,,no_reference_solution,0,0,0.25,"measured_pass_at_k(n=2,k=8)",0.5
rstar-a98783cf73f9,ut_stdio,,en,excluded,excluded,TOO_EASY,no_reference_solution,0,0,0.5,"measured_pass_at_k(n=2,k=8)",1.0
rstar-ed1914b90917,ut_stdio,,en,test,ok,,no_reference_solution,0,0,0.5,"measured_pass_at_k(n=2,k=8)",
rstar-1be602d506ee,ut_stdio,,en,excluded,excluded,TOO_EASY,no_reference_solution,0,0,0.5,"measured_pass_at_k(n=2,k=8)",1.0
opencodeinstruct-29000465821b,ut_function,,en,train,ok,,PROMPT_FIX_ENTRY_POINT,0,0,0.25,"measured_pass_at_k(n=2,k=8)",0.625
opencodeinstruct-9d1e83d2fbf4,ut_function,,en,train,ok,,PROMPT_FIX_ENTRY_POINT,0,0,0.25,"measured_pass_at_k(n=2,k=8)",0.75
opencodeinstruct-0fb8640837a1,ut_function,,en,excluded,excluded,TOO_EASY,PROMPT_FIX_ENTRY_POINT,0,0,0.5,"measured_pass_at_k(n=2,k=8)",1.0
opencodeinstruct-8c04c6513a55,ut_function,,en,excluded,excluded,TOO_EASY,PROMPT_FIX_ENTRY_POINT,0,0,0.25,"measured_pass_at_k(n=2,k=8)",1.0
opencodeinstruct-fc19ca9b5305,ut_function,,en,excluded,excluded,TOO_EASY,PROMPT_FIX_ENTRY_POINT,0,0,0.25,"measured_pass_at_k(n=2,k=16)",1.0
opencodeinstruct-530ea4e43986,ut_function,,en,excluded,excluded,TOO_EASY,PROMPT_FIX_ENTRY_POINT,0,0,0.25,"measured_pass_at_k(n=2,k=8)",1.0
opencodeinstruct-da042921b789,ut_function,,en,excluded,excluded,TOO_EASY,PROMPT_FIX_ENTRY_POINT,0,0,0.5,"measured_pass_at_k(n=2,k=8)",1.0
opencodeinstruct-e11fa08e231a,ut_function,,en,test,ok,,PROMPT_FIX_ENTRY_POINT,0,0,0.25,"measured_pass_at_k(n=2,k=8)",
opencodeinstruct-5108137d3bc6,ut_function,,en,excluded,excluded,TOO_EASY,PROMPT_FIX_ENTRY_POINT,0,0,0.25,"measured_pass_at_k(n=2,k=8)",1.0
opencodeinstruct-5572c370fcbc,ut_function,,en,excluded,excluded,TOO_EASY,PROMPT_FIX_ENTRY_POINT,0,0,0.5,"measured_pass_at_k(n=2,k=8)",1.0
opencodeinstruct-e9d0abbd63aa,ut_function,,en,train,ok,,PROMPT_FIX_ENTRY_POINT,0,0,0.25,"measured_pass_at_k(n=2,k=16)",0.5
opencodeinstruct-ec7079c668e9,ut_function,,en,train,ok,,PROMPT_FIX_ENTRY_POINT,0,0,0.25,"measured_pass_at_k(n=2,k=16)",0.625
opencodeinstruct-9665325e1bc8,ut_function,,en,excluded,excluded,TOO_HARD,PROMPT_FIX_ENTRY_POINT,0,0,0.75,"measured_pass_at_k(n=2,k=8)",0.0
opencodeinstruct-9685260bdc9e,ut_function,,en,excluded,excluded,TOO_EASY,PROMPT_FIX_ENTRY_POINT,0,0,0.25,"measured_pass_at_k(n=2,k=16)",1.0
opencodeinstruct-954e30b62259,ut_function,,en,excluded,excluded,TOO_EASY,PROMPT_FIX_ENTRY_POINT,0,0,0.25,"measured_pass_at_k(n=2,k=8)",1.0
opencodeinstruct-b219c3001214,ut_function,,en,test,ok,,PROMPT_FIX_ENTRY_POINT,0,0,0.25,"measured_pass_at_k(n=2,k=16)",
opencodeinstruct-a7084c689bd5,ut_function,,en,validation,ok,,PROMPT_FIX_ENTRY_POINT,0,0,0.25,"measured_pass_at_k(n=2,k=8)",
opencodeinstruct-37481107f17e,ut_function,,en,excluded,excluded,TOO_EASY,PROMPT_FIX_ENTRY_POINT,0,0,0.25,"measured_pass_at_k(n=2,k=8)",1.0
opencodeinstruct-fabc248ec8af,ut_function,,en,excluded,excluded,TOO_EASY,PROMPT_FIX_ENTRY_POINT,0,0,0.5,"measured_pass_at_k(n=2,k=8)",1.0
opencodeinstruct-50b3b98d78fd,ut_function,,en,excluded,excluded,TOO_EASY,PROMPT_FIX_ENTRY_POINT,0,0,0.25,"measured_pass_at_k(n=2,k=8)",1.0
opencodeinstruct-60bbf0ad8b5d,ut_function,,en,excluded,excluded,TOO_EASY,PROMPT_FIX_ENTRY_POINT,0,0,0.5,"measured_pass_at_k(n=2,k=8)",1.0
opencodeinstruct-cca60b50c447,ut_function,,en,train,ok,,PROMPT_FIX_ENTRY_POINT,0,0,0.5,"measured_pass_at_k(n=2,k=8)",0.75
opencodeinstruct-df53fb95b2a6,ut_function,,en,validation,ok,,PROMPT_FIX_ENTRY_POINT,0,0,0.5,"measured_pass_at_k(n=2,k=8)",
opencodeinstruct-be8881ede466,ut_function,,en,validation,ok,,PROMPT_FIX_ENTRY_POINT,0,0,0.25,"measured_pass_at_k(n=2,k=8)",
opencodeinstruct-7110c9aa005e,ut_function,,en,train,ok,,PROMPT_FIX_ENTRY_POINT,0,0,0.25,"measured_pass_at_k(n=2,k=8)",0.75
opencodeinstruct-11caf8928fd1,ut_function,,en,excluded,excluded,TOO_EASY,PROMPT_FIX_ENTRY_POINT,0,0,0.5,"measured_pass_at_k(n=2,k=8)",1.0
opencodeinstruct-614572c16e94,ut_function,,en,excluded,excluded,TOO_EASY,PROMPT_FIX_ENTRY_POINT,0,0,0.25,"measured_pass_at_k(n=2,k=8)",1.0
opencodeinstruct-4233efe4efa1,ut_function,,en,train,ok,,PROMPT_FIX_ENTRY_POINT,0,0,0.75,"measured_pass_at_k(n=2,k=8)",0.375
opencodeinstruct-eafa1228e0ec,ut_function,,en,excluded,excluded,TOO_EASY,PROMPT_FIX_ENTRY_POINT,0,0,0.5,"measured_pass_at_k(n=2,k=16)",1.0
kodcode-6f97f95f8225,ut_pytest,,en,excluded,excluded,TOO_EASY,PROMPT_FIX_ENTRY_POINT,0,0,0.5,"measured_pass_at_k(n=2,k=8)",1.0
kodcode-ef1883c1f9a6,ut_pytest,,en,excluded,excluded,TOO_EASY,PROMPT_FIX_ENTRY_POINT,0,0,0.75,"measured_pass_at_k(n=2,k=8)",1.0
kodcode-bf209341065a,ut_pytest,,en,train,ok,,PROMPT_FIX_ENTRY_POINT,0,0,0.5,"measured_pass_at_k(n=2,k=8)",0.875
kodcode-5e9f58d3827e,ut_pytest,,en,train,ok,,PROMPT_FIX_ENTRY_POINT,0,0,0.5,"measured_pass_at_k(n=2,k=8)",0.25
opencodeinstruct-4f61887239f0,ut_function,,en,excluded,excluded,TOO_EASY,PROMPT_FIX_ENTRY_POINT,0,0,0.5,"measured_pass_at_k(n=2,k=8)",1.0
kodcode-cd77352dd131,ut_pytest,,en,excluded,excluded,TOO_EASY,PROMPT_FIX_ENTRY_POINT,0,0,0.75,"measured_pass_at_k(n=2,k=8)",1.0
kodcode-ac17f53f29a5,ut_pytest,,en,excluded,excluded,TOO_EASY,PROMPT_FIX_ENTRY_POINT,0,0,0.5,"measured_pass_at_k(n=2,k=8)",1.0
kodcode-f5f4f36bc3f1,ut_pytest,,en,validation,ok,,PROMPT_FIX_ENTRY_POINT,0,0,0.5,"measured_pass_at_k(n=2,k=8)",
kodcode-a213eb2b02fb,ut_pytest,,en,train,ok,,PROMPT_FIX_ENTRY_POINT,0,0,0.375,"measured_pass_at_k(n=2,k=16)",0.75
kodcode-01d736d8af17,ut_pytest,,en,excluded,excluded,TOO_EASY,PROMPT_FIX_ENTRY_POINT,0,0,0.75,"measured_pass_at_k(n=2,k=8)",1.0
kodcode-8634c9a4a506,ut_pytest,,en,excluded,excluded,TOO_EASY,PROMPT_FIX_ENTRY_POINT,0,0,0.5,"measured_pass_at_k(n=2,k=8)",1.0
kodcode-445c1e3efa30,ut_pytest,,en,train,ok,,PROMPT_FIX_ENTRY_POINT,0,0,0.25,"measured_pass_at_k(n=2,k=8)",0.5
kodcode-fb7222ba6d59,ut_pytest,,en,train,ok,,PROMPT_FIX_ENTRY_POINT,0,0,0.75,"measured_pass_at_k(n=2,k=8)",0.375
kodcode-30906cda48d5,ut_pytest,,en,excluded,excluded,TOO_HARD,PROMPT_FIX_ENTRY_POINT,0,0,0.25,"measured_pass_at_k(n=2,k=8)",0.0
kodcode-629a76b82d36,ut_pytest,,en,train,ok,,PROMPT_FIX_ENTRY_POINT,0,0,0.75,"measured_pass_at_k(n=2,k=8)",0.875
kodcode-615acbcdc4a5,ut_pytest,,en,excluded,excluded,TOO_EASY,PROMPT_FIX_ENTRY_POINT,0,0,0.25,"measured_pass_at_k(n=2,k=8)",1.0
kodcode-53d4123040b2,ut_pytest,,en,excluded,excluded,TOO_EASY,PROMPT_FIX_ENTRY_POINT,0,0,0.5,"measured_pass_at_k(n=2,k=8)",1.0
kodcode-271fb3fd3125,ut_pytest,,en,validation,ok,,PROMPT_FIX_ENTRY_POINT,0,0,0.5,"measured_pass_at_k(n=2,k=8)",
kodcode-7fe89a6b6255,ut_pytest,,en,test,ok,,PROMPT_FIX_ENTRY_POINT,0,0,0.25,"measured_pass_at_k(n=2,k=16)",
kodcode-3b6fa06224ae,ut_pytest,,en,train,ok,,PROMPT_FIX_ENTRY_POINT,0,0,0.625,"measured_pass_at_k(n=2,k=16)",0.875
kodcode-ff0901f487ae,ut_pytest,,en,validation,ok,,PROMPT_FIX_ENTRY_POINT,0,0,0.25,"measured_pass_at_k(n=2,k=8)",
kodcode-8864c0a28629,ut_pytest,,en,validation,ok,,PROMPT_FIX_ENTRY_POINT,0,0,0.25,"measured_pass_at_k(n=2,k=8)",
kodcode-f6ba09bb174d,ut_pytest,,en,test,ok,,PROMPT_FIX_ENTRY_POINT,0,0,0.75,"measured_pass_at_k(n=2,k=8)",
kodcode-c618311a8dd8,ut_pytest,,en,validation,ok,,PROMPT_FIX_ENTRY_POINT,0,0,0.5,"measured_pass_at_k(n=2,k=8)",
kodcode-53dd4fce3835,ut_pytest,,en,excluded,excluded,TOO_EASY,PROMPT_FIX_ENTRY_POINT,0,0,0.5,"measured_pass_at_k(n=2,k=8)",1.0
kodcode-f659cd1ccfaf,ut_pytest,,en,excluded,excluded,TOO_EASY,PROMPT_FIX_ENTRY_POINT,0,0,0.5,"measured_pass_at_k(n=2,k=8)",1.0
kodcode-92f1259a9231,ut_pytest,,en,excluded,excluded,TOO_EASY,PROMPT_FIX_ENTRY_POINT,0,0,0.5,"measured_pass_at_k(n=2,k=8)",1.0
kodcode-d0918ad93354,ut_pytest,,en,train,ok,,PROMPT_FIX_ENTRY_POINT,0,0,0.5,"measured_pass_at_k(n=2,k=8)",0.5
kodcode-a951a9149ce9,ut_pytest,,en,excluded,excluded,TOO_EASY,PROMPT_FIX_ENTRY_POINT,0,0,0.25,"measured_pass_at_k(n=2,k=8)",1.0
kodcode-f94b21ad5b5f,ut_pytest,,en,excluded,excluded,TOO_HARD,PROMPT_FIX_ENTRY_POINT,0,0,0.25,"measured_pass_at_k(n=2,k=8)",0.0
kodcode-f2ba2bf81e41,ut_pytest,,en,excluded,excluded,TOO_HARD,PROMPT_FIX_ENTRY_POINT,0,0,0.25,"measured_pass_at_k(n=2,k=8)",0.0
ko-native-afbc5eed3e4c,ut_function,,ko,train,ok,,PROMPT_FIX_ENTRY_POINT,0,0,0.5,"measured_pass_at_k(n=1,k=4)",0.75
ko-native-6358ff7f9511,ut_function,,ko,excluded,excluded,TOO_EASY,PROMPT_FIX_ENTRY_POINT,0,0,0.5,"measured_pass_at_k(n=1,k=4)",1.0
rstar-fdcc9b86b65f,ut_stdio,,en,train,ok,,no_reference_solution,0,0,0.25,"measured_pass_at_k(n=2,k=8)",0.375
rstar-0cbb33d0e2de,ut_stdio,,en,train,ok,,no_reference_solution,0,0,0.5,"measured_pass_at_k(n=2,k=8)",0.875
rstar-af6fc675bae6,ut_stdio,,en,train,ok,,no_reference_solution,0,0,0.75,"measured_pass_at_k(n=2,k=8)",0.875
rstar-cb22d23714e5,ut_stdio,,en,excluded,excluded,TOO_EASY,no_reference_solution,0,0,0.25,"measured_pass_at_k(n=2,k=8)",1.0
rstar-5b892ea6117a,ut_stdio,,en,train,ok,,no_reference_solution,0,0,0.5,"measured_pass_at_k(n=2,k=8)",0.875
rstar-79f0bebe77cd,ut_stdio,,en,excluded,excluded,TOO_EASY,no_reference_solution,0,0,0.25,"measured_pass_at_k(n=2,k=16)",1.0
rstar-767d12bfcf66,ut_stdio,,en,excluded,excluded,TOO_EASY,no_reference_solution,0,0,0.25,"measured_pass_at_k(n=2,k=16)",1.0
rstar-c9987715be33,ut_stdio,,en,train,ok,,no_reference_solution,0,0,0.5,"measured_pass_at_k(n=2,k=8)",0.125
rstar-2b3d5d982e3a,ut_stdio,,en,excluded,excluded,TOO_EASY,no_reference_solution,0,0,0.5,"measured_pass_at_k(n=2,k=8)",1.0
rstar-248f2aa1b9e0,ut_stdio,,en,train,ok,,no_reference_solution;HARD_BUT_PARTIAL_SIGNAL,0,0,0.25,"measured_pass_at_k(n=2,k=8)",0.0
rstar-9d9814e89a74,ut_stdio,,en,test,ok,,no_reference_solution,0,0,0.5,"measured_pass_at_k(n=2,k=8)",
rstar-b1d58566db1c,ut_stdio,,en,train,ok,,no_reference_solution,0,0,0.25,"measured_pass_at_k(n=2,k=8)",0.25
rstar-926c8c4f31d6,ut_stdio,,en,test,ok,,no_reference_solution,0,0,0.25,"measured_pass_at_k(n=2,k=8)",
rstar-56f21fa60534,ut_stdio,,en,excluded,excluded,TOO_EASY,no_reference_solution,0,0,0.25,"measured_pass_at_k(n=2,k=8)",1.0
rstar-25bb2edfb071,ut_stdio,,en,excluded,excluded,TOO_EASY,no_reference_solution,0,0,0.25,"measured_pass_at_k(n=2,k=8)",1.0
rstar-540e4ada9c22,ut_stdio,,en,excluded,excluded,TOO_EASY,no_reference_solution,0,0,0.75,"measured_pass_at_k(n=2,k=8)",1.0
rstar-823e8bc14d5f,ut_stdio,,en,excluded,excluded,TOO_EASY,no_reference_solution,0,0,0.5,"measured_pass_at_k(n=2,k=8)",1.0
rstar-db704f807f3e,ut_stdio,,en,excluded,excluded,TOO_EASY,no_reference_solution,0,0,0.25,"measured_pass_at_k(n=2,k=8)",1.0
rstar-cd05d10f4ba4,ut_stdio,,en,excluded,excluded,TOO_HARD,no_reference_solution,0,0,0.5,"measured_pass_at_k(n=2,k=8)",0.0
rstar-5575ec19391a,ut_stdio,,en,train,ok,,no_reference_solution,0,0,0.5,"measured_pass_at_k(n=2,k=8)",0.625
rstar-2942368a1252,ut_stdio,,en,excluded,excluded,TOO_EASY,no_reference_solution,0,0,0.25,"measured_pass_at_k(n=2,k=8)",1.0
rstar-c6b2e0f8819d,ut_stdio,,en,train,ok,,no_reference_solution,0,0,0.25,"measured_pass_at_k(n=2,k=8)",0.5
rstar-24cb8adfedd1,ut_stdio,,en,train,ok,,no_reference_solution;HARD_BUT_PARTIAL_SIGNAL,0,0,0.5,"measured_pass_at_k(n=2,k=8)",0.0
rstar-a84ca4d4371a,ut_stdio,,en,train,ok,,no_reference_solution,0,0,0.5,"measured_pass_at_k(n=2,k=8)",0.125
rstar-0993d38574e5,ut_stdio,,en,train,ok,,no_reference_solution,0,0,0.5,"measured_pass_at_k(n=2,k=8)",0.5
rstar-de88fb62c716,ut_stdio,,en,train,ok,,no_reference_solution,0,0,0.5,"measured_pass_at_k(n=2,k=8)",0.5
rstar-5a19148a3781,ut_stdio,,en,train,ok,,no_reference_solution,0,0,0.25,"measured_pass_at_k(n=2,k=8)",0.875
rstar-350b2ea600dd,ut_stdio,,en,excluded,excluded,TOO_HARD,no_reference_solution,0,0,0.5,"measured_pass_at_k(n=2,k=8)",0.0
rstar-d877f1537879,ut_stdio,,en,excluded,excluded,TOO_HARD,no_reference_solution,0,0,0.75,"measured_pass_at_k(n=2,k=8)",0.0
rstar-55cebc0f8d6c,ut_stdio,,en,train,ok,,no_reference_solution,0,0,0.25,"measured_pass_at_k(n=2,k=8)",0.125
rstar-ae7fcf3396f5,ut_stdio,,en,train,ok,,no_reference_solution,0,0,0.25,"measured_pass_at_k(n=2,k=8)",0.375
rstar-937e06f1db46,ut_stdio,,en,excluded,excluded,TOO_HARD,no_reference_solution,0,0,0.25,"measured_pass_at_k(n=2,k=8)",0.0
rstar-060672d36585,ut_stdio,,en,train,ok,,no_reference_solution,0,0,0.75,"measured_pass_at_k(n=2,k=8)",0.5
rstar-62e3355abfc4,ut_stdio,,en,train,ok,,no_reference_solution,0,0,0.5,"measured_pass_at_k(n=2,k=8)",0.125
opencodeinstruct-563eca926217,ut_function,,en,excluded,excluded,TOO_HARD,PROMPT_FIX_ENTRY_POINT,0,0,0.25,"measured_pass_at_k(n=2,k=8)",0.0
opencodeinstruct-2a5f2bdf3d1b,ut_function,,en,train,ok,,HARD_BUT_PARTIAL_SIGNAL;PROMPT_FIX_ENTRY_POINT,0,0,0.25,"measured_pass_at_k(n=1,k=4)",0.0
opencodeinstruct-fa8d4f1dc15b,ut_function,,en,test,ok,,PROMPT_FIX_ENTRY_POINT,0,0,0.5,"measured_pass_at_k(n=2,k=8)",
opencodeinstruct-7b8df1ea6e0a,ut_function,,en,excluded,excluded,TOO_EASY,PROMPT_FIX_ENTRY_POINT,0,0,0.5,"measured_pass_at_k(n=2,k=16)",1.0
opencodeinstruct-800839677aca,ut_function,,en,train,ok,,PROMPT_FIX_ENTRY_POINT,0,0,0.5,"measured_pass_at_k(n=2,k=8)",0.875
opencodeinstruct-dc1858829fcd,ut_function,,en,train,ok,,PROMPT_FIX_ENTRY_POINT,0,0,0.25,"measured_pass_at_k(n=2,k=8)",0.875
opencodeinstruct-98041c876de8,ut_function,,en,test,ok,,PROMPT_FIX_ENTRY_POINT,0,0,0.5,"measured_pass_at_k(n=2,k=8)",
opencodeinstruct-9905131c1c76,ut_function,,en,excluded,excluded,TOO_HARD,PROMPT_FIX_ENTRY_POINT,0,0,0.75,"measured_pass_at_k(n=2,k=8)",0.0
opencodeinstruct-3ac41ac3c2d1,ut_function,,en,excluded,excluded,TOO_EASY,PROMPT_FIX_ENTRY_POINT,0,0,0.75,"measured_pass_at_k(n=2,k=8)",1.0
opencodeinstruct-27ea1322e877,ut_function,,en,test,ok,,PROMPT_FIX_ENTRY_POINT,0,0,0.75,"measured_pass_at_k(n=2,k=8)",
opencodeinstruct-76b5b5d8f240,ut_function,,en,test,ok,,PROMPT_FIX_ENTRY_POINT,0,0,0.25,"measured_pass_at_k(n=2,k=8)",
opencodeinstruct-5247b018832b,ut_function,,en,excluded,excluded,TOO_EASY,PROMPT_FIX_ENTRY_POINT,0,0,0.5,"measured_pass_at_k(n=2,k=8)",1.0
opencodeinstruct-77fda1647695,ut_function,,en,excluded,excluded,TOO_EASY,PROMPT_FIX_ENTRY_POINT,0,0,0.25,"measured_pass_at_k(n=2,k=8)",1.0
opencodeinstruct-50bf510c5a0d,ut_function,,en,excluded,excluded,TOO_EASY,PROMPT_FIX_ENTRY_POINT,0,0,0.25,"measured_pass_at_k(n=2,k=8)",1.0
opencodeinstruct-43129d0d37d9,ut_function,,en,excluded,excluded,TOO_EASY,PROMPT_FIX_ENTRY_POINT,0,0,0.25,"measured_pass_at_k(n=2,k=8)",1.0
opencodeinstruct-d0865e388efa,ut_function,,en,excluded,excluded,TOO_EASY,PROMPT_FIX_ENTRY_POINT,0,0,0.25,"measured_pass_at_k(n=2,k=8)",1.0
opencodeinstruct-c6633ea84335,ut_function,,en,test,ok,,PROMPT_FIX_ENTRY_POINT,0,0,0.25,"measured_pass_at_k(n=2,k=16)",
opencodeinstruct-45d5f17832aa,ut_function,,en,excluded,excluded,TOO_HARD,PROMPT_FIX_ENTRY_POINT,0,0,0.25,"measured_pass_at_k(n=2,k=8)",0.0
opencodeinstruct-afea86726ab1,ut_function,,en,excluded,excluded,TOO_EASY,PROMPT_FIX_ENTRY_POINT,0,0,0.25,"measured_pass_at_k(n=2,k=8)",1.0
opencodeinstruct-b44104cf33c8,ut_function,,en,excluded,excluded,TOO_EASY,PROMPT_FIX_ENTRY_POINT,0,0,0.5,"measured_pass_at_k(n=2,k=8)",1.0
opencodeinstruct-d520741f178d,ut_function,,en,excluded,excluded,TOO_EASY,PROMPT_FIX_ENTRY_POINT,0,0,0.75,"measured_pass_at_k(n=2,k=8)",1.0
opencodeinstruct-df4977e19e3d,ut_function,,en,train,ok,,PROMPT_FIX_ENTRY_POINT,0,0,0.5,"measured_pass_at_k(n=2,k=8)",0.75
opencodeinstruct-fa1b43ee19bb,ut_function,,en,excluded,excluded,TOO_EASY,PROMPT_FIX_ENTRY_POINT,0,0,0.5,"measured_pass_at_k(n=2,k=8)",1.0
opencodeinstruct-2bbbcb2f7231,ut_function,,en,excluded,excluded,TOO_EASY,PROMPT_FIX_ENTRY_POINT,0,0,0.5,"measured_pass_at_k(n=2,k=8)",1.0
opencodeinstruct-79420a14f2bb,ut_function,,en,excluded,excluded,TOO_EASY,PROMPT_FIX_ENTRY_POINT,0,0,0.25,"measured_pass_at_k(n=2,k=8)",1.0
opencodeinstruct-8e73167e2428,ut_function,,en,excluded,excluded,TOO_EASY,PROMPT_FIX_ENTRY_POINT,0,0,0.25,"measured_pass_at_k(n=2,k=8)",1.0
opencodeinstruct-04cc9ef06321,ut_function,,en,excluded,excluded,TOO_EASY,PROMPT_FIX_ENTRY_POINT,0,0,0.25,"measured_pass_at_k(n=2,k=8)",1.0
opencodeinstruct-3f10f8207f7c,ut_function,,en,excluded,excluded,TOO_EASY,PROMPT_FIX_ENTRY_POINT,0,0,0.25,"measured_pass_at_k(n=2,k=8)",1.0
opencodeinstruct-9572afa5acf1,ut_function,,en,validation,ok,,PROMPT_FIX_ENTRY_POINT,0,0,0.25,"measured_pass_at_k(n=2,k=8)",
opencodeinstruct-da74589387ab,ut_function,,en,excluded,excluded,TOO_EASY,PROMPT_FIX_ENTRY_POINT,0,0,0.25,"measured_pass_at_k(n=2,k=8)",1.0
opencodeinstruct-29a3c180b2c4,ut_function,,en,excluded,excluded,TOO_EASY,PROMPT_FIX_ENTRY_POINT,0,0,0.5,"measured_pass_at_k(n=2,k=8)",1.0
opencodeinstruct-4e7549bd1a01,ut_function,,en,test,ok,,PROMPT_FIX_ENTRY_POINT,0,0,0.5,"measured_pass_at_k(n=2,k=8)",
opencodeinstruct-83f28fe4a42d,ut_function,,en,validation,ok,,PROMPT_FIX_ENTRY_POINT,0,0,0.25,"measured_pass_at_k(n=2,k=8)",
opencodeinstruct-84c5a9f0eb06,ut_function,,en,excluded,excluded,TOO_EASY,PROMPT_FIX_ENTRY_POINT,0,0,0.25,"measured_pass_at_k(n=2,k=8)",1.0
opencodeinstruct-3bcad76f363d,ut_function,,en,excluded,excluded,TOO_EASY,PROMPT_FIX_ENTRY_POINT,0,0,0.75,"measured_pass_at_k(n=2,k=8)",1.0
opencodeinstruct-193f55bcc786,ut_function,,en,excluded,excluded,TOO_EASY,PROMPT_FIX_ENTRY_POINT,0,0,0.5,"measured_pass_at_k(n=2,k=16)",1.0
kodcode-2f89a0e2fe9b,ut_pytest,,en,train,ok,,PROMPT_FIX_ENTRY_POINT,0,0,0.75,"measured_pass_at_k(n=2,k=8)",0.75
kodcode-5b12171cbc15,ut_pytest,,en,excluded,excluded,TOO_EASY,PROMPT_FIX_ENTRY_POINT,0,0,0.75,"measured_pass_at_k(n=2,k=8)",1.0
kodcode-047b0c440700,ut_pytest,,en,train,ok,,PROMPT_FIX_ENTRY_POINT,0,0,0.75,"measured_pass_at_k(n=2,k=8)",0.875
opencodeinstruct-a618ddfae827,ut_function,,en,excluded,excluded,TOO_EASY,PROMPT_FIX_ENTRY_POINT,0,0,0.75,"measured_pass_at_k(n=2,k=8)",1.0
opencodeinstruct-bad88225d76b,ut_function,,en,test,ok,,PROMPT_FIX_ENTRY_POINT,0,0,0.75,"measured_pass_at_k(n=2,k=8)",
kodcode-87bd064944c9,ut_pytest,,en,train,ok,,PROMPT_FIX_ENTRY_POINT,0,0,0.5,"measured_pass_at_k(n=2,k=8)",0.875
kodcode-813bda094077,ut_pytest,,en,train,ok,,PROMPT_FIX_ENTRY_POINT,0,0,0.5,"measured_pass_at_k(n=2,k=8)",0.875
kodcode-464c87d6680f,ut_pytest,,en,train,ok,,PROMPT_FIX_ENTRY_POINT,0,0,0.5,"measured_pass_at_k(n=2,k=8)",0.75
kodcode-891484bbfbc1,ut_pytest,,en,excluded,excluded,TOO_EASY,PROMPT_FIX_ENTRY_POINT,0,0,0.25,"measured_pass_at_k(n=2,k=8)",1.0
kodcode-a02e82427585,ut_pytest,,en,excluded,excluded,TOO_EASY,PROMPT_FIX_ENTRY_POINT,0,0,0.5,"measured_pass_at_k(n=2,k=8)",1.0
kodcode-a5b4ff7db405,ut_pytest,,en,excluded,excluded,TOO_EASY,PROMPT_FIX_ENTRY_POINT,0,0,0.25,"measured_pass_at_k(n=2,k=8)",1.0
kodcode-6f677981653b,ut_pytest,,en,excluded,excluded,TOO_EASY,PROMPT_FIX_ENTRY_POINT,0,0,0.5,"measured_pass_at_k(n=2,k=8)",1.0
kodcode-09b082717b30,ut_pytest,,en,excluded,excluded,TOO_EASY,PROMPT_FIX_ENTRY_POINT,0,0,0.75,"measured_pass_at_k(n=2,k=8)",1.0
kodcode-673620d0edc5,ut_pytest,,en,test,ok,,PROMPT_FIX_ENTRY_POINT,0,0,0.5,"measured_pass_at_k(n=2,k=8)",
kodcode-d2ba3531825d,ut_pytest,,en,excluded,excluded,TOO_EASY,PROMPT_FIX_ENTRY_POINT,0,0,0.5,"measured_pass_at_k(n=2,k=8)",1.0
kodcode-6cde70e0c5f3,ut_pytest,,en,train,ok,,PROMPT_FIX_ENTRY_POINT,0,0,0.5,"measured_pass_at_k(n=2,k=8)",0.25
kodcode-fd96d772e39e,ut_pytest,,en,train,ok,,PROMPT_FIX_ENTRY_POINT,0,0,0.25,"measured_pass_at_k(n=2,k=8)",0.5
kodcode-e82d4d87b518,ut_pytest,,en,excluded,excluded,TOO_EASY,PROMPT_FIX_ENTRY_POINT,0,0,0.5,"measured_pass_at_k(n=2,k=8)",1.0
kodcode-e9062b48ac5e,ut_pytest,,en,excluded,excluded,TOO_EASY,PROMPT_FIX_ENTRY_POINT,0,0,0.25,"measured_pass_at_k(n=2,k=8)",1.0
kodcode-11840cd66c3d,ut_pytest,,en,excluded,excluded,TOO_EASY,PROMPT_FIX_ENTRY_POINT,0,0,0.5,"measured_pass_at_k(n=2,k=8)",1.0
kodcode-2e645611d426,ut_pytest,,en,excluded,excluded,TOO_EASY,PROMPT_FIX_ENTRY_POINT,0,0,0.25,"measured_pass_at_k(n=2,k=8)",1.0
kodcode-c964763f4932,ut_pytest,,en,excluded,excluded,TOO_EASY,PROMPT_FIX_ENTRY_POINT,0,0,0.5,"measured_pass_at_k(n=2,k=8)",1.0
kodcode-3fa949418ce9,ut_pytest,,en,excluded,excluded,TOO_EASY,PROMPT_FIX_ENTRY_POINT,0,0,0.75,"measured_pass_at_k(n=2,k=16)",1.0
kodcode-b2fe56d68eeb,ut_pytest,,en,train,ok,,PROMPT_FIX_ENTRY_POINT,0,0,0.25,"measured_pass_at_k(n=2,k=8)",0.625
opencodeinstruct-b4094042f8b2,ut_function,,en,excluded,excluded,TOO_EASY,PROMPT_FIX_ENTRY_POINT,0,0,0.25,"measured_pass_at_k(n=2,k=8)",1.0
kodcode-ef5c5dc78934,ut_pytest,,en,excluded,excluded,TOO_HARD,PROMPT_FIX_ENTRY_POINT,0,0,0.25,"measured_pass_at_k(n=2,k=8)",0.0
kodcode-dacd76c29d8b,ut_pytest,,en,excluded,excluded,TOO_HARD,PROMPT_FIX_ENTRY_POINT,0,0,0.75,"measured_pass_at_k(n=2,k=8)",0.0
kodcode-cbd04091596c,ut_pytest,,en,train,ok,,HARD_BUT_PARTIAL_SIGNAL;PROMPT_FIX_ENTRY_POINT,0,0,0.25,"measured_pass_at_k(n=2,k=8)",0.0
kodcode-72ecfcb79819,ut_pytest,,en,train,ok,,PROMPT_FIX_ENTRY_POINT,0,0,0.25,"measured_pass_at_k(n=2,k=8)",0.375
kodcode-3cdbcedd2ec9,ut_pytest,,en,excluded,excluded,TOO_EASY,PROMPT_FIX_ENTRY_POINT,0,0,0.25,"measured_pass_at_k(n=2,k=8)",1.0
kodcode-77ed45c810f7,ut_pytest,,en,excluded,excluded,TOO_EASY,PROMPT_FIX_ENTRY_POINT,0,0,0.75,"measured_pass_at_k(n=2,k=8)",1.0
kodcode-9bfcd2ea47f5,ut_pytest,,en,test,ok,,PROMPT_FIX_ENTRY_POINT,0,0,0.5,"measured_pass_at_k(n=2,k=8)",
kodcode-46e492575faf,ut_pytest,,en,excluded,excluded,TOO_EASY,PROMPT_FIX_ENTRY_POINT,0,0,0.25,"measured_pass_at_k(n=2,k=8)",1.0
opencodeinstruct-e8a666ca230f,ut_function,,en,excluded,excluded,TOO_EASY,PROMPT_FIX_ENTRY_POINT,0,0,0.5,"measured_pass_at_k(n=2,k=8)",1.0
kodcode-dc830bbc10a0,ut_pytest,,en,excluded,excluded,TOO_EASY,PROMPT_FIX_ENTRY_POINT,0,0,0.75,"measured_pass_at_k(n=2,k=8)",1.0
ko-native-395b49a460bf,ut_function,,ko,test,ok,,PROMPT_FIX_ENTRY_POINT,0,0,0.75,"measured_pass_at_k(n=1,k=4)",
ko-native-891cfc5787a5,ut_function,,ko,excluded,excluded,TOO_EASY,PROMPT_FIX_ENTRY_POINT,0,0,0.75,"measured_pass_at_k(n=1,k=4)",1.0
rstar-3150dc15f9a6,ut_stdio,,en,test,ok,,no_reference_solution,0,0,0.5,"measured_pass_at_k(n=2,k=8)",
rstar-e3d8df4df44f,ut_stdio,,en,validation,ok,,no_reference_solution,0,0,0.75,"measured_pass_at_k(n=2,k=8)",
rstar-fcb33355baa3,ut_stdio,,en,train,ok,,no_reference_solution,0,0,0.5,"measured_pass_at_k(n=2,k=8)",0.5
rstar-b6f8b47c0ca2,ut_stdio,,en,excluded,excluded,TOO_EASY,no_reference_solution,0,0,0.25,"measured_pass_at_k(n=2,k=8)",1.0
rstar-1429c34ae76c,ut_stdio,,en,test,ok,,no_reference_solution,0,0,0.25,"measured_pass_at_k(n=2,k=8)",
rstar-fc132586e170,ut_stdio,,en,excluded,excluded,TOO_EASY,no_reference_solution,0,0,0.5,"measured_pass_at_k(n=2,k=8)",1.0
rstar-36997a983de3,ut_stdio,,en,train,ok,,no_reference_solution,0,0,0.5,"measured_pass_at_k(n=2,k=8)",0.875
rstar-f0de97eb3e77,ut_stdio,,en,train,ok,,no_reference_solution,0,0,0.75,"measured_pass_at_k(n=2,k=8)",0.75
rstar-652efc9470e9,ut_stdio,,en,train,ok,,no_reference_solution,0,0,0.25,"measured_pass_at_k(n=2,k=16)",0.25
rstar-3c8cfe3e62d7,ut_stdio,,en,test,ok,,no_reference_solution,0,0,0.5,"measured_pass_at_k(n=2,k=8)",
rstar-5fa046affa50,ut_stdio,,en,excluded,excluded,TOO_EASY,no_reference_solution,0,0,0.25,"measured_pass_at_k(n=2,k=8)",1.0
rstar-a51215593720,ut_stdio,,en,excluded,excluded,TOO_HARD,no_reference_solution,0,0,0.5,"measured_pass_at_k(n=2,k=8)",0.0
rstar-eb8777e0f75d,ut_stdio,,en,excluded,excluded,TOO_HARD,no_reference_solution,0,0,0.25,"measured_pass_at_k(n=2,k=8)",0.0
rstar-810fe2e3e628,ut_stdio,,en,test,ok,,no_reference_solution,0,0,0.5,"measured_pass_at_k(n=2,k=8)",
rstar-211f7747852a,ut_stdio,,en,train,ok,,no_reference_solution,0,0,0.5,"measured_pass_at_k(n=2,k=8)",0.875
rstar-5f5812d1503c,ut_stdio,,en,validation,ok,,no_reference_solution,0,0,0.5,"measured_pass_at_k(n=2,k=8)",
rstar-577cada05691,ut_stdio,,en,excluded,excluded,TOO_EASY,no_reference_solution,0,0,0.25,"measured_pass_at_k(n=2,k=16)",1.0
rstar-ed31ea974bdd,ut_stdio,,en,test,ok,,no_reference_solution,0,0,0.5,"measured_pass_at_k(n=2,k=8)",
rstar-95e200b59cd0,ut_stdio,,en,excluded,excluded,TOO_HARD,no_reference_solution,0,0,0.5,"measured_pass_at_k(n=2,k=8)",0.0
rstar-9b792f4103f8,ut_stdio,,en,excluded,excluded,TOO_EASY,no_reference_solution,0,0,0.5,"measured_pass_at_k(n=2,k=16)",1.0
opencodeinstruct-805031af3bc3,ut_function,,en,excluded,excluded,TOO_EASY,PROMPT_FIX_ENTRY_POINT,0,0,0.75,"measured_pass_at_k(n=2,k=8)",1.0
opencodeinstruct-134e8352a0a6,ut_function,,en,train,ok,,PROMPT_FIX_ENTRY_POINT,0,0,0.25,"measured_pass_at_k(n=2,k=8)",0.125
opencodeinstruct-080520729e42,ut_function,,en,excluded,excluded,TOO_EASY,PROMPT_FIX_ENTRY_POINT,0,0,0.5,"measured_pass_at_k(n=2,k=8)",1.0
opencodeinstruct-0f8a503cc8b6,ut_function,,en,train,ok,,PROMPT_FIX_ENTRY_POINT,0,0,0.5,"measured_pass_at_k(n=2,k=8)",0.875
opencodeinstruct-b5fe5954ae98,ut_function,,en,validation,ok,,PROMPT_FIX_ENTRY_POINT,0,0,0.5,"measured_pass_at_k(n=2,k=8)",
opencodeinstruct-4b060264d667,ut_function,,en,validation,ok,,PROMPT_FIX_ENTRY_POINT,0,0,0.5,"measured_pass_at_k(n=2,k=16)",
opencodeinstruct-673213ef2c31,ut_function,,en,excluded,excluded,TOO_HARD,PROMPT_FIX_ENTRY_POINT,0,0,0.25,"measured_pass_at_k(n=2,k=8)",0.0
opencodeinstruct-3006622b3333,ut_function,,en,excluded,excluded,TOO_EASY,PROMPT_FIX_ENTRY_POINT,0,0,0.5,"measured_pass_at_k(n=2,k=8)",1.0
opencodeinstruct-0703f0212407,ut_function,,en,excluded,excluded,TOO_EASY,PROMPT_FIX_ENTRY_POINT,0,0,0.75,"measured_pass_at_k(n=2,k=8)",1.0
opencodeinstruct-da72fead1b68,ut_function,,en,excluded,excluded,TOO_EASY,PROMPT_FIX_ENTRY_POINT,0,0,0.75,"measured_pass_at_k(n=2,k=8)",1.0
opencodeinstruct-634a6f996f1a,ut_function,,en,test,ok,,PROMPT_FIX_ENTRY_POINT,0,0,0.5,"measured_pass_at_k(n=2,k=8)",
opencodeinstruct-ec28ae82d1b3,ut_function,,en,train,ok,,PROMPT_FIX_ENTRY_POINT,0,0,0.25,"measured_pass_at_k(n=2,k=16)",0.375
opencodeinstruct-ab155c261b56,ut_function,,en,validation,ok,,PROMPT_FIX_ENTRY_POINT,0,0,0.5,"measured_pass_at_k(n=2,k=16)",
opencodeinstruct-2a6d5487f514,ut_function,,en,validation,ok,,PROMPT_FIX_ENTRY_POINT,0,0,0.625,"measured_pass_at_k(n=2,k=16)",
opencodeinstruct-71acd1173ec2,ut_function,,en,excluded,excluded,TOO_EASY,PROMPT_FIX_ENTRY_POINT,0,0,0.5,"measured_pass_at_k(n=2,k=8)",1.0
opencodeinstruct-83d0bcd278ce,ut_function,,en,excluded,excluded,TOO_EASY,PROMPT_FIX_ENTRY_POINT,0,0,0.5,"measured_pass_at_k(n=2,k=8)",1.0
opencodeinstruct-93bdded6810c,ut_function,,en,excluded,excluded,DUPLICATE,dup_of:opencodeinstruct-3cb98fee76cc;PROMPT_FIX_ENTRY_POINT,0,0,0.25,"measured_pass_at_k(n=2,k=8)",
opencodeinstruct-eb51ce48c04e,ut_function,,en,excluded,excluded,TOO_EASY,PROMPT_FIX_ENTRY_POINT,0,0,0.625,"measured_pass_at_k(n=2,k=16)",1.0
opencodeinstruct-41c67f54da97,ut_function,,en,excluded,excluded,TOO_EASY,PROMPT_FIX_ENTRY_POINT,0,0,0.25,"measured_pass_at_k(n=2,k=8)",1.0
opencodeinstruct-d9f534275d7e,ut_function,,en,excluded,excluded,TOO_HARD,PROMPT_FIX_ENTRY_POINT,0,0,0.25,"measured_pass_at_k(n=2,k=8)",0.0
opencodeinstruct-4762f7f8f1a2,ut_function,,en,excluded,excluded,TOO_EASY,PROMPT_FIX_ENTRY_POINT,0,0,0.75,"measured_pass_at_k(n=2,k=8)",1.0
opencodeinstruct-e56ee155233c,ut_function,,en,excluded,excluded,TOO_EASY,PROMPT_FIX_ENTRY_POINT,0,0,0.25,"measured_pass_at_k(n=2,k=8)",1.0
opencodeinstruct-8f0338faa5c1,ut_function,,en,excluded,excluded,TOO_EASY,PROMPT_FIX_ENTRY_POINT,0,0,0.5,"measured_pass_at_k(n=2,k=8)",1.0
opencodeinstruct-4d77cdff6e51,ut_function,,en,train,ok,,PROMPT_FIX_ENTRY_POINT,0,0,0.75,"measured_pass_at_k(n=2,k=8)",0.875
opencodeinstruct-1ee986e585cb,ut_function,,en,train,ok,,PROMPT_FIX_ENTRY_POINT,0,0,0.75,"measured_pass_at_k(n=2,k=8)",0.75
opencodeinstruct-1f69864a49b3,ut_function,,en,train,ok,,PROMPT_FIX_ENTRY_POINT,0,0,0.5,"measured_pass_at_k(n=2,k=8)",0.875
opencodeinstruct-d31b82787bce,ut_function,,en,test,ok,,PROMPT_FIX_ENTRY_POINT,0,0,0.25,"measured_pass_at_k(n=2,k=16)",
opencodeinstruct-be0a3ab24f2a,ut_function,,en,excluded,excluded,TOO_EASY,PROMPT_FIX_ENTRY_POINT,0,0,0.5,"measured_pass_at_k(n=2,k=8)",1.0
opencodeinstruct-8814783c14ee,ut_function,,en,validation,ok,,PROMPT_FIX_ENTRY_POINT,0,0,0.5,"measured_pass_at_k(n=2,k=8)",
kodcode-b1968c0d7487,ut_pytest,,en,excluded,excluded,TOO_EASY,PROMPT_FIX_ENTRY_POINT,0,0,0.5,"measured_pass_at_k(n=2,k=8)",1.0
kodcode-558374f5aa7f,ut_pytest,,en,train,ok,,PROMPT_FIX_ENTRY_POINT,0,0,0.25,"measured_pass_at_k(n=2,k=8)",0.5
kodcode-0ef5c4f99ef9,ut_pytest,,en,train,ok,,PROMPT_FIX_ENTRY_POINT,0,0,0.5,"measured_pass_at_k(n=2,k=8)",0.375
kodcode-c1a1b1cb8b45,ut_pytest,,en,train,ok,,PROMPT_FIX_ENTRY_POINT,0,0,0.5,"measured_pass_at_k(n=2,k=8)",0.25
kodcode-6256995148a9,ut_pytest,,en,test,ok,,PROMPT_FIX_ENTRY_POINT,0,0,0.5,"measured_pass_at_k(n=2,k=8)",
kodcode-72cbf1b9e60e,ut_pytest,,en,excluded,excluded,TOO_HARD,PROMPT_FIX_ENTRY_POINT,0,0,0.5,"measured_pass_at_k(n=2,k=8)",0.0
kodcode-48263abd4005,ut_pytest,,en,train,ok,,PROMPT_FIX_ENTRY_POINT,0,0,0.75,"measured_pass_at_k(n=2,k=8)",0.125
kodcode-e752be103cf3,ut_pytest,,en,excluded,excluded,TOO_EASY,PROMPT_FIX_ENTRY_POINT,0,0,0.5,"measured_pass_at_k(n=2,k=8)",1.0
opencodeinstruct-f6239e20a992,ut_function,,en,excluded,excluded,TOO_EASY,PROMPT_FIX_ENTRY_POINT,0,0,0.5,"measured_pass_at_k(n=2,k=8)",1.0
opencodeinstruct-17c7f9943cf3,ut_function,,en,train,ok,,PROMPT_FIX_ENTRY_POINT,0,0,0.5,"measured_pass_at_k(n=2,k=8)",0.375
kodcode-2b2e8213affa,ut_pytest,,en,excluded,excluded,TOO_HARD,PROMPT_FIX_ENTRY_POINT,0,0,0.25,"measured_pass_at_k(n=2,k=8)",0.0
kodcode-c0d140588072,ut_pytest,,en,excluded,excluded,TOO_EASY,PROMPT_FIX_ENTRY_POINT,0,0,0.75,"measured_pass_at_k(n=2,k=8)",1.0
kodcode-d457e8c83620,ut_pytest,,en,excluded,excluded,TOO_EASY,PROMPT_FIX_ENTRY_POINT,0,0,0.75,"measured_pass_at_k(n=2,k=8)",1.0
kodcode-93e077a40f4c,ut_pytest,,en,excluded,excluded,TOO_EASY,PROMPT_FIX_ENTRY_POINT,0,0,0.75,"measured_pass_at_k(n=2,k=8)",1.0
opencodeinstruct-f3eebe3833ff,ut_function,,en,train,ok,,PROMPT_FIX_ENTRY_POINT,0,0,0.75,"measured_pass_at_k(n=2,k=8)",0.125
kodcode-fe6f6f9839b8,ut_pytest,,en,train,ok,,PROMPT_FIX_ENTRY_POINT,0,0,0.25,"measured_pass_at_k(n=2,k=8)",0.875
kodcode-f8560bdf9906,ut_pytest,,en,excluded,excluded,TOO_HARD,PROMPT_FIX_ENTRY_POINT,0,0,0.5,"measured_pass_at_k(n=2,k=8)",0.0
kodcode-f70f209aada1,ut_pytest,,en,excluded,excluded,TOO_EASY,PROMPT_FIX_ENTRY_POINT,0,0,0.5,"measured_pass_at_k(n=2,k=8)",1.0
kodcode-a2c8383e002d,ut_pytest,,en,excluded,excluded,TOO_EASY,PROMPT_FIX_ENTRY_POINT,0,0,0.5,"measured_pass_at_k(n=2,k=8)",1.0
kodcode-b1107ee43e31,ut_pytest,,en,excluded,excluded,TOO_EASY,PROMPT_FIX_ENTRY_POINT,0,0,0.25,"measured_pass_at_k(n=2,k=8)",1.0
kodcode-3efb39876978,ut_pytest,,en,excluded,excluded,TOO_EASY,PROMPT_FIX_ENTRY_POINT,0,0,0.25,"measured_pass_at_k(n=2,k=16)",1.0
kodcode-d0dae2a5385e,ut_pytest,,en,train,ok,,PROMPT_FIX_ENTRY_POINT,0,0,0.25,"measured_pass_at_k(n=2,k=8)",0.5
kodcode-3b3781372a8c,ut_pytest,,en,validation,ok,,PROMPT_FIX_ENTRY_POINT,0,0,0.25,"measured_pass_at_k(n=2,k=8)",
kodcode-b8095f71c2b7,ut_pytest,,en,train,ok,,PROMPT_FIX_ENTRY_POINT,0,0,0.25,"measured_pass_at_k(n=2,k=16)",0.25
kodcode-309802324229,ut_pytest,,en,excluded,excluded,TOO_EASY,PROMPT_FIX_ENTRY_POINT,0,0,0.25,"measured_pass_at_k(n=2,k=8)",1.0
kodcode-3da3e4f3c56c,ut_pytest,,en,excluded,excluded,TOO_HARD,PROMPT_FIX_ENTRY_POINT,0,0,0.5,"measured_pass_at_k(n=2,k=8)",0.0
kodcode-b675e8a53b17,ut_pytest,,en,train,ok,,PROMPT_FIX_ENTRY_POINT,0,0,0.75,"measured_pass_at_k(n=2,k=8)",0.75
kodcode-09182afed7b1,ut_pytest,,en,excluded,excluded,TOO_EASY,PROMPT_FIX_ENTRY_POINT,0,0,0.5,"measured_pass_at_k(n=2,k=8)",1.0
kodcode-ced27aef94e7,ut_pytest,,en,train,ok,,PROMPT_FIX_ENTRY_POINT,0,0,0.25,"measured_pass_at_k(n=2,k=8)",0.875
opencodeinstruct-f82016c5cdff,ut_function,,en,excluded,excluded,TOO_EASY,PROMPT_FIX_ENTRY_POINT,0,0,0.5,"measured_pass_at_k(n=2,k=8)",1.0
kodcode-80c5348f40d0,ut_pytest,,en,excluded,excluded,TOO_EASY,PROMPT_FIX_ENTRY_POINT,0,0,0.5,"measured_pass_at_k(n=2,k=8)",1.0
kodcode-d26f398abc15,ut_pytest,,en,test,ok,,PROMPT_FIX_ENTRY_POINT,0,0,0.25,"measured_pass_at_k(n=2,k=8)",
kodcode-3095bfd4d010,ut_pytest,,en,excluded,excluded,TOO_EASY,PROMPT_FIX_ENTRY_POINT,0,0,0.75,"measured_pass_at_k(n=2,k=8)",1.0
kodcode-fe72c4ba1014,ut_pytest,,en,train,ok,,PROMPT_FIX_ENTRY_POINT,0,0,0.25,"measured_pass_at_k(n=2,k=8)",0.375
kodcode-c0000da80d07,ut_pytest,,en,excluded,excluded,TOO_EASY,PROMPT_FIX_ENTRY_POINT,0,0,0.75,"measured_pass_at_k(n=2,k=8)",1.0
kodcode-128b15ea33ab,ut_pytest,,en,test,ok,,PROMPT_FIX_ENTRY_POINT,0,0,0.25,"measured_pass_at_k(n=2,k=8)",
kodcode-41d8f8a4b74e,ut_pytest,,en,train,ok,,PROMPT_FIX_ENTRY_POINT,0,0,0.25,"measured_pass_at_k(n=2,k=8)",0.625
kodcode-c8f30b545bdf,ut_pytest,,en,train,ok,,PROMPT_FIX_ENTRY_POINT,0,0,0.25,"measured_pass_at_k(n=2,k=8)",0.375
opencodeinstruct-8f7ffc69374e,ut_function,,en,excluded,excluded,TOO_EASY,PROMPT_FIX_ENTRY_POINT,0,0,0.25,"measured_pass_at_k(n=2,k=8)",1.0
ko-native-d16446110f06,ut_function,,ko,train,ok,,PROMPT_FIX_ENTRY_POINT,0,0,0.5,"measured_pass_at_k(n=1,k=4)",0.375
rstar-7cb28e037d8d,ut_stdio,,en,test,ok,,no_reference_solution,0,0,0.25,"measured_pass_at_k(n=2,k=8)",
rstar-afcae05ea510,ut_stdio,,en,train,ok,,no_reference_solution,0,0,0.25,"measured_pass_at_k(n=2,k=8)",0.75
rstar-1e53ca335d37,ut_stdio,,en,train,ok,,no_reference_solution,0,0,0.5,"measured_pass_at_k(n=2,k=8)",0.25
rstar-ca8e6d9ff9de,ut_stdio,,en,train,ok,,no_reference_solution,0,0,0.25,"measured_pass_at_k(n=2,k=8)",0.5
rstar-5d25303212db,ut_stdio,,en,excluded,excluded,TOO_EASY,no_reference_solution,0,0,0.75,"measured_pass_at_k(n=2,k=8)",1.0
rstar-2c9b7b03c542,ut_stdio,,en,excluded,excluded,TOO_EASY,no_reference_solution,0,0,0.25,"measured_pass_at_k(n=2,k=8)",1.0
rstar-97b63df7042b,ut_stdio,,en,excluded,excluded,TOO_EASY,no_reference_solution,0,0,0.5,"measured_pass_at_k(n=2,k=8)",1.0
rstar-73fcf83afdb6,ut_stdio,,en,excluded,excluded,TOO_EASY,no_reference_solution,0,0,0.25,"measured_pass_at_k(n=2,k=8)",1.0
rstar-c0a2d6609580,ut_stdio,,en,excluded,excluded,TOO_EASY,no_reference_solution,0,0,0.25,"measured_pass_at_k(n=2,k=8)",1.0
rstar-55896de3f233,ut_stdio,,en,excluded,excluded,TOO_EASY,no_reference_solution,0,0,0.75,"measured_pass_at_k(n=2,k=8)",1.0
rstar-baed8e3a394d,ut_stdio,,en,excluded,excluded,TOO_EASY,no_reference_solution,0,0,0.75,"measured_pass_at_k(n=2,k=8)",1.0
rstar-4cf64c4b0dcf,ut_stdio,,en,excluded,excluded,TOO_EASY,no_reference_solution,0,0,0.25,"measured_pass_at_k(n=2,k=16)",1.0
rstar-3abc34a78d0c,ut_stdio,,en,excluded,excluded,TOO_EASY,no_reference_solution,0,0,0.25,"measured_pass_at_k(n=2,k=8)",1.0
rstar-b139003bed9c,ut_stdio,,en,excluded,excluded,TOO_EASY,no_reference_solution,0,0,0.5,"measured_pass_at_k(n=1,k=4)",1.0
rstar-dab33561dbc6,ut_stdio,,en,excluded,excluded,TOO_HARD,no_reference_solution,0,0,0.25,"measured_pass_at_k(n=2,k=8)",0.0
rstar-777051d46b99,ut_stdio,,en,train,ok,,no_reference_solution,0,0,0.75,"measured_pass_at_k(n=2,k=8)",0.25
rstar-685c68df2308,ut_stdio,,en,train,ok,,no_reference_solution,0,0,0.75,"measured_pass_at_k(n=2,k=8)",0.625
rstar-d78dccddbea3,ut_stdio,,en,excluded,excluded,TOO_EASY,no_reference_solution,0,0,0.25,"measured_pass_at_k(n=2,k=8)",1.0
rstar-cc90e2857f26,ut_stdio,,en,train,ok,,no_reference_solution,0,0,0.25,"measured_pass_at_k(n=2,k=8)",0.875
rstar-4535ceee8a97,ut_stdio,,en,train,ok,,no_reference_solution,0,0,0.5,"measured_pass_at_k(n=2,k=8)",0.5
rstar-6db7f4311457,ut_stdio,,en,validation,ok,,no_reference_solution,0,0,0.375,"measured_pass_at_k(n=2,k=16)",
rstar-409698b04c2c,ut_stdio,,en,excluded,excluded,TOO_EASY,no_reference_solution,0,0,0.75,"measured_pass_at_k(n=2,k=8)",1.0
rstar-c2c1f810ed54,ut_stdio,,en,train,ok,,no_reference_solution,0,0,0.25,"measured_pass_at_k(n=2,k=8)",0.375
rstar-27c9205c121a,ut_stdio,,en,train,ok,,no_reference_solution,0,0,0.25,"measured_pass_at_k(n=2,k=8)",0.75
rstar-5b47323932fa,ut_stdio,,en,validation,ok,,no_reference_solution,0,0,0.25,"measured_pass_at_k(n=2,k=16)",
rstar-1e60a49890da,ut_stdio,,en,train,ok,,no_reference_solution,0,0,0.5,"measured_pass_at_k(n=2,k=8)",0.875
rstar-10d7248cd5f4,ut_stdio,,en,excluded,excluded,TOO_EASY,no_reference_solution,0,0,0.25,"measured_pass_at_k(n=2,k=8)",1.0
rstar-148344bcb21d,ut_stdio,,en,excluded,excluded,TOO_EASY,no_reference_solution,0,0,0.5,"measured_pass_at_k(n=2,k=8)",1.0
opencodeinstruct-020729888847,ut_function,,en,excluded,excluded,TOO_EASY,PROMPT_FIX_ENTRY_POINT,0,0,0.25,"measured_pass_at_k(n=2,k=16)",1.0
opencodeinstruct-8d2c9bd69324,ut_function,,en,validation,ok,,PROMPT_FIX_ENTRY_POINT,0,0,0.5,"measured_pass_at_k(n=2,k=8)",
opencodeinstruct-e2fc585a1471,ut_function,,en,excluded,excluded,TOO_EASY,PROMPT_FIX_ENTRY_POINT,0,0,0.5,"measured_pass_at_k(n=2,k=8)",1.0
opencodeinstruct-82d5d7944ffa,ut_function,,en,train,ok,,PROMPT_FIX_ENTRY_POINT,0,0,0.5,"measured_pass_at_k(n=2,k=8)",0.125
opencodeinstruct-001814129441,ut_function,,en,excluded,excluded,TOO_EASY,PROMPT_FIX_ENTRY_POINT,0,0,0.5,"measured_pass_at_k(n=2,k=8)",1.0
opencodeinstruct-749039df70de,ut_function,,en,train,ok,,PROMPT_FIX_ENTRY_POINT,0,0,0.5,"measured_pass_at_k(n=2,k=8)",0.875
opencodeinstruct-32a7193b1b4d,ut_function,,en,excluded,excluded,TOO_EASY,PROMPT_FIX_ENTRY_POINT,0,0,0.5,"measured_pass_at_k(n=2,k=16)",1.0
opencodeinstruct-bdcdc8ffe345,ut_function,,en,test,ok,,PROMPT_FIX_ENTRY_POINT,0,0,0.5,"measured_pass_at_k(n=2,k=8)",
opencodeinstruct-0d52264ff181,ut_function,,en,excluded,excluded,TOO_EASY,PROMPT_FIX_ENTRY_POINT,0,0,0.5,"measured_pass_at_k(n=2,k=8)",1.0
opencodeinstruct-1aff855de958,ut_function,,en,validation,ok,,PROMPT_FIX_ENTRY_POINT,0,0,0.5,"measured_pass_at_k(n=2,k=8)",
opencodeinstruct-758c0b29bcb7,ut_function,,en,test,ok,,PROMPT_FIX_ENTRY_POINT,0,0,0.25,"measured_pass_at_k(n=2,k=8)",
opencodeinstruct-0b11c6400f6f,ut_function,,en,excluded,excluded,TOO_EASY,PROMPT_FIX_ENTRY_POINT,0,0,0.25,"measured_pass_at_k(n=2,k=8)",1.0
opencodeinstruct-635ff0974aec,ut_function,,en,excluded,excluded,TOO_EASY,PROMPT_FIX_ENTRY_POINT,0,0,0.25,"measured_pass_at_k(n=2,k=16)",1.0
opencodeinstruct-43ed6a1825d2,ut_function,,en,excluded,excluded,TOO_EASY,PROMPT_FIX_ENTRY_POINT,0,0,0.5,"measured_pass_at_k(n=2,k=8)",1.0
opencodeinstruct-e5a9f41c5b64,ut_function,,en,excluded,excluded,TOO_EASY,PROMPT_FIX_ENTRY_POINT,0,0,0.25,"measured_pass_at_k(n=2,k=8)",1.0
opencodeinstruct-d223602c8be9,ut_function,,en,excluded,excluded,TOO_EASY,PROMPT_FIX_ENTRY_POINT,0,0,0.5,"measured_pass_at_k(n=2,k=8)",1.0
opencodeinstruct-76399eec772a,ut_function,,en,train,ok,,PROMPT_FIX_ENTRY_POINT,0,0,0.75,"measured_pass_at_k(n=2,k=8)",0.875
opencodeinstruct-da43db7aa615,ut_function,,en,excluded,excluded,TOO_HARD,PROMPT_FIX_ENTRY_POINT,0,0,0.375,"measured_pass_at_k(n=2,k=16)",0.0
opencodeinstruct-cbb983960522,ut_function,,en,excluded,excluded,TOO_EASY,PROMPT_FIX_ENTRY_POINT,0,0,0.25,"measured_pass_at_k(n=2,k=8)",1.0
opencodeinstruct-efd9998e5627,ut_function,,en,validation,ok,,PROMPT_FIX_ENTRY_POINT,0,0,0.25,"measured_pass_at_k(n=2,k=8)",
opencodeinstruct-d813b0a0299f,ut_function,,en,excluded,excluded,TOO_EASY,PROMPT_FIX_ENTRY_POINT,0,0,0.25,"measured_pass_at_k(n=2,k=8)",1.0
opencodeinstruct-6bd6ce2174c8,ut_function,,en,excluded,excluded,TOO_HARD,PROMPT_FIX_ENTRY_POINT,0,0,0.25,"measured_pass_at_k(n=2,k=8)",0.0
opencodeinstruct-8b3d262aa8d1,ut_function,,en,test,ok,,PROMPT_FIX_ENTRY_POINT,0,0,0.5,"measured_pass_at_k(n=2,k=8)",
opencodeinstruct-4cf26ca58b8c,ut_function,,en,excluded,excluded,TOO_EASY,PROMPT_FIX_ENTRY_POINT,0,0,0.25,"measured_pass_at_k(n=2,k=8)",1.0
opencodeinstruct-f79a13627bb0,ut_function,,en,excluded,excluded,TOO_EASY,PROMPT_FIX_ENTRY_POINT,0,0,0.75,"measured_pass_at_k(n=2,k=8)",1.0
opencodeinstruct-e6d92f228baa,ut_function,,en,excluded,excluded,TOO_EASY,PROMPT_FIX_ENTRY_POINT,0,0,0.5,"measured_pass_at_k(n=2,k=8)",1.0
opencodeinstruct-6f40d81e9837,ut_function,,en,train,ok,,PROMPT_FIX_ENTRY_POINT,0,0,0.25,"measured_pass_at_k(n=2,k=8)",0.5
opencodeinstruct-866ab69149a6,ut_function,,en,excluded,excluded,TOO_EASY,PROMPT_FIX_ENTRY_POINT,0,0,0.25,"measured_pass_at_k(n=2,k=8)",1.0
opencodeinstruct-cc25f640d0e8,ut_function,,en,excluded,excluded,TOO_EASY,PROMPT_FIX_ENTRY_POINT,0,0,0.5,"measured_pass_at_k(n=2,k=8)",1.0
opencodeinstruct-f674e0fad707,ut_function,,en,train,ok,,PROMPT_FIX_ENTRY_POINT,0,0,0.25,"measured_pass_at_k(n=2,k=8)",0.25
opencodeinstruct-72fc077d41ab,ut_function,,en,excluded,excluded,TOO_EASY,PROMPT_FIX_ENTRY_POINT,0,0,0.25,"measured_pass_at_k(n=2,k=8)",1.0
opencodeinstruct-a4edeb97990d,ut_function,,en,excluded,excluded,TOO_EASY,PROMPT_FIX_ENTRY_POINT,0,0,0.5,"measured_pass_at_k(n=2,k=8)",1.0
opencodeinstruct-5ec36b8408b5,ut_function,,en,excluded,excluded,TOO_EASY,PROMPT_FIX_ENTRY_POINT,0,0,0.75,"measured_pass_at_k(n=2,k=8)",1.0
opencodeinstruct-bba8328d7de2,ut_function,,en,excluded,excluded,TOO_EASY,PROMPT_FIX_ENTRY_POINT,0,0,0.75,"measured_pass_at_k(n=2,k=8)",1.0
kodcode-05b054047a50,ut_pytest,,en,excluded,excluded,TOO_HARD,PROMPT_FIX_ENTRY_POINT,0,0,0.25,"measured_pass_at_k(n=2,k=8)",0.0
kodcode-38e67f0c30c0,ut_pytest,,en,excluded,excluded,TOO_EASY,PROMPT_FIX_ENTRY_POINT,0,0,0.5,"measured_pass_at_k(n=2,k=8)",1.0
kodcode-724ffce202a6,ut_pytest,,en,train,ok,,PROMPT_FIX_ENTRY_POINT,0,0,0.5,"measured_pass_at_k(n=2,k=8)",0.875
kodcode-db73e0fd0fcd,ut_pytest,,en,test,ok,,PROMPT_FIX_ENTRY_POINT,0,0,0.25,"measured_pass_at_k(n=2,k=8)",
kodcode-2ef1ada88786,ut_pytest,,en,excluded,excluded,TOO_HARD,PROMPT_FIX_ENTRY_POINT,0,0,0.5,"measured_pass_at_k(n=2,k=8)",0.0
kodcode-e194651134d4,ut_pytest,,en,excluded,excluded,TOO_EASY,PROMPT_FIX_ENTRY_POINT,0,0,0.75,"measured_pass_at_k(n=2,k=8)",1.0
kodcode-02c531fc4286,ut_pytest,,en,excluded,excluded,TOO_HARD,PROMPT_FIX_ENTRY_POINT,0,0,0.25,"measured_pass_at_k(n=2,k=8)",0.0
kodcode-4005017e98dc,ut_pytest,,en,excluded,excluded,TOO_HARD,PROMPT_FIX_ENTRY_POINT,0,0,0.75,"measured_pass_at_k(n=2,k=8)",0.0
kodcode-4fde7788abf7,ut_pytest,,en,test,ok,,PROMPT_FIX_ENTRY_POINT,0,0,0.5,"measured_pass_at_k(n=2,k=8)",
opencodeinstruct-281f2e39c3f5,ut_function,,en,excluded,excluded,TOO_EASY,PROMPT_FIX_ENTRY_POINT,0,0,0.5,"measured_pass_at_k(n=2,k=8)",1.0
kodcode-f7c775a68be8,ut_pytest,,en,excluded,excluded,TOO_EASY,PROMPT_FIX_ENTRY_POINT,0,0,0.5,"measured_pass_at_k(n=2,k=8)",1.0
kodcode-03504de4dca3,ut_pytest,,en,excluded,excluded,TOO_EASY,PROMPT_FIX_ENTRY_POINT,0,0,0.25,"measured_pass_at_k(n=2,k=16)",1.0
kodcode-94de9d731de8,ut_pytest,,en,test,ok,,PROMPT_FIX_ENTRY_POINT,0,0,0.25,"measured_pass_at_k(n=2,k=8)",
kodcode-d71b28045da6,ut_pytest,,en,excluded,excluded,TOO_EASY,PROMPT_FIX_ENTRY_POINT,0,0,0.75,"measured_pass_at_k(n=2,k=8)",1.0
kodcode-1105fac4588c,ut_pytest,,en,test,ok,,PROMPT_FIX_ENTRY_POINT,0,0,0.25,"measured_pass_at_k(n=2,k=8)",
kodcode-1f4780412e43,ut_pytest,,en,train,ok,,PROMPT_FIX_ENTRY_POINT,0,0,0.75,"measured_pass_at_k(n=2,k=8)",0.875
kodcode-481e1ee6e820,ut_pytest,,en,train,ok,,PROMPT_FIX_ENTRY_POINT,0,0,0.25,"measured_pass_at_k(n=2,k=16)",0.75
kodcode-6a90855a67af,ut_pytest,,en,train,ok,,PROMPT_FIX_ENTRY_POINT,0,0,0.5,"measured_pass_at_k(n=2,k=8)",0.875
kodcode-6f36ae7bc477,ut_pytest,,en,excluded,excluded,TOO_EASY,PROMPT_FIX_ENTRY_POINT,0,0,0.25,"measured_pass_at_k(n=2,k=8)",1.0
opencodeinstruct-ae2aa45cc88d,ut_function,,en,excluded,excluded,TOO_HARD,PROMPT_FIX_ENTRY_POINT,0,0,0.5,"measured_pass_at_k(n=2,k=8)",0.0
kodcode-cfdf2e5748fc,ut_pytest,,en,train,ok,,PROMPT_FIX_ENTRY_POINT,0,0,0.75,"measured_pass_at_k(n=2,k=8)",0.625
kodcode-ab6c50b9f92d,ut_pytest,,en,excluded,excluded,TOO_EASY,PROMPT_FIX_ENTRY_POINT,0,0,0.75,"measured_pass_at_k(n=2,k=8)",1.0
kodcode-b9995ae7a2c6,ut_pytest,,en,train,ok,,PROMPT_FIX_ENTRY_POINT,0,0,0.25,"measured_pass_at_k(n=2,k=8)",0.375
kodcode-9a67fefa5c8e,ut_pytest,,en,excluded,excluded,TOO_EASY,PROMPT_FIX_ENTRY_POINT,0,0,0.5,"measured_pass_at_k(n=2,k=8)",1.0
kodcode-148106267907,ut_pytest,,en,test,ok,,PROMPT_FIX_ENTRY_POINT,0,0,0.25,"measured_pass_at_k(n=2,k=16)",
kodcode-d69a08556f7a,ut_pytest,,en,excluded,excluded,TOO_EASY,PROMPT_FIX_ENTRY_POINT,0,0,0.25,"measured_pass_at_k(n=2,k=8)",1.0
kodcode-230dc5b28ca7,ut_pytest,,en,train,ok,,PROMPT_FIX_ENTRY_POINT,0,0,0.25,"measured_pass_at_k(n=2,k=8)",0.875
ko-native-aa240f0aab11,ut_function,,ko,test,ok,,PROMPT_FIX_ENTRY_POINT,0,0,0.25,"measured_pass_at_k(n=1,k=4)",
ko-native-fee9c5885920,ut_function,,ko,excluded,excluded,TOO_EASY,PROMPT_FIX_ENTRY_POINT,0,0,0.75,"measured_pass_at_k(n=1,k=4)",1.0
ko-native-ea6c962fb3f7,ut_function,,ko,excluded,excluded,TOO_EASY,PROMPT_FIX_ENTRY_POINT,0,0,0.25,"measured_pass_at_k(n=1,k=4)",1.0
ko-native-72521eb91193,ut_function,,ko,train,ok,,PROMPT_FIX_ENTRY_POINT,0,0,0.25,"measured_pass_at_k(n=1,k=4)",0.875
rstar-f6826d48c278,ut_stdio,,en,excluded,excluded,TOO_EASY,no_reference_solution,0,0,0.75,"measured_pass_at_k(n=2,k=8)",1.0
rstar-452853a8eec0,ut_stdio,,en,train,ok,,no_reference_solution,0,0,0.75,"measured_pass_at_k(n=2,k=8)",0.875
rstar-141f0bf84e95,ut_stdio,,en,train,ok,,no_reference_solution,0,0,0.5,"measured_pass_at_k(n=2,k=8)",0.375
rstar-907300bd8b44,ut_stdio,,en,train,ok,,no_reference_solution,0,0,0.5,"measured_pass_at_k(n=2,k=8)",0.875
rstar-419fe6d73c7d,ut_stdio,,en,train,ok,,no_reference_solution,0,0,0.25,"measured_pass_at_k(n=2,k=8)",0.875
rstar-62cda80b2a90,ut_stdio,,en,excluded,excluded,TOO_EASY,no_reference_solution,0,0,0.25,"measured_pass_at_k(n=2,k=8)",1.0
rstar-416e8a735801,ut_stdio,,en,excluded,excluded,TOO_EASY,no_reference_solution,0,0,0.5,"measured_pass_at_k(n=2,k=8)",1.0
rstar-5e4655a2cd60,ut_stdio,,en,excluded,excluded,TOO_EASY,no_reference_solution,0,0,0.375,"measured_pass_at_k(n=2,k=16)",1.0
rstar-6ccc70cc16a4,ut_stdio,,en,train,ok,,no_reference_solution,0,0,0.25,"measured_pass_at_k(n=2,k=16)",0.25
rstar-18a45ffc5762,ut_stdio,,en,test,ok,,no_reference_solution,0,0,0.25,"measured_pass_at_k(n=2,k=8)",
rstar-2e769c8ddac0,ut_stdio,,en,excluded,excluded,TOO_HARD,no_reference_solution,0,0,0.25,"measured_pass_at_k(n=2,k=16)",0.0
rstar-c10c30af8b32,ut_stdio,,en,train,ok,,no_reference_solution,0,0,0.25,"measured_pass_at_k(n=2,k=8)",0.875
rstar-36de9fc45cc5,ut_stdio,,en,train,ok,,no_reference_solution,0,0,0.5,"measured_pass_at_k(n=2,k=8)",0.25
rstar-977cc4ab0486,ut_stdio,,en,train,ok,,no_reference_solution,0,0,0.5,"measured_pass_at_k(n=2,k=8)",0.625
rstar-9a1826641365,ut_stdio,,en,excluded,excluded,TOO_EASY,no_reference_solution,0,0,0.75,"measured_pass_at_k(n=2,k=8)",1.0
rstar-8607bd15b074,ut_stdio,,en,train,ok,,no_reference_solution,0,0,0.75,"measured_pass_at_k(n=2,k=8)",0.125
rstar-718b351ba355,ut_stdio,,en,excluded,excluded,TOO_HARD,no_reference_solution,0,0,0.5,"measured_pass_at_k(n=2,k=8)",0.0
rstar-eb9be1570998,ut_stdio,,en,excluded,excluded,TOO_EASY,no_reference_solution,0,0,0.5,"measured_pass_at_k(n=2,k=8)",1.0
rstar-b9853f0d7147,ut_stdio,,en,train,ok,,no_reference_solution;HARD_BUT_PARTIAL_SIGNAL,0,0,0.5,"measured_pass_at_k(n=2,k=8)",0.0
rstar-441e82a75e09,ut_stdio,,en,excluded,excluded,TOO_EASY,no_reference_solution,0,0,0.5,"measured_pass_at_k(n=2,k=16)",1.0
rstar-97010eeb19ff,ut_stdio,,en,train,ok,,no_reference_solution,0,0,0.25,"measured_pass_at_k(n=2,k=8)",0.875
rstar-3518a72be333,ut_stdio,,en,train,ok,,no_reference_solution,0,0,0.25,"measured_pass_at_k(n=2,k=16)",0.5
rstar-0563ab1c24ce,ut_stdio,,en,train,ok,,no_reference_solution,0,0,0.5,"measured_pass_at_k(n=2,k=8)",0.5
rstar-aa597ccfdd2c,ut_stdio,,en,train,ok,,no_reference_solution,0,0,0.75,"measured_pass_at_k(n=2,k=8)",0.625
rstar-8448c150582d,ut_stdio,,en,excluded,excluded,TOO_HARD,no_reference_solution,0,0,0.75,"measured_pass_at_k(n=2,k=16)",0.0
rstar-542f7774a96d,ut_stdio,,en,train,ok,,no_reference_solution,0,0,0.5,"measured_pass_at_k(n=2,k=8)",0.875
rstar-8cb3378d0bdd,ut_stdio,,en,excluded,excluded,TOO_HARD,no_reference_solution,0,0,0.5,"measured_pass_at_k(n=2,k=8)",0.0
rstar-3c21db61c0dc,ut_stdio,,en,train,ok,,no_reference_solution,0,0,0.25,"measured_pass_at_k(n=2,k=8)",0.625
rstar-2f101c578ede,ut_stdio,,en,validation,ok,,no_reference_solution,0,0,0.375,"measured_pass_at_k(n=2,k=16)",
rstar-c8fa27786b36,ut_stdio,,en,excluded,excluded,TOO_HARD,no_reference_solution,0,0,0.5,"measured_pass_at_k(n=2,k=8)",0.0
rstar-03ee39a5110d,ut_stdio,,en,excluded,excluded,TOO_EASY,no_reference_solution,0,0,0.75,"measured_pass_at_k(n=2,k=8)",1.0
rstar-2e74b8be267b,ut_stdio,,en,train,ok,,no_reference_solution,0,0,0.5,"measured_pass_at_k(n=2,k=8)",0.75
opencodeinstruct-a5d783a0795d,ut_function,,en,excluded,excluded,TOO_EASY,PROMPT_FIX_ENTRY_POINT,0,0,0.5,"measured_pass_at_k(n=2,k=8)",1.0
opencodeinstruct-64d16d361140,ut_function,,en,excluded,excluded,TOO_EASY,PROMPT_FIX_ENTRY_POINT,0,0,0.25,"measured_pass_at_k(n=2,k=8)",1.0
opencodeinstruct-51f27d257c92,ut_function,,en,validation,ok,,PROMPT_FIX_ENTRY_POINT,0,0,0.25,"measured_pass_at_k(n=2,k=8)",
opencodeinstruct-e67de186b94e,ut_function,,en,test,ok,,PROMPT_FIX_ENTRY_POINT,0,0,0.75,"measured_pass_at_k(n=2,k=8)",
opencodeinstruct-758d47a0b697,ut_function,,en,excluded,excluded,TOO_EASY,PROMPT_FIX_ENTRY_POINT,0,0,0.25,"measured_pass_at_k(n=2,k=8)",1.0
opencodeinstruct-19c1ddb14806,ut_function,,en,excluded,excluded,TOO_EASY,PROMPT_FIX_ENTRY_POINT,0,0,0.5,"measured_pass_at_k(n=2,k=8)",1.0
opencodeinstruct-05a77ca5139b,ut_function,,en,train,ok,,PROMPT_FIX_ENTRY_POINT,0,0,0.25,"measured_pass_at_k(n=2,k=8)",0.25
opencodeinstruct-f13bca602f36,ut_function,,en,validation,ok,,PROMPT_FIX_ENTRY_POINT,0,0,0.75,"measured_pass_at_k(n=2,k=8)",
opencodeinstruct-65493ae488a5,ut_function,,en,excluded,excluded,TOO_HARD,PROMPT_FIX_ENTRY_POINT,0,0,0.25,"measured_pass_at_k(n=2,k=8)",0.0
opencodeinstruct-9abc4c6d92c7,ut_function,,en,excluded,excluded,TOO_EASY,PROMPT_FIX_ENTRY_POINT,0,0,0.25,"measured_pass_at_k(n=2,k=8)",1.0
opencodeinstruct-ae6da37984e5,ut_function,,en,excluded,excluded,TOO_HARD,PROMPT_FIX_ENTRY_POINT,0,0,0.25,"measured_pass_at_k(n=2,k=8)",0.0
opencodeinstruct-6f98b1b286c4,ut_function,,en,excluded,excluded,TOO_EASY,PROMPT_FIX_ENTRY_POINT,0,0,0.75,"measured_pass_at_k(n=2,k=8)",1.0
opencodeinstruct-a94eced72f47,ut_function,,en,validation,ok,,PROMPT_FIX_ENTRY_POINT,0,0,0.5,"measured_pass_at_k(n=2,k=8)",
opencodeinstruct-2d2b1f96d32a,ut_function,,en,excluded,excluded,TOO_HARD,PROMPT_FIX_ENTRY_POINT,0,0,0.375,"measured_pass_at_k(n=2,k=16)",0.0
opencodeinstruct-58d8f9668aa4,ut_function,,en,excluded,excluded,TOO_EASY,PROMPT_FIX_ENTRY_POINT,0,0,0.5,"measured_pass_at_k(n=2,k=8)",1.0
opencodeinstruct-84b802d367c0,ut_function,,en,excluded,excluded,TOO_EASY,PROMPT_FIX_ENTRY_POINT,0,0,0.75,"measured_pass_at_k(n=2,k=8)",1.0
opencodeinstruct-e968e270567a,ut_function,,en,excluded,excluded,TOO_HARD,PROMPT_FIX_ENTRY_POINT,0,0,0.5,"measured_pass_at_k(n=2,k=8)",0.0
opencodeinstruct-c347c569d2f5,ut_function,,en,train,ok,,PROMPT_FIX_ENTRY_POINT,0,0,0.25,"measured_pass_at_k(n=2,k=8)",0.625
opencodeinstruct-77a7e3038cd1,ut_function,,en,excluded,excluded,TOO_EASY,PROMPT_FIX_ENTRY_POINT,0,0,0.5,"measured_pass_at_k(n=2,k=8)",1.0
opencodeinstruct-0f173e8e97a8,ut_function,,en,excluded,excluded,TOO_EASY,PROMPT_FIX_ENTRY_POINT,0,0,0.25,"measured_pass_at_k(n=2,k=8)",1.0
opencodeinstruct-a86cf27f66d9,ut_function,,en,validation,ok,,PROMPT_FIX_ENTRY_POINT,0,0,0.5,"measured_pass_at_k(n=2,k=8)",
opencodeinstruct-d775c447a447,ut_function,,en,test,ok,,PROMPT_FIX_ENTRY_POINT,0,0,0.625,"measured_pass_at_k(n=2,k=16)",
opencodeinstruct-6e2e23d71005,ut_function,,en,excluded,excluded,TOO_EASY,PROMPT_FIX_ENTRY_POINT,0,0,0.5,"measured_pass_at_k(n=2,k=8)",1.0
opencodeinstruct-bfa4e21e35a7,ut_function,,en,test,ok,,PROMPT_FIX_ENTRY_POINT,0,0,0.625,"measured_pass_at_k(n=2,k=16)",
opencodeinstruct-6f6b869168fd,ut_function,,en,excluded,excluded,TOO_EASY,PROMPT_FIX_ENTRY_POINT,0,0,0.5,"measured_pass_at_k(n=2,k=8)",1.0
opencodeinstruct-29e8456303cd,ut_function,,en,test,ok,,PROMPT_FIX_ENTRY_POINT,0,0,0.75,"measured_pass_at_k(n=2,k=16)",
opencodeinstruct-6b9d442c8886,ut_function,,en,excluded,excluded,TOO_EASY,PROMPT_FIX_ENTRY_POINT,0,0,0.25,"measured_pass_at_k(n=2,k=8)",1.0
opencodeinstruct-7f0b2de7ab7b,ut_function,,en,excluded,excluded,TOO_EASY,PROMPT_FIX_ENTRY_POINT,0,0,0.25,"measured_pass_at_k(n=2,k=8)",1.0
opencodeinstruct-367503d85dc9,ut_function,,en,excluded,excluded,TOO_EASY,PROMPT_FIX_ENTRY_POINT,0,0,0.5,"measured_pass_at_k(n=2,k=8)",1.0
opencodeinstruct-c0cf5d4829ce,ut_function,,en,excluded,excluded,TOO_EASY,PROMPT_FIX_ENTRY_POINT,0,0,0.25,"measured_pass_at_k(n=2,k=8)",1.0
opencodeinstruct-68a51032400f,ut_function,,en,excluded,excluded,TOO_EASY,PROMPT_FIX_ENTRY_POINT,0,0,0.5,"measured_pass_at_k(n=1,k=4)",1.0
opencodeinstruct-f2a77e3fcedd,ut_function,,en,excluded,excluded,TOO_EASY,PROMPT_FIX_ENTRY_POINT,0,0,0.375,"measured_pass_at_k(n=2,k=16)",1.0
opencodeinstruct-a204e7e3e87d,ut_function,,en,train,ok,,PROMPT_FIX_ENTRY_POINT,0,0,0.25,"measured_pass_at_k(n=2,k=16)",0.75
opencodeinstruct-9cc5eacf276f,ut_function,,en,excluded,excluded,TOO_EASY,PROMPT_FIX_ENTRY_POINT,0,0,0.25,"measured_pass_at_k(n=2,k=8)",1.0
kodcode-a45266f6f5d3,ut_pytest,,en,excluded,excluded,TOO_EASY,PROMPT_FIX_ENTRY_POINT,0,0,0.5,"measured_pass_at_k(n=2,k=8)",1.0
kodcode-26f80b25a330,ut_pytest,,en,excluded,excluded,TOO_EASY,PROMPT_FIX_ENTRY_POINT,0,0,0.5,"measured_pass_at_k(n=2,k=8)",1.0
kodcode-972c2ffaa656,ut_pytest,,en,validation,ok,,PROMPT_FIX_ENTRY_POINT,0,0,0.5,"measured_pass_at_k(n=2,k=8)",
kodcode-4ade822aeddb,ut_pytest,,en,excluded,excluded,TOO_EASY,PROMPT_FIX_ENTRY_POINT,0,0,0.5,"measured_pass_at_k(n=2,k=8)",1.0
kodcode-0cb038eb6f9a,ut_pytest,,en,excluded,excluded,TOO_EASY,PROMPT_FIX_ENTRY_POINT,0,0,0.25,"measured_pass_at_k(n=2,k=8)",1.0
kodcode-a6433542211b,ut_pytest,,en,excluded,excluded,TOO_EASY,PROMPT_FIX_ENTRY_POINT,0,0,0.25,"measured_pass_at_k(n=2,k=8)",1.0
kodcode-f433f1a392c9,ut_pytest,,en,excluded,excluded,TOO_HARD,PROMPT_FIX_ENTRY_POINT,0,0,0.25,"measured_pass_at_k(n=2,k=16)",0.0
kodcode-24132e1e2228,ut_pytest,,en,train,ok,,PROMPT_FIX_ENTRY_POINT,0,0,0.5,"measured_pass_at_k(n=2,k=8)",0.125
kodcode-99a3c343decc,ut_pytest,,en,excluded,excluded,TOO_HARD,PROMPT_FIX_ENTRY_POINT,0,0,0.5,"measured_pass_at_k(n=2,k=8)",0.0
kodcode-a340b96c4e3a,ut_pytest,,en,train,ok,,PROMPT_FIX_ENTRY_POINT,0,0,0.5,"measured_pass_at_k(n=2,k=8)",0.125
kodcode-3cd9e52d9138,ut_pytest,,en,excluded,excluded,TOO_HARD,PROMPT_FIX_ENTRY_POINT,0,0,0.5,"measured_pass_at_k(n=2,k=8)",0.0
kodcode-36e63602eb42,ut_pytest,,en,train,ok,,PROMPT_FIX_ENTRY_POINT,0,0,0.5,"measured_pass_at_k(n=2,k=8)",0.375
kodcode-7a491ade718a,ut_pytest,,en,excluded,excluded,TOO_EASY,PROMPT_FIX_ENTRY_POINT,0,0,0.75,"measured_pass_at_k(n=2,k=16)",1.0
kodcode-09ac39532164,ut_pytest,,en,train,ok,,PROMPT_FIX_ENTRY_POINT,0,0,0.5,"measured_pass_at_k(n=2,k=8)",0.375
kodcode-c7f5fef2158d,ut_pytest,,en,excluded,excluded,TOO_EASY,PROMPT_FIX_ENTRY_POINT,0,0,0.5,"measured_pass_at_k(n=2,k=8)",1.0
kodcode-a4fce10341b5,ut_pytest,,en,train,ok,,PROMPT_FIX_ENTRY_POINT,0,0,0.25,"measured_pass_at_k(n=2,k=8)",0.125
kodcode-1b2189072981,ut_pytest,,en,validation,ok,,PROMPT_FIX_ENTRY_POINT,0,0,0.5,"measured_pass_at_k(n=2,k=8)",
kodcode-7bc228ffd97f,ut_pytest,,en,train,ok,,PROMPT_FIX_ENTRY_POINT,0,0,0.5,"measured_pass_at_k(n=2,k=8)",0.75
kodcode-27b22f2ff154,ut_pytest,,en,train,ok,,PROMPT_FIX_ENTRY_POINT,0,0,0.25,"measured_pass_at_k(n=2,k=8)",0.25
kodcode-99d5c68ea54d,ut_pytest,,en,excluded,excluded,TOO_EASY,PROMPT_FIX_ENTRY_POINT,0,0,0.25,"measured_pass_at_k(n=2,k=8)",1.0
kodcode-4ba3d8accda4,ut_pytest,,en,excluded,excluded,TOO_HARD,PROMPT_FIX_ENTRY_POINT,0,0,0.5,"measured_pass_at_k(n=2,k=8)",0.0
kodcode-7b053a7c02d6,ut_pytest,,en,train,ok,,PROMPT_FIX_ENTRY_POINT,0,0,0.5,"measured_pass_at_k(n=2,k=16)",0.75
opencodeinstruct-d341485becec,ut_function,,en,excluded,excluded,TOO_EASY,PROMPT_FIX_ENTRY_POINT,0,0,0.75,"measured_pass_at_k(n=2,k=8)",1.0
kodcode-352bf416da14,ut_pytest,,en,excluded,excluded,TOO_EASY,PROMPT_FIX_ENTRY_POINT,0,0,0.5,"measured_pass_at_k(n=2,k=8)",1.0
kodcode-cf1ef7359d0b,ut_pytest,,en,validation,ok,,PROMPT_FIX_ENTRY_POINT,0,0,0.5,"measured_pass_at_k(n=2,k=8)",
kodcode-9bc5ee40c811,ut_pytest,,en,excluded,excluded,TOO_EASY,PROMPT_FIX_ENTRY_POINT,0,0,0.75,"measured_pass_at_k(n=2,k=8)",1.0
kodcode-7f41c2a75d90,ut_pytest,,en,train,ok,,PROMPT_FIX_ENTRY_POINT,0,0,0.375,"measured_pass_at_k(n=2,k=16)",0.75
kodcode-e481caa564f6,ut_pytest,,en,train,ok,,PROMPT_FIX_ENTRY_POINT,0,0,0.5,"measured_pass_at_k(n=2,k=8)",0.5
kodcode-646299f4ad61,ut_pytest,,en,excluded,excluded,TOO_HARD,PROMPT_FIX_ENTRY_POINT,0,0,0.5,"measured_pass_at_k(n=2,k=8)",0.0
kodcode-75541597618c,ut_pytest,,en,excluded,excluded,TOO_EASY,PROMPT_FIX_ENTRY_POINT,0,0,0.25,"measured_pass_at_k(n=2,k=8)",1.0
kodcode-b760df3b8f32,ut_pytest,,en,excluded,excluded,TOO_EASY,PROMPT_FIX_ENTRY_POINT,0,0,0.25,"measured_pass_at_k(n=2,k=8)",1.0
kodcode-8ef2cff8c589,ut_pytest,,en,test,ok,,PROMPT_FIX_ENTRY_POINT,0,0,0.25,"measured_pass_at_k(n=2,k=8)",
opencodeinstruct-4dc8f9461efa,ut_function,,en,excluded,excluded,TOO_EASY,PROMPT_FIX_ENTRY_POINT,0,0,0.75,"measured_pass_at_k(n=2,k=8)",1.0
opencodeinstruct-01c656387919,ut_function,,en,excluded,excluded,TOO_HARD,PROMPT_FIX_ENTRY_POINT,0,0,0.5,"measured_pass_at_k(n=2,k=8)",0.0
ko-native-e6ecdbaaf248,ut_function,,ko,excluded,excluded,TOO_HARD,PROMPT_FIX_ENTRY_POINT,0,0,0.25,"measured_pass_at_k(n=1,k=8)",0.0
ko-native-4917a91d010b,ut_function,,ko,excluded,excluded,TOO_EASY,PROMPT_FIX_ENTRY_POINT,0,0,0.5,"measured_pass_at_k(n=1,k=4)",1.0
rstar-d2c5a6e12437,ut_stdio,,en,train,ok,,no_reference_solution,0,0,0.75,"measured_pass_at_k(n=2,k=8)",0.625
rstar-c8051014ca02,ut_stdio,,en,train,ok,,no_reference_solution,0,0,0.5,"measured_pass_at_k(n=2,k=8)",0.75
rstar-0a0de0e5faef,ut_stdio,,en,excluded,excluded,TOO_EASY,no_reference_solution,0,0,0.5,"measured_pass_at_k(n=2,k=8)",1.0
rstar-0ac7e237798f,ut_stdio,,en,excluded,excluded,TOO_EASY,no_reference_solution,0,0,0.5,"measured_pass_at_k(n=2,k=8)",1.0
rstar-2713dad8848e,ut_stdio,,en,train,ok,,no_reference_solution,0,0,0.25,"measured_pass_at_k(n=2,k=8)",0.875
rstar-491bf2245430,ut_stdio,,en,train,ok,,no_reference_solution,0,0,0.75,"measured_pass_at_k(n=2,k=8)",0.875
rstar-e57f7b5011d4,ut_stdio,,en,train,ok,,no_reference_solution,0,0,0.375,"measured_pass_at_k(n=2,k=16)",0.875
rstar-2610cbc5d06f,ut_stdio,,en,train,ok,,no_reference_solution,0,0,0.75,"measured_pass_at_k(n=2,k=8)",0.125
rstar-51504d1f0abd,ut_stdio,,en,train,ok,,no_reference_solution;HARD_BUT_PARTIAL_SIGNAL,0,0,0.5,"measured_pass_at_k(n=2,k=8)",0.0
rstar-61e0066d1dda,ut_stdio,,en,train,ok,,no_reference_solution,0,0,0.5,"measured_pass_at_k(n=2,k=8)",0.25
rstar-fbbf6c25cdfb,ut_stdio,,en,excluded,excluded,TOO_EASY,no_reference_solution,0,0,0.5,"measured_pass_at_k(n=2,k=8)",1.0
rstar-857ccf29773e,ut_stdio,,en,train,ok,,no_reference_solution,0,0,0.5,"measured_pass_at_k(n=2,k=8)",0.875
rstar-29f6191bd2d7,ut_stdio,,en,excluded,excluded,TOO_EASY,no_reference_solution,0,0,0.5,"measured_pass_at_k(n=2,k=8)",1.0
rstar-444f335bdd4d,ut_stdio,,en,train,ok,,no_reference_solution;HARD_BUT_PARTIAL_SIGNAL,0,0,0.75,"measured_pass_at_k(n=2,k=8)",0.0
rstar-55aee684a228,ut_stdio,,en,train,ok,,no_reference_solution,0,0,0.5,"measured_pass_at_k(n=2,k=8)",0.625
rstar-f145a149176c,ut_stdio,,en,excluded,excluded,TOO_EASY,no_reference_solution,0,0,0.25,"measured_pass_at_k(n=2,k=8)",1.0
rstar-1376cf1a79b7,ut_stdio,,en,train,ok,,no_reference_solution;HARD_BUT_PARTIAL_SIGNAL,0,0,0.25,"measured_pass_at_k(n=2,k=8)",0.0
rstar-dddbf202b431,ut_stdio,,en,test,ok,,no_reference_solution,0,0,0.25,"measured_pass_at_k(n=2,k=8)",
rstar-d0c2c6396d8e,ut_stdio,,en,validation,ok,,no_reference_solution,0,0,0.5,"measured_pass_at_k(n=2,k=8)",
rstar-d1d29ee29738,ut_stdio,,en,excluded,excluded,TOO_EASY,no_reference_solution,0,0,0.25,"measured_pass_at_k(n=2,k=8)",1.0
rstar-af2e8b083461,ut_stdio,,en,train,ok,,no_reference_solution;HARD_BUT_PARTIAL_SIGNAL,0,0,0.375,"measured_pass_at_k(n=2,k=16)",0.0
rstar-bda8dd4f5bb4,ut_stdio,,en,excluded,excluded,TOO_EASY,no_reference_solution,0,0,0.5,"measured_pass_at_k(n=2,k=8)",1.0
rstar-1a11b95509be,ut_stdio,,en,validation,ok,,no_reference_solution,0,0,0.5,"measured_pass_at_k(n=2,k=8)",
rstar-92a0016c86a9,ut_stdio,,en,validation,ok,,no_reference_solution,0,0,0.375,"measured_pass_at_k(n=2,k=16)",
rstar-5ea932164ff6,ut_stdio,,en,excluded,excluded,TOO_EASY,no_reference_solution,0,0,0.25,"measured_pass_at_k(n=2,k=8)",1.0
rstar-7a401e09766f,ut_stdio,,en,train,ok,,no_reference_solution,0,0,0.5,"measured_pass_at_k(n=2,k=8)",0.875
rstar-76710a045f2f,ut_stdio,,en,validation,ok,,no_reference_solution,0,0,0.75,"measured_pass_at_k(n=2,k=8)",
rstar-58f2a89502e4,ut_stdio,,en,train,ok,,no_reference_solution,0,0,0.25,"measured_pass_at_k(n=2,k=8)",0.625
rstar-ebe1e812b968,ut_stdio,,en,train,ok,,no_reference_solution,0,0,0.5,"measured_pass_at_k(n=2,k=8)",0.625
rstar-963cf2e16baa,ut_stdio,,en,train,ok,,no_reference_solution,0,0,0.375,"measured_pass_at_k(n=2,k=16)",0.75
rstar-e9f5823d84b7,ut_stdio,,en,train,ok,,no_reference_solution,0,0,0.5,"measured_pass_at_k(n=2,k=8)",0.875
rstar-99422d2e822e,ut_stdio,,en,excluded,excluded,TOO_HARD,no_reference_solution,0,0,0.25,"measured_pass_at_k(n=2,k=8)",0.0
opencodeinstruct-95616b3d89a4,ut_function,,en,excluded,excluded,TOO_EASY,PROMPT_FIX_ENTRY_POINT,0,0,0.25,"measured_pass_at_k(n=2,k=8)",1.0
opencodeinstruct-5e14c9aff723,ut_function,,en,test,ok,,PROMPT_FIX_ENTRY_POINT,0,0,0.25,"measured_pass_at_k(n=2,k=8)",
opencodeinstruct-ceedc5e5dc2b,ut_function,,en,excluded,excluded,TOO_HARD,PROMPT_FIX_ENTRY_POINT,0,0,0.75,"measured_pass_at_k(n=2,k=8)",0.0
opencodeinstruct-24d3db93fcaf,ut_function,,en,excluded,excluded,TOO_EASY,PROMPT_FIX_ENTRY_POINT,0,0,0.25,"measured_pass_at_k(n=2,k=16)",1.0
opencodeinstruct-6b8a06103560,ut_function,,en,excluded,excluded,TOO_EASY,PROMPT_FIX_ENTRY_POINT,0,0,0.25,"measured_pass_at_k(n=2,k=8)",1.0
opencodeinstruct-7fbe6aa181a5,ut_function,,en,excluded,excluded,TOO_EASY,PROMPT_FIX_ENTRY_POINT,0,0,0.75,"measured_pass_at_k(n=2,k=8)",1.0
opencodeinstruct-c3ccde87e787,ut_function,,en,excluded,excluded,TOO_EASY,PROMPT_FIX_ENTRY_POINT,0,0,0.75,"measured_pass_at_k(n=2,k=8)",1.0
opencodeinstruct-1fbb62af475c,ut_function,,en,test,ok,,PROMPT_FIX_ENTRY_POINT,0,0,0.25,"measured_pass_at_k(n=2,k=16)",
opencodeinstruct-2f08bc1a64e0,ut_function,,en,excluded,excluded,TOO_HARD,PROMPT_FIX_ENTRY_POINT,0,0,0.25,"measured_pass_at_k(n=2,k=8)",0.0
opencodeinstruct-57fc03aa30b1,ut_function,,en,excluded,excluded,TOO_HARD,PROMPT_FIX_ENTRY_POINT,0,0,0.75,"measured_pass_at_k(n=2,k=8)",0.0
opencodeinstruct-7a6651742ecf,ut_function,,en,excluded,excluded,TOO_EASY,PROMPT_FIX_ENTRY_POINT,0,0,0.25,"measured_pass_at_k(n=2,k=8)",1.0
opencodeinstruct-32a6204408ee,ut_function,,en,test,ok,,PROMPT_FIX_ENTRY_POINT,0,0,0.25,"measured_pass_at_k(n=2,k=8)",
opencodeinstruct-d7fc1976df30,ut_function,,en,excluded,excluded,TOO_EASY,PROMPT_FIX_ENTRY_POINT,0,0,0.5,"measured_pass_at_k(n=2,k=8)",1.0
opencodeinstruct-3c2898915911,ut_function,,en,excluded,excluded,DUPLICATE,dup_of:opencodeinstruct-0d0e09bba9a9;PROMPT_FIX_ENTRY_POINT,0,0,0.25,"measured_pass_at_k(n=2,k=8)",
opencodeinstruct-ca00a3d66f7f,ut_function,,en,excluded,excluded,TOO_EASY,PROMPT_FIX_ENTRY_POINT,0,0,0.5,"measured_pass_at_k(n=2,k=8)",1.0
opencodeinstruct-5baeef69ef73,ut_function,,en,excluded,excluded,TOO_EASY,PROMPT_FIX_ENTRY_POINT,0,0,0.5,"measured_pass_at_k(n=2,k=8)",1.0
opencodeinstruct-c446b7834a9b,ut_function,,en,excluded,excluded,TOO_EASY,PROMPT_FIX_ENTRY_POINT,0,0,0.25,"measured_pass_at_k(n=2,k=8)",1.0
opencodeinstruct-56fd21d4d1eb,ut_function,,en,excluded,excluded,TOO_EASY,PROMPT_FIX_ENTRY_POINT,0,0,0.5,"measured_pass_at_k(n=2,k=8)",1.0
opencodeinstruct-28e705df053e,ut_function,,en,excluded,excluded,TOO_EASY,PROMPT_FIX_ENTRY_POINT,0,0,0.5,"measured_pass_at_k(n=2,k=8)",1.0
opencodeinstruct-357299f05e06,ut_function,,en,train,ok,,PROMPT_FIX_ENTRY_POINT,0,0,0.75,"measured_pass_at_k(n=2,k=8)",0.5
opencodeinstruct-7994c3a8644c,ut_function,,en,excluded,excluded,TOO_EASY,PROMPT_FIX_ENTRY_POINT,0,0,0.5,"measured_pass_at_k(n=2,k=8)",1.0
opencodeinstruct-9d87c707d08d,ut_function,,en,excluded,excluded,TOO_EASY,PROMPT_FIX_ENTRY_POINT,0,0,0.75,"measured_pass_at_k(n=2,k=8)",1.0
opencodeinstruct-ab0761919b7e,ut_function,,en,excluded,excluded,TOO_EASY,PROMPT_FIX_ENTRY_POINT,0,0,0.5,"measured_pass_at_k(n=2,k=8)",1.0
opencodeinstruct-227a782c5313,ut_function,,en,train,ok,,PROMPT_FIX_ENTRY_POINT,0,0,0.25,"measured_pass_at_k(n=2,k=8)",0.75
opencodeinstruct-6dca0162d380,ut_function,,en,excluded,excluded,TOO_EASY,PROMPT_FIX_ENTRY_POINT,0,0,0.25,"measured_pass_at_k(n=2,k=8)",1.0
opencodeinstruct-fb80c257e595,ut_function,,en,excluded,excluded,TOO_EASY,PROMPT_FIX_ENTRY_POINT,0,0,0.25,"measured_pass_at_k(n=2,k=8)",1.0
opencodeinstruct-539ebf45a1d2,ut_function,,en,test,ok,,PROMPT_FIX_ENTRY_POINT,0,0,0.25,"measured_pass_at_k(n=2,k=16)",
opencodeinstruct-d19140d4e460,ut_function,,en,test,ok,,PROMPT_FIX_ENTRY_POINT,0,0,0.25,"measured_pass_at_k(n=2,k=8)",
opencodeinstruct-11b3e1cc0baf,ut_function,,en,excluded,excluded,TOO_EASY,PROMPT_FIX_ENTRY_POINT,0,0,0.5,"measured_pass_at_k(n=2,k=8)",1.0
opencodeinstruct-32e933463e69,ut_function,,en,excluded,excluded,TOO_HARD,PROMPT_FIX_ENTRY_POINT,0,0,0.25,"measured_pass_at_k(n=2,k=8)",0.0
opencodeinstruct-2d673e7099d8,ut_function,,en,excluded,excluded,TOO_EASY,PROMPT_FIX_ENTRY_POINT,0,0,0.75,"measured_pass_at_k(n=2,k=8)",1.0
opencodeinstruct-c87cfc264d21,ut_function,,en,train,ok,,PROMPT_FIX_ENTRY_POINT,0,0,0.25,"measured_pass_at_k(n=2,k=8)",0.75
opencodeinstruct-b3d396233f6b,ut_function,,en,excluded,excluded,TOO_EASY,PROMPT_FIX_ENTRY_POINT,0,0,0.25,"measured_pass_at_k(n=2,k=16)",1.0
opencodeinstruct-f620dfd6f828,ut_function,,en,test,ok,,PROMPT_FIX_ENTRY_POINT,0,0,0.5,"measured_pass_at_k(n=2,k=8)",
opencodeinstruct-d9335a51f877,ut_function,,en,train,ok,,PROMPT_FIX_ENTRY_POINT,0,0,0.5,"measured_pass_at_k(n=2,k=8)",0.75
opencodeinstruct-e96681f945e2,ut_function,,en,excluded,excluded,TOO_HARD,PROMPT_FIX_ENTRY_POINT,0,0,0.75,"measured_pass_at_k(n=2,k=8)",0.0
opencodeinstruct-a5eae463491a,ut_function,,en,excluded,excluded,TOO_EASY,PROMPT_FIX_ENTRY_POINT,0,0,0.5,"measured_pass_at_k(n=2,k=8)",1.0
kodcode-a8e3ec5174fc,ut_pytest,,en,excluded,excluded,TOO_EASY,PROMPT_FIX_ENTRY_POINT,0,0,0.75,"measured_pass_at_k(n=2,k=8)",1.0
kodcode-3de557afae2e,ut_pytest,,en,excluded,excluded,TOO_EASY,PROMPT_FIX_ENTRY_POINT,0,0,0.5,"measured_pass_at_k(n=2,k=8)",1.0
kodcode-c76ffe45ecfe,ut_pytest,,en,test,ok,,PROMPT_FIX_ENTRY_POINT,0,0,0.75,"measured_pass_at_k(n=2,k=8)",
opencodeinstruct-5ddb2860237e,ut_function,,en,excluded,excluded,TOO_EASY,PROMPT_FIX_ENTRY_POINT,0,0,0.25,"measured_pass_at_k(n=2,k=8)",1.0
kodcode-b0a82578795b,ut_pytest,,en,validation,ok,,PROMPT_FIX_ENTRY_POINT,0,0,0.5,"measured_pass_at_k(n=2,k=8)",
kodcode-de197a30fa7e,ut_pytest,,en,train,ok,,PROMPT_FIX_ENTRY_POINT,0,0,0.5,"measured_pass_at_k(n=2,k=8)",0.75
kodcode-39189785bad5,ut_pytest,,en,excluded,excluded,TOO_EASY,PROMPT_FIX_ENTRY_POINT,0,0,0.375,"measured_pass_at_k(n=2,k=16)",1.0
kodcode-38e54ead36dc,ut_pytest,,en,test,ok,,PROMPT_FIX_ENTRY_POINT,0,0,0.25,"measured_pass_at_k(n=2,k=8)",
opencodeinstruct-0ed5c80f4309,ut_function,,en,excluded,excluded,TOO_EASY,PROMPT_FIX_ENTRY_POINT,0,0,0.25,"measured_pass_at_k(n=2,k=16)",1.0
kodcode-11c80272e5da,ut_pytest,,en,excluded,excluded,TOO_EASY,PROMPT_FIX_ENTRY_POINT,0,0,0.75,"measured_pass_at_k(n=2,k=8)",1.0
kodcode-d2ef6238759f,ut_pytest,,en,validation,ok,,PROMPT_FIX_ENTRY_POINT,0,0,0.5,"measured_pass_at_k(n=2,k=8)",
kodcode-0af7e16e3b13,ut_pytest,,en,train,ok,,HARD_BUT_PARTIAL_SIGNAL;PROMPT_FIX_ENTRY_POINT,0,0,0.25,"measured_pass_at_k(n=2,k=8)",0.0
kodcode-2fe35bc65ecd,ut_pytest,,en,validation,ok,,PROMPT_FIX_ENTRY_POINT,0,0,0.75,"measured_pass_at_k(n=2,k=8)",
kodcode-814a455c7220,ut_pytest,,en,excluded,excluded,TOO_HARD,PROMPT_FIX_ENTRY_POINT,0,0,0.25,"measured_pass_at_k(n=2,k=8)",0.0
kodcode-f9c25042c9c0,ut_pytest,,en,excluded,excluded,TOO_EASY,PROMPT_FIX_ENTRY_POINT,0,0,0.75,"measured_pass_at_k(n=2,k=8)",1.0
kodcode-ba8d642ba285,ut_pytest,,en,train,ok,,HARD_BUT_PARTIAL_SIGNAL;PROMPT_FIX_ENTRY_POINT,0,0,0.5,"measured_pass_at_k(n=2,k=8)",0.0
kodcode-64627873af1e,ut_pytest,,en,test,ok,,PROMPT_FIX_ENTRY_POINT,0,0,0.5,"measured_pass_at_k(n=2,k=8)",
opencodeinstruct-57266b199e7e,ut_function,,en,excluded,excluded,TOO_EASY,PROMPT_FIX_ENTRY_POINT,0,0,0.5,"measured_pass_at_k(n=2,k=8)",1.0
kodcode-2fbb25d82fd5,ut_pytest,,en,train,ok,,PROMPT_FIX_ENTRY_POINT,0,0,0.5,"measured_pass_at_k(n=2,k=8)",0.75
kodcode-c02552749997,ut_pytest,,en,validation,ok,,PROMPT_FIX_ENTRY_POINT,0,0,0.375,"measured_pass_at_k(n=2,k=16)",
kodcode-ba4d584f44b2,ut_pytest,,en,train,ok,,PROMPT_FIX_ENTRY_POINT,0,0,0.25,"measured_pass_at_k(n=2,k=8)",0.875
kodcode-041b98e8751d,ut_pytest,,en,excluded,excluded,TOO_EASY,PROMPT_FIX_ENTRY_POINT,0,0,0.5,"measured_pass_at_k(n=2,k=8)",1.0
kodcode-1ae94a282f67,ut_pytest,,en,excluded,excluded,TOO_EASY,PROMPT_FIX_ENTRY_POINT,0,0,0.25,"measured_pass_at_k(n=2,k=8)",1.0
opencodeinstruct-aa8d00484991,ut_function,,en,excluded,excluded,TOO_EASY,PROMPT_FIX_ENTRY_POINT,0,0,0.25,"measured_pass_at_k(n=2,k=8)",1.0
kodcode-ff1eff0e678f,ut_pytest,,en,test,ok,,PROMPT_FIX_ENTRY_POINT,0,0,0.25,"measured_pass_at_k(n=2,k=8)",
kodcode-19f806a94a7e,ut_pytest,,en,train,ok,,PROMPT_FIX_ENTRY_POINT,0,0,0.5,"measured_pass_at_k(n=2,k=8)",0.75
kodcode-a09932af5b3d,ut_pytest,,en,excluded,excluded,TOO_EASY,PROMPT_FIX_ENTRY_POINT,0,0,0.5,"measured_pass_at_k(n=2,k=8)",1.0
kodcode-b16cd30662db,ut_pytest,,en,excluded,excluded,TOO_EASY,PROMPT_FIX_ENTRY_POINT,0,0,0.5,"measured_pass_at_k(n=2,k=8)",1.0
kodcode-1a5cc5096202,ut_pytest,,en,excluded,excluded,TOO_EASY,PROMPT_FIX_ENTRY_POINT,0,0,0.25,"measured_pass_at_k(n=2,k=8)",1.0
kodcode-198107b14766,ut_pytest,,en,test,ok,,PROMPT_FIX_ENTRY_POINT,0,0,0.5,"measured_pass_at_k(n=2,k=8)",
kodcode-e256e924570b,ut_pytest,,en,test,ok,,PROMPT_FIX_ENTRY_POINT,0,0,0.25,"measured_pass_at_k(n=2,k=8)",
kodcode-6821c873d8b5,ut_pytest,,en,excluded,excluded,TOO_EASY,PROMPT_FIX_ENTRY_POINT,0,0,0.5,"measured_pass_at_k(n=2,k=8)",1.0
kodcode-950513bfc767,ut_pytest,,en,test,ok,,PROMPT_FIX_ENTRY_POINT,0,0,0.5,"measured_pass_at_k(n=2,k=8)",
ko-native-5db4243efbc9,ut_function,,ko,train,ok,,PROMPT_FIX_ENTRY_POINT,0,0,0.5,"measured_pass_at_k(n=1,k=4)",0.875
ko-native-7719bc5e046f,ut_function,,ko,validation,ok,,PROMPT_FIX_ENTRY_POINT,0,0,0.5,"measured_pass_at_k(n=1,k=4)",
ko-native-5934a60fece3,ut_function,,ko,excluded,excluded,TOO_HARD,PROMPT_FIX_ENTRY_POINT,0,0,0.375,"measured_pass_at_k(n=1,k=8)",0.0
ko-native-9856e93dca5e,ut_function,,ko,test,ok,,PROMPT_FIX_ENTRY_POINT,0,0,0.25,"measured_pass_at_k(n=1,k=4)",
rstar-6ec7a9a35b15,ut_stdio,,en,test,ok,,no_reference_solution,0,0,0.25,"measured_pass_at_k(n=2,k=8)",
rstar-07c342687de8,ut_stdio,,en,excluded,excluded,TOO_EASY,no_reference_solution,0,0,0.5,"measured_pass_at_k(n=2,k=8)",1.0
rstar-b873eba9a41d,ut_stdio,,en,validation,ok,,no_reference_solution,0,0,0.25,"measured_pass_at_k(n=2,k=16)",
rstar-a17f1f11e814,ut_stdio,,en,excluded,excluded,TOO_EASY,no_reference_solution,0,0,0.25,"measured_pass_at_k(n=2,k=16)",1.0
rstar-f87069bb205d,ut_stdio,,en,excluded,excluded,TOO_EASY,no_reference_solution,0,0,0.25,"measured_pass_at_k(n=2,k=8)",1.0
rstar-b55ef36af2ff,ut_stdio,,en,train,ok,,no_reference_solution,0,0,0.25,"measured_pass_at_k(n=2,k=8)",0.5
rstar-1f902c25fbee,ut_stdio,,en,excluded,excluded,TOO_EASY,no_reference_solution,0,0,0.25,"measured_pass_at_k(n=2,k=8)",1.0
rstar-4f6fa4a82123,ut_stdio,,en,excluded,excluded,TOO_HARD,no_reference_solution,0,0,0.5,"measured_pass_at_k(n=2,k=8)",0.0
rstar-feaf3eb4738f,ut_stdio,,en,excluded,excluded,TOO_EASY,no_reference_solution,0,0,0.25,"measured_pass_at_k(n=2,k=8)",1.0
rstar-7557abd4edd5,ut_stdio,,en,excluded,excluded,TOO_HARD,no_reference_solution,0,0,0.375,"measured_pass_at_k(n=2,k=16)",0.0
rstar-4169aab281cc,ut_stdio,,en,test,ok,,no_reference_solution,0,0,0.75,"measured_pass_at_k(n=2,k=8)",
rstar-32ec35242dd4,ut_stdio,,en,test,ok,,no_reference_solution,0,0,0.75,"measured_pass_at_k(n=2,k=8)",
rstar-76165fa9ae68,ut_stdio,,en,excluded,excluded,TOO_EASY,no_reference_solution,0,0,0.25,"measured_pass_at_k(n=2,k=8)",1.0
rstar-4d8d21ca1ee0,ut_stdio,,en,test,ok,,no_reference_solution,0,0,0.25,"measured_pass_at_k(n=2,k=8)",
opencodeinstruct-b74a977117ba,ut_function,,en,excluded,excluded,TOO_EASY,PROMPT_FIX_ENTRY_POINT,0,0,0.5,"measured_pass_at_k(n=2,k=8)",1.0
opencodeinstruct-d22220c5cd42,ut_function,,en,train,ok,,PROMPT_FIX_ENTRY_POINT,0,0,0.75,"measured_pass_at_k(n=2,k=8)",0.875
opencodeinstruct-3ca22df41497,ut_function,,en,excluded,excluded,TOO_EASY,PROMPT_FIX_ENTRY_POINT,0,0,0.5,"measured_pass_at_k(n=2,k=8)",1.0
opencodeinstruct-c34684cb4880,ut_function,,en,test,ok,,PROMPT_FIX_ENTRY_POINT,0,0,0.25,"measured_pass_at_k(n=2,k=8)",
opencodeinstruct-f50aa6f61493,ut_function,,en,excluded,excluded,TOO_EASY,PROMPT_FIX_ENTRY_POINT,0,0,0.25,"measured_pass_at_k(n=2,k=8)",1.0
opencodeinstruct-92914381741d,ut_function,,en,excluded,excluded,TOO_EASY,PROMPT_FIX_ENTRY_POINT,0,0,0.5,"measured_pass_at_k(n=2,k=8)",1.0
opencodeinstruct-c6a705b5085c,ut_function,,en,excluded,excluded,TOO_EASY,PROMPT_FIX_ENTRY_POINT,0,0,0.5,"measured_pass_at_k(n=2,k=8)",1.0
opencodeinstruct-b0e1edb7d712,ut_function,,en,train,ok,,PROMPT_FIX_ENTRY_POINT,0,0,0.25,"measured_pass_at_k(n=2,k=8)",0.75
opencodeinstruct-7d3b291ffca0,ut_function,,en,test,ok,,PROMPT_FIX_ENTRY_POINT,0,0,0.25,"measured_pass_at_k(n=2,k=8)",
opencodeinstruct-110f8c11574c,ut_function,,en,excluded,excluded,TOO_EASY,PROMPT_FIX_ENTRY_POINT,0,0,0.25,"measured_pass_at_k(n=2,k=8)",1.0
opencodeinstruct-699b3001f876,ut_function,,en,excluded,excluded,TOO_EASY,,0,0,0.5,"measured_pass_at_k(n=2,k=8)",1.0
opencodeinstruct-1fb5276edc95,ut_function,,en,excluded,excluded,TOO_EASY,PROMPT_FIX_ENTRY_POINT,0,0,0.5,"measured_pass_at_k(n=2,k=8)",1.0
opencodeinstruct-9aef62e8cb10,ut_function,,en,train,ok,,PROMPT_FIX_ENTRY_POINT,0,0,0.25,"measured_pass_at_k(n=2,k=16)",0.5
opencodeinstruct-77d44ec7ed5b,ut_function,,en,excluded,excluded,TOO_EASY,PROMPT_FIX_ENTRY_POINT,0,0,0.25,"measured_pass_at_k(n=2,k=8)",1.0
opencodeinstruct-395b5e306805,ut_function,,en,excluded,excluded,TOO_EASY,PROMPT_FIX_ENTRY_POINT,0,0,0.75,"measured_pass_at_k(n=1,k=4)",1.0
opencodeinstruct-29eff7df196a,ut_function,,en,validation,ok,,PROMPT_FIX_ENTRY_POINT,0,0,0.75,"measured_pass_at_k(n=2,k=8)",
opencodeinstruct-ee3eed650bcd,ut_function,,en,test,ok,,PROMPT_FIX_ENTRY_POINT,0,0,0.25,"measured_pass_at_k(n=2,k=8)",
opencodeinstruct-7c677c37456c,ut_function,,en,excluded,excluded,TOO_EASY,PROMPT_FIX_ENTRY_POINT,0,0,0.5,"measured_pass_at_k(n=2,k=8)",1.0
opencodeinstruct-c4258bc0bac6,ut_function,,en,excluded,excluded,TOO_EASY,PROMPT_FIX_ENTRY_POINT,0,0,0.75,"measured_pass_at_k(n=2,k=8)",1.0
opencodeinstruct-866cbe4157e8,ut_function,,en,excluded,excluded,TOO_HARD,PROMPT_FIX_ENTRY_POINT,0,0,0.25,"measured_pass_at_k(n=2,k=8)",0.0
opencodeinstruct-6f896cc4934c,ut_function,,en,train,ok,,PROMPT_FIX_ENTRY_POINT,0,0,0.75,"measured_pass_at_k(n=2,k=8)",0.75
opencodeinstruct-a97d40f22f5c,ut_function,,en,validation,ok,,PROMPT_FIX_ENTRY_POINT,0,0,0.75,"measured_pass_at_k(n=2,k=8)",
opencodeinstruct-4bfff31c6608,ut_function,,en,excluded,excluded,TOO_EASY,PROMPT_FIX_ENTRY_POINT,0,0,0.5,"measured_pass_at_k(n=2,k=8)",1.0
opencodeinstruct-ffc905b836e8,ut_function,,en,excluded,excluded,TOO_EASY,PROMPT_FIX_ENTRY_POINT,0,0,0.5,"measured_pass_at_k(n=2,k=8)",1.0
opencodeinstruct-ab806e33d9dd,ut_function,,en,excluded,excluded,TOO_EASY,PROMPT_FIX_ENTRY_POINT,0,0,0.5,"measured_pass_at_k(n=2,k=8)",1.0
opencodeinstruct-f68a973d4f12,ut_function,,en,excluded,excluded,TOO_EASY,PROMPT_FIX_ENTRY_POINT,0,0,0.75,"measured_pass_at_k(n=2,k=8)",1.0
opencodeinstruct-7313aa400242,ut_function,,en,validation,ok,,PROMPT_FIX_ENTRY_POINT,0,0,0.5,"measured_pass_at_k(n=2,k=8)",
opencodeinstruct-9e200e32d19c,ut_function,,en,train,ok,,PROMPT_FIX_ENTRY_POINT,0,0,0.5,"measured_pass_at_k(n=2,k=8)",0.125
opencodeinstruct-898ab95152ce,ut_function,,en,excluded,excluded,TOO_EASY,PROMPT_FIX_ENTRY_POINT,0,0,0.375,"measured_pass_at_k(n=2,k=16)",1.0
opencodeinstruct-3747fe7b119a,ut_function,,en,excluded,excluded,TOO_EASY,PROMPT_FIX_ENTRY_POINT,0,0,0.25,"measured_pass_at_k(n=2,k=8)",1.0
opencodeinstruct-262451d0d95a,ut_function,,en,excluded,excluded,TOO_EASY,PROMPT_FIX_ENTRY_POINT,0,0,0.5,"measured_pass_at_k(n=2,k=8)",1.0
opencodeinstruct-046295b1d2cf,ut_function,,en,excluded,excluded,TOO_EASY,PROMPT_FIX_ENTRY_POINT,0,0,0.75,"measured_pass_at_k(n=2,k=8)",1.0
opencodeinstruct-890b71a33f5c,ut_function,,en,validation,ok,,PROMPT_FIX_ENTRY_POINT,0,0,0.375,"measured_pass_at_k(n=2,k=16)",
opencodeinstruct-c270626a4a37,ut_function,,en,validation,ok,,PROMPT_FIX_ENTRY_POINT,0,0,0.25,"measured_pass_at_k(n=2,k=8)",
opencodeinstruct-1a039314e1ad,ut_function,,en,excluded,excluded,TOO_EASY,PROMPT_FIX_ENTRY_POINT,0,0,0.25,"measured_pass_at_k(n=2,k=8)",1.0
kodcode-cd8e08a780ce,ut_pytest,,en,train,ok,,PROMPT_FIX_ENTRY_POINT,0,0,0.25,"measured_pass_at_k(n=2,k=8)",0.875
opencodeinstruct-1819b9150529,ut_function,,en,validation,ok,,PROMPT_FIX_ENTRY_POINT,0,0,0.25,"measured_pass_at_k(n=2,k=16)",
kodcode-2a6c56bd3413,ut_pytest,,en,train,ok,,HARD_BUT_PARTIAL_SIGNAL;PROMPT_FIX_ENTRY_POINT,0,0,0.25,"measured_pass_at_k(n=2,k=16)",0.0
opencodeinstruct-177a03c799ea,ut_function,,en,excluded,excluded,DUPLICATE,dup_of:opencodeinstruct-1e4edd44078b;PROMPT_FIX_ENTRY_POINT,0,0,0.25,"measured_pass_at_k(n=2,k=16)",
kodcode-405d8ea5cf47,ut_pytest,,en,excluded,excluded,TOO_EASY,PROMPT_FIX_ENTRY_POINT,0,0,0.75,"measured_pass_at_k(n=2,k=8)",1.0
opencodeinstruct-f0491d91539b,ut_function,,en,excluded,excluded,TOO_EASY,PROMPT_FIX_ENTRY_POINT,0,0,0.75,"measured_pass_at_k(n=2,k=8)",1.0
kodcode-fed321e78ba4,ut_pytest,,en,validation,ok,,PROMPT_FIX_ENTRY_POINT,0,0,0.5,"measured_pass_at_k(n=2,k=8)",
kodcode-176f94baef0a,ut_pytest,,en,train,ok,,PROMPT_FIX_ENTRY_POINT,0,0,0.75,"measured_pass_at_k(n=2,k=8)",0.25
kodcode-a5d0d70a9aa3,ut_pytest,,en,excluded,excluded,TOO_EASY,PROMPT_FIX_ENTRY_POINT,0,0,0.5,"measured_pass_at_k(n=2,k=8)",1.0
kodcode-1f3f37bb12b0,ut_pytest,,en,test,ok,,PROMPT_FIX_ENTRY_POINT,0,0,0.5,"measured_pass_at_k(n=2,k=8)",
kodcode-4da4542979ae,ut_pytest,,en,train,ok,,PROMPT_FIX_ENTRY_POINT,0,0,0.25,"measured_pass_at_k(n=2,k=8)",0.625
kodcode-21a413afd7b3,ut_pytest,,en,train,ok,,PROMPT_FIX_ENTRY_POINT,0,0,0.25,"measured_pass_at_k(n=2,k=8)",0.25
kodcode-10d9b9a2dc2d,ut_pytest,,en,train,ok,,PROMPT_FIX_ENTRY_POINT,0,0,0.5,"measured_pass_at_k(n=2,k=8)",0.625
opencodeinstruct-4dd84b4f7c9c,ut_function,,en,train,ok,,PROMPT_FIX_ENTRY_POINT,0,0,0.5,"measured_pass_at_k(n=2,k=8)",0.125
opencodeinstruct-21e3afaaecd5,ut_function,,en,train,ok,,PROMPT_FIX_ENTRY_POINT,0,0,0.75,"measured_pass_at_k(n=2,k=8)",0.875
kodcode-d19097e478af,ut_pytest,,en,excluded,excluded,TOO_EASY,PROMPT_FIX_ENTRY_POINT,0,0,0.75,"measured_pass_at_k(n=2,k=8)",1.0
opencodeinstruct-3c24a4d97a13,ut_function,,en,excluded,excluded,TOO_HARD,PROMPT_FIX_ENTRY_POINT,0,0,0.25,"measured_pass_at_k(n=2,k=8)",0.0
kodcode-f381c1bca697,ut_pytest,,en,excluded,excluded,TOO_EASY,PROMPT_FIX_ENTRY_POINT,0,0,0.75,"measured_pass_at_k(n=2,k=8)",1.0
kodcode-ac99764464d4,ut_pytest,,en,excluded,excluded,TOO_EASY,PROMPT_FIX_ENTRY_POINT,0,0,0.375,"measured_pass_at_k(n=2,k=16)",1.0
kodcode-09ac62d7feb7,ut_pytest,,en,train,ok,,PROMPT_FIX_ENTRY_POINT,0,0,0.75,"measured_pass_at_k(n=2,k=8)",0.875
kodcode-1125092a94cd,ut_pytest,,en,train,ok,,PROMPT_FIX_ENTRY_POINT,0,0,0.25,"measured_pass_at_k(n=2,k=8)",0.5
kodcode-4885fc32bd5f,ut_pytest,,en,excluded,excluded,TOO_EASY,PROMPT_FIX_ENTRY_POINT,0,0,0.75,"measured_pass_at_k(n=2,k=8)",1.0
kodcode-63414cebd5aa,ut_pytest,,en,train,ok,,PROMPT_FIX_ENTRY_POINT,0,0,0.5,"measured_pass_at_k(n=2,k=16)",0.75
kodcode-e68261b3d297,ut_pytest,,en,test,ok,,PROMPT_FIX_ENTRY_POINT,0,0,0.75,"measured_pass_at_k(n=2,k=8)",
kodcode-3e0677a9de70,ut_pytest,,en,excluded,excluded,TOO_EASY,PROMPT_FIX_ENTRY_POINT,0,0,0.5,"measured_pass_at_k(n=2,k=8)",1.0
kodcode-32f553fcd5d7,ut_pytest,,en,train,ok,,PROMPT_FIX_ENTRY_POINT,0,0,0.5,"measured_pass_at_k(n=2,k=8)",0.625
kodcode-f97bc6cd7637,ut_pytest,,en,excluded,excluded,TOO_EASY,PROMPT_FIX_ENTRY_POINT,0,0,0.5,"measured_pass_at_k(n=2,k=8)",1.0
kodcode-acc41cd08c6d,ut_pytest,,en,train,ok,,PROMPT_FIX_ENTRY_POINT,0,0,0.25,"measured_pass_at_k(n=2,k=8)",0.75
kodcode-92608936e227,ut_pytest,,en,excluded,excluded,TOO_EASY,PROMPT_FIX_ENTRY_POINT,0,0,0.5,"measured_pass_at_k(n=2,k=8)",1.0
kodcode-53d5d2807252,ut_pytest,,en,train,ok,,PROMPT_FIX_ENTRY_POINT,0,0,0.25,"measured_pass_at_k(n=2,k=16)",0.875
kodcode-47fe127872ad,ut_pytest,,en,train,ok,,PROMPT_FIX_ENTRY_POINT,0,0,0.5,"measured_pass_at_k(n=2,k=8)",0.5
kodcode-a2b873ea7093,ut_pytest,,en,excluded,excluded,TOO_EASY,PROMPT_FIX_ENTRY_POINT,0,0,0.75,"measured_pass_at_k(n=2,k=8)",1.0
kodcode-bc767efbdf3d,ut_pytest,,en,train,ok,,PROMPT_FIX_ENTRY_POINT,0,0,0.25,"measured_pass_at_k(n=2,k=8)",0.625
kodcode-d62790e86db9,ut_pytest,,en,excluded,excluded,TOO_EASY,PROMPT_FIX_ENTRY_POINT,0,0,0.5,"measured_pass_at_k(n=2,k=8)",1.0
kodcode-d293051b00bb,ut_pytest,,en,excluded,excluded,TOO_EASY,PROMPT_FIX_ENTRY_POINT,0,0,0.5,"measured_pass_at_k(n=2,k=16)",1.0
kodcode-adfa917a1e30,ut_pytest,,en,validation,ok,,PROMPT_FIX_ENTRY_POINT,0,0,0.25,"measured_pass_at_k(n=2,k=8)",
kodcode-70fc1f4d0aa8,ut_pytest,,en,excluded,excluded,TOO_EASY,PROMPT_FIX_ENTRY_POINT,0,0,0.75,"measured_pass_at_k(n=2,k=8)",1.0
kodcode-c9ef6a5815d0,ut_pytest,,en,train,ok,,PROMPT_FIX_ENTRY_POINT,0,0,0.5,"measured_pass_at_k(n=2,k=8)",0.875
kodcode-0c1fc218ac07,ut_pytest,,en,train,ok,,PROMPT_FIX_ENTRY_POINT,0,0,0.25,"measured_pass_at_k(n=2,k=8)",0.25
kodcode-fd31d958d53b,ut_pytest,,en,train,ok,,PROMPT_FIX_ENTRY_POINT,0,0,0.75,"measured_pass_at_k(n=2,k=8)",0.875
opencodeinstruct-44e274c01e78,ut_function,,en,excluded,excluded,TOO_HARD,PROMPT_FIX_ENTRY_POINT,0,0,0.25,"measured_pass_at_k(n=2,k=8)",0.0
opencodeinstruct-c49a38504f21,ut_function,,en,excluded,excluded,TOO_EASY,PROMPT_FIX_ENTRY_POINT,0,0,0.75,"measured_pass_at_k(n=2,k=8)",1.0
ko-native-d9e0de548d98,ut_function,,ko,excluded,excluded,TOO_EASY,PROMPT_FIX_ENTRY_POINT,0,0,0.5,"measured_pass_at_k(n=1,k=4)",1.0
ko-native-10d7ccab23d1,ut_function,,ko,test,ok,,PROMPT_FIX_ENTRY_POINT,0,0,0.5,"measured_pass_at_k(n=1,k=4)",
ko-native-c063ead3e6e1,ut_function,,ko,excluded,excluded,TOO_EASY,PROMPT_FIX_ENTRY_POINT,0,0,0.75,"measured_pass_at_k(n=1,k=4)",1.0
ko-native-a6a6ed1fc554,ut_function,,ko,excluded,excluded,TOO_EASY,PROMPT_FIX_ENTRY_POINT,0,0,0.25,"measured_pass_at_k(n=1,k=4)",1.0
ko-native-01d90a1b0add,ut_function,,ko,excluded,excluded,TOO_EASY,PROMPT_FIX_ENTRY_POINT,0,0,0.25,"measured_pass_at_k(n=1,k=8)",1.0
rstar-151271b34a42,ut_stdio,,en,train,ok,,no_reference_solution,0,0,0.25,"measured_pass_at_k(n=2,k=8)",0.875
rstar-678c105f5769,ut_stdio,,en,train,ok,,no_reference_solution,0,0,0.25,"measured_pass_at_k(n=2,k=16)",0.75
rstar-bad3fa420ab4,ut_stdio,,en,excluded,excluded,TOO_HARD,no_reference_solution,0,0,0.5,"measured_pass_at_k(n=2,k=8)",0.0
rstar-35e26d555afb,ut_stdio,,en,train,ok,,no_reference_solution,0,0,0.75,"measured_pass_at_k(n=2,k=8)",0.25
rstar-770f61c4bb41,ut_stdio,,en,excluded,excluded,TOO_EASY,no_reference_solution,0,0,0.75,"measured_pass_at_k(n=2,k=8)",1.0
rstar-7424a94b32e1,ut_stdio,,en,train,ok,,no_reference_solution,0,0,0.5,"measured_pass_at_k(n=2,k=8)",0.75
rstar-c5aee8368083,ut_stdio,,en,excluded,excluded,TOO_EASY,no_reference_solution,0,0,0.75,"measured_pass_at_k(n=2,k=8)",1.0
rstar-c400f9700862,ut_stdio,,en,excluded,excluded,TOO_EASY,no_reference_solution,0,0,0.75,"measured_pass_at_k(n=2,k=8)",1.0
rstar-365a2f99fd3a,ut_stdio,,en,train,ok,,no_reference_solution;HARD_BUT_PARTIAL_SIGNAL,0,0,0.5,"measured_pass_at_k(n=2,k=8)",0.0
rstar-f2c4a53843a6,ut_stdio,,en,train,ok,,no_reference_solution,0,0,0.5,"measured_pass_at_k(n=2,k=8)",0.5
rstar-b4666ac641da,ut_stdio,,en,train,ok,,no_reference_solution,0,0,0.25,"measured_pass_at_k(n=2,k=8)",0.375
rstar-e34fb6215bfb,ut_stdio,,en,validation,ok,,no_reference_solution,0,0,0.75,"measured_pass_at_k(n=2,k=8)",
rstar-5cb653415be5,ut_stdio,,en,train,ok,,no_reference_solution,0,0,0.5,"measured_pass_at_k(n=2,k=8)",0.375
rstar-facdc805938c,ut_stdio,,en,train,ok,,no_reference_solution,0,0,0.5,"measured_pass_at_k(n=2,k=8)",0.25
rstar-f74814f75308,ut_stdio,,en,excluded,excluded,TOO_EASY,no_reference_solution,0,0,0.75,"measured_pass_at_k(n=2,k=8)",1.0
rstar-7d0da0e56250,ut_stdio,,en,train,ok,,no_reference_solution;HARD_BUT_PARTIAL_SIGNAL,0,0,0.25,"measured_pass_at_k(n=2,k=8)",0.0
rstar-c5ad1824d345,ut_stdio,,en,train,ok,,no_reference_solution,0,0,0.75,"measured_pass_at_k(n=2,k=8)",0.5
rstar-1ae3e7ff0ac7,ut_stdio,,en,excluded,excluded,TOO_EASY,no_reference_solution,0,0,0.25,"measured_pass_at_k(n=2,k=8)",1.0
rstar-51c6062ef199,ut_stdio,,en,train,ok,,no_reference_solution,0,0,0.75,"measured_pass_at_k(n=2,k=8)",0.5
rstar-1a6ab80d3cd2,ut_stdio,,en,train,ok,,no_reference_solution,0,0,0.5,"measured_pass_at_k(n=2,k=8)",0.125
rstar-71511ee2025f,ut_stdio,,en,train,ok,,no_reference_solution,0,0,0.5,"measured_pass_at_k(n=2,k=16)",0.875
opencodeinstruct-ef44bae849d4,ut_function,,en,excluded,excluded,TOO_EASY,PROMPT_FIX_ENTRY_POINT,0,0,0.5,"measured_pass_at_k(n=2,k=8)",1.0
opencodeinstruct-d23d086b6410,ut_function,,en,excluded,excluded,TOO_EASY,PROMPT_FIX_ENTRY_POINT,0,0,0.5,"measured_pass_at_k(n=2,k=8)",1.0
opencodeinstruct-e2615a776823,ut_function,,en,excluded,excluded,TOO_EASY,PROMPT_FIX_ENTRY_POINT,0,0,0.25,"measured_pass_at_k(n=2,k=8)",1.0
opencodeinstruct-84045bb9e9eb,ut_function,,en,train,ok,,PROMPT_FIX_ENTRY_POINT,0,0,0.5,"measured_pass_at_k(n=2,k=8)",0.75
opencodeinstruct-ab7e776ed952,ut_function,,en,train,ok,,PROMPT_FIX_ENTRY_POINT,0,0,0.25,"measured_pass_at_k(n=2,k=8)",0.25
opencodeinstruct-c8c818a4522b,ut_function,,en,excluded,excluded,TOO_EASY,PROMPT_FIX_ENTRY_POINT,0,0,0.25,"measured_pass_at_k(n=2,k=8)",1.0
opencodeinstruct-b83f3df481ac,ut_function,,en,excluded,excluded,TOO_EASY,PROMPT_FIX_ENTRY_POINT,0,0,0.5,"measured_pass_at_k(n=2,k=8)",1.0
opencodeinstruct-138606ce8884,ut_function,,en,excluded,excluded,TOO_EASY,PROMPT_FIX_ENTRY_POINT,0,0,0.5,"measured_pass_at_k(n=2,k=8)",1.0
opencodeinstruct-f3d3e5bfa5f5,ut_function,,en,excluded,excluded,TOO_EASY,PROMPT_FIX_ENTRY_POINT,0,0,0.25,"measured_pass_at_k(n=2,k=8)",1.0
opencodeinstruct-2c3ca3353e0e,ut_function,,en,train,ok,,PROMPT_FIX_ENTRY_POINT,0,0,0.375,"measured_pass_at_k(n=2,k=16)",0.25
opencodeinstruct-7d2a44747533,ut_function,,en,train,ok,,PROMPT_FIX_ENTRY_POINT,0,0,0.25,"measured_pass_at_k(n=2,k=8)",0.75
opencodeinstruct-8a56eda8e5b8,ut_function,,en,train,ok,,PROMPT_FIX_ENTRY_POINT,0,0,0.75,"measured_pass_at_k(n=2,k=8)",0.125
opencodeinstruct-f25ac34e04d9,ut_function,,en,excluded,excluded,TOO_EASY,PROMPT_FIX_ENTRY_POINT,0,0,0.5,"measured_pass_at_k(n=2,k=8)",1.0
opencodeinstruct-ba18ece74fd1,ut_function,,en,excluded,excluded,TOO_EASY,PROMPT_FIX_ENTRY_POINT,0,0,0.25,"measured_pass_at_k(n=2,k=16)",1.0
opencodeinstruct-5b46345c0f96,ut_function,,en,excluded,excluded,TOO_EASY,PROMPT_FIX_ENTRY_POINT,0,0,0.375,"measured_pass_at_k(n=2,k=16)",1.0
opencodeinstruct-1c87c10c18ee,ut_function,,en,validation,ok,,PROMPT_FIX_ENTRY_POINT,0,0,0.5,"measured_pass_at_k(n=2,k=8)",
opencodeinstruct-1aad42ab9e84,ut_function,,en,excluded,excluded,TOO_EASY,PROMPT_FIX_ENTRY_POINT,0,0,0.25,"measured_pass_at_k(n=2,k=8)",1.0
opencodeinstruct-e902ae98cb0d,ut_function,,en,test,ok,,PROMPT_FIX_ENTRY_POINT,0,0,0.75,"measured_pass_at_k(n=2,k=8)",
opencodeinstruct-01a37ba1b5e5,ut_function,,en,excluded,excluded,TOO_EASY,PROMPT_FIX_ENTRY_POINT,0,0,0.25,"measured_pass_at_k(n=2,k=16)",1.0
opencodeinstruct-17968ab0a8f0,ut_function,,en,validation,ok,,PROMPT_FIX_ENTRY_POINT,0,0,0.75,"measured_pass_at_k(n=2,k=8)",
opencodeinstruct-10ad94cf5654,ut_function,,en,train,ok,,PROMPT_FIX_ENTRY_POINT,0,0,0.5,"measured_pass_at_k(n=2,k=8)",0.125
opencodeinstruct-c994a62bce9c,ut_function,,en,test,ok,,PROMPT_FIX_ENTRY_POINT,0,0,0.375,"measured_pass_at_k(n=2,k=16)",
opencodeinstruct-e12e3d69d880,ut_function,,en,excluded,excluded,TOO_EASY,PROMPT_FIX_ENTRY_POINT,0,0,0.25,"measured_pass_at_k(n=2,k=8)",1.0
opencodeinstruct-1a58a48359ec,ut_function,,en,excluded,excluded,TOO_EASY,PROMPT_FIX_ENTRY_POINT,0,0,0.75,"measured_pass_at_k(n=2,k=8)",1.0
opencodeinstruct-d207a43c2921,ut_function,,en,excluded,excluded,TOO_HARD,PROMPT_FIX_ENTRY_POINT,0,0,0.25,"measured_pass_at_k(n=2,k=16)",0.0
opencodeinstruct-1d92e0a34d19,ut_function,,en,excluded,excluded,TOO_EASY,PROMPT_FIX_ENTRY_POINT,0,0,0.25,"measured_pass_at_k(n=2,k=8)",1.0
opencodeinstruct-c98cb8a4e75f,ut_function,,en,excluded,excluded,TOO_EASY,PROMPT_FIX_ENTRY_POINT,0,0,0.25,"measured_pass_at_k(n=2,k=8)",1.0
opencodeinstruct-c93033095b20,ut_function,,en,train,ok,,PROMPT_FIX_ENTRY_POINT,0,0,0.5,"measured_pass_at_k(n=2,k=8)",0.5
opencodeinstruct-86d726e927ad,ut_function,,en,test,ok,,PROMPT_FIX_ENTRY_POINT,0,0,0.75,"measured_pass_at_k(n=2,k=16)",
opencodeinstruct-01f0ccb3443d,ut_function,,en,excluded,excluded,TOO_EASY,PROMPT_FIX_ENTRY_POINT,0,0,0.75,"measured_pass_at_k(n=2,k=8)",1.0
opencodeinstruct-1b60151b185c,ut_function,,en,excluded,excluded,TOO_EASY,PROMPT_FIX_ENTRY_POINT,0,0,0.75,"measured_pass_at_k(n=2,k=8)",1.0
opencodeinstruct-b2e37b4a1c0d,ut_function,,en,train,ok,,PROMPT_FIX_ENTRY_POINT,0,0,0.5,"measured_pass_at_k(n=2,k=8)",0.125
opencodeinstruct-b0d01e03d4c6,ut_function,,en,test,ok,,PROMPT_FIX_ENTRY_POINT,0,0,0.5,"measured_pass_at_k(n=2,k=8)",
opencodeinstruct-eafe81122185,ut_function,,en,excluded,excluded,TOO_EASY,PROMPT_FIX_ENTRY_POINT,0,0,0.25,"measured_pass_at_k(n=2,k=16)",1.0
opencodeinstruct-f64180a0e820,ut_function,,en,excluded,excluded,TOO_EASY,PROMPT_FIX_ENTRY_POINT,0,0,0.375,"measured_pass_at_k(n=2,k=16)",1.0
opencodeinstruct-bcfd6edfb6af,ut_function,,en,validation,ok,,PROMPT_FIX_ENTRY_POINT,0,0,0.375,"measured_pass_at_k(n=2,k=16)",
opencodeinstruct-4b562e7768da,ut_function,,en,excluded,excluded,TOO_EASY,PROMPT_FIX_ENTRY_POINT,0,0,0.5,"measured_pass_at_k(n=2,k=8)",1.0
opencodeinstruct-0e1cd5acd10c,ut_function,,en,excluded,excluded,TOO_EASY,PROMPT_FIX_ENTRY_POINT,0,0,0.25,"measured_pass_at_k(n=2,k=8)",1.0
opencodeinstruct-81276f9ecf4f,ut_function,,en,test,ok,,PROMPT_FIX_ENTRY_POINT,0,0,0.25,"measured_pass_at_k(n=2,k=8)",
opencodeinstruct-223ed828848c,ut_function,,en,excluded,excluded,TOO_EASY,PROMPT_FIX_ENTRY_POINT,0,0,0.5,"measured_pass_at_k(n=2,k=8)",1.0
opencodeinstruct-80660f0d0288,ut_function,,en,excluded,excluded,TOO_EASY,PROMPT_FIX_ENTRY_POINT,0,0,0.25,"measured_pass_at_k(n=2,k=8)",1.0
opencodeinstruct-ed1dd3f107a3,ut_function,,en,excluded,excluded,TOO_EASY,PROMPT_FIX_ENTRY_POINT,0,0,0.25,"measured_pass_at_k(n=2,k=8)",1.0
opencodeinstruct-05a3f0f52f00,ut_function,,en,excluded,excluded,TOO_EASY,PROMPT_FIX_ENTRY_POINT,0,0,0.25,"measured_pass_at_k(n=2,k=8)",1.0
opencodeinstruct-d879966cd990,ut_function,,en,train,ok,,HARD_BUT_PARTIAL_SIGNAL;PROMPT_FIX_ENTRY_POINT,0,0,0.25,"measured_pass_at_k(n=2,k=8)",0.0
opencodeinstruct-e39346c8683e,ut_function,,en,train,ok,,PROMPT_FIX_ENTRY_POINT,0,0,0.5,"measured_pass_at_k(n=2,k=8)",0.875
opencodeinstruct-e02cbfac8373,ut_function,,en,excluded,excluded,TOO_EASY,PROMPT_FIX_ENTRY_POINT,0,0,0.75,"measured_pass_at_k(n=2,k=8)",1.0
opencodeinstruct-aab08ff59039,ut_function,,en,excluded,excluded,TOO_EASY,PROMPT_FIX_ENTRY_POINT,0,0,0.75,"measured_pass_at_k(n=2,k=8)",1.0
opencodeinstruct-615a7a6f0a45,ut_function,,en,excluded,excluded,TOO_HARD,PROMPT_FIX_ENTRY_POINT,0,0,0.25,"measured_pass_at_k(n=2,k=8)",0.0
kodcode-d80198cc5fb2,ut_pytest,,en,train,ok,,PROMPT_FIX_ENTRY_POINT,0,0,0.75,"measured_pass_at_k(n=2,k=8)",0.75
kodcode-6bc29f6e38a8,ut_pytest,,en,excluded,excluded,TOO_EASY,PROMPT_FIX_ENTRY_POINT,0,0,0.75,"measured_pass_at_k(n=2,k=8)",1.0
kodcode-884fa82126ba,ut_pytest,,en,excluded,excluded,TOO_EASY,PROMPT_FIX_ENTRY_POINT,0,0,0.75,"measured_pass_at_k(n=2,k=8)",1.0
kodcode-d17dda551620,ut_pytest,,en,train,ok,,PROMPT_FIX_ENTRY_POINT,0,0,0.25,"measured_pass_at_k(n=2,k=16)",0.375
opencodeinstruct-7dda643c2194,ut_function,,en,validation,ok,,PROMPT_FIX_ENTRY_POINT,0,0,0.25,"measured_pass_at_k(n=2,k=8)",
kodcode-1e7c76ce1740,ut_pytest,,en,excluded,excluded,TOO_EASY,PROMPT_FIX_ENTRY_POINT,0,0,0.25,"measured_pass_at_k(n=2,k=8)",1.0
opencodeinstruct-b426c0147afc,ut_function,,en,train,ok,,PROMPT_FIX_ENTRY_POINT,0,0,0.5,"measured_pass_at_k(n=2,k=8)",0.75
opencodeinstruct-2478d961ea18,ut_function,,en,excluded,excluded,TOO_HARD,PROMPT_FIX_ENTRY_POINT,0,0,0.75,"measured_pass_at_k(n=1,k=4)",0.0
kodcode-3c029cad86de,ut_pytest,,en,train,ok,,PROMPT_FIX_ENTRY_POINT,0,0,0.5,"measured_pass_at_k(n=2,k=8)",0.875
kodcode-3fedd89be193,ut_pytest,,en,excluded,excluded,TOO_EASY,PROMPT_FIX_ENTRY_POINT,0,0,0.5,"measured_pass_at_k(n=2,k=8)",1.0
opencodeinstruct-280c438b1c22,ut_function,,en,excluded,excluded,TOO_EASY,PROMPT_FIX_ENTRY_POINT,0,0,0.25,"measured_pass_at_k(n=2,k=8)",1.0
kodcode-1f058fc176a4,ut_pytest,,en,excluded,excluded,TOO_HARD,PROMPT_FIX_ENTRY_POINT,0,0,0.5,"measured_pass_at_k(n=2,k=8)",0.0
kodcode-ea53058c4163,ut_pytest,,en,validation,ok,,PROMPT_FIX_ENTRY_POINT,0,0,0.25,"measured_pass_at_k(n=2,k=8)",
kodcode-e8b701ad8d78,ut_pytest,,en,excluded,excluded,TOO_EASY,PROMPT_FIX_ENTRY_POINT,0,0,0.75,"measured_pass_at_k(n=2,k=8)",1.0
kodcode-da2e3b672dfb,ut_pytest,,en,train,ok,,HARD_BUT_PARTIAL_SIGNAL;PROMPT_FIX_ENTRY_POINT,0,0,0.5,"measured_pass_at_k(n=2,k=16)",0.0
kodcode-d03f06a16502,ut_pytest,,en,excluded,excluded,TOO_HARD,PROMPT_FIX_ENTRY_POINT,0,0,0.25,"measured_pass_at_k(n=2,k=8)",0.0
kodcode-d77feaedb9ec,ut_pytest,,en,train,ok,,PROMPT_FIX_ENTRY_POINT,0,0,0.25,"measured_pass_at_k(n=2,k=8)",0.5
kodcode-cec69c621095,ut_pytest,,en,test,ok,,PROMPT_FIX_ENTRY_POINT,0,0,0.5,"measured_pass_at_k(n=2,k=8)",
kodcode-089f4ba4b295,ut_pytest,,en,train,ok,,PROMPT_FIX_ENTRY_POINT,0,0,0.75,"measured_pass_at_k(n=2,k=8)",0.75
kodcode-27164f46b15c,ut_pytest,,en,train,ok,,PROMPT_FIX_ENTRY_POINT,0,0,0.5,"measured_pass_at_k(n=2,k=8)",0.625
kodcode-41ff1fcc3ee5,ut_pytest,,en,train,ok,,PROMPT_FIX_ENTRY_POINT,0,0,0.25,"measured_pass_at_k(n=2,k=8)",0.75
kodcode-8a8dd6a35f0f,ut_pytest,,en,validation,ok,,PROMPT_FIX_ENTRY_POINT,0,0,0.75,"measured_pass_at_k(n=2,k=8)",
kodcode-67be004f3704,ut_pytest,,en,train,ok,,PROMPT_FIX_ENTRY_POINT,0,0,0.5,"measured_pass_at_k(n=2,k=8)",0.125
kodcode-f0e8a25e48b6,ut_pytest,,en,train,ok,,HARD_BUT_PARTIAL_SIGNAL;PROMPT_FIX_ENTRY_POINT,0,0,0.25,"measured_pass_at_k(n=2,k=8)",0.0
kodcode-221fde2a58ca,ut_pytest,,en,train,ok,,PROMPT_FIX_ENTRY_POINT,0,0,0.25,"measured_pass_at_k(n=2,k=8)",0.75
kodcode-b46a13b47bf9,ut_pytest,,en,excluded,excluded,TOO_EASY,PROMPT_FIX_ENTRY_POINT,0,0,0.25,"measured_pass_at_k(n=2,k=16)",1.0
kodcode-f17b92863b70,ut_pytest,,en,train,ok,,PROMPT_FIX_ENTRY_POINT,0,0,0.5,"measured_pass_at_k(n=2,k=8)",0.875
kodcode-c245c062ccf6,ut_pytest,,en,train,ok,,PROMPT_FIX_ENTRY_POINT,0,0,0.25,"measured_pass_at_k(n=2,k=8)",0.875
kodcode-a21dfec746b1,ut_pytest,,en,excluded,excluded,TOO_HARD,PROMPT_FIX_ENTRY_POINT,0,0,0.25,"measured_pass_at_k(n=2,k=8)",0.0
kodcode-908429ec791b,ut_pytest,,en,train,ok,,PROMPT_FIX_ENTRY_POINT,0,0,0.5,"measured_pass_at_k(n=2,k=8)",0.625
ko-native-6819da019919,ut_function,,ko,excluded,excluded,TOO_EASY,PROMPT_FIX_ENTRY_POINT,0,0,0.5,"measured_pass_at_k(n=1,k=4)",1.0
ko-native-5539d055cdf7,ut_function,,ko,excluded,excluded,TOO_EASY,PROMPT_FIX_ENTRY_POINT,0,0,0.25,"measured_pass_at_k(n=1,k=8)",1.0
rstar-ea0dae331ea0,ut_stdio,,en,excluded,excluded,TOO_EASY,no_reference_solution,0,0,0.25,"measured_pass_at_k(n=2,k=8)",1.0
rstar-6b223a65dd8e,ut_stdio,,en,test,ok,,no_reference_solution,0,0,0.25,"measured_pass_at_k(n=2,k=8)",
rstar-dec297a6c27f,ut_stdio,,en,excluded,excluded,TOO_EASY,no_reference_solution,0,0,0.625,"measured_pass_at_k(n=2,k=16)",1.0
rstar-cd14f4bdfedc,ut_stdio,,en,train,ok,,no_reference_solution,0,0,0.25,"measured_pass_at_k(n=2,k=8)",0.375
rstar-d2cdebb1208a,ut_stdio,,en,train,ok,,no_reference_solution,0,0,0.5,"measured_pass_at_k(n=2,k=8)",0.625
rstar-754ac1430846,ut_stdio,,en,excluded,excluded,TOO_EASY,no_reference_solution,0,0,0.25,"measured_pass_at_k(n=2,k=8)",1.0
rstar-663867557d7a,ut_stdio,,en,train,ok,,no_reference_solution,0,0,0.5,"measured_pass_at_k(n=2,k=8)",0.625
rstar-d4cac1b93e90,ut_stdio,,en,excluded,excluded,TOO_EASY,no_reference_solution,0,0,0.25,"measured_pass_at_k(n=2,k=8)",1.0
rstar-04e12db8d0d2,ut_stdio,,en,excluded,excluded,TOO_EASY,no_reference_solution,0,0,0.25,"measured_pass_at_k(n=2,k=8)",1.0
rstar-19a59ea704e5,ut_stdio,,en,train,ok,,no_reference_solution,0,0,0.5,"measured_pass_at_k(n=2,k=8)",0.875
rstar-417a625f67fb,ut_stdio,,en,train,ok,,no_reference_solution,0,0,0.75,"measured_pass_at_k(n=2,k=8)",0.875
rstar-f6a1be153ea3,ut_stdio,,en,excluded,excluded,TOO_EASY,no_reference_solution,0,0,0.25,"measured_pass_at_k(n=2,k=8)",1.0
rstar-72e9fa6a1bc2,ut_stdio,,en,test,ok,,no_reference_solution,0,0,0.5,"measured_pass_at_k(n=2,k=8)",
rstar-86726fb8e67b,ut_stdio,,en,train,ok,,no_reference_solution,0,0,0.25,"measured_pass_at_k(n=1,k=4)",0.625
rstar-b470adb1b67c,ut_stdio,,en,train,ok,,no_reference_solution,0,0,0.25,"measured_pass_at_k(n=2,k=8)",0.125
rstar-ca4cdd85f1d3,ut_stdio,,en,excluded,excluded,TOO_HARD,no_reference_solution,0,0,0.5,"measured_pass_at_k(n=2,k=8)",0.0
rstar-e039a82ec10a,ut_stdio,,en,train,ok,,no_reference_solution,0,0,0.5,"measured_pass_at_k(n=2,k=8)",0.125
rstar-1e48ffe4cd69,ut_stdio,,en,train,ok,,no_reference_solution,0,0,0.5,"measured_pass_at_k(n=2,k=8)",0.375
rstar-497dee86b13c,ut_stdio,,en,train,ok,,no_reference_solution,0,0,0.25,"measured_pass_at_k(n=2,k=16)",0.875
rstar-26c9c955bf48,ut_stdio,,en,train,ok,,no_reference_solution,0,0,0.25,"measured_pass_at_k(n=2,k=8)",0.75
rstar-e3df84cfa69b,ut_stdio,,en,train,ok,,no_reference_solution,0,0,0.5,"measured_pass_at_k(n=2,k=8)",0.25
rstar-6c160955202b,ut_stdio,,en,train,ok,,no_reference_solution,0,0,0.5,"measured_pass_at_k(n=2,k=8)",0.625
rstar-c8decbc1f930,ut_stdio,,en,excluded,excluded,TOO_EASY,no_reference_solution,0,0,0.75,"measured_pass_at_k(n=2,k=8)",1.0
rstar-cb3cdd0d90ad,ut_stdio,,en,train,ok,,no_reference_solution,0,0,0.25,"measured_pass_at_k(n=2,k=8)",0.125
rstar-4717e3085061,ut_stdio,,en,validation,ok,,no_reference_solution,0,0,0.75,"measured_pass_at_k(n=2,k=8)",
rstar-02052aa9e685,ut_stdio,,en,excluded,excluded,TOO_EASY,no_reference_solution,0,0,0.25,"measured_pass_at_k(n=2,k=8)",1.0
opencodeinstruct-eec2eaaf4692,ut_function,,en,excluded,excluded,TOO_EASY,PROMPT_FIX_ENTRY_POINT,0,0,0.5,"measured_pass_at_k(n=2,k=8)",1.0
opencodeinstruct-63af4b92d851,ut_function,,en,excluded,excluded,TOO_EASY,PROMPT_FIX_ENTRY_POINT,0,0,0.5,"measured_pass_at_k(n=2,k=8)",1.0
opencodeinstruct-8c90aa19eb13,ut_function,,en,train,ok,,PROMPT_FIX_ENTRY_POINT,0,0,0.5,"measured_pass_at_k(n=2,k=8)",0.5
opencodeinstruct-e6e314463bbe,ut_function,,en,excluded,excluded,TOO_EASY,PROMPT_FIX_ENTRY_POINT,0,0,0.25,"measured_pass_at_k(n=2,k=16)",1.0
opencodeinstruct-4f4c5c4dc05b,ut_function,,en,excluded,excluded,TOO_EASY,PROMPT_FIX_ENTRY_POINT,0,0,0.5,"measured_pass_at_k(n=2,k=8)",1.0
opencodeinstruct-7aa5fc7e9322,ut_function,,en,excluded,excluded,TOO_EASY,PROMPT_FIX_ENTRY_POINT,0,0,0.25,"measured_pass_at_k(n=2,k=8)",1.0
opencodeinstruct-f167f77dbd19,ut_function,,en,validation,ok,,PROMPT_FIX_ENTRY_POINT,0,0,0.75,"measured_pass_at_k(n=2,k=8)",
opencodeinstruct-97015e909172,ut_function,,en,test,ok,,PROMPT_FIX_ENTRY_POINT,0,0,0.75,"measured_pass_at_k(n=2,k=8)",
opencodeinstruct-fa7502ea09e5,ut_function,,en,excluded,excluded,TOO_EASY,PROMPT_FIX_ENTRY_POINT,0,0,0.5,"measured_pass_at_k(n=2,k=8)",1.0
opencodeinstruct-f37524a43dca,ut_function,,en,validation,ok,,PROMPT_FIX_ENTRY_POINT,0,0,0.25,"measured_pass_at_k(n=2,k=8)",
opencodeinstruct-23e7e2c074f8,ut_function,,en,excluded,excluded,TOO_EASY,PROMPT_FIX_ENTRY_POINT,0,0,0.5,"measured_pass_at_k(n=2,k=8)",1.0
opencodeinstruct-fb4c97ac6348,ut_function,,en,excluded,excluded,TOO_HARD,PROMPT_FIX_ENTRY_POINT,0,0,0.25,"measured_pass_at_k(n=1,k=8)",0.0
opencodeinstruct-c67fab868c06,ut_function,,en,excluded,excluded,TOO_EASY,PROMPT_FIX_ENTRY_POINT,0,0,0.25,"measured_pass_at_k(n=2,k=8)",1.0
opencodeinstruct-c9e069792f41,ut_function,,en,test,ok,,PROMPT_FIX_ENTRY_POINT,0,0,0.5,"measured_pass_at_k(n=2,k=8)",
opencodeinstruct-b3bcd0cd7c24,ut_function,,en,excluded,excluded,TOO_EASY,PROMPT_FIX_ENTRY_POINT,0,0,0.5,"measured_pass_at_k(n=2,k=8)",1.0
opencodeinstruct-33b96f8d266f,ut_function,,en,excluded,excluded,TOO_EASY,PROMPT_FIX_ENTRY_POINT,0,0,0.5,"measured_pass_at_k(n=2,k=8)",1.0
opencodeinstruct-4c013ccc1939,ut_function,,en,excluded,excluded,TOO_EASY,PROMPT_FIX_ENTRY_POINT,0,0,0.5,"measured_pass_at_k(n=2,k=8)",1.0
opencodeinstruct-3282cc74bf6b,ut_function,,en,excluded,excluded,TOO_EASY,PROMPT_FIX_ENTRY_POINT,0,0,0.25,"measured_pass_at_k(n=2,k=8)",1.0
opencodeinstruct-bece63e730e2,ut_function,,en,excluded,excluded,TOO_EASY,PROMPT_FIX_ENTRY_POINT,0,0,0.25,"measured_pass_at_k(n=2,k=16)",1.0
opencodeinstruct-ed1fe7499242,ut_function,,en,test,ok,,PROMPT_FIX_ENTRY_POINT,0,0,0.75,"measured_pass_at_k(n=2,k=8)",
opencodeinstruct-ea9451922932,ut_function,,en,excluded,excluded,TOO_EASY,PROMPT_FIX_ENTRY_POINT,0,0,0.75,"measured_pass_at_k(n=2,k=8)",1.0
opencodeinstruct-557c78f1c166,ut_function,,en,train,ok,,PROMPT_FIX_ENTRY_POINT,0,0,0.25,"measured_pass_at_k(n=2,k=16)",0.75
opencodeinstruct-8722e5469e24,ut_function,,en,excluded,excluded,TOO_EASY,PROMPT_FIX_ENTRY_POINT,0,0,0.75,"measured_pass_at_k(n=2,k=8)",1.0
opencodeinstruct-d342e711a744,ut_function,,en,train,ok,,PROMPT_FIX_ENTRY_POINT,0,0,0.75,"measured_pass_at_k(n=2,k=8)",0.875
opencodeinstruct-1640eb160b09,ut_function,,en,excluded,excluded,TOO_EASY,PROMPT_FIX_ENTRY_POINT,0,0,0.25,"measured_pass_at_k(n=2,k=8)",1.0
opencodeinstruct-12e4c0b863f5,ut_function,,en,train,ok,,PROMPT_FIX_ENTRY_POINT,0,0,0.75,"measured_pass_at_k(n=2,k=8)",0.125
opencodeinstruct-6663dc645130,ut_function,,en,excluded,excluded,TOO_EASY,PROMPT_FIX_ENTRY_POINT,0,0,0.75,"measured_pass_at_k(n=2,k=8)",1.0
opencodeinstruct-a40e1fe4e8d5,ut_function,,en,excluded,excluded,TOO_EASY,PROMPT_FIX_ENTRY_POINT,0,0,0.5,"measured_pass_at_k(n=2,k=8)",1.0
opencodeinstruct-655e5a7e3682,ut_function,,en,excluded,excluded,TOO_EASY,PROMPT_FIX_ENTRY_POINT,0,0,0.5,"measured_pass_at_k(n=2,k=8)",1.0
opencodeinstruct-b94cc3f1656d,ut_function,,en,excluded,excluded,TOO_EASY,PROMPT_FIX_ENTRY_POINT,0,0,0.5,"measured_pass_at_k(n=2,k=8)",1.0
opencodeinstruct-0d2e7fd2c7e2,ut_function,,en,validation,ok,,PROMPT_FIX_ENTRY_POINT,0,0,0.25,"measured_pass_at_k(n=2,k=16)",
opencodeinstruct-8cfbaab994b0,ut_function,,en,excluded,excluded,TOO_EASY,PROMPT_FIX_ENTRY_POINT,0,0,0.75,"measured_pass_at_k(n=2,k=8)",1.0
opencodeinstruct-d23b863d1477,ut_function,,en,excluded,excluded,TOO_EASY,PROMPT_FIX_ENTRY_POINT,0,0,0.25,"measured_pass_at_k(n=2,k=8)",1.0
kodcode-c6c351fc4f9a,ut_pytest,,en,train,ok,,PROMPT_FIX_ENTRY_POINT,0,0,0.5,"measured_pass_at_k(n=2,k=8)",0.25
kodcode-5d09afa2628f,ut_pytest,,en,train,ok,,HARD_BUT_PARTIAL_SIGNAL;PROMPT_FIX_ENTRY_POINT,0,0,0.25,"measured_pass_at_k(n=2,k=8)",0.0
kodcode-87fd5d5d3b1a,ut_pytest,,en,train,ok,,PROMPT_FIX_ENTRY_POINT,0,0,0.25,"measured_pass_at_k(n=2,k=8)",0.375
kodcode-ac896241a6e5,ut_pytest,,en,excluded,excluded,TOO_EASY,PROMPT_FIX_ENTRY_POINT,0,0,0.75,"measured_pass_at_k(n=2,k=8)",1.0
opencodeinstruct-55397b6de8b8,ut_function,,en,excluded,excluded,TOO_EASY,PROMPT_FIX_ENTRY_POINT,0,0,0.5,"measured_pass_at_k(n=2,k=8)",1.0
kodcode-ee85ff88662d,ut_pytest,,en,train,ok,,PROMPT_FIX_ENTRY_POINT,0,0,0.75,"measured_pass_at_k(n=2,k=8)",0.75
kodcode-1ad723fc371d,ut_pytest,,en,train,ok,,PROMPT_FIX_ENTRY_POINT,0,0,0.25,"measured_pass_at_k(n=2,k=8)",0.875
kodcode-0b13ad656989,ut_pytest,,en,train,ok,,PROMPT_FIX_ENTRY_POINT,0,0,0.25,"measured_pass_at_k(n=2,k=8)",0.75
kodcode-980a4c6822ab,ut_pytest,,en,excluded,excluded,TOO_EASY,PROMPT_FIX_ENTRY_POINT,0,0,0.25,"measured_pass_at_k(n=2,k=16)",1.0
kodcode-aad68193734c,ut_pytest,,en,train,ok,,PROMPT_FIX_ENTRY_POINT,0,0,0.75,"measured_pass_at_k(n=2,k=8)",0.125
opencodeinstruct-82a4e67f7b10,ut_function,,en,excluded,excluded,TOO_EASY,PROMPT_FIX_ENTRY_POINT,0,0,0.5,"measured_pass_at_k(n=2,k=8)",1.0
kodcode-70365e2fc1ff,ut_pytest,,en,train,ok,,PROMPT_FIX_ENTRY_POINT,0,0,0.25,"measured_pass_at_k(n=2,k=8)",0.125
kodcode-97f7d566bcc3,ut_pytest,,en,excluded,excluded,TOO_EASY,PROMPT_FIX_ENTRY_POINT,0,0,0.25,"measured_pass_at_k(n=2,k=8)",1.0
opencodeinstruct-88f0596c549c,ut_function,,en,excluded,excluded,TOO_EASY,PROMPT_FIX_ENTRY_POINT,0,0,0.25,"measured_pass_at_k(n=2,k=16)",1.0
kodcode-25a3be5f6b88,ut_pytest,,en,train,ok,,PROMPT_FIX_ENTRY_POINT,0,0,0.375,"measured_pass_at_k(n=2,k=16)",0.875
kodcode-b04eac028a41,ut_pytest,,en,excluded,excluded,TOO_EASY,PROMPT_FIX_ENTRY_POINT,0,0,0.5,"measured_pass_at_k(n=2,k=8)",1.0
kodcode-2c360b8d3646,ut_pytest,,en,test,ok,,PROMPT_FIX_ENTRY_POINT,0,0,0.25,"measured_pass_at_k(n=2,k=16)",
kodcode-2c0ff8634d50,ut_pytest,,en,test,ok,,PROMPT_FIX_ENTRY_POINT,0,0,0.25,"measured_pass_at_k(n=2,k=16)",
kodcode-031431195650,ut_pytest,,en,excluded,excluded,TOO_EASY,PROMPT_FIX_ENTRY_POINT,0,0,0.25,"measured_pass_at_k(n=2,k=8)",1.0
kodcode-83c46af14126,ut_pytest,,en,excluded,excluded,TOO_EASY,PROMPT_FIX_ENTRY_POINT,0,0,0.25,"measured_pass_at_k(n=2,k=8)",1.0
kodcode-5822e949e671,ut_pytest,,en,excluded,excluded,TOO_EASY,PROMPT_FIX_ENTRY_POINT,0,0,0.5,"measured_pass_at_k(n=2,k=8)",1.0
kodcode-eba2a46c0a30,ut_pytest,,en,train,ok,,PROMPT_FIX_ENTRY_POINT,0,0,0.75,"measured_pass_at_k(n=2,k=8)",0.75
kodcode-d30037186391,ut_pytest,,en,excluded,excluded,TOO_EASY,PROMPT_FIX_ENTRY_POINT,0,0,0.25,"measured_pass_at_k(n=2,k=8)",1.0
opencodeinstruct-f122d7166b42,ut_function,,en,excluded,excluded,TOO_EASY,PROMPT_FIX_ENTRY_POINT,0,0,0.25,"measured_pass_at_k(n=2,k=8)",1.0
kodcode-aca6a459f85e,ut_pytest,,en,test,ok,,PROMPT_FIX_ENTRY_POINT,0,0,0.5,"measured_pass_at_k(n=2,k=16)",
kodcode-9c53b720df42,ut_pytest,,en,train,ok,,PROMPT_FIX_ENTRY_POINT,0,0,0.25,"measured_pass_at_k(n=2,k=8)",0.25
kodcode-8e5473483695,ut_pytest,,en,train,ok,,PROMPT_FIX_ENTRY_POINT,0,0,0.5,"measured_pass_at_k(n=2,k=8)",0.125
kodcode-8b0d1a5f4091,ut_pytest,,en,train,ok,,PROMPT_FIX_ENTRY_POINT,0,0,0.25,"measured_pass_at_k(n=2,k=8)",0.375
kodcode-af46e5050a14,ut_pytest,,en,excluded,excluded,TOO_HARD,PROMPT_FIX_ENTRY_POINT,0,0,0.5,"measured_pass_at_k(n=2,k=8)",0.0
kodcode-2d0ed1df08c1,ut_pytest,,en,train,ok,,PROMPT_FIX_ENTRY_POINT,0,0,0.25,"measured_pass_at_k(n=2,k=16)",0.875
opencodeinstruct-13d6d4cb98c9,ut_function,,en,excluded,excluded,TOO_EASY,PROMPT_FIX_ENTRY_POINT,0,0,0.5,"measured_pass_at_k(n=2,k=8)",1.0
opencodeinstruct-abe63b0f5b12,ut_function,,en,excluded,excluded,TOO_HARD,PROMPT_FIX_ENTRY_POINT,0,0,0.25,"measured_pass_at_k(n=2,k=8)",0.0
ko-native-2520a9c10851,ut_function,,ko,excluded,excluded,TOO_EASY,PROMPT_FIX_ENTRY_POINT,0,0,0.25,"measured_pass_at_k(n=1,k=4)",1.0
ko-native-dac6b4ea4f3c,ut_function,,ko,excluded,excluded,TOO_EASY,PROMPT_FIX_ENTRY_POINT,0,0,0.75,"measured_pass_at_k(n=1,k=4)",1.0
ko-native-ab8ba0188348,ut_function,,ko,train,ok,,PROMPT_FIX_ENTRY_POINT,0,0,0.25,"measured_pass_at_k(n=1,k=4)",0.875
rstar-bfa999d60d00,ut_stdio,,en,excluded,excluded,TOO_EASY,no_reference_solution,0,0,0.25,"measured_pass_at_k(n=2,k=16)",1.0
rstar-8aaf85acf255,ut_stdio,,en,train,ok,,no_reference_solution,0,0,0.5,"measured_pass_at_k(n=2,k=8)",0.5
rstar-465d67c04756,ut_stdio,,en,train,ok,,no_reference_solution,0,0,0.75,"measured_pass_at_k(n=2,k=8)",0.25
rstar-fc469b0d1549,ut_stdio,,en,excluded,excluded,TOO_HARD,no_reference_solution,0,0,0.25,"measured_pass_at_k(n=2,k=8)",0.0
rstar-6af4cb9525f7,ut_stdio,,en,train,ok,,no_reference_solution,0,0,0.5,"measured_pass_at_k(n=2,k=8)",0.625
rstar-13cbb56b8380,ut_stdio,,en,excluded,excluded,TOO_EASY,no_reference_solution,0,0,0.375,"measured_pass_at_k(n=2,k=16)",1.0
rstar-675bdfb30a49,ut_stdio,,en,excluded,excluded,TOO_EASY,no_reference_solution,0,0,0.75,"measured_pass_at_k(n=2,k=8)",1.0
rstar-a5cedea1e7c7,ut_stdio,,en,train,ok,,no_reference_solution,0,0,0.25,"measured_pass_at_k(n=2,k=8)",0.875
rstar-985c0ae9f872,ut_stdio,,en,excluded,excluded,TOO_HARD,no_reference_solution,0,0,0.25,"measured_pass_at_k(n=2,k=8)",0.0
rstar-53e698f28795,ut_stdio,,en,train,ok,,no_reference_solution,0,0,0.25,"measured_pass_at_k(n=2,k=8)",0.125
rstar-ad0628f152bb,ut_stdio,,en,test,ok,,no_reference_solution,0,0,0.5,"measured_pass_at_k(n=2,k=8)",
opencodeinstruct-1e256d1b23f4,ut_function,,en,excluded,excluded,TOO_EASY,PROMPT_FIX_ENTRY_POINT,0,0,0.75,"measured_pass_at_k(n=2,k=8)",1.0
opencodeinstruct-637e1f298ca3,ut_function,,en,excluded,excluded,TOO_HARD,PROMPT_FIX_ENTRY_POINT,0,0,0.25,"measured_pass_at_k(n=2,k=8)",0.0
opencodeinstruct-0cff08a150ce,ut_function,,en,excluded,excluded,TOO_EASY,PROMPT_FIX_ENTRY_POINT,0,0,0.75,"measured_pass_at_k(n=2,k=8)",1.0
opencodeinstruct-707b6c0fea62,ut_function,,en,excluded,excluded,TOO_EASY,PROMPT_FIX_ENTRY_POINT,0,0,0.25,"measured_pass_at_k(n=2,k=8)",1.0
opencodeinstruct-c8a4751fd068,ut_function,,en,excluded,excluded,TOO_EASY,PROMPT_FIX_ENTRY_POINT,0,0,0.25,"measured_pass_at_k(n=2,k=16)",1.0
opencodeinstruct-5c8745d86407,ut_function,,en,excluded,excluded,TOO_HARD,PROMPT_FIX_ENTRY_POINT,0,0,0.25,"measured_pass_at_k(n=2,k=8)",0.0
opencodeinstruct-e80bbaa32124,ut_function,,en,excluded,excluded,TOO_EASY,PROMPT_FIX_ENTRY_POINT,0,0,0.25,"measured_pass_at_k(n=2,k=8)",1.0
opencodeinstruct-fd4a911ab0a9,ut_function,,en,excluded,excluded,TOO_EASY,PROMPT_FIX_ENTRY_POINT,0,0,0.75,"measured_pass_at_k(n=2,k=8)",1.0
opencodeinstruct-549662e6d07b,ut_function,,en,excluded,excluded,TOO_EASY,PROMPT_FIX_ENTRY_POINT,0,0,0.25,"measured_pass_at_k(n=2,k=8)",1.0
opencodeinstruct-097ad849df9e,ut_function,,en,train,ok,,PROMPT_FIX_ENTRY_POINT,0,0,0.25,"measured_pass_at_k(n=2,k=8)",0.875
opencodeinstruct-9669a70d8cf3,ut_function,,en,excluded,excluded,TOO_EASY,PROMPT_FIX_ENTRY_POINT,0,0,0.25,"measured_pass_at_k(n=2,k=8)",1.0
opencodeinstruct-002d25e54c46,ut_function,,en,validation,ok,,PROMPT_FIX_ENTRY_POINT,0,0,0.75,"measured_pass_at_k(n=2,k=8)",
opencodeinstruct-65ff26bb8fe7,ut_function,,en,excluded,excluded,TOO_EASY,PROMPT_FIX_ENTRY_POINT,0,0,0.375,"measured_pass_at_k(n=2,k=16)",1.0
opencodeinstruct-c21c729f7abc,ut_function,,en,excluded,excluded,TOO_EASY,PROMPT_FIX_ENTRY_POINT,0,0,0.25,"measured_pass_at_k(n=2,k=8)",1.0
opencodeinstruct-bd5e6567db0c,ut_function,,en,train,ok,,PROMPT_FIX_ENTRY_POINT,0,0,0.25,"measured_pass_at_k(n=2,k=8)",0.75
opencodeinstruct-40bd3cd40da4,ut_function,,en,test,ok,,PROMPT_FIX_ENTRY_POINT,0,0,0.25,"measured_pass_at_k(n=2,k=8)",
opencodeinstruct-4c319e79c3c8,ut_function,,en,excluded,excluded,TOO_EASY,PROMPT_FIX_ENTRY_POINT,0,0,0.5,"measured_pass_at_k(n=2,k=8)",1.0
opencodeinstruct-4de8f08a23dd,ut_function,,en,excluded,excluded,TOO_EASY,PROMPT_FIX_ENTRY_POINT,0,0,0.5,"measured_pass_at_k(n=2,k=8)",1.0
opencodeinstruct-802be8a19253,ut_function,,en,excluded,excluded,TOO_EASY,PROMPT_FIX_ENTRY_POINT,0,0,0.5,"measured_pass_at_k(n=2,k=8)",1.0
opencodeinstruct-6dce98ba55ba,ut_function,,en,excluded,excluded,TOO_EASY,PROMPT_FIX_ENTRY_POINT,0,0,0.5,"measured_pass_at_k(n=2,k=8)",1.0
opencodeinstruct-c70f68abcbee,ut_function,,en,excluded,excluded,TOO_HARD,PROMPT_FIX_ENTRY_POINT,0,0,0.25,"measured_pass_at_k(n=2,k=8)",0.0
opencodeinstruct-cd35292d1732,ut_function,,en,excluded,excluded,TOO_EASY,PROMPT_FIX_ENTRY_POINT,0,0,0.75,"measured_pass_at_k(n=2,k=8)",1.0
opencodeinstruct-1b21a8b63c90,ut_function,,en,excluded,excluded,TOO_EASY,PROMPT_FIX_ENTRY_POINT,0,0,0.5,"measured_pass_at_k(n=2,k=8)",1.0
opencodeinstruct-1a8fc6e782d1,ut_function,,en,excluded,excluded,TOO_EASY,PROMPT_FIX_ENTRY_POINT,0,0,0.5,"measured_pass_at_k(n=2,k=8)",1.0
opencodeinstruct-5d325394d702,ut_function,,en,excluded,excluded,TOO_EASY,PROMPT_FIX_ENTRY_POINT,0,0,0.25,"measured_pass_at_k(n=2,k=16)",1.0
opencodeinstruct-d92c286cb67a,ut_function,,en,excluded,excluded,TOO_HARD,PROMPT_FIX_ENTRY_POINT,0,0,0.5,"measured_pass_at_k(n=2,k=8)",0.0
opencodeinstruct-91d315c9d4be,ut_function,,en,excluded,excluded,TOO_EASY,PROMPT_FIX_ENTRY_POINT,0,0,0.5,"measured_pass_at_k(n=2,k=8)",1.0
opencodeinstruct-9add2e01b3cf,ut_function,,en,excluded,excluded,TOO_EASY,PROMPT_FIX_ENTRY_POINT,0,0,0.5,"measured_pass_at_k(n=2,k=8)",1.0
opencodeinstruct-21231662ddcc,ut_function,,en,excluded,excluded,TOO_EASY,PROMPT_FIX_ENTRY_POINT,0,0,0.5,"measured_pass_at_k(n=2,k=8)",1.0
opencodeinstruct-5a148dccee84,ut_function,,en,excluded,excluded,TOO_EASY,PROMPT_FIX_ENTRY_POINT,0,0,0.75,"measured_pass_at_k(n=2,k=8)",1.0
kodcode-590876a86ce4,ut_pytest,,en,train,ok,,PROMPT_FIX_ENTRY_POINT,0,0,0.75,"measured_pass_at_k(n=2,k=8)",0.75
opencodeinstruct-ed3f199dd69e,ut_function,,en,train,ok,,PROMPT_FIX_ENTRY_POINT,0,0,0.25,"measured_pass_at_k(n=2,k=8)",0.75
kodcode-0bf0739d6a42,ut_pytest,,en,excluded,excluded,TOO_HARD,PROMPT_FIX_ENTRY_POINT,0,0,0.25,"measured_pass_at_k(n=2,k=16)",0.0
kodcode-339ca5672330,ut_pytest,,en,train,ok,,PROMPT_FIX_ENTRY_POINT,0,0,0.25,"measured_pass_at_k(n=2,k=8)",0.375
kodcode-d79984794e01,ut_pytest,,en,train,ok,,PROMPT_FIX_ENTRY_POINT,0,0,0.5,"measured_pass_at_k(n=2,k=8)",0.75
kodcode-195d60ac74ba,ut_pytest,,en,train,ok,,PROMPT_FIX_ENTRY_POINT,0,0,0.25,"measured_pass_at_k(n=2,k=8)",0.5
kodcode-77e4863d72b3,ut_pytest,,en,excluded,excluded,TOO_EASY,PROMPT_FIX_ENTRY_POINT,0,0,0.5,"measured_pass_at_k(n=2,k=8)",1.0
kodcode-81f8152a2511,ut_pytest,,en,test,ok,,PROMPT_FIX_ENTRY_POINT,0,0,0.5,"measured_pass_at_k(n=2,k=8)",
kodcode-587dc640759a,ut_pytest,,en,validation,ok,,PROMPT_FIX_ENTRY_POINT,0,0,0.25,"measured_pass_at_k(n=2,k=8)",
kodcode-09a55ca0dbd5,ut_pytest,,en,train,ok,,PROMPT_FIX_ENTRY_POINT,0,0,0.25,"measured_pass_at_k(n=2,k=8)",0.5
kodcode-e0c157ae0efe,ut_pytest,,en,train,ok,,PROMPT_FIX_ENTRY_POINT,0,0,0.5,"measured_pass_at_k(n=2,k=8)",0.375
kodcode-ca9703a1ef5a,ut_pytest,,en,train,ok,,PROMPT_FIX_ENTRY_POINT,0,0,0.75,"measured_pass_at_k(n=2,k=8)",0.25
kodcode-a48290e81185,ut_pytest,,en,excluded,excluded,TOO_HARD,PROMPT_FIX_ENTRY_POINT,0,0,0.5,"measured_pass_at_k(n=2,k=8)",0.0
kodcode-b506c218cdf0,ut_pytest,,en,train,ok,,PROMPT_FIX_ENTRY_POINT,0,0,0.5,"measured_pass_at_k(n=2,k=8)",0.5
kodcode-3b90f3805c72,ut_pytest,,en,excluded,excluded,TOO_EASY,PROMPT_FIX_ENTRY_POINT,0,0,0.5,"measured_pass_at_k(n=2,k=8)",1.0
kodcode-a79fbebabdf8,ut_pytest,,en,excluded,excluded,TOO_HARD,PROMPT_FIX_ENTRY_POINT,0,0,0.25,"measured_pass_at_k(n=2,k=8)",0.0
kodcode-4ff3fb353155,ut_pytest,,en,test,ok,,PROMPT_FIX_ENTRY_POINT,0,0,0.5,"measured_pass_at_k(n=2,k=8)",
kodcode-593227444cb9,ut_pytest,,en,excluded,excluded,TOO_EASY,PROMPT_FIX_ENTRY_POINT,0,0,0.5,"measured_pass_at_k(n=2,k=8)",1.0
kodcode-1b181fcb6944,ut_pytest,,en,excluded,excluded,TOO_EASY,PROMPT_FIX_ENTRY_POINT,0,0,0.25,"measured_pass_at_k(n=2,k=8)",1.0
kodcode-4092f182e74a,ut_pytest,,en,train,ok,,PROMPT_FIX_ENTRY_POINT,0,0,0.75,"measured_pass_at_k(n=2,k=8)",0.375
kodcode-b5e90541ebb7,ut_pytest,,en,excluded,excluded,TOO_EASY,PROMPT_FIX_ENTRY_POINT,0,0,0.5,"measured_pass_at_k(n=2,k=8)",1.0
kodcode-cd9c8d720a3d,ut_pytest,,en,excluded,excluded,TOO_EASY,PROMPT_FIX_ENTRY_POINT,0,0,0.5,"measured_pass_at_k(n=2,k=8)",1.0
kodcode-374542da1af9,ut_pytest,,en,validation,ok,,PROMPT_FIX_ENTRY_POINT,0,0,0.375,"measured_pass_at_k(n=2,k=16)",
kodcode-d1325f058c5b,ut_pytest,,en,train,ok,,PROMPT_FIX_ENTRY_POINT,0,0,0.25,"measured_pass_at_k(n=2,k=8)",0.375
kodcode-e3e756f1bf7d,ut_pytest,,en,test,ok,,PROMPT_FIX_ENTRY_POINT,0,0,0.25,"measured_pass_at_k(n=2,k=8)",
kodcode-b3ae0bab8cde,ut_pytest,,en,train,ok,,PROMPT_FIX_ENTRY_POINT,0,0,0.5,"measured_pass_at_k(n=2,k=8)",0.375
opencodeinstruct-9778526646b5,ut_function,,en,excluded,excluded,TOO_EASY,PROMPT_FIX_ENTRY_POINT,0,0,0.25,"measured_pass_at_k(n=2,k=8)",1.0
kodcode-fc7f066ff75f,ut_pytest,,en,excluded,excluded,TOO_EASY,PROMPT_FIX_ENTRY_POINT,0,0,0.5,"measured_pass_at_k(n=2,k=8)",1.0
kodcode-f7da9e6aedef,ut_pytest,,en,excluded,excluded,TOO_HARD,PROMPT_FIX_ENTRY_POINT,0,0,0.5,"measured_pass_at_k(n=2,k=8)",0.0
kodcode-4358448926ff,ut_pytest,,en,train,ok,,PROMPT_FIX_ENTRY_POINT,0,0,0.25,"measured_pass_at_k(n=2,k=8)",0.125
kodcode-e43ba335d0d6,ut_pytest,,en,train,ok,,PROMPT_FIX_ENTRY_POINT,0,0,0.5,"measured_pass_at_k(n=2,k=8)",0.875
kodcode-2addbd7e8fb5,ut_pytest,,en,train,ok,,PROMPT_FIX_ENTRY_POINT,0,0,0.375,"measured_pass_at_k(n=2,k=16)",0.25
kodcode-d819fe56b80c,ut_pytest,,en,test,ok,,PROMPT_FIX_ENTRY_POINT,0,0,0.25,"measured_pass_at_k(n=2,k=8)",
kodcode-fd3b37095c4b,ut_pytest,,en,excluded,excluded,TOO_EASY,PROMPT_FIX_ENTRY_POINT,0,0,0.25,"measured_pass_at_k(n=2,k=16)",1.0
kodcode-8f8cf093f4e6,ut_pytest,,en,train,ok,,PROMPT_FIX_ENTRY_POINT,0,0,0.25,"measured_pass_at_k(n=2,k=8)",0.5
kodcode-b9e2c0617d85,ut_pytest,,en,train,ok,,PROMPT_FIX_ENTRY_POINT,0,0,0.25,"measured_pass_at_k(n=2,k=8)",0.5
ko-native-921aa8669644,ut_function,,ko,train,ok,,PROMPT_FIX_ENTRY_POINT,0,0,0.25,"measured_pass_at_k(n=1,k=4)",0.875
ko-native-6bdd5af30f8d,ut_function,,ko,validation,ok,,PROMPT_FIX_ENTRY_POINT,0,0,0.5,"measured_pass_at_k(n=1,k=4)",
rstar-58b9e82f8eae,ut_stdio,,en,train,ok,,no_reference_solution,0,0,0.25,"measured_pass_at_k(n=2,k=8)",0.25
rstar-acf6abbb2130,ut_stdio,,en,excluded,excluded,TOO_EASY,no_reference_solution,0,0,0.75,"measured_pass_at_k(n=2,k=8)",1.0
rstar-d6e837812813,ut_stdio,,en,train,ok,,no_reference_solution;HARD_BUT_PARTIAL_SIGNAL,0,0,0.5,"measured_pass_at_k(n=2,k=8)",0.0
rstar-9bb6013f1c7e,ut_stdio,,en,train,ok,,no_reference_solution,0,0,0.5,"measured_pass_at_k(n=2,k=8)",0.75
rstar-75cc5ea0688d,ut_stdio,,en,validation,ok,,no_reference_solution,0,0,0.75,"measured_pass_at_k(n=2,k=8)",
rstar-cb39a6662bd1,ut_stdio,,en,train,ok,,no_reference_solution,0,0,0.5,"measured_pass_at_k(n=2,k=8)",0.75
rstar-a9f02611e3c6,ut_stdio,,en,train,ok,,no_reference_solution,0,0,0.5,"measured_pass_at_k(n=2,k=8)",0.25
rstar-900bc7bca106,ut_stdio,,en,excluded,excluded,TOO_EASY,no_reference_solution,0,0,0.75,"measured_pass_at_k(n=2,k=8)",1.0
rstar-7e25a2d60997,ut_stdio,,en,train,ok,,no_reference_solution,0,0,0.25,"measured_pass_at_k(n=2,k=16)",0.125
rstar-1a8ede5ef36a,ut_stdio,,en,excluded,excluded,TOO_HARD,no_reference_solution,0,0,0.25,"measured_pass_at_k(n=2,k=8)",0.0
rstar-209d4fc57b3b,ut_stdio,,en,test,ok,,no_reference_solution,0,0,0.5,"measured_pass_at_k(n=2,k=8)",
rstar-97db0ef8f87e,ut_stdio,,en,train,ok,,no_reference_solution,0,0,0.75,"measured_pass_at_k(n=2,k=8)",0.75
rstar-c26e339781d0,ut_stdio,,en,train,ok,,no_reference_solution,0,0,0.5,"measured_pass_at_k(n=2,k=8)",0.125
rstar-84ce64293077,ut_stdio,,en,validation,ok,,no_reference_solution,0,0,0.25,"measured_pass_at_k(n=2,k=16)",
rstar-06a2dd52a80e,ut_stdio,,en,test,ok,,no_reference_solution,0,0,0.5,"measured_pass_at_k(n=2,k=8)",
rstar-5ea456cc4dcd,ut_stdio,,en,train,ok,,no_reference_solution,0,0,0.5,"measured_pass_at_k(n=2,k=8)",0.125
rstar-ec19e916768e,ut_stdio,,en,train,ok,,no_reference_solution,0,0,0.25,"measured_pass_at_k(n=2,k=8)",0.625
rstar-196d05af4681,ut_stdio,,en,test,ok,,no_reference_solution,0,0,0.5,"measured_pass_at_k(n=2,k=8)",
rstar-7b943347ad90,ut_stdio,,en,train,ok,,no_reference_solution,0,0,0.75,"measured_pass_at_k(n=2,k=8)",0.5
rstar-c09656a687b0,ut_stdio,,en,validation,ok,,no_reference_solution,0,0,0.25,"measured_pass_at_k(n=2,k=8)",
opencodeinstruct-70c7f4bafe62,ut_function,,en,excluded,excluded,TOO_EASY,PROMPT_FIX_ENTRY_POINT,0,0,0.25,"measured_pass_at_k(n=2,k=8)",1.0
opencodeinstruct-4eab6f050b4e,ut_function,,en,excluded,excluded,TOO_EASY,PROMPT_FIX_ENTRY_POINT,0,0,0.5,"measured_pass_at_k(n=2,k=8)",1.0
opencodeinstruct-1b00aae6663b,ut_function,,en,excluded,excluded,TOO_EASY,PROMPT_FIX_ENTRY_POINT,0,0,0.5,"measured_pass_at_k(n=2,k=8)",1.0
opencodeinstruct-a4eb441375fe,ut_function,,en,validation,ok,,PROMPT_FIX_ENTRY_POINT,0,0,0.25,"measured_pass_at_k(n=2,k=8)",
opencodeinstruct-52de7274e6ac,ut_function,,en,excluded,excluded,TOO_HARD,PROMPT_FIX_ENTRY_POINT,0,0,0.5,"measured_pass_at_k(n=2,k=8)",0.0
opencodeinstruct-ded3b62e0c9f,ut_function,,en,train,ok,,PROMPT_FIX_ENTRY_POINT,0,0,0.5,"measured_pass_at_k(n=2,k=8)",0.875
opencodeinstruct-ef456eb3b83b,ut_function,,en,excluded,excluded,TOO_EASY,PROMPT_FIX_ENTRY_POINT,0,0,0.25,"measured_pass_at_k(n=2,k=8)",1.0
opencodeinstruct-eafd499b0b31,ut_function,,en,excluded,excluded,TOO_EASY,PROMPT_FIX_ENTRY_POINT,0,0,0.25,"measured_pass_at_k(n=2,k=8)",1.0
opencodeinstruct-b3c720446a1a,ut_function,,en,excluded,excluded,TOO_EASY,PROMPT_FIX_ENTRY_POINT,0,0,0.25,"measured_pass_at_k(n=2,k=8)",1.0
opencodeinstruct-edb076eb18ed,ut_function,,en,test,ok,,PROMPT_FIX_ENTRY_POINT,0,0,0.5,"measured_pass_at_k(n=2,k=16)",
opencodeinstruct-5fe3d972bfcd,ut_function,,en,excluded,excluded,TOO_EASY,PROMPT_FIX_ENTRY_POINT,0,0,0.25,"measured_pass_at_k(n=2,k=8)",1.0
opencodeinstruct-0b8a63b04ff6,ut_function,,en,excluded,excluded,TOO_EASY,PROMPT_FIX_ENTRY_POINT,0,0,0.5,"measured_pass_at_k(n=2,k=8)",1.0
opencodeinstruct-f768ffad9b37,ut_function,,en,train,ok,,PROMPT_FIX_ENTRY_POINT,0,0,0.5,"measured_pass_at_k(n=2,k=8)",0.75
opencodeinstruct-550573f75fcb,ut_function,,en,train,ok,,PROMPT_FIX_ENTRY_POINT,0,0,0.5,"measured_pass_at_k(n=2,k=8)",0.75
opencodeinstruct-6a2c7b24f4ef,ut_function,,en,train,ok,,PROMPT_FIX_ENTRY_POINT,0,0,0.25,"measured_pass_at_k(n=2,k=8)",0.875
opencodeinstruct-9592c67fce16,ut_function,,en,excluded,excluded,TOO_HARD,PROMPT_FIX_ENTRY_POINT,0,0,0.75,"measured_pass_at_k(n=2,k=8)",0.0
opencodeinstruct-f4cc906d11f6,ut_function,,en,excluded,excluded,TOO_EASY,PROMPT_FIX_ENTRY_POINT,0,0,0.75,"measured_pass_at_k(n=2,k=8)",1.0
opencodeinstruct-126c5566e2d1,ut_function,,en,test,ok,,PROMPT_FIX_ENTRY_POINT,0,0,0.25,"measured_pass_at_k(n=2,k=8)",
opencodeinstruct-50c44a715379,ut_function,,en,train,ok,,PROMPT_FIX_ENTRY_POINT,0,0,0.5,"measured_pass_at_k(n=2,k=8)",0.125
opencodeinstruct-3324cfcabd45,ut_function,,en,excluded,excluded,TOO_EASY,PROMPT_FIX_ENTRY_POINT,0,0,0.25,"measured_pass_at_k(n=2,k=8)",1.0
opencodeinstruct-93d741910a3b,ut_function,,en,test,ok,,PROMPT_FIX_ENTRY_POINT,0,0,0.5,"measured_pass_at_k(n=2,k=8)",
opencodeinstruct-b86b3d4aaf2a,ut_function,,en,excluded,excluded,TOO_HARD,PROMPT_FIX_ENTRY_POINT,0,0,0.25,"measured_pass_at_k(n=2,k=16)",0.0
opencodeinstruct-19e4b4cfc9aa,ut_function,,en,excluded,excluded,TOO_EASY,PROMPT_FIX_ENTRY_POINT,0,0,0.5,"measured_pass_at_k(n=2,k=8)",1.0
opencodeinstruct-0d2e7690a54b,ut_function,,en,excluded,excluded,TOO_EASY,PROMPT_FIX_ENTRY_POINT,0,0,0.5,"measured_pass_at_k(n=2,k=8)",1.0
opencodeinstruct-5982df7f0342,ut_function,,en,excluded,excluded,TOO_EASY,PROMPT_FIX_ENTRY_POINT,0,0,0.5,"measured_pass_at_k(n=2,k=8)",1.0
opencodeinstruct-c5753280c4ef,ut_function,,en,validation,ok,,PROMPT_FIX_ENTRY_POINT,0,0,0.5,"measured_pass_at_k(n=2,k=8)",
opencodeinstruct-0ea17f209f5a,ut_function,,en,excluded,excluded,TOO_EASY,PROMPT_FIX_ENTRY_POINT,0,0,0.5,"measured_pass_at_k(n=2,k=8)",1.0
opencodeinstruct-79cef2599bd6,ut_function,,en,excluded,excluded,TOO_EASY,PROMPT_FIX_ENTRY_POINT,0,0,0.25,"measured_pass_at_k(n=2,k=8)",1.0
opencodeinstruct-dd4138f32239,ut_function,,en,train,ok,,PROMPT_FIX_ENTRY_POINT,0,0,0.25,"measured_pass_at_k(n=2,k=8)",0.5
opencodeinstruct-b2f9da6df763,ut_function,,en,train,ok,,PROMPT_FIX_ENTRY_POINT,0,0,0.375,"measured_pass_at_k(n=2,k=16)",0.375
opencodeinstruct-3dba03d41445,ut_function,,en,excluded,excluded,TOO_EASY,PROMPT_FIX_ENTRY_POINT,0,0,0.5,"measured_pass_at_k(n=2,k=8)",1.0
opencodeinstruct-cbcea8978c8a,ut_function,,en,test,ok,,PROMPT_FIX_ENTRY_POINT,0,0,0.5,"measured_pass_at_k(n=2,k=8)",
opencodeinstruct-f58ea6570584,ut_function,,en,test,ok,,PROMPT_FIX_ENTRY_POINT,0,0,0.5,"measured_pass_at_k(n=2,k=8)",
opencodeinstruct-f16142fdbc5d,ut_function,,en,excluded,excluded,TOO_EASY,PROMPT_FIX_ENTRY_POINT,0,0,0.5,"measured_pass_at_k(n=2,k=8)",1.0
opencodeinstruct-75befa2bb94e,ut_function,,en,validation,ok,,PROMPT_FIX_ENTRY_POINT,0,0,0.5,"measured_pass_at_k(n=2,k=8)",
opencodeinstruct-f6aa98c187a6,ut_function,,en,excluded,excluded,TOO_EASY,PROMPT_FIX_ENTRY_POINT,0,0,0.75,"measured_pass_at_k(n=2,k=8)",1.0
opencodeinstruct-664fa0f347a9,ut_function,,en,excluded,excluded,TOO_EASY,PROMPT_FIX_ENTRY_POINT,0,0,0.25,"measured_pass_at_k(n=2,k=8)",1.0
opencodeinstruct-194382fc11e4,ut_function,,en,excluded,excluded,TOO_EASY,PROMPT_FIX_ENTRY_POINT,0,0,0.75,"measured_pass_at_k(n=2,k=8)",1.0
opencodeinstruct-c263624551ba,ut_function,,en,excluded,excluded,TOO_EASY,PROMPT_FIX_ENTRY_POINT,0,0,0.5,"measured_pass_at_k(n=2,k=8)",1.0
opencodeinstruct-33ba7685935d,ut_function,,en,excluded,excluded,TOO_EASY,PROMPT_FIX_ENTRY_POINT,0,0,0.5,"measured_pass_at_k(n=2,k=8)",1.0
opencodeinstruct-e6c9fec73d65,ut_function,,en,excluded,excluded,TOO_HARD,PROMPT_FIX_ENTRY_POINT,0,0,0.5,"measured_pass_at_k(n=2,k=8)",0.0
kodcode-15466cb3ed59,ut_pytest,,en,excluded,excluded,TOO_EASY,PROMPT_FIX_ENTRY_POINT,0,0,0.75,"measured_pass_at_k(n=2,k=8)",1.0
kodcode-42107edf6b4a,ut_pytest,,en,excluded,excluded,TOO_EASY,PROMPT_FIX_ENTRY_POINT,0,0,0.5,"measured_pass_at_k(n=2,k=8)",1.0
opencodeinstruct-c4fa63362fc6,ut_function,,en,test,ok,,PROMPT_FIX_ENTRY_POINT,0,0,0.25,"measured_pass_at_k(n=2,k=8)",
kodcode-f8ef1e645018,ut_pytest,,en,test,ok,,PROMPT_FIX_ENTRY_POINT,0,0,0.5,"measured_pass_at_k(n=2,k=8)",
kodcode-cbfdedbefcf3,ut_pytest,,en,excluded,excluded,TOO_EASY,PROMPT_FIX_ENTRY_POINT,0,0,0.5,"measured_pass_at_k(n=2,k=8)",1.0
kodcode-2a72791b62fd,ut_pytest,,en,train,ok,,PROMPT_FIX_ENTRY_POINT,0,0,0.75,"measured_pass_at_k(n=2,k=16)",0.125
kodcode-c9b7ae0b55a8,ut_pytest,,en,excluded,excluded,TOO_HARD,PROMPT_FIX_ENTRY_POINT,0,0,0.25,"measured_pass_at_k(n=2,k=16)",0.0
kodcode-1b7acd0e3795,ut_pytest,,en,validation,ok,,PROMPT_FIX_ENTRY_POINT,0,0,0.25,"measured_pass_at_k(n=2,k=8)",
kodcode-755e26c73549,ut_pytest,,en,excluded,excluded,TOO_EASY,PROMPT_FIX_ENTRY_POINT,0,0,0.25,"measured_pass_at_k(n=2,k=16)",1.0
kodcode-eacea05cfa24,ut_pytest,,en,excluded,excluded,TOO_EASY,PROMPT_FIX_ENTRY_POINT,0,0,0.25,"measured_pass_at_k(n=2,k=8)",1.0
kodcode-8cba63d6ff26,ut_pytest,,en,excluded,excluded,TOO_EASY,PROMPT_FIX_ENTRY_POINT,0,0,0.5,"measured_pass_at_k(n=2,k=8)",1.0
kodcode-15d410e83c4b,ut_pytest,,en,train,ok,,PROMPT_FIX_ENTRY_POINT,0,0,0.25,"measured_pass_at_k(n=2,k=8)",0.75
kodcode-51a70dd39399,ut_pytest,,en,test,ok,,PROMPT_FIX_ENTRY_POINT,0,0,0.25,"measured_pass_at_k(n=2,k=16)",
kodcode-d44b96507cda,ut_pytest,,en,train,ok,,PROMPT_FIX_ENTRY_POINT,0,0,0.75,"measured_pass_at_k(n=2,k=8)",0.25
kodcode-de18e5eb7ae1,ut_pytest,,en,train,ok,,PROMPT_FIX_ENTRY_POINT,0,0,0.25,"measured_pass_at_k(n=2,k=8)",0.75
kodcode-3ae147aa34e9,ut_pytest,,en,excluded,excluded,TOO_EASY,PROMPT_FIX_ENTRY_POINT,0,0,0.75,"measured_pass_at_k(n=2,k=8)",1.0
kodcode-a2f164c73db0,ut_pytest,,en,train,ok,,PROMPT_FIX_ENTRY_POINT,0,0,0.75,"measured_pass_at_k(n=2,k=8)",0.125
kodcode-b1540d08556c,ut_pytest,,en,excluded,excluded,TOO_EASY,PROMPT_FIX_ENTRY_POINT,0,0,0.75,"measured_pass_at_k(n=2,k=8)",1.0
kodcode-3e2bed14f216,ut_pytest,,en,train,ok,,PROMPT_FIX_ENTRY_POINT,0,0,0.5,"measured_pass_at_k(n=2,k=8)",0.875
kodcode-4c836c462d47,ut_pytest,,en,train,ok,,PROMPT_FIX_ENTRY_POINT,0,0,0.5,"measured_pass_at_k(n=2,k=8)",0.5
kodcode-54f2abb985d7,ut_pytest,,en,excluded,excluded,TOO_EASY,PROMPT_FIX_ENTRY_POINT,0,0,0.375,"measured_pass_at_k(n=2,k=16)",1.0
kodcode-d6082e1ba22f,ut_pytest,,en,excluded,excluded,TOO_EASY,PROMPT_FIX_ENTRY_POINT,0,0,0.5,"measured_pass_at_k(n=2,k=8)",1.0
opencodeinstruct-d581bb83eb53,ut_function,,en,train,ok,,PROMPT_FIX_ENTRY_POINT,0,0,0.5,"measured_pass_at_k(n=2,k=8)",0.875
kodcode-b5a995ee2410,ut_pytest,,en,excluded,excluded,TOO_HARD,PROMPT_FIX_ENTRY_POINT,0,0,0.5,"measured_pass_at_k(n=2,k=8)",0.0
kodcode-20f6df83f22d,ut_pytest,,en,excluded,excluded,TOO_HARD,PROMPT_FIX_ENTRY_POINT,0,0,0.625,"measured_pass_at_k(n=2,k=16)",0.0
kodcode-1f0251a1167a,ut_pytest,,en,train,ok,,PROMPT_FIX_ENTRY_POINT,0,0,0.75,"measured_pass_at_k(n=2,k=8)",0.625
opencodeinstruct-6f5a45640d83,ut_function,,en,excluded,excluded,TOO_EASY,PROMPT_FIX_ENTRY_POINT,0,0,0.5,"measured_pass_at_k(n=2,k=8)",1.0
kodcode-20f128cdc381,ut_pytest,,en,excluded,excluded,TOO_EASY,PROMPT_FIX_ENTRY_POINT,0,0,0.5,"measured_pass_at_k(n=2,k=8)",1.0
kodcode-718eb0e904f9,ut_pytest,,en,excluded,excluded,TOO_EASY,PROMPT_FIX_ENTRY_POINT,0,0,0.75,"measured_pass_at_k(n=2,k=8)",1.0
kodcode-8b3baf470db7,ut_pytest,,en,excluded,excluded,TOO_EASY,PROMPT_FIX_ENTRY_POINT,0,0,0.25,"measured_pass_at_k(n=2,k=8)",1.0
kodcode-b519b3758d68,ut_pytest,,en,excluded,excluded,TOO_HARD,PROMPT_FIX_ENTRY_POINT,0,0,0.25,"measured_pass_at_k(n=2,k=8)",0.0
kodcode-12e8e5076e08,ut_pytest,,en,train,ok,,PROMPT_FIX_ENTRY_POINT,0,0,0.75,"measured_pass_at_k(n=2,k=8)",0.875
kodcode-7dea1dd2b2c9,ut_pytest,,en,train,ok,,PROMPT_FIX_ENTRY_POINT,0,0,0.25,"measured_pass_at_k(n=2,k=8)",0.5
kodcode-45e0b1b0a127,ut_pytest,,en,excluded,excluded,TOO_EASY,PROMPT_FIX_ENTRY_POINT,0,0,0.25,"measured_pass_at_k(n=2,k=8)",1.0
kodcode-b86183b147cb,ut_pytest,,en,excluded,excluded,TOO_HARD,PROMPT_FIX_ENTRY_POINT,0,0,0.25,"measured_pass_at_k(n=2,k=16)",0.0
kodcode-38394d0947c5,ut_pytest,,en,train,ok,,HARD_BUT_PARTIAL_SIGNAL;PROMPT_FIX_ENTRY_POINT,0,0,0.25,"measured_pass_at_k(n=2,k=8)",0.0
opencodeinstruct-aa926e3a2e13,ut_function,,en,excluded,excluded,TOO_EASY,PROMPT_FIX_ENTRY_POINT,0,0,0.25,"measured_pass_at_k(n=2,k=8)",1.0
opencodeinstruct-7927dccbc496,ut_function,,en,excluded,excluded,TOO_EASY,PROMPT_FIX_ENTRY_POINT,0,0,0.5,"measured_pass_at_k(n=2,k=8)",1.0
ko-native-db2ae5f31ace,ut_function,,ko,excluded,excluded,TOO_EASY,PROMPT_FIX_ENTRY_POINT,0,0,0.5,"measured_pass_at_k(n=1,k=4)",1.0
ko-native-5df1a184aac1,ut_function,,ko,excluded,excluded,TOO_EASY,PROMPT_FIX_ENTRY_POINT,0,0,0.25,"measured_pass_at_k(n=1,k=4)",1.0
rstar-927a1c325202,ut_stdio,,en,train,ok,,no_reference_solution,0,0,0.25,"measured_pass_at_k(n=2,k=8)",0.875
rstar-dc360737d105,ut_stdio,,en,train,ok,,no_reference_solution,0,0,0.5,"measured_pass_at_k(n=2,k=8)",0.125
rstar-40f4c57aaa37,ut_stdio,,en,excluded,excluded,TOO_EASY,no_reference_solution,0,0,0.25,"measured_pass_at_k(n=2,k=8)",1.0
rstar-971edcd34793,ut_stdio,,en,train,ok,,no_reference_solution,0,0,0.75,"measured_pass_at_k(n=2,k=8)",0.125
rstar-a23e9c46e4ba,ut_stdio,,en,validation,ok,,no_reference_solution,0,0,0.25,"measured_pass_at_k(n=2,k=8)",
rstar-1b56cb5d5d09,ut_stdio,,en,excluded,excluded,TOO_HARD,no_reference_solution,0,0,0.75,"measured_pass_at_k(n=2,k=8)",0.0
rstar-3b91f9efb790,ut_stdio,,en,excluded,excluded,TOO_EASY,no_reference_solution,0,0,0.75,"measured_pass_at_k(n=2,k=8)",1.0
rstar-0bfa537b3fd5,ut_stdio,,en,excluded,excluded,TOO_HARD,no_reference_solution,0,0,0.75,"measured_pass_at_k(n=2,k=8)",0.0
rstar-9fe395c69ddf,ut_stdio,,en,excluded,excluded,TOO_EASY,no_reference_solution,0,0,0.5,"measured_pass_at_k(n=2,k=8)",1.0
rstar-342b23b46519,ut_stdio,,en,validation,ok,,no_reference_solution,0,0,0.75,"measured_pass_at_k(n=2,k=8)",
rstar-30b9e4dbf7ce,ut_stdio,,en,train,ok,,no_reference_solution,0,0,0.5,"measured_pass_at_k(n=2,k=8)",0.875
rstar-283b2e066b72,ut_stdio,,en,train,ok,,no_reference_solution,0,0,0.5,"measured_pass_at_k(n=2,k=8)",0.125
rstar-66f81dd4dade,ut_stdio,,en,train,ok,,no_reference_solution,0,0,0.25,"measured_pass_at_k(n=2,k=8)",0.5
rstar-831fd2481e9c,ut_stdio,,en,validation,ok,,no_reference_solution,0,0,0.5,"measured_pass_at_k(n=2,k=8)",
rstar-f3cac67aa9da,ut_stdio,,en,train,ok,,no_reference_solution,0,0,0.25,"measured_pass_at_k(n=2,k=8)",0.5
rstar-e20987c03964,ut_stdio,,en,validation,ok,,no_reference_solution,0,0,0.5,"measured_pass_at_k(n=2,k=8)",
rstar-e3ac5194d267,ut_stdio,,en,excluded,excluded,TOO_EASY,no_reference_solution,0,0,0.5,"measured_pass_at_k(n=2,k=8)",1.0
rstar-1fff193d5669,ut_stdio,,en,excluded,excluded,TOO_EASY,no_reference_solution,0,0,0.5,"measured_pass_at_k(n=2,k=8)",1.0
rstar-76b2cee81606,ut_stdio,,en,train,ok,,no_reference_solution;HARD_BUT_PARTIAL_SIGNAL,0,0,0.25,"measured_pass_at_k(n=2,k=8)",0.0
rstar-39d355089e87,ut_stdio,,en,validation,ok,,no_reference_solution,0,0,0.5,"measured_pass_at_k(n=2,k=8)",
rstar-64ac6a9ae65b,ut_stdio,,en,train,ok,,no_reference_solution,0,0,0.75,"measured_pass_at_k(n=2,k=8)",0.375
rstar-1f48c0510643,ut_stdio,,en,excluded,excluded,TOO_EASY,no_reference_solution,0,0,0.5,"measured_pass_at_k(n=2,k=8)",1.0
rstar-56662c970d05,ut_stdio,,en,train,ok,,no_reference_solution,0,0,0.25,"measured_pass_at_k(n=2,k=8)",0.5
rstar-61f640cd7328,ut_stdio,,en,excluded,excluded,TOO_EASY,no_reference_solution,0,0,0.625,"measured_pass_at_k(n=2,k=16)",1.0
rstar-9e999cac66ae,ut_stdio,,en,validation,ok,,no_reference_solution,0,0,0.5,"measured_pass_at_k(n=2,k=8)",
rstar-71e262bb0cb0,ut_stdio,,en,train,ok,,no_reference_solution,0,0,0.75,"measured_pass_at_k(n=2,k=8)",0.875
rstar-a10c6313006b,ut_stdio,,en,excluded,excluded,TOO_EASY,no_reference_solution,0,0,0.25,"measured_pass_at_k(n=2,k=16)",1.0
rstar-8aa8bead806d,ut_stdio,,en,excluded,excluded,TOO_HARD,no_reference_solution,0,0,0.25,"measured_pass_at_k(n=2,k=8)",0.0
rstar-8cad98378f4e,ut_stdio,,en,train,ok,,no_reference_solution;HARD_BUT_PARTIAL_SIGNAL,0,0,0.25,"measured_pass_at_k(n=2,k=8)",0.0
opencodeinstruct-57f4cda2cdc4,ut_function,,en,excluded,excluded,TOO_EASY,PROMPT_FIX_ENTRY_POINT,0,0,0.25,"measured_pass_at_k(n=2,k=8)",1.0
opencodeinstruct-52721a6c2617,ut_function,,en,train,ok,,PROMPT_FIX_ENTRY_POINT,0,0,0.5,"measured_pass_at_k(n=2,k=8)",0.25
opencodeinstruct-cc103b27e0a1,ut_function,,en,excluded,excluded,TOO_EASY,PROMPT_FIX_ENTRY_POINT,0,0,0.75,"measured_pass_at_k(n=2,k=8)",1.0
opencodeinstruct-9ab143afc8f6,ut_function,,en,validation,ok,,PROMPT_FIX_ENTRY_POINT,0,0,0.5,"measured_pass_at_k(n=2,k=8)",
opencodeinstruct-9505204308a3,ut_function,,en,excluded,excluded,TOO_EASY,PROMPT_FIX_ENTRY_POINT,0,0,0.25,"measured_pass_at_k(n=2,k=8)",1.0
opencodeinstruct-3199f6e29b5c,ut_function,,en,train,ok,,HARD_BUT_PARTIAL_SIGNAL;PROMPT_FIX_ENTRY_POINT,0,0,0.5,"measured_pass_at_k(n=2,k=8)",0.0
opencodeinstruct-472db9c2463c,ut_function,,en,excluded,excluded,TOO_EASY,PROMPT_FIX_ENTRY_POINT,0,0,0.5,"measured_pass_at_k(n=2,k=8)",1.0
opencodeinstruct-42b0e62b1151,ut_function,,en,validation,ok,,PROMPT_FIX_ENTRY_POINT,0,0,0.5,"measured_pass_at_k(n=2,k=8)",
opencodeinstruct-8fa490cb95c4,ut_function,,en,excluded,excluded,TOO_EASY,PROMPT_FIX_ENTRY_POINT,0,0,0.25,"measured_pass_at_k(n=2,k=8)",1.0
opencodeinstruct-673ca0cb6517,ut_function,,en,test,ok,,PROMPT_FIX_ENTRY_POINT,0,0,0.5,"measured_pass_at_k(n=2,k=8)",
opencodeinstruct-f8c5cc033f3f,ut_function,,en,train,ok,,PROMPT_FIX_ENTRY_POINT,0,0,0.5,"measured_pass_at_k(n=2,k=16)",0.625
opencodeinstruct-3cae5f79482d,ut_function,,en,excluded,excluded,TOO_EASY,PROMPT_FIX_ENTRY_POINT,0,0,0.25,"measured_pass_at_k(n=2,k=16)",1.0
opencodeinstruct-d8d704b95cdf,ut_function,,en,test,ok,,PROMPT_FIX_ENTRY_POINT,0,0,0.25,"measured_pass_at_k(n=2,k=8)",
opencodeinstruct-13e2ed2dec23,ut_function,,en,excluded,excluded,TOO_EASY,PROMPT_FIX_ENTRY_POINT,0,0,0.5,"measured_pass_at_k(n=2,k=8)",1.0
opencodeinstruct-2e55718fefce,ut_function,,en,excluded,excluded,TOO_EASY,PROMPT_FIX_ENTRY_POINT,0,0,0.5,"measured_pass_at_k(n=2,k=8)",1.0
opencodeinstruct-24187f3a2866,ut_function,,en,excluded,excluded,TOO_EASY,PROMPT_FIX_ENTRY_POINT,0,0,0.5,"measured_pass_at_k(n=2,k=8)",1.0
opencodeinstruct-91646f2799ba,ut_function,,en,excluded,excluded,TOO_EASY,PROMPT_FIX_ENTRY_POINT,0,0,0.375,"measured_pass_at_k(n=2,k=16)",1.0
opencodeinstruct-3c6aa938e9e6,ut_function,,en,excluded,excluded,TOO_EASY,PROMPT_FIX_ENTRY_POINT,0,0,0.5,"measured_pass_at_k(n=2,k=16)",1.0
opencodeinstruct-7b1c7283ed04,ut_function,,en,train,ok,,PROMPT_FIX_ENTRY_POINT,0,0,0.25,"measured_pass_at_k(n=2,k=8)",0.875
opencodeinstruct-61c265b2cdc3,ut_function,,en,train,ok,,PROMPT_FIX_ENTRY_POINT,0,0,0.75,"measured_pass_at_k(n=2,k=8)",0.625
opencodeinstruct-730c8dbc8624,ut_function,,en,excluded,excluded,TOO_EASY,PROMPT_FIX_ENTRY_POINT,0,0,0.75,"measured_pass_at_k(n=2,k=16)",1.0
opencodeinstruct-62ef0d7b3a83,ut_function,,en,excluded,excluded,TOO_EASY,PROMPT_FIX_ENTRY_POINT,0,0,0.5,"measured_pass_at_k(n=2,k=8)",1.0
kodcode-d285aaf5f373,ut_pytest,,en,train,ok,,PROMPT_FIX_ENTRY_POINT,0,0,0.25,"measured_pass_at_k(n=2,k=8)",0.875
opencodeinstruct-0eb9f2b26bd8,ut_function,,en,excluded,excluded,TOO_EASY,PROMPT_FIX_ENTRY_POINT,0,0,0.25,"measured_pass_at_k(n=2,k=16)",1.0
kodcode-7469a2b30a9e,ut_pytest,,en,test,ok,,PROMPT_FIX_ENTRY_POINT,0,0,0.25,"measured_pass_at_k(n=2,k=8)",
opencodeinstruct-7e435ebcfc40,ut_function,,en,excluded,excluded,TOO_EASY,PROMPT_FIX_ENTRY_POINT,0,0,0.5,"measured_pass_at_k(n=2,k=8)",1.0
kodcode-89f2a83b3c81,ut_pytest,,en,train,ok,,PROMPT_FIX_ENTRY_POINT,0,0,0.25,"measured_pass_at_k(n=2,k=16)",0.5
opencodeinstruct-152c4dd1ba46,ut_function,,en,excluded,excluded,TOO_EASY,,0,0,0.5,"measured_pass_at_k(n=2,k=8)",1.0
kodcode-ce4cfa8f129d,ut_pytest,,en,train,ok,,PROMPT_FIX_ENTRY_POINT,0,0,0.5,"measured_pass_at_k(n=2,k=8)",0.875
kodcode-ed58a13087e3,ut_pytest,,en,excluded,excluded,TOO_EASY,PROMPT_FIX_ENTRY_POINT,0,0,0.5,"measured_pass_at_k(n=2,k=8)",1.0
kodcode-74677fdd6314,ut_pytest,,en,excluded,excluded,TOO_EASY,PROMPT_FIX_ENTRY_POINT,0,0,0.5,"measured_pass_at_k(n=2,k=8)",1.0
kodcode-a48510d7412a,ut_pytest,,en,train,ok,,PROMPT_FIX_ENTRY_POINT,0,0,0.5,"measured_pass_at_k(n=2,k=8)",0.875
kodcode-5bd635b74415,ut_pytest,,en,train,ok,,PROMPT_FIX_ENTRY_POINT,0,0,0.5,"measured_pass_at_k(n=2,k=8)",0.5
kodcode-bc51ee177149,ut_pytest,,en,train,ok,,PROMPT_FIX_ENTRY_POINT,0,0,0.75,"measured_pass_at_k(n=2,k=8)",0.875
kodcode-38a0bfcbb3c7,ut_pytest,,en,excluded,excluded,TOO_HARD,PROMPT_FIX_ENTRY_POINT,0,0,0.75,"measured_pass_at_k(n=2,k=8)",0.0
kodcode-9cfb7b772728,ut_pytest,,en,excluded,excluded,TOO_EASY,PROMPT_FIX_ENTRY_POINT,0,0,0.25,"measured_pass_at_k(n=2,k=8)",1.0
kodcode-0c2d99f99f25,ut_pytest,,en,excluded,excluded,TOO_EASY,PROMPT_FIX_ENTRY_POINT,0,0,0.25,"measured_pass_at_k(n=2,k=8)",1.0
kodcode-2ce87877a253,ut_pytest,,en,validation,ok,,PROMPT_FIX_ENTRY_POINT,0,0,0.25,"measured_pass_at_k(n=2,k=8)",
kodcode-b88f2d2641ac,ut_pytest,,en,train,ok,,PROMPT_FIX_ENTRY_POINT,0,0,0.25,"measured_pass_at_k(n=2,k=8)",0.875
kodcode-11bfa02d8e6e,ut_pytest,,en,excluded,excluded,TOO_EASY,PROMPT_FIX_ENTRY_POINT,0,0,0.25,"measured_pass_at_k(n=2,k=8)",1.0
kodcode-3dbb1296b4b2,ut_pytest,,en,excluded,excluded,TOO_EASY,PROMPT_FIX_ENTRY_POINT,0,0,0.25,"measured_pass_at_k(n=2,k=8)",1.0
kodcode-05cd41fb6d05,ut_pytest,,en,excluded,excluded,TOO_HARD,PROMPT_FIX_ENTRY_POINT,0,0,0.75,"measured_pass_at_k(n=2,k=8)",0.0
kodcode-a8e239011299,ut_pytest,,en,validation,ok,,PROMPT_FIX_ENTRY_POINT,0,0,0.25,"measured_pass_at_k(n=2,k=8)",
kodcode-96a5ca2edb4d,ut_pytest,,en,train,ok,,PROMPT_FIX_ENTRY_POINT,0,0,0.25,"measured_pass_at_k(n=2,k=8)",0.5
kodcode-00ec0953a4d2,ut_pytest,,en,train,ok,,PROMPT_FIX_ENTRY_POINT,0,0,0.25,"measured_pass_at_k(n=2,k=8)",0.875
kodcode-0f2c2bda84d9,ut_pytest,,en,excluded,excluded,TOO_HARD,PROMPT_FIX_ENTRY_POINT,0,0,0.25,"measured_pass_at_k(n=2,k=8)",0.0
kodcode-b33f8a092e0d,ut_pytest,,en,excluded,excluded,TOO_HARD,PROMPT_FIX_ENTRY_POINT,0,0,0.5,"measured_pass_at_k(n=2,k=8)",0.0
kodcode-503797012da0,ut_pytest,,en,validation,ok,,PROMPT_FIX_ENTRY_POINT,0,0,0.75,"measured_pass_at_k(n=2,k=8)",
kodcode-974871a46c9d,ut_pytest,,en,excluded,excluded,TOO_EASY,PROMPT_FIX_ENTRY_POINT,0,0,0.5,"measured_pass_at_k(n=2,k=8)",1.0
kodcode-94615f25e95d,ut_pytest,,en,train,ok,,HARD_BUT_PARTIAL_SIGNAL;PROMPT_FIX_ENTRY_POINT,0,0,0.25,"measured_pass_at_k(n=2,k=8)",0.0
kodcode-4c6b6cfa7752,ut_pytest,,en,excluded,excluded,TOO_EASY,PROMPT_FIX_ENTRY_POINT,0,0,0.5,"measured_pass_at_k(n=2,k=8)",1.0
kodcode-53333c84e1da,ut_pytest,,en,train,ok,,HARD_BUT_PARTIAL_SIGNAL;PROMPT_FIX_ENTRY_POINT,0,0,0.25,"measured_pass_at_k(n=2,k=8)",0.0
kodcode-7cb1b398af3f,ut_pytest,,en,excluded,excluded,TOO_EASY,PROMPT_FIX_ENTRY_POINT,0,0,0.25,"measured_pass_at_k(n=2,k=8)",1.0
kodcode-bb2e31bbb44e,ut_pytest,,en,validation,ok,,PROMPT_FIX_ENTRY_POINT,0,0,0.25,"measured_pass_at_k(n=2,k=8)",
kodcode-097125c13fa1,ut_pytest,,en,test,ok,,PROMPT_FIX_ENTRY_POINT,0,0,0.75,"measured_pass_at_k(n=2,k=8)",
kodcode-bc6578305f6b,ut_pytest,,en,excluded,excluded,TOO_EASY,PROMPT_FIX_ENTRY_POINT,0,0,0.5,"measured_pass_at_k(n=2,k=8)",1.0
kodcode-d8cd6e891242,ut_pytest,,en,excluded,excluded,TOO_EASY,PROMPT_FIX_ENTRY_POINT,0,0,0.25,"measured_pass_at_k(n=2,k=8)",1.0
kodcode-2cee3b7bca25,ut_pytest,,en,excluded,excluded,TOO_HARD,PROMPT_FIX_ENTRY_POINT,0,0,0.25,"measured_pass_at_k(n=2,k=8)",0.0
opencodeinstruct-abd6145ec794,ut_function,,en,test,ok,,PROMPT_FIX_ENTRY_POINT,0,0,0.25,"measured_pass_at_k(n=2,k=8)",
kodcode-27adaa4dd48c,ut_pytest,,en,test,ok,,PROMPT_FIX_ENTRY_POINT,0,0,0.25,"measured_pass_at_k(n=2,k=8)",
kodcode-2a26873a9886,ut_pytest,,en,train,ok,,PROMPT_FIX_ENTRY_POINT,0,0,0.5,"measured_pass_at_k(n=2,k=8)",0.75
kodcode-ca89d66b4e82,ut_pytest,,en,validation,ok,,PROMPT_FIX_ENTRY_POINT,0,0,0.25,"measured_pass_at_k(n=2,k=8)",
kodcode-00dc6350130f,ut_pytest,,en,train,ok,,PROMPT_FIX_ENTRY_POINT,0,0,0.75,"measured_pass_at_k(n=2,k=8)",0.25
kodcode-e86529dbf60c,ut_pytest,,en,excluded,excluded,TOO_EASY,PROMPT_FIX_ENTRY_POINT,0,0,0.5,"measured_pass_at_k(n=2,k=8)",1.0
kodcode-aa1ed8325d4e,ut_pytest,,en,train,ok,,PROMPT_FIX_ENTRY_POINT,0,0,0.25,"measured_pass_at_k(n=2,k=8)",0.5
kodcode-4b3ebb73ec8d,ut_pytest,,en,excluded,excluded,TOO_HARD,PROMPT_FIX_ENTRY_POINT,0,0,0.25,"measured_pass_at_k(n=2,k=8)",0.0
kodcode-e55ff4785b74,ut_pytest,,en,excluded,excluded,TOO_EASY,PROMPT_FIX_ENTRY_POINT,0,0,0.75,"measured_pass_at_k(n=2,k=8)",1.0
kodcode-7f9d306aa1f2,ut_pytest,,en,train,ok,,PROMPT_FIX_ENTRY_POINT,0,0,0.5,"measured_pass_at_k(n=2,k=8)",0.75
kodcode-a7962341fed8,ut_pytest,,en,train,ok,,PROMPT_FIX_ENTRY_POINT,0,0,0.25,"measured_pass_at_k(n=2,k=8)",0.125
kodcode-37cf5cadbb13,ut_pytest,,en,excluded,excluded,TOO_EASY,PROMPT_FIX_ENTRY_POINT,0,0,0.75,"measured_pass_at_k(n=2,k=8)",1.0
kodcode-6cde9e5b1e46,ut_pytest,,en,train,ok,,PROMPT_FIX_ENTRY_POINT,0,0,0.25,"measured_pass_at_k(n=2,k=8)",0.25
kodcode-848e87692ffa,ut_pytest,,en,train,ok,,PROMPT_FIX_ENTRY_POINT,0,0,0.25,"measured_pass_at_k(n=2,k=8)",0.875
kodcode-025ff6dd21ad,ut_pytest,,en,test,ok,,PROMPT_FIX_ENTRY_POINT,0,0,0.5,"measured_pass_at_k(n=2,k=8)",
opencodeinstruct-d4952445438c,ut_function,,en,test,ok,,PROMPT_FIX_ENTRY_POINT,0,0,0.5,"measured_pass_at_k(n=2,k=8)",
ko-native-621d8b8926b3,ut_function,,ko,excluded,excluded,TOO_EASY,PROMPT_FIX_ENTRY_POINT,0,0,0.75,"measured_pass_at_k(n=1,k=4)",1.0
ko-native-6bd821db6339,ut_function,,ko,excluded,excluded,TOO_HARD,PROMPT_FIX_ENTRY_POINT,0,0,0.25,"measured_pass_at_k(n=1,k=8)",0.0
ko-native-26afe834760b,ut_function,,ko,excluded,excluded,TOO_EASY,PROMPT_FIX_ENTRY_POINT,0,0,0.5,"measured_pass_at_k(n=1,k=4)",1.0
ko-native-965d3ebac23d,ut_function,,ko,excluded,excluded,TOO_EASY,PROMPT_FIX_ENTRY_POINT,0,0,0.25,"measured_pass_at_k(n=1,k=8)",1.0
ko-native-75f78ed19565,ut_function,,ko,excluded,excluded,TOO_EASY,PROMPT_FIX_ENTRY_POINT,0,0,0.25,"measured_pass_at_k(n=1,k=8)",1.0
pdfminer__pdfminer.six.1a8bd2f7.combine_file__cgrkaq6d,swe_32k,swesmith/pdfminer__pdfminer.six.1a8bd2f7,en,train,ok,,HARD_BUT_PARTIAL_SIGNAL,2,30,0.4,judge_label_mapped,0.0
jd__tenacity.0d40e76f.combine_file__h5lb5rzo,swe_64k,swesmith/jd__tenacity.0d40e76f,ko,train,ok,,HARD_BUT_PARTIAL_SIGNAL,19,30,0.75,judge_label_mapped,0.0
Knio__dominate.9082227e.func_basic__rj7spm7s,swe_32k,swesmith/Knio__dominate.9082227e,en,train,ok,,HARD_BUT_PARTIAL_SIGNAL,2,30,0.6,judge_label_mapped,0.0
luozhouyang__python-string-similarity.115acaac.func_pm_ctrl_shuffle__ni1hji13,swe_32k,swesmith/luozhouyang__python-string-similarity.115acaac,en,excluded,excluded,BUG_IN_TEST_FILE,gold_touches_tests,0,0,0.75,judge_label_mapped,
agronholm__typeguard.b6a7e438.combine_module__4fxfvib9,swe_64k,swesmith/agronholm__typeguard.b6a7e438,en,train,ok,,HARD_BUT_PARTIAL_SIGNAL,8,30,0.4,judge_label_mapped,0.0
Knio__dominate.9082227e.combine_file__zliilddk,swe_32k,swesmith/Knio__dominate.9082227e,ko,train,ok,,HARD_BUT_PARTIAL_SIGNAL,7,30,0.4,judge_label_mapped,0.0
Cog-Creators__Red-DiscordBot.33e0eac7.combine_module__1o97qyc1,swe_64k,swesmith/Cog-Creators__Red-DiscordBot.33e0eac7,ko,validation,ok,,,2,30,0.6,judge_label_mapped,
luozhouyang__python-string-similarity.115acaac.func_pm_class_rm_funcs__05aaiis6,swe_32k,swesmith/luozhouyang__python-string-similarity.115acaac,en,test,ok,,GOLD_WHITESPACE_MISMATCH,1,17,0.4,judge_label_mapped,
pdfminer__pdfminer.six.1a8bd2f7.func_basic__1922wei6,swe_128k,swesmith/pdfminer__pdfminer.six.1a8bd2f7,ko,excluded,excluded,TOO_HARD,,13,30,0.6,judge_label_mapped,0.0
bottlepy__bottle.a8dfef30.func_basic__4ns7r09f,swe_64k,swesmith/bottlepy__bottle.a8dfef30,en,train,ok,,HARD_BUT_PARTIAL_SIGNAL,9,30,0.4,judge_label_mapped,0.0
luozhouyang__python-string-similarity.115acaac.combine_file__7iakunhx,swe_32k,swesmith/luozhouyang__python-string-similarity.115acaac,en,test,ok,,,1,17,0.25,judge_label_mapped,
pdfminer__pdfminer.six.1a8bd2f7.combine_file__rlllt3i9,swe_128k,swesmith/pdfminer__pdfminer.six.1a8bd2f7,en,train,ok,,F2P_PRUNED:10;HARD_BUT_PARTIAL_SIGNAL,50,30,0.25,judge_label_mapped,0.0
joke2k__faker.8b401a7d.func_pm_ctrl_shuffle__nreuzr4i,swe_32k,swesmith/joke2k__faker.8b401a7d,en,test,ok,,,3,30,0.6,judge_label_mapped,
PyCQA__flake8.cf1542ce.combine_file__cs06l9g7,swe_128k,swesmith/PyCQA__flake8.cf1542ce,ko,train,ok,,,3,30,0.75,judge_label_mapped,0.5
PyCQA__flake8.cf1542ce.combine_file__gmmz46mc,swe_128k,swesmith/PyCQA__flake8.cf1542ce,ko,train,ok,,HARD_BUT_PARTIAL_SIGNAL,24,30,0.4,judge_label_mapped,0.0
jaraco__inflect.c079a96a.func_basic__cey00xv0,swe_64k,swesmith/jaraco__inflect.c079a96a,en,excluded,excluded,TOO_HARD,gold_touches_tests,8,30,0.25,judge_label_mapped,0.0
opencodeinstruct-1d6e25272db4,ut_function,,en,train,ok,,PROMPT_FIX_ENTRY_POINT,0,0,0.5,"measured_pass_at_k(n=2,k=8)",0.875
opencodeinstruct-99f2c9d77d3e,ut_function,,en,excluded,excluded,TOO_EASY,PROMPT_FIX_ENTRY_POINT,0,0,0.25,"measured_pass_at_k(n=1,k=4)",1.0
opencodeinstruct-8b5e67fd36dd,ut_function,,en,excluded,excluded,TOO_EASY,PROMPT_FIX_ENTRY_POINT,0,0,0.75,"measured_pass_at_k(n=2,k=8)",1.0
opencodeinstruct-7fe4300879df,ut_function,,en,train,ok,,PROMPT_FIX_ENTRY_POINT,0,0,0.5,"measured_pass_at_k(n=2,k=8)",0.875
opencodeinstruct-5b4666ae2b94,ut_function,,en,test,ok,,PROMPT_FIX_ENTRY_POINT,0,0,0.25,"measured_pass_at_k(n=1,k=4)",
opencodeinstruct-8fe7c2210ce5,ut_function,,en,excluded,excluded,TOO_EASY,PROMPT_FIX_ENTRY_POINT,0,0,0.75,"measured_pass_at_k(n=2,k=8)",1.0
opencodeinstruct-778544162687,ut_function,,en,excluded,excluded,TOO_EASY,PROMPT_FIX_ENTRY_POINT,0,0,0.25,"measured_pass_at_k(n=2,k=8)",1.0
opencodeinstruct-ae8d6c58d615,ut_function,,en,excluded,excluded,TOO_EASY,PROMPT_FIX_ENTRY_POINT,0,0,0.75,"measured_pass_at_k(n=1,k=4)",1.0
opencodeinstruct-481987951946,ut_function,,en,excluded,excluded,TOO_EASY,PROMPT_FIX_ENTRY_POINT,0,0,0.5,"measured_pass_at_k(n=2,k=8)",1.0
opencodeinstruct-230418c1397b,ut_function,,en,validation,ok,,PROMPT_FIX_ENTRY_POINT,0,0,0.5,"measured_pass_at_k(n=2,k=8)",
opencodeinstruct-355ff4c96430,ut_function,,en,excluded,excluded,DUPLICATE,dup_of:opencodeinstruct-2da3f67cca30;PROMPT_FIX_ENTRY_POINT,0,0,0.25,"measured_pass_at_k(n=2,k=8)",
opencodeinstruct-a1cb828a4b22,ut_function,,en,excluded,excluded,TOO_EASY,PROMPT_FIX_ENTRY_POINT,0,0,0.25,"measured_pass_at_k(n=2,k=8)",1.0
opencodeinstruct-0652c9e793c0,ut_function,,en,excluded,excluded,TOO_EASY,PROMPT_FIX_ENTRY_POINT,0,0,0.5,"measured_pass_at_k(n=1,k=4)",1.0
opencodeinstruct-a9cbf0905a68,ut_function,,en,excluded,excluded,TOO_EASY,PROMPT_FIX_ENTRY_POINT,0,0,0.75,"measured_pass_at_k(n=2,k=8)",1.0
opencodeinstruct-4d257b218bd7,ut_function,,en,excluded,excluded,TOO_EASY,PROMPT_FIX_ENTRY_POINT,0,0,0.5,"measured_pass_at_k(n=2,k=8)",1.0
opencodeinstruct-e60cad82ba17,ut_function,,en,excluded,excluded,TOO_EASY,PROMPT_FIX_ENTRY_POINT,0,0,0.5,"measured_pass_at_k(n=2,k=8)",1.0
opencodeinstruct-0520b208fc2c,ut_function,,en,excluded,excluded,TOO_EASY,PROMPT_FIX_ENTRY_POINT,0,0,0.25,"measured_pass_at_k(n=2,k=8)",1.0
opencodeinstruct-6c8ac70a4131,ut_function,,en,validation,ok,,PROMPT_FIX_ENTRY_POINT,0,0,0.75,"measured_pass_at_k(n=2,k=8)",
opencodeinstruct-016e5a74fc7f,ut_function,,en,test,ok,,PROMPT_FIX_ENTRY_POINT,0,0,0.25,"measured_pass_at_k(n=2,k=8)",
opencodeinstruct-207cbe2a780a,ut_function,,en,train,ok,,PROMPT_FIX_ENTRY_POINT,0,0,0.25,"measured_pass_at_k(n=2,k=8)",0.625
opencodeinstruct-026d1d173154,ut_function,,en,train,ok,,PROMPT_FIX_ENTRY_POINT,0,0,0.5,"measured_pass_at_k(n=1,k=4)",0.375
opencodeinstruct-7eba3ce06f8c,ut_function,,en,excluded,excluded,TOO_EASY,PROMPT_FIX_ENTRY_POINT,0,0,0.5,"measured_pass_at_k(n=2,k=8)",1.0
opencodeinstruct-81f0169f54f8,ut_function,,en,excluded,excluded,TOO_EASY,PROMPT_FIX_ENTRY_POINT,0,0,0.5,"measured_pass_at_k(n=2,k=8)",1.0
opencodeinstruct-6caf9a8c04e0,ut_function,,en,excluded,excluded,TOO_EASY,PROMPT_FIX_ENTRY_POINT,0,0,0.75,"measured_pass_at_k(n=2,k=8)",1.0
opencodeinstruct-4c5b10ba3014,ut_function,,en,train,ok,,PROMPT_FIX_ENTRY_POINT,0,0,0.25,"measured_pass_at_k(n=2,k=8)",0.875
opencodeinstruct-a3c2f55cb259,ut_function,,en,test,ok,,PROMPT_FIX_ENTRY_POINT,0,0,0.25,"measured_pass_at_k(n=1,k=4)",
opencodeinstruct-6d02844fa81f,ut_function,,en,excluded,excluded,REFERENCE_SOLUTION_FAILS,PROMPT_FIX_ENTRY_POINT,0,0,0.5,"measured_pass_at_k(n=1,k=4)",
opencodeinstruct-92eb189064a2,ut_function,,en,test,ok,,PROMPT_FIX_ENTRY_POINT,0,0,0.5,"measured_pass_at_k(n=2,k=8)",
opencodeinstruct-425dbfd45bfb,ut_function,,en,excluded,excluded,TOO_EASY,PROMPT_FIX_ENTRY_POINT,0,0,0.25,"measured_pass_at_k(n=2,k=8)",1.0
opencodeinstruct-c4cedff1be54,ut_function,,en,excluded,excluded,TOO_EASY,PROMPT_FIX_ENTRY_POINT,0,0,0.75,"measured_pass_at_k(n=2,k=8)",1.0
opencodeinstruct-da39a17c4f3f,ut_function,,en,excluded,excluded,TOO_EASY,PROMPT_FIX_ENTRY_POINT,0,0,0.25,"measured_pass_at_k(n=2,k=8)",1.0
opencodeinstruct-d9b789db1cf3,ut_function,,en,excluded,excluded,TOO_EASY,PROMPT_FIX_ENTRY_POINT,0,0,0.5,"measured_pass_at_k(n=2,k=8)",1.0
opencodeinstruct-4cc5f8c400af,ut_function,,en,excluded,excluded,TOO_EASY,PROMPT_FIX_ENTRY_POINT,0,0,0.25,"measured_pass_at_k(n=2,k=8)",1.0
opencodeinstruct-703e4cd03c7f,ut_function,,en,excluded,excluded,TOO_EASY,PROMPT_FIX_ENTRY_POINT,0,0,0.5,"measured_pass_at_k(n=1,k=4)",1.0
opencodeinstruct-f075c42ada1b,ut_function,,en,test,ok,,PROMPT_FIX_ENTRY_POINT,0,0,0.75,"measured_pass_at_k(n=2,k=8)",
opencodeinstruct-7a5ea7f33ef8,ut_function,,en,excluded,excluded,TOO_EASY,PROMPT_FIX_ENTRY_POINT,0,0,0.25,"measured_pass_at_k(n=2,k=8)",1.0
opencodeinstruct-4e55f5fd5bb5,ut_function,,en,train,ok,,PROMPT_FIX_ENTRY_POINT,0,0,0.5,"measured_pass_at_k(n=2,k=8)",0.625
opencodeinstruct-24d250ff819f,ut_function,,en,test,ok,,PROMPT_FIX_ENTRY_POINT,0,0,0.25,"measured_pass_at_k(n=1,k=4)",
opencodeinstruct-39b426c9a9eb,ut_function,,en,excluded,excluded,TOO_EASY,PROMPT_FIX_ENTRY_POINT,0,0,0.25,"measured_pass_at_k(n=1,k=4)",1.0
opencodeinstruct-ed62110f8ba8,ut_function,,en,excluded,excluded,TOO_EASY,PROMPT_FIX_ENTRY_POINT,0,0,0.5,"measured_pass_at_k(n=1,k=4)",1.0
opencodeinstruct-66651d627d6a,ut_function,,en,excluded,excluded,TOO_EASY,PROMPT_FIX_ENTRY_POINT,0,0,0.75,"measured_pass_at_k(n=2,k=8)",1.0
opencodeinstruct-7b7e3c9f5c96,ut_function,,en,excluded,excluded,TOO_EASY,PROMPT_FIX_ENTRY_POINT,0,0,0.5,"measured_pass_at_k(n=2,k=8)",1.0
kodcode-87078c4d5267,ut_pytest,,en,excluded,excluded,TOO_HARD,PROMPT_FIX_ENTRY_POINT,0,0,0.25,"measured_pass_at_k(n=1,k=4)",0.0
kodcode-956a1e60998b,ut_pytest,,en,train,ok,,PROMPT_FIX_ENTRY_POINT,0,0,0.25,"measured_pass_at_k(n=2,k=8)",0.125
opencodeinstruct-f27c2a31391e,ut_function,,en,excluded,excluded,TOO_EASY,PROMPT_FIX_ENTRY_POINT,0,0,0.25,"measured_pass_at_k(n=2,k=8)",1.0
kodcode-cb0f50e4f5ea,ut_pytest,,en,train,ok,,PROMPT_FIX_ENTRY_POINT,0,0,0.75,"measured_pass_at_k(n=2,k=8)",0.25
kodcode-586fdbdcada7,ut_pytest,,en,test,ok,,PROMPT_FIX_ENTRY_POINT,0,0,0.5,"measured_pass_at_k(n=1,k=4)",
kodcode-39cd07c693b2,ut_pytest,,en,excluded,excluded,TOO_EASY,PROMPT_FIX_ENTRY_POINT,0,0,0.5,"measured_pass_at_k(n=1,k=4)",1.0
kodcode-2f221f97066f,ut_pytest,,en,train,ok,,PROMPT_FIX_ENTRY_POINT,0,0,0.25,"measured_pass_at_k(n=1,k=4)",0.875
kodcode-1dc4687a74c9,ut_pytest,,en,excluded,excluded,TOO_EASY,PROMPT_FIX_ENTRY_POINT,0,0,0.25,"measured_pass_at_k(n=2,k=8)",1.0
kodcode-175959656e5b,ut_pytest,,en,validation,ok,,PROMPT_FIX_ENTRY_POINT,0,0,0.25,"measured_pass_at_k(n=2,k=8)",
kodcode-9924267c5993,ut_pytest,,en,train,ok,,PROMPT_FIX_ENTRY_POINT,0,0,0.5,"measured_pass_at_k(n=1,k=4)",0.375
kodcode-4a380c8b1951,ut_pytest,,en,excluded,excluded,TOO_HARD,PROMPT_FIX_ENTRY_POINT,0,0,0.25,"measured_pass_at_k(n=2,k=8)",0.0
kodcode-49c85e9eb88d,ut_pytest,,en,train,ok,,PROMPT_FIX_ENTRY_POINT,0,0,0.5,"measured_pass_at_k(n=1,k=4)",0.375
kodcode-c765ec1158e8,ut_pytest,,en,validation,ok,,PROMPT_FIX_ENTRY_POINT,0,0,0.25,"measured_pass_at_k(n=2,k=8)",
kodcode-72551025f36e,ut_pytest,,en,excluded,excluded,TOO_HARD,PROMPT_FIX_ENTRY_POINT,0,0,0.5,"measured_pass_at_k(n=2,k=8)",0.0
kodcode-62b155aa84f0,ut_pytest,,en,train,ok,,PROMPT_FIX_ENTRY_POINT,0,0,0.25,"measured_pass_at_k(n=2,k=8)",0.625
kodcode-8f90d4ccad82,ut_pytest,,en,train,ok,,PROMPT_FIX_ENTRY_POINT,0,0,0.5,"measured_pass_at_k(n=2,k=8)",0.125
kodcode-3ab00af3f432,ut_pytest,,en,excluded,excluded,TOO_EASY,PROMPT_FIX_ENTRY_POINT,0,0,0.25,"measured_pass_at_k(n=2,k=8)",1.0
kodcode-952e98f0cdd1,ut_pytest,,en,excluded,excluded,TOO_EASY,PROMPT_FIX_ENTRY_POINT,0,0,0.25,"measured_pass_at_k(n=2,k=8)",1.0
kodcode-758abe56cc0a,ut_pytest,,en,excluded,excluded,TOO_EASY,PROMPT_FIX_ENTRY_POINT,0,0,0.25,"measured_pass_at_k(n=1,k=4)",1.0
kodcode-c6e8a0b157d2,ut_pytest,,en,test,ok,,PROMPT_FIX_ENTRY_POINT,0,0,0.25,"measured_pass_at_k(n=1,k=4)",
kodcode-5f6a1316876b,ut_pytest,,en,test,ok,,PROMPT_FIX_ENTRY_POINT,0,0,0.5,"measured_pass_at_k(n=1,k=4)",
kodcode-e40975302451,ut_pytest,,en,excluded,excluded,TOO_EASY,PROMPT_FIX_ENTRY_POINT,0,0,0.75,"measured_pass_at_k(n=2,k=8)",1.0
kodcode-c1af70bba610,ut_pytest,,en,excluded,excluded,TOO_EASY,PROMPT_FIX_ENTRY_POINT,0,0,0.5,"measured_pass_at_k(n=1,k=4)",1.0
kodcode-39e386f676b9,ut_pytest,,en,excluded,excluded,TOO_EASY,PROMPT_FIX_ENTRY_POINT,0,0,0.5,"measured_pass_at_k(n=1,k=4)",1.0
opencodeinstruct-d4f0d0993ace,ut_function,,en,excluded,excluded,TOO_EASY,PROMPT_FIX_ENTRY_POINT,0,0,0.5,"measured_pass_at_k(n=2,k=8)",1.0
kodcode-8ea8ff0e3329,ut_pytest,,en,excluded,excluded,TOO_EASY,PROMPT_FIX_ENTRY_POINT,0,0,0.25,"measured_pass_at_k(n=2,k=8)",1.0
kodcode-a9d107e7005d,ut_pytest,,en,excluded,excluded,TOO_EASY,PROMPT_FIX_ENTRY_POINT,0,0,0.75,"measured_pass_at_k(n=2,k=8)",1.0
kodcode-34a21e8a33e2,ut_pytest,,en,validation,ok,,PROMPT_FIX_ENTRY_POINT,0,0,0.25,"measured_pass_at_k(n=2,k=8)",
kodcode-9b516a19d293,ut_pytest,,en,excluded,excluded,TOO_EASY,PROMPT_FIX_ENTRY_POINT,0,0,0.5,"measured_pass_at_k(n=1,k=4)",1.0
kodcode-99b4f2f36674,ut_pytest,,en,excluded,excluded,TOO_EASY,PROMPT_FIX_ENTRY_POINT,0,0,0.25,"measured_pass_at_k(n=2,k=8)",1.0
kodcode-3f9525247df2,ut_pytest,,en,excluded,excluded,TOO_HARD,PROMPT_FIX_ENTRY_POINT,0,0,0.25,"measured_pass_at_k(n=2,k=8)",0.0
kodcode-ce437f555117,ut_pytest,,en,train,ok,,PROMPT_FIX_ENTRY_POINT,0,0,0.5,"measured_pass_at_k(n=2,k=8)",0.875
kodcode-b56040ab5381,ut_pytest,,en,excluded,excluded,TOO_HARD,PROMPT_FIX_ENTRY_POINT,0,0,0.75,"measured_pass_at_k(n=1,k=4)",0.0
kodcode-a4685b4c242a,ut_pytest,,en,validation,ok,,PROMPT_FIX_ENTRY_POINT,0,0,0.25,"measured_pass_at_k(n=2,k=8)",
kodcode-6c47111df9bb,ut_pytest,,en,validation,ok,,PROMPT_FIX_ENTRY_POINT,0,0,0.5,"measured_pass_at_k(n=2,k=8)",
kodcode-f63ec9787f58,ut_pytest,,en,train,ok,,PROMPT_FIX_ENTRY_POINT,0,0,0.25,"measured_pass_at_k(n=1,k=4)",0.875
kodcode-f00e7ab70901,ut_pytest,,en,excluded,excluded,TOO_EASY,PROMPT_FIX_ENTRY_POINT,0,0,0.5,"measured_pass_at_k(n=1,k=4)",1.0
kodcode-ab4a335f71bd,ut_pytest,,en,excluded,excluded,TOO_EASY,PROMPT_FIX_ENTRY_POINT,0,0,0.5,"measured_pass_at_k(n=1,k=4)",1.0
kodcode-3cb47ada6f60,ut_pytest,,en,excluded,excluded,TOO_EASY,PROMPT_FIX_ENTRY_POINT,0,0,0.75,"measured_pass_at_k(n=2,k=8)",1.0
ko-native-68aeacd3f5d6,ut_function,,ko,train,ok,,PROMPT_FIX_ENTRY_POINT,0,0,0.25,"measured_pass_at_k(n=1,k=4)",0.875
opencodeinstruct-25e337c3fa43,ut_function,,en,excluded,excluded,TOO_EASY,PROMPT_FIX_ENTRY_POINT,0,0,0.75,"measured_pass_at_k(n=2,k=8)",1.0
opencodeinstruct-c59fd8ac68cf,ut_function,,en,excluded,excluded,TOO_EASY,PROMPT_FIX_ENTRY_POINT,0,0,0.25,"measured_pass_at_k(n=2,k=8)",1.0
opencodeinstruct-def46b5af7ce,ut_function,,en,excluded,excluded,TOO_EASY,PROMPT_FIX_ENTRY_POINT,0,0,0.5,"measured_pass_at_k(n=1,k=4)",1.0
opencodeinstruct-73d2b08aef42,ut_function,,en,excluded,excluded,TOO_EASY,PROMPT_FIX_ENTRY_POINT,0,0,0.5,"measured_pass_at_k(n=2,k=8)",1.0
opencodeinstruct-50530194726b,ut_function,,en,excluded,excluded,TOO_HARD,PROMPT_FIX_ENTRY_POINT,0,0,0.5,"measured_pass_at_k(n=2,k=8)",0.0
opencodeinstruct-5fb23adb0c82,ut_function,,en,validation,ok,,PROMPT_FIX_ENTRY_POINT,0,0,0.25,"measured_pass_at_k(n=2,k=8)",
opencodeinstruct-db74b47d27b2,ut_function,,en,excluded,excluded,TOO_HARD,PROMPT_FIX_ENTRY_POINT,0,0,0.25,"measured_pass_at_k(n=2,k=8)",0.0
opencodeinstruct-7d564cec1b6a,ut_function,,en,excluded,excluded,TOO_EASY,PROMPT_FIX_ENTRY_POINT,0,0,0.5,"measured_pass_at_k(n=2,k=8)",1.0
opencodeinstruct-1ad4ad319f06,ut_function,,en,train,ok,,PROMPT_FIX_ENTRY_POINT,0,0,0.5,"measured_pass_at_k(n=1,k=4)",0.75
opencodeinstruct-4a10c450bbae,ut_function,,en,excluded,excluded,TOO_EASY,PROMPT_FIX_ENTRY_POINT,0,0,0.25,"measured_pass_at_k(n=1,k=4)",1.0
opencodeinstruct-f7850340c3bc,ut_function,,en,excluded,excluded,TOO_EASY,PROMPT_FIX_ENTRY_POINT,0,0,0.25,"measured_pass_at_k(n=2,k=8)",1.0
opencodeinstruct-dc3fcf9ba638,ut_function,,en,excluded,excluded,TOO_EASY,PROMPT_FIX_ENTRY_POINT,0,0,0.25,"measured_pass_at_k(n=2,k=8)",1.0
opencodeinstruct-b61231e96864,ut_function,,en,excluded,excluded,TOO_EASY,PROMPT_FIX_ENTRY_POINT,0,0,0.75,"measured_pass_at_k(n=2,k=8)",1.0
opencodeinstruct-c05e03f66b25,ut_function,,en,train,ok,,PROMPT_FIX_ENTRY_POINT,0,0,0.25,"measured_pass_at_k(n=2,k=8)",0.875
kodcode-fe38dd3adef8,ut_pytest,,en,excluded,excluded,TOO_HARD,PROMPT_FIX_ENTRY_POINT,0,0,0.75,"measured_pass_at_k(n=2,k=8)",0.0
opencodeinstruct-1f40062c3bc9,ut_function,,en,train,ok,,PROMPT_FIX_ENTRY_POINT,0,0,0.25,"measured_pass_at_k(n=2,k=8)",0.875
kodcode-3ac6891f8b54,ut_pytest,,en,excluded,excluded,TOO_EASY,PROMPT_FIX_ENTRY_POINT,0,0,0.5,"measured_pass_at_k(n=2,k=8)",1.0
kodcode-7d0fc5db7088,ut_pytest,,en,train,ok,,PROMPT_FIX_ENTRY_POINT,0,0,0.25,"measured_pass_at_k(n=2,k=8)",0.125
kodcode-ce749d9c6576,ut_pytest,,en,train,ok,,PROMPT_FIX_ENTRY_POINT,0,0,0.5,"measured_pass_at_k(n=1,k=4)",0.625
kodcode-ad3eb924c538,ut_pytest,,en,excluded,excluded,TOO_HARD,PROMPT_FIX_ENTRY_POINT,0,0,0.5,"measured_pass_at_k(n=2,k=8)",0.0
kodcode-31a4d3358754,ut_pytest,,en,excluded,excluded,TOO_EASY,PROMPT_FIX_ENTRY_POINT,0,0,0.5,"measured_pass_at_k(n=1,k=4)",1.0
kodcode-03e84e0918af,ut_pytest,,en,excluded,excluded,TOO_EASY,PROMPT_FIX_ENTRY_POINT,0,0,0.5,"measured_pass_at_k(n=2,k=8)",1.0
kodcode-bdfb74d8bcd6,ut_pytest,,en,excluded,excluded,TOO_EASY,PROMPT_FIX_ENTRY_POINT,0,0,0.75,"measured_pass_at_k(n=2,k=8)",1.0
opencodeinstruct-e5a578344b8c,ut_function,,en,train,ok,,PROMPT_FIX_ENTRY_POINT,0,0,0.25,"measured_pass_at_k(n=2,k=8)",0.5
opencodeinstruct-cbd4c425c3dd,ut_function,,en,train,ok,,PROMPT_FIX_ENTRY_POINT,0,0,0.25,"measured_pass_at_k(n=1,k=4)",0.375
kodcode-9a304688e673,ut_pytest,,en,excluded,excluded,TOO_EASY,PROMPT_FIX_ENTRY_POINT,0,0,0.75,"measured_pass_at_k(n=2,k=8)",1.0
kodcode-63b5a32454e5,ut_pytest,,en,excluded,excluded,TOO_EASY,PROMPT_FIX_ENTRY_POINT,0,0,0.75,"measured_pass_at_k(n=2,k=8)",1.0
opencodeinstruct-d487cb0a1141,ut_function,,en,excluded,excluded,TOO_EASY,PROMPT_FIX_ENTRY_POINT,0,0,0.375,"measured_pass_at_k(n=2,k=16)",1.0
opencodeinstruct-528678390390,ut_function,,en,excluded,excluded,TOO_EASY,PROMPT_FIX_ENTRY_POINT,0,0,0.375,"measured_pass_at_k(n=2,k=16)",1.0
kodcode-9a6b7708e1df,ut_pytest,,en,excluded,excluded,TOO_EASY,PROMPT_FIX_ENTRY_POINT,0,0,0.375,"measured_pass_at_k(n=1,k=8)",1.0
kodcode-c4dd01508dc6,ut_pytest,,en,train,ok,,PROMPT_FIX_ENTRY_POINT,0,0,0.625,"measured_pass_at_k(n=2,k=16)",0.375
rstar-0567a350eb1c,ut_stdio,,en,train,ok,,no_reference_solution;HARD_BUT_PARTIAL_SIGNAL,0,0,0.5,"measured_pass_at_k(n=1,k=4)",0.0
rstar-99b4af1467e5,ut_stdio,,en,test,ok,,no_reference_solution,0,0,0.5,"measured_pass_at_k(n=1,k=4)",
rstar-4599c3e65568,ut_stdio,,en,train,ok,,no_reference_solution,0,0,0.5,"measured_pass_at_k(n=1,k=4)",0.625
rstar-c1b54454ea8e,ut_stdio,,en,test,ok,,no_reference_solution,0,0,0.25,"measured_pass_at_k(n=1,k=4)",
rstar-bf4ab560720d,ut_stdio,,en,excluded,excluded,TOO_EASY,no_reference_solution,0,0,0.25,"measured_pass_at_k(n=1,k=4)",1.0
rstar-e04b42d6242b,ut_stdio,,en,train,ok,,no_reference_solution,0,0,0.5,"measured_pass_at_k(n=1,k=4)",0.125
rstar-82b08c71ce8c,ut_stdio,,en,train,ok,,no_reference_solution,0,0,0.5,"measured_pass_at_k(n=1,k=4)",0.25
rstar-a285e2820b5a,ut_stdio,,en,train,ok,,no_reference_solution;HARD_BUT_PARTIAL_SIGNAL,0,0,0.5,"measured_pass_at_k(n=1,k=4)",0.0
rstar-31bfe4ead92c,ut_stdio,,en,test,ok,,no_reference_solution,0,0,0.25,"measured_pass_at_k(n=1,k=4)",
rstar-aedf6df92f81,ut_stdio,,en,excluded,excluded,TOO_HARD,no_reference_solution,0,0,0.25,"measured_pass_at_k(n=1,k=4)",0.0
rstar-1463257c1aa7,ut_stdio,,en,excluded,excluded,TOO_EASY,no_reference_solution,0,0,0.75,"measured_pass_at_k(n=1,k=4)",1.0
rstar-fa6eb2a9d474,ut_stdio,,en,test,ok,,no_reference_solution,0,0,0.25,"measured_pass_at_k(n=2,k=8)",
rstar-4a0e8fa10536,ut_stdio,,en,excluded,excluded,TOO_EASY,no_reference_solution,0,0,0.75,"measured_pass_at_k(n=2,k=8)",1.0
rstar-0d2785a6e73f,ut_stdio,,en,test,ok,,no_reference_solution,0,0,0.5,"measured_pass_at_k(n=2,k=16)",
rstar-17a6f4875b35,ut_stdio,,en,train,ok,,no_reference_solution;HARD_BUT_PARTIAL_SIGNAL,0,0,0.25,"measured_pass_at_k(n=1,k=8)",0.0
rstar-6a106a582dec,ut_stdio,,en,validation,ok,,no_reference_solution,0,0,0.5,"measured_pass_at_k(n=2,k=8)",
rstar-83e6e4204e35,ut_stdio,,en,train,ok,,no_reference_solution;HARD_BUT_PARTIAL_SIGNAL,0,0,0.5,"measured_pass_at_k(n=2,k=8)",0.0
rstar-afe350d659d4,ut_stdio,,en,train,ok,,no_reference_solution,0,0,0.75,"measured_pass_at_k(n=1,k=4)",0.25
rstar-6eb9a967b00b,ut_stdio,,en,train,ok,,no_reference_solution,0,0,0.75,"measured_pass_at_k(n=1,k=4)",0.125
rstar-016c58875503,ut_stdio,,en,validation,ok,,no_reference_solution,0,0,0.25,"measured_pass_at_k(n=1,k=8)",
rstar-80845bf870c6,ut_stdio,,en,train,ok,,no_reference_solution,0,0,0.75,"measured_pass_at_k(n=2,k=8)",0.625
rstar-ad53df608841,ut_stdio,,en,excluded,excluded,TOO_EASY,no_reference_solution,0,0,0.25,"measured_pass_at_k(n=1,k=4)",1.0
rstar-b0b4ff27e04a,ut_stdio,,en,validation,ok,,no_reference_solution,0,0,0.5,"measured_pass_at_k(n=1,k=4)",
rstar-48c341911716,ut_stdio,,en,excluded,excluded,TOO_EASY,no_reference_solution,0,0,0.25,"measured_pass_at_k(n=2,k=8)",1.0
rstar-deae16c6002e,ut_stdio,,en,train,ok,,no_reference_solution,0,0,0.25,"measured_pass_at_k(n=1,k=4)",0.875
rstar-9dc4135a689e,ut_stdio,,en,train,ok,,no_reference_solution,0,0,0.5,"measured_pass_at_k(n=1,k=4)",0.375
rstar-e428f53988f4,ut_stdio,,en,train,ok,,no_reference_solution;HARD_BUT_PARTIAL_SIGNAL,0,0,0.5,"measured_pass_at_k(n=2,k=8)",0.0
rstar-b4ddf505240e,ut_stdio,,en,train,ok,,no_reference_solution;HARD_BUT_PARTIAL_SIGNAL,0,0,0.25,"measured_pass_at_k(n=1,k=4)",0.0
rstar-e40cedfe2e59,ut_stdio,,en,excluded,excluded,TOO_EASY,no_reference_solution,0,0,0.25,"measured_pass_at_k(n=1,k=8)",1.0
rstar-02339b2e5fb9,ut_stdio,,en,excluded,excluded,TOO_EASY,no_reference_solution,0,0,0.25,"measured_pass_at_k(n=1,k=8)",1.0
rstar-15d83210c656,ut_stdio,,en,excluded,excluded,TOO_EASY,no_reference_solution,0,0,0.375,"measured_pass_at_k(n=1,k=8)",1.0
rstar-6ca6dbd28022,ut_stdio,,en,excluded,excluded,TOO_EASY,no_reference_solution,0,0,0.625,"measured_pass_at_k(n=2,k=16)",1.0
opencodeinstruct-e9f0181d5415,ut_function,,en,test,ok,,PROMPT_FIX_ENTRY_POINT,0,0,0.625,"measured_pass_at_k(n=2,k=16)",
