/scratch/r919a03/code_verl_test/rl/main_ppo_code.py:60: UserWarning: Disabled critic as algorithm.adv_estimator != gae. If it is not intended, please set critic.enable=True
  validate_config(config=config, use_reference_policy=need_reference_policy(config), use_critic=need_critic(config))
2026-09-02 16:31:44,283	INFO worker.py:2015 -- Started a local Ray instance. View the dashboard at [1m[32mhttp://127.0.0.1:8265 [39m[22m
[36m(CodeTaskRunner pid=2186721)[0m /scratch/r919a03/code_verl_test/.venv/lib/python3.12/site-packages/verl/workers/engine/__init__.py:31: UserWarning: torchtitan engine is not available: ModuleNotFoundError("No module named 'torchtitan'")
[36m(CodeTaskRunner pid=2186721)[0m   warnings.warn(f"torchtitan engine is not available: {e!r}", stacklevel=1)
[36m(CodeTaskRunner pid=2186721)[0m /scratch/r919a03/code_verl_test/.venv/lib/python3.12/site-packages/verl/workers/engine/__init__.py:40: UserWarning: veomni engine is not available: ModuleNotFoundError("No module named 'veomni'")
[36m(CodeTaskRunner pid=2186721)[0m   warnings.warn(f"veomni engine is not available: {e!r}", stacklevel=1)
[36m(CodeTaskRunner pid=2186721)[0m /scratch/r919a03/code_verl_test/.venv/lib/python3.12/site-packages/verl/workers/engine/__init__.py:49: UserWarning: automodel engine is not available: ModuleNotFoundError("No module named 'nemo_automodel'")
[36m(CodeTaskRunner pid=2186721)[0m   warnings.warn(f"automodel engine is not available: {e!r}", stacklevel=1)
[36m(CodeTaskRunner pid=2186721)[0m /scratch/r919a03/code_verl_test/.venv/lib/python3.12/site-packages/verl/workers/engine/mindspeed/transformer_impl.py:24: UserWarning: NPU not support router replay for now.
[36m(CodeTaskRunner pid=2186721)[0m   from verl.utils.megatron.router_replay_patch import RouterReplay
[36m(CodeTaskRunner pid=2186721)[0m /scratch/r919a03/code_verl_test/.venv/lib/python3.12/site-packages/verl/workers/engine/__init__.py:59: UserWarning: mindspeed engine is not available: ModuleNotFoundError("No module named 'megatron'")
[36m(CodeTaskRunner pid=2186721)[0m   warnings.warn(f"mindspeed engine is not available: {e!r}", stacklevel=1)
[36m(CodeTaskRunner pid=2186721)[0m /scratch/r919a03/code_verl_test/.venv/lib/python3.12/site-packages/verl/workers/engine/__init__.py:69: UserWarning: megatron engine is not available: ModuleNotFoundError("No module named 'megatron'")
[36m(CodeTaskRunner pid=2186721)[0m   warnings.warn(f"megatron engine is not available: {e!r}", stacklevel=1)
[validate_config] All configuration checks passed successfully!
ray init kwargs: {'num_cpus': None, 'object_store_memory': 40000000000, 'runtime_env': {'env_vars': {'VLLM_ALLOW_RUNTIME_LORA_UPDATING': 'true', 'VLLM_DISABLE_COMPILE_CACHE': '1', 'HCCL_HOST_SOCKET_PORT_RANGE': 'auto', 'HCCL_NPU_SOCKET_PORT_RANGE': 'auto', 'HSA_NO_SCRATCH_RECLAIM': '1', 'VERL_FULL_DETERMINISM': '0', 'VLLM_BATCH_INVARIANT': '0', 'VERL_RL_INSIGHT_ENABLE': '0'}, 'working_dir': None}}
[36m(CodeTaskRunner pid=2186721)[0m {'actor_rollout_ref': {'actor': {'_target_': 'verl.workers.config.FSDPActorConfig',
[36m(CodeTaskRunner pid=2186721)[0m                                  'calculate_entropy': False,
[36m(CodeTaskRunner pid=2186721)[0m                                  'calculate_sum_pi_squared': False,
[36m(CodeTaskRunner pid=2186721)[0m                                  'checkpoint': {'_target_': 'verl.trainer.config.CheckpointConfig',
[36m(CodeTaskRunner pid=2186721)[0m                                                 'async_save': False,
[36m(CodeTaskRunner pid=2186721)[0m                                                 'load_contents': ['model',
[36m(CodeTaskRunner pid=2186721)[0m                                                                   'optimizer',
[36m(CodeTaskRunner pid=2186721)[0m                                                                   'extra'],
[36m(CodeTaskRunner pid=2186721)[0m                                                 'save_contents': ['model',
[36m(CodeTaskRunner pid=2186721)[0m                                                                   'optimizer',
[36m(CodeTaskRunner pid=2186721)[0m                                                                   'extra'],
[36m(CodeTaskRunner pid=2186721)[0m                                                 'strict': True},
[36m(CodeTaskRunner pid=2186721)[0m                                  'clip_ratio': 0.2,
[36m(CodeTaskRunner pid=2186721)[0m                                  'clip_ratio_c': 3.0,
[36m(CodeTaskRunner pid=2186721)[0m                                  'clip_ratio_high': 0.0004,
[36m(CodeTaskRunner pid=2186721)[0m                                  'clip_ratio_low': 0.0003,
[36m(CodeTaskRunner pid=2186721)[0m                                  'data_loader_seed': 42,
[36m(CodeTaskRunner pid=2186721)[0m                                  'entropy_checkpointing': False,
[36m(CodeTaskRunner pid=2186721)[0m                                  'entropy_coeff': 0,
[36m(CodeTaskRunner pid=2186721)[0m                                  'entropy_from_logits_chunk_size': 2048,
[36m(CodeTaskRunner pid=2186721)[0m                                  'entropy_from_logits_with_chunking': False,
[36m(CodeTaskRunner pid=2186721)[0m                                  'freeze_vision_tower': False,
[36m(CodeTaskRunner pid=2186721)[0m                                  'fsdp_config': {'_target_': 'verl.workers.config.FSDPEngineConfig',
[36m(CodeTaskRunner pid=2186721)[0m                                                  'dtype': 'bfloat16',
[36m(CodeTaskRunner pid=2186721)[0m                                                  'entropy_checkpointing': False,
[36m(CodeTaskRunner pid=2186721)[0m                                                  'entropy_from_logits_chunk_size': 2048,
[36m(CodeTaskRunner pid=2186721)[0m                                                  'entropy_from_logits_with_chunking': False,
[36m(CodeTaskRunner pid=2186721)[0m                                                  'forward_only': False,
[36m(CodeTaskRunner pid=2186721)[0m                                                  'forward_prefetch': False,
[36m(CodeTaskRunner pid=2186721)[0m                                                  'fsdp_size': -1,
[36m(CodeTaskRunner pid=2186721)[0m                                                  'full_determinism': False,
[36m(CodeTaskRunner pid=2186721)[0m                                                  'model_dtype': 'bf16',
[36m(CodeTaskRunner pid=2186721)[0m                                                  'offload_policy': False,
[36m(CodeTaskRunner pid=2186721)[0m                                                  'optimizer_offload': False,
[36m(CodeTaskRunner pid=2186721)[0m                                                  'pad_to_length': False,
[36m(CodeTaskRunner pid=2186721)[0m                                                  'pad_to_length_bucket': 1024,
[36m(CodeTaskRunner pid=2186721)[0m                                                  'param_offload': False,
[36m(CodeTaskRunner pid=2186721)[0m                                                  'qat': {'_target_': 'verl.workers.config.QATEngineConfig',
[36m(CodeTaskRunner pid=2186721)[0m                                                          'activation_observer': 'static_minmax',
[36m(CodeTaskRunner pid=2186721)[0m                                                          'enable': False,
[36m(CodeTaskRunner pid=2186721)[0m                                                          'group_size': 16,
[36m(CodeTaskRunner pid=2186721)[0m                                                          'ignore_patterns': ['lm_head',
[36m(CodeTaskRunner pid=2186721)[0m                                                                              'embed_tokens',
[36m(CodeTaskRunner pid=2186721)[0m                                                                              're:.*mlp.gate$'],
[36m(CodeTaskRunner pid=2186721)[0m                                                          'mode': 'w4a16',
[36m(CodeTaskRunner pid=2186721)[0m                                                          'quantization_config_path': None},
[36m(CodeTaskRunner pid=2186721)[0m                                                  'reshard_after_forward': True,
[36m(CodeTaskRunner pid=2186721)[0m                                                  'seed': 42,
[36m(CodeTaskRunner pid=2186721)[0m                                                  'strategy': 'fsdp',
[36m(CodeTaskRunner pid=2186721)[0m                                                  'ulysses_sequence_parallel_size': 1,
[36m(CodeTaskRunner pid=2186721)[0m                                                  'use_orig_params': False,
[36m(CodeTaskRunner pid=2186721)[0m                                                  'use_torch_compile': True,
[36m(CodeTaskRunner pid=2186721)[0m                                                  'wrap_policy': {'min_num_params': 0}},
[36m(CodeTaskRunner pid=2186721)[0m                                  'grad_clip': 1.0,
[36m(CodeTaskRunner pid=2186721)[0m                                  'kl_loss_coef': 0.001,
[36m(CodeTaskRunner pid=2186721)[0m                                  'kl_loss_type': 'low_var_kl',
[36m(CodeTaskRunner pid=2186721)[0m                                  'loss_agg_mode': 'token-mean',
[36m(CodeTaskRunner pid=2186721)[0m                                  'loss_scale_factor': None,
[36m(CodeTaskRunner pid=2186721)[0m                                  'optim': {'_target_': 'verl.workers.config.FSDPOptimizerConfig',
[36m(CodeTaskRunner pid=2186721)[0m                                            'betas': [0.9, 0.999],
[36m(CodeTaskRunner pid=2186721)[0m                                            'clip_grad': 1.0,
[36m(CodeTaskRunner pid=2186721)[0m                                            'lr': 2e-05,
[36m(CodeTaskRunner pid=2186721)[0m                                            'lr_scheduler_type': 'constant',
[36m(CodeTaskRunner pid=2186721)[0m                                            'lr_warmup_steps': -1,
[36m(CodeTaskRunner pid=2186721)[0m                                            'lr_warmup_steps_ratio': 0.0,
[36m(CodeTaskRunner pid=2186721)[0m                                            'min_lr_ratio': 0.0,
[36m(CodeTaskRunner pid=2186721)[0m                                            'num_cycles': 0.5,
[36m(CodeTaskRunner pid=2186721)[0m                                            'optimizer': 'AdamW',
[36m(CodeTaskRunner pid=2186721)[0m                                            'optimizer_impl': 'torch.optim',
[36m(CodeTaskRunner pid=2186721)[0m                                            'override_optimizer_config': None,
[36m(CodeTaskRunner pid=2186721)[0m                                            'total_training_steps': -1,
[36m(CodeTaskRunner pid=2186721)[0m                                            'warmup_style': None,
[36m(CodeTaskRunner pid=2186721)[0m                                            'weight_decay': 0.01,
[36m(CodeTaskRunner pid=2186721)[0m                                            'zero_indexed_step': True},
[36m(CodeTaskRunner pid=2186721)[0m                                  'pad_to_length': False,
[36m(CodeTaskRunner pid=2186721)[0m                                  'policy_loss': {'_target_': 'verl.workers.config.PolicyLossConfig',
[36m(CodeTaskRunner pid=2186721)[0m                                                  'clip_cov_lb': 1.0,
[36m(CodeTaskRunner pid=2186721)[0m                                                  'clip_cov_ratio': 0.0002,
[36m(CodeTaskRunner pid=2186721)[0m                                                  'clip_cov_ub': 5.0,
[36m(CodeTaskRunner pid=2186721)[0m                                                  'dro_beta': None,
[36m(CodeTaskRunner pid=2186721)[0m                                                  'kl_cov_ratio': 0.0002,
[36m(CodeTaskRunner pid=2186721)[0m                                                  'loss_mode': 'gspo',
[36m(CodeTaskRunner pid=2186721)[0m                                                  'ppo_kl_coef': 0.1},
[36m(CodeTaskRunner pid=2186721)[0m                                  'ppo_epochs': 1,
[36m(CodeTaskRunner pid=2186721)[0m                                  'ppo_max_token_len_per_gpu': 34000,
[36m(CodeTaskRunner pid=2186721)[0m                                  'ppo_micro_batch_size': None,
[36m(CodeTaskRunner pid=2186721)[0m                                  'ppo_micro_batch_size_per_gpu': None,
[36m(CodeTaskRunner pid=2186721)[0m                                  'ppo_mini_batch_size': 16,
[36m(CodeTaskRunner pid=2186721)[0m                                  'profiler': {'_target_': 'verl.utils.profiler.ProfilerConfig',
[36m(CodeTaskRunner pid=2186721)[0m                                               'all_ranks': False,
[36m(CodeTaskRunner pid=2186721)[0m                                               'enable': False,
[36m(CodeTaskRunner pid=2186721)[0m                                               'ranks': [],
[36m(CodeTaskRunner pid=2186721)[0m                                               'save_path': 'outputs/profile',
[36m(CodeTaskRunner pid=2186721)[0m                                               'tool': None,
[36m(CodeTaskRunner pid=2186721)[0m                                               'tool_config': {'npu': {'_target_': 'verl.utils.profiler.config.NPUToolConfig',
[36m(CodeTaskRunner pid=2186721)[0m                                                                       'analysis': True,
[36m(CodeTaskRunner pid=2186721)[0m                                                                       'contents': [],
[36m(CodeTaskRunner pid=2186721)[0m                                                                       'discrete': False,
[36m(CodeTaskRunner pid=2186721)[0m                                                                       'level': 'level0'},
[36m(CodeTaskRunner pid=2186721)[0m                                                               'nsys': {'_target_': 'verl.utils.profiler.config.NsightToolConfig',
[36m(CodeTaskRunner pid=2186721)[0m                                                                        'discrete': False},
[36m(CodeTaskRunner pid=2186721)[0m                                                               'precision_debugger': {'_target_': 'verl.utils.profiler.config.PrecisionDebuggerToolConfig',
[36m(CodeTaskRunner pid=2186721)[0m                                                                                      'config_path': None,
[36m(CodeTaskRunner pid=2186721)[0m                                                                                      'stages': None,
[36m(CodeTaskRunner pid=2186721)[0m                                                                                      'steps': None,
[36m(CodeTaskRunner pid=2186721)[0m                                                                                      'strict': False},
[36m(CodeTaskRunner pid=2186721)[0m                                                               'torch': {'_target_': 'verl.utils.profiler.config.TorchProfilerToolConfig',
[36m(CodeTaskRunner pid=2186721)[0m                                                                         'contents': [],
[36m(CodeTaskRunner pid=2186721)[0m                                                                         'discrete': False,
[36m(CodeTaskRunner pid=2186721)[0m                                                                         'schedule': {'_target_': 'verl.utils.profiler.config.TorchProfilerScheduleConfig',
[36m(CodeTaskRunner pid=2186721)[0m                                                                                      'active': 0,
[36m(CodeTaskRunner pid=2186721)[0m                                                                                      'repeat': 0,
[36m(CodeTaskRunner pid=2186721)[0m                                                                                      'skip_first': 0,
[36m(CodeTaskRunner pid=2186721)[0m                                                                                      'wait': 0,
[36m(CodeTaskRunner pid=2186721)[0m                                                                                      'warmup': 0}},
[36m(CodeTaskRunner pid=2186721)[0m                                                               'torch_memory': {'_target_': 'verl.utils.profiler.config.TorchMemoryToolConfig',
[36m(CodeTaskRunner pid=2186721)[0m                                                                                'stack_depth': 32,
[36m(CodeTaskRunner pid=2186721)[0m                                                                                'trace_alloc_max_entries': 100000}}},
[36m(CodeTaskRunner pid=2186721)[0m                                  'qat': {'activation_observer': 'static_minmax',
[36m(CodeTaskRunner pid=2186721)[0m                                          'enable': False,
[36m(CodeTaskRunner pid=2186721)[0m                                          'group_size': 16,
[36m(CodeTaskRunner pid=2186721)[0m                                          'ignore_patterns': ['lm_head',
[36m(CodeTaskRunner pid=2186721)[0m                                                              'embed_tokens',
[36m(CodeTaskRunner pid=2186721)[0m                                                              're:.*mlp.gate$'],
[36m(CodeTaskRunner pid=2186721)[0m                                          'mode': 'w4a16',
[36m(CodeTaskRunner pid=2186721)[0m                                          'quantization_config_path': None},
[36m(CodeTaskRunner pid=2186721)[0m                                  'rollout_n': 4,
[36m(CodeTaskRunner pid=2186721)[0m                                  'router_replay': {'_target_': 'verl.workers.config.RouterReplayConfig',
[36m(CodeTaskRunner pid=2186721)[0m                                                    'mode': 'disabled',
[36m(CodeTaskRunner pid=2186721)[0m                                                    'record_file': None,
[36m(CodeTaskRunner pid=2186721)[0m                                                    'replay_file': None},
[36m(CodeTaskRunner pid=2186721)[0m                                  'shuffle': False,
[36m(CodeTaskRunner pid=2186721)[0m                                  'strategy': 'fsdp',
[36m(CodeTaskRunner pid=2186721)[0m                                  'tau_neg': 1.05,
[36m(CodeTaskRunner pid=2186721)[0m                                  'tau_pos': 1.0,
[36m(CodeTaskRunner pid=2186721)[0m                                  'ulysses_sequence_parallel_size': 1,
[36m(CodeTaskRunner pid=2186721)[0m                                  'use_dynamic_bsz': True,
[36m(CodeTaskRunner pid=2186721)[0m                                  'use_fused_kernels': False,
[36m(CodeTaskRunner pid=2186721)[0m                                  'use_kl_loss': False,
[36m(CodeTaskRunner pid=2186721)[0m                                  'use_prefix_grouper': False,
[36m(CodeTaskRunner pid=2186721)[0m                                  'use_remove_padding': True,
[36m(CodeTaskRunner pid=2186721)[0m                                  'use_torch_compile': True},
[36m(CodeTaskRunner pid=2186721)[0m                        'hybrid_engine': True,
[36m(CodeTaskRunner pid=2186721)[0m                        'model': {'_target_': 'verl.workers.config.HFModelConfig',
[36m(CodeTaskRunner pid=2186721)[0m                                  'custom_chat_template': None,
[36m(CodeTaskRunner pid=2186721)[0m                                  'enable_activation_offload': False,
[36m(CodeTaskRunner pid=2186721)[0m                                  'enable_gradient_checkpointing': True,
[36m(CodeTaskRunner pid=2186721)[0m                                  'exclude_modules': None,
[36m(CodeTaskRunner pid=2186721)[0m                                  'external_lib': None,
[36m(CodeTaskRunner pid=2186721)[0m                                  'fused_kernel_options': {'impl_backend': 'torch'},
[36m(CodeTaskRunner pid=2186721)[0m                                  'hf_config_path': None,
[36m(CodeTaskRunner pid=2186721)[0m                                  'lora': {'a2a_experimental': False,
[36m(CodeTaskRunner pid=2186721)[0m                                           'adapter_path': None,
[36m(CodeTaskRunner pid=2186721)[0m                                           'alpha': 32,
[36m(CodeTaskRunner pid=2186721)[0m                                           'dropout': 0.0,
[36m(CodeTaskRunner pid=2186721)[0m                                           'dropout_position': 'pre',
[36m(CodeTaskRunner pid=2186721)[0m                                           'dtype': None,
[36m(CodeTaskRunner pid=2186721)[0m                                           'exclude_modules': [],
[36m(CodeTaskRunner pid=2186721)[0m                                           'freeze_language_model': True,
[36m(CodeTaskRunner pid=2186721)[0m                                           'freeze_vision_model': True,
[36m(CodeTaskRunner pid=2186721)[0m                                           'freeze_vision_projection': True,
[36m(CodeTaskRunner pid=2186721)[0m                                           'lora_A_init_method': 'xavier',
[36m(CodeTaskRunner pid=2186721)[0m                                           'lora_B_init_method': 'zero',
[36m(CodeTaskRunner pid=2186721)[0m                                           'merge': False,
[36m(CodeTaskRunner pid=2186721)[0m                                           'rank': 0,
[36m(CodeTaskRunner pid=2186721)[0m                                           'target_modules': ['linear_qkv',
[36m(CodeTaskRunner pid=2186721)[0m                                                              'linear_proj',
[36m(CodeTaskRunner pid=2186721)[0m                                                              'linear_fc1',
[36m(CodeTaskRunner pid=2186721)[0m                                                              'linear_fc2'],
[36m(CodeTaskRunner pid=2186721)[0m                                           'type': 'lora'},
[36m(CodeTaskRunner pid=2186721)[0m                                  'lora_adapter_path': None,
[36m(CodeTaskRunner pid=2186721)[0m                                  'lora_alpha': 64,
[36m(CodeTaskRunner pid=2186721)[0m                                  'lora_rank': 32,
[36m(CodeTaskRunner pid=2186721)[0m                                  'mtp': {'_target_': 'verl.workers.config.MtpConfig',
[36m(CodeTaskRunner pid=2186721)[0m                                          'detach_encoder': False,
[36m(CodeTaskRunner pid=2186721)[0m                                          'enable': False,
[36m(CodeTaskRunner pid=2186721)[0m                                          'enable_rollout': False,
[36m(CodeTaskRunner pid=2186721)[0m                                          'enable_train': False,
[36m(CodeTaskRunner pid=2186721)[0m                                          'method': 'mtp',
[36m(CodeTaskRunner pid=2186721)[0m                                          'mtp_loss_scaling_factor': 0.1,
[36m(CodeTaskRunner pid=2186721)[0m                                          'num_speculative_tokens': 1,
[36m(CodeTaskRunner pid=2186721)[0m                                          'speculative_algorithm': 'EAGLE',
[36m(CodeTaskRunner pid=2186721)[0m                                          'speculative_eagle_topk': 1,
[36m(CodeTaskRunner pid=2186721)[0m                                          'speculative_num_draft_tokens': 4,
[36m(CodeTaskRunner pid=2186721)[0m                                          'speculative_num_steps': 3},
[36m(CodeTaskRunner pid=2186721)[0m                                  'override_config': {},
[36m(CodeTaskRunner pid=2186721)[0m                                  'path': '/scratch/r919a03/huggingface/hub/models--Qwen--Qwen1.5-MoE-A2.7B-Chat/snapshots/ec052fda178e241c7c443468d2fa1db6618996be',
[36m(CodeTaskRunner pid=2186721)[0m                                  'target_modules': ['q_proj',
[36m(CodeTaskRunner pid=2186721)[0m                                                     'k_proj',
[36m(CodeTaskRunner pid=2186721)[0m                                                     'v_proj',
[36m(CodeTaskRunner pid=2186721)[0m                                                     'o_proj'],
[36m(CodeTaskRunner pid=2186721)[0m                                  'tiled_mlp': {'enabled': False,
[36m(CodeTaskRunner pid=2186721)[0m                                                'num_shards': 4},
[36m(CodeTaskRunner pid=2186721)[0m                                  'tokenizer_path': None,
[36m(CodeTaskRunner pid=2186721)[0m                                  'trust_remote_code': False,
[36m(CodeTaskRunner pid=2186721)[0m                                  'use_fused_kernels': False,
[36m(CodeTaskRunner pid=2186721)[0m                                  'use_liger': False,
[36m(CodeTaskRunner pid=2186721)[0m                                  'use_remove_padding': True,
[36m(CodeTaskRunner pid=2186721)[0m                                  'use_shm': False},
[36m(CodeTaskRunner pid=2186721)[0m                        'nccl_timeout': 600,
[36m(CodeTaskRunner pid=2186721)[0m                        'ref': {'_target_': 'verl.workers.config.FSDPActorConfig',
[36m(CodeTaskRunner pid=2186721)[0m                                'entropy_checkpointing': False,
[36m(CodeTaskRunner pid=2186721)[0m                                'entropy_from_logits_chunk_size': 2048,
[36m(CodeTaskRunner pid=2186721)[0m                                'entropy_from_logits_with_chunking': False,
[36m(CodeTaskRunner pid=2186721)[0m                                'fsdp_config': {'_target_': 'verl.workers.config.FSDPEngineConfig',
[36m(CodeTaskRunner pid=2186721)[0m                                                'dtype': 'bfloat16',
[36m(CodeTaskRunner pid=2186721)[0m                                                'entropy_checkpointing': False,
[36m(CodeTaskRunner pid=2186721)[0m                                                'entropy_from_logits_chunk_size': 2048,
[36m(CodeTaskRunner pid=2186721)[0m                                                'entropy_from_logits_with_chunking': False,
[36m(CodeTaskRunner pid=2186721)[0m                                                'forward_only': True,
[36m(CodeTaskRunner pid=2186721)[0m                                                'forward_prefetch': False,
[36m(CodeTaskRunner pid=2186721)[0m                                                'fsdp_size': -1,
[36m(CodeTaskRunner pid=2186721)[0m                                                'full_determinism': False,
[36m(CodeTaskRunner pid=2186721)[0m                                                'model_dtype': 'fp32',
[36m(CodeTaskRunner pid=2186721)[0m                                                'offload_policy': False,
[36m(CodeTaskRunner pid=2186721)[0m                                                'optimizer_offload': False,
[36m(CodeTaskRunner pid=2186721)[0m                                                'pad_to_length': False,
[36m(CodeTaskRunner pid=2186721)[0m                                                'pad_to_length_bucket': 1024,
[36m(CodeTaskRunner pid=2186721)[0m                                                'param_offload': False,
[36m(CodeTaskRunner pid=2186721)[0m                                                'qat': {'_target_': 'verl.workers.config.QATEngineConfig',
[36m(CodeTaskRunner pid=2186721)[0m                                                        'activation_observer': 'static_minmax',
[36m(CodeTaskRunner pid=2186721)[0m                                                        'enable': False,
[36m(CodeTaskRunner pid=2186721)[0m                                                        'group_size': 16,
[36m(CodeTaskRunner pid=2186721)[0m                                                        'ignore_patterns': ['lm_head',
[36m(CodeTaskRunner pid=2186721)[0m                                                                            'embed_tokens',
[36m(CodeTaskRunner pid=2186721)[0m                                                                            're:.*mlp.gate$'],
[36m(CodeTaskRunner pid=2186721)[0m                                                        'mode': 'w4a16',
[36m(CodeTaskRunner pid=2186721)[0m                                                        'quantization_config_path': None},
[36m(CodeTaskRunner pid=2186721)[0m                                                'reshard_after_forward': True,
[36m(CodeTaskRunner pid=2186721)[0m                                                'seed': 42,
[36m(CodeTaskRunner pid=2186721)[0m                                                'strategy': 'fsdp',
[36m(CodeTaskRunner pid=2186721)[0m                                                'ulysses_sequence_parallel_size': 1,
[36m(CodeTaskRunner pid=2186721)[0m                                                'use_orig_params': False,
[36m(CodeTaskRunner pid=2186721)[0m                                                'use_torch_compile': True,
[36m(CodeTaskRunner pid=2186721)[0m                                                'wrap_policy': {'min_num_params': 0}},
[36m(CodeTaskRunner pid=2186721)[0m                                'log_prob_max_token_len_per_gpu': 34000,
[36m(CodeTaskRunner pid=2186721)[0m                                'log_prob_micro_batch_size': None,
[36m(CodeTaskRunner pid=2186721)[0m                                'log_prob_micro_batch_size_per_gpu': None,
[36m(CodeTaskRunner pid=2186721)[0m                                'log_prob_use_dynamic_bsz': True,
[36m(CodeTaskRunner pid=2186721)[0m                                'pad_to_length': False,
[36m(CodeTaskRunner pid=2186721)[0m                                'profiler': {'_target_': 'verl.utils.profiler.ProfilerConfig',
[36m(CodeTaskRunner pid=2186721)[0m                                             'all_ranks': False,
[36m(CodeTaskRunner pid=2186721)[0m                                             'enable': False,
[36m(CodeTaskRunner pid=2186721)[0m                                             'ranks': [],
[36m(CodeTaskRunner pid=2186721)[0m                                             'save_path': 'outputs/profile',
[36m(CodeTaskRunner pid=2186721)[0m                                             'tool': None,
[36m(CodeTaskRunner pid=2186721)[0m                                             'tool_config': {'npu': {'_target_': 'verl.utils.profiler.config.NPUToolConfig',
[36m(CodeTaskRunner pid=2186721)[0m                                                                     'analysis': True,
[36m(CodeTaskRunner pid=2186721)[0m                                                                     'contents': [],
[36m(CodeTaskRunner pid=2186721)[0m                                                                     'discrete': False,
[36m(CodeTaskRunner pid=2186721)[0m                                                                     'level': 'level0'},
[36m(CodeTaskRunner pid=2186721)[0m                                                             'nsys': {'_target_': 'verl.utils.profiler.config.NsightToolConfig',
[36m(CodeTaskRunner pid=2186721)[0m                                                                      'discrete': False},
[36m(CodeTaskRunner pid=2186721)[0m                                                             'precision_debugger': {'_target_': 'verl.utils.profiler.config.PrecisionDebuggerToolConfig',
[36m(CodeTaskRunner pid=2186721)[0m                                                                                    'config_path': None,
[36m(CodeTaskRunner pid=2186721)[0m                                                                                    'stages': None,
[36m(CodeTaskRunner pid=2186721)[0m                                                                                    'steps': None,
[36m(CodeTaskRunner pid=2186721)[0m                                                                                    'strict': False},
[36m(CodeTaskRunner pid=2186721)[0m                                                             'torch': {'_target_': 'verl.utils.profiler.config.TorchProfilerToolConfig',
[36m(CodeTaskRunner pid=2186721)[0m                                                                       'contents': [],
[36m(CodeTaskRunner pid=2186721)[0m                                                                       'discrete': False,
[36m(CodeTaskRunner pid=2186721)[0m                                                                       'schedule': {'_target_': 'verl.utils.profiler.config.TorchProfilerScheduleConfig',
[36m(CodeTaskRunner pid=2186721)[0m                                                                                    'active': 0,
[36m(CodeTaskRunner pid=2186721)[0m                                                                                    'repeat': 0,
[36m(CodeTaskRunner pid=2186721)[0m                                                                                    'skip_first': 0,
[36m(CodeTaskRunner pid=2186721)[0m                                                                                    'wait': 0,
[36m(CodeTaskRunner pid=2186721)[0m                                                                                    'warmup': 0}},
[36m(CodeTaskRunner pid=2186721)[0m                                                             'torch_memory': {'_target_': 'verl.utils.profiler.config.TorchMemoryToolConfig',
[36m(CodeTaskRunner pid=2186721)[0m                                                                              'stack_depth': 32,
[36m(CodeTaskRunner pid=2186721)[0m                                                                              'trace_alloc_max_entries': 100000}}},
[36m(CodeTaskRunner pid=2186721)[0m                                'rollout_n': 4,
[36m(CodeTaskRunner pid=2186721)[0m                                'router_replay': {'_target_': 'verl.workers.config.RouterReplayConfig',
[36m(CodeTaskRunner pid=2186721)[0m                                                  'mode': 'disabled',
[36m(CodeTaskRunner pid=2186721)[0m                                                  'record_file': None,
[36m(CodeTaskRunner pid=2186721)[0m                                                  'replay_file': None},
[36m(CodeTaskRunner pid=2186721)[0m                                'strategy': 'fsdp',
[36m(CodeTaskRunner pid=2186721)[0m                                'ulysses_sequence_parallel_size': 1,
[36m(CodeTaskRunner pid=2186721)[0m                                'use_torch_compile': True},
[36m(CodeTaskRunner pid=2186721)[0m                        'rollout': {'_target_': 'verl.workers.config.RolloutConfig',
[36m(CodeTaskRunner pid=2186721)[0m                                    'agent': {'_target_': 'verl.workers.config.AgentLoopConfig',
[36m(CodeTaskRunner pid=2186721)[0m                                              'agent_loop_config_path': '/scratch/r919a03/code_verl_test/configs/rl/agent_loop_rusca.yaml',
[36m(CodeTaskRunner pid=2186721)[0m                                              'custom_async_server': {'_target_': 'verl.workers.config.CustomAsyncServerConfig',
[36m(CodeTaskRunner pid=2186721)[0m                                                                      'name': None,
[36m(CodeTaskRunner pid=2186721)[0m                                                                      'path': None},
[36m(CodeTaskRunner pid=2186721)[0m                                              'default_agent_loop': 'rusca_scaffold_agent',
[36m(CodeTaskRunner pid=2186721)[0m                                              'num_workers': 8},
[36m(CodeTaskRunner pid=2186721)[0m                                    'calculate_log_probs': False,
[36m(CodeTaskRunner pid=2186721)[0m                                    'checkpoint_engine': {'_target_': 'verl.workers.config.CheckpointEngineConfig',
[36m(CodeTaskRunner pid=2186721)[0m                                                          'backend': 'naive',
[36m(CodeTaskRunner pid=2186721)[0m                                                          'custom_backend_module': None,
[36m(CodeTaskRunner pid=2186721)[0m                                                          'engine_kwargs': {},
[36m(CodeTaskRunner pid=2186721)[0m                                                          'update_weights_bucket_megabytes': 2048},
[36m(CodeTaskRunner pid=2186721)[0m                                    'cudagraph_capture_sizes': None,
[36m(CodeTaskRunner pid=2186721)[0m                                    'custom': {'rusca': {'enable': True,
[36m(CodeTaskRunner pid=2186721)[0m                                                         'total_steps': 3}},
[36m(CodeTaskRunner pid=2186721)[0m                                    'data_parallel_size': 1,
[36m(CodeTaskRunner pid=2186721)[0m                                    'disable_log_stats': True,
[36m(CodeTaskRunner pid=2186721)[0m                                    'disaggregation': {'bootstrap_port': None,
[36m(CodeTaskRunner pid=2186721)[0m                                                       'decode_replicas': 1,
[36m(CodeTaskRunner pid=2186721)[0m                                                       'decode_tensor_model_parallel_size': None,
[36m(CodeTaskRunner pid=2186721)[0m                                                       'enabled': False,
[36m(CodeTaskRunner pid=2186721)[0m                                                       'ib_device': None,
[36m(CodeTaskRunner pid=2186721)[0m                                                       'prefill_replicas': 1,
[36m(CodeTaskRunner pid=2186721)[0m                                                       'transfer_backend': 'nixl'},
[36m(CodeTaskRunner pid=2186721)[0m                                    'do_sample': True,
[36m(CodeTaskRunner pid=2186721)[0m                                    'dtype': 'bfloat16',
[36m(CodeTaskRunner pid=2186721)[0m                                    'enable_chunked_prefill': True,
[36m(CodeTaskRunner pid=2186721)[0m                                    'enable_prefix_caching': True,
[36m(CodeTaskRunner pid=2186721)[0m                                    'enable_rollout_routing_replay': False,
[36m(CodeTaskRunner pid=2186721)[0m                                    'enforce_eager': True,
[36m(CodeTaskRunner pid=2186721)[0m                                    'engine_kwargs': {'sglang': {},
[36m(CodeTaskRunner pid=2186721)[0m                                                      'trtllm': {},
[36m(CodeTaskRunner pid=2186721)[0m                                                      'vllm': {}},
[36m(CodeTaskRunner pid=2186721)[0m                                    'expert_parallel_size': 1,
[36m(CodeTaskRunner pid=2186721)[0m                                    'free_cache_engine': True,
[36m(CodeTaskRunner pid=2186721)[0m                                    'full_determinism': False,
[36m(CodeTaskRunner pid=2186721)[0m                                    'gpu_memory_utilization': 0.55,
[36m(CodeTaskRunner pid=2186721)[0m                                    'ignore_eos': False,
[36m(CodeTaskRunner pid=2186721)[0m                                    'layered_summon': True,
[36m(CodeTaskRunner pid=2186721)[0m                                    'load_format': 'safetensors',
[36m(CodeTaskRunner pid=2186721)[0m                                    'log_prob_max_token_len_per_gpu': 34000,
[36m(CodeTaskRunner pid=2186721)[0m                                    'log_prob_micro_batch_size': None,
[36m(CodeTaskRunner pid=2186721)[0m                                    'log_prob_micro_batch_size_per_gpu': None,
[36m(CodeTaskRunner pid=2186721)[0m                                    'log_prob_use_dynamic_bsz': True,
[36m(CodeTaskRunner pid=2186721)[0m                                    'logprobs_mode': 'processed_logprobs',
[36m(CodeTaskRunner pid=2186721)[0m                                    'max_model_len': 32768,
[36m(CodeTaskRunner pid=2186721)[0m                                    'max_num_batched_tokens': 32768,
[36m(CodeTaskRunner pid=2186721)[0m                                    'max_num_seqs': 256,
[36m(CodeTaskRunner pid=2186721)[0m                                    'mode': 'async',
[36m(CodeTaskRunner pid=2186721)[0m                                    'moe_load_balance_metrics_interval': 0,
[36m(CodeTaskRunner pid=2186721)[0m                                    'mtp': {'_target_': 'verl.workers.config.MtpConfig',
[36m(CodeTaskRunner pid=2186721)[0m                                            'detach_encoder': False,
[36m(CodeTaskRunner pid=2186721)[0m                                            'enable': False,
[36m(CodeTaskRunner pid=2186721)[0m                                            'enable_rollout': False,
[36m(CodeTaskRunner pid=2186721)[0m                                            'enable_train': False,
[36m(CodeTaskRunner pid=2186721)[0m                                            'method': 'mtp',
[36m(CodeTaskRunner pid=2186721)[0m                                            'mtp_loss_scaling_factor': 0.1,
[36m(CodeTaskRunner pid=2186721)[0m                                            'num_speculative_tokens': 1,
[36m(CodeTaskRunner pid=2186721)[0m                                            'speculative_algorithm': 'EAGLE',
[36m(CodeTaskRunner pid=2186721)[0m                                            'speculative_eagle_topk': 1,
[36m(CodeTaskRunner pid=2186721)[0m                                            'speculative_num_draft_tokens': 4,
[36m(CodeTaskRunner pid=2186721)[0m                                            'speculative_num_steps': 3},
[36m(CodeTaskRunner pid=2186721)[0m                                    'multi_stage_wake_up': False,
[36m(CodeTaskRunner pid=2186721)[0m                                    'multi_turn': {'_target_': 'verl.workers.config.MultiTurnConfig',
[36m(CodeTaskRunner pid=2186721)[0m                                                   'enable': False,
[36m(CodeTaskRunner pid=2186721)[0m                                                   'format': 'hermes',
[36m(CodeTaskRunner pid=2186721)[0m                                                   'function_tool_path': None,
[36m(CodeTaskRunner pid=2186721)[0m                                                   'max_assistant_turns': None,
[36m(CodeTaskRunner pid=2186721)[0m                                                   'max_parallel_calls': 1,
[36m(CodeTaskRunner pid=2186721)[0m                                                   'max_tool_response_length': 256,
[36m(CodeTaskRunner pid=2186721)[0m                                                   'max_user_turns': None,
[36m(CodeTaskRunner pid=2186721)[0m                                                   'num_repeat_rollouts': None,
[36m(CodeTaskRunner pid=2186721)[0m                                                   'tokenization_sanity_check_mode': 'strict',
[36m(CodeTaskRunner pid=2186721)[0m                                                   'tool_config_path': None,
[36m(CodeTaskRunner pid=2186721)[0m                                                   'tool_response_truncate_side': 'middle',
[36m(CodeTaskRunner pid=2186721)[0m                                                   'use_inference_chat_template': False},
[36m(CodeTaskRunner pid=2186721)[0m                                    'n': 4,
[36m(CodeTaskRunner pid=2186721)[0m                                    'n_gpus_per_node': 4,
[36m(CodeTaskRunner pid=2186721)[0m                                    'name': 'vllm',
[36m(CodeTaskRunner pid=2186721)[0m                                    'nnodes': 0,
[36m(CodeTaskRunner pid=2186721)[0m                                    'over_sample_rate': 0,
[36m(CodeTaskRunner pid=2186721)[0m                                    'pipeline_model_parallel_size': 1,
[36m(CodeTaskRunner pid=2186721)[0m                                    'profiler': {'_target_': 'verl.utils.profiler.ProfilerConfig',
[36m(CodeTaskRunner pid=2186721)[0m                                                 'all_ranks': False,
[36m(CodeTaskRunner pid=2186721)[0m                                                 'enable': False,
[36m(CodeTaskRunner pid=2186721)[0m                                                 'ranks': [],
[36m(CodeTaskRunner pid=2186721)[0m                                                 'save_path': 'outputs/profile',
[36m(CodeTaskRunner pid=2186721)[0m                                                 'tool': None,
[36m(CodeTaskRunner pid=2186721)[0m                                                 'tool_config': {'npu': {'_target_': 'verl.utils.profiler.config.NPUToolConfig',
[36m(CodeTaskRunner pid=2186721)[0m                                                                         'analysis': True,
[36m(CodeTaskRunner pid=2186721)[0m                                                                         'contents': [],
[36m(CodeTaskRunner pid=2186721)[0m                                                                         'discrete': False,
[36m(CodeTaskRunner pid=2186721)[0m                                                                         'level': 'level0',
[36m(CodeTaskRunner pid=2186721)[0m                                                                         'profile_token_end': None,
[36m(CodeTaskRunner pid=2186721)[0m                                                                         'profile_token_start': None},
[36m(CodeTaskRunner pid=2186721)[0m                                                                 'precision_debugger': {'_target_': 'verl.utils.profiler.config.PrecisionDebuggerToolConfig',
[36m(CodeTaskRunner pid=2186721)[0m                                                                                        'config_path': None,
[36m(CodeTaskRunner pid=2186721)[0m                                                                                        'stages': None,
[36m(CodeTaskRunner pid=2186721)[0m                                                                                        'steps': None,
[36m(CodeTaskRunner pid=2186721)[0m                                                                                        'strict': False},
[36m(CodeTaskRunner pid=2186721)[0m                                                                 'torch': {'_target_': 'verl.utils.profiler.config.TorchProfilerToolConfig',
[36m(CodeTaskRunner pid=2186721)[0m                                                                           'contents': [],
[36m(CodeTaskRunner pid=2186721)[0m                                                                           'discrete': False,
[36m(CodeTaskRunner pid=2186721)[0m                                                                           'profile_token_end': None,
[36m(CodeTaskRunner pid=2186721)[0m                                                                           'profile_token_start': None}}},
[36m(CodeTaskRunner pid=2186721)[0m                                    'prometheus': {'_target_': 'verl.workers.config.PrometheusConfig',
[36m(CodeTaskRunner pid=2186721)[0m                                                   'enable': False,
[36m(CodeTaskRunner pid=2186721)[0m                                                   'file': '/tmp/ray/session_latest/metrics/prometheus/prometheus.yml',
[36m(CodeTaskRunner pid=2186721)[0m                                                   'port': 9090,
[36m(CodeTaskRunner pid=2186721)[0m                                                   'served_model_name': '/scratch/r919a03/huggingface/hub/models--Qwen--Qwen1.5-MoE-A2.7B-Chat/snapshots/ec052fda178e241c7c443468d2fa1db6618996be'},
[36m(CodeTaskRunner pid=2186721)[0m                                    'prompt_length': 30000,
[36m(CodeTaskRunner pid=2186721)[0m                                    'qat': {'_target_': 'verl.workers.config.QATEngineConfig',
[36m(CodeTaskRunner pid=2186721)[0m                                            'activation_observer': 'static_minmax',
[36m(CodeTaskRunner pid=2186721)[0m                                            'enable': False,
[36m(CodeTaskRunner pid=2186721)[0m                                            'group_size': 16,
[36m(CodeTaskRunner pid=2186721)[0m                                            'ignore_patterns': ['lm_head',
[36m(CodeTaskRunner pid=2186721)[0m                                                                'embed_tokens',
[36m(CodeTaskRunner pid=2186721)[0m                                                                're:.*mlp.gate$'],
[36m(CodeTaskRunner pid=2186721)[0m                                            'mode': 'w4a16',
[36m(CodeTaskRunner pid=2186721)[0m                                            'quantization_config_path': None},
[36m(CodeTaskRunner pid=2186721)[0m                                    'quantization': None,
[36m(CodeTaskRunner pid=2186721)[0m                                    'quantization_config_file': None,
[36m(CodeTaskRunner pid=2186721)[0m                                    'response_length': 2048,
[36m(CodeTaskRunner pid=2186721)[0m                                    'scheduling_policy': 'fcfs',
[36m(CodeTaskRunner pid=2186721)[0m                                    'seed': 42,
[36m(CodeTaskRunner pid=2186721)[0m                                    'skip_tokenizer_init': True,
[36m(CodeTaskRunner pid=2186721)[0m                                    'temperature': 1.0,
[36m(CodeTaskRunner pid=2186721)[0m                                    'tensor_model_parallel_size': 1,
[36m(CodeTaskRunner pid=2186721)[0m                                    'top_k': -1,
[36m(CodeTaskRunner pid=2186721)[0m                                    'top_p': 1,
[36m(CodeTaskRunner pid=2186721)[0m                                    'trace': {'_target_': 'verl.workers.config.TraceConfig',
[36m(CodeTaskRunner pid=2186721)[0m                                              'backend': None,
[36m(CodeTaskRunner pid=2186721)[0m                                              'experiment_name': 'smoke_rl_v1',
[36m(CodeTaskRunner pid=2186721)[0m                                              'max_samples_per_step_per_worker': None,
[36m(CodeTaskRunner pid=2186721)[0m                                              'project_name': 'code_rl_reward_research',
[36m(CodeTaskRunner pid=2186721)[0m                                              'token2text': False},
[36m(CodeTaskRunner pid=2186721)[0m                                    'val_kwargs': {'_target_': 'verl.workers.config.SamplingConfig',
[36m(CodeTaskRunner pid=2186721)[0m                                                   'do_sample': False,
[36m(CodeTaskRunner pid=2186721)[0m                                                   'n': 1,
[36m(CodeTaskRunner pid=2186721)[0m                                                   'temperature': 0,
[36m(CodeTaskRunner pid=2186721)[0m                                                   'top_k': -1,
[36m(CodeTaskRunner pid=2186721)[0m                                                   'top_p': 1.0}}},
[36m(CodeTaskRunner pid=2186721)[0m  'algorithm': {'_target_': 'verl.trainer.config.AlgoConfig',
[36m(CodeTaskRunner pid=2186721)[0m                'adv_estimator': 'grpo',
[36m(CodeTaskRunner pid=2186721)[0m                'filter_groups': {'_target_': 'verl.trainer.config.FilterGroupsConfig',
[36m(CodeTaskRunner pid=2186721)[0m                                  'enable': False,
[36m(CodeTaskRunner pid=2186721)[0m                                  'max_inflight_gen_batches': 1,
[36m(CodeTaskRunner pid=2186721)[0m                                  'max_num_gen_batches': 0,
[36m(CodeTaskRunner pid=2186721)[0m                                  'metric': None},
[36m(CodeTaskRunner pid=2186721)[0m                'gamma': 1.0,
[36m(CodeTaskRunner pid=2186721)[0m                'kl_ctrl': {'_target_': 'verl.trainer.config.KLControlConfig',
[36m(CodeTaskRunner pid=2186721)[0m                            'horizon': 10000,
[36m(CodeTaskRunner pid=2186721)[0m                            'kl_coef': 0.001,
[36m(CodeTaskRunner pid=2186721)[0m                            'target_kl': 0.1,
[36m(CodeTaskRunner pid=2186721)[0m                            'type': 'fixed'},
[36m(CodeTaskRunner pid=2186721)[0m                'kl_penalty': 'kl',
[36m(CodeTaskRunner pid=2186721)[0m                'lam': 1.0,
[36m(CodeTaskRunner pid=2186721)[0m                'norm_adv_by_std_in_grpo': True,
[36m(CodeTaskRunner pid=2186721)[0m                'pf_ppo': {'reweight_method': 'pow', 'weight_pow': 2.0},
[36m(CodeTaskRunner pid=2186721)[0m                'rollout_correction': {'bypass_mode': False,
[36m(CodeTaskRunner pid=2186721)[0m                                       'loss_type': 'ppo_clip',
[36m(CodeTaskRunner pid=2186721)[0m                                       'rollout_is': None,
[36m(CodeTaskRunner pid=2186721)[0m                                       'rollout_is_batch_normalize': False,
[36m(CodeTaskRunner pid=2186721)[0m                                       'rollout_is_threshold': 2.0,
[36m(CodeTaskRunner pid=2186721)[0m                                       'rollout_rs': None,
[36m(CodeTaskRunner pid=2186721)[0m                                       'rollout_rs_threshold': None},
[36m(CodeTaskRunner pid=2186721)[0m                'use_kl_in_reward': False,
[36m(CodeTaskRunner pid=2186721)[0m                'use_pf_ppo': False},
[36m(CodeTaskRunner pid=2186721)[0m  'critic': {'_target_': 'verl.workers.config.FSDPCriticConfig',
[36m(CodeTaskRunner pid=2186721)[0m             'checkpoint': {'_target_': 'verl.trainer.config.CheckpointConfig',
[36m(CodeTaskRunner pid=2186721)[0m                            'async_save': False,
[36m(CodeTaskRunner pid=2186721)[0m                            'load_contents': ['model', 'optimizer', 'extra'],
[36m(CodeTaskRunner pid=2186721)[0m                            'save_contents': ['model', 'optimizer', 'extra']},
[36m(CodeTaskRunner pid=2186721)[0m             'cliprange_value': 0.5,
[36m(CodeTaskRunner pid=2186721)[0m             'data_loader_seed': 42,
[36m(CodeTaskRunner pid=2186721)[0m             'enable': None,
[36m(CodeTaskRunner pid=2186721)[0m             'forward_max_token_len_per_gpu': 32768,
[36m(CodeTaskRunner pid=2186721)[0m             'forward_micro_batch_size': None,
[36m(CodeTaskRunner pid=2186721)[0m             'forward_micro_batch_size_per_gpu': None,
[36m(CodeTaskRunner pid=2186721)[0m             'fsdp': {'_target_': 'verl.workers.config.FSDPEngineConfig',
[36m(CodeTaskRunner pid=2186721)[0m                      'dtype': 'bfloat16',
[36m(CodeTaskRunner pid=2186721)[0m                      'entropy_checkpointing': False,
[36m(CodeTaskRunner pid=2186721)[0m                      'entropy_from_logits_chunk_size': 2048,
[36m(CodeTaskRunner pid=2186721)[0m                      'entropy_from_logits_with_chunking': False,
[36m(CodeTaskRunner pid=2186721)[0m                      'forward_only': False,
[36m(CodeTaskRunner pid=2186721)[0m                      'forward_prefetch': False,
[36m(CodeTaskRunner pid=2186721)[0m                      'fsdp_size': -1,
[36m(CodeTaskRunner pid=2186721)[0m                      'full_determinism': False,
[36m(CodeTaskRunner pid=2186721)[0m                      'model_dtype': 'fp32',
[36m(CodeTaskRunner pid=2186721)[0m                      'offload_policy': False,
[36m(CodeTaskRunner pid=2186721)[0m                      'optimizer_offload': False,
[36m(CodeTaskRunner pid=2186721)[0m                      'pad_to_length': False,
[36m(CodeTaskRunner pid=2186721)[0m                      'pad_to_length_bucket': 1024,
[36m(CodeTaskRunner pid=2186721)[0m                      'param_offload': False,
[36m(CodeTaskRunner pid=2186721)[0m                      'qat': {'_target_': 'verl.workers.config.QATEngineConfig',
[36m(CodeTaskRunner pid=2186721)[0m                              'activation_observer': 'static_minmax',
[36m(CodeTaskRunner pid=2186721)[0m                              'enable': False,
[36m(CodeTaskRunner pid=2186721)[0m                              'group_size': 16,
[36m(CodeTaskRunner pid=2186721)[0m                              'ignore_patterns': ['lm_head',
[36m(CodeTaskRunner pid=2186721)[0m                                                  'embed_tokens',
[36m(CodeTaskRunner pid=2186721)[0m                                                  're:.*mlp.gate$'],
[36m(CodeTaskRunner pid=2186721)[0m                              'mode': 'w4a16',
[36m(CodeTaskRunner pid=2186721)[0m                              'quantization_config_path': None},
[36m(CodeTaskRunner pid=2186721)[0m                      'reshard_after_forward': True,
[36m(CodeTaskRunner pid=2186721)[0m                      'seed': 42,
[36m(CodeTaskRunner pid=2186721)[0m                      'strategy': 'fsdp',
[36m(CodeTaskRunner pid=2186721)[0m                      'ulysses_sequence_parallel_size': 1,
[36m(CodeTaskRunner pid=2186721)[0m                      'use_orig_params': False,
[36m(CodeTaskRunner pid=2186721)[0m                      'use_torch_compile': True,
[36m(CodeTaskRunner pid=2186721)[0m                      'wrap_policy': {'min_num_params': 0}},
[36m(CodeTaskRunner pid=2186721)[0m             'grad_clip': 1.0,
[36m(CodeTaskRunner pid=2186721)[0m             'loss_agg_mode': 'token-mean',
[36m(CodeTaskRunner pid=2186721)[0m             'loss_scale_factor': None,
[36m(CodeTaskRunner pid=2186721)[0m             'model': {'_target_': 'verl.workers.config.HFModelConfig',
[36m(CodeTaskRunner pid=2186721)[0m                       'custom_chat_template': None,
[36m(CodeTaskRunner pid=2186721)[0m                       'enable_activation_offload': False,
[36m(CodeTaskRunner pid=2186721)[0m                       'enable_gradient_checkpointing': True,
[36m(CodeTaskRunner pid=2186721)[0m                       'exclude_modules': None,
[36m(CodeTaskRunner pid=2186721)[0m                       'external_lib': None,
[36m(CodeTaskRunner pid=2186721)[0m                       'fused_kernel_options': {'impl_backend': 'torch'},
[36m(CodeTaskRunner pid=2186721)[0m                       'hf_config_path': None,
[36m(CodeTaskRunner pid=2186721)[0m                       'lora': {'a2a_experimental': False,
[36m(CodeTaskRunner pid=2186721)[0m                                'adapter_path': None,
[36m(CodeTaskRunner pid=2186721)[0m                                'alpha': 32,
[36m(CodeTaskRunner pid=2186721)[0m                                'dropout': 0.0,
[36m(CodeTaskRunner pid=2186721)[0m                                'dropout_position': 'pre',
[36m(CodeTaskRunner pid=2186721)[0m                                'dtype': None,
[36m(CodeTaskRunner pid=2186721)[0m                                'exclude_modules': [],
[36m(CodeTaskRunner pid=2186721)[0m                                'freeze_language_model': True,
[36m(CodeTaskRunner pid=2186721)[0m                                'freeze_vision_model': True,
[36m(CodeTaskRunner pid=2186721)[0m                                'freeze_vision_projection': True,
[36m(CodeTaskRunner pid=2186721)[0m                                'lora_A_init_method': 'xavier',
[36m(CodeTaskRunner pid=2186721)[0m                                'lora_B_init_method': 'zero',
[36m(CodeTaskRunner pid=2186721)[0m                                'merge': False,
[36m(CodeTaskRunner pid=2186721)[0m                                'rank': 0,
[36m(CodeTaskRunner pid=2186721)[0m                                'target_modules': ['linear_qkv',
[36m(CodeTaskRunner pid=2186721)[0m                                                   'linear_proj',
[36m(CodeTaskRunner pid=2186721)[0m                                                   'linear_fc1',
[36m(CodeTaskRunner pid=2186721)[0m                                                   'linear_fc2'],
[36m(CodeTaskRunner pid=2186721)[0m                                'type': 'lora'},
[36m(CodeTaskRunner pid=2186721)[0m                       'lora_adapter_path': None,
[36m(CodeTaskRunner pid=2186721)[0m                       'lora_alpha': 16,
[36m(CodeTaskRunner pid=2186721)[0m                       'lora_rank': 0,
[36m(CodeTaskRunner pid=2186721)[0m                       'mtp': {'_target_': 'verl.workers.config.MtpConfig',
[36m(CodeTaskRunner pid=2186721)[0m                               'detach_encoder': False,
[36m(CodeTaskRunner pid=2186721)[0m                               'enable': False,
[36m(CodeTaskRunner pid=2186721)[0m                               'enable_rollout': False,
[36m(CodeTaskRunner pid=2186721)[0m                               'enable_train': False,
[36m(CodeTaskRunner pid=2186721)[0m                               'method': 'mtp',
[36m(CodeTaskRunner pid=2186721)[0m                               'mtp_loss_scaling_factor': 0.1,
[36m(CodeTaskRunner pid=2186721)[0m                               'num_speculative_tokens': 1,
[36m(CodeTaskRunner pid=2186721)[0m                               'speculative_algorithm': 'EAGLE',
[36m(CodeTaskRunner pid=2186721)[0m                               'speculative_eagle_topk': 1,
[36m(CodeTaskRunner pid=2186721)[0m                               'speculative_num_draft_tokens': 4,
[36m(CodeTaskRunner pid=2186721)[0m                               'speculative_num_steps': 3},
[36m(CodeTaskRunner pid=2186721)[0m                       'override_config': {},
[36m(CodeTaskRunner pid=2186721)[0m                       'path': '~/models/deepseek-llm-7b-chat',
[36m(CodeTaskRunner pid=2186721)[0m                       'target_modules': 'all-linear',
[36m(CodeTaskRunner pid=2186721)[0m                       'tiled_mlp': {'enabled': False, 'num_shards': 4},
[36m(CodeTaskRunner pid=2186721)[0m                       'tokenizer_path': None,
[36m(CodeTaskRunner pid=2186721)[0m                       'trust_remote_code': False,
[36m(CodeTaskRunner pid=2186721)[0m                       'use_fused_kernels': False,
[36m(CodeTaskRunner pid=2186721)[0m                       'use_liger': False,
[36m(CodeTaskRunner pid=2186721)[0m                       'use_remove_padding': True,
[36m(CodeTaskRunner pid=2186721)[0m                       'use_shm': False},
[36m(CodeTaskRunner pid=2186721)[0m             'optim': {'_target_': 'verl.workers.config.FSDPOptimizerConfig',
[36m(CodeTaskRunner pid=2186721)[0m                       'betas': [0.9, 0.999],
[36m(CodeTaskRunner pid=2186721)[0m                       'clip_grad': 1.0,
[36m(CodeTaskRunner pid=2186721)[0m                       'lr': 1e-05,
[36m(CodeTaskRunner pid=2186721)[0m                       'lr_scheduler_type': 'constant',
[36m(CodeTaskRunner pid=2186721)[0m                       'lr_warmup_steps': -1,
[36m(CodeTaskRunner pid=2186721)[0m                       'lr_warmup_steps_ratio': 0.0,
[36m(CodeTaskRunner pid=2186721)[0m                       'min_lr_ratio': 0.0,
[36m(CodeTaskRunner pid=2186721)[0m                       'num_cycles': 0.5,
[36m(CodeTaskRunner pid=2186721)[0m                       'optimizer': 'AdamW',
[36m(CodeTaskRunner pid=2186721)[0m                       'optimizer_impl': 'torch.optim',
[36m(CodeTaskRunner pid=2186721)[0m                       'override_optimizer_config': None,
[36m(CodeTaskRunner pid=2186721)[0m                       'total_training_steps': -1,
[36m(CodeTaskRunner pid=2186721)[0m                       'warmup_style': None,
[36m(CodeTaskRunner pid=2186721)[0m                       'weight_decay': 0.01,
[36m(CodeTaskRunner pid=2186721)[0m                       'zero_indexed_step': True},
[36m(CodeTaskRunner pid=2186721)[0m             'ppo_epochs': 1,
[36m(CodeTaskRunner pid=2186721)[0m             'ppo_max_token_len_per_gpu': 32768,
[36m(CodeTaskRunner pid=2186721)[0m             'ppo_micro_batch_size': None,
[36m(CodeTaskRunner pid=2186721)[0m             'ppo_micro_batch_size_per_gpu': None,
[36m(CodeTaskRunner pid=2186721)[0m             'ppo_mini_batch_size': 16,
[36m(CodeTaskRunner pid=2186721)[0m             'profiler': {'_target_': 'verl.utils.profiler.ProfilerConfig',
[36m(CodeTaskRunner pid=2186721)[0m                          'all_ranks': False,
[36m(CodeTaskRunner pid=2186721)[0m                          'enable': False,
[36m(CodeTaskRunner pid=2186721)[0m                          'ranks': [],
[36m(CodeTaskRunner pid=2186721)[0m                          'save_path': 'outputs/profile',
[36m(CodeTaskRunner pid=2186721)[0m                          'tool': None,
[36m(CodeTaskRunner pid=2186721)[0m                          'tool_config': {'npu': {'_target_': 'verl.utils.profiler.config.NPUToolConfig',
[36m(CodeTaskRunner pid=2186721)[0m                                                  'analysis': True,
[36m(CodeTaskRunner pid=2186721)[0m                                                  'contents': [],
[36m(CodeTaskRunner pid=2186721)[0m                                                  'discrete': False,
[36m(CodeTaskRunner pid=2186721)[0m                                                  'level': 'level0'},
[36m(CodeTaskRunner pid=2186721)[0m                                          'nsys': {'_target_': 'verl.utils.profiler.config.NsightToolConfig',
[36m(CodeTaskRunner pid=2186721)[0m                                                   'discrete': False},
[36m(CodeTaskRunner pid=2186721)[0m                                          'precision_debugger': {'_target_': 'verl.utils.profiler.config.PrecisionDebuggerToolConfig',
[36m(CodeTaskRunner pid=2186721)[0m                                                                 'config_path': None,
[36m(CodeTaskRunner pid=2186721)[0m                                                                 'stages': None,
[36m(CodeTaskRunner pid=2186721)[0m                                                                 'steps': None,
[36m(CodeTaskRunner pid=2186721)[0m                                                                 'strict': False},
[36m(CodeTaskRunner pid=2186721)[0m                                          'torch': {'_target_': 'verl.utils.profiler.config.TorchProfilerToolConfig',
[36m(CodeTaskRunner pid=2186721)[0m                                                    'contents': [],
[36m(CodeTaskRunner pid=2186721)[0m                                                    'discrete': False,
[36m(CodeTaskRunner pid=2186721)[0m                                                    'schedule': {'_target_': 'verl.utils.profiler.config.TorchProfilerScheduleConfig',
[36m(CodeTaskRunner pid=2186721)[0m                                                                 'active': 0,
[36m(CodeTaskRunner pid=2186721)[0m                                                                 'repeat': 0,
[36m(CodeTaskRunner pid=2186721)[0m                                                                 'skip_first': 0,
[36m(CodeTaskRunner pid=2186721)[0m                                                                 'wait': 0,
[36m(CodeTaskRunner pid=2186721)[0m                                                                 'warmup': 0}},
[36m(CodeTaskRunner pid=2186721)[0m                                          'torch_memory': {'_target_': 'verl.utils.profiler.config.TorchMemoryToolConfig',
[36m(CodeTaskRunner pid=2186721)[0m                                                           'stack_depth': 32,
[36m(CodeTaskRunner pid=2186721)[0m                                                           'trace_alloc_max_entries': 100000}}},
[36m(CodeTaskRunner pid=2186721)[0m             'rollout_n': 4,
[36m(CodeTaskRunner pid=2186721)[0m             'shuffle': False,
[36m(CodeTaskRunner pid=2186721)[0m             'strategy': 'fsdp',
[36m(CodeTaskRunner pid=2186721)[0m             'ulysses_sequence_parallel_size': 1,
[36m(CodeTaskRunner pid=2186721)[0m             'use_dynamic_bsz': True},
[36m(CodeTaskRunner pid=2186721)[0m  'custom_reward_function': {'name': None, 'path': None},
[36m(CodeTaskRunner pid=2186721)[0m  'data': {'apply_chat_template_kwargs': {},
[36m(CodeTaskRunner pid=2186721)[0m           'audio_key': 'audios',
[36m(CodeTaskRunner pid=2186721)[0m           'continuous_token': {'enable': False, 'model_family': 'auto'},
[36m(CodeTaskRunner pid=2186721)[0m           'custom_cls': {'name': None, 'path': None},
[36m(CodeTaskRunner pid=2186721)[0m           'dataloader_num_workers': 8,
[36m(CodeTaskRunner pid=2186721)[0m           'filter_overlong_prompts': True,
[36m(CodeTaskRunner pid=2186721)[0m           'filter_overlong_prompts_workers': 1,
[36m(CodeTaskRunner pid=2186721)[0m           'function_tool_path': None,
[36m(CodeTaskRunner pid=2186721)[0m           'gen_batch_size': None,
[36m(CodeTaskRunner pid=2186721)[0m           'hier_sampler': {'task_key': 'data_source',
[36m(CodeTaskRunner pid=2186721)[0m                            'task_weights': {'t15_repo_patch': 0.3,
[36m(CodeTaskRunner pid=2186721)[0m                                             't15_unittest_impl': 0.7},
[36m(CodeTaskRunner pid=2186721)[0m                            'variant_key': 'variant_type'},
[36m(CodeTaskRunner pid=2186721)[0m           'image_key': 'images',
[36m(CodeTaskRunner pid=2186721)[0m           'image_patch_size': 14,
[36m(CodeTaskRunner pid=2186721)[0m           'max_prompt_length': 30000,
[36m(CodeTaskRunner pid=2186721)[0m           'max_response_length': 2048,
[36m(CodeTaskRunner pid=2186721)[0m           'mm_processor_kwargs': {},
[36m(CodeTaskRunner pid=2186721)[0m           'prompt_key': 'prompt',
[36m(CodeTaskRunner pid=2186721)[0m           'return_full_prompt': False,
[36m(CodeTaskRunner pid=2186721)[0m           'return_multi_modal_inputs': True,
[36m(CodeTaskRunner pid=2186721)[0m           'return_raw_chat': True,
[36m(CodeTaskRunner pid=2186721)[0m           'return_raw_input_ids': False,
[36m(CodeTaskRunner pid=2186721)[0m           'reward_fn_key': 'data_source',
[36m(CodeTaskRunner pid=2186721)[0m           'seed': 0,
[36m(CodeTaskRunner pid=2186721)[0m           'shuffle': True,
[36m(CodeTaskRunner pid=2186721)[0m           'tokenizer': None,
[36m(CodeTaskRunner pid=2186721)[0m           'tool_config_path': None,
[36m(CodeTaskRunner pid=2186721)[0m           'train_batch_size': 16,
[36m(CodeTaskRunner pid=2186721)[0m           'train_files': '/scratch/r919a03/code_verl_test/data/processed/smoke/train.parquet',
[36m(CodeTaskRunner pid=2186721)[0m           'train_max_samples': -1,
[36m(CodeTaskRunner pid=2186721)[0m           'truncation': 'error',
[36m(CodeTaskRunner pid=2186721)[0m           'trust_remote_code': False,
[36m(CodeTaskRunner pid=2186721)[0m           'use_shm': False,
[36m(CodeTaskRunner pid=2186721)[0m           'val_batch_size': None,
[36m(CodeTaskRunner pid=2186721)[0m           'val_files': '/scratch/r919a03/code_verl_test/data/processed/smoke/val.parquet',
[36m(CodeTaskRunner pid=2186721)[0m           'val_max_samples': -1,
[36m(CodeTaskRunner pid=2186721)[0m           'validation_shuffle': False,
[36m(CodeTaskRunner pid=2186721)[0m           'video_key': 'videos'},
[36m(CodeTaskRunner pid=2186721)[0m  'distillation': {'_target_': 'verl.workers.config.DistillationConfig',
[36m(CodeTaskRunner pid=2186721)[0m                   'distillation_loss': {'_target_': 'verl.workers.config.DistillationLossConfig',
[36m(CodeTaskRunner pid=2186721)[0m                                         'clip_ratio': 0.2,
[36m(CodeTaskRunner pid=2186721)[0m                                         'clip_ratio_high': 0.2,
[36m(CodeTaskRunner pid=2186721)[0m                                         'clip_ratio_low': 0.2,
[36m(CodeTaskRunner pid=2186721)[0m                                         'distillation_loss_coef': 1.0,
[36m(CodeTaskRunner pid=2186721)[0m                                         'log_prob_min_clamp': None,
[36m(CodeTaskRunner pid=2186721)[0m                                         'loss_max_clamp': None,
[36m(CodeTaskRunner pid=2186721)[0m                                         'loss_mode': 'k3',
[36m(CodeTaskRunner pid=2186721)[0m                                         'policy_loss_mode': 'vanilla',
[36m(CodeTaskRunner pid=2186721)[0m                                         'topk': 32,
[36m(CodeTaskRunner pid=2186721)[0m                                         'use_policy_gradient': False,
[36m(CodeTaskRunner pid=2186721)[0m                                         'use_task_rewards': True},
[36m(CodeTaskRunner pid=2186721)[0m                   'enabled': False,
[36m(CodeTaskRunner pid=2186721)[0m                   'n_gpus_per_node': 8,
[36m(CodeTaskRunner pid=2186721)[0m                   'nnodes': 0,
[36m(CodeTaskRunner pid=2186721)[0m                   'teacher_key': 'data_source',
[36m(CodeTaskRunner pid=2186721)[0m                   'teacher_models': {'teacher_model': {'_target_': 'verl.workers.config.DistillationTeacherModelConfig',
[36m(CodeTaskRunner pid=2186721)[0m                                                        'inference': {'_target_': 'verl.workers.config.RolloutConfig',
[36m(CodeTaskRunner pid=2186721)[0m                                                                      'cudagraph_capture_sizes': None,
[36m(CodeTaskRunner pid=2186721)[0m                                                                      'data_parallel_size': 1,
[36m(CodeTaskRunner pid=2186721)[0m                                                                      'disable_log_stats': True,
[36m(CodeTaskRunner pid=2186721)[0m                                                                      'dtype': 'bfloat16',
[36m(CodeTaskRunner pid=2186721)[0m                                                                      'enable_chunked_prefill': True,
[36m(CodeTaskRunner pid=2186721)[0m                                                                      'enable_prefix_caching': True,
[36m(CodeTaskRunner pid=2186721)[0m                                                                      'enforce_eager': True,
[36m(CodeTaskRunner pid=2186721)[0m                                                                      'engine_kwargs': {},
[36m(CodeTaskRunner pid=2186721)[0m                                                                      'expert_parallel_size': 1,
[36m(CodeTaskRunner pid=2186721)[0m                                                                      'free_cache_engine': True,
[36m(CodeTaskRunner pid=2186721)[0m                                                                      'gpu_memory_utilization': 0.5,
[36m(CodeTaskRunner pid=2186721)[0m                                                                      'limit_images': None,
[36m(CodeTaskRunner pid=2186721)[0m                                                                      'load_format': 'auto',
[36m(CodeTaskRunner pid=2186721)[0m                                                                      'max_model_len': None,
[36m(CodeTaskRunner pid=2186721)[0m                                                                      'max_num_batched_tokens': 8192,
[36m(CodeTaskRunner pid=2186721)[0m                                                                      'max_num_seqs': 1024,
[36m(CodeTaskRunner pid=2186721)[0m                                                                      'name': 'vllm',
[36m(CodeTaskRunner pid=2186721)[0m                                                                      'prompt_length': 30000,
[36m(CodeTaskRunner pid=2186721)[0m                                                                      'response_length': 2048,
[36m(CodeTaskRunner pid=2186721)[0m                                                                      'skip_tokenizer_init': True,
[36m(CodeTaskRunner pid=2186721)[0m                                                                      'temperature': 1.0,
[36m(CodeTaskRunner pid=2186721)[0m                                                                      'tensor_model_parallel_size': 2},
[36m(CodeTaskRunner pid=2186721)[0m                                                        'key': None,
[36m(CodeTaskRunner pid=2186721)[0m                                                        'model_path': None,
[36m(CodeTaskRunner pid=2186721)[0m                                                        'num_replicas': 0}}},
[36m(CodeTaskRunner pid=2186721)[0m  'global_profiler': {'_target_': 'verl.utils.profiler.ProfilerConfig',
[36m(CodeTaskRunner pid=2186721)[0m                      'global_tool_config': {'nsys': {'_target_': 'verl.utils.profiler.config.NsightToolConfig',
[36m(CodeTaskRunner pid=2186721)[0m                                                      'controller_nsight_options': {'cuda-graph-trace': 'graph',
[36m(CodeTaskRunner pid=2186721)[0m                                                                                    'cuda-memory-usage': 'true',
[36m(CodeTaskRunner pid=2186721)[0m                                                                                    'trace': 'cuda,nvtx,cublas,ucx'},
[36m(CodeTaskRunner pid=2186721)[0m                                                      'discrete': False,
[36m(CodeTaskRunner pid=2186721)[0m                                                      'worker_nsight_options': {'capture-range': 'cudaProfilerApi',
[36m(CodeTaskRunner pid=2186721)[0m                                                                                'capture-range-end': None,
[36m(CodeTaskRunner pid=2186721)[0m                                                                                'cuda-graph-trace': 'graph',
[36m(CodeTaskRunner pid=2186721)[0m                                                                                'cuda-memory-usage': 'true',
[36m(CodeTaskRunner pid=2186721)[0m                                                                                'kill': 'none',
[36m(CodeTaskRunner pid=2186721)[0m                                                                                'trace': 'cuda,nvtx,cublas,ucx'}},
[36m(CodeTaskRunner pid=2186721)[0m                                             'precision_debugger': {'_target_': 'verl.utils.profiler.config.PrecisionDebuggerToolConfig',
[36m(CodeTaskRunner pid=2186721)[0m                                                                    'config_path': None,
[36m(CodeTaskRunner pid=2186721)[0m                                                                    'stages': None,
[36m(CodeTaskRunner pid=2186721)[0m                                                                    'steps': None,
[36m(CodeTaskRunner pid=2186721)[0m                                                                    'strict': False},
[36m(CodeTaskRunner pid=2186721)[0m                                             'torch_memory': {'context': 'all',
[36m(CodeTaskRunner pid=2186721)[0m                                                              'kw_args': {},
[36m(CodeTaskRunner pid=2186721)[0m                                                              'stack_depth': 32,
[36m(CodeTaskRunner pid=2186721)[0m                                                              'stacks': 'all',
[36m(CodeTaskRunner pid=2186721)[0m                                                              'trace_alloc_max_entries': 100000}},
[36m(CodeTaskRunner pid=2186721)[0m                      'profile_continuous_steps': False,
[36m(CodeTaskRunner pid=2186721)[0m                      'save_path': 'outputs/profile',
[36m(CodeTaskRunner pid=2186721)[0m                      'steps': None,
[36m(CodeTaskRunner pid=2186721)[0m                      'tool': None},
[36m(CodeTaskRunner pid=2186721)[0m  'model_engine': 'dp',
[36m(CodeTaskRunner pid=2186721)[0m  'ray_kwargs': {'ray_init': {'num_cpus': None,
[36m(CodeTaskRunner pid=2186721)[0m                              'object_store_memory': 40000000000},
[36m(CodeTaskRunner pid=2186721)[0m                 'timeline_json_file': None},
[36m(CodeTaskRunner pid=2186721)[0m  'reward': {'_target_': 'verl.workers.config.RewardConfig',
[36m(CodeTaskRunner pid=2186721)[0m             'custom_reward_function': {'name': 'compute_score',
[36m(CodeTaskRunner pid=2186721)[0m                                        'path': '/scratch/r919a03/code_verl_test/verifier/verl_reward.py'},
[36m(CodeTaskRunner pid=2186721)[0m             'num_workers': 4,
[36m(CodeTaskRunner pid=2186721)[0m             'reward_manager': {'_target_': 'verl.workers.config.reward.RewardManagerConfig',
[36m(CodeTaskRunner pid=2186721)[0m                                'module': {'_target_': 'verl.trainer.config.config.ModuleConfig',
[36m(CodeTaskRunner pid=2186721)[0m                                           'name': 'custom_reward_manager',
[36m(CodeTaskRunner pid=2186721)[0m                                           'path': None},
[36m(CodeTaskRunner pid=2186721)[0m                                'name': 'naive',
[36m(CodeTaskRunner pid=2186721)[0m                                'source': 'register'},
[36m(CodeTaskRunner pid=2186721)[0m             'reward_model': {'_target_': 'verl.workers.config.RewardModelConfig',
[36m(CodeTaskRunner pid=2186721)[0m                              'enable': False,
[36m(CodeTaskRunner pid=2186721)[0m                              'enable_resource_pool': False,
[36m(CodeTaskRunner pid=2186721)[0m                              'model_path': None,
[36m(CodeTaskRunner pid=2186721)[0m                              'n_gpus_per_node': 8,
[36m(CodeTaskRunner pid=2186721)[0m                              'nnodes': 0,
[36m(CodeTaskRunner pid=2186721)[0m                              'rollout': {'_target_': 'verl.workers.config.RolloutConfig',
[36m(CodeTaskRunner pid=2186721)[0m                                          'cudagraph_capture_sizes': None,
[36m(CodeTaskRunner pid=2186721)[0m                                          'data_parallel_size': 1,
[36m(CodeTaskRunner pid=2186721)[0m                                          'disable_log_stats': True,
[36m(CodeTaskRunner pid=2186721)[0m                                          'disaggregation': {'bootstrap_port': None,
[36m(CodeTaskRunner pid=2186721)[0m                                                             'decode_replicas': 1,
[36m(CodeTaskRunner pid=2186721)[0m                                                             'decode_tensor_model_parallel_size': None,
[36m(CodeTaskRunner pid=2186721)[0m                                                             'enabled': False,
[36m(CodeTaskRunner pid=2186721)[0m                                                             'ib_device': None,
[36m(CodeTaskRunner pid=2186721)[0m                                                             'prefill_replicas': 1,
[36m(CodeTaskRunner pid=2186721)[0m                                                             'transfer_backend': 'nixl'},
[36m(CodeTaskRunner pid=2186721)[0m                                          'do_sample': True,
[36m(CodeTaskRunner pid=2186721)[0m                                          'dtype': 'bfloat16',
[36m(CodeTaskRunner pid=2186721)[0m                                          'enable_chunked_prefill': True,
[36m(CodeTaskRunner pid=2186721)[0m                                          'enable_prefix_caching': True,
[36m(CodeTaskRunner pid=2186721)[0m                                          'enforce_eager': True,
[36m(CodeTaskRunner pid=2186721)[0m                                          'engine_kwargs': {},
[36m(CodeTaskRunner pid=2186721)[0m                                          'expert_parallel_size': 1,
[36m(CodeTaskRunner pid=2186721)[0m                                          'free_cache_engine': True,
[36m(CodeTaskRunner pid=2186721)[0m                                          'full_determinism': False,
[36m(CodeTaskRunner pid=2186721)[0m                                          'gpu_memory_utilization': 0.5,
[36m(CodeTaskRunner pid=2186721)[0m                                          'ignore_eos': False,
[36m(CodeTaskRunner pid=2186721)[0m                                          'layered_summon': False,
[36m(CodeTaskRunner pid=2186721)[0m                                          'limit_images': None,
[36m(CodeTaskRunner pid=2186721)[0m                                          'load_format': 'auto',
[36m(CodeTaskRunner pid=2186721)[0m                                          'max_model_len': None,
[36m(CodeTaskRunner pid=2186721)[0m                                          'max_num_batched_tokens': 8192,
[36m(CodeTaskRunner pid=2186721)[0m                                          'max_num_seqs': 1024,
[36m(CodeTaskRunner pid=2186721)[0m                                          'mtp': None,
[36m(CodeTaskRunner pid=2186721)[0m                                          'multi_stage_wake_up': False,
[36m(CodeTaskRunner pid=2186721)[0m                                          'n': 1,
[36m(CodeTaskRunner pid=2186721)[0m                                          'name': '???',
[36m(CodeTaskRunner pid=2186721)[0m                                          'pipeline_model_parallel_size': 1,
[36m(CodeTaskRunner pid=2186721)[0m                                          'prompt_length': 2048,
[36m(CodeTaskRunner pid=2186721)[0m                                          'quantization': None,
[36m(CodeTaskRunner pid=2186721)[0m                                          'quantization_config_file': None,
[36m(CodeTaskRunner pid=2186721)[0m                                          'response_length': 2048,
[36m(CodeTaskRunner pid=2186721)[0m                                          'scheduling_policy': 'fcfs',
[36m(CodeTaskRunner pid=2186721)[0m                                          'seed': 42,
[36m(CodeTaskRunner pid=2186721)[0m                                          'skip_tokenizer_init': False,
[36m(CodeTaskRunner pid=2186721)[0m                                          'temperature': 1.0,
[36m(CodeTaskRunner pid=2186721)[0m                                          'tensor_model_parallel_size': 2,
[36m(CodeTaskRunner pid=2186721)[0m                                          'top_k': -1,
[36m(CodeTaskRunner pid=2186721)[0m                                          'top_p': 1}},
[36m(CodeTaskRunner pid=2186721)[0m             'sandbox_fusion': {'_target_': 'verl.workers.config.SandboxFusionConfig',
[36m(CodeTaskRunner pid=2186721)[0m                                'max_concurrent': 64,
[36m(CodeTaskRunner pid=2186721)[0m                                'memory_limit_mb': 1024,
[36m(CodeTaskRunner pid=2186721)[0m                                'url': None}},
[36m(CodeTaskRunner pid=2186721)[0m  'reward_model': {'enable': None,
[36m(CodeTaskRunner pid=2186721)[0m                   'enable_resource_pool': None,
[36m(CodeTaskRunner pid=2186721)[0m                   'model': {'external_lib': None,
[36m(CodeTaskRunner pid=2186721)[0m                             'path': None,
[36m(CodeTaskRunner pid=2186721)[0m                             'trust_remote_code': None},
[36m(CodeTaskRunner pid=2186721)[0m                   'n_gpus_per_node': None,
[36m(CodeTaskRunner pid=2186721)[0m                   'nnodes': None,
[36m(CodeTaskRunner pid=2186721)[0m                   'num_workers': None,
[36m(CodeTaskRunner pid=2186721)[0m                   'reward_loop_class_name': None,
[36m(CodeTaskRunner pid=2186721)[0m                   'reward_loop_module_path': None,
[36m(CodeTaskRunner pid=2186721)[0m                   'reward_loop_source': None,
[36m(CodeTaskRunner pid=2186721)[0m                   'reward_manager': None,
[36m(CodeTaskRunner pid=2186721)[0m                   'rollout': {'cudagraph_capture_sizes': None,
[36m(CodeTaskRunner pid=2186721)[0m                               'data_parallel_size': None,
[36m(CodeTaskRunner pid=2186721)[0m                               'disable_log_stats': None,
[36m(CodeTaskRunner pid=2186721)[0m                               'dtype': None,
[36m(CodeTaskRunner pid=2186721)[0m                               'enable_chunked_prefill': None,
[36m(CodeTaskRunner pid=2186721)[0m                               'enable_prefix_caching': None,
[36m(CodeTaskRunner pid=2186721)[0m                               'enforce_eager': None,
[36m(CodeTaskRunner pid=2186721)[0m                               'engine_kwargs': None,
[36m(CodeTaskRunner pid=2186721)[0m                               'expert_parallel_size': None,
[36m(CodeTaskRunner pid=2186721)[0m                               'free_cache_engine': None,
[36m(CodeTaskRunner pid=2186721)[0m                               'gpu_memory_utilization': None,
[36m(CodeTaskRunner pid=2186721)[0m                               'limit_images': None,
[36m(CodeTaskRunner pid=2186721)[0m                               'load_format': None,
[36m(CodeTaskRunner pid=2186721)[0m                               'max_model_len': None,
[36m(CodeTaskRunner pid=2186721)[0m                               'max_num_batched_tokens': None,
[36m(CodeTaskRunner pid=2186721)[0m                               'max_num_seqs': None,
[36m(CodeTaskRunner pid=2186721)[0m                               'name': None,
[36m(CodeTaskRunner pid=2186721)[0m                               'prompt_length': None,
[36m(CodeTaskRunner pid=2186721)[0m                               'response_length': None,
[36m(CodeTaskRunner pid=2186721)[0m                               'skip_tokenizer_init': None,
[36m(CodeTaskRunner pid=2186721)[0m                               'tensor_model_parallel_size': None}},
[36m(CodeTaskRunner pid=2186721)[0m  'sandbox_fusion': {'max_concurrent': None,
[36m(CodeTaskRunner pid=2186721)[0m                     'memory_limit_mb': None,
[36m(CodeTaskRunner pid=2186721)[0m                     'url': None},
[36m(CodeTaskRunner pid=2186721)[0m  'skip': {'_target_': 'verl.utils.skip.SkipManagerConfig',
[36m(CodeTaskRunner pid=2186721)[0m           'async_rollout': {'action': 'cache',
[36m(CodeTaskRunner pid=2186721)[0m                             'dump_dir': '~/.verl/rollout_dump',
[36m(CodeTaskRunner pid=2186721)[0m                             'enable': False,
[36m(CodeTaskRunner pid=2186721)[0m                             'steps': []},
[36m(CodeTaskRunner pid=2186721)[0m           'rollout': {'action': 'cache',
[36m(CodeTaskRunner pid=2186721)[0m                       'dump_dir': '~/.verl/rollout_dump',
[36m(CodeTaskRunner pid=2186721)[0m                       'enable': False,
[36m(CodeTaskRunner pid=2186721)[0m                       'steps': []},
[36m(CodeTaskRunner pid=2186721)[0m           'rollout_tq': {'action': 'cache',
[36m(CodeTaskRunner pid=2186721)[0m                          'dump_dir': '~/.verl/rollout_dump',
[36m(CodeTaskRunner pid=2186721)[0m                          'enable': False,
[36m(CodeTaskRunner pid=2186721)[0m                          'steps': []}},
[36m(CodeTaskRunner pid=2186721)[0m  'trainer': {'balance_batch': True,
[36m(CodeTaskRunner pid=2186721)[0m              'critic_warmup': 0,
[36m(CodeTaskRunner pid=2186721)[0m              'default_hdfs_dir': None,
[36m(CodeTaskRunner pid=2186721)[0m              'default_local_dir': '/scratch/r919a03/code_verl_test/checkpoints/smoke_rl_v1',
[36m(CodeTaskRunner pid=2186721)[0m              'del_local_ckpt_after_load': False,
[36m(CodeTaskRunner pid=2186721)[0m              'device': 'cuda',
[36m(CodeTaskRunner pid=2186721)[0m              'esi_redundant_time': 0,
[36m(CodeTaskRunner pid=2186721)[0m              'experiment_name': 'smoke_rl_v1',
[36m(CodeTaskRunner pid=2186721)[0m              'log_val_generations': 0,
[36m(CodeTaskRunner pid=2186721)[0m              'logger': ['console'],
[36m(CodeTaskRunner pid=2186721)[0m              'max_actor_ckpt_to_keep': None,
[36m(CodeTaskRunner pid=2186721)[0m              'max_critic_ckpt_to_keep': None,
[36m(CodeTaskRunner pid=2186721)[0m              'n_gpus_per_node': 4,
[36m(CodeTaskRunner pid=2186721)[0m              'nnodes': 1,
[36m(CodeTaskRunner pid=2186721)[0m              'project_name': 'code_rl_reward_research',
[36m(CodeTaskRunner pid=2186721)[0m              'ray_wait_register_center_timeout': 300,
[36m(CodeTaskRunner pid=2186721)[0m              'resume_from_path': None,
[36m(CodeTaskRunner pid=2186721)[0m              'resume_mode': 'auto',
[36m(CodeTaskRunner pid=2186721)[0m              'rollout_data_dir': None,
[36m(CodeTaskRunner pid=2186721)[0m              'save_freq': -1,
[36m(CodeTaskRunner pid=2186721)[0m              'test_freq': 3,[36m(CodeTaskRunner pid=2186721)[0m /scratch/r919a03/code_verl_test/.venv/lib/python3.12/site-packages/verl/trainer/ppo/v1/trainer_base.py:127: UserWarning: Disabled critic as algorithm.adv_estimator != gae. If it is not intended, please set critic.enable=True
[36m(CodeTaskRunner pid=2186721)[0m   self.use_critic = need_critic(self.config)
[36m(CodeTaskRunner pid=2186721)[0m Filtering prompts longer than 30000 tokens (num_proc=1):   0%|          | 0/64 [00:00<?, ? examples/s]
[36m(CodeTaskRunner pid=2186721)[0m Filtering prompts longer than 30000 tokens (num_proc=1): 100%|██████████| 64/64 [00:02<00:00, 21.86 examples/s]
[36m(CodeTaskRunner pid=2186721)[0m Filtering prompts longer than 30000 tokens (num_proc=1): 100%|██████████| 64/64 [00:03<00:00, 21.20 examples/s]
[36m(CodeTaskRunner pid=2186721)[0m Filtering prompts longer than 30000 tokens (num_proc=1):   0%|          | 0/20 [00:00<?, ? examples/s]
[36m(CodeTaskRunner pid=2186721)[0m Filtering prompts longer than 30000 tokens (num_proc=1): 100%|██████████| 20/20 [00:02<00:00,  9.46 examples/s]
[36m(CodeTaskRunner pid=2186721)[0m Filtering prompts longer than 30000 tokens (num_proc=1): 100%|██████████| 20/20 [00:02<00:00,  9.09 examples/s]
[36m(CodeTaskRunner pid=2186721)[0m INFO:2026-09-02 16:32:12,211:train and validate dataloader initialized, train dataset size: 64, val dataset size: 20
[36m(CodeTaskRunner pid=2186721)[0m INFO:2026-09-02 16:32:12,211:Total training steps: 3
[36m(CodeTaskRunner pid=2186721)[0m /scratch/r919a03/code_verl_test/.venv/lib/python3.12/site-packages/verl/trainer/ppo/v1/trainer_base.py:751: UserWarning: Disabled critic as algorithm.adv_estimator != gae. If it is not intended, please set critic.enable=True
[36m(CodeTaskRunner pid=2186721)[0m   if need_critic(config):
[36m(CodeTaskRunner pid=2186721)[0m INFO:2026-09-02 16:32:12,215:worker group kwargs: {'device_name': 'cuda'}
[36m(CodeTaskRunner pid=2186721)[0m INFO:2026-09-02 16:32:13,220:create worker group dict_keys(['actor_rollout'])
[36m(WorkerDict pid=2188447)[0m /scratch/r919a03/code_verl_test/.venv/lib/python3.12/site-packages/verl/workers/engine/__init__.py:31: UserWarning: torchtitan engine is not available: ModuleNotFoundError("No module named 'torchtitan'")
[36m(WorkerDict pid=2188447)[0m   warnings.warn(f"torchtitan engine is not available: {e!r}", stacklevel=1)
[36m(WorkerDict pid=2188447)[0m /scratch/r919a03/code_verl_test/.venv/lib/python3.12/site-packages/verl/workers/engine/__init__.py:40: UserWarning: veomni engine is not available: ModuleNotFoundError("No module named 'veomni'")
[36m(WorkerDict pid=2188447)[0m   warnings.warn(f"veomni engine is not available: {e!r}", stacklevel=1)
[36m(WorkerDict pid=2188447)[0m /scratch/r919a03/code_verl_test/.venv/lib/python3.12/site-packages/verl/workers/engine/__init__.py:49: UserWarning: automodel engine is not available: ModuleNotFoundError("No module named 'nemo_automodel'")
[36m(WorkerDict pid=2188447)[0m   warnings.warn(f"automodel engine is not available: {e!r}", stacklevel=1)
[36m(WorkerDict pid=2188447)[0m /scratch/r919a03/code_verl_test/.venv/lib/python3.12/site-packages/verl/workers/engine/mindspeed/transformer_impl.py:24: UserWarning: NPU not support router replay for now.
[36m(WorkerDict pid=2188447)[0m   from verl.utils.megatron.router_replay_patch import RouterReplay
[36m(WorkerDict pid=2188447)[0m /scratch/r919a03/code_verl_test/.venv/lib/python3.12/site-packages/verl/workers/engine/__init__.py:59: UserWarning: mindspeed engine is not available: ModuleNotFoundError("No module named 'megatron'")
[36m(WorkerDict pid=2188447)[0m   warnings.warn(f"mindspeed engine is not available: {e!r}", stacklevel=1)
[36m(WorkerDict pid=2188447)[0m /scratch/r919a03/code_verl_test/.venv/lib/python3.12/site-packages/verl/workers/engine/__init__.py:69: UserWarning: megatron engine is not available: ModuleNotFoundError("No module named 'megatron'")
[36m(WorkerDict pid=2188447)[0m   warnings.warn(f"megatron engine is not available: {e!r}", stacklevel=1)
[36m(WorkerDict pid=2188444)[0m Loading weights:   0%|          | 0/387 [00:00<?, ?it/s]
[36m(WorkerDict pid=2188445)[0m /scratch/r919a03/code_verl_test/.venv/lib/python3.12/site-packages/verl/workers/engine/__init__.py:31: UserWarning: torchtitan engine is not available: ModuleNotFoundError("No module named 'torchtitan'")[32m [repeated 3x across cluster] (Ray deduplicates logs by default. Set RAY_DEDUP_LOGS=0 to disable log deduplication, or see https://docs.ray.io/en/master/ray-observability/user-guides/configure-logging.html#log-deduplication for more options.)[0m
[36m(WorkerDict pid=2188445)[0m   warnings.warn(f"torchtitan engine is not available: {e!r}", stacklevel=1)[32m [repeated 3x across cluster][0m
[36m(WorkerDict pid=2188445)[0m /scratch/r919a03/code_verl_test/.venv/lib/python3.12/site-packages/verl/workers/engine/__init__.py:40: UserWarning: veomni engine is not available: ModuleNotFoundError("No module named 'veomni'")[32m [repeated 3x across cluster][0m
[36m(WorkerDict pid=2188445)[0m   warnings.warn(f"veomni engine is not available: {e!r}", stacklevel=1)[32m [repeated 3x across cluster][0m
[36m(WorkerDict pid=2188445)[0m /scratch/r919a03/code_verl_test/.venv/lib/python3.12/site-packages/verl/workers/engine/__init__.py:49: UserWarning: automodel engine is not available: ModuleNotFoundError("No module named 'nemo_automodel'")[32m [repeated 3x across cluster][0m
[36m(WorkerDict pid=2188445)[0m   warnings.warn(f"automodel engine is not available: {e!r}", stacklevel=1)[32m [repeated 3x across cluster][0m
[36m(WorkerDict pid=2188445)[0m /scratch/r919a03/code_verl_test/.venv/lib/python3.12/site-packages/verl/workers/engine/mindspeed/transformer_impl.py:24: UserWarning: NPU not support router replay for now.[32m [repeated 3x across cluster][0m
[36m(WorkerDict pid=2188445)[0m   from verl.utils.megatron.router_replay_patch import RouterReplay[32m [repeated 3x across cluster][0m
[36m(WorkerDict pid=2188445)[0m /scratch/r919a03/code_verl_test/.venv/lib/python3.12/site-packages/verl/workers/engine/__init__.py:59: UserWarning: mindspeed engine is not available: ModuleNotFoundError("No module named 'megatron'")[32m [repeated 3x across cluster][0m
[36m(WorkerDict pid=2188445)[0m   warnings.warn(f"mindspeed engine is not available: {e!r}", stacklevel=1)[32m [repeated 3x across cluster][0m
[36m(WorkerDict pid=2188445)[0m /scratch/r919a03/code_verl_test/.venv/lib/python3.12/site-packages/verl/workers/engine/__init__.py:69: UserWarning: megatron engine is not available: ModuleNotFoundError("No module named 'megatron'")[32m [repeated 3x across cluster][0m
[36m(WorkerDict pid=2188445)[0m   warnings.warn(f"megatron engine is not available: {e!r}", stacklevel=1)[32m [repeated 3x across cluster][0m
[36m(WorkerDict pid=2188444)[0m Loading weights:   1%|          | 4/387 [00:00<00:24, 15.53it/s]
[36m(WorkerDict pid=2188445)[0m Loading weights:   0%|          | 0/387 [00:00<?, ?it/s][32m [repeated 3x across cluster][0m
[36m(WorkerDict pid=2188447)[0m Loading weights:   2%|▏         | 6/387 [00:10<13:51,  2.18s/it][32m [repeated 4x across cluster][0m
[36m(WorkerDict pid=2188447)[0m Loading weights:   5%|▌         | 20/387 [00:23<07:11,  1.18s/it][32m [repeated 4x across cluster][0m
[36m(WorkerDict pid=2188447)[0m Loading weights:   5%|▌         | 21/387 [00:40<14:16,  2.34s/it][32m [repeated 4x across cluster][0m
[36m(WorkerDict pid=2188447)[0m Loading weights:   9%|▉         | 36/387 [00:51<07:50,  1.34s/it][32m [repeated 4x across cluster][0m
[36m(WorkerDict pid=2188447)[0m Loading weights:  10%|▉         | 37/387 [01:09<13:30,  2.32s/it][32m [repeated 4x across cluster][0m
[36m(WorkerDict pid=2188447)[0m Loading weights:  13%|█▎        | 52/387 [01:24<08:51,  1.59s/it][32m [repeated 4x across cluster][0m
[36m(WorkerDict pid=2188447)[0m Loading weights:  14%|█▎        | 53/387 [01:46<14:26,  2.60s/it][32m [repeated 4x across cluster][0m
[36m(WorkerDict pid=2188447)[0m Loading weights:  18%|█▊        | 68/387 [02:01<09:21,  1.76s/it][32m [repeated 4x across cluster][0m
[36m(WorkerDict pid=2188447)[0m Loading weights:  18%|█▊        | 69/387 [02:27<15:30,  2.92s/it][32m [repeated 4x across cluster][0m
[36m(WorkerDict pid=2188447)[0m Loading weights:  22%|██▏       | 84/387 [02:43<09:58,  1.98s/it][32m [repeated 4x across cluster][0m
[36m(WorkerDict pid=2188447)[0m Loading weights:  22%|██▏       | 85/387 [03:08<15:11,  3.02s/it][32m [repeated 4x across cluster][0m
[36m(WorkerDict pid=2188447)[0m Loading weights:  26%|██▌       | 100/387 [03:24<09:57,  2.08s/it][32m [repeated 4x across cluster][0m
[36m(WorkerDict pid=2188447)[0m Loading weights:  26%|██▌       | 101/387 [03:47<14:23,  3.02s/it][32m [repeated 4x across cluster][0m
[36m(WorkerDict pid=2188447)[0m Loading weights:  30%|██▉       | 116/387 [04:03<09:11,  2.04s/it][32m [repeated 4x across cluster][0m
[36m(WorkerDict pid=2188447)[0m Loading weights:  30%|███       | 117/387 [04:23<12:49,  2.85s/it][32m [repeated 4x across cluster][0m
[36m(WorkerDict pid=2188447)[0m Loading weights:  34%|███▍      | 132/387 [04:38<08:17,  1.95s/it][32m [repeated 4x across cluster][0m
[36m(WorkerDict pid=2188447)[0m Loading weights:  34%|███▍      | 133/387 [05:01<12:15,  2.89s/it][32m [repeated 4x across cluster][0m
[36m(WorkerDict pid=2188447)[0m Loading weights:  38%|███▊      | 148/387 [05:15<07:43,  1.94s/it][32m [repeated 4x across cluster][0m
[36m(WorkerDict pid=2188447)[0m Loading weights:  39%|███▊      | 149/387 [05:41<11:47,  2.97s/it][32m [repeated 4x across cluster][0m
[36m(WorkerDict pid=2188447)[0m Loading weights:  42%|████▏     | 164/387 [05:53<07:06,  1.91s/it][32m [repeated 4x across cluster][0m
[36m(WorkerDict pid=2188447)[0m Loading weights:  43%|████▎     | 165/387 [06:12<09:52,  2.67s/it][32m [repeated 4x across cluster][0m
[36m(WorkerDict pid=2188447)[0m Loading weights:  47%|████▋     | 180/387 [06:23<06:00,  1.74s/it][32m [repeated 4x across cluster][0m
[36m(WorkerDict pid=2188447)[0m Loading weights:  47%|████▋     | 181/387 [06:44<08:53,  2.59s/it][32m [repeated 4x across cluster][0m
[36m(WorkerDict pid=2188447)[0m Loading weights:  51%|█████     | 196/387 [06:55<05:24,  1.70s/it][32m [repeated 4x across cluster][0m
[36m(WorkerDict pid=2188447)[0m Loading weights:  51%|█████     | 197/387 [07:16<07:59,  2.52s/it][32m [repeated 4x across cluster][0m
[36m(WorkerDict pid=2188447)[0m Loading weights:  55%|█████▍    | 212/387 [07:31<05:13,  1.79s/it][32m [repeated 4x across cluster][0m
[36m(WorkerDict pid=2188444)[0m Loading weights:  55%|█████▌    | 213/387 [07:47<07:04,  2.44s/it][32m [repeated 4x across cluster][0m
[36m(WorkerDict pid=2188447)[0m Loading weights:  59%|█████▉    | 228/387 [07:58<04:14,  1.60s/it][32m [repeated 4x across cluster][0m
[36m(WorkerDict pid=2188447)[0m Loading weights:  59%|█████▉    | 229/387 [08:19<06:26,  2.45s/it][32m [repeated 4x across cluster][0m
[36m(WorkerDict pid=2188447)[0m Loading weights:  63%|██████▎   | 244/387 [08:30<03:49,  1.60s/it][32m [repeated 4x across cluster][0m
[36m(WorkerDict pid=2188447)[0m Loading weights:  63%|██████▎   | 245/387 [08:47<05:25,  2.29s/it][32m [repeated 4x across cluster][0m
[36m(WorkerDict pid=2188447)[0m Loading weights:  67%|██████▋   | 260/387 [09:00<03:24,  1.61s/it][32m [repeated 4x across cluster][0m
[36m(WorkerDict pid=2188447)[0m Loading weights:  67%|██████▋   | 261/387 [09:26<05:37,  2.68s/it][32m [repeated 4x across cluster][0m
[36m(WorkerDict pid=2188447)[0m Loading weights:  71%|███████▏  | 276/387 [09:41<03:27,  1.87s/it][32m [repeated 4x across cluster][0m
[36m(WorkerDict pid=2188447)[0m Loading weights:  72%|███████▏  | 277/387 [10:12<05:46,  3.15s/it][32m [repeated 4x across cluster][0m
[36m(WorkerDict pid=2188447)[0m Loading weights:  75%|███████▌  | 292/387 [10:27<03:19,  2.10s/it][32m [repeated 4x across cluster][0m
[36m(WorkerDict pid=2188447)[0m Loading weights:  76%|███████▌  | 293/387 [10:54<05:03,  3.23s/it][32m [repeated 4x across cluster][0m
[36m(WorkerDict pid=2188447)[0m Loading weights:  80%|███████▉  | 308/387 [11:10<02:50,  2.16s/it][32m [repeated 4x across cluster][0m
[36m(WorkerDict pid=2188447)[0m Loading weights:  80%|███████▉  | 309/387 [11:37<04:16,  3.29s/it][32m [repeated 4x across cluster][0m
[36m(WorkerDict pid=2188447)[0m Loading weights:  84%|████████▎ | 324/387 [11:54<02:19,  2.22s/it][32m [repeated 4x across cluster][0m
[36m(WorkerDict pid=2188447)[0m Loading weights:  84%|████████▍ | 325/387 [12:17<03:15,  3.16s/it][32m [repeated 4x across cluster][0m
[36m(WorkerDict pid=2188447)[0m Loading weights:  88%|████████▊ | 340/387 [12:33<01:39,  2.13s/it][32m [repeated 4x across cluster][0m
[36m(WorkerDict pid=2188447)[0m Loading weights:  88%|████████▊ | 341/387 [12:56<02:20,  3.05s/it][32m [repeated 4x across cluster][0m
[36m(WorkerDict pid=2188447)[0m Loading weights:  92%|█████████▏| 356/387 [13:12<01:04,  2.09s/it]
[36m(WorkerDict pid=2188445)[0m Loading weights:  88%|████████▊ | 341/387 [12:56<02:20,  3.05s/it][32m [repeated 3x across cluster][0m
[36m(WorkerDict pid=2188447)[0m Loading weights:  92%|█████████▏| 357/387 [13:35<01:30,  3.01s/it][32m [repeated 4x across cluster][0m
[36m(WorkerDict pid=2188447)[0m Loading weights:  96%|█████████▌| 372/387 [13:51<00:30,  2.05s/it][32m [repeated 4x across cluster][0m
[36m(WorkerDict pid=2188447)[0m Loading weights:  96%|█████████▋| 373/387 [14:13<00:41,  2.96s/it]Loading weights: 100%|██████████| 387/387 [14:13<00:00,  2.21s/it]
[36m(WorkerDict pid=2188445)[0m Loading weights:  96%|█████████▌| 372/387 [13:51<00:30,  2.05s/it][32m [repeated 3x across cluster][0m
[36m(WorkerDict pid=2188447)[0m /scratch/r919a03/code_verl_test/.venv/lib/python3.12/site-packages/verl/workers/engine/fsdp/transformer_impl.py:469: FutureWarning: FSDP.state_dict_type() and FSDP.set_state_dict_type() are being deprecated. Please use APIs, get_state_dict() and set_state_dict(), which can support different parallelisms, FSDP1, FSDP2, DDP. API doc: https://pytorch.org/docs/stable/distributed.checkpoint.html#torch.distributed.checkpoint.state_dict.get_state_dict .Tutorial: https://pytorch.org/tutorials/recipes/distributed_checkpoint_recipe.html .
[36m(WorkerDict pid=2188447)[0m   FSDP.set_state_dict_type(
[36m(WorkerDict pid=2188445)[0m Loading weights:  96%|█████████▋| 373/387 [14:13<00:41,  2.96s/it]Loading weights: 100%|██████████| 387/387 [14:13<00:00,  2.21s/it][32m [repeated 3x across cluster][0m
[36m(WorkerDict pid=2188447)[0m WARNING:2026-09-02 16:47:16,128:Setting the sleep level to 1 may cause a memory overflow.
[36m(WorkerDict pid=2188444)[0m /scratch/r919a03/code_verl_test/.venv/lib/python3.12/site-packages/verl/workers/engine/fsdp/transformer_impl.py:469: FutureWarning: FSDP.state_dict_type() and FSDP.set_state_dict_type() are being deprecated. Please use APIs, get_state_dict() and set_state_dict(), which can support different parallelisms, FSDP1, FSDP2, DDP. API doc: https://pytorch.org/docs/stable/distributed.checkpoint.html#torch.distributed.checkpoint.state_dict.get_state_dict .Tutorial: https://pytorch.org/tutorials/recipes/distributed_checkpoint_recipe.html .[32m [repeated 3x across cluster][0m
[36m(WorkerDict pid=2188444)[0m   FSDP.set_state_dict_type([32m [repeated 3x across cluster][0m
[36m(CodeTaskRunner pid=2186721)[0m INFO:2026-09-02 16:47:16,725:actor and ref model engine initialized
[36m(CodeTaskRunner pid=2186721)[0m INFO:2026-09-02 16:47:17,091:reward loop manager initialized
[36m(vLLMHttpServer pid=2212437)[0m (Worker pid=2213281) Loading safetensors checkpoint shards:   0% Completed | 0/8 [00:00<?, ?it/s]
[36m(WorkerDict pid=2188445)[0m WARNING:2026-09-02 16:47:16,128:Setting the sleep level to 1 may cause a memory overflow.[32m [repeated 3x across cluster][0m
[36m(vLLMHttpServer pid=2212437)[0m (Worker pid=2213281) Loading safetensors checkpoint shards:  12% Completed | 1/8 [00:02<00:17,  2.56s/it]
[36m(vLLMHttpServer pid=2212438)[0m (Worker pid=2213280) Loading safetensors checkpoint shards:   0% Completed | 0/8 [00:00<?, ?it/s][32m [repeated 3x across cluster][0m
[36m(vLLMHttpServer pid=2212437)[0m (Worker pid=2213281) Loading safetensors checkpoint shards:  50% Completed | 4/8 [00:10<00:10,  2.51s/it][32m [repeated 12x across cluster][0m
[36m(vLLMHttpServer pid=2212437)[0m (Worker pid=2213281) Loading safetensors checkpoint shards:  88% Completed | 7/8 [00:17<00:02,  2.39s/it][32m [repeated 12x across cluster][0m
[36m(vLLMHttpServer pid=2212438)[0m (Worker pid=2213280) 

[36m(CodeTaskRunner pid=2186721)[0m              'total_epochs': 1,
[36m(CodeTaskRunner pid=2186721)[0m              'total_training_steps': 3,
[36m(CodeTaskRunner pid=2186721)[0m              'use_v1': True,
[36m(CodeTaskRunner pid=2186721)[0m              'v1': {'colocate_async': {'num_warmup_batches': 1},
[36m(CodeTaskRunner pid=2186721)[0m                     'sampler': {'custom_sampler': {'name': None, 'path': None},
[36m(CodeTaskRunner pid=2186721)[0m                                 'max_off_policy_strategy': 'drop',
[36m(CodeTaskRunner pid=2186721)[0m                                 'max_off_policy_threshold': 8,
[36m(CodeTaskRunner pid=2186721)[0m                                 'sampler_kwargs': {},
[36m(CodeTaskRunner pid=2186721)[0m                                 'sync_refill_failed_groups': False},
[36m(CodeTaskRunner pid=2186721)[0m                     'separate_async': {'num_warmup_batches': 1,
[36m(CodeTaskRunner pid=2186721)[0m                                        'parameter_sync_step': 4},
[36m(CodeTaskRunner pid=2186721)[0m                     'sync': {},
[36m(CodeTaskRunner pid=2186721)[0m                     'trainer_mode': 'sync'},
[36m(CodeTaskRunner pid=2186721)[0m              'val_before_train': False,
[36m(CodeTaskRunner pid=2186721)[0m              'val_only': False,
[36m(CodeTaskRunner pid=2186721)[0m              'validation_data_dir': None},
[36m(CodeTaskRunner pid=2186721)[0m  'transfer_queue': {'backend': {'MooncakeStore': {'auto_init': False,
[36m(CodeTaskRunner pid=2186721)[0m                                                   'device_name': '',
[36m(CodeTaskRunner pid=2186721)[0m                                                   'global_segment_size': 4294967296,
[36m(CodeTaskRunner pid=2186721)[0m                                                   'local_buffer_size': 1073741824,
[36m(CodeTaskRunner pid=2186721)[0m                                                   'local_hostname': 'localhost',
[36m(CodeTaskRunner pid=2186721)[0m                                                   'master_server_address': 'localhost:50124',
[36m(CodeTaskRunner pid=2186721)[0m                                                   'metadata_server': 'localhost:50123',
[36m(CodeTaskRunner pid=2186721)[0m                                                   'protocol': 'tcp'},
[36m(CodeTaskRunner pid=2186721)[0m                                 'SimpleStorage': {'num_data_storage_units': 8,
[36m(CodeTaskRunner pid=2186721)[0m                                                   'total_storage_size': 100000},
[36m(CodeTaskRunner pid=2186721)[0m                                 'storage_backend': 'SimpleStorage'},
[36m(CodeTaskRunner pid=2186721)[0m                     'enable': True,
[36m(CodeTaskRunner pid=2186721)[0m                     'metrics': {'enabled': False, 'port': 0}}}
[36m(CodeTaskRunner pid=2186721)[0m Using dataset class: RLHFDataset
[36m(CodeTaskRunner pid=2186721)[0m dataset len: 64
[36m(CodeTaskRunner pid=2186721)[0m filter dataset len: 64
[36m(CodeTaskRunner pid=2186721)[0m Using dataset class: RLHFDataset
[36m(CodeTaskRunner pid=2186721)[0m dataset len: 20
[36m(CodeTaskRunner pid=2186721)[0m filter dataset len: 20
[36m(CodeTaskRunner pid=2186721)[0m [hier_sampler] tasks=['t15_repo_patch', 't15_unittest_impl'] variants={'t15_repo_patch': ['swe_32k'], 't15_unittest_impl': ['ut_function', 'ut_pytest', 'ut_stdio']} weights={'t15_repo_patch': 0.3, 't15_unittest_impl': 0.7}/None n=64
[36m(CodeTaskRunner pid=2186721)[0m colocated worker base class <class 'verl.single_controller.base.worker.Worker'>
[36m(WorkerDict pid=2188446)[0m Monkey patch _flash_attention_forward in transformers.integrations.flash_attention
[36m(WorkerDict pid=2188446)[0m Skipping monkey patch for Qwen2MoeForCausalLM as use_fused_kernels is False or fused_kernels_backend is torch
[36m(WorkerDict pid=2188444)[0m PeftModelForCausalLM contains 14.33B parameters
[36m(WorkerDict pid=2188444)[0m Before FSDP, memory allocated (GB): 0.00, memory reserved (GB): 0.00, device memory used/total (GB): 0.51/139.80
[36m(WorkerDict pid=2188444)[0m After FSDP, memory allocated (GB): 6.67, memory reserved (GB): 11.03, device memory used/total (GB): 12.49/139.80
[36m(WorkerDict pid=2188444)[0m Total steps: 3, num_warmup_steps: 0
[36m(WorkerDict pid=2188445)[0m Monkey patch _flash_attention_forward in transformers.integrations.flash_attention[32m [repeated 3x across cluster][0m
[36m(WorkerDict pid=2188445)[0m Skipping monkey patch for Qwen2MoeForCausalLM as use_fused_kernels is False or fused_kernels_backend is torch[32m [repeated 3x across cluster][0m
[36m(vLLMHttpServer pid=2212440)[0m WARNING 09-02 16:47:48 [vllm.py:1062] Enforce eager set, disabling torch.compile and CUDAGraphs. This is equivalent to setting -cc.mode=none -cc.cudagraph_mode=none
[36m(vLLMHttpServer pid=2212440)[0m WARNING 09-02 16:47:48 [vllm.py:1110] Inductor compilation was disabled by user settings, optimizations settings that are only active during inductor compilation will be ignored.
[36m(vLLMHttpServer pid=2212437)[0m ['serve',
[36m(vLLMHttpServer pid=2212437)[0m  '/scratch/r919a03/huggingface/hub/models--Qwen--Qwen1.5-MoE-A2.7B-Chat/snapshots/ec052fda178e241c7c443468d2fa1db6618996be',
[36m(vLLMHttpServer pid=2212437)[0m  '--dtype',
[36m(vLLMHttpServer pid=2212437)[0m  'bfloat16',
[36m(vLLMHttpServer pid=2212437)[0m  '--load_format',
[36m(vLLMHttpServer pid=2212437)[0m  'safetensors',
[36m(vLLMHttpServer pid=2212437)[0m  '--distributed_executor_backend',
[36m(vLLMHttpServer pid=2212437)[0m  'mp',
[36m(vLLMHttpServer pid=2212437)[0m  '--worker_extension_cls',
[36m(vLLMHttpServer pid=2212437)[0m  'verl.workers.rollout.vllm_rollout.utils.vLLMColocateWorkerExtension',
[36m(vLLMHttpServer pid=2212437)[0m  '--max_model_len',
[36m(vLLMHttpServer pid=2212437)[0m  '32768',
[36m(vLLMHttpServer pid=2212437)[0m  '--max_num_seqs',
[36m(vLLMHttpServer pid=2212437)[0m  '256',
[36m(vLLMHttpServer pid=2212437)[0m  '--enable_chunked_prefill',
[36m(vLLMHttpServer pid=2212437)[0m  '--max_num_batched_tokens',
[36m(vLLMHttpServer pid=2212437)[0m  '32768',
[36m(vLLMHttpServer pid=2212437)[0m  '--enable_prefix_caching',
[36m(vLLMHttpServer pid=2212437)[0m  '--enable_sleep_mode',
[36m(vLLMHttpServer pid=2212437)[0m  '--logprobs_mode',
[36m(vLLMHttpServer pid=2212437)[0m  'processed_logprobs',
[36m(vLLMHttpServer pid=2212437)[0m  '--enforce_eager',
[36m(vLLMHttpServer pid=2212437)[0m  '--gpu_memory_utilization',
[36m(vLLMHttpServer pid=2212437)[0m  '0.55',
[36m(vLLMHttpServer pid=2212437)[0m  '--disable_log_stats',
[36m(vLLMHttpServer pid=2212437)[0m  '--tensor_parallel_size',
[36m(vLLMHttpServer pid=2212437)[0m  '1',
[36m(vLLMHttpServer pid=2212437)[0m  '--seed',
[36m(vLLMHttpServer pid=2212437)[0m  '42',
[36m(vLLMHttpServer pid=2212437)[0m  '--override_generation_config',
[36m(vLLMHttpServer pid=2212437)[0m  '{"temperature": 1.0, "top_k": -1, "top_p": 1, "repetition_penalty": 1.0, '
[36m(vLLMHttpServer pid=2212437)[0m  '"max_new_tokens": 2048}',
[36m(vLLMHttpServer pid=2212437)[0m  '--hf_overrides',
[36m(vLLMHttpServer pid=2212437)[0m  '{}',
[36m(vLLMHttpServer pid=2212437)[0m  '--scheduling_policy',
[36m(vLLMHttpServer pid=2212437)[0m  'fcfs',
[36m(vLLMHttpServer pid=2212437)[0m  '--compilation_config',
[36m(vLLMHttpServer pid=2212437)[0m  '{"cudagraph_mode": "FULL_AND_PIECEWISE"}',
[36m(vLLMHttpServer pid=2212437)[0m  '--enable_lora',
[36m(vLLMHttpServer pid=2212437)[0m  '--max_loras',
[36m(vLLMHttpServer pid=2212437)[0m  '1',
[36m(vLLMHttpServer pid=2212437)[0m  '--max_lora_rank',
[36m(vLLMHttpServer pid=2212437)[0m  '32']
[36m(vLLMHttpServer pid=2212440)[0m WARNING 09-02 16:47:50 [system_utils.py:157] We must use the `spawn` multiprocessing start method. Overriding VLLM_WORKER_MULTIPROC_METHOD to 'spawn'. See https://docs.vllm.ai/en/latest/usage/troubleshooting.html#python-multiprocessing for more information. Reasons: In a Ray actor and can only be spawned; CUDA is initialized
[36m(vLLMHttpServer pid=2212437)[0m (Worker pid=2213281) WARNING 09-02 16:48:56 [utils.py:279] Using default LoRA kernel configs[36m(vLLMHttpServer pid=2212437)[0m (Worker pid=2213281) 2026-09-02 16:49:18,921 - INFO - autotuner.py:622 - flashinfer.jit: [Autotuner]: Autotuning process starts ...
[36m(vLLMHttpServer pid=2212439)[0m (Worker pid=2213279) Loading safetensors checkpoint shards: 100% Completed | 8/8 [00:17<00:00,  2.19s/it][32m [repeated 11x across cluster][0m
[36m(vLLMHttpServer pid=2212439)[0m (Worker pid=2213279) [32m [repeated 3x across cluster][0m
[36m(vLLMHttpServer pid=2212437)[0m (Worker pid=2213281) 2026-09-02 16:49:19,838 - INFO - autotuner.py:641 - flashinfer.jit: [Autotuner]: Autotuning process ends
[36m(CodeTaskRunner pid=2186721)[0m INFO:2026-09-02 16:49:26,409:checkpoint engine manager initialized
[36m(vLLMHttpServer pid=2212438)[0m (Worker pid=2213280) 2026-09-02 16:49:18,919 - INFO - autotuner.py:622 - flashinfer.jit: [Autotuner]: Autotuning process starts ...[32m [repeated 3x across cluster][0m
[36m(vLLMHttpServer pid=2212438)[0m (Worker pid=2213280) 2026-09-02 16:49:19,837 - INFO - autotuner.py:641 - flashinfer.jit: [Autotuner]: Autotuning process ends[32m [repeated 3x across cluster][0m
[36m(CodeTaskRunner pid=2186721)[0m INFO:2026-09-02 16:49:41,590:Training from scratch
[36m(CodeTaskRunner pid=2186721)[0m INFO:2026-09-02 16:49:41,590:all initialize finished, ready to fit
[36m(WorkerDict pid=2188447)[0m /scratch/r919a03/code_verl_test/.venv/lib/python3.12/site-packages/verl/plugin/platform/platform_cuda.py:99: FutureWarning: torch.cuda._set_allocator_settings is deprecated. Use torch._C._accelerator_setAllocatorSettings instead.
[36m(WorkerDict pid=2188447)[0m   torch.cuda.memory._set_allocator_settings(settings)
[36m(WorkerDict pid=2188447)[0m /scratch/r919a03/code_verl_test/.venv/lib/python3.12/site-packages/torch/distributed/fsdp/_unshard_param_utils.py:248: UserWarning: offload_to_cpu=True and rank0_only=False may result in theunsharded parameters being redundantly copied to CPU memory for GPUs sharing the same CPU memory, which risks CPU OOM. We recommend using offload_to_cpu=True with rank0_only=True.
[36m(WorkerDict pid=2188447)[0m   _validate_unshard_params_args(
[36m(WorkerDict pid=2188447)[0m /scratch/r919a03/code_verl_test/.venv/lib/python3.12/site-packages/torch/distributed/fsdp/_unshard_param_utils.py:174: UserWarning: offload_to_cpu=True and rank0_only=False may result in theunsharded parameters being redundantly copied to CPU memory for GPUs sharing the same CPU memory, which risks CPU OOM. We recommend using offload_to_cpu=True with rank0_only=True.
[36m(WorkerDict pid=2188447)[0m   _validate_unshard_params_args(
[36m(WorkerDict pid=2188447)[0m /scratch/r919a03/code_verl_test/.venv/lib/python3.12/site-packages/verl/plugin/platform/platform_cuda.py:99: FutureWarning: torch.cuda._set_allocator_settings is deprecated. Use torch._C._accelerator_setAllocatorSettings instead.[32m [repeated 4x across cluster][0m
[36m(WorkerDict pid=2188447)[0m   torch.cuda.memory._set_allocator_settings(settings)[32m [repeated 4x across cluster][0m
[36m(WorkerDict pid=2188445)[0m /scratch/r919a03/code_verl_test/.venv/lib/python3.12/site-packages/torch/distributed/fsdp/_unshard_param_utils.py:174: UserWarning: offload_to_cpu=True and rank0_only=False may result in theunsharded parameters being redundantly copied to CPU memory for GPUs sharing the same CPU memory, which risks CPU OOM. We recommend using offload_to_cpu=True with rank0_only=True.[32m [repeated 6x across cluster][0m
[36m(WorkerDict pid=2188445)[0m   _validate_unshard_params_args([32m [repeated 6x across cluster][0m
[36m(CodeTaskRunner pid=2186721)[0m Training Progress:   0%|          | 0/3 [00:00<?, ?it/s]
[36m(TransferQueueController pid=2187012)[0m 2026-09-02 16:50:20,546 - INFO - transfer_queue.utils.perf_utils - TQ_CONTROLLER_da659189: [Performance] Total success requests: 1, Total req/min: 0.05, Total avg process time: 0.1132s; 
[36m(TransferQueueController pid=2187012)[0m Time range: last 18.36 minutes; 
[36m(TransferQueueController pid=2187012)[0m Per-operation statistics: KV_RETRIEVE_META: req_count=1, req/min=0.05, avg_time=0.113244s, max_time=0.113244s, min_time=0.113244s
[36m(pid=2217341)[0m /scratch/r919a03/code_verl_test/.venv/lib/python3.12/site-packages/verl/workers/engine/__init__.py:31: UserWarning: torchtitan engine is not available: ModuleNotFoundError("No module named 'torchtitan'")
[36m(pid=2217341)[0m   warnings.warn(f"torchtitan engine is not available: {e!r}", stacklevel=1)
[36m(pid=2217341)[0m /scratch/r919a03/code_verl_test/.venv/lib/python3.12/site-packages/verl/workers/engine/__init__.py:40: UserWarning: veomni engine is not available: ModuleNotFoundError("No module named 'veomni'")
[36m(pid=2217341)[0m   warnings.warn(f"veomni engine is not available: {e!r}", stacklevel=1)
[36m(pid=2217341)[0m /scratch/r919a03/code_verl_test/.venv/lib/python3.12/site-packages/verl/workers/engine/__init__.py:49: UserWarning: automodel engine is not available: ModuleNotFoundError("No module named 'nemo_automodel'")
[36m(pid=2217341)[0m   warnings.warn(f"automodel engine is not available: {e!r}", stacklevel=1)
[36m(pid=2217341)[0m /scratch/r919a03/code_verl_test/.venv/lib/python3.12/site-packages/verl/workers/engine/mindspeed/transformer_impl.py:24: UserWarning: NPU not support router replay for now.
[36m(pid=2217341)[0m   from verl.utils.megatron.router_replay_patch import RouterReplay
[36m(pid=2217341)[0m /scratch/r919a03/code_verl_test/.venv/lib/python3.12/site-packages/verl/workers/engine/__init__.py:59: UserWarning: mindspeed engine is not available: ModuleNotFoundError("No module named 'megatron'")
[36m(pid=2217341)[0m   warnings.warn(f"mindspeed engine is not available: {e!r}", stacklevel=1)
[36m(pid=2217341)[0m /scratch/r919a03/code_verl_test/.venv/lib/python3.12/site-packages/verl/workers/engine/__init__.py:69: UserWarning: megatron engine is not available: ModuleNotFoundError("No module named 'megatron'")
[36m(pid=2217341)[0m   warnings.warn(f"megatron engine is not available: {e!r}", stacklevel=1)
[36m(WorkerDict pid=2188444)[0m /scratch/r919a03/code_verl_test/.venv/lib/python3.12/site-packages/verl/plugin/platform/platform_cuda.py:99: FutureWarning: torch.cuda._set_allocator_settings is deprecated. Use torch._C._accelerator_setAllocatorSettings instead.[32m [repeated 3x across cluster][0m
[36m(WorkerDict pid=2188444)[0m   torch.cuda.memory._set_allocator_settings(settings)[32m [repeated 3x across cluster][0m
[36m(AgentLoopWorkerTQ pid=2217341)[0m Using blocking ray.get inside async actor. This blocks the event loop. Please use `await` on object ref with asyncio.gather if you want to yield execution to the event loop instead.
[36m(SimpleStorageUnit pid=2187290)[0m 2026-09-02 16:50:41,068 - INFO - transfer_queue.utils.perf_utils - TQ_STORAGE_UNIT_69592665: [Performance] Total success requests: 1, Total req/min: 0.05, Total avg process time: 0.0023s; 
[36m(SimpleStorageUnit pid=2187290)[0m Time range: last 18.65 minutes; 
[36m(SimpleStorageUnit pid=2187290)[0m Per-operation statistics: PUT_DATA: req_count=1, req/min=0.05, avg_time=0.002315s, max_time=0.002315s, min_time=0.002315s
[36m(pid=2217342)[0m /scratch/r919a03/code_verl_test/.venv/lib/python3.12/site-packages/verl/workers/engine/__init__.py:31: UserWarning: torchtitan engine is not available: ModuleNotFoundError("No module named 'torchtitan'")[32m [repeated 7x across cluster][0m
[36m(pid=2217342)[0m   warnings.warn(f"torchtitan engine is not available: {e!r}", stacklevel=1)[32m [repeated 7x across cluster][0m
[36m(pid=2217342)[0m /scratch/r919a03/code_verl_test/.venv/lib/python3.12/site-packages/verl/workers/engine/__init__.py:40: UserWarning: veomni engine is not available: ModuleNotFoundError("No module named 'veomni'")[32m [repeated 7x across cluster][0m
[36m(pid=2217342)[0m   warnings.warn(f"veomni engine is not available: {e!r}", stacklevel=1)[32m [repeated 7x across cluster][0m
[36m(pid=2217342)[0m /scratch/r919a03/code_verl_test/.venv/lib/python3.12/site-packages/verl/workers/engine/__init__.py:49: UserWarning: automodel engine is not available: ModuleNotFoundError("No module named 'nemo_automodel'")[32m [repeated 7x across cluster][0m
[36m(pid=2217342)[0m   warnings.warn(f"automodel engine is not available: {e!r}", stacklevel=1)[32m [repeated 7x across cluster][0m
[36m(pid=2217342)[0m /scratch/r919a03/code_verl_test/.venv/lib/python3.12/site-packages/verl/workers/engine/mindspeed/transformer_impl.py:24: UserWarning: NPU not support router replay for now.[32m [repeated 7x across cluster][0m
[36m(pid=2217342)[0m   from verl.utils.megatron.router_replay_patch import RouterReplay[32m [repeated 7x across cluster][0m
[36m(pid=2217342)[0m /scratch/r919a03/code_verl_test/.venv/lib/python3.12/site-packages/verl/workers/engine/__init__.py:59: UserWarning: mindspeed engine is not available: ModuleNotFoundError("No module named 'megatron'")[32m [repeated 7x across cluster][0m
[36m(pid=2217342)[0m   warnings.warn(f"mindspeed engine is not available: {e!r}", stacklevel=1)[32m [repeated 7x across cluster][0m
[36m(pid=2217342)[0m /scratch/r919a03/code_verl_test/.venv/lib/python3.12/site-packages/verl/workers/engine/__init__.py:69: UserWarning: megatron engine is not available: ModuleNotFoundError("No module named 'megatron'")[32m [repeated 7x across cluster][0m
[36m(pid=2217342)[0m   warnings.warn(f"megatron engine is not available: {e!r}", stacklevel=1)[32m [repeated 7x across cluster][0m
[36m(AgentLoopWorkerTQ pid=2217347)[0m Using blocking ray.get inside async actor. This blocks the event loop. Please use `await` on object ref with asyncio.gather if you want to yield execution to the event loop instead.[32m [repeated 7x across cluster][0m

[36m(vLLMHttpServer pid=2212438)[0m WARNING 09-02 16:47:49 [vllm.py:1062] Enforce eager set, disabling torch.compile and CUDAGraphs. This is equivalent to setting -cc.mode=none -cc.cudagraph_mode=none[32m [repeated 3x across cluster][0m
[36m(vLLMHttpServer pid=2212438)[0m WARNING 09-02 16:47:49 [vllm.py:1110] Inductor compilation was disabled by user settings, optimizations settings that are only active during inductor compilation will be ignored.[32m [repeated 3x across cluster][0m
[36m(vLLMHttpServer pid=2212438)[0m WARNING 09-02 16:47:51 [system_utils.py:157] We must use the `spawn` multiprocessing start method. Overriding VLLM_WORKER_MULTIPROC_METHOD to 'spawn'. See https://docs.vllm.ai/en/latest/usage/troubleshooting.html#python-multiprocessing for more information. Reasons: In a Ray actor and can only be spawned; CUDA is initialized[32m [repeated 3x across cluster][0m
[36m(vLLMHttpServer pid=2212437)[0m (Worker pid=2213281) WARNING 09-02 16:48:59 [fused_moe.py:1071] Using default MoE config. Performance might be sub-optimal! Config file not found at /scratch/r919a03/code_verl_test/.venv/lib/python3.12/site-packages/vllm/model_executor/layers/fused_moe/configs/E=60,N=1408,device_name=NVIDIA_H200.json
[36m(vLLMHttpServer pid=2212440)[0m (EngineCore pid=2213108) WARNING 09-02 16:49:22 [vllm.py:1062] Enforce eager set, disabling torch.compile and CUDAGraphs. This is equivalent to setting -cc.mode=none -cc.cudagraph_mode=none
[36m(vLLMHttpServer pid=2212440)[0m (EngineCore pid=2213108) WARNING 09-02 16:49:22 [vllm.py:1110] Inductor compilation was disabled by user settings, optimizations settings that are only active during inductor compilation will be ignored.
[36m(vLLMHttpServer pid=2212438)[0m (Worker pid=2213280) WARNING 09-02 16:48:56 [utils.py:279] Using default LoRA kernel configs[32m [repeated 3x across cluster][0m
[36m(vLLMHttpServer pid=2212438)[0m (Worker pid=2213280) WARNING 09-02 16:48:59 [fused_moe.py:1071] Using default MoE config. Performance might be sub-optimal! Config file not found at /scratch/r919a03/code_verl_test/.venv/lib/python3.12/site-packages/vllm/model_executor/layers/fused_moe/configs/E=60,N=1408,device_name=NVIDIA_H200.json[32m [repeated 3x across cluster][0m
[36m(vLLMHttpServer pid=2212437)[0m WARNING 09-02 16:49:23 [api_router.py:30] LoRA dynamic loading & unloading is enabled in the API server. This should ONLY be used for local development!
[36m(vLLMHttpServer pid=2212437)[0m WARNING 09-02 16:49:24 [model.py:1477] Default vLLM sampling parameters have been overridden by the model's `generation_config.json`: `{'repetition_penalty': 1.0, 'temperature': 1.0, 'top_k': -1, 'top_p': 1, 'max_tokens': 2048}`. If this is not intended, please relaunch vLLM instance with `--generation-config vllm`.
[36m(CodeTaskRunner pid=2186721)[0m LLMServerManager: ['150.183.158.81:33911', '150.183.158.81:39899', '150.183.158.81:34051', '150.183.158.81:46369']
[36m(CodeTaskRunner pid=2186721)[0m Checkpoint tracker file does not exist: /scratch/r919a03/code_verl_test/checkpoints/smoke_rl_v1/latest_checkpointed_iteration.txt
[36m(vLLMHttpServer pid=2212438)[0m (EngineCore pid=2213131) WARNING 09-02 16:49:23 [vllm.py:1062] Enforce eager set, disabling torch.compile and CUDAGraphs. This is equivalent to setting -cc.mode=none -cc.cudagraph_mode=none[32m [repeated 3x across cluster][0m
[36m(vLLMHttpServer pid=2212438)[0m (EngineCore pid=2213131) WARNING 09-02 16:49:23 [vllm.py:1110] Inductor compilation was disabled by user settings, optimizations settings that are only active during inductor compilation will be ignored.[32m [repeated 3x across cluster][0m
[36m(vLLMHttpServer pid=2212438)[0m WARNING 09-02 16:49:23 [api_router.py:30] LoRA dynamic loading & unloading is enabled in the API server. This should ONLY be used for local development![32m [repeated 3x across cluster][0m
[36m(vLLMHttpServer pid=2212438)[0m WARNING 09-02 16:49:24 [model.py:1477] Default vLLM sampling parameters have been overridden by the model's `generation_config.json`: `{'repetition_penalty': 1.0, 'temperature': 1.0, 'top_k': -1, 'top_p': 1, 'max_tokens': 2048}`. If this is not intended, please relaunch vLLM instance with `--generation-config vllm`.[32m [repeated 3x across cluster][0m
[36m(AgentLoopWorkerTQ pid=2217341)[0m Using dataset class: RLHFDataset
[36m(vLLMHttpServer pid=2212437)[0m WARNING 09-02 16:50:32 [input_processor.py:157] vLLM has deprecated support for supporting different tokenizers for different LoRAs. By default, vLLM uses base model's tokenizer. If you are using a LoRA with its own tokenizer, consider specifying `--tokenizer [lora_path]` to use the LoRA tokenizer.
[36m(vLLMHttpServer pid=2212437)[0m WARNING 09-02 16:50:32 [input_processor.py:282] Passing raw prompts to InputProcessor is deprecated and will be removed in v0.18. You should instead pass the outputs of Renderer.render_cmpl() or Renderer.render_chat().
[36m(vLLMHttpServer pid=2212438)[0m (Worker pid=2213280) WARNING 09-02 16:50:32 [jit_monitor.py:106] Triton kernel JIT compilation during inference: _lora_shrink_kernel. This causes a latency spike; consider extending warmup to cover this shape/config.
[36m(vLLMHttpServer pid=2212438)[0m (Worker pid=2213280) WARNING 09-02 16:50:32 [jit_monitor.py:106] Triton kernel JIT compilation during inference: _lora_expand_kernel. This causes a latency spike; consider extending warmup to cover this shape/config.
[36m(vLLMHttpServer pid=2212438)[0m (Worker pid=2213280) WARNING 09-02 16:50:32 [jit_monitor.py:106] Triton kernel JIT compilation during inference: fused_moe_kernel. This causes a latency spike; consider extending warmup to cover this shape/config.
[36m(vLLMHttpServer pid=2212438)[0m (Worker pid=2213280) WARNING 09-02 16:50:32 [jit_monitor.py:106] Triton kernel JIT compilation during inference: _fused_moe_lora_one_shot_kernel. This causes a latency spike; consider extending warmup to cover this shape/config.
[36m(AgentLoopWorkerTQ pid=2217347)[0m Using dataset class: RLHFDataset[32m [repeated 7x across cluster][0m
[36m(vLLMHttpServer pid=2212438)[0m WARNING 09-02 16:50:32 [input_processor.py:157] vLLM has deprecated support for supporting different tokenizers for different LoRAs. By default, vLLM uses base model's tokenizer. If you are using a LoRA with its own tokenizer, consider specifying `--tokenizer [lora_path]` to use the LoRA tokenizer.[32m [repeated 3x across cluster][0m
[36m(vLLMHttpServer pid=2212438)[0m WARNING 09-02 16:50:32 [input_processor.py:282] Passing raw prompts to InputProcessor is deprecated and will be removed in v0.18. You should instead pass the outputs of Renderer.render_cmpl() or Renderer.render_chat().[32m [repeated 3x across cluster][0m
[36m(vLLMHttpServer pid=2212437)[0m (Worker pid=2213281) WARNING 09-02 16:50:40 [jit_monitor.py:106] Triton kernel JIT compilation during inference: _fused_moe_lora_one_shot_kernel. This causes a latency spike; consider extending warmup to cover this shape/config.
[36m(vLLMHttpServer pid=2212440)[0m (Worker pid=2213278) WARNING 09-02 16:50:40 [jit_monitor.py:106] Triton kernel JIT compilation during inference: _fused_moe_lora_one_shot_kernel. This causes a latency spike; consider extending warmup to cover this shape/config.
[36m(vLLMHttpServer pid=2212437)[0m (Worker pid=2213281) WARNING 09-02 16:50:41 [jit_monitor.py:106] Triton kernel JIT compilation during inference: _lora_shrink_kernel. This causes a latency spike; consider extending warmup to cover this shape/config.
[36m(vLLMHttpServer pid=2212437)[0m (Worker pid=2213281) WARNING 09-02 16:50:41 [jit_monitor.py:106] Triton kernel JIT compilation during inference: _lora_expand_kernel. This causes a latency spike; consider extending warmup to cover this shape/config.
[36m(vLLMHttpServer pid=2212437)[0m (Worker pid=2213281) WARNING 09-02 16:50:41 [jit_monitor.py:106] Triton kernel JIT compilation during inference: fused_moe_kernel. This causes a latency spike; consider extending warmup to cover this shape/config.
[36m(vLLMHttpServer pid=2212440)[0m (Worker pid=2213278) WARNING 09-02 16:50:41 [jit_monitor.py:106] Triton kernel JIT compilation during inference: _fused_moe_lora_small_batch_kernel. This causes a latency spike; consider extending warmup to cover this shape/config.[36m(SimpleStorageUnit pid=2187295)[0m 2026-09-02 16:50:47,845 - INFO - transfer_queue.utils.perf_utils - TQ_STORAGE_UNIT_41f00f52: [Performance] Total success requests: 1, Total req/min: 0.05, Total avg process time: 0.0037s; [32m [repeated 6x across cluster][0m
[36m(SimpleStorageUnit pid=2187295)[0m Time range: last 18.76 minutes; [32m [repeated 6x across cluster][0m
[36m(SimpleStorageUnit pid=2187295)[0m Per-operation statistics: PUT_DATA: req_count=1, req/min=0.05, avg_time=0.003667s, max_time=0.003667s, min_time=0.003667s[32m [repeated 6x across cluster][0m
[36m(CodeTaskRunner pid=2186721)[0m INFO:2026-09-02 16:51:30,798:pending: 0, running: 5, finished: 11, failure: 0
[36m(SimpleStorageUnit pid=2187296)[0m 2026-09-02 16:50:47,879 - INFO - transfer_queue.utils.perf_utils - TQ_STORAGE_UNIT_6fb9d5be: [Performance] Total success requests: 1, Total req/min: 0.05, Total avg process time: 0.0024s; 
[36m(SimpleStorageUnit pid=2187296)[0m Time range: last 18.76 minutes; 
[36m(SimpleStorageUnit pid=2187296)[0m Per-operation statistics: PUT_DATA: req_count=1, req/min=0.05, avg_time=0.002354s, max_time=0.002354s, min_time=0.002354s
[36m(CodeTaskRunner pid=2186721)[0m INFO:2026-09-02 16:52:30,841:pending: 0, running: 2, finished: 14, failure: 0
[36m(WorkerDict pid=2188447)[0m Using blocking ray.get inside async actor. This blocks the event loop. Please use `await` on object ref with asyncio.gather if you want to yield execution to the event loop instead.
[36m(WorkerDict pid=2188447)[0m [rank1]:W0902 16:52:40.110000 2188447 .venv/lib/python3.12/site-packages/torch/fx/_symbolic_trace.py:53] is_fx_tracing will return true for both fx.symbolic_trace and torch.export. Please use is_fx_tracing_symbolic_tracing() for specifically fx.symbolic_trace or torch.compiler.is_compiling() for specifically torch.export/compile.
[36m(WorkerDict pid=2188447)[0m /scratch/r919a03/code_verl_test/.venv/lib/python3.12/site-packages/verl/plugin/platform/platform_cuda.py:99: FutureWarning: torch.cuda._set_allocator_settings is deprecated. Use torch._C._accelerator_setAllocatorSettings instead.
[36m(WorkerDict pid=2188447)[0m   torch.cuda.memory._set_allocator_settings(settings)
[36m(WorkerDict pid=2188445)[0m Using blocking ray.get inside async actor. This blocks the event loop. Please use `await` on object ref with asyncio.gather if you want to yield execution to the event loop instead.[32m [repeated 3x across cluster][0m
[36m(WorkerDict pid=2188445)[0m [rank2]:W0902 16:52:40.106000 2188445 .venv/lib/python3.12/site-packages/torch/fx/_symbolic_trace.py:53] is_fx_tracing will return true for both fx.symbolic_trace and torch.export. Please use is_fx_tracing_symbolic_tracing() for specifically fx.symbolic_trace or torch.compiler.is_compiling() for specifically torch.export/compile.[32m [repeated 3x across cluster][0m
[36m(WorkerDict pid=2188446)[0m /scratch/r919a03/code_verl_test/.venv/lib/python3.12/site-packages/torch/distributed/fsdp/_unshard_param_utils.py:248: UserWarning: offload_to_cpu=True and rank0_only=False may result in theunsharded parameters being redundantly copied to CPU memory for GPUs sharing the same CPU memory, which risks CPU OOM. We recommend using offload_to_cpu=True with rank0_only=True.
[36m(WorkerDict pid=2188446)[0m   _validate_unshard_params_args(
[36m(WorkerDict pid=2188446)[0m /scratch/r919a03/code_verl_test/.venv/lib/python3.12/site-packages/torch/distributed/fsdp/_unshard_param_utils.py:174: UserWarning: offload_to_cpu=True and rank0_only=False may result in theunsharded parameters being redundantly copied to CPU memory for GPUs sharing the same CPU memory, which risks CPU OOM. We recommend using offload_to_cpu=True with rank0_only=True.
[36m(WorkerDict pid=2188446)[0m   _validate_unshard_params_args(
[36m(CodeTaskRunner pid=2186721)[0m Training Progress:  33%|███▎      | 1/3 [04:01<08:03, 241.59s/it]
[36m(WorkerDict pid=2188445)[0m /scratch/r919a03/code_verl_test/.venv/lib/python3.12/site-packages/verl/plugin/platform/platform_cuda.py:99: FutureWarning: torch.cuda._set_allocator_settings is deprecated. Use torch._C._accelerator_setAllocatorSettings instead.[32m [repeated 3x across cluster][0m
[36m(WorkerDict pid=2188445)[0m   torch.cuda.memory._set_allocator_settings(settings)[32m [repeated 3x across cluster][0m
[36m(WorkerDict pid=2188445)[0m /scratch/r919a03/code_verl_test/.venv/lib/python3.12/site-packages/torch/distributed/fsdp/_unshard_param_utils.py:174: UserWarning: offload_to_cpu=True and rank0_only=False may result in theunsharded parameters being redundantly copied to CPU memory for GPUs sharing the same CPU memory, which risks CPU OOM. We recommend using offload_to_cpu=True with rank0_only=True.[32m [repeated 6x across cluster][0m
[36m(WorkerDict pid=2188445)[0m   _validate_unshard_params_args([32m [repeated 6x across cluster][0m
[36m(CodeTaskRunner pid=2186721)[0m INFO:2026-09-02 16:55:21,817:pending: 0, running: 3, finished: 13, failure: 0
[36m(TransferQueueController pid=2187012)[0m 2026-09-02 16:55:21,818 - INFO - transfer_queue.utils.perf_utils - TQ_CONTROLLER_da659189: [Performance] Total success requests: 610, Total req/min: 121.48, Total avg process time: 0.0004s; 
[36m(TransferQueueController pid=2187012)[0m Time range: last 5.02 minutes; 
[36m(TransferQueueController pid=2187012)[0m Per-operation statistics: SET_CUSTOM_META: req_count=191, req/min=38.04, avg_time=0.000015s, max_time=0.000039s, min_time=0.000007s; KV_RETRIEVE_META: req_count=193, req/min=38.44, avg_time=0.000670s, max_time=0.066267s, min_time=0.000066s; KV_LIST: req_count=95, req/min=18.92, avg_time=0.000043s, max_time=0.000058s, min_time=0.000023s; NOTIFY_DATA_UPDATE: req_count=128, req/min=25.49, avg_time=0.000793s, max_time=0.082412s, min_time=0.000065s; CLEAR_META: req_count=2, req/min=0.40, avg_time=0.000269s, max_time=0.000295s, min_time=0.000243s; KV_RETRIEVE_KEYS: req_count=1, req/min=0.20, avg_time=0.000043s, max_time=0.000043s, min_time=0.000043s
[36m(SimpleStorageUnit pid=2187296)[0m Per-operation statistics: PUT_DATA: req_count=21, req/min=4.17, avg_time=0.001957s, max_time=0.003343s, min_time=0.001572s; CLEAR_DATA: req_count=2, req/min=0.40, avg_time=0.002859s, max_time=0.002962s, min_time=0.002757s; GET_DATA: req_count=11, req/min=2.18, avg_time=0.002447s, max_time=0.003043s, min_time=0.001662s
[36m(SimpleStorageUnit pid=2187296)[0m 2026-09-02 16:55:50,168 - INFO - transfer_queue.utils.perf_utils - TQ_STORAGE_UNIT_6fb9d5be: [Performance] Total success requests: 34, Total req/min: 6.75, Total avg process time: 0.0022s; 
[36m(SimpleStorageUnit pid=2187296)[0m Time range: last 5.04 minutes; 
[36m(SimpleStorageUnit pid=2187290)[0m 2026-09-02 16:55:56,830 - INFO - transfer_queue.utils.perf_utils - TQ_STORAGE_UNIT_69592665: [Performance] Total success requests: 31, Total req/min: 5.89, Total avg process time: 0.0022s; 
[36m(SimpleStorageUnit pid=2187290)[0m Time range: last 5.26 minutes; 
[36m(SimpleStorageUnit pid=2187290)[0m Per-operation statistics: PUT_DATA: req_count=20, req/min=3.80, avg_time=0.001936s, max_time=0.003302s, min_time=0.001561s; CLEAR_DATA: req_count=2, req/min=0.38, avg_time=0.002538s, max_time=0.002974s, min_time=0.002102s; GET_DATA: req_count=9, req/min=1.71, avg_time=0.002666s, max_time=0.003248s, min_time=0.001891s
[36m(SimpleStorageUnit pid=2187294)[0m Per-operation statistics: PUT_DATA: req_count=21, req/min=4.04, avg_time=0.002070s, max_time=0.003597s, min_time=0.001588s; CLEAR_DATA: req_count=2, req/min=0.38, avg_time=0.002923s, max_time=0.003305s, min_time=0.002541s; GET_DATA: req_count=11, req/min=2.12, avg_time=0.002588s, max_time=0.003272s, min_time=0.001547s
[36m(CodeTaskRunner pid=2186721)[0m INFO:2026-09-02 16:56:21,860:pending: 0, running: 1, finished: 15, failure: 0
[36m(SimpleStorageUnit pid=2187294)[0m 2026-09-02 16:55:57,031 - INFO - transfer_queue.utils.perf_utils - TQ_STORAGE_UNIT_3d67cd5c: [Performance] Total success requests: 34, Total req/min: 6.54, Total avg process time: 0.0023s; 
[36m(SimpleStorageUnit pid=2187294)[0m Time range: last 5.20 minutes; 
[36m(SimpleStorageUnit pid=2187295)[0m 2026-09-02 16:56:22,821 - INFO - transfer_queue.utils.perf_utils - TQ_STORAGE_UNIT_41f00f52: [Performance] Total success requests: 34, Total req/min: 6.09, Total avg process time: 0.0023s; 
[36m(SimpleStorageUnit pid=2187295)[0m Time range: last 5.58 minutes; 
[36m(SimpleStorageUnit pid=2187295)[0m Per-operation statistics: PUT_DATA: req_count=21, req/min=3.76, avg_time=0.002129s, max_time=0.003327s, min_time=0.001595s; CLEAR_DATA: req_count=2, req/min=0.36, avg_time=0.002825s, max_time=0.003358s, min_time=0.002292s; GET_DATA: req_count=11, req/min=1.97, avg_time=0.002589s, max_time=0.003181s, min_time=0.001616s
[36m(CodeTaskRunner pid=2186721)[0m Training Progress:  67%|██████▋   | 2/3 [06:56<03:22, 202.52s/it]
[36m(SimpleStorageUnit pid=2187291)[0m 2026-09-02 16:56:23,870 - INFO - transfer_queue.utils.perf_utils - TQ_STORAGE_UNIT_a199a708: [Performance] Total success requests: 32, Total req/min: 5.60, Total avg process time: 0.0021s; [32m [repeated 4x across cluster][0m
[36m(SimpleStorageUnit pid=2187291)[0m Time range: last 5.71 minutes; [32m [repeated 4x across cluster][0m
[36m(SimpleStorageUnit pid=2187291)[0m Per-operation statistics: PUT_DATA: req_count=20, req/min=3.50, avg_time=0.001917s, max_time=0.003307s, min_time=0.001582s; CLEAR_DATA: req_count=3, req/min=0.53, avg_time=0.002662s, max_time=0.002752s, min_time=0.002599s; GET_DATA: req_count=9, req/min=1.58, avg_time=0.002369s, max_time=0.003097s, min_time=0.001624s[32m [repeated 4x across cluster][0m
[36m(CodeTaskRunner pid=2186721)[0m INFO:2026-09-02 16:58:16,984:pending: 0, running: 5, finished: 11, failure: 0
[36m(CodeTaskRunner pid=2186721)[0m INFO:2026-09-02 16:59:17,027:pending: 0, running: 3, finished: 13, failure: 0
[36m(TransferQueueController pid=2187012)[0m 2026-09-02 17:00:53,603 - INFO - transfer_queue.utils.perf_utils - TQ_CONTROLLER_da659189: [Performance] Total success requests: 440, Total req/min: 79.57, Total avg process time: 0.0002s; 
[36m(TransferQueueController pid=2187012)[0m Time range: last 5.53 minutes; 
[36m(TransferQueueController pid=2187012)[0m Per-operation statistics: KV_LIST: req_count=112, req/min=20.25, avg_time=0.000043s, max_time=0.000252s, min_time=0.000019s; KV_RETRIEVE_META: req_count=123, req/min=22.24, avg_time=0.000414s, max_time=0.001718s, min_time=0.000126s; NOTIFY_DATA_UPDATE: req_count=82, req/min=14.83, avg_time=0.000143s, max_time=0.000385s, min_time=0.000052s; SET_CUSTOM_META: req_count=118, req/min=21.34, avg_time=0.000014s, max_time=0.000035s, min_time=0.000007s; CLEAR_META: req_count=3, req/min=0.54, avg_time=0.000241s, max_time=0.000252s, min_time=0.000224s; KV_RETRIEVE_KEYS: req_count=2, req/min=0.36, avg_time=0.000037s, max_time=0.000044s, min_time=0.000031s
[36m(SimpleStorageUnit pid=2187294)[0m Per-operation statistics: CLEAR_DATA: req_count=3, req/min=0.60, avg_time=0.002220s, max_time=0.003093s, min_time=0.001573s; GET_DATA: req_count=21, req/min=4.17, avg_time=0.002755s, max_time=0.003439s, min_time=0.001526s; PUT_DATA: req_count=21, req/min=4.17, avg_time=0.002252s, max_time=0.003382s, min_time=0.001588s
[36m(SimpleStorageUnit pid=2187294)[0m 2026-09-02 17:00:58,908 - INFO - transfer_queue.utils.perf_utils - TQ_STORAGE_UNIT_3d67cd5c: [Performance] Total success requests: 45, Total req/min: 8.94, Total avg process time: 0.0025s; 
[36m(SimpleStorageUnit pid=2187294)[0m Time range: last 5.03 minutes; 
[36m(SimpleStorageUnit pid=2187296)[0m 2026-09-02 17:00:59,506 - INFO - transfer_queue.utils.perf_utils - TQ_STORAGE_UNIT_6fb9d5be: [Performance] Total success requests: 36, Total req/min: 6.98, Total avg process time: 0.0026s; 
[36m(SimpleStorageUnit pid=2187296)[0m Time range: last 5.16 minutes; 
[36m(CodeTaskRunner pid=2186721)[0m INFO:2026-09-02 17:01:53,668:pending: 0, running: 2, finished: 18, failure: 0
[36m(SimpleStorageUnit pid=2187290)[0m Per-operation statistics: CLEAR_DATA: req_count=3, req/min=0.59, avg_time=0.002817s, max_time=0.003224s, min_time=0.002499s; GET_DATA: req_count=21, req/min=4.12, avg_time=0.002787s, max_time=0.003270s, min_time=0.001730s; PUT_DATA: req_count=21, req/min=4.12, avg_time=0.002305s, max_time=0.003283s, min_time=0.001587s[32m [repeated 2x across cluster][0m
[36m(SimpleStorageUnit pid=2187290)[0m 2026-09-02 17:01:02,361 - INFO - transfer_queue.utils.perf_utils - TQ_STORAGE_UNIT_69592665: [Performance] Total success requests: 45, Total req/min: 8.84, Total avg process time: 0.0026s; 
[36m(SimpleStorageUnit pid=2187290)[0m Time range: last 5.09 minutes; 
[36m(SimpleStorageUnit pid=2187295)[0m 2026-09-02 17:02:50,508 - INFO - transfer_queue.utils.perf_utils - TQ_STORAGE_UNIT_41f00f52: [Performance] Total success requests: 41, Total req/min: 6.35, Total avg process time: 0.0025s; 
[36m(SimpleStorageUnit pid=2187295)[0m Time range: last 6.46 minutes; 
[36m(SimpleStorageUnit pid=2187295)[0m Per-operation statistics: CLEAR_DATA: req_count=3, req/min=0.46, avg_time=0.002807s, max_time=0.003071s, min_time=0.002613s; GET_DATA: req_count=17, req/min=2.63, avg_time=0.002911s, max_time=0.003266s, min_time=0.002437s; PUT_DATA: req_count=21, req/min=3.25, avg_time=0.002169s, max_time=0.003274s, min_time=0.001537s
[36m(CodeTaskRunner pid=2186721)[0m INFO:2026-09-02 17:02:53,716:pending: 0, running: 1, finished: 19, failure: 0
[36m(SimpleStorageUnit pid=2187293)[0m Per-operation statistics: GET_DATA: req_count=21, req/min=2.81, avg_time=0.002727s, max_time=0.003274s, min_time=0.001809s; PUT_DATA: req_count=23, req/min=3.08, avg_time=0.002208s, max_time=0.003312s, min_time=0.001562s; CLEAR_DATA: req_count=3, req/min=0.40, avg_time=0.002576s, max_time=0.002804s, min_time=0.002290s
[36m(SimpleStorageUnit pid=2187293)[0m 2026-09-02 17:03:51,770 - INFO - transfer_queue.utils.perf_utils - TQ_STORAGE_UNIT_12fc2bc1: [Performance] Total success requests: 47, Total req/min: 6.30, Total avg process time: 0.0025s; 
[36m(SimpleStorageUnit pid=2187293)[0m Time range: last 7.46 minutes; 
[36m(SimpleStorageUnit pid=2187289)[0m 2026-09-02 17:03:51,769 - INFO - transfer_queue.utils.perf_utils - TQ_STORAGE_UNIT_3686f820: [Performance] Total success requests: 43, Total req/min: 5.76, Total avg process time: 0.0026s; 
[36m(SimpleStorageUnit pid=2187289)[0m Time range: last 7.46 minutes; 

[36m(vLLMHttpServer pid=2212439)[0m (Worker pid=2213279) WARNING 09-02 16:50:40 [jit_monitor.py:106] Triton kernel JIT compilation during inference: _fused_moe_lora_one_shot_kernel. This causes a latency spike; consider extending warmup to cover this shape/config.
[36m(vLLMHttpServer pid=2212439)[0m (Worker pid=2213279) WARNING 09-02 16:50:41 [jit_monitor.py:106] Triton kernel JIT compilation during inference: _lora_shrink_kernel. This causes a latency spike; consider extending warmup to cover this shape/config.[32m [repeated 2x across cluster][0m
[36m(vLLMHttpServer pid=2212439)[0m (Worker pid=2213279) WARNING 09-02 16:50:41 [jit_monitor.py:106] Triton kernel JIT compilation during inference: _lora_expand_kernel. This causes a latency spike; consider extending warmup to cover this shape/config.[32m [repeated 2x across cluster][0m
[36m(vLLMHttpServer pid=2212439)[0m (Worker pid=2213279) WARNING 09-02 16:50:41 [jit_monitor.py:106] Triton kernel JIT compilation during inference: fused_moe_kernel. This causes a latency spike; consider extending warmup to cover this shape/config.[32m [repeated 2x across cluster][0m
[36m(vLLMHttpServer pid=2212437)[0m (Worker pid=2213281) WARNING 09-02 16:51:11 [jit_monitor.py:106] Triton kernel JIT compilation during inference: _fused_moe_lora_small_batch_kernel. This causes a latency spike; consider extending warmup to cover this shape/config.[32m [repeated 2x across cluster][0m
[36m(vLLMHttpServer pid=2212438)[0m (Worker pid=2213280) WARNING 09-02 16:52:35 [jit_monitor.py:106] Triton kernel JIT compilation during inference: _fused_moe_lora_small_batch_kernel. This causes a latency spike; consider extending warmup to cover this shape/config.
[36m(CodeTaskRunner pid=2186721)[0m step:1 - global_seqlen/min:82961.0 - global_seqlen/max:264347.0 - global_seqlen/minmax_diff:181386.0 - global_seqlen/balanced_min:151851.0 - global_seqlen/balanced_max:152449.0 - global_seqlen/mean:152131.75 - actor/entropy:0.8706551790237427 - actor/pg_clipfrac:0.0 - actor/ppo_kl:0.0 - actor/pg_clipfrac_lower:0.0 - actor/pg_loss:0.0 - actor/loss:1.862645149230957e-09 - actor/grad_norm:0.326171875 - actor/lr:2e-05 - actor/perf/max_memory_allocated_gb:33.82218027114868 - actor/perf/max_memory_reserved_gb:36.810546875 - actor/perf/cpu_memory_used_gb:286.4495086669922 - perf/mfu/actor:0.15285149202655388 - training/global_step:1 - training/epoch:0 - critic/score/mean:0.1341773420572281 - critic/score/max:1.0 - critic/score/min:0.0 - critic/rewards/mean:0.1341773420572281 - critic/rewards/max:1.0 - critic/rewards/min:0.0 - critic/advantages/mean:-0.0716291293501854 - critic/advantages/max:1.4999891519546509 - critic/advantages/min:-1.4999949932098389 - critic/returns/mean:-0.0716291293501854 - critic/returns/max:1.4999891519546509 - critic/returns/min:-1.4999949932098389 - response_length/mean:344.046875 - response_length/max:2048.0 - response_length/min:16.0 - response_length/clip_ratio:0.03125 - response_length_non_aborted/mean:344.046875 - response_length_non_aborted/max:2048.0 - response_length_non_aborted/min:16.0 - response_length_non_aborted/clip_ratio:0.03125 - response/aborted_ratio:0.0 - prompt_length/mean:9164.1875 - prompt_length/max:28302.0 - prompt_length/min:131.0 - prompt_length/clip_ratio:0.0625 - timing_s/gen:127.3801414949994 - timing_s/old_log_prob:47.06011290800234 - timing_s/adv:0.15896445700491313 - timing_s/update_actor:18.67562375900161 - timing_s/update_weights:36.98345928399067 - timing_s/step:241.3888349350018 - timing_per_token_ms/adv:0.00026122827254158507 - timing_per_token_ms/update_actor:0.030689885180117907 - timing_per_token_ms/gen:5.785010286343585 - perf/total_num_tokens:608527 - perf/time_per_step:241.3888349350018 - perf/throughput:630.2352386802155 - training/num_turns/mean:np.float64(2.0) - training/num_turns/max:np.int64(2) - training/num_turns/min:np.int64(2) - training/off_policy/trajectory_spans/mean:np.float64(1.0) - training/off_policy/trajectory_spans/max:np.int64(1) - training/off_policy/trajectory_spans/min:np.int64(1) - training/off_policy/trajectory_staleness/mean:np.float64(0.0) - training/off_policy/trajectory_staleness/max:np.int64(0) - training/off_policy/trajectory_staleness/min:np.int64(0) - training/off_policy/trajectory_staleness_worst/mean:np.float64(0.0) - training/off_policy/trajectory_staleness_worst/max:np.int64(0) - training/off_policy/trajectory_staleness_worst/min:np.int64(0)
[36m(CodeTaskRunner pid=2186721)[0m step:2 - global_seqlen/min:33528.0 - global_seqlen/max:232063.0 - global_seqlen/minmax_diff:198535.0 - global_seqlen/balanced_min:139512.0 - global_seqlen/balanced_max:139631.0 - global_seqlen/mean:139569.5 - actor/entropy:0.6769285202026367 - actor/pg_clipfrac:0.0 - actor/ppo_kl:0.0 - actor/pg_clipfrac_lower:0.0 - actor/pg_loss:-2.3283064365386963e-08 - actor/loss:-2.421438694000244e-08 - actor/grad_norm:0.142578125 - actor/lr:2e-05 - actor/perf/max_memory_allocated_gb:33.82218027114868 - actor/perf/max_memory_reserved_gb:36.810546875 - actor/perf/cpu_memory_used_gb:286.1322364807129 - perf/mfu/actor:0.22359876838535933 - training/global_step:2 - training/epoch:0 - critic/score/mean:0.16855600476264954 - critic/score/max:1.0 - critic/score/min:0.0 - critic/rewards/mean:0.16855600476264954 - critic/rewards/max:1.0 - critic/rewards/min:0.0 - critic/advantages/mean:-7.202212873380631e-05 - critic/advantages/max:1.4999268054962158 - critic/advantages/min:-1.499995470046997 - critic/returns/mean:-7.202212873380631e-05 - critic/returns/max:1.4999268054962158 - critic/returns/min:-1.499995470046997 - response_length/mean:419.46875 - response_length/max:2048.0 - response_length/min:46.0 - response_length/clip_ratio:0.015625 - response_length_non_aborted/mean:419.46875 - response_length_non_aborted/max:2048.0 - response_length_non_aborted/min:46.0 - response_length_non_aborted/clip_ratio:0.015625 - response/aborted_ratio:0.0 - prompt_length/mean:8303.625 - prompt_length/max:28126.0 - prompt_length/min:125.0 - prompt_length/clip_ratio:0.0625 - timing_s/gen:123.320826449999 - timing_s/old_log_prob:4.902973873002338 - timing_s/adv:0.04018266098864842 - timing_s/update_actor:11.878095469000982 - timing_s/update_weights:34.967778029997135 - timing_s/step:175.131013538994 - timing_per_token_ms/adv:7.197607820592683e-05 - timing_per_token_ms/update_actor:0.021276309417532092 - timing_per_token_ms/gen:4.5936387711390525 - perf/total_num_tokens:558278 - perf/time_per_step:175.131013538994 - perf/throughput:796.9433693074812 - training/num_turns/mean:np.float64(2.0) - training/num_turns/max:np.int64(2) - training/num_turns/min:np.int64(2) - training/off_policy/trajectory_spans/mean:np.float64(1.0) - training/off_policy/trajectory_spans/max:np.int64(1) - training/off_policy/trajectory_spans/min:np.int64(1) - training/off_policy/trajectory_staleness/mean:np.float64(0.0) - training/off_policy/trajectory_staleness/max:np.int64(0) - training/off_policy/trajectory_staleness/min:np.int64(0) - training/off_policy/trajectory_staleness_worst/mean:np.float64(0.0) - training/off_policy/trajectory_staleness_worst/max:np.int64(0) - training/off_policy/trajectory_staleness_worst/min:np.int64(0)
[36m(CodeTaskRunner pid=2186721)[0m Training Progress: 100%|██████████| 3/3 [13:31<00:00, 290.42s/it]Training Progress: 100%|██████████| 3/3 [13:31<00:00, 270.59s/it]
[36m(CodeTaskRunner pid=2186721)[0m step:3 - global_seqlen/min:72763.0 - global_seqlen/max:366663.0 - global_seqlen/minmax_diff:293900.0 - global_seqlen/balanced_min:160002.0 - global_seqlen/balanced_max:160179.0 - global_seqlen/mean:160085.75 - actor/entropy:0.9301953315734863 - actor/pg_clipfrac:0.0 - actor/ppo_kl:0.0 - actor/pg_clipfrac_lower:0.0 - actor/pg_loss:2.2351741790771484e-08 - actor/loss:2.2351741790771484e-08 - actor/grad_norm:0.2177734375 - actor/lr:2e-05 - actor/perf/max_memory_allocated_gb:34.61658716201782 - actor/perf/max_memory_reserved_gb:37.537109375 - actor/perf/cpu_memory_used_gb:287.52789306640625 - perf/mfu/actor:0.22251193579670836 - val-core/t15_repo_patch/reward/mean@1:np.float64(0.0) - val-aux/t15_repo_patch/patch_extraction_score/mean@1:np.float64(0.5) - val-aux/t15_repo_patch/patch_format_score/mean@1:np.float64(0.0) - val-aux/t15_repo_patch/patch_apply_score/mean@1:np.float64(0.0) - val-aux/t15_repo_patch/f2p_score/mean@1:np.float64(0.0) - val-aux/t15_repo_patch/f2p_frac/mean@1:np.float64(0.0) - val-aux/t15_repo_patch/p2p_preservation_score/mean@1:np.float64(1.0) - val-aux/t15_repo_patch/p2p_frac/mean@1:np.float64(1.0) - val-aux/t15_repo_patch/rubric_score/mean@1:np.float64(0.013888888888888888) - val-aux/t15_repo_patch/rule_correctness_score/mean@1:np.float64(0.0) - val-aux/t15_repo_patch/timeout_error_penalty/mean@1:np.float64(0.0) - val-aux/t15_repo_patch/length_component/mean@1:np.float64(0.0) - val-aux/t15_repo_patch/final_reward/mean@1:np.float64(0.0) - val-aux/t15_repo_patch/score_before_overlong/mean@1:np.float64(0.0) - val-aux/t15_repo_patch/answer_match/mean@1:np.float64(0.0) - val-aux/t15_repo_patch/infra_excluded/mean@1:np.float64(0.0) - val-aux/t15_repo_patch/gated_out/mean@1:np.float64(1.0) - val-aux/t15_repo_patch/n_f2p/mean@1:np.float64(0.0) - val-aux/t15_repo_patch/t_f2p/mean@1:np.float64(0.0) - val-aux/t15_repo_patch/n_p2p/mean@1:np.float64(0.0) - val-aux/t15_repo_patch/t_p2p/mean@1:np.float64(0.0) - val-aux/t15_repo_patch/touched_files/mean@1:np.float64(0.25) - val-aux/t15_repo_patch/score/mean@1:np.float64(0.0) - val-aux/t15_repo_patch/verify_runtime_s/mean@1:np.float64(0.0) - val-aux/t15_repo_patch/rusca_step/mean@1:np.float64(3.0) - val-core/t15_unittest_impl/reward/mean@1:np.float64(0.2428072104230523) - val-aux/t15_unittest_impl/patch_extraction_score/mean@1:np.float64(0.9375) - val-aux/t15_unittest_impl/patch_format_score/mean@1:np.float64(0.9375) - val-aux/t15_unittest_impl/patch_apply_score/mean@1:np.float64(0.9375) - val-aux/t15_unittest_impl/f2p_score/mean@1:np.float64(0.18592868010105068) - val-aux/t15_unittest_impl/f2p_frac/mean@1:np.float64(0.21453373015873015) - val-aux/t15_unittest_impl/p2p_preservation_score/mean@1:np.float64(1.0) - val-aux/t15_unittest_impl/p2p_frac/mean@1:np.float64(1.0) - val-aux/t15_unittest_impl/rubric_score/mean@1:np.float64(0.75) - val-aux/t15_unittest_impl/rule_correctness_score/mean@1:np.float64(0.125) - val-aux/t15_unittest_impl/timeout_error_penalty/mean@1:np.float64(0.0) - val-aux/t15_unittest_impl/length_component/mean@1:np.float64(0.0) - val-aux/t15_unittest_impl/final_reward/mean@1:np.float64(0.24280720806063044) - val-aux/t15_unittest_impl/score_before_overlong/mean@1:np.float64(0.24280720806063044) - val-aux/t15_unittest_impl/answer_match/mean@1:np.float64(0.125) - val-aux/t15_unittest_impl/infra_excluded/mean@1:np.float64(0.0) - val-aux/t15_unittest_impl/gated_out/mean@1:np.float64(0.0625) - val-aux/t15_unittest_impl/n_f2p/mean@1:np.float64(2.0) - val-aux/t15_unittest_impl/t_f2p/mean@1:np.float64(7.5625) - val-aux/t15_unittest_impl/n_p2p/mean@1:np.float64(0.0) - val-aux/t15_unittest_impl/t_p2p/mean@1:np.float64(0.0) - val-aux/t15_unittest_impl/touched_files/mean@1:np.float64(0.0) - val-aux/t15_unittest_impl/score/mean@1:np.float64(0.24280720806063044) - val-aux/t15_unittest_impl/verify_runtime_s/mean@1:np.float64(0.8150000000000001) - val-aux/t15_unittest_impl/rusca_step/mean@1:np.float64(3.0) - val-aux/num_turns/min:np.int64(2) - val-aux/num_turns/max:np.int64(2) - val-aux/num_turns/mean:np.float64(2.0) - training/global_step:3 - training/epoch:0 - critic/score/mean:0.14770901203155518 - critic/score/max:1.0 - critic/score/min:0.0 - critic/rewards/mean:0.14770901203155518 - critic/rewards/max:1.0 - critic/rewards/min:0.0 - critic/advantages/mean:-0.03148575872182846 - critic/advantages/max:1.499994158744812 - critic/advantages/min:-1.4999700784683228 - critic/returns/mean:-0.03148575872182846 - critic/returns/max:1.499994158744812 - critic/returns/min:-1.4999700784683228 - response_length/mean:465.734375 - response_length/max:2048.0 - response_length/min:42.0 - response_length/clip_ratio:0.015625 - response_length_non_aborted/mean:465.734375 - response_length_non_aborted/max:2048.0 - response_length_non_aborted/min:42.0 - response_length_non_aborted/clip_ratio:0.015625 - response/aborted_ratio:0.0 - prompt_length/mean:9539.625 - prompt_length/max:28342.0 - prompt_length/min:100.0 - prompt_length/clip_ratio:0.0625 - timing_s/gen:161.34957561299962 - timing_s/old_log_prob:6.114454698006739 - timing_s/adv:0.04072831499797758 - timing_s/update_actor:13.743908877004287 - timing_s/update_weights:35.30720995699812 - timing_s/step:216.57560921501135 - timing_s/testing:178.39733412700298 - timing_per_token_ms/adv:6.360390446678979e-05 - timing_per_token_ms/update_actor:0.021463354603711272 - timing_per_token_ms/gen:5.413143745194069 - perf/total_num_tokens:640343 - perf/time_per_step:216.57560921501135 - perf/throughput:739.1679542319583 - training/num_turns/mean:np.float64(2.0) - training/num_turns/max:np.int64(2) - training/num_turns/min:np.int64(2) - training/off_policy/trajectory_spans/mean:np.float64(1.0) - training/off_policy/trajectory_spans/max:np.int64(1) - training/off_policy/trajectory_spans/min:np.int64(1) - training/off_policy/trajectory_staleness/mean:np.float64(0.0) - training/off_policy/trajectory_staleness/max:np.int64(0) - training/off_policy/trajectory_staleness/min:np.int64(0) - training/off_policy/trajectory_staleness_worst/mean:np.float64(0.0) - training/off_policy/trajectory_staleness_worst/max:np.int64(0) - training/off_policy/trajectory_staleness_worst/min:np.int64(0)
[36m(CodeTaskRunner pid=2186721)[0m ("Final validation metrics: {'val-core/t15_repo_patch/reward/mean@1': "
[36m(CodeTaskRunner pid=2186721)[0m  "np.float64(0.0), 'val-aux/t15_repo_patch/patch_extraction_score/mean@1': "
[36m(CodeTaskRunner pid=2186721)[0m  "np.float64(0.5), 'val-aux/t15_repo_patch/patch_format_score/mean@1': "
[36m(CodeTaskRunner pid=2186721)[0m  "np.float64(0.0), 'val-aux/t15_repo_patch/patch_apply_score/mean@1': "
[36m(CodeTaskRunner pid=2186721)[0m  "np.float64(0.0), 'val-aux/t15_repo_patch/f2p_score/mean@1': np.float64(0.0), "
[36m(CodeTaskRunner pid=2186721)[0m  "'val-aux/t15_repo_patch/f2p_frac/mean@1': np.float64(0.0), "
[36m(CodeTaskRunner pid=2186721)[0m  "'val-aux/t15_repo_patch/p2p_preservation_score/mean@1': np.float64(1.0), "
[36m(CodeTaskRunner pid=2186721)[0m  "'val-aux/t15_repo_patch/p2p_frac/mean@1': np.float64(1.0), "
[36m(CodeTaskRunner pid=2186721)[0m  "'val-aux/t15_repo_patch/rubric_score/mean@1': "
[36m(CodeTaskRunner pid=2186721)[0m  'np.float64(0.013888888888888888), '
[36m(CodeTaskRunner pid=2186721)[0m  "'val-aux/t15_repo_patch/rule_correctness_score/mean@1': np.float64(0.0), "
[36m(CodeTaskRunner pid=2186721)[0m  "'val-aux/t15_repo_patch/timeout_error_penalty/mean@1': np.float64(0.0), "
[36m(CodeTaskRunner pid=2186721)[0m  "'val-aux/t15_repo_patch/length_component/mean@1': np.float64(0.0), "
[36m(CodeTaskRunner pid=2186721)[0m  "'val-aux/t15_repo_patch/final_reward/mean@1': np.float64(0.0), "
[36m(CodeTaskRunner pid=2186721)[0m  "'val-aux/t15_repo_patch/score_before_overlong/mean@1': np.float64(0.0), "
[36m(CodeTaskRunner pid=2186721)[0m  "'val-aux/t15_repo_patch/answer_match/mean@1': np.float64(0.0), "
[36m(CodeTaskRunner pid=2186721)[0m  "'val-aux/t15_repo_patch/infra_excluded/mean@1': np.float64(0.0), "
[36m(CodeTaskRunner pid=2186721)[0m  "'val-aux/t15_repo_patch/gated_out/mean@1': np.float64(1.0), "
[36m(CodeTaskRunner pid=2186721)[0m  "'val-aux/t15_repo_patch/n_f2p/mean@1': np.float64(0.0), "[36m(SimpleStorageUnit pid=2187291)[0m Per-operation statistics: GET_DATA: req_count=19, req/min=2.55, avg_time=0.002743s, max_time=0.003205s, min_time=0.002150s; PUT_DATA: req_count=21, req/min=2.81, avg_time=0.002195s, max_time=0.003271s, min_time=0.001595s; CLEAR_DATA: req_count=3, req/min=0.40, avg_time=0.002428s, max_time=0.002795s, min_time=0.002105s[32m [repeated 3x across cluster][0m
[36m(SimpleStorageUnit pid=2187291)[0m 2026-09-02 17:03:51,767 - INFO - transfer_queue.utils.perf_utils - TQ_STORAGE_UNIT_a199a708: [Performance] Total success requests: 43, Total req/min: 5.76, Total avg process time: 0.0025s; [32m [repeated 2x across cluster][0m
[36m(SimpleStorageUnit pid=2187291)[0m Time range: last 7.46 minutes; [32m [repeated 2x across cluster][0m

[36m(CodeTaskRunner pid=2186721)[0m  "'val-aux/t15_repo_patch/t_f2p/mean@1': np.float64(0.0), "
[36m(CodeTaskRunner pid=2186721)[0m  "'val-aux/t15_repo_patch/n_p2p/mean@1': np.float64(0.0), "
[36m(CodeTaskRunner pid=2186721)[0m  "'val-aux/t15_repo_patch/t_p2p/mean@1': np.float64(0.0), "
[36m(CodeTaskRunner pid=2186721)[0m  "'val-aux/t15_repo_patch/touched_files/mean@1': np.float64(0.25), "
[36m(CodeTaskRunner pid=2186721)[0m  "'val-aux/t15_repo_patch/score/mean@1': np.float64(0.0), "
[36m(CodeTaskRunner pid=2186721)[0m  "'val-aux/t15_repo_patch/verify_runtime_s/mean@1': np.float64(0.0), "
[36m(CodeTaskRunner pid=2186721)[0m  "'val-aux/t15_repo_patch/rusca_step/mean@1': np.float64(3.0), "
[36m(CodeTaskRunner pid=2186721)[0m  "'val-core/t15_unittest_impl/reward/mean@1': np.float64(0.2428072104230523), "
[36m(CodeTaskRunner pid=2186721)[0m  "'val-aux/t15_unittest_impl/patch_extraction_score/mean@1': "
[36m(CodeTaskRunner pid=2186721)[0m  "np.float64(0.9375), 'val-aux/t15_unittest_impl/patch_format_score/mean@1': "
[36m(CodeTaskRunner pid=2186721)[0m  "np.float64(0.9375), 'val-aux/t15_unittest_impl/patch_apply_score/mean@1': "
[36m(CodeTaskRunner pid=2186721)[0m  "np.float64(0.9375), 'val-aux/t15_unittest_impl/f2p_score/mean@1': "
[36m(CodeTaskRunner pid=2186721)[0m  'np.float64(0.18592868010105068), '
[36m(CodeTaskRunner pid=2186721)[0m  "'val-aux/t15_unittest_impl/f2p_frac/mean@1': "
[36m(CodeTaskRunner pid=2186721)[0m  'np.float64(0.21453373015873015), '
[36m(CodeTaskRunner pid=2186721)[0m  "'val-aux/t15_unittest_impl/p2p_preservation_score/mean@1': np.float64(1.0), "
[36m(CodeTaskRunner pid=2186721)[0m  "'val-aux/t15_unittest_impl/p2p_frac/mean@1': np.float64(1.0), "
[36m(CodeTaskRunner pid=2186721)[0m  "'val-aux/t15_unittest_impl/rubric_score/mean@1': np.float64(0.75), "
[36m(CodeTaskRunner pid=2186721)[0m  "'val-aux/t15_unittest_impl/rule_correctness_score/mean@1': "
[36m(CodeTaskRunner pid=2186721)[0m  "np.float64(0.125), 'val-aux/t15_unittest_impl/timeout_error_penalty/mean@1': "
[36m(CodeTaskRunner pid=2186721)[0m  "np.float64(0.0), 'val-aux/t15_unittest_impl/length_component/mean@1': "
[36m(CodeTaskRunner pid=2186721)[0m  "np.float64(0.0), 'val-aux/t15_unittest_impl/final_reward/mean@1': "
[36m(CodeTaskRunner pid=2186721)[0m  'np.float64(0.24280720806063044), '
[36m(CodeTaskRunner pid=2186721)[0m  "'val-aux/t15_unittest_impl/score_before_overlong/mean@1': "
[36m(CodeTaskRunner pid=2186721)[0m  'np.float64(0.24280720806063044), '
[36m(CodeTaskRunner pid=2186721)[0m  "'val-aux/t15_unittest_impl/answer_match/mean@1': np.float64(0.125), "
[36m(CodeTaskRunner pid=2186721)[0m  "'val-aux/t15_unittest_impl/infra_excluded/mean@1': np.float64(0.0), "
[36m(CodeTaskRunner pid=2186721)[0m  "'val-aux/t15_unittest_impl/gated_out/mean@1': np.float64(0.0625), "
[36m(CodeTaskRunner pid=2186721)[0m  "'val-aux/t15_unittest_impl/n_f2p/mean@1': np.float64(2.0), "
[36m(CodeTaskRunner pid=2186721)[0m  "'val-aux/t15_unittest_impl/t_f2p/mean@1': np.float64(7.5625), "
[36m(CodeTaskRunner pid=2186721)[0m  "'val-aux/t15_unittest_impl/n_p2p/mean@1': np.float64(0.0), "
[36m(CodeTaskRunner pid=2186721)[0m  "'val-aux/t15_unittest_impl/t_p2p/mean@1': np.float64(0.0), "
[36m(CodeTaskRunner pid=2186721)[0m  "'val-aux/t15_unittest_impl/touched_files/mean@1': np.float64(0.0), "
[36m(CodeTaskRunner pid=2186721)[0m  "'val-aux/t15_unittest_impl/score/mean@1': np.float64(0.24280720806063044), "
[36m(CodeTaskRunner pid=2186721)[0m  "'val-aux/t15_unittest_impl/verify_runtime_s/mean@1': "
[36m(CodeTaskRunner pid=2186721)[0m  'np.float64(0.8150000000000001), '
[36m(CodeTaskRunner pid=2186721)[0m  "'val-aux/t15_unittest_impl/rusca_step/mean@1': np.float64(3.0), "
[36m(CodeTaskRunner pid=2186721)[0m  "'val-aux/num_turns/min': np.int64(2), 'val-aux/num_turns/max': np.int64(2), "
[36m(CodeTaskRunner pid=2186721)[0m  "'val-aux/num_turns/mean': np.float64(2.0)}")
