== 2026-09-05T20:41:16+09:00
Mem:            1007          83         926          43          45         924
    PID   RSS COMMAND
1317539 4835204 VLLM::Worker_TP
1317538 4829196 VLLM::Worker_TP
1280658 1236500 vllm
1317375 968788 VLLM::EngineCor
 588079 578236 sssd_be
 588080 367360 sssd_nss
1338534 306984 litellm
   2143 99376 systemd-journal
  84732 64272 dcgm-exporter
 661917 60520 nv-hostengine
1280652 30112 slurmstepd
1280479 30104 slurmstepd
 624994 29388 slurmstepd
== 2026-09-05T20:41:36+09:00
Mem:            1007          84         925          43          45         923
    PID   RSS COMMAND
1317539 4834436 VLLM::Worker_TP
1317538 4826892 VLLM::Worker_TP
1280658 1234196 vllm
1317375 968788 VLLM::EngineCor
 628216 774416 python
 588079 578236 sssd_be
 588080 367360 sssd_nss
1338534 306984 litellm
   2143 99376 systemd-journal
  84732 64272 dcgm-exporter
 661917 60520 nv-hostengine
1280652 30112 slurmstepd
1280479 30104 slurmstepd
== 2026-09-05T20:41:56+09:00
Mem:            1007          84         925          43          45         923
    PID   RSS COMMAND
1317539 4834436 VLLM::Worker_TP
1317538 4826892 VLLM::Worker_TP
1280658 1234196 vllm
1317375 968788 VLLM::EngineCor
 628216 845876 python
 588079 578236 sssd_be
 588080 367360 sssd_nss
1338534 306984 litellm
   2143 99376 systemd-journal
  84732 64272 dcgm-exporter
 661917 60520 nv-hostengine
1280652 30112 slurmstepd
1280479 30104 slurmstepd
== 2026-09-05T20:42:16+09:00
Mem:            1007          85         923          43          45         921
    PID   RSS COMMAND
1317539 4834436 VLLM::Worker_TP
1317538 4826892 VLLM::Worker_TP
1280658 1234196 vllm
1317375 968788 VLLM::EngineCor
 628797 908644 gcs_server
 628216 902640 python
 588079 578236 sssd_be
 588080 367360 sssd_nss
1338534 306984 litellm
 628967 216704 python
 628966 205428 python
   2143 99376 systemd-journal
 629034 70764 python
== 2026-09-05T20:42:37+09:00
Mem:            1007          94         915          43          45         913
    PID   RSS COMMAND
1317539 4834436 VLLM::Worker_TP
1317538 4826892 VLLM::Worker_TP
1280658 1234196 vllm
 628797 1005716 gcs_server
1317375 968788 VLLM::EngineCor
 628216 913492 python
 634980 801296 ray::TaskRunner
 588079 578236 sssd_be
 629483 453584 raylet
 635460 426328 ray::IDLE
 588080 367360 sssd_nss
 629036 328648 ray-dashboard-R
 628967 315240 python
== 2026-09-05T20:42:57+09:00
Mem:            1007          98         911          43          45         909
    PID   RSS COMMAND
1317539 4834436 VLLM::Worker_TP
1317538 4826892 VLLM::Worker_TP
1280658 1234196 vllm
 636189 1153496 ray::TaskRunner
 634980 1038412 ray::TaskRunner
 628797 1008508 gcs_server
1317375 968788 VLLM::EngineCor
 628216 913492 python
 636193 778204 ray::TaskRunner
 635460 604968 ray::TransferQu
 635541 602500 ray::SimpleStor
 635538 601828 ray::SimpleStor
 635545 600232 ray::SimpleStor
== 2026-09-05T20:43:17+09:00
Mem:            1007          98         911          43          45         909
    PID   RSS COMMAND
1317539 4834436 VLLM::Worker_TP
1317538 4826892 VLLM::Worker_TP
1280658 1234196 vllm
 636189 1150012 ray::TaskRunner
 634980 1038412 ray::TaskRunner
 628797 1008508 gcs_server
1317375 968788 VLLM::EngineCor
 628216 913492 python
 636193 778204 ray::TaskRunner
 635460 604968 ray::TransferQu
 635541 602500 ray::SimpleStor
 635538 601828 ray::SimpleStor
 635545 600232 ray::SimpleStor
== 2026-09-05T20:43:37+09:00
Mem:            1007          97         911          43          45         909
    PID   RSS COMMAND
1317539 4834436 VLLM::Worker_TP
1317538 4826892 VLLM::Worker_TP
1280658 1234196 vllm
 634980 1044964 ray::TaskRunner
 628797 1012164 gcs_server
1317375 968788 VLLM::EngineCor
 628216 913492 python
 637173 847696 ray::TaskRunner
 637177 834028 ray::TaskRunner
 635460 604968 ray::TransferQu
 635541 602500 ray::SimpleStor
 635538 601828 ray::SimpleStor
 635545 600232 ray::SimpleStor
== 2026-09-05T20:43:57+09:00
Mem:            1007          99         910          43          45         908
    PID   RSS COMMAND
1317539 4834436 VLLM::Worker_TP
1317538 4826892 VLLM::Worker_TP
1280658 1234196 vllm
 634980 1049572 ray::TaskRunner
 628797 1013596 gcs_server
1317375 968788 VLLM::EngineCor
 628216 913492 python
 637395 703852 ray::IDLE
 637394 702232 ray::IDLE
 637393 701976 ray::IDLE
 637392 701396 ray::IDLE
 635460 604968 ray::TransferQu
 635541 602500 ray::SimpleStor
== 2026-09-05T20:44:17+09:00
Mem:            1007         101         908          43          45         906
    PID   RSS COMMAND
1317539 4834436 VLLM::Worker_TP
1317538 4826892 VLLM::Worker_TP
 637395 1305612 ray::WorkerDict
 637392 1305220 ray::WorkerDict
 637394 1302780 ray::WorkerDict
 637393 1300972 ray::WorkerDict
1280658 1234196 vllm
 634980 1049572 ray::TaskRunner
 628797 1013564 gcs_server
1317375 968788 VLLM::EngineCor
 628216 913492 python
 635460 604968 ray::TransferQu
 635541 602500 ray::SimpleStor
== 2026-09-05T20:44:37+09:00
Mem:            1007         102         906          43          46         904
    PID   RSS COMMAND
1317539 4834436 VLLM::Worker_TP
1317538 4826892 VLLM::Worker_TP
 637392 1933544 ray::WorkerDict
 637395 1932364 ray::WorkerDict
 637394 1932316 ray::WorkerDict
 637393 1930084 ray::WorkerDict
1280658 1234196 vllm
 634980 1049572 ray::TaskRunner
 628797 1016728 gcs_server
1317375 968788 VLLM::EngineCor
 628216 913492 python
 635460 604968 ray::TransferQu
 635541 602500 ray::SimpleStor
== 2026-09-05T20:44:57+09:00
Mem:            1007         104         904          43          46         902
    PID   RSS COMMAND
1317539 4834436 VLLM::Worker_TP
1317538 4826892 VLLM::Worker_TP
 637394 2922444 ray::WorkerDict
 637392 2922264 ray::WorkerDict
 637395 2918180 ray::WorkerDict
 637393 2917872 ray::WorkerDict
1280658 1234196 vllm
 634980 1049572 ray::TaskRunner
 628797 1018092 gcs_server
1317375 968788 VLLM::EngineCor
 628216 913492 python
 635460 604968 ray::TransferQu
 635541 602500 ray::SimpleStor
== 2026-09-05T20:45:17+09:00
Mem:            1007         103         905          43          46         904
    PID   RSS COMMAND
1317539 4834436 VLLM::Worker_TP
1317538 4826892 VLLM::Worker_TP
 637392 3735100 ray::WorkerDict
 637394 2555684 ray::WorkerDict
 637395 2554524 ray::WorkerDict
 637393 2548696 ray::WorkerDict
1280658 1234196 vllm
 634980 1049572 ray::TaskRunner
 628797 1019628 gcs_server
1317375 968788 VLLM::EngineCor
 628216 913492 python
 635460 604968 ray::TransferQu
 635541 602500 ray::SimpleStor
== 2026-09-05T20:45:37+09:00
Mem:            1007         104         904          43          47         903
    PID   RSS COMMAND
1317539 4834436 VLLM::Worker_TP
1317538 4826892 VLLM::Worker_TP
 637392 4382544 ray::WorkerDict
 637394 3202464 ray::WorkerDict
 637395 3201472 ray::WorkerDict
 637393 3194920 ray::WorkerDict
1280658 1234196 vllm
 634980 1049572 ray::TaskRunner
 628797 1020396 gcs_server
1317375 968788 VLLM::EngineCor
 628216 913492 python
 635460 604968 ray::TransferQu
 635541 602500 ray::SimpleStor
== 2026-09-05T20:45:57+09:00
Mem:            1007         106         901          43          47         901
    PID   RSS COMMAND
 637392 5304052 ray::WorkerDict
1317539 4834436 VLLM::Worker_TP
1317538 4826892 VLLM::Worker_TP
 637395 4123612 ray::WorkerDict
 637394 4123304 ray::WorkerDict
 637393 4115760 ray::WorkerDict
1280658 1234196 vllm
 634980 1049572 ray::TaskRunner
 628797 1021164 gcs_server
1317375 968788 VLLM::EngineCor
 628216 913492 python
 635460 604968 ray::TransferQu
 635541 602500 ray::SimpleStor
== 2026-09-05T20:46:17+09:00
Mem:            1007         104         902          43          48         902
    PID   RSS COMMAND
 637392 6256724 ray::WorkerDict
1317539 4834436 VLLM::Worker_TP
1317538 4826892 VLLM::Worker_TP
 637394 3897496 ray::WorkerDict
 637395 3897248 ray::WorkerDict
 637393 3890040 ray::WorkerDict
1280658 1234196 vllm
 634980 1049572 ray::TaskRunner
 628797 1022296 gcs_server
1317375 968788 VLLM::EngineCor
 628216 913492 python
 635460 604968 ray::TransferQu
 635541 602500 ray::SimpleStor
== 2026-09-05T20:46:37+09:00
Mem:            1007         106         900          43          48         901
    PID   RSS COMMAND
 637392 7008508 ray::WorkerDict
1317539 4834436 VLLM::Worker_TP
1317538 4826892 VLLM::Worker_TP
 637395 4648488 ray::WorkerDict
 637394 4647980 ray::WorkerDict
 637393 4641720 ray::WorkerDict
1280658 1234196 vllm
 634980 1049572 ray::TaskRunner
 628797 1022296 gcs_server
1317375 968788 VLLM::EngineCor
 628216 913492 python
 635460 604968 ray::TransferQu
 635541 602500 ray::SimpleStor
== 2026-09-05T20:46:57+09:00
Mem:            1007         107         898          43          48         899
    PID   RSS COMMAND
 637392 7810648 ray::WorkerDict
 637395 5450800 ray::WorkerDict
 637394 5449528 ray::WorkerDict
 637393 5444924 ray::WorkerDict
1317539 4834436 VLLM::Worker_TP
1317538 4826892 VLLM::Worker_TP
1280658 1234196 vllm
 634980 1049572 ray::TaskRunner
 628797 1025996 gcs_server
1317375 968788 VLLM::EngineCor
 628216 913492 python
 635460 604968 ray::TransferQu
 635541 602500 ray::SimpleStor
== 2026-09-05T20:47:17+09:00
Mem:            1007         105         900          43          49         901
    PID   RSS COMMAND
 637392 8523584 ray::WorkerDict
 637395 4984668 ray::WorkerDict
 637394 4982508 ray::WorkerDict
 637393 4978120 ray::WorkerDict
1317539 4834436 VLLM::Worker_TP
1317538 4826892 VLLM::Worker_TP
1280658 1234196 vllm
 634980 1049572 ray::TaskRunner
 628797 1025796 gcs_server
1317375 968788 VLLM::EngineCor
 628216 913492 python
 635460 604968 ray::TransferQu
 635541 602500 ray::SimpleStor
== 2026-09-05T20:47:37+09:00
Mem:            1007         106         899          43          49         900
    PID   RSS COMMAND
 637392 8965184 ray::WorkerDict
 637395 5426888 ray::WorkerDict
 637394 5423596 ray::WorkerDict
 637393 5420488 ray::WorkerDict
1317539 4834436 VLLM::Worker_TP
1317538 4826892 VLLM::Worker_TP
1280658 1234196 vllm
 634980 1049572 ray::TaskRunner
 628797 1024140 gcs_server
1317375 968788 VLLM::EngineCor
 628216 913492 python
 635460 604968 ray::TransferQu
 635541 602500 ray::SimpleStor
== 2026-09-05T20:47:57+09:00
Mem:            1007         107         898          43          49         899
    PID   RSS COMMAND
 637392 9419852 ray::WorkerDict
 637395 5882380 ray::WorkerDict
 637394 5879856 ray::WorkerDict
 637393 5875212 ray::WorkerDict
1317539 4834436 VLLM::Worker_TP
1317538 4826892 VLLM::Worker_TP
1280658 1234196 vllm
 634980 1049572 ray::TaskRunner
 628797 1022944 gcs_server
1317375 968788 VLLM::EngineCor
 628216 913492 python
 635460 604968 ray::TransferQu
 635541 602500 ray::SimpleStor
== 2026-09-05T20:48:17+09:00
Mem:            1007         108         896          43          49         898
    PID   RSS COMMAND
 637392 10029460 ray::WorkerDict
 637395 6491668 ray::WorkerDict
 637394 6488676 ray::WorkerDict
 637393 6483944 ray::WorkerDict
1317539 4834436 VLLM::Worker_TP
1317538 4826892 VLLM::Worker_TP
1280658 1234196 vllm
 634980 1049572 ray::TaskRunner
 628797 1024348 gcs_server
1317375 968788 VLLM::EngineCor
 628216 913492 python
 635460 604968 ray::TransferQu
 635541 602500 ray::SimpleStor
== 2026-09-05T20:48:37+09:00
Mem:            1007         106         898          43          50         900
    PID   RSS COMMAND
 637392 10612112 ray::WorkerDict
 637395 5897160 ray::WorkerDict
 637394 5894036 ray::WorkerDict
 637393 5888928 ray::WorkerDict
1317539 4834436 VLLM::Worker_TP
1317538 4826892 VLLM::Worker_TP
1280658 1234196 vllm
 634980 1049572 ray::TaskRunner
 628797 1024260 gcs_server
1317375 968788 VLLM::EngineCor
 628216 913492 python
 635460 604968 ray::TransferQu
 635541 602500 ray::SimpleStor
== 2026-09-05T20:48:57+09:00
Mem:            1007         107         897          43          50         900
    PID   RSS COMMAND
 637392 11062416 ray::WorkerDict
 637395 6347464 ray::WorkerDict
 637394 6344340 ray::WorkerDict
 637393 6340000 ray::WorkerDict
1317539 4834436 VLLM::Worker_TP
1317538 4826892 VLLM::Worker_TP
1280658 1234196 vllm
 634980 1049572 ray::TaskRunner
 628797 1024260 gcs_server
1317375 968788 VLLM::EngineCor
 628216 913492 python
 635460 604968 ray::TransferQu
 635541 602500 ray::SimpleStor
== 2026-09-05T20:49:17+09:00
Mem:            1007         108         896          43          50         899
    PID   RSS COMMAND
 637392 11459228 ray::WorkerDict
 637395 6744884 ray::WorkerDict
 637394 6741208 ray::WorkerDict
 637393 6737480 ray::WorkerDict
1317539 4834436 VLLM::Worker_TP
1317538 4826892 VLLM::Worker_TP
1280658 1234196 vllm
 634980 1049572 ray::TaskRunner
 628797 1024260 gcs_server
1317375 968788 VLLM::EngineCor
 628216 913492 python
 635460 604968 ray::TransferQu
 635541 602500 ray::SimpleStor
== 2026-09-05T20:49:37+09:00
Mem:            1007         109         895          43          50         898
    PID   RSS COMMAND
 637392 11957148 ray::WorkerDict
 637395 7240784 ray::WorkerDict
 637394 7237080 ray::WorkerDict
 637393 7233472 ray::WorkerDict
1317539 4834436 VLLM::Worker_TP
1317538 4826892 VLLM::Worker_TP
1280658 1234196 vllm
 634980 1049572 ray::TaskRunner
 628797 1023064 gcs_server
1317375 968788 VLLM::EngineCor
 628216 913492 python
 635460 604968 ray::TransferQu
 635541 602500 ray::SimpleStor
== 2026-09-05T20:49:57+09:00
Mem:            1007         110         894          43          51         897
    PID   RSS COMMAND
 637392 12487008 ray::WorkerDict
 637395 7769176 ray::WorkerDict
 637394 7766240 ray::WorkerDict
 637393 7762288 ray::WorkerDict
1317539 4834436 VLLM::Worker_TP
1317538 4826892 VLLM::Worker_TP
1280658 1234196 vllm
 634980 1049572 ray::TaskRunner
 628797 1023812 gcs_server
1317375 968788 VLLM::EngineCor
 628216 913492 python
 635460 604968 ray::TransferQu
 635541 602500 ray::SimpleStor
== 2026-09-05T20:50:17+09:00
Mem:            1007         110         893          43          51         896
    PID   RSS COMMAND
 637392 12823116 ray::WorkerDict
 637395 8104536 ray::WorkerDict
 637394 8100832 ray::WorkerDict
 637393 8097648 ray::WorkerDict
1317539 4834436 VLLM::Worker_TP
1317538 4829196 VLLM::Worker_TP
1280658 1234196 vllm
 634980 1049572 ray::TaskRunner
 628797 1024580 gcs_server
1317375 968788 VLLM::EngineCor
 628216 913492 python
 635460 604968 ray::TransferQu
 635541 602500 ray::SimpleStor
== 2026-09-05T20:50:37+09:00
Mem:            1007         108         895          43          51         899
    PID   RSS COMMAND
 637392 13279120 ray::WorkerDict
 637395 7382288 ray::WorkerDict
 637394 7379348 ray::WorkerDict
 637393 7375400 ray::WorkerDict
1317539 4834436 VLLM::Worker_TP
1317538 4829196 VLLM::Worker_TP
1280658 1234196 vllm
 634980 1049572 ray::TaskRunner
 628797 1023732 gcs_server
1317375 968788 VLLM::EngineCor
 628216 913492 python
 635460 604968 ray::TransferQu
 635541 602500 ray::SimpleStor
== 2026-09-05T20:50:57+09:00
Mem:            1007         109         894          43          51         898
    PID   RSS COMMAND
 637392 13681064 ray::WorkerDict
 637395 7783900 ray::WorkerDict
 637394 7781668 ray::WorkerDict
 637393 7778100 ray::WorkerDict
1317539 4834436 VLLM::Worker_TP
1317538 4829196 VLLM::Worker_TP
1280658 1234196 vllm
 634980 1049572 ray::TaskRunner
 628797 1022716 gcs_server
1317375 968788 VLLM::EngineCor
 628216 913492 python
 635460 604968 ray::TransferQu
 635541 602500 ray::SimpleStor
== 2026-09-05T20:51:17+09:00
Mem:            1007         110         893          43          51         897
    PID   RSS COMMAND
 637392 14158132 ray::WorkerDict
 637395 8260304 ray::WorkerDict
 637394 8257856 ray::WorkerDict
 637393 8253552 ray::WorkerDict
1317539 4834436 VLLM::Worker_TP
1317538 4829196 VLLM::Worker_TP
1280658 1234196 vllm
 634980 1049572 ray::TaskRunner
 628797 1022468 gcs_server
1317375 968788 VLLM::EngineCor
 628216 913492 python
 635460 604968 ray::TransferQu
 635541 602500 ray::SimpleStor
== 2026-09-05T20:51:37+09:00
Mem:            1007         111         892          43          52         896
    PID   RSS COMMAND
 637392 14817724 ray::WorkerDict
 637395 8921560 ray::WorkerDict
 637394 8919284 ray::WorkerDict
 637393 8915588 ray::WorkerDict
1317539 4834436 VLLM::Worker_TP
1317538 4829196 VLLM::Worker_TP
1280658 1234196 vllm
 634980 1049572 ray::TaskRunner
 628797 1024004 gcs_server
1317375 968788 VLLM::EngineCor
 628216 913492 python
 635460 604968 ray::TransferQu
 635541 602500 ray::SimpleStor
== 2026-09-05T20:51:57+09:00
Mem:            1007         109         893          43          52         898
    PID   RSS COMMAND
 637392 15501580 ray::WorkerDict
 637395 8426368 ray::WorkerDict
 637394 8423340 ray::WorkerDict
 637393 8418872 ray::WorkerDict
1317539 4834436 VLLM::Worker_TP
1317538 4829196 VLLM::Worker_TP
1280658 1234196 vllm
 634980 1049572 ray::TaskRunner
 628797 1023964 gcs_server
1317375 968788 VLLM::EngineCor
 628216 913492 python
 635460 604968 ray::TransferQu
 635541 602500 ray::SimpleStor
== 2026-09-05T20:52:17+09:00
Mem:            1007         110         892          43          52         896
    PID   RSS COMMAND
 637392 16103704 ray::WorkerDict
 637395 9027848 ray::WorkerDict
 637394 9024684 ray::WorkerDict
 637393 9021768 ray::WorkerDict
1317539 4834436 VLLM::Worker_TP
1317538 4829196 VLLM::Worker_TP
1280658 1234196 vllm
 634980 1049572 ray::TaskRunner
 628797 1024664 gcs_server
1317375 968788 VLLM::EngineCor
 628216 913492 python
 635460 604968 ray::TransferQu
 635541 602500 ray::SimpleStor
== 2026-09-05T20:52:37+09:00
Mem:            1007         112         890          43          53         895
    PID   RSS COMMAND
 637392 16864692 ray::WorkerDict
 637395 9786188 ray::WorkerDict
 637394 9783792 ray::WorkerDict
 637393 9781644 ray::WorkerDict
1317539 4834436 VLLM::Worker_TP
1317538 4829196 VLLM::Worker_TP
1280658 1234196 vllm
 634980 1049572 ray::TaskRunner
 628797 1024652 gcs_server
1317375 968788 VLLM::EngineCor
 628216 913492 python
 635460 604968 ray::TransferQu
 635541 602500 ray::SimpleStor
== 2026-09-05T20:52:58+09:00
Mem:            1007         110         891          43          53         897
    PID   RSS COMMAND
 637392 17704632 ray::WorkerDict
 637395 9448456 ray::WorkerDict
 637394 9445292 ray::WorkerDict
 637393 9443144 ray::WorkerDict
1317539 4834436 VLLM::Worker_TP
1317538 4829196 VLLM::Worker_TP
1280658 1234196 vllm
 634980 1049572 ray::TaskRunner
 628797 1024460 gcs_server
1317375 968788 VLLM::EngineCor
 628216 913492 python
 635460 604968 ray::TransferQu
 635541 602500 ray::SimpleStor
== 2026-09-05T20:53:18+09:00
Mem:            1007         111         890          43          53         896
    PID   RSS COMMAND
 637392 18266196 ray::WorkerDict
 637395 10005912 ray::WorkerDict
 637394 10004140 ray::WorkerDict
 637393 10000456 ray::WorkerDict
1317539 4834436 VLLM::Worker_TP
1317538 4829196 VLLM::Worker_TP
1280658 1234196 vllm
 634980 1049572 ray::TaskRunner
 628797 1022704 gcs_server
1317375 968788 VLLM::EngineCor
 628216 913492 python
 635460 604968 ray::TransferQu
 635541 602500 ray::SimpleStor
== 2026-09-05T20:53:38+09:00
Mem:            1007         112         888          43          54         894
    PID   RSS COMMAND
 637392 19037548 ray::WorkerDict
 637395 10780124 ray::WorkerDict
 637394 10777920 ray::WorkerDict
 637393 10775944 ray::WorkerDict
1317539 4834436 VLLM::Worker_TP
1317538 4829196 VLLM::Worker_TP
1280658 1234196 vllm
 634980 1049572 ray::TaskRunner
 628797 1022600 gcs_server
1317375 968788 VLLM::EngineCor
 628216 913492 python
 635460 604968 ray::TransferQu
 635541 602500 ray::SimpleStor
== 2026-09-05T20:53:58+09:00
Mem:            1007         114         886          43          54         893
    PID   RSS COMMAND
 637392 19863672 ray::WorkerDict
 637395 11607012 ray::WorkerDict
 637394 11604040 ray::WorkerDict
 637393 11602832 ray::WorkerDict
1317539 4834436 VLLM::Worker_TP
1317538 4829196 VLLM::Worker_TP
1280658 1234196 vllm
 634980 1049572 ray::TaskRunner
 628797 1022596 gcs_server
1317375 968788 VLLM::EngineCor
 628216 913492 python
 635460 604968 ray::TransferQu
 635541 602500 ray::SimpleStor
== 2026-09-05T20:54:18+09:00
Mem:            1007         112         888          43          54         895
    PID   RSS COMMAND
 637392 20509808 ray::WorkerDict
 637395 11073432 ray::WorkerDict
 637394 11071228 ray::WorkerDict
 637393 11070020 ray::WorkerDict
1317539 4834436 VLLM::Worker_TP
1317538 4829196 VLLM::Worker_TP
1280658 1234196 vllm
 634980 1049572 ray::TaskRunner
 628797 1023728 gcs_server
1317375 968788 VLLM::EngineCor
 628216 913492 python
 635460 604968 ray::TransferQu
 635541 602500 ray::SimpleStor
== 2026-09-05T20:54:38+09:00
Mem:            1007         113         886          43          55         893
    PID   RSS COMMAND
 637392 21201532 ray::WorkerDict
 637395 11765980 ray::WorkerDict
 637394 11764520 ray::WorkerDict
 637393 11762716 ray::WorkerDict
1317539 4834436 VLLM::Worker_TP
1317538 4829196 VLLM::Worker_TP
1280658 1234196 vllm
 634980 1049572 ray::TaskRunner
 628797 1021240 gcs_server
1317375 968788 VLLM::EngineCor
 628216 913492 python
 635460 604968 ray::TransferQu
 635541 602500 ray::SimpleStor
== 2026-09-05T20:54:58+09:00
Mem:            1007         115         884          43          55         892
    PID   RSS COMMAND
 637392 22019756 ray::WorkerDict
 637394 12583440 ray::WorkerDict
 637395 12583396 ray::WorkerDict
 637393 12580900 ray::WorkerDict
1317539 4834436 VLLM::Worker_TP
1317538 4829196 VLLM::Worker_TP
1280658 1234196 vllm
 634980 1049572 ray::TaskRunner
 628797 1021240 gcs_server
1317375 968788 VLLM::EngineCor
 628216 913492 python
 635460 604968 ray::TransferQu
 635541 602500 ray::SimpleStor
== 2026-09-05T20:55:18+09:00
Mem:            1007         113         886          43          55         894
    PID   RSS COMMAND
 637392 22731684 ray::WorkerDict
 637395 12113560 ray::WorkerDict
 637394 12113064 ray::WorkerDict
 637393 12111608 ray::WorkerDict
1317539 4834436 VLLM::Worker_TP
1317538 4829196 VLLM::Worker_TP
1280658 1234196 vllm
 634980 1049572 ray::TaskRunner
 628797 1021868 gcs_server
1317375 968788 VLLM::EngineCor
 628216 913492 python
 635460 604968 ray::TransferQu
 635541 602500 ray::SimpleStor
== 2026-09-05T20:55:38+09:00
Mem:            1007         114         884          43          56         892
    PID   RSS COMMAND
 637392 23529648 ray::WorkerDict
 637394 12914628 ray::WorkerDict
 637395 12914396 ray::WorkerDict
 637393 12912444 ray::WorkerDict
1317539 4834436 VLLM::Worker_TP
1317538 4829196 VLLM::Worker_TP
1280658 1234196 vllm
 634980 1049572 ray::TaskRunner
 628797 1021868 gcs_server
1317375 968788 VLLM::EngineCor
 628216 913492 python
 635460 604968 ray::TransferQu
 635541 602500 ray::SimpleStor
== 2026-09-05T20:55:58+09:00
Mem:            1007         116         882          43          56         890
    PID   RSS COMMAND
 637392 24401352 ray::WorkerDict
 637394 13787084 ray::WorkerDict
 637395 13786852 ray::WorkerDict
 637393 13784132 ray::WorkerDict
1317539 4834436 VLLM::Worker_TP
1317538 4829196 VLLM::Worker_TP
1280658 1234196 vllm
 634980 1049572 ray::TaskRunner
 628797 1020656 gcs_server
1317375 968788 VLLM::EngineCor
 628216 913492 python
 635460 604968 ray::TransferQu
 635541 602500 ray::SimpleStor
== 2026-09-05T20:56:18+09:00
Mem:            1007         114         883          43          57         892
    PID   RSS COMMAND
 637392 25232732 ray::WorkerDict
 637394 13437824 ray::WorkerDict
 637395 13437592 ray::WorkerDict
 637393 13434872 ray::WorkerDict
1317539 4834436 VLLM::Worker_TP
1317538 4829196 VLLM::Worker_TP
1280658 1234196 vllm
 634980 1049572 ray::TaskRunner
 628797 1021424 gcs_server
1317375 968788 VLLM::EngineCor
 628216 913492 python
 635460 604968 ray::TransferQu
 635541 602500 ray::SimpleStor
== 2026-09-05T20:56:38+09:00
Mem:            1007         116         881          43          57         891
    PID   RSS COMMAND
 637392 26068328 ray::WorkerDict
 637395 14273244 ray::WorkerDict
 637394 14272708 ray::WorkerDict
 637393 14270524 ray::WorkerDict
1317539 4829824 VLLM::Worker_TP
1317538 4823080 VLLM::Worker_TP
1280658 1233440 vllm
 634980 1049572 ray::TaskRunner
 628797 1020556 gcs_server
1317375 967076 VLLM::EngineCor
 628216 913492 python
 635460 604968 ray::TransferQu
 635541 602500 ray::SimpleStor
== 2026-09-05T20:56:58+09:00
Mem:            1007         118         879          43          57         889
    PID   RSS COMMAND
 637392 26867060 ray::WorkerDict
 637395 15072740 ray::WorkerDict
 637394 15072204 ray::WorkerDict
 637393 15070020 ray::WorkerDict
1317539 4829824 VLLM::Worker_TP
1317538 4823080 VLLM::Worker_TP
1280658 1233440 vllm
 634980 1049572 ray::TaskRunner
 628797 1022860 gcs_server
1317375 967076 VLLM::EngineCor
 628216 913492 python
 635460 604968 ray::TransferQu
 635541 602500 ray::SimpleStor
== 2026-09-05T20:57:18+09:00
Mem:            1007         115         881          43          58         891
    PID   RSS COMMAND
 637392 27509612 ray::WorkerDict
 637395 14534808 ray::WorkerDict
 637394 14534272 ray::WorkerDict
 637393 14532088 ray::WorkerDict
1317539 4829824 VLLM::Worker_TP
1317538 4823080 VLLM::Worker_TP
1280658 1233440 vllm
 634980 1049572 ray::TaskRunner
 628797 1023624 gcs_server
1317375 967076 VLLM::EngineCor
 628216 913492 python
 635460 604968 ray::TransferQu
 635541 602500 ray::SimpleStor
== 2026-09-05T20:57:38+09:00
Mem:            1007         117         879          43          58         890
    PID   RSS COMMAND
 637392 28177532 ray::WorkerDict
 637394 15202244 ray::WorkerDict
 637395 15202068 ray::WorkerDict
 637393 15199292 ray::WorkerDict
1317539 4829824 VLLM::Worker_TP
1317538 4823080 VLLM::Worker_TP
1280658 1233440 vllm
 634980 1049572 ray::TaskRunner
 628797 1021456 gcs_server
1317375 967076 VLLM::EngineCor
 628216 913492 python
 635460 604968 ray::TransferQu
 635541 602500 ray::SimpleStor
== 2026-09-05T20:57:58+09:00
Mem:            1007         118         877          43          58         888
    PID   RSS COMMAND
 637392 28992136 ray::WorkerDict
 637395 16016684 ray::WorkerDict
 637394 16016088 ray::WorkerDict
 637393 16013128 ray::WorkerDict
1317539 4829824 VLLM::Worker_TP
1317538 4823080 VLLM::Worker_TP
1280658 1233440 vllm
 634980 1049572 ray::TaskRunner
 628797 1020144 gcs_server
1317375 967076 VLLM::EngineCor
 628216 913492 python
 635460 604968 ray::TransferQu
 635541 602500 ray::SimpleStor
== 2026-09-05T20:58:18+09:00
Mem:            1007         116         879          43          59         890
    PID   RSS COMMAND
 637392 29737344 ray::WorkerDict
 637395 15582944 ray::WorkerDict
 637394 15582348 ray::WorkerDict
 637393 15578620 ray::WorkerDict
1317539 4829824 VLLM::Worker_TP
1317538 4823080 VLLM::Worker_TP
1280658 1233440 vllm
 634980 1049572 ray::TaskRunner
 628797 1018292 gcs_server
1317375 967076 VLLM::EngineCor
 628216 913492 python
 635460 604968 ray::TransferQu
 635541 602500 ray::SimpleStor
== 2026-09-05T20:58:38+09:00
Mem:            1007         117         878          43          59         889
    PID   RSS COMMAND
 637392 30150784 ray::WorkerDict
 637394 15995984 ray::WorkerDict
 637395 15995616 ray::WorkerDict
 637393 15992060 ray::WorkerDict
1317539 4829824 VLLM::Worker_TP
1317538 4823080 VLLM::Worker_TP
1280658 1233440 vllm
 634980 1049572 ray::TaskRunner
 628797 1017560 gcs_server
1317375 967076 VLLM::EngineCor
 628216 913492 python
 635460 604968 ray::TransferQu
 635541 602500 ray::SimpleStor
== 2026-09-05T20:58:58+09:00
Mem:            1007         118         877          43          59         888
    PID   RSS COMMAND
 637392 30674828 ray::WorkerDict
 637394 16520084 ray::WorkerDict
 637395 16519292 ray::WorkerDict
 637393 16516168 ray::WorkerDict
1317539 4829824 VLLM::Worker_TP
1317538 4823080 VLLM::Worker_TP
1280658 1233440 vllm
 634980 1049572 ray::TaskRunner
 628797 1018328 gcs_server
1317375 967076 VLLM::EngineCor
 628216 913492 python
 635460 604968 ray::TransferQu
 635541 602500 ray::SimpleStor
== 2026-09-05T20:59:18+09:00
Mem:            1007         119         875          43          59         887
    PID   RSS COMMAND
 637392 31279000 ray::WorkerDict
 637394 17122216 ray::WorkerDict
 637395 17121412 ray::WorkerDict
 637393 17118288 ray::WorkerDict
1317539 4829824 VLLM::Worker_TP
1317538 4823080 VLLM::Worker_TP
1280658 1233440 vllm
 634980 1049572 ray::TaskRunner
 628797 1017496 gcs_server
1317375 967076 VLLM::EngineCor
 628216 913492 python
 635460 604968 ray::TransferQu
 635541 602500 ray::SimpleStor
== 2026-09-05T20:59:38+09:00
Mem:            1007         117         877          43          60         889
    PID   RSS COMMAND
 637392 31847824 ray::WorkerDict
 637394 16511324 ray::WorkerDict
 637395 16511296 ray::WorkerDict
 637393 16508164 ray::WorkerDict
1317539 4829824 VLLM::Worker_TP
1317538 4823080 VLLM::Worker_TP
1280658 1233440 vllm
 634980 1049572 ray::TaskRunner
 628797 1019032 gcs_server
1317375 967076 VLLM::EngineCor
 628216 913492 python
 635460 604968 ray::TransferQu
 635541 602500 ray::SimpleStor
== 2026-09-05T20:59:58+09:00
Mem:            1007         118         876          43          60         889
    PID   RSS COMMAND
 637392 32245392 ray::WorkerDict
 637394 16908892 ray::WorkerDict
 637395 16908096 ray::WorkerDict
 637393 16904964 ray::WorkerDict
1317539 4829824 VLLM::Worker_TP
1317538 4823080 VLLM::Worker_TP
1280658 1233440 vllm
 634980 1049572 ray::TaskRunner
 628797 1019800 gcs_server
1317375 967076 VLLM::EngineCor
 628216 913492 python
 635460 604968 ray::TransferQu
 635541 602500 ray::SimpleStor
== 2026-09-05T21:00:18+09:00
Mem:            1007         119         875          43          60         888
    PID   RSS COMMAND
 637392 32725404 ray::WorkerDict
 637394 17391008 ray::WorkerDict
 637395 17390212 ray::WorkerDict
 637393 17387860 ray::WorkerDict
1317539 4829824 VLLM::Worker_TP
1317538 4825384 VLLM::Worker_TP
1280658 1233440 vllm
 634980 1049572 ray::TaskRunner
 628797 1018108 gcs_server
1317375 967076 VLLM::EngineCor
 628216 913492 python
 635460 604968 ray::TransferQu
 635541 602500 ray::SimpleStor
== 2026-09-05T21:00:38+09:00
Mem:            1007         120         874          43          60         887
    PID   RSS COMMAND
 637392 33232028 ray::WorkerDict
 637394 17895584 ray::WorkerDict
 637395 17894032 ray::WorkerDict
 637393 17891668 ray::WorkerDict
1317539 4829824 VLLM::Worker_TP
1317538 4825384 VLLM::Worker_TP
1280658 1233440 vllm
 634980 1049572 ray::TaskRunner
 628797 1019400 gcs_server
1317375 967076 VLLM::EngineCor
 628216 913492 python
 635460 604968 ray::TransferQu
 635541 602500 ray::SimpleStor
== 2026-09-05T21:00:58+09:00
Mem:            1007         121         873          43          61         886
    PID   RSS COMMAND
 637392 33677992 ray::WorkerDict
 637394 18340776 ray::WorkerDict
 637395 18339992 ray::WorkerDict
 637393 18337628 ray::WorkerDict
1317539 4829824 VLLM::Worker_TP
1317538 4825384 VLLM::Worker_TP
1280658 1233440 vllm
 634980 1049572 ray::TaskRunner
 628797 1020068 gcs_server
1317375 967076 VLLM::EngineCor
 628216 913492 python
 635460 604968 ray::TransferQu
 635541 602500 ray::SimpleStor
== 2026-09-05T21:01:18+09:00
Mem:            1007         118         875          43          61         888
    PID   RSS COMMAND
 637392 34219424 ray::WorkerDict
 637394 17705308 ray::WorkerDict
 637395 17704524 ray::WorkerDict
 637393 17702160 ray::WorkerDict
1317539 4829824 VLLM::Worker_TP
1317538 4825384 VLLM::Worker_TP
1280658 1233440 vllm
 634980 1049572 ray::TaskRunner
 628797 1019332 gcs_server
1317375 967076 VLLM::EngineCor
 628216 913492 python
 635460 604968 ray::TransferQu
 635541 602500 ray::SimpleStor
== 2026-09-05T21:01:38+09:00
Mem:            1007         119         874          43          61         887
    PID   RSS COMMAND
 637392 34685600 ray::WorkerDict
 637394 18170732 ray::WorkerDict
 637395 18169932 ray::WorkerDict
 637393 18166800 ray::WorkerDict
1317539 4829824 VLLM::Worker_TP
1317538 4825384 VLLM::Worker_TP
1280658 1233440 vllm
 634980 1049572 ray::TaskRunner
 628797 1019800 gcs_server
1317375 967076 VLLM::EngineCor
 628216 913492 python
 635460 604968 ray::TransferQu
 635541 602500 ray::SimpleStor
== 2026-09-05T21:01:58+09:00
Mem:            1007         120         872          43          61         886
    PID   RSS COMMAND
 637392 35273900 ray::WorkerDict
 637394 18760624 ray::WorkerDict
 637395 18759824 ray::WorkerDict
 637393 18756692 ray::WorkerDict
1317539 4829824 VLLM::Worker_TP
1317538 4825384 VLLM::Worker_TP
1280658 1233440 vllm
 634980 1049572 ray::TaskRunner
 628797 1019544 gcs_server
1317375 967076 VLLM::EngineCor
 628216 913492 python
 635460 604968 ray::TransferQu
 635541 602500 ray::SimpleStor
== 2026-09-05T21:02:18+09:00
Mem:            1007         122         871          43          62         885
    PID   RSS COMMAND
 637392 35910072 ray::WorkerDict
 637394 19395256 ray::WorkerDict
 637395 19395224 ray::WorkerDict
 637393 19392860 ray::WorkerDict
1317539 4829824 VLLM::Worker_TP
1317538 4825384 VLLM::Worker_TP
1280658 1233440 vllm
 634980 1049572 ray::TaskRunner
 628797 1021080 gcs_server
1317375 967076 VLLM::EngineCor
 628216 913492 python
 635460 604968 ray::TransferQu
 635541 602500 ray::SimpleStor
== 2026-09-05T21:02:38+09:00
Mem:            1007         120         873          43          62         887
    PID   RSS COMMAND
 637392 36572848 ray::WorkerDict
 637394 18879084 ray::WorkerDict
 637395 18878288 ray::WorkerDict
 637393 18875920 ray::WorkerDict
1317539 4829824 VLLM::Worker_TP
1317538 4825384 VLLM::Worker_TP
1280658 1233440 vllm
 634980 1049572 ray::TaskRunner
 628797 1021848 gcs_server
1317375 967076 VLLM::EngineCor
 628216 913492 python
 635460 604968 ray::TransferQu
 635541 602500 ray::SimpleStor
== 2026-09-05T21:02:58+09:00
Mem:            1007         121         871          43          62         886
    PID   RSS COMMAND
 637392 37095344 ray::WorkerDict
 637394 19399532 ray::WorkerDict
 637395 19398736 ray::WorkerDict
 637393 19396368 ray::WorkerDict
1317539 4829824 VLLM::Worker_TP
1317538 4825384 VLLM::Worker_TP
1280658 1233440 vllm
 634980 1049572 ray::TaskRunner
 628797 1024152 gcs_server
1317375 967076 VLLM::EngineCor
 628216 913492 python
 635460 604968 ray::TransferQu
 635541 602500 ray::SimpleStor
== 2026-09-05T21:03:19+09:00
Mem:            1007         122         870          43          63         885
    PID   RSS COMMAND
 637392 37688764 ray::WorkerDict
 637394 19993008 ray::WorkerDict
 637395 19992212 ray::WorkerDict
 637393 19989076 ray::WorkerDict
1317539 4829824 VLLM::Worker_TP
1317538 4825384 VLLM::Worker_TP
1280658 1233440 vllm
 634980 1049572 ray::TaskRunner
 628797 1022996 gcs_server
1317375 967076 VLLM::EngineCor
 628216 913492 python
 635460 604968 ray::TransferQu
 635541 602500 ray::SimpleStor
== 2026-09-05T21:03:39+09:00
Mem:            1007         123         868          43          63         883
    PID   RSS COMMAND
 637392 38427592 ray::WorkerDict
 637394 20732344 ray::WorkerDict
 637395 20730800 ray::WorkerDict
 637393 20729180 ray::WorkerDict
1317539 4829824 VLLM::Worker_TP
1317538 4825384 VLLM::Worker_TP
1280658 1233440 vllm
 634980 1049572 ray::TaskRunner
 628797 1022448 gcs_server
1317375 967076 VLLM::EngineCor
 628216 913492 python
 635460 604968 ray::TransferQu
 635541 602500 ray::SimpleStor
== 2026-09-05T21:03:59+09:00
Mem:            1007         121         870          43          63         885
    PID   RSS COMMAND
 637392 39097536 ray::WorkerDict
 637394 20223340 ray::WorkerDict
 637395 20222564 ray::WorkerDict
 637393 20220944 ray::WorkerDict
1317539 4829824 VLLM::Worker_TP
1317538 4825384 VLLM::Worker_TP
1280658 1233440 vllm
 634980 1049572 ray::TaskRunner
 628797 1022448 gcs_server
1317375 967076 VLLM::EngineCor
 628216 913492 python
 635460 604968 ray::TransferQu
 635541 602500 ray::SimpleStor
== 2026-09-05T21:04:19+09:00
Mem:            1007         122         869          43          63         885
    PID   RSS COMMAND
 637392 39483584 ray::WorkerDict
 637395 20608612 ray::WorkerDict
 637394 20607852 ray::WorkerDict
 637393 20606224 ray::WorkerDict
1317539 4829824 VLLM::Worker_TP
1317538 4825384 VLLM::Worker_TP
1280658 1233440 vllm
 634980 1049572 ray::TaskRunner
 628797 1022448 gcs_server
1317375 967076 VLLM::EngineCor
 628216 913492 python
 635460 604968 ray::TransferQu
 635541 602500 ray::SimpleStor
== 2026-09-05T21:04:39+09:00
Mem:            1007         123         867          43          64         883
    PID   RSS COMMAND
 637392 40063964 ray::WorkerDict
 637395 21189060 ray::WorkerDict
 637394 21189040 ray::WorkerDict
 637393 21187412 ray::WorkerDict
1317539 4829824 VLLM::Worker_TP
1317538 4825384 VLLM::Worker_TP
1280658 1233440 vllm
 634980 1049572 ray::TaskRunner
 628797 1022216 gcs_server
1317375 967076 VLLM::EngineCor
 628216 913492 python
 635460 604968 ray::TransferQu
 635541 602500 ray::SimpleStor
== 2026-09-05T21:04:59+09:00
Mem:            1007         124         866          43          64         882
    PID   RSS COMMAND
 637392 40632808 ray::WorkerDict
 637395 21757900 ray::WorkerDict
 637394 21757880 ray::WorkerDict
 637393 21756252 ray::WorkerDict
1317539 4829824 VLLM::Worker_TP
1317538 4825384 VLLM::Worker_TP
1280658 1233440 vllm
 634980 1049572 ray::TaskRunner
 628797 1023752 gcs_server
1317375 967076 VLLM::EngineCor
 628216 913492 python
 635460 604968 ray::TransferQu
 635541 602500 ray::SimpleStor
== 2026-09-05T21:05:19+09:00
Mem:            1007         122         868          43          64         884
    PID   RSS COMMAND
 637392 41284064 ray::WorkerDict
 637395 21228672 ray::WorkerDict
 637394 21228652 ray::WorkerDict
 637393 21227024 ray::WorkerDict
1317539 4829824 VLLM::Worker_TP
1317538 4825384 VLLM::Worker_TP
1280658 1233440 vllm
 634980 1049572 ray::TaskRunner
 628797 1022608 gcs_server
1317375 967076 VLLM::EngineCor
 628216 913492 python
 635460 604968 ray::TransferQu
 635541 602500 ray::SimpleStor
== 2026-09-05T21:05:39+09:00
Mem:            1007         123         867          43          64         884
    PID   RSS COMMAND
 637392 41709792 ray::WorkerDict
 637394 21655156 ray::WorkerDict
 637395 21654400 ray::WorkerDict
 637393 21652752 ray::WorkerDict
1317539 4829824 VLLM::Worker_TP
1317538 4825384 VLLM::Worker_TP
1280658 1233440 vllm
 634980 1049572 ray::TaskRunner
 628797 1022608 gcs_server
1317375 967076 VLLM::EngineCor
 628216 913492 python
 635460 604968 ray::TransferQu
 635541 602500 ray::SimpleStor
== 2026-09-05T21:05:59+09:00
Mem:            1007         124         866          43          65         883
    PID   RSS COMMAND
 637392 42168812 ray::WorkerDict
 637394 22115016 ray::WorkerDict
 637395 22113476 ray::WorkerDict
 637393 22111828 ray::WorkerDict
1317539 4829824 VLLM::Worker_TP
1317538 4825384 VLLM::Worker_TP
1280658 1233440 vllm
 634980 1049572 ray::TaskRunner
 628797 1019176 gcs_server
1317375 967076 VLLM::EngineCor
 628216 913492 python
 635460 604968 ray::TransferQu
 635541 602500 ray::SimpleStor
== 2026-09-05T21:06:19+09:00
Mem:            1007         124         865          43          65         882
    PID   RSS COMMAND
 637392 42503404 ray::WorkerDict
 637394 22449612 ray::WorkerDict
 637395 22448836 ray::WorkerDict
 637393 22446432 ray::WorkerDict
1317539 4829824 VLLM::Worker_TP
1317538 4825384 VLLM::Worker_TP
1280658 1233440 vllm
 634980 1049572 ray::TaskRunner
 628797 1019176 gcs_server
1317375 967076 VLLM::EngineCor
 628216 913492 python
 635460 604968 ray::TransferQu
 635541 602500 ray::SimpleStor
== 2026-09-05T21:06:39+09:00
Mem:            1007         126         863          43          65         881
    PID   RSS COMMAND
 637392 43105532 ray::WorkerDict
 637394 23050964 ray::WorkerDict
 637395 23050188 ray::WorkerDict
 637393 23047784 ray::WorkerDict
1317539 4829824 VLLM::Worker_TP
1317538 4825384 VLLM::Worker_TP
1280658 1233440 vllm
 634980 1049572 ray::TaskRunner
 628797 1017472 gcs_server
1317375 967076 VLLM::EngineCor
 628216 913492 python
 635460 604968 ray::TransferQu
 635541 602500 ray::SimpleStor
== 2026-09-05T21:06:59+09:00
Mem:            1007         123         865          43          65         883
    PID   RSS COMMAND
 637392 43666420 ray::WorkerDict
 637394 22429324 ray::WorkerDict
 637395 22429312 ray::WorkerDict
 637393 22426140 ray::WorkerDict
1317539 4829824 VLLM::Worker_TP
1317538 4825384 VLLM::Worker_TP
1280658 1233440 vllm
 634980 1049572 ray::TaskRunner
 628797 1016580 gcs_server
1317375 967076 VLLM::EngineCor
 628216 913492 python
 635460 604968 ray::TransferQu
 635541 602500 ray::SimpleStor
== 2026-09-05T21:07:19+09:00
Mem:            1007         124         864          43          66         882
    PID   RSS COMMAND
 637392 44076276 ray::WorkerDict
 637394 22842768 ray::WorkerDict
 637395 22841984 ray::WorkerDict
 637393 22838812 ray::WorkerDict
1317539 4829824 VLLM::Worker_TP
1317538 4825384 VLLM::Worker_TP
1280658 1233440 vllm
 634980 1049572 ray::TaskRunner
 628797 1015140 gcs_server
1317375 967076 VLLM::EngineCor
 628216 913492 python
 635460 604968 ray::TransferQu
 635541 602500 ray::SimpleStor
== 2026-09-05T21:07:39+09:00
Mem:            1007         125         863          43          66         881
    PID   RSS COMMAND
 637392 44604672 ray::WorkerDict
 637394 23370452 ray::WorkerDict
 637395 23370436 ray::WorkerDict
 637393 23366496 ray::WorkerDict
1317539 4829824 VLLM::Worker_TP
1317538 4825384 VLLM::Worker_TP
1280658 1233440 vllm
 634980 1049572 ray::TaskRunner
 628797 1015524 gcs_server
1317375 967076 VLLM::EngineCor
 628216 913492 python
 635460 604968 ray::TransferQu
 635541 602500 ray::SimpleStor
== 2026-09-05T21:07:59+09:00
Mem:            1007         127         861          43          66         880
    PID   RSS COMMAND
 637392 45280524 ray::WorkerDict
 637394 24046308 ray::WorkerDict
 637395 24046284 ray::WorkerDict
 637393 24042348 ray::WorkerDict
1317539 4829824 VLLM::Worker_TP
1317538 4825384 VLLM::Worker_TP
1280658 1233440 vllm
 634980 1049572 ray::TaskRunner
 628797 1015524 gcs_server
1317375 967076 VLLM::EngineCor
 628216 913492 python
 635460 604968 ray::TransferQu
 635541 602500 ray::SimpleStor
== 2026-09-05T21:08:19+09:00
Mem:            1007         131         857          43          66         876
    PID   RSS COMMAND
 637392 46367180 ray::WorkerDict
 637394 25131936 ray::WorkerDict
 637395 25131144 ray::WorkerDict
 637393 23555100 ray::WorkerDict
1317539 4829824 VLLM::Worker_TP
1317538 4825384 VLLM::Worker_TP
1280658 1233440 vllm
 634980 1049572 ray::TaskRunner
 628797 1015400 gcs_server
1317375 967076 VLLM::EngineCor
 628216 913492 python
 635460 604968 ray::TransferQu
 635541 602500 ray::SimpleStor
== 2026-09-05T21:08:39+09:00
Mem:            1007         126         862          43          67         881
    PID   RSS COMMAND
 637392 46601000 ray::WorkerDict
 637394 24187800 ray::WorkerDict
 637395 24187008 ray::WorkerDict
 637393 24183840 ray::WorkerDict
1317539 4829824 VLLM::Worker_TP
1317538 4825384 VLLM::Worker_TP
1280658 1233440 vllm
 634980 1049572 ray::TaskRunner
 628797 1016936 gcs_server
1317375 967076 VLLM::EngineCor
 628216 913492 python
 635460 604968 ray::TransferQu
 635541 602500 ray::SimpleStor
== 2026-09-05T21:08:59+09:00
Mem:            1007         127         860          43          67         880
    PID   RSS COMMAND
 637392 47273304 ray::WorkerDict
 637394 24859356 ray::WorkerDict
 637395 24859332 ray::WorkerDict
 637393 24856164 ray::WorkerDict
1317539 4829824 VLLM::Worker_TP
1317538 4825384 VLLM::Worker_TP
1280658 1233440 vllm
 634980 1049572 ray::TaskRunner
 628797 1019240 gcs_server
1317375 967076 VLLM::EngineCor
 628216 913492 python
 635460 604968 ray::TransferQu
 635541 602500 ray::SimpleStor
== 2026-09-05T21:09:19+09:00
Mem:            1007         128         858          43          67         878
    PID   RSS COMMAND
 637392 47961444 ray::WorkerDict
 637394 25547492 ray::WorkerDict
 637395 25547468 ray::WorkerDict
 637393 25544300 ray::WorkerDict
1317539 4829824 VLLM::Worker_TP
1317538 4825384 VLLM::Worker_TP
1280658 1233440 vllm
 634980 1049572 ray::TaskRunner
 628797 1018040 gcs_server
1317375 967076 VLLM::EngineCor
 628216 913492 python
 635460 604968 ray::TransferQu
 635541 602500 ray::SimpleStor
== 2026-09-05T21:09:39+09:00
Mem:            1007         126         860          43          68         880
    PID   RSS COMMAND
 637392 48611164 ray::WorkerDict
 637394 25017496 ray::WorkerDict
 637395 25017472 ray::WorkerDict
 637393 25014308 ray::WorkerDict
1317539 4829824 VLLM::Worker_TP
1317538 4825384 VLLM::Worker_TP
1280658 1233440 vllm
 634980 1049572 ray::TaskRunner
 628797 1017120 gcs_server
1317375 967076 VLLM::EngineCor
 628216 913492 python
 635460 604968 ray::TransferQu
 635541 602500 ray::SimpleStor
== 2026-09-05T21:09:59+09:00
Mem:            1007         127         859          43          68         879
    PID   RSS COMMAND
 637392 49178448 ray::WorkerDict
 637395 25585604 ray::WorkerDict
 637394 25584860 ray::WorkerDict
 637393 25582440 ray::WorkerDict
1317539 4829824 VLLM::Worker_TP
1317538 4823080 VLLM::Worker_TP
1280658 1232672 vllm
 634980 1048036 ray::TaskRunner
 628797 1015536 gcs_server
1317375 967076 VLLM::EngineCor
 628216 911956 python
 635460 603432 ray::TransferQu
 635538 601060 ray::SimpleStor
== 2026-09-05T21:10:19+09:00
Mem:            1007         129         857          43          68         878
    PID   RSS COMMAND
 637392 49829712 ray::WorkerDict
 637395 26237640 ray::WorkerDict
 637394 26236124 ray::WorkerDict
 637393 26234484 ray::WorkerDict
1317539 4829824 VLLM::Worker_TP
1317538 4823848 VLLM::Worker_TP
1280658 1232672 vllm
 634980 1048036 ray::TaskRunner
 628797 1014648 gcs_server
1317375 967076 VLLM::EngineCor
 628216 911956 python
 635460 603432 ray::TransferQu
 635538 601060 ray::SimpleStor
== 2026-09-05T21:10:39+09:00
Mem:            1007         130         855          43          69         876
    PID   RSS COMMAND
 637392 50591580 ray::WorkerDict
 637395 26998736 ray::WorkerDict
 637394 26997224 ray::WorkerDict
 637393 26995580 ray::WorkerDict
1317539 4829824 VLLM::Worker_TP
1317538 4823848 VLLM::Worker_TP
1280658 1232672 vllm
 634980 1048036 ray::TaskRunner
 628797 1016184 gcs_server
1317375 967076 VLLM::EngineCor
 628216 911956 python
 635460 603432 ray::TransferQu
 635538 601060 ray::SimpleStor
== 2026-09-05T21:10:59+09:00
Mem:            1007         128         857          43          69         879
    PID   RSS COMMAND
 637392 51184980 ray::WorkerDict
 637395 26412420 ray::WorkerDict
 637394 26410908 ray::WorkerDict
 637393 26409264 ray::WorkerDict
1317539 4829824 VLLM::Worker_TP
1317538 4823848 VLLM::Worker_TP
1280658 1232672 vllm
 634980 1048036 ray::TaskRunner
 628797 1017720 gcs_server
1317375 967076 VLLM::EngineCor
 628216 911956 python
 635460 603432 ray::TransferQu
 635538 601060 ray::SimpleStor
== 2026-09-05T21:11:19+09:00
Mem:            1007         129         856          43          69         877
    PID   RSS COMMAND
 637392 51880288 ray::WorkerDict
 637395 27107784 ray::WorkerDict
 637394 27106272 ray::WorkerDict
 637393 27104628 ray::WorkerDict
1317539 4829824 VLLM::Worker_TP
1317538 4823848 VLLM::Worker_TP
1280658 1232672 vllm
 634980 1048036 ray::TaskRunner
 628797 1018488 gcs_server
1317375 967076 VLLM::EngineCor
 628216 911956 python
 635460 603432 ray::TransferQu
 635538 601060 ray::SimpleStor
== 2026-09-05T21:11:39+09:00
Mem:            1007         131         854          43          70         876
    PID   RSS COMMAND
 637392 52736108 ray::WorkerDict
 637395 27963600 ray::WorkerDict
 637394 27962088 ray::WorkerDict
 637393 27960468 ray::WorkerDict
1317539 4829824 VLLM::Worker_TP
1317538 4823848 VLLM::Worker_TP
1280658 1232672 vllm
 634980 1048036 ray::TaskRunner
 628797 1019256 gcs_server
1317375 967076 VLLM::EngineCor
 628216 911956 python
 635460 603432 ray::TransferQu
 635538 601060 ray::SimpleStor
== 2026-09-05T21:11:59+09:00
Mem:            1007         129         855          43          70         878
    PID   RSS COMMAND
 637392 53476292 ray::WorkerDict
 637394 27523232 ray::WorkerDict
 637395 27523204 ray::WorkerDict
 637393 27520840 ray::WorkerDict
1317539 4829824 VLLM::Worker_TP
1317538 4823848 VLLM::Worker_TP
1280658 1232672 vllm
 634980 1048036 ray::TaskRunner
 628797 1020328 gcs_server
1317375 967076 VLLM::EngineCor
 628216 911956 python
 635460 603432 ray::TransferQu
 635538 601060 ray::SimpleStor
== 2026-09-05T21:12:19+09:00
Mem:            1007         130         853          43          70         876
    PID   RSS COMMAND
 637392 54181072 ray::WorkerDict
 637395 28228808 ray::WorkerDict
 637394 28228068 ray::WorkerDict
 637393 28227176 ray::WorkerDict
1317539 4829824 VLLM::Worker_TP
1317538 4823848 VLLM::Worker_TP
1280658 1232672 vllm
 634980 1048036 ray::TaskRunner
 628797 1020324 gcs_server
1317375 967076 VLLM::EngineCor
 628216 911956 python
 635460 603432 ray::TransferQu
 635538 601060 ray::SimpleStor
== 2026-09-05T21:12:39+09:00
Mem:            1007         132         851          43          71         874
    PID   RSS COMMAND
 637392 55146716 ray::WorkerDict
 637395 29194448 ray::WorkerDict
 637394 29193708 ray::WorkerDict
 637393 29192816 ray::WorkerDict
1317539 4829824 VLLM::Worker_TP
1317538 4823848 VLLM::Worker_TP
1280658 1232672 vllm
 634980 1048036 ray::TaskRunner
 628797 1019440 gcs_server
1317375 967076 VLLM::EngineCor
 628216 911956 python
 635460 603432 ray::TransferQu
 635538 601060 ray::SimpleStor
== 2026-09-05T21:13:00+09:00
Mem:            1007         130         853          43          71         876
    PID   RSS COMMAND
 637392 55920088 ray::WorkerDict
 637394 28785312 ray::WorkerDict
 637395 28784516 ray::WorkerDict
 637393 28784436 ray::WorkerDict
1317539 4829824 VLLM::Worker_TP
1317538 4823848 VLLM::Worker_TP
1280658 1232672 vllm
 634980 1048036 ray::TaskRunner
 628797 1019440 gcs_server
1317375 967076 VLLM::EngineCor
 628216 911956 python
 635460 603432 ray::TransferQu
 635538 601060 ray::SimpleStor
== 2026-09-05T21:13:20+09:00
Mem:            1007         132         851          43          72         875
    PID   RSS COMMAND
 637392 56640740 ray::WorkerDict
 637394 29508068 ray::WorkerDict
 637395 29508040 ray::WorkerDict
 637393 29506424 ray::WorkerDict
1317539 4829824 VLLM::Worker_TP
1317538 4823848 VLLM::Worker_TP
1280658 1232672 vllm
 634980 1048036 ray::TaskRunner
 628797 1019440 gcs_server
1317375 967076 VLLM::EngineCor
 628216 911956 python
 635460 603432 ray::TransferQu
 635538 601060 ray::SimpleStor
== 2026-09-05T21:13:40+09:00
Mem:            1007         133         849          43          72         873
    PID   RSS COMMAND
 637392 57369328 ray::WorkerDict
 637395 30234576 ray::WorkerDict
 637394 30233836 ray::WorkerDict
 637393 30232960 ray::WorkerDict
1317539 4829824 VLLM::Worker_TP
1317538 4823848 VLLM::Worker_TP
1280658 1232672 vllm
 634980 1048036 ray::TaskRunner
 628797 1017516 gcs_server
1317375 967076 VLLM::EngineCor
 628216 911956 python
 635460 603432 ray::TransferQu
 635538 601060 ray::SimpleStor
== 2026-09-05T21:14:00+09:00
Mem:            1007         131         851          43          72         875
    PID   RSS COMMAND
 637392 58066920 ray::WorkerDict
 637395 29753732 ray::WorkerDict
 637394 29752992 ray::WorkerDict
 637393 29752884 ray::WorkerDict
1317539 4829824 VLLM::Worker_TP
1317538 4823848 VLLM::Worker_TP
1280658 1232672 vllm
 634980 1048036 ray::TaskRunner
 628797 1019428 gcs_server
1317375 967076 VLLM::EngineCor
 628216 911956 python
 635460 603432 ray::TransferQu
 635538 601060 ray::SimpleStor
== 2026-09-05T21:14:20+09:00
Mem:            1007         133         849          43          73         874
    PID   RSS COMMAND
 637392 58828036 ray::WorkerDict
 637395 30515660 ray::WorkerDict
 637394 30514932 ray::WorkerDict
 637393 30513280 ray::WorkerDict
1317539 4829824 VLLM::Worker_TP
1317538 4823848 VLLM::Worker_TP
1280658 1232672 vllm
 634980 1048036 ray::TaskRunner
 628797 1019400 gcs_server
1317375 967076 VLLM::EngineCor
 628216 911956 python
 635460 603432 ray::TransferQu
 635538 601060 ray::SimpleStor
== 2026-09-05T21:14:40+09:00
Mem:            1007         135         847          43          73         872
    PID   RSS COMMAND
 637392 59769104 ray::WorkerDict
 637394 31455228 ray::WorkerDict
 637395 31455188 ray::WorkerDict
 637393 31454344 ray::WorkerDict
1317539 4829824 VLLM::Worker_TP
1317538 4823848 VLLM::Worker_TP
1280658 1232672 vllm
 634980 1048036 ray::TaskRunner
 628797 1020168 gcs_server
1317375 967076 VLLM::EngineCor
 628216 911956 python
 635460 603432 ray::TransferQu
 635538 601060 ray::SimpleStor
== 2026-09-05T21:15:00+09:00
Mem:            1007         133         848          43          73         874
    PID   RSS COMMAND
 637392 60476680 ray::WorkerDict
 637394 30981040 ray::WorkerDict
 637395 30981000 ray::WorkerDict
 637393 30980160 ray::WorkerDict
1317539 4829824 VLLM::Worker_TP
1317538 4823848 VLLM::Worker_TP
1280658 1232672 vllm
 634980 1048036 ray::TaskRunner
 628797 1022668 gcs_server
1317375 967076 VLLM::EngineCor
 628216 911956 python
 635460 603432 ray::TransferQu
 635538 601060 ray::SimpleStor
== 2026-09-05T21:15:20+09:00
Mem:            1007         134         846          43          74         873
    PID   RSS COMMAND
 637392 61209620 ray::WorkerDict
 637394 31714036 ray::WorkerDict
 637395 31713996 ray::WorkerDict
 637393 31712388 ray::WorkerDict
1317539 4829824 VLLM::Worker_TP
1317538 4823848 VLLM::Worker_TP
1280658 1232672 vllm
 634980 1048036 ray::TaskRunner
 628797 1021792 gcs_server
1317375 967076 VLLM::EngineCor
 628216 911956 python
 635460 603432 ray::TransferQu
 635538 601060 ray::SimpleStor
== 2026-09-05T21:15:40+09:00
Mem:            1007         136         845          43          74         871
    PID   RSS COMMAND
 637392 62000176 ray::WorkerDict
 637395 32508384 ray::WorkerDict
 637394 32506884 ray::WorkerDict
 637393 32506000 ray::WorkerDict
1317539 4829824 VLLM::Worker_TP
1317538 4823848 VLLM::Worker_TP
1280658 1232672 vllm
 634980 1048036 ray::TaskRunner
 628797 1021580 gcs_server
1317375 967076 VLLM::EngineCor
 628216 911956 python
 635460 603432 ray::TransferQu
 635538 601060 ray::SimpleStor
== 2026-09-05T21:16:00+09:00
Mem:            1007         134         846          43          74         873
    PID   RSS COMMAND
 637392 62765848 ray::WorkerDict
 637395 32093332 ray::WorkerDict
 637394 32092604 ray::WorkerDict
 637393 32090948 ray::WorkerDict
1317539 4829824 VLLM::Worker_TP
1317538 4823848 VLLM::Worker_TP
1280658 1232672 vllm
 634980 1048036 ray::TaskRunner
 628797 1021088 gcs_server
1317375 967076 VLLM::EngineCor
 628216 911956 python
 635460 603432 ray::TransferQu
 635538 601060 ray::SimpleStor
== 2026-09-05T21:16:20+09:00
Mem:            1007         135         844          43          75         871
    PID   RSS COMMAND
 637392 63566036 ray::WorkerDict
 637395 32892888 ray::WorkerDict
 637394 32891396 ray::WorkerDict
 637393 32890504 ray::WorkerDict
1317539 4829824 VLLM::Worker_TP
1317538 4823848 VLLM::Worker_TP
1280658 1232672 vllm
 634980 1048036 ray::TaskRunner
 628797 1021800 gcs_server
1317375 967076 VLLM::EngineCor
 628216 911956 python
 635460 603432 ray::TransferQu
 635538 601060 ray::SimpleStor
== 2026-09-05T21:16:40+09:00
Mem:            1007         137         841          43          75         869
    PID   RSS COMMAND
 637392 64619884 ray::WorkerDict
 637395 33948136 ray::WorkerDict
 637394 33947404 ray::WorkerDict
 637393 33946512 ray::WorkerDict
1317539 4829824 VLLM::Worker_TP
1317538 4823848 VLLM::Worker_TP
1280658 1232672 vllm
 634980 1048036 ray::TaskRunner
 628797 1020496 gcs_server
1317375 967076 VLLM::EngineCor
 628216 911956 python
 635460 603432 ray::TransferQu
 635538 601060 ray::SimpleStor
== 2026-09-05T21:17:00+09:00
Mem:            1007         136         843          43          76         871
    PID   RSS COMMAND
 637392 65515364 ray::WorkerDict
 637395 33663928 ray::WorkerDict
 637394 33663168 ray::WorkerDict
 637393 33662276 ray::WorkerDict
1317539 4828064 VLLM::Worker_TP
1317538 4821264 VLLM::Worker_TP
1280658 1232672 vllm
 634980 1048036 ray::TaskRunner
 628797 1020496 gcs_server
1317375 967076 VLLM::EngineCor
 628216 911956 python
 635460 603432 ray::TransferQu
 635538 601060 ray::SimpleStor
== 2026-09-05T21:17:20+09:00
Mem:            1007         137         840          43          76         869
    PID   RSS COMMAND
 637392 66413180 ray::WorkerDict
 637395 34561800 ray::WorkerDict
 637394 34560268 ray::WorkerDict
 637393 34560144 ray::WorkerDict
1317539 4826388 VLLM::Worker_TP
1317538 4820496 VLLM::Worker_TP
1280658 1232672 vllm
 634980 1048036 ray::TaskRunner
 628797 1023568 gcs_server
1317375 967076 VLLM::EngineCor
 628216 911956 python
 635460 603432 ray::TransferQu
 635538 601060 ray::SimpleStor
== 2026-09-05T21:17:40+09:00
Mem:            1007         136         842          43          77         871
    PID   RSS COMMAND
 637392 67279732 ray::WorkerDict
 637395 34249404 ray::WorkerDict
 637394 34247876 ray::WorkerDict
 637393 34246980 ray::WorkerDict
1317539 4826388 VLLM::Worker_TP
1317538 4820496 VLLM::Worker_TP
1280658 1232672 vllm
 634980 1048036 ray::TaskRunner
 628797 1023472 gcs_server
1317375 967076 VLLM::EngineCor
 628216 911956 python
 635460 603432 ray::TransferQu
 635538 601060 ray::SimpleStor
== 2026-09-05T21:18:00+09:00
Mem:            1007         137         840          43          77         870
    PID   RSS COMMAND
 637392 67951220 ray::WorkerDict
 637395 34920892 ray::WorkerDict
 637394 34919368 ray::WorkerDict
 637393 34916944 ray::WorkerDict
1317539 4826388 VLLM::Worker_TP
1317538 4820496 VLLM::Worker_TP
1280658 1232672 vllm
 634980 1048036 ray::TaskRunner
 628797 1021936 gcs_server
1317375 967076 VLLM::EngineCor
 628216 911956 python
 635460 603432 ray::TransferQu
 635538 601060 ray::SimpleStor
== 2026-09-05T21:18:20+09:00
Mem:            1007         139         838          43          77         868
    PID   RSS COMMAND
 637392 68867724 ray::WorkerDict
 637395 35838216 ray::WorkerDict
 637394 35836692 ray::WorkerDict
 637393 35835036 ray::WorkerDict
1317539 4826388 VLLM::Worker_TP
1317538 4820496 VLLM::Worker_TP
1280658 1232672 vllm
 634980 1048036 ray::TaskRunner
 628797 1020176 gcs_server
1317375 967076 VLLM::EngineCor
 628216 911956 python
 635460 603432 ray::TransferQu
 635538 601060 ray::SimpleStor
== 2026-09-05T21:18:40+09:00
Mem:            1007         137         839          43          78         869
    PID   RSS COMMAND
 637392 69710468 ray::WorkerDict
 637395 35500476 ray::WorkerDict
 637394 35498952 ray::WorkerDict
 637393 35496528 ray::WorkerDict
1317539 4826388 VLLM::Worker_TP
1317538 4820496 VLLM::Worker_TP
1280658 1232672 vllm
 634980 1048036 ray::TaskRunner
 628797 1020944 gcs_server
1317375 967076 VLLM::EngineCor
 628216 911956 python
 635460 603432 ray::TransferQu
 635538 601060 ray::SimpleStor
== 2026-09-05T21:19:00+09:00
Mem:            1007         138         838          43          78         868
    PID   RSS COMMAND
 637392 70406544 ray::WorkerDict
 637395 36194560 ray::WorkerDict
 637394 36193804 ray::WorkerDict
 637393 36190612 ray::WorkerDict
1317539 4826388 VLLM::Worker_TP
1317538 4820496 VLLM::Worker_TP
1280658 1232672 vllm
 634980 1048036 ray::TaskRunner
 628797 1017672 gcs_server
1317375 967076 VLLM::EngineCor
 628216 911956 python
 635460 603432 ray::TransferQu
 635538 601060 ray::SimpleStor
== 2026-09-05T21:19:20+09:00
Mem:            1007         140         836          43          78         867
    PID   RSS COMMAND
 637392 71022908 ray::WorkerDict
 637394 36811800 ray::WorkerDict
 637395 36811776 ray::WorkerDict
 637393 36807828 ray::WorkerDict
1317539 4826388 VLLM::Worker_TP
1317538 4820496 VLLM::Worker_TP
1280658 1232672 vllm
 634980 1048036 ray::TaskRunner
 628797 1017672 gcs_server
1317375 967076 VLLM::EngineCor
 628216 911956 python
 635460 603432 ray::TransferQu
 635538 601060 ray::SimpleStor
== 2026-09-05T21:19:40+09:00
Mem:            1007         141         834          43          79         865
    PID   RSS COMMAND
 637392 71882312 ray::WorkerDict
 637395 37671956 ray::WorkerDict
 637394 37671200 ray::WorkerDict
 637393 37667996 ray::WorkerDict
1317539 4826388 VLLM::Worker_TP
1317538 4820496 VLLM::Worker_TP
1280658 1232672 vllm
 634980 1048036 ray::TaskRunner
 628797 1017424 gcs_server
1317375 967076 VLLM::EngineCor
 628216 911956 python
 635460 603432 ray::TransferQu
 635538 601060 ray::SimpleStor
== 2026-09-05T21:20:00+09:00
Mem:            1007         139         836          43          79         867
    PID   RSS COMMAND
 637392 72578368 ray::WorkerDict
 637395 37188296 ray::WorkerDict
 637394 37186772 ray::WorkerDict
 637393 37183572 ray::WorkerDict
1317539 4834836 VLLM::Worker_TP
1317538 4828176 VLLM::Worker_TP
1280658 1234976 vllm
 634980 1048036 ray::TaskRunner
 628797 1018192 gcs_server
1317375 969380 VLLM::EngineCor
 628216 911956 python
 635460 603432 ray::TransferQu
 635538 601060 ray::SimpleStor
== 2026-09-05T21:20:20+09:00
Mem:            1007         141         834          43          80         866
    PID   RSS COMMAND
 637392 73261392 ray::WorkerDict
 637395 37871372 ray::WorkerDict
 637394 37869080 ray::WorkerDict
 637393 37866648 ray::WorkerDict
1317539 4836372 VLLM::Worker_TP
1317538 4829712 VLLM::Worker_TP
1280658 1235744 vllm
 634980 1048036 ray::TaskRunner
 628797 1017420 gcs_server
1317375 969380 VLLM::EngineCor
 628216 911956 python
 635460 603432 ray::TransferQu
 635538 601060 ray::SimpleStor
== 2026-09-05T21:20:40+09:00
Mem:            1007         142         832          43          80         864
    PID   RSS COMMAND
 637392 74206044 ray::WorkerDict
 637395 38816788 ray::WorkerDict
 637394 38814496 ray::WorkerDict
 637393 38812064 ray::WorkerDict
1317539 4836372 VLLM::Worker_TP
1317538 4829712 VLLM::Worker_TP
1280658 1235744 vllm
 634980 1048036 ray::TaskRunner
 628797 1018956 gcs_server
1317375 969380 VLLM::EngineCor
 628216 911956 python
 635460 603432 ray::TransferQu
 635538 601060 ray::SimpleStor
== 2026-09-05T21:21:00+09:00
Mem:            1007         140         834          43          80         866
    PID   RSS COMMAND
 637392 74742356 ray::WorkerDict
 637395 38172616 ray::WorkerDict
 637394 38171092 ray::WorkerDict
 637393 38167892 ray::WorkerDict
1317539 4836372 VLLM::Worker_TP
1317538 4829712 VLLM::Worker_TP
1280658 1235744 vllm
 634980 1048036 ray::TaskRunner
 628797 1018256 gcs_server
1317375 969380 VLLM::EngineCor
 628216 911956 python
 635460 603432 ray::TransferQu
 635538 601060 ray::SimpleStor
== 2026-09-05T21:21:20+09:00
Mem:            1007         141         832          43          81         865
    PID   RSS COMMAND
 637392 75421792 ray::WorkerDict
 637395 38852876 ray::WorkerDict
 637394 38849048 ray::WorkerDict
 637393 38848152 ray::WorkerDict
1317539 4836372 VLLM::Worker_TP
1317538 4829712 VLLM::Worker_TP
1280658 1235744 vllm
 634980 1048036 ray::TaskRunner
 628797 1018896 gcs_server
1317375 969380 VLLM::EngineCor
 628216 911956 python
 635460 603432 ray::TransferQu
 635538 601060 ray::SimpleStor
== 2026-09-05T21:21:40+09:00
Mem:            1007         143         830          43          81         863
    PID   RSS COMMAND
 637392 76282732 ray::WorkerDict
 637395 39712276 ray::WorkerDict
 637394 39709984 ray::WorkerDict
 637393 39707556 ray::WorkerDict
1317539 4836372 VLLM::Worker_TP
1317538 4829712 VLLM::Worker_TP
1280658 1235744 vllm
 634980 1048036 ray::TaskRunner
 628797 1019664 gcs_server
1317375 969380 VLLM::EngineCor
 628216 911956 python
 635460 603432 ray::TransferQu
 635538 601060 ray::SimpleStor
== 2026-09-05T21:22:00+09:00
Mem:            1007         141         831          43          81         865
    PID   RSS COMMAND
 637392 77106032 ray::WorkerDict
 637395 39356616 ray::WorkerDict
 637394 39353556 ray::WorkerDict
 637393 39351896 ray::WorkerDict
1317539 4836372 VLLM::Worker_TP
1317538 4829712 VLLM::Worker_TP
1280658 1235744 vllm
 634980 1048036 ray::TaskRunner
 628797 1019520 gcs_server
1317375 969380 VLLM::EngineCor
 628216 911956 python
 635460 603432 ray::TransferQu
 635538 601060 ray::SimpleStor
== 2026-09-05T21:22:20+09:00
Mem:            1007         143         829          43          82         863
    PID   RSS COMMAND
 637392 78013052 ray::WorkerDict
 637395 40265244 ray::WorkerDict
 637394 40262168 ray::WorkerDict
 637393 40258972 ray::WorkerDict
1317539 4836372 VLLM::Worker_TP
1317538 4830480 VLLM::Worker_TP
1280658 1235744 vllm
 634980 1048036 ray::TaskRunner
 628797 1020756 gcs_server
1317375 969380 VLLM::EngineCor
 628216 911956 python
 635460 603432 ray::TransferQu
 635538 601060 ray::SimpleStor
== 2026-09-05T21:22:40+09:00
Mem:            1007         145         827          43          82         862
    PID   RSS COMMAND
 637392 78842760 ray::WorkerDict
 637395 41092900 ray::WorkerDict
 637394 41090592 ray::WorkerDict
 637393 41086628 ray::WorkerDict
1317539 4836372 VLLM::Worker_TP
1317538 4830480 VLLM::Worker_TP
1280658 1235744 vllm
 634980 1048036 ray::TaskRunner
 628797 1020012 gcs_server
1317375 969380 VLLM::EngineCor
 628216 911956 python
 635460 603432 ray::TransferQu
 635538 601060 ray::SimpleStor
== 2026-09-05T21:23:00+09:00
Mem:            1007         143         829          43          82         864
    PID   RSS COMMAND
 637392 79468672 ray::WorkerDict
 637395 40539096 ray::WorkerDict
 637394 40536792 ray::WorkerDict
 637393 40532824 ray::WorkerDict
1317539 4836372 VLLM::Worker_TP
1317538 4830480 VLLM::Worker_TP
1280658 1235744 vllm
 634980 1048036 ray::TaskRunner
 628797 1020756 gcs_server
1317375 969380 VLLM::EngineCor
 628216 911956 python
 635460 603432 ray::TransferQu
 635538 601060 ray::SimpleStor
== 2026-09-05T21:23:21+09:00
Mem:            1007         144         827          43          83         863
    PID   RSS COMMAND
 637392 80173452 ray::WorkerDict
 637395 41246748 ray::WorkerDict
 637394 41244444 ray::WorkerDict
 637393 41239708 ray::WorkerDict
1317539 4836372 VLLM::Worker_TP
1317538 4830480 VLLM::Worker_TP
1280658 1235744 vllm
 634980 1048036 ray::TaskRunner
 628797 1020320 gcs_server
1317375 969380 VLLM::EngineCor
 628216 911956 python
 635460 603432 ray::TransferQu
 635538 601060 ray::SimpleStor
== 2026-09-05T21:23:41+09:00
Mem:            1007         145         826          43          83         861
    PID   RSS COMMAND
 637392 80951960 ray::WorkerDict
 637395 42024484 ray::WorkerDict
 637394 42022952 ray::WorkerDict
 637393 42018212 ray::WorkerDict
1317539 4836372 VLLM::Worker_TP
1317538 4830480 VLLM::Worker_TP
1280658 1235744 vllm
 634980 1048036 ray::TaskRunner
 628797 1021088 gcs_server
1317375 969380 VLLM::EngineCor
 628216 911956 python
 635460 603432 ray::TransferQu
 635538 601060 ray::SimpleStor
== 2026-09-05T21:24:01+09:00
Mem:            1007         143         827          43          83         863
    PID   RSS COMMAND
 637392 81651600 ray::WorkerDict
 637395 41544408 ray::WorkerDict
 637394 41542108 ray::WorkerDict
 637393 41538904 ray::WorkerDict
1317539 4836372 VLLM::Worker_TP
1317538 4830480 VLLM::Worker_TP
1280658 1235744 vllm
 634980 1048036 ray::TaskRunner
 628797 1021856 gcs_server
1317375 969380 VLLM::EngineCor
 628216 911956 python
 635460 603432 ray::TransferQu
 635538 601060 ray::SimpleStor
== 2026-09-05T21:24:21+09:00
Mem:            1007         145         826          43          84         862
    PID   RSS COMMAND
 637392 82241436 ray::WorkerDict
 637395 42134300 ray::WorkerDict
 637394 42131232 ray::WorkerDict
 637393 42129564 ray::WorkerDict
1317539 4836372 VLLM::Worker_TP
1317538 4830480 VLLM::Worker_TP
1280658 1235744 vllm
 634980 1048036 ray::TaskRunner
 628797 1022596 gcs_server
1317375 969380 VLLM::EngineCor
 628216 911956 python
 635460 603432 ray::TransferQu
 635538 601060 ray::SimpleStor
== 2026-09-05T21:24:41+09:00
Mem:            1007         146         824          43          84         860
    PID   RSS COMMAND
 637392 83005352 ray::WorkerDict
 637395 42896164 ray::WorkerDict
 637394 42893096 ray::WorkerDict
 637393 42891428 ray::WorkerDict
1317539 4836372 VLLM::Worker_TP
1317538 4830480 VLLM::Worker_TP
1280658 1235744 vllm
 634980 1048036 ray::TaskRunner
 628797 1023364 gcs_server
1317375 969380 VLLM::EngineCor
 628216 911956 python
 635460 603432 ray::TransferQu
 635538 601060 ray::SimpleStor
== 2026-09-05T21:25:01+09:00
Mem:            1007         144         825          43          84         862
    PID   RSS COMMAND
 637392 83874976 ray::WorkerDict
 637395 42587352 ray::WorkerDict
 637394 42584284 ray::WorkerDict
 637393 42582616 ray::WorkerDict
1317539 4836372 VLLM::Worker_TP
1317538 4830480 VLLM::Worker_TP
1280658 1235744 vllm
 634980 1048036 ray::TaskRunner
 628797 1023016 gcs_server
1317375 969380 VLLM::EngineCor
 628216 911956 python
 635460 603432 ray::TransferQu
 635538 601060 ray::SimpleStor
== 2026-09-05T21:25:21+09:00
Mem:            1007         146         824          43          85         861
    PID   RSS COMMAND
 637392 84521136 ray::WorkerDict
 637395 43233564 ray::WorkerDict
 637394 43230496 ray::WorkerDict
 637393 43228060 ray::WorkerDict
1317539 4836372 VLLM::Worker_TP
1317538 4830480 VLLM::Worker_TP
1280658 1235744 vllm
 634980 1048036 ray::TaskRunner
 628797 1026324 gcs_server
1317375 969380 VLLM::EngineCor
 628216 911956 python
 635460 603432 ray::TransferQu
 635538 601060 ray::SimpleStor
== 2026-09-05T21:25:41+09:00
Mem:            1007         147         822          43          85         859
    PID   RSS COMMAND
 637392 85241776 ray::WorkerDict
 637395 43951388 ray::WorkerDict
 637394 43949100 ray::WorkerDict
 637393 43946652 ray::WorkerDict
1317539 4836372 VLLM::Worker_TP
1317538 4830480 VLLM::Worker_TP
1280658 1235744 vllm
 634980 1048036 ray::TaskRunner
 628797 1025344 gcs_server
1317375 969380 VLLM::EngineCor
 628216 911956 python
 635460 603432 ray::TransferQu
 635538 601060 ray::SimpleStor
== 2026-09-05T21:26:01+09:00
Mem:            1007         146         823          43          86         861
    PID   RSS COMMAND
 637392 86175672 ray::WorkerDict
 637395 43707608 ray::WorkerDict
 637394 43706088 ray::WorkerDict
 637393 43702884 ray::WorkerDict
1317539 4836372 VLLM::Worker_TP
1317538 4830480 VLLM::Worker_TP
1280658 1235744 vllm
 634980 1048036 ray::TaskRunner
 628797 1025324 gcs_server
1317375 969380 VLLM::EngineCor
 628216 911956 python
 635460 603432 ray::TransferQu
 635538 601060 ray::SimpleStor
== 2026-09-05T21:26:21+09:00
Mem:            1007         147         821          43          86         860
    PID   RSS COMMAND
 637392 86821816 ray::WorkerDict
 637395 44354520 ray::WorkerDict
 637394 44352232 ray::WorkerDict
 637393 44349028 ray::WorkerDict
1317539 4836372 VLLM::Worker_TP
1317538 4830480 VLLM::Worker_TP
1280658 1235744 vllm
 634980 1048036 ray::TaskRunner
 628797 1026364 gcs_server
1317375 969380 VLLM::EngineCor
 628216 911956 python
 635460 603432 ray::TransferQu
 635538 601060 ray::SimpleStor
== 2026-09-05T21:26:41+09:00
Mem:            1007         148         819          43          86         858
    PID   RSS COMMAND
 637392 87674076 ray::WorkerDict
 637395 45206052 ray::WorkerDict
 637394 45203764 ray::WorkerDict
 637393 45200560 ray::WorkerDict
1317539 4836372 VLLM::Worker_TP
1317538 4830480 VLLM::Worker_TP
1280658 1235744 vllm
 634980 1048036 ray::TaskRunner
 628797 1025404 gcs_server
1317375 969380 VLLM::EngineCor
 628216 911956 python
 635460 603432 ray::TransferQu
 635538 601060 ray::SimpleStor
== 2026-09-05T21:27:01+09:00
Mem:            1007         147         821          43          87         860
    PID   RSS COMMAND
 637392 88541396 ray::WorkerDict
 637395 44894424 ray::WorkerDict
 637394 44892136 ray::WorkerDict
 637393 44888932 ray::WorkerDict
1317539 4836372 VLLM::Worker_TP
1317538 4830480 VLLM::Worker_TP
1280658 1235744 vllm
 634980 1048036 ray::TaskRunner
 628797 1026020 gcs_server
1317375 969380 VLLM::EngineCor
 628216 911956 python
 635460 603432 ray::TransferQu
 635538 601060 ray::SimpleStor
== 2026-09-05T21:27:21+09:00
Mem:            1007         148         819          43          87         858
    PID   RSS COMMAND
 637392 89228780 ray::WorkerDict
 637395 45579036 ray::WorkerDict
 637394 45577516 ray::WorkerDict
 637393 45574312 ray::WorkerDict
1317539 4836372 VLLM::Worker_TP
1317538 4830480 VLLM::Worker_TP
1280658 1235744 vllm
 634980 1048036 ray::TaskRunner
 628797 1023008 gcs_server
1317375 969380 VLLM::EngineCor
 628216 911956 python
 635460 603432 ray::TransferQu
 635538 601060 ray::SimpleStor
== 2026-09-05T21:27:41+09:00
Mem:            1007         150         817          43          88         857
    PID   RSS COMMAND
 637392 90167032 ray::WorkerDict
 637395 46520100 ray::WorkerDict
 637394 46517812 ray::WorkerDict
 637393 46514608 ray::WorkerDict
1317539 4836372 VLLM::Worker_TP
1317538 4830480 VLLM::Worker_TP
1280658 1235744 vllm
 634980 1048036 ray::TaskRunner
 628797 1023628 gcs_server
1317375 969380 VLLM::EngineCor
 628216 911956 python
 635460 603432 ray::TransferQu
 635538 601060 ray::SimpleStor
== 2026-09-05T21:28:01+09:00
Mem:            1007         149         818          43          88         858
    PID   RSS COMMAND
 637392 91158768 ray::WorkerDict
 637395 46331352 ray::WorkerDict
 637394 46329832 ray::WorkerDict
 637393 46327396 ray::WorkerDict
1317539 4836372 VLLM::Worker_TP
1317538 4830480 VLLM::Worker_TP
1280658 1235744 vllm
 634980 1048036 ray::TaskRunner
 628797 1023292 gcs_server
1317375 969380 VLLM::EngineCor
 628216 911956 python
 635460 603432 ray::TransferQu
 635538 601060 ray::SimpleStor
== 2026-09-05T21:28:21+09:00
Mem:            1007         150         816          43          88         857
    PID   RSS COMMAND
 637392 91921916 ray::WorkerDict
 637395 47092508 ray::WorkerDict
 637394 47091756 ray::WorkerDict
 637393 47088556 ray::WorkerDict
1317539 4836372 VLLM::Worker_TP
1317538 4830480 VLLM::Worker_TP
1280658 1235744 vllm
 634980 1048036 ray::TaskRunner
 628797 1022292 gcs_server
1317375 969380 VLLM::EngineCor
 628216 911956 python
 635460 603432 ray::TransferQu
 635538 601060 ray::SimpleStor
== 2026-09-05T21:28:41+09:00
Mem:            1007         151         814          43          89         855
    PID   RSS COMMAND
 637392 92615176 ray::WorkerDict
 637395 47787812 ray::WorkerDict
 637394 47787060 ray::WorkerDict
 637393 47783860 ray::WorkerDict
1317539 4836372 VLLM::Worker_TP
1317538 4830480 VLLM::Worker_TP
1280658 1235744 vllm
 634980 1048036 ray::TaskRunner
 628797 1024596 gcs_server
1317375 969380 VLLM::EngineCor
 628216 911956 python
 635460 603432 ray::TransferQu
 635538 601060 ray::SimpleStor
== 2026-09-05T21:29:01+09:00
Mem:            1007         149         816          43          89         857
    PID   RSS COMMAND
 637392 93339392 ray::WorkerDict
 637395 47332312 ray::WorkerDict
 637394 47330792 ray::WorkerDict
 637393 47327592 ray::WorkerDict
1317539 4836372 VLLM::Worker_TP
1317538 4830480 VLLM::Worker_TP
1280658 1235744 vllm
 634980 1048036 ray::TaskRunner
 628797 1021516 gcs_server
1317375 969380 VLLM::EngineCor
 628216 911956 python
 635460 603432 ray::TransferQu
 635538 601060 ray::SimpleStor
== 2026-09-05T21:29:21+09:00
Mem:            1007         151         814          43          89         856
    PID   RSS COMMAND
 637392 93908992 ray::WorkerDict
 637395 47901912 ray::WorkerDict
 637394 47899624 ray::WorkerDict
 637393 47896424 ray::WorkerDict
1317539 4836372 VLLM::Worker_TP
1317538 4830480 VLLM::Worker_TP
1280658 1235744 vllm
 634980 1048036 ray::TaskRunner
 628797 1021308 gcs_server
1317375 969380 VLLM::EngineCor
 628216 911956 python
 635460 603432 ray::TransferQu
 635538 601060 ray::SimpleStor
== 2026-09-05T21:29:41+09:00
Mem:            1007         152         813          43          90         855
    PID   RSS COMMAND
 637392 94523404 ray::WorkerDict
 637395 48516380 ray::WorkerDict
 637394 48514860 ray::WorkerDict
 637393 48512428 ray::WorkerDict
1317539 4836372 VLLM::Worker_TP
1317538 4830480 VLLM::Worker_TP
1280658 1235744 vllm
 634980 1048036 ray::TaskRunner
 628797 1021056 gcs_server
1317375 969380 VLLM::EngineCor
 628216 911956 python
 635460 603432 ray::TransferQu
 635538 601060 ray::SimpleStor
== 2026-09-05T21:30:01+09:00
Mem:            1007         153         811          43          90         853
    PID   RSS COMMAND
 637392 95181080 ray::WorkerDict
 637395 49174820 ray::WorkerDict
 637394 49173300 ray::WorkerDict
 637393 49170868 ray::WorkerDict
1317539 4836372 VLLM::Worker_TP
1317538 4830480 VLLM::Worker_TP
1280658 1235744 vllm
 634980 1048036 ray::TaskRunner
 628797 1019076 gcs_server
1317375 969380 VLLM::EngineCor
 628216 911956 python
 635460 603432 ray::TransferQu
 635538 601060 ray::SimpleStor
== 2026-09-05T21:30:21+09:00
Mem:            1007         151         813          43          90         856
    PID   RSS COMMAND
 637392 95783184 ray::WorkerDict
 637395 48593624 ray::WorkerDict
 637394 48592104 ray::WorkerDict
 637393 48589680 ray::WorkerDict
1317539 4836372 VLLM::Worker_TP
1317538 4830480 VLLM::Worker_TP
1280658 1235744 vllm
 634980 1048036 ray::TaskRunner
 628797 1016384 gcs_server
1317375 969380 VLLM::EngineCor
 628216 911956 python
 635460 603432 ray::TransferQu
 635538 601060 ray::SimpleStor
== 2026-09-05T21:30:41+09:00
Mem:            1007         152         812          43          90         855
    PID   RSS COMMAND
 637392 96299292 ray::WorkerDict
 637395 49112604 ray::WorkerDict
 637394 49111084 ray::WorkerDict
 637393 49108660 ray::WorkerDict
1317539 4836372 VLLM::Worker_TP
1317538 4830480 VLLM::Worker_TP
1280658 1235744 vllm
 634980 1048036 ray::TaskRunner
 628797 1017088 gcs_server
1317375 969380 VLLM::EngineCor
 628216 911956 python
 635460 603432 ray::TransferQu
 635538 601060 ray::SimpleStor
== 2026-09-05T21:31:01+09:00
Mem:            1007         153         810          43          91         853
    PID   RSS COMMAND
 637392 96955676 ray::WorkerDict
 637395 49768988 ray::WorkerDict
 637394 49766700 ray::WorkerDict
 637393 49765044 ray::WorkerDict
1317539 4836372 VLLM::Worker_TP
1317538 4830480 VLLM::Worker_TP
1280658 1235744 vllm
 634980 1048036 ray::TaskRunner
 628797 1018564 gcs_server
1317375 969380 VLLM::EngineCor
 628216 911956 python
 635460 603432 ray::TransferQu
 635538 601060 ray::SimpleStor
== 2026-09-05T21:31:21+09:00
Mem:            1007         155         809          43          91         852
    PID   RSS COMMAND
 637392 97736232 ray::WorkerDict
 637395 50548772 ray::WorkerDict
 637394 50547252 ray::WorkerDict
 637393 50544828 ray::WorkerDict
1317539 4836372 VLLM::Worker_TP
1317538 4830480 VLLM::Worker_TP
1280658 1235744 vllm
 634980 1048036 ray::TaskRunner
 628797 1020100 gcs_server
1317375 969380 VLLM::EngineCor
 628216 911956 python
 635460 603432 ray::TransferQu
 635538 601060 ray::SimpleStor
== 2026-09-05T21:31:41+09:00
Mem:            1007         152         810          43          91         854
    PID   RSS COMMAND
 637392 98391840 ray::WorkerDict
 637395 50025432 ray::WorkerDict
 637394 50023144 ray::WorkerDict
 637393 50021488 ray::WorkerDict
1317539 4836372 VLLM::Worker_TP
1317538 4830480 VLLM::Worker_TP
1280658 1235744 vllm
 634980 1048036 ray::TaskRunner
 628797 1020100 gcs_server
1317375 969380 VLLM::EngineCor
 628216 911956 python
 635460 603432 ray::TransferQu
 635538 601060 ray::SimpleStor
== 2026-09-05T21:32:01+09:00
Mem:            1007         154         808          43          92         852
    PID   RSS COMMAND
 637392 99290160 ray::WorkerDict
 637395 50922524 ray::WorkerDict
 637394 50920236 ray::WorkerDict
 637393 50918580 ray::WorkerDict
1317539 4836372 VLLM::Worker_TP
1317538 4830480 VLLM::Worker_TP
1280658 1235744 vllm
 634980 1048036 ray::TaskRunner
 628797 1020100 gcs_server
1317375 969380 VLLM::EngineCor
 628216 911956 python
 635460 603432 ray::TransferQu
 635538 601060 ray::SimpleStor
== 2026-09-05T21:32:21+09:00
Mem:            1007         153         809          43          92         854
    PID   RSS COMMAND
 637392 100380212 ray::WorkerDict
 637395 50834136 ray::WorkerDict
 637394 50832616 ray::WorkerDict
 637393 50830960 ray::WorkerDict
1317539 4836372 VLLM::Worker_TP
1317538 4830480 VLLM::Worker_TP
1280658 1235744 vllm
 634980 1048036 ray::TaskRunner
 628797 1020324 gcs_server
1317375 969380 VLLM::EngineCor
 628216 911956 python
 635460 603432 ray::TransferQu
 635538 601060 ray::SimpleStor
== 2026-09-05T21:32:41+09:00
Mem:            1007         155         807          43          93         852
    PID   RSS COMMAND
 637392 101215040 ray::WorkerDict
 637395 51670556 ray::WorkerDict
 637394 51669036 ray::WorkerDict
 637393 51665844 ray::WorkerDict
1317539 4836372 VLLM::Worker_TP
1317538 4830480 VLLM::Worker_TP
1280658 1235744 vllm
 634980 1048036 ray::TaskRunner
 628797 1021860 gcs_server
1317375 969380 VLLM::EngineCor
 628216 911956 python
 635460 603432 ray::TransferQu
 635538 601060 ray::SimpleStor
== 2026-09-05T21:33:02+09:00
Mem:            1007         157         804          43          93         850
    PID   RSS COMMAND
 637392 102344780 ray::WorkerDict
 637395 52800292 ray::WorkerDict
 637394 52798004 ray::WorkerDict
 637393 52794812 ray::WorkerDict
1317539 4836372 VLLM::Worker_TP
1317538 4830480 VLLM::Worker_TP
1280658 1235744 vllm
 634980 1048036 ray::TaskRunner
 628797 1017328 gcs_server
1317375 969380 VLLM::EngineCor
 628216 911956 python
 635460 603432 ray::TransferQu
 635538 601060 ray::SimpleStor
== 2026-09-05T21:33:22+09:00
Mem:            1007         155         805          43          94         851
    PID   RSS COMMAND
 637392 103216452 ray::WorkerDict
 637395 52491480 ray::WorkerDict
 637394 52489960 ray::WorkerDict
 637393 52487536 ray::WorkerDict
1317539 4836372 VLLM::Worker_TP
1317538 4830480 VLLM::Worker_TP
1280658 1235744 vllm
 634980 1048036 ray::TaskRunner
 628797 1016880 gcs_server
1317375 969380 VLLM::EngineCor
 628216 911956 python
 635460 603432 ray::TransferQu
 635538 601060 ray::SimpleStor
== 2026-09-05T21:33:42+09:00
Mem:            1007         157         803          43          94         850
    PID   RSS COMMAND
 637392 104018768 ray::WorkerDict
 637395 53290268 ray::WorkerDict
 637394 53289524 ray::WorkerDict
 637393 53287092 ray::WorkerDict
1317539 4836372 VLLM::Worker_TP
1317538 4830480 VLLM::Worker_TP
1280658 1235744 vllm
 634980 1048036 ray::TaskRunner
 628797 1017648 gcs_server
1317375 969380 VLLM::EngineCor
 628216 911956 python
 635460 603432 ray::TransferQu
 635538 601060 ray::SimpleStor
== 2026-09-05T21:34:02+09:00
Mem:            1007         158         801          43          94         848
    PID   RSS COMMAND
 637392 104871004 ray::WorkerDict
 637395 54144548 ray::WorkerDict
 637394 54143804 ray::WorkerDict
 637393 54141372 ray::WorkerDict
1317539 4836372 VLLM::Worker_TP
1317538 4830480 VLLM::Worker_TP
1280658 1235744 vllm
 634980 1048036 ray::TaskRunner
 628797 1017644 gcs_server
1317375 969380 VLLM::EngineCor
 628216 911956 python
 635460 603432 ray::TransferQu
 635538 601060 ray::SimpleStor
== 2026-09-05T21:34:22+09:00
Mem:            1007         156         803          43          95         850
    PID   RSS COMMAND
 637392 105489748 ray::WorkerDict
 637395 53583576 ray::WorkerDict
 637394 53582064 ray::WorkerDict
 637393 53580400 ray::WorkerDict
1317539 4836372 VLLM::Worker_TP
1317538 4830480 VLLM::Worker_TP
1280658 1235744 vllm
 634980 1048036 ray::TaskRunner
 628797 1018412 gcs_server
1317375 969380 VLLM::EngineCor
 628216 911956 python
 635460 603432 ray::TransferQu
 635538 601060 ray::SimpleStor
== 2026-09-05T21:34:42+09:00
Mem:            1007         158         801          43          95         849
    PID   RSS COMMAND
 637392 106227040 ray::WorkerDict
 637394 54319412 ray::WorkerDict
 637395 54319388 ray::WorkerDict
 637393 54316980 ray::WorkerDict
1317539 4836372 VLLM::Worker_TP
1317538 4830480 VLLM::Worker_TP
1280658 1235744 vllm
 634980 1048036 ray::TaskRunner
 628797 1017628 gcs_server
1317375 969380 VLLM::EngineCor
 628216 911956 python
 635460 603432 ray::TransferQu
 635538 601060 ray::SimpleStor
== 2026-09-05T21:35:02+09:00
Mem:            1007         159         799          43          96         847
    PID   RSS COMMAND
 637392 107076972 ray::WorkerDict
 637395 55170084 ray::WorkerDict
 637394 55169340 ray::WorkerDict
 637393 55167676 ray::WorkerDict
1317539 4836372 VLLM::Worker_TP
1317538 4830480 VLLM::Worker_TP
1280658 1235744 vllm
 634980 1048036 ray::TaskRunner
 628797 1018356 gcs_server
1317375 969380 VLLM::EngineCor
 628216 911956 python
 635460 603432 ray::TransferQu
 635538 601060 ray::SimpleStor
== 2026-09-05T21:35:22+09:00
Mem:            1007         157         801          43          96         849
    PID   RSS COMMAND
 637392 107768676 ray::WorkerDict
 637395 54682840 ray::WorkerDict
 637394 54681328 ray::WorkerDict
 637393 54679664 ray::WorkerDict
1317539 4836372 VLLM::Worker_TP
1317538 4830480 VLLM::Worker_TP
1280658 1235744 vllm
 634980 1048036 ray::TaskRunner
 628797 1018356 gcs_server
1317375 969380 VLLM::EngineCor
 628216 911956 python
 635460 603432 ray::TransferQu
 635538 601060 ray::SimpleStor
== 2026-09-05T21:35:42+09:00
Mem:            1007         159         799          43          96         848
    PID   RSS COMMAND
 637392 108501616 ray::WorkerDict
 637395 55415068 ray::WorkerDict
 637394 55414328 ray::WorkerDict
 637393 55411892 ray::WorkerDict
1317539 4836372 VLLM::Worker_TP
1317538 4830480 VLLM::Worker_TP
1280658 1235744 vllm
 634980 1048036 ray::TaskRunner
 628797 1016724 gcs_server
1317375 969380 VLLM::EngineCor
 628216 911956 python
 635460 603432 ray::TransferQu
 635538 601060 ray::SimpleStor
== 2026-09-05T21:36:02+09:00
Mem:            1007         161         797          43          97         846
    PID   RSS COMMAND
 637392 109427580 ray::WorkerDict
 637394 56340288 ray::WorkerDict
 637395 56340260 ray::WorkerDict
 637393 56337852 ray::WorkerDict
1317539 4836372 VLLM::Worker_TP
1317538 4830480 VLLM::Worker_TP
1280658 1235744 vllm
 634980 1048036 ray::TaskRunner
 628797 1016208 gcs_server
1317375 969380 VLLM::EngineCor
 628216 911956 python
 635460 603432 ray::TransferQu
 635538 601060 ray::SimpleStor
== 2026-09-05T21:36:22+09:00
Mem:            1007         159         799          43          97         848
    PID   RSS COMMAND
 637392 110120052 ray::WorkerDict
 637395 55853784 ray::WorkerDict
 637394 55853044 ray::WorkerDict
 637393 55850608 ray::WorkerDict
1317539 4836372 VLLM::Worker_TP
1317538 4830480 VLLM::Worker_TP
1280658 1235744 vllm
 634980 1048036 ray::TaskRunner
 628797 1016436 gcs_server
1317375 969380 VLLM::EngineCor
 628216 911956 python
 635460 603432 ray::TransferQu
 635538 601060 ray::SimpleStor
== 2026-09-05T21:36:42+09:00
Mem:            1007         160         797          43          97         847
    PID   RSS COMMAND
 637392 110855808 ray::WorkerDict
 637394 56589624 ray::WorkerDict
 637395 56589596 ray::WorkerDict
 637393 56587188 ray::WorkerDict
1317539 4836372 VLLM::Worker_TP
1317538 4830480 VLLM::Worker_TP
1280658 1235744 vllm
 634980 1048036 ray::TaskRunner
 628797 1018624 gcs_server
1317375 969380 VLLM::EngineCor
 628216 911956 python
 635460 603432 ray::TransferQu
 635538 601060 ray::SimpleStor
== 2026-09-05T21:37:02+09:00
Mem:            1007         162         795          43          98         845
    PID   RSS COMMAND
 637392 111723916 ray::WorkerDict
 637394 57456960 ray::WorkerDict
 637395 57456932 ray::WorkerDict
 637393 57454524 ray::WorkerDict
1317539 4836372 VLLM::Worker_TP
1317538 4830480 VLLM::Worker_TP
1280658 1235744 vllm
 634980 1048036 ray::TaskRunner
 628797 1017244 gcs_server
1317375 969380 VLLM::EngineCor
 628216 911956 python
 635460 603432 ray::TransferQu
 635538 601060 ray::SimpleStor
== 2026-09-05T21:37:22+09:00
Mem:            1007         160         796          43          98         847
    PID   RSS COMMAND
 637392 112400516 ray::WorkerDict
 637394 56953852 ray::WorkerDict
 637395 56953816 ray::WorkerDict
 637393 56951408 ray::WorkerDict
1317539 4836372 VLLM::Worker_TP
1317538 4830480 VLLM::Worker_TP
1280658 1235744 vllm
 634980 1048036 ray::TaskRunner
 628797 1018012 gcs_server
1317375 969380 VLLM::EngineCor
 628216 911956 python
 635460 603432 ray::TransferQu
 635538 601060 ray::SimpleStor
== 2026-09-05T21:37:42+09:00
Mem:            1007         161         795          43          98         846
    PID   RSS COMMAND
 637392 113087120 ray::WorkerDict
 637394 57640512 ray::WorkerDict
 637395 57640476 ray::WorkerDict
 637393 57637300 ray::WorkerDict
1317539 4836372 VLLM::Worker_TP
1317538 4830480 VLLM::Worker_TP
1280658 1235744 vllm
 634980 1048036 ray::TaskRunner
 628797 1017116 gcs_server
1317375 969380 VLLM::EngineCor
 628216 911956 python
 635460 603432 ray::TransferQu
 635538 601060 ray::SimpleStor
== 2026-09-05T21:38:02+09:00
Mem:            1007         162         793          43          99         844
    PID   RSS COMMAND
 637392 113824412 ray::WorkerDict
 637395 58378532 ray::WorkerDict
 637394 58377800 ray::WorkerDict
 637393 58375356 ray::WorkerDict
1317539 4836372 VLLM::Worker_TP
1317538 4830480 VLLM::Worker_TP
1280658 1235744 vllm
 634980 1048036 ray::TaskRunner
 628797 1017068 gcs_server
1317375 969380 VLLM::EngineCor
 628216 911956 python
 635460 603432 ray::TransferQu
 635538 601060 ray::SimpleStor
== 2026-09-05T21:38:22+09:00
Mem:            1007         161         794          43          99         846
    PID   RSS COMMAND
 637392 114727084 ray::WorkerDict
1317539 4836372 VLLM::Worker_TP
1317538 4830480 VLLM::Worker_TP
 637395 1428860 ray::WorkerDict
 637394 1427920 ray::WorkerDict
 637393 1426428 ray::WorkerDict
1280658 1235744 vllm
 634980 1048036 ray::TaskRunner
 628797 1015788 gcs_server
1317375 969380 VLLM::EngineCor
 628216 911956 python
 635460 603432 ray::TransferQu
 635538 601060 ray::SimpleStor
== 2026-09-05T21:38:42+09:00
Mem:            1007         126         828          43         100         880
    PID   RSS COMMAND
 637392 48051720 ray::WorkerDict
1317539 4836372 VLLM::Worker_TP
1317538 4830480 VLLM::Worker_TP
 637395 1444220 ray::WorkerDict
 637394 1444048 ray::WorkerDict
 637393 1442556 ray::WorkerDict
1280658 1235744 vllm
 634980 1048036 ray::TaskRunner
 628797 1016000 gcs_server
1317375 969380 VLLM::EngineCor
 628216 911956 python
 635460 603432 ray::TransferQu
 635538 601060 ray::SimpleStor
== 2026-09-05T21:39:02+09:00
Mem:            1007         109         844          43         102         898
    PID   RSS COMMAND
1317539 4836372 VLLM::Worker_TP
1317538 4830480 VLLM::Worker_TP
 637392 1533344 ray::WorkerDict
 637395 1514692 ray::WorkerDict
 637394 1512896 ray::WorkerDict
 637393 1512336 ray::WorkerDict
1280658 1235744 vllm
 634980 1101796 ray::TaskRunner
 628797 1021876 gcs_server
1317375 969380 VLLM::EngineCor
 628216 911956 python
 635460 603432 ray::TransferQu
 635538 601060 ray::SimpleStor
== 2026-09-05T21:39:22+09:00
Mem:            1007         116         836          43         102         891
    PID   RSS COMMAND
1317539 4836372 VLLM::Worker_TP
1317538 4830480 VLLM::Worker_TP
 637392 1533344 ray::WorkerDict
 637395 1514692 ray::WorkerDict
 637394 1512896 ray::WorkerDict
 637393 1512336 ray::WorkerDict
 716402 1397268 ray::vLLMHttpSe
 716395 1389112 ray::vLLMHttpSe
 716385 1379224 ray::vLLMHttpSe
 716414 1374008 ray::vLLMHttpSe
1280658 1235744 vllm
 634980 1107940 ray::TaskRunner
 628797 1023840 gcs_server
== 2026-09-05T21:39:42+09:00
Mem:            1007         120         833          43         102         887
    PID   RSS COMMAND
1317539 4836372 VLLM::Worker_TP
1317538 4830480 VLLM::Worker_TP
 637392 1533344 ray::WorkerDict
 637395 1514692 ray::WorkerDict
 637394 1512896 ray::WorkerDict
 637393 1512336 ray::WorkerDict
 716402 1397268 ray::vLLMHttpSe
 716395 1389112 ray::vLLMHttpSe
 716385 1379992 ray::vLLMHttpSe
 716414 1374008 ray::vLLMHttpSe
1280658 1235744 vllm
 634980 1107940 ray::TaskRunner
 717290 1047896 VLLM::Worker
== 2026-09-05T21:40:02+09:00
Mem:            1007         121         831          44         103         885
    PID   RSS COMMAND
1317539 4836372 VLLM::Worker_TP
1317538 4830480 VLLM::Worker_TP
 637392 1533344 ray::WorkerDict
 637395 1514692 ray::WorkerDict
 637394 1512896 ray::WorkerDict
 637393 1512336 ray::WorkerDict
 717290 1462060 VLLM::Worker
 717292 1458660 VLLM::Worker
 717291 1457272 VLLM::Worker
 717289 1456120 VLLM::Worker
 716402 1397268 ray::vLLMHttpSe
 716395 1389112 ray::vLLMHttpSe
 716385 1379992 ray::vLLMHttpSe
== 2026-09-05T21:40:22+09:00
Mem:            1007         122         830          44         103         885
    PID   RSS COMMAND
 717289 4838168 VLLM::Worker
 717290 4836560 VLLM::Worker
1317539 4836372 VLLM::Worker_TP
 717291 4834064 VLLM::Worker
1317538 4830480 VLLM::Worker_TP
 717292 4828396 VLLM::Worker
 637392 1533344 ray::WorkerDict
 637395 1514692 ray::WorkerDict
 637394 1512896 ray::WorkerDict
 637393 1512336 ray::WorkerDict
 716402 1397268 ray::vLLMHttpSe
 716395 1389112 ray::vLLMHttpSe
 716385 1379992 ray::vLLMHttpSe
== 2026-09-05T21:40:42+09:00
Mem:            1007         122         830          44         103         885
    PID   RSS COMMAND
 717290 4952868 VLLM::Worker
 717292 4950112 VLLM::Worker
 717289 4933772 VLLM::Worker
 717291 4933764 VLLM::Worker
1317539 4836372 VLLM::Worker_TP
1317538 4830480 VLLM::Worker_TP
 637392 1533344 ray::WorkerDict
 637395 1514692 ray::WorkerDict
 637394 1512896 ray::WorkerDict
 637393 1512336 ray::WorkerDict
 716402 1397268 ray::vLLMHttpSe
 716395 1389112 ray::vLLMHttpSe
 716385 1379992 ray::vLLMHttpSe
== 2026-09-05T21:41:02+09:00
Mem:            1007         122         831          44         103         885
    PID   RSS COMMAND
 717291 5077484 VLLM::Worker
 717289 5076724 VLLM::Worker
 717290 5075084 VLLM::Worker
 717292 5072328 VLLM::Worker
1317539 4836372 VLLM::Worker_TP
1317538 4830480 VLLM::Worker_TP
 637392 1533344 ray::WorkerDict
 637395 1514692 ray::WorkerDict
 637394 1512896 ray::WorkerDict
 637393 1512336 ray::WorkerDict
 716402 1397268 ray::vLLMHttpSe
 716395 1389112 ray::vLLMHttpSe
 716385 1379992 ray::vLLMHttpSe
== 2026-09-05T21:41:22+09:00
Mem:            1007         129         824          48         107         878
    PID   RSS COMMAND
1317539 4836372 VLLM::Worker_TP
1317538 4829712 VLLM::Worker_TP
 717291 3411952 VLLM::Worker
 717289 3411752 VLLM::Worker
 717290 3410752 VLLM::Worker
 717292 3409304 VLLM::Worker
 637392 1533344 ray::WorkerDict
 637395 1514692 ray::WorkerDict
 637394 1512896 ray::WorkerDict
 637393 1512336 ray::WorkerDict
 716402 1397268 ray::vLLMHttpSe
 716395 1389112 ray::vLLMHttpSe
 716385 1379992 ray::vLLMHttpSe
== 2026-09-05T21:41:42+09:00
Mem:            1007         129         823          48         107         878
    PID   RSS COMMAND
1317539 4836372 VLLM::Worker_TP
1317538 4829712 VLLM::Worker_TP
 717291 3444976 VLLM::Worker
 717290 3443776 VLLM::Worker
 717289 3443240 VLLM::Worker
 717292 3439256 VLLM::Worker
 637392 1533344 ray::WorkerDict
 637395 1514692 ray::WorkerDict
 637394 1512896 ray::WorkerDict
 637393 1512336 ray::WorkerDict
 716402 1397268 ray::vLLMHttpSe
 716395 1389112 ray::vLLMHttpSe
 716385 1379992 ray::vLLMHttpSe
== 2026-09-05T21:42:02+09:00
Mem:            1007         221         730         136         195         785
    PID   RSS COMMAND
 717291 27768428 VLLM::Worker
 717289 27161828 VLLM::Worker
 717290 26588956 VLLM::Worker
 717292 26580388 VLLM::Worker
1317539 4836372 VLLM::Worker_TP
1317538 4829712 VLLM::Worker_TP
 637392 1533344 ray::WorkerDict
 637395 1514692 ray::WorkerDict
 637394 1512896 ray::WorkerDict
 637393 1512336 ray::WorkerDict
 716385 1478540 ray::vLLMHttpSe
 716402 1471296 ray::vLLMHttpSe
 716414 1467296 ray::vLLMHttpSe
== 2026-09-05T21:42:22+09:00
Mem:            1007         457         494         368         428         549
    PID   RSS COMMAND
 717289 87880676 VLLM::Worker
 717290 87877660 VLLM::Worker
 717291 87863660 VLLM::Worker
 717292 87852196 VLLM::Worker
1317539 4836372 VLLM::Worker_TP
1317538 4829712 VLLM::Worker_TP
 637392 1533344 ray::WorkerDict
 637395 1514692 ray::WorkerDict
 637394 1514432 ray::WorkerDict
 637393 1512336 ray::WorkerDict
 716385 1478540 ray::vLLMHttpSe
 716402 1471296 ray::vLLMHttpSe
 716414 1467296 ray::vLLMHttpSe
== 2026-09-05T21:42:43+09:00
Mem:            1007         576         375         368         428         430
    PID   RSS COMMAND
 717289 87880676 VLLM::Worker
 717290 87877660 VLLM::Worker
 717291 87863660 VLLM::Worker
 717292 87852196 VLLM::Worker
 637392 32607540 ray::WorkerDict
 637395 32606460 ray::WorkerDict
 637394 32601448 ray::WorkerDict
 637393 32595800 ray::WorkerDict
1317539 4836372 VLLM::Worker_TP
1317538 4829712 VLLM::Worker_TP
 716385 1478540 ray::vLLMHttpSe
 716402 1471296 ray::vLLMHttpSe
 716414 1467296 ray::vLLMHttpSe
== 2026-09-05T21:43:03+09:00
Mem:            1007         687         264         368         428         319
    PID   RSS COMMAND
 717289 87880676 VLLM::Worker
 717290 87877660 VLLM::Worker
 717291 87863660 VLLM::Worker
 717292 87852196 VLLM::Worker
 637392 61827856 ray::WorkerDict
 637394 61715212 ray::WorkerDict
 637395 61691660 ray::WorkerDict
 637393 61588436 ray::WorkerDict
1317539 4836372 VLLM::Worker_TP
1317538 4829712 VLLM::Worker_TP
 716385 1478540 ray::vLLMHttpSe
 716402 1471296 ray::vLLMHttpSe
 716414 1467296 ray::vLLMHttpSe
== 2026-09-05T21:43:23+09:00
Mem:            1007         691         261         368         428         316
    PID   RSS COMMAND
 717289 87880676 VLLM::Worker
 717290 87877660 VLLM::Worker
 717291 87863660 VLLM::Worker
 717292 87852196 VLLM::Worker
 637395 62819364 ray::WorkerDict
 637392 62581680 ray::WorkerDict
 637393 62278208 ray::WorkerDict
 637394 62154272 ray::WorkerDict
1317539 4836372 VLLM::Worker_TP
1317538 4829712 VLLM::Worker_TP
 716385 1478540 ray::vLLMHttpSe
 716402 1471296 ray::vLLMHttpSe
 716414 1467296 ray::vLLMHttpSe
== 2026-09-05T21:43:43+09:00
Mem:            1007         690         262         368         428         317
    PID   RSS COMMAND
 717289 87929828 VLLM::Worker
 717290 87926812 VLLM::Worker
 717291 87912812 VLLM::Worker
 717292 87901348 VLLM::Worker
 637392 62304196 ray::WorkerDict
 637395 62270140 ray::WorkerDict
 637394 62166700 ray::WorkerDict
 637393 62165360 ray::WorkerDict
1317539 4836372 VLLM::Worker_TP
1317538 4829712 VLLM::Worker_TP
 716385 1478540 ray::vLLMHttpSe
 716402 1471296 ray::vLLMHttpSe
 716414 1467296 ray::vLLMHttpSe
== 2026-09-05T21:44:03+09:00
Mem:            1007         683         325         368         370         323
    PID   RSS COMMAND
 717289 87661796 VLLM::Worker
 717290 87660316 VLLM::Worker
 717291 87645548 VLLM::Worker
 717292 87636388 VLLM::Worker
 637392 62032620 ray::WorkerDict
 637395 62030556 ray::WorkerDict
 637394 61929388 ray::WorkerDict
 637393 61925996 ray::WorkerDict
1317539 4824084 VLLM::Worker_TP
1317538 4814352 VLLM::Worker_TP
 716385 1268876 ray::vLLMHttpSe
 716402 1257792 ray::vLLMHttpSe
 716414 1255328 ray::vLLMHttpSe
== 2026-09-05T21:44:23+09:00
Mem:            1007         684         325         368         370         323
    PID   RSS COMMAND
 717289 87664868 VLLM::Worker
 717290 87663388 VLLM::Worker
 717291 87646316 VLLM::Worker
 717292 87637924 VLLM::Worker
 637395 62029788 ray::WorkerDict
 637392 62028780 ray::WorkerDict
 637394 61930156 ray::WorkerDict
 637393 61926764 ray::WorkerDict
1317539 4822548 VLLM::Worker_TP
1317538 4813584 VLLM::Worker_TP
 716385 1268876 ray::vLLMHttpSe
 716402 1257792 ray::vLLMHttpSe
 716414 1255328 ray::vLLMHttpSe
== 2026-09-05T21:44:43+09:00
Mem:            1007         684         325         368         370         323
    PID   RSS COMMAND
 717289 87665636 VLLM::Worker
 717290 87664924 VLLM::Worker
 717291 87650156 VLLM::Worker
 717292 87636388 VLLM::Worker
 637392 62031852 ray::WorkerDict
 637395 62029788 ray::WorkerDict
 637394 61930924 ray::WorkerDict
 637393 61927532 ray::WorkerDict
1317539 4820244 VLLM::Worker_TP
1317538 4813584 VLLM::Worker_TP
 716385 1268876 ray::vLLMHttpSe
 716402 1257792 ray::vLLMHttpSe
 716414 1255328 ray::vLLMHttpSe
== 2026-09-05T21:45:03+09:00
Mem:            1007         683         326         368         370         323
    PID   RSS COMMAND
 717289 87664100 VLLM::Worker
 717290 87663388 VLLM::Worker
 717291 87646316 VLLM::Worker
 717292 87636388 VLLM::Worker
 637395 62033628 ray::WorkerDict
 637392 62028780 ray::WorkerDict
 637393 61926764 ray::WorkerDict
 637394 61926316 ray::WorkerDict
1317539 4820244 VLLM::Worker_TP
1317538 4813584 VLLM::Worker_TP
 716385 1268876 ray::vLLMHttpSe
 716402 1257792 ray::vLLMHttpSe
 716414 1255328 ray::vLLMHttpSe
== 2026-09-05T21:45:23+09:00
Mem:            1007         683         325         368         370         323
    PID   RSS COMMAND
 717289 87666404 VLLM::Worker
 717290 87661852 VLLM::Worker
 717291 87648620 VLLM::Worker
 717292 87635620 VLLM::Worker
 637395 62035164 ray::WorkerDict
 637392 62031084 ray::WorkerDict
 637394 61929388 ray::WorkerDict
 637393 61928300 ray::WorkerDict
1317539 4821012 VLLM::Worker_TP
1317538 4813584 VLLM::Worker_TP
 716385 1268876 ray::vLLMHttpSe
 716402 1257792 ray::vLLMHttpSe
 716414 1255328 ray::vLLMHttpSe
== 2026-09-05T21:45:43+09:00
Mem:            1007         684         325         368         370         323
    PID   RSS COMMAND
 717290 87663388 VLLM::Worker
 717289 87661796 VLLM::Worker
 717291 87647852 VLLM::Worker
 717292 87636388 VLLM::Worker
 637395 62032092 ray::WorkerDict
 637392 62031084 ray::WorkerDict
 637394 61927852 ray::WorkerDict
 637393 61926764 ray::WorkerDict
1317539 4817940 VLLM::Worker_TP
1317538 4813584 VLLM::Worker_TP
 716385 1268876 ray::vLLMHttpSe
 716402 1257792 ray::vLLMHttpSe
 716414 1255328 ray::vLLMHttpSe
== 2026-09-05T21:46:03+09:00
Mem:            1007         684         325         368         370         323
    PID   RSS COMMAND
 717289 87664100 VLLM::Worker
 717290 87662620 VLLM::Worker
 717291 87647084 VLLM::Worker
 717292 87636388 VLLM::Worker
 637395 62032092 ray::WorkerDict
 637392 62030316 ray::WorkerDict
 637393 61929836 ray::WorkerDict
 637394 61929388 ray::WorkerDict
1317539 4819476 VLLM::Worker_TP
1317538 4812048 VLLM::Worker_TP
 716385 1268876 ray::vLLMHttpSe
 716402 1257792 ray::vLLMHttpSe
 716414 1255328 ray::vLLMHttpSe
== 2026-09-05T21:46:23+09:00
Mem:            1007         684         325         368         370         323
    PID   RSS COMMAND
 717290 87666460 VLLM::Worker
 717289 87665636 VLLM::Worker
 717291 87650924 VLLM::Worker
 717292 87636388 VLLM::Worker
 637395 62035164 ray::WorkerDict
 637392 62032620 ray::WorkerDict
 637393 61930604 ray::WorkerDict
 637394 61928620 ray::WorkerDict
1317539 4817172 VLLM::Worker_TP
1317538 4808976 VLLM::Worker_TP
 716385 1268876 ray::vLLMHttpSe
 716402 1257792 ray::vLLMHttpSe
 716414 1255328 ray::vLLMHttpSe
== 2026-09-05T21:46:43+09:00
Mem:            1007         684         325         368         370         323
    PID   RSS COMMAND
 717290 87664924 VLLM::Worker
 717289 87664868 VLLM::Worker
 717291 87647852 VLLM::Worker
 717292 87637156 VLLM::Worker
 637395 62032860 ray::WorkerDict
 637392 62031084 ray::WorkerDict
 637393 61928300 ray::WorkerDict
 637394 61927852 ray::WorkerDict
1317539 4815636 VLLM::Worker_TP
1317538 4808976 VLLM::Worker_TP
 716385 1268876 ray::vLLMHttpSe
 716402 1257792 ray::vLLMHttpSe
 716414 1255328 ray::vLLMHttpSe
== 2026-09-05T21:47:03+09:00
Mem:            1007         684         325         368         370         323
    PID   RSS COMMAND
 717289 87666404 VLLM::Worker
 717290 87664924 VLLM::Worker
 717291 87649388 VLLM::Worker
 717292 87637924 VLLM::Worker
 637395 62039004 ray::WorkerDict
 637392 62035692 ray::WorkerDict
 637393 61932908 ray::WorkerDict
 637394 61930924 ray::WorkerDict
1317539 4815636 VLLM::Worker_TP
1317538 4808976 VLLM::Worker_TP
 716385 1268876 ray::vLLMHttpSe
 716402 1257792 ray::vLLMHttpSe
 716414 1255328 ray::vLLMHttpSe
== 2026-09-05T21:47:23+09:00
Mem:            1007         685         324         368         370         322
    PID   RSS COMMAND
 717289 87666404 VLLM::Worker
 717290 87665692 VLLM::Worker
 717291 87649388 VLLM::Worker
 717292 87638692 VLLM::Worker
 637395 62040540 ray::WorkerDict
 637392 62036460 ray::WorkerDict
 637393 61933676 ray::WorkerDict
 637394 61931692 ray::WorkerDict
1317539 4816404 VLLM::Worker_TP
1317538 4808976 VLLM::Worker_TP
 716385 1268876 ray::vLLMHttpSe
 716402 1257792 ray::vLLMHttpSe
 716414 1255328 ray::vLLMHttpSe
== 2026-09-05T21:47:43+09:00
Mem:            1007         685         324         368         370         322
    PID   RSS COMMAND
 717289 87666404 VLLM::Worker
 717290 87665692 VLLM::Worker
 717291 87649388 VLLM::Worker
 717292 87638692 VLLM::Worker
 637395 62040540 ray::WorkerDict
 637392 62036460 ray::WorkerDict
 637393 61933676 ray::WorkerDict
 637394 61931692 ray::WorkerDict
1317539 4816404 VLLM::Worker_TP
1317538 4808976 VLLM::Worker_TP
 716385 1268876 ray::vLLMHttpSe
 716402 1257792 ray::vLLMHttpSe
 716414 1255328 ray::vLLMHttpSe
== 2026-09-05T21:48:03+09:00
Mem:            1007         686         323         368         370         321
    PID   RSS COMMAND
 717289 87666404 VLLM::Worker
 717290 87665692 VLLM::Worker
 717291 87649388 VLLM::Worker
 717292 87638692 VLLM::Worker
 637395 62040540 ray::WorkerDict
 637392 62037228 ray::WorkerDict
 637393 61933676 ray::WorkerDict
 637394 61931692 ray::WorkerDict
1317539 4816404 VLLM::Worker_TP
1317538 4808976 VLLM::Worker_TP
 716385 1268876 ray::vLLMHttpSe
 716402 1257792 ray::vLLMHttpSe
 716414 1255328 ray::vLLMHttpSe
== 2026-09-05T21:48:23+09:00
Mem:            1007         686         322         368         370         320
    PID   RSS COMMAND
 717289 87666404 VLLM::Worker
 717290 87665692 VLLM::Worker
 717291 87649388 VLLM::Worker
 717292 87638692 VLLM::Worker
 637395 62040540 ray::WorkerDict
 637392 62037228 ray::WorkerDict
 637393 61933676 ray::WorkerDict
 637394 61931692 ray::WorkerDict
1317539 4816404 VLLM::Worker_TP
1317538 4808976 VLLM::Worker_TP
 716385 1268876 ray::vLLMHttpSe
 716402 1257792 ray::vLLMHttpSe
 716414 1255328 ray::vLLMHttpSe
== 2026-09-05T21:48:43+09:00
Mem:            1007         687         322         368         370         320
    PID   RSS COMMAND
 717289 87666404 VLLM::Worker
 717290 87665692 VLLM::Worker
 717291 87649388 VLLM::Worker
 717292 87638692 VLLM::Worker
 637395 62040540 ray::WorkerDict
 637392 62037228 ray::WorkerDict
 637393 61933676 ray::WorkerDict
 637394 61931692 ray::WorkerDict
1317539 4816404 VLLM::Worker_TP
1317538 4808976 VLLM::Worker_TP
 716385 1268876 ray::vLLMHttpSe
 716402 1257792 ray::vLLMHttpSe
 716414 1255328 ray::vLLMHttpSe
== 2026-09-05T21:49:03+09:00
Mem:            1007         687         322         368         370         319
    PID   RSS COMMAND
 717289 87666404 VLLM::Worker
 717290 87665692 VLLM::Worker
 717291 87649388 VLLM::Worker
 717292 87638692 VLLM::Worker
 637395 62040540 ray::WorkerDict
 637392 62037228 ray::WorkerDict
 637393 61933676 ray::WorkerDict
 637394 61931692 ray::WorkerDict
1317539 4816404 VLLM::Worker_TP
1317538 4808976 VLLM::Worker_TP
 716385 1268876 ray::vLLMHttpSe
 716402 1257792 ray::vLLMHttpSe
 716414 1255328 ray::vLLMHttpSe
== 2026-09-05T21:49:23+09:00
Mem:            1007         687         321         368         370         319
    PID   RSS COMMAND
 717289 87666404 VLLM::Worker
 717290 87665692 VLLM::Worker
 717291 87649388 VLLM::Worker
 717292 87638692 VLLM::Worker
 637395 62040540 ray::WorkerDict
 637392 62037228 ray::WorkerDict
 637393 61933676 ray::WorkerDict
 637394 61931692 ray::WorkerDict
1317539 4816404 VLLM::Worker_TP
1317538 4808976 VLLM::Worker_TP
 716385 1268876 ray::vLLMHttpSe
 716402 1257792 ray::vLLMHttpSe
 716414 1255328 ray::vLLMHttpSe
== 2026-09-05T21:49:43+09:00
Mem:            1007         688         321         368         370         319
    PID   RSS COMMAND
 717289 87666404 VLLM::Worker
 717290 87665692 VLLM::Worker
 717291 87649388 VLLM::Worker
 717292 87638692 VLLM::Worker
 637395 62040540 ray::WorkerDict
 637392 62037228 ray::WorkerDict
 637393 61933676 ray::WorkerDict
 637394 61931692 ray::WorkerDict
1317539 4816404 VLLM::Worker_TP
1317538 4808976 VLLM::Worker_TP
 716385 1268876 ray::vLLMHttpSe
 716402 1257792 ray::vLLMHttpSe
 716414 1255328 ray::vLLMHttpSe
== 2026-09-05T21:50:03+09:00
Mem:            1007         693         316         368         370         314
    PID   RSS COMMAND
 717289 87670244 VLLM::Worker
 717290 87668764 VLLM::Worker
 717291 87652460 VLLM::Worker
 717292 87641764 VLLM::Worker
 637395 62040540 ray::WorkerDict
 637392 62037228 ray::WorkerDict
 637393 61933676 ray::WorkerDict
 637394 61931692 ray::WorkerDict
1317539 4816404 VLLM::Worker_TP
1317538 4808976 VLLM::Worker_TP
 734172 1859788 ray::AgentLoopW
 734178 1830696 ray::AgentLoopW
 734173 1578364 ray::AgentLoopW
== 2026-09-05T21:50:23+09:00
Mem:            1007         693         315         368         370         313
    PID   RSS COMMAND
 717289 87670244 VLLM::Worker
 717290 87668764 VLLM::Worker
 717291 87652460 VLLM::Worker
 717292 87641764 VLLM::Worker
 637395 62040540 ray::WorkerDict
 637392 62037228 ray::WorkerDict
 637393 61933676 ray::WorkerDict
 637394 61931692 ray::WorkerDict
1317539 4816404 VLLM::Worker_TP
1317538 4812048 VLLM::Worker_TP
 734172 1944912 ray::AgentLoopW
 734178 1915584 ray::AgentLoopW
 734173 1665816 ray::AgentLoopW
== 2026-09-05T21:50:43+09:00
Mem:            1007         694         315         368         370         313
    PID   RSS COMMAND
 717289 87698660 VLLM::Worker
 717290 87696412 VLLM::Worker
 717291 87679340 VLLM::Worker
 717292 87667108 VLLM::Worker
 637395 62040540 ray::WorkerDict
 637392 62037228 ray::WorkerDict
 637393 61933676 ray::WorkerDict
 637394 61931692 ray::WorkerDict
1317539 4816404 VLLM::Worker_TP
1317538 4812048 VLLM::Worker_TP
 734172 1967492 ray::AgentLoopW
 734178 1937852 ray::AgentLoopW
 734173 1687908 ray::AgentLoopW
== 2026-09-05T21:51:03+09:00
Mem:            1007         695         314         368         371         312
    PID   RSS COMMAND
 717289 87706260 VLLM::Worker
 717290 87701020 VLLM::Worker
 717291 87685484 VLLM::Worker
 717292 87672436 VLLM::Worker
 637395 62040540 ray::WorkerDict
 637392 62037228 ray::WorkerDict
 637393 61933676 ray::WorkerDict
 637394 61931692 ray::WorkerDict
1317539 4816404 VLLM::Worker_TP
1317538 4812048 VLLM::Worker_TP
 734172 1967492 ray::AgentLoopW
 734178 1893284 ray::AgentLoopW
 734173 1687908 ray::AgentLoopW
== 2026-09-05T21:51:23+09:00
Mem:            1007         696         311         368         373         311
    PID   RSS COMMAND
 717289 87710868 VLLM::Worker
 717290 87701020 VLLM::Worker
 717291 87684584 VLLM::Worker
 717292 87672436 VLLM::Worker
 637395 62040540 ray::WorkerDict
 637392 62037228 ray::WorkerDict
 637393 61933676 ray::WorkerDict
 637394 61931692 ray::WorkerDict
1317539 4816404 VLLM::Worker_TP
1317538 4812048 VLLM::Worker_TP
 734172 1972308 ray::AgentLoopW
 734178 1899540 ray::AgentLoopW
 734173 1689444 ray::AgentLoopW
== 2026-09-05T21:51:44+09:00
Mem:            1007         696         311         368         373         311
    PID   RSS COMMAND
 717289 87710868 VLLM::Worker
 717290 87701020 VLLM::Worker
 717291 87684584 VLLM::Worker
 717292 87673972 VLLM::Worker
 637395 62040540 ray::WorkerDict
 637392 62037228 ray::WorkerDict
 637393 61933676 ray::WorkerDict
 637394 61931692 ray::WorkerDict
1317539 4816404 VLLM::Worker_TP
1317538 4812048 VLLM::Worker_TP
 734172 1972308 ray::AgentLoopW
 734178 1899540 ray::AgentLoopW
 734173 1690980 ray::AgentLoopW
== 2026-09-05T21:52:04+09:00
Mem:            1007         696         310         368         374         310
    PID   RSS COMMAND
 717289 87709332 VLLM::Worker
 717290 87701020 VLLM::Worker
 717291 87683128 VLLM::Worker
 717292 87673972 VLLM::Worker
 637395 62040540 ray::WorkerDict
 637392 62037228 ray::WorkerDict
 637393 61933676 ray::WorkerDict
 637394 61931692 ray::WorkerDict
1317539 4816404 VLLM::Worker_TP
1317538 4812048 VLLM::Worker_TP
 734172 1972156 ray::AgentLoopW
 734178 1917436 ray::AgentLoopW
 734173 1690980 ray::AgentLoopW
== 2026-09-05T21:52:24+09:00
Mem:            1007         696         310         368         374         310
    PID   RSS COMMAND
 717289 87708308 VLLM::Worker
 717290 87699776 VLLM::Worker
 717291 87683128 VLLM::Worker
 717292 87673972 VLLM::Worker
 637395 62040540 ray::WorkerDict
 637392 62037228 ray::WorkerDict
 637393 61933676 ray::WorkerDict
 637394 61931692 ray::WorkerDict
1317539 4816404 VLLM::Worker_TP
1317538 4812048 VLLM::Worker_TP
 734172 1966616 ray::AgentLoopW
 734178 1917436 ray::AgentLoopW
 734173 1694052 ray::AgentLoopW
== 2026-09-05T21:52:44+09:00
Mem:            1007         696         310         368         374         310
    PID   RSS COMMAND
 717289 87708308 VLLM::Worker
 717290 87699776 VLLM::Worker
 717291 87683128 VLLM::Worker
 717292 87673972 VLLM::Worker
 637395 62040540 ray::WorkerDict
 637392 62037228 ray::WorkerDict
 637393 61933676 ray::WorkerDict
 637394 61931692 ray::WorkerDict
1317539 4816404 VLLM::Worker_TP
1317538 4812048 VLLM::Worker_TP
 734172 1963096 ray::AgentLoopW
 734178 1917436 ray::AgentLoopW
 734173 1691684 ray::AgentLoopW
== 2026-09-05T21:53:04+09:00
Mem:            1007         696         310         368         374         310
    PID   RSS COMMAND
 717289 87708308 VLLM::Worker
 717290 87699776 VLLM::Worker
 717291 87683128 VLLM::Worker
 717292 87673972 VLLM::Worker
 637395 62040540 ray::WorkerDict
 637392 62037228 ray::WorkerDict
 637393 61933676 ray::WorkerDict
 637394 61931692 ray::WorkerDict
1317539 4816404 VLLM::Worker_TP
1317538 4812048 VLLM::Worker_TP
 734172 1955368 ray::AgentLoopW
 734178 1917436 ray::AgentLoopW
 734173 1691684 ray::AgentLoopW
== 2026-09-05T21:53:24+09:00
Mem:            1007         696         310         368         374         310
    PID   RSS COMMAND
 717289 87708308 VLLM::Worker
 717290 87700544 VLLM::Worker
 717291 87683128 VLLM::Worker
 717292 87673972 VLLM::Worker
 637395 62040540 ray::WorkerDict
 637392 62037228 ray::WorkerDict
 637393 61933676 ray::WorkerDict
 637394 61931692 ray::WorkerDict
1317539 4816404 VLLM::Worker_TP
1317538 4812048 VLLM::Worker_TP
 734172 1955368 ray::AgentLoopW
 734178 1917004 ray::AgentLoopW
 734173 1685704 ray::AgentLoopW
== 2026-09-05T21:53:44+09:00
Mem:            1007         696         310         368         374         310
    PID   RSS COMMAND
 717289 87708308 VLLM::Worker
 717290 87700544 VLLM::Worker
 717291 87683128 VLLM::Worker
 717292 87673972 VLLM::Worker
 637395 62040540 ray::WorkerDict
 637392 62037228 ray::WorkerDict
 637393 61933676 ray::WorkerDict
 637394 61931692 ray::WorkerDict
1317539 4816404 VLLM::Worker_TP
1317538 4812048 VLLM::Worker_TP
 734172 1955368 ray::AgentLoopW
 734178 1917004 ray::AgentLoopW
 734173 1685704 ray::AgentLoopW
== 2026-09-05T21:54:04+09:00
Mem:            1007         696         310         368         374         310
    PID   RSS COMMAND
 717289 87705324 VLLM::Worker
 717290 87700544 VLLM::Worker
 717291 87683128 VLLM::Worker
 717292 87673972 VLLM::Worker
 637395 62040540 ray::WorkerDict
 637392 62037228 ray::WorkerDict
 637393 61933676 ray::WorkerDict
 637394 61931692 ray::WorkerDict
1317539 4816404 VLLM::Worker_TP
1317538 4812048 VLLM::Worker_TP
 734172 1955368 ray::AgentLoopW
 734178 1914748 ray::AgentLoopW
 734173 1685704 ray::AgentLoopW
== 2026-09-05T21:54:24+09:00
Mem:            1007         696         310         368         374         310
    PID   RSS COMMAND
 717289 87705324 VLLM::Worker
 717290 87700544 VLLM::Worker
 717291 87683128 VLLM::Worker
 717292 87673972 VLLM::Worker
 637395 62040540 ray::WorkerDict
 637392 62037228 ray::WorkerDict
 637393 61933676 ray::WorkerDict
 637394 61931692 ray::WorkerDict
1317539 4816404 VLLM::Worker_TP
1317538 4812048 VLLM::Worker_TP
 734172 1955368 ray::AgentLoopW
 734178 1911720 ray::AgentLoopW
 734173 1685704 ray::AgentLoopW
== 2026-09-05T21:54:44+09:00
Mem:            1007         696         310         368         374         310
    PID   RSS COMMAND
 717289 87705324 VLLM::Worker
 717290 87700544 VLLM::Worker
 717291 87683128 VLLM::Worker
 717292 87672592 VLLM::Worker
 637395 62040540 ray::WorkerDict
 637392 62037228 ray::WorkerDict
 637393 61933676 ray::WorkerDict
 637394 61931692 ray::WorkerDict
1317539 4816404 VLLM::Worker_TP
1317538 4812048 VLLM::Worker_TP
 734172 1955368 ray::AgentLoopW
 734178 1909256 ray::AgentLoopW
 734173 1684464 ray::AgentLoopW
== 2026-09-05T21:55:04+09:00
Mem:            1007         697         309         368         374         309
    PID   RSS COMMAND
 717289 87706092 VLLM::Worker
 717290 87700544 VLLM::Worker
 717291 87682896 VLLM::Worker
 717292 87673360 VLLM::Worker
 637392 62288228 ray::WorkerDict
 637395 62285468 ray::WorkerDict
 637394 62179616 ray::WorkerDict
 637393 62178128 ray::WorkerDict
1317539 4816404 VLLM::Worker_TP
1317538 4812048 VLLM::Worker_TP
 734172 1955368 ray::AgentLoopW
 734178 1909256 ray::AgentLoopW
 734173 1684464 ray::AgentLoopW
== 2026-09-05T21:55:24+09:00
Mem:            1007         469         537         368         374         537
    PID   RSS COMMAND
 717289 87706092 VLLM::Worker
 717290 87700544 VLLM::Worker
 717291 87682896 VLLM::Worker
 717292 87673360 VLLM::Worker
1317539 4816404 VLLM::Worker_TP
1317538 4812048 VLLM::Worker_TP
 637392 2693548 ray::WorkerDict
 637395 2690264 ray::WorkerDict
 637394 2615596 ray::WorkerDict
 637393 2614008 ray::WorkerDict
 734172 1955368 ray::AgentLoopW
 734178 1909256 ray::AgentLoopW
 734173 1684464 ray::AgentLoopW
== 2026-09-05T21:55:44+09:00
Mem:            1007         469         537         368         374         537
    PID   RSS COMMAND
 717289 87706092 VLLM::Worker
 717290 87700544 VLLM::Worker
 717291 87682896 VLLM::Worker
 717292 87673360 VLLM::Worker
1317539 4816404 VLLM::Worker_TP
1317538 4812048 VLLM::Worker_TP
 637392 2698924 ray::WorkerDict
 637395 2696408 ray::WorkerDict
 637394 2621740 ray::WorkerDict
 637393 2619384 ray::WorkerDict
 734172 1955368 ray::AgentLoopW
 734178 1909256 ray::AgentLoopW
 734173 1684464 ray::AgentLoopW
== 2026-09-05T21:56:04+09:00
Mem:            1007         469         536         368         374         537
    PID   RSS COMMAND
 717289 87706092 VLLM::Worker
 717290 87700544 VLLM::Worker
 717291 87682896 VLLM::Worker
 717292 87673360 VLLM::Worker
1317539 4816404 VLLM::Worker_TP
1317538 4812048 VLLM::Worker_TP
 637392 2715820 ray::WorkerDict
 637395 2713304 ray::WorkerDict
 637394 2642012 ray::WorkerDict
 637393 2640128 ray::WorkerDict
 734172 1955368 ray::AgentLoopW
 734178 1909256 ray::AgentLoopW
 734173 1684464 ray::AgentLoopW
== 2026-09-05T21:56:24+09:00
Mem:            1007         470         536         368         374         537
    PID   RSS COMMAND
 717289 87706092 VLLM::Worker
 717290 87700544 VLLM::Worker
 717291 87682896 VLLM::Worker
 717292 87673360 VLLM::Worker
1317539 4816404 VLLM::Worker_TP
1317538 4812048 VLLM::Worker_TP
 637392 2810532 ray::WorkerDict
 637395 2803888 ray::WorkerDict
 637394 2752496 ray::WorkerDict
 637393 2751044 ray::WorkerDict
 734172 1955368 ray::AgentLoopW
 734178 1909256 ray::AgentLoopW
 734173 1684464 ray::AgentLoopW
== 2026-09-05T21:56:44+09:00
Mem:            1007         470         535         368         375         536
    PID   RSS COMMAND
 717289 87706092 VLLM::Worker
 717290 87700544 VLLM::Worker
 717291 87682896 VLLM::Worker
 717292 87673360 VLLM::Worker
1317539 4816404 VLLM::Worker_TP
1317538 4812048 VLLM::Worker_TP
 637392 2886708 ray::WorkerDict
 637395 2878064 ray::WorkerDict
 637393 2828788 ray::WorkerDict
 637394 2826520 ray::WorkerDict
 734172 1955368 ray::AgentLoopW
 734178 1909256 ray::AgentLoopW
 734173 1684464 ray::AgentLoopW
== 2026-09-05T21:57:04+09:00
Mem:            1007         470         535         369         375         536
    PID   RSS COMMAND
 717289 87706092 VLLM::Worker
 717290 87700544 VLLM::Worker
 717291 87682896 VLLM::Worker
 717292 87673360 VLLM::Worker
1317539 4816404 VLLM::Worker_TP
1317538 4812048 VLLM::Worker_TP
 637392 2937916 ray::WorkerDict
 637395 2930848 ray::WorkerDict
 637394 2879844 ray::WorkerDict
 637393 2876276 ray::WorkerDict
 734172 1955368 ray::AgentLoopW
 734178 1909256 ray::AgentLoopW
 734173 1684464 ray::AgentLoopW
== 2026-09-05T21:57:24+09:00
Mem:            1007         470         535         369         375         536
    PID   RSS COMMAND
 717289 87706092 VLLM::Worker
 717290 87700544 VLLM::Worker
 717291 87682896 VLLM::Worker
 717292 87673360 VLLM::Worker
1317539 4816404 VLLM::Worker_TP
1317538 4812048 VLLM::Worker_TP
 637392 2946364 ray::WorkerDict
 637395 2940476 ray::WorkerDict
 637394 2887528 ray::WorkerDict
 637393 2885032 ray::WorkerDict
 734172 1955368 ray::AgentLoopW
 734178 1909256 ray::AgentLoopW
 734173 1684464 ray::AgentLoopW
== 2026-09-05T21:57:44+09:00
Mem:            1007         470         535         369         375         536
    PID   RSS COMMAND
 717289 87706092 VLLM::Worker
 717290 87700544 VLLM::Worker
 717291 87682896 VLLM::Worker
 717292 87673360 VLLM::Worker
1317539 4816404 VLLM::Worker_TP
1317538 4812048 VLLM::Worker_TP
 637392 2946364 ray::WorkerDict
 637395 2940476 ray::WorkerDict
 637394 2887528 ray::WorkerDict
 637393 2885032 ray::WorkerDict
 734172 1955368 ray::AgentLoopW
 734178 1909256 ray::AgentLoopW
 734173 1684464 ray::AgentLoopW
== 2026-09-05T21:58:04+09:00
Mem:            1007         470         535         369         375         536
    PID   RSS COMMAND
 717289 87706092 VLLM::Worker
 717290 87700544 VLLM::Worker
 717291 87682896 VLLM::Worker
 717292 87673360 VLLM::Worker
1317539 4816404 VLLM::Worker_TP
1317538 4812048 VLLM::Worker_TP
 637392 2946364 ray::WorkerDict
 637395 2940476 ray::WorkerDict
 637394 2888296 ray::WorkerDict
 637393 2885800 ray::WorkerDict
 734172 1955368 ray::AgentLoopW
 734178 1909256 ray::AgentLoopW
 734173 1684464 ray::AgentLoopW
== 2026-09-05T21:58:24+09:00
Mem:            1007         472         534         369         375         535
    PID   RSS COMMAND
 717289 87706092 VLLM::Worker
 717290 87700544 VLLM::Worker
 717291 87682896 VLLM::Worker
 717292 87673360 VLLM::Worker
1317539 4816404 VLLM::Worker_TP
1317538 4812048 VLLM::Worker_TP
 637392 3334832 ray::WorkerDict
 637395 3285288 ray::WorkerDict
 637393 3223804 ray::WorkerDict
 637394 3219808 ray::WorkerDict
 734172 1955368 ray::AgentLoopW
 734178 1909256 ray::AgentLoopW
 734173 1684464 ray::AgentLoopW
== 2026-09-05T21:58:44+09:00
Mem:            1007         472         534         369         375         535
    PID   RSS COMMAND
 717289 87706092 VLLM::Worker
 717290 87700544 VLLM::Worker
 717291 87682896 VLLM::Worker
 717292 87673360 VLLM::Worker
1317539 4816404 VLLM::Worker_TP
1317538 4812048 VLLM::Worker_TP
 637392 3339440 ray::WorkerDict
 637395 3290664 ray::WorkerDict
 637393 3229180 ray::WorkerDict
 637394 3224416 ray::WorkerDict
 734172 1955368 ray::AgentLoopW
 734178 1909256 ray::AgentLoopW
 734173 1684464 ray::AgentLoopW
== 2026-09-05T21:59:04+09:00
Mem:            1007         472         534         369         375         535
    PID   RSS COMMAND
 717289 87706092 VLLM::Worker
 717290 87700544 VLLM::Worker
 717291 87682896 VLLM::Worker
 717292 87673360 VLLM::Worker
1317539 4816404 VLLM::Worker_TP
1317538 4812048 VLLM::Worker_TP
 637392 3341744 ray::WorkerDict
 637395 3292200 ray::WorkerDict
 637393 3230716 ray::WorkerDict
 637394 3225952 ray::WorkerDict
 734172 1955368 ray::AgentLoopW
 734178 1909256 ray::AgentLoopW
 734173 1684464 ray::AgentLoopW
== 2026-09-05T21:59:24+09:00
Mem:            1007         472         534         369         375         535
    PID   RSS COMMAND
 717289 87706092 VLLM::Worker
 717290 87700544 VLLM::Worker
 717291 87682896 VLLM::Worker
 717292 87673360 VLLM::Worker
1317539 4816404 VLLM::Worker_TP
1317538 4812048 VLLM::Worker_TP
 637392 3341744 ray::WorkerDict
 637395 3292200 ray::WorkerDict
 637393 3230716 ray::WorkerDict
 637394 3225952 ray::WorkerDict
 734172 1955368 ray::AgentLoopW
 734178 1909256 ray::AgentLoopW
 734173 1684464 ray::AgentLoopW
== 2026-09-05T21:59:44+09:00
Mem:            1007         472         534         369         375         535
    PID   RSS COMMAND
 717289 87706092 VLLM::Worker
 717290 87700544 VLLM::Worker
 717291 87682896 VLLM::Worker
 717292 87673360 VLLM::Worker
1317539 4816404 VLLM::Worker_TP
1317538 4812048 VLLM::Worker_TP
 637392 3341744 ray::WorkerDict
 637395 3292200 ray::WorkerDict
 637393 3230716 ray::WorkerDict
 637394 3225952 ray::WorkerDict
 734172 1955368 ray::AgentLoopW
 734178 1909256 ray::AgentLoopW
 734173 1684464 ray::AgentLoopW
== 2026-09-05T22:00:04+09:00
Mem:            1007         472         534         369         375         535
    PID   RSS COMMAND
 717289 87706092 VLLM::Worker
 717290 87700544 VLLM::Worker
 717291 87682896 VLLM::Worker
 717292 87673360 VLLM::Worker
1317539 4816404 VLLM::Worker_TP
1317538 4812048 VLLM::Worker_TP
 637392 3341744 ray::WorkerDict
 637395 3292200 ray::WorkerDict
 637393 3230716 ray::WorkerDict
 637394 3225952 ray::WorkerDict
 734172 1955368 ray::AgentLoopW
 734178 1909256 ray::AgentLoopW
 734173 1684464 ray::AgentLoopW
== 2026-09-05T22:00:24+09:00
Mem:            1007         472         534         369         375         535
    PID   RSS COMMAND
 717289 87706092 VLLM::Worker
 717290 87700544 VLLM::Worker
 717291 87682896 VLLM::Worker
 717292 87673360 VLLM::Worker
1317539 4816404 VLLM::Worker_TP
1317538 4812048 VLLM::Worker_TP
 637392 3341744 ray::WorkerDict
 637395 3292200 ray::WorkerDict
 637393 3230716 ray::WorkerDict
 637394 3225952 ray::WorkerDict
 734172 1955368 ray::AgentLoopW
 734178 1909256 ray::AgentLoopW
 734173 1684464 ray::AgentLoopW
== 2026-09-05T22:00:44+09:00
Mem:            1007         472         534         369         375         535
    PID   RSS COMMAND
 717289 87706092 VLLM::Worker
 717290 87700544 VLLM::Worker
 717291 87682896 VLLM::Worker
 717292 87673360 VLLM::Worker
1317539 4816404 VLLM::Worker_TP
1317538 4812048 VLLM::Worker_TP
 637392 3341744 ray::WorkerDict
 637395 3292200 ray::WorkerDict
 637393 3230716 ray::WorkerDict
 637394 3225952 ray::WorkerDict
 734172 1955368 ray::AgentLoopW
 734178 1909256 ray::AgentLoopW
 734173 1684464 ray::AgentLoopW
== 2026-09-05T22:01:04+09:00
Mem:            1007         472         534         369         375         535
    PID   RSS COMMAND
 717289 87706092 VLLM::Worker
 717290 87700544 VLLM::Worker
 717291 87682896 VLLM::Worker
 717292 87673360 VLLM::Worker
1317539 4816404 VLLM::Worker_TP
1317538 4812048 VLLM::Worker_TP
 637392 3342512 ray::WorkerDict
 637395 3292968 ray::WorkerDict
 637393 3231484 ray::WorkerDict
 637394 3226720 ray::WorkerDict
 734172 1955368 ray::AgentLoopW
 734178 1909256 ray::AgentLoopW
 734173 1684464 ray::AgentLoopW
== 2026-09-05T22:01:24+09:00
Mem:            1007         472         534         369         375         535
    PID   RSS COMMAND
 717289 87706092 VLLM::Worker
 717290 87700544 VLLM::Worker
 717291 87682896 VLLM::Worker
 717292 87673360 VLLM::Worker
1317539 4816404 VLLM::Worker_TP
1317538 4812048 VLLM::Worker_TP
 637392 3342512 ray::WorkerDict
 637395 3292968 ray::WorkerDict
 637393 3231484 ray::WorkerDict
 637394 3226720 ray::WorkerDict
 734172 1955368 ray::AgentLoopW
 734178 1909256 ray::AgentLoopW
 734173 1684464 ray::AgentLoopW
== 2026-09-05T22:01:45+09:00
Mem:            1007         472         534         369         375         535
    PID   RSS COMMAND
 717289 87706092 VLLM::Worker
 717290 87700544 VLLM::Worker
 717291 87682896 VLLM::Worker
 717292 87673360 VLLM::Worker
1317539 4816404 VLLM::Worker_TP
1317538 4812048 VLLM::Worker_TP
 637392 3342512 ray::WorkerDict
 637395 3292968 ray::WorkerDict
 637393 3231484 ray::WorkerDict
 637394 3226720 ray::WorkerDict
 734172 1955368 ray::AgentLoopW
 734178 1909256 ray::AgentLoopW
 734173 1684464 ray::AgentLoopW
== 2026-09-05T22:02:05+09:00
Mem:            1007         472         533         369         375         535
    PID   RSS COMMAND
 717289 87706092 VLLM::Worker
 717290 87700544 VLLM::Worker
 717291 87682896 VLLM::Worker
 717292 87673360 VLLM::Worker
1317539 4816404 VLLM::Worker_TP
1317538 4812048 VLLM::Worker_TP
 637392 3342512 ray::WorkerDict
 637395 3292968 ray::WorkerDict
 637393 3231484 ray::WorkerDict
 637394 3226720 ray::WorkerDict
 734172 1955368 ray::AgentLoopW
 734178 1909256 ray::AgentLoopW
 734173 1684464 ray::AgentLoopW
== 2026-09-05T22:02:25+09:00
Mem:            1007         472         533         369         375         535
    PID   RSS COMMAND
 717289 87706092 VLLM::Worker
 717290 87700544 VLLM::Worker
 717291 87682896 VLLM::Worker
 717292 87673360 VLLM::Worker
1317539 4816404 VLLM::Worker_TP
1317538 4812048 VLLM::Worker_TP
 637392 3342512 ray::WorkerDict
 637395 3292968 ray::WorkerDict
 637393 3231484 ray::WorkerDict
 637394 3226720 ray::WorkerDict
 734172 1955368 ray::AgentLoopW
 734178 1909256 ray::AgentLoopW
 734173 1684464 ray::AgentLoopW
== 2026-09-05T22:02:45+09:00
Mem:            1007         472         533         369         375         535
    PID   RSS COMMAND
 717289 87706092 VLLM::Worker
 717290 87700544 VLLM::Worker
 717291 87682896 VLLM::Worker
 717292 87673360 VLLM::Worker
1317539 4816404 VLLM::Worker_TP
1317538 4812048 VLLM::Worker_TP
 637392 3342512 ray::WorkerDict
 637395 3292968 ray::WorkerDict
 637393 3231484 ray::WorkerDict
 637394 3226720 ray::WorkerDict
 734172 1955368 ray::AgentLoopW
 734178 1909256 ray::AgentLoopW
 734173 1684464 ray::AgentLoopW
== 2026-09-05T22:03:05+09:00
Mem:            1007         472         533         369         375         535
    PID   RSS COMMAND
 717289 87706092 VLLM::Worker
 717290 87700544 VLLM::Worker
 717291 87682896 VLLM::Worker
 717292 87673360 VLLM::Worker
1317539 4816404 VLLM::Worker_TP
1317538 4812048 VLLM::Worker_TP
 637392 3342512 ray::WorkerDict
 637395 3292968 ray::WorkerDict
 637393 3231484 ray::WorkerDict
 637394 3226720 ray::WorkerDict
 734172 1955368 ray::AgentLoopW
 734178 1909256 ray::AgentLoopW
 734173 1684464 ray::AgentLoopW
== 2026-09-05T22:03:25+09:00
Mem:            1007         472         533         369         375         535
    PID   RSS COMMAND
 717289 87706092 VLLM::Worker
 717290 87700544 VLLM::Worker
 717291 87682896 VLLM::Worker
 717292 87673360 VLLM::Worker
1317539 4816404 VLLM::Worker_TP
1317538 4812048 VLLM::Worker_TP
 637392 3342512 ray::WorkerDict
 637395 3292968 ray::WorkerDict
 637393 3231484 ray::WorkerDict
 637394 3226720 ray::WorkerDict
 734172 1955368 ray::AgentLoopW
 734178 1909256 ray::AgentLoopW
 734173 1684464 ray::AgentLoopW
== 2026-09-05T22:03:45+09:00
Mem:            1007         472         533         369         375         535
    PID   RSS COMMAND
 717289 87706092 VLLM::Worker
 717290 87700544 VLLM::Worker
 717291 87682896 VLLM::Worker
 717292 87673360 VLLM::Worker
1317539 4816404 VLLM::Worker_TP
1317538 4812048 VLLM::Worker_TP
 637392 3342512 ray::WorkerDict
 637395 3292968 ray::WorkerDict
 637393 3231484 ray::WorkerDict
 637394 3226720 ray::WorkerDict
 734172 1955368 ray::AgentLoopW
 734178 1909256 ray::AgentLoopW
 734173 1684464 ray::AgentLoopW
== 2026-09-05T22:04:05+09:00
Mem:            1007         472         533         369         375         535
    PID   RSS COMMAND
 717289 87706092 VLLM::Worker
 717290 87700544 VLLM::Worker
 717291 87682896 VLLM::Worker
 717292 87673360 VLLM::Worker
1317539 4816404 VLLM::Worker_TP
1317538 4812048 VLLM::Worker_TP
 637392 3342512 ray::WorkerDict
 637395 3292968 ray::WorkerDict
 637393 3231484 ray::WorkerDict
 637394 3226720 ray::WorkerDict
 734172 1955368 ray::AgentLoopW
 734178 1909256 ray::AgentLoopW
 734173 1684464 ray::AgentLoopW
== 2026-09-05T22:04:25+09:00
Mem:            1007         472         533         369         375         535
    PID   RSS COMMAND
 717289 87706092 VLLM::Worker
 717290 87700544 VLLM::Worker
 717291 87682896 VLLM::Worker
 717292 87673360 VLLM::Worker
1317539 4816404 VLLM::Worker_TP
1317538 4812048 VLLM::Worker_TP
 637392 3342512 ray::WorkerDict
 637395 3292968 ray::WorkerDict
 637393 3231484 ray::WorkerDict
 637394 3226720 ray::WorkerDict
 734172 1955368 ray::AgentLoopW
 734178 1909256 ray::AgentLoopW
 734173 1684464 ray::AgentLoopW
== 2026-09-05T22:04:45+09:00
Mem:            1007         472         533         369         375         535
    PID   RSS COMMAND
 717289 87706092 VLLM::Worker
 717290 87700544 VLLM::Worker
 717291 87682896 VLLM::Worker
 717292 87673360 VLLM::Worker
1317539 4816404 VLLM::Worker_TP
1317538 4812048 VLLM::Worker_TP
 637392 3342512 ray::WorkerDict
 637395 3292968 ray::WorkerDict
 637393 3231484 ray::WorkerDict
 637394 3226720 ray::WorkerDict
 734172 1955368 ray::AgentLoopW
 734178 1909256 ray::AgentLoopW
 734173 1684464 ray::AgentLoopW
== 2026-09-05T22:05:05+09:00
Mem:            1007         472         533         369         375         535
    PID   RSS COMMAND
 717289 87706092 VLLM::Worker
 717290 87700544 VLLM::Worker
 717291 87682896 VLLM::Worker
 717292 87673360 VLLM::Worker
1317539 4816404 VLLM::Worker_TP
1317538 4812048 VLLM::Worker_TP
 637392 3343280 ray::WorkerDict
 637395 3293736 ray::WorkerDict
 637393 3232252 ray::WorkerDict
 637394 3227488 ray::WorkerDict
 734172 1955368 ray::AgentLoopW
 734178 1909256 ray::AgentLoopW
 734173 1684464 ray::AgentLoopW
== 2026-09-05T22:05:25+09:00
Mem:            1007         523         482         369         375         484
    PID   RSS COMMAND
 717289 87706092 VLLM::Worker
 717290 87700544 VLLM::Worker
 717291 87682896 VLLM::Worker
 717292 87673360 VLLM::Worker
 637395 16751508 ray::WorkerDict
 637392 16699888 ray::WorkerDict
 637394 16685880 ray::WorkerDict
 637393 16601304 ray::WorkerDict
1317539 4816404 VLLM::Worker_TP
1317538 4812048 VLLM::Worker_TP
 734172 1955368 ray::AgentLoopW
 734178 1909256 ray::AgentLoopW
 734173 1684464 ray::AgentLoopW
== 2026-09-05T22:05:45+09:00
Mem:            1007         610         399         369         370         397
    PID   RSS COMMAND
 717289 87686124 VLLM::Worker
 717290 87680576 VLLM::Worker
 717291 87664464 VLLM::Worker
 717292 87652624 VLLM::Worker
 637395 39878280 ray::WorkerDict
 637392 39828556 ray::WorkerDict
 637394 39817888 ray::WorkerDict
 637393 39731752 ray::WorkerDict
1317539 4817172 VLLM::Worker_TP
1317538 4809744 VLLM::Worker_TP
 734172 1746472 ray::AgentLoopW
 734178 1698056 ray::AgentLoopW
 734173 1470960 ray::AgentLoopW
== 2026-09-05T22:06:05+09:00
Mem:            1007         699         309         369         370         307
    PID   RSS COMMAND
 717289 87686124 VLLM::Worker
 717290 87680576 VLLM::Worker
 717291 87664464 VLLM::Worker
 717292 87652624 VLLM::Worker
 637395 63177660 ray::WorkerDict
 637394 63145560 ray::WorkerDict
 637392 63002984 ray::WorkerDict
 637393 62887860 ray::WorkerDict
1317539 4817172 VLLM::Worker_TP
1317538 4809744 VLLM::Worker_TP
 734172 1746472 ray::AgentLoopW
 734178 1698056 ray::AgentLoopW
 734173 1470960 ray::AgentLoopW
== 2026-09-05T22:06:25+09:00
Mem:            1007         702         307         369         370         304
    PID   RSS COMMAND
 717289 87686124 VLLM::Worker
 717290 87680576 VLLM::Worker
 717291 87664464 VLLM::Worker
 717292 87652624 VLLM::Worker
 637392 64176032 ray::WorkerDict
 637393 63818324 ray::WorkerDict
 637395 63721736 ray::WorkerDict
 637394 63685336 ray::WorkerDict
1317539 4817172 VLLM::Worker_TP
1317538 4809744 VLLM::Worker_TP
 734172 1746472 ray::AgentLoopW
 734178 1698056 ray::AgentLoopW
 734173 1470960 ray::AgentLoopW
== 2026-09-05T22:06:45+09:00
Mem:            1007         701         307         369         370         305
    PID   RSS COMMAND
 717289 87689196 VLLM::Worker
 717290 87683648 VLLM::Worker
 717291 87666768 VLLM::Worker
 717292 87655696 VLLM::Worker
 637394 63861224 ray::WorkerDict
 637395 63843932 ray::WorkerDict
 637392 63802028 ray::WorkerDict
 637393 63674684 ray::WorkerDict
1317539 4817172 VLLM::Worker_TP
1317538 4809744 VLLM::Worker_TP
 734172 1746472 ray::AgentLoopW
 734178 1698056 ray::AgentLoopW
 734173 1470960 ray::AgentLoopW
== 2026-09-05T22:07:05+09:00
Mem:            1007         702         307         369         370         305
    PID   RSS COMMAND
 717289 87696108 VLLM::Worker
 717290 87692864 VLLM::Worker
 717291 87673680 VLLM::Worker
 717292 87664912 VLLM::Worker
 637395 63746488 ray::WorkerDict
 637392 63657412 ray::WorkerDict
 637394 63649272 ray::WorkerDict
 637393 63462444 ray::WorkerDict
1317539 4817172 VLLM::Worker_TP
1317538 4809744 VLLM::Worker_TP
 734172 1887468 ray::AgentLoopW
 734178 1699384 ray::AgentLoopW
 734175 1573700 ray::AgentLoopW
== 2026-09-05T22:07:25+09:00
Mem:            1007         702         307         369         370         305
    PID   RSS COMMAND
 717289 87696876 VLLM::Worker
 717290 87692864 VLLM::Worker
 717291 87675984 VLLM::Worker
 717292 87665680 VLLM::Worker
 637395 63747256 ray::WorkerDict
 637392 63657412 ray::WorkerDict
 637394 63649272 ray::WorkerDict
 637393 63462444 ray::WorkerDict
1317539 4817172 VLLM::Worker_TP
1317538 4809744 VLLM::Worker_TP
 734172 1888236 ray::AgentLoopW
 734178 1701688 ray::AgentLoopW
 734175 1573700 ray::AgentLoopW
== 2026-09-05T22:07:45+09:00
Mem:            1007         703         305         369         372         304
    PID   RSS COMMAND
 717289 87696876 VLLM::Worker
 717290 87692864 VLLM::Worker
 717291 87675984 VLLM::Worker
 717292 87665680 VLLM::Worker
 637395 63747256 ray::WorkerDict
 637392 63657412 ray::WorkerDict
 637394 63649272 ray::WorkerDict
 637393 63462444 ray::WorkerDict
1317539 4817172 VLLM::Worker_TP
1317538 4809744 VLLM::Worker_TP
 734172 1890540 ray::AgentLoopW
 734178 1701688 ray::AgentLoopW
 734175 1590596 ray::AgentLoopW
== 2026-09-05T22:08:05+09:00
Mem:            1007         703         304         369         373         304
    PID   RSS COMMAND
 717289 87696876 VLLM::Worker
 717290 87692864 VLLM::Worker
 717291 87675984 VLLM::Worker
 717292 87665680 VLLM::Worker
 637395 63747256 ray::WorkerDict
 637392 63657412 ray::WorkerDict
 637394 63649272 ray::WorkerDict
 637393 63462444 ray::WorkerDict
1317539 4817172 VLLM::Worker_TP
1317538 4809744 VLLM::Worker_TP
 734172 1890856 ray::AgentLoopW
 734178 1701688 ray::AgentLoopW
 734175 1589668 ray::AgentLoopW
== 2026-09-05T22:08:25+09:00
Mem:            1007         703         304         369         373         304
    PID   RSS COMMAND
 717289 87696876 VLLM::Worker
 717290 87692864 VLLM::Worker
 717291 87675984 VLLM::Worker
 717292 87665680 VLLM::Worker
 637395 63747256 ray::WorkerDict
 637392 63657412 ray::WorkerDict
 637394 63649272 ray::WorkerDict
 637393 63462444 ray::WorkerDict
1317539 4817172 VLLM::Worker_TP
1317538 4809744 VLLM::Worker_TP
 734172 1890856 ray::AgentLoopW
 734178 1701688 ray::AgentLoopW
 734175 1589668 ray::AgentLoopW
== 2026-09-05T22:08:45+09:00
Mem:            1007         703         304         369         373         304
    PID   RSS COMMAND
 717289 87696876 VLLM::Worker
 717290 87692864 VLLM::Worker
 717291 87675984 VLLM::Worker
 717292 87665680 VLLM::Worker
 637395 63747256 ray::WorkerDict
 637392 63657412 ray::WorkerDict
 637394 63649272 ray::WorkerDict
 637393 63462444 ray::WorkerDict
1317539 4817172 VLLM::Worker_TP
1317538 4809744 VLLM::Worker_TP
 734172 1890856 ray::AgentLoopW
 734178 1701688 ray::AgentLoopW
 734175 1589668 ray::AgentLoopW
== 2026-09-05T22:09:05+09:00
Mem:            1007         703         304         369         373         303
    PID   RSS COMMAND
 717289 87696876 VLLM::Worker
 717290 87692864 VLLM::Worker
 717291 87675984 VLLM::Worker
 717292 87666448 VLLM::Worker
 637395 63747256 ray::WorkerDict
 637392 63657412 ray::WorkerDict
 637394 63649272 ray::WorkerDict
 637393 63462444 ray::WorkerDict
1317539 4817172 VLLM::Worker_TP
1317538 4809744 VLLM::Worker_TP
 734172 1890856 ray::AgentLoopW
 734178 1701688 ray::AgentLoopW
 734175 1589668 ray::AgentLoopW
== 2026-09-05T22:09:25+09:00
Mem:            1007         703         304         369         373         304
    PID   RSS COMMAND
 717289 87696876 VLLM::Worker
 717290 87692864 VLLM::Worker
 717291 87675984 VLLM::Worker
 717292 87666448 VLLM::Worker
 637395 63747256 ray::WorkerDict
 637392 63657412 ray::WorkerDict
 637394 63649272 ray::WorkerDict
 637393 63462444 ray::WorkerDict
1317539 4817172 VLLM::Worker_TP
1317538 4809744 VLLM::Worker_TP
 734172 1890856 ray::AgentLoopW
 734178 1701688 ray::AgentLoopW
 734175 1588088 ray::AgentLoopW
== 2026-09-05T22:09:45+09:00
Mem:            1007         703         304         369         373         304
    PID   RSS COMMAND
 717289 87699180 VLLM::Worker
 717290 87695168 VLLM::Worker
 717291 87678288 VLLM::Worker
 717292 87668752 VLLM::Worker
 637395 63747256 ray::WorkerDict
 637392 63657412 ray::WorkerDict
 637394 63649272 ray::WorkerDict
 637393 63462444 ray::WorkerDict
1317539 4817172 VLLM::Worker_TP
1317538 4809744 VLLM::Worker_TP
 734172 1890856 ray::AgentLoopW
 734178 1701688 ray::AgentLoopW
 734175 1588088 ray::AgentLoopW
== 2026-09-05T22:10:05+09:00
Mem:            1007         694         313         369         373         313
    PID   RSS COMMAND
 717289 87699948 VLLM::Worker
 717290 87695936 VLLM::Worker
 717291 87677292 VLLM::Worker
 717292 87669520 VLLM::Worker
 637395 61371008 ray::WorkerDict
 637392 61273264 ray::WorkerDict
 637394 61244388 ray::WorkerDict
 637393 61091360 ray::WorkerDict
1317539 4817172 VLLM::Worker_TP
1317538 4809744 VLLM::Worker_TP
 734172 1890856 ray::AgentLoopW
 734178 1701688 ray::AgentLoopW
 734175 1589384 ray::AgentLoopW
== 2026-09-05T22:10:25+09:00
Mem:            1007         475         532         369         373         531
    PID   RSS COMMAND
 717289 87699948 VLLM::Worker
 717290 87695936 VLLM::Worker
 717291 87677292 VLLM::Worker
 717292 87669520 VLLM::Worker
1317539 4817172 VLLM::Worker_TP
1317538 4812816 VLLM::Worker_TP
 637395 4170316 ray::WorkerDict
 637392 4072572 ray::WorkerDict
 637394 4043696 ray::WorkerDict
 637393 3890688 ray::WorkerDict
 734172 1890856 ray::AgentLoopW
 734178 1701688 ray::AgentLoopW
 734175 1589384 ray::AgentLoopW
== 2026-09-05T22:10:46+09:00
Mem:            1007         475         531         369         373         531
    PID   RSS COMMAND
 717289 87699948 VLLM::Worker
 717290 87695936 VLLM::Worker
 717291 87677292 VLLM::Worker
 717292 87669520 VLLM::Worker
1317539 4817172 VLLM::Worker_TP
1317538 4812816 VLLM::Worker_TP
 637395 4183320 ray::WorkerDict
 637392 4124648 ray::WorkerDict
 637393 3932232 ray::WorkerDict
 637394 3930936 ray::WorkerDict
 734172 1890856 ray::AgentLoopW
 734178 1701688 ray::AgentLoopW
 734175 1589384 ray::AgentLoopW
== 2026-09-05T22:11:06+09:00
Mem:            1007         475         532         369         373         531
    PID   RSS COMMAND
 717289 87699948 VLLM::Worker
 717290 87695936 VLLM::Worker
 717291 87677292 VLLM::Worker
 717292 87669520 VLLM::Worker
1317539 4817172 VLLM::Worker_TP
1317538 4812816 VLLM::Worker_TP
 637395 4186392 ray::WorkerDict
 637392 4126952 ray::WorkerDict
 637393 3934536 ray::WorkerDict
 637394 3933240 ray::WorkerDict
 734172 1890856 ray::AgentLoopW
 734178 1701688 ray::AgentLoopW
 734175 1589384 ray::AgentLoopW
== 2026-09-05T22:11:26+09:00
Mem:            1007         475         532         369         373         531
    PID   RSS COMMAND
 717289 87699948 VLLM::Worker
 717290 87695936 VLLM::Worker
 717291 87677292 VLLM::Worker
 717292 87669520 VLLM::Worker
1317539 4817172 VLLM::Worker_TP
1317538 4812816 VLLM::Worker_TP
 637395 4186392 ray::WorkerDict
 637392 4127720 ray::WorkerDict
 637393 3935304 ray::WorkerDict
 637394 3934008 ray::WorkerDict
 734172 1890856 ray::AgentLoopW
 734178 1701688 ray::AgentLoopW
 734175 1589384 ray::AgentLoopW
== 2026-09-05T22:11:46+09:00
Mem:            1007         475         532         369         373         531
    PID   RSS COMMAND
 717289 87699948 VLLM::Worker
 717290 87695936 VLLM::Worker
 717291 87677292 VLLM::Worker
 717292 87669520 VLLM::Worker
1317539 4817172 VLLM::Worker_TP
1317538 4812816 VLLM::Worker_TP
 637395 4186392 ray::WorkerDict
 637392 4127720 ray::WorkerDict
 637393 3935304 ray::WorkerDict
 637394 3934008 ray::WorkerDict
 734172 1890856 ray::AgentLoopW
 734178 1701688 ray::AgentLoopW
 734175 1589384 ray::AgentLoopW
== 2026-09-05T22:12:06+09:00
Mem:            1007         475         532         369         373         531
    PID   RSS COMMAND
 717289 87699948 VLLM::Worker
 717290 87695936 VLLM::Worker
 717291 87677292 VLLM::Worker
 717292 87669520 VLLM::Worker
1317539 4817172 VLLM::Worker_TP
1317538 4812816 VLLM::Worker_TP
 637395 4187160 ray::WorkerDict
 637392 4127720 ray::WorkerDict
 637393 3935304 ray::WorkerDict
 637394 3934008 ray::WorkerDict
 734172 1890856 ray::AgentLoopW
 734178 1701688 ray::AgentLoopW
 734175 1589384 ray::AgentLoopW
== 2026-09-05T22:12:26+09:00
Mem:            1007         475         532         369         373         531
    PID   RSS COMMAND
 717289 87699948 VLLM::Worker
 717290 87695936 VLLM::Worker
 717291 87677292 VLLM::Worker
 717292 87669520 VLLM::Worker
1317539 4817172 VLLM::Worker_TP
1317538 4812816 VLLM::Worker_TP
 637392 4127720 ray::WorkerDict
 637393 3935304 ray::WorkerDict
 637394 3934008 ray::WorkerDict
 637395 3909536 ray::WorkerDict
 734172 1889008 ray::AgentLoopW
 734178 1702456 ray::AgentLoopW
 734175 1586384 ray::AgentLoopW
== 2026-09-05T22:12:46+09:00
Mem:            1007         475         532         369         373         531
    PID   RSS COMMAND
 717289 87699948 VLLM::Worker
 717290 87695936 VLLM::Worker
 717291 87677292 VLLM::Worker
 717292 87669520 VLLM::Worker
1317539 4817172 VLLM::Worker_TP
1317538 4812816 VLLM::Worker_TP
 637392 4127720 ray::WorkerDict
 637393 3935304 ray::WorkerDict
 637394 3934008 ray::WorkerDict
 637395 3909536 ray::WorkerDict
 734172 1889008 ray::AgentLoopW
 734178 1702456 ray::AgentLoopW
 734175 1586384 ray::AgentLoopW
== 2026-09-05T22:13:06+09:00
Mem:            1007         475         532         369         373         531
    PID   RSS COMMAND
 717289 87699948 VLLM::Worker
 717290 87695936 VLLM::Worker
 717291 87677292 VLLM::Worker
 717292 87669520 VLLM::Worker
1317539 4817172 VLLM::Worker_TP
1317538 4812816 VLLM::Worker_TP
 637392 4127720 ray::WorkerDict
 637393 3935304 ray::WorkerDict
 637394 3934008 ray::WorkerDict
 637395 3909536 ray::WorkerDict
 734172 1889008 ray::AgentLoopW
 734178 1702456 ray::AgentLoopW
 734175 1586384 ray::AgentLoopW
== 2026-09-05T22:13:26+09:00
Mem:            1007         573         434         369         373         434
    PID   RSS COMMAND
 717289 87699948 VLLM::Worker
 717290 87695936 VLLM::Worker
 717291 87677292 VLLM::Worker
 717292 87669520 VLLM::Worker
 637392 29651728 ray::WorkerDict
 637394 29468668 ray::WorkerDict
 637393 29457508 ray::WorkerDict
 637395 29437296 ray::WorkerDict
1317539 4817172 VLLM::Worker_TP
1317538 4812816 VLLM::Worker_TP
 734172 1889008 ray::AgentLoopW
 734178 1702456 ray::AgentLoopW
 734175 1586384 ray::AgentLoopW
== 2026-09-05T22:13:46+09:00
Mem:            1007         704         303         369         373         302
    PID   RSS COMMAND
 717289 87699948 VLLM::Worker
 717290 87695936 VLLM::Worker
 717291 87677292 VLLM::Worker
 717292 87669520 VLLM::Worker
 637392 64088960 ray::WorkerDict
 637393 63895732 ray::WorkerDict
 637394 63891196 ray::WorkerDict
 637395 63871344 ray::WorkerDict
1317539 4817172 VLLM::Worker_TP
1317538 4812816 VLLM::Worker_TP
 734172 1889008 ray::AgentLoopW
 734178 1702456 ray::AgentLoopW
 734175 1586384 ray::AgentLoopW
== 2026-09-05T22:14:06+09:00
Mem:            1007         704         303         369         373         302
    PID   RSS COMMAND
 717289 87699948 VLLM::Worker
 717290 87695936 VLLM::Worker
 717291 87677292 VLLM::Worker
 717292 87669520 VLLM::Worker
 637393 63907856 ray::WorkerDict
 637395 63862332 ray::WorkerDict
 637392 63781236 ray::WorkerDict
 637394 63685824 ray::WorkerDict
1317539 4817172 VLLM::Worker_TP
1317538 4812816 VLLM::Worker_TP
 734172 1889008 ray::AgentLoopW
 734178 1702456 ray::AgentLoopW
 734175 1586384 ray::AgentLoopW
== 2026-09-05T22:14:26+09:00
Mem:            1007         704         303         369         373         303
    PID   RSS COMMAND
 717289 87699948 VLLM::Worker
 717290 87695936 VLLM::Worker
 717291 87677292 VLLM::Worker
 717292 87669520 VLLM::Worker
 637392 64000160 ray::WorkerDict
 637395 63820188 ray::WorkerDict
 637393 63755172 ray::WorkerDict
 637394 63725264 ray::WorkerDict
1317539 4817172 VLLM::Worker_TP
1317538 4812816 VLLM::Worker_TP
 734172 1889008 ray::AgentLoopW
 734178 1702456 ray::AgentLoopW
 734175 1586384 ray::AgentLoopW
== 2026-09-05T22:14:46+09:00
Mem:            1007         705         302         369         373         302
    PID   RSS COMMAND
 717289 87699948 VLLM::Worker
 717290 87699008 VLLM::Worker
 717291 87681900 VLLM::Worker
 717292 87669520 VLLM::Worker
 637393 63752100 ray::WorkerDict
 637392 63750544 ray::WorkerDict
 637394 63722192 ray::WorkerDict
 637395 63520136 ray::WorkerDict
1317539 4817172 VLLM::Worker_TP
1317538 4812816 VLLM::Worker_TP
 734172 1889776 ray::AgentLoopW
 734178 1833016 ray::AgentLoopW
 734177 1806248 ray::AgentLoopW
== 2026-09-05T22:15:06+09:00
Mem:            1007         705         302         369         373         301
    PID   RSS COMMAND
 717289 87699948 VLLM::Worker
 717290 87699008 VLLM::Worker
 717291 87681900 VLLM::Worker
 717292 87669520 VLLM::Worker
 637393 63752100 ray::WorkerDict
 637392 63750544 ray::WorkerDict
 637394 63722192 ray::WorkerDict
 637395 63520136 ray::WorkerDict
1317539 4817172 VLLM::Worker_TP
1317538 4812816 VLLM::Worker_TP
 734172 1889776 ray::AgentLoopW
 734178 1833016 ray::AgentLoopW
 734177 1806248 ray::AgentLoopW
== 2026-09-05T22:15:26+09:00
Mem:            1007         705         300         369         375         301
    PID   RSS COMMAND
 717289 87699948 VLLM::Worker
 717290 87699008 VLLM::Worker
 717291 87681900 VLLM::Worker
 717292 87669520 VLLM::Worker
 637393 63752100 ray::WorkerDict
 637392 63750544 ray::WorkerDict
 637394 63722192 ray::WorkerDict
 637395 63520136 ray::WorkerDict
1317539 4817172 VLLM::Worker_TP
1317538 4812816 VLLM::Worker_TP
 734172 1889776 ray::AgentLoopW
 734178 1833784 ray::AgentLoopW
 734177 1807016 ray::AgentLoopW
== 2026-09-05T22:15:46+09:00
Mem:            1007         705         300         369         375         301
    PID   RSS COMMAND
 717289 87699948 VLLM::Worker
 717290 87698000 VLLM::Worker
 717291 87681900 VLLM::Worker
 717292 87669520 VLLM::Worker
 637393 63752100 ray::WorkerDict
 637392 63750544 ray::WorkerDict
 637394 63722192 ray::WorkerDict
 637395 63520136 ray::WorkerDict
1317539 4817172 VLLM::Worker_TP
1317538 4812816 VLLM::Worker_TP
 734172 1889776 ray::AgentLoopW
 734178 1836856 ray::AgentLoopW
 734177 1814696 ray::AgentLoopW
== 2026-09-05T22:16:06+09:00
Mem:            1007         705         300         369         375         301
    PID   RSS COMMAND
 717289 87699948 VLLM::Worker
 717290 87698000 VLLM::Worker
 717291 87680120 VLLM::Worker
 717292 87669520 VLLM::Worker
 637393 63752100 ray::WorkerDict
 637392 63750544 ray::WorkerDict
 637394 63722192 ray::WorkerDict
 637395 63520136 ray::WorkerDict
1317539 4817172 VLLM::Worker_TP
1317538 4812816 VLLM::Worker_TP
 734172 1889776 ray::AgentLoopW
 734178 1836856 ray::AgentLoopW
 734177 1812036 ray::AgentLoopW
== 2026-09-05T22:16:26+09:00
Mem:            1007         705         300         369         375         301
    PID   RSS COMMAND
 717289 87699948 VLLM::Worker
 717290 87698000 VLLM::Worker
 717291 87680120 VLLM::Worker
 717292 87669520 VLLM::Worker
 637393 63752100 ray::WorkerDict
 637392 63750544 ray::WorkerDict
 637394 63722192 ray::WorkerDict
 637395 63520136 ray::WorkerDict
1317539 4817172 VLLM::Worker_TP
1317538 4812816 VLLM::Worker_TP
 734172 1889776 ray::AgentLoopW
 734178 1836856 ray::AgentLoopW
 734177 1812708 ray::AgentLoopW
== 2026-09-05T22:16:46+09:00
Mem:            1007         705         300         369         375         301
    PID   RSS COMMAND
 717289 87699948 VLLM::Worker
 717290 87698000 VLLM::Worker
 717291 87680120 VLLM::Worker
 717292 87669520 VLLM::Worker
 637393 63752100 ray::WorkerDict
 637392 63750544 ray::WorkerDict
 637394 63722192 ray::WorkerDict
 637395 63520136 ray::WorkerDict
1317539 4817172 VLLM::Worker_TP
1317538 4812816 VLLM::Worker_TP
 734172 1889776 ray::AgentLoopW
 734178 1836856 ray::AgentLoopW
 734177 1812708 ray::AgentLoopW
== 2026-09-05T22:17:06+09:00
Mem:            1007         705         300         369         375         301
    PID   RSS COMMAND
 717289 87699948 VLLM::Worker
 717290 87698000 VLLM::Worker
 717291 87680120 VLLM::Worker
 717292 87669520 VLLM::Worker
 637393 63752100 ray::WorkerDict
 637392 63750544 ray::WorkerDict
 637394 63722192 ray::WorkerDict
 637395 63520136 ray::WorkerDict
1317539 4817172 VLLM::Worker_TP
1317538 4812816 VLLM::Worker_TP
 734172 1889776 ray::AgentLoopW
 734178 1836856 ray::AgentLoopW
 734177 1812708 ray::AgentLoopW
== 2026-09-05T22:17:26+09:00
Mem:            1007         705         300         369         375         302
    PID   RSS COMMAND
 717289 87699948 VLLM::Worker
 717290 87698000 VLLM::Worker
 717291 87680120 VLLM::Worker
 717292 87669520 VLLM::Worker
 637393 63752100 ray::WorkerDict
 637392 63750544 ray::WorkerDict
 637394 63722192 ray::WorkerDict
 637395 63520136 ray::WorkerDict
1317539 4817172 VLLM::Worker_TP
1317538 4812816 VLLM::Worker_TP
 734172 1889776 ray::AgentLoopW
 734178 1836856 ray::AgentLoopW
 734177 1812708 ray::AgentLoopW
== 2026-09-05T22:17:46+09:00
Mem:            1007         477         528         369         375         529
    PID   RSS COMMAND
 717289 87699948 VLLM::Worker
 717290 87698000 VLLM::Worker
 717291 87680120 VLLM::Worker
 717292 87669520 VLLM::Worker
1317539 4817172 VLLM::Worker_TP
1317538 4812816 VLLM::Worker_TP
 637392 4162736 ray::WorkerDict
 637393 4126916 ray::WorkerDict
 637394 3979440 ray::WorkerDict
 637395 3925264 ray::WorkerDict
 734172 1889776 ray::AgentLoopW
 734178 1836856 ray::AgentLoopW
 734177 1812708 ray::AgentLoopW
== 2026-09-05T22:18:06+09:00
Mem:            1007         477         528         369         375         529
    PID   RSS COMMAND
 717289 87699948 VLLM::Worker
 717290 87698000 VLLM::Worker
 717291 87680120 VLLM::Worker
 717292 87669520 VLLM::Worker
1317539 4817172 VLLM::Worker_TP
1317538 4812816 VLLM::Worker_TP
 637392 4162736 ray::WorkerDict
 637393 4126916 ray::WorkerDict
 637394 3979440 ray::WorkerDict
 637395 3925264 ray::WorkerDict
 734172 1889776 ray::AgentLoopW
 734178 1836856 ray::AgentLoopW
 734177 1812708 ray::AgentLoopW
== 2026-09-05T22:18:26+09:00
Mem:            1007         477         528         369         375         529
    PID   RSS COMMAND
 717289 87699948 VLLM::Worker
 717290 87698000 VLLM::Worker
 717291 87680120 VLLM::Worker
 717292 87669520 VLLM::Worker
1317539 4817172 VLLM::Worker_TP
1317538 4812816 VLLM::Worker_TP
 637392 4162736 ray::WorkerDict
 637393 4126916 ray::WorkerDict
 637394 3979440 ray::WorkerDict
 637395 3925264 ray::WorkerDict
 734172 1889776 ray::AgentLoopW
 734178 1836856 ray::AgentLoopW
 734177 1812708 ray::AgentLoopW
== 2026-09-05T22:18:46+09:00
Mem:            1007         477         528         369         375         529
    PID   RSS COMMAND
 717289 87699948 VLLM::Worker
 717290 87698000 VLLM::Worker
 717291 87680120 VLLM::Worker
 717292 87669520 VLLM::Worker
1317539 4817172 VLLM::Worker_TP
1317538 4812816 VLLM::Worker_TP
 637393 4142204 ray::WorkerDict
 637392 4135900 ray::WorkerDict
 637394 3986796 ray::WorkerDict
 637395 3939708 ray::WorkerDict
 734172 1889776 ray::AgentLoopW
 734178 1836856 ray::AgentLoopW
 734177 1812708 ray::AgentLoopW
== 2026-09-05T22:19:06+09:00
Mem:            1007         477         528         369         375         529
    PID   RSS COMMAND
 717289 87699948 VLLM::Worker
 717290 87698000 VLLM::Worker
 717291 87680120 VLLM::Worker
 717292 87669520 VLLM::Worker
1317539 4817172 VLLM::Worker_TP
1317538 4812816 VLLM::Worker_TP
 637393 4142204 ray::WorkerDict
 637392 4137436 ray::WorkerDict
 637394 3987564 ray::WorkerDict
 637395 3940476 ray::WorkerDict
 734172 1889776 ray::AgentLoopW
 734178 1836856 ray::AgentLoopW
 734177 1812708 ray::AgentLoopW
== 2026-09-05T22:19:26+09:00
Mem:            1007         477         528         369         375         529
    PID   RSS COMMAND
 717289 87699948 VLLM::Worker
 717290 87698000 VLLM::Worker
 717291 87680120 VLLM::Worker
 717292 87669520 VLLM::Worker
1317539 4817172 VLLM::Worker_TP
1317538 4812816 VLLM::Worker_TP
 637393 4142972 ray::WorkerDict
 637392 4138204 ray::WorkerDict
 637394 3988332 ray::WorkerDict
 637395 3941244 ray::WorkerDict
 734172 1889776 ray::AgentLoopW
 734178 1836856 ray::AgentLoopW
 734177 1812708 ray::AgentLoopW
== 2026-09-05T22:19:46+09:00
Mem:            1007         477         528         369         375         529
    PID   RSS COMMAND
 717289 87699948 VLLM::Worker
 717290 87698000 VLLM::Worker
 717291 87680120 VLLM::Worker
 717292 87669520 VLLM::Worker
1317539 4817172 VLLM::Worker_TP
1317538 4812816 VLLM::Worker_TP
 637393 4142972 ray::WorkerDict
 637392 4138204 ray::WorkerDict
 637394 3988332 ray::WorkerDict
 637395 3941244 ray::WorkerDict
 734172 1889776 ray::AgentLoopW
 734178 1836856 ray::AgentLoopW
 734177 1812708 ray::AgentLoopW
== 2026-09-05T22:20:07+09:00
Mem:            1007         477         528         369         375         529
    PID   RSS COMMAND
 717289 87699948 VLLM::Worker
 717290 87698000 VLLM::Worker
 717291 87680120 VLLM::Worker
 717292 87669520 VLLM::Worker
1317539 4817172 VLLM::Worker_TP
1317538 4812816 VLLM::Worker_TP
 637393 4142972 ray::WorkerDict
 637392 4138204 ray::WorkerDict
 637394 3988332 ray::WorkerDict
 637395 3941244 ray::WorkerDict
 734172 1890544 ray::AgentLoopW
 734178 1836856 ray::AgentLoopW
 734177 1812708 ray::AgentLoopW
== 2026-09-05T22:20:27+09:00
Mem:            1007         477         528         369         375         529
    PID   RSS COMMAND
 717289 87699948 VLLM::Worker
 717290 87698000 VLLM::Worker
 717291 87680120 VLLM::Worker
 717292 87669520 VLLM::Worker
1317539 4817172 VLLM::Worker_TP
1317538 4812816 VLLM::Worker_TP
 637393 4142972 ray::WorkerDict
 637392 4138204 ray::WorkerDict
 637394 3988332 ray::WorkerDict
 637395 3941244 ray::WorkerDict
 734172 1890544 ray::AgentLoopW
 734178 1836856 ray::AgentLoopW
 734177 1812708 ray::AgentLoopW
== 2026-09-05T22:20:47+09:00
Mem:            1007         477         528         369         375         529
    PID   RSS COMMAND
 717289 87699948 VLLM::Worker
 717290 87698000 VLLM::Worker
 717291 87680120 VLLM::Worker
 717292 87669520 VLLM::Worker
1317539 4817172 VLLM::Worker_TP
1317538 4812816 VLLM::Worker_TP
 637393 4142972 ray::WorkerDict
 637392 4138972 ray::WorkerDict
 637394 3988332 ray::WorkerDict
 637395 3941244 ray::WorkerDict
 734172 1890544 ray::AgentLoopW
 734178 1836856 ray::AgentLoopW
 734177 1812708 ray::AgentLoopW
== 2026-09-05T22:21:07+09:00
Mem:            1007         477         528         369         375         529
    PID   RSS COMMAND
 717289 87699948 VLLM::Worker
 717290 87698000 VLLM::Worker
 717291 87680120 VLLM::Worker
 717292 87669520 VLLM::Worker
1317539 4817172 VLLM::Worker_TP
1317538 4812816 VLLM::Worker_TP
 637393 4142972 ray::WorkerDict
 637392 4138972 ray::WorkerDict
 637394 3988332 ray::WorkerDict
 637395 3941244 ray::WorkerDict
 734172 1890544 ray::AgentLoopW
 734178 1836856 ray::AgentLoopW
 734177 1812708 ray::AgentLoopW
== 2026-09-05T22:21:27+09:00
Mem:            1007         477         528         369         375         529
    PID   RSS COMMAND
 717289 87699948 VLLM::Worker
 717290 87698000 VLLM::Worker
 717291 87680120 VLLM::Worker
 717292 87669520 VLLM::Worker
1317539 4817172 VLLM::Worker_TP
1317538 4812816 VLLM::Worker_TP
 637393 4142972 ray::WorkerDict
 637392 4138972 ray::WorkerDict
 637394 3988332 ray::WorkerDict
 637395 3941244 ray::WorkerDict
 734172 1890544 ray::AgentLoopW
 734178 1836856 ray::AgentLoopW
 734177 1812708 ray::AgentLoopW
== 2026-09-05T22:21:47+09:00
Mem:            1007         477         528         369         375         529
    PID   RSS COMMAND
 717289 87699948 VLLM::Worker
 717290 87698000 VLLM::Worker
 717291 87680120 VLLM::Worker
 717292 87669520 VLLM::Worker
1317539 4817172 VLLM::Worker_TP
1317538 4812816 VLLM::Worker_TP
 637393 4142972 ray::WorkerDict
 637392 4138972 ray::WorkerDict
 637394 3988332 ray::WorkerDict
 637395 3941244 ray::WorkerDict
 734172 1890544 ray::AgentLoopW
 734178 1836856 ray::AgentLoopW
 734177 1812708 ray::AgentLoopW
== 2026-09-05T22:22:07+09:00
Mem:            1007         477         528         369         375         529
    PID   RSS COMMAND
 717289 87699948 VLLM::Worker
 717290 87698000 VLLM::Worker
 717291 87680120 VLLM::Worker
 717292 87669520 VLLM::Worker
1317539 4817172 VLLM::Worker_TP
1317538 4812816 VLLM::Worker_TP
 637393 4142972 ray::WorkerDict
 637392 4138972 ray::WorkerDict
 637394 3988332 ray::WorkerDict
 637395 3941244 ray::WorkerDict
 734172 1890544 ray::AgentLoopW
 734178 1836856 ray::AgentLoopW
 734177 1812708 ray::AgentLoopW
== 2026-09-05T22:22:27+09:00
Mem:            1007         477         528         369         375         529
    PID   RSS COMMAND
 717289 87699948 VLLM::Worker
 717290 87698000 VLLM::Worker
 717291 87680120 VLLM::Worker
 717292 87669520 VLLM::Worker
1317539 4817172 VLLM::Worker_TP
1317538 4812816 VLLM::Worker_TP
 637393 4142972 ray::WorkerDict
 637392 4138972 ray::WorkerDict
 637394 3988332 ray::WorkerDict
 637395 3941244 ray::WorkerDict
 734172 1890544 ray::AgentLoopW
 734178 1836856 ray::AgentLoopW
 734177 1812708 ray::AgentLoopW
== 2026-09-05T22:22:47+09:00
Mem:            1007         477         528         369         375         529
    PID   RSS COMMAND
 717289 87699948 VLLM::Worker
 717290 87698000 VLLM::Worker
 717291 87680120 VLLM::Worker
 717292 87669520 VLLM::Worker
1317539 4817172 VLLM::Worker_TP
1317538 4812816 VLLM::Worker_TP
 637393 4142972 ray::WorkerDict
 637392 4138972 ray::WorkerDict
 637394 3988332 ray::WorkerDict
 637395 3941244 ray::WorkerDict
 734172 1890544 ray::AgentLoopW
 734178 1836856 ray::AgentLoopW
 734177 1812708 ray::AgentLoopW
== 2026-09-05T22:23:07+09:00
Mem:            1007         582         423         369         375         425
    PID   RSS COMMAND
 717289 87699948 VLLM::Worker
 717290 87698000 VLLM::Worker
 717291 87680120 VLLM::Worker
 717292 87669520 VLLM::Worker
 637392 31599016 ray::WorkerDict
 637394 31412292 ray::WorkerDict
 637393 31396584 ray::WorkerDict
 637395 31373092 ray::WorkerDict
1317539 4817172 VLLM::Worker_TP
1317538 4812816 VLLM::Worker_TP
 734172 1890544 ray::AgentLoopW
 734178 1836856 ray::AgentLoopW
 734177 1812708 ray::AgentLoopW
== 2026-09-05T22:23:27+09:00
Mem:            1007         706         299         369         375         301
    PID   RSS COMMAND
 717289 87699948 VLLM::Worker
 717290 87698000 VLLM::Worker
 717291 87680120 VLLM::Worker
 717292 87669520 VLLM::Worker
 637392 63977252 ray::WorkerDict
 637394 63841008 ray::WorkerDict
 637395 63829408 ray::WorkerDict
 637393 63768500 ray::WorkerDict
1317539 4817172 VLLM::Worker_TP
1317538 4812816 VLLM::Worker_TP
 734172 1890544 ray::AgentLoopW
 734178 1836856 ray::AgentLoopW
 734177 1812708 ray::AgentLoopW
== 2026-09-05T22:23:47+09:00
Mem:            1007         707         298         369         375         300
    PID   RSS COMMAND
 717289 87699948 VLLM::Worker
 717290 87698000 VLLM::Worker
 717291 87680120 VLLM::Worker
 717292 87669520 VLLM::Worker
 637392 64558628 ray::WorkerDict
 637395 64122016 ray::WorkerDict
 637393 64093364 ray::WorkerDict
 637394 63676328 ray::WorkerDict
1317539 4817172 VLLM::Worker_TP
1317538 4812816 VLLM::Worker_TP
 734172 1890544 ray::AgentLoopW
 734178 1836856 ray::AgentLoopW
 734177 1812708 ray::AgentLoopW
== 2026-09-05T22:24:07+09:00
Mem:            1007         705         299         369         375         301
    PID   RSS COMMAND
 717289 87699948 VLLM::Worker
 717290 87698000 VLLM::Worker
 717291 87680120 VLLM::Worker
 717292 87669520 VLLM::Worker
 637392 63903280 ray::WorkerDict
 637394 63774980 ray::WorkerDict
 637393 63744196 ray::WorkerDict
 637395 63685808 ray::WorkerDict
1317539 4817172 VLLM::Worker_TP
1317538 4812816 VLLM::Worker_TP
 734172 1890544 ray::AgentLoopW
 734178 1836856 ray::AgentLoopW
 734177 1812708 ray::AgentLoopW
== 2026-09-05T22:24:27+09:00
Mem:            1007         706         299         369         375         300
    PID   RSS COMMAND
 717289 87705324 VLLM::Worker
 717290 87700128 VLLM::Worker
 717291 87683960 VLLM::Worker
 717292 87674128 VLLM::Worker
 637394 63771140 ray::WorkerDict
 637392 63768360 ray::WorkerDict
 637393 63741124 ray::WorkerDict
 637395 63681968 ray::WorkerDict
1317539 4817172 VLLM::Worker_TP
1317538 4812816 VLLM::Worker_TP
 734178 2140032 ray::AgentLoopW
 734172 2079472 ray::AgentLoopW
 734177 1858724 ray::AgentLoopW
== 2026-09-05T22:24:47+09:00
Mem:            1007         707         298         369         376         300
    PID   RSS COMMAND
 717289 87704304 VLLM::Worker
 717290 87700128 VLLM::Worker
 717291 87683960 VLLM::Worker
 717292 87674128 VLLM::Worker
 637394 63771140 ray::WorkerDict
 637392 63768360 ray::WorkerDict
 637393 63741124 ray::WorkerDict
 637395 63681968 ray::WorkerDict
1317539 4817172 VLLM::Worker_TP
1317538 4812816 VLLM::Worker_TP
 734178 2140032 ray::AgentLoopW
 734172 2079472 ray::AgentLoopW
 734177 1808068 ray::AgentLoopW
== 2026-09-05T22:25:07+09:00
Mem:            1007         706         298         369         376         300
    PID   RSS COMMAND
 717289 87703408 VLLM::Worker
 717290 87700128 VLLM::Worker
 717291 87683960 VLLM::Worker
 717292 87674128 VLLM::Worker
 637394 63771140 ray::WorkerDict
 637392 63769128 ray::WorkerDict
 637393 63741892 ray::WorkerDict
 637395 63681968 ray::WorkerDict
1317539 4817172 VLLM::Worker_TP
1317538 4812816 VLLM::Worker_TP
 734178 2141568 ray::AgentLoopW
 734172 2079472 ray::AgentLoopW
 734177 1808068 ray::AgentLoopW
== 2026-09-05T22:25:27+09:00
Mem:            1007         707         297         369         376         300
    PID   RSS COMMAND
 717289 87703408 VLLM::Worker
 717290 87700128 VLLM::Worker
 717291 87683960 VLLM::Worker
 717292 87674128 VLLM::Worker
 637394 63771140 ray::WorkerDict
 637392 63769128 ray::WorkerDict
 637393 63741892 ray::WorkerDict
 637395 63681968 ray::WorkerDict
1317539 4817172 VLLM::Worker_TP
1317538 4812816 VLLM::Worker_TP
 734178 2141568 ray::AgentLoopW
 734172 2079472 ray::AgentLoopW
 734177 1808068 ray::AgentLoopW
== 2026-09-05T22:25:47+09:00
Mem:            1007         707         297         369         377         300
    PID   RSS COMMAND
 717289 87703408 VLLM::Worker
 717290 87700128 VLLM::Worker
 717291 87682476 VLLM::Worker
 717292 87674128 VLLM::Worker
 637394 63771140 ray::WorkerDict
 637392 63769128 ray::WorkerDict
 637393 63741892 ray::WorkerDict
 637395 63681968 ray::WorkerDict
1317539 4817172 VLLM::Worker_TP
1317538 4812816 VLLM::Worker_TP
 734178 2141568 ray::AgentLoopW
 734172 2079264 ray::AgentLoopW
 734177 1808068 ray::AgentLoopW
== 2026-09-05T22:26:07+09:00
Mem:            1007         706         297         369         377         300
    PID   RSS COMMAND
 717289 87702624 VLLM::Worker
 717290 87700128 VLLM::Worker
 717291 87682476 VLLM::Worker
 717292 87674128 VLLM::Worker
 637394 63771140 ray::WorkerDict
 637392 63769128 ray::WorkerDict
 637393 63741892 ray::WorkerDict
 637395 63681968 ray::WorkerDict
1317539 4817172 VLLM::Worker_TP
1317538 4812816 VLLM::Worker_TP
 734178 2141568 ray::AgentLoopW
 734172 2079264 ray::AgentLoopW
 734177 1808068 ray::AgentLoopW
== 2026-09-05T22:26:27+09:00
Mem:            1007         706         297         369         377         300
    PID   RSS COMMAND
 717289 87702624 VLLM::Worker
 717290 87700128 VLLM::Worker
 717291 87682476 VLLM::Worker
 717292 87674128 VLLM::Worker
 637394 63771140 ray::WorkerDict
 637392 63769128 ray::WorkerDict
 637393 63741892 ray::WorkerDict
 637395 63681968 ray::WorkerDict
1317539 4817172 VLLM::Worker_TP
1317538 4812816 VLLM::Worker_TP
 734178 2141568 ray::AgentLoopW
 734172 2079264 ray::AgentLoopW
 734177 1808068 ray::AgentLoopW
== 2026-09-05T22:26:47+09:00
Mem:            1007         706         297         369         377         300
    PID   RSS COMMAND
 717289 87702624 VLLM::Worker
 717290 87699140 VLLM::Worker
 717291 87682476 VLLM::Worker
 717292 87674128 VLLM::Worker
 637394 63771140 ray::WorkerDict
 637392 63769128 ray::WorkerDict
 637393 63741892 ray::WorkerDict
 637395 63681968 ray::WorkerDict
1317539 4817172 VLLM::Worker_TP
1317538 4812816 VLLM::Worker_TP
 734178 2141568 ray::AgentLoopW
 734172 2079264 ray::AgentLoopW
 734177 1808068 ray::AgentLoopW
== 2026-09-05T22:27:07+09:00
Mem:            1007         706         297         369         377         300
    PID   RSS COMMAND
 717289 87702624 VLLM::Worker
 717290 87698116 VLLM::Worker
 717291 87682476 VLLM::Worker
 717292 87674128 VLLM::Worker
 637394 63771140 ray::WorkerDict
 637392 63769128 ray::WorkerDict
 637393 63741892 ray::WorkerDict
 637395 63681968 ray::WorkerDict
1317539 4817172 VLLM::Worker_TP
1317538 4812816 VLLM::Worker_TP
 734178 2141568 ray::AgentLoopW
 734172 2079264 ray::AgentLoopW
 734177 1808068 ray::AgentLoopW
== 2026-09-05T22:27:27+09:00
Mem:            1007         478         525         369         377         528
    PID   RSS COMMAND
 717289 87702624 VLLM::Worker
 717290 87698116 VLLM::Worker
 717291 87682476 VLLM::Worker
 717292 87674128 VLLM::Worker
1317539 4817172 VLLM::Worker_TP
1317538 4812816 VLLM::Worker_TP
 637394 4189508 ray::WorkerDict
 637392 4148524 ray::WorkerDict
 637393 4007912 ray::WorkerDict
 637395 3910504 ray::WorkerDict
 734178 2141568 ray::AgentLoopW
 734172 2079264 ray::AgentLoopW
 734177 1808068 ray::AgentLoopW
== 2026-09-05T22:27:48+09:00
Mem:            1007         478         525         369         377         528
    PID   RSS COMMAND
 717289 87702624 VLLM::Worker
 717290 87698116 VLLM::Worker
 717291 87682476 VLLM::Worker
 717292 87674128 VLLM::Worker
1317539 4817172 VLLM::Worker_TP
1317538 4812816 VLLM::Worker_TP
 637394 4189508 ray::WorkerDict
 637392 4148524 ray::WorkerDict
 637393 4007912 ray::WorkerDict
 637395 3910504 ray::WorkerDict
 734178 2141568 ray::AgentLoopW
 734172 2079264 ray::AgentLoopW
 734177 1808068 ray::AgentLoopW
== 2026-09-05T22:28:08+09:00
Mem:            1007         478         525         369         377         528
    PID   RSS COMMAND
 717289 87702624 VLLM::Worker
 717290 87698116 VLLM::Worker
 717291 87682476 VLLM::Worker
 717292 87674128 VLLM::Worker
1317539 4817172 VLLM::Worker_TP
1317538 4812816 VLLM::Worker_TP
 637392 4153028 ray::WorkerDict
 637393 4016696 ray::WorkerDict
 637394 4004892 ray::WorkerDict
 637395 3915316 ray::WorkerDict
 734178 2141568 ray::AgentLoopW
 734172 2079264 ray::AgentLoopW
 734177 1808068 ray::AgentLoopW
== 2026-09-05T22:28:28+09:00
Mem:            1007         478         525         369         377         528
    PID   RSS COMMAND
 717289 87702624 VLLM::Worker
 717290 87698116 VLLM::Worker
 717291 87682476 VLLM::Worker
 717292 87674128 VLLM::Worker
1317539 4817172 VLLM::Worker_TP
1317538 4812816 VLLM::Worker_TP
 637392 4154564 ray::WorkerDict
 637393 4018232 ray::WorkerDict
 637394 4006428 ray::WorkerDict
 637395 3917620 ray::WorkerDict
 734178 2141568 ray::AgentLoopW
 734172 2079264 ray::AgentLoopW
 734177 1808068 ray::AgentLoopW
== 2026-09-05T22:28:48+09:00
Mem:            1007         478         525         369         377         528
    PID   RSS COMMAND
 717289 87702624 VLLM::Worker
 717290 87698116 VLLM::Worker
 717291 87682476 VLLM::Worker
 717292 87674128 VLLM::Worker
1317539 4817172 VLLM::Worker_TP
1317538 4812816 VLLM::Worker_TP
 637392 4154564 ray::WorkerDict
 637393 4018232 ray::WorkerDict
 637394 4006428 ray::WorkerDict
 637395 3917620 ray::WorkerDict
 734178 2141568 ray::AgentLoopW
 734172 2079264 ray::AgentLoopW
 734177 1808068 ray::AgentLoopW
== 2026-09-05T22:29:08+09:00
Mem:            1007         478         525         369         377         528
    PID   RSS COMMAND
 717289 87702624 VLLM::Worker
 717290 87698116 VLLM::Worker
 717291 87682476 VLLM::Worker
 717292 87674128 VLLM::Worker
1317539 4817172 VLLM::Worker_TP
1317538 4812816 VLLM::Worker_TP
 637392 4154564 ray::WorkerDict
 637393 4018232 ray::WorkerDict
 637394 4006428 ray::WorkerDict
 637395 3917620 ray::WorkerDict
 734178 2141568 ray::AgentLoopW
 734172 2079264 ray::AgentLoopW
 734177 1808068 ray::AgentLoopW
== 2026-09-05T22:29:28+09:00
Mem:            1007         478         525         369         377         528
    PID   RSS COMMAND
 717289 87702624 VLLM::Worker
 717290 87698116 VLLM::Worker
 717291 87682476 VLLM::Worker
 717292 87674128 VLLM::Worker
1317539 4827156 VLLM::Worker_TP
1317538 4822032 VLLM::Worker_TP
 637392 4154564 ray::WorkerDict
 637393 4018232 ray::WorkerDict
 637394 4006428 ray::WorkerDict
 637395 3917620 ray::WorkerDict
 734178 2141568 ray::AgentLoopW
 734172 2079264 ray::AgentLoopW
 734177 1808068 ray::AgentLoopW
== 2026-09-05T22:29:48+09:00
Mem:            1007         478         525         369         377         528
    PID   RSS COMMAND
 717289 87702624 VLLM::Worker
 717290 87698116 VLLM::Worker
 717291 87682476 VLLM::Worker
 717292 87674128 VLLM::Worker
1317539 4827156 VLLM::Worker_TP
1317538 4822032 VLLM::Worker_TP
 637392 4154564 ray::WorkerDict
 637393 4018232 ray::WorkerDict
 637394 4006428 ray::WorkerDict
 637395 3917620 ray::WorkerDict
 734178 2141568 ray::AgentLoopW
 734172 2079264 ray::AgentLoopW
 734177 1808068 ray::AgentLoopW
== 2026-09-05T22:30:08+09:00
Mem:            1007         478         525         369         377         528
    PID   RSS COMMAND
 717289 87702624 VLLM::Worker
 717290 87698116 VLLM::Worker
 717291 87682476 VLLM::Worker
 717292 87674128 VLLM::Worker
1317539 4827156 VLLM::Worker_TP
1317538 4822032 VLLM::Worker_TP
 637392 4154564 ray::WorkerDict
 637393 4018232 ray::WorkerDict
 637394 4006428 ray::WorkerDict
 637395 3917620 ray::WorkerDict
 734178 2141568 ray::AgentLoopW
 734172 2079264 ray::AgentLoopW
 734177 1808068 ray::AgentLoopW
== 2026-09-05T22:30:28+09:00
Mem:            1007         478         525         369         377         528
    PID   RSS COMMAND
 717289 87702624 VLLM::Worker
 717290 87698116 VLLM::Worker
 717291 87682476 VLLM::Worker
 717292 87674128 VLLM::Worker
1317539 4827156 VLLM::Worker_TP
1317538 4822032 VLLM::Worker_TP
 637392 4154564 ray::WorkerDict
 637393 4018232 ray::WorkerDict
 637394 4006428 ray::WorkerDict
 637395 3917620 ray::WorkerDict
 734178 2141568 ray::AgentLoopW
 734172 2079264 ray::AgentLoopW
 734177 1808068 ray::AgentLoopW
== 2026-09-05T22:30:48+09:00
Mem:            1007         478         525         369         377         528
    PID   RSS COMMAND
 717289 87702624 VLLM::Worker
 717290 87698116 VLLM::Worker
 717291 87682476 VLLM::Worker
 717292 87674128 VLLM::Worker
1317539 4827156 VLLM::Worker_TP
1317538 4822032 VLLM::Worker_TP
 637392 4154564 ray::WorkerDict
 637393 4018232 ray::WorkerDict
 637394 4006428 ray::WorkerDict
 637395 3917620 ray::WorkerDict
 734178 2141568 ray::AgentLoopW
 734172 2079264 ray::AgentLoopW
 734177 1808068 ray::AgentLoopW
== 2026-09-05T22:31:08+09:00
Mem:            1007         478         525         369         377         528
    PID   RSS COMMAND
 717289 87702624 VLLM::Worker
 717290 87698116 VLLM::Worker
 717291 87682476 VLLM::Worker
 717292 87674128 VLLM::Worker
1317539 4827156 VLLM::Worker_TP
1317538 4822032 VLLM::Worker_TP
 637392 4154564 ray::WorkerDict
 637393 4018232 ray::WorkerDict
 637394 4006428 ray::WorkerDict
 637395 3917620 ray::WorkerDict
 734178 2141568 ray::AgentLoopW
 734172 2079264 ray::AgentLoopW
 734177 1808068 ray::AgentLoopW
== 2026-09-05T22:31:28+09:00
Mem:            1007         488         515         369         377         519
    PID   RSS COMMAND
 717289 87702624 VLLM::Worker
 717290 87698116 VLLM::Worker
 717291 87682476 VLLM::Worker
 717292 87674128 VLLM::Worker
 637392 6794744 ray::WorkerDict
 637393 6609268 ray::WorkerDict
 637394 6591936 ray::WorkerDict
 637395 6547568 ray::WorkerDict
1317539 4827156 VLLM::Worker_TP
1317538 4822800 VLLM::Worker_TP
 734178 2141568 ray::AgentLoopW
 734172 2079264 ray::AgentLoopW
 734177 1808068 ray::AgentLoopW
== 2026-09-05T22:31:48+09:00
Mem:            1007         635         368         369         377         371
    PID   RSS COMMAND
 717289 87702624 VLLM::Worker
 717290 87698116 VLLM::Worker
 717291 87682476 VLLM::Worker
 717292 87674128 VLLM::Worker
 637392 45246184 ray::WorkerDict
 637394 45069888 ray::WorkerDict
 637393 45048564 ray::WorkerDict
 637395 45028592 ray::WorkerDict
1317539 4827156 VLLM::Worker_TP
1317538 4822800 VLLM::Worker_TP
 734178 2141568 ray::AgentLoopW
 734172 2079264 ray::AgentLoopW
 734177 1808068 ray::AgentLoopW
== 2026-09-05T22:32:08+09:00
Mem:            1007         708         295         369         377         298
    PID   RSS COMMAND
 717289 87702624 VLLM::Worker
 717290 87698116 VLLM::Worker
 717291 87682476 VLLM::Worker
 717292 87674128 VLLM::Worker
 637392 64574988 ray::WorkerDict
 637393 64389512 ray::WorkerDict
 637395 63929148 ray::WorkerDict
 637394 63783308 ray::WorkerDict
1317539 4827156 VLLM::Worker_TP
1317538 4822800 VLLM::Worker_TP
 734178 2141568 ray::AgentLoopW
 734172 2079264 ray::AgentLoopW
 734177 1808068 ray::AgentLoopW
== 2026-09-05T22:32:28+09:00
Mem:            1007         707         296         369         377         299
    PID   RSS COMMAND
 717289 87702624 VLLM::Worker
 717290 87698116 VLLM::Worker
 717291 87682476 VLLM::Worker
 717292 87674128 VLLM::Worker
 637392 64181772 ray::WorkerDict
 637395 64004428 ray::WorkerDict
 637393 63999368 ray::WorkerDict
 637394 63712212 ray::WorkerDict
1317539 4827156 VLLM::Worker_TP
1317538 4822800 VLLM::Worker_TP
 734178 2141568 ray::AgentLoopW
 734172 2079264 ray::AgentLoopW
 734177 1808068 ray::AgentLoopW
== 2026-09-05T22:32:48+09:00
Mem:            1007         707         296         369         377         300
    PID   RSS COMMAND
 717289 87702624 VLLM::Worker
 717290 87698884 VLLM::Worker
 717291 87682476 VLLM::Worker
 717292 87673128 VLLM::Worker
 637392 63788560 ray::WorkerDict
 637395 63748248 ray::WorkerDict
 637394 63675736 ray::WorkerDict
 637393 63654280 ray::WorkerDict
1317539 4827156 VLLM::Worker_TP
1317538 4822800 VLLM::Worker_TP
 734178 2142336 ray::AgentLoopW
 734172 2080032 ray::AgentLoopW
 734177 1808068 ray::AgentLoopW
== 2026-09-05T22:33:08+09:00
Mem:            1007         707         296         369         378         299
    PID   RSS COMMAND
 717289 87702624 VLLM::Worker
 717290 87698884 VLLM::Worker
 717291 87682476 VLLM::Worker
 717292 87673128 VLLM::Worker
 637392 63785488 ray::WorkerDict
 637395 63745944 ray::WorkerDict
 637394 63672664 ray::WorkerDict
 637393 63650440 ray::WorkerDict
1317539 4827156 VLLM::Worker_TP
1317538 4822800 VLLM::Worker_TP
 734178 2143104 ray::AgentLoopW
 734172 2080800 ray::AgentLoopW
 734177 1808068 ray::AgentLoopW
== 2026-09-05T22:33:28+09:00
Mem:            1007         707         294         369         379         299
    PID   RSS COMMAND
 717289 87702624 VLLM::Worker
 717290 87698884 VLLM::Worker
 717291 87681488 VLLM::Worker
 717292 87673128 VLLM::Worker
 637392 63785488 ray::WorkerDict
 637395 63745944 ray::WorkerDict
 637394 63672664 ray::WorkerDict
 637393 63650440 ray::WorkerDict
1317539 4827156 VLLM::Worker_TP
1317538 4822800 VLLM::Worker_TP
 734178 2143104 ray::AgentLoopW
 734172 2080800 ray::AgentLoopW
 734177 1808068 ray::AgentLoopW
== 2026-09-05T22:33:48+09:00
Mem:            1007         707         294         369         379         299
    PID   RSS COMMAND
 717289 87702624 VLLM::Worker
 717290 87698884 VLLM::Worker
 717291 87681488 VLLM::Worker
 717292 87673128 VLLM::Worker
 637392 63785488 ray::WorkerDict
 637395 63745944 ray::WorkerDict
 637394 63672664 ray::WorkerDict
 637393 63650440 ray::WorkerDict
1317539 4827156 VLLM::Worker_TP
1317538 4822800 VLLM::Worker_TP
 734178 2143104 ray::AgentLoopW
 734172 2080800 ray::AgentLoopW
 734177 1808068 ray::AgentLoopW
== 2026-09-05T22:34:08+09:00
Mem:            1007         707         295         369         379         300
    PID   RSS COMMAND
 717289 87702624 VLLM::Worker
 717290 87698884 VLLM::Worker
 717291 87681488 VLLM::Worker
 717292 87673128 VLLM::Worker
 637392 63785488 ray::WorkerDict
 637395 63745944 ray::WorkerDict
 637394 63672664 ray::WorkerDict
 637393 63650440 ray::WorkerDict
1317539 4827156 VLLM::Worker_TP
1317538 4822800 VLLM::Worker_TP
 734178 2143104 ray::AgentLoopW
 734172 2080800 ray::AgentLoopW
 734177 1808068 ray::AgentLoopW
== 2026-09-05T22:34:28+09:00
Mem:            1007         707         295         369         379         300
    PID   RSS COMMAND
 717289 87702624 VLLM::Worker
 717290 87698884 VLLM::Worker
 717291 87681488 VLLM::Worker
 717292 87673128 VLLM::Worker
 637392 63785488 ray::WorkerDict
 637395 63745944 ray::WorkerDict
 637394 63672664 ray::WorkerDict
 637393 63650440 ray::WorkerDict
1317539 4827156 VLLM::Worker_TP
1317538 4822800 VLLM::Worker_TP
 734178 2143104 ray::AgentLoopW
 734172 2080800 ray::AgentLoopW
 734177 1808068 ray::AgentLoopW
== 2026-09-05T22:34:48+09:00
Mem:            1007         707         295         369         379         300
    PID   RSS COMMAND
 717289 87702624 VLLM::Worker
 717290 87698884 VLLM::Worker
 717291 87681488 VLLM::Worker
 717292 87673128 VLLM::Worker
 637392 63785488 ray::WorkerDict
 637395 63745944 ray::WorkerDict
 637394 63672664 ray::WorkerDict
 637393 63650440 ray::WorkerDict
1317539 4827156 VLLM::Worker_TP
1317538 4822800 VLLM::Worker_TP
 734178 2143104 ray::AgentLoopW
 734172 2080800 ray::AgentLoopW
 734177 1808068 ray::AgentLoopW
== 2026-09-05T22:35:08+09:00
Mem:            1007         707         295         369         379         300
    PID   RSS COMMAND
 717289 87702624 VLLM::Worker
 717290 87698884 VLLM::Worker
 717291 87681488 VLLM::Worker
 717292 87673128 VLLM::Worker
 637392 63785488 ray::WorkerDict
 637395 63745944 ray::WorkerDict
 637394 63672664 ray::WorkerDict
 637393 63651208 ray::WorkerDict
1317539 4827156 VLLM::Worker_TP
1317538 4822800 VLLM::Worker_TP
 734178 2143104 ray::AgentLoopW
 734172 2080800 ray::AgentLoopW
 734177 1808068 ray::AgentLoopW
== 2026-09-05T22:35:28+09:00
Mem:            1007         707         295         369         379         300
    PID   RSS COMMAND
 717289 87702624 VLLM::Worker
 717290 87698884 VLLM::Worker
 717291 87681488 VLLM::Worker
 717292 87673128 VLLM::Worker
 637392 63785488 ray::WorkerDict
 637395 63745944 ray::WorkerDict
 637394 63672664 ray::WorkerDict
 637393 63651208 ray::WorkerDict
1317539 4827156 VLLM::Worker_TP
1317538 4822800 VLLM::Worker_TP
 734178 2143104 ray::AgentLoopW
 734172 2080800 ray::AgentLoopW
 734177 1808068 ray::AgentLoopW
== 2026-09-05T22:35:48+09:00
Mem:            1007         479         522         369         379         528
    PID   RSS COMMAND
 717289 87702624 VLLM::Worker
 717290 87698884 VLLM::Worker
 717291 87681488 VLLM::Worker
 717292 87673128 VLLM::Worker
1317539 4827156 VLLM::Worker_TP
1317538 4822800 VLLM::Worker_TP
 637392 4154940 ray::WorkerDict
 637395 4114588 ray::WorkerDict
 637394 4061804 ray::WorkerDict
 637393 4019396 ray::WorkerDict
 734178 2143104 ray::AgentLoopW
 734172 2080800 ray::AgentLoopW
 734177 1808068 ray::AgentLoopW
== 2026-09-05T22:36:08+09:00
Mem:            1007         479         522         369         379         528
    PID   RSS COMMAND
 717289 87702624 VLLM::Worker
 717290 87698884 VLLM::Worker
 717291 87681488 VLLM::Worker
 717292 87673128 VLLM::Worker
1317539 4827156 VLLM::Worker_TP
1317538 4822800 VLLM::Worker_TP
 637392 4154940 ray::WorkerDict
 637395 4114588 ray::WorkerDict
 637394 4061804 ray::WorkerDict
 637393 4019396 ray::WorkerDict
 734178 2143104 ray::AgentLoopW
 734172 2080800 ray::AgentLoopW
 734177 1808068 ray::AgentLoopW
== 2026-09-05T22:36:29+09:00
Mem:            1007         479         523         369         379         528
    PID   RSS COMMAND
 717289 87702624 VLLM::Worker
 717290 87698884 VLLM::Worker
 717291 87681488 VLLM::Worker
 717292 87673128 VLLM::Worker
1317539 4827156 VLLM::Worker_TP
1317538 4822800 VLLM::Worker_TP
 637392 4156864 ray::WorkerDict
 637394 4064500 ray::WorkerDict
 637393 3943660 ray::WorkerDict
 637395 3919348 ray::WorkerDict
 734178 2143104 ray::AgentLoopW
 734172 2080800 ray::AgentLoopW
 734177 1808068 ray::AgentLoopW
== 2026-09-05T22:36:49+09:00
Mem:            1007         479         523         369         379         528
    PID   RSS COMMAND
 717289 87702624 VLLM::Worker
 717290 87698884 VLLM::Worker
 717291 87681488 VLLM::Worker
 717292 87673128 VLLM::Worker
1317539 4827156 VLLM::Worker_TP
1317538 4822800 VLLM::Worker_TP
 637392 4156864 ray::WorkerDict
 637394 4064500 ray::WorkerDict
 637393 3944428 ray::WorkerDict
 637395 3919348 ray::WorkerDict
 734178 2143104 ray::AgentLoopW
 734172 2080800 ray::AgentLoopW
 734177 1808068 ray::AgentLoopW
== 2026-09-05T22:37:09+09:00
Mem:            1007         479         523         369         379         528
    PID   RSS COMMAND
 717289 87702624 VLLM::Worker
 717290 87698884 VLLM::Worker
 717291 87681488 VLLM::Worker
 717292 87673128 VLLM::Worker
1317539 4827156 VLLM::Worker_TP
1317538 4822800 VLLM::Worker_TP
 637392 4156864 ray::WorkerDict
 637394 4064500 ray::WorkerDict
 637393 3944428 ray::WorkerDict
 637395 3919348 ray::WorkerDict
 734178 2143104 ray::AgentLoopW
 734172 2080800 ray::AgentLoopW
 734177 1808068 ray::AgentLoopW
== 2026-09-05T22:37:29+09:00
Mem:            1007         479         523         369         379         528
    PID   RSS COMMAND
 717289 87702624 VLLM::Worker
 717290 87698884 VLLM::Worker
 717291 87681488 VLLM::Worker
 717292 87673128 VLLM::Worker
1317539 4827156 VLLM::Worker_TP
1317538 4822800 VLLM::Worker_TP
 637392 4156864 ray::WorkerDict
 637394 4064500 ray::WorkerDict
 637393 3944428 ray::WorkerDict
 637395 3919348 ray::WorkerDict
 734178 2143104 ray::AgentLoopW
 734172 2080800 ray::AgentLoopW
 734177 1808068 ray::AgentLoopW
== 2026-09-05T22:37:49+09:00
Mem:            1007         479         523         369         379         528
    PID   RSS COMMAND
 717289 87702624 VLLM::Worker
 717290 87698884 VLLM::Worker
 717291 87681488 VLLM::Worker
 717292 87673128 VLLM::Worker
1317539 4827156 VLLM::Worker_TP
1317538 4822800 VLLM::Worker_TP
 637392 4156864 ray::WorkerDict
 637394 4064500 ray::WorkerDict
 637393 3944428 ray::WorkerDict
 637395 3919348 ray::WorkerDict
 734178 2143104 ray::AgentLoopW
 734172 2080800 ray::AgentLoopW
 734177 1808068 ray::AgentLoopW
== 2026-09-05T22:38:09+09:00
Mem:            1007         479         523         369         379         528
    PID   RSS COMMAND
 717289 87702624 VLLM::Worker
 717290 87698884 VLLM::Worker
 717291 87681488 VLLM::Worker
 717292 87673128 VLLM::Worker
1317539 4827156 VLLM::Worker_TP
1317538 4822800 VLLM::Worker_TP
 637392 4158400 ray::WorkerDict
 637394 4064500 ray::WorkerDict
 637393 3945196 ray::WorkerDict
 637395 3920116 ray::WorkerDict
 734178 2143104 ray::AgentLoopW
 734172 2080800 ray::AgentLoopW
 734177 1808068 ray::AgentLoopW
== 2026-09-05T22:38:29+09:00
Mem:            1007         565         437         369         379         442
    PID   RSS COMMAND
 717289 87702624 VLLM::Worker
 717290 87698884 VLLM::Worker
 717291 87681488 VLLM::Worker
 717292 87673128 VLLM::Worker
 637392 26667076 ray::WorkerDict
 637394 26554216 ray::WorkerDict
 637393 26441624 ray::WorkerDict
 637395 26437764 ray::WorkerDict
1317539 4827156 VLLM::Worker_TP
1317538 4822800 VLLM::Worker_TP
 734178 2143104 ray::AgentLoopW
 734172 2080800 ray::AgentLoopW
 734177 1808068 ray::AgentLoopW
== 2026-09-05T22:38:49+09:00
Mem:            1007         696         305         369         379         310
    PID   RSS COMMAND
 717289 87702624 VLLM::Worker
 717290 87698884 VLLM::Worker
 717291 87681488 VLLM::Worker
 717292 87673128 VLLM::Worker
 637392 61130308 ray::WorkerDict
 637394 61005160 ray::WorkerDict
 637395 60896996 ray::WorkerDict
 637393 60896408 ray::WorkerDict
1317539 4827156 VLLM::Worker_TP
1317538 4822800 VLLM::Worker_TP
 734178 2143104 ray::AgentLoopW
 734172 2080800 ray::AgentLoopW
 734177 1808068 ray::AgentLoopW
== 2026-09-05T22:39:09+09:00
Mem:            1007         709         292         369         379         297
    PID   RSS COMMAND
 717289 87702624 VLLM::Worker
 717290 87698884 VLLM::Worker
 717291 87681488 VLLM::Worker
 717292 87673128 VLLM::Worker
 637394 64464684 ray::WorkerDict
 637392 64386832 ray::WorkerDict
 637393 64364868 ray::WorkerDict
 637395 64030220 ray::WorkerDict
1317539 4827156 VLLM::Worker_TP
1317538 4822800 VLLM::Worker_TP
 734178 2143104 ray::AgentLoopW
 734172 2080800 ray::AgentLoopW
 734177 1808068 ray::AgentLoopW
== 2026-09-05T22:39:29+09:00
Mem:            1007         707         294         369         379         299
    PID   RSS COMMAND
 717289 87702624 VLLM::Worker
 717290 87698884 VLLM::Worker
 717291 87681488 VLLM::Worker
 717292 87673128 VLLM::Worker
 637392 63955488 ray::WorkerDict
 637395 63816288 ray::WorkerDict
 637394 63694636 ray::WorkerDict
 637393 63639308 ray::WorkerDict
1317539 4827156 VLLM::Worker_TP
1317538 4822800 VLLM::Worker_TP
 734178 2143104 ray::AgentLoopW
 734172 2080800 ray::AgentLoopW
 734177 1808068 ray::AgentLoopW
== 2026-09-05T22:39:49+09:00
Mem:            1007         707         294         369         379         299
    PID   RSS COMMAND
 717289 87702624 VLLM::Worker
 717290 87698884 VLLM::Worker
 717291 87681488 VLLM::Worker
 717292 87673128 VLLM::Worker
 637392 63952416 ray::WorkerDict
 637394 63692332 ray::WorkerDict
 637393 63635468 ray::WorkerDict
 637395 63551052 ray::WorkerDict
1317539 4827156 VLLM::Worker_TP
1317538 4822800 VLLM::Worker_TP
 734178 2143104 ray::AgentLoopW
 734172 2080800 ray::AgentLoopW
 734177 1818052 ray::AgentLoopW
== 2026-09-05T22:40:09+09:00
Mem:            1007         707         294         369         379         299
    PID   RSS COMMAND
 717289 87702624 VLLM::Worker
 717290 87698884 VLLM::Worker
 717291 87681488 VLLM::Worker
 717292 87673128 VLLM::Worker
 637392 63952416 ray::WorkerDict
 637394 63692332 ray::WorkerDict
 637393 63635468 ray::WorkerDict
 637395 63551052 ray::WorkerDict
1317539 4827156 VLLM::Worker_TP
1317538 4822800 VLLM::Worker_TP
 734178 2143104 ray::AgentLoopW
 734172 2080800 ray::AgentLoopW
 734177 1818052 ray::AgentLoopW
== 2026-09-05T22:40:29+09:00
Mem:            1007         707         294         369         379         299
    PID   RSS COMMAND
 717289 87702624 VLLM::Worker
 717290 87698884 VLLM::Worker
 717291 87681488 VLLM::Worker
 717292 87673128 VLLM::Worker
 637392 63952416 ray::WorkerDict
 637394 63692332 ray::WorkerDict
 637393 63635468 ray::WorkerDict
 637395 63551052 ray::WorkerDict
1317539 4827156 VLLM::Worker_TP
1317538 4822800 VLLM::Worker_TP
 734178 2143104 ray::AgentLoopW
 734172 2080800 ray::AgentLoopW
 734177 1818052 ray::AgentLoopW
== 2026-09-05T22:40:49+09:00
Mem:            1007         707         294         369         379         299
    PID   RSS COMMAND
 717289 87702624 VLLM::Worker
 717290 87698884 VLLM::Worker
 717291 87681488 VLLM::Worker
 717292 87673128 VLLM::Worker
 637392 63952416 ray::WorkerDict
 637394 63692332 ray::WorkerDict
 637393 63635468 ray::WorkerDict
 637395 63551052 ray::WorkerDict
1317539 4827156 VLLM::Worker_TP
1317538 4822800 VLLM::Worker_TP
 734178 2143104 ray::AgentLoopW
 734172 2080800 ray::AgentLoopW
 734177 1818052 ray::AgentLoopW
== 2026-09-05T22:41:09+09:00
Mem:            1007         707         294         369         379         299
    PID   RSS COMMAND
 717289 87702624 VLLM::Worker
 717290 87698884 VLLM::Worker
 717291 87681488 VLLM::Worker
 717292 87673128 VLLM::Worker
 637392 63952416 ray::WorkerDict
 637394 63692332 ray::WorkerDict
 637393 63635468 ray::WorkerDict
 637395 63551052 ray::WorkerDict
1317539 4827156 VLLM::Worker_TP
1317538 4822800 VLLM::Worker_TP
 734178 2143104 ray::AgentLoopW
 734172 2080800 ray::AgentLoopW
 734177 1818052 ray::AgentLoopW
== 2026-09-05T22:41:29+09:00
Mem:            1007         707         294         369         379         300
    PID   RSS COMMAND
 717289 87702624 VLLM::Worker
 717290 87698884 VLLM::Worker
 717291 87681488 VLLM::Worker
 717292 87673128 VLLM::Worker
 637392 63952416 ray::WorkerDict
 637394 63692332 ray::WorkerDict
 637393 63636236 ray::WorkerDict
 637395 63551052 ray::WorkerDict
1317539 4827156 VLLM::Worker_TP
1317538 4822800 VLLM::Worker_TP
 734178 2143104 ray::AgentLoopW
 734172 2080800 ray::AgentLoopW
 734177 1818052 ray::AgentLoopW
== 2026-09-05T22:41:49+09:00
Mem:            1007         707         294         369         379         300
    PID   RSS COMMAND
 717289 87702624 VLLM::Worker
 717290 87698884 VLLM::Worker
 717291 87681488 VLLM::Worker
 717292 87673128 VLLM::Worker
 637392 63952416 ray::WorkerDict
 637394 63692332 ray::WorkerDict
 637393 63636236 ray::WorkerDict
 637395 63551052 ray::WorkerDict
1317539 4827156 VLLM::Worker_TP
1317538 4822800 VLLM::Worker_TP
 734178 2143104 ray::AgentLoopW
 734172 2080800 ray::AgentLoopW
 734177 1818052 ray::AgentLoopW
== 2026-09-05T22:42:09+09:00
Mem:            1007         707         294         369         379         300
    PID   RSS COMMAND
 717289 87702624 VLLM::Worker
 717290 87698884 VLLM::Worker
 717291 87681488 VLLM::Worker
 717292 87673128 VLLM::Worker
 637392 63952416 ray::WorkerDict
 637394 63692332 ray::WorkerDict
 637393 63636236 ray::WorkerDict
 637395 63551052 ray::WorkerDict
1317539 4827156 VLLM::Worker_TP
1317538 4822800 VLLM::Worker_TP
 734178 2143104 ray::AgentLoopW
 734172 2080800 ray::AgentLoopW
 734177 1818052 ray::AgentLoopW
== 2026-09-05T22:42:29+09:00
Mem:            1007         707         294         369         379         300
    PID   RSS COMMAND
 717289 87702624 VLLM::Worker
 717290 87697856 VLLM::Worker
 717291 87681488 VLLM::Worker
 717292 87673128 VLLM::Worker
 637392 63952416 ray::WorkerDict
 637394 63692332 ray::WorkerDict
 637393 63636236 ray::WorkerDict
 637395 63551052 ray::WorkerDict
1317539 4827156 VLLM::Worker_TP
1317538 4822800 VLLM::Worker_TP
 734178 2143104 ray::AgentLoopW
 734172 2080800 ray::AgentLoopW
 734177 1818052 ray::AgentLoopW
== 2026-09-05T22:42:49+09:00
Mem:            1007         479         522         369         379         528
    PID   RSS COMMAND
 717289 87702624 VLLM::Worker
 717290 87697856 VLLM::Worker
 717291 87681488 VLLM::Worker
 717292 87673128 VLLM::Worker
1317539 4827156 VLLM::Worker_TP
1317538 4822800 VLLM::Worker_TP
 637392 4163160 ray::WorkerDict
 637394 4064300 ray::WorkerDict
 637393 4007704 ray::WorkerDict
 637395 3922232 ray::WorkerDict
 734178 2143104 ray::AgentLoopW
 734172 2080800 ray::AgentLoopW
 734177 1818052 ray::AgentLoopW
== 2026-09-05T22:43:09+09:00
Mem:            1007         479         522         369         379         527
    PID   RSS COMMAND
 717289 87702624 VLLM::Worker
 717290 87697856 VLLM::Worker
 717291 87681488 VLLM::Worker
 717292 87673128 VLLM::Worker
1317539 4827156 VLLM::Worker_TP
1317538 4822800 VLLM::Worker_TP
 637392 4163160 ray::WorkerDict
 637394 4064300 ray::WorkerDict
 637393 4007704 ray::WorkerDict
 637395 3923000 ray::WorkerDict
 734178 2143104 ray::AgentLoopW
 734172 2080800 ray::AgentLoopW
 734177 1818052 ray::AgentLoopW
== 2026-09-05T22:43:29+09:00
Mem:            1007         571         430         369         379         435
    PID   RSS COMMAND
 717289 87703392 VLLM::Worker
 717290 87697856 VLLM::Worker
 717291 87681488 VLLM::Worker
 717292 87673128 VLLM::Worker
 637392 28326692 ray::WorkerDict
 637394 28279440 ray::WorkerDict
 637393 28144028 ray::WorkerDict
 637395 28138460 ray::WorkerDict
1317539 4827156 VLLM::Worker_TP
1317538 4822800 VLLM::Worker_TP
 734178 2143104 ray::AgentLoopW
 734172 2080800 ray::AgentLoopW
 734177 1818052 ray::AgentLoopW
== 2026-09-05T22:43:49+09:00
Mem:            1007         703         298         369         379         304
    PID   RSS COMMAND
 717289 87703392 VLLM::Worker
 717290 87697856 VLLM::Worker
 717291 87681488 VLLM::Worker
 717292 87673128 VLLM::Worker
 637392 62771492 ray::WorkerDict
 637394 62672016 ray::WorkerDict
 637393 62610476 ray::WorkerDict
 637395 62531804 ray::WorkerDict
1317539 4827156 VLLM::Worker_TP
1317538 4822800 VLLM::Worker_TP
 734178 2143104 ray::AgentLoopW
 734172 2080800 ray::AgentLoopW
 734177 1818052 ray::AgentLoopW
== 2026-09-05T22:44:09+09:00
Mem:            1007         708         293         369         379         299
    PID   RSS COMMAND
 717289 87703392 VLLM::Worker
 717290 87697856 VLLM::Worker
 717291 87681488 VLLM::Worker
 717292 87673128 VLLM::Worker
 637394 64261204 ray::WorkerDict
 637393 64072544 ray::WorkerDict
 637392 63980728 ray::WorkerDict
 637395 63643040 ray::WorkerDict
1317539 4827156 VLLM::Worker_TP
1317538 4822800 VLLM::Worker_TP
 734178 2143104 ray::AgentLoopW
 734172 2080800 ray::AgentLoopW
 734177 1818052 ray::AgentLoopW
== 2026-09-05T22:44:29+09:00
Mem:            1007         707         294         369         379         299
    PID   RSS COMMAND
 717289 87703392 VLLM::Worker
 717290 87697856 VLLM::Worker
 717291 87681488 VLLM::Worker
 717292 87673128 VLLM::Worker
 637392 63895488 ray::WorkerDict
 637395 63884732 ray::WorkerDict
 637394 63779412 ray::WorkerDict
 637393 63641696 ray::WorkerDict
1317539 4827156 VLLM::Worker_TP
1317538 4822800 VLLM::Worker_TP
 734178 2143104 ray::AgentLoopW
 734172 2080800 ray::AgentLoopW
 734177 1818052 ray::AgentLoopW
== 2026-09-05T22:44:49+09:00
Mem:            1007         708         293         369         379         299
    PID   RSS COMMAND
 717289 87703392 VLLM::Worker
 717290 87698624 VLLM::Worker
 717291 87682256 VLLM::Worker
 717292 87673128 VLLM::Worker
 637395 63884732 ray::WorkerDict
 637392 63797180 ray::WorkerDict
 637394 63779412 ray::WorkerDict
 637393 63641696 ray::WorkerDict
1317539 4827156 VLLM::Worker_TP
1317538 4822800 VLLM::Worker_TP
 734178 2143104 ray::AgentLoopW
 734172 2102304 ray::AgentLoopW
 734177 1842628 ray::AgentLoopW
== 2026-09-05T22:45:09+09:00
Mem:            1007         708         293         369         379         299
    PID   RSS COMMAND
 717289 87703392 VLLM::Worker
 717290 87698624 VLLM::Worker
 717291 87682256 VLLM::Worker
 717292 87673128 VLLM::Worker
 637395 63880892 ray::WorkerDict
 637392 63794108 ray::WorkerDict
 637394 63776340 ray::WorkerDict
 637393 63637856 ray::WorkerDict
1317539 4827156 VLLM::Worker_TP
1317538 4822800 VLLM::Worker_TP
 734178 2143104 ray::AgentLoopW
 734172 2102304 ray::AgentLoopW
 734177 1842628 ray::AgentLoopW
== 2026-09-05T22:45:30+09:00
Mem:            1007         708         293         369         379         299
    PID   RSS COMMAND
 717289 87703392 VLLM::Worker
 717290 87697612 VLLM::Worker
 717291 87682256 VLLM::Worker
 717292 87673128 VLLM::Worker
 637395 63880892 ray::WorkerDict
 637392 63794108 ray::WorkerDict
 637394 63776340 ray::WorkerDict
 637393 63637856 ray::WorkerDict
1317539 4827156 VLLM::Worker_TP
1317538 4822800 VLLM::Worker_TP
 734178 2143104 ray::AgentLoopW
 734172 2102304 ray::AgentLoopW
 734177 1842628 ray::AgentLoopW
== 2026-09-05T22:45:50+09:00
Mem:            1007         708         293         369         379         299
    PID   RSS COMMAND
 717289 87703392 VLLM::Worker
 717290 87697612 VLLM::Worker
 717291 87682256 VLLM::Worker
 717292 87673128 VLLM::Worker
 637395 63880892 ray::WorkerDict
 637392 63794108 ray::WorkerDict
 637394 63776340 ray::WorkerDict
 637393 63637856 ray::WorkerDict
1317539 4827156 VLLM::Worker_TP
1317538 4822800 VLLM::Worker_TP
 734178 2143104 ray::AgentLoopW
 734172 2102304 ray::AgentLoopW
 734177 1842628 ray::AgentLoopW
== 2026-09-05T22:46:10+09:00
Mem:            1007         708         293         369         379         299
    PID   RSS COMMAND
 717289 87703392 VLLM::Worker
 717290 87697612 VLLM::Worker
 717291 87682256 VLLM::Worker
 717292 87673128 VLLM::Worker
 637395 63880892 ray::WorkerDict
 637392 63794108 ray::WorkerDict
 637394 63776340 ray::WorkerDict
 637393 63637856 ray::WorkerDict
1317539 4827156 VLLM::Worker_TP
1317538 4822800 VLLM::Worker_TP
 734178 2143104 ray::AgentLoopW
 734172 2102304 ray::AgentLoopW
 734177 1842628 ray::AgentLoopW
== 2026-09-05T22:46:30+09:00
Mem:            1007         708         293         369         379         299
    PID   RSS COMMAND
 717289 87703392 VLLM::Worker
 717290 87697612 VLLM::Worker
 717291 87682256 VLLM::Worker
 717292 87673128 VLLM::Worker
 637395 63880892 ray::WorkerDict
 637392 63794108 ray::WorkerDict
 637394 63776340 ray::WorkerDict
 637393 63637856 ray::WorkerDict
1317539 4827156 VLLM::Worker_TP
1317538 4822800 VLLM::Worker_TP
 734178 2143104 ray::AgentLoopW
 734172 2102304 ray::AgentLoopW
 734177 1842628 ray::AgentLoopW
== 2026-09-05T22:46:50+09:00
Mem:            1007         708         293         369         379         299
    PID   RSS COMMAND
 717289 87703392 VLLM::Worker
 717290 87697612 VLLM::Worker
 717291 87682256 VLLM::Worker
 717292 87673128 VLLM::Worker
 637395 63880892 ray::WorkerDict
 637392 63794108 ray::WorkerDict
 637394 63776340 ray::WorkerDict
 637393 63637856 ray::WorkerDict
1317539 4827156 VLLM::Worker_TP
1317538 4822800 VLLM::Worker_TP
 734178 2143104 ray::AgentLoopW
 734172 2102304 ray::AgentLoopW
 734177 1842628 ray::AgentLoopW
== 2026-09-05T22:47:10+09:00
Mem:            1007         708         293         369         379         299
    PID   RSS COMMAND
 717289 87703392 VLLM::Worker
 717290 87697612 VLLM::Worker
 717291 87682256 VLLM::Worker
 717292 87673128 VLLM::Worker
 637395 63880892 ray::WorkerDict
 637392 63794108 ray::WorkerDict
 637394 63776340 ray::WorkerDict
 637393 63637856 ray::WorkerDict
1317539 4827156 VLLM::Worker_TP
1317538 4822800 VLLM::Worker_TP
 734178 2143104 ray::AgentLoopW
 734172 2102304 ray::AgentLoopW
 734177 1842628 ray::AgentLoopW
== 2026-09-05T22:47:30+09:00
Mem:            1007         708         293         369         379         299
    PID   RSS COMMAND
 717289 87703392 VLLM::Worker
 717290 87697612 VLLM::Worker
 717291 87681256 VLLM::Worker
 717292 87673128 VLLM::Worker
 637395 63880892 ray::WorkerDict
 637392 63794108 ray::WorkerDict
 637394 63776340 ray::WorkerDict
 637393 63637856 ray::WorkerDict
1317539 4827156 VLLM::Worker_TP
1317538 4822800 VLLM::Worker_TP
 734178 2143104 ray::AgentLoopW
 734172 2102304 ray::AgentLoopW
 734177 1842628 ray::AgentLoopW
== 2026-09-05T22:47:50+09:00
Mem:            1007         708         293         369         379         299
    PID   RSS COMMAND
 717289 87703392 VLLM::Worker
 717290 87697612 VLLM::Worker
 717291 87681256 VLLM::Worker
 717292 87673128 VLLM::Worker
 637395 63880892 ray::WorkerDict
 637392 63794108 ray::WorkerDict
 637394 63776340 ray::WorkerDict
 637393 63637856 ray::WorkerDict
1317539 4827156 VLLM::Worker_TP
1317538 4822800 VLLM::Worker_TP
 734178 2143104 ray::AgentLoopW
 734172 2102304 ray::AgentLoopW
 734177 1842628 ray::AgentLoopW
== 2026-09-05T22:48:10+09:00
Mem:            1007         708         293         369         379         299
    PID   RSS COMMAND
 717289 87703392 VLLM::Worker
 717290 87697612 VLLM::Worker
 717291 87681256 VLLM::Worker
 717292 87673128 VLLM::Worker
 637395 63880892 ray::WorkerDict
 637392 63794108 ray::WorkerDict
 637394 63776340 ray::WorkerDict
 637393 63637856 ray::WorkerDict
1317539 4827156 VLLM::Worker_TP
1317538 4822800 VLLM::Worker_TP
 734178 2143104 ray::AgentLoopW
 734172 2102304 ray::AgentLoopW
 734177 1842628 ray::AgentLoopW
== 2026-09-05T22:48:30+09:00
Mem:            1007         708         293         369         379         299
    PID   RSS COMMAND
 717289 87703392 VLLM::Worker
 717290 87697612 VLLM::Worker
 717291 87681256 VLLM::Worker
 717292 87673128 VLLM::Worker
 637395 63880892 ray::WorkerDict
 637392 63794108 ray::WorkerDict
 637394 63776340 ray::WorkerDict
 637393 63637856 ray::WorkerDict
1317539 4827156 VLLM::Worker_TP
1317538 4822800 VLLM::Worker_TP
 734178 2143104 ray::AgentLoopW
 734172 2103072 ray::AgentLoopW
 734177 1842628 ray::AgentLoopW
== 2026-09-05T22:48:50+09:00
Mem:            1007         708         293         369         379         299
    PID   RSS COMMAND
 717289 87703392 VLLM::Worker
 717290 87697612 VLLM::Worker
 717291 87681256 VLLM::Worker
 717292 87673128 VLLM::Worker
 637395 63880892 ray::WorkerDict
 637392 63794108 ray::WorkerDict
 637394 63776340 ray::WorkerDict
 637393 63637856 ray::WorkerDict
1317539 4827156 VLLM::Worker_TP
1317538 4822800 VLLM::Worker_TP
 734178 2143104 ray::AgentLoopW
 734172 2103072 ray::AgentLoopW
 734177 1842628 ray::AgentLoopW
== 2026-09-05T22:49:10+09:00
Mem:            1007         708         293         369         379         299
    PID   RSS COMMAND
 717289 87703392 VLLM::Worker
 717290 87697612 VLLM::Worker
 717291 87681256 VLLM::Worker
 717292 87673128 VLLM::Worker
 637395 63881660 ray::WorkerDict
 637392 63794876 ray::WorkerDict
 637394 63776340 ray::WorkerDict
 637393 63637856 ray::WorkerDict
1317539 4827156 VLLM::Worker_TP
1317538 4822800 VLLM::Worker_TP
 734178 2143104 ray::AgentLoopW
 734172 2103072 ray::AgentLoopW
 734177 1842628 ray::AgentLoopW
== 2026-09-05T22:49:30+09:00
Mem:            1007         708         293         369         379         299
    PID   RSS COMMAND
 717289 87703392 VLLM::Worker
 717290 87697612 VLLM::Worker
 717291 87681256 VLLM::Worker
 717292 87673128 VLLM::Worker
 637395 63881660 ray::WorkerDict
 637392 63794876 ray::WorkerDict
 637394 63776340 ray::WorkerDict
 637393 63637088 ray::WorkerDict
1317539 4827156 VLLM::Worker_TP
1317538 4822800 VLLM::Worker_TP
 734178 2143104 ray::AgentLoopW
 734172 2103072 ray::AgentLoopW
 734177 1842628 ray::AgentLoopW
== 2026-09-05T22:49:50+09:00
Mem:            1007         708         293         369         379         299
    PID   RSS COMMAND
 717289 87703392 VLLM::Worker
 717290 87697612 VLLM::Worker
 717291 87682024 VLLM::Worker
 717292 87673128 VLLM::Worker
 637395 63880892 ray::WorkerDict
 637392 63794876 ray::WorkerDict
 637394 63776340 ray::WorkerDict
 637393 63637088 ray::WorkerDict
1317539 4827156 VLLM::Worker_TP
1317538 4822800 VLLM::Worker_TP
 734178 2143104 ray::AgentLoopW
 734172 2103072 ray::AgentLoopW
 734177 1842628 ray::AgentLoopW
== 2026-09-05T22:50:10+09:00
Mem:            1007         708         293         369         379         299
    PID   RSS COMMAND
 717289 87703392 VLLM::Worker
 717290 87697612 VLLM::Worker
 717291 87682024 VLLM::Worker
 717292 87673128 VLLM::Worker
 637395 63880892 ray::WorkerDict
 637392 63794108 ray::WorkerDict
 637394 63776340 ray::WorkerDict
 637393 63637088 ray::WorkerDict
1317539 4827156 VLLM::Worker_TP
1317538 4822800 VLLM::Worker_TP
 734178 2143104 ray::AgentLoopW
 734172 2103072 ray::AgentLoopW
 734177 1842628 ray::AgentLoopW
== 2026-09-05T22:50:30+09:00
Mem:            1007         708         293         369         379         299
    PID   RSS COMMAND
 717289 87703392 VLLM::Worker
 717290 87697612 VLLM::Worker
 717291 87682024 VLLM::Worker
 717292 87673128 VLLM::Worker
 637395 63880892 ray::WorkerDict
 637392 63794108 ray::WorkerDict
 637394 63776340 ray::WorkerDict
 637393 63637088 ray::WorkerDict
1317539 4827156 VLLM::Worker_TP
1317538 4822800 VLLM::Worker_TP
 734178 2143104 ray::AgentLoopW
 734172 2103072 ray::AgentLoopW
 734177 1842628 ray::AgentLoopW
== 2026-09-05T22:50:50+09:00
Mem:            1007         708         293         369         379         299
    PID   RSS COMMAND
 717289 87703392 VLLM::Worker
 717290 87697612 VLLM::Worker
 717291 87682024 VLLM::Worker
 717292 87673128 VLLM::Worker
 637395 63880892 ray::WorkerDict
 637392 63794108 ray::WorkerDict
 637394 63776340 ray::WorkerDict
 637393 63637088 ray::WorkerDict
1317539 4827156 VLLM::Worker_TP
1317538 4822800 VLLM::Worker_TP
 734178 2143104 ray::AgentLoopW
 734172 2103072 ray::AgentLoopW
 734177 1842628 ray::AgentLoopW
== 2026-09-05T22:51:10+09:00
Mem:            1007         708         293         369         379         299
    PID   RSS COMMAND
 717289 87703392 VLLM::Worker
 717290 87697612 VLLM::Worker
 717291 87682024 VLLM::Worker
 717292 87673128 VLLM::Worker
 637395 63880892 ray::WorkerDict
 637392 63794108 ray::WorkerDict
 637394 63776340 ray::WorkerDict
 637393 63637088 ray::WorkerDict
1317539 4827156 VLLM::Worker_TP
1317538 4822800 VLLM::Worker_TP
 734178 2143104 ray::AgentLoopW
 734172 2103072 ray::AgentLoopW
 734177 1842628 ray::AgentLoopW
== 2026-09-05T22:51:30+09:00
Mem:            1007         708         293         369         379         299
    PID   RSS COMMAND
 717289 87703392 VLLM::Worker
 717290 87697612 VLLM::Worker
 717291 87682024 VLLM::Worker
 717292 87673128 VLLM::Worker
 637395 63880892 ray::WorkerDict
 637392 63794108 ray::WorkerDict
 637394 63776340 ray::WorkerDict
 637393 63637088 ray::WorkerDict
1317539 4827156 VLLM::Worker_TP
1317538 4822800 VLLM::Worker_TP
 734178 2143104 ray::AgentLoopW
 734172 2103072 ray::AgentLoopW
 734177 1842628 ray::AgentLoopW
== 2026-09-05T22:51:50+09:00
Mem:            1007         708         293         369         379         299
    PID   RSS COMMAND
 717289 87703392 VLLM::Worker
 717290 87697612 VLLM::Worker
 717291 87682024 VLLM::Worker
 717292 87673128 VLLM::Worker
 637395 63880892 ray::WorkerDict
 637392 63794108 ray::WorkerDict
 637394 63776340 ray::WorkerDict
 637393 63637088 ray::WorkerDict
1317539 4827156 VLLM::Worker_TP
1317538 4822800 VLLM::Worker_TP
 734178 2143104 ray::AgentLoopW
 734172 2103072 ray::AgentLoopW
 734177 1842628 ray::AgentLoopW
== 2026-09-05T22:52:10+09:00
Mem:            1007         708         293         369         379         299
    PID   RSS COMMAND
 717289 87703392 VLLM::Worker
 717290 87697612 VLLM::Worker
 717291 87682024 VLLM::Worker
 717292 87673128 VLLM::Worker
 637395 63880892 ray::WorkerDict
 637392 63794108 ray::WorkerDict
 637394 63776340 ray::WorkerDict
 637393 63637088 ray::WorkerDict
1317539 4827156 VLLM::Worker_TP
1317538 4822800 VLLM::Worker_TP
 734178 2143104 ray::AgentLoopW
 734172 2103072 ray::AgentLoopW
 734177 1842628 ray::AgentLoopW
== 2026-09-05T22:52:30+09:00
Mem:            1007         708         293         369         379         299
    PID   RSS COMMAND
 717289 87703392 VLLM::Worker
 717290 87697612 VLLM::Worker
 717291 87682024 VLLM::Worker
 717292 87673128 VLLM::Worker
 637395 63880892 ray::WorkerDict
 637392 63794108 ray::WorkerDict
 637394 63776340 ray::WorkerDict
 637393 63637088 ray::WorkerDict
1317539 4827156 VLLM::Worker_TP
1317538 4822800 VLLM::Worker_TP
 734178 2143104 ray::AgentLoopW
 734172 2103072 ray::AgentLoopW
 734177 1842628 ray::AgentLoopW
== 2026-09-05T22:52:51+09:00
Mem:            1007         708         293         369         379         299
    PID   RSS COMMAND
 717289 87703392 VLLM::Worker
 717290 87697612 VLLM::Worker
 717291 87682024 VLLM::Worker
 717292 87673128 VLLM::Worker
 637395 63880892 ray::WorkerDict
 637392 63794108 ray::WorkerDict
 637394 63776340 ray::WorkerDict
 637393 63637088 ray::WorkerDict
1317539 4827156 VLLM::Worker_TP
1317538 4822800 VLLM::Worker_TP
 734178 2143104 ray::AgentLoopW
 734172 2103072 ray::AgentLoopW
 734177 1842628 ray::AgentLoopW
== 2026-09-05T22:53:11+09:00
Mem:            1007         708         293         369         379         299
    PID   RSS COMMAND
 717289 87703392 VLLM::Worker
 717290 87697612 VLLM::Worker
 717291 87682024 VLLM::Worker
 717292 87673128 VLLM::Worker
 637395 63880892 ray::WorkerDict
 637392 63794108 ray::WorkerDict
 637394 63776340 ray::WorkerDict
 637393 63637088 ray::WorkerDict
1317539 4827156 VLLM::Worker_TP
1317538 4822800 VLLM::Worker_TP
 734178 2143104 ray::AgentLoopW
 734172 2103072 ray::AgentLoopW
 734177 1842628 ray::AgentLoopW
== 2026-09-05T22:53:31+09:00
Mem:            1007         708         293         369         379         299
    PID   RSS COMMAND
 717289 87703392 VLLM::Worker
 717290 87697612 VLLM::Worker
 717291 87682024 VLLM::Worker
 717292 87673128 VLLM::Worker
 637395 63880892 ray::WorkerDict
 637392 63794108 ray::WorkerDict
 637394 63776340 ray::WorkerDict
 637393 63637088 ray::WorkerDict
1317539 4827156 VLLM::Worker_TP
1317538 4822800 VLLM::Worker_TP
 734178 2143104 ray::AgentLoopW
 734172 2103072 ray::AgentLoopW
 734177 1842628 ray::AgentLoopW
== 2026-09-05T22:53:51+09:00
Mem:            1007         708         293         369         379         299
    PID   RSS COMMAND
 717289 87703392 VLLM::Worker
 717290 87697612 VLLM::Worker
 717291 87682024 VLLM::Worker
 717292 87673128 VLLM::Worker
 637395 63880892 ray::WorkerDict
 637392 63794108 ray::WorkerDict
 637394 63776340 ray::WorkerDict
 637393 63637088 ray::WorkerDict
1317539 4827156 VLLM::Worker_TP
1317538 4822800 VLLM::Worker_TP
 734178 2143104 ray::AgentLoopW
 734172 2103072 ray::AgentLoopW
 734177 1842628 ray::AgentLoopW
== 2026-09-05T22:54:11+09:00
Mem:            1007         708         293         369         379         299
    PID   RSS COMMAND
 717289 87703392 VLLM::Worker
 717290 87697612 VLLM::Worker
 717291 87682024 VLLM::Worker
 717292 87673128 VLLM::Worker
 637395 63880892 ray::WorkerDict
 637392 63794108 ray::WorkerDict
 637394 63776340 ray::WorkerDict
 637393 63637088 ray::WorkerDict
1317539 4827156 VLLM::Worker_TP
1317538 4822800 VLLM::Worker_TP
 734178 2143104 ray::AgentLoopW
 734172 2103072 ray::AgentLoopW
 734177 1842628 ray::AgentLoopW
== 2026-09-05T22:54:31+09:00
Mem:            1007         708         293         369         379         299
    PID   RSS COMMAND
 717289 87703392 VLLM::Worker
 717290 87697612 VLLM::Worker
 717291 87682024 VLLM::Worker
 717292 87673128 VLLM::Worker
 637395 63880892 ray::WorkerDict
 637392 63794108 ray::WorkerDict
 637394 63776340 ray::WorkerDict
 637393 63637088 ray::WorkerDict
1317539 4827156 VLLM::Worker_TP
1317538 4822800 VLLM::Worker_TP
 734178 2143104 ray::AgentLoopW
 734172 2103072 ray::AgentLoopW
 734177 1842628 ray::AgentLoopW
== 2026-09-05T22:54:51+09:00
Mem:            1007         708         293         369         379         299
    PID   RSS COMMAND
 717289 87703392 VLLM::Worker
 717290 87697612 VLLM::Worker
 717291 87682024 VLLM::Worker
 717292 87673128 VLLM::Worker
 637395 63880892 ray::WorkerDict
 637392 63794108 ray::WorkerDict
 637394 63776340 ray::WorkerDict
 637393 63637088 ray::WorkerDict
1317539 4827156 VLLM::Worker_TP
1317538 4822800 VLLM::Worker_TP
 734178 2143104 ray::AgentLoopW
 734172 2103072 ray::AgentLoopW
 734177 1842628 ray::AgentLoopW
== 2026-09-05T22:55:11+09:00
Mem:            1007         708         293         369         379         299
    PID   RSS COMMAND
 717289 87703392 VLLM::Worker
 717290 87697612 VLLM::Worker
 717291 87682024 VLLM::Worker
 717292 87673128 VLLM::Worker
 637395 63880892 ray::WorkerDict
 637392 63794108 ray::WorkerDict
 637394 63776340 ray::WorkerDict
 637393 63637088 ray::WorkerDict
1317539 4827156 VLLM::Worker_TP
1317538 4822800 VLLM::Worker_TP
 734178 2143104 ray::AgentLoopW
 734172 2103072 ray::AgentLoopW
 734177 1842628 ray::AgentLoopW
== 2026-09-05T22:55:31+09:00
Mem:            1007         708         293         369         379         299
    PID   RSS COMMAND
 717289 87703392 VLLM::Worker
 717290 87697612 VLLM::Worker
 717291 87682024 VLLM::Worker
 717292 87673128 VLLM::Worker
 637395 63880892 ray::WorkerDict
 637392 63794108 ray::WorkerDict
 637394 63776340 ray::WorkerDict
 637393 63637088 ray::WorkerDict
1317539 4827156 VLLM::Worker_TP
1317538 4822800 VLLM::Worker_TP
 734178 2143104 ray::AgentLoopW
 734172 2103072 ray::AgentLoopW
 734177 1842628 ray::AgentLoopW
== 2026-09-05T22:55:51+09:00
Mem:            1007         708         293         369         379         299
    PID   RSS COMMAND
 717289 87703392 VLLM::Worker
 717290 87697612 VLLM::Worker
 717291 87682024 VLLM::Worker
 717292 87673128 VLLM::Worker
 637395 63880892 ray::WorkerDict
 637392 63794108 ray::WorkerDict
 637394 63776340 ray::WorkerDict
 637393 63637088 ray::WorkerDict
1317539 4827156 VLLM::Worker_TP
1317538 4822800 VLLM::Worker_TP
 734178 2143104 ray::AgentLoopW
 734172 2103072 ray::AgentLoopW
 734177 1842628 ray::AgentLoopW
== 2026-09-05T22:56:11+09:00
Mem:            1007         708         293         369         379         299
    PID   RSS COMMAND
 717289 87703392 VLLM::Worker
 717290 87697612 VLLM::Worker
 717291 87682024 VLLM::Worker
 717292 87673128 VLLM::Worker
 637395 63880892 ray::WorkerDict
 637392 63794108 ray::WorkerDict
 637394 63776340 ray::WorkerDict
 637393 63637088 ray::WorkerDict
1317539 4827156 VLLM::Worker_TP
1317538 4822800 VLLM::Worker_TP
 734178 2143104 ray::AgentLoopW
 734172 2103072 ray::AgentLoopW
 734177 1842628 ray::AgentLoopW
== 2026-09-05T22:56:31+09:00
Mem:            1007         708         293         369         379         299
    PID   RSS COMMAND
 717289 87703392 VLLM::Worker
 717290 87697612 VLLM::Worker
 717291 87682024 VLLM::Worker
 717292 87673128 VLLM::Worker
 637395 63880892 ray::WorkerDict
 637392 63794108 ray::WorkerDict
 637394 63776340 ray::WorkerDict
 637393 63637088 ray::WorkerDict
1317539 4827156 VLLM::Worker_TP
1317538 4822800 VLLM::Worker_TP
 734178 2143104 ray::AgentLoopW
 734172 2103072 ray::AgentLoopW
 734177 1842628 ray::AgentLoopW
== 2026-09-05T22:56:51+09:00
Mem:            1007         708         293         369         379         299
    PID   RSS COMMAND
 717289 87703392 VLLM::Worker
 717290 87697612 VLLM::Worker
 717291 87682024 VLLM::Worker
 717292 87673128 VLLM::Worker
 637395 63880892 ray::WorkerDict
 637392 63794108 ray::WorkerDict
 637394 63776340 ray::WorkerDict
 637393 63637088 ray::WorkerDict
1317539 4827156 VLLM::Worker_TP
1317538 4822800 VLLM::Worker_TP
 734178 2143104 ray::AgentLoopW
 734172 2103072 ray::AgentLoopW
 734177 1842628 ray::AgentLoopW
== 2026-09-05T22:57:11+09:00
Mem:            1007         708         293         369         379         299
    PID   RSS COMMAND
 717289 87703392 VLLM::Worker
 717290 87697612 VLLM::Worker
 717291 87682024 VLLM::Worker
 717292 87673128 VLLM::Worker
 637395 63880892 ray::WorkerDict
 637392 63794108 ray::WorkerDict
 637394 63776340 ray::WorkerDict
 637393 63637088 ray::WorkerDict
1317539 4827156 VLLM::Worker_TP
1317538 4822800 VLLM::Worker_TP
 734178 2143104 ray::AgentLoopW
 734172 2103072 ray::AgentLoopW
 734177 1842628 ray::AgentLoopW
== 2026-09-05T22:57:31+09:00
Mem:            1007         708         293         369         379         299
    PID   RSS COMMAND
 717289 87703392 VLLM::Worker
 717290 87697612 VLLM::Worker
 717291 87682024 VLLM::Worker
 717292 87673128 VLLM::Worker
 637395 63880892 ray::WorkerDict
 637392 63794108 ray::WorkerDict
 637394 63776340 ray::WorkerDict
 637393 63637088 ray::WorkerDict
1317539 4827156 VLLM::Worker_TP
1317538 4822800 VLLM::Worker_TP
 734178 2143104 ray::AgentLoopW
 734172 2103072 ray::AgentLoopW
 734177 1842628 ray::AgentLoopW
== 2026-09-05T22:57:51+09:00
Mem:            1007         708         293         369         379         299
    PID   RSS COMMAND
 717289 87703392 VLLM::Worker
 717290 87697612 VLLM::Worker
 717291 87682024 VLLM::Worker
 717292 87673128 VLLM::Worker
 637395 63880892 ray::WorkerDict
 637392 63794108 ray::WorkerDict
 637394 63776340 ray::WorkerDict
 637393 63637088 ray::WorkerDict
1317539 4827156 VLLM::Worker_TP
1317538 4822800 VLLM::Worker_TP
 734178 2143104 ray::AgentLoopW
 734172 2103072 ray::AgentLoopW
 734177 1842628 ray::AgentLoopW
== 2026-09-05T22:58:11+09:00
Mem:            1007         708         293         369         379         299
    PID   RSS COMMAND
 717289 87703392 VLLM::Worker
 717290 87697612 VLLM::Worker
 717291 87682024 VLLM::Worker
 717292 87673128 VLLM::Worker
 637395 63880892 ray::WorkerDict
 637392 63794108 ray::WorkerDict
 637394 63776340 ray::WorkerDict
 637393 63637088 ray::WorkerDict
1317539 4827156 VLLM::Worker_TP
1317538 4822800 VLLM::Worker_TP
 734178 2143104 ray::AgentLoopW
 734172 2103072 ray::AgentLoopW
 734177 1842628 ray::AgentLoopW
== 2026-09-05T22:58:31+09:00
Mem:            1007         708         293         369         379         299
    PID   RSS COMMAND
 717289 87703392 VLLM::Worker
 717290 87697612 VLLM::Worker
 717291 87682024 VLLM::Worker
 717292 87673128 VLLM::Worker
 637395 63880892 ray::WorkerDict
 637392 63794108 ray::WorkerDict
 637394 63776340 ray::WorkerDict
 637393 63637088 ray::WorkerDict
1317539 4827156 VLLM::Worker_TP
1317538 4822800 VLLM::Worker_TP
 734178 2143104 ray::AgentLoopW
 734172 2103072 ray::AgentLoopW
 734177 1842628 ray::AgentLoopW
== 2026-09-05T22:58:51+09:00
Mem:            1007         708         293         369         379         299
    PID   RSS COMMAND
 717289 87703392 VLLM::Worker
 717290 87697612 VLLM::Worker
 717291 87682024 VLLM::Worker
 717292 87673128 VLLM::Worker
 637395 63880892 ray::WorkerDict
 637392 63794108 ray::WorkerDict
 637394 63776340 ray::WorkerDict
 637393 63637088 ray::WorkerDict
1317539 4827156 VLLM::Worker_TP
1317538 4822800 VLLM::Worker_TP
 734178 2143104 ray::AgentLoopW
 734172 2103072 ray::AgentLoopW
 734177 1842628 ray::AgentLoopW
== 2026-09-05T22:59:11+09:00
Mem:            1007         708         293         369         379         299
    PID   RSS COMMAND
 717289 87703392 VLLM::Worker
 717290 87697612 VLLM::Worker
 717291 87682024 VLLM::Worker
 717292 87673128 VLLM::Worker
 637395 63880892 ray::WorkerDict
 637392 63794108 ray::WorkerDict
 637394 63776340 ray::WorkerDict
 637393 63637088 ray::WorkerDict
1317539 4827156 VLLM::Worker_TP
1317538 4822800 VLLM::Worker_TP
 734178 2143104 ray::AgentLoopW
 734172 2103072 ray::AgentLoopW
 734177 1842628 ray::AgentLoopW
== 2026-09-05T22:59:31+09:00
Mem:            1007         708         293         369         379         299
    PID   RSS COMMAND
 717289 87703392 VLLM::Worker
 717290 87697612 VLLM::Worker
 717291 87682024 VLLM::Worker
 717292 87673128 VLLM::Worker
 637395 63880892 ray::WorkerDict
 637392 63794108 ray::WorkerDict
 637394 63776340 ray::WorkerDict
 637393 63637088 ray::WorkerDict
1317539 4827156 VLLM::Worker_TP
1317538 4822800 VLLM::Worker_TP
 734178 2143104 ray::AgentLoopW
 734172 2103072 ray::AgentLoopW
 734177 1842628 ray::AgentLoopW
== 2026-09-05T22:59:51+09:00
Mem:            1007         708         293         369         379         299
    PID   RSS COMMAND
 717289 87703392 VLLM::Worker
 717290 87697612 VLLM::Worker
 717291 87682024 VLLM::Worker
 717292 87673128 VLLM::Worker
 637395 63880892 ray::WorkerDict
 637392 63794108 ray::WorkerDict
 637394 63776340 ray::WorkerDict
 637393 63637088 ray::WorkerDict
1317539 4827156 VLLM::Worker_TP
1317538 4822800 VLLM::Worker_TP
 734178 2143104 ray::AgentLoopW
 734172 2103072 ray::AgentLoopW
 734177 1842628 ray::AgentLoopW
== 2026-09-05T23:00:11+09:00
Mem:            1007         708         293         369         379         299
    PID   RSS COMMAND
 717289 87703392 VLLM::Worker
 717290 87697612 VLLM::Worker
 717291 87682024 VLLM::Worker
 717292 87673128 VLLM::Worker
 637395 63880892 ray::WorkerDict
 637392 63794108 ray::WorkerDict
 637394 63776340 ray::WorkerDict
 637393 63637088 ray::WorkerDict
1317539 4827156 VLLM::Worker_TP
1317538 4822800 VLLM::Worker_TP
 734178 2143104 ray::AgentLoopW
 734172 2103072 ray::AgentLoopW
 734177 1842628 ray::AgentLoopW
== 2026-09-05T23:00:32+09:00
Mem:            1007         479         521         369         379         527
    PID   RSS COMMAND
 717289 87703392 VLLM::Worker
 717290 87697612 VLLM::Worker
 717291 87682024 VLLM::Worker
 717292 87673128 VLLM::Worker
1317539 4827156 VLLM::Worker_TP
1317538 4822800 VLLM::Worker_TP
 637394 4167312 ray::WorkerDict
 637392 4163032 ray::WorkerDict
 637393 4005320 ray::WorkerDict
 637395 3921424 ray::WorkerDict
 734178 2143104 ray::AgentLoopW
 734172 2103072 ray::AgentLoopW
 734177 1842628 ray::AgentLoopW
== 2026-09-05T23:00:52+09:00
Mem:            1007         479         521         369         379         527
    PID   RSS COMMAND
 717289 87703392 VLLM::Worker
 717290 87697612 VLLM::Worker
 717291 87682024 VLLM::Worker
 717292 87673128 VLLM::Worker
1317539 4827156 VLLM::Worker_TP
1317538 4822800 VLLM::Worker_TP
 637394 4167312 ray::WorkerDict
 637392 4163032 ray::WorkerDict
 637393 4005320 ray::WorkerDict
 637395 3921424 ray::WorkerDict
 734178 2143104 ray::AgentLoopW
 734172 2103072 ray::AgentLoopW
 734177 1842628 ray::AgentLoopW
== 2026-09-05T23:01:12+09:00
Mem:            1007         479         521         369         379         527
    PID   RSS COMMAND
 717289 87703392 VLLM::Worker
 717290 87697612 VLLM::Worker
 717291 87682024 VLLM::Worker
 717292 87673128 VLLM::Worker
1317539 4827156 VLLM::Worker_TP
1317538 4822800 VLLM::Worker_TP
 637394 4171272 ray::WorkerDict
 637392 4165328 ray::WorkerDict
 637393 3947908 ray::WorkerDict
 637395 3925228 ray::WorkerDict
 734178 2143104 ray::AgentLoopW
 734172 2103072 ray::AgentLoopW
 734177 1842628 ray::AgentLoopW
== 2026-09-05T23:01:32+09:00
Mem:            1007         480         521         369         379         527
    PID   RSS COMMAND
 717289 87703392 VLLM::Worker
 717290 87697612 VLLM::Worker
 717291 87682024 VLLM::Worker
 717292 87673128 VLLM::Worker
1317539 4827156 VLLM::Worker_TP
1317538 4822800 VLLM::Worker_TP
 637394 4171272 ray::WorkerDict
 637392 4165328 ray::WorkerDict
 637393 3947908 ray::WorkerDict
 637395 3925228 ray::WorkerDict
 734178 2143104 ray::AgentLoopW
 734172 2103072 ray::AgentLoopW
 734177 1842628 ray::AgentLoopW
== 2026-09-05T23:01:52+09:00
Mem:            1007         480         521         369         379         527
    PID   RSS COMMAND
 717289 87703392 VLLM::Worker
 717290 87697612 VLLM::Worker
 717291 87682024 VLLM::Worker
 717292 87673128 VLLM::Worker
1317539 4827156 VLLM::Worker_TP
1317538 4822800 VLLM::Worker_TP
 637394 4171272 ray::WorkerDict
 637392 4165328 ray::WorkerDict
 637393 3947908 ray::WorkerDict
 637395 3925228 ray::WorkerDict
 734178 2143104 ray::AgentLoopW
 734172 2103072 ray::AgentLoopW
 734177 1842628 ray::AgentLoopW
== 2026-09-05T23:02:12+09:00
Mem:            1007         479         521         369         379         527
    PID   RSS COMMAND
 717289 87703392 VLLM::Worker
 717290 87697612 VLLM::Worker
 717291 87682024 VLLM::Worker
 717292 87673128 VLLM::Worker
1317539 4827156 VLLM::Worker_TP
1317538 4822800 VLLM::Worker_TP
 637394 4171272 ray::WorkerDict
 637392 4165328 ray::WorkerDict
 637393 3947908 ray::WorkerDict
 637395 3925228 ray::WorkerDict
 734178 2143104 ray::AgentLoopW
 734172 2103072 ray::AgentLoopW
 734177 1842628 ray::AgentLoopW
== 2026-09-05T23:02:32+09:00
Mem:            1007         479         521         369         379         527
    PID   RSS COMMAND
 717289 87703392 VLLM::Worker
 717290 87697612 VLLM::Worker
 717291 87682024 VLLM::Worker
 717292 87673128 VLLM::Worker
1317539 4827156 VLLM::Worker_TP
1317538 4822800 VLLM::Worker_TP
 637394 4171272 ray::WorkerDict
 637392 4165328 ray::WorkerDict
 637393 3947908 ray::WorkerDict
 637395 3925228 ray::WorkerDict
 734178 2143104 ray::AgentLoopW
 734172 2103072 ray::AgentLoopW
 734177 1842628 ray::AgentLoopW
== 2026-09-05T23:02:52+09:00
Mem:            1007         479         522         369         379         527
    PID   RSS COMMAND
 717289 87703392 VLLM::Worker
 717290 87697612 VLLM::Worker
 717291 87682024 VLLM::Worker
 717292 87673128 VLLM::Worker
1317539 4827156 VLLM::Worker_TP
1317538 4822800 VLLM::Worker_TP
 637392 4166096 ray::WorkerDict
 637394 4148580 ray::WorkerDict
 637393 3948676 ray::WorkerDict
 637395 3925996 ray::WorkerDict
 734178 2143104 ray::AgentLoopW
 734172 2103072 ray::AgentLoopW
 734177 1842628 ray::AgentLoopW
== 2026-09-05T23:03:12+09:00
Mem:            1007         609         392         369         379         398
    PID   RSS COMMAND
 717289 87703392 VLLM::Worker
 717290 87697612 VLLM::Worker
 717291 87682024 VLLM::Worker
 717292 87673128 VLLM::Worker
 637392 38101212 ray::WorkerDict
 637394 38097220 ray::WorkerDict
 637395 37874048 ray::WorkerDict
 637393 37867392 ray::WorkerDict
1317539 4827156 VLLM::Worker_TP
1317538 4822800 VLLM::Worker_TP
 734178 2143104 ray::AgentLoopW
 734172 2103072 ray::AgentLoopW
 734177 1842628 ray::AgentLoopW
== 2026-09-05T23:03:32+09:00
Mem:            1007         708         292         369         379         298
    PID   RSS COMMAND
 717289 87703392 VLLM::Worker
 717290 87697612 VLLM::Worker
 717291 87682024 VLLM::Worker
 717292 87673128 VLLM::Worker
 637392 64192656 ray::WorkerDict
 637394 64057352 ray::WorkerDict
 637393 63974788 ray::WorkerDict
 637395 63828804 ray::WorkerDict
1317539 4827156 VLLM::Worker_TP
1317538 4822800 VLLM::Worker_TP
 734178 2143104 ray::AgentLoopW
 734172 2103072 ray::AgentLoopW
 734177 1842628 ray::AgentLoopW
== 2026-09-05T23:03:52+09:00
Mem:            1007         709         292         369         379         298
    PID   RSS COMMAND
 717289 87703392 VLLM::Worker
 717290 87697612 VLLM::Worker
 717291 87682024 VLLM::Worker
 717292 87673128 VLLM::Worker
 637392 64585872 ray::WorkerDict
 637393 64051916 ray::WorkerDict
 637395 64050436 ray::WorkerDict
 637394 63877640 ray::WorkerDict
1317539 4827156 VLLM::Worker_TP
1317538 4822800 VLLM::Worker_TP
 734178 2143104 ray::AgentLoopW
 734172 2103072 ray::AgentLoopW
 734177 1842628 ray::AgentLoopW
== 2026-09-05T23:04:12+09:00
Mem:            1007         708         293         369         379         299
    PID   RSS COMMAND
 717289 87703392 VLLM::Worker
 717290 87697612 VLLM::Worker
 717291 87682024 VLLM::Worker
 717292 87673128 VLLM::Worker
 637392 63914140 ray::WorkerDict
 637395 63870560 ray::WorkerDict
 637394 63601576 ray::WorkerDict
 637393 63591848 ray::WorkerDict
1317539 4827156 VLLM::Worker_TP
1317538 4822800 VLLM::Worker_TP
 734178 2143104 ray::AgentLoopW
 734172 2103072 ray::AgentLoopW
 734177 1842628 ray::AgentLoopW
== 2026-09-05T23:04:32+09:00
Mem:            1007         708         293         369         379         298
    PID   RSS COMMAND
 717290 87705292 VLLM::Worker
 717289 87704928 VLLM::Worker
 717291 87684328 VLLM::Worker
 717292 87673128 VLLM::Worker
 637392 63911068 ray::WorkerDict
 637395 63867488 ray::WorkerDict
 637394 63598504 ray::WorkerDict
 637393 63588776 ray::WorkerDict
1317539 4827156 VLLM::Worker_TP
1317538 4822800 VLLM::Worker_TP
 734178 2189952 ray::AgentLoopW
 734172 2115360 ray::AgentLoopW
 734176 1931188 ray::AgentLoopW
== 2026-09-05T23:04:52+09:00
Mem:            1007         708         293         369         379         298
    PID   RSS COMMAND
 717289 87704928 VLLM::Worker
 717290 87703244 VLLM::Worker
 717291 87684328 VLLM::Worker
 717292 87673128 VLLM::Worker
 637392 63911068 ray::WorkerDict
 637395 63867488 ray::WorkerDict
 637394 63598504 ray::WorkerDict
 637393 63588776 ray::WorkerDict
1317539 4827156 VLLM::Worker_TP
1317538 4822800 VLLM::Worker_TP
 734178 2189952 ray::AgentLoopW
 734172 2115360 ray::AgentLoopW
 734176 1931188 ray::AgentLoopW
== 2026-09-05T23:05:12+09:00
Mem:            1007         708         293         369         379         298
    PID   RSS COMMAND
 717289 87704928 VLLM::Worker
 717290 87703244 VLLM::Worker
 717291 87684328 VLLM::Worker
 717292 87673128 VLLM::Worker
 637392 63911068 ray::WorkerDict
 637395 63867488 ray::WorkerDict
 637394 63598504 ray::WorkerDict
 637393 63588776 ray::WorkerDict
1317539 4827156 VLLM::Worker_TP
1317538 4822800 VLLM::Worker_TP
 734178 2189952 ray::AgentLoopW
 734172 2115360 ray::AgentLoopW
 734176 1931188 ray::AgentLoopW
== 2026-09-05T23:05:32+09:00
Mem:            1007         708         293         369         379         299
    PID   RSS COMMAND
 717289 87704928 VLLM::Worker
 717290 87703244 VLLM::Worker
 717291 87684328 VLLM::Worker
 717292 87673128 VLLM::Worker
 637392 63911068 ray::WorkerDict
 637395 63867488 ray::WorkerDict
 637394 63598504 ray::WorkerDict
 637393 63588776 ray::WorkerDict
1317539 4827156 VLLM::Worker_TP
1317538 4822800 VLLM::Worker_TP
 734178 2189952 ray::AgentLoopW
 734172 2115360 ray::AgentLoopW
 734176 1931188 ray::AgentLoopW
== 2026-09-05T23:05:52+09:00
Mem:            1007         708         293         369         379         299
    PID   RSS COMMAND
 717289 87704928 VLLM::Worker
 717290 87703244 VLLM::Worker
 717291 87684328 VLLM::Worker
 717292 87673128 VLLM::Worker
 637392 63911068 ray::WorkerDict
 637395 63867488 ray::WorkerDict
 637394 63598504 ray::WorkerDict
 637393 63588776 ray::WorkerDict
1317539 4827156 VLLM::Worker_TP
1317538 4822800 VLLM::Worker_TP
 734178 2189952 ray::AgentLoopW
 734172 2115360 ray::AgentLoopW
 734176 1934416 ray::AgentLoopW
== 2026-09-05T23:06:12+09:00
Mem:            1007         708         293         369         379         299
    PID   RSS COMMAND
 717289 87704928 VLLM::Worker
 717290 87702220 VLLM::Worker
 717291 87684328 VLLM::Worker
 717292 87673128 VLLM::Worker
 637392 63911068 ray::WorkerDict
 637395 63867488 ray::WorkerDict
 637394 63598504 ray::WorkerDict
 637393 63588776 ray::WorkerDict
1317539 4827156 VLLM::Worker_TP
1317538 4822800 VLLM::Worker_TP
 734178 2189952 ray::AgentLoopW
 734172 2115360 ray::AgentLoopW
 734176 1935184 ray::AgentLoopW
== 2026-09-05T23:06:32+09:00
Mem:            1007         708         293         369         379         299
    PID   RSS COMMAND
 717289 87704928 VLLM::Worker
 717290 87702220 VLLM::Worker
 717291 87684328 VLLM::Worker
 717292 87673128 VLLM::Worker
 637392 63911068 ray::WorkerDict
 637395 63867488 ray::WorkerDict
 637394 63598504 ray::WorkerDict
 637393 63588776 ray::WorkerDict
1317539 4827156 VLLM::Worker_TP
1317538 4822800 VLLM::Worker_TP
 734178 2189952 ray::AgentLoopW
 734172 2115360 ray::AgentLoopW
 734176 1935184 ray::AgentLoopW
== 2026-09-05T23:06:52+09:00
Mem:            1007         708         293         369         379         299
    PID   RSS COMMAND
 717289 87704928 VLLM::Worker
 717290 87702220 VLLM::Worker
 717291 87684328 VLLM::Worker
 717292 87673128 VLLM::Worker
 637392 63911068 ray::WorkerDict
 637395 63867488 ray::WorkerDict
 637394 63598504 ray::WorkerDict
 637393 63588776 ray::WorkerDict
1317539 4827156 VLLM::Worker_TP
1317538 4822800 VLLM::Worker_TP
 734178 2189952 ray::AgentLoopW
 734172 2115360 ray::AgentLoopW
 734176 1935952 ray::AgentLoopW
== 2026-09-05T23:07:12+09:00
Mem:            1007         708         293         369         379         299
    PID   RSS COMMAND
 717289 87704928 VLLM::Worker
 717290 87701196 VLLM::Worker
 717291 87684328 VLLM::Worker
 717292 87673128 VLLM::Worker
 637392 63911068 ray::WorkerDict
 637395 63867488 ray::WorkerDict
 637394 63598504 ray::WorkerDict
 637393 63588776 ray::WorkerDict
1317539 4827156 VLLM::Worker_TP
1317538 4822800 VLLM::Worker_TP
 734178 2189952 ray::AgentLoopW
 734172 2115360 ray::AgentLoopW
 734176 1935272 ray::AgentLoopW
== 2026-09-05T23:07:32+09:00
Mem:            1007         480         521         369         379         527
    PID   RSS COMMAND
 717289 87704928 VLLM::Worker
 717290 87701196 VLLM::Worker
 717291 87684328 VLLM::Worker
 717292 87673128 VLLM::Worker
1317539 4827156 VLLM::Worker_TP
1317538 4822800 VLLM::Worker_TP
 637392 4165184 ray::WorkerDict
 637394 4013948 ray::WorkerDict
 637393 3972464 ray::WorkerDict
 637395 3923744 ray::WorkerDict
 734178 2189952 ray::AgentLoopW
 734172 2115360 ray::AgentLoopW
 734176 1935272 ray::AgentLoopW
== 2026-09-05T23:07:52+09:00
Mem:            1007         480         521         369         379         527
    PID   RSS COMMAND
 717289 87704928 VLLM::Worker
 717290 87701196 VLLM::Worker
 717291 87684328 VLLM::Worker
 717292 87673128 VLLM::Worker
1317539 4827156 VLLM::Worker_TP
1317538 4822800 VLLM::Worker_TP
 637392 4165184 ray::WorkerDict
 637394 4013948 ray::WorkerDict
 637393 3972464 ray::WorkerDict
 637395 3923744 ray::WorkerDict
 734178 2189952 ray::AgentLoopW
 734172 2115360 ray::AgentLoopW
 734176 1935272 ray::AgentLoopW
== 2026-09-05T23:08:12+09:00
Mem:            1007         480         521         369         379         527
    PID   RSS COMMAND
 717289 87704928 VLLM::Worker
 717290 87701196 VLLM::Worker
 717291 87684328 VLLM::Worker
 717292 87673128 VLLM::Worker
1317539 4827156 VLLM::Worker_TP
1317538 4822800 VLLM::Worker_TP
 637392 4167172 ray::WorkerDict
 637394 4019288 ray::WorkerDict
 637393 3978504 ray::WorkerDict
 637395 3928736 ray::WorkerDict
 734178 2189952 ray::AgentLoopW
 734172 2115360 ray::AgentLoopW
 734176 1935272 ray::AgentLoopW
== 2026-09-05T23:08:32+09:00
Mem:            1007         480         521         369         379         527
    PID   RSS COMMAND
 717289 87704928 VLLM::Worker
 717290 87701196 VLLM::Worker
 717291 87684328 VLLM::Worker
 717292 87673128 VLLM::Worker
1317539 4827156 VLLM::Worker_TP
1317538 4822800 VLLM::Worker_TP
 637392 4167172 ray::WorkerDict
 637394 4020056 ray::WorkerDict
 637393 3978504 ray::WorkerDict
 637395 3928736 ray::WorkerDict
 734178 2189952 ray::AgentLoopW
 734172 2115360 ray::AgentLoopW
 734176 1935272 ray::AgentLoopW
== 2026-09-05T23:08:52+09:00
Mem:            1007         480         521         369         379         527
    PID   RSS COMMAND
 717289 87704928 VLLM::Worker
 717290 87701196 VLLM::Worker
 717291 87684328 VLLM::Worker
 717292 87673128 VLLM::Worker
1317539 4827156 VLLM::Worker_TP
1317538 4822800 VLLM::Worker_TP
 637392 4167172 ray::WorkerDict
 637394 4020056 ray::WorkerDict
 637393 3978504 ray::WorkerDict
 637395 3929504 ray::WorkerDict
 734178 2189952 ray::AgentLoopW
 734172 2115360 ray::AgentLoopW
 734176 1935272 ray::AgentLoopW
== 2026-09-05T23:09:13+09:00
Mem:            1007         480         521         369         379         527
    PID   RSS COMMAND
 717289 87704928 VLLM::Worker
 717290 87701196 VLLM::Worker
 717291 87684328 VLLM::Worker
 717292 87673128 VLLM::Worker
1317539 4827156 VLLM::Worker_TP
1317538 4822800 VLLM::Worker_TP
 637392 4167172 ray::WorkerDict
 637394 4020056 ray::WorkerDict
 637393 3978504 ray::WorkerDict
 637395 3929504 ray::WorkerDict
 734178 2189952 ray::AgentLoopW
 734172 2115360 ray::AgentLoopW
 734176 1935272 ray::AgentLoopW
== 2026-09-05T23:09:33+09:00
Mem:            1007         480         521         369         379         527
    PID   RSS COMMAND
 717289 87704928 VLLM::Worker
 717290 87701196 VLLM::Worker
 717291 87684328 VLLM::Worker
 717292 87673128 VLLM::Worker
1317539 4827156 VLLM::Worker_TP
1317538 4822800 VLLM::Worker_TP
 637392 4167172 ray::WorkerDict
 637394 4020056 ray::WorkerDict
 637393 3978504 ray::WorkerDict
 637395 3929504 ray::WorkerDict
 734178 2189952 ray::AgentLoopW
 734172 2115360 ray::AgentLoopW
 734176 1935272 ray::AgentLoopW
== 2026-09-05T23:09:53+09:00
Mem:            1007         480         521         369         379         527
    PID   RSS COMMAND
 717289 87704928 VLLM::Worker
 717290 87701196 VLLM::Worker
 717291 87684328 VLLM::Worker
 717292 87673128 VLLM::Worker
1317539 4827156 VLLM::Worker_TP
1317538 4822800 VLLM::Worker_TP
 637392 4167172 ray::WorkerDict
 637394 4020056 ray::WorkerDict
 637393 3978504 ray::WorkerDict
 637395 3929504 ray::WorkerDict
 734178 2189952 ray::AgentLoopW
 734172 2115360 ray::AgentLoopW
 734176 1935272 ray::AgentLoopW
== 2026-09-05T23:10:13+09:00
Mem:            1007         480         521         369         379         527
    PID   RSS COMMAND
 717289 87704928 VLLM::Worker
 717290 87701196 VLLM::Worker
 717291 87684328 VLLM::Worker
 717292 87673128 VLLM::Worker
1317539 4827156 VLLM::Worker_TP
1317538 4822800 VLLM::Worker_TP
 637392 4167172 ray::WorkerDict
 637394 4020056 ray::WorkerDict
 637393 3978504 ray::WorkerDict
 637395 3929504 ray::WorkerDict
 734178 2189952 ray::AgentLoopW
 734172 2115360 ray::AgentLoopW
 734176 1935272 ray::AgentLoopW
== 2026-09-05T23:10:33+09:00
Mem:            1007         480         521         369         379         527
    PID   RSS COMMAND
 717289 87693184 VLLM::Worker
 717290 87688656 VLLM::Worker
 717291 87672596 VLLM::Worker
 717292 87660620 VLLM::Worker
1317539 4821084 VLLM::Worker_TP
1317538 4816360 VLLM::Worker_TP
 637392 4153560 ray::WorkerDict
 637394 4006376 ray::WorkerDict
 637393 3965396 ray::WorkerDict
 637395 3915828 ray::WorkerDict
 734178 2184576 ray::AgentLoopW
 734172 2113056 ray::AgentLoopW
 734176 1934504 ray::AgentLoopW
== 2026-09-05T23:10:53+09:00
Mem:            1007         480         521         369         379         527
    PID   RSS COMMAND
 717289 87693144 VLLM::Worker
 717290 87689424 VLLM::Worker
 717291 87672596 VLLM::Worker
 717292 87660620 VLLM::Worker
1317539 4821852 VLLM::Worker_TP
1317538 4817128 VLLM::Worker_TP
 637392 4160472 ray::WorkerDict
 637394 4012520 ray::WorkerDict
 637393 3972308 ray::WorkerDict
 637395 3922740 ray::WorkerDict
 734178 2184576 ray::AgentLoopW
 734172 2113056 ray::AgentLoopW
 734176 1934504 ray::AgentLoopW
== 2026-09-05T23:11:13+09:00
Mem:            1007         520         480         369         379         486
    PID   RSS COMMAND
 717289 87693912 VLLM::Worker
 717290 87690192 VLLM::Worker
 717291 87673364 VLLM::Worker
 717292 87661388 VLLM::Worker
 637394 14920204 ray::WorkerDict
 637395 14876268 ray::WorkerDict
 637392 14489172 ray::WorkerDict
 637393 14301268 ray::WorkerDict
1317539 4821852 VLLM::Worker_TP
1317538 4817128 VLLM::Worker_TP
 734178 2184576 ray::AgentLoopW
 734172 2113056 ray::AgentLoopW
 734176 1934504 ray::AgentLoopW
== 2026-09-05T23:11:33+09:00
Mem:            1007         656         345         369         379         351
    PID   RSS COMMAND
 717289 87693912 VLLM::Worker
 717290 87690192 VLLM::Worker
 717291 87673364 VLLM::Worker
 717292 87661388 VLLM::Worker
 637392 50227284 ray::WorkerDict
 637393 50038612 ray::WorkerDict
 637394 50033196 ray::WorkerDict
 637395 49988748 ray::WorkerDict
1317539 4821852 VLLM::Worker_TP
1317538 4817128 VLLM::Worker_TP
 734178 2184576 ray::AgentLoopW
 734172 2113056 ray::AgentLoopW
 734176 1934504 ray::AgentLoopW
== 2026-09-05T23:11:53+09:00
Mem:            1007         710         291         369         379         296
    PID   RSS COMMAND
 717289 87692288 VLLM::Worker
 717290 87688464 VLLM::Worker
 717291 87671696 VLLM::Worker
 717292 87659688 VLLM::Worker
 637393 64395380 ray::WorkerDict
 637394 64387556 ray::WorkerDict
 637395 64343620 ray::WorkerDict
 637392 64068348 ray::WorkerDict
1317539 4821852 VLLM::Worker_TP
1317538 4817128 VLLM::Worker_TP
 734178 2184576 ray::AgentLoopW
 734172 2113056 ray::AgentLoopW
 734176 1934504 ray::AgentLoopW
== 2026-09-05T23:12:13+09:00
Mem:            1007         709         292         369         379         298
    PID   RSS COMMAND
 717289 87692288 VLLM::Worker
 717290 87688464 VLLM::Worker
 717291 87671696 VLLM::Worker
 717292 87659688 VLLM::Worker
 637395 64036628 ray::WorkerDict
 637392 63910408 ray::WorkerDict
 637393 63826116 ray::WorkerDict
 637394 63764840 ray::WorkerDict
1317539 4821852 VLLM::Worker_TP
1317538 4817128 VLLM::Worker_TP
 734178 2184576 ray::AgentLoopW
 734172 2113056 ray::AgentLoopW
 734176 1934504 ray::AgentLoopW
== 2026-09-05T23:12:33+09:00
Mem:            1007         708         293         369         379         298
    PID   RSS COMMAND
 717289 87702272 VLLM::Worker
 717290 87698448 VLLM::Worker
 717291 87681680 VLLM::Worker
 717292 87669672 VLLM::Worker
 637392 63908104 ray::WorkerDict
 637395 63866976 ray::WorkerDict
 637394 63598640 ray::WorkerDict
 637393 63562132 ray::WorkerDict
1317539 4821852 VLLM::Worker_TP
1317538 4815096 VLLM::Worker_TP
 734178 2217756 ray::AgentLoopW
 734172 2113380 ray::AgentLoopW
 734176 1934504 ray::AgentLoopW
== 2026-09-05T23:12:53+09:00
Mem:            1007         708         293         369         379         298
    PID   RSS COMMAND
 717289 87703040 VLLM::Worker
 717290 87699984 VLLM::Worker
 717291 87681680 VLLM::Worker
 717292 87670440 VLLM::Worker
 637392 63908104 ray::WorkerDict
 637395 63866208 ray::WorkerDict
 637394 63597872 ray::WorkerDict
 637393 63561364 ray::WorkerDict
1317539 4821852 VLLM::Worker_TP
1317538 4815096 VLLM::Worker_TP
 734178 2219628 ray::AgentLoopW
 734172 2117220 ray::AgentLoopW
 734176 1935000 ray::AgentLoopW
== 2026-09-05T23:13:13+09:00
Mem:            1007         708         293         369         379         298
    PID   RSS COMMAND
 717289 87703040 VLLM::Worker
 717290 87699984 VLLM::Worker
 717291 87681680 VLLM::Worker
 717292 87670440 VLLM::Worker
 637392 63908104 ray::WorkerDict
 637395 63866208 ray::WorkerDict
 637394 63597872 ray::WorkerDict
 637393 63561364 ray::WorkerDict
1317539 4821852 VLLM::Worker_TP
1317538 4815096 VLLM::Worker_TP
 734178 2219628 ray::AgentLoopW
 734172 2117220 ray::AgentLoopW
 734176 1935000 ray::AgentLoopW
== 2026-09-05T23:13:33+09:00
Mem:            1007         708         293         369         379         298
    PID   RSS COMMAND
 717289 87703040 VLLM::Worker
 717290 87699984 VLLM::Worker
 717291 87681680 VLLM::Worker
 717292 87670440 VLLM::Worker
 637392 63908104 ray::WorkerDict
 637395 63866208 ray::WorkerDict
 637394 63597872 ray::WorkerDict
 637393 63561364 ray::WorkerDict
1317539 4821852 VLLM::Worker_TP
1317538 4815096 VLLM::Worker_TP
 734178 2219628 ray::AgentLoopW
 734172 2117220 ray::AgentLoopW
 734176 1935000 ray::AgentLoopW
== 2026-09-05T23:13:53+09:00
Mem:            1007         708         293         369         379         298
    PID   RSS COMMAND
 717289 87703040 VLLM::Worker
 717290 87699984 VLLM::Worker
 717291 87681680 VLLM::Worker
 717292 87670440 VLLM::Worker
 637392 63908104 ray::WorkerDict
 637395 63866208 ray::WorkerDict
 637394 63597872 ray::WorkerDict
 637393 63561364 ray::WorkerDict
1317539 4821852 VLLM::Worker_TP
1317538 4815096 VLLM::Worker_TP
 734178 2219628 ray::AgentLoopW
 734172 2117220 ray::AgentLoopW
 734176 1935000 ray::AgentLoopW
== 2026-09-05T23:14:13+09:00
Mem:            1007         708         293         369         379         298
    PID   RSS COMMAND
 717289 87703040 VLLM::Worker
 717290 87699984 VLLM::Worker
 717291 87681680 VLLM::Worker
 717292 87670440 VLLM::Worker
 637392 63908104 ray::WorkerDict
 637395 63866208 ray::WorkerDict
 637394 63597872 ray::WorkerDict
 637393 63561364 ray::WorkerDict
1317539 4821852 VLLM::Worker_TP
1317538 4815096 VLLM::Worker_TP
 734178 2219628 ray::AgentLoopW
 734172 2117220 ray::AgentLoopW
 734176 1935000 ray::AgentLoopW
== 2026-09-05T23:14:33+09:00
Mem:            1007         708         293         369         379         298
    PID   RSS COMMAND
 717289 87703040 VLLM::Worker
 717290 87699984 VLLM::Worker
 717291 87681680 VLLM::Worker
 717292 87670440 VLLM::Worker
 637392 63908104 ray::WorkerDict
 637395 63866208 ray::WorkerDict
 637394 63597872 ray::WorkerDict
 637393 63561364 ray::WorkerDict
1317539 4821852 VLLM::Worker_TP
1317538 4815096 VLLM::Worker_TP
 734178 2219628 ray::AgentLoopW
 734172 2117220 ray::AgentLoopW
 734176 1935768 ray::AgentLoopW
== 2026-09-05T23:14:53+09:00
Mem:            1007         708         293         369         379         298
    PID   RSS COMMAND
 717289 87703040 VLLM::Worker
 717290 87699984 VLLM::Worker
 717291 87681680 VLLM::Worker
 717292 87670440 VLLM::Worker
 637392 63908104 ray::WorkerDict
 637395 63866208 ray::WorkerDict
 637394 63597872 ray::WorkerDict
 637393 63561364 ray::WorkerDict
1317539 4821852 VLLM::Worker_TP
1317538 4815096 VLLM::Worker_TP
 734178 2219628 ray::AgentLoopW
 734172 2117220 ray::AgentLoopW
 734176 1935768 ray::AgentLoopW
== 2026-09-05T23:15:13+09:00
Mem:            1007         708         293         369         379         298
    PID   RSS COMMAND
 717289 87703040 VLLM::Worker
 717290 87699984 VLLM::Worker
 717291 87681680 VLLM::Worker
 717292 87670440 VLLM::Worker
 637392 63908104 ray::WorkerDict
 637395 63866208 ray::WorkerDict
 637394 63597872 ray::WorkerDict
 637393 63561364 ray::WorkerDict
1317539 4821852 VLLM::Worker_TP
1317538 4815096 VLLM::Worker_TP
 734178 2219628 ray::AgentLoopW
 734172 2117220 ray::AgentLoopW
 734176 1935768 ray::AgentLoopW
== 2026-09-05T23:15:33+09:00
Mem:            1007         480         521         369         379         527
    PID   RSS COMMAND
 717289 87703808 VLLM::Worker
 717290 87699004 VLLM::Worker
 717291 87681680 VLLM::Worker
 717292 87670440 VLLM::Worker
1317539 4821852 VLLM::Worker_TP
1317538 4815096 VLLM::Worker_TP
 637392 4164076 ray::WorkerDict
 637394 3988480 ray::WorkerDict
 637393 3951444 ray::WorkerDict
 637395 3924376 ray::WorkerDict
 734178 2219628 ray::AgentLoopW
 734172 2117220 ray::AgentLoopW
 734176 1935768 ray::AgentLoopW
== 2026-09-05T23:15:53+09:00
Mem:            1007         480         521         369         379         527
    PID   RSS COMMAND
 717289 87703808 VLLM::Worker
 717290 87699004 VLLM::Worker
 717291 87681680 VLLM::Worker
 717292 87670440 VLLM::Worker
1317539 4821852 VLLM::Worker_TP
1317538 4815096 VLLM::Worker_TP
 637392 4164076 ray::WorkerDict
 637394 3989248 ray::WorkerDict
 637393 3952212 ray::WorkerDict
 637395 3925144 ray::WorkerDict
 734178 2219628 ray::AgentLoopW
 734172 2117220 ray::AgentLoopW
 734176 1935768 ray::AgentLoopW
== 2026-09-05T23:16:13+09:00
Mem:            1007         480         521         369         379         526
    PID   RSS COMMAND
 717289 87703808 VLLM::Worker
 717290 87699004 VLLM::Worker
 717291 87681680 VLLM::Worker
 717292 87670440 VLLM::Worker
1317539 4821852 VLLM::Worker_TP
1317538 4815096 VLLM::Worker_TP
 637392 4168452 ray::WorkerDict
 637394 3993064 ray::WorkerDict
 637393 3954208 ray::WorkerDict
 637395 3926432 ray::WorkerDict
 734178 2219628 ray::AgentLoopW
 734172 2117220 ray::AgentLoopW
 734176 1935768 ray::AgentLoopW
== 2026-09-05T23:16:33+09:00
Mem:            1007         480         521         369         379         526
    PID   RSS COMMAND
 717289 87703808 VLLM::Worker
 717290 87699004 VLLM::Worker
 717291 87681680 VLLM::Worker
 717292 87670440 VLLM::Worker
1317539 4821852 VLLM::Worker_TP
1317538 4815096 VLLM::Worker_TP
 637392 4168452 ray::WorkerDict
 637394 3993064 ray::WorkerDict
 637393 3954208 ray::WorkerDict
 637395 3926432 ray::WorkerDict
 734178 2219628 ray::AgentLoopW
 734172 2117220 ray::AgentLoopW
 734176 1935768 ray::AgentLoopW
== 2026-09-05T23:16:53+09:00
Mem:            1007         480         521         369         379         526
    PID   RSS COMMAND
 717289 87703808 VLLM::Worker
 717290 87699004 VLLM::Worker
 717291 87681680 VLLM::Worker
 717292 87670440 VLLM::Worker
1317539 4821852 VLLM::Worker_TP
1317538 4815096 VLLM::Worker_TP
 637392 4168452 ray::WorkerDict
 637394 3993064 ray::WorkerDict
 637393 3954208 ray::WorkerDict
 637395 3926432 ray::WorkerDict
 734178 2219628 ray::AgentLoopW
 734172 2117220 ray::AgentLoopW
 734176 1935768 ray::AgentLoopW
== 2026-09-05T23:17:13+09:00
Mem:            1007         480         521         369         379         526
    PID   RSS COMMAND
 717289 87703808 VLLM::Worker
 717290 87699004 VLLM::Worker
 717291 87681680 VLLM::Worker
 717292 87670440 VLLM::Worker
1317539 4821852 VLLM::Worker_TP
1317538 4815096 VLLM::Worker_TP
 637392 4168452 ray::WorkerDict
 637394 3993064 ray::WorkerDict
 637393 3954208 ray::WorkerDict
 637395 3926432 ray::WorkerDict
 734178 2219628 ray::AgentLoopW
 734172 2117220 ray::AgentLoopW
 734176 1935768 ray::AgentLoopW
== 2026-09-05T23:17:33+09:00
Mem:            1007         480         521         369         379         526
    PID   RSS COMMAND
 717289 87703808 VLLM::Worker
 717290 87699004 VLLM::Worker
 717291 87681680 VLLM::Worker
 717292 87670440 VLLM::Worker
1317539 4821852 VLLM::Worker_TP
1317538 4815096 VLLM::Worker_TP
 637392 4168452 ray::WorkerDict
 637394 3993064 ray::WorkerDict
 637393 3954208 ray::WorkerDict
 637395 3926432 ray::WorkerDict
 734178 2219628 ray::AgentLoopW
 734172 2117220 ray::AgentLoopW
 734176 1935768 ray::AgentLoopW
== 2026-09-05T23:17:53+09:00
Mem:            1007         506         495         369         379         501
    PID   RSS COMMAND
 717289 87703808 VLLM::Worker
 717290 87699004 VLLM::Worker
 717291 87681680 VLLM::Worker
 717292 87670440 VLLM::Worker
 637392 11012992 ray::WorkerDict
 637394 10817040 ray::WorkerDict
 637393 10800044 ray::WorkerDict
 637395 10768272 ray::WorkerDict
1317539 4821852 VLLM::Worker_TP
1317538 4815096 VLLM::Worker_TP
 734178 2219628 ray::AgentLoopW
 734172 2117220 ray::AgentLoopW
 734176 1935768 ray::AgentLoopW
== 2026-09-05T23:18:13+09:00
Mem:            1007         642         359         369         379         364
    PID   RSS COMMAND
 717289 87703808 VLLM::Worker
 717290 87699004 VLLM::Worker
 717291 87681680 VLLM::Worker
 717292 87670440 VLLM::Worker
 637392 46657560 ray::WorkerDict
 637394 46501912 ray::WorkerDict
 637395 46459312 ray::WorkerDict
 637393 46453012 ray::WorkerDict
1317539 4821852 VLLM::Worker_TP
1317538 4815096 VLLM::Worker_TP
 734178 2219628 ray::AgentLoopW
 734172 2117220 ray::AgentLoopW
 734176 1935768 ray::AgentLoopW
== 2026-09-05T23:18:34+09:00
Mem:            1007         708         293         369         379         298
    PID   RSS COMMAND
 717289 87703808 VLLM::Worker
 717290 87699004 VLLM::Worker
 717291 87681680 VLLM::Worker
 717292 87670440 VLLM::Worker
 637392 64091980 ray::WorkerDict
 637395 64081320 ray::WorkerDict
 637393 63981180 ray::WorkerDict
 637394 63654108 ray::WorkerDict
1317539 4821852 VLLM::Worker_TP
1317538 4815096 VLLM::Worker_TP
 734178 2219628 ray::AgentLoopW
 734172 2117220 ray::AgentLoopW
 734176 1935768 ray::AgentLoopW
== 2026-09-05T23:18:54+09:00
Mem:            1007         709         292         369         379         297
    PID   RSS COMMAND
 717289 87703808 VLLM::Worker
 717290 87699004 VLLM::Worker
 717291 87681680 VLLM::Worker
 717292 87670440 VLLM::Worker
 637392 64459860 ray::WorkerDict
 637394 64430176 ray::WorkerDict
 637395 63904632 ray::WorkerDict
 637393 63779120 ray::WorkerDict
1317539 4821852 VLLM::Worker_TP
1317538 4815096 VLLM::Worker_TP
 734178 2219628 ray::AgentLoopW
 734172 2117220 ray::AgentLoopW
 734176 1935768 ray::AgentLoopW
== 2026-09-05T23:19:14+09:00
Mem:            1007         708         293         369         379         299
    PID   RSS COMMAND
 717289 87703808 VLLM::Worker
 717290 87699004 VLLM::Worker
 717291 87682448 VLLM::Worker
 717292 87670440 VLLM::Worker
 637392 63803216 ray::WorkerDict
 637394 63770976 ray::WorkerDict
 637393 63666672 ray::WorkerDict
 637395 63560544 ray::WorkerDict
1317539 4821852 VLLM::Worker_TP
1317538 4815096 VLLM::Worker_TP
 734178 2221164 ray::AgentLoopW
 734172 2117988 ray::AgentLoopW
 734176 1935768 ray::AgentLoopW
== 2026-09-05T23:19:34+09:00
Mem:            1007         708         293         369         379         298
    PID   RSS COMMAND
 717289 87703808 VLLM::Worker
 717290 87699004 VLLM::Worker
 717291 87682448 VLLM::Worker
 717292 87670440 VLLM::Worker
 637392 63799376 ray::WorkerDict
 637394 63767136 ray::WorkerDict
 637393 63662064 ray::WorkerDict
 637395 63556704 ray::WorkerDict
1317539 4821852 VLLM::Worker_TP
1317538 4815096 VLLM::Worker_TP
 734178 2221932 ray::AgentLoopW
 734172 2117988 ray::AgentLoopW
 734176 1935768 ray::AgentLoopW
== 2026-09-05T23:19:54+09:00
Mem:            1007         708         293         369         379         298
    PID   RSS COMMAND
 717289 87706112 VLLM::Worker
 717290 87701308 VLLM::Worker
 717291 87684752 VLLM::Worker
 717292 87673512 VLLM::Worker
 637392 63799376 ray::WorkerDict
 637394 63767136 ray::WorkerDict
 637393 63662064 ray::WorkerDict
 637395 63556704 ray::WorkerDict
1317539 4821852 VLLM::Worker_TP
1317538 4815096 VLLM::Worker_TP
 734178 2221932 ray::AgentLoopW
 734172 2117988 ray::AgentLoopW
 734176 1935768 ray::AgentLoopW
== 2026-09-05T23:20:14+09:00
Mem:            1007         708         293         369         379         298
    PID   RSS COMMAND
 717289 87706112 VLLM::Worker
 717290 87701308 VLLM::Worker
 717291 87684752 VLLM::Worker
 717292 87673512 VLLM::Worker
 637392 63799376 ray::WorkerDict
 637394 63767136 ray::WorkerDict
 637393 63662064 ray::WorkerDict
 637395 63556704 ray::WorkerDict
1317539 4821852 VLLM::Worker_TP
1317538 4815096 VLLM::Worker_TP
 734178 2221932 ray::AgentLoopW
 734172 2117988 ray::AgentLoopW
 734176 1935768 ray::AgentLoopW
== 2026-09-05T23:20:34+09:00
Mem:            1007         708         293         369         379         298
    PID   RSS COMMAND
 717289 87706112 VLLM::Worker
 717290 87701308 VLLM::Worker
 717291 87684752 VLLM::Worker
 717292 87673512 VLLM::Worker
 637392 63799376 ray::WorkerDict
 637394 63767136 ray::WorkerDict
 637393 63662064 ray::WorkerDict
 637395 63556704 ray::WorkerDict
1317539 4821852 VLLM::Worker_TP
1317538 4818168 VLLM::Worker_TP
 734178 2221932 ray::AgentLoopW
 734172 2117988 ray::AgentLoopW
 734176 1935768 ray::AgentLoopW
== 2026-09-05T23:20:54+09:00
Mem:            1007         708         293         369         379         298
    PID   RSS COMMAND
 717289 87706112 VLLM::Worker
 717290 87701308 VLLM::Worker
 717291 87684752 VLLM::Worker
 717292 87673512 VLLM::Worker
 637392 63799376 ray::WorkerDict
 637394 63767136 ray::WorkerDict
 637393 63662064 ray::WorkerDict
 637395 63556704 ray::WorkerDict
1317539 4821852 VLLM::Worker_TP
1317538 4818168 VLLM::Worker_TP
 734178 2221932 ray::AgentLoopW
 734172 2117988 ray::AgentLoopW
 734176 1935768 ray::AgentLoopW
== 2026-09-05T23:21:14+09:00
Mem:            1007         708         293         369         379         298
    PID   RSS COMMAND
 717289 87706112 VLLM::Worker
 717290 87701308 VLLM::Worker
 717291 87684752 VLLM::Worker
 717292 87673512 VLLM::Worker
 637392 63799376 ray::WorkerDict
 637394 63767136 ray::WorkerDict
 637393 63662064 ray::WorkerDict
 637395 63556704 ray::WorkerDict
1317539 4821852 VLLM::Worker_TP
1317538 4818168 VLLM::Worker_TP
 734178 2221932 ray::AgentLoopW
 734172 2117988 ray::AgentLoopW
 734176 1935768 ray::AgentLoopW
== 2026-09-05T23:21:34+09:00
Mem:            1007         708         293         369         379         298
    PID   RSS COMMAND
 717289 87706112 VLLM::Worker
 717290 87701308 VLLM::Worker
 717291 87684752 VLLM::Worker
 717292 87673512 VLLM::Worker
 637392 63799376 ray::WorkerDict
 637394 63767136 ray::WorkerDict
 637393 63662064 ray::WorkerDict
 637395 63556704 ray::WorkerDict
1317539 4821852 VLLM::Worker_TP
1317538 4818168 VLLM::Worker_TP
 734178 2221932 ray::AgentLoopW
 734172 2117988 ray::AgentLoopW
 734176 1935768 ray::AgentLoopW
== 2026-09-05T23:21:54+09:00
Mem:            1007         708         293         369         379         298
    PID   RSS COMMAND
 717289 87706112 VLLM::Worker
 717290 87701308 VLLM::Worker
 717291 87684752 VLLM::Worker
 717292 87673512 VLLM::Worker
 637392 63799376 ray::WorkerDict
 637394 63767136 ray::WorkerDict
 637393 63662064 ray::WorkerDict
 637395 63556704 ray::WorkerDict
1317539 4821852 VLLM::Worker_TP
1317538 4818168 VLLM::Worker_TP
 734178 2221932 ray::AgentLoopW
 734172 2117988 ray::AgentLoopW
 734176 1935768 ray::AgentLoopW
== 2026-09-05T23:22:14+09:00
Mem:            1007         480         521         369         379         526
    PID   RSS COMMAND
 717289 87706112 VLLM::Worker
 717290 87701308 VLLM::Worker
 717291 87685520 VLLM::Worker
 717292 87674280 VLLM::Worker
1317539 4821852 VLLM::Worker_TP
1317538 4818168 VLLM::Worker_TP
 637392 4166356 ray::WorkerDict
 637394 4149160 ray::WorkerDict
 637393 3939272 ray::WorkerDict
 637395 3926076 ray::WorkerDict
 734178 2221932 ray::AgentLoopW
 734172 2117988 ray::AgentLoopW
 734176 1935768 ray::AgentLoopW
== 2026-09-05T23:22:34+09:00
Mem:            1007         480         521         369         379         526
    PID   RSS COMMAND
 717289 87706112 VLLM::Worker
 717290 87701308 VLLM::Worker
 717291 87685520 VLLM::Worker
 717292 87674280 VLLM::Worker
1317539 4821852 VLLM::Worker_TP
1317538 4818168 VLLM::Worker_TP
 637392 4175532 ray::WorkerDict
 637394 4150944 ray::WorkerDict
 637393 3941328 ray::WorkerDict
 637395 3928964 ray::WorkerDict
 734178 2221932 ray::AgentLoopW
 734172 2117988 ray::AgentLoopW
 734176 1935768 ray::AgentLoopW
== 2026-09-05T23:22:54+09:00
Mem:            1007         480         521         369         379         526
    PID   RSS COMMAND
 717289 87706112 VLLM::Worker
 717290 87701308 VLLM::Worker
 717291 87685520 VLLM::Worker
 717292 87674280 VLLM::Worker
1317539 4821852 VLLM::Worker_TP
1317538 4818168 VLLM::Worker_TP
 637392 4175532 ray::WorkerDict
 637394 4150944 ray::WorkerDict
 637393 3941328 ray::WorkerDict
 637395 3928964 ray::WorkerDict
 734178 2221932 ray::AgentLoopW
 734172 2117988 ray::AgentLoopW
 734176 1935768 ray::AgentLoopW
== 2026-09-05T23:23:14+09:00
Mem:            1007         480         521         369         379         526
    PID   RSS COMMAND
 717289 87706112 VLLM::Worker
 717290 87701308 VLLM::Worker
 717291 87685520 VLLM::Worker
 717292 87674280 VLLM::Worker
1317539 4821852 VLLM::Worker_TP
1317538 4818168 VLLM::Worker_TP
 637392 4175532 ray::WorkerDict
 637394 4150944 ray::WorkerDict
 637393 3941328 ray::WorkerDict
 637395 3928964 ray::WorkerDict
 734178 2221932 ray::AgentLoopW
 734172 2117988 ray::AgentLoopW
 734176 1935768 ray::AgentLoopW
== 2026-09-05T23:23:34+09:00
Mem:            1007         480         521         369         379         526
    PID   RSS COMMAND
 717289 87706112 VLLM::Worker
 717290 87701308 VLLM::Worker
 717291 87685520 VLLM::Worker
 717292 87674280 VLLM::Worker
1317539 4821852 VLLM::Worker_TP
1317538 4818168 VLLM::Worker_TP
 637392 4175532 ray::WorkerDict
 637394 4150944 ray::WorkerDict
 637393 3941328 ray::WorkerDict
 637395 3928964 ray::WorkerDict
 734178 2221932 ray::AgentLoopW
 734172 2117988 ray::AgentLoopW
 734176 1935768 ray::AgentLoopW
== 2026-09-05T23:23:54+09:00
Mem:            1007         570         431         369         379         436
    PID   RSS COMMAND
 717289 87706112 VLLM::Worker
 717290 87701308 VLLM::Worker
 717291 87685520 VLLM::Worker
 717292 87674280 VLLM::Worker
 637392 27831892 ray::WorkerDict
 637394 27824020 ray::WorkerDict
 637395 27617032 ray::WorkerDict
 637393 27585324 ray::WorkerDict
1317539 4821852 VLLM::Worker_TP
1317538 4818168 VLLM::Worker_TP
 734178 2221932 ray::AgentLoopW
 734172 2117988 ray::AgentLoopW
 734176 1935768 ray::AgentLoopW
== 2026-09-05T23:24:14+09:00
Mem:            1007         701         300         369         379         305
    PID   RSS COMMAND
 717289 87706112 VLLM::Worker
 717290 87701308 VLLM::Worker
 717291 87685520 VLLM::Worker
 717292 87674280 VLLM::Worker
 637392 62136916 ray::WorkerDict
 637394 62092948 ray::WorkerDict
 637395 61896712 ray::WorkerDict
 637393 61885740 ray::WorkerDict
1317539 4821852 VLLM::Worker_TP
1317538 4818168 VLLM::Worker_TP
 734178 2221932 ray::AgentLoopW
 734172 2117988 ray::AgentLoopW
 734176 1935768 ray::AgentLoopW
== 2026-09-05T23:24:34+09:00
Mem:            1007         710         292         369         379         297
    PID   RSS COMMAND
 717289 87706112 VLLM::Worker
 717290 87701308 VLLM::Worker
 717291 87685520 VLLM::Worker
 717292 87674280 VLLM::Worker
 637394 64329048 ray::WorkerDict
 637393 64145816 ray::WorkerDict
 637395 64041420 ray::WorkerDict
 637392 63894792 ray::WorkerDict
1317539 4821852 VLLM::Worker_TP
1317538 4818168 VLLM::Worker_TP
 734178 2221932 ray::AgentLoopW
 734172 2117988 ray::AgentLoopW
 734176 1935768 ray::AgentLoopW
== 2026-09-05T23:24:54+09:00
Mem:            1007         708         293         369         379         298
    PID   RSS COMMAND
 717289 87706112 VLLM::Worker
 717290 87701308 VLLM::Worker
 717291 87685520 VLLM::Worker
 717292 87674280 VLLM::Worker
 637394 63901016 ray::WorkerDict
 637392 63875088 ray::WorkerDict
 637395 63825124 ray::WorkerDict
 637393 63748904 ray::WorkerDict
1317539 4821852 VLLM::Worker_TP
1317538 4818168 VLLM::Worker_TP
 734178 2221932 ray::AgentLoopW
 734172 2117988 ray::AgentLoopW
 734176 1935768 ray::AgentLoopW
== 2026-09-05T23:25:14+09:00
Mem:            1007         709         293         369         379         298
    PID   RSS COMMAND
 717289 87706112 VLLM::Worker
 717290 87701308 VLLM::Worker
 717291 87685520 VLLM::Worker
 717292 87674280 VLLM::Worker
 637394 63901016 ray::WorkerDict
 637395 63825124 ray::WorkerDict
 637392 63809548 ray::WorkerDict
 637393 63748904 ray::WorkerDict
1317539 4821852 VLLM::Worker_TP
1317538 4818168 VLLM::Worker_TP
 734178 2221932 ray::AgentLoopW
 734172 2117988 ray::AgentLoopW
 734176 1935768 ray::AgentLoopW
== 2026-09-05T23:25:34+09:00
Mem:            1007         709         293         369         379         298
    PID   RSS COMMAND
 717289 87706112 VLLM::Worker
 717290 87701308 VLLM::Worker
 717291 87685520 VLLM::Worker
 717292 87674280 VLLM::Worker
 637394 63897176 ray::WorkerDict
 637395 63821284 ray::WorkerDict
 637392 63804940 ray::WorkerDict
 637393 63745064 ray::WorkerDict
1317539 4821852 VLLM::Worker_TP
1317538 4818168 VLLM::Worker_TP
 734178 2221932 ray::AgentLoopW
 734172 2117988 ray::AgentLoopW
 734176 1935768 ray::AgentLoopW
== 2026-09-05T23:25:54+09:00
Mem:            1007         709         292         369         379         298
    PID   RSS COMMAND
 717289 87706112 VLLM::Worker
 717290 87701308 VLLM::Worker
 717291 87685520 VLLM::Worker
 717292 87674280 VLLM::Worker
 637394 63897176 ray::WorkerDict
 637395 63821284 ray::WorkerDict
 637392 63804940 ray::WorkerDict
 637393 63745064 ray::WorkerDict
1317539 4821852 VLLM::Worker_TP
1317538 4818168 VLLM::Worker_TP
 734178 2221932 ray::AgentLoopW
 734172 2117988 ray::AgentLoopW
 734176 1935768 ray::AgentLoopW
== 2026-09-05T23:26:14+09:00
Mem:            1007         709         292         369         379         298
    PID   RSS COMMAND
 717289 87706112 VLLM::Worker
 717290 87701308 VLLM::Worker
 717291 87685520 VLLM::Worker
 717292 87674280 VLLM::Worker
 637394 63897176 ray::WorkerDict
 637395 63821284 ray::WorkerDict
 637392 63804940 ray::WorkerDict
 637393 63745064 ray::WorkerDict
1317539 4821852 VLLM::Worker_TP
1317538 4818168 VLLM::Worker_TP
 734178 2221932 ray::AgentLoopW
 734172 2117988 ray::AgentLoopW
 734176 1935768 ray::AgentLoopW
== 2026-09-05T23:26:35+09:00
Mem:            1007         709         292         369         379         298
    PID   RSS COMMAND
 717289 87706112 VLLM::Worker
 717290 87701308 VLLM::Worker
 717291 87685520 VLLM::Worker
 717292 87674280 VLLM::Worker
 637394 63897176 ray::WorkerDict
 637395 63821284 ray::WorkerDict
 637392 63804940 ray::WorkerDict
 637393 63745064 ray::WorkerDict
1317539 4821852 VLLM::Worker_TP
1317538 4818168 VLLM::Worker_TP
 734178 2221932 ray::AgentLoopW
 734172 2117988 ray::AgentLoopW
 734176 1935768 ray::AgentLoopW
== 2026-09-05T23:26:55+09:00
Mem:            1007         709         292         369         379         298
    PID   RSS COMMAND
 717289 87706112 VLLM::Worker
 717290 87701308 VLLM::Worker
 717291 87685520 VLLM::Worker
 717292 87674280 VLLM::Worker
 637394 63897176 ray::WorkerDict
 637395 63821284 ray::WorkerDict
 637392 63804940 ray::WorkerDict
 637393 63745064 ray::WorkerDict
1317539 4821852 VLLM::Worker_TP
1317538 4818168 VLLM::Worker_TP
 734178 2221932 ray::AgentLoopW
 734172 2117988 ray::AgentLoopW
 734176 1935768 ray::AgentLoopW
== 2026-09-05T23:27:15+09:00
Mem:            1007         709         292         369         379         298
    PID   RSS COMMAND
 717289 87706112 VLLM::Worker
 717290 87701308 VLLM::Worker
 717291 87685520 VLLM::Worker
 717292 87674280 VLLM::Worker
 637394 63897176 ray::WorkerDict
 637395 63821284 ray::WorkerDict
 637392 63804940 ray::WorkerDict
 637393 63745064 ray::WorkerDict
1317539 4821852 VLLM::Worker_TP
1317538 4818168 VLLM::Worker_TP
 734178 2221932 ray::AgentLoopW
 734172 2117988 ray::AgentLoopW
 734176 1935768 ray::AgentLoopW
== 2026-09-05T23:27:35+09:00
Mem:            1007         709         292         369         379         298
    PID   RSS COMMAND
 717289 87706112 VLLM::Worker
 717290 87701308 VLLM::Worker
 717291 87685520 VLLM::Worker
 717292 87674280 VLLM::Worker
 637394 63897176 ray::WorkerDict
 637395 63821284 ray::WorkerDict
 637392 63804940 ray::WorkerDict
 637393 63745064 ray::WorkerDict
1317539 4821852 VLLM::Worker_TP
1317538 4818168 VLLM::Worker_TP
 734178 2221932 ray::AgentLoopW
 734172 2117988 ray::AgentLoopW
 734176 1935768 ray::AgentLoopW
== 2026-09-05T23:27:55+09:00
Mem:            1007         699         302         369         379         307
    PID   RSS COMMAND
 717289 87706112 VLLM::Worker
 717290 87700284 VLLM::Worker
 717291 87685520 VLLM::Worker
 717292 87674280 VLLM::Worker
 637394 61488464 ray::WorkerDict
 637392 61373084 ray::WorkerDict
 637393 61154648 ray::WorkerDict
 637395 61127352 ray::WorkerDict
1317539 4821852 VLLM::Worker_TP
1317538 4818168 VLLM::Worker_TP
 734178 2221932 ray::AgentLoopW
 734172 2117988 ray::AgentLoopW
 734176 1935768 ray::AgentLoopW
== 2026-09-05T23:28:15+09:00
Mem:            1007         481         521         369         379         526
    PID   RSS COMMAND
 717289 87706112 VLLM::Worker
 717290 87700284 VLLM::Worker
 717291 87685520 VLLM::Worker
 717292 87674280 VLLM::Worker
1317539 4821852 VLLM::Worker_TP
1317538 4818168 VLLM::Worker_TP
 637394 4287772 ray::WorkerDict
 637392 4173928 ray::WorkerDict
 637393 3954820 ray::WorkerDict
 637395 3928244 ray::WorkerDict
 734178 2221932 ray::AgentLoopW
 734172 2117988 ray::AgentLoopW
 734176 1935768 ray::AgentLoopW
== 2026-09-05T23:28:35+09:00
Mem:            1007         481         521         369         379         526
    PID   RSS COMMAND
 717289 87706112 VLLM::Worker
 717290 87700284 VLLM::Worker
 717291 87685520 VLLM::Worker
 717292 87674280 VLLM::Worker
1317539 4821852 VLLM::Worker_TP
1317538 4818168 VLLM::Worker_TP
 637394 4289808 ray::WorkerDict
 637392 4176348 ray::WorkerDict
 637393 3957324 ray::WorkerDict
 637395 3929712 ray::WorkerDict
 734178 2221932 ray::AgentLoopW
 734172 2117988 ray::AgentLoopW
 734176 1935768 ray::AgentLoopW
== 2026-09-05T23:28:55+09:00
Mem:            1007         481         521         369         379         526
    PID   RSS COMMAND
 717289 87706112 VLLM::Worker
 717290 87700284 VLLM::Worker
 717291 87685520 VLLM::Worker
 717292 87674280 VLLM::Worker
1317539 4821852 VLLM::Worker_TP
1317538 4818168 VLLM::Worker_TP
 637394 4289808 ray::WorkerDict
 637392 4176348 ray::WorkerDict
 637393 3957324 ray::WorkerDict
 637395 3929712 ray::WorkerDict
 734178 2221932 ray::AgentLoopW
 734172 2117988 ray::AgentLoopW
 734176 1935768 ray::AgentLoopW
== 2026-09-05T23:29:15+09:00
Mem:            1007         481         521         369         379         526
    PID   RSS COMMAND
 717289 87706112 VLLM::Worker
 717290 87700284 VLLM::Worker
 717291 87685520 VLLM::Worker
 717292 87674280 VLLM::Worker
1317539 4821852 VLLM::Worker_TP
1317538 4818168 VLLM::Worker_TP
 637394 4289808 ray::WorkerDict
 637392 4176348 ray::WorkerDict
 637393 3957324 ray::WorkerDict
 637395 3929712 ray::WorkerDict
 734178 2221932 ray::AgentLoopW
 734172 2117988 ray::AgentLoopW
 734176 1935768 ray::AgentLoopW
== 2026-09-05T23:29:35+09:00
Mem:            1007         481         521         369         379         526
    PID   RSS COMMAND
 717289 87706112 VLLM::Worker
 717290 87700284 VLLM::Worker
 717291 87685520 VLLM::Worker
 717292 87674280 VLLM::Worker
1317539 4821852 VLLM::Worker_TP
1317538 4818168 VLLM::Worker_TP
 637394 4289808 ray::WorkerDict
 637392 4176348 ray::WorkerDict
 637393 3957324 ray::WorkerDict
 637395 3929712 ray::WorkerDict
 734178 2221932 ray::AgentLoopW
 734172 2117988 ray::AgentLoopW
 734176 1935768 ray::AgentLoopW
== 2026-09-05T23:29:55+09:00
Mem:            1007         481         521         369         379         526
    PID   RSS COMMAND
 717289 87706112 VLLM::Worker
 717290 87700284 VLLM::Worker
 717291 87685520 VLLM::Worker
 717292 87674280 VLLM::Worker
1317539 4821852 VLLM::Worker_TP
1317538 4818168 VLLM::Worker_TP
 637394 4289808 ray::WorkerDict
 637392 4176348 ray::WorkerDict
 637393 3957324 ray::WorkerDict
 637395 3929712 ray::WorkerDict
 734178 2221932 ray::AgentLoopW
 734172 2117988 ray::AgentLoopW
 734176 1935768 ray::AgentLoopW
== 2026-09-05T23:30:15+09:00
Mem:            1007         481         521         369         379         526
    PID   RSS COMMAND
 717289 87706112 VLLM::Worker
 717290 87700284 VLLM::Worker
 717291 87685520 VLLM::Worker
 717292 87674280 VLLM::Worker
1317539 4821064 VLLM::Worker_TP
1317538 4817228 VLLM::Worker_TP
 637394 4289808 ray::WorkerDict
 637392 4176348 ray::WorkerDict
 637393 3957324 ray::WorkerDict
 637395 3929712 ray::WorkerDict
 734178 2221932 ray::AgentLoopW
 734172 2117988 ray::AgentLoopW
 734176 1935768 ray::AgentLoopW
== 2026-09-05T23:30:35+09:00
Mem:            1007         481         521         369         379         526
    PID   RSS COMMAND
 717289 87706112 VLLM::Worker
 717290 87700284 VLLM::Worker
 717291 87685520 VLLM::Worker
 717292 87674280 VLLM::Worker
1317539 4821064 VLLM::Worker_TP
1317538 4817228 VLLM::Worker_TP
 637394 4268484 ray::WorkerDict
 637392 4177884 ray::WorkerDict
 637393 3958092 ray::WorkerDict
 637395 3929712 ray::WorkerDict
 734178 2221932 ray::AgentLoopW
 734172 2117988 ray::AgentLoopW
 734176 1935768 ray::AgentLoopW
== 2026-09-05T23:30:55+09:00
Mem:            1007         616         386         369         379         391
    PID   RSS COMMAND
 717289 87706112 VLLM::Worker
 717290 87700284 VLLM::Worker
 717291 87685520 VLLM::Worker
 717292 87674280 VLLM::Worker
 637394 39683400 ray::WorkerDict
 637392 39591512 ray::WorkerDict
 637393 39369696 ray::WorkerDict
 637395 39343356 ray::WorkerDict
1317539 4821064 VLLM::Worker_TP
1317538 4817228 VLLM::Worker_TP
 734178 2221932 ray::AgentLoopW
 734172 2117988 ray::AgentLoopW
 734176 1935768 ray::AgentLoopW
== 2026-09-05T23:31:15+09:00
Mem:            1007         709         293         369         379         298
    PID   RSS COMMAND
 717289 87706112 VLLM::Worker
 717290 87700284 VLLM::Worker
 717291 87685520 VLLM::Worker
 717292 87674280 VLLM::Worker
 637394 64244676 ray::WorkerDict
 637392 63869476 ray::WorkerDict
 637395 63860600 ray::WorkerDict
 637393 63638628 ray::WorkerDict
1317539 4821064 VLLM::Worker_TP
1317538 4817228 VLLM::Worker_TP
 734178 2221932 ray::AgentLoopW
 734172 2117988 ray::AgentLoopW
 734176 1935768 ray::AgentLoopW
== 2026-09-05T23:31:35+09:00
Mem:            1007         710         292         369         379         297
    PID   RSS COMMAND
 717289 87706112 VLLM::Worker
 717290 87700284 VLLM::Worker
 717291 87685520 VLLM::Worker
 717292 87674280 VLLM::Worker
 637392 64597540 ray::WorkerDict
 637394 63999808 ray::WorkerDict
 637395 63917372 ray::WorkerDict
 637393 63669676 ray::WorkerDict
1317539 4821064 VLLM::Worker_TP
1317538 4817228 VLLM::Worker_TP
 734178 2221932 ray::AgentLoopW
 734172 2117988 ray::AgentLoopW
 734176 1935768 ray::AgentLoopW
== 2026-09-05T23:31:55+09:00
Mem:            1007         709         293         369         379         298
    PID   RSS COMMAND
 717289 87706112 VLLM::Worker
 717290 87700284 VLLM::Worker
 717291 87685520 VLLM::Worker
 717292 87674280 VLLM::Worker
 637392 63974964 ray::WorkerDict
 637394 63787020 ray::WorkerDict
 637393 63667556 ray::WorkerDict
 637395 63562948 ray::WorkerDict
1317539 4821064 VLLM::Worker_TP
1317538 4817228 VLLM::Worker_TP
 734178 2221932 ray::AgentLoopW
 734172 2117988 ray::AgentLoopW
 734173 2094268 ray::AgentLoopW
== 2026-09-05T23:32:15+09:00
Mem:            1007         709         293         369         379         298
    PID   RSS COMMAND
 717289 87706112 VLLM::Worker
 717290 87704892 VLLM::Worker
 717291 87690128 VLLM::Worker
 717292 87674280 VLLM::Worker
 637392 63974964 ray::WorkerDict
 637394 63787020 ray::WorkerDict
 637393 63667556 ray::WorkerDict
 637395 63562948 ray::WorkerDict
1317539 4821064 VLLM::Worker_TP
1317538 4817228 VLLM::Worker_TP
 734178 2221932 ray::AgentLoopW
 734172 2117988 ray::AgentLoopW
 734173 2094268 ray::AgentLoopW
== 2026-09-05T23:32:35+09:00
Mem:            1007         709         291         369         380         297
    PID   RSS COMMAND
 717289 87706112 VLLM::Worker
 717290 87702896 VLLM::Worker
 717291 87690128 VLLM::Worker
 717292 87674280 VLLM::Worker
 637392 63971124 ray::WorkerDict
 637394 63783180 ray::WorkerDict
 637393 63664484 ray::WorkerDict
 637395 63559108 ray::WorkerDict
1317539 4821064 VLLM::Worker_TP
1317538 4817228 VLLM::Worker_TP
 734178 2221932 ray::AgentLoopW
 734172 2117988 ray::AgentLoopW
 734173 2106556 ray::AgentLoopW
== 2026-09-05T23:32:55+09:00
Mem:            1007         709         292         369         379         297
    PID   RSS COMMAND
 717289 87706112 VLLM::Worker
 717290 87702896 VLLM::Worker
 717291 87688500 VLLM::Worker
 717292 87674280 VLLM::Worker
 637392 63971124 ray::WorkerDict
 637394 63783180 ray::WorkerDict
 637393 63664484 ray::WorkerDict
 637395 63559108 ray::WorkerDict
1317539 4820296 VLLM::Worker_TP
1317538 4817228 VLLM::Worker_TP
 734178 2221932 ray::AgentLoopW
 734172 2118756 ray::AgentLoopW
 734173 2106556 ray::AgentLoopW
== 2026-09-05T23:33:15+09:00
Mem:            1007         709         292         369         379         297
    PID   RSS COMMAND
 717289 87706112 VLLM::Worker
 717290 87701888 VLLM::Worker
 717291 87688500 VLLM::Worker
 717292 87674280 VLLM::Worker
 637392 63971124 ray::WorkerDict
 637394 63783180 ray::WorkerDict
 637393 63664484 ray::WorkerDict
 637395 63559108 ray::WorkerDict
1317539 4820296 VLLM::Worker_TP
1317538 4817228 VLLM::Worker_TP
 734178 2221932 ray::AgentLoopW
 734172 2118756 ray::AgentLoopW
 734173 2106556 ray::AgentLoopW
== 2026-09-05T23:33:35+09:00
Mem:            1007         709         292         369         379         297
    PID   RSS COMMAND
 717289 87706112 VLLM::Worker
 717290 87701888 VLLM::Worker
 717291 87688500 VLLM::Worker
 717292 87674280 VLLM::Worker
 637392 63971124 ray::WorkerDict
 637394 63783180 ray::WorkerDict
 637393 63664484 ray::WorkerDict
 637395 63559108 ray::WorkerDict
1317539 4820296 VLLM::Worker_TP
1317538 4817228 VLLM::Worker_TP
 734178 2221932 ray::AgentLoopW
 734172 2118756 ray::AgentLoopW
 734173 2106556 ray::AgentLoopW
== 2026-09-05T23:33:55+09:00
Mem:            1007         709         292         369         379         297
    PID   RSS COMMAND
 717289 87706112 VLLM::Worker
 717290 87700864 VLLM::Worker
 717291 87688500 VLLM::Worker
 717292 87674280 VLLM::Worker
 637392 63971124 ray::WorkerDict
 637394 63783180 ray::WorkerDict
 637393 63664484 ray::WorkerDict
 637395 63559108 ray::WorkerDict
1317539 4820296 VLLM::Worker_TP
1317538 4817228 VLLM::Worker_TP
 734178 2221932 ray::AgentLoopW
 734172 2118756 ray::AgentLoopW
 734173 2106556 ray::AgentLoopW
== 2026-09-05T23:34:15+09:00
Mem:            1007         709         292         369         379         297
    PID   RSS COMMAND
 717289 87706112 VLLM::Worker
 717290 87700864 VLLM::Worker
 717291 87688500 VLLM::Worker
 717292 87674280 VLLM::Worker
 637392 63971124 ray::WorkerDict
 637394 63783180 ray::WorkerDict
 637393 63664484 ray::WorkerDict
 637395 63559108 ray::WorkerDict
1317539 4818424 VLLM::Worker_TP
1317538 4815192 VLLM::Worker_TP
 734178 2221932 ray::AgentLoopW
 734172 2118756 ray::AgentLoopW
 734173 2106556 ray::AgentLoopW
== 2026-09-05T23:34:35+09:00
Mem:            1007         709         292         369         379         297
    PID   RSS COMMAND
 717289 87706112 VLLM::Worker
 717290 87700864 VLLM::Worker
 717291 87688500 VLLM::Worker
 717292 87674280 VLLM::Worker
 637392 63971124 ray::WorkerDict
 637394 63783180 ray::WorkerDict
 637393 63664484 ray::WorkerDict
 637395 63559108 ray::WorkerDict
1317539 4817656 VLLM::Worker_TP
1317538 4814424 VLLM::Worker_TP
 734178 2221932 ray::AgentLoopW
 734172 2118756 ray::AgentLoopW
 734173 2106556 ray::AgentLoopW
== 2026-09-05T23:34:55+09:00
Mem:            1007         709         292         369         379         297
    PID   RSS COMMAND
 717289 87706112 VLLM::Worker
 717290 87700864 VLLM::Worker
 717291 87686772 VLLM::Worker
 717292 87674280 VLLM::Worker
 637392 63971124 ray::WorkerDict
 637394 63783180 ray::WorkerDict
 637393 63664484 ray::WorkerDict
 637395 63559108 ray::WorkerDict
1317539 4817656 VLLM::Worker_TP
1317538 4814424 VLLM::Worker_TP
 734178 2221932 ray::AgentLoopW
 734172 2118756 ray::AgentLoopW
 734173 2106556 ray::AgentLoopW
== 2026-09-05T23:35:15+09:00
Mem:            1007         481         520         369         379         526
    PID   RSS COMMAND
 717289 87705160 VLLM::Worker
 717290 87700864 VLLM::Worker
 717291 87686772 VLLM::Worker
 717292 87674280 VLLM::Worker
1317539 4817656 VLLM::Worker_TP
1317538 4814424 VLLM::Worker_TP
 637392 4179672 ray::WorkerDict
 637394 4021368 ray::WorkerDict
 637393 3985296 ray::WorkerDict
 637395 3933680 ray::WorkerDict
 734178 2221932 ray::AgentLoopW
 734172 2118756 ray::AgentLoopW
 734173 2106556 ray::AgentLoopW
== 2026-09-05T23:35:36+09:00
Mem:            1007         481         520         369         379         526
    PID   RSS COMMAND
 717289 87705160 VLLM::Worker
 717290 87700864 VLLM::Worker
 717291 87686772 VLLM::Worker
 717292 87674280 VLLM::Worker
1317539 4817656 VLLM::Worker_TP
1317538 4814424 VLLM::Worker_TP
 637392 4180440 ray::WorkerDict
 637394 4022136 ray::WorkerDict
 637393 3986064 ray::WorkerDict
 637395 3933680 ray::WorkerDict
 734178 2221932 ray::AgentLoopW
 734172 2118756 ray::AgentLoopW
 734173 2106556 ray::AgentLoopW
== 2026-09-05T23:35:56+09:00
Mem:            1007         481         520         369         379         526
    PID   RSS COMMAND
 717289 87705160 VLLM::Worker
 717290 87700864 VLLM::Worker
 717291 87686772 VLLM::Worker
 717292 87674280 VLLM::Worker
1317539 4817656 VLLM::Worker_TP
1317538 4814424 VLLM::Worker_TP
 637392 4180440 ray::WorkerDict
 637394 4022136 ray::WorkerDict
 637393 3986064 ray::WorkerDict
 637395 3933680 ray::WorkerDict
 734178 2221932 ray::AgentLoopW
 734172 2118756 ray::AgentLoopW
 734173 2106556 ray::AgentLoopW
== 2026-09-05T23:36:16+09:00
Mem:            1007         481         520         369         379         526
    PID   RSS COMMAND
 717289 87705160 VLLM::Worker
 717290 87700864 VLLM::Worker
 717291 87686772 VLLM::Worker
 717292 87674280 VLLM::Worker
1317539 4817656 VLLM::Worker_TP
1317538 4814424 VLLM::Worker_TP
 637392 4180440 ray::WorkerDict
 637394 4022136 ray::WorkerDict
 637393 3986064 ray::WorkerDict
 637395 3933680 ray::WorkerDict
 734178 2221932 ray::AgentLoopW
 734172 2118756 ray::AgentLoopW
 734173 2106556 ray::AgentLoopW
== 2026-09-05T23:36:36+09:00
Mem:            1007         481         520         369         379         525
    PID   RSS COMMAND
 717289 87705160 VLLM::Worker
 717290 87700864 VLLM::Worker
 717291 87686772 VLLM::Worker
 717292 87674280 VLLM::Worker
1317539 4817656 VLLM::Worker_TP
1317538 4814424 VLLM::Worker_TP
 637392 4181552 ray::WorkerDict
 637394 4026128 ray::WorkerDict
 637393 3990460 ray::WorkerDict
 637395 3936204 ray::WorkerDict
 734178 2221932 ray::AgentLoopW
 734172 2118756 ray::AgentLoopW
 734173 2106556 ray::AgentLoopW
== 2026-09-05T23:36:56+09:00
Mem:            1007         481         520         369         379         525
    PID   RSS COMMAND
 717289 87705160 VLLM::Worker
 717290 87700864 VLLM::Worker
 717291 87686772 VLLM::Worker
 717292 87674280 VLLM::Worker
1317539 4817656 VLLM::Worker_TP
1317538 4814424 VLLM::Worker_TP
 637392 4181552 ray::WorkerDict
 637394 4026128 ray::WorkerDict
 637393 3990460 ray::WorkerDict
 637395 3936204 ray::WorkerDict
 734178 2221932 ray::AgentLoopW
 734172 2118756 ray::AgentLoopW
 734173 2106556 ray::AgentLoopW
== 2026-09-05T23:37:16+09:00
Mem:            1007         481         520         369         379         526
    PID   RSS COMMAND
 717289 87705160 VLLM::Worker
 717290 87700864 VLLM::Worker
 717291 87686772 VLLM::Worker
 717292 87674280 VLLM::Worker
1317539 4817656 VLLM::Worker_TP
1317538 4814424 VLLM::Worker_TP
 637392 4181552 ray::WorkerDict
 637394 4026128 ray::WorkerDict
 637393 3990460 ray::WorkerDict
 637395 3936204 ray::WorkerDict
 734178 2221932 ray::AgentLoopW
 734172 2118756 ray::AgentLoopW
 734173 2106556 ray::AgentLoopW
== 2026-09-05T23:37:36+09:00
Mem:            1007         481         520         369         379         526
    PID   RSS COMMAND
 717289 87705160 VLLM::Worker
 717290 87700864 VLLM::Worker
 717291 87686772 VLLM::Worker
 717292 87674280 VLLM::Worker
1317539 4817656 VLLM::Worker_TP
1317538 4814424 VLLM::Worker_TP
 637392 4181552 ray::WorkerDict
 637394 4026128 ray::WorkerDict
 637393 3990460 ray::WorkerDict
 637395 3936204 ray::WorkerDict
 734178 2221932 ray::AgentLoopW
 734172 2118756 ray::AgentLoopW
 734173 2106556 ray::AgentLoopW
== 2026-09-05T23:37:56+09:00
Mem:            1007         481         520         369         379         526
    PID   RSS COMMAND
 717289 87705160 VLLM::Worker
 717290 87700864 VLLM::Worker
 717291 87686772 VLLM::Worker
 717292 87674280 VLLM::Worker
1317539 4817656 VLLM::Worker_TP
1317538 4814424 VLLM::Worker_TP
 637392 4181552 ray::WorkerDict
 637394 4026128 ray::WorkerDict
 637393 3990460 ray::WorkerDict
 637395 3936204 ray::WorkerDict
 734178 2221932 ray::AgentLoopW
 734172 2118756 ray::AgentLoopW
 734173 2106556 ray::AgentLoopW
== 2026-09-05T23:38:16+09:00
Mem:            1007         481         520         369         379         525
    PID   RSS COMMAND
 717289 87705160 VLLM::Worker
 717290 87700864 VLLM::Worker
 717291 87686772 VLLM::Worker
 717292 87674280 VLLM::Worker
1317539 4817656 VLLM::Worker_TP
1317538 4814424 VLLM::Worker_TP
 637392 4181552 ray::WorkerDict
 637394 4026128 ray::WorkerDict
 637393 3990460 ray::WorkerDict
 637395 3936204 ray::WorkerDict
 734178 2221932 ray::AgentLoopW
 734172 2118756 ray::AgentLoopW
 734173 2106556 ray::AgentLoopW
== 2026-09-05T23:38:36+09:00
Mem:            1007         481         520         369         379         525
    PID   RSS COMMAND
 717289 87705160 VLLM::Worker
 717290 87700864 VLLM::Worker
 717291 87686772 VLLM::Worker
 717292 87674280 VLLM::Worker
1317539 4817656 VLLM::Worker_TP
1317538 4814424 VLLM::Worker_TP
 637392 4181552 ray::WorkerDict
 637394 4026128 ray::WorkerDict
 637393 3990460 ray::WorkerDict
 637395 3936204 ray::WorkerDict
 734178 2221932 ray::AgentLoopW
 734172 2118756 ray::AgentLoopW
 734173 2106556 ray::AgentLoopW
== 2026-09-05T23:38:56+09:00
Mem:            1007         481         520         369         379         525
    PID   RSS COMMAND
 717289 87705160 VLLM::Worker
 717290 87700864 VLLM::Worker
 717291 87686772 VLLM::Worker
 717292 87674280 VLLM::Worker
1317539 4817656 VLLM::Worker_TP
1317538 4814424 VLLM::Worker_TP
 637392 4181552 ray::WorkerDict
 637394 4026128 ray::WorkerDict
 637393 3990460 ray::WorkerDict
 637395 3936204 ray::WorkerDict
 734178 2221932 ray::AgentLoopW
 734172 2118756 ray::AgentLoopW
 734173 2106556 ray::AgentLoopW
== 2026-09-05T23:39:16+09:00
Mem:            1007         481         520         369         379         525
    PID   RSS COMMAND
 717289 87705160 VLLM::Worker
 717290 87700864 VLLM::Worker
 717291 87686772 VLLM::Worker
 717292 87674280 VLLM::Worker
1317539 4817656 VLLM::Worker_TP
1317538 4814424 VLLM::Worker_TP
 637392 4181552 ray::WorkerDict
 637394 4026128 ray::WorkerDict
 637393 3990460 ray::WorkerDict
 637395 3936204 ray::WorkerDict
 734178 2221932 ray::AgentLoopW
 734172 2118756 ray::AgentLoopW
 734173 2106556 ray::AgentLoopW
== 2026-09-05T23:39:36+09:00
Mem:            1007         481         520         369         379         525
    PID   RSS COMMAND
 717289 87705160 VLLM::Worker
 717290 87700864 VLLM::Worker
 717291 87686772 VLLM::Worker
 717292 87674280 VLLM::Worker
1317539 4817656 VLLM::Worker_TP
1317538 4814424 VLLM::Worker_TP
 637392 4181552 ray::WorkerDict
 637394 4026128 ray::WorkerDict
 637393 3990460 ray::WorkerDict
 637395 3936204 ray::WorkerDict
 734178 2221932 ray::AgentLoopW
 734172 2118756 ray::AgentLoopW
 734173 2106556 ray::AgentLoopW
== 2026-09-05T23:39:56+09:00
Mem:            1007         481         520         369         379         525
    PID   RSS COMMAND
 717289 87705160 VLLM::Worker
 717290 87700864 VLLM::Worker
 717291 87686772 VLLM::Worker
 717292 87674280 VLLM::Worker
1317539 4817656 VLLM::Worker_TP
1317538 4814424 VLLM::Worker_TP
 637392 4181552 ray::WorkerDict
 637394 4026128 ray::WorkerDict
 637393 3990460 ray::WorkerDict
 637395 3936204 ray::WorkerDict
 734178 2221932 ray::AgentLoopW
 734172 2118756 ray::AgentLoopW
 734173 2106556 ray::AgentLoopW
== 2026-09-05T23:40:16+09:00
Mem:            1007         481         520         369         379         526
    PID   RSS COMMAND
 717289 87705160 VLLM::Worker
 717290 87700864 VLLM::Worker
 717291 87686772 VLLM::Worker
 717292 87674280 VLLM::Worker
1317539 4817656 VLLM::Worker_TP
1317538 4814424 VLLM::Worker_TP
 637392 4181552 ray::WorkerDict
 637394 4026128 ray::WorkerDict
 637393 3990460 ray::WorkerDict
 637395 3936204 ray::WorkerDict
 734178 2221932 ray::AgentLoopW
 734172 2118756 ray::AgentLoopW
 734173 2106556 ray::AgentLoopW
== 2026-09-05T23:40:36+09:00
Mem:            1007         481         520         369         379         526
    PID   RSS COMMAND
 717289 87705160 VLLM::Worker
 717290 87700864 VLLM::Worker
 717291 87686772 VLLM::Worker
 717292 87674280 VLLM::Worker
1317539 4817656 VLLM::Worker_TP
1317538 4815192 VLLM::Worker_TP
 637392 4181552 ray::WorkerDict
 637394 4026128 ray::WorkerDict
 637393 3990460 ray::WorkerDict
 637395 3936204 ray::WorkerDict
 734178 2221932 ray::AgentLoopW
 734172 2118756 ray::AgentLoopW
 734173 2106556 ray::AgentLoopW
== 2026-09-05T23:40:56+09:00
Mem:            1007         481         520         369         379         526
    PID   RSS COMMAND
 717289 87705160 VLLM::Worker
 717290 87700864 VLLM::Worker
 717291 87686772 VLLM::Worker
 717292 87674280 VLLM::Worker
1317539 4828408 VLLM::Worker_TP
1317538 4825176 VLLM::Worker_TP
 637392 4181552 ray::WorkerDict
 637394 4026128 ray::WorkerDict
 637393 3990460 ray::WorkerDict
 637395 3936204 ray::WorkerDict
 734178 2221932 ray::AgentLoopW
 734172 2118756 ray::AgentLoopW
 734173 2106556 ray::AgentLoopW
== 2026-09-05T23:41:16+09:00
Mem:            1007         481         520         369         379         526
    PID   RSS COMMAND
 717289 87705160 VLLM::Worker
 717290 87700864 VLLM::Worker
 717291 87686772 VLLM::Worker
 717292 87674280 VLLM::Worker
1317539 4828408 VLLM::Worker_TP
1317538 4825176 VLLM::Worker_TP
 637392 4181552 ray::WorkerDict
 637394 4026128 ray::WorkerDict
 637393 3990460 ray::WorkerDict
 637395 3936204 ray::WorkerDict
 734178 2221932 ray::AgentLoopW
 734172 2118756 ray::AgentLoopW
 734173 2106556 ray::AgentLoopW
== 2026-09-05T23:41:36+09:00
Mem:            1007         481         521         369         379         526
    PID   RSS COMMAND
 717289 87705160 VLLM::Worker
 717290 87700864 VLLM::Worker
 717291 87686772 VLLM::Worker
 717292 87674280 VLLM::Worker
1317539 4828408 VLLM::Worker_TP
1317538 4825176 VLLM::Worker_TP
 637392 4183088 ray::WorkerDict
 637393 3991228 ray::WorkerDict
 637394 3978832 ray::WorkerDict
 637395 3936972 ray::WorkerDict
 734178 2221932 ray::AgentLoopW
 734172 2118756 ray::AgentLoopW
 734173 2106556 ray::AgentLoopW
== 2026-09-05T23:41:56+09:00
Mem:            1007         614         387         369         379         392
    PID   RSS COMMAND
 717289 87705160 VLLM::Worker
 717290 87700864 VLLM::Worker
 717291 87686772 VLLM::Worker
 717292 87674280 VLLM::Worker
 637392 39198500 ray::WorkerDict
 637393 39002512 ray::WorkerDict
 637394 38998276 ray::WorkerDict
 637395 38953096 ray::WorkerDict
1317539 4828408 VLLM::Worker_TP
1317538 4825176 VLLM::Worker_TP
 734178 2221932 ray::AgentLoopW
 734172 2118756 ray::AgentLoopW
 734173 2106556 ray::AgentLoopW
== 2026-09-05T23:42:16+09:00
Mem:            1007         710         292         369         379         297
    PID   RSS COMMAND
 717289 87705160 VLLM::Worker
 717290 87700864 VLLM::Worker
 717291 87686772 VLLM::Worker
 717292 87674280 VLLM::Worker
 637392 64098080 ray::WorkerDict
 637393 63975900 ray::WorkerDict
 637394 63927240 ray::WorkerDict
 637395 63574300 ray::WorkerDict
1317539 4828408 VLLM::Worker_TP
1317538 4825176 VLLM::Worker_TP
 734178 2221932 ray::AgentLoopW
 734172 2119524 ray::AgentLoopW
 734173 2106556 ray::AgentLoopW
== 2026-09-05T23:42:36+09:00
Mem:            1007         710         291         369         379         296
    PID   RSS COMMAND
 717289 87705160 VLLM::Worker
 717290 87700864 VLLM::Worker
 717291 87686772 VLLM::Worker
 717292 87674280 VLLM::Worker
 637395 64276776 ray::WorkerDict
 637394 64202196 ray::WorkerDict
 637392 64144160 ray::WorkerDict
 637393 63933988 ray::WorkerDict
1317539 4828408 VLLM::Worker_TP
1317538 4825176 VLLM::Worker_TP
 734178 2221932 ray::AgentLoopW
 734172 2119524 ray::AgentLoopW
 734173 2106556 ray::AgentLoopW
== 2026-09-05T23:42:56+09:00
Mem:            1007         709         292         369         379         297
    PID   RSS COMMAND
 717289 87705160 VLLM::Worker
 717290 87700864 VLLM::Worker
 717291 87686772 VLLM::Worker
 717292 87674280 VLLM::Worker
 637394 63857240 ray::WorkerDict
 637392 63816240 ray::WorkerDict
 637393 63804876 ray::WorkerDict
 637395 63570464 ray::WorkerDict
1317539 4828408 VLLM::Worker_TP
1317538 4825176 VLLM::Worker_TP
 734173 2230204 ray::AgentLoopW
 734178 2221932 ray::AgentLoopW
 734172 2119524 ray::AgentLoopW
== 2026-09-05T23:43:16+09:00
Mem:            1007         709         292         369         379         297
    PID   RSS COMMAND
 717289 87705160 VLLM::Worker
 717290 87703936 VLLM::Worker
 717291 87686772 VLLM::Worker
 717292 87674280 VLLM::Worker
 637394 63857240 ray::WorkerDict
 637392 63816240 ray::WorkerDict
 637393 63804876 ray::WorkerDict
 637395 63570464 ray::WorkerDict
1317539 4828408 VLLM::Worker_TP
1317538 4825176 VLLM::Worker_TP
 734173 2283196 ray::AgentLoopW
 734178 2221932 ray::AgentLoopW
 734172 2119524 ray::AgentLoopW
== 2026-09-05T23:43:36+09:00
Mem:            1007         710         291         369         379         297
    PID   RSS COMMAND
 717289 87705160 VLLM::Worker
 717290 87702620 VLLM::Worker
 717291 87686772 VLLM::Worker
 717292 87674280 VLLM::Worker
 637394 63850328 ray::WorkerDict
 637392 63809328 ray::WorkerDict
 637393 63798732 ray::WorkerDict
 637395 63563552 ray::WorkerDict
1317539 4828408 VLLM::Worker_TP
1317538 4825176 VLLM::Worker_TP
 734173 2283196 ray::AgentLoopW
 734178 2221932 ray::AgentLoopW
 734172 2119524 ray::AgentLoopW
== 2026-09-05T23:43:56+09:00
Mem:            1007         709         291         369         379         297
    PID   RSS COMMAND
 717289 87705160 VLLM::Worker
 717290 87702620 VLLM::Worker
 717291 87686772 VLLM::Worker
 717292 87674280 VLLM::Worker
 637394 63850328 ray::WorkerDict
 637392 63809328 ray::WorkerDict
 637393 63798732 ray::WorkerDict
 637395 63563552 ray::WorkerDict
1317539 4828408 VLLM::Worker_TP
1317538 4825176 VLLM::Worker_TP
 734173 2283196 ray::AgentLoopW
 734178 2221932 ray::AgentLoopW
 734172 2119524 ray::AgentLoopW
== 2026-09-05T23:44:16+09:00
Mem:            1007         710         291         369         379         297
    PID   RSS COMMAND
 717289 87705160 VLLM::Worker
 717290 87702620 VLLM::Worker
 717291 87686772 VLLM::Worker
 717292 87674280 VLLM::Worker
 637394 63850328 ray::WorkerDict
 637392 63809328 ray::WorkerDict
 637393 63798732 ray::WorkerDict
 637395 63563552 ray::WorkerDict
1317539 4828408 VLLM::Worker_TP
1317538 4825176 VLLM::Worker_TP
 734173 2283196 ray::AgentLoopW
 734178 2221932 ray::AgentLoopW
 734172 2119524 ray::AgentLoopW
== 2026-09-05T23:44:36+09:00
Mem:            1007         710         291         369         379         297
    PID   RSS COMMAND
 717289 87705160 VLLM::Worker
 717290 87702620 VLLM::Worker
 717291 87686772 VLLM::Worker
 717292 87674280 VLLM::Worker
 637394 63850328 ray::WorkerDict
 637392 63809328 ray::WorkerDict
 637393 63798732 ray::WorkerDict
 637395 63563552 ray::WorkerDict
1317539 4828408 VLLM::Worker_TP
1317538 4825176 VLLM::Worker_TP
 734173 2283196 ray::AgentLoopW
 734178 2221932 ray::AgentLoopW
 734172 2119524 ray::AgentLoopW
== 2026-09-05T23:44:57+09:00
Mem:            1007         710         291         369         379         297
    PID   RSS COMMAND
 717289 87705160 VLLM::Worker
 717290 87702620 VLLM::Worker
 717291 87686772 VLLM::Worker
 717292 87674280 VLLM::Worker
 637394 63850328 ray::WorkerDict
 637392 63809328 ray::WorkerDict
 637393 63798732 ray::WorkerDict
 637395 63563552 ray::WorkerDict
1317539 4828408 VLLM::Worker_TP
1317538 4825176 VLLM::Worker_TP
 734173 2283196 ray::AgentLoopW
 734178 2221932 ray::AgentLoopW
 734172 2119524 ray::AgentLoopW
== 2026-09-05T23:45:17+09:00
Mem:            1007         710         291         369         379         297
    PID   RSS COMMAND
 717289 87705160 VLLM::Worker
 717290 87702620 VLLM::Worker
 717291 87686772 VLLM::Worker
 717292 87674280 VLLM::Worker
 637394 63850328 ray::WorkerDict
 637392 63809328 ray::WorkerDict
 637393 63798732 ray::WorkerDict
 637395 63563552 ray::WorkerDict
1317539 4828408 VLLM::Worker_TP
1317538 4825176 VLLM::Worker_TP
 734173 2283196 ray::AgentLoopW
 734178 2221932 ray::AgentLoopW
 734172 2119524 ray::AgentLoopW
== 2026-09-05T23:45:37+09:00
Mem:            1007         710         291         369         379         297
    PID   RSS COMMAND
 717289 87705160 VLLM::Worker
 717290 87702620 VLLM::Worker
 717291 87686772 VLLM::Worker
 717292 87674280 VLLM::Worker
 637394 63850328 ray::WorkerDict
 637392 63809328 ray::WorkerDict
 637393 63798732 ray::WorkerDict
 637395 63563552 ray::WorkerDict
1317539 4828408 VLLM::Worker_TP
1317538 4825176 VLLM::Worker_TP
 734173 2283196 ray::AgentLoopW
 734178 2221932 ray::AgentLoopW
 734172 2119524 ray::AgentLoopW
== 2026-09-05T23:45:57+09:00
Mem:            1007         709         291         369         379         297
    PID   RSS COMMAND
 717289 87705160 VLLM::Worker
 717290 87701068 VLLM::Worker
 717291 87686772 VLLM::Worker
 717292 87674280 VLLM::Worker
 637394 63850328 ray::WorkerDict
 637392 63809328 ray::WorkerDict
 637393 63798732 ray::WorkerDict
 637395 63563552 ray::WorkerDict
1317539 4828408 VLLM::Worker_TP
1317538 4825176 VLLM::Worker_TP
 734173 2283196 ray::AgentLoopW
 734178 2221932 ray::AgentLoopW
 734172 2119524 ray::AgentLoopW
== 2026-09-05T23:46:17+09:00
Mem:            1007         481         519         369         379         525
    PID   RSS COMMAND
 717289 87705160 VLLM::Worker
 717290 87701068 VLLM::Worker
 717291 87686772 VLLM::Worker
 717292 87674280 VLLM::Worker
1317539 4828408 VLLM::Worker_TP
1317538 4825176 VLLM::Worker_TP
 637392 4178428 ray::WorkerDict
 637394 4015360 ray::WorkerDict
 637393 3980236 ray::WorkerDict
 637395 3932900 ray::WorkerDict
 734173 2283196 ray::AgentLoopW
 734178 2221932 ray::AgentLoopW
 734172 2119524 ray::AgentLoopW
== 2026-09-05T23:46:37+09:00
Mem:            1007         481         519         369         379         525
    PID   RSS COMMAND
 717289 87705160 VLLM::Worker
 717290 87701068 VLLM::Worker
 717291 87686772 VLLM::Worker
 717292 87674280 VLLM::Worker
1317539 4828408 VLLM::Worker_TP
1317538 4825176 VLLM::Worker_TP
 637392 4178428 ray::WorkerDict
 637394 4015360 ray::WorkerDict
 637393 3980236 ray::WorkerDict
 637395 3932900 ray::WorkerDict
 734173 2283196 ray::AgentLoopW
 734178 2221932 ray::AgentLoopW
 734172 2119524 ray::AgentLoopW
== 2026-09-05T23:46:57+09:00
Mem:            1007         481         519         369         379         525
    PID   RSS COMMAND
 717289 87705160 VLLM::Worker
 717290 87701068 VLLM::Worker
 717291 87686772 VLLM::Worker
 717292 87674280 VLLM::Worker
1317539 4828408 VLLM::Worker_TP
1317538 4825176 VLLM::Worker_TP
 637392 4181356 ray::WorkerDict
 637394 4017860 ray::WorkerDict
 637393 3982088 ray::WorkerDict
 637395 3934256 ray::WorkerDict
 734173 2283196 ray::AgentLoopW
 734178 2221932 ray::AgentLoopW
 734172 2119524 ray::AgentLoopW
== 2026-09-05T23:47:17+09:00
Mem:            1007         481         519         369         379         525
    PID   RSS COMMAND
 717289 87705160 VLLM::Worker
 717290 87701068 VLLM::Worker
 717291 87686772 VLLM::Worker
 717292 87674280 VLLM::Worker
1317539 4828408 VLLM::Worker_TP
1317538 4825176 VLLM::Worker_TP
 637392 4181356 ray::WorkerDict
 637394 4017860 ray::WorkerDict
 637393 3982088 ray::WorkerDict
 637395 3934256 ray::WorkerDict
 734173 2283196 ray::AgentLoopW
 734178 2221932 ray::AgentLoopW
 734172 2119524 ray::AgentLoopW
== 2026-09-05T23:47:37+09:00
Mem:            1007         481         519         369         379         525
    PID   RSS COMMAND
 717289 87705160 VLLM::Worker
 717290 87701068 VLLM::Worker
 717291 87686772 VLLM::Worker
 717292 87674280 VLLM::Worker
1317539 4828408 VLLM::Worker_TP
1317538 4825176 VLLM::Worker_TP
 637392 4181356 ray::WorkerDict
 637394 4017860 ray::WorkerDict
 637393 3982088 ray::WorkerDict
 637395 3934256 ray::WorkerDict
 734173 2283196 ray::AgentLoopW
 734178 2221932 ray::AgentLoopW
 734172 2119524 ray::AgentLoopW
== 2026-09-05T23:47:57+09:00
Mem:            1007         481         519         369         379         525
    PID   RSS COMMAND
 717289 87705160 VLLM::Worker
 717290 87701068 VLLM::Worker
 717291 87686772 VLLM::Worker
 717292 87674280 VLLM::Worker
1317539 4828408 VLLM::Worker_TP
1317538 4825176 VLLM::Worker_TP
 637392 4181356 ray::WorkerDict
 637394 4017860 ray::WorkerDict
 637393 3982088 ray::WorkerDict
 637395 3934256 ray::WorkerDict
 734173 2283196 ray::AgentLoopW
 734178 2221932 ray::AgentLoopW
 734172 2119524 ray::AgentLoopW
== 2026-09-05T23:48:17+09:00
Mem:            1007         481         519         369         379         525
    PID   RSS COMMAND
 717289 87705160 VLLM::Worker
 717290 87701068 VLLM::Worker
 717291 87686772 VLLM::Worker
 717292 87674280 VLLM::Worker
1317539 4828408 VLLM::Worker_TP
1317538 4825176 VLLM::Worker_TP
 637392 4181356 ray::WorkerDict
 637394 4017860 ray::WorkerDict
 637393 3982088 ray::WorkerDict
 637395 3934256 ray::WorkerDict
 734173 2283196 ray::AgentLoopW
 734178 2221932 ray::AgentLoopW
 734172 2119524 ray::AgentLoopW
== 2026-09-05T23:48:37+09:00
Mem:            1007         481         519         369         379         525
    PID   RSS COMMAND
 717289 87705160 VLLM::Worker
 717290 87701068 VLLM::Worker
 717291 87686772 VLLM::Worker
 717292 87674280 VLLM::Worker
1317539 4828408 VLLM::Worker_TP
1317538 4825176 VLLM::Worker_TP
 637392 4182124 ray::WorkerDict
 637394 4017860 ray::WorkerDict
 637393 3982856 ray::WorkerDict
 637395 3935024 ray::WorkerDict
 734173 2283196 ray::AgentLoopW
 734178 2221932 ray::AgentLoopW
 734172 2119524 ray::AgentLoopW
== 2026-09-05T23:48:57+09:00
Mem:            1007         481         519         369         379         525
    PID   RSS COMMAND
 717289 87705160 VLLM::Worker
 717290 87701068 VLLM::Worker
 717291 87686772 VLLM::Worker
 717292 87674280 VLLM::Worker
1317539 4828408 VLLM::Worker_TP
1317538 4825176 VLLM::Worker_TP
 637392 4182124 ray::WorkerDict
 637394 4017860 ray::WorkerDict
 637393 3982856 ray::WorkerDict
 637395 3935024 ray::WorkerDict
 734173 2283196 ray::AgentLoopW
 734178 2221932 ray::AgentLoopW
 734172 2119524 ray::AgentLoopW
== 2026-09-05T23:49:17+09:00
Mem:            1007         481         519         369         379         525
    PID   RSS COMMAND
 717289 87705160 VLLM::Worker
 717290 87701068 VLLM::Worker
 717291 87686772 VLLM::Worker
 717292 87674280 VLLM::Worker
1317539 4828408 VLLM::Worker_TP
1317538 4825176 VLLM::Worker_TP
 637392 4182124 ray::WorkerDict
 637394 4017860 ray::WorkerDict
 637393 3982856 ray::WorkerDict
 637395 3935024 ray::WorkerDict
 734173 2283196 ray::AgentLoopW
 734178 2221932 ray::AgentLoopW
 734172 2119524 ray::AgentLoopW
== 2026-09-05T23:49:37+09:00
Mem:            1007         481         519         369         379         525
    PID   RSS COMMAND
 717289 87705160 VLLM::Worker
 717290 87701068 VLLM::Worker
 717291 87686772 VLLM::Worker
 717292 87674280 VLLM::Worker
1317539 4828408 VLLM::Worker_TP
1317538 4825176 VLLM::Worker_TP
 637392 4182124 ray::WorkerDict
 637394 4017860 ray::WorkerDict
 637393 3983624 ray::WorkerDict
 637395 3935024 ray::WorkerDict
 734173 2283196 ray::AgentLoopW
 734178 2221932 ray::AgentLoopW
 734172 2119524 ray::AgentLoopW
== 2026-09-05T23:49:57+09:00
Mem:            1007         481         519         369         379         525
    PID   RSS COMMAND
 717289 87705160 VLLM::Worker
 717290 87701068 VLLM::Worker
 717291 87686772 VLLM::Worker
 717292 87674280 VLLM::Worker
1317539 4828408 VLLM::Worker_TP
1317538 4825176 VLLM::Worker_TP
 637392 4182124 ray::WorkerDict
 637393 3983624 ray::WorkerDict
 637394 3975620 ray::WorkerDict
 637395 3935792 ray::WorkerDict
 734173 2283196 ray::AgentLoopW
 734178 2221932 ray::AgentLoopW
 734172 2119524 ray::AgentLoopW
== 2026-09-05T23:50:17+09:00
Mem:            1007         621         380         369         379         386
    PID   RSS COMMAND
 717289 87705160 VLLM::Worker
 717290 87701068 VLLM::Worker
 717291 87686772 VLLM::Worker
 717292 87674280 VLLM::Worker
 637392 40691592 ray::WorkerDict
 637393 40492652 ray::WorkerDict
 637394 40484892 ray::WorkerDict
 637395 40444852 ray::WorkerDict
1317539 4828408 VLLM::Worker_TP
1317538 4825176 VLLM::Worker_TP
 734173 2283196 ray::AgentLoopW
 734178 2221932 ray::AgentLoopW
 734172 2119524 ray::AgentLoopW
== 2026-09-05T23:50:37+09:00
Mem:            1007         711         290         369         379         296
    PID   RSS COMMAND
 717289 87705160 VLLM::Worker
 717290 87701068 VLLM::Worker
 717291 87686772 VLLM::Worker
 717292 87674280 VLLM::Worker
 637394 64279264 ray::WorkerDict
 637395 64241016 ray::WorkerDict
 637392 64092908 ray::WorkerDict
 637393 63942584 ray::WorkerDict
1317539 4828408 VLLM::Worker_TP
1317538 4825176 VLLM::Worker_TP
 734173 2283196 ray::AgentLoopW
 734178 2221932 ray::AgentLoopW
 734172 2119524 ray::AgentLoopW
== 2026-09-05T23:50:57+09:00
Mem:            1007         711         290         369         379         296
    PID   RSS COMMAND
 717289 87705160 VLLM::Worker
 717290 87701068 VLLM::Worker
 717291 87686772 VLLM::Worker
 717292 87674280 VLLM::Worker
 637393 64403384 ray::WorkerDict
 637394 64285408 ray::WorkerDict
 637395 63980672 ray::WorkerDict
 637392 63885316 ray::WorkerDict
1317539 4828408 VLLM::Worker_TP
1317538 4825176 VLLM::Worker_TP
 734173 2283196 ray::AgentLoopW
 734178 2221932 ray::AgentLoopW
 734172 2119524 ray::AgentLoopW
== 2026-09-05T23:51:17+09:00
Mem:            1007         710         290         369         379         296
    PID   RSS COMMAND
 717289 87705160 VLLM::Worker
 717290 87700064 VLLM::Worker
 717291 87686772 VLLM::Worker
 717292 87674280 VLLM::Worker
 637392 63962896 ray::WorkerDict
 637395 63831184 ray::WorkerDict
 637393 63721356 ray::WorkerDict
 637394 63706980 ray::WorkerDict
1317539 4828408 VLLM::Worker_TP
1317538 4825176 VLLM::Worker_TP
 734178 2416236 ray::AgentLoopW
 734173 2302396 ray::AgentLoopW
 734176 2207276 ray::AgentLoopW
== 2026-09-05T23:51:37+09:00
Mem:            1007         710         290         369         379         296
    PID   RSS COMMAND
 717289 87710536 VLLM::Worker
 717290 87706976 VLLM::Worker
 717291 87687540 VLLM::Worker
 717292 87675816 VLLM::Worker
 637392 63962896 ray::WorkerDict
 637395 63831184 ray::WorkerDict
 637393 63721356 ray::WorkerDict
 637394 63706980 ray::WorkerDict
1317539 4828408 VLLM::Worker_TP
1317538 4825176 VLLM::Worker_TP
 734178 2416236 ray::AgentLoopW
 734173 2302396 ray::AgentLoopW
 734176 2207276 ray::AgentLoopW
== 2026-09-05T23:51:57+09:00
Mem:            1007         711         290         369         380         296
    PID   RSS COMMAND
 717289 87710536 VLLM::Worker
 717290 87706188 VLLM::Worker
 717291 87689076 VLLM::Worker
 717292 87676584 VLLM::Worker
 637392 63962896 ray::WorkerDict
 637395 63831184 ray::WorkerDict
 637393 63721356 ray::WorkerDict
 637394 63706980 ray::WorkerDict
1317539 4828408 VLLM::Worker_TP
1317538 4825176 VLLM::Worker_TP
 734178 2416236 ray::AgentLoopW
 734173 2302396 ray::AgentLoopW
 734176 2207276 ray::AgentLoopW
== 2026-09-05T23:52:17+09:00
Mem:            1007         711         290         369         380         296
    PID   RSS COMMAND
 717289 87710536 VLLM::Worker
 717290 87706188 VLLM::Worker
 717291 87689076 VLLM::Worker
 717292 87676584 VLLM::Worker
 637392 63957520 ray::WorkerDict
 637395 63827344 ray::WorkerDict
 637393 63716748 ray::WorkerDict
 637394 63703908 ray::WorkerDict
1317539 4828408 VLLM::Worker_TP
1317538 4825176 VLLM::Worker_TP
 734178 2416236 ray::AgentLoopW
 734173 2302396 ray::AgentLoopW
 734175 2209464 ray::AgentLoopW
== 2026-09-05T23:52:37+09:00
Mem:            1007         710         290         369         380         296
    PID   RSS COMMAND
 717289 87710536 VLLM::Worker
 717290 87706188 VLLM::Worker
 717291 87689076 VLLM::Worker
 717292 87676584 VLLM::Worker
 637392 63957520 ray::WorkerDict
 637395 63827344 ray::WorkerDict
 637393 63716748 ray::WorkerDict
 637394 63703908 ray::WorkerDict
1317539 4828408 VLLM::Worker_TP
1317538 4825176 VLLM::Worker_TP
 734178 2421612 ray::AgentLoopW
 734173 2302396 ray::AgentLoopW
 734175 2230968 ray::AgentLoopW
== 2026-09-05T23:52:57+09:00
Mem:            1007         710         290         369         380         296
    PID   RSS COMMAND
 717289 87710536 VLLM::Worker
 717290 87706188 VLLM::Worker
 717291 87688056 VLLM::Worker
 717292 87675568 VLLM::Worker
 637392 63957520 ray::WorkerDict
 637395 63827344 ray::WorkerDict
 637393 63716748 ray::WorkerDict
 637394 63703908 ray::WorkerDict
1317539 4828408 VLLM::Worker_TP
1317538 4825176 VLLM::Worker_TP
 734178 2421612 ray::AgentLoopW
 734173 2302396 ray::AgentLoopW
 734175 2230968 ray::AgentLoopW
== 2026-09-05T23:53:18+09:00
Mem:            1007         710         290         369         380         296
    PID   RSS COMMAND
 717289 87708240 VLLM::Worker
 717290 87703564 VLLM::Worker
 717291 87687032 VLLM::Worker
 717292 87675568 VLLM::Worker
 637392 63957520 ray::WorkerDict
 637395 63827344 ray::WorkerDict
 637393 63716748 ray::WorkerDict
 637394 63703908 ray::WorkerDict
1317539 4828408 VLLM::Worker_TP
1317538 4825176 VLLM::Worker_TP
 734178 2421612 ray::AgentLoopW
 734173 2302396 ray::AgentLoopW
 734175 2230968 ray::AgentLoopW
== 2026-09-05T23:53:38+09:00
Mem:            1007         710         290         369         380         296
    PID   RSS COMMAND
 717289 87708240 VLLM::Worker
 717290 87703564 VLLM::Worker
 717291 87687032 VLLM::Worker
 717292 87675568 VLLM::Worker
 637392 63957520 ray::WorkerDict
 637395 63827344 ray::WorkerDict
 637393 63716748 ray::WorkerDict
 637394 63703908 ray::WorkerDict
1317539 4828408 VLLM::Worker_TP
1317538 4825176 VLLM::Worker_TP
 734178 2421612 ray::AgentLoopW
 734173 2302396 ray::AgentLoopW
 734175 2230968 ray::AgentLoopW
== 2026-09-05T23:53:58+09:00
Mem:            1007         710         291         369         379         296
    PID   RSS COMMAND
 717289 87708240 VLLM::Worker
 717290 87703564 VLLM::Worker
 717291 87687800 VLLM::Worker
 717292 87675568 VLLM::Worker
 637392 63957520 ray::WorkerDict
 637395 63827344 ray::WorkerDict
 637393 63716748 ray::WorkerDict
 637394 63703908 ray::WorkerDict
1317539 4828408 VLLM::Worker_TP
1317538 4825176 VLLM::Worker_TP
 734178 2421612 ray::AgentLoopW
 734173 2302396 ray::AgentLoopW
 734175 2230968 ray::AgentLoopW
== 2026-09-05T23:54:18+09:00
Mem:            1007         710         291         369         379         296
    PID   RSS COMMAND
 717289 87708240 VLLM::Worker
 717290 87703564 VLLM::Worker
 717291 87687800 VLLM::Worker
 717292 87675568 VLLM::Worker
 637392 63957520 ray::WorkerDict
 637395 63827344 ray::WorkerDict
 637393 63716748 ray::WorkerDict
 637394 63703908 ray::WorkerDict
1317539 4828408 VLLM::Worker_TP
1317538 4825176 VLLM::Worker_TP
 734178 2421612 ray::AgentLoopW
 734173 2302396 ray::AgentLoopW
 734175 2230968 ray::AgentLoopW
== 2026-09-05T23:54:38+09:00
Mem:            1007         705         296         369         379         302
    PID   RSS COMMAND
 717289 87708240 VLLM::Worker
 717290 87703564 VLLM::Worker
 717291 87687800 VLLM::Worker
 717292 87675568 VLLM::Worker
 637392 62599024 ray::WorkerDict
 637394 62446976 ray::WorkerDict
 637393 62409508 ray::WorkerDict
 637395 62349688 ray::WorkerDict
1317539 4828408 VLLM::Worker_TP
1317538 4825176 VLLM::Worker_TP
 734178 2421612 ray::AgentLoopW
 734173 2302396 ray::AgentLoopW
 734175 2230968 ray::AgentLoopW
== 2026-09-05T23:54:58+09:00
Mem:            1007         482         519         369         379         525
    PID   RSS COMMAND
 717289 87708240 VLLM::Worker
 717290 87703564 VLLM::Worker
 717291 87687800 VLLM::Worker
 717292 87675568 VLLM::Worker
1317539 4828408 VLLM::Worker_TP
1317538 4825176 VLLM::Worker_TP
 637392 4184816 ray::WorkerDict
 637394 4029348 ray::WorkerDict
 637393 3993316 ray::WorkerDict
 637395 3932668 ray::WorkerDict
 734178 2421612 ray::AgentLoopW
 734173 2302396 ray::AgentLoopW
 734175 2230968 ray::AgentLoopW
== 2026-09-05T23:55:18+09:00
Mem:            1007         482         519         369         379         525
    PID   RSS COMMAND
 717289 87708240 VLLM::Worker
 717290 87703564 VLLM::Worker
 717291 87687800 VLLM::Worker
 717292 87675568 VLLM::Worker
1317539 4828408 VLLM::Worker_TP
1317538 4825176 VLLM::Worker_TP
 637392 4184816 ray::WorkerDict
 637394 4029348 ray::WorkerDict
 637393 3993316 ray::WorkerDict
 637395 3932668 ray::WorkerDict
 734178 2421612 ray::AgentLoopW
 734173 2302396 ray::AgentLoopW
 734175 2230968 ray::AgentLoopW
== 2026-09-05T23:55:38+09:00
Mem:            1007         482         519         369         379         525
    PID   RSS COMMAND
 717289 87708240 VLLM::Worker
 717290 87703564 VLLM::Worker
 717291 87687800 VLLM::Worker
 717292 87675568 VLLM::Worker
1317539 4828408 VLLM::Worker_TP
1317538 4825176 VLLM::Worker_TP
 637392 4184816 ray::WorkerDict
 637394 4029348 ray::WorkerDict
 637393 3993316 ray::WorkerDict
 637395 3932668 ray::WorkerDict
 734178 2421612 ray::AgentLoopW
 734173 2302396 ray::AgentLoopW
 734175 2230968 ray::AgentLoopW
== 2026-09-05T23:55:58+09:00
Mem:            1007         482         519         369         379         525
    PID   RSS COMMAND
 717289 87708240 VLLM::Worker
 717290 87703564 VLLM::Worker
 717291 87687800 VLLM::Worker
 717292 87675568 VLLM::Worker
1317539 4828408 VLLM::Worker_TP
1317538 4825176 VLLM::Worker_TP
 637392 4184816 ray::WorkerDict
 637394 4029348 ray::WorkerDict
 637393 3993316 ray::WorkerDict
 637395 3932668 ray::WorkerDict
 734178 2421612 ray::AgentLoopW
 734173 2302396 ray::AgentLoopW
 734175 2230968 ray::AgentLoopW
== 2026-09-05T23:56:18+09:00
Mem:            1007         482         519         369         379         525
    PID   RSS COMMAND
 717289 87708240 VLLM::Worker
 717290 87703564 VLLM::Worker
 717291 87687800 VLLM::Worker
 717292 87675568 VLLM::Worker
1317539 4828408 VLLM::Worker_TP
1317538 4825176 VLLM::Worker_TP
 637392 4187288 ray::WorkerDict
 637394 4042224 ray::WorkerDict
 637393 3996972 ray::WorkerDict
 637395 3935192 ray::WorkerDict
 734178 2421612 ray::AgentLoopW
 734173 2302396 ray::AgentLoopW
 734175 2230968 ray::AgentLoopW
== 2026-09-05T23:56:38+09:00
Mem:            1007         482         519         369         379         525
    PID   RSS COMMAND
 717289 87708240 VLLM::Worker
 717290 87703564 VLLM::Worker
 717291 87687800 VLLM::Worker
 717292 87675568 VLLM::Worker
1317539 4828408 VLLM::Worker_TP
1317538 4825176 VLLM::Worker_TP
 637392 4187288 ray::WorkerDict
 637394 4042224 ray::WorkerDict
 637393 3996972 ray::WorkerDict
 637395 3935192 ray::WorkerDict
 734178 2421612 ray::AgentLoopW
 734173 2302396 ray::AgentLoopW
 734175 2230968 ray::AgentLoopW
== 2026-09-05T23:56:58+09:00
Mem:            1007         482         519         369         379         525
    PID   RSS COMMAND
 717289 87708240 VLLM::Worker
 717290 87703564 VLLM::Worker
 717291 87687800 VLLM::Worker
 717292 87675568 VLLM::Worker
1317539 4828408 VLLM::Worker_TP
1317538 4825176 VLLM::Worker_TP
 637392 4187288 ray::WorkerDict
 637394 4042224 ray::WorkerDict
 637393 3996972 ray::WorkerDict
 637395 3935192 ray::WorkerDict
 734178 2421612 ray::AgentLoopW
 734173 2302396 ray::AgentLoopW
 734175 2230968 ray::AgentLoopW
== 2026-09-05T23:57:18+09:00
Mem:            1007         482         519         369         379         525
    PID   RSS COMMAND
 717289 87708240 VLLM::Worker
 717290 87703564 VLLM::Worker
 717291 87687800 VLLM::Worker
 717292 87675568 VLLM::Worker
1317539 4828408 VLLM::Worker_TP
1317538 4825176 VLLM::Worker_TP
 637392 4187288 ray::WorkerDict
 637394 4042224 ray::WorkerDict
 637393 3996972 ray::WorkerDict
 637395 3935192 ray::WorkerDict
 734178 2421612 ray::AgentLoopW
 734173 2302396 ray::AgentLoopW
 734175 2230968 ray::AgentLoopW
== 2026-09-05T23:57:38+09:00
Mem:            1007         482         519         369         379         525
    PID   RSS COMMAND
 717289 87708240 VLLM::Worker
 717290 87703564 VLLM::Worker
 717291 87687800 VLLM::Worker
 717292 87675568 VLLM::Worker
1317539 4828408 VLLM::Worker_TP
1317538 4825176 VLLM::Worker_TP
 637392 4187288 ray::WorkerDict
 637394 4042224 ray::WorkerDict
 637393 3996972 ray::WorkerDict
 637395 3935192 ray::WorkerDict
 734178 2421612 ray::AgentLoopW
 734173 2302396 ray::AgentLoopW
 734175 2230968 ray::AgentLoopW
== 2026-09-05T23:57:58+09:00
Mem:            1007         482         519         369         379         525
    PID   RSS COMMAND
 717289 87708240 VLLM::Worker
 717290 87703564 VLLM::Worker
 717291 87687800 VLLM::Worker
 717292 87675568 VLLM::Worker
1317539 4828408 VLLM::Worker_TP
1317538 4825176 VLLM::Worker_TP
 637392 4187288 ray::WorkerDict
 637394 4042224 ray::WorkerDict
 637393 3996972 ray::WorkerDict
 637395 3935192 ray::WorkerDict
 734178 2421612 ray::AgentLoopW
 734173 2302396 ray::AgentLoopW
 734175 2230968 ray::AgentLoopW
== 2026-09-05T23:58:18+09:00
Mem:            1007         482         519         369         379         525
    PID   RSS COMMAND
 717289 87708240 VLLM::Worker
 717290 87703564 VLLM::Worker
 717291 87687800 VLLM::Worker
 717292 87675568 VLLM::Worker
1317539 4828408 VLLM::Worker_TP
1317538 4825176 VLLM::Worker_TP
 637392 4187288 ray::WorkerDict
 637394 4042224 ray::WorkerDict
 637393 3996972 ray::WorkerDict
 637395 3935192 ray::WorkerDict
 734178 2421612 ray::AgentLoopW
 734173 2302396 ray::AgentLoopW
 734175 2230968 ray::AgentLoopW
== 2026-09-05T23:58:38+09:00
Mem:            1007         482         519         369         379         525
    PID   RSS COMMAND
 717289 87708240 VLLM::Worker
 717290 87703564 VLLM::Worker
 717291 87687800 VLLM::Worker
 717292 87675568 VLLM::Worker
1317539 4828408 VLLM::Worker_TP
1317538 4825176 VLLM::Worker_TP
 637392 4187288 ray::WorkerDict
 637394 4042224 ray::WorkerDict
 637393 3996972 ray::WorkerDict
 637395 3935192 ray::WorkerDict
 734178 2421612 ray::AgentLoopW
 734173 2302396 ray::AgentLoopW
 734175 2230968 ray::AgentLoopW
== 2026-09-05T23:58:58+09:00
Mem:            1007         482         519         369         379         525
    PID   RSS COMMAND
 717289 87708240 VLLM::Worker
 717290 87703564 VLLM::Worker
 717291 87687800 VLLM::Worker
 717292 87675568 VLLM::Worker
1317539 4828408 VLLM::Worker_TP
1317538 4825176 VLLM::Worker_TP
 637392 4187288 ray::WorkerDict
 637394 4042224 ray::WorkerDict
 637393 3996972 ray::WorkerDict
 637395 3935192 ray::WorkerDict
 734178 2421612 ray::AgentLoopW
 734173 2302396 ray::AgentLoopW
 734175 2230968 ray::AgentLoopW
== 2026-09-05T23:59:18+09:00
Mem:            1007         482         519         369         379         525
    PID   RSS COMMAND
 717289 87708240 VLLM::Worker
 717290 87703564 VLLM::Worker
 717291 87687800 VLLM::Worker
 717292 87675568 VLLM::Worker
1317539 4828408 VLLM::Worker_TP
1317538 4825176 VLLM::Worker_TP
 637392 4187288 ray::WorkerDict
 637394 4042224 ray::WorkerDict
 637393 3996972 ray::WorkerDict
 637395 3935192 ray::WorkerDict
 734178 2421612 ray::AgentLoopW
 734173 2302396 ray::AgentLoopW
 734175 2230968 ray::AgentLoopW
== 2026-09-05T23:59:38+09:00
Mem:            1007         482         519         369         379         525
    PID   RSS COMMAND
 717289 87708240 VLLM::Worker
 717290 87703564 VLLM::Worker
 717291 87687800 VLLM::Worker
 717292 87675568 VLLM::Worker
1317539 4828408 VLLM::Worker_TP
1317538 4825176 VLLM::Worker_TP
 637392 4187288 ray::WorkerDict
 637394 4042224 ray::WorkerDict
 637393 3996972 ray::WorkerDict
 637395 3935192 ray::WorkerDict
 734178 2421612 ray::AgentLoopW
 734173 2302396 ray::AgentLoopW
 734175 2230968 ray::AgentLoopW
== 2026-09-05T23:59:58+09:00
Mem:            1007         482         519         369         379         525
    PID   RSS COMMAND
 717289 87708240 VLLM::Worker
 717290 87703564 VLLM::Worker
 717291 87687800 VLLM::Worker
 717292 87675568 VLLM::Worker
1317539 4828408 VLLM::Worker_TP
1317538 4825176 VLLM::Worker_TP
 637392 4187288 ray::WorkerDict
 637394 4042224 ray::WorkerDict
 637393 3996972 ray::WorkerDict
 637395 3935192 ray::WorkerDict
 734178 2421612 ray::AgentLoopW
 734173 2302396 ray::AgentLoopW
 734175 2230968 ray::AgentLoopW
== 2026-09-06T00:00:18+09:00
Mem:            1007         482         519         369         379         525
    PID   RSS COMMAND
 717289 87708240 VLLM::Worker
 717290 87703564 VLLM::Worker
 717291 87687800 VLLM::Worker
 717292 87675568 VLLM::Worker
1317539 4828408 VLLM::Worker_TP
1317538 4825176 VLLM::Worker_TP
 637392 4187288 ray::WorkerDict
 637394 4042224 ray::WorkerDict
 637393 3996972 ray::WorkerDict
 637395 3935192 ray::WorkerDict
 734178 2421612 ray::AgentLoopW
 734173 2302396 ray::AgentLoopW
 734175 2230968 ray::AgentLoopW
== 2026-09-06T00:00:38+09:00
Mem:            1007         482         519         369         379         525
    PID   RSS COMMAND
 717289 87708240 VLLM::Worker
 717290 87703564 VLLM::Worker
 717291 87687800 VLLM::Worker
 717292 87675568 VLLM::Worker
1317539 4828408 VLLM::Worker_TP
1317538 4825176 VLLM::Worker_TP
 637392 4187288 ray::WorkerDict
 637394 4042224 ray::WorkerDict
 637393 3996972 ray::WorkerDict
 637395 3935192 ray::WorkerDict
 734178 2421612 ray::AgentLoopW
 734173 2302396 ray::AgentLoopW
 734175 2230968 ray::AgentLoopW
== 2026-09-06T00:00:58+09:00
Mem:            1007         482         519         369         379         525
    PID   RSS COMMAND
 717289 87708240 VLLM::Worker
 717290 87703564 VLLM::Worker
 717291 87687800 VLLM::Worker
 717292 87675568 VLLM::Worker
1317539 4828408 VLLM::Worker_TP
1317538 4825176 VLLM::Worker_TP
 637392 4187288 ray::WorkerDict
 637394 4042224 ray::WorkerDict
 637393 3996972 ray::WorkerDict
 637395 3935192 ray::WorkerDict
 734178 2421612 ray::AgentLoopW
 734173 2302396 ray::AgentLoopW
 734175 2230968 ray::AgentLoopW
== 2026-09-06T00:01:18+09:00
Mem:            1007         482         519         369         379         525
    PID   RSS COMMAND
 717289 87708240 VLLM::Worker
 717290 87703564 VLLM::Worker
 717291 87687800 VLLM::Worker
 717292 87675568 VLLM::Worker
1317539 4828408 VLLM::Worker_TP
1317538 4825176 VLLM::Worker_TP
 637392 4187288 ray::WorkerDict
 637394 4042224 ray::WorkerDict
 637393 3996972 ray::WorkerDict
 637395 3935192 ray::WorkerDict
 734178 2421612 ray::AgentLoopW
 734173 2302396 ray::AgentLoopW
 734175 2230968 ray::AgentLoopW
== 2026-09-06T00:01:38+09:00
Mem:            1007         482         519         369         379         525
    PID   RSS COMMAND
 717289 87708240 VLLM::Worker
 717290 87703564 VLLM::Worker
 717291 87687800 VLLM::Worker
 717292 87675568 VLLM::Worker
1317539 4828408 VLLM::Worker_TP
1317538 4825176 VLLM::Worker_TP
 637392 4187288 ray::WorkerDict
 637394 4042224 ray::WorkerDict
 637393 3996972 ray::WorkerDict
 637395 3935192 ray::WorkerDict
 734178 2421612 ray::AgentLoopW
 734173 2302396 ray::AgentLoopW
 734175 2230968 ray::AgentLoopW
== 2026-09-06T00:01:58+09:00
Mem:            1007         482         519         369         379         525
    PID   RSS COMMAND
 717289 87708240 VLLM::Worker
 717290 87703564 VLLM::Worker
 717291 87687800 VLLM::Worker
 717292 87675568 VLLM::Worker
1317539 4828408 VLLM::Worker_TP
1317538 4825176 VLLM::Worker_TP
 637392 4187288 ray::WorkerDict
 637394 4042224 ray::WorkerDict
 637393 3996972 ray::WorkerDict
 637395 3935192 ray::WorkerDict
 734178 2421612 ray::AgentLoopW
 734173 2302396 ray::AgentLoopW
 734175 2230968 ray::AgentLoopW
== 2026-09-06T00:02:18+09:00
Mem:            1007         482         519         369         379         525
    PID   RSS COMMAND
 717289 87708240 VLLM::Worker
 717290 87703564 VLLM::Worker
 717291 87687800 VLLM::Worker
 717292 87675568 VLLM::Worker
1317539 4828408 VLLM::Worker_TP
1317538 4825176 VLLM::Worker_TP
 637392 4187288 ray::WorkerDict
 637394 4042224 ray::WorkerDict
 637393 3996972 ray::WorkerDict
 637395 3935192 ray::WorkerDict
 734178 2421612 ray::AgentLoopW
 734173 2302396 ray::AgentLoopW
 734175 2230968 ray::AgentLoopW
== 2026-09-06T00:02:39+09:00
Mem:            1007         567         434         369         380         439
    PID   RSS COMMAND
 717289 87708240 VLLM::Worker
 717290 87703564 VLLM::Worker
 717291 87687800 VLLM::Worker
 717292 87675568 VLLM::Worker
 637392 26509352 ray::WorkerDict
 637394 26393600 ray::WorkerDict
 637395 26351968 ray::WorkerDict
 637393 26319656 ray::WorkerDict
1317539 4828408 VLLM::Worker_TP
1317538 4825176 VLLM::Worker_TP
 734178 2421612 ray::AgentLoopW
 734173 2302396 ray::AgentLoopW
 734175 2230968 ray::AgentLoopW
== 2026-09-06T00:02:59+09:00
Mem:            1007         700         301         369         380         307
    PID   RSS COMMAND
 717289 87708240 VLLM::Worker
 717290 87703564 VLLM::Worker
 717291 87687800 VLLM::Worker
 717292 87675568 VLLM::Worker
 637392 61212968 ray::WorkerDict
 637394 61072736 ray::WorkerDict
 637393 61028648 ray::WorkerDict
 637395 61025680 ray::WorkerDict
1317539 4828408 VLLM::Worker_TP
1317538 4825176 VLLM::Worker_TP
 734178 2421612 ray::AgentLoopW
 734173 2302396 ray::AgentLoopW
 734175 2230968 ray::AgentLoopW
== 2026-09-06T00:03:19+09:00
Mem:            1007         712         289         369         380         295
    PID   RSS COMMAND
 717289 87708240 VLLM::Worker
 717290 87703564 VLLM::Worker
 717291 87687800 VLLM::Worker
 717292 87675568 VLLM::Worker
 637392 64505628 ray::WorkerDict
 637394 64399300 ray::WorkerDict
 637393 64115956 ray::WorkerDict
 637395 64089892 ray::WorkerDict
1317539 4828408 VLLM::Worker_TP
1317538 4825176 VLLM::Worker_TP
 734178 2421612 ray::AgentLoopW
 734173 2302396 ray::AgentLoopW
 734175 2230968 ray::AgentLoopW
== 2026-09-06T00:03:39+09:00
Mem:            1007         710         291         369         380         297
    PID   RSS COMMAND
 717289 87708240 VLLM::Worker
 717290 87703564 VLLM::Worker
 717291 87687800 VLLM::Worker
 717292 87675568 VLLM::Worker
 637392 63832356 ray::WorkerDict
 637395 63635500 ray::WorkerDict
 637394 63612868 ray::WorkerDict
 637393 63576820 ray::WorkerDict
1317539 4828408 VLLM::Worker_TP
1317538 4825176 VLLM::Worker_TP
 734178 2421612 ray::AgentLoopW
 734173 2302396 ray::AgentLoopW
 734175 2230968 ray::AgentLoopW
== 2026-09-06T00:03:59+09:00
Mem:            1007         710         291         369         380         297
    PID   RSS COMMAND
 717289 87708240 VLLM::Worker
 717290 87703564 VLLM::Worker
 717291 87687800 VLLM::Worker
 717292 87675568 VLLM::Worker
 637392 63762976 ray::WorkerDict
 637395 63631660 ray::WorkerDict
 637394 63609028 ray::WorkerDict
 637393 63572980 ray::WorkerDict
1317539 4828408 VLLM::Worker_TP
1317538 4825176 VLLM::Worker_TP
 734178 2421612 ray::AgentLoopW
 734173 2302396 ray::AgentLoopW
 734175 2273208 ray::AgentLoopW
== 2026-09-06T00:04:19+09:00
Mem:            1007         710         291         369         380         297
    PID   RSS COMMAND
 717289 87708240 VLLM::Worker
 717290 87703564 VLLM::Worker
 717291 87687800 VLLM::Worker
 717292 87675568 VLLM::Worker
 637392 63762976 ray::WorkerDict
 637395 63631660 ray::WorkerDict
 637394 63609028 ray::WorkerDict
 637393 63572980 ray::WorkerDict
1317539 4828408 VLLM::Worker_TP
1317538 4825176 VLLM::Worker_TP
 734178 2421612 ray::AgentLoopW
 734173 2302396 ray::AgentLoopW
 734175 2273208 ray::AgentLoopW
== 2026-09-06T00:04:39+09:00
Mem:            1007         710         291         369         380         297
    PID   RSS COMMAND
 717289 87708240 VLLM::Worker
 717290 87703564 VLLM::Worker
 717291 87687800 VLLM::Worker
 717292 87675568 VLLM::Worker
 637392 63762976 ray::WorkerDict
 637395 63631660 ray::WorkerDict
 637394 63609028 ray::WorkerDict
 637393 63572980 ray::WorkerDict
1317539 4828408 VLLM::Worker_TP
1317538 4825176 VLLM::Worker_TP
 734178 2421612 ray::AgentLoopW
 734173 2302396 ray::AgentLoopW
 734175 2273208 ray::AgentLoopW
== 2026-09-06T00:04:59+09:00
Mem:            1007         710         291         369         380         297
    PID   RSS COMMAND
 717289 87708240 VLLM::Worker
 717290 87703564 VLLM::Worker
 717291 87687800 VLLM::Worker
 717292 87675568 VLLM::Worker
 637392 63762976 ray::WorkerDict
 637395 63631660 ray::WorkerDict
 637394 63609028 ray::WorkerDict
 637393 63572980 ray::WorkerDict
1317539 4828408 VLLM::Worker_TP
1317538 4825176 VLLM::Worker_TP
 734178 2421612 ray::AgentLoopW
 734173 2302396 ray::AgentLoopW
 734175 2273208 ray::AgentLoopW
== 2026-09-06T00:05:19+09:00
Mem:            1007         710         291         368         379         297
    PID   RSS COMMAND
 717289 87708240 VLLM::Worker
 717290 87703564 VLLM::Worker
 717291 87687800 VLLM::Worker
 717292 87675568 VLLM::Worker
 637392 63762976 ray::WorkerDict
 637395 63631660 ray::WorkerDict
 637394 63609028 ray::WorkerDict
 637393 63572980 ray::WorkerDict
1317539 4828408 VLLM::Worker_TP
1317538 4825176 VLLM::Worker_TP
 734178 2421612 ray::AgentLoopW
 734173 2302396 ray::AgentLoopW
 734175 2273208 ray::AgentLoopW
== 2026-09-06T00:05:39+09:00
Mem:            1007         709         291         368         379         297
    PID   RSS COMMAND
 717289 87708240 VLLM::Worker
 717290 87703564 VLLM::Worker
 717291 87687800 VLLM::Worker
 717292 87675568 VLLM::Worker
 637392 63762976 ray::WorkerDict
 637395 63631660 ray::WorkerDict
 637394 63609028 ray::WorkerDict
 637393 63572980 ray::WorkerDict
1317539 4828408 VLLM::Worker_TP
1317538 4825176 VLLM::Worker_TP
 734178 2421612 ray::AgentLoopW
 734173 2302396 ray::AgentLoopW
 734175 2273208 ray::AgentLoopW
== 2026-09-06T00:05:59+09:00
Mem:            1007         709         291         368         379         297
    PID   RSS COMMAND
 717289 87708240 VLLM::Worker
 717290 87703564 VLLM::Worker
 717291 87687800 VLLM::Worker
 717292 87675568 VLLM::Worker
 637392 63762976 ray::WorkerDict
 637395 63631660 ray::WorkerDict
 637394 63609028 ray::WorkerDict
 637393 63572980 ray::WorkerDict
1317539 4828408 VLLM::Worker_TP
1317538 4825176 VLLM::Worker_TP
 734178 2421612 ray::AgentLoopW
 734173 2302396 ray::AgentLoopW
 734175 2273208 ray::AgentLoopW
== 2026-09-06T00:06:19+09:00
Mem:            1007         709         291         368         379         297
    PID   RSS COMMAND
 717289 87708240 VLLM::Worker
 717290 87703564 VLLM::Worker
 717291 87687800 VLLM::Worker
 717292 87675568 VLLM::Worker
 637392 63762976 ray::WorkerDict
 637395 63631660 ray::WorkerDict
 637394 63609028 ray::WorkerDict
 637393 63572980 ray::WorkerDict
1317539 4828408 VLLM::Worker_TP
1317538 4825176 VLLM::Worker_TP
 734178 2421612 ray::AgentLoopW
 734173 2302396 ray::AgentLoopW
 734175 2273208 ray::AgentLoopW
== 2026-09-06T00:06:39+09:00
Mem:            1007         709         291         368         379         297
    PID   RSS COMMAND
 717289 87708240 VLLM::Worker
 717290 87703564 VLLM::Worker
 717291 87687800 VLLM::Worker
 717292 87675568 VLLM::Worker
 637392 63762976 ray::WorkerDict
 637395 63631660 ray::WorkerDict
 637394 63609028 ray::WorkerDict
 637393 63572980 ray::WorkerDict
1317539 4828408 VLLM::Worker_TP
1317538 4825176 VLLM::Worker_TP
 734178 2421612 ray::AgentLoopW
 734173 2302396 ray::AgentLoopW
 734175 2273208 ray::AgentLoopW
== 2026-09-06T00:06:59+09:00
Mem:            1007         482         519         368         379         525
    PID   RSS COMMAND
 717289 87708240 VLLM::Worker
 717290 87703564 VLLM::Worker
 717291 87687800 VLLM::Worker
 717292 87675568 VLLM::Worker
1317539 4828408 VLLM::Worker_TP
1317538 4825176 VLLM::Worker_TP
 637392 4138964 ray::WorkerDict
 637394 3994812 ray::WorkerDict
 637393 3959400 ray::WorkerDict
 637395 3934436 ray::WorkerDict
 734178 2421612 ray::AgentLoopW
 734173 2302396 ray::AgentLoopW
 734175 2273208 ray::AgentLoopW
== 2026-09-06T00:07:19+09:00
Mem:            1007         482         519         368         379         525
    PID   RSS COMMAND
 717289 87708240 VLLM::Worker
 717290 87703564 VLLM::Worker
 717291 87687800 VLLM::Worker
 717292 87675568 VLLM::Worker
1317539 4828408 VLLM::Worker_TP
1317538 4825176 VLLM::Worker_TP
 637392 4142712 ray::WorkerDict
 637394 3995328 ray::WorkerDict
 637393 3962112 ray::WorkerDict
 637395 3936628 ray::WorkerDict
 734178 2421612 ray::AgentLoopW
 734173 2302396 ray::AgentLoopW
 734175 2273208 ray::AgentLoopW
== 2026-09-06T00:07:39+09:00
Mem:            1007         482         519         368         379         525
    PID   RSS COMMAND
 717289 87708240 VLLM::Worker
 717290 87703564 VLLM::Worker
 717291 87687800 VLLM::Worker
 717292 87675568 VLLM::Worker
1317539 4828408 VLLM::Worker_TP
1317538 4825176 VLLM::Worker_TP
 637392 4142712 ray::WorkerDict
 637394 3995328 ray::WorkerDict
 637393 3962112 ray::WorkerDict
 637395 3936628 ray::WorkerDict
 734178 2421612 ray::AgentLoopW
 734173 2302396 ray::AgentLoopW
 734175 2273208 ray::AgentLoopW
== 2026-09-06T00:07:59+09:00
Mem:            1007         482         519         368         379         525
    PID   RSS COMMAND
 717289 87708240 VLLM::Worker
 717290 87703564 VLLM::Worker
 717291 87687800 VLLM::Worker
 717292 87675568 VLLM::Worker
1317539 4828408 VLLM::Worker_TP
1317538 4825176 VLLM::Worker_TP
 637392 4142712 ray::WorkerDict
 637394 3995328 ray::WorkerDict
 637393 3962112 ray::WorkerDict
 637395 3936628 ray::WorkerDict
 734178 2421612 ray::AgentLoopW
 734173 2302396 ray::AgentLoopW
 734175 2273208 ray::AgentLoopW
== 2026-09-06T00:08:19+09:00
Mem:            1007         482         519         368         379         525
    PID   RSS COMMAND
 717289 87708240 VLLM::Worker
 717290 87703564 VLLM::Worker
 717291 87687800 VLLM::Worker
 717292 87675568 VLLM::Worker
1317539 4828408 VLLM::Worker_TP
1317538 4825176 VLLM::Worker_TP
 637392 4142712 ray::WorkerDict
 637394 3995328 ray::WorkerDict
 637393 3962112 ray::WorkerDict
 637395 3936628 ray::WorkerDict
 734178 2421612 ray::AgentLoopW
 734173 2302396 ray::AgentLoopW
 734175 2273208 ray::AgentLoopW
== 2026-09-06T00:08:39+09:00
Mem:            1007         482         519         368         379         525
    PID   RSS COMMAND
 717289 87708240 VLLM::Worker
 717290 87703564 VLLM::Worker
 717291 87687800 VLLM::Worker
 717292 87675568 VLLM::Worker
1317539 4828408 VLLM::Worker_TP
1317538 4825176 VLLM::Worker_TP
 637392 4142712 ray::WorkerDict
 637394 3995328 ray::WorkerDict
 637393 3962112 ray::WorkerDict
 637395 3937396 ray::WorkerDict
 734178 2421612 ray::AgentLoopW
 734173 2302396 ray::AgentLoopW
 734175 2273208 ray::AgentLoopW
== 2026-09-06T00:08:59+09:00
Mem:            1007         587         414         368         379         419
    PID   RSS COMMAND
 717289 87708240 VLLM::Worker
 717290 87703564 VLLM::Worker
 717291 87687800 VLLM::Worker
 717292 87675568 VLLM::Worker
 637392 31863404 ray::WorkerDict
 637394 31729848 ray::WorkerDict
 637393 31688248 ray::WorkerDict
 637395 31685896 ray::WorkerDict
1317539 4828408 VLLM::Worker_TP
1317538 4825176 VLLM::Worker_TP
 734178 2421612 ray::AgentLoopW
 734173 2302396 ray::AgentLoopW
 734175 2273208 ray::AgentLoopW
== 2026-09-06T00:09:19+09:00
Mem:            1007         711         290         368         379         296
    PID   RSS COMMAND
 717289 87708240 VLLM::Worker
 717290 87703564 VLLM::Worker
 717291 87687800 VLLM::Worker
 717292 87675568 VLLM::Worker
 637392 64117696 ray::WorkerDict
 637394 63995516 ray::WorkerDict
 637395 63968460 ray::WorkerDict
 637393 63961228 ray::WorkerDict
1317539 4828408 VLLM::Worker_TP
1317538 4825176 VLLM::Worker_TP
 734178 2421612 ray::AgentLoopW
 734173 2302396 ray::AgentLoopW
 734175 2273208 ray::AgentLoopW
== 2026-09-06T00:09:39+09:00
Mem:            1007         711         290         368         379         296
    PID   RSS COMMAND
 717289 87708240 VLLM::Worker
 717290 87703564 VLLM::Worker
 717291 87687800 VLLM::Worker
 717292 87675568 VLLM::Worker
 637394 64321148 ray::WorkerDict
 637395 64257996 ray::WorkerDict
 637392 64093096 ray::WorkerDict
 637393 63675972 ray::WorkerDict
1317539 4828408 VLLM::Worker_TP
1317538 4825176 VLLM::Worker_TP
 734178 2421612 ray::AgentLoopW
 734173 2302396 ray::AgentLoopW
 734175 2273208 ray::AgentLoopW
== 2026-09-06T00:09:59+09:00
Mem:            1007         709         291         368         379         297
    PID   RSS COMMAND
 717289 87708240 VLLM::Worker
 717290 87701892 VLLM::Worker
 717291 87687800 VLLM::Worker
 717292 87675568 VLLM::Worker
 637392 63776704 ray::WorkerDict
 637394 63612284 ray::WorkerDict
 637393 63596428 ray::WorkerDict
 637395 63570636 ray::WorkerDict
1317539 4828408 VLLM::Worker_TP
1317538 4825176 VLLM::Worker_TP
 734178 2421612 ray::AgentLoopW
 734173 2302396 ray::AgentLoopW
 734175 2273208 ray::AgentLoopW
== 2026-09-06T00:10:19+09:00
Mem:            1007         710         291         368         379         297
    PID   RSS COMMAND
 717289 87709008 VLLM::Worker
 717290 87701892 VLLM::Worker
 717291 87687800 VLLM::Worker
 717292 87675568 VLLM::Worker
 637392 63772864 ray::WorkerDict
 637394 63608444 ray::WorkerDict
 637393 63591820 ray::WorkerDict
 637395 63566796 ray::WorkerDict
1317539 4828408 VLLM::Worker_TP
1317538 4825176 VLLM::Worker_TP
 734178 2421612 ray::AgentLoopW
 734175 2382264 ray::AgentLoopW
 734173 2302396 ray::AgentLoopW
== 2026-09-06T00:10:39+09:00
Mem:            1007         710         291         368         379         297
    PID   RSS COMMAND
 717289 87709008 VLLM::Worker
 717290 87701892 VLLM::Worker
 717291 87687800 VLLM::Worker
 717292 87675568 VLLM::Worker
 637392 63772864 ray::WorkerDict
 637394 63608444 ray::WorkerDict
 637393 63591820 ray::WorkerDict
 637395 63566796 ray::WorkerDict
1317539 4828408 VLLM::Worker_TP
1317538 4825176 VLLM::Worker_TP
 734178 2421612 ray::AgentLoopW
 734175 2382264 ray::AgentLoopW
 734173 2302396 ray::AgentLoopW
== 2026-09-06T00:11:00+09:00
Mem:            1007         710         291         368         379         297
    PID   RSS COMMAND
 717289 87706588 VLLM::Worker
 717290 87697764 VLLM::Worker
 717291 87682124 VLLM::Worker
 717292 87670664 VLLM::Worker
 637392 63759040 ray::WorkerDict
 637394 63593548 ray::WorkerDict
 637393 63577236 ray::WorkerDict
 637395 63553320 ray::WorkerDict
1317539 4825800 VLLM::Worker_TP
1317538 4822224 VLLM::Worker_TP
 734178 2418204 ray::AgentLoopW
 734175 2380404 ray::AgentLoopW
 734173 2296520 ray::AgentLoopW
== 2026-09-06T00:11:20+09:00
Mem:            1007         710         291         368         379         297
    PID   RSS COMMAND
 717289 87706588 VLLM::Worker
 717290 87697764 VLLM::Worker
 717291 87682124 VLLM::Worker
 717292 87670664 VLLM::Worker
 637392 63759040 ray::WorkerDict
 637394 63593548 ray::WorkerDict
 637393 63577236 ray::WorkerDict
 637395 63553320 ray::WorkerDict
1317539 4825800 VLLM::Worker_TP
1317538 4822224 VLLM::Worker_TP
 734178 2418204 ray::AgentLoopW
 734175 2380404 ray::AgentLoopW
 734173 2296520 ray::AgentLoopW
== 2026-09-06T00:11:40+09:00
Mem:            1007         710         291         368         379         297
    PID   RSS COMMAND
 717289 87706588 VLLM::Worker
 717290 87697764 VLLM::Worker
 717291 87682124 VLLM::Worker
 717292 87670664 VLLM::Worker
 637392 63759040 ray::WorkerDict
 637394 63593548 ray::WorkerDict
 637393 63577236 ray::WorkerDict
 637395 63553320 ray::WorkerDict
1317539 4825800 VLLM::Worker_TP
1317538 4822224 VLLM::Worker_TP
 734178 2418204 ray::AgentLoopW
 734175 2380404 ray::AgentLoopW
 734173 2296520 ray::AgentLoopW
== 2026-09-06T00:12:00+09:00
Mem:            1007         710         291         368         379         297
    PID   RSS COMMAND
 717289 87706588 VLLM::Worker
 717290 87697764 VLLM::Worker
 717291 87682124 VLLM::Worker
 717292 87670664 VLLM::Worker
 637392 63759040 ray::WorkerDict
 637394 63593548 ray::WorkerDict
 637393 63577236 ray::WorkerDict
 637395 63553320 ray::WorkerDict
1317539 4825800 VLLM::Worker_TP
1317538 4822224 VLLM::Worker_TP
 734178 2418204 ray::AgentLoopW
 734175 2380404 ray::AgentLoopW
 734173 2296520 ray::AgentLoopW
== 2026-09-06T00:12:20+09:00
Mem:            1007         710         291         368         379         297
    PID   RSS COMMAND
 717289 87706588 VLLM::Worker
 717290 87697764 VLLM::Worker
 717291 87682124 VLLM::Worker
 717292 87670664 VLLM::Worker
 637392 63759040 ray::WorkerDict
 637394 63593548 ray::WorkerDict
 637393 63577236 ray::WorkerDict
 637395 63553320 ray::WorkerDict
1317539 4825800 VLLM::Worker_TP
1317538 4822224 VLLM::Worker_TP
 734178 2418204 ray::AgentLoopW
 734175 2380404 ray::AgentLoopW
 734173 2296520 ray::AgentLoopW
== 2026-09-06T00:12:40+09:00
Mem:            1007         710         291         368         379         297
    PID   RSS COMMAND
 717289 87706588 VLLM::Worker
 717290 87697764 VLLM::Worker
 717291 87682124 VLLM::Worker
 717292 87670664 VLLM::Worker
 637392 63759040 ray::WorkerDict
 637394 63593548 ray::WorkerDict
 637393 63577236 ray::WorkerDict
 637395 63553320 ray::WorkerDict
1317539 4825800 VLLM::Worker_TP
1317538 4822224 VLLM::Worker_TP
 734178 2418204 ray::AgentLoopW
 734175 2380404 ray::AgentLoopW
 734173 2296520 ray::AgentLoopW
== 2026-09-06T00:13:00+09:00
Mem:            1007         700         300         368         379         306
    PID   RSS COMMAND
 717289 87706588 VLLM::Worker
 717290 87697764 VLLM::Worker
 717291 87682892 VLLM::Worker
 717292 87670664 VLLM::Worker
 637392 61337828 ray::WorkerDict
 637394 61188008 ray::WorkerDict
 637393 61156248 ray::WorkerDict
 637395 61140652 ray::WorkerDict
1317539 4825800 VLLM::Worker_TP
1317538 4822224 VLLM::Worker_TP
 734178 2418204 ray::AgentLoopW
 734175 2380404 ray::AgentLoopW
 734173 2296520 ray::AgentLoopW
== 2026-09-06T00:13:20+09:00
Mem:            1007         482         519         368         379         525
    PID   RSS COMMAND
 717289 87706588 VLLM::Worker
 717290 87697764 VLLM::Worker
 717291 87682892 VLLM::Worker
 717292 87670664 VLLM::Worker
1317539 4825800 VLLM::Worker_TP
1317538 4822224 VLLM::Worker_TP
 637392 4137964 ray::WorkerDict
 637394 3988084 ray::WorkerDict
 637393 3956324 ray::WorkerDict
 637395 3940736 ray::WorkerDict
 734178 2418204 ray::AgentLoopW
 734175 2380404 ray::AgentLoopW
 734173 2296520 ray::AgentLoopW
== 2026-09-06T00:13:40+09:00
Mem:            1007         482         519         368         379         525
    PID   RSS COMMAND
 717289 87706588 VLLM::Worker
 717290 87697764 VLLM::Worker
 717291 87682892 VLLM::Worker
 717292 87670664 VLLM::Worker
1317539 4825800 VLLM::Worker_TP
1317538 4822224 VLLM::Worker_TP
 637392 4142224 ray::WorkerDict
 637394 3992388 ray::WorkerDict
 637393 3960428 ray::WorkerDict
 637395 3950616 ray::WorkerDict
 734178 2418204 ray::AgentLoopW
 734175 2380404 ray::AgentLoopW
 734173 2296520 ray::AgentLoopW
== 2026-09-06T00:14:00+09:00
Mem:            1007         482         519         368         379         525
    PID   RSS COMMAND
 717289 87706588 VLLM::Worker
 717290 87697764 VLLM::Worker
 717291 87682892 VLLM::Worker
 717292 87670664 VLLM::Worker
1317539 4825800 VLLM::Worker_TP
1317538 4822224 VLLM::Worker_TP
 637392 4142224 ray::WorkerDict
 637394 3992388 ray::WorkerDict
 637393 3960428 ray::WorkerDict
 637395 3950616 ray::WorkerDict
 734178 2418204 ray::AgentLoopW
 734175 2380404 ray::AgentLoopW
 734173 2296520 ray::AgentLoopW
== 2026-09-06T00:14:20+09:00
Mem:            1007         482         519         368         379         525
    PID   RSS COMMAND
 717289 87706588 VLLM::Worker
 717290 87697764 VLLM::Worker
 717291 87682892 VLLM::Worker
 717292 87670664 VLLM::Worker
1317539 4825800 VLLM::Worker_TP
1317538 4822224 VLLM::Worker_TP
 637392 4142224 ray::WorkerDict
 637394 3992388 ray::WorkerDict
 637393 3960428 ray::WorkerDict
 637395 3950616 ray::WorkerDict
 734178 2418204 ray::AgentLoopW
 734175 2380404 ray::AgentLoopW
 734173 2296520 ray::AgentLoopW
== 2026-09-06T00:14:40+09:00
Mem:            1007         482         519         368         379         525
    PID   RSS COMMAND
 717289 87706588 VLLM::Worker
 717290 87697764 VLLM::Worker
 717291 87682892 VLLM::Worker
 717292 87670664 VLLM::Worker
1317539 4825800 VLLM::Worker_TP
1317538 4822224 VLLM::Worker_TP
 637392 4142224 ray::WorkerDict
 637394 3992388 ray::WorkerDict
 637393 3960428 ray::WorkerDict
 637395 3950616 ray::WorkerDict
 734178 2418204 ray::AgentLoopW
 734175 2380404 ray::AgentLoopW
 734173 2296520 ray::AgentLoopW
== 2026-09-06T00:15:00+09:00
Mem:            1007         482         519         368         379         525
    PID   RSS COMMAND
 717289 87706588 VLLM::Worker
 717290 87697764 VLLM::Worker
 717291 87682892 VLLM::Worker
 717292 87670664 VLLM::Worker
1317539 4825800 VLLM::Worker_TP
1317538 4822224 VLLM::Worker_TP
 637392 4142224 ray::WorkerDict
 637394 3992388 ray::WorkerDict
 637393 3960428 ray::WorkerDict
 637395 3950616 ray::WorkerDict
 734178 2418204 ray::AgentLoopW
 734175 2380404 ray::AgentLoopW
 734173 2296520 ray::AgentLoopW
== 2026-09-06T00:15:20+09:00
Mem:            1007         589         412         368         379         418
    PID   RSS COMMAND
 717289 87706588 VLLM::Worker
 717290 87697764 VLLM::Worker
 717291 87682892 VLLM::Worker
 717292 87670664 VLLM::Worker
 637392 32201996 ray::WorkerDict
 637394 32038432 ray::WorkerDict
 637393 32021228 ray::WorkerDict
 637395 32011624 ray::WorkerDict
1317539 4825800 VLLM::Worker_TP
1317538 4822224 VLLM::Worker_TP
 734178 2418204 ray::AgentLoopW
 734175 2380404 ray::AgentLoopW
 734173 2296520 ray::AgentLoopW
== 2026-09-06T00:15:40+09:00
Mem:            1007         712         289         368         379         294
    PID   RSS COMMAND
 717289 87705820 VLLM::Worker
 717290 87696996 VLLM::Worker
 717291 87682124 VLLM::Worker
 717292 87669896 VLLM::Worker
 637392 64466648 ray::WorkerDict
 637395 64366380 ray::WorkerDict
 637394 64349156 ray::WorkerDict
 637393 64313528 ray::WorkerDict
1317539 4825800 VLLM::Worker_TP
1317538 4822224 VLLM::Worker_TP
 734178 2418204 ray::AgentLoopW
 734175 2380404 ray::AgentLoopW
 734173 2296520 ray::AgentLoopW
== 2026-09-06T00:16:00+09:00
Mem:            1007         711         290         368         379         295
    PID   RSS COMMAND
 717289 87705820 VLLM::Worker
 717290 87696996 VLLM::Worker
 717291 87682124 VLLM::Worker
 717292 87669896 VLLM::Worker
 637393 64289720 ray::WorkerDict
 637392 64164824 ray::WorkerDict
 637395 64051500 ray::WorkerDict
 637394 64000924 ray::WorkerDict
1317539 4825800 VLLM::Worker_TP
1317538 4822224 VLLM::Worker_TP
 734178 2418204 ray::AgentLoopW
 734175 2380404 ray::AgentLoopW
 734173 2296520 ray::AgentLoopW
== 2026-09-06T00:16:20+09:00
Mem:            1007         710         291         368         379         297
    PID   RSS COMMAND
 717289 87707356 VLLM::Worker
 717290 87696996 VLLM::Worker
 717291 87682124 VLLM::Worker
 717292 87670664 VLLM::Worker
 637392 63771608 ray::WorkerDict
 637394 63608816 ray::WorkerDict
 637393 63590072 ray::WorkerDict
 637395 63580716 ray::WorkerDict
1317539 4825800 VLLM::Worker_TP
1317538 4822224 VLLM::Worker_TP
 734178 2418204 ray::AgentLoopW
 734175 2380404 ray::AgentLoopW
 734173 2296520 ray::AgentLoopW
== 2026-09-06T00:16:40+09:00
Mem:            1007         710         291         368         379         297
    PID   RSS COMMAND
 717289 87707356 VLLM::Worker
 717290 87703140 VLLM::Worker
 717291 87683660 VLLM::Worker
 717292 87672168 VLLM::Worker
 637392 63772376 ray::WorkerDict
 637394 63608816 ray::WorkerDict
 637393 63590840 ray::WorkerDict
 637395 63580716 ray::WorkerDict
1317539 4825800 VLLM::Worker_TP
1317538 4822224 VLLM::Worker_TP
 734178 2442736 ray::AgentLoopW
 734175 2381672 ray::AgentLoopW
 734173 2318056 ray::AgentLoopW
== 2026-09-06T00:17:00+09:00
Mem:            1007         710         290         368         379         296
    PID   RSS COMMAND
 717289 87707356 VLLM::Worker
 717290 87703140 VLLM::Worker
 717291 87683660 VLLM::Worker
 717292 87672168 VLLM::Worker
 637392 63772376 ray::WorkerDict
 637394 63608816 ray::WorkerDict
 637393 63591608 ray::WorkerDict
 637395 63580716 ray::WorkerDict
1317539 4825800 VLLM::Worker_TP
1317538 4822224 VLLM::Worker_TP
 734178 2445040 ray::AgentLoopW
 734175 2381672 ray::AgentLoopW
 734173 2320360 ray::AgentLoopW
== 2026-09-06T00:17:20+09:00
Mem:            1007         710         290         368         379         296
    PID   RSS COMMAND
 717289 87706584 VLLM::Worker
 717290 87700544 VLLM::Worker
 717291 87682828 VLLM::Worker
 717292 87671388 VLLM::Worker
 637392 63771580 ray::WorkerDict
 637394 63607276 ray::WorkerDict
 637393 63589164 ray::WorkerDict
 637395 63578728 ray::WorkerDict
1317539 4825800 VLLM::Worker_TP
1317538 4822224 VLLM::Worker_TP
 734178 2445656 ray::AgentLoopW
 734175 2380888 ray::AgentLoopW
 734173 2319588 ray::AgentLoopW
== 2026-09-06T00:17:40+09:00
Mem:            1007         710         291         368         379         296
    PID   RSS COMMAND
 717289 87707352 VLLM::Worker
 717290 87699776 VLLM::Worker
 717291 87683596 VLLM::Worker
 717292 87672156 VLLM::Worker
 637392 63770724 ray::WorkerDict
 637394 63606428 ray::WorkerDict
 637393 63588324 ray::WorkerDict
 637395 63577888 ray::WorkerDict
1317539 4825800 VLLM::Worker_TP
1317538 4821456 VLLM::Worker_TP
 734178 2443492 ray::AgentLoopW
 734175 2380404 ray::AgentLoopW
 734173 2317512 ray::AgentLoopW
== 2026-09-06T00:18:00+09:00
Mem:            1007         710         291         368         379         296
    PID   RSS COMMAND
 717289 87707352 VLLM::Worker
 717290 87699776 VLLM::Worker
 717291 87683596 VLLM::Worker
 717292 87672156 VLLM::Worker
 637392 63770724 ray::WorkerDict
 637394 63606428 ray::WorkerDict
 637393 63588324 ray::WorkerDict
 637395 63577888 ray::WorkerDict
1317539 4825032 VLLM::Worker_TP
1317538 4820688 VLLM::Worker_TP
 734178 2443492 ray::AgentLoopW
 734175 2380404 ray::AgentLoopW
 734173 2317512 ray::AgentLoopW
== 2026-09-06T00:18:20+09:00
Mem:            1007         710         291         368         379         296
    PID   RSS COMMAND
 717289 87706536 VLLM::Worker
 717290 87700544 VLLM::Worker
 717291 87682784 VLLM::Worker
 717292 87671384 VLLM::Worker
 637392 63769956 ray::WorkerDict
 637394 63606428 ray::WorkerDict
 637393 63588324 ray::WorkerDict
 637395 63577888 ray::WorkerDict
1317539 4825032 VLLM::Worker_TP
1317538 4818828 VLLM::Worker_TP
 734178 2443492 ray::AgentLoopW
 734175 2380404 ray::AgentLoopW
 734173 2317512 ray::AgentLoopW
== 2026-09-06T00:18:40+09:00
Mem:            1007         710         291         368         379         296
    PID   RSS COMMAND
 717289 87706536 VLLM::Worker
 717290 87700544 VLLM::Worker
 717291 87682784 VLLM::Worker
 717292 87671384 VLLM::Worker
 637392 63769956 ray::WorkerDict
 637394 63606428 ray::WorkerDict
 637393 63588324 ray::WorkerDict
 637395 63577888 ray::WorkerDict
1317539 4825032 VLLM::Worker_TP
1317538 4818828 VLLM::Worker_TP
 734178 2443492 ray::AgentLoopW
 734175 2380404 ray::AgentLoopW
 734173 2317512 ray::AgentLoopW
== 2026-09-06T00:19:00+09:00
Mem:            1007         710         291         368         379         296
    PID   RSS COMMAND
 717289 87706536 VLLM::Worker
 717290 87700544 VLLM::Worker
 717291 87682784 VLLM::Worker
 717292 87671384 VLLM::Worker
 637392 63769956 ray::WorkerDict
 637394 63606428 ray::WorkerDict
 637393 63588324 ray::WorkerDict
 637395 63577888 ray::WorkerDict
1317539 4825032 VLLM::Worker_TP
1317538 4818828 VLLM::Worker_TP
 734178 2443492 ray::AgentLoopW
 734175 2380404 ray::AgentLoopW
 734173 2318280 ray::AgentLoopW
== 2026-09-06T00:19:21+09:00
Mem:            1007         710         291         368         379         296
    PID   RSS COMMAND
 717289 87706536 VLLM::Worker
 717290 87700544 VLLM::Worker
 717291 87682784 VLLM::Worker
 717292 87671384 VLLM::Worker
 637392 63769956 ray::WorkerDict
 637394 63606428 ray::WorkerDict
 637393 63588324 ray::WorkerDict
 637395 63577888 ray::WorkerDict
1317539 4825032 VLLM::Worker_TP
1317538 4818828 VLLM::Worker_TP
 734178 2443492 ray::AgentLoopW
 734175 2380404 ray::AgentLoopW
 734173 2318280 ray::AgentLoopW
== 2026-09-06T00:19:41+09:00
Mem:            1007         482         519         368         379         524
    PID   RSS COMMAND
 717289 87706536 VLLM::Worker
 717290 87699520 VLLM::Worker
 717291 87682784 VLLM::Worker
 717292 87671384 VLLM::Worker
1317539 4825032 VLLM::Worker_TP
1317538 4818828 VLLM::Worker_TP
 637392 4178220 ray::WorkerDict
 637394 4024664 ray::WorkerDict
 637393 3989268 ray::WorkerDict
 637395 3965208 ray::WorkerDict
 734178 2443492 ray::AgentLoopW
 734175 2380404 ray::AgentLoopW
 734173 2318280 ray::AgentLoopW
== 2026-09-06T00:20:01+09:00
Mem:            1007         482         519         368         379         524
    PID   RSS COMMAND
 717289 87709608 VLLM::Worker
 717290 87702592 VLLM::Worker
 717291 87685856 VLLM::Worker
 717292 87673688 VLLM::Worker
1317539 4825032 VLLM::Worker_TP
1317538 4818828 VLLM::Worker_TP
 637392 4178988 ray::WorkerDict
 637394 4025432 ray::WorkerDict
 637393 3990036 ray::WorkerDict
 637395 3965976 ray::WorkerDict
 734178 2443492 ray::AgentLoopW
 734175 2380404 ray::AgentLoopW
 734173 2318280 ray::AgentLoopW
== 2026-09-06T00:20:21+09:00
Mem:            1007         482         519         368         379         524
    PID   RSS COMMAND
 717289 87709608 VLLM::Worker
 717290 87702592 VLLM::Worker
 717291 87685856 VLLM::Worker
 717292 87673688 VLLM::Worker
1317539 4825032 VLLM::Worker_TP
1317538 4818060 VLLM::Worker_TP
 637392 4178988 ray::WorkerDict
 637394 4025432 ray::WorkerDict
 637393 3990036 ray::WorkerDict
 637395 3965976 ray::WorkerDict
 734178 2443492 ray::AgentLoopW
 734175 2380404 ray::AgentLoopW
 734173 2318280 ray::AgentLoopW
== 2026-09-06T00:20:41+09:00
Mem:            1007         482         519         368         379         524
    PID   RSS COMMAND
 717289 87709608 VLLM::Worker
 717290 87702592 VLLM::Worker
 717291 87685856 VLLM::Worker
 717292 87673688 VLLM::Worker
1317539 4825032 VLLM::Worker_TP
1317538 4820364 VLLM::Worker_TP
 637392 4183664 ray::WorkerDict
 637394 4030672 ray::WorkerDict
 637393 3993644 ray::WorkerDict
 637395 3984732 ray::WorkerDict
 734178 2443492 ray::AgentLoopW
 734175 2380404 ray::AgentLoopW
 734173 2318280 ray::AgentLoopW
== 2026-09-06T00:21:01+09:00
Mem:            1007         482         519         368         379         524
    PID   RSS COMMAND
 717289 87709608 VLLM::Worker
 717290 87702592 VLLM::Worker
 717291 87685856 VLLM::Worker
 717292 87673688 VLLM::Worker
1317539 4825032 VLLM::Worker_TP
1317538 4820364 VLLM::Worker_TP
 637392 4183664 ray::WorkerDict
 637394 4031440 ray::WorkerDict
 637393 3994412 ray::WorkerDict
 637395 3984732 ray::WorkerDict
 734178 2443492 ray::AgentLoopW
 734175 2380404 ray::AgentLoopW
 734173 2318280 ray::AgentLoopW
== 2026-09-06T00:21:21+09:00
Mem:            1007         482         519         368         379         524
    PID   RSS COMMAND
 717289 87709608 VLLM::Worker
 717290 87702592 VLLM::Worker
 717291 87685856 VLLM::Worker
 717292 87673688 VLLM::Worker
1317539 4825032 VLLM::Worker_TP
1317538 4820364 VLLM::Worker_TP
 637392 4183664 ray::WorkerDict
 637394 4031440 ray::WorkerDict
 637393 3994412 ray::WorkerDict
 637395 3984732 ray::WorkerDict
 734178 2443492 ray::AgentLoopW
 734175 2380404 ray::AgentLoopW
 734173 2318280 ray::AgentLoopW
== 2026-09-06T00:21:41+09:00
Mem:            1007         482         519         368         379         524
    PID   RSS COMMAND
 717289 87709608 VLLM::Worker
 717290 87702592 VLLM::Worker
 717291 87685856 VLLM::Worker
 717292 87673688 VLLM::Worker
1317539 4825032 VLLM::Worker_TP
1317538 4820364 VLLM::Worker_TP
 637392 4183664 ray::WorkerDict
 637394 4031440 ray::WorkerDict
 637393 3994412 ray::WorkerDict
 637395 3984732 ray::WorkerDict
 734178 2443492 ray::AgentLoopW
 734175 2380404 ray::AgentLoopW
 734173 2318280 ray::AgentLoopW
== 2026-09-06T00:22:01+09:00
Mem:            1007         482         519         368         379         524
    PID   RSS COMMAND
 717289 87709608 VLLM::Worker
 717290 87702592 VLLM::Worker
 717291 87685856 VLLM::Worker
 717292 87673688 VLLM::Worker
1317539 4825032 VLLM::Worker_TP
1317538 4820364 VLLM::Worker_TP
 637392 4183664 ray::WorkerDict
 637394 4031440 ray::WorkerDict
 637393 3994412 ray::WorkerDict
 637395 3984732 ray::WorkerDict
 734178 2443492 ray::AgentLoopW
 734175 2380404 ray::AgentLoopW
 734173 2318280 ray::AgentLoopW
== 2026-09-06T00:22:21+09:00
Mem:            1007         482         519         368         379         524
    PID   RSS COMMAND
 717289 87709608 VLLM::Worker
 717290 87702592 VLLM::Worker
 717291 87685856 VLLM::Worker
 717292 87673688 VLLM::Worker
1317539 4825032 VLLM::Worker_TP
1317538 4820364 VLLM::Worker_TP
 637392 4183664 ray::WorkerDict
 637394 4031440 ray::WorkerDict
 637393 3994412 ray::WorkerDict
 637395 3984732 ray::WorkerDict
 734178 2443492 ray::AgentLoopW
 734175 2380404 ray::AgentLoopW
 734173 2318280 ray::AgentLoopW
== 2026-09-06T00:22:41+09:00
Mem:            1007         482         519         368         379         524
    PID   RSS COMMAND
 717289 87709608 VLLM::Worker
 717290 87702592 VLLM::Worker
 717291 87685856 VLLM::Worker
 717292 87673688 VLLM::Worker
1317539 4825032 VLLM::Worker_TP
1317538 4820364 VLLM::Worker_TP
 637392 4183664 ray::WorkerDict
 637394 4031440 ray::WorkerDict
 637393 3994412 ray::WorkerDict
 637395 3984732 ray::WorkerDict
 734178 2443492 ray::AgentLoopW
 734175 2380404 ray::AgentLoopW
 734173 2318280 ray::AgentLoopW
== 2026-09-06T00:23:01+09:00
Mem:            1007         482         519         368         379         524
    PID   RSS COMMAND
 717289 87709608 VLLM::Worker
 717290 87702592 VLLM::Worker
 717291 87685856 VLLM::Worker
 717292 87673688 VLLM::Worker
1317539 4825032 VLLM::Worker_TP
1317538 4820364 VLLM::Worker_TP
 637392 4183664 ray::WorkerDict
 637394 4031440 ray::WorkerDict
 637393 3994412 ray::WorkerDict
 637395 3984732 ray::WorkerDict
 734178 2443492 ray::AgentLoopW
 734175 2380404 ray::AgentLoopW
 734173 2318280 ray::AgentLoopW
== 2026-09-06T00:23:21+09:00
Mem:            1007         482         519         368         379         524
    PID   RSS COMMAND
 717289 87709608 VLLM::Worker
 717290 87702592 VLLM::Worker
 717291 87685856 VLLM::Worker
 717292 87673688 VLLM::Worker
1317539 4825032 VLLM::Worker_TP
1317538 4820364 VLLM::Worker_TP
 637392 4183664 ray::WorkerDict
 637394 4031440 ray::WorkerDict
 637393 3994412 ray::WorkerDict
 637395 3984732 ray::WorkerDict
 734178 2443492 ray::AgentLoopW
 734175 2380404 ray::AgentLoopW
 734173 2318280 ray::AgentLoopW
== 2026-09-06T00:23:41+09:00
Mem:            1007         482         519         368         379         524
    PID   RSS COMMAND
 717289 87709608 VLLM::Worker
 717290 87702592 VLLM::Worker
 717291 87685856 VLLM::Worker
 717292 87673688 VLLM::Worker
1317539 4825032 VLLM::Worker_TP
1317538 4820364 VLLM::Worker_TP
 637392 4183664 ray::WorkerDict
 637394 4031440 ray::WorkerDict
 637393 3994412 ray::WorkerDict
 637395 3984732 ray::WorkerDict
 734178 2443492 ray::AgentLoopW
 734175 2380404 ray::AgentLoopW
 734173 2318280 ray::AgentLoopW
== 2026-09-06T00:24:01+09:00
Mem:            1007         565         436         368         379         441
    PID   RSS COMMAND
 717289 87709608 VLLM::Worker
 717290 87702592 VLLM::Worker
 717291 87685856 VLLM::Worker
 717292 87673688 VLLM::Worker
 637392 25910772 ray::WorkerDict
 637395 25821928 ray::WorkerDict
 637394 25812456 ray::WorkerDict
 637393 25735604 ray::WorkerDict
1317539 4825032 VLLM::Worker_TP
1317538 4820364 VLLM::Worker_TP
 734178 2443492 ray::AgentLoopW
 734175 2380404 ray::AgentLoopW
 734173 2318280 ray::AgentLoopW
== 2026-09-06T00:24:21+09:00
Mem:            1007         698         304         368         379         309
    PID   RSS COMMAND
 717289 87709608 VLLM::Worker
 717290 87702592 VLLM::Worker
 717291 87685856 VLLM::Worker
 717292 87673688 VLLM::Worker
 637392 60608244 ray::WorkerDict
 637393 60421556 ray::WorkerDict
 637395 60414952 ray::WorkerDict
 637394 60413160 ray::WorkerDict
1317539 4825032 VLLM::Worker_TP
1317538 4820364 VLLM::Worker_TP
 734178 2443492 ray::AgentLoopW
 734175 2380404 ray::AgentLoopW
 734173 2318280 ray::AgentLoopW
== 2026-09-06T00:24:41+09:00
Mem:            1007         711         291         368         378         296
    PID   RSS COMMAND
 717289 87709608 VLLM::Worker
 717290 87702592 VLLM::Worker
 717291 87685856 VLLM::Worker
 717292 87673688 VLLM::Worker
 637392 64263900 ray::WorkerDict
 637395 63983352 ray::WorkerDict
 637393 63928524 ray::WorkerDict
 637394 63843500 ray::WorkerDict
1317539 4825032 VLLM::Worker_TP
1317538 4820364 VLLM::Worker_TP
 734178 2443492 ray::AgentLoopW
 734175 2380404 ray::AgentLoopW
 734173 2318280 ray::AgentLoopW
== 2026-09-06T00:25:01+09:00
Mem:            1007         710         292         368         378         297
    PID   RSS COMMAND
 717289 87709608 VLLM::Worker
 717290 87702592 VLLM::Worker
 717291 87685856 VLLM::Worker
 717292 87673688 VLLM::Worker
 637392 63817664 ray::WorkerDict
 637393 63628416 ray::WorkerDict
 637395 63618732 ray::WorkerDict
 637394 63616940 ray::WorkerDict
1317539 4825032 VLLM::Worker_TP
1317538 4820364 VLLM::Worker_TP
 734178 2443492 ray::AgentLoopW
 734175 2380404 ray::AgentLoopW
 734173 2318280 ray::AgentLoopW
== 2026-09-06T00:25:21+09:00
Mem:            1007         710         291         368         378         296
    PID   RSS COMMAND
 717289 87711144 VLLM::Worker
 717290 87705936 VLLM::Worker
 717291 87687392 VLLM::Worker
 717292 87675992 VLLM::Worker
 637392 63817664 ray::WorkerDict
 637393 63628416 ray::WorkerDict
 637395 63618732 ray::WorkerDict
 637394 63616940 ray::WorkerDict
1317539 4825032 VLLM::Worker_TP
1317538 4820364 VLLM::Worker_TP
 734178 2547816 ray::AgentLoopW
 734175 2381144 ray::AgentLoopW
 734173 2319048 ray::AgentLoopW
== 2026-09-06T00:25:41+09:00
Mem:            1007         711         291         368         378         296
    PID   RSS COMMAND
 717289 87711144 VLLM::Worker
 717290 87705936 VLLM::Worker
 717291 87687392 VLLM::Worker
 717292 87675992 VLLM::Worker
 637392 63813056 ray::WorkerDict
 637393 63623808 ray::WorkerDict
 637395 63614124 ray::WorkerDict
 637394 63612332 ray::WorkerDict
1317539 4825032 VLLM::Worker_TP
1317538 4820364 VLLM::Worker_TP
 734178 2547816 ray::AgentLoopW
 734175 2380404 ray::AgentLoopW
 734173 2319048 ray::AgentLoopW
== 2026-09-06T00:26:01+09:00
Mem:            1007         710         291         368         378         296
    PID   RSS COMMAND
 717289 87711144 VLLM::Worker
 717290 87704008 VLLM::Worker
 717291 87687392 VLLM::Worker
 717292 87674992 VLLM::Worker
 637392 63813056 ray::WorkerDict
 637393 63623808 ray::WorkerDict
 637395 63614124 ray::WorkerDict
 637394 63612332 ray::WorkerDict
1317539 4825032 VLLM::Worker_TP
1317538 4820364 VLLM::Worker_TP
 734178 2548584 ray::AgentLoopW
 734175 2380404 ray::AgentLoopW
 734173 2319048 ray::AgentLoopW
== 2026-09-06T00:26:21+09:00
Mem:            1007         711         291         368         378         296
    PID   RSS COMMAND
 717289 87711144 VLLM::Worker
 717290 87704008 VLLM::Worker
 717291 87687392 VLLM::Worker
 717292 87674992 VLLM::Worker
 637392 63813056 ray::WorkerDict
 637393 63623808 ray::WorkerDict
 637395 63614124 ray::WorkerDict
 637394 63612332 ray::WorkerDict
1317539 4825032 VLLM::Worker_TP
1317538 4820364 VLLM::Worker_TP
 734178 2548584 ray::AgentLoopW
 734175 2380404 ray::AgentLoopW
 734173 2319048 ray::AgentLoopW
== 2026-09-06T00:26:41+09:00
Mem:            1007         710         291         368         378         296
    PID   RSS COMMAND
 717289 87711144 VLLM::Worker
 717290 87704008 VLLM::Worker
 717291 87687392 VLLM::Worker
 717292 87674992 VLLM::Worker
 637392 63813056 ray::WorkerDict
 637393 63623808 ray::WorkerDict
 637395 63614124 ray::WorkerDict
 637394 63612332 ray::WorkerDict
1317539 4825032 VLLM::Worker_TP
1317538 4820364 VLLM::Worker_TP
 734178 2548584 ray::AgentLoopW
 734175 2380404 ray::AgentLoopW
 734173 2319048 ray::AgentLoopW
== 2026-09-06T00:27:01+09:00
Mem:            1007         710         291         368         378         296
    PID   RSS COMMAND
 717289 87711144 VLLM::Worker
 717290 87704008 VLLM::Worker
 717291 87687392 VLLM::Worker
 717292 87674992 VLLM::Worker
 637392 63813056 ray::WorkerDict
 637393 63623808 ray::WorkerDict
 637395 63614124 ray::WorkerDict
 637394 63612332 ray::WorkerDict
1317539 4823396 VLLM::Worker_TP
1317538 4818584 VLLM::Worker_TP
 734178 2548584 ray::AgentLoopW
 734175 2380404 ray::AgentLoopW
 734173 2319048 ray::AgentLoopW
== 2026-09-06T00:27:21+09:00
Mem:            1007         710         291         368         378         296
    PID   RSS COMMAND
 717289 87711144 VLLM::Worker
 717290 87704008 VLLM::Worker
 717291 87687392 VLLM::Worker
 717292 87674992 VLLM::Worker
 637392 63813056 ray::WorkerDict
 637393 63623808 ray::WorkerDict
 637395 63614124 ray::WorkerDict
 637394 63612332 ray::WorkerDict
1317539 4823396 VLLM::Worker_TP
1317538 4818584 VLLM::Worker_TP
 734178 2548584 ray::AgentLoopW
 734175 2380404 ray::AgentLoopW
 734173 2319048 ray::AgentLoopW
== 2026-09-06T00:27:41+09:00
Mem:            1007         710         291         368         378         296
    PID   RSS COMMAND
 717289 87711144 VLLM::Worker
 717290 87704008 VLLM::Worker
 717291 87687392 VLLM::Worker
 717292 87674992 VLLM::Worker
 637392 63813056 ray::WorkerDict
 637393 63623808 ray::WorkerDict
 637395 63614124 ray::WorkerDict
 637394 63612332 ray::WorkerDict
1317539 4823396 VLLM::Worker_TP
1317538 4818584 VLLM::Worker_TP
 734178 2548584 ray::AgentLoopW
 734175 2380404 ray::AgentLoopW
 734173 2319048 ray::AgentLoopW
== 2026-09-06T00:28:01+09:00
Mem:            1007         710         291         368         378         296
    PID   RSS COMMAND
 717289 87711144 VLLM::Worker
 717290 87704008 VLLM::Worker
 717291 87686372 VLLM::Worker
 717292 87674992 VLLM::Worker
 637392 63813056 ray::WorkerDict
 637393 63623808 ray::WorkerDict
 637395 63614124 ray::WorkerDict
 637394 63612332 ray::WorkerDict
1317539 4823396 VLLM::Worker_TP
1317538 4818584 VLLM::Worker_TP
 734178 2548584 ray::AgentLoopW
 734175 2380404 ray::AgentLoopW
 734173 2319048 ray::AgentLoopW
== 2026-09-06T00:28:22+09:00
Mem:            1007         483         519         368         378         524
    PID   RSS COMMAND
 717289 87711144 VLLM::Worker
 717290 87704008 VLLM::Worker
 717291 87686372 VLLM::Worker
 717292 87674992 VLLM::Worker
1317539 4823396 VLLM::Worker_TP
1317538 4818584 VLLM::Worker_TP
 637392 4182788 ray::WorkerDict
 637394 4025180 ray::WorkerDict
 637393 3992968 ray::WorkerDict
 637395 3983256 ray::WorkerDict
 734178 2548584 ray::AgentLoopW
 734175 2380404 ray::AgentLoopW
 734173 2319048 ray::AgentLoopW
== 2026-09-06T00:28:42+09:00
Mem:            1007         483         519         368         378         524
    PID   RSS COMMAND
 717289 87711144 VLLM::Worker
 717290 87704008 VLLM::Worker
 717291 87686372 VLLM::Worker
 717292 87674992 VLLM::Worker
1317539 4823396 VLLM::Worker_TP
1317538 4818584 VLLM::Worker_TP
 637392 4182788 ray::WorkerDict
 637394 4025180 ray::WorkerDict
 637393 3992968 ray::WorkerDict
 637395 3983256 ray::WorkerDict
 734178 2548584 ray::AgentLoopW
 734175 2380404 ray::AgentLoopW
 734173 2319048 ray::AgentLoopW
== 2026-09-06T00:29:02+09:00
Mem:            1007         483         519         368         378         524
    PID   RSS COMMAND
 717289 87711144 VLLM::Worker
 717290 87704008 VLLM::Worker
 717291 87686372 VLLM::Worker
 717292 87674992 VLLM::Worker
1317539 4823396 VLLM::Worker_TP
1317538 4818584 VLLM::Worker_TP
 637392 4182788 ray::WorkerDict
 637394 4025180 ray::WorkerDict
 637393 3992968 ray::WorkerDict
 637395 3983256 ray::WorkerDict
 734178 2548584 ray::AgentLoopW
 734175 2380404 ray::AgentLoopW
 734173 2319048 ray::AgentLoopW
== 2026-09-06T00:29:22+09:00
Mem:            1007         483         519         368         378         524
    PID   RSS COMMAND
 717289 87711144 VLLM::Worker
 717290 87704008 VLLM::Worker
 717291 87686372 VLLM::Worker
 717292 87674992 VLLM::Worker
1317539 4823396 VLLM::Worker_TP
1317538 4818584 VLLM::Worker_TP
 637392 4185068 ray::WorkerDict
 637394 4028020 ray::WorkerDict
 637393 3995996 ray::WorkerDict
 637395 3987200 ray::WorkerDict
 734178 2548584 ray::AgentLoopW
 734175 2380404 ray::AgentLoopW
 734173 2319048 ray::AgentLoopW
== 2026-09-06T00:29:42+09:00
Mem:            1007         483         519         368         378         524
    PID   RSS COMMAND
 717289 87711144 VLLM::Worker
 717290 87704008 VLLM::Worker
 717291 87686372 VLLM::Worker
 717292 87674992 VLLM::Worker
1317539 4823396 VLLM::Worker_TP
1317538 4818584 VLLM::Worker_TP
 637392 4185068 ray::WorkerDict
 637394 4028020 ray::WorkerDict
 637393 3995996 ray::WorkerDict
 637395 3987200 ray::WorkerDict
 734178 2548584 ray::AgentLoopW
 734175 2380404 ray::AgentLoopW
 734173 2319048 ray::AgentLoopW
== 2026-09-06T00:30:02+09:00
Mem:            1007         483         519         368         378         524
    PID   RSS COMMAND
 717289 87711144 VLLM::Worker
 717290 87704008 VLLM::Worker
 717291 87686372 VLLM::Worker
 717292 87674992 VLLM::Worker
1317539 4823396 VLLM::Worker_TP
1317538 4818584 VLLM::Worker_TP
 637392 4185068 ray::WorkerDict
 637394 4028020 ray::WorkerDict
 637393 3995996 ray::WorkerDict
 637395 3987200 ray::WorkerDict
 734178 2548584 ray::AgentLoopW
 734175 2380404 ray::AgentLoopW
 734173 2319048 ray::AgentLoopW
== 2026-09-06T00:30:22+09:00
Mem:            1007         483         519         368         378         524
    PID   RSS COMMAND
 717289 87711144 VLLM::Worker
 717290 87704008 VLLM::Worker
 717291 87686372 VLLM::Worker
 717292 87674992 VLLM::Worker
1317539 4823396 VLLM::Worker_TP
1317538 4818584 VLLM::Worker_TP
 637392 4185068 ray::WorkerDict
 637394 4028020 ray::WorkerDict
 637393 3995996 ray::WorkerDict
 637395 3987200 ray::WorkerDict
 734178 2548584 ray::AgentLoopW
 734175 2380404 ray::AgentLoopW
 734173 2319048 ray::AgentLoopW
== 2026-09-06T00:30:42+09:00
Mem:            1007         483         519         368         378         524
    PID   RSS COMMAND
 717289 87711144 VLLM::Worker
 717290 87704008 VLLM::Worker
 717291 87686372 VLLM::Worker
 717292 87674992 VLLM::Worker
1317539 4823396 VLLM::Worker_TP
1317538 4819352 VLLM::Worker_TP
 637392 4185068 ray::WorkerDict
 637394 4028020 ray::WorkerDict
 637393 3995996 ray::WorkerDict
 637395 3987200 ray::WorkerDict
 734178 2548584 ray::AgentLoopW
 734175 2380404 ray::AgentLoopW
 734173 2319048 ray::AgentLoopW
== 2026-09-06T00:31:02+09:00
Mem:            1007         483         519         368         378         524
    PID   RSS COMMAND
 717289 87711144 VLLM::Worker
 717290 87704008 VLLM::Worker
 717291 87686372 VLLM::Worker
 717292 87674992 VLLM::Worker
1317539 4823396 VLLM::Worker_TP
1317538 4819352 VLLM::Worker_TP
 637392 4185068 ray::WorkerDict
 637394 4028020 ray::WorkerDict
 637393 3995996 ray::WorkerDict
 637395 3987200 ray::WorkerDict
 734178 2548584 ray::AgentLoopW
 734175 2380404 ray::AgentLoopW
 734173 2319048 ray::AgentLoopW
== 2026-09-06T00:31:22+09:00
Mem:            1007         483         519         368         378         524
    PID   RSS COMMAND
 717289 87711144 VLLM::Worker
 717290 87704008 VLLM::Worker
 717291 87686372 VLLM::Worker
 717292 87674992 VLLM::Worker
1317539 4822628 VLLM::Worker_TP
1317538 4818584 VLLM::Worker_TP
 637392 4185068 ray::WorkerDict
 637394 4028020 ray::WorkerDict
 637393 3995996 ray::WorkerDict
 637395 3987200 ray::WorkerDict
 734178 2548584 ray::AgentLoopW
 734175 2380404 ray::AgentLoopW
 734173 2319048 ray::AgentLoopW
== 2026-09-06T00:31:42+09:00
Mem:            1007         483         519         368         378         524
    PID   RSS COMMAND
 717289 87711144 VLLM::Worker
 717290 87704008 VLLM::Worker
 717291 87686372 VLLM::Worker
 717292 87674992 VLLM::Worker
1317539 4822628 VLLM::Worker_TP
1317538 4818584 VLLM::Worker_TP
 637392 4185068 ray::WorkerDict
 637394 4028020 ray::WorkerDict
 637393 3995996 ray::WorkerDict
 637395 3987200 ray::WorkerDict
 734178 2548584 ray::AgentLoopW
 734175 2380404 ray::AgentLoopW
 734173 2319048 ray::AgentLoopW
== 2026-09-06T00:32:02+09:00
Mem:            1007         483         519         368         378         524
    PID   RSS COMMAND
 717289 87711144 VLLM::Worker
 717290 87704008 VLLM::Worker
 717291 87686372 VLLM::Worker
 717292 87674992 VLLM::Worker
1317539 4822628 VLLM::Worker_TP
1317538 4818584 VLLM::Worker_TP
 637392 4185068 ray::WorkerDict
 637394 4028020 ray::WorkerDict
 637393 3995996 ray::WorkerDict
 637395 3987200 ray::WorkerDict
 734178 2548584 ray::AgentLoopW
 734175 2380404 ray::AgentLoopW
 734173 2319048 ray::AgentLoopW
== 2026-09-06T00:32:22+09:00
Mem:            1007         483         519         368         378         524
    PID   RSS COMMAND
 717289 87711144 VLLM::Worker
 717290 87704008 VLLM::Worker
 717291 87686372 VLLM::Worker
 717292 87674992 VLLM::Worker
1317539 4822628 VLLM::Worker_TP
1317538 4818584 VLLM::Worker_TP
 637392 4185068 ray::WorkerDict
 637394 4028020 ray::WorkerDict
 637393 3995996 ray::WorkerDict
 637395 3987200 ray::WorkerDict
 734178 2548584 ray::AgentLoopW
 734175 2380404 ray::AgentLoopW
 734173 2319048 ray::AgentLoopW
== 2026-09-06T00:32:42+09:00
Mem:            1007         483         519         368         378         524
    PID   RSS COMMAND
 717289 87711144 VLLM::Worker
 717290 87704008 VLLM::Worker
 717291 87686372 VLLM::Worker
 717292 87674992 VLLM::Worker
1317539 4822628 VLLM::Worker_TP
1317538 4818584 VLLM::Worker_TP
 637392 4185836 ray::WorkerDict
 637393 3995996 ray::WorkerDict
 637395 3988736 ray::WorkerDict
 637394 3984756 ray::WorkerDict
 734178 2548584 ray::AgentLoopW
 734175 2380404 ray::AgentLoopW
 734173 2319048 ray::AgentLoopW
== 2026-09-06T00:33:02+09:00
Mem:            1007         616         386         368         378         391
    PID   RSS COMMAND
 717289 87711144 VLLM::Worker
 717290 87704008 VLLM::Worker
 717291 87686372 VLLM::Worker
 717292 87674992 VLLM::Worker
 637392 39084840 ray::WorkerDict
 637395 38907804 ray::WorkerDict
 637393 38900840 ray::WorkerDict
 637394 38892840 ray::WorkerDict
1317539 4822628 VLLM::Worker_TP
1317538 4818584 VLLM::Worker_TP
 734178 2548584 ray::AgentLoopW
 734175 2380404 ray::AgentLoopW
 734173 2319048 ray::AgentLoopW
== 2026-09-06T00:33:22+09:00
Mem:            1007         712         290         368         378         294
    PID   RSS COMMAND
 717289 87711144 VLLM::Worker
 717290 87704008 VLLM::Worker
 717291 87686372 VLLM::Worker
 717292 87674992 VLLM::Worker
 637395 64300104 ray::WorkerDict
 637394 64202428 ray::WorkerDict
 637393 64076212 ray::WorkerDict
 637392 64076060 ray::WorkerDict
1317539 4822628 VLLM::Worker_TP
1317538 4818584 VLLM::Worker_TP
 734178 2548584 ray::AgentLoopW
 734175 2380404 ray::AgentLoopW
 734173 2319048 ray::AgentLoopW
== 2026-09-06T00:33:42+09:00
Mem:            1007         711         291         368         378         295
    PID   RSS COMMAND
 717289 87711144 VLLM::Worker
 717290 87704008 VLLM::Worker
 717291 87686372 VLLM::Worker
 717292 87674992 VLLM::Worker
 637392 64127796 ray::WorkerDict
 637394 64010868 ray::WorkerDict
 637395 63954944 ray::WorkerDict
 637393 63878068 ray::WorkerDict
1317539 4822628 VLLM::Worker_TP
1317538 4818584 VLLM::Worker_TP
 734178 2548584 ray::AgentLoopW
 734175 2380404 ray::AgentLoopW
 734173 2319048 ray::AgentLoopW
== 2026-09-06T00:34:02+09:00
Mem:            1007         711         291         368         378         296
    PID   RSS COMMAND
 717289 87711144 VLLM::Worker
 717290 87704008 VLLM::Worker
 717291 87686372 VLLM::Worker
 717292 87674992 VLLM::Worker
 637392 63815224 ray::WorkerDict
 637393 63623860 ray::WorkerDict
 637395 63617356 ray::WorkerDict
 637394 63612604 ray::WorkerDict
1317539 4822628 VLLM::Worker_TP
1317538 4818584 VLLM::Worker_TP
 734178 2550120 ray::AgentLoopW
 734176 2446408 ray::AgentLoopW
 734175 2381144 ray::AgentLoopW
== 2026-09-06T00:34:22+09:00
Mem:            1007         711         291         368         378         296
    PID   RSS COMMAND
 717289 87716520 VLLM::Worker
 717290 87706312 VLLM::Worker
 717291 87692516 VLLM::Worker
 717292 87679600 VLLM::Worker
 637392 63815224 ray::WorkerDict
 637393 63623860 ray::WorkerDict
 637395 63617356 ray::WorkerDict
 637394 63612604 ray::WorkerDict
1317539 4822628 VLLM::Worker_TP
1317538 4818584 VLLM::Worker_TP
 734178 2550120 ray::AgentLoopW
 734176 2446408 ray::AgentLoopW
 734175 2381144 ray::AgentLoopW
== 2026-09-06T00:34:42+09:00
Mem:            1007         711         291         368         378         296
    PID   RSS COMMAND
 717289 87716520 VLLM::Worker
 717290 87709384 VLLM::Worker
 717291 87691492 VLLM::Worker
 717292 87679600 VLLM::Worker
 637392 63815224 ray::WorkerDict
 637393 63623860 ray::WorkerDict
 637395 63617356 ray::WorkerDict
 637394 63612604 ray::WorkerDict
1317539 4822628 VLLM::Worker_TP
1317538 4818584 VLLM::Worker_TP
 734178 2550120 ray::AgentLoopW
 734176 2446408 ray::AgentLoopW
 734175 2381144 ray::AgentLoopW
== 2026-09-06T00:35:02+09:00
Mem:            1007         711         291         368         378         295
    PID   RSS COMMAND
 717289 87716520 VLLM::Worker
 717290 87709384 VLLM::Worker
 717291 87689444 VLLM::Worker
 717292 87679600 VLLM::Worker
 637392 63815224 ray::WorkerDict
 637393 63623860 ray::WorkerDict
 637395 63617356 ray::WorkerDict
 637394 63612604 ray::WorkerDict
1317539 4822628 VLLM::Worker_TP
1317538 4818584 VLLM::Worker_TP
 734178 2550120 ray::AgentLoopW
 734176 2446408 ray::AgentLoopW
 734175 2381144 ray::AgentLoopW
== 2026-09-06T00:35:22+09:00
Mem:            1007         711         290         368         379         296
    PID   RSS COMMAND
 717289 87713972 VLLM::Worker
 717290 87709384 VLLM::Worker
 717291 87688048 VLLM::Worker
 717292 87679600 VLLM::Worker
 637392 63815224 ray::WorkerDict
 637393 63623860 ray::WorkerDict
 637395 63617356 ray::WorkerDict
 637394 63612604 ray::WorkerDict
1317539 4822628 VLLM::Worker_TP
1317538 4818584 VLLM::Worker_TP
 734178 2550120 ray::AgentLoopW
 734176 2445124 ray::AgentLoopW
 734173 2382024 ray::AgentLoopW
== 2026-09-06T00:35:42+09:00
Mem:            1007         711         290         368         379         296
    PID   RSS COMMAND
 717289 87713972 VLLM::Worker
 717290 87709384 VLLM::Worker
 717291 87688048 VLLM::Worker
 717292 87678604 VLLM::Worker
 637392 63815224 ray::WorkerDict
 637393 63623860 ray::WorkerDict
 637395 63617356 ray::WorkerDict
 637394 63612604 ray::WorkerDict
1317539 4822628 VLLM::Worker_TP
1317538 4818584 VLLM::Worker_TP
 734178 2550120 ray::AgentLoopW
 734176 2445124 ray::AgentLoopW
 734173 2382024 ray::AgentLoopW
== 2026-09-06T00:36:02+09:00
Mem:            1007         711         291         368         379         296
    PID   RSS COMMAND
 717289 87711924 VLLM::Worker
 717290 87705496 VLLM::Worker
 717291 87688048 VLLM::Worker
 717292 87678604 VLLM::Worker
 637392 63815224 ray::WorkerDict
 637393 63623860 ray::WorkerDict
 637395 63617356 ray::WorkerDict
 637394 63612604 ray::WorkerDict
1317539 4822628 VLLM::Worker_TP
1317538 4818584 VLLM::Worker_TP
 734178 2550120 ray::AgentLoopW
 734176 2447188 ray::AgentLoopW
 734173 2382024 ray::AgentLoopW
== 2026-09-06T00:36:22+09:00
Mem:            1007         711         291         368         379         296
    PID   RSS COMMAND
 717289 87711924 VLLM::Worker
 717290 87705496 VLLM::Worker
 717291 87687024 VLLM::Worker
 717292 87678604 VLLM::Worker
 637392 63815224 ray::WorkerDict
 637393 63623860 ray::WorkerDict
 637395 63617356 ray::WorkerDict
 637394 63612604 ray::WorkerDict
1317539 4822628 VLLM::Worker_TP
1317538 4818584 VLLM::Worker_TP
 734178 2550120 ray::AgentLoopW
 734176 2447188 ray::AgentLoopW
 734173 2382024 ray::AgentLoopW
== 2026-09-06T00:36:42+09:00
Mem:            1007         711         291         368         379         296
    PID   RSS COMMAND
 717289 87711924 VLLM::Worker
 717290 87705496 VLLM::Worker
 717291 87687024 VLLM::Worker
 717292 87678604 VLLM::Worker
 637392 63815224 ray::WorkerDict
 637393 63623860 ray::WorkerDict
 637395 63617356 ray::WorkerDict
 637394 63612604 ray::WorkerDict
1317539 4822628 VLLM::Worker_TP
1317538 4818584 VLLM::Worker_TP
 734178 2550120 ray::AgentLoopW
 734176 2447188 ray::AgentLoopW
 734173 2382024 ray::AgentLoopW
== 2026-09-06T00:37:02+09:00
Mem:            1007         711         291         368         379         296
    PID   RSS COMMAND
 717289 87711924 VLLM::Worker
 717290 87705496 VLLM::Worker
 717291 87687024 VLLM::Worker
 717292 87677648 VLLM::Worker
 637392 63815224 ray::WorkerDict
 637393 63623860 ray::WorkerDict
 637395 63617356 ray::WorkerDict
 637394 63612604 ray::WorkerDict
1317539 4822628 VLLM::Worker_TP
1317538 4818584 VLLM::Worker_TP
 734178 2550120 ray::AgentLoopW
 734176 2447188 ray::AgentLoopW
 734173 2382024 ray::AgentLoopW
== 2026-09-06T00:37:22+09:00
Mem:            1007         483         518         368         379         523
    PID   RSS COMMAND
 717289 87710916 VLLM::Worker
 717290 87705496 VLLM::Worker
 717291 87687024 VLLM::Worker
 717292 87677648 VLLM::Worker
1317539 4822628 VLLM::Worker_TP
1317538 4818584 VLLM::Worker_TP
 637392 4199664 ray::WorkerDict
 637394 4043560 ray::WorkerDict
 637393 4005180 ray::WorkerDict
 637395 3997172 ray::WorkerDict
 734178 2550120 ray::AgentLoopW
 734176 2447188 ray::AgentLoopW
 734173 2382024 ray::AgentLoopW
== 2026-09-06T00:37:43+09:00
Mem:            1007         483         518         368         379         523
    PID   RSS COMMAND
 717289 87710916 VLLM::Worker
 717290 87705496 VLLM::Worker
 717291 87687024 VLLM::Worker
 717292 87677648 VLLM::Worker
1317539 4822628 VLLM::Worker_TP
1317538 4818584 VLLM::Worker_TP
 637392 4199664 ray::WorkerDict
 637394 4043560 ray::WorkerDict
 637393 4005180 ray::WorkerDict
 637395 3997172 ray::WorkerDict
 734178 2550120 ray::AgentLoopW
 734176 2447188 ray::AgentLoopW
 734173 2382024 ray::AgentLoopW
== 2026-09-06T00:38:03+09:00
Mem:            1007         483         518         368         378         523
    PID   RSS COMMAND
 717289 87710916 VLLM::Worker
 717290 87705496 VLLM::Worker
 717291 87687024 VLLM::Worker
 717292 87677648 VLLM::Worker
1317539 4821092 VLLM::Worker_TP
1317538 4817816 VLLM::Worker_TP
 637392 4199664 ray::WorkerDict
 637394 4043560 ray::WorkerDict
 637393 4005180 ray::WorkerDict
 637395 3997172 ray::WorkerDict
 734178 2550120 ray::AgentLoopW
 734176 2447188 ray::AgentLoopW
 734173 2382024 ray::AgentLoopW
== 2026-09-06T00:38:23+09:00
Mem:            1007         483         518         368         378         523
    PID   RSS COMMAND
 717289 87710916 VLLM::Worker
 717290 87705496 VLLM::Worker
 717291 87687024 VLLM::Worker
 717292 87677648 VLLM::Worker
1317539 4821092 VLLM::Worker_TP
1317538 4817816 VLLM::Worker_TP
 637392 4199664 ray::WorkerDict
 637394 4043560 ray::WorkerDict
 637393 4005180 ray::WorkerDict
 637395 3997172 ray::WorkerDict
 734178 2550120 ray::AgentLoopW
 734176 2447188 ray::AgentLoopW
 734173 2382024 ray::AgentLoopW
== 2026-09-06T00:38:43+09:00
Mem:            1007         483         518         368         378         523
    PID   RSS COMMAND
 717289 87710916 VLLM::Worker
 717290 87705496 VLLM::Worker
 717291 87687024 VLLM::Worker
 717292 87677648 VLLM::Worker
1317539 4820308 VLLM::Worker_TP
1317538 4816080 VLLM::Worker_TP
 637392 4218248 ray::WorkerDict
 637394 4063736 ray::WorkerDict
 637393 4024796 ray::WorkerDict
 637395 4010412 ray::WorkerDict
 734178 2550120 ray::AgentLoopW
 734176 2447188 ray::AgentLoopW
 734173 2382024 ray::AgentLoopW
== 2026-09-06T00:39:03+09:00
Mem:            1007         483         518         368         378         523
    PID   RSS COMMAND
 717289 87710916 VLLM::Worker
 717290 87705496 VLLM::Worker
 717291 87687024 VLLM::Worker
 717292 87677648 VLLM::Worker
1317539 4820308 VLLM::Worker_TP
1317538 4816080 VLLM::Worker_TP
 637392 4218248 ray::WorkerDict
 637394 4064504 ray::WorkerDict
 637393 4024796 ray::WorkerDict
 637395 4011180 ray::WorkerDict
 734178 2550120 ray::AgentLoopW
 734176 2447188 ray::AgentLoopW
 734173 2382024 ray::AgentLoopW
== 2026-09-06T00:39:23+09:00
Mem:            1007         483         518         368         378         523
    PID   RSS COMMAND
 717289 87710916 VLLM::Worker
 717290 87705496 VLLM::Worker
 717291 87687024 VLLM::Worker
 717292 87677648 VLLM::Worker
1317539 4820308 VLLM::Worker_TP
1317538 4816080 VLLM::Worker_TP
 637392 4218248 ray::WorkerDict
 637394 4064504 ray::WorkerDict
 637393 4024796 ray::WorkerDict
 637395 4011180 ray::WorkerDict
 734178 2550120 ray::AgentLoopW
 734176 2447188 ray::AgentLoopW
 734173 2382024 ray::AgentLoopW
== 2026-09-06T00:39:43+09:00
Mem:            1007         483         518         368         378         523
    PID   RSS COMMAND
 717289 87710916 VLLM::Worker
 717290 87705496 VLLM::Worker
 717291 87687024 VLLM::Worker
 717292 87677648 VLLM::Worker
1317539 4821076 VLLM::Worker_TP
1317538 4816080 VLLM::Worker_TP
 637392 4218248 ray::WorkerDict
 637394 4064504 ray::WorkerDict
 637393 4024796 ray::WorkerDict
 637395 4011180 ray::WorkerDict
 734178 2550120 ray::AgentLoopW
 734176 2447188 ray::AgentLoopW
 734173 2382024 ray::AgentLoopW
== 2026-09-06T00:40:03+09:00
Mem:            1007         483         518         368         378         523
    PID   RSS COMMAND
 717289 87710916 VLLM::Worker
 717290 87705496 VLLM::Worker
 717291 87687024 VLLM::Worker
 717292 87677648 VLLM::Worker
1317539 4821076 VLLM::Worker_TP
1317538 4816080 VLLM::Worker_TP
 637392 4218248 ray::WorkerDict
 637394 4064504 ray::WorkerDict
 637393 4024796 ray::WorkerDict
 637395 4011180 ray::WorkerDict
 734178 2550120 ray::AgentLoopW
 734176 2447188 ray::AgentLoopW
 734173 2382024 ray::AgentLoopW
== 2026-09-06T00:40:23+09:00
Mem:            1007         483         518         368         378         523
    PID   RSS COMMAND
 717289 87710916 VLLM::Worker
 717290 87705496 VLLM::Worker
 717291 87687024 VLLM::Worker
 717292 87677648 VLLM::Worker
1317539 4821076 VLLM::Worker_TP
1317538 4816080 VLLM::Worker_TP
 637392 4218248 ray::WorkerDict
 637394 4064504 ray::WorkerDict
 637393 4024796 ray::WorkerDict
 637395 4011180 ray::WorkerDict
 734178 2550120 ray::AgentLoopW
 734176 2447188 ray::AgentLoopW
 734173 2382024 ray::AgentLoopW
== 2026-09-06T00:40:43+09:00
Mem:            1007         483         518         368         378         523
    PID   RSS COMMAND
 717289 87710916 VLLM::Worker
 717290 87705496 VLLM::Worker
 717291 87687024 VLLM::Worker
 717292 87677648 VLLM::Worker
1317539 4821076 VLLM::Worker_TP
1317538 4816080 VLLM::Worker_TP
 637392 4218248 ray::WorkerDict
 637394 4064504 ray::WorkerDict
 637393 4024796 ray::WorkerDict
 637395 4011180 ray::WorkerDict
 734178 2550120 ray::AgentLoopW
 734176 2447188 ray::AgentLoopW
 734173 2382024 ray::AgentLoopW
== 2026-09-06T00:41:03+09:00
Mem:            1007         483         518         368         378         523
    PID   RSS COMMAND
 717289 87710916 VLLM::Worker
 717290 87705496 VLLM::Worker
 717291 87687024 VLLM::Worker
 717292 87677648 VLLM::Worker
1317539 4821076 VLLM::Worker_TP
1317538 4816080 VLLM::Worker_TP
 637392 4218248 ray::WorkerDict
 637394 4064504 ray::WorkerDict
 637393 4024796 ray::WorkerDict
 637395 4011180 ray::WorkerDict
 734178 2550120 ray::AgentLoopW
 734176 2447188 ray::AgentLoopW
 734173 2382024 ray::AgentLoopW
== 2026-09-06T00:41:23+09:00
Mem:            1007         483         518         368         378         523
    PID   RSS COMMAND
 717289 87710916 VLLM::Worker
 717290 87705496 VLLM::Worker
 717291 87687024 VLLM::Worker
 717292 87677648 VLLM::Worker
1317539 4821076 VLLM::Worker_TP
1317538 4816080 VLLM::Worker_TP
 637392 4218248 ray::WorkerDict
 637394 4064504 ray::WorkerDict
 637393 4024796 ray::WorkerDict
 637395 4011180 ray::WorkerDict
 734178 2550120 ray::AgentLoopW
 734176 2447188 ray::AgentLoopW
 734173 2382024 ray::AgentLoopW
== 2026-09-06T00:41:43+09:00
Mem:            1007         483         518         368         378         523
    PID   RSS COMMAND
 717289 87710916 VLLM::Worker
 717290 87705496 VLLM::Worker
 717291 87687024 VLLM::Worker
 717292 87677648 VLLM::Worker
1317539 4821076 VLLM::Worker_TP
1317538 4816080 VLLM::Worker_TP
 637392 4218248 ray::WorkerDict
 637394 4064504 ray::WorkerDict
 637393 4024796 ray::WorkerDict
 637395 4011180 ray::WorkerDict
 734178 2550120 ray::AgentLoopW
 734176 2447188 ray::AgentLoopW
 734173 2382024 ray::AgentLoopW
== 2026-09-06T00:42:03+09:00
Mem:            1007         483         518         368         378         523
    PID   RSS COMMAND
 717289 87710916 VLLM::Worker
 717290 87705496 VLLM::Worker
 717291 87687024 VLLM::Worker
 717292 87677648 VLLM::Worker
1317539 4821076 VLLM::Worker_TP
1317538 4816080 VLLM::Worker_TP
 637392 4218248 ray::WorkerDict
 637394 4064504 ray::WorkerDict
 637393 4024796 ray::WorkerDict
 637395 4011180 ray::WorkerDict
 734178 2550120 ray::AgentLoopW
 734176 2447188 ray::AgentLoopW
 734173 2382024 ray::AgentLoopW
== 2026-09-06T00:42:23+09:00
Mem:            1007         483         518         368         378         523
    PID   RSS COMMAND
 717289 87710916 VLLM::Worker
 717290 87705496 VLLM::Worker
 717291 87687024 VLLM::Worker
 717292 87677648 VLLM::Worker
1317539 4821076 VLLM::Worker_TP
1317538 4816080 VLLM::Worker_TP
 637392 4218248 ray::WorkerDict
 637394 4064504 ray::WorkerDict
 637393 4024796 ray::WorkerDict
 637395 4011180 ray::WorkerDict
 734178 2550120 ray::AgentLoopW
 734176 2447188 ray::AgentLoopW
 734173 2382024 ray::AgentLoopW
== 2026-09-06T00:42:43+09:00
Mem:            1007         483         518         368         378         523
    PID   RSS COMMAND
 717289 87710916 VLLM::Worker
 717290 87705496 VLLM::Worker
 717291 87687024 VLLM::Worker
 717292 87677648 VLLM::Worker
1317539 4821076 VLLM::Worker_TP
1317538 4816080 VLLM::Worker_TP
 637392 4218248 ray::WorkerDict
 637394 4064504 ray::WorkerDict
 637393 4024796 ray::WorkerDict
 637395 4011180 ray::WorkerDict
 734178 2550120 ray::AgentLoopW
 734176 2447188 ray::AgentLoopW
 734173 2382024 ray::AgentLoopW
== 2026-09-06T00:43:03+09:00
Mem:            1007         483         518         368         378         523
    PID   RSS COMMAND
 717289 87710916 VLLM::Worker
 717290 87705496 VLLM::Worker
 717291 87687024 VLLM::Worker
 717292 87677648 VLLM::Worker
1317539 4821076 VLLM::Worker_TP
1317538 4816080 VLLM::Worker_TP
 637392 4218248 ray::WorkerDict
 637394 4064504 ray::WorkerDict
 637393 4024796 ray::WorkerDict
 637395 4011180 ray::WorkerDict
 734178 2550120 ray::AgentLoopW
 734176 2447188 ray::AgentLoopW
 734173 2382024 ray::AgentLoopW
== 2026-09-06T00:43:23+09:00
Mem:            1007         483         518         368         378         523
    PID   RSS COMMAND
 717289 87710916 VLLM::Worker
 717290 87705496 VLLM::Worker
 717291 87687024 VLLM::Worker
 717292 87677648 VLLM::Worker
1317539 4821076 VLLM::Worker_TP
1317538 4816080 VLLM::Worker_TP
 637392 4218248 ray::WorkerDict
 637394 4064504 ray::WorkerDict
 637393 4024796 ray::WorkerDict
 637395 4011180 ray::WorkerDict
 734178 2550120 ray::AgentLoopW
 734176 2447188 ray::AgentLoopW
 734173 2382024 ray::AgentLoopW
== 2026-09-06T00:43:43+09:00
Mem:            1007         483         518         368         378         523
    PID   RSS COMMAND
 717289 87710916 VLLM::Worker
 717290 87705496 VLLM::Worker
 717291 87687024 VLLM::Worker
 717292 87677648 VLLM::Worker
1317539 4821076 VLLM::Worker_TP
1317538 4816080 VLLM::Worker_TP
 637392 4218248 ray::WorkerDict
 637394 4064504 ray::WorkerDict
 637393 4024796 ray::WorkerDict
 637395 4011180 ray::WorkerDict
 734178 2550120 ray::AgentLoopW
 734176 2447188 ray::AgentLoopW
 734173 2382024 ray::AgentLoopW
== 2026-09-06T00:44:03+09:00
Mem:            1007         483         518         368         378         523
    PID   RSS COMMAND
 717289 87710916 VLLM::Worker
 717290 87705496 VLLM::Worker
 717291 87687024 VLLM::Worker
 717292 87677648 VLLM::Worker
1317539 4821076 VLLM::Worker_TP
1317538 4816080 VLLM::Worker_TP
 637392 4218248 ray::WorkerDict
 637394 4064504 ray::WorkerDict
 637393 4024796 ray::WorkerDict
 637395 4011180 ray::WorkerDict
 734178 2550120 ray::AgentLoopW
 734176 2447188 ray::AgentLoopW
 734173 2382024 ray::AgentLoopW
== 2026-09-06T00:44:23+09:00
Mem:            1007         513         489         368         378         494
    PID   RSS COMMAND
 717289 87710916 VLLM::Worker
 717290 87705496 VLLM::Worker
 717291 87687024 VLLM::Worker
 717292 87677648 VLLM::Worker
 637394 12190888 ray::WorkerDict
 637395 12099980 ray::WorkerDict
 637392 11809524 ray::WorkerDict
 637393 11617304 ray::WorkerDict
1317539 4821076 VLLM::Worker_TP
1317538 4816080 VLLM::Worker_TP
 734178 2550120 ray::AgentLoopW
 734176 2447188 ray::AgentLoopW
 734173 2382024 ray::AgentLoopW
== 2026-09-06T00:44:43+09:00
Mem:            1007         649         353         368         378         358
    PID   RSS COMMAND
 717289 87710916 VLLM::Worker
 717290 87705496 VLLM::Worker
 717291 87687024 VLLM::Worker
 717292 87677648 VLLM::Worker
 637392 47646304 ray::WorkerDict
 637394 47558704 ray::WorkerDict
 637395 47463188 ray::WorkerDict
 637393 47457720 ray::WorkerDict
1317539 4821076 VLLM::Worker_TP
1317538 4816080 VLLM::Worker_TP
 734178 2550120 ray::AgentLoopW
 734176 2447188 ray::AgentLoopW
 734173 2382024 ray::AgentLoopW
== 2026-09-06T00:45:03+09:00
Mem:            1007         712         290         368         378         295
    PID   RSS COMMAND
 717289 87710916 VLLM::Worker
 717290 87705496 VLLM::Worker
 717291 87687024 VLLM::Worker
 717292 87677648 VLLM::Worker
 637393 64375012 ray::WorkerDict
 637392 64030656 ray::WorkerDict
 637395 63895288 ray::WorkerDict
 637394 63887964 ray::WorkerDict
1317539 4821076 VLLM::Worker_TP
1317538 4816080 VLLM::Worker_TP
 734178 2550120 ray::AgentLoopW
 734176 2447188 ray::AgentLoopW
 734173 2382024 ray::AgentLoopW
== 2026-09-06T00:45:23+09:00
Mem:            1007         711         290         368         378         295
    PID   RSS COMMAND
 717289 87710916 VLLM::Worker
 717290 87705496 VLLM::Worker
 717291 87687024 VLLM::Worker
 717292 87677648 VLLM::Worker
 637395 64062272 ray::WorkerDict
 637392 64023744 ray::WorkerDict
 637393 63867036 ray::WorkerDict
 637394 63677532 ray::WorkerDict
1317539 4821076 VLLM::Worker_TP
1317538 4816080 VLLM::Worker_TP
 734178 2550120 ray::AgentLoopW
 734176 2447188 ray::AgentLoopW
 734173 2382024 ray::AgentLoopW
== 2026-09-06T00:45:43+09:00
Mem:            1007         711         290         368         378         295
    PID   RSS COMMAND
 717289 87710916 VLLM::Worker
 717290 87707032 VLLM::Worker
 717291 87687024 VLLM::Worker
 717292 87677648 VLLM::Worker
 637392 63781056 ray::WorkerDict
 637394 63677532 ray::WorkerDict
 637393 63588580 ray::WorkerDict
 637395 63584576 ray::WorkerDict
1317539 4820192 VLLM::Worker_TP
1317538 4815244 VLLM::Worker_TP
 734176 2552728 ray::AgentLoopW
 734178 2550120 ray::AgentLoopW
 734173 2404296 ray::AgentLoopW
== 2026-09-06T00:46:03+09:00
Mem:            1007         711         291         368         378         295
    PID   RSS COMMAND
 717289 87714756 VLLM::Worker
 717290 87708888 VLLM::Worker
 717291 87688432 VLLM::Worker
 717292 87677648 VLLM::Worker
 637392 63781056 ray::WorkerDict
 637394 63677532 ray::WorkerDict
 637393 63588580 ray::WorkerDict
 637395 63584576 ray::WorkerDict
1317539 4819424 VLLM::Worker_TP
1317538 4814476 VLLM::Worker_TP
 734176 2552728 ray::AgentLoopW
 734178 2550120 ray::AgentLoopW
 734173 2404296 ray::AgentLoopW
== 2026-09-06T00:46:23+09:00
Mem:            1007         711         290         368         379         295
    PID   RSS COMMAND
 717289 87714756 VLLM::Worker
 717290 87709656 VLLM::Worker
 717291 87689968 VLLM::Worker
 717292 87677648 VLLM::Worker
 637392 63776448 ray::WorkerDict
 637394 63675228 ray::WorkerDict
 637393 63583972 ray::WorkerDict
 637395 63581504 ray::WorkerDict
1317539 4819424 VLLM::Worker_TP
1317538 4814476 VLLM::Worker_TP
 734176 2552932 ray::AgentLoopW
 734178 2550888 ray::AgentLoopW
 734173 2404296 ray::AgentLoopW
== 2026-09-06T00:46:43+09:00
Mem:            1007         712         289         368         379         295
    PID   RSS COMMAND
 717289 87713584 VLLM::Worker
 717290 87709656 VLLM::Worker
 717291 87689004 VLLM::Worker
 717292 87677648 VLLM::Worker
 637392 63776448 ray::WorkerDict
 637394 63675228 ray::WorkerDict
 637393 63583972 ray::WorkerDict
 637395 63581504 ray::WorkerDict
1317539 4819424 VLLM::Worker_TP
1317538 4814476 VLLM::Worker_TP
 734178 2550888 ray::AgentLoopW
 734176 2550108 ray::AgentLoopW
 734173 2404296 ray::AgentLoopW
== 2026-09-06T00:47:03+09:00
Mem:            1007         712         289         368         379         295
    PID   RSS COMMAND
 717289 87712564 VLLM::Worker
 717290 87709656 VLLM::Worker
 717291 87689004 VLLM::Worker
 717292 87677648 VLLM::Worker
 637392 63776448 ray::WorkerDict
 637394 63675228 ray::WorkerDict
 637393 63583972 ray::WorkerDict
 637395 63581504 ray::WorkerDict
1317539 4819424 VLLM::Worker_TP
1317538 4814476 VLLM::Worker_TP
 734178 2550888 ray::AgentLoopW
 734176 2550108 ray::AgentLoopW
 734173 2404296 ray::AgentLoopW
== 2026-09-06T00:47:24+09:00
Mem:            1007         712         289         368         379         295
    PID   RSS COMMAND
 717289 87712564 VLLM::Worker
 717290 87708636 VLLM::Worker
 717291 87689004 VLLM::Worker
 717292 87677648 VLLM::Worker
 637392 63776448 ray::WorkerDict
 637394 63675228 ray::WorkerDict
 637393 63583972 ray::WorkerDict
 637395 63581504 ray::WorkerDict
1317539 4819424 VLLM::Worker_TP
1317538 4814476 VLLM::Worker_TP
 734178 2550888 ray::AgentLoopW
 734176 2550108 ray::AgentLoopW
 734173 2404296 ray::AgentLoopW
== 2026-09-06T00:47:44+09:00
Mem:            1007         711         289         368         379         295
    PID   RSS COMMAND
 717289 87712564 VLLM::Worker
 717290 87708636 VLLM::Worker
 717291 87689004 VLLM::Worker
 717292 87677648 VLLM::Worker
 637392 63776448 ray::WorkerDict
 637394 63675228 ray::WorkerDict
 637393 63583972 ray::WorkerDict
 637395 63581504 ray::WorkerDict
1317539 4819424 VLLM::Worker_TP
1317538 4814476 VLLM::Worker_TP
 734178 2550888 ray::AgentLoopW
 734176 2550108 ray::AgentLoopW
 734173 2404296 ray::AgentLoopW
== 2026-09-06T00:48:04+09:00
Mem:            1007         712         289         368         379         295
    PID   RSS COMMAND
 717289 87712564 VLLM::Worker
 717290 87708636 VLLM::Worker
 717291 87689004 VLLM::Worker
 717292 87677648 VLLM::Worker
 637392 63776448 ray::WorkerDict
 637394 63675228 ray::WorkerDict
 637393 63583972 ray::WorkerDict
 637395 63581504 ray::WorkerDict
1317539 4819424 VLLM::Worker_TP
1317538 4814476 VLLM::Worker_TP
 734178 2550888 ray::AgentLoopW
 734176 2550108 ray::AgentLoopW
 734173 2404296 ray::AgentLoopW
== 2026-09-06T00:48:24+09:00
Mem:            1007         711         290         368         379         295
    PID   RSS COMMAND
 717289 87712564 VLLM::Worker
 717290 87708636 VLLM::Worker
 717291 87689004 VLLM::Worker
 717292 87677648 VLLM::Worker
 637392 63776448 ray::WorkerDict
 637394 63675228 ray::WorkerDict
 637393 63583972 ray::WorkerDict
 637395 63581504 ray::WorkerDict
1317539 4819424 VLLM::Worker_TP
1317538 4814476 VLLM::Worker_TP
 734178 2550888 ray::AgentLoopW
 734176 2550108 ray::AgentLoopW
 734173 2404296 ray::AgentLoopW
== 2026-09-06T00:48:44+09:00
Mem:            1007         711         290         368         379         295
    PID   RSS COMMAND
 717289 87712564 VLLM::Worker
 717290 87708636 VLLM::Worker
 717291 87689004 VLLM::Worker
 717292 87677648 VLLM::Worker
 637392 63776448 ray::WorkerDict
 637394 63675228 ray::WorkerDict
 637393 63583972 ray::WorkerDict
 637395 63581504 ray::WorkerDict
1317539 4819424 VLLM::Worker_TP
1317538 4814476 VLLM::Worker_TP
 734178 2550888 ray::AgentLoopW
 734176 2550108 ray::AgentLoopW
 734173 2404296 ray::AgentLoopW
== 2026-09-06T00:49:04+09:00
Mem:            1007         711         290         368         379         295
    PID   RSS COMMAND
 717289 87712564 VLLM::Worker
 717290 87708636 VLLM::Worker
 717291 87689004 VLLM::Worker
 717292 87677648 VLLM::Worker
 637392 63776448 ray::WorkerDict
 637394 63675228 ray::WorkerDict
 637393 63583972 ray::WorkerDict
 637395 63581504 ray::WorkerDict
1317539 4819424 VLLM::Worker_TP
1317538 4814476 VLLM::Worker_TP
 734178 2550888 ray::AgentLoopW
 734176 2550108 ray::AgentLoopW
 734173 2404296 ray::AgentLoopW
== 2026-09-06T00:49:24+09:00
Mem:            1007         711         290         368         379         295
    PID   RSS COMMAND
 717289 87712564 VLLM::Worker
 717290 87708636 VLLM::Worker
 717291 87689004 VLLM::Worker
 717292 87677648 VLLM::Worker
 637392 63776448 ray::WorkerDict
 637394 63675228 ray::WorkerDict
 637393 63583972 ray::WorkerDict
 637395 63581504 ray::WorkerDict
1317539 4819424 VLLM::Worker_TP
1317538 4814476 VLLM::Worker_TP
 734178 2550888 ray::AgentLoopW
 734176 2550108 ray::AgentLoopW
 734173 2404296 ray::AgentLoopW
== 2026-09-06T00:49:44+09:00
Mem:            1007         711         290         368         379         295
    PID   RSS COMMAND
 717289 87711660 VLLM::Worker
 717290 87708636 VLLM::Worker
 717291 87689004 VLLM::Worker
 717292 87677648 VLLM::Worker
 637392 63776448 ray::WorkerDict
 637394 63675228 ray::WorkerDict
 637393 63583972 ray::WorkerDict
 637395 63581504 ray::WorkerDict
1317539 4819424 VLLM::Worker_TP
1317538 4814476 VLLM::Worker_TP
 734178 2550888 ray::AgentLoopW
 734176 2550108 ray::AgentLoopW
 734173 2404296 ray::AgentLoopW
== 2026-09-06T00:50:04+09:00
Mem:            1007         515         486         368         379         492
    PID   RSS COMMAND
 717289 87711660 VLLM::Worker
 717290 87707616 VLLM::Worker
 717291 87687228 VLLM::Worker
 717292 87676372 VLLM::Worker
 637392 11874940 ray::WorkerDict
 637393 11685552 ray::WorkerDict
 637394 11657556 ray::WorkerDict
 637395 11608652 ray::WorkerDict
1317539 4819424 VLLM::Worker_TP
1317538 4814476 VLLM::Worker_TP
 734178 2550888 ray::AgentLoopW
 734176 2550108 ray::AgentLoopW
 734173 2404296 ray::AgentLoopW
== 2026-09-06T00:50:24+09:00
Mem:            1007         484         517         368         379         523
    PID   RSS COMMAND
 717289 87711660 VLLM::Worker
 717290 87707616 VLLM::Worker
 717291 87687228 VLLM::Worker
 717292 87676372 VLLM::Worker
1317539 4819424 VLLM::Worker_TP
1317538 4814476 VLLM::Worker_TP
 637392 4209140 ray::WorkerDict
 637394 4069376 ray::WorkerDict
 637393 4020492 ray::WorkerDict
 637395 4019704 ray::WorkerDict
 734178 2550888 ray::AgentLoopW
 734176 2550108 ray::AgentLoopW
 734173 2404296 ray::AgentLoopW
== 2026-09-06T00:50:44+09:00
Mem:            1007         484         517         368         379         523
    PID   RSS COMMAND
 717289 87711660 VLLM::Worker
 717290 87707616 VLLM::Worker
 717291 87687228 VLLM::Worker
 717292 87676372 VLLM::Worker
1317539 4819424 VLLM::Worker_TP
1317538 4814476 VLLM::Worker_TP
 637392 4209140 ray::WorkerDict
 637394 4069376 ray::WorkerDict
 637393 4020492 ray::WorkerDict
 637395 4019704 ray::WorkerDict
 734178 2550888 ray::AgentLoopW
 734176 2550108 ray::AgentLoopW
 734173 2404296 ray::AgentLoopW
== 2026-09-06T00:51:04+09:00
Mem:            1007         484         517         368         379         523
    PID   RSS COMMAND
 717289 87711660 VLLM::Worker
 717290 87707616 VLLM::Worker
 717291 87687228 VLLM::Worker
 717292 87676372 VLLM::Worker
1317539 4819424 VLLM::Worker_TP
1317538 4814476 VLLM::Worker_TP
 637392 4209140 ray::WorkerDict
 637394 4069376 ray::WorkerDict
 637393 4020492 ray::WorkerDict
 637395 4019704 ray::WorkerDict
 734178 2550888 ray::AgentLoopW
 734176 2550108 ray::AgentLoopW
 734173 2404296 ray::AgentLoopW
== 2026-09-06T00:51:24+09:00
Mem:            1007         484         517         368         379         523
    PID   RSS COMMAND
 717289 87711660 VLLM::Worker
 717290 87707616 VLLM::Worker
 717291 87687228 VLLM::Worker
 717292 87676372 VLLM::Worker
1317539 4819424 VLLM::Worker_TP
1317538 4814476 VLLM::Worker_TP
 637392 4209140 ray::WorkerDict
 637394 4069376 ray::WorkerDict
 637393 4020492 ray::WorkerDict
 637395 4019704 ray::WorkerDict
 734178 2550888 ray::AgentLoopW
 734176 2550108 ray::AgentLoopW
 734173 2404296 ray::AgentLoopW
== 2026-09-06T00:51:44+09:00
Mem:            1007         484         517         368         379         523
    PID   RSS COMMAND
 717289 87711660 VLLM::Worker
 717290 87707616 VLLM::Worker
 717291 87687228 VLLM::Worker
 717292 87676372 VLLM::Worker
1317539 4819424 VLLM::Worker_TP
1317538 4814476 VLLM::Worker_TP
 637392 4213420 ray::WorkerDict
 637394 4066972 ray::WorkerDict
 637393 4027980 ray::WorkerDict
 637395 4026192 ray::WorkerDict
 734178 2550888 ray::AgentLoopW
 734176 2550108 ray::AgentLoopW
 734173 2404296 ray::AgentLoopW
== 2026-09-06T00:52:04+09:00
Mem:            1007         484         517         368         379         523
    PID   RSS COMMAND
 717289 87711660 VLLM::Worker
 717290 87707616 VLLM::Worker
 717291 87687228 VLLM::Worker
 717292 87676372 VLLM::Worker
1317539 4819424 VLLM::Worker_TP
1317538 4814476 VLLM::Worker_TP
 637392 4213420 ray::WorkerDict
 637394 4066972 ray::WorkerDict
 637393 4027980 ray::WorkerDict
 637395 4026192 ray::WorkerDict
 734178 2550888 ray::AgentLoopW
 734176 2550108 ray::AgentLoopW
 734173 2404296 ray::AgentLoopW
== 2026-09-06T00:52:24+09:00
Mem:            1007         484         517         368         379         523
    PID   RSS COMMAND
 717289 87711660 VLLM::Worker
 717290 87707616 VLLM::Worker
 717291 87687228 VLLM::Worker
 717292 87676372 VLLM::Worker
1317539 4819424 VLLM::Worker_TP
1317538 4814476 VLLM::Worker_TP
 637392 4213420 ray::WorkerDict
 637394 4066972 ray::WorkerDict
 637393 4027980 ray::WorkerDict
 637395 4026192 ray::WorkerDict
 734178 2550888 ray::AgentLoopW
 734176 2550108 ray::AgentLoopW
 734173 2404296 ray::AgentLoopW
== 2026-09-06T00:52:44+09:00
Mem:            1007         484         517         368         379         523
    PID   RSS COMMAND
 717289 87711660 VLLM::Worker
 717290 87707616 VLLM::Worker
 717291 87687228 VLLM::Worker
 717292 87676372 VLLM::Worker
1317539 4819424 VLLM::Worker_TP
1317538 4814476 VLLM::Worker_TP
 637392 4213420 ray::WorkerDict
 637394 4066972 ray::WorkerDict
 637393 4027980 ray::WorkerDict
 637395 4026192 ray::WorkerDict
 734178 2550888 ray::AgentLoopW
 734176 2550108 ray::AgentLoopW
 734173 2404296 ray::AgentLoopW
== 2026-09-06T00:53:04+09:00
Mem:            1007         484         517         368         379         523
    PID   RSS COMMAND
 717289 87711660 VLLM::Worker
 717290 87707616 VLLM::Worker
 717291 87687228 VLLM::Worker
 717292 87676372 VLLM::Worker
1317539 4819424 VLLM::Worker_TP
1317538 4814476 VLLM::Worker_TP
 637392 4213420 ray::WorkerDict
 637394 4066972 ray::WorkerDict
 637393 4027980 ray::WorkerDict
 637395 4026192 ray::WorkerDict
 734178 2550888 ray::AgentLoopW
 734176 2550108 ray::AgentLoopW
 734173 2404296 ray::AgentLoopW
== 2026-09-06T00:53:24+09:00
Mem:            1007         484         517         368         379         523
    PID   RSS COMMAND
 717289 87711660 VLLM::Worker
 717290 87707616 VLLM::Worker
 717291 87687228 VLLM::Worker
 717292 87676372 VLLM::Worker
1317539 4819424 VLLM::Worker_TP
1317538 4814476 VLLM::Worker_TP
 637392 4213420 ray::WorkerDict
 637394 4066972 ray::WorkerDict
 637393 4027980 ray::WorkerDict
 637395 4026192 ray::WorkerDict
 734178 2550888 ray::AgentLoopW
 734176 2550108 ray::AgentLoopW
 734173 2404296 ray::AgentLoopW
== 2026-09-06T00:53:44+09:00
Mem:            1007         484         517         368         379         523
    PID   RSS COMMAND
 717289 87711660 VLLM::Worker
 717290 87707616 VLLM::Worker
 717291 87687228 VLLM::Worker
 717292 87676372 VLLM::Worker
1317539 4819424 VLLM::Worker_TP
1317538 4814476 VLLM::Worker_TP
 637392 4213420 ray::WorkerDict
 637394 4066972 ray::WorkerDict
 637393 4027980 ray::WorkerDict
 637395 4026192 ray::WorkerDict
 734178 2550888 ray::AgentLoopW
 734176 2550108 ray::AgentLoopW
 734173 2404296 ray::AgentLoopW
== 2026-09-06T00:54:04+09:00
Mem:            1007         484         517         368         379         523
    PID   RSS COMMAND
 717289 87711660 VLLM::Worker
 717290 87707616 VLLM::Worker
 717291 87687228 VLLM::Worker
 717292 87676372 VLLM::Worker
1317539 4819424 VLLM::Worker_TP
1317538 4814476 VLLM::Worker_TP
 637392 4213420 ray::WorkerDict
 637394 4066972 ray::WorkerDict
 637393 4027980 ray::WorkerDict
 637395 4026192 ray::WorkerDict
 734178 2550888 ray::AgentLoopW
 734176 2550108 ray::AgentLoopW
 734173 2404296 ray::AgentLoopW
== 2026-09-06T00:54:24+09:00
Mem:            1007         484         517         368         379         523
    PID   RSS COMMAND
 717289 87711660 VLLM::Worker
 717290 87707616 VLLM::Worker
 717291 87687228 VLLM::Worker
 717292 87676372 VLLM::Worker
1317539 4819424 VLLM::Worker_TP
1317538 4814476 VLLM::Worker_TP
 637392 4213420 ray::WorkerDict
 637394 4066972 ray::WorkerDict
 637393 4027980 ray::WorkerDict
 637395 4026192 ray::WorkerDict
 734178 2550888 ray::AgentLoopW
 734176 2550108 ray::AgentLoopW
 734173 2404296 ray::AgentLoopW
== 2026-09-06T00:54:44+09:00
Mem:            1007         484         517         368         379         523
    PID   RSS COMMAND
 717289 87711660 VLLM::Worker
 717290 87707616 VLLM::Worker
 717291 87687228 VLLM::Worker
 717292 87676372 VLLM::Worker
1317539 4819424 VLLM::Worker_TP
1317538 4814476 VLLM::Worker_TP
 637392 4213420 ray::WorkerDict
 637394 4066972 ray::WorkerDict
 637393 4027980 ray::WorkerDict
 637395 4026192 ray::WorkerDict
 734178 2550888 ray::AgentLoopW
 734176 2550108 ray::AgentLoopW
 734173 2404296 ray::AgentLoopW
== 2026-09-06T00:55:04+09:00
Mem:            1007         484         517         368         379         523
    PID   RSS COMMAND
 717289 87711660 VLLM::Worker
 717290 87707616 VLLM::Worker
 717291 87687228 VLLM::Worker
 717292 87676372 VLLM::Worker
1317539 4819424 VLLM::Worker_TP
1317538 4814476 VLLM::Worker_TP
 637392 4213420 ray::WorkerDict
 637394 4066972 ray::WorkerDict
 637393 4027980 ray::WorkerDict
 637395 4026192 ray::WorkerDict
 734178 2550888 ray::AgentLoopW
 734176 2550108 ray::AgentLoopW
 734173 2404296 ray::AgentLoopW
== 2026-09-06T00:55:24+09:00
Mem:            1007         484         517         368         379         523
    PID   RSS COMMAND
 717289 87711660 VLLM::Worker
 717290 87707616 VLLM::Worker
 717291 87687228 VLLM::Worker
 717292 87676372 VLLM::Worker
1317539 4819424 VLLM::Worker_TP
1317538 4814476 VLLM::Worker_TP
 637392 4213420 ray::WorkerDict
 637394 4066972 ray::WorkerDict
 637393 4027980 ray::WorkerDict
 637395 4026192 ray::WorkerDict
 734178 2550888 ray::AgentLoopW
 734176 2550108 ray::AgentLoopW
 734173 2404296 ray::AgentLoopW
== 2026-09-06T00:55:44+09:00
Mem:            1007         484         517         368         379         523
    PID   RSS COMMAND
 717289 87711660 VLLM::Worker
 717290 87707616 VLLM::Worker
 717291 87687228 VLLM::Worker
 717292 87676372 VLLM::Worker
1317539 4819424 VLLM::Worker_TP
1317538 4814476 VLLM::Worker_TP
 637392 4213420 ray::WorkerDict
 637394 4066972 ray::WorkerDict
 637393 4027980 ray::WorkerDict
 637395 4026192 ray::WorkerDict
 734178 2550888 ray::AgentLoopW
 734176 2550108 ray::AgentLoopW
 734173 2404296 ray::AgentLoopW
== 2026-09-06T00:56:04+09:00
Mem:            1007         484         517         368         379         523
    PID   RSS COMMAND
 717289 87711660 VLLM::Worker
 717290 87707616 VLLM::Worker
 717291 87687228 VLLM::Worker
 717292 87676372 VLLM::Worker
1317539 4819424 VLLM::Worker_TP
1317538 4814476 VLLM::Worker_TP
 637392 4213420 ray::WorkerDict
 637394 4066972 ray::WorkerDict
 637393 4027980 ray::WorkerDict
 637395 4026192 ray::WorkerDict
 734178 2550888 ray::AgentLoopW
 734176 2550108 ray::AgentLoopW
 734173 2404296 ray::AgentLoopW
== 2026-09-06T00:56:24+09:00
Mem:            1007         484         517         368         379         523
    PID   RSS COMMAND
 717289 87710892 VLLM::Worker
 717290 87707616 VLLM::Worker
 717291 87687228 VLLM::Worker
 717292 87676372 VLLM::Worker
1317539 4819424 VLLM::Worker_TP
1317538 4814476 VLLM::Worker_TP
 637392 4213420 ray::WorkerDict
 637394 4066972 ray::WorkerDict
 637393 4027980 ray::WorkerDict
 637395 4026192 ray::WorkerDict
 734178 2550888 ray::AgentLoopW
 734176 2550108 ray::AgentLoopW
 734173 2404296 ray::AgentLoopW
== 2026-09-06T00:56:44+09:00
Mem:            1007         484         517         368         379         523
    PID   RSS COMMAND
 717289 87710892 VLLM::Worker
 717290 87707616 VLLM::Worker
 717291 87687228 VLLM::Worker
 717292 87676372 VLLM::Worker
1317539 4819424 VLLM::Worker_TP
1317538 4814476 VLLM::Worker_TP
 637392 4213420 ray::WorkerDict
 637394 4067740 ray::WorkerDict
 637393 4027980 ray::WorkerDict
 637395 4026192 ray::WorkerDict
 734178 2550888 ray::AgentLoopW
 734176 2550108 ray::AgentLoopW
 734173 2404296 ray::AgentLoopW
== 2026-09-06T00:57:04+09:00
Mem:            1007         484         517         368         379         523
    PID   RSS COMMAND
 717289 87710892 VLLM::Worker
 717290 87707616 VLLM::Worker
 717291 87687228 VLLM::Worker
 717292 87676372 VLLM::Worker
1317539 4819424 VLLM::Worker_TP
1317538 4814476 VLLM::Worker_TP
 637392 4213420 ray::WorkerDict
 637394 4067740 ray::WorkerDict
 637393 4027980 ray::WorkerDict
 637395 4026192 ray::WorkerDict
 734178 2550888 ray::AgentLoopW
 734176 2550108 ray::AgentLoopW
 734173 2404296 ray::AgentLoopW
== 2026-09-06T00:57:25+09:00
Mem:            1007         484         517         368         379         523
    PID   RSS COMMAND
 717289 87710892 VLLM::Worker
 717290 87707616 VLLM::Worker
 717291 87687228 VLLM::Worker
 717292 87676372 VLLM::Worker
1317539 4819424 VLLM::Worker_TP
1317538 4814476 VLLM::Worker_TP
 637392 4213420 ray::WorkerDict
 637394 4067740 ray::WorkerDict
 637393 4027980 ray::WorkerDict
 637395 4026192 ray::WorkerDict
 734178 2550888 ray::AgentLoopW
 734176 2550108 ray::AgentLoopW
 734173 2404296 ray::AgentLoopW
== 2026-09-06T00:57:45+09:00
Mem:            1007         484         517         368         379         523
    PID   RSS COMMAND
 717289 87710892 VLLM::Worker
 717290 87707616 VLLM::Worker
 717291 87687228 VLLM::Worker
 717292 87676372 VLLM::Worker
1317539 4829408 VLLM::Worker_TP
1317538 4824460 VLLM::Worker_TP
 637392 4213420 ray::WorkerDict
 637394 4067740 ray::WorkerDict
 637393 4027980 ray::WorkerDict
 637395 4026192 ray::WorkerDict
 734178 2550888 ray::AgentLoopW
 734176 2550108 ray::AgentLoopW
 734173 2404296 ray::AgentLoopW
== 2026-09-06T00:58:05+09:00
Mem:            1007         541         440         368         400         466
    PID   RSS COMMAND
 717289 87710892 VLLM::Worker
 717290 87707616 VLLM::Worker
 717291 87687228 VLLM::Worker
 717292 87676372 VLLM::Worker
 637392 18610696 ray::WorkerDict
 637394 18463844 ray::WorkerDict
 637393 18424928 ray::WorkerDict
 637395 18424044 ray::WorkerDict
1317539 4829408 VLLM::Worker_TP
1317538 4824460 VLLM::Worker_TP
 734178 2550888 ray::AgentLoopW
 734176 2550108 ray::AgentLoopW
 734173 2404296 ray::AgentLoopW
== 2026-09-06T00:58:25+09:00
Mem:            1007         541         430         368         409         465
    PID   RSS COMMAND
 717289 87710892 VLLM::Worker
 717290 87707616 VLLM::Worker
 717291 87687228 VLLM::Worker
 717292 87676372 VLLM::Worker
 637392 18610696 ray::WorkerDict
 637394 18463844 ray::WorkerDict
 637393 18424928 ray::WorkerDict
 637395 18424044 ray::WorkerDict
1317539 4829408 VLLM::Worker_TP
1317538 4824460 VLLM::Worker_TP
 734178 2550888 ray::AgentLoopW
 734176 2550108 ray::AgentLoopW
 734173 2404296 ray::AgentLoopW
== 2026-09-06T00:58:45+09:00
Mem:            1007         577         405         368         398         430
    PID   RSS COMMAND
 717289 87710892 VLLM::Worker
 717290 87707616 VLLM::Worker
 717291 87687228 VLLM::Worker
 717292 87676372 VLLM::Worker
 637392 28201136 ray::WorkerDict
 637394 28071948 ray::WorkerDict
 637395 28007076 ray::WorkerDict
 637393 27999332 ray::WorkerDict
1317539 4829408 VLLM::Worker_TP
1317538 4824460 VLLM::Worker_TP
 734178 2550888 ray::AgentLoopW
 734176 2550108 ray::AgentLoopW
 734173 2404296 ray::AgentLoopW
== 2026-09-06T00:59:05+09:00
Mem:            1007         709         273         368         398         297
    PID   RSS COMMAND
 717289 87710892 VLLM::Worker
 717290 87707616 VLLM::Worker
 717291 87687228 VLLM::Worker
 717292 87676372 VLLM::Worker
 637392 62937804 ray::WorkerDict
 637394 62783884 ray::WorkerDict
 637393 62736052 ray::WorkerDict
 637395 62732436 ray::WorkerDict
1317539 4829408 VLLM::Worker_TP
1317538 4824460 VLLM::Worker_TP
 734178 2550888 ray::AgentLoopW
 734176 2550108 ray::AgentLoopW
 734173 2404296 ray::AgentLoopW
== 2026-09-06T00:59:25+09:00
Mem:            1007         714         269         368         398         293
    PID   RSS COMMAND
 717289 87710892 VLLM::Worker
 717290 87707616 VLLM::Worker
 717291 87687228 VLLM::Worker
 717292 87676372 VLLM::Worker
 637394 64421192 ray::WorkerDict
 637392 63901116 ray::WorkerDict
 637395 63733328 ray::WorkerDict
 637393 63639408 ray::WorkerDict
1317539 4829408 VLLM::Worker_TP
1317538 4824460 VLLM::Worker_TP
 734178 2550888 ray::AgentLoopW
 734176 2550108 ray::AgentLoopW
 734173 2404296 ray::AgentLoopW
== 2026-09-06T00:59:45+09:00
Mem:            1007         713         270         368         398         294
    PID   RSS COMMAND
 717289 87710892 VLLM::Worker
 717290 87707616 VLLM::Worker
 717291 87687228 VLLM::Worker
 717292 87676372 VLLM::Worker
 637392 63797436 ray::WorkerDict
 637394 63634760 ray::WorkerDict
 637393 63596400 ray::WorkerDict
 637395 63595856 ray::WorkerDict
1317539 4829408 VLLM::Worker_TP
1317538 4824460 VLLM::Worker_TP
 734178 2550888 ray::AgentLoopW
 734176 2550108 ray::AgentLoopW
 734173 2404296 ray::AgentLoopW
== 2026-09-06T01:00:05+09:00
Mem:            1007         714         268         368         397         292
    PID   RSS COMMAND
 717289 87710892 VLLM::Worker
 717290 87707616 VLLM::Worker
 717291 87687228 VLLM::Worker
 717292 87676372 VLLM::Worker
 637392 63797436 ray::WorkerDict
 637394 63634760 ray::WorkerDict
 637393 63596400 ray::WorkerDict
 637395 63595856 ray::WorkerDict
1317539 4829408 VLLM::Worker_TP
1317538 4824460 VLLM::Worker_TP
 734171 2649848 ray::AgentLoopW
 734176 2564880 ray::AgentLoopW
 734178 2556976 ray::AgentLoopW
== 2026-09-06T01:00:25+09:00
Mem:            1007         715         268         369         397         291
    PID   RSS COMMAND
 717289 87710892 VLLM::Worker
 717290 87707616 VLLM::Worker
 717291 87687228 VLLM::Worker
 717292 87676372 VLLM::Worker
 637392 63797436 ray::WorkerDict
 637394 63634760 ray::WorkerDict
 637393 63596400 ray::WorkerDict
 637395 63595856 ray::WorkerDict
1317539 4829408 VLLM::Worker_TP
1317538 4824460 VLLM::Worker_TP
 734171 2660600 ray::AgentLoopW
 734176 2564880 ray::AgentLoopW
 734178 2556976 ray::AgentLoopW
== 2026-09-06T01:00:45+09:00
Mem:            1007         715         267         368         398         291
    PID   RSS COMMAND
 717289 87710892 VLLM::Worker
 717290 87707616 VLLM::Worker
 717291 87687228 VLLM::Worker
 717292 87676372 VLLM::Worker
 637392 63797436 ray::WorkerDict
 637394 63634760 ray::WorkerDict
 637393 63596400 ray::WorkerDict
 637395 63595856 ray::WorkerDict
1317539 4829408 VLLM::Worker_TP
1317538 4824460 VLLM::Worker_TP
 734171 2675404 ray::AgentLoopW
 734176 2564880 ray::AgentLoopW
 734178 2556976 ray::AgentLoopW
== 2026-09-06T01:01:05+09:00
Mem:            1007         715         267         368         398         291
    PID   RSS COMMAND
 717289 87710892 VLLM::Worker
 717290 87707616 VLLM::Worker
 717291 87687228 VLLM::Worker
 717292 87676372 VLLM::Worker
 637392 63797436 ray::WorkerDict
 637394 63634760 ray::WorkerDict
 637393 63596400 ray::WorkerDict
 637395 63595856 ray::WorkerDict
1317539 4829408 VLLM::Worker_TP
1317538 4824460 VLLM::Worker_TP
 734171 2672436 ray::AgentLoopW
 734176 2564880 ray::AgentLoopW
 734178 2556976 ray::AgentLoopW
== 2026-09-06T01:01:25+09:00
Mem:            1007         715         268         368         397         291
    PID   RSS COMMAND
 717289 87710892 VLLM::Worker
 717290 87707616 VLLM::Worker
 717291 87687228 VLLM::Worker
 717292 87676372 VLLM::Worker
 637392 63797436 ray::WorkerDict
 637394 63634760 ray::WorkerDict
 637393 63596400 ray::WorkerDict
 637395 63595856 ray::WorkerDict
1317539 4829408 VLLM::Worker_TP
1317538 4824460 VLLM::Worker_TP
 734171 2672180 ray::AgentLoopW
 734176 2564880 ray::AgentLoopW
 734178 2556976 ray::AgentLoopW
== 2026-09-06T01:01:45+09:00
Mem:            1007         715         268         368         397         291
    PID   RSS COMMAND
 717289 87710892 VLLM::Worker
 717290 87707616 VLLM::Worker
 717291 87687228 VLLM::Worker
 717292 87676372 VLLM::Worker
 637392 63797436 ray::WorkerDict
 637394 63634760 ray::WorkerDict
 637393 63596400 ray::WorkerDict
 637395 63595856 ray::WorkerDict
1317539 4829408 VLLM::Worker_TP
1317538 4824460 VLLM::Worker_TP
 734171 2681944 ray::AgentLoopW
 734176 2564880 ray::AgentLoopW
 734178 2556976 ray::AgentLoopW
== 2026-09-06T01:02:05+09:00
Mem:            1007         715         268         368         397         292
    PID   RSS COMMAND
 717289 87710892 VLLM::Worker
 717290 87707616 VLLM::Worker
 717291 87687228 VLLM::Worker
 717292 87676372 VLLM::Worker
 637392 63797436 ray::WorkerDict
 637394 63634760 ray::WorkerDict
 637393 63596400 ray::WorkerDict
 637395 63595856 ray::WorkerDict
1317539 4829408 VLLM::Worker_TP
1317538 4824460 VLLM::Worker_TP
 734171 2681944 ray::AgentLoopW
 734176 2564880 ray::AgentLoopW
 734178 2556976 ray::AgentLoopW
== 2026-09-06T01:02:25+09:00
Mem:            1007         715         268         368         397         291
    PID   RSS COMMAND
 717289 87710892 VLLM::Worker
 717290 87707616 VLLM::Worker
 717291 87687228 VLLM::Worker
 717292 87676372 VLLM::Worker
 637392 63797436 ray::WorkerDict
 637394 63634760 ray::WorkerDict
 637393 63596400 ray::WorkerDict
 637395 63595856 ray::WorkerDict
1317539 4829408 VLLM::Worker_TP
1317538 4824460 VLLM::Worker_TP
 734171 2681944 ray::AgentLoopW
 734176 2564880 ray::AgentLoopW
 734178 2556976 ray::AgentLoopW
== 2026-09-06T01:02:45+09:00
Mem:            1007         715         267         369         398         291
    PID   RSS COMMAND
 717289 87710892 VLLM::Worker
 717290 87707616 VLLM::Worker
 717291 87687228 VLLM::Worker
 717292 87676372 VLLM::Worker
 637392 63797436 ray::WorkerDict
 637394 63634760 ray::WorkerDict
 637393 63596400 ray::WorkerDict
 637395 63595856 ray::WorkerDict
1317539 4829408 VLLM::Worker_TP
1317538 4824460 VLLM::Worker_TP
 734171 2692220 ray::AgentLoopW
 734176 2564880 ray::AgentLoopW
 734178 2556976 ray::AgentLoopW
== 2026-09-06T01:03:05+09:00
Mem:            1007         715         267         369         398         291
    PID   RSS COMMAND
 717289 87710892 VLLM::Worker
 717290 87707616 VLLM::Worker
 717291 87687228 VLLM::Worker
 717292 87676372 VLLM::Worker
 637392 63797436 ray::WorkerDict
 637394 63634760 ray::WorkerDict
 637393 63596400 ray::WorkerDict
 637395 63595856 ray::WorkerDict
1317539 4829408 VLLM::Worker_TP
1317538 4824460 VLLM::Worker_TP
 734171 2693332 ray::AgentLoopW
 734176 2564880 ray::AgentLoopW
 734178 2556976 ray::AgentLoopW
== 2026-09-06T01:03:25+09:00
Mem:            1007         715         267         368         398         291
    PID   RSS COMMAND
 717289 87710892 VLLM::Worker
 717290 87707616 VLLM::Worker
 717291 87687228 VLLM::Worker
 717292 87676372 VLLM::Worker
 637392 63797436 ray::WorkerDict
 637394 63634760 ray::WorkerDict
 637393 63596400 ray::WorkerDict
 637395 63595856 ray::WorkerDict
1317539 4829408 VLLM::Worker_TP
1317538 4824460 VLLM::Worker_TP
 734171 2693332 ray::AgentLoopW
 734176 2564880 ray::AgentLoopW
 734178 2556976 ray::AgentLoopW
== 2026-09-06T01:03:45+09:00
Mem:            1007         715         267         368         398         291
    PID   RSS COMMAND
 717289 87710892 VLLM::Worker
 717290 87707616 VLLM::Worker
 717291 87687228 VLLM::Worker
 717292 87676372 VLLM::Worker
 637392 63797436 ray::WorkerDict
 637394 63634760 ray::WorkerDict
 637393 63596400 ray::WorkerDict
 637395 63595856 ray::WorkerDict
1317539 4829408 VLLM::Worker_TP
1317538 4824460 VLLM::Worker_TP
 734171 2697812 ray::AgentLoopW
 734176 2564880 ray::AgentLoopW
 734178 2556976 ray::AgentLoopW
== 2026-09-06T01:04:05+09:00
Mem:            1007         715         267         368         398         292
    PID   RSS COMMAND
 717289 87710892 VLLM::Worker
 717290 87707616 VLLM::Worker
 717291 87687228 VLLM::Worker
 717292 87676372 VLLM::Worker
 637392 63797436 ray::WorkerDict
 637394 63634760 ray::WorkerDict
 637393 63596400 ray::WorkerDict
 637395 63595856 ray::WorkerDict
1317539 4829408 VLLM::Worker_TP
1317538 4824460 VLLM::Worker_TP
 734171 2700292 ray::AgentLoopW
 734176 2564880 ray::AgentLoopW
 734178 2556976 ray::AgentLoopW
== 2026-09-06T01:04:25+09:00
Mem:            1007         715         267         368         398         292
    PID   RSS COMMAND
 717289 87710892 VLLM::Worker
 717290 87707616 VLLM::Worker
 717291 87687228 VLLM::Worker
 717292 87676372 VLLM::Worker
 637392 63797436 ray::WorkerDict
 637394 63634760 ray::WorkerDict
 637393 63596400 ray::WorkerDict
 637395 63595856 ray::WorkerDict
1317539 4829408 VLLM::Worker_TP
1317538 4824460 VLLM::Worker_TP
 734171 2700292 ray::AgentLoopW
 734176 2564880 ray::AgentLoopW
 734178 2556976 ray::AgentLoopW
== 2026-09-06T01:04:45+09:00
Mem:            1007         715         267         368         398         292
    PID   RSS COMMAND
 717289 87710892 VLLM::Worker
 717290 87707616 VLLM::Worker
 717291 87687228 VLLM::Worker
 717292 87676372 VLLM::Worker
 637392 63797436 ray::WorkerDict
 637394 63634760 ray::WorkerDict
 637393 63596400 ray::WorkerDict
 637395 63595856 ray::WorkerDict
1317539 4829408 VLLM::Worker_TP
1317538 4824460 VLLM::Worker_TP
 734171 2700292 ray::AgentLoopW
 734176 2564880 ray::AgentLoopW
 734178 2556976 ray::AgentLoopW
== 2026-09-06T01:05:05+09:00
Mem:            1007         715         267         368         398         292
    PID   RSS COMMAND
 717289 87710892 VLLM::Worker
 717290 87707616 VLLM::Worker
 717291 87687228 VLLM::Worker
 717292 87676372 VLLM::Worker
 637392 63797436 ray::WorkerDict
 637394 63634760 ray::WorkerDict
 637393 63596400 ray::WorkerDict
 637395 63595856 ray::WorkerDict
1317539 4829408 VLLM::Worker_TP
1317538 4824460 VLLM::Worker_TP
 734171 2697420 ray::AgentLoopW
 734176 2564880 ray::AgentLoopW
 734178 2556976 ray::AgentLoopW
== 2026-09-06T01:05:26+09:00
Mem:            1007         715         267         368         398         292
    PID   RSS COMMAND
 717289 87710892 VLLM::Worker
 717290 87707616 VLLM::Worker
 717291 87687228 VLLM::Worker
 717292 87676372 VLLM::Worker
 637392 63797436 ray::WorkerDict
 637394 63634760 ray::WorkerDict
 637393 63596400 ray::WorkerDict
 637395 63595856 ray::WorkerDict
1317539 4829408 VLLM::Worker_TP
1317538 4824460 VLLM::Worker_TP
 734171 2697420 ray::AgentLoopW
 734176 2564880 ray::AgentLoopW
 734178 2556976 ray::AgentLoopW
== 2026-09-06T01:05:46+09:00
Mem:            1007         715         268         368         398         292
    PID   RSS COMMAND
 717289 87710892 VLLM::Worker
 717290 87705576 VLLM::Worker
 717291 87687228 VLLM::Worker
 717292 87676372 VLLM::Worker
 637392 63797436 ray::WorkerDict
 637394 63634760 ray::WorkerDict
 637393 63596400 ray::WorkerDict
 637395 63595856 ray::WorkerDict
1317539 4829408 VLLM::Worker_TP
1317538 4824460 VLLM::Worker_TP
 734171 2694412 ray::AgentLoopW
 734176 2564880 ray::AgentLoopW
 734178 2556976 ray::AgentLoopW
== 2026-09-06T01:06:06+09:00
Mem:            1007         715         267         368         398         292
    PID   RSS COMMAND
 717289 87710892 VLLM::Worker
 717290 87705576 VLLM::Worker
 717291 87687228 VLLM::Worker
 717292 87676372 VLLM::Worker
 637392 63797436 ray::WorkerDict
 637394 63634760 ray::WorkerDict
 637393 63596400 ray::WorkerDict
 637395 63595856 ray::WorkerDict
1317539 4829408 VLLM::Worker_TP
1317538 4824460 VLLM::Worker_TP
 734171 2694412 ray::AgentLoopW
 734176 2564880 ray::AgentLoopW
 734178 2556976 ray::AgentLoopW
== 2026-09-06T01:06:26+09:00
Mem:            1007         715         267         368         398         291
    PID   RSS COMMAND
 717289 87710892 VLLM::Worker
 717290 87705576 VLLM::Worker
 717291 87687228 VLLM::Worker
 717292 87676372 VLLM::Worker
 637392 63797436 ray::WorkerDict
 637394 63634760 ray::WorkerDict
 637393 63596400 ray::WorkerDict
 637395 63595856 ray::WorkerDict
1317539 4829408 VLLM::Worker_TP
1317538 4824460 VLLM::Worker_TP
 734171 2694412 ray::AgentLoopW
 734176 2564880 ray::AgentLoopW
 734178 2556976 ray::AgentLoopW
== 2026-09-06T01:06:46+09:00
Mem:            1007         257         725          43          72         749
    PID   RSS COMMAND
1317539 4829408 VLLM::Worker_TP
1317538 4824460 VLLM::Worker_TP
1280658 1229636 vllm
 634980 1152672 ray::CodeTaskRu
1317375 970736 VLLM::EngineCor
 628216 706936 python
 588079 590708 sssd_be
 635542 483916 ray::SimpleStor
 635541 480444 ray::SimpleStor
 635543 474348 ray::SimpleStor
 635538 468760 ray::SimpleStor
 635540 466584 ray::SimpleStor
 635544 464520 ray::SimpleStor
