/scratch/r919a03/code_verl_test/rl/main_ppo_code.py:60: UserWarning: Disabled critic as algorithm.adv_estimator != gae. If it is not intended, please set critic.enable=True
  validate_config(config=config, use_reference_policy=need_reference_policy(config), use_critic=need_critic(config))
2026-09-05 20:42:21,950	INFO worker.py:2015 -- Started a local Ray instance. View the dashboard at [1m[32mhttp://127.0.0.1:8265 [39m[22m
[36m(CodeTaskRunner pid=634980)[0m /scratch/r919a03/code_verl_test/.venv/lib/python3.12/site-packages/verl/workers/engine/__init__.py:31: UserWarning: torchtitan engine is not available: ModuleNotFoundError("No module named 'torchtitan'")
[36m(CodeTaskRunner pid=634980)[0m   warnings.warn(f"torchtitan engine is not available: {e!r}", stacklevel=1)
[36m(CodeTaskRunner pid=634980)[0m /scratch/r919a03/code_verl_test/.venv/lib/python3.12/site-packages/verl/workers/engine/__init__.py:40: UserWarning: veomni engine is not available: ModuleNotFoundError("No module named 'veomni'")
[36m(CodeTaskRunner pid=634980)[0m   warnings.warn(f"veomni engine is not available: {e!r}", stacklevel=1)
[36m(CodeTaskRunner pid=634980)[0m /scratch/r919a03/code_verl_test/.venv/lib/python3.12/site-packages/verl/workers/engine/__init__.py:49: UserWarning: automodel engine is not available: ModuleNotFoundError("No module named 'nemo_automodel'")
[36m(CodeTaskRunner pid=634980)[0m   warnings.warn(f"automodel engine is not available: {e!r}", stacklevel=1)
[36m(CodeTaskRunner pid=634980)[0m /scratch/r919a03/code_verl_test/.venv/lib/python3.12/site-packages/verl/workers/engine/mindspeed/transformer_impl.py:24: UserWarning: NPU not support router replay for now.
[36m(CodeTaskRunner pid=634980)[0m   from verl.utils.megatron.router_replay_patch import RouterReplay
[36m(CodeTaskRunner pid=634980)[0m /scratch/r919a03/code_verl_test/.venv/lib/python3.12/site-packages/verl/workers/engine/__init__.py:59: UserWarning: mindspeed engine is not available: ModuleNotFoundError("No module named 'megatron'")
[36m(CodeTaskRunner pid=634980)[0m   warnings.warn(f"mindspeed engine is not available: {e!r}", stacklevel=1)
[36m(CodeTaskRunner pid=634980)[0m /scratch/r919a03/code_verl_test/.venv/lib/python3.12/site-packages/verl/workers/engine/__init__.py:69: UserWarning: megatron engine is not available: ModuleNotFoundError("No module named 'megatron'")
[36m(CodeTaskRunner pid=634980)[0m   warnings.warn(f"megatron engine is not available: {e!r}", stacklevel=1)
[validate_config] All configuration checks passed successfully!
ray init kwargs: {'num_cpus': None, 'object_store_memory': 40000000000, 'runtime_env': {'env_vars': {'VLLM_ALLOW_RUNTIME_LORA_UPDATING': 'true', 'VLLM_DISABLE_COMPILE_CACHE': '1', 'HCCL_HOST_SOCKET_PORT_RANGE': 'auto', 'HCCL_NPU_SOCKET_PORT_RANGE': 'auto', 'HSA_NO_SCRATCH_RECLAIM': '1', 'VERL_FULL_DETERMINISM': '0', 'VLLM_BATCH_INVARIANT': '0', 'VERL_RL_INSIGHT_ENABLE': '0'}, 'working_dir': None}}
[36m(CodeTaskRunner pid=634980)[0m {'actor_rollout_ref': {'actor': {'_target_': 'verl.workers.config.FSDPActorConfig',
[36m(CodeTaskRunner pid=634980)[0m                                  'calculate_entropy': False,
[36m(CodeTaskRunner pid=634980)[0m                                  'calculate_sum_pi_squared': False,
[36m(CodeTaskRunner pid=634980)[0m                                  'checkpoint': {'_target_': 'verl.trainer.config.CheckpointConfig',
[36m(CodeTaskRunner pid=634980)[0m                                                 'async_save': False,
[36m(CodeTaskRunner pid=634980)[0m                                                 'load_contents': ['model',
[36m(CodeTaskRunner pid=634980)[0m                                                                   'optimizer',
[36m(CodeTaskRunner pid=634980)[0m                                                                   'extra'],
[36m(CodeTaskRunner pid=634980)[0m                                                 'save_contents': ['model',
[36m(CodeTaskRunner pid=634980)[0m                                                                   'optimizer',
[36m(CodeTaskRunner pid=634980)[0m                                                                   'extra'],
[36m(CodeTaskRunner pid=634980)[0m                                                 'strict': True},
[36m(CodeTaskRunner pid=634980)[0m                                  'clip_ratio': 0.2,
[36m(CodeTaskRunner pid=634980)[0m                                  'clip_ratio_c': 3.0,
[36m(CodeTaskRunner pid=634980)[0m                                  'clip_ratio_high': 0.0004,
[36m(CodeTaskRunner pid=634980)[0m                                  'clip_ratio_low': 0.0003,
[36m(CodeTaskRunner pid=634980)[0m                                  'data_loader_seed': 42,
[36m(CodeTaskRunner pid=634980)[0m                                  'entropy_checkpointing': True,
[36m(CodeTaskRunner pid=634980)[0m                                  'entropy_coeff': 0,
[36m(CodeTaskRunner pid=634980)[0m                                  'entropy_from_logits_chunk_size': 2048,
[36m(CodeTaskRunner pid=634980)[0m                                  'entropy_from_logits_with_chunking': True,
[36m(CodeTaskRunner pid=634980)[0m                                  'freeze_vision_tower': False,
[36m(CodeTaskRunner pid=634980)[0m                                  'fsdp_config': {'_target_': 'verl.workers.config.FSDPEngineConfig',
[36m(CodeTaskRunner pid=634980)[0m                                                  'dtype': 'bfloat16',
[36m(CodeTaskRunner pid=634980)[0m                                                  'entropy_checkpointing': True,
[36m(CodeTaskRunner pid=634980)[0m                                                  'entropy_from_logits_chunk_size': 2048,
[36m(CodeTaskRunner pid=634980)[0m                                                  'entropy_from_logits_with_chunking': True,
[36m(CodeTaskRunner pid=634980)[0m                                                  'forward_only': False,
[36m(CodeTaskRunner pid=634980)[0m                                                  'forward_prefetch': False,
[36m(CodeTaskRunner pid=634980)[0m                                                  'fsdp_size': -1,
[36m(CodeTaskRunner pid=634980)[0m                                                  'full_determinism': False,
[36m(CodeTaskRunner pid=634980)[0m                                                  'model_dtype': 'bf16',
[36m(CodeTaskRunner pid=634980)[0m                                                  'offload_policy': False,
[36m(CodeTaskRunner pid=634980)[0m                                                  'optimizer_offload': False,
[36m(CodeTaskRunner pid=634980)[0m                                                  'pad_to_length': False,
[36m(CodeTaskRunner pid=634980)[0m                                                  'pad_to_length_bucket': 1024,
[36m(CodeTaskRunner pid=634980)[0m                                                  'param_offload': False,
[36m(CodeTaskRunner pid=634980)[0m                                                  'qat': {'_target_': 'verl.workers.config.QATEngineConfig',
[36m(CodeTaskRunner pid=634980)[0m                                                          'activation_observer': 'static_minmax',
[36m(CodeTaskRunner pid=634980)[0m                                                          'enable': False,
[36m(CodeTaskRunner pid=634980)[0m                                                          'group_size': 16,
[36m(CodeTaskRunner pid=634980)[0m                                                          'ignore_patterns': ['lm_head',
[36m(CodeTaskRunner pid=634980)[0m                                                                              'embed_tokens',
[36m(CodeTaskRunner pid=634980)[0m                                                                              're:.*mlp.gate$'],
[36m(CodeTaskRunner pid=634980)[0m                                                          'mode': 'w4a16',
[36m(CodeTaskRunner pid=634980)[0m                                                          'quantization_config_path': None},
[36m(CodeTaskRunner pid=634980)[0m                                                  'reshard_after_forward': True,
[36m(CodeTaskRunner pid=634980)[0m                                                  'seed': 42,
[36m(CodeTaskRunner pid=634980)[0m                                                  'strategy': 'fsdp',
[36m(CodeTaskRunner pid=634980)[0m                                                  'ulysses_sequence_parallel_size': 4,
[36m(CodeTaskRunner pid=634980)[0m                                                  'use_orig_params': False,
[36m(CodeTaskRunner pid=634980)[0m                                                  'use_torch_compile': True,
[36m(CodeTaskRunner pid=634980)[0m                                                  'wrap_policy': {'min_num_params': 0}},
[36m(CodeTaskRunner pid=634980)[0m                                  'grad_clip': 1.0,
[36m(CodeTaskRunner pid=634980)[0m                                  'kl_loss_coef': 0.001,
[36m(CodeTaskRunner pid=634980)[0m                                  'kl_loss_type': 'low_var_kl',
[36m(CodeTaskRunner pid=634980)[0m                                  'loss_agg_mode': 'token-mean',
[36m(CodeTaskRunner pid=634980)[0m                                  'loss_scale_factor': None,
[36m(CodeTaskRunner pid=634980)[0m                                  'optim': {'_target_': 'verl.workers.config.FSDPOptimizerConfig',
[36m(CodeTaskRunner pid=634980)[0m                                            'betas': [0.9, 0.999],
[36m(CodeTaskRunner pid=634980)[0m                                            'clip_grad': 1.0,
[36m(CodeTaskRunner pid=634980)[0m                                            'lr': 2e-05,
[36m(CodeTaskRunner pid=634980)[0m                                            'lr_scheduler_type': 'constant',
[36m(CodeTaskRunner pid=634980)[0m                                            'lr_warmup_steps': -1,
[36m(CodeTaskRunner pid=634980)[0m                                            'lr_warmup_steps_ratio': 0.0,
[36m(CodeTaskRunner pid=634980)[0m                                            'min_lr_ratio': 0.0,
[36m(CodeTaskRunner pid=634980)[0m                                            'num_cycles': 0.5,
[36m(CodeTaskRunner pid=634980)[0m                                            'optimizer': 'AdamW',
[36m(CodeTaskRunner pid=634980)[0m                                            'optimizer_impl': 'torch.optim',
[36m(CodeTaskRunner pid=634980)[0m                                            'override_optimizer_config': None,
[36m(CodeTaskRunner pid=634980)[0m                                            'total_training_steps': -1,
[36m(CodeTaskRunner pid=634980)[0m                                            'warmup_style': None,
[36m(CodeTaskRunner pid=634980)[0m                                            'weight_decay': 0.01,
[36m(CodeTaskRunner pid=634980)[0m                                            'zero_indexed_step': True},
[36m(CodeTaskRunner pid=634980)[0m                                  'pad_to_length': False,
[36m(CodeTaskRunner pid=634980)[0m                                  'policy_loss': {'_target_': 'verl.workers.config.PolicyLossConfig',
[36m(CodeTaskRunner pid=634980)[0m                                                  'clip_cov_lb': 1.0,
[36m(CodeTaskRunner pid=634980)[0m                                                  'clip_cov_ratio': 0.0002,
[36m(CodeTaskRunner pid=634980)[0m                                                  'clip_cov_ub': 5.0,
[36m(CodeTaskRunner pid=634980)[0m                                                  'dro_beta': None,
[36m(CodeTaskRunner pid=634980)[0m                                                  'kl_cov_ratio': 0.0002,
[36m(CodeTaskRunner pid=634980)[0m                                                  'loss_mode': 'gspo',
[36m(CodeTaskRunner pid=634980)[0m                                                  'ppo_kl_coef': 0.1},
[36m(CodeTaskRunner pid=634980)[0m                                  'ppo_epochs': 1,
[36m(CodeTaskRunner pid=634980)[0m                                  'ppo_max_token_len_per_gpu': 34000,
[36m(CodeTaskRunner pid=634980)[0m                                  'ppo_micro_batch_size': None,
[36m(CodeTaskRunner pid=634980)[0m                                  'ppo_micro_batch_size_per_gpu': None,
[36m(CodeTaskRunner pid=634980)[0m                                  'ppo_mini_batch_size': 24,
[36m(CodeTaskRunner pid=634980)[0m                                  'profiler': {'_target_': 'verl.utils.profiler.ProfilerConfig',
[36m(CodeTaskRunner pid=634980)[0m                                               'all_ranks': False,
[36m(CodeTaskRunner pid=634980)[0m                                               'enable': False,
[36m(CodeTaskRunner pid=634980)[0m                                               'ranks': [],
[36m(CodeTaskRunner pid=634980)[0m                                               'save_path': 'outputs/profile',
[36m(CodeTaskRunner pid=634980)[0m                                               'tool': None,
[36m(CodeTaskRunner pid=634980)[0m                                               'tool_config': {'npu': {'_target_': 'verl.utils.profiler.config.NPUToolConfig',
[36m(CodeTaskRunner pid=634980)[0m                                                                       'analysis': True,
[36m(CodeTaskRunner pid=634980)[0m                                                                       'contents': [],
[36m(CodeTaskRunner pid=634980)[0m                                                                       'discrete': False,
[36m(CodeTaskRunner pid=634980)[0m                                                                       'level': 'level0'},
[36m(CodeTaskRunner pid=634980)[0m                                                               'nsys': {'_target_': 'verl.utils.profiler.config.NsightToolConfig',
[36m(CodeTaskRunner pid=634980)[0m                                                                        'discrete': False},
[36m(CodeTaskRunner pid=634980)[0m                                                               'precision_debugger': {'_target_': 'verl.utils.profiler.config.PrecisionDebuggerToolConfig',
[36m(CodeTaskRunner pid=634980)[0m                                                                                      'config_path': None,
[36m(CodeTaskRunner pid=634980)[0m                                                                                      'stages': None,
[36m(CodeTaskRunner pid=634980)[0m                                                                                      'steps': None,
[36m(CodeTaskRunner pid=634980)[0m                                                                                      'strict': False},
[36m(CodeTaskRunner pid=634980)[0m                                                               'torch': {'_target_': 'verl.utils.profiler.config.TorchProfilerToolConfig',
[36m(CodeTaskRunner pid=634980)[0m                                                                         'contents': [],
[36m(CodeTaskRunner pid=634980)[0m                                                                         'discrete': False,
[36m(CodeTaskRunner pid=634980)[0m                                                                         'schedule': {'_target_': 'verl.utils.profiler.config.TorchProfilerScheduleConfig',
[36m(CodeTaskRunner pid=634980)[0m                                                                                      'active': 0,
[36m(CodeTaskRunner pid=634980)[0m                                                                                      'repeat': 0,
[36m(CodeTaskRunner pid=634980)[0m                                                                                      'skip_first': 0,
[36m(CodeTaskRunner pid=634980)[0m                                                                                      'wait': 0,
[36m(CodeTaskRunner pid=634980)[0m                                                                                      'warmup': 0}},
[36m(CodeTaskRunner pid=634980)[0m                                                               'torch_memory': {'_target_': 'verl.utils.profiler.config.TorchMemoryToolConfig',
[36m(CodeTaskRunner pid=634980)[0m                                                                                'stack_depth': 32,
[36m(CodeTaskRunner pid=634980)[0m                                                                                'trace_alloc_max_entries': 100000}}},
[36m(CodeTaskRunner pid=634980)[0m                                  'qat': {'activation_observer': 'static_minmax',
[36m(CodeTaskRunner pid=634980)[0m                                          'enable': False,
[36m(CodeTaskRunner pid=634980)[0m                                          'group_size': 16,
[36m(CodeTaskRunner pid=634980)[0m                                          'ignore_patterns': ['lm_head',
[36m(CodeTaskRunner pid=634980)[0m                                                              'embed_tokens',
[36m(CodeTaskRunner pid=634980)[0m                                                              're:.*mlp.gate$'],
[36m(CodeTaskRunner pid=634980)[0m                                          'mode': 'w4a16',
[36m(CodeTaskRunner pid=634980)[0m                                          'quantization_config_path': None},
[36m(CodeTaskRunner pid=634980)[0m                                  'rollout_n': 6,
[36m(CodeTaskRunner pid=634980)[0m                                  'router_replay': {'_target_': 'verl.workers.config.RouterReplayConfig',
[36m(CodeTaskRunner pid=634980)[0m                                                    'mode': 'disabled',
[36m(CodeTaskRunner pid=634980)[0m                                                    'record_file': None,
[36m(CodeTaskRunner pid=634980)[0m                                                    'replay_file': None},
[36m(CodeTaskRunner pid=634980)[0m                                  'shuffle': False,
[36m(CodeTaskRunner pid=634980)[0m                                  'strategy': 'fsdp',
[36m(CodeTaskRunner pid=634980)[0m                                  'tau_neg': 1.05,
[36m(CodeTaskRunner pid=634980)[0m                                  'tau_pos': 1.0,
[36m(CodeTaskRunner pid=634980)[0m                                  'ulysses_sequence_parallel_size': 4,
[36m(CodeTaskRunner pid=634980)[0m                                  'use_dynamic_bsz': True,
[36m(CodeTaskRunner pid=634980)[0m                                  'use_fused_kernels': False,
[36m(CodeTaskRunner pid=634980)[0m                                  'use_kl_loss': False,
[36m(CodeTaskRunner pid=634980)[0m                                  'use_prefix_grouper': False,
[36m(CodeTaskRunner pid=634980)[0m                                  'use_remove_padding': True,
[36m(CodeTaskRunner pid=634980)[0m                                  'use_torch_compile': True},
[36m(CodeTaskRunner pid=634980)[0m                        'hybrid_engine': True,
[36m(CodeTaskRunner pid=634980)[0m                        'model': {'_target_': 'verl.workers.config.HFModelConfig',
[36m(CodeTaskRunner pid=634980)[0m                                  'custom_chat_template': None,
[36m(CodeTaskRunner pid=634980)[0m                                  'enable_activation_offload': False,
[36m(CodeTaskRunner pid=634980)[0m                                  'enable_gradient_checkpointing': True,
[36m(CodeTaskRunner pid=634980)[0m                                  'exclude_modules': None,
[36m(CodeTaskRunner pid=634980)[0m                                  'external_lib': 'rl.algos',
[36m(CodeTaskRunner pid=634980)[0m                                  'fused_kernel_options': {'impl_backend': 'torch'},
[36m(CodeTaskRunner pid=634980)[0m                                  'hf_config_path': None,
[36m(CodeTaskRunner pid=634980)[0m                                  'lora': {'a2a_experimental': False,
[36m(CodeTaskRunner pid=634980)[0m                                           'adapter_path': None,
[36m(CodeTaskRunner pid=634980)[0m                                           'alpha': 32,
[36m(CodeTaskRunner pid=634980)[0m                                           'dropout': 0.0,
[36m(CodeTaskRunner pid=634980)[0m                                           'dropout_position': 'pre',
[36m(CodeTaskRunner pid=634980)[0m                                           'dtype': None,
[36m(CodeTaskRunner pid=634980)[0m                                           'exclude_modules': [],
[36m(CodeTaskRunner pid=634980)[0m                                           'freeze_language_model': True,
[36m(CodeTaskRunner pid=634980)[0m                                           'freeze_vision_model': True,
[36m(CodeTaskRunner pid=634980)[0m                                           'freeze_vision_projection': True,
[36m(CodeTaskRunner pid=634980)[0m                                           'lora_A_init_method': 'xavier',
[36m(CodeTaskRunner pid=634980)[0m                                           'lora_B_init_method': 'zero',
[36m(CodeTaskRunner pid=634980)[0m                                           'merge': False,
[36m(CodeTaskRunner pid=634980)[0m                                           'rank': 0,
[36m(CodeTaskRunner pid=634980)[0m                                           'target_modules': ['linear_qkv',
[36m(CodeTaskRunner pid=634980)[0m                                                              'linear_proj',
[36m(CodeTaskRunner pid=634980)[0m                                                              'linear_fc1',
[36m(CodeTaskRunner pid=634980)[0m                                                              'linear_fc2'],
[36m(CodeTaskRunner pid=634980)[0m                                           'type': 'lora'},
[36m(CodeTaskRunner pid=634980)[0m                                  'lora_adapter_path': None,
[36m(CodeTaskRunner pid=634980)[0m                                  'lora_alpha': 64,
[36m(CodeTaskRunner pid=634980)[0m                                  'lora_rank': 32,
[36m(CodeTaskRunner pid=634980)[0m                                  'mtp': {'_target_': 'verl.workers.config.MtpConfig',
[36m(CodeTaskRunner pid=634980)[0m                                          'detach_encoder': False,
[36m(CodeTaskRunner pid=634980)[0m                                          'enable': False,
[36m(CodeTaskRunner pid=634980)[0m                                          'enable_rollout': False,
[36m(CodeTaskRunner pid=634980)[0m                                          'enable_train': False,
[36m(CodeTaskRunner pid=634980)[0m                                          'method': 'mtp',
[36m(CodeTaskRunner pid=634980)[0m                                          'mtp_loss_scaling_factor': 0.1,
[36m(CodeTaskRunner pid=634980)[0m                                          'num_speculative_tokens': 1,
[36m(CodeTaskRunner pid=634980)[0m                                          'speculative_algorithm': 'EAGLE',
[36m(CodeTaskRunner pid=634980)[0m                                          'speculative_eagle_topk': 1,
[36m(CodeTaskRunner pid=634980)[0m                                          'speculative_num_draft_tokens': 4,
[36m(CodeTaskRunner pid=634980)[0m                                          'speculative_num_steps': 3},
[36m(CodeTaskRunner pid=634980)[0m                                  'override_config': {},
[36m(CodeTaskRunner pid=634980)[0m                                  'path': '/scratch/r919a03/huggingface/hub/models--Qwen--Qwen3-30B-A3B-Instruct-2507/snapshots/0d7cf23991f47feeb3a57ecb4c9cee8ea4a17bfe',
[36m(CodeTaskRunner pid=634980)[0m                                  'target_modules': ['q_proj',
[36m(CodeTaskRunner pid=634980)[0m                                                     'k_proj',
[36m(CodeTaskRunner pid=634980)[0m                                                     'v_proj',
[36m(CodeTaskRunner pid=634980)[0m                                                     'o_proj'],
[36m(CodeTaskRunner pid=634980)[0m                                  'tiled_mlp': {'enabled': False,
[36m(CodeTaskRunner pid=634980)[0m                                                'num_shards': 4},
[36m(CodeTaskRunner pid=634980)[0m                                  'tokenizer_path': None,
[36m(CodeTaskRunner pid=634980)[0m                                  'trust_remote_code': False,
[36m(CodeTaskRunner pid=634980)[0m                                  'use_fused_kernels': False,
[36m(CodeTaskRunner pid=634980)[0m                                  'use_liger': False,
[36m(CodeTaskRunner pid=634980)[0m                                  'use_remove_padding': True,
[36m(CodeTaskRunner pid=634980)[0m                                  'use_shm': False},
[36m(CodeTaskRunner pid=634980)[0m                        'nccl_timeout': 600,
[36m(CodeTaskRunner pid=634980)[0m                        'ref': {'_target_': 'verl.workers.config.FSDPActorConfig',
[36m(CodeTaskRunner pid=634980)[0m                                'entropy_checkpointing': False,
[36m(CodeTaskRunner pid=634980)[0m                                'entropy_from_logits_chunk_size': 2048,
[36m(CodeTaskRunner pid=634980)[0m                                'entropy_from_logits_with_chunking': False,
[36m(CodeTaskRunner pid=634980)[0m                                'fsdp_config': {'_target_': 'verl.workers.config.FSDPEngineConfig',
[36m(CodeTaskRunner pid=634980)[0m                                                'dtype': 'bfloat16',
[36m(CodeTaskRunner pid=634980)[0m                                                'entropy_checkpointing': False,
[36m(CodeTaskRunner pid=634980)[0m                                                'entropy_from_logits_chunk_size': 2048,
[36m(CodeTaskRunner pid=634980)[0m                                                'entropy_from_logits_with_chunking': False,
[36m(CodeTaskRunner pid=634980)[0m                                                'forward_only': True,
[36m(CodeTaskRunner pid=634980)[0m                                                'forward_prefetch': False,
[36m(CodeTaskRunner pid=634980)[0m                                                'fsdp_size': -1,
[36m(CodeTaskRunner pid=634980)[0m                                                'full_determinism': False,
[36m(CodeTaskRunner pid=634980)[0m                                                'model_dtype': 'fp32',
[36m(CodeTaskRunner pid=634980)[0m                                                'offload_policy': False,
[36m(CodeTaskRunner pid=634980)[0m                                                'optimizer_offload': False,
[36m(CodeTaskRunner pid=634980)[0m                                                'pad_to_length': False,
[36m(CodeTaskRunner pid=634980)[0m                                                'pad_to_length_bucket': 1024,
[36m(CodeTaskRunner pid=634980)[0m                                                'param_offload': False,
[36m(CodeTaskRunner pid=634980)[0m                                                'qat': {'_target_': 'verl.workers.config.QATEngineConfig',
[36m(CodeTaskRunner pid=634980)[0m                                                        'activation_observer': 'static_minmax',
[36m(CodeTaskRunner pid=634980)[0m                                                        'enable': False,
[36m(CodeTaskRunner pid=634980)[0m                                                        'group_size': 16,
[36m(CodeTaskRunner pid=634980)[0m                                                        'ignore_patterns': ['lm_head',
[36m(CodeTaskRunner pid=634980)[0m                                                                            'embed_tokens',
[36m(CodeTaskRunner pid=634980)[0m                                                                            're:.*mlp.gate$'],
[36m(CodeTaskRunner pid=634980)[0m                                                        'mode': 'w4a16',
[36m(CodeTaskRunner pid=634980)[0m                                                        'quantization_config_path': None},
[36m(CodeTaskRunner pid=634980)[0m                                                'reshard_after_forward': True,
[36m(CodeTaskRunner pid=634980)[0m                                                'seed': 42,
[36m(CodeTaskRunner pid=634980)[0m                                                'strategy': 'fsdp',
[36m(CodeTaskRunner pid=634980)[0m                                                'ulysses_sequence_parallel_size': 4,
[36m(CodeTaskRunner pid=634980)[0m                                                'use_orig_params': False,
[36m(CodeTaskRunner pid=634980)[0m                                                'use_torch_compile': True,
[36m(CodeTaskRunner pid=634980)[0m                                                'wrap_policy': {'min_num_params': 0}},
[36m(CodeTaskRunner pid=634980)[0m                                'log_prob_max_token_len_per_gpu': 34000,
[36m(CodeTaskRunner pid=634980)[0m                                'log_prob_micro_batch_size': None,
[36m(CodeTaskRunner pid=634980)[0m                                'log_prob_micro_batch_size_per_gpu': None,
[36m(CodeTaskRunner pid=634980)[0m                                'log_prob_use_dynamic_bsz': True,
[36m(CodeTaskRunner pid=634980)[0m                                'pad_to_length': False,
[36m(CodeTaskRunner pid=634980)[0m                                'profiler': {'_target_': 'verl.utils.profiler.ProfilerConfig',
[36m(CodeTaskRunner pid=634980)[0m                                             'all_ranks': False,
[36m(CodeTaskRunner pid=634980)[0m                                             'enable': False,
[36m(CodeTaskRunner pid=634980)[0m                                             'ranks': [],
[36m(CodeTaskRunner pid=634980)[0m                                             'save_path': 'outputs/profile',
[36m(CodeTaskRunner pid=634980)[0m                                             'tool': None,
[36m(CodeTaskRunner pid=634980)[0m                                             'tool_config': {'npu': {'_target_': 'verl.utils.profiler.config.NPUToolConfig',
[36m(CodeTaskRunner pid=634980)[0m                                                                     'analysis': True,
[36m(CodeTaskRunner pid=634980)[0m                                                                     'contents': [],
[36m(CodeTaskRunner pid=634980)[0m                                                                     'discrete': False,
[36m(CodeTaskRunner pid=634980)[0m                                                                     'level': 'level0'},
[36m(CodeTaskRunner pid=634980)[0m                                                             'nsys': {'_target_': 'verl.utils.profiler.config.NsightToolConfig',
[36m(CodeTaskRunner pid=634980)[0m                                                                      'discrete': False},
[36m(CodeTaskRunner pid=634980)[0m                                                             'precision_debugger': {'_target_': 'verl.utils.profiler.config.PrecisionDebuggerToolConfig',
[36m(CodeTaskRunner pid=634980)[0m                                                                                    'config_path': None,
[36m(CodeTaskRunner pid=634980)[0m                                                                                    'stages': None,
[36m(CodeTaskRunner pid=634980)[0m                                                                                    'steps': None,
[36m(CodeTaskRunner pid=634980)[0m                                                                                    'strict': False},
[36m(CodeTaskRunner pid=634980)[0m                                                             'torch': {'_target_': 'verl.utils.profiler.config.TorchProfilerToolConfig',
[36m(CodeTaskRunner pid=634980)[0m                                                                       'contents': [],
[36m(CodeTaskRunner pid=634980)[0m                                                                       'discrete': False,
[36m(CodeTaskRunner pid=634980)[0m                                                                       'schedule': {'_target_': 'verl.utils.profiler.config.TorchProfilerScheduleConfig',
[36m(CodeTaskRunner pid=634980)[0m                                                                                    'active': 0,
[36m(CodeTaskRunner pid=634980)[0m                                                                                    'repeat': 0,
[36m(CodeTaskRunner pid=634980)[0m                                                                                    'skip_first': 0,
[36m(CodeTaskRunner pid=634980)[0m                                                                                    'wait': 0,
[36m(CodeTaskRunner pid=634980)[0m                                                                                    'warmup': 0}},
[36m(CodeTaskRunner pid=634980)[0m                                                             'torch_memory': {'_target_': 'verl.utils.profiler.config.TorchMemoryToolConfig',
[36m(CodeTaskRunner pid=634980)[0m                                                                              'stack_depth': 32,
[36m(CodeTaskRunner pid=634980)[0m                                                                              'trace_alloc_max_entries': 100000}}},
[36m(CodeTaskRunner pid=634980)[0m                                'rollout_n': 6,
[36m(CodeTaskRunner pid=634980)[0m                                'router_replay': {'_target_': 'verl.workers.config.RouterReplayConfig',
[36m(CodeTaskRunner pid=634980)[0m                                                  'mode': 'disabled',
[36m(CodeTaskRunner pid=634980)[0m                                                  'record_file': None,
[36m(CodeTaskRunner pid=634980)[0m                                                  'replay_file': None},
[36m(CodeTaskRunner pid=634980)[0m                                'strategy': 'fsdp',
[36m(CodeTaskRunner pid=634980)[0m                                'ulysses_sequence_parallel_size': 4,
[36m(CodeTaskRunner pid=634980)[0m                                'use_torch_compile': True},
[36m(CodeTaskRunner pid=634980)[0m                        'rollout': {'_target_': 'verl.workers.config.RolloutConfig',
[36m(CodeTaskRunner pid=634980)[0m                                    'agent': {'_target_': 'verl.workers.config.AgentLoopConfig',
[36m(CodeTaskRunner pid=634980)[0m                                              'agent_loop_config_path': '/scratch/r919a03/code_verl_test/configs/rl/agent_loop_rusca.yaml',
[36m(CodeTaskRunner pid=634980)[0m                                              'custom_async_server': {'_target_': 'verl.workers.config.CustomAsyncServerConfig',
[36m(CodeTaskRunner pid=634980)[0m                                                                      'name': None,
[36m(CodeTaskRunner pid=634980)[0m                                                                      'path': None},
[36m(CodeTaskRunner pid=634980)[0m                                              'default_agent_loop': 'rusca_scaffold_agent',
[36m(CodeTaskRunner pid=634980)[0m                                              'num_workers': 8},
[36m(CodeTaskRunner pid=634980)[0m                                    'calculate_log_probs': False,
[36m(CodeTaskRunner pid=634980)[0m                                    'checkpoint_engine': {'_target_': 'verl.workers.config.CheckpointEngineConfig',
[36m(CodeTaskRunner pid=634980)[0m                                                          'backend': 'naive',
[36m(CodeTaskRunner pid=634980)[0m                                                          'custom_backend_module': None,
[36m(CodeTaskRunner pid=634980)[0m                                                          'engine_kwargs': {},
[36m(CodeTaskRunner pid=634980)[0m                                                          'update_weights_bucket_megabytes': 2048},
[36m(CodeTaskRunner pid=634980)[0m                                    'cudagraph_capture_sizes': None,
[36m(CodeTaskRunner pid=634980)[0m                                    'custom': {'rusca': {'enable': True,
[36m(CodeTaskRunner pid=634980)[0m                                                         'total_steps': 20}},
[36m(CodeTaskRunner pid=634980)[0m                                    'data_parallel_size': 1,
[36m(CodeTaskRunner pid=634980)[0m                                    'disable_log_stats': True,
[36m(CodeTaskRunner pid=634980)[0m                                    'disaggregation': {'bootstrap_port': None,
[36m(CodeTaskRunner pid=634980)[0m                                                       'decode_replicas': 1,
[36m(CodeTaskRunner pid=634980)[0m                                                       'decode_tensor_model_parallel_size': None,
[36m(CodeTaskRunner pid=634980)[0m                                                       'enabled': False,
[36m(CodeTaskRunner pid=634980)[0m                                                       'ib_device': None,
[36m(CodeTaskRunner pid=634980)[0m                                                       'prefill_replicas': 1,
[36m(CodeTaskRunner pid=634980)[0m                                                       'transfer_backend': 'nixl'},
[36m(CodeTaskRunner pid=634980)[0m                                    'do_sample': True,
[36m(CodeTaskRunner pid=634980)[0m                                    'dtype': 'bfloat16',
[36m(CodeTaskRunner pid=634980)[0m                                    'enable_chunked_prefill': True,
[36m(CodeTaskRunner pid=634980)[0m                                    'enable_prefix_caching': True,
[36m(CodeTaskRunner pid=634980)[0m                                    'enable_rollout_routing_replay': False,
[36m(CodeTaskRunner pid=634980)[0m                                    'enforce_eager': True,
[36m(CodeTaskRunner pid=634980)[0m                                    'engine_kwargs': {'sglang': {},
[36m(CodeTaskRunner pid=634980)[0m                                                      'trtllm': {},
[36m(CodeTaskRunner pid=634980)[0m                                                      'vllm': {}},
[36m(CodeTaskRunner pid=634980)[0m                                    'expert_parallel_size': 1,
[36m(CodeTaskRunner pid=634980)[0m                                    'free_cache_engine': True,
[36m(CodeTaskRunner pid=634980)[0m                                    'full_determinism': False,
[36m(CodeTaskRunner pid=634980)[0m                                    'gpu_memory_utilization': 0.75,
[36m(CodeTaskRunner pid=634980)[0m                                    'ignore_eos': False,
[36m(CodeTaskRunner pid=634980)[0m                                    'layered_summon': True,
[36m(CodeTaskRunner pid=634980)[0m                                    'load_format': 'safetensors',
[36m(CodeTaskRunner pid=634980)[0m                                    'log_prob_max_token_len_per_gpu': 34000,
[36m(CodeTaskRunner pid=634980)[0m                                    'log_prob_micro_batch_size': None,
[36m(CodeTaskRunner pid=634980)[0m                                    'log_prob_micro_batch_size_per_gpu': None,
[36m(CodeTaskRunner pid=634980)[0m                                    'log_prob_use_dynamic_bsz': True,
[36m(CodeTaskRunner pid=634980)[0m                                    'logprobs_mode': 'processed_logprobs',
[36m(CodeTaskRunner pid=634980)[0m                                    'max_model_len': 135168,
[36m(CodeTaskRunner pid=634980)[0m                                    'max_num_batched_tokens': 65536,
[36m(CodeTaskRunner pid=634980)[0m                                    'max_num_seqs': 64,
[36m(CodeTaskRunner pid=634980)[0m                                    'mode': 'async',
[36m(CodeTaskRunner pid=634980)[0m                                    'moe_load_balance_metrics_interval': 0,
[36m(CodeTaskRunner pid=634980)[0m                                    'mtp': {'_target_': 'verl.workers.config.MtpConfig',
[36m(CodeTaskRunner pid=634980)[0m                                            'detach_encoder': False,
[36m(CodeTaskRunner pid=634980)[0m                                            'enable': False,
[36m(CodeTaskRunner pid=634980)[0m                                            'enable_rollout': False,
[36m(CodeTaskRunner pid=634980)[0m                                            'enable_train': False,
[36m(CodeTaskRunner pid=634980)[0m                                            'method': 'mtp',
[36m(CodeTaskRunner pid=634980)[0m                                            'mtp_loss_scaling_factor': 0.1,
[36m(CodeTaskRunner pid=634980)[0m                                            'num_speculative_tokens': 1,
[36m(CodeTaskRunner pid=634980)[0m                                            'speculative_algorithm': 'EAGLE',
[36m(CodeTaskRunner pid=634980)[0m                                            'speculative_eagle_topk': 1,
[36m(CodeTaskRunner pid=634980)[0m                                            'speculative_num_draft_tokens': 4,
[36m(CodeTaskRunner pid=634980)[0m                                            'speculative_num_steps': 3},
[36m(CodeTaskRunner pid=634980)[0m                                    'multi_stage_wake_up': False,
[36m(CodeTaskRunner pid=634980)[0m                                    'multi_turn': {'_target_': 'verl.workers.config.MultiTurnConfig',
[36m(CodeTaskRunner pid=634980)[0m                                                   'enable': False,
[36m(CodeTaskRunner pid=634980)[0m                                                   'format': 'hermes',
[36m(CodeTaskRunner pid=634980)[0m                                                   'function_tool_path': None,
[36m(CodeTaskRunner pid=634980)[0m                                                   'max_assistant_turns': None,
[36m(CodeTaskRunner pid=634980)[0m                                                   'max_parallel_calls': 1,
[36m(CodeTaskRunner pid=634980)[0m                                                   'max_tool_response_length': 256,
[36m(CodeTaskRunner pid=634980)[0m                                                   'max_user_turns': None,
[36m(CodeTaskRunner pid=634980)[0m                                                   'num_repeat_rollouts': None,
[36m(CodeTaskRunner pid=634980)[0m                                                   'tokenization_sanity_check_mode': 'strict',
[36m(CodeTaskRunner pid=634980)[0m                                                   'tool_config_path': None,
[36m(CodeTaskRunner pid=634980)[0m                                                   'tool_response_truncate_side': 'middle',
[36m(CodeTaskRunner pid=634980)[0m                                                   'use_inference_chat_template': False},
[36m(CodeTaskRunner pid=634980)[0m                                    'n': 6,
[36m(CodeTaskRunner pid=634980)[0m                                    'n_gpus_per_node': 4,
[36m(CodeTaskRunner pid=634980)[0m                                    'name': 'vllm',
[36m(CodeTaskRunner pid=634980)[0m                                    'nnodes': 0,
[36m(CodeTaskRunner pid=634980)[0m                                    'over_sample_rate': 0,
[36m(CodeTaskRunner pid=634980)[0m                                    'pipeline_model_parallel_size': 1,
[36m(CodeTaskRunner pid=634980)[0m                                    'profiler': {'_target_': 'verl.utils.profiler.ProfilerConfig',
[36m(CodeTaskRunner pid=634980)[0m                                                 'all_ranks': False,
[36m(CodeTaskRunner pid=634980)[0m                                                 'enable': False,
[36m(CodeTaskRunner pid=634980)[0m                                                 'ranks': [],
[36m(CodeTaskRunner pid=634980)[0m                                                 'save_path': 'outputs/profile',
[36m(CodeTaskRunner pid=634980)[0m                                                 'tool': None,
[36m(CodeTaskRunner pid=634980)[0m                                                 'tool_config': {'npu': {'_target_': 'verl.utils.profiler.config.NPUToolConfig',
[36m(CodeTaskRunner pid=634980)[0m                                                                         'analysis': True,
[36m(CodeTaskRunner pid=634980)[0m                                                                         'contents': [],
[36m(CodeTaskRunner pid=634980)[0m                                                                         'discrete': False,
[36m(CodeTaskRunner pid=634980)[0m                                                                         'level': 'level0',
[36m(CodeTaskRunner pid=634980)[0m                                                                         'profile_token_end': None,
[36m(CodeTaskRunner pid=634980)[0m                                                                         'profile_token_start': None},
[36m(CodeTaskRunner pid=634980)[0m                                                                 'precision_debugger': {'_target_': 'verl.utils.profiler.config.PrecisionDebuggerToolConfig',
[36m(CodeTaskRunner pid=634980)[0m                                                                                        'config_path': None,
[36m(CodeTaskRunner pid=634980)[0m                                                                                        'stages': None,
[36m(CodeTaskRunner pid=634980)[0m                                                                                        'steps': None,
[36m(CodeTaskRunner pid=634980)[0m                                                                                        'strict': False},
[36m(CodeTaskRunner pid=634980)[0m                                                                 'torch': {'_target_': 'verl.utils.profiler.config.TorchProfilerToolConfig',
[36m(CodeTaskRunner pid=634980)[0m                                                                           'contents': [],
[36m(CodeTaskRunner pid=634980)[0m                                                                           'discrete': False,
[36m(CodeTaskRunner pid=634980)[0m                                                                           'profile_token_end': None,
[36m(CodeTaskRunner pid=634980)[0m                                                                           'profile_token_start': None}}},
[36m(CodeTaskRunner pid=634980)[0m                                    'prometheus': {'_target_': 'verl.workers.config.PrometheusConfig',
[36m(CodeTaskRunner pid=634980)[0m                                                   'enable': False,
[36m(CodeTaskRunner pid=634980)[0m                                                   'file': '/tmp/ray/session_latest/metrics/prometheus/prometheus.yml',
[36m(CodeTaskRunner pid=634980)[0m                                                   'port': 9090,
[36m(CodeTaskRunner pid=634980)[0m                                                   'served_model_name': '/scratch/r919a03/huggingface/hub/models--Qwen--Qwen3-30B-A3B-Instruct-2507/snapshots/0d7cf23991f47feeb3a57ecb4c9cee8ea4a17bfe'},
[36m(CodeTaskRunner pid=634980)[0m                                    'prompt_length': 131072,
[36m(CodeTaskRunner pid=634980)[0m                                    'qat': {'_target_': 'verl.workers.config.QATEngineConfig',
[36m(CodeTaskRunner pid=634980)[0m                                            'activation_observer': 'static_minmax',
[36m(CodeTaskRunner pid=634980)[0m                                            'enable': False,
[36m(CodeTaskRunner pid=634980)[0m                                            'group_size': 16,
[36m(CodeTaskRunner pid=634980)[0m                                            'ignore_patterns': ['lm_head',
[36m(CodeTaskRunner pid=634980)[0m                                                                'embed_tokens',
[36m(CodeTaskRunner pid=634980)[0m                                                                're:.*mlp.gate$'],
[36m(CodeTaskRunner pid=634980)[0m                                            'mode': 'w4a16',
[36m(CodeTaskRunner pid=634980)[0m                                            'quantization_config_path': None},
[36m(CodeTaskRunner pid=634980)[0m                                    'quantization': None,
[36m(CodeTaskRunner pid=634980)[0m                                    'quantization_config_file': None,
[36m(CodeTaskRunner pid=634980)[0m                                    'response_length': 2048,
[36m(CodeTaskRunner pid=634980)[0m                                    'scheduling_policy': 'fcfs',
[36m(CodeTaskRunner pid=634980)[0m                                    'seed': 42,
[36m(CodeTaskRunner pid=634980)[0m                                    'skip_tokenizer_init': True,
[36m(CodeTaskRunner pid=634980)[0m                                    'temperature': 1.0,
[36m(CodeTaskRunner pid=634980)[0m                                    'tensor_model_parallel_size': 1,
[36m(CodeTaskRunner pid=634980)[0m                                    'top_k': -1,
[36m(CodeTaskRunner pid=634980)[0m                                    'top_p': 1,
[36m(CodeTaskRunner pid=634980)[0m                                    'trace': {'_target_': 'verl.workers.config.TraceConfig',
[36m(CodeTaskRunner pid=634980)[0m                                              'backend': None,
[36m(CodeTaskRunner pid=634980)[0m                                              'experiment_name': 'exp_Q004_p2p_strong',
[36m(CodeTaskRunner pid=634980)[0m                                              'max_samples_per_step_per_worker': None,
[36m(CodeTaskRunner pid=634980)[0m                                              'project_name': 'code_rl_reward_research',
[36m(CodeTaskRunner pid=634980)[0m                                              'token2text': False},
[36m(CodeTaskRunner pid=634980)[0m                                    'val_kwargs': {'_target_': 'verl.workers.config.SamplingConfig',
[36m(CodeTaskRunner pid=634980)[0m                                                   'do_sample': False,
[36m(CodeTaskRunner pid=634980)[0m                                                   'n': 1,
[36m(CodeTaskRunner pid=634980)[0m                                                   'temperature': 0,
[36m(CodeTaskRunner pid=634980)[0m                                                   'top_k': -1,
[36m(CodeTaskRunner pid=634980)[0m                                                   'top_p': 1.0}}},
[36m(CodeTaskRunner pid=634980)[0m  'algorithm': {'_target_': 'verl.trainer.config.AlgoConfig',
[36m(CodeTaskRunner pid=634980)[0m                'adv_estimator': 'grpo',
[36m(CodeTaskRunner pid=634980)[0m                'filter_groups': {'_target_': 'verl.trainer.config.FilterGroupsConfig',
[36m(CodeTaskRunner pid=634980)[0m                                  'enable': False,
[36m(CodeTaskRunner pid=634980)[0m                                  'max_inflight_gen_batches': 1,
[36m(CodeTaskRunner pid=634980)[0m                                  'max_num_gen_batches': 0,
[36m(CodeTaskRunner pid=634980)[0m                                  'metric': None},
[36m(CodeTaskRunner pid=634980)[0m                'gamma': 1.0,
[36m(CodeTaskRunner pid=634980)[0m                'kl_ctrl': {'_target_': 'verl.trainer.config.KLControlConfig',
[36m(CodeTaskRunner pid=634980)[0m                            'horizon': 10000,
[36m(CodeTaskRunner pid=634980)[0m                            'kl_coef': 0.001,
[36m(CodeTaskRunner pid=634980)[0m                            'target_kl': 0.1,
[36m(CodeTaskRunner pid=634980)[0m                            'type': 'fixed'},
[36m(CodeTaskRunner pid=634980)[0m                'kl_penalty': 'kl',
[36m(CodeTaskRunner pid=634980)[0m                'lam': 1.0,
[36m(CodeTaskRunner pid=634980)[0m                'norm_adv_by_std_in_grpo': True,
[36m(CodeTaskRunner pid=634980)[0m                'pf_ppo': {'reweight_method': 'pow', 'weight_pow': 2.0},
[36m(CodeTaskRunner pid=634980)[0m                'rollout_correction': {'bypass_mode': False,
[36m(CodeTaskRunner pid=634980)[0m                                       'loss_type': 'ppo_clip',
[36m(CodeTaskRunner pid=634980)[0m                                       'rollout_is': None,
[36m(CodeTaskRunner pid=634980)[0m                                       'rollout_is_batch_normalize': False,
[36m(CodeTaskRunner pid=634980)[0m                                       'rollout_is_threshold': 2.0,
[36m(CodeTaskRunner pid=634980)[0m                                       'rollout_rs': None,
[36m(CodeTaskRunner pid=634980)[0m                                       'rollout_rs_threshold': None},
[36m(CodeTaskRunner pid=634980)[0m                'use_kl_in_reward': False,
[36m(CodeTaskRunner pid=634980)[0m                'use_pf_ppo': False},
[36m(CodeTaskRunner pid=634980)[0m  'critic': {'_target_': 'verl.workers.config.FSDPCriticConfig',
[36m(CodeTaskRunner pid=634980)[0m             'checkpoint': {'_target_': 'verl.trainer.config.CheckpointConfig',
[36m(CodeTaskRunner pid=634980)[0m                            'async_save': False,
[36m(CodeTaskRunner pid=634980)[0m                            'load_contents': ['model', 'optimizer', 'extra'],
[36m(CodeTaskRunner pid=634980)[0m                            'save_contents': ['model', 'optimizer', 'extra']},
[36m(CodeTaskRunner pid=634980)[0m             'cliprange_value': 0.5,
[36m(CodeTaskRunner pid=634980)[0m             'data_loader_seed': 42,
[36m(CodeTaskRunner pid=634980)[0m             'enable': None,
[36m(CodeTaskRunner pid=634980)[0m             'forward_max_token_len_per_gpu': 32768,
[36m(CodeTaskRunner pid=634980)[0m             'forward_micro_batch_size': None,
[36m(CodeTaskRunner pid=634980)[0m             'forward_micro_batch_size_per_gpu': None,
[36m(CodeTaskRunner pid=634980)[0m             'fsdp': {'_target_': 'verl.workers.config.FSDPEngineConfig',
[36m(CodeTaskRunner pid=634980)[0m                      'dtype': 'bfloat16',
[36m(CodeTaskRunner pid=634980)[0m                      'entropy_checkpointing': False,
[36m(CodeTaskRunner pid=634980)[0m                      'entropy_from_logits_chunk_size': 2048,
[36m(CodeTaskRunner pid=634980)[0m                      'entropy_from_logits_with_chunking': False,
[36m(CodeTaskRunner pid=634980)[0m                      'forward_only': False,
[36m(CodeTaskRunner pid=634980)[0m                      'forward_prefetch': False,
[36m(CodeTaskRunner pid=634980)[0m                      'fsdp_size': -1,
[36m(CodeTaskRunner pid=634980)[0m                      'full_determinism': False,
[36m(CodeTaskRunner pid=634980)[0m                      'model_dtype': 'fp32',
[36m(CodeTaskRunner pid=634980)[0m                      'offload_policy': False,
[36m(CodeTaskRunner pid=634980)[0m                      'optimizer_offload': False,
[36m(CodeTaskRunner pid=634980)[0m                      'pad_to_length': False,
[36m(CodeTaskRunner pid=634980)[0m                      'pad_to_length_bucket': 1024,
[36m(CodeTaskRunner pid=634980)[0m                      'param_offload': False,
[36m(CodeTaskRunner pid=634980)[0m                      'qat': {'_target_': 'verl.workers.config.QATEngineConfig',
[36m(CodeTaskRunner pid=634980)[0m                              'activation_observer': 'static_minmax',
[36m(CodeTaskRunner pid=634980)[0m                              'enable': False,
[36m(CodeTaskRunner pid=634980)[0m                              'group_size': 16,
[36m(CodeTaskRunner pid=634980)[0m                              'ignore_patterns': ['lm_head',
[36m(CodeTaskRunner pid=634980)[0m                                                  'embed_tokens',
[36m(CodeTaskRunner pid=634980)[0m                                                  're:.*mlp.gate$'],
[36m(CodeTaskRunner pid=634980)[0m                              'mode': 'w4a16',
[36m(CodeTaskRunner pid=634980)[0m                              'quantization_config_path': None},
[36m(CodeTaskRunner pid=634980)[0m                      'reshard_after_forward': True,
[36m(CodeTaskRunner pid=634980)[0m                      'seed': 42,
[36m(CodeTaskRunner pid=634980)[0m                      'strategy': 'fsdp',
[36m(CodeTaskRunner pid=634980)[0m                      'ulysses_sequence_parallel_size': 1,
[36m(CodeTaskRunner pid=634980)[0m                      'use_orig_params': False,
[36m(CodeTaskRunner pid=634980)[0m                      'use_torch_compile': True,
[36m(CodeTaskRunner pid=634980)[0m                      'wrap_policy': {'min_num_params': 0}},
[36m(CodeTaskRunner pid=634980)[0m             'grad_clip': 1.0,
[36m(CodeTaskRunner pid=634980)[0m             'loss_agg_mode': 'token-mean',
[36m(CodeTaskRunner pid=634980)[0m             'loss_scale_factor': None,
[36m(CodeTaskRunner pid=634980)[0m             'model': {'_target_': 'verl.workers.config.HFModelConfig',
[36m(CodeTaskRunner pid=634980)[0m                       'custom_chat_template': None,
[36m(CodeTaskRunner pid=634980)[0m                       'enable_activation_offload': False,
[36m(CodeTaskRunner pid=634980)[0m                       'enable_gradient_checkpointing': True,
[36m(CodeTaskRunner pid=634980)[0m                       'exclude_modules': None,
[36m(CodeTaskRunner pid=634980)[0m                       'external_lib': None,
[36m(CodeTaskRunner pid=634980)[0m                       'fused_kernel_options': {'impl_backend': 'torch'},
[36m(CodeTaskRunner pid=634980)[0m                       'hf_config_path': None,
[36m(CodeTaskRunner pid=634980)[0m                       'lora': {'a2a_experimental': False,
[36m(CodeTaskRunner pid=634980)[0m                                'adapter_path': None,
[36m(CodeTaskRunner pid=634980)[0m                                'alpha': 32,
[36m(CodeTaskRunner pid=634980)[0m                                'dropout': 0.0,
[36m(CodeTaskRunner pid=634980)[0m                                'dropout_position': 'pre',
[36m(CodeTaskRunner pid=634980)[0m                                'dtype': None,
[36m(CodeTaskRunner pid=634980)[0m                                'exclude_modules': [],
[36m(CodeTaskRunner pid=634980)[0m                                'freeze_language_model': True,
[36m(CodeTaskRunner pid=634980)[0m                                'freeze_vision_model': True,
[36m(CodeTaskRunner pid=634980)[0m                                'freeze_vision_projection': True,
[36m(CodeTaskRunner pid=634980)[0m                                'lora_A_init_method': 'xavier',
[36m(CodeTaskRunner pid=634980)[0m                                'lora_B_init_method': 'zero',
[36m(CodeTaskRunner pid=634980)[0m                                'merge': False,
[36m(CodeTaskRunner pid=634980)[0m                                'rank': 0,
[36m(CodeTaskRunner pid=634980)[0m                                'target_modules': ['linear_qkv',
[36m(CodeTaskRunner pid=634980)[0m                                                   'linear_proj',
[36m(CodeTaskRunner pid=634980)[0m                                                   'linear_fc1',
[36m(CodeTaskRunner pid=634980)[0m                                                   'linear_fc2'],
[36m(CodeTaskRunner pid=634980)[0m                                'type': 'lora'},
[36m(CodeTaskRunner pid=634980)[0m                       'lora_adapter_path': None,
[36m(CodeTaskRunner pid=634980)[0m                       'lora_alpha': 16,
[36m(CodeTaskRunner pid=634980)[0m                       'lora_rank': 0,
[36m(CodeTaskRunner pid=634980)[0m                       'mtp': {'_target_': 'verl.workers.config.MtpConfig',
[36m(CodeTaskRunner pid=634980)[0m                               'detach_encoder': False,
[36m(CodeTaskRunner pid=634980)[0m                               'enable': False,
[36m(CodeTaskRunner pid=634980)[0m                               'enable_rollout': False,
[36m(CodeTaskRunner pid=634980)[0m                               'enable_train': False,
[36m(CodeTaskRunner pid=634980)[0m                               'method': 'mtp',
[36m(CodeTaskRunner pid=634980)[0m                               'mtp_loss_scaling_factor': 0.1,
[36m(CodeTaskRunner pid=634980)[0m                               'num_speculative_tokens': 1,
[36m(CodeTaskRunner pid=634980)[0m                               'speculative_algorithm': 'EAGLE',
[36m(CodeTaskRunner pid=634980)[0m                               'speculative_eagle_topk': 1,
[36m(CodeTaskRunner pid=634980)[0m                               'speculative_num_draft_tokens': 4,
[36m(CodeTaskRunner pid=634980)[0m                               'speculative_num_steps': 3},
[36m(CodeTaskRunner pid=634980)[0m                       'override_config': {},
[36m(CodeTaskRunner pid=634980)[0m                       'path': '~/models/deepseek-llm-7b-chat',
[36m(CodeTaskRunner pid=634980)[0m                       'target_modules': 'all-linear',
[36m(CodeTaskRunner pid=634980)[0m                       'tiled_mlp': {'enabled': False, 'num_shards': 4},
[36m(CodeTaskRunner pid=634980)[0m                       'tokenizer_path': None,
[36m(CodeTaskRunner pid=634980)[0m                       'trust_remote_code': False,
[36m(CodeTaskRunner pid=634980)[0m                       'use_fused_kernels': False,
[36m(CodeTaskRunner pid=634980)[0m                       'use_liger': False,
[36m(CodeTaskRunner pid=634980)[0m                       'use_remove_padding': True,
[36m(CodeTaskRunner pid=634980)[0m                       'use_shm': False},
[36m(CodeTaskRunner pid=634980)[0m             'optim': {'_target_': 'verl.workers.config.FSDPOptimizerConfig',
[36m(CodeTaskRunner pid=634980)[0m                       'betas': [0.9, 0.999],
[36m(CodeTaskRunner pid=634980)[0m                       'clip_grad': 1.0,
[36m(CodeTaskRunner pid=634980)[0m                       'lr': 1e-05,
[36m(CodeTaskRunner pid=634980)[0m                       'lr_scheduler_type': 'constant',
[36m(CodeTaskRunner pid=634980)[0m                       'lr_warmup_steps': -1,
[36m(CodeTaskRunner pid=634980)[0m                       'lr_warmup_steps_ratio': 0.0,
[36m(CodeTaskRunner pid=634980)[0m                       'min_lr_ratio': 0.0,
[36m(CodeTaskRunner pid=634980)[0m                       'num_cycles': 0.5,
[36m(CodeTaskRunner pid=634980)[0m                       'optimizer': 'AdamW',
[36m(CodeTaskRunner pid=634980)[0m                       'optimizer_impl': 'torch.optim',
[36m(CodeTaskRunner pid=634980)[0m                       'override_optimizer_config': None,
[36m(CodeTaskRunner pid=634980)[0m                       'total_training_steps': -1,
[36m(CodeTaskRunner pid=634980)[0m                       'warmup_style': None,
[36m(CodeTaskRunner pid=634980)[0m                       'weight_decay': 0.01,
[36m(CodeTaskRunner pid=634980)[0m                       'zero_indexed_step': True},
[36m(CodeTaskRunner pid=634980)[0m             'ppo_epochs': 1,
[36m(CodeTaskRunner pid=634980)[0m             'ppo_max_token_len_per_gpu': 32768,
[36m(CodeTaskRunner pid=634980)[0m             'ppo_micro_batch_size': None,
[36m(CodeTaskRunner pid=634980)[0m             'ppo_micro_batch_size_per_gpu': None,
[36m(CodeTaskRunner pid=634980)[0m             'ppo_mini_batch_size': 24,
[36m(CodeTaskRunner pid=634980)[0m             'profiler': {'_target_': 'verl.utils.profiler.ProfilerConfig',
[36m(CodeTaskRunner pid=634980)[0m                          'all_ranks': False,
[36m(CodeTaskRunner pid=634980)[0m                          'enable': False,
[36m(CodeTaskRunner pid=634980)[0m                          'ranks': [],
[36m(CodeTaskRunner pid=634980)[0m                          'save_path': 'outputs/profile',
[36m(CodeTaskRunner pid=634980)[0m                          'tool': None,
[36m(CodeTaskRunner pid=634980)[0m                          'tool_config': {'npu': {'_target_': 'verl.utils.profiler.config.NPUToolConfig',
[36m(CodeTaskRunner pid=634980)[0m                                                  'analysis': True,
[36m(CodeTaskRunner pid=634980)[0m                                                  'contents': [],
[36m(CodeTaskRunner pid=634980)[0m                                                  'discrete': False,
[36m(CodeTaskRunner pid=634980)[0m                                                  'level': 'level0'},
[36m(CodeTaskRunner pid=634980)[0m                                          'nsys': {'_target_': 'verl.utils.profiler.config.NsightToolConfig',
[36m(CodeTaskRunner pid=634980)[0m                                                   'discrete': False},
[36m(CodeTaskRunner pid=634980)[0m                                          'precision_debugger': {'_target_': 'verl.utils.profiler.config.PrecisionDebuggerToolConfig',
[36m(CodeTaskRunner pid=634980)[0m                                                                 'config_path': None,
[36m(CodeTaskRunner pid=634980)[0m                                                                 'stages': None,
[36m(CodeTaskRunner pid=634980)[0m                                                                 'steps': None,
[36m(CodeTaskRunner pid=634980)[0m                                                                 'strict': False},
[36m(CodeTaskRunner pid=634980)[0m                                          'torch': {'_target_': 'verl.utils.profiler.config.TorchProfilerToolConfig',
[36m(CodeTaskRunner pid=634980)[0m                                                    'contents': [],
[36m(CodeTaskRunner pid=634980)[0m                                                    'discrete': False,
[36m(CodeTaskRunner pid=634980)[0m                                                    'schedule': {'_target_': 'verl.utils.profiler.config.TorchProfilerScheduleConfig',
[36m(CodeTaskRunner pid=634980)[0m                                                                 'active': 0,
[36m(CodeTaskRunner pid=634980)[0m                                                                 'repeat': 0,
[36m(CodeTaskRunner pid=634980)[0m                                                                 'skip_first': 0,
[36m(CodeTaskRunner pid=634980)[0m                                                                 'wait': 0,
[36m(CodeTaskRunner pid=634980)[0m                                                                 'warmup': 0}},
[36m(CodeTaskRunner pid=634980)[0m                                          'torch_memory': {'_target_': 'verl.utils.profiler.config.TorchMemoryToolConfig',
[36m(CodeTaskRunner pid=634980)[0m                                                           'stack_depth': 32,
[36m(CodeTaskRunner pid=634980)[0m                                                           'trace_alloc_max_entries': 100000}}},
[36m(CodeTaskRunner pid=634980)[0m             'rollout_n': 6,
[36m(CodeTaskRunner pid=634980)[0m             'shuffle': False,
[36m(CodeTaskRunner pid=634980)[0m             'strategy': 'fsdp',
[36m(CodeTaskRunner pid=634980)[0m             'ulysses_sequence_parallel_size': 1,
[36m(CodeTaskRunner pid=634980)[0m             'use_dynamic_bsz': True},
[36m(CodeTaskRunner pid=634980)[0m  'custom_reward_function': {'name': None, 'path': None},
[36m(CodeTaskRunner pid=634980)[0m  'data': {'apply_chat_template_kwargs': {},
[36m(CodeTaskRunner pid=634980)[0m           'audio_key': 'audios',
[36m(CodeTaskRunner pid=634980)[0m           'continuous_token': {'enable': False, 'model_family': 'auto'},
[36m(CodeTaskRunner pid=634980)[0m           'custom_cls': {'name': None, 'path': None},
[36m(CodeTaskRunner pid=634980)[0m           'dataloader_num_workers': 8,
[36m(CodeTaskRunner pid=634980)[0m           'filter_overlong_prompts': True,
[36m(CodeTaskRunner pid=634980)[0m           'filter_overlong_prompts_workers': 1,
[36m(CodeTaskRunner pid=634980)[0m           'function_tool_path': None,
[36m(CodeTaskRunner pid=634980)[0m           'gen_batch_size': None,
[36m(CodeTaskRunner pid=634980)[0m           'hier_sampler': {'task_key': 'data_source',
[36m(CodeTaskRunner pid=634980)[0m                            'task_weights': {'t15_repo_patch': 0.25,
[36m(CodeTaskRunner pid=634980)[0m                                             't15_unittest_impl': 0.75},
[36m(CodeTaskRunner pid=634980)[0m                            'variant_key': 'variant_type',
[36m(CodeTaskRunner pid=634980)[0m                            'variant_weights': {'swe_128k': 0.15,
[36m(CodeTaskRunner pid=634980)[0m                                                'swe_32k': 0.5,
[36m(CodeTaskRunner pid=634980)[0m                                                'swe_64k': 0.35,
[36m(CodeTaskRunner pid=634980)[0m                                                'ut_function': 0.45,
[36m(CodeTaskRunner pid=634980)[0m                                                'ut_pytest': 0.3,
[36m(CodeTaskRunner pid=634980)[0m                                                'ut_stdio': 0.25}},
[36m(CodeTaskRunner pid=634980)[0m           'image_key': 'images',
[36m(CodeTaskRunner pid=634980)[0m           'image_patch_size': 14,
[36m(CodeTaskRunner pid=634980)[0m           'max_prompt_length': 131072,
[36m(CodeTaskRunner pid=634980)[0m           'max_response_length': 2048,
[36m(CodeTaskRunner pid=634980)[0m           'mm_processor_kwargs': {},
[36m(CodeTaskRunner pid=634980)[0m           'prompt_key': 'prompt',
[36m(CodeTaskRunner pid=634980)[0m           'return_full_prompt': False,
[36m(CodeTaskRunner pid=634980)[0m           'return_multi_modal_inputs': True,
[36m(CodeTaskRunner pid=634980)[0m           'return_raw_chat': True,
[36m(CodeTaskRunner pid=634980)[0m           'return_raw_input_ids': False,
[36m(CodeTaskRunner pid=634980)[0m           'reward_fn_key': 'data_source',
[36m(CodeTaskRunner pid=634980)[0m           'seed': 0,
[36m(CodeTaskRunner pid=634980)[0m           'shuffle': True,
[36m(CodeTaskRunner pid=634980)[0m           'tokenizer': None,
[36m(CodeTaskRunner pid=634980)[0m           'tool_config_path': None,
[36m(CodeTaskRunner pid=634980)[0m           'train_batch_size': 24,
[36m(CodeTaskRunner pid=634980)[0m           'train_files': '/scratch/r919a03/code_verl_test/data/curated/curated_v3/train.parquet',
[36m(CodeTaskRunner pid=634980)[0m           'train_max_samples': -1,
[36m(CodeTaskRunner pid=634980)[0m           'truncation': 'error',
[36m(CodeTaskRunner pid=634980)[0m           'trust_remote_code': False,
[36m(CodeTaskRunner pid=634980)[0m           'use_shm': False,
[36m(CodeTaskRunner pid=634980)[0m           'val_batch_size': None,
[36m(CodeTaskRunner pid=634980)[0m           'val_files': '/scratch/r919a03/code_verl_test/data/curated/curated_v3/validation.parquet',
[36m(CodeTaskRunner pid=634980)[0m           'val_max_samples': -1,
[36m(CodeTaskRunner pid=634980)[0m           'validation_shuffle': False,
[36m(CodeTaskRunner pid=634980)[0m           'video_key': 'videos'},
[36m(CodeTaskRunner pid=634980)[0m  'distillation': {'_target_': 'verl.workers.config.DistillationConfig',
[36m(CodeTaskRunner pid=634980)[0m                   'distillation_loss': {'_target_': 'verl.workers.config.DistillationLossConfig',
[36m(CodeTaskRunner pid=634980)[0m                                         'clip_ratio': 0.2,
[36m(CodeTaskRunner pid=634980)[0m                                         'clip_ratio_high': 0.2,
[36m(CodeTaskRunner pid=634980)[0m                                         'clip_ratio_low': 0.2,
[36m(CodeTaskRunner pid=634980)[0m                                         'distillation_loss_coef': 1.0,
[36m(CodeTaskRunner pid=634980)[0m                                         'log_prob_min_clamp': None,
[36m(CodeTaskRunner pid=634980)[0m                                         'loss_max_clamp': None,
[36m(CodeTaskRunner pid=634980)[0m                                         'loss_mode': 'k3',
[36m(CodeTaskRunner pid=634980)[0m                                         'policy_loss_mode': 'vanilla',
[36m(CodeTaskRunner pid=634980)[0m                                         'topk': 32,
[36m(CodeTaskRunner pid=634980)[0m                                         'use_policy_gradient': False,
[36m(CodeTaskRunner pid=634980)[0m                                         'use_task_rewards': True},
[36m(CodeTaskRunner pid=634980)[0m                   'enabled': False,
[36m(CodeTaskRunner pid=634980)[0m                   'n_gpus_per_node': 8,
[36m(CodeTaskRunner pid=634980)[0m                   'nnodes': 0,
[36m(CodeTaskRunner pid=634980)[0m                   'teacher_key': 'data_source',
[36m(CodeTaskRunner pid=634980)[0m                   'teacher_models': {'teacher_model': {'_target_': 'verl.workers.config.DistillationTeacherModelConfig',
[36m(CodeTaskRunner pid=634980)[0m                                                        'inference': {'_target_': 'verl.workers.config.RolloutConfig',
[36m(CodeTaskRunner pid=634980)[0m                                                                      'cudagraph_capture_sizes': None,
[36m(CodeTaskRunner pid=634980)[0m                                                                      'data_parallel_size': 1,
[36m(CodeTaskRunner pid=634980)[0m                                                                      'disable_log_stats': True,
[36m(CodeTaskRunner pid=634980)[0m                                                                      'dtype': 'bfloat16',
[36m(CodeTaskRunner pid=634980)[0m                                                                      'enable_chunked_prefill': True,
[36m(CodeTaskRunner pid=634980)[0m                                                                      'enable_prefix_caching': True,
[36m(CodeTaskRunner pid=634980)[0m                                                                      'enforce_eager': True,
[36m(CodeTaskRunner pid=634980)[0m                                                                      'engine_kwargs': {},
[36m(CodeTaskRunner pid=634980)[0m                                                                      'expert_parallel_size': 1,
[36m(CodeTaskRunner pid=634980)[0m                                                                      'free_cache_engine': True,
[36m(CodeTaskRunner pid=634980)[0m                                                                      'gpu_memory_utilization': 0.5,
[36m(CodeTaskRunner pid=634980)[0m                                                                      'limit_images': None,
[36m(CodeTaskRunner pid=634980)[0m                                                                      'load_format': 'auto',
[36m(CodeTaskRunner pid=634980)[0m                                                                      'max_model_len': None,
[36m(CodeTaskRunner pid=634980)[0m                                                                      'max_num_batched_tokens': 8192,
[36m(CodeTaskRunner pid=634980)[0m                                                                      'max_num_seqs': 1024,
[36m(CodeTaskRunner pid=634980)[0m                                                                      'name': 'vllm',
[36m(CodeTaskRunner pid=634980)[0m                                                                      'prompt_length': 131072,
[36m(CodeTaskRunner pid=634980)[0m                                                                      'response_length': 2048,
[36m(CodeTaskRunner pid=634980)[0m                                                                      'skip_tokenizer_init': True,
[36m(CodeTaskRunner pid=634980)[0m                                                                      'temperature': 1.0,
[36m(CodeTaskRunner pid=634980)[0m                                                                      'tensor_model_parallel_size': 2},
[36m(CodeTaskRunner pid=634980)[0m                                                        'key': None,
[36m(CodeTaskRunner pid=634980)[0m                                                        'model_path': None,
[36m(CodeTaskRunner pid=634980)[0m                                                        'num_replicas': 0}}},
[36m(CodeTaskRunner pid=634980)[0m  'global_profiler': {'_target_': 'verl.utils.profiler.ProfilerConfig',
[36m(CodeTaskRunner pid=634980)[0m                      'global_tool_config': {'nsys': {'_target_': 'verl.utils.profiler.config.NsightToolConfig',
[36m(CodeTaskRunner pid=634980)[0m                                                      'controller_nsight_options': {'cuda-graph-trace': 'graph',
[36m(CodeTaskRunner pid=634980)[0m                                                                                    'cuda-memory-usage': 'true',
[36m(CodeTaskRunner pid=634980)[0m                                                                                    'trace': 'cuda,nvtx,cublas,ucx'},
[36m(CodeTaskRunner pid=634980)[0m                                                      'discrete': False,
[36m(CodeTaskRunner pid=634980)[0m                                                      'worker_nsight_options': {'capture-range': 'cudaProfilerApi',
[36m(CodeTaskRunner pid=634980)[0m                                                                                'capture-range-end': None,
[36m(CodeTaskRunner pid=634980)[0m                                                                                'cuda-graph-trace': 'graph',
[36m(CodeTaskRunner pid=634980)[0m                                                                                'cuda-memory-usage': 'true',
[36m(CodeTaskRunner pid=634980)[0m                                                                                'kill': 'none',
[36m(CodeTaskRunner pid=634980)[0m                                                                                'trace': 'cuda,nvtx,cublas,ucx'}},
[36m(CodeTaskRunner pid=634980)[0m                                             'precision_debugger': {'_target_': 'verl.utils.profiler.config.PrecisionDebuggerToolConfig',
[36m(CodeTaskRunner pid=634980)[0m                                                                    'config_path': None,
[36m(CodeTaskRunner pid=634980)[0m                                                                    'stages': None,
[36m(CodeTaskRunner pid=634980)[0m                                                                    'steps': None,
[36m(CodeTaskRunner pid=634980)[0m                                                                    'strict': False},
[36m(CodeTaskRunner pid=634980)[0m                                             'torch_memory': {'context': 'all',
[36m(CodeTaskRunner pid=634980)[0m                                                              'kw_args': {},
[36m(CodeTaskRunner pid=634980)[0m                                                              'stack_depth': 32,
[36m(CodeTaskRunner pid=634980)[0m                                                              'stacks': 'all',
[36m(CodeTaskRunner pid=634980)[0m                                                              'trace_alloc_max_entries': 100000}},
[36m(CodeTaskRunner pid=634980)[0m                      'profile_continuous_steps': False,
[36m(CodeTaskRunner pid=634980)[0m                      'save_path': 'outputs/profile',
[36m(CodeTaskRunner pid=634980)[0m                      'steps': None,
[36m(CodeTaskRunner pid=634980)[0m                      'tool': None},
[36m(CodeTaskRunner pid=634980)[0m  'model_engine': 'dp',
[36m(CodeTaskRunner pid=634980)[0m  'ray_kwargs': {'ray_init': {'num_cpus': None,
[36m(CodeTaskRunner pid=634980)[0m                              'object_store_memory': 40000000000},
[36m(CodeTaskRunner pid=634980)[0m                 'timeline_json_file': None},
[36m(CodeTaskRunner pid=634980)[0m  'reward': {'_target_': 'verl.workers.config.RewardConfig',
[36m(CodeTaskRunner pid=634980)[0m             'custom_reward_function': {'name': 'compute_score',
[36m(CodeTaskRunner pid=634980)[0m                                        'path': '/scratch/r919a03/code_verl_test/verifier/verl_reward.py'},
[36m(CodeTaskRunner pid=634980)[0m             'num_workers': 4,
[36m(CodeTaskRunner pid=634980)[0m             'reward_manager': {'_target_': 'verl.workers.config.reward.RewardManagerConfig',
[36m(CodeTaskRunner pid=634980)[0m                                'module': {'_target_': 'verl.trainer.config.config.ModuleConfig',
[36m(CodeTaskRunner pid=634980)[0m                                           'name': 'custom_reward_manager',
[36m(CodeTaskRunner pid=634980)[0m                                           'path': None},
[36m(CodeTaskRunner pid=634980)[0m                                'name': 'naive',
[36m(CodeTaskRunner pid=634980)[0m                                'source': 'register'},
[36m(CodeTaskRunner pid=634980)[0m             'reward_model': {'_target_': 'verl.workers.config.RewardModelConfig',
[36m(CodeTaskRunner pid=634980)[0m                              'enable': False,
[36m(CodeTaskRunner pid=634980)[0m                              'enable_resource_pool': False,
[36m(CodeTaskRunner pid=634980)[0m                              'model_path': None,
[36m(CodeTaskRunner pid=634980)[0m                              'n_gpus_per_node': 8,
[36m(CodeTaskRunner pid=634980)[0m                              'nnodes': 0,
[36m(CodeTaskRunner pid=634980)[0m                              'rollout': {'_target_': 'verl.workers.config.RolloutConfig',
[36m(CodeTaskRunner pid=634980)[0m                                          'cudagraph_capture_sizes': None,
[36m(CodeTaskRunner pid=634980)[0m                                          'data_parallel_size': 1,
[36m(CodeTaskRunner pid=634980)[0m                                          'disable_log_stats': True,
[36m(CodeTaskRunner pid=634980)[0m                                          'disaggregation': {'bootstrap_port': None,
[36m(CodeTaskRunner pid=634980)[0m                                                             'decode_replicas': 1,
[36m(CodeTaskRunner pid=634980)[0m                                                             'decode_tensor_model_parallel_size': None,
[36m(CodeTaskRunner pid=634980)[0m                                                             'enabled': False,
[36m(CodeTaskRunner pid=634980)[0m                                                             'ib_device': None,
[36m(CodeTaskRunner pid=634980)[0m                                                             'prefill_replicas': 1,
[36m(CodeTaskRunner pid=634980)[0m                                                             'transfer_backend': 'nixl'},
[36m(CodeTaskRunner pid=634980)[0m                                          'do_sample': True,
[36m(CodeTaskRunner pid=634980)[0m                                          'dtype': 'bfloat16',
[36m(CodeTaskRunner pid=634980)[0m                                          'enable_chunked_prefill': True,
[36m(CodeTaskRunner pid=634980)[0m                                          'enable_prefix_caching': True,
[36m(CodeTaskRunner pid=634980)[0m                                          'enforce_eager': True,
[36m(CodeTaskRunner pid=634980)[0m                                          'engine_kwargs': {},
[36m(CodeTaskRunner pid=634980)[0m                                          'expert_parallel_size': 1,
[36m(CodeTaskRunner pid=634980)[0m                                          'free_cache_engine': True,
[36m(CodeTaskRunner pid=634980)[0m                                          'full_determinism': False,
[36m(CodeTaskRunner pid=634980)[0m                                          'gpu_memory_utilization': 0.5,
[36m(CodeTaskRunner pid=634980)[0m                                          'ignore_eos': False,
[36m(CodeTaskRunner pid=634980)[0m                                          'layered_summon': False,
[36m(CodeTaskRunner pid=634980)[0m                                          'limit_images': None,
[36m(CodeTaskRunner pid=634980)[0m                                          'load_format': 'auto',
[36m(CodeTaskRunner pid=634980)[0m                                          'max_model_len': None,
[36m(CodeTaskRunner pid=634980)[0m                                          'max_num_batched_tokens': 8192,
[36m(CodeTaskRunner pid=634980)[0m                                          'max_num_seqs': 1024,
[36m(CodeTaskRunner pid=634980)[0m                                          'mtp': None,
[36m(CodeTaskRunner pid=634980)[0m                                          'multi_stage_wake_up': False,
[36m(CodeTaskRunner pid=634980)[0m                                          'n': 1,
[36m(CodeTaskRunner pid=634980)[0m                                          'name': '???',
[36m(CodeTaskRunner pid=634980)[0m                                          'pipeline_model_parallel_size': 1,
[36m(CodeTaskRunner pid=634980)[0m                                          'prompt_length': 2048,
[36m(CodeTaskRunner pid=634980)[0m                                          'quantization': None,
[36m(CodeTaskRunner pid=634980)[0m                                          'quantization_config_file': None,
[36m(CodeTaskRunner pid=634980)[0m                                          'response_length': 2048,
[36m(CodeTaskRunner pid=634980)[0m                                          'scheduling_policy': 'fcfs',
[36m(CodeTaskRunner pid=634980)[0m                                          'seed': 42,
[36m(CodeTaskRunner pid=634980)[0m                                          'skip_tokenizer_init': False,
[36m(CodeTaskRunner pid=634980)[0m                                          'temperature': 1.0,
[36m(CodeTaskRunner pid=634980)[0m                                          'tensor_model_parallel_size': 2,
[36m(CodeTaskRunner pid=634980)[0m                                          'top_k': -1,
[36m(CodeTaskRunner pid=634980)[0m                                          'top_p': 1}},
[36m(CodeTaskRunner pid=634980)[0m             'sandbox_fusion': {'_target_': 'verl.workers.config.SandboxFusionConfig',
[36m(CodeTaskRunner pid=634980)[0m                                'max_concurrent': 64,
[36m(CodeTaskRunner pid=634980)[0m                                'memory_limit_mb': 1024,
[36m(CodeTaskRunner pid=634980)[0m                                'url': None}},
[36m(CodeTaskRunner pid=634980)[0m  'reward_model': {'enable': None,
[36m(CodeTaskRunner pid=634980)[0m                   'enable_resource_pool': None,
[36m(CodeTaskRunner pid=634980)[0m                   'model': {'external_lib': None,
[36m(CodeTaskRunner pid=634980)[0m                             'path': None,
[36m(CodeTaskRunner pid=634980)[0m                             'trust_remote_code': None},
[36m(CodeTaskRunner pid=634980)[0m                   'n_gpus_per_node': None,
[36m(CodeTaskRunner pid=634980)[0m                   'nnodes': None,
[36m(CodeTaskRunner pid=634980)[0m                   'num_workers': None,
[36m(CodeTaskRunner pid=634980)[0m                   'reward_loop_class_name': None,
[36m(CodeTaskRunner pid=634980)[0m                   'reward_loop_module_path': None,
[36m(CodeTaskRunner pid=634980)[0m                   'reward_loop_source': None,
[36m(CodeTaskRunner pid=634980)[0m                   'reward_manager': None,
[36m(CodeTaskRunner pid=634980)[0m                   'rollout': {'cudagraph_capture_sizes': None,
[36m(CodeTaskRunner pid=634980)[0m                               'data_parallel_size': None,
[36m(CodeTaskRunner pid=634980)[0m                               'disable_log_stats': None,
[36m(CodeTaskRunner pid=634980)[0m                               'dtype': None,
[36m(CodeTaskRunner pid=634980)[0m                               'enable_chunked_prefill': None,
[36m(CodeTaskRunner pid=634980)[0m                               'enable_prefix_caching': None,
[36m(CodeTaskRunner pid=634980)[0m                               'enforce_eager': None,
[36m(CodeTaskRunner pid=634980)[0m                               'engine_kwargs': None,
[36m(CodeTaskRunner pid=634980)[0m                               'expert_parallel_size': None,
[36m(CodeTaskRunner pid=634980)[0m                               'free_cache_engine': None,
[36m(CodeTaskRunner pid=634980)[0m                               'gpu_memory_utilization': None,
[36m(CodeTaskRunner pid=634980)[0m                               'limit_images': None,
[36m(CodeTaskRunner pid=634980)[0m                               'load_format': None,
[36m(CodeTaskRunner pid=634980)[0m                               'max_model_len': None,
[36m(CodeTaskRunner pid=634980)[0m                               'max_num_batched_tokens': None,
[36m(CodeTaskRunner pid=634980)[0m                               'max_num_seqs': None,
[36m(CodeTaskRunner pid=634980)[0m                               'name': None,
[36m(CodeTaskRunner pid=634980)[0m                               'prompt_length': None,
[36m(CodeTaskRunner pid=634980)[0m                               'response_length': None,
[36m(CodeTaskRunner pid=634980)[0m                               'skip_tokenizer_init': None,
[36m(CodeTaskRunner pid=634980)[0m                               'tensor_model_parallel_size': None}},
[36m(CodeTaskRunner pid=634980)[0m  'sandbox_fusion': {'max_concurrent': None,
[36m(CodeTaskRunner pid=634980)[0m                     'memory_limit_mb': None,
[36m(CodeTaskRunner pid=634980)[0m                     'url': None},
[36m(CodeTaskRunner pid=634980)[0m  'skip': {'_target_': 'verl.utils.skip.SkipManagerConfig',
[36m(CodeTaskRunner pid=634980)[0m           'async_rollout': {'action': 'cache',
[36m(CodeTaskRunner pid=634980)[0m                             'dump_dir': '~/.verl/rollout_dump',
[36m(CodeTaskRunner pid=634980)[0m                             'enable': False,
[36m(CodeTaskRunner pid=634980)[0m                             'steps': []},
[36m(CodeTaskRunner pid=634980)[0m           'rollout': {'action': 'cache',
[36m(CodeTaskRunner pid=634980)[0m                       'dump_dir': '~/.verl/rollout_dump',
[36m(CodeTaskRunner pid=634980)[0m                       'enable': False,
[36m(CodeTaskRunner pid=634980)[0m                       'steps': []},
[36m(CodeTaskRunner pid=634980)[0m           'rollout_tq': {'action': 'cache',
[36m(CodeTaskRunner pid=634980)[0m                          'dump_dir': '~/.verl/rollout_dump',
[36m(CodeTaskRunner pid=634980)[0m                          'enable': False,
[36m(CodeTaskRunner pid=634980)[0m                          'steps': []}},
[36m(CodeTaskRunner pid=634980)[0m  'trainer': {'balance_batch': True,
[36m(CodeTaskRunner pid=634980)[0m              'critic_warmup': 0,
[36m(CodeTaskRunner pid=634980)[0m              'default_hdfs_dir': None,
[36m(CodeTaskRunner pid=634980)[0m              'default_local_dir': '/scratch/r919a03/code_verl_test/checkpoints/exp_Q004_p2p_strong',
[36m(CodeTaskRunner pid=634980)[0m              'del_local_ckpt_after_load': False,
[36m(CodeTaskRunner pid=634980)[0m              'device': 'cuda',
[36m(CodeTaskRunner pid=634980)[0m              'esi_redundant_time': 0,
[36m(CodeTaskRunner pid=634980)[0m              'experiment_name': 'exp_Q004_p2p_strong',
[36m(CodeTaskRunner pid=634980)[0m              'log_val_generations': 0,
[36m(CodeTaskRunner pid=634980)[0m              'logger': ['console'],
[36m(CodeTaskRunner pid=634980)[0m              'max_actor_ckpt_to_keep': 1,
[36m(CodeTaskRunner pid=634980)[0m              'max_critic_ckpt_to_keep': None,
[36m(CodeTaskRunner pid=634980)[0m              'n_gpus_per_node': 4,
[36m(CodeTaskRunner pid=634980)[0m              'nnodes': 1,
[36m(CodeTaskRunner pid=634980)[0m              'project_name': 'code_rl_reward_research',
[36m(CodeTaskRunner pid=634980)[0m              'ray_wait_register_center_timeout': 300,
[36m(CodeTaskRunner pid=634980)[0m              'resume_from_path': None,
[36m(CodeTaskRunner pid=634980)[0m              'resume_mode': 'auto',
[36m(CodeTaskRunner pid=634980)[0m              'rollout_data_dir': None,
[36m(CodeTaskRunner pid=634980)[0m              'save_freq': 20,
[36m(CodeTaskRunner pid=634980)[0m              'test_freq': 20,[36m(CodeTaskRunner pid=634980)[0m /scratch/r919a03/code_verl_test/.venv/lib/python3.12/site-packages/verl/trainer/ppo/v1/trainer_base.py:127: UserWarning: Disabled critic as algorithm.adv_estimator != gae. If it is not intended, please set critic.enable=True
[36m(CodeTaskRunner pid=634980)[0m   self.use_critic = need_critic(self.config)
[36m(CodeTaskRunner pid=634980)[0m Filtering prompts longer than 131072 tokens (num_proc=1):   0%|          | 0/2074 [00:00<?, ? examples/s]
[36m(CodeTaskRunner pid=634980)[0m Filtering prompts longer than 131072 tokens (num_proc=1):  48%|████▊     | 1000/2074 [00:44<00:47, 22.48 examples/s]
[36m(CodeTaskRunner pid=634980)[0m Filtering prompts longer than 131072 tokens (num_proc=1):  96%|█████████▋| 2000/2074 [00:44<00:01, 53.71 examples/s]
[36m(CodeTaskRunner pid=634980)[0m Filtering prompts longer than 131072 tokens (num_proc=1): 100%|██████████| 2074/2074 [00:46<00:00, 45.06 examples/s]
[36m(CodeTaskRunner pid=634980)[0m Filtering prompts longer than 131072 tokens (num_proc=1):   0%|          | 0/512 [00:00<?, ? examples/s]
[36m(CodeTaskRunner pid=634980)[0m Filtering prompts longer than 131072 tokens (num_proc=1): 100%|██████████| 512/512 [00:12<00:00, 40.21 examples/s]
[36m(CodeTaskRunner pid=634980)[0m Filtering prompts longer than 131072 tokens (num_proc=1): 100%|██████████| 512/512 [00:12<00:00, 39.91 examples/s]
[36m(CodeTaskRunner pid=634980)[0m INFO:2026-09-05 20:43:48,775:train and validate dataloader initialized, train dataset size: 2074, val dataset size: 512
[36m(CodeTaskRunner pid=634980)[0m INFO:2026-09-05 20:43:48,775:Total training steps: 20
[36m(CodeTaskRunner pid=634980)[0m /scratch/r919a03/code_verl_test/.venv/lib/python3.12/site-packages/verl/trainer/ppo/v1/trainer_base.py:751: UserWarning: Disabled critic as algorithm.adv_estimator != gae. If it is not intended, please set critic.enable=True
[36m(CodeTaskRunner pid=634980)[0m   if need_critic(config):
[36m(CodeTaskRunner pid=634980)[0m INFO:2026-09-05 20:43:48,779:worker group kwargs: {'device_name': 'cuda'}
[36m(CodeTaskRunner pid=634980)[0m INFO:2026-09-05 20:43:49,893:create worker group dict_keys(['actor_rollout'])
[36m(WorkerDict pid=637393)[0m /scratch/r919a03/code_verl_test/.venv/lib/python3.12/site-packages/verl/workers/engine/__init__.py:31: UserWarning: torchtitan engine is not available: ModuleNotFoundError("No module named 'torchtitan'")
[36m(WorkerDict pid=637393)[0m   warnings.warn(f"torchtitan engine is not available: {e!r}", stacklevel=1)
[36m(WorkerDict pid=637393)[0m /scratch/r919a03/code_verl_test/.venv/lib/python3.12/site-packages/verl/workers/engine/__init__.py:40: UserWarning: veomni engine is not available: ModuleNotFoundError("No module named 'veomni'")
[36m(WorkerDict pid=637393)[0m   warnings.warn(f"veomni engine is not available: {e!r}", stacklevel=1)
[36m(WorkerDict pid=637393)[0m /scratch/r919a03/code_verl_test/.venv/lib/python3.12/site-packages/verl/workers/engine/__init__.py:49: UserWarning: automodel engine is not available: ModuleNotFoundError("No module named 'nemo_automodel'")
[36m(WorkerDict pid=637393)[0m   warnings.warn(f"automodel engine is not available: {e!r}", stacklevel=1)
[36m(WorkerDict pid=637393)[0m /scratch/r919a03/code_verl_test/.venv/lib/python3.12/site-packages/verl/workers/engine/mindspeed/transformer_impl.py:24: UserWarning: NPU not support router replay for now.
[36m(WorkerDict pid=637393)[0m   from verl.utils.megatron.router_replay_patch import RouterReplay
[36m(WorkerDict pid=637393)[0m /scratch/r919a03/code_verl_test/.venv/lib/python3.12/site-packages/verl/workers/engine/__init__.py:59: UserWarning: mindspeed engine is not available: ModuleNotFoundError("No module named 'megatron'")
[36m(WorkerDict pid=637393)[0m   warnings.warn(f"mindspeed engine is not available: {e!r}", stacklevel=1)
[36m(WorkerDict pid=637393)[0m /scratch/r919a03/code_verl_test/.venv/lib/python3.12/site-packages/verl/workers/engine/__init__.py:69: UserWarning: megatron engine is not available: ModuleNotFoundError("No module named 'megatron'")
[36m(WorkerDict pid=637393)[0m   warnings.warn(f"megatron engine is not available: {e!r}", stacklevel=1)
[36m(WorkerDict pid=637395)[0m Loading weights:   0%|          | 0/531 [00:00<?, ?it/s]
[36m(WorkerDict pid=637394)[0m /scratch/r919a03/code_verl_test/.venv/lib/python3.12/site-packages/verl/workers/engine/__init__.py:31: UserWarning: torchtitan engine is not available: ModuleNotFoundError("No module named 'torchtitan'")[32m [repeated 3x across cluster] (Ray deduplicates logs by default. Set RAY_DEDUP_LOGS=0 to disable log deduplication, or see https://docs.ray.io/en/master/ray-observability/user-guides/configure-logging.html#log-deduplication for more options.)[0m
[36m(WorkerDict pid=637394)[0m   warnings.warn(f"torchtitan engine is not available: {e!r}", stacklevel=1)[32m [repeated 3x across cluster][0m
[36m(WorkerDict pid=637394)[0m /scratch/r919a03/code_verl_test/.venv/lib/python3.12/site-packages/verl/workers/engine/__init__.py:40: UserWarning: veomni engine is not available: ModuleNotFoundError("No module named 'veomni'")[32m [repeated 3x across cluster][0m
[36m(WorkerDict pid=637394)[0m   warnings.warn(f"veomni engine is not available: {e!r}", stacklevel=1)[32m [repeated 3x across cluster][0m
[36m(WorkerDict pid=637394)[0m /scratch/r919a03/code_verl_test/.venv/lib/python3.12/site-packages/verl/workers/engine/__init__.py:49: UserWarning: automodel engine is not available: ModuleNotFoundError("No module named 'nemo_automodel'")[32m [repeated 3x across cluster][0m
[36m(WorkerDict pid=637394)[0m   warnings.warn(f"automodel engine is not available: {e!r}", stacklevel=1)[32m [repeated 3x across cluster][0m
[36m(WorkerDict pid=637394)[0m /scratch/r919a03/code_verl_test/.venv/lib/python3.12/site-packages/verl/workers/engine/mindspeed/transformer_impl.py:24: UserWarning: NPU not support router replay for now.[32m [repeated 3x across cluster][0m
[36m(WorkerDict pid=637394)[0m   from verl.utils.megatron.router_replay_patch import RouterReplay[32m [repeated 3x across cluster][0m
[36m(WorkerDict pid=637394)[0m /scratch/r919a03/code_verl_test/.venv/lib/python3.12/site-packages/verl/workers/engine/__init__.py:59: UserWarning: mindspeed engine is not available: ModuleNotFoundError("No module named 'megatron'")[32m [repeated 3x across cluster][0m
[36m(WorkerDict pid=637394)[0m   warnings.warn(f"mindspeed engine is not available: {e!r}", stacklevel=1)[32m [repeated 3x across cluster][0m
[36m(WorkerDict pid=637394)[0m /scratch/r919a03/code_verl_test/.venv/lib/python3.12/site-packages/verl/workers/engine/__init__.py:69: UserWarning: megatron engine is not available: ModuleNotFoundError("No module named 'megatron'")[32m [repeated 3x across cluster][0m
[36m(WorkerDict pid=637394)[0m   warnings.warn(f"megatron engine is not available: {e!r}", stacklevel=1)[32m [repeated 3x across cluster][0m
[36m(WorkerDict pid=637395)[0m Loading weights:   0%|          | 2/531 [00:00<00:58,  9.03it/s]
[36m(WorkerDict pid=637392)[0m Loading weights:   0%|          | 0/531 [00:00<?, ?it/s][32m [repeated 3x across cluster][0m
[36m(WorkerDict pid=637394)[0m Loading weights:   1%|          | 3/531 [00:20<00:42, 12.47it/s][32m [repeated 2x across cluster][0m
[36m(WorkerDict pid=637395)[0m Loading weights:   1%|          | 4/531 [00:25<1:06:22,  7.56s/it]
[36m(WorkerDict pid=637394)[0m Loading weights:   1%|          | 4/531 [00:25<1:12:50,  8.29s/it]
[36m(WorkerDict pid=637395)[0m Loading weights:   1%|          | 5/531 [00:59<2:15:05, 15.41s/it][32m [repeated 3x across cluster][0m
[36m(WorkerDict pid=637395)[0m Loading weights:   3%|▎         | 15/531 [01:25<43:00,  5.00s/it] [32m [repeated 4x across cluster][0m
[36m(WorkerDict pid=637395)[0m Loading weights:   3%|▎         | 16/531 [01:57<1:07:23,  7.85s/it][32m [repeated 4x across cluster][0m
[36m(WorkerDict pid=637395)[0m Loading weights:   5%|▍         | 26/531 [02:20<37:55,  4.51s/it]  [32m [repeated 4x across cluster][0m
[36m(WorkerDict pid=637395)[0m Loading weights:   5%|▌         | 27/531 [02:56<58:39,  6.98s/it][32m [repeated 4x across cluster][0m
[36m(WorkerDict pid=637395)[0m Loading weights:   7%|▋         | 37/531 [03:30<42:10,  5.12s/it][32m [repeated 4x across cluster][0m
[36m(WorkerDict pid=637395)[0m Loading weights:   7%|▋         | 38/531 [04:26<1:11:10,  8.66s/it][32m [repeated 4x across cluster][0m
[36m(WorkerDict pid=637395)[0m Loading weights:   9%|▉         | 48/531 [05:04<50:10,  6.23s/it]  [32m [repeated 4x across cluster][0m
[36m(WorkerDict pid=637395)[0m Loading weights:   9%|▉         | 49/531 [06:12<1:22:56, 10.32s/it][32m [repeated 4x across cluster][0m
[36m(WorkerDict pid=637395)[0m Loading weights:  11%|█         | 59/531 [06:49<56:01,  7.12s/it]  [32m [repeated 4x across cluster][0m
[36m(WorkerDict pid=637395)[0m Loading weights:  11%|█▏        | 60/531 [07:41<1:18:57, 10.06s/it][32m [repeated 4x across cluster][0m
[36m(WorkerDict pid=637395)[0m Loading weights:  13%|█▎        | 70/531 [08:07<49:30,  6.44s/it]  [32m [repeated 4x across cluster][0m
[36m(WorkerDict pid=637394)[0m Loading weights:  13%|█▎        | 71/531 [08:46<1:05:30,  8.54s/it][32m [repeated 4x across cluster][0m
[36m(WorkerDict pid=637395)[0m Loading weights:  15%|█▌        | 81/531 [09:13<43:07,  5.75s/it]  [32m [repeated 4x across cluster][0m
[36m(WorkerDict pid=637395)[0m Loading weights:  15%|█▌        | 82/531 [09:51<58:28,  7.81s/it][32m [repeated 4x across cluster][0m
[36m(WorkerDict pid=637395)[0m Loading weights:  17%|█▋        | 92/531 [10:17<38:51,  5.31s/it][32m [repeated 4x across cluster][0m
[36m(WorkerDict pid=637395)[0m Loading weights:  18%|█▊        | 93/531 [10:56<54:34,  7.47s/it][32m [repeated 4x across cluster][0m
[36m(WorkerDict pid=637395)[0m Loading weights:  19%|█▉        | 103/531 [11:19<35:36,  4.99s/it][32m [repeated 4x across cluster][0m
[36m(WorkerDict pid=637395)[0m Loading weights:  20%|█▉        | 104/531 [11:54<49:25,  6.95s/it][32m [repeated 4x across cluster][0m
[36m(WorkerDict pid=637395)[0m Loading weights:  21%|██▏       | 114/531 [12:16<32:19,  4.65s/it][32m [repeated 4x across cluster][0m
[36m(WorkerDict pid=637395)[0m Loading weights:  22%|██▏       | 115/531 [12:54<47:02,  6.78s/it][32m [repeated 4x across cluster][0m
[36m(WorkerDict pid=637395)[0m Loading weights:  24%|██▎       | 125/531 [13:20<32:26,  4.79s/it][32m [repeated 4x across cluster][0m
[36m(WorkerDict pid=637395)[0m Loading weights:  24%|██▎       | 126/531 [13:59<47:10,  6.99s/it][32m [repeated 4x across cluster][0m
[36m(WorkerDict pid=637395)[0m Loading weights:  26%|██▌       | 136/531 [14:32<34:33,  5.25s/it][32m [repeated 4x across cluster][0m
[36m(WorkerDict pid=637395)[0m Loading weights:  26%|██▌       | 137/531 [15:27<55:02,  8.38s/it][32m [repeated 4x across cluster][0m
[36m(WorkerDict pid=637395)[0m Loading weights:  28%|██▊       | 147/531 [16:04<39:29,  6.17s/it][32m [repeated 4x across cluster][0m
[36m(WorkerDict pid=637395)[0m Loading weights:  28%|██▊       | 148/531 [17:06<1:01:59,  9.71s/it][32m [repeated 4x across cluster][0m
[36m(WorkerDict pid=637395)[0m Loading weights:  30%|██▉       | 158/531 [17:39<41:17,  6.64s/it]  [32m [repeated 4x across cluster][0m
[36m(WorkerDict pid=637395)[0m Loading weights:  30%|██▉       | 159/531 [18:26<57:18,  9.24s/it][32m [repeated 4x across cluster][0m
[36m(WorkerDict pid=637395)[0m Loading weights:  32%|███▏      | 169/531 [18:55<37:36,  6.23s/it][32m [repeated 4x across cluster][0m
[36m(WorkerDict pid=637395)[0m Loading weights:  32%|███▏      | 170/531 [19:41<52:34,  8.74s/it][32m [repeated 4x across cluster][0m
[36m(WorkerDict pid=637395)[0m Loading weights:  34%|███▍      | 180/531 [20:18<36:58,  6.32s/it][32m [repeated 4x across cluster][0m
[36m(WorkerDict pid=637395)[0m Loading weights:  34%|███▍      | 181/531 [21:07<52:55,  9.07s/it][32m [repeated 4x across cluster][0m
[36m(WorkerDict pid=637395)[0m Loading weights:  36%|███▌      | 191/531 [21:44<36:44,  6.48s/it][32m [repeated 4x across cluster][0m
[36m(WorkerDict pid=637395)[0m Loading weights:  36%|███▌      | 192/531 [22:45<56:33, 10.01s/it][32m [repeated 4x across cluster][0m
[36m(WorkerDict pid=637395)[0m Loading weights:  38%|███▊      | 202/531 [23:21<38:07,  6.95s/it][32m [repeated 4x across cluster][0m
[36m(WorkerDict pid=637395)[0m Loading weights:  38%|███▊      | 203/531 [24:08<52:00,  9.51s/it][32m [repeated 4x across cluster][0m
[36m(WorkerDict pid=637395)[0m Loading weights:  40%|████      | 213/531 [24:33<32:36,  6.15s/it][32m [repeated 4x across cluster][0m
[36m(WorkerDict pid=637395)[0m Loading weights:  40%|████      | 214/531 [25:19<45:59,  8.70s/it][32m [repeated 4x across cluster][0m
[36m(WorkerDict pid=637395)[0m Loading weights:  42%|████▏     | 224/531 [25:47<30:00,  5.86s/it][32m [repeated 4x across cluster][0m
[36m(WorkerDict pid=637395)[0m Loading weights:  42%|████▏     | 225/531 [26:32<42:34,  8.35s/it][32m [repeated 4x across cluster][0m
[36m(WorkerDict pid=637395)[0m Loading weights:  44%|████▍     | 235/531 [26:58<27:40,  5.61s/it][32m [repeated 4x across cluster][0m
[36m(WorkerDict pid=637395)[0m Loading weights:  44%|████▍     | 236/531 [27:35<37:40,  7.66s/it][32m [repeated 4x across cluster][0m
[36m(WorkerDict pid=637395)[0m Loading weights:  46%|████▋     | 246/531 [28:00<24:34,  5.17s/it][32m [repeated 4x across cluster][0m
[36m(WorkerDict pid=637395)[0m Loading weights:  47%|████▋     | 247/531 [28:33<33:04,  6.99s/it][32m [repeated 4x across cluster][0m
[36m(WorkerDict pid=637395)[0m Loading weights:  48%|████▊     | 257/531 [28:58<21:59,  4.82s/it][32m [repeated 4x across cluster][0m
[36m(WorkerDict pid=637395)[0m Loading weights:  49%|████▊     | 258/531 [29:40<32:38,  7.18s/it][32m [repeated 4x across cluster][0m
[36m(WorkerDict pid=637395)[0m Loading weights:  50%|█████     | 268/531 [30:03<21:21,  4.87s/it][32m [repeated 4x across cluster][0m
[36m(WorkerDict pid=637395)[0m Loading weights:  51%|█████     | 269/531 [30:37<29:29,  6.75s/it][32m [repeated 4x across cluster][0m
[36m(WorkerDict pid=637395)[0m Loading weights:  53%|█████▎    | 279/531 [31:02<19:48,  4.71s/it][32m [repeated 4x across cluster][0m
[36m(WorkerDict pid=637395)[0m Loading weights:  53%|█████▎    | 280/531 [31:41<28:42,  6.86s/it][32m [repeated 4x across cluster][0m
[36m(WorkerDict pid=637395)[0m Loading weights:  55%|█████▍    | 290/531 [32:03<18:49,  4.68s/it][32m [repeated 4x across cluster][0m
[36m(WorkerDict pid=637395)[0m Loading weights:  55%|█████▍    | 291/531 [32:35<25:38,  6.41s/it][32m [repeated 4x across cluster][0m
[36m(WorkerDict pid=637395)[0m Loading weights:  57%|█████▋    | 301/531 [32:52<15:58,  4.17s/it][32m [repeated 4x across cluster][0m
[36m(WorkerDict pid=637392)[0m Loading weights:  57%|█████▋    | 302/531 [33:26<23:07,  6.06s/it][32m [repeated 4x across cluster][0m
[36m(WorkerDict pid=637395)[0m Loading weights:  59%|█████▉    | 312/531 [33:50<15:41,  4.30s/it][32m [repeated 4x across cluster][0m
[36m(WorkerDict pid=637395)[0m Loading weights:  59%|█████▉    | 313/531 [34:25<22:41,  6.24s/it][32m [repeated 4x across cluster][0m
[36m(WorkerDict pid=637395)[0m Loading weights:  61%|██████    | 323/531 [34:48<15:08,  4.37s/it][32m [repeated 4x across cluster][0m
[36m(WorkerDict pid=637395)[0m Loading weights:  61%|██████    | 324/531 [35:30<23:27,  6.80s/it][32m [repeated 4x across cluster][0m
[36m(WorkerDict pid=637395)[0m Loading weights:  63%|██████▎   | 334/531 [35:53<15:13,  4.64s/it][32m [repeated 4x across cluster][0m
[36m(WorkerDict pid=637395)[0m Loading weights:  63%|██████▎   | 335/531 [36:32<22:16,  6.82s/it][32m [repeated 4x across cluster][0m
[36m(WorkerDict pid=637395)[0m Loading weights:  65%|██████▍   | 345/531 [37:00<15:18,  4.94s/it][32m [repeated 4x across cluster][0m
[36m(WorkerDict pid=637395)[0m Loading weights:  65%|██████▌   | 346/531 [37:37<21:31,  6.98s/it][32m [repeated 4x across cluster][0m
[36m(WorkerDict pid=637395)[0m Loading weights:  67%|██████▋   | 356/531 [37:58<13:33,  4.65s/it][32m [repeated 4x across cluster][0m
[36m(WorkerDict pid=637395)[0m Loading weights:  67%|██████▋   | 357/531 [38:33<18:58,  6.54s/it][32m [repeated 4x across cluster][0m
[36m(WorkerDict pid=637395)[0m Loading weights:  69%|██████▉   | 367/531 [38:59<12:48,  4.69s/it][32m [repeated 4x across cluster][0m
[36m(WorkerDict pid=637395)[0m Loading weights:  69%|██████▉   | 368/531 [39:39<18:48,  6.93s/it][32m [repeated 4x across cluster][0m
[36m(WorkerDict pid=637395)[0m Loading weights:  71%|███████   | 378/531 [40:07<12:36,  4.94s/it][32m [repeated 4x across cluster][0m
[36m(WorkerDict pid=637395)[0m Loading weights:  71%|███████▏  | 379/531 [40:44<17:48,  7.03s/it][32m [repeated 4x across cluster][0m
[36m(WorkerDict pid=637395)[0m Loading weights:  73%|███████▎  | 389/531 [41:09<11:32,  4.88s/it][32m [repeated 4x across cluster][0m
[36m(WorkerDict pid=637395)[0m Loading weights:  73%|███████▎  | 390/531 [41:46<16:14,  6.91s/it][32m [repeated 4x across cluster][0m
[36m(WorkerDict pid=637395)[0m Loading weights:  75%|███████▌  | 400/531 [42:11<10:27,  4.79s/it][32m [repeated 4x across cluster][0m
[36m(WorkerDict pid=637395)[0m Loading weights:  76%|███████▌  | 401/531 [42:47<14:39,  6.76s/it][32m [repeated 4x across cluster][0m
[36m(WorkerDict pid=637395)[0m Loading weights:  77%|███████▋  | 411/531 [43:10<09:16,  4.63s/it][32m [repeated 4x across cluster][0m
[36m(WorkerDict pid=637395)[0m Loading weights:  78%|███████▊  | 412/531 [43:39<12:19,  6.21s/it][32m [repeated 4x across cluster][0m
[36m(WorkerDict pid=637395)[0m Loading weights:  79%|███████▉  | 422/531 [44:02<07:51,  4.33s/it][32m [repeated 4x across cluster][0m
[36m(WorkerDict pid=637395)[0m Loading weights:  80%|███████▉  | 423/531 [44:43<12:00,  6.67s/it][32m [repeated 4x across cluster][0m
[36m(WorkerDict pid=637395)[0m Loading weights:  82%|████████▏ | 433/531 [45:11<07:53,  4.84s/it][32m [repeated 4x across cluster][0m
[36m(WorkerDict pid=637395)[0m Loading weights:  82%|████████▏ | 434/531 [45:59<12:19,  7.63s/it][32m [repeated 4x across cluster][0m
[36m(WorkerDict pid=637395)[0m Loading weights:  84%|████████▎ | 444/531 [46:30<07:53,  5.44s/it][32m [repeated 4x across cluster][0m
[36m(WorkerDict pid=637395)[0m Loading weights:  84%|████████▍ | 445/531 [47:14<11:18,  7.89s/it][32m [repeated 4x across cluster][0m
[36m(WorkerDict pid=637395)[0m Loading weights:  86%|████████▌ | 455/531 [47:37<06:39,  5.26s/it][32m [repeated 4x across cluster][0m
[36m(WorkerDict pid=637395)[0m Loading weights:  86%|████████▌ | 456/531 [48:07<08:31,  6.82s/it][32m [repeated 4x across cluster][0m
[36m(WorkerDict pid=637395)[0m Loading weights:  88%|████████▊ | 466/531 [48:26<04:50,  4.48s/it][32m [repeated 4x across cluster][0m
[36m(WorkerDict pid=637395)[0m Loading weights:  88%|████████▊ | 467/531 [48:54<06:21,  5.97s/it][32m [repeated 4x across cluster][0m
[36m(WorkerDict pid=637395)[0m Loading weights:  90%|████████▉ | 477/531 [49:15<03:42,  4.12s/it][32m [repeated 4x across cluster][0m
[36m(WorkerDict pid=637395)[0m Loading weights:  90%|█████████ | 478/531 [49:52<05:30,  6.24s/it][32m [repeated 4x across cluster][0m
[36m(WorkerDict pid=637395)[0m Loading weights:  92%|█████████▏| 488/531 [50:18<03:12,  4.47s/it]
[36m(WorkerDict pid=637393)[0m Loading weights:  90%|█████████ | 478/531 [49:52<05:30,  6.24s/it][32m [repeated 3x across cluster][0m
[36m(WorkerDict pid=637395)[0m Loading weights:  92%|█████████▏| 489/531 [50:55<04:37,  6.60s/it][32m [repeated 4x across cluster][0m
[36m(WorkerDict pid=637395)[0m Loading weights:  94%|█████████▍| 499/531 [51:21<02:29,  4.66s/it][32m [repeated 4x across cluster][0m
[36m(WorkerDict pid=637395)[0m Loading weights:  94%|█████████▍| 500/531 [51:56<03:24,  6.61s/it][32m [repeated 4x across cluster][0m
[36m(WorkerDict pid=637395)[0m Loading weights:  96%|█████████▌| 510/531 [52:21<01:37,  4.66s/it][32m [repeated 4x across cluster][0m
[36m(WorkerDict pid=637395)[0m Loading weights:  96%|█████████▌| 511/531 [52:58<02:13,  6.70s/it][32m [repeated 4x across cluster][0m
[36m(WorkerDict pid=637395)[0m Loading weights:  98%|█████████▊| 521/531 [53:24<00:47,  4.75s/it][32m [repeated 4x across cluster][0m
[36m(WorkerDict pid=637392)[0m Loading weights:  98%|█████████▊| 522/531 [54:05<01:03,  7.09s/it][32m [repeated 4x across cluster][0m
[36m(WorkerDict pid=637395)[0m Loading weights:  98%|█████████▊| 522/531 [54:05<01:03,  7.09s/it]Loading weights: 100%|██████████| 531/531 [54:05<00:00,  6.11s/it]
[36m(WorkerDict pid=637395)[0m /scratch/r919a03/code_verl_test/.venv/lib/python3.12/site-packages/verl/workers/engine/fsdp/transformer_impl.py:469: FutureWarning: FSDP.state_dict_type() and FSDP.set_state_dict_type() are being deprecated. Please use APIs, get_state_dict() and set_state_dict(), which can support different parallelisms, FSDP1, FSDP2, DDP. API doc: https://pytorch.org/docs/stable/distributed.checkpoint.html#torch.distributed.checkpoint.state_dict.get_state_dict .Tutorial: https://pytorch.org/tutorials/recipes/distributed_checkpoint_recipe.html .
[36m(WorkerDict pid=637395)[0m   FSDP.set_state_dict_type(
[36m(WorkerDict pid=637393)[0m Loading weights: 100%|██████████| 531/531 [54:05<00:00,  6.11s/it][32m [repeated 3x across cluster][0m
[36m(WorkerDict pid=637394)[0m Loading weights:  98%|█████████▊| 522/531 [54:05<01:03,  7.09s/it]Loading weights: 100%|██████████| 531/531 [54:05<00:00,  6.11s/it]
[36m(WorkerDict pid=637395)[0m WARNING:2026-09-05 21:38:56,240:Setting the sleep level to 1 may cause a memory overflow.
[36m(CodeTaskRunner pid=634980)[0m INFO:2026-09-05 21:38:56,927:actor and ref model engine initialized
[36m(CodeTaskRunner pid=634980)[0m INFO:2026-09-05 21:38:57,598:reward loop manager initialized

[36m(CodeTaskRunner pid=634980)[0m              'total_epochs': 1,
[36m(CodeTaskRunner pid=634980)[0m              'total_training_steps': 20,
[36m(CodeTaskRunner pid=634980)[0m              'use_v1': True,
[36m(CodeTaskRunner pid=634980)[0m              'v1': {'colocate_async': {'num_warmup_batches': 1},
[36m(CodeTaskRunner pid=634980)[0m                     'sampler': {'custom_sampler': {'name': None, 'path': None},
[36m(CodeTaskRunner pid=634980)[0m                                 'max_off_policy_strategy': 'drop',
[36m(CodeTaskRunner pid=634980)[0m                                 'max_off_policy_threshold': 8,
[36m(CodeTaskRunner pid=634980)[0m                                 'sampler_kwargs': {},
[36m(CodeTaskRunner pid=634980)[0m                                 'sync_refill_failed_groups': False},
[36m(CodeTaskRunner pid=634980)[0m                     'separate_async': {'num_warmup_batches': 1,
[36m(CodeTaskRunner pid=634980)[0m                                        'parameter_sync_step': 4},
[36m(CodeTaskRunner pid=634980)[0m                     'sync': {},
[36m(CodeTaskRunner pid=634980)[0m                     'trainer_mode': 'sync'},
[36m(CodeTaskRunner pid=634980)[0m              'val_before_train': False,
[36m(CodeTaskRunner pid=634980)[0m              'val_only': False,
[36m(CodeTaskRunner pid=634980)[0m              'validation_data_dir': None},
[36m(CodeTaskRunner pid=634980)[0m  'transfer_queue': {'backend': {'MooncakeStore': {'auto_init': False,
[36m(CodeTaskRunner pid=634980)[0m                                                   'device_name': '',
[36m(CodeTaskRunner pid=634980)[0m                                                   'global_segment_size': 4294967296,
[36m(CodeTaskRunner pid=634980)[0m                                                   'local_buffer_size': 1073741824,
[36m(CodeTaskRunner pid=634980)[0m                                                   'local_hostname': 'localhost',
[36m(CodeTaskRunner pid=634980)[0m                                                   'master_server_address': 'localhost:50124',
[36m(CodeTaskRunner pid=634980)[0m                                                   'metadata_server': 'localhost:50123',
[36m(CodeTaskRunner pid=634980)[0m                                                   'protocol': 'tcp'},
[36m(CodeTaskRunner pid=634980)[0m                                 'SimpleStorage': {'num_data_storage_units': 8,
[36m(CodeTaskRunner pid=634980)[0m                                                   'total_storage_size': 100000},
[36m(CodeTaskRunner pid=634980)[0m                                 'storage_backend': 'SimpleStorage'},
[36m(CodeTaskRunner pid=634980)[0m                     'enable': True,
[36m(CodeTaskRunner pid=634980)[0m                     'metrics': {'enabled': False, 'port': 0}}}
[36m(CodeTaskRunner pid=634980)[0m Using dataset class: RLHFDataset
[36m(CodeTaskRunner pid=634980)[0m dataset len: 2074
[36m(CodeTaskRunner pid=634980)[0m filter dataset len: 2074
[36m(CodeTaskRunner pid=634980)[0m Using dataset class: RLHFDataset
[36m(CodeTaskRunner pid=634980)[0m dataset len: 512
[36m(CodeTaskRunner pid=634980)[0m filter dataset len: 512
[36m(CodeTaskRunner pid=634980)[0m [hier_sampler] tasks=['t15_repo_patch', 't15_unittest_impl'] variants={'t15_repo_patch': ['swe_128k', 'swe_32k', 'swe_64k'], 't15_unittest_impl': ['ut_function', 'ut_pytest', 'ut_stdio']} weights={'t15_repo_patch': 0.25, 't15_unittest_impl': 0.75}/{'swe_32k': 0.5, 'swe_64k': 0.35, 'swe_128k': 0.15, 'ut_function': 0.45, 'ut_pytest': 0.3, 'ut_stdio': 0.25} n=2074
[36m(CodeTaskRunner pid=634980)[0m colocated worker base class <class 'verl.single_controller.base.worker.Worker'>
[36m(WorkerDict pid=637392)[0m Monkey patch _flash_attention_forward in transformers.integrations.flash_attention
[36m(WorkerDict pid=637392)[0m Skipping monkey patch for Qwen3MoeForCausalLM as use_fused_kernels is False or fused_kernels_backend is torch
[36m(WorkerDict pid=637392)[0m PeftModelForCausalLM contains 30.56B parameters
[36m(WorkerDict pid=637392)[0m Before FSDP, memory allocated (GB): 0.00, memory reserved (GB): 0.00, device memory used/total (GB): 0.51/139.80
[36m(WorkerDict pid=637392)[0m After FSDP, memory allocated (GB): 14.27, memory reserved (GB): 18.25, device memory used/total (GB): 19.71/139.80
[36m(WorkerDict pid=637392)[0m Total steps: 20, num_warmup_steps: 0
[36m(WorkerDict pid=637394)[0m Monkey patch _flash_attention_forward in transformers.integrations.flash_attention[32m [repeated 3x across cluster][0m
[36m(WorkerDict pid=637394)[0m Skipping monkey patch for Qwen3MoeForCausalLM as use_fused_kernels is False or fused_kernels_backend is torch[32m [repeated 3x across cluster][0m
[36m(vLLMHttpServer pid=716414)[0m WARNING 09-05 21:39:15 [vllm.py:1062] Enforce eager set, disabling torch.compile and CUDAGraphs. This is equivalent to setting -cc.mode=none -cc.cudagraph_mode=none
[36m(vLLMHttpServer pid=716414)[0m WARNING 09-05 21:39:15 [vllm.py:1110] Inductor compilation was disabled by user settings, optimizations settings that are only active during inductor compilation will be ignored.
[36m(vLLMHttpServer pid=716385)[0m ['serve',
[36m(vLLMHttpServer pid=716385)[0m  '/scratch/r919a03/huggingface/hub/models--Qwen--Qwen3-30B-A3B-Instruct-2507/snapshots/0d7cf23991f47feeb3a57ecb4c9cee8ea4a17bfe',
[36m(vLLMHttpServer pid=716385)[0m  '--dtype',
[36m(vLLMHttpServer pid=716385)[0m  'bfloat16',
[36m(vLLMHttpServer pid=716385)[0m  '--load_format',
[36m(vLLMHttpServer pid=716385)[0m  'safetensors',
[36m(vLLMHttpServer pid=716385)[0m  '--distributed_executor_backend',
[36m(vLLMHttpServer pid=716385)[0m  'mp',
[36m(vLLMHttpServer pid=716385)[0m  '--worker_extension_cls',
[36m(vLLMHttpServer pid=716385)[0m  'verl.workers.rollout.vllm_rollout.utils.vLLMColocateWorkerExtension',
[36m(vLLMHttpServer pid=716385)[0m  '--max_model_len',
[36m(vLLMHttpServer pid=716385)[0m  '135168',
[36m(vLLMHttpServer pid=716385)[0m  '--max_num_seqs',
[36m(vLLMHttpServer pid=716385)[0m  '64',
[36m(vLLMHttpServer pid=716385)[0m  '--enable_chunked_prefill',
[36m(vLLMHttpServer pid=716385)[0m  '--max_num_batched_tokens',
[36m(vLLMHttpServer pid=716385)[0m  '65536',
[36m(vLLMHttpServer pid=716385)[0m  '--enable_prefix_caching',
[36m(vLLMHttpServer pid=716385)[0m  '--enable_sleep_mode',
[36m(vLLMHttpServer pid=716385)[0m  '--logprobs_mode',
[36m(vLLMHttpServer pid=716385)[0m  'processed_logprobs',
[36m(vLLMHttpServer pid=716385)[0m  '--enforce_eager',
[36m(vLLMHttpServer pid=716385)[0m  '--gpu_memory_utilization',
[36m(vLLMHttpServer pid=716385)[0m  '0.75',
[36m(vLLMHttpServer pid=716385)[0m  '--disable_log_stats',
[36m(vLLMHttpServer pid=716385)[0m  '--tensor_parallel_size',
[36m(vLLMHttpServer pid=716385)[0m  '1',
[36m(vLLMHttpServer pid=716385)[0m  '--seed',
[36m(vLLMHttpServer pid=716385)[0m  '42',
[36m(vLLMHttpServer pid=716385)[0m  '--override_generation_config',
[36m(vLLMHttpServer pid=716385)[0m  '{"temperature": 1.0, "top_k": -1, "top_p": 1, "repetition_penalty": 1.0, '
[36m(vLLMHttpServer pid=716385)[0m  '"max_new_tokens": 2048}',
[36m(vLLMHttpServer pid=716385)[0m  '--hf_overrides',
[36m(vLLMHttpServer pid=716385)[0m  '{}',
[36m(vLLMHttpServer pid=716385)[0m  '--scheduling_policy',
[36m(vLLMHttpServer pid=716385)[0m  'fcfs',
[36m(vLLMHttpServer pid=716385)[0m  '--compilation_config',
[36m(vLLMHttpServer pid=716385)[0m  '{"cudagraph_mode": "FULL_AND_PIECEWISE"}',
[36m(vLLMHttpServer pid=716385)[0m  '--enable_lora',
[36m(vLLMHttpServer pid=716385)[0m  '--max_loras',
[36m(vLLMHttpServer pid=716385)[0m  '1',
[36m(vLLMHttpServer pid=716385)[0m  '--max_lora_rank',
[36m(vLLMHttpServer pid=716385)[0m  '32']
[36m(vLLMHttpServer pid=716414)[0m WARNING 09-05 21:39:18 [system_utils.py:157] We must use the `spawn` multiprocessing start method. Overriding VLLM_WORKER_MULTIPROC_METHOD to 'spawn'. See https://docs.vllm.ai/en/latest/usage/troubleshooting.html#python-multiprocessing for more information. Reasons: In a Ray actor and can only be spawned; CUDA is initialized[36m(vLLMHttpServer pid=716402)[0m (Worker pid=717292) Loading safetensors checkpoint shards:   0% Completed | 0/16 [00:00<?, ?it/s]
[36m(WorkerDict pid=637392)[0m /scratch/r919a03/code_verl_test/.venv/lib/python3.12/site-packages/verl/workers/engine/fsdp/transformer_impl.py:469: FutureWarning: FSDP.state_dict_type() and FSDP.set_state_dict_type() are being deprecated. Please use APIs, get_state_dict() and set_state_dict(), which can support different parallelisms, FSDP1, FSDP2, DDP. API doc: https://pytorch.org/docs/stable/distributed.checkpoint.html#torch.distributed.checkpoint.state_dict.get_state_dict .Tutorial: https://pytorch.org/tutorials/recipes/distributed_checkpoint_recipe.html .[32m [repeated 3x across cluster][0m
[36m(WorkerDict pid=637392)[0m   FSDP.set_state_dict_type([32m [repeated 3x across cluster][0m
[36m(WorkerDict pid=637392)[0m WARNING:2026-09-05 21:38:56,417:Setting the sleep level to 1 may cause a memory overflow.[32m [repeated 3x across cluster][0m
[36m(vLLMHttpServer pid=716385)[0m (Worker pid=717291) Loading safetensors checkpoint shards:   6% Completed | 1/16 [00:04<01:13,  4.87s/it]
[36m(vLLMHttpServer pid=716395)[0m (Worker pid=717290) Loading safetensors checkpoint shards:   0% Completed | 0/16 [00:00<?, ?it/s][32m [repeated 3x across cluster][0m
[36m(vLLMHttpServer pid=716385)[0m (Worker pid=717291) Loading safetensors checkpoint shards:  19% Completed | 3/16 [00:12<00:52,  4.04s/it][32m [repeated 8x across cluster][0m
[36m(vLLMHttpServer pid=716385)[0m (Worker pid=717291) Loading safetensors checkpoint shards:  31% Completed | 5/16 [00:20<00:45,  4.11s/it][32m [repeated 8x across cluster][0m
[36m(vLLMHttpServer pid=716385)[0m (Worker pid=717291) Loading safetensors checkpoint shards:  44% Completed | 7/16 [00:29<00:38,  4.30s/it][32m [repeated 8x across cluster][0m
[36m(vLLMHttpServer pid=716385)[0m (Worker pid=717291) Loading safetensors checkpoint shards:  56% Completed | 9/16 [00:37<00:28,  4.07s/it][32m [repeated 8x across cluster][0m
[36m(vLLMHttpServer pid=716385)[0m (Worker pid=717291) Loading safetensors checkpoint shards:  69% Completed | 11/16 [00:45<00:20,  4.18s/it][32m [repeated 8x across cluster][0m
[36m(vLLMHttpServer pid=716385)[0m (Worker pid=717291) Loading safetensors checkpoint shards:  81% Completed | 13/16 [00:53<00:12,  4.02s/it][32m [repeated 8x across cluster][0m
[36m(vLLMHttpServer pid=716385)[0m (Worker pid=717291) Loading safetensors checkpoint shards:  94% Completed | 15/16 [01:01<00:04,  4.11s/it][32m [repeated 8x across cluster][0m
[36m(vLLMHttpServer pid=716385)[0m (Worker pid=717291) 
[36m(vLLMHttpServer pid=716385)[0m (Worker pid=717291) 2026-09-05 21:41:48,557 - INFO - autotuner.py:622 - flashinfer.jit: [Autotuner]: Autotuning process starts ...
[36m(vLLMHttpServer pid=716402)[0m (Worker pid=717292) Loading safetensors checkpoint shards: 100% Completed | 16/16 [01:03<00:00,  3.94s/it][32m [repeated 11x across cluster][0m
[36m(vLLMHttpServer pid=716402)[0m (Worker pid=717292) [32m [repeated 3x across cluster][0m
[36m(vLLMHttpServer pid=716385)[0m (Worker pid=717291) 2026-09-05 21:41:49,391 - INFO - autotuner.py:641 - flashinfer.jit: [Autotuner]: Autotuning process ends
[36m(CodeTaskRunner pid=634980)[0m INFO:2026-09-05 21:41:55,002:checkpoint engine manager initialized
[36m(vLLMHttpServer pid=716402)[0m (Worker pid=717292) 2026-09-05 21:41:48,557 - INFO - autotuner.py:622 - flashinfer.jit: [Autotuner]: Autotuning process starts ...[32m [repeated 3x across cluster][0m
[36m(vLLMHttpServer pid=716402)[0m (Worker pid=717292) 2026-09-05 21:41:49,391 - INFO - autotuner.py:641 - flashinfer.jit: [Autotuner]: Autotuning process ends[32m [repeated 3x across cluster][0m
[36m(CodeTaskRunner pid=634980)[0m INFO:2026-09-05 21:42:22,735:Training from scratch
[36m(CodeTaskRunner pid=634980)[0m INFO:2026-09-05 21:42:22,736:all initialize finished, ready to fit
[36m(WorkerDict pid=637395)[0m /scratch/r919a03/code_verl_test/.venv/lib/python3.12/site-packages/verl/plugin/platform/platform_cuda.py:99: FutureWarning: torch.cuda._set_allocator_settings is deprecated. Use torch._C._accelerator_setAllocatorSettings instead.
[36m(WorkerDict pid=637395)[0m   torch.cuda.memory._set_allocator_settings(settings)
[36m(WorkerDict pid=637395)[0m /scratch/r919a03/code_verl_test/.venv/lib/python3.12/site-packages/torch/distributed/fsdp/_unshard_param_utils.py:248: UserWarning: offload_to_cpu=True and rank0_only=False may result in theunsharded parameters being redundantly copied to CPU memory for GPUs sharing the same CPU memory, which risks CPU OOM. We recommend using offload_to_cpu=True with rank0_only=True.
[36m(WorkerDict pid=637395)[0m   _validate_unshard_params_args(
[36m(WorkerDict pid=637395)[0m /scratch/r919a03/code_verl_test/.venv/lib/python3.12/site-packages/torch/distributed/fsdp/_unshard_param_utils.py:174: UserWarning: offload_to_cpu=True and rank0_only=False may result in theunsharded parameters being redundantly copied to CPU memory for GPUs sharing the same CPU memory, which risks CPU OOM. We recommend using offload_to_cpu=True with rank0_only=True.
[36m(WorkerDict pid=637395)[0m   _validate_unshard_params_args(
[36m(WorkerDict pid=637394)[0m /scratch/r919a03/code_verl_test/.venv/lib/python3.12/site-packages/verl/plugin/platform/platform_cuda.py:99: FutureWarning: torch.cuda._set_allocator_settings is deprecated. Use torch._C._accelerator_setAllocatorSettings instead.[32m [repeated 4x across cluster][0m
[36m(WorkerDict pid=637394)[0m   torch.cuda.memory._set_allocator_settings(settings)[32m [repeated 4x across cluster][0m
[36m(WorkerDict pid=637393)[0m /scratch/r919a03/code_verl_test/.venv/lib/python3.12/site-packages/torch/distributed/fsdp/_unshard_param_utils.py:174: UserWarning: offload_to_cpu=True and rank0_only=False may result in theunsharded parameters being redundantly copied to CPU memory for GPUs sharing the same CPU memory, which risks CPU OOM. We recommend using offload_to_cpu=True with rank0_only=True.[32m [repeated 6x across cluster][0m
[36m(WorkerDict pid=637393)[0m   _validate_unshard_params_args([32m [repeated 6x across cluster][0m
[36m(CodeTaskRunner pid=634980)[0m Training Progress:   0%|          | 0/20 [00:00<?, ?it/s]
[36m(TransferQueueController pid=635460)[0m 2026-09-05 21:43:54,161 - INFO - transfer_queue.utils.perf_utils - TQ_CONTROLLER_29f74ab5: [Performance] Total success requests: 1, Total req/min: 0.02, Total avg process time: 2.5299s; 
[36m(TransferQueueController pid=635460)[0m Time range: last 61.25 minutes; 
[36m(TransferQueueController pid=635460)[0m Per-operation statistics: KV_RETRIEVE_META: req_count=1, req/min=0.02, avg_time=2.529924s, max_time=2.529924s, min_time=2.529924s
[36m(WorkerDict pid=637392)[0m /scratch/r919a03/code_verl_test/.venv/lib/python3.12/site-packages/verl/plugin/platform/platform_cuda.py:99: FutureWarning: torch.cuda._set_allocator_settings is deprecated. Use torch._C._accelerator_setAllocatorSettings instead.[32m [repeated 3x across cluster][0m
[36m(WorkerDict pid=637392)[0m   torch.cuda.memory._set_allocator_settings(settings)[32m [repeated 3x across cluster][0m
[33m(raylet)[0m [2026-09-05 21:44:43,874 E 629483 629483] (raylet) worker_pool.cc:627: Some workers of the worker process(723565) have not registered within the timeout. The process is still alive, probably it's hanging during start.
[33m(raylet)[0m [2026-09-05 21:45:46,350 E 629483 629483] (raylet) worker_pool.cc:627: Some workers of the worker process(725051) have not registered within the timeout. The process is still alive, probably it's hanging during start.[32m [repeated 8x across cluster][0m
[33m(raylet)[0m [2026-09-05 21:46:46,875 E 629483 629483] (raylet) worker_pool.cc:627: Some workers of the worker process(726581) have not registered within the timeout. The process is still alive, probably it's hanging during start.[32m [repeated 8x across cluster][0m
[36m(pid=734176)[0m /scratch/r919a03/code_verl_test/.venv/lib/python3.12/site-packages/verl/workers/engine/__init__.py:31: UserWarning: torchtitan engine is not available: ModuleNotFoundError("No module named 'torchtitan'")
[36m(pid=734176)[0m   warnings.warn(f"torchtitan engine is not available: {e!r}", stacklevel=1)
[36m(pid=734176)[0m /scratch/r919a03/code_verl_test/.venv/lib/python3.12/site-packages/verl/workers/engine/__init__.py:40: UserWarning: veomni engine is not available: ModuleNotFoundError("No module named 'veomni'")
[36m(pid=734176)[0m   warnings.warn(f"veomni engine is not available: {e!r}", stacklevel=1)
[33m(raylet)[0m [2026-09-05 21:46:48,861 E 629483 629483] (raylet) worker_pool.cc:627: Some workers of the worker process(726592) have not registered within the timeout. The process is still alive, probably it's hanging during start.[32m [repeated 7x across cluster][0m
[36m(pid=734173)[0m /scratch/r919a03/code_verl_test/.venv/lib/python3.12/site-packages/verl/workers/engine/__init__.py:49: UserWarning: automodel engine is not available: ModuleNotFoundError("No module named 'nemo_automodel'")
[36m(pid=734173)[0m   warnings.warn(f"automodel engine is not available: {e!r}", stacklevel=1)
[36m(pid=734173)[0m /scratch/r919a03/code_verl_test/.venv/lib/python3.12/site-packages/verl/workers/engine/mindspeed/transformer_impl.py:24: UserWarning: NPU not support router replay for now.
[36m(pid=734173)[0m   from verl.utils.megatron.router_replay_patch import RouterReplay
[36m(pid=734173)[0m /scratch/r919a03/code_verl_test/.venv/lib/python3.12/site-packages/verl/workers/engine/__init__.py:59: UserWarning: mindspeed engine is not available: ModuleNotFoundError("No module named 'megatron'")
[36m(pid=734173)[0m   warnings.warn(f"mindspeed engine is not available: {e!r}", stacklevel=1)
[36m(pid=734173)[0m /scratch/r919a03/code_verl_test/.venv/lib/python3.12/site-packages/verl/workers/engine/__init__.py:69: UserWarning: megatron engine is not available: ModuleNotFoundError("No module named 'megatron'")
[36m(pid=734173)[0m   warnings.warn(f"megatron engine is not available: {e!r}", stacklevel=1)
[36m(AgentLoopWorkerTQ pid=734173)[0m Using blocking ray.get inside async actor. This blocks the event loop. Please use `await` on object ref with asyncio.gather if you want to yield execution to the event loop instead.
[36m(TransferQueueController pid=635460)[0m 2026-09-05 21:50:00,715 - INFO - transfer_queue.utils.perf_utils - TQ_CONTROLLER_29f74ab5: [Performance] Total success requests: 2, Total req/min: 0.33, Total avg process time: 0.3113s; 
[36m(TransferQueueController pid=635460)[0m Time range: last 6.11 minutes; 
[36m(TransferQueueController pid=635460)[0m Per-operation statistics: SET_CUSTOM_META: req_count=1, req/min=0.16, avg_time=0.003553s, max_time=0.003553s, min_time=0.003553s; KV_RETRIEVE_META: req_count=1, req/min=0.16, avg_time=0.619034s, max_time=0.619034s, min_time=0.619034s
[36m(pid=734175)[0m /scratch/r919a03/code_verl_test/.venv/lib/python3.12/site-packages/verl/workers/engine/__init__.py:31: UserWarning: torchtitan engine is not available: ModuleNotFoundError("No module named 'torchtitan'")[32m [repeated 7x across cluster][0m
[36m(pid=734175)[0m   warnings.warn(f"torchtitan engine is not available: {e!r}", stacklevel=1)[32m [repeated 7x across cluster][0m
[36m(pid=734175)[0m /scratch/r919a03/code_verl_test/.venv/lib/python3.12/site-packages/verl/workers/engine/__init__.py:40: UserWarning: veomni engine is not available: ModuleNotFoundError("No module named 'veomni'")[32m [repeated 7x across cluster][0m
[36m(pid=734175)[0m   warnings.warn(f"veomni engine is not available: {e!r}", stacklevel=1)[32m [repeated 7x across cluster][0m
[36m(pid=734177)[0m /scratch/r919a03/code_verl_test/.venv/lib/python3.12/site-packages/verl/workers/engine/__init__.py:49: UserWarning: automodel engine is not available: ModuleNotFoundError("No module named 'nemo_automodel'")[32m [repeated 7x across cluster][0m
[36m(pid=734177)[0m   warnings.warn(f"automodel engine is not available: {e!r}", stacklevel=1)[32m [repeated 7x across cluster][0m
[36m(pid=734177)[0m /scratch/r919a03/code_verl_test/.venv/lib/python3.12/site-packages/verl/workers/engine/mindspeed/transformer_impl.py:24: UserWarning: NPU not support router replay for now.[32m [repeated 7x across cluster][0m
[36m(pid=734177)[0m   from verl.utils.megatron.router_replay_patch import RouterReplay[32m [repeated 7x across cluster][0m
[36m(pid=734177)[0m /scratch/r919a03/code_verl_test/.venv/lib/python3.12/site-packages/verl/workers/engine/__init__.py:59: UserWarning: mindspeed engine is not available: ModuleNotFoundError("No module named 'megatron'")[32m [repeated 7x across cluster][0m
[36m(pid=734177)[0m   warnings.warn(f"mindspeed engine is not available: {e!r}", stacklevel=1)[32m [repeated 7x across cluster][0m
[36m(pid=734177)[0m /scratch/r919a03/code_verl_test/.venv/lib/python3.12/site-packages/verl/workers/engine/__init__.py:69: UserWarning: megatron engine is not available: ModuleNotFoundError("No module named 'megatron'")[32m [repeated 7x across cluster][0m
[36m(pid=734177)[0m   warnings.warn(f"megatron engine is not available: {e!r}", stacklevel=1)[32m [repeated 7x across cluster][0m
[36m(CodeTaskRunner pid=634980)[0m INFO:2026-09-05 21:51:00,758:pending: 0, running: 24, finished: 0, failure: 0
[36m(AgentLoopWorkerTQ pid=734177)[0m Using blocking ray.get inside async actor. This blocks the event loop. Please use `await` on object ref with asyncio.gather if you want to yield execution to the event loop instead.[32m [repeated 7x across cluster][0m
[36m(SimpleStorageUnit pid=635540)[0m 2026-09-05 21:51:05,238 - INFO - transfer_queue.utils.perf_utils - TQ_STORAGE_UNIT_ad605333: [Performance] Total success requests: 1, Total req/min: 0.01, Total avg process time: 0.0110s; 
[36m(SimpleStorageUnit pid=635540)[0m Time range: last 68.36 minutes; 
[36m(SimpleStorageUnit pid=635540)[0m Per-operation statistics: PUT_DATA: req_count=1, req/min=0.01, avg_time=0.010981s, max_time=0.010981s, min_time=0.010981s
[36m(CodeTaskRunner pid=634980)[0m INFO:2026-09-05 21:52:00,808:pending: 0, running: 15, finished: 9, failure: 0
[36m(SimpleStorageUnit pid=635544)[0m 2026-09-05 21:51:06,781 - INFO - transfer_queue.utils.perf_utils - TQ_STORAGE_UNIT_37a168d2: [Performance] Total success requests: 1, Total req/min: 0.01, Total avg process time: 0.0029s; [32m [repeated 7x across cluster][0m
[36m(SimpleStorageUnit pid=635544)[0m Time range: last 68.39 minutes; [32m [repeated 7x across cluster][0m
[36m(SimpleStorageUnit pid=635544)[0m Per-operation statistics: PUT_DATA: req_count=1, req/min=0.01, avg_time=0.002929s, max_time=0.002929s, min_time=0.002929s[32m [repeated 7x across cluster][0m
[36m(CodeTaskRunner pid=634980)[0m INFO:2026-09-05 21:53:00,861:pending: 0, running: 9, finished: 15, failure: 0

[36m(vLLMHttpServer pid=716385)[0m (EngineCore pid=717133) WARNING 09-05 21:41:52 [vllm.py:1062] Enforce eager set, disabling torch.compile and CUDAGraphs. This is equivalent to setting -cc.mode=none -cc.cudagraph_mode=none
[36m(vLLMHttpServer pid=716385)[0m (EngineCore pid=717133) WARNING 09-05 21:41:52 [vllm.py:1110] Inductor compilation was disabled by user settings, optimizations settings that are only active during inductor compilation will be ignored.
[36m(vLLMHttpServer pid=716385)[0m WARNING 09-05 21:39:16 [vllm.py:1062] Enforce eager set, disabling torch.compile and CUDAGraphs. This is equivalent to setting -cc.mode=none -cc.cudagraph_mode=none[32m [repeated 3x across cluster][0m
[36m(vLLMHttpServer pid=716385)[0m WARNING 09-05 21:39:16 [vllm.py:1110] Inductor compilation was disabled by user settings, optimizations settings that are only active during inductor compilation will be ignored.[32m [repeated 3x across cluster][0m
[36m(vLLMHttpServer pid=716385)[0m WARNING 09-05 21:39:18 [system_utils.py:157] We must use the `spawn` multiprocessing start method. Overriding VLLM_WORKER_MULTIPROC_METHOD to 'spawn'. See https://docs.vllm.ai/en/latest/usage/troubleshooting.html#python-multiprocessing for more information. Reasons: In a Ray actor and can only be spawned; CUDA is initialized[32m [repeated 3x across cluster][0m
[36m(vLLMHttpServer pid=716385)[0m WARNING 09-05 21:41:52 [api_router.py:30] LoRA dynamic loading & unloading is enabled in the API server. This should ONLY be used for local development!
[36m(vLLMHttpServer pid=716385)[0m WARNING 09-05 21:41:53 [model.py:1477] Default vLLM sampling parameters have been overridden by the model's `generation_config.json`: `{'repetition_penalty': 1.0, 'temperature': 1.0, 'top_k': -1, 'top_p': 1, 'max_tokens': 2048}`. If this is not intended, please relaunch vLLM instance with `--generation-config vllm`.
[36m(CodeTaskRunner pid=634980)[0m LLMServerManager: ['150.183.158.81:43321', '150.183.158.81:42405', '150.183.158.81:36823', '150.183.158.81:40973']
[36m(CodeTaskRunner pid=634980)[0m Checkpoint tracker file does not exist: /scratch/r919a03/code_verl_test/checkpoints/exp_Q004_p2p_strong/latest_checkpointed_iteration.txt
[36m(vLLMHttpServer pid=716402)[0m (EngineCore pid=717118) WARNING 09-05 21:41:52 [vllm.py:1062] Enforce eager set, disabling torch.compile and CUDAGraphs. This is equivalent to setting -cc.mode=none -cc.cudagraph_mode=none[32m [repeated 3x across cluster][0m
[36m(vLLMHttpServer pid=716402)[0m (EngineCore pid=717118) WARNING 09-05 21:41:52 [vllm.py:1110] Inductor compilation was disabled by user settings, optimizations settings that are only active during inductor compilation will be ignored.[32m [repeated 3x across cluster][0m
[36m(vLLMHttpServer pid=716402)[0m WARNING 09-05 21:41:52 [api_router.py:30] LoRA dynamic loading & unloading is enabled in the API server. This should ONLY be used for local development![32m [repeated 3x across cluster][0m
[36m(vLLMHttpServer pid=716402)[0m WARNING 09-05 21:41:53 [model.py:1477] Default vLLM sampling parameters have been overridden by the model's `generation_config.json`: `{'repetition_penalty': 1.0, 'temperature': 1.0, 'top_k': -1, 'top_p': 1, 'max_tokens': 2048}`. If this is not intended, please relaunch vLLM instance with `--generation-config vllm`.[32m [repeated 3x across cluster][0m
[36m(AgentLoopWorkerTQ pid=734176)[0m Using dataset class: RLHFDataset
[36m(vLLMHttpServer pid=716385)[0m WARNING 09-05 21:50:28 [input_processor.py:157] vLLM has deprecated support for supporting different tokenizers for different LoRAs. By default, vLLM uses base model's tokenizer. If you are using a LoRA with its own tokenizer, consider specifying `--tokenizer [lora_path]` to use the LoRA tokenizer.
[36m(AgentLoopWorkerTQ pid=734171)[0m Using dataset class: RLHFDataset[32m [repeated 7x across cluster][0m
[36m(vLLMHttpServer pid=716395)[0m WARNING 09-05 21:50:28 [input_processor.py:282] Passing raw prompts to InputProcessor is deprecated and will be removed in v0.18. You should instead pass the outputs of Renderer.render_cmpl() or Renderer.render_chat().
[36m(vLLMHttpServer pid=716385)[0m (Worker pid=717291) WARNING 09-05 21:50:30 [jit_monitor.py:106] Triton kernel JIT compilation during inference: _compute_slot_mapping_kernel. This causes a latency spike; consider extending warmup to cover this shape/config.
[36m(vLLMHttpServer pid=716385)[0m (Worker pid=717291) WARNING 09-05 21:50:34 [utils.py:279] Using default LoRA kernel configs
[36m(vLLMHttpServer pid=716385)[0m (Worker pid=717291) WARNING 09-05 21:50:34 [jit_monitor.py:106] Triton kernel JIT compilation during inference: _lora_expand_kernel. This causes a latency spike; consider extending warmup to cover this shape/config.
[36m(vLLMHttpServer pid=716402)[0m WARNING 09-05 21:50:28 [input_processor.py:157] vLLM has deprecated support for supporting different tokenizers for different LoRAs. By default, vLLM uses base model's tokenizer. If you are using a LoRA with its own tokenizer, consider specifying `--tokenizer [lora_path]` to use the LoRA tokenizer.[32m [repeated 3x across cluster][0m
[36m(vLLMHttpServer pid=716385)[0m WARNING 09-05 21:50:28 [input_processor.py:282] Passing raw prompts to InputProcessor is deprecated and will be removed in v0.18. You should instead pass the outputs of Renderer.render_cmpl() or Renderer.render_chat().[32m [repeated 3x across cluster][0m
[36m(vLLMHttpServer pid=716385)[0m (Worker pid=717291) WARNING 09-05 21:50:36 [jit_monitor.py:106] Triton kernel JIT compilation during inference: _lora_shrink_kernel. This causes a latency spike; consider extending warmup to cover this shape/config.
[36m(vLLMHttpServer pid=716402)[0m (Worker pid=717292) WARNING 09-05 21:50:30 [jit_monitor.py:106] Triton kernel JIT compilation during inference: _compute_slot_mapping_kernel. This causes a latency spike; consider extending warmup to cover this shape/config.[32m [repeated 3x across cluster][0m
[36m(vLLMHttpServer pid=716385)[0m (Worker pid=717291) WARNING 09-05 21:50:37 [jit_monitor.py:106] Triton kernel JIT compilation during inference: fused_moe_kernel. This causes a latency spike; consider extending warmup to cover this shape/config.
[36m(vLLMHttpServer pid=716385)[0m (Worker pid=717291) WARNING 09-05 21:50:37 [jit_monitor.py:106] Triton kernel JIT compilation during inference: _fused_moe_lora_one_shot_kernel. This causes a latency spike; consider extending warmup to cover this shape/config.
[36m(vLLMHttpServer pid=716414)[0m (Worker pid=717289) WARNING 09-05 21:50:38 [jit_monitor.py:106] Triton kernel JIT compilation during inference: _fused_moe_lora_small_batch_kernel. This causes a latency spike; consider extending warmup to cover this shape/config.
[36m(vLLMHttpServer pid=716402)[0m (Worker pid=717292) WARNING 09-05 21:50:34 [utils.py:279] Using default LoRA kernel configs[32m [repeated 3x across cluster][0m
[36m(vLLMHttpServer pid=716402)[0m (Worker pid=717292) WARNING 09-05 21:50:34 [jit_monitor.py:106] Triton kernel JIT compilation during inference: _lora_expand_kernel. This causes a latency spike; consider extending warmup to cover this shape/config.[32m [repeated 3x across cluster][0m
[36m(vLLMHttpServer pid=716402)[0m (Worker pid=717292) WARNING 09-05 21:50:36 [jit_monitor.py:106] Triton kernel JIT compilation during inference: _lora_shrink_kernel. This causes a latency spike; consider extending warmup to cover this shape/config.[32m [repeated 3x across cluster][0m
[36m(vLLMHttpServer pid=716402)[0m (Worker pid=717292) WARNING 09-05 21:50:37 [jit_monitor.py:106] Triton kernel JIT compilation during inference: fused_moe_kernel. This causes a latency spike; consider extending warmup to cover this shape/config.[32m [repeated 3x across cluster][0m
[36m(vLLMHttpServer pid=716402)[0m (Worker pid=717292) WARNING 09-05 21:50:37 [jit_monitor.py:106] Triton kernel JIT compilation during inference: _fused_moe_lora_one_shot_kernel. This causes a latency spike; consider extending warmup to cover this shape/config.[32m [repeated 3x across cluster][0m
[36m(vLLMHttpServer pid=716385)[0m (Worker pid=717291) WARNING 09-05 21:53:14 [jit_monitor.py:106] Triton kernel JIT compilation during inference: _fused_moe_lora_small_batch_kernel. This causes a latency spike; consider extending warmup to cover this shape/config.[36m(CodeTaskRunner pid=634980)[0m INFO:2026-09-05 21:54:00,913:pending: 0, running: 6, finished: 18, failure: 0
[36m(TransferQueueController pid=635460)[0m 2026-09-05 21:55:02,840 - INFO - transfer_queue.utils.perf_utils - TQ_CONTROLLER_29f74ab5: [Performance] Total success requests: 680, Total req/min: 135.04, Total avg process time: 0.0005s; 
[36m(TransferQueueController pid=635460)[0m Time range: last 5.04 minutes; 
[36m(TransferQueueController pid=635460)[0m Per-operation statistics: KV_LIST: req_count=150, req/min=29.79, avg_time=0.000050s, max_time=0.000103s, min_time=0.000029s; KV_RETRIEVE_META: req_count=193, req/min=38.33, avg_time=0.000606s, max_time=0.047395s, min_time=0.000049s; SET_CUSTOM_META: req_count=192, req/min=38.13, avg_time=0.000014s, max_time=0.000040s, min_time=0.000005s; NOTIFY_DATA_UPDATE: req_count=144, req/min=28.60, avg_time=0.001422s, max_time=0.183987s, min_time=0.000059s; CLEAR_META: req_count=1, req/min=0.20, avg_time=0.002208s, max_time=0.002208s, min_time=0.002208s
[36m(WorkerDict pid=637395)[0m Using blocking ray.get inside async actor. This blocks the event loop. Please use `await` on object ref with asyncio.gather if you want to yield execution to the event loop instead.
[36m(WorkerDict pid=637395)[0m [rank3]:W0905 21:55:06.556000 637395 .venv/lib/python3.12/site-packages/torch/fx/_symbolic_trace.py:53] is_fx_tracing will return true for both fx.symbolic_trace and torch.export. Please use is_fx_tracing_symbolic_tracing() for specifically fx.symbolic_trace or torch.compiler.is_compiling() for specifically torch.export/compile.
[36m(WorkerDict pid=637395)[0m /scratch/r919a03/code_verl_test/.venv/lib/python3.12/site-packages/torch/_dynamo/eval_frame.py:1263: UserWarning: torch.utils.checkpoint: the use_reentrant parameter should be passed explicitly. Starting in PyTorch 2.9, calling checkpoint without use_reentrant will raise an exception. use_reentrant=False is recommended, but if you need to preserve the current default behavior, you can pass use_reentrant=True. Refer to docs for more details on the differences between the two variants.
[36m(WorkerDict pid=637395)[0m   return fn(*args, **kwargs)
[36m(WorkerDict pid=637395)[0m /scratch/r919a03/code_verl_test/.venv/lib/python3.12/site-packages/torch/utils/checkpoint.py:232: UserWarning: None of the inputs have requires_grad=True. Gradients will be None
[36m(WorkerDict pid=637395)[0m   check_backward_validity(args)
[36m(WorkerDict pid=637393)[0m Using blocking ray.get inside async actor. This blocks the event loop. Please use `await` on object ref with asyncio.gather if you want to yield execution to the event loop instead.[32m [repeated 3x across cluster][0m
[36m(WorkerDict pid=637393)[0m [rank1]:W0905 21:55:06.556000 637393 .venv/lib/python3.12/site-packages/torch/fx/_symbolic_trace.py:53] is_fx_tracing will return true for both fx.symbolic_trace and torch.export. Please use is_fx_tracing_symbolic_tracing() for specifically fx.symbolic_trace or torch.compiler.is_compiling() for specifically torch.export/compile.[32m [repeated 3x across cluster][0m
[36m(WorkerDict pid=637395)[0m /scratch/r919a03/code_verl_test/.venv/lib/python3.12/site-packages/torch/_inductor/lowering.py:7836: UserWarning: 
[36m(WorkerDict pid=637395)[0m Online softmax is disabled on the fly since Inductor decides to
[36m(WorkerDict pid=637395)[0m split the reduction. Cut an issue to PyTorch if this is an
[36m(WorkerDict pid=637395)[0m important use case and you want to speed it up with online
[36m(WorkerDict pid=637395)[0m softmax.
[36m(WorkerDict pid=637395)[0m 
[36m(WorkerDict pid=637395)[0m   warnings.warn(
[36m(WorkerDict pid=637393)[0m /scratch/r919a03/code_verl_test/.venv/lib/python3.12/site-packages/torch/_dynamo/eval_frame.py:1263: UserWarning: torch.utils.checkpoint: the use_reentrant parameter should be passed explicitly. Starting in PyTorch 2.9, calling checkpoint without use_reentrant will raise an exception. use_reentrant=False is recommended, but if you need to preserve the current default behavior, you can pass use_reentrant=True. Refer to docs for more details on the differences between the two variants.[32m [repeated 3x across cluster][0m
[36m(WorkerDict pid=637393)[0m   return fn(*args, **kwargs)[32m [repeated 3x across cluster][0m
[36m(WorkerDict pid=637393)[0m /scratch/r919a03/code_verl_test/.venv/lib/python3.12/site-packages/torch/utils/checkpoint.py:232: UserWarning: None of the inputs have requires_grad=True. Gradients will be None[32m [repeated 3x across cluster][0m
[36m(WorkerDict pid=637393)[0m   check_backward_validity(args)[32m [repeated 3x across cluster][0m
[36m(WorkerDict pid=637394)[0m 
[36m(WorkerDict pid=637392)[0m 
[36m(WorkerDict pid=637393)[0m 
[36m(WorkerDict pid=637393)[0m /scratch/r919a03/code_verl_test/.venv/lib/python3.12/site-packages/torch/_inductor/lowering.py:7836: UserWarning: [32m [repeated 3x across cluster][0m
[36m(WorkerDict pid=637393)[0m Online softmax is disabled on the fly since Inductor decides to[32m [repeated 3x across cluster][0m
[36m(WorkerDict pid=637393)[0m split the reduction. Cut an issue to PyTorch if this is an[32m [repeated 3x across cluster][0m
[36m(WorkerDict pid=637393)[0m important use case and you want to speed it up with online[32m [repeated 3x across cluster][0m
[36m(WorkerDict pid=637393)[0m softmax.[32m [repeated 3x across cluster][0m
[36m(WorkerDict pid=637393)[0m   warnings.warn([32m [repeated 3x across cluster][0m
[36m(WorkerDict pid=637395)[0m /scratch/r919a03/code_verl_test/.venv/lib/python3.12/site-packages/torch/_dynamo/eval_frame.py:1263: UserWarning: torch.utils.checkpoint: the use_reentrant parameter should be passed explicitly. Starting in PyTorch 2.9, calling checkpoint without use_reentrant will raise an exception. use_reentrant=False is recommended, but if you need to preserve the current default behavior, you can pass use_reentrant=True. Refer to docs for more details on the differences between the two variants.
[36m(WorkerDict pid=637395)[0m   return fn(*args, **kwargs)
[36m(WorkerDict pid=637395)[0m /scratch/r919a03/code_verl_test/.venv/lib/python3.12/site-packages/torch/utils/checkpoint.py:232: UserWarning: None of the inputs have requires_grad=True. Gradients will be None
[36m(WorkerDict pid=637395)[0m   check_backward_validity(args)
[36m(WorkerDict pid=637394)[0m /scratch/r919a03/code_verl_test/.venv/lib/python3.12/site-packages/torch/_dynamo/eval_frame.py:1263: UserWarning: torch.utils.checkpoint: the use_reentrant parameter should be passed explicitly. Starting in PyTorch 2.9, calling checkpoint without use_reentrant will raise an exception. use_reentrant=False is recommended, but if you need to preserve the current default behavior, you can pass use_reentrant=True. Refer to docs for more details on the differences between the two variants.
[36m(WorkerDict pid=637394)[0m   return fn(*args, **kwargs)
[36m(WorkerDict pid=637394)[0m /scratch/r919a03/code_verl_test/.venv/lib/python3.12/site-packages/torch/utils/checkpoint.py:232: UserWarning: None of the inputs have requires_grad=True. Gradients will be None
[36m(WorkerDict pid=637394)[0m   check_backward_validity(args)
[36m(WorkerDict pid=637395)[0m 
[36m(WorkerDict pid=637394)[0m 
[36m(WorkerDict pid=637392)[0m 
[36m(WorkerDict pid=637393)[0m 
[36m(WorkerDict pid=637393)[0m /scratch/r919a03/code_verl_test/.venv/lib/python3.12/site-packages/torch/_inductor/lowering.py:7836: UserWarning: [32m [repeated 4x across cluster][0m
[36m(WorkerDict pid=637393)[0m Online softmax is disabled on the fly since Inductor decides to[32m [repeated 4x across cluster][0m
[36m(WorkerDict pid=637393)[0m split the reduction. Cut an issue to PyTorch if this is an[32m [repeated 4x across cluster][0m
[36m(WorkerDict pid=637393)[0m important use case and you want to speed it up with online[32m [repeated 4x across cluster][0m
[36m(WorkerDict pid=637393)[0m softmax.[32m [repeated 4x across cluster][0m
[36m(WorkerDict pid=637393)[0m   warnings.warn([32m [repeated 4x across cluster][0m
[36m(WorkerDict pid=637395)[0m /scratch/r919a03/code_verl_test/.venv/lib/python3.12/site-packages/torch/_dynamo/eval_frame.py:1263: UserWarning: torch.utils.checkpoint: the use_reentrant parameter should be passed explicitly. Starting in PyTorch 2.9, calling checkpoint without use_reentrant will raise an exception. use_reentrant=False is recommended, but if you need to preserve the current default behavior, you can pass use_reentrant=True. Refer to docs for more details on the differences between the two variants.[32m [repeated 3x across cluster][0m
[36m(WorkerDict pid=637395)[0m   return fn(*args, **kwargs)[32m [repeated 3x across cluster][0m
[36m(WorkerDict pid=637395)[0m /scratch/r919a03/code_verl_test/.venv/lib/python3.12/site-packages/torch/utils/checkpoint.py:232: UserWarning: None of the inputs have requires_grad=True. Gradients will be None[32m [repeated 3x across cluster][0m
[36m(WorkerDict pid=637395)[0m   check_backward_validity(args)[32m [repeated 3x across cluster][0m
[36m(WorkerDict pid=637395)[0m 
[36m(WorkerDict pid=637394)[0m 
[36m(WorkerDict pid=637392)[0m 
[36m(WorkerDict pid=637393)[0m 
[36m(WorkerDict pid=637393)[0m /scratch/r919a03/code_verl_test/.venv/lib/python3.12/site-packages/torch/_inductor/lowering.py:7836: UserWarning: [32m [repeated 4x across cluster][0m
[36m(WorkerDict pid=637393)[0m Online softmax is disabled on the fly since Inductor decides to[32m [repeated 4x across cluster][0m
[36m(WorkerDict pid=637393)[0m split the reduction. Cut an issue to PyTorch if this is an[32m [repeated 4x across cluster][0m
[36m(WorkerDict pid=637393)[0m important use case and you want to speed it up with online[32m [repeated 4x across cluster][0m
[36m(WorkerDict pid=637393)[0m softmax.[32m [repeated 4x across cluster][0m
[36m(WorkerDict pid=637393)[0m   warnings.warn([32m [repeated 4x across cluster][0m
[36m(WorkerDict pid=637395)[0m /scratch/r919a03/code_verl_test/.venv/lib/python3.12/site-packages/torch/_dynamo/eval_frame.py:1263: UserWarning: torch.utils.checkpoint: the use_reentrant parameter should be passed explicitly. Starting in PyTorch 2.9, calling checkpoint without use_reentrant will raise an exception. use_reentrant=False is recommended, but if you need to preserve the current default behavior, you can pass use_reentrant=True. Refer to docs for more details on the differences between the two variants.[32m [repeated 4x across cluster][0m
[36m(WorkerDict pid=637395)[0m   return fn(*args, **kwargs)[32m [repeated 4x across cluster][0m
[36m(WorkerDict pid=637395)[0m /scratch/r919a03/code_verl_test/.venv/lib/python3.12/site-packages/torch/utils/checkpoint.py:232: UserWarning: None of the inputs have requires_grad=True. Gradients will be None[32m [repeated 4x across cluster][0m
[36m(WorkerDict pid=637395)[0m   check_backward_validity(args)[32m [repeated 4x across cluster][0m
[36m(WorkerDict pid=637395)[0m 
[36m(WorkerDict pid=637394)[0m 
[36m(WorkerDict pid=637392)[0m 
[36m(WorkerDict pid=637393)[0m 
[36m(WorkerDict pid=637393)[0m /scratch/r919a03/code_verl_test/.venv/lib/python3.12/site-packages/torch/_inductor/lowering.py:7836: UserWarning: [32m [repeated 4x across cluster][0m
[36m(WorkerDict pid=637393)[0m Online softmax is disabled on the fly since Inductor decides to[32m [repeated 4x across cluster][0m
[36m(WorkerDict pid=637393)[0m split the reduction. Cut an issue to PyTorch if this is an[32m [repeated 4x across cluster][0m
[36m(WorkerDict pid=637393)[0m important use case and you want to speed it up with online[32m [repeated 4x across cluster][0m
[36m(WorkerDict pid=637393)[0m softmax.[32m [repeated 4x across cluster][0m
[36m(WorkerDict pid=637393)[0m   warnings.warn([32m [repeated 4x across cluster][0m
[36m(WorkerDict pid=637395)[0m /scratch/r919a03/code_verl_test/.venv/lib/python3.12/site-packages/torch/_dynamo/eval_frame.py:1263: UserWarning: torch.utils.checkpoint: the use_reentrant parameter should be passed explicitly. Starting in PyTorch 2.9, calling checkpoint without use_reentrant will raise an exception. use_reentrant=False is recommended, but if you need to preserve the current default behavior, you can pass use_reentrant=True. Refer to docs for more details on the differences between the two variants.[32m [repeated 4x across cluster][0m
[36m(WorkerDict pid=637395)[0m   return fn(*args, **kwargs)[32m [repeated 4x across cluster][0m
[36m(WorkerDict pid=637395)[0m /scratch/r919a03/code_verl_test/.venv/lib/python3.12/site-packages/torch/utils/checkpoint.py:232: UserWarning: None of the inputs have requires_grad=True. Gradients will be None[32m [repeated 4x across cluster][0m
[36m(WorkerDict pid=637395)[0m   check_backward_validity(args)[32m [repeated 4x across cluster][0m
[36m(WorkerDict pid=637395)[0m 
[36m(WorkerDict pid=637394)[0m 
[36m(WorkerDict pid=637392)[0m 
[36m(WorkerDict pid=637393)[0m 
[36m(WorkerDict pid=637393)[0m /scratch/r919a03/code_verl_test/.venv/lib/python3.12/site-packages/torch/_inductor/lowering.py:7836: UserWarning: [32m [repeated 4x across cluster][0m
[36m(WorkerDict pid=637393)[0m Online softmax is disabled on the fly since Inductor decides to[32m [repeated 4x across cluster][0m
[36m(WorkerDict pid=637393)[0m split the reduction. Cut an issue to PyTorch if this is an[32m [repeated 4x across cluster][0m
[36m(WorkerDict pid=637393)[0m important use case and you want to speed it up with online[32m [repeated 4x across cluster][0m
[36m(WorkerDict pid=637393)[0m softmax.[32m [repeated 4x across cluster][0m
[36m(WorkerDict pid=637393)[0m   warnings.warn([32m [repeated 4x across cluster][0m
[36m(WorkerDict pid=637395)[0m /scratch/r919a03/code_verl_test/.venv/lib/python3.12/site-packages/torch/_dynamo/eval_frame.py:1263: UserWarning: torch.utils.checkpoint: the use_reentrant parameter should be passed explicitly. Starting in PyTorch 2.9, calling checkpoint without use_reentrant will raise an exception. use_reentrant=False is recommended, but if you need to preserve the current default behavior, you can pass use_reentrant=True. Refer to docs for more details on the differences between the two variants.[32m [repeated 4x across cluster][0m
[36m(WorkerDict pid=637395)[0m   return fn(*args, **kwargs)[32m [repeated 4x across cluster][0m
[36m(WorkerDict pid=637395)[0m /scratch/r919a03/code_verl_test/.venv/lib/python3.12/site-packages/torch/utils/checkpoint.py:232: UserWarning: None of the inputs have requires_grad=True. Gradients will be None[32m [repeated 4x across cluster][0m
[36m(WorkerDict pid=637395)[0m   check_backward_validity(args)[32m [repeated 4x across cluster][0m
[36m(WorkerDict pid=637395)[0m 
[36m(WorkerDict pid=637394)[0m 
[36m(WorkerDict pid=637392)[0m 
[36m(WorkerDict pid=637393)[0m 
[36m(WorkerDict pid=637393)[0m /scratch/r919a03/code_verl_test/.venv/lib/python3.12/site-packages/torch/_inductor/lowering.py:7836: UserWarning: [32m [repeated 4x across cluster][0m
[36m(WorkerDict pid=637393)[0m Online softmax is disabled on the fly since Inductor decides to[32m [repeated 4x across cluster][0m
[36m(WorkerDict pid=637393)[0m split the reduction. Cut an issue to PyTorch if this is an[32m [repeated 4x across cluster][0m
[36m(WorkerDict pid=637393)[0m important use case and you want to speed it up with online[32m [repeated 4x across cluster][0m
[36m(WorkerDict pid=637393)[0m softmax.[32m [repeated 4x across cluster][0m
[36m(WorkerDict pid=637393)[0m   warnings.warn([32m [repeated 4x across cluster][0m
[36m(WorkerDict pid=637395)[0m /scratch/r919a03/code_verl_test/.venv/lib/python3.12/site-packages/torch/_dynamo/eval_frame.py:1263: UserWarning: torch.utils.checkpoint: the use_reentrant parameter should be passed explicitly. Starting in PyTorch 2.9, calling checkpoint without use_reentrant will raise an exception. use_reentrant=False is recommended, but if you need to preserve the current default behavior, you can pass use_reentrant=True. Refer to docs for more details on the differences between the two variants.[32m [repeated 4x across cluster][0m
[36m(WorkerDict pid=637395)[0m   return fn(*args, **kwargs)[32m [repeated 4x across cluster][0m
[36m(WorkerDict pid=637395)[0m /scratch/r919a03/code_verl_test/.venv/lib/python3.12/site-packages/torch/utils/checkpoint.py:232: UserWarning: None of the inputs have requires_grad=True. Gradients will be None[32m [repeated 4x across cluster][0m
[36m(WorkerDict pid=637395)[0m   check_backward_validity(args)[32m [repeated 4x across cluster][0m
[36m(WorkerDict pid=637395)[0m 
[36m(WorkerDict pid=637394)[0m 
[36m(WorkerDict pid=637392)[0m 
[36m(WorkerDict pid=637393)[0m 
[36m(WorkerDict pid=637393)[0m /scratch/r919a03/code_verl_test/.venv/lib/python3.12/site-packages/torch/_inductor/lowering.py:7836: UserWarning: [32m [repeated 4x across cluster][0m
[36m(WorkerDict pid=637393)[0m Online softmax is disabled on the fly since Inductor decides to[32m [repeated 4x across cluster][0m
[36m(WorkerDict pid=637393)[0m split the reduction. Cut an issue to PyTorch if this is an[32m [repeated 4x across cluster][0m
[36m(WorkerDict pid=637393)[0m important use case and you want to speed it up with online[32m [repeated 4x across cluster][0m
[36m(WorkerDict pid=637393)[0m softmax.[32m [repeated 4x across cluster][0m
[36m(WorkerDict pid=637393)[0m   warnings.warn([32m [repeated 4x across cluster][0m
[36m(WorkerDict pid=637395)[0m /scratch/r919a03/code_verl_test/.venv/lib/python3.12/site-packages/torch/_dynamo/eval_frame.py:1263: UserWarning: torch.utils.checkpoint: the use_reentrant parameter should be passed explicitly. Starting in PyTorch 2.9, calling checkpoint without use_reentrant will raise an exception. use_reentrant=False is recommended, but if you need to preserve the current default behavior, you can pass use_reentrant=True. Refer to docs for more details on the differences between the two variants.[32m [repeated 4x across cluster][0m
[36m(WorkerDict pid=637395)[0m   return fn(*args, **kwargs)[32m [repeated 4x across cluster][0m
[36m(WorkerDict pid=637395)[0m /scratch/r919a03/code_verl_test/.venv/lib/python3.12/site-packages/torch/utils/checkpoint.py:232: UserWarning: None of the inputs have requires_grad=True. Gradients will be None[32m [repeated 4x across cluster][0m
[36m(WorkerDict pid=637395)[0m   check_backward_validity(args)[32m [repeated 4x across cluster][0m
[36m(WorkerDict pid=637395)[0m 
[36m(WorkerDict pid=637394)[0m 
[36m(WorkerDict pid=637392)[0m 
[36m(WorkerDict pid=637393)[0m 
[36m(WorkerDict pid=637395)[0m [rank3]:W0905 21:57:05.803000 637395 .venv/lib/python3.12/site-packages/torch/_dynamo/convert_frame.py:1743] [0/8] torch._dynamo hit config.recompile_limit (8)
[36m(WorkerDict pid=637395)[0m [rank3]:W0905 21:57:05.803000 637395 .venv/lib/python3.12/site-packages/torch/_dynamo/convert_frame.py:1743] [0/8]    function: 'entropy_from_logits_with_chunking' (/scratch/r919a03/code_verl_test/.venv/lib/python3.12/site-packages/verl/utils/torch_functional.py:248)
[36m(WorkerDict pid=637395)[0m [rank3]:W0905 21:57:05.803000 637395 .venv/lib/python3.12/site-packages/torch/_dynamo/convert_frame.py:1743] [0/8]    last reason: 0/7: tensor 'logits' size mismatch at index 0. expected 28195, actual 28435
[36m(WorkerDict pid=637395)[0m [rank3]:W0905 21:57:05.803000 637395 .venv/lib/python3.12/site-packages/torch/_dynamo/convert_frame.py:1743] [0/8] To log all recompilation reasons, use TORCH_LOGS="recompiles".
[36m(WorkerDict pid=637395)[0m [rank3]:W0905 21:57:05.803000 637395 .venv/lib/python3.12/site-packages/torch/_dynamo/convert_frame.py:1743] [0/8] To diagnose recompilation issues, see https://docs.pytorch.org/docs/main/user_guide/torch_compiler/compile/programming_model.recompilation.html
[36m(WorkerDict pid=637393)[0m /scratch/r919a03/code_verl_test/.venv/lib/python3.12/site-packages/torch/_inductor/lowering.py:7836: UserWarning: [32m [repeated 4x across cluster][0m
[36m(WorkerDict pid=637393)[0m Online softmax is disabled on the fly since Inductor decides to[32m [repeated 4x across cluster][0m
[36m(WorkerDict pid=637393)[0m split the reduction. Cut an issue to PyTorch if this is an[32m [repeated 4x across cluster][0m
[36m(WorkerDict pid=637393)[0m important use case and you want to speed it up with online[32m [repeated 4x across cluster][0m
[36m(WorkerDict pid=637393)[0m softmax.[32m [repeated 4x across cluster][0m
[36m(WorkerDict pid=637393)[0m   warnings.warn([32m [repeated 4x across cluster][0m
[36m(WorkerDict pid=637395)[0m /scratch/r919a03/code_verl_test/.venv/lib/python3.12/site-packages/torch/_dynamo/eval_frame.py:1263: UserWarning: torch.utils.checkpoint: the use_reentrant parameter should be passed explicitly. Starting in PyTorch 2.9, calling checkpoint without use_reentrant will raise an exception. use_reentrant=False is recommended, but if you need to preserve the current default behavior, you can pass use_reentrant=True. Refer to docs for more details on the differences between the two variants.[32m [repeated 4x across cluster][0m
[36m(WorkerDict pid=637395)[0m   return fn(*args, **kwargs)[32m [repeated 4x across cluster][0m
[36m(WorkerDict pid=637395)[0m /scratch/r919a03/code_verl_test/.venv/lib/python3.12/site-packages/torch/utils/checkpoint.py:232: UserWarning: None of the inputs have requires_grad=True. Gradients will be None[32m [repeated 4x across cluster][0m
[36m(WorkerDict pid=637395)[0m   check_backward_validity(args)[32m [repeated 4x across cluster][0m
[36m(SimpleStorageUnit pid=635544)[0m 2026-09-05 21:58:14,654 - INFO - transfer_queue.utils.perf_utils - TQ_STORAGE_UNIT_37a168d2: [Performance] Total success requests: 23, Total req/min: 3.23, Total avg process time: 0.0018s; 
[36m(SimpleStorageUnit pid=635544)[0m Time range: last 7.13 minutes; 
[36m(SimpleStorageUnit pid=635544)[0m Per-operation statistics: PUT_DATA: req_count=18, req/min=2.52, avg_time=0.001675s, max_time=0.002133s, min_time=0.001578s; CLEAR_DATA: req_count=1, req/min=0.14, avg_time=0.003022s, max_time=0.003022s, min_time=0.003022s; GET_DATA: req_count=4, req/min=0.56, avg_time=0.002324s, max_time=0.002943s, min_time=0.002071s
[36m(WorkerDict pid=637393)[0m [rank1]:W0905 21:57:05.803000 637393 .venv/lib/python3.12/site-packages/torch/_dynamo/convert_frame.py:1743] [0/8] torch._dynamo hit config.recompile_limit (8)[32m [repeated 3x across cluster][0m
[36m(WorkerDict pid=637393)[0m [rank1]:W0905 21:57:05.803000 637393 .venv/lib/python3.12/site-packages/torch/_dynamo/convert_frame.py:1743] [0/8]    function: 'entropy_from_logits_with_chunking' (/scratch/r919a03/code_verl_test/.venv/lib/python3.12/site-packages/verl/utils/torch_functional.py:248)[32m [repeated 3x across cluster][0m
[36m(WorkerDict pid=637393)[0m [rank1]:W0905 21:57:05.803000 637393 .venv/lib/python3.12/site-packages/torch/_dynamo/convert_frame.py:1743] [0/8]    last reason: 0/7: tensor 'logits' size mismatch at index 0. expected 28195, actual 28435[32m [repeated 3x across cluster][0m
[36m(WorkerDict pid=637393)[0m [rank1]:W0905 21:57:05.803000 637393 .venv/lib/python3.12/site-packages/torch/_dynamo/convert_frame.py:1743] [0/8] To log all recompilation reasons, use TORCH_LOGS="recompiles".[32m [repeated 3x across cluster][0m
[36m(WorkerDict pid=637393)[0m [rank1]:W0905 21:57:05.803000 637393 .venv/lib/python3.12/site-packages/torch/_dynamo/convert_frame.py:1743] [0/8] To diagnose recompilation issues, see https://docs.pytorch.org/docs/main/user_guide/torch_compiler/compile/programming_model.recompilation.html[32m [repeated 3x across cluster][0m
[36m(WorkerDict pid=637393)[0m /scratch/r919a03/code_verl_test/.venv/lib/python3.12/site-packages/torch/_dynamo/eval_frame.py:1263: UserWarning: torch.utils.checkpoint: the use_reentrant parameter should be passed explicitly. Starting in PyTorch 2.9, calling checkpoint without use_reentrant will raise an exception. use_reentrant=False is recommended, but if you need to preserve the current default behavior, you can pass use_reentrant=True. Refer to docs for more details on the differences between the two variants.[32m [repeated 3x across cluster][0m
[36m(WorkerDict pid=637393)[0m   return fn(*args, **kwargs)[32m [repeated 3x across cluster][0m
[36m(WorkerDict pid=637393)[0m /scratch/r919a03/code_verl_test/.venv/lib/python3.12/site-packages/torch/utils/checkpoint.py:232: UserWarning: None of the inputs have requires_grad=True. Gradients will be None[32m [repeated 3x across cluster][0m
[36m(WorkerDict pid=637393)[0m   check_backward_validity(args)[32m [repeated 3x across cluster][0m
[36m(WorkerDict pid=637395)[0m /scratch/r919a03/code_verl_test/.venv/lib/python3.12/site-packages/verl/plugin/platform/platform_cuda.py:99: FutureWarning: torch.cuda._set_allocator_settings is deprecated. Use torch._C._accelerator_setAllocatorSettings instead.
[36m(WorkerDict pid=637395)[0m   torch.cuda.memory._set_allocator_settings(settings)
[36m(SimpleStorageUnit pid=635538)[0m 2026-09-05 21:58:14,649 - INFO - transfer_queue.utils.perf_utils - TQ_STORAGE_UNIT_d6660c54: [Performance] Total success requests: 23, Total req/min: 3.21, Total avg process time: 0.0020s; [32m [repeated 7x across cluster][0m
[36m(SimpleStorageUnit pid=635538)[0m Time range: last 7.16 minutes; [32m [repeated 7x across cluster][0m
[36m(SimpleStorageUnit pid=635538)[0m Per-operation statistics: PUT_DATA: req_count=18, req/min=2.52, avg_time=0.001691s, max_time=0.002421s, min_time=0.001570s; CLEAR_DATA: req_count=1, req/min=0.14, avg_time=0.002651s, max_time=0.002651s, min_time=0.002651s; GET_DATA: req_count=4, req/min=0.56, avg_time=0.003195s, max_time=0.005289s, min_time=0.001913s[32m [repeated 7x across cluster][0m
[36m(WorkerDict pid=637394)[0m /scratch/r919a03/code_verl_test/.venv/lib/python3.12/site-packages/torch/distributed/fsdp/_unshard_param_utils.py:248: UserWarning: offload_to_cpu=True and rank0_only=False may result in theunsharded parameters being redundantly copied to CPU memory for GPUs sharing the same CPU memory, which risks CPU OOM. We recommend using offload_to_cpu=True with rank0_only=True.
[36m(WorkerDict pid=637394)[0m   _validate_unshard_params_args(
[36m(WorkerDict pid=637394)[0m /scratch/r919a03/code_verl_test/.venv/lib/python3.12/site-packages/torch/distributed/fsdp/_unshard_param_utils.py:174: UserWarning: offload_to_cpu=True and rank0_only=False may result in theunsharded parameters being redundantly copied to CPU memory for GPUs sharing the same CPU memory, which risks CPU OOM. We recommend using offload_to_cpu=True with rank0_only=True.
[36m(WorkerDict pid=637394)[0m   _validate_unshard_params_args(
[36m(TransferQueueController pid=635460)[0m Per-operation statistics: NOTIFY_DATA_UPDATE: req_count=3, req/min=0.25, avg_time=0.000245s, max_time=0.000339s, min_time=0.000194s; SET_CUSTOM_META: req_count=3, req/min=0.25, avg_time=0.000028s, max_time=0.000032s, min_time=0.000025s; KV_RETRIEVE_KEYS: req_count=1, req/min=0.08, avg_time=0.000057s, max_time=0.000057s, min_time=0.000057s; KV_RETRIEVE_META: req_count=6, req/min=0.51, avg_time=0.271696s, max_time=1.616081s, min_time=0.002721s
[36m(WorkerDict pid=637393)[0m /scratch/r919a03/code_verl_test/.venv/lib/python3.12/site-packages/verl/plugin/platform/platform_cuda.py:99: FutureWarning: torch.cuda._set_allocator_settings is deprecated. Use torch._C._accelerator_setAllocatorSettings instead.[32m [repeated 3x across cluster][0m
[36m(WorkerDict pid=637393)[0m   torch.cuda.memory._set_allocator_settings(settings)[32m [repeated 3x across cluster][0m
[36m(TransferQueueController pid=635460)[0m 2026-09-05 22:06:49,196 - INFO - transfer_queue.utils.perf_utils - TQ_CONTROLLER_29f74ab5: [Performance] Total success requests: 13, Total req/min: 1.10, Total avg process time: 0.1255s; 
[36m(TransferQueueController pid=635460)[0m Time range: last 11.77 minutes; 
[36m(WorkerDict pid=637393)[0m /scratch/r919a03/code_verl_test/.venv/lib/python3.12/site-packages/torch/distributed/fsdp/_unshard_param_utils.py:174: UserWarning: offload_to_cpu=True and rank0_only=False may result in theunsharded parameters being redundantly copied to CPU memory for GPUs sharing the same CPU memory, which risks CPU OOM. We recommend using offload_to_cpu=True with rank0_only=True.[32m [repeated 6x across cluster][0m
[36m(WorkerDict pid=637393)[0m   _validate_unshard_params_args([32m [repeated 6x across cluster][0m
[36m(SimpleStorageUnit pid=635544)[0m 2026-09-05 22:06:49,452 - INFO - transfer_queue.utils.perf_utils - TQ_STORAGE_UNIT_37a168d2: [Performance] Total success requests: 9, Total req/min: 1.05, Total avg process time: 0.0031s; 
[36m(SimpleStorageUnit pid=635544)[0m Time range: last 8.58 minutes; 
[36m(SimpleStorageUnit pid=635544)[0m Per-operation statistics: GET_DATA: req_count=7, req/min=0.82, avg_time=0.003370s, max_time=0.004218s, min_time=0.002475s; PUT_DATA: req_count=2, req/min=0.23, avg_time=0.002357s, max_time=0.002378s, min_time=0.002337s
[36m(CodeTaskRunner pid=634980)[0m Training Progress:   5%|▌         | 1/20 [23:08<7:19:49, 1388.93s/it]
[36m(CodeTaskRunner pid=634980)[0m INFO:2026-09-05 22:07:54,236:pending: 0, running: 12, finished: 12, failure: 0
[36m(SimpleStorageUnit pid=635538)[0m 2026-09-05 22:06:49,450 - INFO - transfer_queue.utils.perf_utils - TQ_STORAGE_UNIT_d6660c54: [Performance] Total success requests: 9, Total req/min: 1.05, Total avg process time: 0.0025s; [32m [repeated 7x across cluster][0m
[36m(SimpleStorageUnit pid=635538)[0m Time range: last 8.58 minutes; [32m [repeated 7x across cluster][0m
[36m(SimpleStorageUnit pid=635538)[0m Per-operation statistics: GET_DATA: req_count=7, req/min=0.82, avg_time=0.002723s, max_time=0.003729s, min_time=0.001916s; PUT_DATA: req_count=2, req/min=0.23, avg_time=0.001904s, max_time=0.001933s, min_time=0.001874s[32m [repeated 7x across cluster][0m
[36m(CodeTaskRunner pid=634980)[0m INFO:2026-09-05 22:08:54,291:pending: 0, running: 6, finished: 18, failure: 0
[36m(CodeTaskRunner pid=634980)[0m INFO:2026-09-05 22:09:54,346:pending: 0, running: 4, finished: 20, failure: 0
[36m(TransferQueueController pid=635460)[0m 2026-09-05 22:14:30,028 - INFO - transfer_queue.utils.perf_utils - TQ_CONTROLLER_29f74ab5: [Performance] Total success requests: 640, Total req/min: 83.33, Total avg process time: 0.0003s; 
[36m(TransferQueueController pid=635460)[0m Time range: last 7.68 minutes; 
[36m(TransferQueueController pid=635460)[0m Per-operation statistics: KV_RETRIEVE_META: req_count=202, req/min=26.30, avg_time=0.000370s, max_time=0.003221s, min_time=0.000117s; CLEAR_META: req_count=2, req/min=0.26, avg_time=0.011818s, max_time=0.023219s, min_time=0.000418s; SET_CUSTOM_META: req_count=196, req/min=25.52, avg_time=0.000015s, max_time=0.000035s, min_time=0.000006s; KV_LIST: req_count=92, req/min=11.98, avg_time=0.000053s, max_time=0.000163s, min_time=0.000028s; NOTIFY_DATA_UPDATE: req_count=147, req/min=19.14, avg_time=0.000629s, max_time=0.071716s, min_time=0.000075s; KV_RETRIEVE_KEYS: req_count=1, req/min=0.13, avg_time=0.000075s, max_time=0.000075s, min_time=0.000075s
[36m(SimpleStorageUnit pid=635544)[0m Per-operation statistics: CLEAR_DATA: req_count=2, req/min=0.26, avg_time=0.004167s, max_time=0.004744s, min_time=0.003590s; PUT_DATA: req_count=21, req/min=2.74, avg_time=0.001925s, max_time=0.003356s, min_time=0.001595s; GET_DATA: req_count=11, req/min=1.43, avg_time=0.003069s, max_time=0.003917s, min_time=0.001850s
[36m(CodeTaskRunner pid=634980)[0m Training Progress:  10%|█         | 2/20 [30:46<4:12:16, 840.89s/it] 
[36m(CodeTaskRunner pid=634980)[0m INFO:2026-09-05 22:15:30,230:pending: 0, running: 11, finished: 13, failure: 0
[36m(SimpleStorageUnit pid=635538)[0m 2026-09-05 22:14:30,038 - INFO - transfer_queue.utils.perf_utils - TQ_STORAGE_UNIT_d6660c54: [Performance] Total success requests: 34, Total req/min: 4.43, Total avg process time: 0.0023s; [32m [repeated 8x across cluster][0m
[36m(SimpleStorageUnit pid=635538)[0m Time range: last 7.68 minutes; [32m [repeated 8x across cluster][0m
[36m(SimpleStorageUnit pid=635538)[0m Per-operation statistics: CLEAR_DATA: req_count=2, req/min=0.26, avg_time=0.003705s, max_time=0.003915s, min_time=0.003496s; PUT_DATA: req_count=21, req/min=2.74, avg_time=0.001772s, max_time=0.002008s, min_time=0.001592s; GET_DATA: req_count=11, req/min=1.43, avg_time=0.002955s, max_time=0.004019s, min_time=0.001824s[32m [repeated 7x across cluster][0m
[36m(CodeTaskRunner pid=634980)[0m INFO:2026-09-05 22:16:30,288:pending: 0, running: 4, finished: 20, failure: 0
[36m(CodeTaskRunner pid=634980)[0m INFO:2026-09-05 22:17:30,341:pending: 0, running: 3, finished: 21, failure: 0
[36m(TransferQueueController pid=635460)[0m 2026-09-05 22:24:10,918 - INFO - transfer_queue.utils.perf_utils - TQ_CONTROLLER_29f74ab5: [Performance] Total success requests: 641, Total req/min: 66.21, Total avg process time: 0.0002s; 
[36m(TransferQueueController pid=635460)[0m Time range: last 9.68 minutes; 
[36m(TransferQueueController pid=635460)[0m Per-operation statistics: KV_RETRIEVE_META: req_count=202, req/min=20.86, avg_time=0.000380s, max_time=0.003666s, min_time=0.000117s; CLEAR_META: req_count=2, req/min=0.21, avg_time=0.000503s, max_time=0.000634s, min_time=0.000371s; SET_CUSTOM_META: req_count=196, req/min=20.24, avg_time=0.000015s, max_time=0.000052s, min_time=0.000006s; KV_LIST: req_count=93, req/min=9.61, avg_time=0.000056s, max_time=0.000101s, min_time=0.000029s; NOTIFY_DATA_UPDATE: req_count=147, req/min=15.18, avg_time=0.000148s, max_time=0.000356s, min_time=0.000072s; KV_RETRIEVE_KEYS: req_count=1, req/min=0.10, avg_time=0.000069s, max_time=0.000069s, min_time=0.000069s
[36m(SimpleStorageUnit pid=635544)[0m Per-operation statistics: CLEAR_DATA: req_count=2, req/min=0.21, avg_time=0.003965s, max_time=0.004496s, min_time=0.003435s; PUT_DATA: req_count=21, req/min=2.17, avg_time=0.001788s, max_time=0.002475s, min_time=0.001586s; GET_DATA: req_count=11, req/min=1.14, avg_time=0.003562s, max_time=0.004098s, min_time=0.002658s
[36m(CodeTaskRunner pid=634980)[0m Training Progress:  15%|█▌        | 3/20 [40:27<3:24:37, 722.19s/it]

[36m(vLLMHttpServer pid=716395)[0m (Worker pid=717290) WARNING 09-05 21:53:20 [jit_monitor.py:106] Triton kernel JIT compilation during inference: _fused_moe_lora_small_batch_kernel. This causes a latency spike; consider extending warmup to cover this shape/config.
[36m(vLLMHttpServer pid=716402)[0m (Worker pid=717292) WARNING 09-05 21:54:57 [jit_monitor.py:106] Triton kernel JIT compilation during inference: _fused_moe_lora_small_batch_kernel. This causes a latency spike; consider extending warmup to cover this shape/config.
[36m(CodeTaskRunner pid=634980)[0m step:1 - global_seqlen/min:3265548.0 - global_seqlen/max:3265548.0 - global_seqlen/minmax_diff:0.0 - global_seqlen/balanced_min:3265548.0 - global_seqlen/balanced_max:3265548.0 - global_seqlen/mean:3265548.0 - actor/entropy:0.2697910666465759 - actor/pg_clipfrac:0.0 - actor/ppo_kl:0.0 - actor/pg_clipfrac_lower:0.0 - actor/pg_loss:-1.0870280675590038e-08 - actor/loss:-1.4901161193847656e-08 - actor/grad_norm:0.07177734375 - actor/lr:2e-05 - actor/perf/max_memory_allocated_gb:47.299365520477295 - actor/perf/max_memory_reserved_gb:50.818359375 - actor/perf/cpu_memory_used_gb:472.7045249938965 - perf/mfu/actor:0.21234803215773584 - training/global_step:1 - training/epoch:0 - critic/score/mean:0.4460687041282654 - critic/score/max:1.0 - critic/score/min:0.0 - critic/rewards/mean:0.4460687041282654 - critic/rewards/max:1.0 - critic/rewards/min:0.0 - critic/advantages/mean:-0.11046028137207031 - critic/advantages/max:2.0411481857299805 - critic/advantages/min:-2.0412333011627197 - critic/returns/mean:-0.11046028137207031 - critic/returns/max:2.0411481857299805 - critic/returns/min:-2.0412333011627197 - response_length/mean:451.4166564941406 - response_length/max:2048.0 - response_length/min:42.0 - response_length/clip_ratio:0.0416666679084301 - response_length_non_aborted/mean:451.4166564941406 - response_length_non_aborted/max:2048.0 - response_length_non_aborted/min:42.0 - response_length_non_aborted/clip_ratio:0.0416666679084301 - response/aborted_ratio:0.0 - prompt_length/mean:22226.0 - prompt_length/max:118385.0 - prompt_length/min:113.0 - prompt_length/clip_ratio:0.0416666679084301 - timing_s/gen:302.07069554599 - timing_s/old_log_prob:192.41434649395524 - timing_s/adv:0.3170687359524891 - timing_s/update_actor:420.338385518 - timing_s/update_weights:91.33978521998506 - timing_s/step:1383.2425645470503 - timing_per_token_ms/adv:9.709510806531984e-05 - timing_per_token_ms/update_actor:0.12871909569787368 - timing_per_token_ms/gen:4.646955503445788 - perf/total_num_tokens:3265548 - perf/time_per_step:1383.2425645470503 - perf/throughput:590.1980035347814 - training/num_turns/mean:np.float64(2.0) - training/num_turns/max:np.int64(2) - training/num_turns/min:np.int64(2) - training/off_policy/trajectory_spans/mean:np.float64(1.0) - training/off_policy/trajectory_spans/max:np.int64(1) - training/off_policy/trajectory_spans/min:np.int64(1) - training/off_policy/trajectory_staleness/mean:np.float64(0.0) - training/off_policy/trajectory_staleness/max:np.int64(0) - training/off_policy/trajectory_staleness/min:np.int64(0) - training/off_policy/trajectory_staleness_worst/mean:np.float64(0.0) - training/off_policy/trajectory_staleness_worst/max:np.int64(0) - training/off_policy/trajectory_staleness_worst/min:np.int64(0)
[36m(CodeTaskRunner pid=634980)[0m step:2 - global_seqlen/min:1499774.0 - global_seqlen/max:1499774.0 - global_seqlen/minmax_diff:0.0 - global_seqlen/balanced_min:1499774.0 - global_seqlen/balanced_max:1499774.0 - global_seqlen/mean:1499774.0 - actor/entropy:0.3128645420074463 - actor/pg_clipfrac:0.0 - actor/ppo_kl:0.0 - actor/pg_clipfrac_lower:0.0 - actor/pg_loss:0.0006108955712988973 - actor/loss:0.0006108982488512993 - actor/grad_norm:0.0830078125 - actor/lr:2e-05 - actor/perf/max_memory_allocated_gb:47.299365520477295 - actor/perf/max_memory_reserved_gb:50.818359375 - actor/perf/cpu_memory_used_gb:475.73950576782227 - perf/mfu/actor:0.20457721725192818 - training/global_step:2 - training/epoch:0 - critic/score/mean:0.5262997150421143 - critic/score/max:1.0 - critic/score/min:0.0 - critic/rewards/mean:0.5262997150421143 - critic/rewards/max:1.0 - critic/rewards/min:0.0 - critic/advantages/mean:-0.19184209406375885 - critic/advantages/max:2.041231155395508 - critic/advantages/min:-2.0412347316741943 - critic/returns/mean:-0.19184209406375885 - critic/returns/max:2.041231155395508 - critic/returns/min:-2.0412347316741943 - response_length/mean:437.8055419921875 - response_length/max:2048.0 - response_length/min:53.0 - response_length/clip_ratio:0.0625 - response_length_non_aborted/mean:437.8055419921875 - response_length_non_aborted/max:2048.0 - response_length_non_aborted/min:53.0 - response_length_non_aborted/clip_ratio:0.0625 - response/aborted_ratio:0.0 - prompt_length/mean:9977.2919921875 - prompt_length/max:62289.0 - prompt_length/min:111.0 - prompt_length/clip_ratio:0.0416666679084301 - timing_s/gen:185.0124362850329 - timing_s/old_log_prob:43.563286696968134 - timing_s/adv:0.1865703830262646 - timing_s/update_actor:146.94345680100378 - timing_s/update_weights:79.50233583099907 - timing_s/step:457.13820334500633 - timing_per_token_ms/adv:0.00012439899813322848 - timing_per_token_ms/update_actor:0.0979770664120086 - timing_per_token_ms/gen:2.9346557370254565 - perf/total_num_tokens:1499774 - perf/time_per_step:457.13820334500633 - perf/throughput:820.1972560079971 - training/num_turns/mean:np.float64(2.0) - training/num_turns/max:np.int64(2) - training/num_turns/min:np.int64(2) - training/off_policy/trajectory_spans/mean:np.float64(1.0) - training/off_policy/trajectory_spans/max:np.int64(1) - training/off_policy/trajectory_spans/min:np.int64(1) - training/off_policy/trajectory_staleness/mean:np.float64(0.0) - training/off_policy/trajectory_staleness/max:np.int64(0) - training/off_policy/trajectory_staleness/min:np.int64(0) - training/off_policy/trajectory_staleness_worst/mean:np.float64(0.0) - training/off_policy/trajectory_staleness_worst/max:np.int64(0) - training/off_policy/trajectory_staleness_worst/min:np.int64(0)
[36m(CodeTaskRunner pid=634980)[0m step:3 - global_seqlen/min:1912870.0 - global_seqlen/max:1912870.0 - global_seqlen/minmax_diff:0.0 - global_seqlen/balanced_min:1912870.0 - global_seqlen/balanced_max:1912870.0 - global_seqlen/mean:1912870.0 - actor/entropy:0.28868210315704346 - actor/pg_clipfrac:0.0 - actor/ppo_kl:0.0 - actor/pg_clipfrac_lower:0.0 - actor/pg_loss:-0.0006109126843512058 - actor/loss:-0.0006109122186899185 - actor/grad_norm:0.078125 - actor/lr:2e-05 - actor/perf/max_memory_allocated_gb:47.299365520477295 - actor/perf/max_memory_reserved_gb:50.818359375 - actor/perf/cpu_memory_used_gb:477.74126052856445 - perf/mfu/actor:0.21265781312164322 - training/global_step:3 - training/epoch:0 - critic/score/mean:0.5254151821136475 - critic/score/max:1.0 - critic/score/min:0.0 - critic/rewards/mean:0.5254151821136475 - critic/rewards/max:1.0 - critic/rewards/min:0.0 - critic/advantages/mean:-0.2243889570236206 - critic/advantages/max:2.041236162185669 - critic/advantages/min:-2.041236162185669 - critic/returns/mean:-0.2243889570236206 - critic/returns/max:2.041236162185669 - critic/returns/min:-2.041236162185669 - response_length/mean:403.4861145019531 - response_length/max:2048.0 - response_length/min:47.0 - response_length/clip_ratio:0.0555555559694767 - response_length_non_aborted/mean:403.4861145019531 - response_length_non_aborted/max:2048.0 - response_length_non_aborted/min:47.0 - response_length_non_aborted/clip_ratio:0.0555555559694767 - response/aborted_ratio:0.0 - prompt_length/mean:12880.3330078125 - prompt_length/max:116996.0 - prompt_length/min:124.0 - prompt_length/clip_ratio:0.0416666679084301 - timing_s/gen:186.6865624099737 - timing_s/old_log_prob:64.82038988498971 - timing_s/adv:0.1453912669676356 - timing_s/update_actor:248.58138887997484 - timing_s/update_weights:80.34808137197979 - timing_s/step:580.7582500110148 - timing_per_token_ms/adv:7.600687290178402e-05 - timing_per_token_ms/update_actor:0.1299520557486786 - timing_per_token_ms/gen:3.213083239991286 - perf/total_num_tokens:1912870 - perf/time_per_step:580.7582500110148 - perf/throughput:823.436429858603 - training/num_turns/mean:np.float64(2.0) - training/num_turns/max:np.int64(2) - training/num_turns/min:np.int64(2) - training/off_policy/trajectory_spans/mean:np.float64(1.0) - training/off_policy/trajectory_spans/max:np.int64(1) - training/off_policy/trajectory_spans/min:np.int64(1) - training/off_policy/trajectory_staleness/mean:np.float64(0.0) - training/off_policy/trajectory_staleness/max:np.int64(0) - training/off_policy/trajectory_staleness/min:np.int64(0) - training/off_policy/trajectory_staleness_worst/mean:np.float64(0.0) - training/off_policy/trajectory_staleness_worst/max:np.int64(0) - training/off_policy/trajectory_staleness_worst/min:np.int64(0)[36m(CodeTaskRunner pid=634980)[0m INFO:2026-09-05 22:25:11,174:pending: 0, running: 9, finished: 15, failure: 0
[36m(SimpleStorageUnit pid=635538)[0m 2026-09-05 22:24:10,928 - INFO - transfer_queue.utils.perf_utils - TQ_STORAGE_UNIT_d6660c54: [Performance] Total success requests: 34, Total req/min: 3.51, Total avg process time: 0.0023s; [32m [repeated 8x across cluster][0m
[36m(SimpleStorageUnit pid=635538)[0m Time range: last 9.68 minutes; [32m [repeated 8x across cluster][0m
[36m(SimpleStorageUnit pid=635538)[0m Per-operation statistics: CLEAR_DATA: req_count=2, req/min=0.21, avg_time=0.003828s, max_time=0.003983s, min_time=0.003674s; PUT_DATA: req_count=21, req/min=2.17, avg_time=0.001748s, max_time=0.001991s, min_time=0.001588s; GET_DATA: req_count=11, req/min=1.14, avg_time=0.003168s, max_time=0.004438s, min_time=0.002102s[32m [repeated 7x across cluster][0m
[36m(CodeTaskRunner pid=634980)[0m INFO:2026-09-05 22:26:11,230:pending: 0, running: 3, finished: 21, failure: 0
[36m(TransferQueueController pid=635460)[0m 2026-09-05 22:32:44,691 - INFO - transfer_queue.utils.perf_utils - TQ_CONTROLLER_29f74ab5: [Performance] Total success requests: 637, Total req/min: 74.39, Total avg process time: 0.0002s; 
[36m(TransferQueueController pid=635460)[0m Time range: last 8.56 minutes; 
[36m(TransferQueueController pid=635460)[0m Per-operation statistics: KV_RETRIEVE_META: req_count=202, req/min=23.59, avg_time=0.000380s, max_time=0.003080s, min_time=0.000124s; CLEAR_META: req_count=2, req/min=0.23, avg_time=0.000556s, max_time=0.000570s, min_time=0.000542s; SET_CUSTOM_META: req_count=196, req/min=22.89, avg_time=0.000016s, max_time=0.000054s, min_time=0.000006s; KV_LIST: req_count=89, req/min=10.39, avg_time=0.000055s, max_time=0.000146s, min_time=0.000030s; NOTIFY_DATA_UPDATE: req_count=147, req/min=17.17, avg_time=0.000147s, max_time=0.000277s, min_time=0.000075s; KV_RETRIEVE_KEYS: req_count=1, req/min=0.12, avg_time=0.000055s, max_time=0.000055s, min_time=0.000055s
[36m(SimpleStorageUnit pid=635544)[0m Per-operation statistics: CLEAR_DATA: req_count=2, req/min=0.23, avg_time=0.003229s, max_time=0.004427s, min_time=0.002032s; PUT_DATA: req_count=21, req/min=2.45, avg_time=0.001797s, max_time=0.002680s, min_time=0.001631s; GET_DATA: req_count=11, req/min=1.28, avg_time=0.002965s, max_time=0.003450s, min_time=0.002003s
[36m(CodeTaskRunner pid=634980)[0m Training Progress:  20%|██        | 4/20 [49:00<2:50:38, 639.89s/it]
[36m(CodeTaskRunner pid=634980)[0m INFO:2026-09-05 22:33:44,889:pending: 0, running: 6, finished: 18, failure: 0
[36m(SimpleStorageUnit pid=635538)[0m 2026-09-05 22:32:44,701 - INFO - transfer_queue.utils.perf_utils - TQ_STORAGE_UNIT_d6660c54: [Performance] Total success requests: 34, Total req/min: 3.97, Total avg process time: 0.0023s; [32m [repeated 8x across cluster][0m
[36m(SimpleStorageUnit pid=635538)[0m Time range: last 8.56 minutes; [32m [repeated 8x across cluster][0m
[36m(SimpleStorageUnit pid=635538)[0m Per-operation statistics: CLEAR_DATA: req_count=2, req/min=0.23, avg_time=0.003395s, max_time=0.003985s, min_time=0.002805s; PUT_DATA: req_count=21, req/min=2.45, avg_time=0.001790s, max_time=0.002529s, min_time=0.001623s; GET_DATA: req_count=11, req/min=1.28, avg_time=0.003051s, max_time=0.004308s, min_time=0.002087s[32m [repeated 7x across cluster][0m
[36m(CodeTaskRunner pid=634980)[0m INFO:2026-09-05 22:34:44,946:pending: 0, running: 3, finished: 21, failure: 0
[36m(TransferQueueController pid=635460)[0m 2026-09-05 22:39:36,705 - INFO - transfer_queue.utils.perf_utils - TQ_CONTROLLER_29f74ab5: [Performance] Total success requests: 635, Total req/min: 92.47, Total avg process time: 0.0002s; 
[36m(TransferQueueController pid=635460)[0m Time range: last 6.87 minutes; 
[36m(TransferQueueController pid=635460)[0m Per-operation statistics: KV_RETRIEVE_META: req_count=202, req/min=29.42, avg_time=0.000381s, max_time=0.003217s, min_time=0.000118s; CLEAR_META: req_count=2, req/min=0.29, avg_time=0.000399s, max_time=0.000416s, min_time=0.000381s; SET_CUSTOM_META: req_count=196, req/min=28.54, avg_time=0.000015s, max_time=0.000045s, min_time=0.000006s; KV_LIST: req_count=87, req/min=12.67, avg_time=0.000058s, max_time=0.000157s, min_time=0.000032s; NOTIFY_DATA_UPDATE: req_count=147, req/min=21.41, avg_time=0.000154s, max_time=0.000362s, min_time=0.000083s; KV_RETRIEVE_KEYS: req_count=1, req/min=0.15, avg_time=0.000048s, max_time=0.000048s, min_time=0.000048s
[36m(SimpleStorageUnit pid=635541)[0m Per-operation statistics: CLEAR_DATA: req_count=2, req/min=0.29, avg_time=0.003503s, max_time=0.004123s, min_time=0.002884s; PUT_DATA: req_count=21, req/min=3.06, avg_time=0.001950s, max_time=0.003517s, min_time=0.001615s; GET_DATA: req_count=11, req/min=1.60, avg_time=0.002682s, max_time=0.003591s, min_time=0.002061s
[36m(CodeTaskRunner pid=634980)[0m Training Progress:  25%|██▌       | 5/20 [55:52<2:19:25, 557.71s/it]
[36m(CodeTaskRunner pid=634980)[0m INFO:2026-09-05 22:40:36,922:pending: 0, running: 7, finished: 17, failure: 0
[36m(SimpleStorageUnit pid=635545)[0m 2026-09-05 22:39:36,719 - INFO - transfer_queue.utils.perf_utils - TQ_STORAGE_UNIT_4e40756a: [Performance] Total success requests: 34, Total req/min: 4.95, Total avg process time: 0.0026s; [32m [repeated 8x across cluster][0m
[36m(SimpleStorageUnit pid=635545)[0m Time range: last 6.87 minutes; [32m [repeated 8x across cluster][0m
[36m(SimpleStorageUnit pid=635545)[0m Per-operation statistics: CLEAR_DATA: req_count=2, req/min=0.29, avg_time=0.004320s, max_time=0.004980s, min_time=0.003659s; PUT_DATA: req_count=21, req/min=3.06, avg_time=0.001934s, max_time=0.002638s, min_time=0.001655s; GET_DATA: req_count=11, req/min=1.60, avg_time=0.003433s, max_time=0.004519s, min_time=0.002253s[32m [repeated 7x across cluster][0m
[36m(CodeTaskRunner pid=634980)[0m INFO:2026-09-05 22:41:36,977:pending: 0, running: 6, finished: 18, failure: 0
[36m(CodeTaskRunner pid=634980)[0m Training Progress:  30%|███       | 6/20 [1:00:51<1:49:33, 469.50s/it]

[36m(CodeTaskRunner pid=634980)[0m step:4 - global_seqlen/min:2029142.0 - global_seqlen/max:2029142.0 - global_seqlen/minmax_diff:0.0 - global_seqlen/balanced_min:2029142.0 - global_seqlen/balanced_max:2029142.0 - global_seqlen/mean:2029142.0 - actor/entropy:0.18160760402679443 - actor/pg_clipfrac:0.0 - actor/ppo_kl:0.0 - actor/pg_clipfrac_lower:0.0 - actor/pg_loss:2.735760062932968e-09 - actor/loss:3.725290298461914e-09 - actor/grad_norm:0.07080078125 - actor/lr:2e-05 - actor/perf/max_memory_allocated_gb:47.299365520477295 - actor/perf/max_memory_reserved_gb:50.818359375 - actor/perf/cpu_memory_used_gb:478.79430389404297 - perf/mfu/actor:0.20831020940274647 - training/global_step:4 - training/epoch:0 - critic/score/mean:0.4681123197078705 - critic/score/max:1.0 - critic/score/min:0.0 - critic/rewards/mean:0.4681123197078705 - critic/rewards/max:1.0 - critic/rewards/min:0.0 - critic/advantages/mean:-0.14292165637016296 - critic/advantages/max:2.0412352085113525 - critic/advantages/min:-2.0412356853485107 - critic/returns/mean:-0.14292165637016296 - critic/returns/max:2.0412352085113525 - critic/returns/min:-2.0412356853485107 - response_length/mean:403.3888854980469 - response_length/max:2048.0 - response_length/min:102.0 - response_length/clip_ratio:0.013888888992369175 - response_length_non_aborted/mean:403.3888854980469 - response_length_non_aborted/max:2048.0 - response_length_non_aborted/min:102.0 - response_length_non_aborted/clip_ratio:0.013888888992369175 - response/aborted_ratio:0.0 - prompt_length/mean:13687.875 - prompt_length/max:62336.0 - prompt_length/min:123.0 - prompt_length/clip_ratio:0.0416666679084301 - timing_s/gen:178.67018341599032 - timing_s/old_log_prob:55.2220916239894 - timing_s/adv:0.22287404903909191 - timing_s/update_actor:198.2376389860292 - timing_s/update_weights:80.95386061898898 - timing_s/step:513.5925820330158 - timing_per_token_ms/adv:0.00010983659548670912 - timing_per_token_ms/update_actor:0.09769530125837876 - timing_per_token_ms/gen:3.0758535913784315 - perf/total_num_tokens:2029142 - perf/time_per_step:513.5925820330158 - perf/throughput:987.7196784890278 - training/num_turns/mean:np.float64(2.0) - training/num_turns/max:np.int64(2) - training/num_turns/min:np.int64(2) - training/off_policy/trajectory_spans/mean:np.float64(1.0) - training/off_policy/trajectory_spans/max:np.int64(1) - training/off_policy/trajectory_spans/min:np.int64(1) - training/off_policy/trajectory_staleness/mean:np.float64(0.0) - training/off_policy/trajectory_staleness/max:np.int64(0) - training/off_policy/trajectory_staleness/min:np.int64(0) - training/off_policy/trajectory_staleness_worst/mean:np.float64(0.0) - training/off_policy/trajectory_staleness_worst/max:np.int64(0) - training/off_policy/trajectory_staleness_worst/min:np.int64(0)
[36m(CodeTaskRunner pid=634980)[0m step:5 - global_seqlen/min:1364760.0 - global_seqlen/max:1364760.0 - global_seqlen/minmax_diff:0.0 - global_seqlen/balanced_min:1364760.0 - global_seqlen/balanced_max:1364760.0 - global_seqlen/mean:1364760.0 - actor/entropy:0.17418360710144043 - actor/pg_clipfrac:0.0 - actor/ppo_kl:0.0 - actor/pg_clipfrac_lower:0.0 - actor/pg_loss:-3.16067598760128e-08 - actor/loss:-3.166496753692627e-08 - actor/grad_norm:0.064453125 - actor/lr:2e-05 - actor/perf/max_memory_allocated_gb:47.299365520477295 - actor/perf/max_memory_reserved_gb:50.818359375 - actor/perf/cpu_memory_used_gb:479.30502700805664 - perf/mfu/actor:0.2028420980692301 - training/global_step:5 - training/epoch:0 - critic/score/mean:0.526303768157959 - critic/score/max:1.0 - critic/score/min:0.0 - critic/rewards/mean:0.526303768157959 - critic/rewards/max:1.0 - critic/rewards/min:0.0 - critic/advantages/mean:-0.06046029180288315 - critic/advantages/max:2.041232109069824 - critic/advantages/min:-2.041226387023926 - critic/returns/mean:-0.06046029180288315 - critic/returns/max:2.041232109069824 - critic/returns/min:-2.041226387023926 - response_length/mean:361.1666564941406 - response_length/max:2048.0 - response_length/min:33.0 - response_length/clip_ratio:0.02083333395421505 - response_length_non_aborted/mean:361.1666564941406 - response_length_non_aborted/max:2048.0 - response_length_non_aborted/min:33.0 - response_length_non_aborted/clip_ratio:0.02083333395421505 - response/aborted_ratio:0.0 - prompt_length/mean:9116.3330078125 - prompt_length/max:58364.0 - prompt_length/min:105.0 - prompt_length/clip_ratio:0.0416666679084301 - timing_s/gen:174.6816514119855 - timing_s/old_log_prob:35.47478781902464 - timing_s/adv:0.14960847102338448 - timing_s/update_actor:119.7608259380213 - timing_s/update_weights:81.62115846102824 - timing_s/step:411.8872887150501 - timing_per_token_ms/adv:0.0001096225497694719 - timing_per_token_ms/update_actor:0.08775229779449961 - timing_per_token_ms/gen:3.3587457970309473 - perf/total_num_tokens:1364760 - perf/time_per_step:411.8872887150501 - perf/throughput:828.3576826670183 - training/num_turns/mean:np.float64(2.0) - training/num_turns/max:np.int64(2) - training/num_turns/min:np.int64(2) - training/off_policy/trajectory_spans/mean:np.float64(1.0) - training/off_policy/trajectory_spans/max:np.int64(1) - training/off_policy/trajectory_spans/min:np.int64(1) - training/off_policy/trajectory_staleness/mean:np.float64(0.0) - training/off_policy/trajectory_staleness/max:np.int64(0) - training/off_policy/trajectory_staleness/min:np.int64(0) - training/off_policy/trajectory_staleness_worst/mean:np.float64(0.0) - training/off_policy/trajectory_staleness_worst/max:np.int64(0) - training/off_policy/trajectory_staleness_worst/min:np.int64(0)
[36m(CodeTaskRunner pid=634980)[0m step:6 - global_seqlen/min:436040.0 - global_seqlen/max:436040.0 - global_seqlen/minmax_diff:0.0 - global_seqlen/balanced_min:436040.0 - global_seqlen/balanced_max:436040.0 - global_seqlen/mean:436040.0 - actor/entropy:0.28720709681510925 - actor/pg_clipfrac:0.0 - actor/ppo_kl:0.0 - actor/pg_clipfrac_lower:0.0 - actor/pg_loss:0.0035337782464921474 - actor/loss:0.0035337787121534348 - actor/grad_norm:0.07568359375 - actor/lr:2e-05 - actor/perf/max_memory_allocated_gb:47.299365520477295 - actor/perf/max_memory_reserved_gb:50.818359375 - actor/perf/cpu_memory_used_gb:479.5517234802246 - perf/mfu/actor:0.1693393969328901 - training/global_step:6 - training/epoch:0 - critic/score/mean:0.6074599027633667 - critic/score/max:1.0 - critic/score/min:0.0 - critic/rewards/mean:0.6074599027633667 - critic/rewards/max:1.0 - critic/rewards/min:0.0 - critic/advantages/mean:-0.1767505258321762 - critic/advantages/max:2.041236162185669 - critic/advantages/min:-2.0412354469299316 - critic/returns/mean:-0.1767505258321762 - critic/returns/max:2.041236162185669 - critic/returns/min:-2.0412354469299316 - response_length/mean:450.0138854980469 - response_length/max:2048.0 - response_length/min:82.0 - response_length/clip_ratio:0.0833333358168602 - response_length_non_aborted/mean:450.0138854980469 - response_length_non_aborted/max:2048.0 - response_length_non_aborted/min:82.0 - response_length_non_aborted/clip_ratio:0.0833333358168602 - response/aborted_ratio:0.0 - prompt_length/mean:2578.041748046875 - prompt_length/max:28271.0 - prompt_length/min:124.0 - prompt_length/clip_ratio:0.0416666679084301 - timing_s/gen:173.10273943201173 - timing_s/old_log_prob:13.957005395030137 - timing_s/adv:0.09976400597952306 - timing_s/update_actor:30.58641747897491 - timing_s/update_weights:80.23290233704029 - timing_s/step:298.1777346319868 - timing_per_token_ms/adv:0.00022879553705972632 - timing_per_token_ms/update_actor:0.0701458982638632 - timing_per_token_ms/gen:2.6712561253049554 - perf/total_num_tokens:436040 - perf/time_per_step:298.1777346319868 - perf/throughput:365.5873237300597 - training/num_turns/mean:np.float64(2.0) - training/num_turns/max:np.int64(2) - training/num_turns/min:np.int64(2) - training/off_policy/trajectory_spans/mean:np.float64(1.0) - training/off_policy/trajectory_spans/max:np.int64(1) - training/off_policy/trajectory_spans/min:np.int64(1) - training/off_policy/trajectory_staleness/mean:np.float64(0.0) - training/off_policy/trajectory_staleness/max:np.int64(0) - training/off_policy/trajectory_staleness/min:np.int64(0) - training/off_policy/trajectory_staleness_worst/mean:np.float64(0.0) - training/off_policy/trajectory_staleness_worst/max:np.int64(0) - training/off_policy/trajectory_staleness_worst/min:np.int64(0)[36m(TransferQueueController pid=635460)[0m 2026-09-05 22:44:37,115 - INFO - transfer_queue.utils.perf_utils - TQ_CONTROLLER_29f74ab5: [Performance] Total success requests: 688, Total req/min: 137.41, Total avg process time: 0.0002s; 
[36m(TransferQueueController pid=635460)[0m Time range: last 5.01 minutes; 
[36m(TransferQueueController pid=635460)[0m Per-operation statistics: KV_RETRIEVE_META: req_count=228, req/min=45.54, avg_time=0.000368s, max_time=0.003071s, min_time=0.000115s; CLEAR_META: req_count=3, req/min=0.60, avg_time=0.000413s, max_time=0.000442s, min_time=0.000386s; SET_CUSTOM_META: req_count=221, req/min=44.14, avg_time=0.000015s, max_time=0.000044s, min_time=0.000006s; KV_LIST: req_count=88, req/min=17.58, avg_time=0.000059s, max_time=0.000178s, min_time=0.000020s; NOTIFY_DATA_UPDATE: req_count=147, req/min=29.36, avg_time=0.000151s, max_time=0.000307s, min_time=0.000077s; KV_RETRIEVE_KEYS: req_count=1, req/min=0.20, avg_time=0.000048s, max_time=0.000048s, min_time=0.000048s
[36m(SimpleStorageUnit pid=635541)[0m Per-operation statistics: CLEAR_DATA: req_count=3, req/min=0.57, avg_time=0.003398s, max_time=0.004151s, min_time=0.002896s; PUT_DATA: req_count=22, req/min=4.21, avg_time=0.001781s, max_time=0.002179s, min_time=0.001611s; GET_DATA: req_count=11, req/min=2.10, avg_time=0.002831s, max_time=0.003889s, min_time=0.001964s
[36m(SimpleStorageUnit pid=635541)[0m 2026-09-05 22:44:50,441 - INFO - transfer_queue.utils.perf_utils - TQ_STORAGE_UNIT_2aca511c: [Performance] Total success requests: 36, Total req/min: 6.88, Total avg process time: 0.0022s; 
[36m(SimpleStorageUnit pid=635541)[0m Time range: last 5.23 minutes; 
[36m(SimpleStorageUnit pid=635540)[0m 2026-09-05 22:44:50,628 - INFO - transfer_queue.utils.perf_utils - TQ_STORAGE_UNIT_ad605333: [Performance] Total success requests: 36, Total req/min: 6.88, Total avg process time: 0.0024s; 
[36m(SimpleStorageUnit pid=635540)[0m Time range: last 5.23 minutes; 
[36m(CodeTaskRunner pid=634980)[0m INFO:2026-09-05 22:45:35,166:pending: 0, running: 14, finished: 10, failure: 0
[36m(SimpleStorageUnit pid=635544)[0m Per-operation statistics: CLEAR_DATA: req_count=3, req/min=0.57, avg_time=0.003907s, max_time=0.004573s, min_time=0.003089s; PUT_DATA: req_count=22, req/min=4.18, avg_time=0.001932s, max_time=0.003436s, min_time=0.001682s; GET_DATA: req_count=11, req/min=2.09, avg_time=0.003133s, max_time=0.004133s, min_time=0.002059s[32m [repeated 7x across cluster][0m
[36m(SimpleStorageUnit pid=635544)[0m 2026-09-05 22:44:52,673 - INFO - transfer_queue.utils.perf_utils - TQ_STORAGE_UNIT_37a168d2: [Performance] Total success requests: 36, Total req/min: 6.84, Total avg process time: 0.0025s; [32m [repeated 6x across cluster][0m
[36m(SimpleStorageUnit pid=635544)[0m Time range: last 5.27 minutes; [32m [repeated 6x across cluster][0m
[36m(CodeTaskRunner pid=634980)[0m INFO:2026-09-05 22:46:35,223:pending: 0, running: 4, finished: 20, failure: 0
[36m(CodeTaskRunner pid=634980)[0m INFO:2026-09-05 22:47:35,278:pending: 0, running: 1, finished: 23, failure: 0
[36m(CodeTaskRunner pid=634980)[0m INFO:2026-09-05 22:48:35,332:pending: 0, running: 1, finished: 23, failure: 0
[36m(CodeTaskRunner pid=634980)[0m INFO:2026-09-05 22:49:35,388:pending: 0, running: 1, finished: 23, failure: 0
[36m(TransferQueueController pid=635460)[0m 2026-09-05 22:49:37,391 - INFO - transfer_queue.utils.perf_utils - TQ_CONTROLLER_29f74ab5: [Performance] Total success requests: 619, Total req/min: 123.69, Total avg process time: 0.0001s; 
[36m(TransferQueueController pid=635460)[0m Time range: last 5.00 minutes; 
[36m(TransferQueueController pid=635460)[0m Per-operation statistics: KV_LIST: req_count=150, req/min=29.97, avg_time=0.000055s, max_time=0.000081s, min_time=0.000034s; KV_RETRIEVE_META: req_count=164, req/min=32.77, avg_time=0.000291s, max_time=0.000617s, min_time=0.000149s; NOTIFY_DATA_UPDATE: req_count=141, req/min=28.17, avg_time=0.000152s, max_time=0.000352s, min_time=0.000076s; SET_CUSTOM_META: req_count=164, req/min=32.77, avg_time=0.000015s, max_time=0.000047s, min_time=0.000009s
[36m(CodeTaskRunner pid=634980)[0m INFO:2026-09-05 22:50:35,450:pending: 0, running: 1, finished: 23, failure: 0
[36m(CodeTaskRunner pid=634980)[0m INFO:2026-09-05 22:51:35,509:pending: 0, running: 1, finished: 23, failure: 0
[36m(CodeTaskRunner pid=634980)[0m INFO:2026-09-05 22:52:35,564:pending: 0, running: 1, finished: 23, failure: 0
[36m(CodeTaskRunner pid=634980)[0m INFO:2026-09-05 22:53:35,617:pending: 0, running: 1, finished: 23, failure: 0
[36m(CodeTaskRunner pid=634980)[0m INFO:2026-09-05 22:54:35,671:pending: 0, running: 1, finished: 23, failure: 0
[36m(TransferQueueController pid=635460)[0m 2026-09-05 22:54:37,674 - INFO - transfer_queue.utils.perf_utils - TQ_CONTROLLER_29f74ab5: [Performance] Total success requests: 150, Total req/min: 29.97, Total avg process time: 0.0001s; 
[36m(TransferQueueController pid=635460)[0m Time range: last 5.00 minutes; 
[36m(TransferQueueController pid=635460)[0m Per-operation statistics: KV_LIST: req_count=150, req/min=29.97, avg_time=0.000055s, max_time=0.000171s, min_time=0.000040s
[36m(CodeTaskRunner pid=634980)[0m INFO:2026-09-05 22:55:35,724:pending: 0, running: 1, finished: 23, failure: 0
[36m(CodeTaskRunner pid=634980)[0m INFO:2026-09-05 22:56:35,776:pending: 0, running: 1, finished: 23, failure: 0
[36m(CodeTaskRunner pid=634980)[0m INFO:2026-09-05 22:57:35,828:pending: 0, running: 1, finished: 23, failure: 0
[36m(CodeTaskRunner pid=634980)[0m INFO:2026-09-05 22:58:35,881:pending: 0, running: 1, finished: 23, failure: 0
[36m(CodeTaskRunner pid=634980)[0m INFO:2026-09-05 22:59:35,934:pending: 0, running: 1, finished: 23, failure: 0
[36m(TransferQueueController pid=635460)[0m 2026-09-05 22:59:37,936 - INFO - transfer_queue.utils.perf_utils - TQ_CONTROLLER_29f74ab5: [Performance] Total success requests: 150, Total req/min: 29.97, Total avg process time: 0.0001s; 
[36m(TransferQueueController pid=635460)[0m Time range: last 5.00 minutes; 
[36m(TransferQueueController pid=635460)[0m Per-operation statistics: KV_LIST: req_count=150, req/min=29.97, avg_time=0.000054s, max_time=0.000071s, min_time=0.000045s
[36m(SimpleStorageUnit pid=635542)[0m Per-operation statistics: PUT_DATA: req_count=17, req/min=1.12, avg_time=0.001719s, max_time=0.002069s, min_time=0.001617s
[36m(SimpleStorageUnit pid=635542)[0m 2026-09-05 23:00:01,362 - INFO - transfer_queue.utils.perf_utils - TQ_STORAGE_UNIT_3a5866f2: [Performance] Total success requests: 17, Total req/min: 1.12, Total avg process time: 0.0017s; 
[36m(SimpleStorageUnit pid=635542)[0m Time range: last 15.15 minutes; 
[36m(SimpleStorageUnit pid=635545)[0m 2026-09-05 23:00:08,506 - INFO - transfer_queue.utils.perf_utils - TQ_STORAGE_UNIT_4e40756a: [Performance] Total success requests: 17, Total req/min: 1.11, Total avg process time: 0.0018s; 
[36m(SimpleStorageUnit pid=635545)[0m Time range: last 15.27 minutes; 
[36m(SimpleStorageUnit pid=635545)[0m Per-operation statistics: PUT_DATA: req_count=17, req/min=1.11, avg_time=0.001825s, max_time=0.002103s, min_time=0.001709s
[36m(SimpleStorageUnit pid=635544)[0m Per-operation statistics: PUT_DATA: req_count=17, req/min=1.11, avg_time=0.002002s, max_time=0.003435s, min_time=0.001605s
[36m(SimpleStorageUnit pid=635544)[0m 2026-09-05 23:00:15,364 - INFO - transfer_queue.utils.perf_utils - TQ_STORAGE_UNIT_37a168d2: [Performance] Total success requests: 17, Total req/min: 1.11, Total avg process time: 0.0020s; 
[36m(SimpleStorageUnit pid=635544)[0m Time range: last 15.38 minutes; 
[36m(SimpleStorageUnit pid=635539)[0m 2026-09-05 23:00:15,979 - INFO - transfer_queue.utils.perf_utils - TQ_STORAGE_UNIT_6ce8b8d9: [Performance] Total success requests: 18, Total req/min: 1.17, Total avg process time: 0.0019s; 
[36m(SimpleStorageUnit pid=635539)[0m Time range: last 15.40 minutes; 
[36m(SimpleStorageUnit pid=635539)[0m Per-operation statistics: PUT_DATA: req_count=17, req/min=1.10, avg_time=0.001892s, max_time=0.002922s, min_time=0.001687s; CLEAR_DATA: req_count=1, req/min=0.06, avg_time=0.002639s, max_time=0.002639s, min_time=0.002639s
[36m(CodeTaskRunner pid=634980)[0m Training Progress:  35%|███▌      | 7/20 [1:20:28<2:31:52, 700.97s/it]
[36m(SimpleStorageUnit pid=635538)[0m 2026-09-05 23:00:15,979 - INFO - transfer_queue.utils.perf_utils - TQ_STORAGE_UNIT_d6660c54: [Performance] Total success requests: 18, Total req/min: 1.17, Total avg process time: 0.0019s; [32m [repeated 4x across cluster][0m
[36m(SimpleStorageUnit pid=635538)[0m Time range: last 15.42 minutes; [32m [repeated 4x across cluster][0m
[36m(SimpleStorageUnit pid=635538)[0m Per-operation statistics: PUT_DATA: req_count=17, req/min=1.10, avg_time=0.001825s, max_time=0.002024s, min_time=0.001708s; CLEAR_DATA: req_count=1, req/min=0.06, avg_time=0.002857s, max_time=0.002857s, min_time=0.002857s[32m [repeated 4x across cluster][0m
[36m(TransferQueueController pid=635460)[0m Per-operation statistics: KV_LIST: req_count=32, req/min=6.40, avg_time=0.000051s, max_time=0.000123s, min_time=0.000020s; KV_RETRIEVE_META: req_count=68, req/min=13.60, avg_time=0.000604s, max_time=0.004657s, min_time=0.000118s; NOTIFY_DATA_UPDATE: req_count=34, req/min=6.80, avg_time=0.000157s, max_time=0.000279s, min_time=0.000090s; SET_CUSTOM_META: req_count=61, req/min=12.20, avg_time=0.000016s, max_time=0.000037s, min_time=0.000008s; CLEAR_META: req_count=2, req/min=0.40, avg_time=0.000482s, max_time=0.000509s, min_time=0.000456s; KV_RETRIEVE_KEYS: req_count=1, req/min=0.20, avg_time=0.000052s, max_time=0.000052s, min_time=0.000052s
[36m(TransferQueueController pid=635460)[0m 2026-09-05 23:04:37,937 - INFO - transfer_queue.utils.perf_utils - TQ_CONTROLLER_29f74ab5: [Performance] Total success requests: 198, Total req/min: 39.60, Total avg process time: 0.0003s; 
[36m(TransferQueueController pid=635460)[0m Time range: last 5.00 minutes; 
[36m(SimpleStorageUnit pid=635542)[0m 2026-09-05 23:05:07,866 - INFO - transfer_queue.utils.perf_utils - TQ_STORAGE_UNIT_3a5866f2: [Performance] Total success requests: 31, Total req/min: 6.07, Total avg process time: 0.0027s; 
[36m(SimpleStorageUnit pid=635542)[0m Time range: last 5.11 minutes; 
[36m(SimpleStorageUnit pid=635542)[0m Per-operation statistics: CLEAR_DATA: req_count=2, req/min=0.39, avg_time=0.003392s, max_time=0.004228s, min_time=0.002555s; GET_DATA: req_count=11, req/min=2.15, avg_time=0.003684s, max_time=0.004649s, min_time=0.002739s; PUT_DATA: req_count=18, req/min=3.52, avg_time=0.002009s, max_time=0.003099s, min_time=0.001612s
[36m(CodeTaskRunner pid=634980)[0m INFO:2026-09-05 23:05:12,702:pending: 0, running: 10, finished: 14, failure: 0
[36m(SimpleStorageUnit pid=635545)[0m 2026-09-05 23:05:15,187 - INFO - transfer_queue.utils.perf_utils - TQ_STORAGE_UNIT_4e40756a: [Performance] Total success requests: 32, Total req/min: 6.26, Total avg process time: 0.0026s; 
[36m(SimpleStorageUnit pid=635545)[0m Time range: last 5.11 minutes; 
[36m(SimpleStorageUnit pid=635545)[0m Per-operation statistics: CLEAR_DATA: req_count=2, req/min=0.39, avg_time=0.003260s, max_time=0.004523s, min_time=0.001997s; GET_DATA: req_count=11, req/min=2.15, avg_time=0.003566s, max_time=0.004478s, min_time=0.002664s; PUT_DATA: req_count=19, req/min=3.72, avg_time=0.002050s, max_time=0.003003s, min_time=0.001642s
[36m(SimpleStorageUnit pid=635544)[0m 2026-09-05 23:05:15,997 - INFO - transfer_queue.utils.perf_utils - TQ_STORAGE_UNIT_37a168d2: [Performance] Total success requests: 32, Total req/min: 6.39, Total avg process time: 0.0024s; 
[36m(SimpleStorageUnit pid=635544)[0m Time range: last 5.01 minutes; 
[36m(SimpleStorageUnit pid=635544)[0m Per-operation statistics: CLEAR_DATA: req_count=2, req/min=0.40, avg_time=0.003402s, max_time=0.004163s, min_time=0.002641s; GET_DATA: req_count=11, req/min=2.20, avg_time=0.003271s, max_time=0.004064s, min_time=0.002093s; PUT_DATA: req_count=19, req/min=3.79, avg_time=0.001752s, max_time=0.002440s, min_time=0.001588s
[36m(SimpleStorageUnit pid=635541)[0m Per-operation statistics: GET_DATA: req_count=11, req/min=2.19, avg_time=0.003048s, max_time=0.004875s, min_time=0.002345s; PUT_DATA: req_count=20, req/min=3.98, avg_time=0.001863s, max_time=0.003364s, min_time=0.001615s; CLEAR_DATA: req_count=1, req/min=0.20, avg_time=0.003655s, max_time=0.003655s, min_time=0.003655s
[36m(SimpleStorageUnit pid=635538)[0m 2026-09-05 23:05:22,456 - INFO - transfer_queue.utils.perf_utils - TQ_STORAGE_UNIT_d6660c54: [Performance] Total success requests: 32, Total req/min: 6.26, Total avg process time: 0.0023s; [32m [repeated 2x across cluster][0m
[36m(SimpleStorageUnit pid=635538)[0m Time range: last 5.11 minutes; [32m [repeated 2x across cluster][0m
[36m(SimpleStorageUnit pid=635538)[0m Per-operation statistics: GET_DATA: req_count=11, req/min=2.15, avg_time=0.003242s, max_time=0.004990s, min_time=0.001928s; PUT_DATA: req_count=20, req/min=3.92, avg_time=0.001744s, max_time=0.002072s, min_time=0.001610s; CLEAR_DATA: req_count=1, req/min=0.20, avg_time=0.003771s, max_time=0.003771s, min_time=0.003771s
[36m(SimpleStorageUnit pid=635540)[0m Per-operation statistics: GET_DATA: req_count=11, req/min=2.14, avg_time=0.003527s, max_time=0.004980s, min_time=0.002351s; PUT_DATA: req_count=20, req/min=3.88, avg_time=0.001790s, max_time=0.002558s, min_time=0.001617s; CLEAR_DATA: req_count=1, req/min=0.19, avg_time=0.004026s, max_time=0.004026s, min_time=0.004026s
[36m(SimpleStorageUnit pid=635543)[0m 2026-09-05 23:05:28,554 - INFO - transfer_queue.utils.perf_utils - TQ_STORAGE_UNIT_53e03133: [Performance] Total success requests: 32, Total req/min: 6.14, Total avg process time: 0.0028s; [32m [repeated 2x across cluster][0m
[36m(SimpleStorageUnit pid=635543)[0m Time range: last 5.21 minutes; [32m [repeated 2x across cluster][0m
[36m(SimpleStorageUnit pid=635539)[0m Per-operation statistics: GET_DATA: req_count=11, req/min=2.08, avg_time=0.003914s, max_time=0.005083s, min_time=0.002470s; PUT_DATA: req_count=20, req/min=3.77, avg_time=0.001906s, max_time=0.003452s, min_time=0.001612s; CLEAR_DATA: req_count=1, req/min=0.19, avg_time=0.004853s, max_time=0.004853s, min_time=0.004853s[32m [repeated 2x across cluster][0m
[36m(SimpleStorageUnit pid=635539)[0m 2026-09-05 23:05:33,980 - INFO - transfer_queue.utils.perf_utils - TQ_STORAGE_UNIT_6ce8b8d9: [Performance] Total success requests: 32, Total req/min: 6.04, Total avg process time: 0.0027s; 
[36m(SimpleStorageUnit pid=635539)[0m Time range: last 5.30 minutes; 
[36m(CodeTaskRunner pid=634980)[0m INFO:2026-09-05 23:06:12,756:pending: 0, running: 3, finished: 21, failure: 0
[36m(TransferQueueController pid=635460)[0m 2026-09-05 23:12:24,930 - INFO - transfer_queue.utils.perf_utils - TQ_CONTROLLER_29f74ab5: [Performance] Total success requests: 486, Total req/min: 62.44, Total avg process time: 0.0003s; 
[36m(TransferQueueController pid=635460)[0m Time range: last 7.78 minutes; 
[36m(TransferQueueController pid=635460)[0m Per-operation statistics: NOTIFY_DATA_UPDATE: req_count=119, req/min=15.29, avg_time=0.000144s, max_time=0.000297s, min_time=0.000075s; SET_CUSTOM_META: req_count=142, req/min=18.24, avg_time=0.000016s, max_time=0.000047s, min_time=0.000008s; KV_RETRIEVE_META: req_count=146, req/min=18.76, avg_time=0.000770s, max_time=0.055282s, min_time=0.000162s; KV_LIST: req_count=77, req/min=9.89, avg_time=0.000057s, max_time=0.000122s, min_time=0.000042s; CLEAR_META: req_count=1, req/min=0.13, avg_time=0.000433s, max_time=0.000433s, min_time=0.000433s; KV_RETRIEVE_KEYS: req_count=1, req/min=0.13, avg_time=0.000044s, max_time=0.000044s, min_time=0.000044s
[36m(SimpleStorageUnit pid=635544)[0m Per-operation statistics: PUT_DATA: req_count=5, req/min=0.70, avg_time=0.001985s, max_time=0.002372s, min_time=0.001679s; CLEAR_DATA: req_count=1, req/min=0.14, avg_time=0.003606s, max_time=0.003606s, min_time=0.003606s; GET_DATA: req_count=11, req/min=1.54, avg_time=0.003296s, max_time=0.003995s, min_time=0.001971s
[36m(CodeTaskRunner pid=634980)[0m Training Progress:  40%|████      | 8/20 [1:28:41<2:06:55, 634.61s/it]
[36m(CodeTaskRunner pid=634980)[0m INFO:2026-09-05 23:13:25,378:pending: 0, running: 9, finished: 15, failure: 0
[36m(SimpleStorageUnit pid=635538)[0m 2026-09-05 23:12:24,943 - INFO - transfer_queue.utils.perf_utils - TQ_STORAGE_UNIT_d6660c54: [Performance] Total success requests: 16, Total req/min: 2.27, Total avg process time: 0.0028s; [32m [repeated 8x across cluster][0m
[36m(SimpleStorageUnit pid=635538)[0m Time range: last 7.04 minutes; [32m [repeated 8x across cluster][0m
[36m(SimpleStorageUnit pid=635538)[0m Per-operation statistics: PUT_DATA: req_count=4, req/min=0.57, avg_time=0.001964s, max_time=0.002294s, min_time=0.001751s; CLEAR_DATA: req_count=1, req/min=0.14, avg_time=0.004110s, max_time=0.004110s, min_time=0.004110s; GET_DATA: req_count=11, req/min=1.56, avg_time=0.003029s, max_time=0.004667s, min_time=0.002001s[32m [repeated 7x across cluster][0m
[36m(CodeTaskRunner pid=634980)[0m INFO:2026-09-05 23:14:25,431:pending: 0, running: 4, finished: 20, failure: 0
[36m(TransferQueueController pid=635460)[0m 2026-09-05 23:19:07,896 - INFO - transfer_queue.utils.perf_utils - TQ_CONTROLLER_29f74ab5: [Performance] Total success requests: 636, Total req/min: 94.70, Total avg process time: 0.0002s; 
[36m(TransferQueueController pid=635460)[0m Time range: last 6.72 minutes; 
[36m(TransferQueueController pid=635460)[0m Per-operation statistics: KV_RETRIEVE_META: req_count=202, req/min=30.08, avg_time=0.000372s, max_time=0.003169s, min_time=0.000117s; CLEAR_META: req_count=2, req/min=0.30, avg_time=0.000401s, max_time=0.000429s, min_time=0.000373s; SET_CUSTOM_META: req_count=196, req/min=29.18, avg_time=0.000015s, max_time=0.000089s, min_time=0.000006s; KV_LIST: req_count=88, req/min=13.10, avg_time=0.000053s, max_time=0.000092s, min_time=0.000034s; NOTIFY_DATA_UPDATE: req_count=147, req/min=21.89, avg_time=0.000145s, max_time=0.000266s, min_time=0.000068s; KV_RETRIEVE_KEYS: req_count=1, req/min=0.15, avg_time=0.000045s, max_time=0.000045s, min_time=0.000045s
[36m(SimpleStorageUnit pid=635544)[0m Per-operation statistics: CLEAR_DATA: req_count=2, req/min=0.30, avg_time=0.004553s, max_time=0.004603s, min_time=0.004503s; PUT_DATA: req_count=21, req/min=3.13, avg_time=0.001874s, max_time=0.002544s, min_time=0.001654s; GET_DATA: req_count=11, req/min=1.64, avg_time=0.003647s, max_time=0.004374s, min_time=0.002431s
[36m(CodeTaskRunner pid=634980)[0m Training Progress:  45%|████▌     | 9/20 [1:35:24<1:43:03, 562.18s/it]

[36m(CodeTaskRunner pid=634980)[0m step:7 - global_seqlen/min:1484701.0 - global_seqlen/max:1484701.0 - global_seqlen/minmax_diff:0.0 - global_seqlen/balanced_min:1484701.0 - global_seqlen/balanced_max:1484701.0 - global_seqlen/mean:1484701.0 - actor/entropy:0.14070886373519897 - actor/pg_clipfrac:0.0 - actor/ppo_kl:0.0 - actor/pg_clipfrac_lower:0.0 - actor/pg_loss:-7.916241884231567e-09 - actor/loss:-8.381903171539307e-09 - actor/grad_norm:0.043701171875 - actor/lr:2e-05 - actor/perf/max_memory_allocated_gb:47.299365520477295 - actor/perf/max_memory_reserved_gb:50.818359375 - actor/perf/cpu_memory_used_gb:479.9677734375 - perf/mfu/actor:0.1999280511592602 - training/global_step:7 - training/epoch:0 - critic/score/mean:0.5466312170028687 - critic/score/max:1.0 - critic/score/min:0.0 - critic/rewards/mean:0.5466312170028687 - critic/rewards/max:1.0 - critic/rewards/min:0.0 - critic/advantages/mean:-0.1300545632839203 - critic/advantages/max:2.0411415100097656 - critic/advantages/min:-2.041236162185669 - critic/returns/mean:-0.1300545632839203 - critic/returns/max:2.0411415100097656 - critic/returns/min:-2.041236162185669 - response_length/mean:452.1736145019531 - response_length/max:2048.0 - response_length/min:83.0 - response_length/clip_ratio:0.0416666679084301 - response_length_non_aborted/mean:452.1736145019531 - response_length_non_aborted/max:2048.0 - response_length_non_aborted/min:83.0 - response_length_non_aborted/clip_ratio:0.0416666679084301 - response/aborted_ratio:0.0 - prompt_length/mean:9858.25 - prompt_length/max:58054.0 - prompt_length/min:136.0 - prompt_length/clip_ratio:0.0416666679084301 - timing_s/gen:943.5466501230258 - timing_s/old_log_prob:35.49243631301215 - timing_s/adv:0.25585899699945003 - timing_s/update_actor:116.47632277198136 - timing_s/update_weights:81.30509117798647 - timing_s/step:1177.4082280590083 - timing_per_token_ms/adv:0.000172330319033563 - timing_per_token_ms/update_actor:0.07845103005385014 - timing_per_token_ms/gen:14.490910419164003 - perf/total_num_tokens:1484701 - perf/time_per_step:1177.4082280590083 - perf/throughput:315.2477120122502 - training/num_turns/mean:np.float64(2.0) - training/num_turns/max:np.int64(2) - training/num_turns/min:np.int64(2) - training/off_policy/trajectory_spans/mean:np.float64(1.0) - training/off_policy/trajectory_spans/max:np.int64(1) - training/off_policy/trajectory_spans/min:np.int64(1) - training/off_policy/trajectory_staleness/mean:np.float64(0.0) - training/off_policy/trajectory_staleness/max:np.int64(0) - training/off_policy/trajectory_staleness/min:np.int64(0) - training/off_policy/trajectory_staleness_worst/mean:np.float64(0.0) - training/off_policy/trajectory_staleness_worst/max:np.int64(0) - training/off_policy/trajectory_staleness_worst/min:np.int64(0)
[36m(CodeTaskRunner pid=634980)[0m step:8 - global_seqlen/min:2037088.0 - global_seqlen/max:2037088.0 - global_seqlen/minmax_diff:0.0 - global_seqlen/balanced_min:2037088.0 - global_seqlen/balanced_max:2037088.0 - global_seqlen/mean:2037088.0 - actor/entropy:0.16322463750839233 - actor/pg_clipfrac:0.0 - actor/ppo_kl:0.0 - actor/pg_clipfrac_lower:0.0 - actor/pg_loss:0.00233128311811015 - actor/loss:0.0023312820121645927 - actor/grad_norm:0.04638671875 - actor/lr:2e-05 - actor/perf/max_memory_allocated_gb:47.299365520477295 - actor/perf/max_memory_reserved_gb:50.818359375 - actor/perf/cpu_memory_used_gb:480.353946685791 - perf/mfu/actor:0.20528825811283616 - training/global_step:8 - training/epoch:0 - critic/score/mean:0.5463351607322693 - critic/score/max:1.0 - critic/score/min:0.0 - critic/rewards/mean:0.5463351607322693 - critic/rewards/max:1.0 - critic/rewards/min:0.0 - critic/advantages/mean:-0.12639719247817993 - critic/advantages/max:2.0412356853485107 - critic/advantages/min:-2.041236162185669 - critic/returns/mean:-0.12639719247817993 - critic/returns/max:2.0412356853485107 - critic/returns/min:-2.041236162185669 - response_length/mean:412.52777099609375 - response_length/max:2048.0 - response_length/min:82.0 - response_length/clip_ratio:0.0486111119389534 - response_length_non_aborted/mean:412.52777099609375 - response_length_non_aborted/max:2048.0 - response_length_non_aborted/min:82.0 - response_length_non_aborted/clip_ratio:0.0486111119389534 - response/aborted_ratio:0.0 - prompt_length/mean:13733.9169921875 - prompt_length/max:75653.0 - prompt_length/min:132.0 - prompt_length/clip_ratio:0.0416666679084301 - timing_s/gen:180.66807031497592 - timing_s/old_log_prob:49.42024505301379 - timing_s/adv:0.1309641939587891 - timing_s/update_actor:182.67009771696758 - timing_s/update_weights:79.15348402300151 - timing_s/step:492.2035440800246 - timing_per_token_ms/adv:6.428990498141912e-05 - timing_per_token_ms/update_actor:0.089672168171904 - timing_per_token_ms/gen:3.0413452009119912 - perf/total_num_tokens:2037088 - perf/time_per_step:492.2035440800246 - perf/throughput:1034.6776371793055 - training/num_turns/mean:np.float64(2.0) - training/num_turns/max:np.int64(2) - training/num_turns/min:np.int64(2) - training/off_policy/trajectory_spans/mean:np.float64(1.0) - training/off_policy/trajectory_spans/max:np.int64(1) - training/off_policy/trajectory_spans/min:np.int64(1) - training/off_policy/trajectory_staleness/mean:np.float64(0.0) - training/off_policy/trajectory_staleness/max:np.int64(0) - training/off_policy/trajectory_staleness/min:np.int64(0) - training/off_policy/trajectory_staleness_worst/mean:np.float64(0.0) - training/off_policy/trajectory_staleness_worst/max:np.int64(0) - training/off_policy/trajectory_staleness_worst/min:np.int64(0)
[36m(CodeTaskRunner pid=634980)[0m step:9 - global_seqlen/min:1303924.0 - global_seqlen/max:1303924.0 - global_seqlen/minmax_diff:0.0 - global_seqlen/balanced_min:1303924.0 - global_seqlen/balanced_max:1303924.0 - global_seqlen/mean:1303924.0 - actor/entropy:0.23886476457118988 - actor/pg_clipfrac:0.0 - actor/ppo_kl:0.0 - actor/pg_clipfrac_lower:0.0 - actor/pg_loss:-1.635635271668434e-08 - actor/loss:-1.6763806343078613e-08 - actor/grad_norm:0.07763671875 - actor/lr:2e-05 - actor/perf/max_memory_allocated_gb:47.299365520477295 - actor/perf/max_memory_reserved_gb:50.818359375 - actor/perf/cpu_memory_used_gb:480.57629776000977 - perf/mfu/actor:0.2043439641047214 - training/global_step:9 - training/epoch:0 - critic/score/mean:0.5814512968063354 - critic/score/max:1.0 - critic/score/min:0.0 - critic/rewards/mean:0.5814512968063354 - critic/rewards/max:1.0 - critic/rewards/min:0.0 - critic/advantages/mean:-0.07106366753578186 - critic/advantages/max:2.041231155395508 - critic/advantages/min:-2.0412356853485107 - critic/returns/mean:-0.07106366753578186 - critic/returns/max:2.041231155395508 - critic/returns/min:-2.0412356853485107 - response_length/mean:466.4861145019531 - response_length/max:2048.0 - response_length/min:46.0 - response_length/clip_ratio:0.0833333358168602 - response_length_non_aborted/mean:466.4861145019531 - response_length_non_aborted/max:2048.0 - response_length_non_aborted/min:46.0 - response_length_non_aborted/clip_ratio:0.0833333358168602 - response/aborted_ratio:0.0 - prompt_length/mean:8588.5419921875 - prompt_length/max:62216.0 - prompt_length/min:106.0 - prompt_length/clip_ratio:0.0416666679084301 - timing_s/gen:176.83373417303665 - timing_s/old_log_prob:33.18365332297981 - timing_s/adv:0.14244324498577043 - timing_s/update_actor:112.66870756098069 - timing_s/update_weights:79.72797194099985 - timing_s/step:402.76116787001956 - timing_per_token_ms/adv:0.00010924198418448501 - timing_per_token_ms/update_actor:0.08640741911413602 - timing_per_token_ms/gen:2.632472893873175 - perf/total_num_tokens:1303924 - perf/time_per_step:402.76116787001956 - perf/throughput:809.3655148631451 - training/num_turns/mean:np.float64(2.0) - training/num_turns/max:np.int64(2) - training/num_turns/min:np.int64(2) - training/off_policy/trajectory_spans/mean:np.float64(1.0) - training/off_policy/trajectory_spans/max:np.int64(1) - training/off_policy/trajectory_spans/min:np.int64(1) - training/off_policy/trajectory_staleness/mean:np.float64(0.0) - training/off_policy/trajectory_staleness/max:np.int64(0) - training/off_policy/trajectory_staleness/min:np.int64(0) - training/off_policy/trajectory_staleness_worst/mean:np.float64(0.0) - training/off_policy/trajectory_staleness_worst/max:np.int64(0) - training/off_policy/trajectory_staleness_worst/min:np.int64(0)[36m(CodeTaskRunner pid=634980)[0m INFO:2026-09-05 23:20:08,133:pending: 0, running: 6, finished: 18, failure: 0
[36m(SimpleStorageUnit pid=635538)[0m 2026-09-05 23:19:07,908 - INFO - transfer_queue.utils.perf_utils - TQ_STORAGE_UNIT_d6660c54: [Performance] Total success requests: 34, Total req/min: 5.06, Total avg process time: 0.0026s; [32m [repeated 8x across cluster][0m
[36m(SimpleStorageUnit pid=635538)[0m Time range: last 6.72 minutes; [32m [repeated 8x across cluster][0m
[36m(SimpleStorageUnit pid=635538)[0m Per-operation statistics: CLEAR_DATA: req_count=2, req/min=0.30, avg_time=0.004310s, max_time=0.004329s, min_time=0.004291s; PUT_DATA: req_count=21, req/min=3.13, avg_time=0.001986s, max_time=0.003232s, min_time=0.001659s; GET_DATA: req_count=11, req/min=1.64, avg_time=0.003613s, max_time=0.004749s, min_time=0.002021s[32m [repeated 7x across cluster][0m
[36m(CodeTaskRunner pid=634980)[0m INFO:2026-09-05 23:21:08,191:pending: 0, running: 5, finished: 19, failure: 0
[36m(TransferQueueController pid=635460)[0m 2026-09-05 23:25:01,839 - INFO - transfer_queue.utils.perf_utils - TQ_CONTROLLER_29f74ab5: [Performance] Total success requests: 635, Total req/min: 107.64, Total avg process time: 0.0002s; 
[36m(TransferQueueController pid=635460)[0m Time range: last 5.90 minutes; 
[36m(TransferQueueController pid=635460)[0m Per-operation statistics: KV_RETRIEVE_META: req_count=202, req/min=34.24, avg_time=0.000378s, max_time=0.003077s, min_time=0.000119s; CLEAR_META: req_count=2, req/min=0.34, avg_time=0.000442s, max_time=0.000509s, min_time=0.000375s; SET_CUSTOM_META: req_count=196, req/min=33.23, avg_time=0.000016s, max_time=0.000044s, min_time=0.000007s; KV_LIST: req_count=87, req/min=14.75, avg_time=0.000063s, max_time=0.000209s, min_time=0.000027s; NOTIFY_DATA_UPDATE: req_count=147, req/min=24.92, avg_time=0.000153s, max_time=0.000313s, min_time=0.000066s; KV_RETRIEVE_KEYS: req_count=1, req/min=0.17, avg_time=0.000055s, max_time=0.000055s, min_time=0.000055s
[36m(SimpleStorageUnit pid=635544)[0m Per-operation statistics: CLEAR_DATA: req_count=2, req/min=0.34, avg_time=0.004251s, max_time=0.004746s, min_time=0.003757s; PUT_DATA: req_count=21, req/min=3.56, avg_time=0.001901s, max_time=0.002591s, min_time=0.001693s; GET_DATA: req_count=11, req/min=1.86, avg_time=0.003841s, max_time=0.004177s, min_time=0.002555s
[36m(CodeTaskRunner pid=634980)[0m Training Progress:  50%|█████     | 10/20 [1:41:17<1:22:58, 497.88s/it]
[36m(CodeTaskRunner pid=634980)[0m INFO:2026-09-05 23:26:02,024:pending: 0, running: 6, finished: 18, failure: 0
[36m(SimpleStorageUnit pid=635538)[0m 2026-09-05 23:25:01,850 - INFO - transfer_queue.utils.perf_utils - TQ_STORAGE_UNIT_d6660c54: [Performance] Total success requests: 34, Total req/min: 5.76, Total avg process time: 0.0025s; [32m [repeated 8x across cluster][0m
[36m(SimpleStorageUnit pid=635538)[0m Time range: last 5.90 minutes; [32m [repeated 8x across cluster][0m
[36m(SimpleStorageUnit pid=635538)[0m Per-operation statistics: CLEAR_DATA: req_count=2, req/min=0.34, avg_time=0.003677s, max_time=0.003930s, min_time=0.003424s; PUT_DATA: req_count=21, req/min=3.56, avg_time=0.001880s, max_time=0.002914s, min_time=0.001642s; GET_DATA: req_count=11, req/min=1.86, avg_time=0.003341s, max_time=0.003911s, min_time=0.002360s[32m [repeated 7x across cluster][0m
[36m(CodeTaskRunner pid=634980)[0m INFO:2026-09-05 23:27:02,077:pending: 0, running: 2, finished: 22, failure: 0
[36m(TransferQueueController pid=635460)[0m 2026-09-05 23:31:54,169 - INFO - transfer_queue.utils.perf_utils - TQ_CONTROLLER_29f74ab5: [Performance] Total success requests: 633, Total req/min: 92.11, Total avg process time: 0.0002s; 
[36m(TransferQueueController pid=635460)[0m Time range: last 6.87 minutes; 
[36m(TransferQueueController pid=635460)[0m Per-operation statistics: KV_RETRIEVE_META: req_count=202, req/min=29.39, avg_time=0.000369s, max_time=0.003150s, min_time=0.000121s; CLEAR_META: req_count=2, req/min=0.29, avg_time=0.000363s, max_time=0.000387s, min_time=0.000339s; SET_CUSTOM_META: req_count=196, req/min=28.52, avg_time=0.000015s, max_time=0.000033s, min_time=0.000007s; KV_LIST: req_count=85, req/min=12.37, avg_time=0.000053s, max_time=0.000099s, min_time=0.000030s; NOTIFY_DATA_UPDATE: req_count=147, req/min=21.39, avg_time=0.000146s, max_time=0.000329s, min_time=0.000085s; KV_RETRIEVE_KEYS: req_count=1, req/min=0.15, avg_time=0.000043s, max_time=0.000043s, min_time=0.000043s
[36m(SimpleStorageUnit pid=635544)[0m Per-operation statistics: CLEAR_DATA: req_count=2, req/min=0.29, avg_time=0.004311s, max_time=0.004990s, min_time=0.003631s; PUT_DATA: req_count=21, req/min=3.06, avg_time=0.001943s, max_time=0.003050s, min_time=0.001692s; GET_DATA: req_count=11, req/min=1.60, avg_time=0.003458s, max_time=0.004140s, min_time=0.001672s
[36m(CodeTaskRunner pid=634980)[0m Training Progress:  55%|█████▌    | 11/20 [1:48:10<1:10:45, 471.70s/it]
[36m(CodeTaskRunner pid=634980)[0m INFO:2026-09-05 23:32:54,359:pending: 0, running: 11, finished: 13, failure: 0
[36m(SimpleStorageUnit pid=635538)[0m 2026-09-05 23:31:54,180 - INFO - transfer_queue.utils.perf_utils - TQ_STORAGE_UNIT_d6660c54: [Performance] Total success requests: 34, Total req/min: 4.95, Total avg process time: 0.0024s; [32m [repeated 8x across cluster][0m
[36m(SimpleStorageUnit pid=635538)[0m Time range: last 6.87 minutes; [32m [repeated 8x across cluster][0m
[36m(SimpleStorageUnit pid=635538)[0m Per-operation statistics: CLEAR_DATA: req_count=2, req/min=0.29, avg_time=0.003578s, max_time=0.003749s, min_time=0.003408s; PUT_DATA: req_count=21, req/min=3.06, avg_time=0.001881s, max_time=0.003361s, min_time=0.001622s; GET_DATA: req_count=11, req/min=1.60, avg_time=0.003089s, max_time=0.003832s, min_time=0.002412s[32m [repeated 7x across cluster][0m
[36m(CodeTaskRunner pid=634980)[0m INFO:2026-09-05 23:33:54,418:pending: 0, running: 4, finished: 20, failure: 0
[36m(CodeTaskRunner pid=634980)[0m INFO:2026-09-05 23:34:54,474:pending: 0, running: 3, finished: 21, failure: 0
[36m(TransferQueueController pid=635460)[0m 2026-09-05 23:42:56,454 - INFO - transfer_queue.utils.perf_utils - TQ_CONTROLLER_29f74ab5: [Performance] Total success requests: 644, Total req/min: 58.34, Total avg process time: 0.0002s; 
[36m(TransferQueueController pid=635460)[0m Time range: last 11.04 minutes; 
[36m(TransferQueueController pid=635460)[0m Per-operation statistics: KV_RETRIEVE_META: req_count=202, req/min=18.30, avg_time=0.000384s, max_time=0.003290s, min_time=0.000123s; CLEAR_META: req_count=2, req/min=0.18, avg_time=0.000428s, max_time=0.000486s, min_time=0.000371s; SET_CUSTOM_META: req_count=196, req/min=17.76, avg_time=0.000016s, max_time=0.000055s, min_time=0.000006s; KV_LIST: req_count=96, req/min=8.70, avg_time=0.000055s, max_time=0.000115s, min_time=0.000028s; NOTIFY_DATA_UPDATE: req_count=147, req/min=13.32, avg_time=0.000147s, max_time=0.000378s, min_time=0.000066s; KV_RETRIEVE_KEYS: req_count=1, req/min=0.09, avg_time=0.000056s, max_time=0.000056s, min_time=0.000056s
[36m(SimpleStorageUnit pid=635544)[0m Per-operation statistics: CLEAR_DATA: req_count=2, req/min=0.18, avg_time=0.003941s, max_time=0.005296s, min_time=0.002586s; PUT_DATA: req_count=21, req/min=1.90, avg_time=0.001844s, max_time=0.002302s, min_time=0.001614s; GET_DATA: req_count=11, req/min=1.00, avg_time=0.003464s, max_time=0.004208s, min_time=0.002302s
[36m(CodeTaskRunner pid=634980)[0m Training Progress:  60%|██████    | 12/20 [1:59:12<1:10:37, 529.69s/it]

[36m(CodeTaskRunner pid=634980)[0m step:10 - global_seqlen/min:941200.0 - global_seqlen/max:941200.0 - global_seqlen/minmax_diff:0.0 - global_seqlen/balanced_min:941200.0 - global_seqlen/balanced_max:941200.0 - global_seqlen/mean:941200.0 - actor/entropy:0.2584749758243561 - actor/pg_clipfrac:0.0 - actor/ppo_kl:0.0 - actor/pg_clipfrac_lower:0.0 - actor/pg_loss:1.1059455573558807e-08 - actor/loss:1.1175870895385742e-08 - actor/grad_norm:0.059814453125 - actor/lr:2e-05 - actor/perf/max_memory_allocated_gb:47.299365520477295 - actor/perf/max_memory_reserved_gb:50.818359375 - actor/perf/cpu_memory_used_gb:480.87445068359375 - perf/mfu/actor:0.19785063405155606 - training/global_step:10 - training/epoch:0 - critic/score/mean:0.615994393825531 - critic/score/max:1.0 - critic/score/min:0.0 - critic/rewards/mean:0.615994393825531 - critic/rewards/max:1.0 - critic/rewards/min:0.0 - critic/advantages/mean:-0.21637357771396637 - critic/advantages/max:2.041236162185669 - critic/advantages/min:-2.0412328243255615 - critic/returns/mean:-0.21637357771396637 - critic/returns/max:2.041236162185669 - critic/returns/min:-2.0412328243255615 - response_length/mean:431.8611145019531 - response_length/max:2048.0 - response_length/min:62.0 - response_length/clip_ratio:0.0902777761220932 - response_length_non_aborted/mean:431.8611145019531 - response_length_non_aborted/max:2048.0 - response_length_non_aborted/min:62.0 - response_length_non_aborted/clip_ratio:0.0902777761220932 - response/aborted_ratio:0.0 - prompt_length/mean:6104.25 - prompt_length/max:58525.0 - prompt_length/min:129.0 - prompt_length/clip_ratio:0.0416666679084301 - timing_s/gen:175.05337138904724 - timing_s/old_log_prob:23.613625376019627 - timing_s/adv:0.1587546729715541 - timing_s/update_actor:72.77131011500023 - timing_s/update_weights:81.994828830997 - timing_s/step:353.7952747649979 - timing_per_token_ms/adv:0.0001686726232166958 - timing_per_token_ms/update_actor:0.0773175840575863 - timing_per_token_ms/gen:2.814905952740838 - perf/total_num_tokens:941200 - perf/time_per_step:353.7952747649979 - perf/throughput:665.0738909848181 - training/num_turns/mean:np.float64(2.0) - training/num_turns/max:np.int64(2) - training/num_turns/min:np.int64(2) - training/off_policy/trajectory_spans/mean:np.float64(1.0) - training/off_policy/trajectory_spans/max:np.int64(1) - training/off_policy/trajectory_spans/min:np.int64(1) - training/off_policy/trajectory_staleness/mean:np.float64(0.0) - training/off_policy/trajectory_staleness/max:np.int64(0) - training/off_policy/trajectory_staleness/min:np.int64(0) - training/off_policy/trajectory_staleness_worst/mean:np.float64(0.0) - training/off_policy/trajectory_staleness_worst/max:np.int64(0) - training/off_policy/trajectory_staleness_worst/min:np.int64(0)
[36m(CodeTaskRunner pid=634980)[0m step:11 - global_seqlen/min:1440203.0 - global_seqlen/max:1440203.0 - global_seqlen/minmax_diff:0.0 - global_seqlen/balanced_min:1440203.0 - global_seqlen/balanced_max:1440203.0 - global_seqlen/mean:1440203.0 - actor/entropy:0.19128112494945526 - actor/pg_clipfrac:0.0 - actor/ppo_kl:0.0 - actor/pg_clipfrac_lower:0.0 - actor/pg_loss:8.149072527885437e-10 - actor/loss:0.0 - actor/grad_norm:0.057861328125 - actor/lr:2e-05 - actor/perf/max_memory_allocated_gb:47.299365520477295 - actor/perf/max_memory_reserved_gb:50.818359375 - actor/perf/cpu_memory_used_gb:481.1747398376465 - perf/mfu/actor:0.2055667580488448 - training/global_step:11 - training/epoch:0 - critic/score/mean:0.5951673984527588 - critic/score/max:1.0 - critic/score/min:0.0 - critic/rewards/mean:0.5951673984527588 - critic/rewards/max:1.0 - critic/rewards/min:0.0 - critic/advantages/mean:-0.08754280209541321 - critic/advantages/max:2.0412352085113525 - critic/advantages/min:-2.041236162185669 - critic/returns/mean:-0.08754280209541321 - critic/returns/max:2.0412352085113525 - critic/returns/min:-2.041236162185669 - response_length/mean:368.6180419921875 - response_length/max:2048.0 - response_length/min:70.0 - response_length/clip_ratio:0.013888888992369175 - response_length_non_aborted/mean:368.6180419921875 - response_length_non_aborted/max:2048.0 - response_length_non_aborted/min:70.0 - response_length_non_aborted/clip_ratio:0.013888888992369175 - response/aborted_ratio:0.0 - prompt_length/mean:9632.7919921875 - prompt_length/max:58292.0 - prompt_length/min:108.0 - prompt_length/clip_ratio:0.0416666679084301 - timing_s/gen:170.66164954798296 - timing_s/old_log_prob:36.726920899003744 - timing_s/adv:0.14868499897420406 - timing_s/update_actor:124.35668426501798 - timing_s/update_weights:80.17108917498263 - timing_s/step:412.20929046795936 - timing_per_token_ms/adv:0.00010323891769021733 - timing_per_token_ms/update_actor:0.08634663604020959 - timing_per_token_ms/gen:3.215117453476441 - perf/total_num_tokens:1440203 - perf/time_per_step:412.20929046795936 - perf/throughput:873.4658784406665 - training/num_turns/mean:np.float64(2.0) - training/num_turns/max:np.int64(2) - training/num_turns/min:np.int64(2) - training/off_policy/trajectory_spans/mean:np.float64(1.0) - training/off_policy/trajectory_spans/max:np.int64(1) - training/off_policy/trajectory_spans/min:np.int64(1) - training/off_policy/trajectory_staleness/mean:np.float64(0.0) - training/off_policy/trajectory_staleness/max:np.int64(0) - training/off_policy/trajectory_staleness/min:np.int64(0) - training/off_policy/trajectory_staleness_worst/mean:np.float64(0.0) - training/off_policy/trajectory_staleness_worst/max:np.int64(0) - training/off_policy/trajectory_staleness_worst/min:np.int64(0)
[36m(CodeTaskRunner pid=634980)[0m step:12 - global_seqlen/min:2108562.0 - global_seqlen/max:2108562.0 - global_seqlen/minmax_diff:0.0 - global_seqlen/balanced_min:2108562.0 - global_seqlen/balanced_max:2108562.0 - global_seqlen/mean:2108562.0 - actor/entropy:0.29145199060440063 - actor/pg_clipfrac:0.0 - actor/ppo_kl:0.0 - actor/pg_clipfrac_lower:0.0 - actor/pg_loss:-0.0006109045352786779 - actor/loss:-0.0006109047681093216 - actor/grad_norm:0.07470703125 - actor/lr:2e-05 - actor/perf/max_memory_allocated_gb:49.50508213043213 - actor/perf/max_memory_reserved_gb:52.646484375 - actor/perf/cpu_memory_used_gb:481.50519943237305 - perf/mfu/actor:0.217046246236199 - training/global_step:12 - training/epoch:0 - critic/score/mean:0.5681996941566467 - critic/score/max:1.0 - critic/score/min:0.0 - critic/rewards/mean:0.5681996941566467 - critic/rewards/max:1.0 - critic/rewards/min:0.0 - critic/advantages/mean:-0.1762685477733612 - critic/advantages/max:2.0412356853485107 - critic/advantages/min:-2.0412347316741943 - critic/returns/mean:-0.1762685477733612 - critic/returns/max:2.0412356853485107 - critic/returns/min:-2.0412347316741943 - response_length/mean:384.5 - response_length/max:2048.0 - response_length/min:32.0 - response_length/clip_ratio:0.0625 - response_length_non_aborted/mean:384.5 - response_length_non_aborted/max:2048.0 - response_length_non_aborted/min:32.0 - response_length_non_aborted/clip_ratio:0.0625 - response/aborted_ratio:0.0 - prompt_length/mean:14258.2919921875 - prompt_length/max:118116.0 - prompt_length/min:114.0 - prompt_length/clip_ratio:0.0416666679084301 - timing_s/gen:192.79002529900754 - timing_s/old_log_prob:79.5029776970041 - timing_s/adv:0.1411963389837183 - timing_s/update_actor:308.5224978689803 - timing_s/update_weights:81.03200179699343 - timing_s/step:662.1627567759715 - timing_per_token_ms/adv:6.696333282289936e-05 - timing_per_token_ms/update_actor:0.1463189120684999 - timing_per_token_ms/gen:3.481975605024699 - perf/total_num_tokens:2108562 - perf/time_per_step:662.1627567759715 - perf/throughput:796.0890198153302 - training/num_turns/mean:np.float64(2.0) - training/num_turns/max:np.int64(2) - training/num_turns/min:np.int64(2) - training/off_policy/trajectory_spans/mean:np.float64(1.0) - training/off_policy/trajectory_spans/max:np.int64(1) - training/off_policy/trajectory_spans/min:np.int64(1) - training/off_policy/trajectory_staleness/mean:np.float64(0.0) - training/off_policy/trajectory_staleness/max:np.int64(0) - training/off_policy/trajectory_staleness/min:np.int64(0) - training/off_policy/trajectory_staleness_worst/mean:np.float64(0.0) - training/off_policy/trajectory_staleness_worst/max:np.int64(0) - training/off_policy/trajectory_staleness_worst/min:np.int64(0)[36m(CodeTaskRunner pid=634980)[0m INFO:2026-09-05 23:43:56,703:pending: 0, running: 8, finished: 16, failure: 0
[36m(SimpleStorageUnit pid=635538)[0m 2026-09-05 23:42:56,465 - INFO - transfer_queue.utils.perf_utils - TQ_STORAGE_UNIT_d6660c54: [Performance] Total success requests: 34, Total req/min: 3.08, Total avg process time: 0.0024s; [32m [repeated 8x across cluster][0m
[36m(SimpleStorageUnit pid=635538)[0m Time range: last 11.04 minutes; [32m [repeated 8x across cluster][0m
[36m(SimpleStorageUnit pid=635538)[0m Per-operation statistics: CLEAR_DATA: req_count=2, req/min=0.18, avg_time=0.003532s, max_time=0.004278s, min_time=0.002786s; PUT_DATA: req_count=21, req/min=1.90, avg_time=0.001855s, max_time=0.002937s, min_time=0.001600s; GET_DATA: req_count=11, req/min=1.00, avg_time=0.003089s, max_time=0.004405s, min_time=0.002155s[32m [repeated 7x across cluster][0m
[36m(CodeTaskRunner pid=634980)[0m INFO:2026-09-05 23:44:56,756:pending: 0, running: 4, finished: 20, failure: 0
[36m(CodeTaskRunner pid=634980)[0m INFO:2026-09-05 23:45:56,810:pending: 0, running: 3, finished: 21, failure: 0
[36m(TransferQueueController pid=635460)[0m 2026-09-05 23:51:16,037 - INFO - transfer_queue.utils.perf_utils - TQ_CONTROLLER_29f74ab5: [Performance] Total success requests: 639, Total req/min: 76.74, Total avg process time: 0.0002s; 
[36m(TransferQueueController pid=635460)[0m Time range: last 8.33 minutes; 
[36m(TransferQueueController pid=635460)[0m Per-operation statistics: KV_RETRIEVE_META: req_count=202, req/min=24.26, avg_time=0.000375s, max_time=0.003143s, min_time=0.000118s; CLEAR_META: req_count=2, req/min=0.24, avg_time=0.000425s, max_time=0.000474s, min_time=0.000377s; SET_CUSTOM_META: req_count=196, req/min=23.54, avg_time=0.000015s, max_time=0.000044s, min_time=0.000006s; KV_LIST: req_count=91, req/min=10.93, avg_time=0.000055s, max_time=0.000090s, min_time=0.000035s; NOTIFY_DATA_UPDATE: req_count=147, req/min=17.65, avg_time=0.000145s, max_time=0.000366s, min_time=0.000075s; KV_RETRIEVE_KEYS: req_count=1, req/min=0.12, avg_time=0.000049s, max_time=0.000049s, min_time=0.000049s
[36m(SimpleStorageUnit pid=635540)[0m Per-operation statistics: CLEAR_DATA: req_count=2, req/min=0.24, avg_time=0.004533s, max_time=0.004920s, min_time=0.004146s; PUT_DATA: req_count=21, req/min=2.52, avg_time=0.001929s, max_time=0.004624s, min_time=0.001593s; GET_DATA: req_count=11, req/min=1.32, avg_time=0.003242s, max_time=0.004022s, min_time=0.002159s
[36m(CodeTaskRunner pid=634980)[0m Training Progress:  65%|██████▌   | 13/20 [2:07:32<1:00:43, 520.56s/it]
[36m(CodeTaskRunner pid=634980)[0m INFO:2026-09-05 23:52:16,284:pending: 0, running: 15, finished: 9, failure: 0
[36m(SimpleStorageUnit pid=635543)[0m 2026-09-05 23:51:16,050 - INFO - transfer_queue.utils.perf_utils - TQ_STORAGE_UNIT_53e03133: [Performance] Total success requests: 34, Total req/min: 4.08, Total avg process time: 0.0028s; [32m [repeated 8x across cluster][0m
[36m(SimpleStorageUnit pid=635543)[0m Time range: last 8.33 minutes; [32m [repeated 8x across cluster][0m
[36m(SimpleStorageUnit pid=635543)[0m Per-operation statistics: CLEAR_DATA: req_count=2, req/min=0.24, avg_time=0.004908s, max_time=0.005695s, min_time=0.004121s; PUT_DATA: req_count=21, req/min=2.52, avg_time=0.002034s, max_time=0.002992s, min_time=0.001700s; GET_DATA: req_count=11, req/min=1.32, avg_time=0.003895s, max_time=0.004874s, min_time=0.001908s[32m [repeated 7x across cluster][0m
[36m(CodeTaskRunner pid=634980)[0m INFO:2026-09-05 23:53:16,340:pending: 0, running: 5, finished: 19, failure: 0
[36m(CodeTaskRunner pid=634980)[0m INFO:2026-09-05 23:54:16,395:pending: 0, running: 4, finished: 20, failure: 0
[36m(TransferQueueController pid=635460)[0m 2026-09-06 00:03:43,126 - INFO - transfer_queue.utils.perf_utils - TQ_CONTROLLER_29f74ab5: [Performance] Total success requests: 648, Total req/min: 52.04, Total avg process time: 0.0002s; 
[36m(TransferQueueController pid=635460)[0m Time range: last 12.45 minutes; 
[36m(TransferQueueController pid=635460)[0m Per-operation statistics: KV_RETRIEVE_META: req_count=202, req/min=16.22, avg_time=0.000386s, max_time=0.003253s, min_time=0.000119s; CLEAR_META: req_count=2, req/min=0.16, avg_time=0.000485s, max_time=0.000594s, min_time=0.000376s; SET_CUSTOM_META: req_count=196, req/min=15.74, avg_time=0.000016s, max_time=0.000044s, min_time=0.000008s; KV_LIST: req_count=100, req/min=8.03, avg_time=0.000055s, max_time=0.000164s, min_time=0.000030s; NOTIFY_DATA_UPDATE: req_count=147, req/min=11.81, avg_time=0.000150s, max_time=0.000315s, min_time=0.000072s; KV_RETRIEVE_KEYS: req_count=1, req/min=0.08, avg_time=0.000083s, max_time=0.000083s, min_time=0.000083s
[36m(SimpleStorageUnit pid=635544)[0m Per-operation statistics: CLEAR_DATA: req_count=2, req/min=0.16, avg_time=0.003601s, max_time=0.004876s, min_time=0.002325s; PUT_DATA: req_count=21, req/min=1.69, avg_time=0.001746s, max_time=0.002197s, min_time=0.001600s; GET_DATA: req_count=11, req/min=0.88, avg_time=0.003322s, max_time=0.004435s, min_time=0.002040s
[36m(CodeTaskRunner pid=634980)[0m Training Progress:  70%|███████   | 14/20 [2:19:59<58:53, 589.00s/it]  
[36m(CodeTaskRunner pid=634980)[0m INFO:2026-09-06 00:04:43,380:pending: 0, running: 7, finished: 17, failure: 0
[36m(SimpleStorageUnit pid=635538)[0m 2026-09-06 00:03:43,138 - INFO - transfer_queue.utils.perf_utils - TQ_STORAGE_UNIT_d6660c54: [Performance] Total success requests: 34, Total req/min: 2.73, Total avg process time: 0.0027s; [32m [repeated 8x across cluster][0m
[36m(SimpleStorageUnit pid=635538)[0m Time range: last 12.45 minutes; [32m [repeated 8x across cluster][0m
[36m(SimpleStorageUnit pid=635538)[0m Per-operation statistics: CLEAR_DATA: req_count=2, req/min=0.16, avg_time=0.003990s, max_time=0.004308s, min_time=0.003672s; PUT_DATA: req_count=21, req/min=1.69, avg_time=0.002043s, max_time=0.004929s, min_time=0.001592s; GET_DATA: req_count=11, req/min=0.88, avg_time=0.003752s, max_time=0.005979s, min_time=0.001589s[32m [repeated 7x across cluster][0m
[36m(CodeTaskRunner pid=634980)[0m INFO:2026-09-06 00:05:43,433:pending: 0, running: 4, finished: 20, failure: 0
[36m(TransferQueueController pid=635460)[0m 2026-09-06 00:09:59,854 - INFO - transfer_queue.utils.perf_utils - TQ_CONTROLLER_29f74ab5: [Performance] Total success requests: 637, Total req/min: 101.45, Total avg process time: 0.0002s; 
[36m(TransferQueueController pid=635460)[0m Time range: last 6.28 minutes; 
[36m(TransferQueueController pid=635460)[0m Per-operation statistics: KV_RETRIEVE_META: req_count=202, req/min=32.17, avg_time=0.000379s, max_time=0.003486s, min_time=0.000118s; CLEAR_META: req_count=2, req/min=0.32, avg_time=0.000454s, max_time=0.000501s, min_time=0.000407s; SET_CUSTOM_META: req_count=196, req/min=31.22, avg_time=0.000016s, max_time=0.000043s, min_time=0.000006s; KV_LIST: req_count=89, req/min=14.17, avg_time=0.000056s, max_time=0.000179s, min_time=0.000028s; NOTIFY_DATA_UPDATE: req_count=147, req/min=23.41, avg_time=0.000145s, max_time=0.000318s, min_time=0.000072s; KV_RETRIEVE_KEYS: req_count=1, req/min=0.16, avg_time=0.000051s, max_time=0.000051s, min_time=0.000051s
[36m(SimpleStorageUnit pid=635544)[0m Per-operation statistics: CLEAR_DATA: req_count=2, req/min=0.32, avg_time=0.004407s, max_time=0.004808s, min_time=0.004006s; PUT_DATA: req_count=21, req/min=3.34, avg_time=0.001728s, max_time=0.002490s, min_time=0.001562s; GET_DATA: req_count=11, req/min=1.75, avg_time=0.003659s, max_time=0.004139s, min_time=0.002750s
[36m(CodeTaskRunner pid=634980)[0m Training Progress:  75%|███████▌  | 15/20 [2:26:16<43:44, 524.99s/it]

[36m(CodeTaskRunner pid=634980)[0m step:13 - global_seqlen/min:1857932.0 - global_seqlen/max:1857932.0 - global_seqlen/minmax_diff:0.0 - global_seqlen/balanced_min:1857932.0 - global_seqlen/balanced_max:1857932.0 - global_seqlen/mean:1857932.0 - actor/entropy:0.21515266597270966 - actor/pg_clipfrac:0.0 - actor/ppo_kl:0.0 - actor/pg_clipfrac_lower:0.0 - actor/pg_loss:0.0006109317910159007 - actor/loss:0.0006109327077865601 - actor/grad_norm:0.0693359375 - actor/lr:2e-05 - actor/perf/max_memory_allocated_gb:49.50508213043213 - actor/perf/max_memory_reserved_gb:52.646484375 - actor/perf/cpu_memory_used_gb:481.96342849731445 - perf/mfu/actor:0.2081272084260341 - training/global_step:13 - training/epoch:0 - critic/score/mean:0.4628561735153198 - critic/score/max:1.0 - critic/score/min:0.0 - critic/rewards/mean:0.4628561735153198 - critic/rewards/max:1.0 - critic/rewards/min:0.0 - critic/advantages/mean:-0.1874532848596573 - critic/advantages/max:2.041229248046875 - critic/advantages/min:-2.0412352085113525 - critic/returns/mean:-0.1874532848596573 - critic/returns/max:2.041229248046875 - critic/returns/min:-2.0412352085113525 - response_length/mean:439.1388854980469 - response_length/max:2048.0 - response_length/min:64.0 - response_length/clip_ratio:0.0486111119389534 - response_length_non_aborted/mean:439.1388854980469 - response_length_non_aborted/max:2048.0 - response_length_non_aborted/min:64.0 - response_length_non_aborted/clip_ratio:0.0486111119389534 - response/aborted_ratio:0.0 - prompt_length/mean:12463.1669921875 - prompt_length/max:75767.0 - prompt_length/min:110.0 - prompt_length/clip_ratio:0.0416666679084301 - timing_s/gen:182.8558328599902 - timing_s/old_log_prob:50.91429927799618 - timing_s/adv:0.2179496719618328 - timing_s/update_actor:183.55897703999653 - timing_s/update_weights:81.62103279796429 - timing_s/step:499.40323592198547 - timing_per_token_ms/adv:0.0001173076689361251 - timing_per_token_ms/update_actor:0.09879746785135114 - timing_per_token_ms/gen:2.891641357138184 - perf/total_num_tokens:1857932 - perf/time_per_step:499.40323592198547 - perf/throughput:930.076071979156 - training/num_turns/mean:np.float64(2.0) - training/num_turns/max:np.int64(2) - training/num_turns/min:np.int64(2) - training/off_policy/trajectory_spans/mean:np.float64(1.0) - training/off_policy/trajectory_spans/max:np.int64(1) - training/off_policy/trajectory_spans/min:np.int64(1) - training/off_policy/trajectory_staleness/mean:np.float64(0.0) - training/off_policy/trajectory_staleness/max:np.int64(0) - training/off_policy/trajectory_staleness/min:np.int64(0) - training/off_policy/trajectory_staleness_worst/mean:np.float64(0.0) - training/off_policy/trajectory_staleness_worst/max:np.int64(0) - training/off_policy/trajectory_staleness_worst/min:np.int64(0)
[36m(CodeTaskRunner pid=634980)[0m step:14 - global_seqlen/min:2362241.0 - global_seqlen/max:2362241.0 - global_seqlen/minmax_diff:0.0 - global_seqlen/balanced_min:2362241.0 - global_seqlen/balanced_max:2362241.0 - global_seqlen/mean:2362241.0 - actor/entropy:0.2123384326696396 - actor/pg_clipfrac:0.0 - actor/ppo_kl:0.0 - actor/pg_clipfrac_lower:0.0 - actor/pg_loss:0.0006108648958615959 - actor/loss:0.0006108656525611877 - actor/grad_norm:0.057373046875 - actor/lr:2e-05 - actor/perf/max_memory_allocated_gb:49.50508213043213 - actor/perf/max_memory_reserved_gb:52.646484375 - actor/perf/cpu_memory_used_gb:482.5278434753418 - perf/mfu/actor:0.21806795432198772 - training/global_step:14 - training/epoch:0 - critic/score/mean:0.5589930415153503 - critic/score/max:1.0 - critic/score/min:0.0 - critic/rewards/mean:0.5589930415153503 - critic/rewards/max:1.0 - critic/rewards/min:0.0 - critic/advantages/mean:-0.2002866417169571 - critic/advantages/max:2.0412349700927734 - critic/advantages/min:-2.0412347316741943 - critic/returns/mean:-0.2002866417169571 - critic/returns/max:2.0412349700927734 - critic/returns/min:-2.0412347316741943 - response_length/mean:422.40972900390625 - response_length/max:2048.0 - response_length/min:48.0 - response_length/clip_ratio:0.0486111119389534 - response_length_non_aborted/mean:422.40972900390625 - response_length_non_aborted/max:2048.0 - response_length_non_aborted/min:48.0 - response_length_non_aborted/clip_ratio:0.0486111119389534 - response/aborted_ratio:0.0 - prompt_length/mean:15982.0419921875 - prompt_length/max:118808.0 - prompt_length/min:110.0 - prompt_length/clip_ratio:0.0416666679084301 - timing_s/gen:200.72632532403804 - timing_s/old_log_prob:93.648049128009 - timing_s/adv:0.24865839001722634 - timing_s/update_actor:373.8496115960297 - timing_s/update_weights:78.23719871597132 - timing_s/step:746.9512455170043 - timing_per_token_ms/adv:0.00010526376860668592 - timing_per_token_ms/update_actor:0.1582605718874703 - timing_per_token_ms/gen:3.299954384139248 - perf/total_num_tokens:2362241 - perf/time_per_step:746.9512455170043 - perf/throughput:790.627572474616 - training/num_turns/mean:np.float64(2.0) - training/num_turns/max:np.int64(2) - training/num_turns/min:np.int64(2) - training/off_policy/trajectory_spans/mean:np.float64(1.0) - training/off_policy/trajectory_spans/max:np.int64(1) - training/off_policy/trajectory_spans/min:np.int64(1) - training/off_policy/trajectory_staleness/mean:np.float64(0.0) - training/off_policy/trajectory_staleness/max:np.int64(0) - training/off_policy/trajectory_staleness/min:np.int64(0) - training/off_policy/trajectory_staleness_worst/mean:np.float64(0.0) - training/off_policy/trajectory_staleness_worst/max:np.int64(0) - training/off_policy/trajectory_staleness_worst/min:np.int64(0)
[36m(CodeTaskRunner pid=634980)[0m step:15 - global_seqlen/min:1140698.0 - global_seqlen/max:1140698.0 - global_seqlen/minmax_diff:0.0 - global_seqlen/balanced_min:1140698.0 - global_seqlen/balanced_max:1140698.0 - global_seqlen/mean:1140698.0 - actor/entropy:0.25241369009017944 - actor/pg_clipfrac:0.0 - actor/ppo_kl:0.0 - actor/pg_clipfrac_lower:0.0 - actor/pg_loss:-1.7695128917694092e-08 - actor/loss:-1.862645149230957e-08 - actor/grad_norm:0.1337890625 - actor/lr:2e-05 - actor/perf/max_memory_allocated_gb:49.50508213043213 - actor/perf/max_memory_reserved_gb:52.646484375 - actor/perf/cpu_memory_used_gb:482.16566467285156 - perf/mfu/actor:0.20283025597295726 - training/global_step:15 - training/epoch:0 - critic/score/mean:0.6214154958724976 - critic/score/max:1.0 - critic/score/min:0.0 - critic/rewards/mean:0.6214154958724976 - critic/rewards/max:1.0 - critic/rewards/min:0.0 - critic/advantages/mean:-0.13872984051704407 - critic/advantages/max:2.041236162185669 - critic/advantages/min:-2.0412347316741943 - critic/returns/mean:-0.13872984051704407 - critic/returns/max:2.041236162185669 - critic/returns/min:-2.0412347316741943 - response_length/mean:423.22222900390625 - response_length/max:2048.0 - response_length/min:19.0 - response_length/clip_ratio:0.0625 - response_length_non_aborted/mean:423.22222900390625 - response_length_non_aborted/max:2048.0 - response_length_non_aborted/min:19.0 - response_length_non_aborted/clip_ratio:0.0625 - response/aborted_ratio:0.0 - prompt_length/mean:7498.29150390625 - prompt_length/max:58327.0 - prompt_length/min:120.0 - prompt_length/clip_ratio:0.0416666679084301 - timing_s/gen:178.6958495339495 - timing_s/old_log_prob:28.465454942022916 - timing_s/adv:0.11255900305695832 - timing_s/update_actor:91.6707577079651 - timing_s/update_weights:77.42347679199884 - timing_s/step:376.54193769500125 - timing_per_token_ms/adv:9.867555045854233e-05 - timing_per_token_ms/update_actor:0.08036374019062459 - timing_per_token_ms/gen:2.9321319495594236 - perf/total_num_tokens:1140698 - perf/time_per_step:376.54193769500125 - perf/throughput:757.3512309032392 - training/num_turns/mean:np.float64(2.0) - training/num_turns/max:np.int64(2) - training/num_turns/min:np.int64(2) - training/off_policy/trajectory_spans/mean:np.float64(1.0) - training/off_policy/trajectory_spans/max:np.int64(1) - training/off_policy/trajectory_spans/min:np.int64(1) - training/off_policy/trajectory_staleness/mean:np.float64(0.0) - training/off_policy/trajectory_staleness/max:np.int64(0) - training/off_policy/trajectory_staleness/min:np.int64(0) - training/off_policy/trajectory_staleness_worst/mean:np.float64(0.0) - training/off_policy/trajectory_staleness_worst/max:np.int64(0) - training/off_policy/trajectory_staleness_worst/min:np.int64(0)[36m(CodeTaskRunner pid=634980)[0m INFO:2026-09-06 00:11:00,045:pending: 0, running: 6, finished: 18, failure: 0
[36m(SimpleStorageUnit pid=635538)[0m 2026-09-06 00:09:59,867 - INFO - transfer_queue.utils.perf_utils - TQ_STORAGE_UNIT_d6660c54: [Performance] Total success requests: 34, Total req/min: 5.42, Total avg process time: 0.0029s; [32m [repeated 8x across cluster][0m
[36m(SimpleStorageUnit pid=635538)[0m Time range: last 6.28 minutes; [32m [repeated 8x across cluster][0m
[36m(SimpleStorageUnit pid=635538)[0m Per-operation statistics: CLEAR_DATA: req_count=2, req/min=0.32, avg_time=0.005259s, max_time=0.005879s, min_time=0.004639s; PUT_DATA: req_count=21, req/min=3.34, avg_time=0.002082s, max_time=0.003201s, min_time=0.001742s; GET_DATA: req_count=11, req/min=1.75, avg_time=0.004000s, max_time=0.004824s, min_time=0.001737s[32m [repeated 7x across cluster][0m
[36m(CodeTaskRunner pid=634980)[0m INFO:2026-09-06 00:12:00,100:pending: 0, running: 2, finished: 22, failure: 0
[36m(TransferQueueController pid=635460)[0m 2026-09-06 00:16:23,360 - INFO - transfer_queue.utils.perf_utils - TQ_CONTROLLER_29f74ab5: [Performance] Total success requests: 636, Total req/min: 99.50, Total avg process time: 0.0002s; 
[36m(TransferQueueController pid=635460)[0m Time range: last 6.39 minutes; 
[36m(TransferQueueController pid=635460)[0m Per-operation statistics: KV_RETRIEVE_META: req_count=202, req/min=31.60, avg_time=0.000388s, max_time=0.003974s, min_time=0.000118s; CLEAR_META: req_count=2, req/min=0.31, avg_time=0.000470s, max_time=0.000528s, min_time=0.000412s; SET_CUSTOM_META: req_count=196, req/min=30.66, avg_time=0.000015s, max_time=0.000043s, min_time=0.000007s; KV_LIST: req_count=88, req/min=13.77, avg_time=0.000066s, max_time=0.000835s, min_time=0.000031s; NOTIFY_DATA_UPDATE: req_count=147, req/min=23.00, avg_time=0.000149s, max_time=0.000334s, min_time=0.000073s; KV_RETRIEVE_KEYS: req_count=1, req/min=0.16, avg_time=0.000051s, max_time=0.000051s, min_time=0.000051s
[36m(SimpleStorageUnit pid=635544)[0m Per-operation statistics: CLEAR_DATA: req_count=2, req/min=0.31, avg_time=0.005020s, max_time=0.005181s, min_time=0.004860s; PUT_DATA: req_count=21, req/min=3.29, avg_time=0.001999s, max_time=0.004747s, min_time=0.001675s; GET_DATA: req_count=11, req/min=1.72, avg_time=0.003243s, max_time=0.004387s, min_time=0.001556s
[36m(CodeTaskRunner pid=634980)[0m Training Progress:  80%|████████  | 16/20 [2:32:39<32:09, 482.41s/it]
[36m(CodeTaskRunner pid=634980)[0m INFO:2026-09-06 00:17:23,886:pending: 0, running: 10, finished: 14, failure: 0
[36m(SimpleStorageUnit pid=635538)[0m 2026-09-06 00:16:23,373 - INFO - transfer_queue.utils.perf_utils - TQ_STORAGE_UNIT_d6660c54: [Performance] Total success requests: 34, Total req/min: 5.32, Total avg process time: 0.0024s; [32m [repeated 8x across cluster][0m
[36m(SimpleStorageUnit pid=635538)[0m Time range: last 6.39 minutes; [32m [repeated 8x across cluster][0m
[36m(SimpleStorageUnit pid=635538)[0m Per-operation statistics: CLEAR_DATA: req_count=2, req/min=0.31, avg_time=0.005146s, max_time=0.005651s, min_time=0.004640s; PUT_DATA: req_count=21, req/min=3.29, avg_time=0.001766s, max_time=0.002290s, min_time=0.001610s; GET_DATA: req_count=11, req/min=1.72, avg_time=0.003166s, max_time=0.004500s, min_time=0.001981s[32m [repeated 7x across cluster][0m
[36m(CodeTaskRunner pid=634980)[0m INFO:2026-09-06 00:18:23,940:pending: 0, running: 5, finished: 19, failure: 0
[36m(CodeTaskRunner pid=634980)[0m INFO:2026-09-06 00:19:23,992:pending: 0, running: 4, finished: 20, failure: 0
[36m(TransferQueueController pid=635460)[0m 2026-09-06 00:25:06,457 - INFO - transfer_queue.utils.perf_utils - TQ_CONTROLLER_29f74ab5: [Performance] Total success requests: 641, Total req/min: 73.52, Total avg process time: 0.0002s; 
[36m(TransferQueueController pid=635460)[0m Time range: last 8.72 minutes; 
[36m(TransferQueueController pid=635460)[0m Per-operation statistics: KV_RETRIEVE_META: req_count=202, req/min=23.17, avg_time=0.000377s, max_time=0.003627s, min_time=0.000114s; CLEAR_META: req_count=2, req/min=0.23, avg_time=0.000515s, max_time=0.000614s, min_time=0.000416s; SET_CUSTOM_META: req_count=196, req/min=22.48, avg_time=0.000016s, max_time=0.000045s, min_time=0.000006s; KV_LIST: req_count=93, req/min=10.67, avg_time=0.000055s, max_time=0.000153s, min_time=0.000034s; NOTIFY_DATA_UPDATE: req_count=147, req/min=16.86, avg_time=0.000149s, max_time=0.000283s, min_time=0.000082s; KV_RETRIEVE_KEYS: req_count=1, req/min=0.11, avg_time=0.000065s, max_time=0.000065s, min_time=0.000065s
[36m(SimpleStorageUnit pid=635544)[0m Per-operation statistics: CLEAR_DATA: req_count=2, req/min=0.23, avg_time=0.004604s, max_time=0.004606s, min_time=0.004603s; PUT_DATA: req_count=21, req/min=2.41, avg_time=0.001941s, max_time=0.002787s, min_time=0.001670s; GET_DATA: req_count=11, req/min=1.26, avg_time=0.003666s, max_time=0.004419s, min_time=0.002106s
[36m(CodeTaskRunner pid=634980)[0m Training Progress:  85%|████████▌ | 17/20 [2:41:22<24:43, 494.66s/it]
[36m(CodeTaskRunner pid=634980)[0m INFO:2026-09-06 00:26:06,732:pending: 0, running: 8, finished: 16, failure: 0
[36m(SimpleStorageUnit pid=635538)[0m 2026-09-06 00:25:06,466 - INFO - transfer_queue.utils.perf_utils - TQ_STORAGE_UNIT_d6660c54: [Performance] Total success requests: 34, Total req/min: 3.90, Total avg process time: 0.0023s; [32m [repeated 8x across cluster][0m
[36m(SimpleStorageUnit pid=635538)[0m Time range: last 8.72 minutes; [32m [repeated 8x across cluster][0m
[36m(SimpleStorageUnit pid=635538)[0m Per-operation statistics: CLEAR_DATA: req_count=2, req/min=0.23, avg_time=0.003980s, max_time=0.004001s, min_time=0.003959s; PUT_DATA: req_count=21, req/min=2.41, avg_time=0.001786s, max_time=0.002400s, min_time=0.001632s; GET_DATA: req_count=11, req/min=1.26, avg_time=0.003123s, max_time=0.004660s, min_time=0.002040s[32m [repeated 7x across cluster][0m
[36m(CodeTaskRunner pid=634980)[0m INFO:2026-09-06 00:27:06,785:pending: 0, running: 2, finished: 22, failure: 0
[36m(TransferQueueController pid=635460)[0m 2026-09-06 00:34:01,154 - INFO - transfer_queue.utils.perf_utils - TQ_CONTROLLER_29f74ab5: [Performance] Total success requests: 637, Total req/min: 71.48, Total avg process time: 0.0002s; 
[36m(TransferQueueController pid=635460)[0m Time range: last 8.91 minutes; 
[36m(TransferQueueController pid=635460)[0m Per-operation statistics: KV_RETRIEVE_META: req_count=202, req/min=22.67, avg_time=0.000453s, max_time=0.018243s, min_time=0.000117s; CLEAR_META: req_count=2, req/min=0.22, avg_time=0.000487s, max_time=0.000528s, min_time=0.000445s; SET_CUSTOM_META: req_count=196, req/min=21.99, avg_time=0.000016s, max_time=0.000044s, min_time=0.000007s; KV_LIST: req_count=89, req/min=9.99, avg_time=0.000058s, max_time=0.000127s, min_time=0.000033s; NOTIFY_DATA_UPDATE: req_count=147, req/min=16.50, avg_time=0.000150s, max_time=0.000282s, min_time=0.000081s; KV_RETRIEVE_KEYS: req_count=1, req/min=0.11, avg_time=0.000051s, max_time=0.000051s, min_time=0.000051s
[36m(SimpleStorageUnit pid=635544)[0m Per-operation statistics: CLEAR_DATA: req_count=2, req/min=0.22, avg_time=0.003949s, max_time=0.004606s, min_time=0.003292s; PUT_DATA: req_count=21, req/min=2.36, avg_time=0.001885s, max_time=0.002583s, min_time=0.001642s; GET_DATA: req_count=11, req/min=1.23, avg_time=0.003585s, max_time=0.004184s, min_time=0.002407s
[36m(CodeTaskRunner pid=634980)[0m Training Progress:  90%|█████████ | 18/20 [2:50:17<16:53, 506.68s/it]

[36m(CodeTaskRunner pid=634980)[0m step:16 - global_seqlen/min:1013017.0 - global_seqlen/max:1013017.0 - global_seqlen/minmax_diff:0.0 - global_seqlen/balanced_min:1013017.0 - global_seqlen/balanced_max:1013017.0 - global_seqlen/mean:1013017.0 - actor/entropy:0.20833516120910645 - actor/pg_clipfrac:0.0 - actor/ppo_kl:0.0 - actor/pg_clipfrac_lower:0.0 - actor/pg_loss:0.0006108890083851293 - actor/loss:0.0006108889356255531 - actor/grad_norm:0.0390625 - actor/lr:2e-05 - actor/perf/max_memory_allocated_gb:49.50508213043213 - actor/perf/max_memory_reserved_gb:52.646484375 - actor/perf/cpu_memory_used_gb:482.4771385192871 - perf/mfu/actor:0.20631399187416047 - training/global_step:16 - training/epoch:0 - critic/score/mean:0.6048657894134521 - critic/score/max:1.0 - critic/score/min:0.0 - critic/rewards/mean:0.6048657894134521 - critic/rewards/max:1.0 - critic/rewards/min:0.0 - critic/advantages/mean:0.0018386959563940763 - critic/advantages/max:1.9667789936065674 - critic/advantages/min:-2.0412356853485107 - critic/returns/mean:0.0018386959563940763 - critic/returns/max:1.9667789936065674 - critic/returns/min:-2.0412356853485107 - response_length/mean:434.5069580078125 - response_length/max:2048.0 - response_length/min:103.0 - response_length/clip_ratio:0.0555555559694767 - response_length_non_aborted/mean:434.5069580078125 - response_length_non_aborted/max:2048.0 - response_length_non_aborted/min:103.0 - response_length_non_aborted/clip_ratio:0.0555555559694767 - response/aborted_ratio:0.0 - prompt_length/mean:6600.33349609375 - prompt_length/max:57444.0 - prompt_length/min:128.0 - prompt_length/clip_ratio:0.0416666679084301 - timing_s/gen:177.38801396399504 - timing_s/old_log_prob:28.61360862100264 - timing_s/adv:0.12139802402816713 - timing_s/update_actor:96.25010802503675 - timing_s/update_weights:80.8022224070155 - timing_s/step:383.3498633909621 - timing_per_token_ms/adv:0.00011983809158994087 - timing_per_token_ms/update_actor:0.09501331964324068 - timing_per_token_ms/gen:2.83507829698405 - perf/total_num_tokens:1013017 - perf/time_per_step:383.3498633909621 - perf/throughput:660.6347730499041 - training/num_turns/mean:np.float64(2.0) - training/num_turns/max:np.int64(2) - training/num_turns/min:np.int64(2) - training/off_policy/trajectory_spans/mean:np.float64(1.0) - training/off_policy/trajectory_spans/max:np.int64(1) - training/off_policy/trajectory_spans/min:np.int64(1) - training/off_policy/trajectory_staleness/mean:np.float64(0.0) - training/off_policy/trajectory_staleness/max:np.int64(0) - training/off_policy/trajectory_staleness/min:np.int64(0) - training/off_policy/trajectory_staleness_worst/mean:np.float64(0.0) - training/off_policy/trajectory_staleness_worst/max:np.int64(0) - training/off_policy/trajectory_staleness_worst/min:np.int64(0)
[36m(CodeTaskRunner pid=634980)[0m step:17 - global_seqlen/min:2091933.0 - global_seqlen/max:2091933.0 - global_seqlen/minmax_diff:0.0 - global_seqlen/balanced_min:2091933.0 - global_seqlen/balanced_max:2091933.0 - global_seqlen/mean:2091933.0 - actor/entropy:0.25900518894195557 - actor/pg_clipfrac:0.0 - actor/ppo_kl:0.0 - actor/pg_clipfrac_lower:0.0 - actor/pg_loss:0.002331433854919851 - actor/loss:0.0023314356803894043 - actor/grad_norm:0.04736328125 - actor/lr:2e-05 - actor/perf/max_memory_allocated_gb:49.50508213043213 - actor/perf/max_memory_reserved_gb:52.646484375 - actor/perf/cpu_memory_used_gb:482.86016845703125 - perf/mfu/actor:0.20916656234160114 - training/global_step:17 - training/epoch:0 - critic/score/mean:0.617699384689331 - critic/score/max:1.0 - critic/score/min:0.0 - critic/rewards/mean:0.617699384689331 - critic/rewards/max:1.0 - critic/rewards/min:0.0 - critic/advantages/mean:-0.1082424446940422 - critic/advantages/max:2.041229248046875 - critic/advantages/min:-2.041236162185669 - critic/returns/mean:-0.1082424446940422 - critic/returns/max:2.041229248046875 - critic/returns/min:-2.041236162185669 - response_length/mean:464.4791564941406 - response_length/max:2048.0 - response_length/min:74.0 - response_length/clip_ratio:0.0763888880610466 - response_length_non_aborted/mean:464.4791564941406 - response_length_non_aborted/max:2048.0 - response_length_non_aborted/min:74.0 - response_length_non_aborted/clip_ratio:0.0763888880610466 - response/aborted_ratio:0.0 - prompt_length/mean:14062.8330078125 - prompt_length/max:96287.0 - prompt_length/min:146.0 - prompt_length/clip_ratio:0.0416666679084301 - timing_s/gen:187.0137263420038 - timing_s/old_log_prob:54.50339918996906 - timing_s/adv:0.16041602403856814 - timing_s/update_actor:202.27231879997998 - timing_s/update_weights:78.52818522200687 - timing_s/step:522.9529391250107 - timing_per_token_ms/adv:7.668315574091911e-05 - timing_per_token_ms/update_actor:0.0966915856291669 - timing_per_token_ms/gen:2.796048835194794 - perf/total_num_tokens:2091933 - perf/time_per_step:522.9529391250107 - perf/throughput:1000.057960999397 - training/num_turns/mean:np.float64(2.0) - training/num_turns/max:np.int64(2) - training/num_turns/min:np.int64(2) - training/off_policy/trajectory_spans/mean:np.float64(1.0) - training/off_policy/trajectory_spans/max:np.int64(1) - training/off_policy/trajectory_spans/min:np.int64(1) - training/off_policy/trajectory_staleness/mean:np.float64(0.0) - training/off_policy/trajectory_staleness/max:np.int64(0) - training/off_policy/trajectory_staleness/min:np.int64(0) - training/off_policy/trajectory_staleness_worst/mean:np.float64(0.0) - training/off_policy/trajectory_staleness_worst/max:np.int64(0) - training/off_policy/trajectory_staleness_worst/min:np.int64(0)
[36m(CodeTaskRunner pid=634980)[0m step:18 - global_seqlen/min:1900717.0 - global_seqlen/max:1900717.0 - global_seqlen/minmax_diff:0.0 - global_seqlen/balanced_min:1900717.0 - global_seqlen/balanced_max:1900717.0 - global_seqlen/mean:1900717.0 - actor/entropy:0.1966709941625595 - actor/pg_clipfrac:0.0 - actor/ppo_kl:0.0 - actor/pg_clipfrac_lower:0.0 - actor/pg_loss:-0.0006109150126576424 - actor/loss:-0.0006109140813350677 - actor/grad_norm:0.1318359375 - actor/lr:2e-05 - actor/perf/max_memory_allocated_gb:49.50508213043213 - actor/perf/max_memory_reserved_gb:52.646484375 - actor/perf/cpu_memory_used_gb:483.24390411376953 - perf/mfu/actor:0.21268270621060323 - training/global_step:18 - training/epoch:0 - critic/score/mean:0.5268027782440186 - critic/score/max:1.0 - critic/score/min:0.0 - critic/rewards/mean:0.5268027782440186 - critic/rewards/max:1.0 - critic/rewards/min:0.0 - critic/advantages/mean:-0.005330709274858236 - critic/advantages/max:2.0412330627441406 - critic/advantages/min:-2.0412356853485107 - critic/returns/mean:-0.005330709274858236 - critic/returns/max:2.0412330627441406 - critic/returns/min:-2.0412356853485107 - response_length/mean:351.7986145019531 - response_length/max:2048.0 - response_length/min:76.0 - response_length/clip_ratio:0.0486111119389534 - response_length_non_aborted/mean:351.7986145019531 - response_length_non_aborted/max:2048.0 - response_length_non_aborted/min:76.0 - response_length_non_aborted/clip_ratio:0.0486111119389534 - response/aborted_ratio:0.0 - prompt_length/mean:12847.625 - prompt_length/max:96325.0 - prompt_length/min:81.0 - prompt_length/clip_ratio:0.0416666679084301 - timing_s/gen:178.85720383899752 - timing_s/old_log_prob:57.464631634007674 - timing_s/adv:0.14020021498436108 - timing_s/update_actor:217.90511242800858 - timing_s/update_weights:79.92366222303826 - timing_s/step:534.499411635974 - timing_per_token_ms/adv:7.376175147818486e-05 - timing_per_token_ms/update_actor:0.11464363838909664 - timing_per_token_ms/gen:3.5306106286937666 - perf/total_num_tokens:1900717 - perf/time_per_step:534.499411635974 - perf/throughput:889.017349047384 - training/num_turns/mean:np.float64(2.0) - training/num_turns/max:np.int64(2) - training/num_turns/min:np.int64(2) - training/off_policy/trajectory_spans/mean:np.float64(1.0) - training/off_policy/trajectory_spans/max:np.int64(1) - training/off_policy/trajectory_spans/min:np.int64(1) - training/off_policy/trajectory_staleness/mean:np.float64(0.0) - training/off_policy/trajectory_staleness/max:np.int64(0) - training/off_policy/trajectory_staleness/min:np.int64(0) - training/off_policy/trajectory_staleness_worst/mean:np.float64(0.0) - training/off_policy/trajectory_staleness_worst/max:np.int64(0) - training/off_policy/trajectory_staleness_worst/min:np.int64(0)[36m(CodeTaskRunner pid=634980)[0m INFO:2026-09-06 00:35:01,373:pending: 0, running: 11, finished: 13, failure: 0
[36m(SimpleStorageUnit pid=635538)[0m 2026-09-06 00:34:01,164 - INFO - transfer_queue.utils.perf_utils - TQ_STORAGE_UNIT_d6660c54: [Performance] Total success requests: 34, Total req/min: 3.82, Total avg process time: 0.0024s; [32m [repeated 8x across cluster][0m
[36m(SimpleStorageUnit pid=635538)[0m Time range: last 8.91 minutes; [32m [repeated 8x across cluster][0m
[36m(SimpleStorageUnit pid=635538)[0m Per-operation statistics: CLEAR_DATA: req_count=2, req/min=0.22, avg_time=0.004051s, max_time=0.004302s, min_time=0.003801s; PUT_DATA: req_count=21, req/min=2.36, avg_time=0.001804s, max_time=0.002573s, min_time=0.001621s; GET_DATA: req_count=11, req/min=1.23, avg_time=0.003258s, max_time=0.004906s, min_time=0.002032s[32m [repeated 7x across cluster][0m
[36m(CodeTaskRunner pid=634980)[0m INFO:2026-09-06 00:36:01,429:pending: 0, running: 2, finished: 22, failure: 0
[36m(CodeTaskRunner pid=634980)[0m INFO:2026-09-06 00:37:01,484:pending: 0, running: 1, finished: 23, failure: 0
[36m(TransferQueueController pid=635460)[0m 2026-09-06 00:45:36,619 - INFO - transfer_queue.utils.perf_utils - TQ_CONTROLLER_29f74ab5: [Performance] Total success requests: 642, Total req/min: 55.39, Total avg process time: 0.0002s; 
[36m(TransferQueueController pid=635460)[0m Time range: last 11.59 minutes; 
[36m(TransferQueueController pid=635460)[0m Per-operation statistics: KV_RETRIEVE_META: req_count=202, req/min=17.43, avg_time=0.000372s, max_time=0.003211s, min_time=0.000122s; CLEAR_META: req_count=2, req/min=0.17, avg_time=0.000513s, max_time=0.000538s, min_time=0.000488s; SET_CUSTOM_META: req_count=196, req/min=16.91, avg_time=0.000016s, max_time=0.000053s, min_time=0.000007s; KV_LIST: req_count=94, req/min=8.11, avg_time=0.000055s, max_time=0.000128s, min_time=0.000030s; NOTIFY_DATA_UPDATE: req_count=147, req/min=12.68, avg_time=0.000146s, max_time=0.000288s, min_time=0.000076s; KV_RETRIEVE_KEYS: req_count=1, req/min=0.09, avg_time=0.000050s, max_time=0.000050s, min_time=0.000050s
[36m(SimpleStorageUnit pid=635541)[0m Per-operation statistics: CLEAR_DATA: req_count=2, req/min=0.17, avg_time=0.003610s, max_time=0.003851s, min_time=0.003370s; PUT_DATA: req_count=21, req/min=1.81, avg_time=0.001710s, max_time=0.001860s, min_time=0.001617s; GET_DATA: req_count=11, req/min=0.95, avg_time=0.002984s, max_time=0.004328s, min_time=0.002017s
[36m(CodeTaskRunner pid=634980)[0m Training Progress:  95%|█████████▌| 19/20 [3:01:52<09:23, 563.39s/it]
[36m(CodeTaskRunner pid=634980)[0m INFO:2026-09-06 00:46:36,860:pending: 0, running: 16, finished: 8, failure: 0
[36m(SimpleStorageUnit pid=635540)[0m 2026-09-06 00:45:36,630 - INFO - transfer_queue.utils.perf_utils - TQ_STORAGE_UNIT_ad605333: [Performance] Total success requests: 34, Total req/min: 2.93, Total avg process time: 0.0024s; [32m [repeated 8x across cluster][0m
[36m(SimpleStorageUnit pid=635540)[0m Time range: last 11.59 minutes; [32m [repeated 8x across cluster][0m
[36m(SimpleStorageUnit pid=635540)[0m Per-operation statistics: CLEAR_DATA: req_count=2, req/min=0.17, avg_time=0.003665s, max_time=0.004799s, min_time=0.002531s; PUT_DATA: req_count=21, req/min=1.81, avg_time=0.001829s, max_time=0.002482s, min_time=0.001601s; GET_DATA: req_count=11, req/min=0.95, avg_time=0.003149s, max_time=0.004614s, min_time=0.002032s[32m [repeated 7x across cluster][0m
[36m(CodeTaskRunner pid=634980)[0m INFO:2026-09-06 00:47:36,915:pending: 0, running: 5, finished: 19, failure: 0
[36m(CodeTaskRunner pid=634980)[0m INFO:2026-09-06 00:48:36,969:pending: 0, running: 3, finished: 21, failure: 0
[36m(CodeTaskRunner pid=634980)[0m INFO:2026-09-06 00:49:37,022:pending: 0, running: 1, finished: 23, failure: 0
[36m(TransferQueueController pid=635460)[0m 2026-09-06 00:51:32,464 - INFO - transfer_queue.utils.perf_utils - TQ_CONTROLLER_29f74ab5: [Performance] Total success requests: 666, Total req/min: 112.30, Total avg process time: 0.0001s; 
[36m(TransferQueueController pid=635460)[0m Time range: last 5.93 minutes; 
[36m(TransferQueueController pid=635460)[0m Per-operation statistics: KV_RETRIEVE_META: req_count=196, req/min=33.05, avg_time=0.000302s, max_time=0.003050s, min_time=0.000118s; CLEAR_META: req_count=2, req/min=0.34, avg_time=0.000439s, max_time=0.000501s, min_time=0.000376s; SET_CUSTOM_META: req_count=193, req/min=32.54, avg_time=0.000015s, max_time=0.000047s, min_time=0.000007s; KV_LIST: req_count=130, req/min=21.92, avg_time=0.000053s, max_time=0.000144s, min_time=0.000029s; NOTIFY_DATA_UPDATE: req_count=145, req/min=24.45, avg_time=0.000148s, max_time=0.000269s, min_time=0.000085s
[36m(SimpleStorageUnit pid=635544)[0m Per-operation statistics: CLEAR_DATA: req_count=2, req/min=0.34, avg_time=0.004744s, max_time=0.005137s, min_time=0.004351s; PUT_DATA: req_count=19, req/min=3.20, avg_time=0.001755s, max_time=0.001942s, min_time=0.001642s; GET_DATA: req_count=4, req/min=0.67, avg_time=0.002809s, max_time=0.003523s, min_time=0.002032s
[36m(CodeTaskRunner pid=634980)[0m INFO:2026-09-06 00:57:48,520:Saving checkpoint to /scratch/r919a03/code_verl_test/checkpoints/exp_Q004_p2p_strong/global_step_20
[36m(SimpleStorageUnit pid=635538)[0m 2026-09-06 00:51:32,455 - INFO - transfer_queue.utils.perf_utils - TQ_STORAGE_UNIT_d6660c54: [Performance] Total success requests: 25, Total req/min: 4.22, Total avg process time: 0.0021s; [32m [repeated 8x across cluster][0m
[36m(SimpleStorageUnit pid=635538)[0m Time range: last 5.93 minutes; [32m [repeated 8x across cluster][0m
[36m(SimpleStorageUnit pid=635538)[0m Per-operation statistics: CLEAR_DATA: req_count=2, req/min=0.34, avg_time=0.004099s, max_time=0.004305s, min_time=0.003894s; PUT_DATA: req_count=19, req/min=3.20, avg_time=0.001813s, max_time=0.003621s, min_time=0.001599s; GET_DATA: req_count=4, req/min=0.67, avg_time=0.002664s, max_time=0.002966s, min_time=0.002306s[32m [repeated 7x across cluster][0m
[36m(WorkerDict pid=637395)[0m /scratch/r919a03/code_verl_test/.venv/lib/python3.12/site-packages/verl/plugin/platform/platform_cuda.py:99: FutureWarning: torch.cuda._set_allocator_settings is deprecated. Use torch._C._accelerator_setAllocatorSettings instead.
[36m(WorkerDict pid=637395)[0m   torch.cuda.memory._set_allocator_settings(settings)
[36m(WorkerDict pid=637393)[0m /scratch/r919a03/code_verl_test/.venv/lib/python3.12/site-packages/torch/distributed/fsdp/_unshard_param_utils.py:248: UserWarning: offload_to_cpu=True and rank0_only=False may result in theunsharded parameters being redundantly copied to CPU memory for GPUs sharing the same CPU memory, which risks CPU OOM. We recommend using offload_to_cpu=True with rank0_only=True.
[36m(WorkerDict pid=637393)[0m   _validate_unshard_params_args(
[36m(WorkerDict pid=637393)[0m /scratch/r919a03/code_verl_test/.venv/lib/python3.12/site-packages/torch/distributed/fsdp/_unshard_param_utils.py:174: UserWarning: offload_to_cpu=True and rank0_only=False may result in theunsharded parameters being redundantly copied to CPU memory for GPUs sharing the same CPU memory, which risks CPU OOM. We recommend using offload_to_cpu=True with rank0_only=True.
[36m(WorkerDict pid=637393)[0m   _validate_unshard_params_args(
[36m(TransferQueueController pid=635460)[0m 2026-09-06 00:59:52,810 - INFO - transfer_queue.utils.perf_utils - TQ_CONTROLLER_29f74ab5: [Performance] Total success requests: 12, Total req/min: 1.44, Total avg process time: 0.0014s; 
[36m(TransferQueueController pid=635460)[0m Time range: last 8.34 minutes; 
[36m(TransferQueueController pid=635460)[0m Per-operation statistics: SET_CUSTOM_META: req_count=3, req/min=0.36, avg_time=0.000037s, max_time=0.000046s, min_time=0.000031s; KV_RETRIEVE_KEYS: req_count=1, req/min=0.12, avg_time=0.000049s, max_time=0.000049s, min_time=0.000049s; KV_RETRIEVE_META: req_count=6, req/min=0.72, avg_time=0.002639s, max_time=0.002956s, min_time=0.001424s; NOTIFY_DATA_UPDATE: req_count=2, req/min=0.24, avg_time=0.000162s, max_time=0.000170s, min_time=0.000155s
[36m(WorkerDict pid=637393)[0m /scratch/r919a03/code_verl_test/.venv/lib/python3.12/site-packages/verl/plugin/platform/platform_cuda.py:99: FutureWarning: torch.cuda._set_allocator_settings is deprecated. Use torch._C._accelerator_setAllocatorSettings instead.[32m [repeated 3x across cluster][0m
[36m(WorkerDict pid=637393)[0m   torch.cuda.memory._set_allocator_settings(settings)[32m [repeated 3x across cluster][0m
[36m(WorkerDict pid=637392)[0m /scratch/r919a03/code_verl_test/.venv/lib/python3.12/site-packages/torch/distributed/fsdp/_unshard_param_utils.py:174: UserWarning: offload_to_cpu=True and rank0_only=False may result in theunsharded parameters being redundantly copied to CPU memory for GPUs sharing the same CPU memory, which risks CPU OOM. We recommend using offload_to_cpu=True with rank0_only=True.[32m [repeated 6x across cluster][0m
[36m(WorkerDict pid=637392)[0m   _validate_unshard_params_args([32m [repeated 6x across cluster][0m
[36m(SimpleStorageUnit pid=635541)[0m Per-operation statistics: GET_DATA: req_count=6, req/min=0.69, avg_time=0.002872s, max_time=0.003926s, min_time=0.002118s; PUT_DATA: req_count=3, req/min=0.34, avg_time=0.001918s, max_time=0.002145s, min_time=0.001678s
[36m(SimpleStorageUnit pid=635541)[0m 2026-09-06 01:00:15,400 - INFO - transfer_queue.utils.perf_utils - TQ_STORAGE_UNIT_2aca511c: [Performance] Total success requests: 9, Total req/min: 1.03, Total avg process time: 0.0026s; 
[36m(SimpleStorageUnit pid=635541)[0m Time range: last 8.72 minutes; 
[36m(SimpleStorageUnit pid=635538)[0m 2026-09-06 01:00:15,697 - INFO - transfer_queue.utils.perf_utils - TQ_STORAGE_UNIT_d6660c54: [Performance] Total success requests: 9, Total req/min: 1.03, Total avg process time: 0.0027s; 
[36m(SimpleStorageUnit pid=635538)[0m Time range: last 8.72 minutes; 
[36m(CodeTaskRunner pid=634980)[0m INFO:2026-09-06 01:00:53,207:pending: 0, running: 284, finished: 228, failure: 0
[36m(SimpleStorageUnit pid=635544)[0m Per-operation statistics: GET_DATA: req_count=6, req/min=0.69, avg_time=0.003261s, max_time=0.004048s, min_time=0.001934s; PUT_DATA: req_count=3, req/min=0.34, avg_time=0.002303s, max_time=0.002637s, min_time=0.001729s[32m [repeated 7x across cluster][0m
[36m(SimpleStorageUnit pid=635544)[0m 2026-09-06 01:00:17,641 - INFO - transfer_queue.utils.perf_utils - TQ_STORAGE_UNIT_37a168d2: [Performance] Total success requests: 9, Total req/min: 1.03, Total avg process time: 0.0029s; [32m [repeated 6x across cluster][0m
[36m(SimpleStorageUnit pid=635544)[0m Time range: last 8.75 minutes; [32m [repeated 6x across cluster][0m
[36m(CodeTaskRunner pid=634980)[0m INFO:2026-09-06 01:01:53,364:pending: 0, running: 148, finished: 364, failure: 0
[36m(CodeTaskRunner pid=634980)[0m INFO:2026-09-06 01:02:53,518:pending: 0, running: 58, finished: 454, failure: 0
[36m(CodeTaskRunner pid=634980)[0m INFO:2026-09-06 01:03:53,688:pending: 0, running: 26, finished: 486, failure: 0
[36m(CodeTaskRunner pid=634980)[0m INFO:2026-09-06 01:04:53,825:pending: 0, running: 9, finished: 503, failure: 0
[36m(TransferQueueController pid=635460)[0m 2026-09-06 01:04:53,827 - INFO - transfer_queue.utils.perf_utils - TQ_CONTROLLER_29f74ab5: [Performance] Total success requests: 3696, Total req/min: 736.70, Total avg process time: 0.0001s; 
[36m(TransferQueueController pid=635460)[0m Time range: last 5.02 minutes; 
[36m(TransferQueueController pid=635460)[0m Per-operation statistics: SET_CUSTOM_META: req_count=1521, req/min=303.17, avg_time=0.000013s, max_time=0.000046s, min_time=0.000005s; KV_RETRIEVE_META: req_count=1520, req/min=302.97, avg_time=0.000197s, max_time=0.000534s, min_time=0.000049s; KV_LIST: req_count=151, req/min=30.10, avg_time=0.000200s, max_time=0.000340s, min_time=0.000119s; NOTIFY_DATA_UPDATE: req_count=504, req/min=100.46, avg_time=0.000156s, max_time=0.001377s, min_time=0.000076s
[36m(SimpleStorageUnit pid=635540)[0m Per-operation statistics: PUT_DATA: req_count=63, req/min=12.60, avg_time=0.001695s, max_time=0.001886s, min_time=0.001563s
[36m(SimpleStorageUnit pid=635540)[0m 2026-09-06 01:05:15,971 - INFO - transfer_queue.utils.perf_utils - TQ_STORAGE_UNIT_ad605333: [Performance] Total success requests: 63, Total req/min: 12.60, Total avg process time: 0.0017s; 
[36m(SimpleStorageUnit pid=635540)[0m Time range: last 5.00 minutes; 
[36m(SimpleStorageUnit pid=635539)[0m 2026-09-06 01:05:18,394 - INFO - transfer_queue.utils.perf_utils - TQ_STORAGE_UNIT_6ce8b8d9: [Performance] Total success requests: 63, Total req/min: 12.52, Total avg process time: 0.0018s; 
[36m(SimpleStorageUnit pid=635539)[0m Time range: last 5.03 minutes; 
[36m(SimpleStorageUnit pid=635542)[0m Per-operation statistics: PUT_DATA: req_count=63, req/min=12.16, avg_time=0.001721s, max_time=0.002508s, min_time=0.001583s[32m [repeated 3x across cluster][0m
[36m(SimpleStorageUnit pid=635542)[0m 2026-09-06 01:05:28,065 - INFO - transfer_queue.utils.perf_utils - TQ_STORAGE_UNIT_3a5866f2: [Performance] Total success requests: 63, Total req/min: 12.16, Total avg process time: 0.0017s; [32m [repeated 2x across cluster][0m
[36m(SimpleStorageUnit pid=635542)[0m Time range: last 5.18 minutes; [32m [repeated 2x across cluster][0m
[36m(SimpleStorageUnit pid=635545)[0m Per-operation statistics: PUT_DATA: req_count=63, req/min=11.85, avg_time=0.001729s, max_time=0.002808s, min_time=0.001576s
[36m(SimpleStorageUnit pid=635545)[0m 2026-09-06 01:05:36,613 - INFO - transfer_queue.utils.perf_utils - TQ_STORAGE_UNIT_4e40756a: [Performance] Total success requests: 63, Total req/min: 11.85, Total avg process time: 0.0017s; 
[36m(SimpleStorageUnit pid=635545)[0m Time range: last 5.32 minutes; 
[36m(CodeTaskRunner pid=634980)[0m INFO:2026-09-06 01:05:53,963:pending: 0, running: 1, finished: 511, failure: 0
[36m(SimpleStorageUnit pid=635544)[0m 2026-09-06 01:06:22,140 - INFO - transfer_queue.utils.perf_utils - TQ_STORAGE_UNIT_37a168d2: [Performance] Total success requests: 63, Total req/min: 10.37, Total avg process time: 0.0017s; 
[36m(SimpleStorageUnit pid=635544)[0m Time range: last 6.07 minutes; 
[36m(SimpleStorageUnit pid=635544)[0m Per-operation statistics: PUT_DATA: req_count=63, req/min=10.37, avg_time=0.001732s, max_time=0.002350s, min_time=0.001617s
[36m(SimpleStorageUnit pid=635538)[0m Per-operation statistics: PUT_DATA: req_count=63, req/min=10.26, avg_time=0.001857s, max_time=0.006090s, min_time=0.001591s; CLEAR_DATA: req_count=1, req/min=0.16, avg_time=0.004534s, max_time=0.004534s, min_time=0.004534s

[36m(CodeTaskRunner pid=634980)[0m step:19 - global_seqlen/min:2633978.0 - global_seqlen/max:2633978.0 - global_seqlen/minmax_diff:0.0 - global_seqlen/balanced_min:2633978.0 - global_seqlen/balanced_max:2633978.0 - global_seqlen/mean:2633978.0 - actor/entropy:0.14551523327827454 - actor/pg_clipfrac:0.0 - actor/ppo_kl:0.0 - actor/pg_clipfrac_lower:0.0 - actor/pg_loss:-2.7706846594810486e-08 - actor/loss:-2.9802322387695312e-08 - actor/grad_norm:0.050048828125 - actor/lr:2e-05 - actor/perf/max_memory_allocated_gb:54.30874300003052 - actor/perf/max_memory_reserved_gb:57.451171875 - actor/perf/cpu_memory_used_gb:483.7666244506836 - perf/mfu/actor:0.21532677312424572 - training/global_step:19 - training/epoch:0 - critic/score/mean:0.48725685477256775 - critic/score/max:1.0 - critic/score/min:0.0 - critic/rewards/mean:0.48725685477256775 - critic/rewards/max:1.0 - critic/rewards/min:0.0 - critic/advantages/mean:0.014293056912720203 - critic/advantages/max:2.04123592376709 - critic/advantages/min:-2.0412328243255615 - critic/returns/mean:0.014293056912720203 - critic/returns/max:2.04123592376709 - critic/returns/min:-2.0412328243255615 - response_length/mean:340.59722900390625 - response_length/max:2048.0 - response_length/min:79.0 - response_length/clip_ratio:0.013888888992369175 - response_length_non_aborted/mean:340.59722900390625 - response_length_non_aborted/max:2048.0 - response_length_non_aborted/min:79.0 - response_length_non_aborted/clip_ratio:0.013888888992369175 - response/aborted_ratio:0.0 - prompt_length/mean:17950.916015625 - prompt_length/max:118693.0 - prompt_length/min:132.0 - prompt_length/clip_ratio:0.0416666679084301 - timing_s/gen:188.6899353910121 - timing_s/old_log_prob:86.17944443802116 - timing_s/adv:0.14032981300260872 - timing_s/update_actor:340.5102858899627 - timing_s/update_weights:79.62929434003308 - timing_s/step:695.3106372010079 - timing_per_token_ms/adv:5.3276759715764036e-05 - timing_per_token_ms/update_actor:0.12927605541502726 - timing_per_token_ms/gen:3.8472033476942484 - perf/total_num_tokens:2633978 - perf/time_per_step:695.3106372010079 - perf/throughput:947.0508068894037 - training/num_turns/mean:np.float64(2.0) - training/num_turns/max:np.int64(2) - training/num_turns/min:np.int64(2) - training/off_policy/trajectory_spans/mean:np.float64(1.0) - training/off_policy/trajectory_spans/max:np.int64(1) - training/off_policy/trajectory_spans/min:np.int64(1) - training/off_policy/trajectory_staleness/mean:np.float64(0.0) - training/off_policy/trajectory_staleness/max:np.int64(0) - training/off_policy/trajectory_staleness/min:np.int64(0) - training/off_policy/trajectory_staleness_worst/mean:np.float64(0.0) - training/off_policy/trajectory_staleness_worst/max:np.int64(0) - training/off_policy/trajectory_staleness_worst/min:np.int64(0)
[36m(CodeTaskRunner pid=634980)[0m Training Progress: 100%|██████████| 20/20 [3:22:46<00:00, 770.53s/it]Training Progress: 100%|██████████| 20/20 [3:22:46<00:00, 608.31s/it]
[36m(SimpleStorageUnit pid=635541)[0m 2026-09-06 01:06:24,048 - INFO - transfer_queue.utils.perf_utils - TQ_STORAGE_UNIT_2aca511c: [Performance] Total success requests: 64, Total req/min: 10.42, Total avg process time: 0.0018s; [32m [repeated 2x across cluster][0m
[36m(SimpleStorageUnit pid=635541)[0m Time range: last 6.14 minutes; [32m [repeated 2x across cluster][0m
[36m(SimpleStorageUnit pid=635541)[0m Per-operation statistics: PUT_DATA: req_count=63, req/min=10.25, avg_time=0.001752s, max_time=0.002418s, min_time=0.001619s; CLEAR_DATA: req_count=1, req/min=0.16, avg_time=0.004305s, max_time=0.004305s, min_time=0.004305s
[36m(CodeTaskRunner pid=634980)[0m step:20 - global_seqlen/min:2766910.0 - global_seqlen/max:2766910.0 - global_seqlen/minmax_diff:0.0 - global_seqlen/balanced_min:2766910.0 - global_seqlen/balanced_max:2766910.0 - global_seqlen/mean:2766910.0 - actor/entropy:0.14720511436462402 - actor/pg_clipfrac:0.0 - actor/ppo_kl:0.0 - actor/pg_clipfrac_lower:0.0 - actor/pg_loss:6.984919309616089e-09 - actor/loss:5.587935447692871e-09 - actor/grad_norm:0.06494140625 - actor/lr:2e-05 - actor/perf/max_memory_allocated_gb:54.30874300003052 - actor/perf/max_memory_reserved_gb:57.451171875 - actor/perf/cpu_memory_used_gb:484.43636322021484 - perf/mfu/actor:0.21603170640366362 - val-core/t15_unittest_impl/reward/mean@1:np.float64(0.8265460353717208) - val-aux/t15_unittest_impl/patch_extraction_score/mean@1:np.float64(0.965) - val-aux/t15_unittest_impl/patch_format_score/mean@1:np.float64(0.965) - val-aux/t15_unittest_impl/patch_apply_score/mean@1:np.float64(0.965) - val-aux/t15_unittest_impl/f2p_score/mean@1:np.float64(0.8404933923303376) - val-aux/t15_unittest_impl/f2p_frac/mean@1:np.float64(0.8564618506493507) - val-aux/t15_unittest_impl/p2p_preservation_score/mean@1:np.float64(1.0) - val-aux/t15_unittest_impl/p2p_frac/mean@1:np.float64(1.0) - val-aux/t15_unittest_impl/rubric_score/mean@1:np.float64(0.7719999999999999) - val-aux/t15_unittest_impl/rule_correctness_score/mean@1:np.float64(0.7525) - val-aux/t15_unittest_impl/timeout_error_penalty/mean@1:np.float64(0.0) - val-aux/t15_unittest_impl/length_component/mean@1:np.float64(0.0) - val-aux/t15_unittest_impl/final_reward/mean@1:np.float64(0.8265460353982026) - val-aux/t15_unittest_impl/score_before_overlong/mean@1:np.float64(0.8265460353982026) - val-aux/t15_unittest_impl/answer_match/mean@1:np.float64(0.7525) - val-aux/t15_unittest_impl/infra_excluded/mean@1:np.float64(0.0) - val-aux/t15_unittest_impl/gated_out/mean@1:np.float64(0.035) - val-aux/t15_unittest_impl/n_f2p/mean@1:np.float64(7.095) - val-aux/t15_unittest_impl/t_f2p/mean@1:np.float64(7.9725) - val-aux/t15_unittest_impl/n_p2p/mean@1:np.float64(0.0) - val-aux/t15_unittest_impl/t_p2p/mean@1:np.float64(0.0) - val-aux/t15_unittest_impl/touched_files/mean@1:np.float64(0.0) - val-aux/t15_unittest_impl/score/mean@1:np.float64(0.8265460353982026) - val-aux/t15_unittest_impl/verify_runtime_s/mean@1:np.float64(0.7403) - val-aux/t15_unittest_impl/rusca_step/mean@1:np.float64(20.0) - val-core/t15_repo_patch/reward/mean@1:np.float64(0.21736835528697288) - val-aux/t15_repo_patch/patch_extraction_score/mean@1:np.float64(0.9821428571428571) - val-aux/t15_repo_patch/patch_format_score/mean@1:np.float64(0.8928571428571429) - val-aux/t15_repo_patch/patch_apply_score/mean@1:np.float64(0.8660714285714286) - val-aux/t15_repo_patch/f2p_score/mean@1:np.float64(0.19046314374286707) - val-aux/t15_repo_patch/f2p_frac/mean@1:np.float64(0.24174469969147078) - val-aux/t15_repo_patch/p2p_preservation_score/mean@1:np.float64(0.9921130952380953) - val-aux/t15_repo_patch/p2p_frac/mean@1:np.float64(0.9921130952380953) - val-aux/t15_repo_patch/rubric_score/mean@1:np.float64(0.40605319986287586) - val-aux/t15_repo_patch/rule_correctness_score/mean@1:np.float64(0.05357142857142857) - val-aux/t15_repo_patch/timeout_error_penalty/mean@1:np.float64(0.0) - val-aux/t15_repo_patch/length_component/mean@1:np.float64(0.0) - val-aux/t15_repo_patch/final_reward/mean@1:np.float64(0.21736835487554634) - val-aux/t15_repo_patch/score_before_overlong/mean@1:np.float64(0.21736835487554634) - val-aux/t15_repo_patch/answer_match/mean@1:np.float64(0.05357142857142857) - val-aux/t15_repo_patch/infra_excluded/mean@1:np.float64(0.0) - val-aux/t15_repo_patch/gated_out/mean@1:np.float64(0.13392857142857142) - val-aux/t15_repo_patch/n_f2p/mean@1:np.float64(1.3303571428571428) - val-aux/t15_repo_patch/t_f2p/mean@1:np.float64(5.330357142857143) - val-aux/t15_repo_patch/n_p2p/mean@1:np.float64(18.116071428571427) - val-aux/t15_repo_patch/t_p2p/mean@1:np.float64(18.294642857142858) - val-aux/t15_repo_patch/touched_files/mean@1:np.float64(0.9464285714285714) - val-aux/t15_repo_patch/score/mean@1:np.float64(0.21736835487554634) - val-aux/t15_repo_patch/verify_runtime_s/mean@1:np.float64(2.7206250000000005) - val-aux/t15_repo_patch/rusca_step/mean@1:np.float64(20.0) - val-aux/num_turns/min:np.int64(2) - val-aux/num_turns/max:np.int64(2) - val-aux/num_turns/mean:np.float64(2.0) - training/global_step:20 - training/epoch:0 - critic/score/mean:0.5792319774627686 - critic/score/max:1.0 - critic/score/min:0.0 - critic/rewards/mean:0.5792319774627686 - critic/rewards/max:1.0 - critic/rewards/min:0.0 - critic/advantages/mean:-0.14506562054157257 - critic/advantages/max:2.0412330627441406 - critic/advantages/min:-2.0412356853485107 - critic/returns/mean:-0.14506562054157257 - critic/returns/max:2.0412330627441406 - critic/returns/min:-2.0412356853485107 - response_length/mean:389.40277099609375 - response_length/max:2048.0 - response_length/min:57.0 - response_length/clip_ratio:0.02083333395421505 - response_length_non_aborted/mean:389.40277099609375 - response_length_non_aborted/max:2048.0 - response_length_non_aborted/min:57.0 - response_length_non_aborted/clip_ratio:0.02083333395421505 - response/aborted_ratio:0.0 - prompt_length/mean:18825.25 - prompt_length/max:118910.0 - prompt_length/min:122.0 - prompt_length/clip_ratio:0.0416666679084301 - timing_s/gen:261.04683947900776 - timing_s/old_log_prob:94.58183809998445 - timing_s/adv:0.13900508201913908 - timing_s/update_actor:375.79139753297204 - timing_s/save_checkpoint:41.360918271006085 - timing_s/update_weights:79.89580656803446 - timing_s/step:852.9847078750026 - timing_s/testing:400.1845206329599 - timing_per_token_ms/adv:5.023838217330491e-05 - timing_per_token_ms/update_actor:0.13581627068931482 - timing_per_token_ms/gen:4.655398927827652 - perf/total_num_tokens:2766910 - perf/time_per_step:852.9847078750026 - perf/throughput:810.9494737874792 - training/num_turns/mean:np.float64(2.0) - training/num_turns/max:np.int64(2) - training/num_turns/min:np.int64(2) - training/off_policy/trajectory_spans/mean:np.float64(1.0) - training/off_policy/trajectory_spans/max:np.int64(1) - training/off_policy/trajectory_spans/min:np.int64(1) - training/off_policy/trajectory_staleness/mean:np.float64(0.0) - training/off_policy/trajectory_staleness/max:np.int64(0) - training/off_policy/trajectory_staleness/min:np.int64(0) - training/off_policy/trajectory_staleness_worst/mean:np.float64(0.0) - training/off_policy/trajectory_staleness_worst/max:np.int64(0) - training/off_policy/trajectory_staleness_worst/min:np.int64(0)
[36m(CodeTaskRunner pid=634980)[0m ("Final validation metrics: {'val-core/t15_unittest_impl/reward/mean@1': "
[36m(CodeTaskRunner pid=634980)[0m  'np.float64(0.8265460353717208), '
[36m(CodeTaskRunner pid=634980)[0m  "'val-aux/t15_unittest_impl/patch_extraction_score/mean@1': "
[36m(CodeTaskRunner pid=634980)[0m  "np.float64(0.965), 'val-aux/t15_unittest_impl/patch_format_score/mean@1': "
[36m(CodeTaskRunner pid=634980)[0m  "np.float64(0.965), 'val-aux/t15_unittest_impl/patch_apply_score/mean@1': "
[36m(CodeTaskRunner pid=634980)[0m  "np.float64(0.965), 'val-aux/t15_unittest_impl/f2p_score/mean@1': "
[36m(CodeTaskRunner pid=634980)[0m  "np.float64(0.8404933923303376), 'val-aux/t15_unittest_impl/f2p_frac/mean@1': "
[36m(CodeTaskRunner pid=634980)[0m  'np.float64(0.8564618506493507), '
[36m(CodeTaskRunner pid=634980)[0m  "'val-aux/t15_unittest_impl/p2p_preservation_score/mean@1': np.float64(1.0), "
[36m(CodeTaskRunner pid=634980)[0m  "'val-aux/t15_unittest_impl/p2p_frac/mean@1': np.float64(1.0), "
[36m(CodeTaskRunner pid=634980)[0m  "'val-aux/t15_unittest_impl/rubric_score/mean@1': "
[36m(CodeTaskRunner pid=634980)[0m  'np.float64(0.7719999999999999), '
[36m(CodeTaskRunner pid=634980)[0m  "'val-aux/t15_unittest_impl/rule_correctness_score/mean@1': "
[36m(CodeTaskRunner pid=634980)[0m  'np.float64(0.7525), '
[36m(CodeTaskRunner pid=634980)[0m  "'val-aux/t15_unittest_impl/timeout_error_penalty/mean@1': np.float64(0.0), "
[36m(CodeTaskRunner pid=634980)[0m  "'val-aux/t15_unittest_impl/length_component/mean@1': np.float64(0.0), "
[36m(CodeTaskRunner pid=634980)[0m  "'val-aux/t15_unittest_impl/final_reward/mean@1': "
[36m(CodeTaskRunner pid=634980)[0m  'np.float64(0.8265460353982026), '
[36m(CodeTaskRunner pid=634980)[0m  "'val-aux/t15_unittest_impl/score_before_overlong/mean@1': "
[36m(CodeTaskRunner pid=634980)[0m  'np.float64(0.8265460353982026), '
[36m(CodeTaskRunner pid=634980)[0m  "'val-aux/t15_unittest_impl/answer_match/mean@1': np.float64(0.7525), "
[36m(CodeTaskRunner pid=634980)[0m  "'val-aux/t15_unittest_impl/infra_excluded/mean@1': np.float64(0.0), "
[36m(CodeTaskRunner pid=634980)[0m  "'val-aux/t15_unittest_impl/gated_out/mean@1': np.float64(0.035), "
[36m(CodeTaskRunner pid=634980)[0m  "'val-aux/t15_unittest_impl/n_f2p/mean@1': np.float64(7.095), "
[36m(CodeTaskRunner pid=634980)[0m  "'val-aux/t15_unittest_impl/t_f2p/mean@1': np.float64(7.9725), "
[36m(CodeTaskRunner pid=634980)[0m  "'val-aux/t15_unittest_impl/n_p2p/mean@1': np.float64(0.0), "
[36m(CodeTaskRunner pid=634980)[0m  "'val-aux/t15_unittest_impl/t_p2p/mean@1': np.float64(0.0), "
[36m(CodeTaskRunner pid=634980)[0m  "'val-aux/t15_unittest_impl/touched_files/mean@1': np.float64(0.0), "
[36m(CodeTaskRunner pid=634980)[0m  "'val-aux/t15_unittest_impl/score/mean@1': np.float64(0.8265460353982026), "
[36m(CodeTaskRunner pid=634980)[0m  "'val-aux/t15_unittest_impl/verify_runtime_s/mean@1': np.float64(0.7403), "
[36m(CodeTaskRunner pid=634980)[0m  "'val-aux/t15_unittest_impl/rusca_step/mean@1': np.float64(20.0), "
[36m(CodeTaskRunner pid=634980)[0m  "'val-core/t15_repo_patch/reward/mean@1': np.float64(0.21736835528697288), "
[36m(CodeTaskRunner pid=634980)[0m  "'val-aux/t15_repo_patch/patch_extraction_score/mean@1': "
[36m(CodeTaskRunner pid=634980)[0m  'np.float64(0.9821428571428571), '
[36m(CodeTaskRunner pid=634980)[0m  "'val-aux/t15_repo_patch/patch_format_score/mean@1': "
[36m(CodeTaskRunner pid=634980)[0m  'np.float64(0.8928571428571429), '
[36m(CodeTaskRunner pid=634980)[0m  "'val-aux/t15_repo_patch/patch_apply_score/mean@1': "
[36m(CodeTaskRunner pid=634980)[0m  "np.float64(0.8660714285714286), 'val-aux/t15_repo_patch/f2p_score/mean@1': "
[36m(CodeTaskRunner pid=634980)[0m  "np.float64(0.19046314374286707), 'val-aux/t15_repo_patch/f2p_frac/mean@1': "
[36m(CodeTaskRunner pid=634980)[0m  'np.float64(0.24174469969147078), '
[36m(CodeTaskRunner pid=634980)[0m  "'val-aux/t15_repo_patch/p2p_preservation_score/mean@1': "
[36m(CodeTaskRunner pid=634980)[0m  "np.float64(0.9921130952380953), 'val-aux/t15_repo_patch/p2p_frac/mean@1': "
[36m(CodeTaskRunner pid=634980)[0m  'np.float64(0.9921130952380953), '
[36m(CodeTaskRunner pid=634980)[0m  "'val-aux/t15_repo_patch/rubric_score/mean@1': "
[36m(CodeTaskRunner pid=634980)[0m  'np.float64(0.40605319986287586), '
[36m(CodeTaskRunner pid=634980)[0m  "'val-aux/t15_repo_patch/rule_correctness_score/mean@1': "
[36m(CodeTaskRunner pid=634980)[0m  'np.float64(0.05357142857142857), '
[36m(CodeTaskRunner pid=634980)[0m  "'val-aux/t15_repo_patch/timeout_error_penalty/mean@1': np.float64(0.0), "
[36m(CodeTaskRunner pid=634980)[0m  "'val-aux/t15_repo_patch/length_component/mean@1': np.float64(0.0), "
[36m(CodeTaskRunner pid=634980)[0m  "'val-aux/t15_repo_patch/final_reward/mean@1': "
[36m(CodeTaskRunner pid=634980)[0m  'np.float64(0.21736835487554634), '
[36m(CodeTaskRunner pid=634980)[0m  "'val-aux/t15_repo_patch/score_before_overlong/mean@1': "
[36m(CodeTaskRunner pid=634980)[0m  'np.float64(0.21736835487554634), '
[36m(CodeTaskRunner pid=634980)[0m  "'val-aux/t15_repo_patch/answer_match/mean@1': "
[36m(CodeTaskRunner pid=634980)[0m  'np.float64(0.05357142857142857), '
[36m(CodeTaskRunner pid=634980)[0m  "'val-aux/t15_repo_patch/infra_excluded/mean@1': np.float64(0.0), "
[36m(CodeTaskRunner pid=634980)[0m  "'val-aux/t15_repo_patch/gated_out/mean@1': np.float64(0.13392857142857142), "
[36m(CodeTaskRunner pid=634980)[0m  "'val-aux/t15_repo_patch/n_f2p/mean@1': np.float64(1.3303571428571428), "
[36m(CodeTaskRunner pid=634980)[0m  "'val-aux/t15_repo_patch/t_f2p/mean@1': np.float64(5.330357142857143), "
[36m(CodeTaskRunner pid=634980)[0m  "'val-aux/t15_repo_patch/n_p2p/mean@1': np.float64(18.116071428571427), "
[36m(CodeTaskRunner pid=634980)[0m  "'val-aux/t15_repo_patch/t_p2p/mean@1': np.float64(18.294642857142858), "
[36m(CodeTaskRunner pid=634980)[0m  "'val-aux/t15_repo_patch/touched_files/mean@1': "
[36m(CodeTaskRunner pid=634980)[0m  "np.float64(0.9464285714285714), 'val-aux/t15_repo_patch/score/mean@1': "
[36m(CodeTaskRunner pid=634980)[0m  'np.float64(0.21736835487554634), '
[36m(CodeTaskRunner pid=634980)[0m  "'val-aux/t15_repo_patch/verify_runtime_s/mean@1': "
[36m(CodeTaskRunner pid=634980)[0m  "np.float64(2.7206250000000005), 'val-aux/t15_repo_patch/rusca_step/mean@1': "
[36m(CodeTaskRunner pid=634980)[0m  "np.float64(20.0), 'val-aux/num_turns/min': np.int64(2), "
[36m(CodeTaskRunner pid=634980)[0m  "'val-aux/num_turns/max': np.int64(2), 'val-aux/num_turns/mean': "
[36m(CodeTaskRunner pid=634980)[0m  'np.float64(2.0)}')
